tiempo_s,tiempo_multimetro_s,voltaje_V,indice_multimetro,fecha_hora_corregida_hp,fecha_hora_pc_sin_corregir_hp,error_hp,tiempo_balanza_s,masa_g,indice_balanza,fecha_hora_corregida_balanza,fecha_hora_pc_sin_corregir_balanza,error_balanza,delta_t_balanza_multimetro_s
0.41549230000055104,0.41549230000055104,0.0010426,0,2026-05-28T11:34:40.592,2026-05-28T11:50:10.592,,1.0675886000008177,,0,2026-05-28T11:34:41.242,2026-05-28T11:50:11.242,Error desde Arduino: HX711 not found.,0.6520963000002666
0.6314815000005183,0.6314815000005183,0.001046505,1,2026-05-28T11:34:40.807,2026-05-28T11:50:10.807,,1.0675886000008177,,0,2026-05-28T11:34:41.242,2026-05-28T11:50:11.242,Error desde Arduino: HX711 not found.,0.4361071000002994
0.8466599000003043,0.8466599000003043,0.001045772,2,2026-05-28T11:34:41.020,2026-05-28T11:50:11.020,,1.0675886000008177,,0,2026-05-28T11:34:41.242,2026-05-28T11:50:11.242,Error desde Arduino: HX711 not found.,0.22092870000051335
1.061684600001172,1.061684600001172,0.001041176,3,2026-05-28T11:34:41.232,2026-05-28T11:50:11.232,,1.0675886000008177,,0,2026-05-28T11:34:41.242,2026-05-28T11:50:11.242,Error desde Arduino: HX711 not found.,0.005903999999645748
1.2770094999996218,1.2770094999996218,0.001031376,4,2026-05-28T11:34:41.447,2026-05-28T11:50:11.447,,1.0675886000008177,,0,2026-05-28T11:34:41.242,2026-05-28T11:50:11.242,Error desde Arduino: HX711 not found.,-0.2094208999988041
1.492043800000829,1.492043800000829,0.001025859,5,2026-05-28T11:34:41.668,2026-05-28T11:50:11.668,,1.0675886000008177,,0,2026-05-28T11:34:41.242,2026-05-28T11:50:11.242,Error desde Arduino: HX711 not found.,-0.42445520000001125
1.707096800000727,1.707096800000727,0.00099156,6,2026-05-28T11:34:41.882,2026-05-28T11:50:11.882,,2.0598081999996793,29.75,1,2026-05-28T11:34:42.237,2026-05-28T11:50:12.237,,0.3527113999989524
1.9219871000004787,1.9219871000004787,0.000897615,7,2026-05-28T11:34:42.094,2026-05-28T11:50:12.094,,2.0598081999996793,29.75,1,2026-05-28T11:34:42.237,2026-05-28T11:50:12.237,,0.13782109999920067
2.136853100000735,2.136853100000735,0.000816013,8,2026-05-28T11:34:42.310,2026-05-28T11:50:12.310,,2.083183900000222,,2,2026-05-28T11:34:42.257,2026-05-28T11:50:12.257,Error desde Arduino: HX711 not found.,-0.05366920000051323
2.3516626000000542,2.3516626000000542,0.000624804,9,2026-05-28T11:34:42.526,2026-05-28T11:50:12.526,,2.083183900000222,,2,2026-05-28T11:34:42.257,2026-05-28T11:50:12.257,Error desde Arduino: HX711 not found.,-0.2684786999998323
2.5665444000005664,2.5665444000005664,0.000513322,10,2026-05-28T11:34:42.741,2026-05-28T11:50:12.741,,2.083183900000222,,2,2026-05-28T11:34:42.257,2026-05-28T11:50:12.257,Error desde Arduino: HX711 not found.,-0.4833605000003445
2.781362400000944,2.781362400000944,0.000506873,11,2026-05-28T11:34:42.951,2026-05-28T11:50:12.951,,3.0753706000014063,29.16,3,2026-05-28T11:34:43.251,2026-05-28T11:50:13.251,,0.29400820000046224
2.9964804999999615,2.9964804999999615,0.000502601,12,2026-05-28T11:34:43.171,2026-05-28T11:50:13.171,,3.0753706000014063,29.16,3,2026-05-28T11:34:43.251,2026-05-28T11:50:13.251,,0.07889010000144481
3.211579900000288,3.211579900000288,0.000490854,13,2026-05-28T11:34:43.384,2026-05-28T11:50:13.384,,3.09864430000016,,4,2026-05-28T11:34:43.275,2026-05-28T11:50:13.275,Error desde Arduino: HX711 not found.,-0.11293560000012803
3.426476900000125,3.426476900000125,0.000676085,14,2026-05-28T11:34:43.602,2026-05-28T11:50:13.602,,3.09864430000016,,4,2026-05-28T11:34:43.275,2026-05-28T11:50:13.275,Error desde Arduino: HX711 not found.,-0.32783259999996517
3.641376499999751,3.641376499999751,0.000597384,15,2026-05-28T11:34:43.813,2026-05-28T11:50:13.813,,4.09088840000004,27.93,5,2026-05-28T11:34:44.260,2026-05-28T11:50:14.260,,0.44951190000028873
3.8563991999999416,3.8563991999999416,0.000555777,16,2026-05-28T11:34:44.029,2026-05-28T11:50:14.029,,4.09088840000004,27.93,5,2026-05-28T11:34:44.260,2026-05-28T11:50:14.260,,0.2344892000000982
4.071621099999902,4.071621099999902,0.000390009,17,2026-05-28T11:34:44.240,2026-05-28T11:50:14.240,,4.09088840000004,27.93,5,2026-05-28T11:34:44.260,2026-05-28T11:50:14.260,,0.019267300000137766
4.286423800000193,4.286423800000193,0.000356632,18,2026-05-28T11:34:44.454,2026-05-28T11:50:14.454,,4.114060600000812,,6,2026-05-28T11:34:44.284,2026-05-28T11:50:14.284,Error desde Arduino: HX711 not found.,-0.17236319999938132
4.501827300000514,4.501827300000514,0.000291562,19,2026-05-28T11:34:44.673,2026-05-28T11:50:14.673,,4.114060600000812,,6,2026-05-28T11:34:44.284,2026-05-28T11:50:14.284,Error desde Arduino: HX711 not found.,-0.3877666999997018
4.716652299999623,4.716652299999623,0.000281563,20,2026-05-28T11:34:44.889,2026-05-28T11:50:14.889,,5.106299200000649,26.12,7,2026-05-28T11:34:45.274,2026-05-28T11:50:15.274,,0.38964690000102564
4.931770299999698,4.931770299999698,0.000281699,21,2026-05-28T11:34:45.103,2026-05-28T11:50:15.103,,5.106299200000649,26.12,7,2026-05-28T11:34:45.274,2026-05-28T11:50:15.274,,0.17452890000095067
5.1467339000009815,5.1467339000009815,0.000292148,22,2026-05-28T11:34:45.321,2026-05-28T11:50:15.321,,5.129366700000901,,8,2026-05-28T11:34:45.301,2026-05-28T11:50:15.301,Error desde Arduino: HX711 not found.,-0.01736720000008063
5.361716900000829,5.361716900000829,0.000272444,23,2026-05-28T11:34:45.536,2026-05-28T11:50:15.536,,5.129366700000901,,8,2026-05-28T11:34:45.301,2026-05-28T11:50:15.301,Error desde Arduino: HX711 not found.,-0.232350199999928
5.576530000000275,5.576530000000275,0.000266728,24,2026-05-28T11:34:45.744,2026-05-28T11:50:15.744,,5.129366700000901,,8,2026-05-28T11:34:45.301,2026-05-28T11:50:15.301,Error desde Arduino: HX711 not found.,-0.44716329999937443
5.791477099999611,5.791477099999611,0.000248887,25,2026-05-28T11:34:45.967,2026-05-28T11:50:15.967,,6.121753800000079,23.93,9,2026-05-28T11:34:46.298,2026-05-28T11:50:16.298,,0.3302767000004678
6.006622000000789,6.006622000000789,0.00021597,26,2026-05-28T11:34:46.180,2026-05-28T11:50:16.180,,6.121753800000079,23.93,9,2026-05-28T11:34:46.298,2026-05-28T11:50:16.298,,0.1151317999992898
6.221775900001376,6.221775900001376,0.000209165,27,2026-05-28T11:34:46.398,2026-05-28T11:50:16.398,,6.145080000000235,,10,2026-05-28T11:34:46.320,2026-05-28T11:50:16.320,Error desde Arduino: HX711 not found.,-0.07669590000114113
6.436768999999913,6.436768999999913,0.000192738,28,2026-05-28T11:34:46.613,2026-05-28T11:50:16.613,,6.145080000000235,,10,2026-05-28T11:34:46.320,2026-05-28T11:50:16.320,Error desde Arduino: HX711 not found.,-0.29168899999967834
6.651710699999967,6.651710699999967,0.000143917,29,2026-05-28T11:34:46.820,2026-05-28T11:50:16.820,,7.1370423999997,21.93,11,2026-05-28T11:34:47.307,2026-05-28T11:50:17.307,,0.48533169999973325
6.866810000001351,6.866810000001351,0.000138871,30,2026-05-28T11:34:47.037,2026-05-28T11:50:17.037,,7.1370423999997,21.93,11,2026-05-28T11:34:47.307,2026-05-28T11:50:17.307,,0.27023239999834914
7.08188070000142,7.08188070000142,0.000114277,31,2026-05-28T11:34:47.259,2026-05-28T11:50:17.259,,7.1370423999997,21.93,11,2026-05-28T11:34:47.307,2026-05-28T11:50:17.307,,0.0551616999982798
7.296736399999645,7.296736399999645,0.000103305,32,2026-05-28T11:34:47.470,2026-05-28T11:50:17.470,,7.160240900000645,,12,2026-05-28T11:34:47.337,2026-05-28T11:50:17.337,Error desde Arduino: HX711 not found.,-0.13649549999900046
7.511873800000103,7.511873800000103,9.9044e-05,33,2026-05-28T11:34:47.687,2026-05-28T11:50:17.687,,7.160240900000645,,12,2026-05-28T11:34:47.337,2026-05-28T11:50:17.337,Error desde Arduino: HX711 not found.,-0.35163289999945846
7.726793600000747,7.726793600000747,0.000101232,34,2026-05-28T11:34:47.904,2026-05-28T11:50:17.904,,8.152432500000941,22.79,13,2026-05-28T11:34:48.320,2026-05-28T11:50:18.320,,0.42563890000019455
7.9417723000005935,7.9417723000005935,7.1446e-05,35,2026-05-28T11:34:48.118,2026-05-28T11:50:18.118,,8.152432500000941,22.79,13,2026-05-28T11:34:48.320,2026-05-28T11:50:18.320,,0.21066020000034769
8.156810899999982,8.156810899999982,4.9491e-05,36,2026-05-28T11:34:48.330,2026-05-28T11:50:18.330,,8.152432500000941,22.79,13,2026-05-28T11:34:48.320,2026-05-28T11:50:18.320,,-0.004378399999040994
8.371637000000192,8.371637000000192,4.4455e-05,37,2026-05-28T11:34:48.540,2026-05-28T11:50:18.540,,8.17555060000086,,14,2026-05-28T11:34:48.346,2026-05-28T11:50:18.346,Error desde Arduino: HX711 not found.,-0.19608639999933075
8.586634400000548,8.586634400000548,3.499e-05,38,2026-05-28T11:34:48.764,2026-05-28T11:50:18.764,,8.17555060000086,,14,2026-05-28T11:34:48.346,2026-05-28T11:50:18.346,Error desde Arduino: HX711 not found.,-0.41108379999968747
8.801606900000479,8.801606900000479,3.6634e-05,39,2026-05-28T11:34:48.975,2026-05-28T11:50:18.975,,9.167994200000976,21.56,15,2026-05-28T11:34:49.340,2026-05-28T11:50:19.340,,0.3663873000004969
9.01661570000033,9.01661570000033,-1.9107e-05,40,2026-05-28T11:34:49.193,2026-05-28T11:50:19.193,,9.167994200000976,21.56,15,2026-05-28T11:34:49.340,2026-05-28T11:50:19.340,,0.15137850000064645
9.23157429999992,9.23157429999992,-5.0077e-05,41,2026-05-28T11:34:49.400,2026-05-28T11:50:19.400,,9.191041400001268,,16,2026-05-28T11:34:49.360,2026-05-28T11:50:19.360,Error desde Arduino: HX711 not found.,-0.04053289999865228
9.446666600000754,9.446666600000754,-2.9378e-05,42,2026-05-28T11:34:49.623,2026-05-28T11:50:19.623,,9.191041400001268,,16,2026-05-28T11:34:49.360,2026-05-28T11:50:19.360,Error desde Arduino: HX711 not found.,-0.25562519999948563
9.661912700001267,9.661912700001267,-6.418e-05,43,2026-05-28T11:34:49.838,2026-05-28T11:50:19.838,,9.191041400001268,,16,2026-05-28T11:34:49.360,2026-05-28T11:50:19.360,Error desde Arduino: HX711 not found.,-0.4708712999999989
9.87716040000123,9.87716040000123,-9.8855e-05,44,2026-05-28T11:34:50.054,2026-05-28T11:50:20.054,,10.183449100000871,20.04,17,2026-05-28T11:34:50.360,2026-05-28T11:50:20.360,,0.3062886999996408
10.092201000001296,10.092201000001296,-1.583e-05,45,2026-05-28T11:34:50.269,2026-05-28T11:50:20.269,,10.183449100000871,20.04,17,2026-05-28T11:34:50.360,2026-05-28T11:50:20.360,,0.09124809999957506
10.307302700000946,10.307302700000946,-5.0831e-05,46,2026-05-28T11:34:50.480,2026-05-28T11:50:20.480,,10.206775500000731,,18,2026-05-28T11:34:50.375,2026-05-28T11:50:20.375,Error desde Arduino: HX711 not found.,-0.10052720000021509
10.522175000000061,10.522175000000061,-0.00011946,47,2026-05-28T11:34:50.691,2026-05-28T11:50:20.691,,10.206775500000731,,18,2026-05-28T11:34:50.375,2026-05-28T11:50:20.375,Error desde Arduino: HX711 not found.,-0.31539949999933015
10.737194299999828,10.737194299999828,-0.000118936,48,2026-05-28T11:34:50.914,2026-05-28T11:50:20.914,,11.198954700001195,21.17,19,2026-05-28T11:34:51.370,2026-05-28T11:50:21.370,,0.4617604000013671
10.952364800001305,10.952364800001305,-0.000144734,49,2026-05-28T11:34:51.123,2026-05-28T11:50:21.123,,11.198954700001195,21.17,19,2026-05-28T11:34:51.370,2026-05-28T11:50:21.370,,0.2465898999998899
11.167426500000147,11.167426500000147,-9.3767e-05,50,2026-05-28T11:34:51.343,2026-05-28T11:50:21.343,,11.198954700001195,21.17,19,2026-05-28T11:34:51.370,2026-05-28T11:50:21.370,,0.03152820000104839
11.382568200000605,11.382568200000605,-0.000137374,51,2026-05-28T11:34:51.555,2026-05-28T11:50:21.555,,11.222109399999681,,20,2026-05-28T11:34:51.397,2026-05-28T11:50:21.397,Error desde Arduino: HX711 not found.,-0.16045880000092438
11.597471200000655,11.597471200000655,-0.000184299,52,2026-05-28T11:34:51.765,2026-05-28T11:50:21.765,,11.222109399999681,,20,2026-05-28T11:34:51.397,2026-05-28T11:50:21.397,Error desde Arduino: HX711 not found.,-0.37536180000097374
11.81254600000102,11.81254600000102,-0.000220566,53,2026-05-28T11:34:51.989,2026-05-28T11:50:21.989,,12.214514900000722,17.51,21,2026-05-28T11:34:52.391,2026-05-28T11:50:22.391,,0.40196889999970153
12.027530000001207,12.027530000001207,-0.00022443,54,2026-05-28T11:34:52.204,2026-05-28T11:50:22.204,,12.214514900000722,17.51,21,2026-05-28T11:34:52.391,2026-05-28T11:50:22.391,,0.18698489999951562
12.242643400000816,12.242643400000816,-0.000246259,55,2026-05-28T11:34:52.412,2026-05-28T11:50:22.412,,12.237743600000613,,22,2026-05-28T11:34:52.412,2026-05-28T11:50:22.412,Error desde Arduino: HX711 not found.,-0.0048998000002029585
12.457829599999968,12.457829599999968,-0.000274737,56,2026-05-28T11:34:52.632,2026-05-28T11:50:22.632,,12.237743600000613,,22,2026-05-28T11:34:52.412,2026-05-28T11:50:22.412,Error desde Arduino: HX711 not found.,-0.2200859999993554
12.672824500001298,12.672824500001298,-0.000282422,57,2026-05-28T11:34:52.842,2026-05-28T11:50:22.842,,12.237743600000613,,22,2026-05-28T11:34:52.412,2026-05-28T11:50:22.412,Error desde Arduino: HX711 not found.,-0.4350809000006848
12.88783870000043,12.88783870000043,-0.000280872,58,2026-05-28T11:34:53.060,2026-05-28T11:50:23.060,,13.22989349999989,17.81,23,2026-05-28T11:34:53.405,2026-05-28T11:50:23.405,,0.34205479999945965
13.102916300000288,13.102916300000288,-0.000300671,59,2026-05-28T11:34:53.275,2026-05-28T11:50:23.275,,13.22989349999989,17.81,23,2026-05-28T11:34:53.405,2026-05-28T11:50:23.405,,0.126977199999601
13.317735900000116,13.317735900000116,-0.000346423,60,2026-05-28T11:34:53.495,2026-05-28T11:50:23.495,,13.253022800001418,,24,2026-05-28T11:34:53.427,2026-05-28T11:50:23.427,Error desde Arduino: HX711 not found.,-0.06471309999869845
13.53286620000108,13.53286620000108,-0.000281951,61,2026-05-28T11:34:53.706,2026-05-28T11:50:23.706,,13.253022800001418,,24,2026-05-28T11:34:53.427,2026-05-28T11:50:23.427,Error desde Arduino: HX711 not found.,-0.27984339999966323
13.747783900000286,13.747783900000286,-0.000293237,62,2026-05-28T11:34:53.924,2026-05-28T11:50:23.924,,13.253022800001418,,24,2026-05-28T11:34:53.427,2026-05-28T11:50:23.427,Error desde Arduino: HX711 not found.,-0.4947610999988683
13.96301620000122,13.96301620000122,-0.000249138,63,2026-05-28T11:34:54.139,2026-05-28T11:50:24.139,,14.24531080000088,15.93,25,2026-05-28T11:34:54.420,2026-05-28T11:50:24.420,,0.2822945999996591
14.178200500000457,14.178200500000457,-0.000348999,64,2026-05-28T11:34:54.352,2026-05-28T11:50:24.352,,14.24531080000088,15.93,25,2026-05-28T11:34:54.420,2026-05-28T11:50:24.420,,0.06711030000042228
14.393272700001035,14.393272700001035,-0.000419796,65,2026-05-28T11:34:54.565,2026-05-28T11:50:24.565,,14.268582500000775,,26,2026-05-28T11:34:54.440,2026-05-28T11:50:24.440,Error desde Arduino: HX711 not found.,-0.12469020000025921
14.608373500001107,14.608373500001107,-0.000443258,66,2026-05-28T11:34:54.785,2026-05-28T11:50:24.785,,14.268582500000775,,26,2026-05-28T11:34:54.440,2026-05-28T11:50:24.440,Error desde Arduino: HX711 not found.,-0.33979100000033213
14.823215899999923,14.823215899999923,-0.000456084,67,2026-05-28T11:34:54.991,2026-05-28T11:50:24.991,,15.260786099999677,16.49,27,2026-05-28T11:34:55.437,2026-05-28T11:50:25.437,,0.43757019999975455
15.038238200000706,15.038238200000706,-0.000431375,68,2026-05-28T11:34:55.209,2026-05-28T11:50:25.209,,15.260786099999677,16.49,27,2026-05-28T11:34:55.437,2026-05-28T11:50:25.437,,0.22254789999897184
15.253484500000923,15.253484500000923,-0.000444588,69,2026-05-28T11:34:55.430,2026-05-28T11:50:25.430,,15.260786099999677,16.49,27,2026-05-28T11:34:55.437,2026-05-28T11:50:25.437,,0.007301599998754682
15.468530400001328,15.468530400001328,-0.000450891,70,2026-05-28T11:34:55.640,2026-05-28T11:50:25.640,,15.283953300000576,,28,2026-05-28T11:34:55.458,2026-05-28T11:50:25.458,Error desde Arduino: HX711 not found.,-0.18457710000075167
15.683514800000921,15.683514800000921,-0.000496225,71,2026-05-28T11:34:55.859,2026-05-28T11:50:25.859,,15.283953300000576,,28,2026-05-28T11:34:55.458,2026-05-28T11:50:25.458,Error desde Arduino: HX711 not found.,-0.3995615000003454
15.898830699999962,15.898830699999962,-0.00050548,72,2026-05-28T11:34:56.075,2026-05-28T11:50:26.075,,16.276095200000782,14.36,29,2026-05-28T11:34:56.445,2026-05-28T11:50:26.445,,0.3772645000008197
16.11382659999981,16.11382659999981,-0.000528032,73,2026-05-28T11:34:56.285,2026-05-28T11:50:26.285,,16.276095200000782,14.36,29,2026-05-28T11:34:56.445,2026-05-28T11:50:26.445,,0.16226860000097076
16.32874410000113,16.32874410000113,-0.000562425,74,2026-05-28T11:34:56.505,2026-05-28T11:50:26.505,,16.299214500000744,,30,2026-05-28T11:34:56.474,2026-05-28T11:50:26.474,Error desde Arduino: HX711 not found.,-0.02952960000038729
16.54363900000135,16.54363900000135,-0.000576821,75,2026-05-28T11:34:56.715,2026-05-28T11:50:26.715,,16.299214500000744,,30,2026-05-28T11:34:56.474,2026-05-28T11:50:26.474,Error desde Arduino: HX711 not found.,-0.2444245000006049
16.758760800001255,16.758760800001255,-0.0005915,76,2026-05-28T11:34:56.932,2026-05-28T11:50:26.932,,16.299214500000744,,30,2026-05-28T11:34:56.474,2026-05-28T11:50:26.474,Error desde Arduino: HX711 not found.,-0.4595463000005111
16.97372920000089,16.97372920000089,-0.000590903,77,2026-05-28T11:34:57.149,2026-05-28T11:50:27.149,,17.291611800001192,14.35,31,2026-05-28T11:34:57.465,2026-05-28T11:50:27.465,,0.3178826000003028
17.188872200000333,17.188872200000333,-0.000632876,78,2026-05-28T11:34:57.359,2026-05-28T11:50:27.359,,17.291611800001192,14.35,31,2026-05-28T11:34:57.465,2026-05-28T11:50:27.465,,0.10273960000085935
17.40394860000015,17.40394860000015,-0.000653962,79,2026-05-28T11:34:57.575,2026-05-28T11:50:27.575,,17.314894099999947,,32,2026-05-28T11:34:57.485,2026-05-28T11:50:27.485,Error desde Arduino: HX711 not found.,-0.0890545000002021
17.618815100000575,17.618815100000575,-0.000661145,80,2026-05-28T11:34:57.794,2026-05-28T11:50:27.794,,17.314894099999947,,32,2026-05-28T11:34:57.485,2026-05-28T11:50:27.485,Error desde Arduino: HX711 not found.,-0.30392100000062783
17.833836100000553,17.833836100000553,-0.000683424,81,2026-05-28T11:34:58.005,2026-05-28T11:50:28.005,,18.306963400000313,12.44,33,2026-05-28T11:34:58.484,2026-05-28T11:50:28.484,,0.47312729999976
18.04904490000081,18.04904490000081,-0.000709023,82,2026-05-28T11:34:58.226,2026-05-28T11:50:28.226,,18.306963400000313,12.44,33,2026-05-28T11:34:58.484,2026-05-28T11:50:28.484,,0.257918499999505
18.26404259999981,18.26404259999981,-0.000726937,83,2026-05-28T11:34:58.441,2026-05-28T11:50:28.441,,18.306963400000313,12.44,33,2026-05-28T11:34:58.484,2026-05-28T11:50:28.484,,0.04292080000050191
18.47906520000106,18.47906520000106,-0.000746222,84,2026-05-28T11:34:58.655,2026-05-28T11:50:28.655,,18.330090600000403,,34,2026-05-28T11:34:58.504,2026-05-28T11:50:28.504,Error desde Arduino: HX711 not found.,-0.1489746000006562
18.69417659999999,18.69417659999999,-0.000764073,85,2026-05-28T11:34:58.871,2026-05-28T11:50:28.871,,18.330090600000403,,34,2026-05-28T11:34:58.504,2026-05-28T11:50:28.504,Error desde Arduino: HX711 not found.,-0.36408599999958824
18.90921580000031,18.90921580000031,-0.00077248,86,2026-05-28T11:34:59.085,2026-05-28T11:50:29.085,,19.322372200000245,14.63,35,2026-05-28T11:34:59.491,2026-05-28T11:50:29.491,,0.41315639999993437
19.12434620000022,19.12434620000022,-0.000789588,87,2026-05-28T11:34:59.295,2026-05-28T11:50:29.295,,19.322372200000245,14.63,35,2026-05-28T11:34:59.491,2026-05-28T11:50:29.491,,0.19802600000002712
19.339160400000765,19.339160400000765,-0.000785483,88,2026-05-28T11:34:59.515,2026-05-28T11:50:29.515,,19.345603100000517,,36,2026-05-28T11:34:59.522,2026-05-28T11:50:29.522,Error desde Arduino: HX711 not found.,0.006442699999752222
19.554219400000875,19.554219400000875,-0.00080033,89,2026-05-28T11:34:59.726,2026-05-28T11:50:29.726,,19.345603100000517,,36,2026-05-28T11:34:59.522,2026-05-28T11:50:29.522,Error desde Arduino: HX711 not found.,-0.20861630000035802
19.769338600000992,19.769338600000992,-0.000828734,90,2026-05-28T11:34:59.943,2026-05-28T11:50:29.943,,19.345603100000517,,36,2026-05-28T11:34:59.522,2026-05-28T11:50:29.522,Error desde Arduino: HX711 not found.,-0.42373550000047544
19.984242700000323,19.984242700000323,-0.000846742,91,2026-05-28T11:35:00.159,2026-05-28T11:50:30.159,,20.3366702000003,9.96,37,2026-05-28T11:35:00.513,2026-05-28T11:50:30.513,,0.35242749999997613
20.19912310000109,20.19912310000109,-0.00086319,92,2026-05-28T11:35:00.370,2026-05-28T11:50:30.370,,20.3366702000003,9.96,37,2026-05-28T11:35:00.513,2026-05-28T11:50:30.513,,0.13754709999921033
20.414162600000054,20.414162600000054,-0.000875712,93,2026-05-28T11:35:00.587,2026-05-28T11:50:30.587,,20.359916500001418,,38,2026-05-28T11:35:00.537,2026-05-28T11:50:30.537,Error desde Arduino: HX711 not found.,-0.054246099998636055
20.62914980000096,20.62914980000096,-0.000887051,94,2026-05-28T11:35:00.803,2026-05-28T11:50:30.803,,20.359916500001418,,38,2026-05-28T11:35:00.537,2026-05-28T11:50:30.537,Error desde Arduino: HX711 not found.,-0.2692332999995415
20.844547100001364,20.844547100001364,-0.00088682,95,2026-05-28T11:35:01.020,2026-05-28T11:50:31.020,,20.359916500001418,,38,2026-05-28T11:35:00.537,2026-05-28T11:50:30.537,Error desde Arduino: HX711 not found.,-0.48463059999994584
21.05947120000019,21.05947120000019,-0.000905687,96,2026-05-28T11:35:01.236,2026-05-28T11:50:31.236,,21.352118700000574,11.13,39,2026-05-28T11:35:01.520,2026-05-28T11:50:31.520,,0.29264750000038475
21.274574799999755,21.274574799999755,-0.000922836,97,2026-05-28T11:35:01.451,2026-05-28T11:50:31.451,,21.352118700000574,11.13,39,2026-05-28T11:35:01.520,2026-05-28T11:50:31.520,,0.07754390000081912
21.489733700000215,21.489733700000215,-0.000936824,98,2026-05-28T11:35:01.663,2026-05-28T11:50:31.663,,21.37525629999982,,40,2026-05-28T11:35:01.551,2026-05-28T11:50:31.551,Error desde Arduino: HX711 not found.,-0.1144774000003963
21.704570500000045,21.704570500000045,-0.000947995,99,2026-05-28T11:35:01.881,2026-05-28T11:50:31.881,,21.37525629999982,,40,2026-05-28T11:35:01.551,2026-05-28T11:50:31.551,Error desde Arduino: HX711 not found.,-0.32931420000022626
21.919596300000194,21.919596300000194,-0.000959083,100,2026-05-28T11:35:02.096,2026-05-28T11:50:32.096,,22.366330500000913,9.09,41,2026-05-28T11:35:02.543,2026-05-28T11:50:32.543,,0.4467342000007193
22.13465139999971,22.13465139999971,-0.000970652,101,2026-05-28T11:35:02.303,2026-05-28T11:50:32.303,,22.366330500000913,9.09,41,2026-05-28T11:35:02.543,2026-05-28T11:50:32.543,,0.23167910000120173
22.349775599999703,22.349775599999703,-0.00098265,102,2026-05-28T11:35:02.520,2026-05-28T11:50:32.520,,22.366330500000913,9.09,41,2026-05-28T11:35:02.543,2026-05-28T11:50:32.543,,0.016554900001210626
22.564892500000497,22.564892500000497,-0.000989269,103,2026-05-28T11:35:02.742,2026-05-28T11:50:32.742,,22.389557500000592,,42,2026-05-28T11:35:02.564,2026-05-28T11:50:32.564,Error desde Arduino: HX711 not found.,-0.17533499999990454
22.780061200001,22.780061200001,-0.001011988,104,2026-05-28T11:35:02.957,2026-05-28T11:50:32.957,,22.389557500000592,,42,2026-05-28T11:35:02.564,2026-05-28T11:50:32.564,Error desde Arduino: HX711 not found.,-0.39050370000040857
22.99514850000014,22.99514850000014,-0.001031221,105,2026-05-28T11:35:03.172,2026-05-28T11:50:33.172,,23.380659399999786,9.29,43,2026-05-28T11:35:03.553,2026-05-28T11:50:33.553,,0.3855108999996446
23.21037620000061,23.21037620000061,-0.001044633,106,2026-05-28T11:35:03.387,2026-05-28T11:50:33.387,,23.380659399999786,9.29,43,2026-05-28T11:35:03.553,2026-05-28T11:50:33.553,,0.17028319999917585
23.42543790000127,23.42543790000127,-0.000996472,107,2026-05-28T11:35:03.596,2026-05-28T11:50:33.596,,23.403838199999882,,44,2026-05-28T11:35:03.580,2026-05-28T11:50:33.580,Error desde Arduino: HX711 not found.,-0.021599700001388555
23.65154480000092,23.65154480000092,-0.000981163,108,2026-05-28T11:35:03.828,2026-05-28T11:50:33.828,,23.403838199999882,,44,2026-05-28T11:35:03.580,2026-05-28T11:50:33.580,Error desde Arduino: HX711 not found.,-0.24770660000103817
23.866616400000567,23.866616400000567,-0.00098154,109,2026-05-28T11:35:04.044,2026-05-28T11:50:34.044,,23.403838199999882,,44,2026-05-28T11:35:03.580,2026-05-28T11:50:33.580,Error desde Arduino: HX711 not found.,-0.4627782000006846
24.08214829999997,24.08214829999997,-0.001004303,110,2026-05-28T11:35:04.253,2026-05-28T11:50:34.253,,24.39493940000102,8.2,45,2026-05-28T11:35:04.570,2026-05-28T11:50:34.570,,0.3127911000010499
24.297106400001212,24.297106400001212,-0.001036079,111,2026-05-28T11:35:04.470,2026-05-28T11:50:34.470,,24.39493940000102,8.2,45,2026-05-28T11:35:04.570,2026-05-28T11:50:34.570,,0.09783299999980954
24.512461300000723,24.512461300000723,-0.001038602,112,2026-05-28T11:35:04.687,2026-05-28T11:50:34.687,,24.41806170000018,,46,2026-05-28T11:35:04.587,2026-05-28T11:50:34.587,Error desde Arduino: HX711 not found.,-0.0943996000005427
24.72762060000059,24.72762060000059,-0.001053668,113,2026-05-28T11:35:04.903,2026-05-28T11:50:34.903,,24.41806170000018,,46,2026-05-28T11:35:04.587,2026-05-28T11:50:34.587,Error desde Arduino: HX711 not found.,-0.3095589000004111
24.942572400001154,24.942572400001154,-0.001061971,114,2026-05-28T11:35:05.120,2026-05-28T11:50:35.120,,25.409314900000027,9.63,47,2026-05-28T11:35:05.586,2026-05-28T11:50:35.586,,0.4667424999988725
25.157769900000858,25.157769900000858,-0.00107778,115,2026-05-28T11:35:05.330,2026-05-28T11:50:35.330,,25.409314900000027,9.63,47,2026-05-28T11:35:05.586,2026-05-28T11:50:35.586,,0.2515449999991688
25.37265219999972,25.37265219999972,-0.001094082,116,2026-05-28T11:35:05.549,2026-05-28T11:50:35.549,,25.409314900000027,9.63,47,2026-05-28T11:35:05.586,2026-05-28T11:50:35.586,,0.03666270000030636
25.587850200001412,25.587850200001412,-0.001125941,117,2026-05-28T11:35:05.763,2026-05-28T11:50:35.763,,25.432447000001048,,48,2026-05-28T11:35:05.608,2026-05-28T11:50:35.608,Error desde Arduino: HX711 not found.,-0.15540320000036445
25.803002900000138,25.803002900000138,-0.001144588,118,2026-05-28T11:35:05.980,2026-05-28T11:50:35.980,,25.432447000001048,,48,2026-05-28T11:35:05.608,2026-05-28T11:50:35.608,Error desde Arduino: HX711 not found.,-0.3705558999990899
26.018195300001025,26.018195300001025,-0.001159842,119,2026-05-28T11:35:06.187,2026-05-28T11:50:36.187,,26.423653400001058,6.72,49,2026-05-28T11:35:06.597,2026-05-28T11:50:36.597,,0.4054581000000326
26.23314180000125,26.23314180000125,-0.001173369,120,2026-05-28T11:35:06.403,2026-05-28T11:50:36.403,,26.423653400001058,6.72,49,2026-05-28T11:35:06.597,2026-05-28T11:50:36.597,,0.19051159999980882
26.448256100000435,26.448256100000435,-0.001182865,121,2026-05-28T11:35:06.620,2026-05-28T11:50:36.620,,26.446888700000272,,50,2026-05-28T11:35:06.620,2026-05-28T11:50:36.620,Error desde Arduino: HX711 not found.,-0.0013674000001628883
26.663391500000216,26.663391500000216,-0.001195167,122,2026-05-28T11:35:06.840,2026-05-28T11:50:36.840,,26.446888700000272,,50,2026-05-28T11:35:06.620,2026-05-28T11:50:36.620,Error desde Arduino: HX711 not found.,-0.21650279999994382
26.87869590000082,26.87869590000082,-0.001211175,123,2026-05-28T11:35:07.055,2026-05-28T11:50:37.055,,26.446888700000272,,50,2026-05-28T11:35:06.620,2026-05-28T11:50:36.620,Error desde Arduino: HX711 not found.,-0.4318072000005486
27.09375170000021,27.09375170000021,-0.001220713,124,2026-05-28T11:35:07.271,2026-05-28T11:50:37.271,,27.43802719999985,7.68,51,2026-05-28T11:35:07.613,2026-05-28T11:50:37.613,,0.3442754999996396
27.30911560000095,27.30911560000095,-0.001237465,125,2026-05-28T11:35:07.484,2026-05-28T11:50:37.484,,27.43802719999985,7.68,51,2026-05-28T11:35:07.613,2026-05-28T11:50:37.613,,0.12891159999890078
27.524380900000324,27.524380900000324,-0.001261462,126,2026-05-28T11:35:07.701,2026-05-28T11:50:37.701,,27.47234440000102,,53,2026-05-28T11:35:07.647,2026-05-28T11:50:37.647,Error desde Arduino: HX711 not found.,-0.05203649999930349
27.739486899999974,27.739486899999974,-0.001273136,127,2026-05-28T11:35:07.908,2026-05-28T11:50:37.908,,27.47234440000102,,53,2026-05-28T11:35:07.647,2026-05-28T11:50:37.647,Error desde Arduino: HX711 not found.,-0.267142499998954
27.95485809999991,27.95485809999991,-0.001278192,128,2026-05-28T11:35:08.129,2026-05-28T11:50:38.129,,27.47234440000102,,53,2026-05-28T11:35:07.647,2026-05-28T11:50:37.647,Error desde Arduino: HX711 not found.,-0.48251369999888993
28.169961600000534,28.169961600000534,-0.001280977,129,2026-05-28T11:35:08.345,2026-05-28T11:50:38.345,,28.463303200000155,5.24,54,2026-05-28T11:35:08.640,2026-05-28T11:50:38.640,,0.2933415999996214
28.38520989999961,28.38520989999961,-0.001308565,130,2026-05-28T11:35:08.558,2026-05-28T11:50:38.558,,28.463303200000155,5.24,54,2026-05-28T11:35:08.640,2026-05-28T11:50:38.640,,0.07809330000054615
28.600177000000258,28.600177000000258,-0.00132316,131,2026-05-28T11:35:08.774,2026-05-28T11:50:38.774,,28.48657910000111,,55,2026-05-28T11:35:08.663,2026-05-28T11:50:38.663,Error desde Arduino: HX711 not found.,-0.11359789999914938
28.81532420000076,28.81532420000076,-0.00132874,132,2026-05-28T11:35:08.992,2026-05-28T11:50:38.992,,28.48657910000111,,55,2026-05-28T11:35:08.663,2026-05-28T11:50:38.663,Error desde Arduino: HX711 not found.,-0.32874509999965085
29.030253300001277,29.030253300001277,-0.001343482,133,2026-05-28T11:35:09.206,2026-05-28T11:50:39.206,,29.477533299999777,3.29,56,2026-05-28T11:35:09.654,2026-05-28T11:50:39.654,,0.4472799999985
29.245396600001186,29.245396600001186,-0.001359668,134,2026-05-28T11:35:09.422,2026-05-28T11:50:39.422,,29.477533299999777,3.29,56,2026-05-28T11:35:09.654,2026-05-28T11:50:39.654,,0.2321366999985912
29.460574000000634,29.460574000000634,-0.001381257,135,2026-05-28T11:35:09.637,2026-05-28T11:50:39.637,,29.477533299999777,3.29,56,2026-05-28T11:35:09.654,2026-05-28T11:50:39.654,,0.016959299999143695
29.67574560000139,29.67574560000139,-0.001395632,136,2026-05-28T11:35:09.846,2026-05-28T11:50:39.846,,29.500818399999844,,57,2026-05-28T11:35:09.670,2026-05-28T11:50:39.670,Error desde Arduino: HX711 not found.,-0.17492720000154804
29.891040300000896,29.891040300000896,-0.001412499,137,2026-05-28T11:35:10.063,2026-05-28T11:50:40.063,,29.500818399999844,,57,2026-05-28T11:35:09.670,2026-05-28T11:50:39.670,Error desde Arduino: HX711 not found.,-0.39022190000105184
30.106240900000557,30.106240900000557,-0.001411326,138,2026-05-28T11:35:10.283,2026-05-28T11:50:40.283,,30.4918404,4.48,58,2026-05-28T11:35:10.668,2026-05-28T11:50:40.668,,0.38559949999944365
30.32129040000109,30.32129040000109,-0.001381916,139,2026-05-28T11:35:10.497,2026-05-28T11:50:40.497,,30.4918404,4.48,58,2026-05-28T11:35:10.668,2026-05-28T11:50:40.668,,0.17054999999891152
30.53631889999997,30.53631889999997,-0.001411148,140,2026-05-28T11:35:10.706,2026-05-28T11:50:40.706,,30.515148399999816,,59,2026-05-28T11:35:10.687,2026-05-28T11:50:40.687,Error desde Arduino: HX711 not found.,-0.02117050000015297
30.75162150000142,30.75162150000142,-0.001428737,141,2026-05-28T11:35:10.920,2026-05-28T11:50:40.920,,30.515148399999816,,59,2026-05-28T11:35:10.687,2026-05-28T11:50:40.687,Error desde Arduino: HX711 not found.,-0.2364731000016036
30.96655269999974,30.96655269999974,-0.001444693,142,2026-05-28T11:35:11.137,2026-05-28T11:50:41.137,,30.515148399999816,,59,2026-05-28T11:35:10.687,2026-05-28T11:50:40.687,Error desde Arduino: HX711 not found.,-0.45140429999992193
31.18179450000025,31.18179450000025,-0.001462356,143,2026-05-28T11:35:11.353,2026-05-28T11:50:41.353,,31.50623960000121,3.3,60,2026-05-28T11:35:11.680,2026-05-28T11:50:41.680,,0.3244451000009576
31.39674080000077,31.39674080000077,-0.001479547,144,2026-05-28T11:35:11.570,2026-05-28T11:50:41.570,,31.50623960000121,3.3,60,2026-05-28T11:35:11.680,2026-05-28T11:50:41.680,,0.10949880000043777
31.61193810000077,31.61193810000077,-0.001491273,145,2026-05-28T11:35:11.787,2026-05-28T11:50:41.787,,31.529408899999908,,61,2026-05-28T11:35:11.706,2026-05-28T11:50:41.706,Error desde Arduino: HX711 not found.,-0.08252920000086306
31.827172900000733,31.827172900000733,-0.001498497,146,2026-05-28T11:35:12.003,2026-05-28T11:50:42.003,,31.529408899999908,,61,2026-05-28T11:35:11.706,2026-05-28T11:50:41.706,Error desde Arduino: HX711 not found.,-0.29776400000082504
32.04235250000056,32.04235250000056,-0.001518578,147,2026-05-28T11:35:12.215,2026-05-28T11:50:42.215,,32.52043760000015,2.94,62,2026-05-28T11:35:12.697,2026-05-28T11:50:42.697,,0.47808509999958915
32.25752210000064,32.25752210000064,-0.001533058,148,2026-05-28T11:35:12.430,2026-05-28T11:50:42.430,,32.52043760000015,2.94,62,2026-05-28T11:35:12.697,2026-05-28T11:50:42.697,,0.26291549999950803
32.47241120000035,32.47241120000035,-0.001545129,149,2026-05-28T11:35:12.649,2026-05-28T11:50:42.649,,32.52043760000015,2.94,62,2026-05-28T11:35:12.697,2026-05-28T11:50:42.697,,0.04802639999979874
32.68743950000135,32.68743950000135,-0.001548584,150,2026-05-28T11:35:12.863,2026-05-28T11:50:42.863,,32.54376299999967,,63,2026-05-28T11:35:12.720,2026-05-28T11:50:42.720,Error desde Arduino: HX711 not found.,-0.14367650000167487
32.902765900000304,32.902765900000304,-0.001563441,151,2026-05-28T11:35:13.070,2026-05-28T11:50:43.070,,32.54376299999967,,63,2026-05-28T11:35:12.720,2026-05-28T11:50:42.720,Error desde Arduino: HX711 not found.,-0.3590029000006325
33.11799679999967,33.11799679999967,-0.001583616,152,2026-05-28T11:35:13.287,2026-05-28T11:50:43.287,,33.5348283000003,2.76,64,2026-05-28T11:35:13.706,2026-05-28T11:50:43.706,,0.41683150000062597
33.33294449999994,33.33294449999994,-0.001593175,153,2026-05-28T11:35:13.510,2026-05-28T11:50:43.510,,33.5348283000003,2.76,64,2026-05-28T11:35:13.706,2026-05-28T11:50:43.706,,0.20188380000035977
33.54818990000058,33.54818990000058,-0.00160688,154,2026-05-28T11:35:13.725,2026-05-28T11:50:43.725,,33.546804200001134,-1.66,65,2026-05-28T11:35:13.724,2026-05-28T11:50:43.724,,-0.001385699999445933
33.762983700000404,33.762983700000404,-0.001610712,155,2026-05-28T11:35:13.939,2026-05-28T11:50:43.939,,33.56990990000122,,66,2026-05-28T11:35:13.740,2026-05-28T11:50:43.740,Error desde Arduino: HX711 not found.,-0.1930737999991834
33.97809790000065,33.97809790000065,-0.00162715,156,2026-05-28T11:35:14.155,2026-05-28T11:50:44.155,,33.56990990000122,,66,2026-05-28T11:35:13.740,2026-05-28T11:50:43.740,Error desde Arduino: HX711 not found.,-0.4081879999994271
34.1931579000011,34.1931579000011,-0.001634615,157,2026-05-28T11:35:14.370,2026-05-28T11:50:44.370,,34.56116440000005,1.1,67,2026-05-28T11:35:14.737,2026-05-28T11:50:44.737,,0.3680064999989554
34.40820800000074,34.40820800000074,-0.001649691,158,2026-05-28T11:35:14.580,2026-05-28T11:50:44.580,,34.56116440000005,1.1,67,2026-05-28T11:35:14.737,2026-05-28T11:50:44.737,,0.15295639999931154
34.62337860000116,34.62337860000116,-0.001656224,159,2026-05-28T11:35:14.796,2026-05-28T11:50:44.796,,34.58426070000132,,68,2026-05-28T11:35:14.753,2026-05-28T11:50:44.753,Error desde Arduino: HX711 not found.,-0.03911789999983739
34.83835960000033,34.83835960000033,-0.001648246,160,2026-05-28T11:35:15.013,2026-05-28T11:50:45.013,,34.58426070000132,,68,2026-05-28T11:35:14.753,2026-05-28T11:50:44.753,Error desde Arduino: HX711 not found.,-0.2540988999990077
35.05356370000118,35.05356370000118,-0.001637295,161,2026-05-28T11:35:15.225,2026-05-28T11:50:45.225,,34.58426070000132,,68,2026-05-28T11:35:14.753,2026-05-28T11:50:44.753,Error desde Arduino: HX711 not found.,-0.46930299999985436
35.26865200000066,35.26865200000066,-0.001649607,162,2026-05-28T11:35:15.441,2026-05-28T11:50:45.441,,35.57643819999976,-2.17,69,2026-05-28T11:35:15.753,2026-05-28T11:50:45.753,,0.30778619999910006
35.48390769999969,35.48390769999969,-0.001658664,163,2026-05-28T11:35:15.654,2026-05-28T11:50:45.654,,35.57643819999976,-2.17,69,2026-05-28T11:35:15.753,2026-05-28T11:50:45.753,,0.09253050000006624
35.69901200000095,35.69901200000095,-0.001674127,164,2026-05-28T11:35:15.873,2026-05-28T11:50:45.873,,35.59949870000128,,70,2026-05-28T11:35:15.770,2026-05-28T11:50:45.770,Error desde Arduino: HX711 not found.,-0.09951329999967129
35.91415899999993,35.91415899999993,-0.001671426,165,2026-05-28T11:35:16.087,2026-05-28T11:50:46.087,,35.59949870000128,,70,2026-05-28T11:35:15.770,2026-05-28T11:50:45.770,Error desde Arduino: HX711 not found.,-0.31466029999864986
36.12913870000011,36.12913870000011,-0.001686199,166,2026-05-28T11:35:16.303,2026-05-28T11:50:46.303,,36.59086380000008,0.28,71,2026-05-28T11:35:16.768,2026-05-28T11:50:46.768,,0.4617250999999669
36.34469580000041,36.34469580000041,-0.001671657,167,2026-05-28T11:35:16.520,2026-05-28T11:50:46.520,,36.59086380000008,0.28,71,2026-05-28T11:35:16.768,2026-05-28T11:50:46.768,,0.24616799999967043
36.55984080000053,36.55984080000053,-0.001683896,168,2026-05-28T11:35:16.737,2026-05-28T11:50:46.737,,36.59086380000008,0.28,71,2026-05-28T11:35:16.768,2026-05-28T11:50:46.768,,0.03102299999954994
36.774958900001366,36.774958900001366,-0.00169626,169,2026-05-28T11:35:16.946,2026-05-28T11:50:46.946,,36.613962000001266,,72,2026-05-28T11:35:16.787,2026-05-28T11:50:46.787,Error desde Arduino: HX711 not found.,-0.16099690000010014
36.989997500000754,36.989997500000754,-0.00171073,170,2026-05-28T11:35:17.167,2026-05-28T11:50:47.167,,36.613962000001266,,72,2026-05-28T11:35:16.787,2026-05-28T11:50:46.787,Error desde Arduino: HX711 not found.,-0.3760354999994888
37.20512570000028,37.20512570000028,-0.001737302,171,2026-05-28T11:35:17.380,2026-05-28T11:50:47.380,,37.60608440000033,-3.19,73,2026-05-28T11:35:17.775,2026-05-28T11:50:47.775,,0.4009587000000465
37.42023810000137,37.42023810000137,-0.001758378,172,2026-05-28T11:35:17.596,2026-05-28T11:50:47.596,,37.60608440000033,-3.19,73,2026-05-28T11:35:17.775,2026-05-28T11:50:47.775,,0.18584629999895697
37.635378500001025,37.635378500001025,-0.001758964,173,2026-05-28T11:35:17.803,2026-05-28T11:50:47.803,,37.629107400000066,,74,2026-05-28T11:35:17.803,2026-05-28T11:50:47.803,Error desde Arduino: HX711 not found.,-0.0062711000009585405
37.8505552000006,37.8505552000006,-0.001750693,174,2026-05-28T11:35:18.020,2026-05-28T11:50:48.020,,37.629107400000066,,74,2026-05-28T11:35:17.803,2026-05-28T11:50:47.803,Error desde Arduino: HX711 not found.,-0.22144780000053288
38.0656383000005,38.0656383000005,-0.001761477,175,2026-05-28T11:35:18.241,2026-05-28T11:50:48.241,,37.629107400000066,,74,2026-05-28T11:35:17.803,2026-05-28T11:50:47.803,Error desde Arduino: HX711 not found.,-0.4365309000004345
38.28079570000045,38.28079570000045,-0.001774239,176,2026-05-28T11:35:18.454,2026-05-28T11:50:48.454,,38.6214314000008,-0.47,75,2026-05-28T11:35:18.797,2026-05-28T11:50:48.797,,0.34063570000034815
38.49603019999995,38.49603019999995,-0.001781097,177,2026-05-28T11:35:18.670,2026-05-28T11:50:48.670,,38.6214314000008,-0.47,75,2026-05-28T11:35:18.797,2026-05-28T11:50:48.797,,0.12540120000085153
38.711275300000125,38.711275300000125,-0.001794017,178,2026-05-28T11:35:18.887,2026-05-28T11:50:48.887,,38.64468570000099,,76,2026-05-28T11:35:18.820,2026-05-28T11:50:48.820,Error desde Arduino: HX711 not found.,-0.0665895999991335
38.92637190000096,38.92637190000096,-0.001806654,179,2026-05-28T11:35:19.103,2026-05-28T11:50:49.103,,38.64468570000099,,76,2026-05-28T11:35:18.820,2026-05-28T11:50:48.820,Error desde Arduino: HX711 not found.,-0.28168619999996736
39.1416676000008,39.1416676000008,-0.001822505,180,2026-05-28T11:35:19.313,2026-05-28T11:50:49.313,,39.63678290000098,-3.81,77,2026-05-28T11:35:19.814,2026-05-28T11:50:49.814,,0.49511530000017956
39.35676299999977,39.35676299999977,-0.001835184,181,2026-05-28T11:35:19.530,2026-05-28T11:50:49.530,,39.63678290000098,-3.81,77,2026-05-28T11:35:19.814,2026-05-28T11:50:49.814,,0.28001990000120713
39.57170490000135,39.57170490000135,-0.001847632,182,2026-05-28T11:35:19.747,2026-05-28T11:50:49.747,,39.63678290000098,-3.81,77,2026-05-28T11:35:19.814,2026-05-28T11:50:49.814,,0.06507799999963026
39.78690050000114,39.78690050000114,-0.001858259,183,2026-05-28T11:35:19.963,2026-05-28T11:50:49.963,,39.659919400000945,,78,2026-05-28T11:35:19.837,2026-05-28T11:50:49.837,Error desde Arduino: HX711 not found.,-0.1269811000001937
40.00188960000014,40.00188960000014,-0.001871681,184,2026-05-28T11:35:20.170,2026-05-28T11:50:50.170,,39.659919400000945,,78,2026-05-28T11:35:19.837,2026-05-28T11:50:49.837,Error desde Arduino: HX711 not found.,-0.34197019999919576
40.21704789999967,40.21704789999967,-0.001882685,185,2026-05-28T11:35:20.387,2026-05-28T11:50:50.387,,40.65203830000064,-1.94,79,2026-05-28T11:35:20.829,2026-05-28T11:50:50.829,,0.4349904000009701
40.432139200000165,40.432139200000165,-0.001894893,186,2026-05-28T11:35:20.606,2026-05-28T11:50:50.606,,40.65203830000064,-1.94,79,2026-05-28T11:35:20.829,2026-05-28T11:50:50.829,,0.2198991000004753
40.64731130000109,40.64731130000109,-0.001906336,187,2026-05-28T11:35:20.824,2026-05-28T11:50:50.824,,40.65203830000064,-1.94,79,2026-05-28T11:35:20.829,2026-05-28T11:50:50.829,,0.004726999999547843
40.86227599999984,40.86227599999984,-0.001920785,188,2026-05-28T11:35:21.039,2026-05-28T11:50:51.039,,40.675320100001045,,80,2026-05-28T11:35:20.852,2026-05-28T11:50:50.852,Error desde Arduino: HX711 not found.,-0.18695589999879303
41.077379700000165,41.077379700000165,-0.001927339,189,2026-05-28T11:35:21.254,2026-05-28T11:50:51.254,,40.675320100001045,,80,2026-05-28T11:35:20.852,2026-05-28T11:50:50.852,Error desde Arduino: HX711 not found.,-0.4020595999991201
41.29261670000051,41.29261670000051,-0.001942551,190,2026-05-28T11:35:21.470,2026-05-28T11:50:51.470,,41.667417300001034,-4.65,81,2026-05-28T11:35:21.837,2026-05-28T11:50:51.837,,0.3748006000005262
41.50789110000005,41.50789110000005,-0.001952979,191,2026-05-28T11:35:21.685,2026-05-28T11:50:51.685,,41.667417300001034,-4.65,81,2026-05-28T11:35:21.837,2026-05-28T11:50:51.837,,0.1595262000009825
41.722985000000335,41.722985000000335,-0.001965585,192,2026-05-28T11:35:21.891,2026-05-28T11:50:51.891,,41.69053800000074,,82,2026-05-28T11:35:21.863,2026-05-28T11:50:51.863,Error desde Arduino: HX711 not found.,-0.03244699999959266
41.938108100001045,41.938108100001045,-0.001979216,193,2026-05-28T11:35:22.112,2026-05-28T11:50:52.112,,41.69053800000074,,82,2026-05-28T11:35:21.863,2026-05-28T11:50:51.863,Error desde Arduino: HX711 not found.,-0.24757010000030277
42.15324260000125,42.15324260000125,-0.001989121,194,2026-05-28T11:35:22.329,2026-05-28T11:50:52.329,,41.69053800000074,,82,2026-05-28T11:35:21.863,2026-05-28T11:50:51.863,Error desde Arduino: HX711 not found.,-0.4627046000005066
42.36822030000076,42.36822030000076,-0.001999685,195,2026-05-28T11:35:22.545,2026-05-28T11:50:52.545,,42.68280919999961,-3.31,83,2026-05-28T11:35:22.857,2026-05-28T11:50:52.857,,0.31458889999885287
42.58338519999961,42.58338519999961,-0.002008427,196,2026-05-28T11:35:22.756,2026-05-28T11:50:52.756,,42.68280919999961,-3.31,83,2026-05-28T11:35:22.857,2026-05-28T11:50:52.857,,0.09942399999999907
42.79843630000141,42.79843630000141,-0.002016572,197,2026-05-28T11:35:22.973,2026-05-28T11:50:52.973,,42.705944200000886,,84,2026-05-28T11:35:22.880,2026-05-28T11:50:52.880,Error desde Arduino: HX711 not found.,-0.09249210000052699
43.01359500000035,43.01359500000035,-0.002027901,198,2026-05-28T11:35:23.187,2026-05-28T11:50:53.187,,42.705944200000886,,84,2026-05-28T11:35:22.880,2026-05-28T11:50:52.880,Error desde Arduino: HX711 not found.,-0.30765079999946465
43.22869680000076,43.22869680000076,-0.002039063,199,2026-05-28T11:35:23.403,2026-05-28T11:50:53.403,,43.698117699999784,-5.32,85,2026-05-28T11:35:23.870,2026-05-28T11:50:53.870,,0.46942089999902237
43.4438992000014,43.4438992000014,-0.002051868,200,2026-05-28T11:35:23.620,2026-05-28T11:50:53.620,,43.698117699999784,-5.32,85,2026-05-28T11:35:23.870,2026-05-28T11:50:53.870,,0.2542184999983874
43.65908000000127,43.65908000000127,-0.002062819,201,2026-05-28T11:35:23.830,2026-05-28T11:50:53.830,,43.698117699999784,-5.32,85,2026-05-28T11:35:23.870,2026-05-28T11:50:53.870,,0.03903769999851647
43.87424800000008,43.87424800000008,-0.002074158,202,2026-05-28T11:35:24.046,2026-05-28T11:50:54.046,,43.72116300000016,,86,2026-05-28T11:35:23.896,2026-05-28T11:50:53.896,Error desde Arduino: HX711 not found.,-0.1530849999999191
44.08956060000128,44.08956060000128,-0.002083989,203,2026-05-28T11:35:24.267,2026-05-28T11:50:54.267,,43.72116300000016,,86,2026-05-28T11:35:23.896,2026-05-28T11:50:53.896,Error desde Arduino: HX711 not found.,-0.3683976000011171
44.3045689999999,44.3045689999999,-0.002097663,204,2026-05-28T11:35:24.480,2026-05-28T11:50:54.480,,44.71337560000029,-7.26,87,2026-05-28T11:35:24.887,2026-05-28T11:50:54.887,,0.40880660000038915
44.51986829999987,44.51986829999987,-0.002110488,205,2026-05-28T11:35:24.696,2026-05-28T11:50:54.696,,44.71337560000029,-7.26,87,2026-05-28T11:35:24.887,2026-05-28T11:50:54.887,,0.1935073000004195
44.73482260000128,44.73482260000128,-0.00211678,206,2026-05-28T11:35:24.903,2026-05-28T11:50:54.903,,44.73644039999999,,88,2026-05-28T11:35:24.913,2026-05-28T11:50:54.913,Error desde Arduino: HX711 not found.,0.0016177999987121439
44.94989750000059,44.94989750000059,-0.002123848,207,2026-05-28T11:35:25.120,2026-05-28T11:50:55.120,,44.73644039999999,,88,2026-05-28T11:35:24.913,2026-05-28T11:50:54.913,Error desde Arduino: HX711 not found.,-0.21345710000059626
45.164846300000136,45.164846300000136,-0.002134768,208,2026-05-28T11:35:25.337,2026-05-28T11:50:55.337,,44.73644039999999,,88,2026-05-28T11:35:24.913,2026-05-28T11:50:54.913,Error desde Arduino: HX711 not found.,-0.42840590000014345
45.37997429999996,45.37997429999996,-0.002134485,209,2026-05-28T11:35:25.553,2026-05-28T11:50:55.553,,45.72871020000093,-6.54,89,2026-05-28T11:35:25.905,2026-05-28T11:50:55.905,,0.34873590000097465
45.595085400000244,45.595085400000244,-0.002144829,210,2026-05-28T11:35:25.770,2026-05-28T11:50:55.770,,45.72871020000093,-6.54,89,2026-05-28T11:35:25.905,2026-05-28T11:50:55.905,,0.133624800000689
45.810342599999785,45.810342599999785,-0.002159267,211,2026-05-28T11:35:25.987,2026-05-28T11:50:55.987,,45.7639278000006,,91,2026-05-28T11:35:25.937,2026-05-28T11:50:55.937,Error desde Arduino: HX711 not found.,-0.04641479999918374
46.025715600000694,46.025715600000694,-0.002167601,212,2026-05-28T11:35:26.197,2026-05-28T11:50:56.197,,45.7639278000006,,91,2026-05-28T11:35:25.937,2026-05-28T11:50:55.937,Error desde Arduino: HX711 not found.,-0.26178780000009283
46.24085279999963,46.24085279999963,-0.002175851,213,2026-05-28T11:35:26.413,2026-05-28T11:50:56.413,,45.7639278000006,,91,2026-05-28T11:35:25.937,2026-05-28T11:50:55.937,Error desde Arduino: HX711 not found.,-0.47692499999902793
46.4558444000013,46.4558444000013,-0.002188059,214,2026-05-28T11:35:26.633,2026-05-28T11:50:56.633,,46.75613880000128,-8.79,92,2026-05-28T11:35:26.930,2026-05-28T11:50:56.930,,0.3002943999999843
46.6707576000008,46.6707576000008,-0.002197837,215,2026-05-28T11:35:26.846,2026-05-28T11:50:56.846,,46.75613880000128,-8.79,92,2026-05-28T11:35:26.930,2026-05-28T11:50:56.930,,0.08538120000048366
46.90710300000137,46.90710300000137,-0.002206946,216,2026-05-28T11:35:27.084,2026-05-28T11:50:57.084,,46.779174900000726,,93,2026-05-28T11:35:26.956,2026-05-28T11:50:56.956,Error desde Arduino: HX711 not found.,-0.12792810000064492
47.12206270000024,47.12206270000024,-0.002218149,217,2026-05-28T11:35:27.297,2026-05-28T11:50:57.297,,46.779174900000726,,93,2026-05-28T11:35:26.956,2026-05-28T11:50:56.956,Error desde Arduino: HX711 not found.,-0.3428877999995166
47.337112799999886,47.337112799999886,-0.002229906,218,2026-05-28T11:35:27.506,2026-05-28T11:50:57.506,,47.77139979999993,-7.12,94,2026-05-28T11:35:27.948,2026-05-28T11:50:57.948,,0.4342870000000403
47.552235799999835,47.552235799999835,-0.002242418,219,2026-05-28T11:35:27.725,2026-05-28T11:50:57.725,,47.77139979999993,-7.12,94,2026-05-28T11:35:27.948,2026-05-28T11:50:57.948,,0.21916400000009162
47.76733880000029,47.76733880000029,-0.002253023,220,2026-05-28T11:35:27.937,2026-05-28T11:50:57.937,,47.77139979999993,-7.12,94,2026-05-28T11:35:27.948,2026-05-28T11:50:57.948,,0.0040609999996377155
47.9824822999999,47.9824822999999,-0.002263315,221,2026-05-28T11:35:28.153,2026-05-28T11:50:58.153,,47.794662000000244,,95,2026-05-28T11:35:27.970,2026-05-28T11:50:57.970,Error desde Arduino: HX711 not found.,-0.18782029999965744
48.19770510000126,48.19770510000126,-0.002276696,222,2026-05-28T11:35:28.370,2026-05-28T11:50:58.370,,47.794662000000244,,95,2026-05-28T11:35:27.970,2026-05-28T11:50:57.970,Error desde Arduino: HX711 not found.,-0.40304310000101395
48.412780500000736,48.412780500000736,-0.002285794,223,2026-05-28T11:35:28.587,2026-05-28T11:50:58.587,,48.786765700000615,-8.89,96,2026-05-28T11:35:28.963,2026-05-28T11:50:58.963,,0.3739851999998791
48.62815700000101,48.62815700000101,-0.002295133,224,2026-05-28T11:35:28.803,2026-05-28T11:50:58.803,,48.786765700000615,-8.89,96,2026-05-28T11:35:28.963,2026-05-28T11:50:58.963,,0.15860869999960414
48.843057600000975,48.843057600000975,-0.002295091,225,2026-05-28T11:35:29.013,2026-05-28T11:50:59.013,,48.81004899999971,,97,2026-05-28T11:35:28.987,2026-05-28T11:50:58.987,Error desde Arduino: HX711 not found.,-0.03300860000126704
49.05809960000079,49.05809960000079,-0.002300368,226,2026-05-28T11:35:29.234,2026-05-28T11:50:59.234,,48.81004899999971,,97,2026-05-28T11:35:28.987,2026-05-28T11:50:58.987,Error desde Arduino: HX711 not found.,-0.24805060000107915
49.27323080000133,49.27323080000133,-0.002288013,227,2026-05-28T11:35:29.446,2026-05-28T11:50:59.446,,48.81004899999971,,97,2026-05-28T11:35:28.987,2026-05-28T11:50:58.987,Error desde Arduino: HX711 not found.,-0.463181800001621
49.48823319999974,49.48823319999974,-0.002291123,228,2026-05-28T11:35:29.663,2026-05-28T11:50:59.663,,49.802014700000655,-8.93,98,2026-05-28T11:35:29.970,2026-05-28T11:50:59.970,,0.3137815000009141
49.703325000000405,49.703325000000405,-0.002305519,229,2026-05-28T11:35:29.880,2026-05-28T11:50:59.880,,49.802014700000655,-8.93,98,2026-05-28T11:35:29.970,2026-05-28T11:50:59.970,,0.09868970000025001
49.91861650000101,49.91861650000101,-0.002315999,230,2026-05-28T11:35:30.090,2026-05-28T11:51:00.090,,49.8253147000014,,99,2026-05-28T11:35:29.997,2026-05-28T11:50:59.997,Error desde Arduino: HX711 not found.,-0.09330179999960819
50.13369760000023,50.13369760000023,-0.002323506,231,2026-05-28T11:35:30.303,2026-05-28T11:51:00.303,,49.8253147000014,,99,2026-05-28T11:35:29.997,2026-05-28T11:50:59.997,Error desde Arduino: HX711 not found.,-0.3083828999988327
50.348828800000774,50.348828800000774,-0.002334436,232,2026-05-28T11:35:30.520,2026-05-28T11:51:00.520,,50.817424400000164,-9.52,100,2026-05-28T11:35:30.994,2026-05-28T11:51:00.994,,0.4685955999993894
50.56390660000034,50.56390660000034,-0.002342896,233,2026-05-28T11:35:30.737,2026-05-28T11:51:00.737,,50.817424400000164,-9.52,100,2026-05-28T11:35:30.994,2026-05-28T11:51:00.994,,0.2535177999998268
50.778982600000745,50.778982600000745,-0.00235011,234,2026-05-28T11:35:30.956,2026-05-28T11:51:00.956,,50.817424400000164,-9.52,100,2026-05-28T11:35:30.994,2026-05-28T11:51:00.994,,0.038441799999418436
50.99420970000028,50.99420970000028,-0.002359899,235,2026-05-28T11:35:31.170,2026-05-28T11:51:01.170,,50.840643499999715,,101,2026-05-28T11:35:31.013,2026-05-28T11:51:01.013,Error desde Arduino: HX711 not found.,-0.15356620000056864
51.20935570000074,51.20935570000074,-0.002368285,236,2026-05-28T11:35:31.386,2026-05-28T11:51:01.386,,50.840643499999715,,101,2026-05-28T11:35:31.013,2026-05-28T11:51:01.013,Error desde Arduino: HX711 not found.,-0.36871220000102767
51.42469830000118,51.42469830000118,-0.00237798,237,2026-05-28T11:35:31.597,2026-05-28T11:51:01.597,,51.83375650000016,-11.93,102,2026-05-28T11:35:32.003,2026-05-28T11:51:02.003,,0.40905819999898085
51.63965070000086,51.63965070000086,-0.002387727,238,2026-05-28T11:35:31.813,2026-05-28T11:51:01.813,,51.83375650000016,-11.93,102,2026-05-28T11:35:32.003,2026-05-28T11:51:02.003,,0.19410579999930633
51.85471940000025,51.85471940000025,-0.002392104,239,2026-05-28T11:35:32.030,2026-05-28T11:51:02.030,,51.8569449000006,,103,2026-05-28T11:35:32.030,2026-05-28T11:51:02.030,Error desde Arduino: HX711 not found.,0.0022255000003497116
52.06973040000048,52.06973040000048,-0.002403191,240,2026-05-28T11:35:32.246,2026-05-28T11:51:02.246,,51.8569449000006,,103,2026-05-28T11:35:32.030,2026-05-28T11:51:02.030,Error desde Arduino: HX711 not found.,-0.21278549999988172
52.28472780000084,52.28472780000084,-0.002410928,241,2026-05-28T11:35:32.462,2026-05-28T11:51:02.462,,51.8569449000006,,103,2026-05-28T11:35:32.030,2026-05-28T11:51:02.030,Error desde Arduino: HX711 not found.,-0.42778290000023844
52.49981409999964,52.49981409999964,-0.002419095,242,2026-05-28T11:35:32.675,2026-05-28T11:51:02.675,,52.8501578000014,-10.62,104,2026-05-28T11:35:33.020,2026-05-28T11:51:03.020,,0.3503437000017584
52.71516060000067,52.71516060000067,-0.002428444,243,2026-05-28T11:35:32.891,2026-05-28T11:51:02.891,,52.8501578000014,-10.62,104,2026-05-28T11:35:33.020,2026-05-28T11:51:03.020,,0.13499720000072557
52.930209600001035,52.930209600001035,-0.002439134,244,2026-05-28T11:35:33.107,2026-05-28T11:51:03.107,,52.873437600001125,,105,2026-05-28T11:35:33.046,2026-05-28T11:51:03.046,Error desde Arduino: HX711 not found.,-0.056771999999909895
53.14531790000001,53.14531790000001,-0.002450033,245,2026-05-28T11:35:33.322,2026-05-28T11:51:03.322,,52.873437600001125,,105,2026-05-28T11:35:33.046,2026-05-28T11:51:03.046,Error desde Arduino: HX711 not found.,-0.27188029999888386
53.3605134999998,53.3605134999998,-0.002457634,246,2026-05-28T11:35:33.537,2026-05-28T11:51:03.537,,52.873437600001125,,105,2026-05-28T11:35:33.046,2026-05-28T11:51:03.046,Error desde Arduino: HX711 not found.,-0.48707589999867196
53.57542199999989,53.57542199999989,-0.002458796,247,2026-05-28T11:35:33.747,2026-05-28T11:51:03.747,,53.866566599999715,-12.15,106,2026-05-28T11:35:34.037,2026-05-28T11:51:04.037,,0.291144599999825
53.79068550000011,53.79068550000011,-0.00246468,248,2026-05-28T11:35:33.963,2026-05-28T11:51:03.963,,53.866566599999715,-12.15,106,2026-05-28T11:35:34.037,2026-05-28T11:51:04.037,,0.0758810999996058
54.00560320000113,54.00560320000113,-0.002472585,249,2026-05-28T11:35:34.180,2026-05-28T11:51:04.180,,53.88968600000044,,107,2026-05-28T11:35:34.063,2026-05-28T11:51:04.063,Error desde Arduino: HX711 not found.,-0.11591720000069472
54.22088670000085,54.22088670000085,-0.002477935,250,2026-05-28T11:35:34.389,2026-05-28T11:51:04.389,,53.88968600000044,,107,2026-05-28T11:35:34.063,2026-05-28T11:51:04.063,Error desde Arduino: HX711 not found.,-0.3312007000004087
54.435822800000096,54.435822800000096,-0.002483557,251,2026-05-28T11:35:34.612,2026-05-28T11:51:04.612,,54.88293160000103,-13.34,108,2026-05-28T11:35:35.059,2026-05-28T11:51:05.059,,0.4471088000009331
54.65085160000126,54.65085160000126,-0.002492697,252,2026-05-28T11:35:34.827,2026-05-28T11:51:04.827,,54.88293160000103,-13.34,108,2026-05-28T11:35:35.059,2026-05-28T11:51:05.059,,0.23207999999976892
54.86607080000067,54.86607080000067,-0.002501282,253,2026-05-28T11:35:35.042,2026-05-28T11:51:05.042,,54.88293160000103,-13.34,108,2026-05-28T11:35:35.059,2026-05-28T11:51:05.059,,0.016860800000358722
55.081406200000856,55.081406200000856,-0.002510004,254,2026-05-28T11:35:35.253,2026-05-28T11:51:05.253,,54.906236900000295,,109,2026-05-28T11:35:35.080,2026-05-28T11:51:05.080,Error desde Arduino: HX711 not found.,-0.17516930000056163
55.29634140000053,55.29634140000053,-0.002519018,255,2026-05-28T11:35:35.470,2026-05-28T11:51:05.470,,54.906236900000295,,109,2026-05-28T11:35:35.080,2026-05-28T11:51:05.080,Error desde Arduino: HX711 not found.,-0.3901045000002341
55.51154580000002,55.51154580000002,-0.002526368,256,2026-05-28T11:35:35.688,2026-05-28T11:51:05.688,,55.899476599999616,-12.23,110,2026-05-28T11:35:36.070,2026-05-28T11:51:06.070,,0.38793079999959446
55.72647760000109,55.72647760000109,-0.002536325,257,2026-05-28T11:35:35.903,2026-05-28T11:51:05.903,,55.899476599999616,-12.23,110,2026-05-28T11:35:36.070,2026-05-28T11:51:06.070,,0.17299899999852641
55.941638899999816,55.941638899999816,-0.002546889,258,2026-05-28T11:35:36.117,2026-05-28T11:51:06.117,,55.922715900000185,,111,2026-05-28T11:35:36.096,2026-05-28T11:51:06.096,Error desde Arduino: HX711 not found.,-0.01892299999963143
56.15680290000091,56.15680290000091,-0.002558144,259,2026-05-28T11:35:36.330,2026-05-28T11:51:06.330,,55.922715900000185,,111,2026-05-28T11:35:36.096,2026-05-28T11:51:06.096,Error desde Arduino: HX711 not found.,-0.23408700000072713
56.37184780000098,56.37184780000098,-0.00256988,260,2026-05-28T11:35:36.548,2026-05-28T11:51:06.548,,55.922715900000185,,111,2026-05-28T11:35:36.096,2026-05-28T11:51:06.096,Error desde Arduino: HX711 not found.,-0.4491319000007934
56.5873059000005,56.5873059000005,-0.002575806,261,2026-05-28T11:35:36.763,2026-05-28T11:51:06.763,,56.915846600000805,-14.44,112,2026-05-28T11:35:37.087,2026-05-28T11:51:07.087,,0.32854070000030333
56.80224910000106,56.80224910000106,-0.002583931,262,2026-05-28T11:35:36.970,2026-05-28T11:51:06.970,,56.915846600000805,-14.44,112,2026-05-28T11:35:37.087,2026-05-28T11:51:07.087,,0.11359749999974156
57.017595000001165,57.017595000001165,-0.00259461,263,2026-05-28T11:35:37.187,2026-05-28T11:51:07.187,,56.93896649999988,,113,2026-05-28T11:35:37.113,2026-05-28T11:51:07.113,Error desde Arduino: HX711 not found.,-0.07862850000128674
57.23253980000118,57.23253980000118,-0.002604588,264,2026-05-28T11:35:37.403,2026-05-28T11:51:07.403,,56.93896649999988,,113,2026-05-28T11:35:37.113,2026-05-28T11:51:07.113,Error desde Arduino: HX711 not found.,-0.2935733000012988
57.44780890000038,57.44780890000038,-0.002614597,265,2026-05-28T11:35:37.625,2026-05-28T11:51:07.625,,57.93212090000088,-13.9,114,2026-05-28T11:35:38.108,2026-05-28T11:51:08.108,,0.4843120000005001
57.66277900000023,57.66277900000023,-0.002626281,266,2026-05-28T11:35:37.837,2026-05-28T11:51:07.837,,57.93212090000088,-13.9,114,2026-05-28T11:35:38.108,2026-05-28T11:51:08.108,,0.2693419000006543
57.878046100000574,57.878046100000574,-0.002636541,267,2026-05-28T11:35:38.053,2026-05-28T11:51:08.053,,57.93212090000088,-13.9,114,2026-05-28T11:35:38.108,2026-05-28T11:51:08.108,,0.05407480000030773
58.09301360000063,58.09301360000063,-0.002645147,268,2026-05-28T11:35:38.270,2026-05-28T11:51:08.270,,57.95522820000042,,115,2026-05-28T11:35:38.131,2026-05-28T11:51:08.131,Error desde Arduino: HX711 not found.,-0.13778540000021167
58.308131600000706,58.308131600000706,-0.002657052,269,2026-05-28T11:35:38.480,2026-05-28T11:51:08.480,,57.95522820000042,,115,2026-05-28T11:35:38.131,2026-05-28T11:51:08.131,Error desde Arduino: HX711 not found.,-0.35290340000028664
58.52318530000048,58.52318530000048,-0.002666265,270,2026-05-28T11:35:38.700,2026-05-28T11:51:08.700,,58.948611800000435,-15.04,116,2026-05-28T11:35:39.120,2026-05-28T11:51:09.120,,0.42542649999995774
58.73824020000029,58.73824020000029,-0.002676023,271,2026-05-28T11:35:38.913,2026-05-28T11:51:08.913,,58.948611800000435,-15.04,116,2026-05-28T11:35:39.120,2026-05-28T11:51:09.120,,0.2103716000001441
58.953387000001385,58.953387000001385,-0.002686032,272,2026-05-28T11:35:39.130,2026-05-28T11:51:09.130,,58.948611800000435,-15.04,116,2026-05-28T11:35:39.120,2026-05-28T11:51:09.120,,-0.004775200000949553
59.16838600000119,59.16838600000119,-0.002695999,273,2026-05-28T11:35:39.336,2026-05-28T11:51:09.336,,58.971867199999906,,117,2026-05-28T11:35:39.148,2026-05-28T11:51:09.148,Error desde Arduino: HX711 not found.,-0.19651880000128585
59.38368830000036,59.38368830000036,-0.00270627,274,2026-05-28T11:35:39.553,2026-05-28T11:51:09.553,,58.971867199999906,,117,2026-05-28T11:35:39.148,2026-05-28T11:51:09.148,Error desde Arduino: HX711 not found.,-0.41182110000045213
59.598733800001355,59.598733800001355,-0.002715787,275,2026-05-28T11:35:39.775,2026-05-28T11:51:09.775,,59.96503990000019,-15.77,118,2026-05-28T11:35:40.140,2026-05-28T11:51:10.140,,0.36630609999883745
59.81400620000022,59.81400620000022,-0.002725283,276,2026-05-28T11:35:39.990,2026-05-28T11:51:09.990,,59.96503990000019,-15.77,118,2026-05-28T11:35:40.140,2026-05-28T11:51:10.140,,0.15103369999997085
60.028952700000445,60.028952700000445,-0.002734182,277,2026-05-28T11:35:40.206,2026-05-28T11:51:10.206,,59.98832650000077,,119,2026-05-28T11:35:40.163,2026-05-28T11:51:10.163,Error desde Arduino: HX711 not found.,-0.04062619999967865
60.244075300000986,60.244075300000986,-0.002743919,278,2026-05-28T11:35:40.421,2026-05-28T11:51:10.421,,59.98832650000077,,119,2026-05-28T11:35:40.163,2026-05-28T11:51:10.163,Error desde Arduino: HX711 not found.,-0.2557488000002195
60.459157200000845,60.459157200000845,-0.002754619,279,2026-05-28T11:35:40.630,2026-05-28T11:51:10.630,,59.98832650000077,,119,2026-05-28T11:35:40.163,2026-05-28T11:51:10.163,Error desde Arduino: HX711 not found.,-0.47083070000007865
60.67432710000139,60.67432710000139,-0.002765393,280,2026-05-28T11:35:40.846,2026-05-28T11:51:10.846,,60.9815765000003,-15.62,120,2026-05-28T11:35:41.153,2026-05-28T11:51:11.153,,0.3072493999989092
60.88941410000007,60.88941410000007,-0.00277603,281,2026-05-28T11:35:41.062,2026-05-28T11:51:11.062,,60.9815765000003,-15.62,120,2026-05-28T11:35:41.153,2026-05-28T11:51:11.153,,0.0921624000002339
61.10436380000101,61.10436380000101,-0.002785704,282,2026-05-28T11:35:41.275,2026-05-28T11:51:11.275,,61.00471600000128,,121,2026-05-28T11:35:41.175,2026-05-28T11:51:11.175,Error desde Arduino: HX711 not found.,-0.09964779999972961
61.31948890000058,61.31948890000058,-0.002795629,283,2026-05-28T11:35:41.496,2026-05-28T11:51:11.496,,61.00471600000128,,121,2026-05-28T11:35:41.175,2026-05-28T11:51:11.175,Error desde Arduino: HX711 not found.,-0.3147728999992978
61.53444049999962,61.53444049999962,-0.002805502,284,2026-05-28T11:35:41.711,2026-05-28T11:51:11.711,,61.99783860000025,-16.19,122,2026-05-28T11:35:42.175,2026-05-28T11:51:12.175,,0.46339810000063153
61.74946009999985,61.74946009999985,-0.002814737,285,2026-05-28T11:35:41.925,2026-05-28T11:51:11.925,,61.99783860000025,-16.19,122,2026-05-28T11:35:42.175,2026-05-28T11:51:12.175,,0.24837850000039907
61.964602600000944,61.964602600000944,-0.002824222,286,2026-05-28T11:35:42.141,2026-05-28T11:51:12.141,,61.99783860000025,-16.19,122,2026-05-28T11:35:42.175,2026-05-28T11:51:12.175,,0.03323599999930593
62.18004810000093,62.18004810000093,-0.002832996,287,2026-05-28T11:35:42.357,2026-05-28T11:51:12.357,,62.02103100000022,,123,2026-05-28T11:35:42.197,2026-05-28T11:51:12.197,Error desde Arduino: HX711 not found.,-0.15901710000071034
62.39497289999963,62.39497289999963,-0.002842544,288,2026-05-28T11:35:42.570,2026-05-28T11:51:12.570,,62.02103100000022,,123,2026-05-28T11:35:42.197,2026-05-28T11:51:12.197,Error desde Arduino: HX711 not found.,-0.37394189999940863
62.610319499999605,62.610319499999605,-0.002852375,289,2026-05-28T11:35:42.787,2026-05-28T11:51:12.787,,63.01411639999969,-17.35,124,2026-05-28T11:35:43.191,2026-05-28T11:51:13.191,,0.4037969000000885
62.82531730000119,62.82531730000119,-0.002861819,290,2026-05-28T11:35:42.997,2026-05-28T11:51:12.997,,63.01411639999969,-17.35,124,2026-05-28T11:35:43.191,2026-05-28T11:51:13.191,,0.18879909999850497
63.04043350000029,63.04043350000029,-0.002870865,291,2026-05-28T11:35:43.216,2026-05-28T11:51:13.216,,63.0373193000014,,125,2026-05-28T11:35:43.206,2026-05-28T11:51:13.206,Error desde Arduino: HX711 not found.,-0.003114199998890399
63.25556880000113,63.25556880000113,-0.002880466,292,2026-05-28T11:35:43.424,2026-05-28T11:51:13.424,,63.0373193000014,,125,2026-05-28T11:35:43.206,2026-05-28T11:51:13.206,Error desde Arduino: HX711 not found.,-0.21824949999972887
63.4705625000006,63.4705625000006,-0.002890234,293,2026-05-28T11:35:43.647,2026-05-28T11:51:13.647,,63.0373193000014,,125,2026-05-28T11:35:43.206,2026-05-28T11:51:13.206,Error desde Arduino: HX711 not found.,-0.4332431999991968
63.68582720000086,63.68582720000086,-0.002899793,294,2026-05-28T11:35:43.853,2026-05-28T11:51:13.853,,64.0304855000013,-18.22,126,2026-05-28T11:35:44.206,2026-05-28T11:51:14.206,,0.3446583000004466
63.90090560000135,63.90090560000135,-0.002909331,295,2026-05-28T11:35:44.077,2026-05-28T11:51:14.077,,64.0304855000013,-18.22,126,2026-05-28T11:35:44.206,2026-05-28T11:51:14.206,,0.12957989999995334
64.11613829999988,64.11613829999988,-0.002917874,296,2026-05-28T11:35:44.287,2026-05-28T11:51:14.287,,64.05377880000015,,127,2026-05-28T11:35:44.230,2026-05-28T11:51:14.230,Error desde Arduino: HX711 not found.,-0.06235949999972945
64.33119609999994,64.33119609999994,-0.002926973,297,2026-05-28T11:35:44.503,2026-05-28T11:51:14.503,,64.05377880000015,,127,2026-05-28T11:35:44.230,2026-05-28T11:51:14.230,Error desde Arduino: HX711 not found.,-0.27741729999979725
64.54645259999961,64.54645259999961,-0.002936039,298,2026-05-28T11:35:44.720,2026-05-28T11:51:14.720,,64.05377880000015,,127,2026-05-28T11:35:44.230,2026-05-28T11:51:14.230,Error desde Arduino: HX711 not found.,-0.4926737999994657
64.76148210000065,64.76148210000065,-0.00294408,299,2026-05-28T11:35:44.937,2026-05-28T11:51:14.937,,65.04673800000091,-17.58,128,2026-05-28T11:35:45.220,2026-05-28T11:51:15.220,,0.2852559000002657
64.97668280000107,64.97668280000107,-0.002952613,300,2026-05-28T11:35:45.153,2026-05-28T11:51:15.153,,65.04673800000091,-17.58,128,2026-05-28T11:35:45.220,2026-05-28T11:51:15.220,,0.07005519999984244
65.19182870000077,65.19182870000077,-0.002961418,301,2026-05-28T11:35:45.363,2026-05-28T11:51:15.363,,65.06979900000078,,129,2026-05-28T11:35:45.247,2026-05-28T11:51:15.247,Error desde Arduino: HX711 not found.,-0.12202969999998459
65.40724190000037,65.40724190000037,-0.002970726,302,2026-05-28T11:35:45.580,2026-05-28T11:51:15.580,,65.06979900000078,,129,2026-05-28T11:35:45.247,2026-05-28T11:51:15.247,Error desde Arduino: HX711 not found.,-0.3374428999995871
65.62242700000024,65.62242700000024,-0.002977887,303,2026-05-28T11:35:45.796,2026-05-28T11:51:15.796,,66.06312950000029,-18.36,130,2026-05-28T11:35:46.240,2026-05-28T11:51:16.240,,0.4407025000000431
65.83750610000061,65.83750610000061,-0.002986881,304,2026-05-28T11:35:46.013,2026-05-28T11:51:16.013,,66.06312950000029,-18.36,130,2026-05-28T11:35:46.240,2026-05-28T11:51:16.240,,0.22562339999967662
66.05288649999966,66.05288649999966,-0.002996366,305,2026-05-28T11:35:46.229,2026-05-28T11:51:16.229,,66.06312950000029,-18.36,130,2026-05-28T11:35:46.240,2026-05-28T11:51:16.240,,0.010243000000627944
66.26789610000014,66.26789610000014,-0.003006668,306,2026-05-28T11:35:46.437,2026-05-28T11:51:16.437,,66.08631710000009,,131,2026-05-28T11:35:46.263,2026-05-28T11:51:16.263,Error desde Arduino: HX711 not found.,-0.1815790000000561
66.48316420000083,66.48316420000083,-0.003016123,307,2026-05-28T11:35:46.653,2026-05-28T11:51:16.653,,66.08631710000009,,131,2026-05-28T11:35:46.263,2026-05-28T11:51:16.263,Error desde Arduino: HX711 not found.,-0.3968471000007412
66.69809440000063,66.69809440000063,-0.003025629,308,2026-05-28T11:35:46.870,2026-05-28T11:51:16.870,,67.07946550000088,-19.19,132,2026-05-28T11:35:47.253,2026-05-28T11:51:17.253,,0.3813711000002513
66.91335660000004,66.91335660000004,-0.003035397,309,2026-05-28T11:35:47.087,2026-05-28T11:51:17.087,,67.07946550000088,-19.19,132,2026-05-28T11:35:47.253,2026-05-28T11:51:17.253,,0.166108900000836
67.12832710000112,67.12832710000112,-0.003044548,310,2026-05-28T11:35:47.303,2026-05-28T11:51:17.303,,67.10275290000027,,133,2026-05-28T11:35:47.270,2026-05-28T11:51:17.270,Error desde Arduino: HX711 not found.,-0.02557420000084676
67.3435612000012,67.3435612000012,-0.003053123,311,2026-05-28T11:35:47.520,2026-05-28T11:51:17.520,,67.10275290000027,,133,2026-05-28T11:35:47.270,2026-05-28T11:51:17.270,Error desde Arduino: HX711 not found.,-0.24080830000093556
67.55863590000081,67.55863590000081,-0.003061519,312,2026-05-28T11:35:47.730,2026-05-28T11:51:17.730,,67.10275290000027,,133,2026-05-28T11:35:47.270,2026-05-28T11:51:17.270,Error desde Arduino: HX711 not found.,-0.45588300000054005
67.77371570000105,67.77371570000105,-0.003068775,313,2026-05-28T11:35:47.946,2026-05-28T11:51:17.946,,68.09573000000091,-19.2,134,2026-05-28T11:35:48.272,2026-05-28T11:51:18.272,,0.3220142999998643
67.98872269999993,67.98872269999993,-0.003076879,314,2026-05-28T11:35:48.165,2026-05-28T11:51:18.165,,68.09573000000091,-19.2,134,2026-05-28T11:35:48.272,2026-05-28T11:51:18.272,,0.10700730000098702
68.2040605000002,68.2040605000002,-0.003086071,315,2026-05-28T11:35:48.380,2026-05-28T11:51:18.380,,68.1189215000013,,135,2026-05-28T11:35:48.287,2026-05-28T11:51:18.287,Error desde Arduino: HX711 not found.,-0.08513899999888963
68.41928130000088,68.41928130000088,-0.003095504,316,2026-05-28T11:35:48.587,2026-05-28T11:51:18.587,,68.1189215000013,,135,2026-05-28T11:35:48.287,2026-05-28T11:51:18.287,Error desde Arduino: HX711 not found.,-0.3003597999995691
68.63420659999974,68.63420659999974,-0.00310255,317,2026-05-28T11:35:48.803,2026-05-28T11:51:18.803,,69.11200690000078,-19.98,136,2026-05-28T11:35:49.288,2026-05-28T11:51:19.288,,0.4778003000010358
68.84975800000029,68.84975800000029,-0.003110005,318,2026-05-28T11:35:49.020,2026-05-28T11:51:19.020,,69.11200690000078,-19.98,136,2026-05-28T11:35:49.288,2026-05-28T11:51:19.288,,0.2622489000004862
69.06481020000138,69.06481020000138,-0.003118318,319,2026-05-28T11:35:49.237,2026-05-28T11:51:19.237,,69.11200690000078,-19.98,136,2026-05-28T11:35:49.288,2026-05-28T11:51:19.288,,0.04719669999940379
69.27980610000122,69.27980610000122,-0.003128254,320,2026-05-28T11:35:49.453,2026-05-28T11:51:19.453,,69.1352979000003,,137,2026-05-28T11:35:49.303,2026-05-28T11:51:19.303,Error desde Arduino: HX711 not found.,-0.1445082000009279
69.49477720000141,69.49477720000141,-0.003137069,321,2026-05-28T11:35:49.670,2026-05-28T11:51:19.670,,69.1352979000003,,137,2026-05-28T11:35:49.303,2026-05-28T11:51:19.303,Error desde Arduino: HX711 not found.,-0.3594793000011123
69.71003390000078,69.71003390000078,-0.003145801,322,2026-05-28T11:35:49.887,2026-05-28T11:51:19.887,,70.12847990000046,-20.76,138,2026-05-28T11:35:50.303,2026-05-28T11:51:20.303,,0.41844599999967613
69.92518070000006,69.92518070000006,-0.003151099,323,2026-05-28T11:35:50.097,2026-05-28T11:51:20.097,,70.12847990000046,-20.76,138,2026-05-28T11:35:50.303,2026-05-28T11:51:20.303,,0.20329920000040147
70.14008990000002,70.14008990000002,-0.003158281,324,2026-05-28T11:35:50.313,2026-05-28T11:51:20.313,,70.15161090000038,,139,2026-05-28T11:35:50.324,2026-05-28T11:51:20.324,Error desde Arduino: HX711 not found.,0.011521000000357162
70.35517550000077,70.35517550000077,-0.003165809,325,2026-05-28T11:35:50.532,2026-05-28T11:51:20.532,,70.15161090000038,,139,2026-05-28T11:35:50.324,2026-05-28T11:51:20.324,Error desde Arduino: HX711 not found.,-0.20356460000039078
70.57033640000009,70.57033640000009,-0.003173504,326,2026-05-28T11:35:50.747,2026-05-28T11:51:20.747,,70.15161090000038,,139,2026-05-28T11:35:50.324,2026-05-28T11:51:20.324,Error desde Arduino: HX711 not found.,-0.4187254999997094
70.7853711000007,70.7853711000007,-0.003182131,327,2026-05-28T11:35:50.962,2026-05-28T11:51:20.962,,71.14481460000025,-20.72,140,2026-05-28T11:35:51.320,2026-05-28T11:51:21.320,,0.35944349999954284
71.00059529999999,71.00059529999999,-0.0031899,328,2026-05-28T11:35:51.177,2026-05-28T11:51:21.177,,71.14481460000025,-20.72,140,2026-05-28T11:35:51.320,2026-05-28T11:51:21.320,,0.14421930000025895
71.21588820000034,71.21588820000034,-0.003196925,329,2026-05-28T11:35:51.392,2026-05-28T11:51:21.392,,71.1680895999998,,141,2026-05-28T11:35:51.337,2026-05-28T11:51:21.337,Error desde Arduino: HX711 not found.,-0.04779860000053304
71.43108920000122,71.43108920000122,-0.003205343,330,2026-05-28T11:35:51.608,2026-05-28T11:51:21.608,,71.1680895999998,,141,2026-05-28T11:35:51.337,2026-05-28T11:51:21.337,Error desde Arduino: HX711 not found.,-0.26299960000142164
71.64652949999982,71.64652949999982,-0.003213247,331,2026-05-28T11:35:51.823,2026-05-28T11:51:21.823,,71.1680895999998,,141,2026-05-28T11:35:51.337,2026-05-28T11:51:21.337,Error desde Arduino: HX711 not found.,-0.47843990000001213
71.86145340000076,71.86145340000076,-0.003220587,332,2026-05-28T11:35:52.038,2026-05-28T11:51:22.038,,72.1612137000011,-21.57,142,2026-05-28T11:35:52.337,2026-05-28T11:51:22.337,,0.2997603000003437
72.0766506,72.0766506,-0.003227057,333,2026-05-28T11:35:52.253,2026-05-28T11:51:22.253,,72.1612137000011,-21.57,142,2026-05-28T11:35:52.337,2026-05-28T11:51:22.337,,0.08456310000110534
72.29197390000081,72.29197390000081,-0.003234585,334,2026-05-28T11:35:52.463,2026-05-28T11:51:22.463,,72.18431349999992,,143,2026-05-28T11:35:52.358,2026-05-28T11:51:22.358,Error desde Arduino: HX711 not found.,-0.1076604000008956
72.50694990000011,72.50694990000011,-0.003244133,335,2026-05-28T11:35:52.683,2026-05-28T11:51:22.683,,72.18431349999992,,143,2026-05-28T11:35:52.358,2026-05-28T11:51:22.358,Error desde Arduino: HX711 not found.,-0.3226364000001922
72.72208330000103,72.72208330000103,-0.003252456,336,2026-05-28T11:35:52.895,2026-05-28T11:51:22.895,,73.17745730000024,-22.96,144,2026-05-28T11:35:53.353,2026-05-28T11:51:23.353,,0.45537399999921035
72.93718900000022,72.93718900000022,-0.00325966,337,2026-05-28T11:35:53.112,2026-05-28T11:51:23.112,,73.17745730000024,-22.96,144,2026-05-28T11:35:53.353,2026-05-28T11:51:23.353,,0.2402683000000252
73.15230510000038,73.15230510000038,-0.003267376,338,2026-05-28T11:35:53.329,2026-05-28T11:51:23.329,,73.17745730000024,-22.96,144,2026-05-28T11:35:53.353,2026-05-28T11:51:23.353,,0.025152199999865843
73.39601560000119,73.39601560000119,-0.003273616,339,2026-05-28T11:35:53.570,2026-05-28T11:51:23.570,,73.20075730000099,,145,2026-05-28T11:35:53.370,2026-05-28T11:51:23.370,Error desde Arduino: HX711 not found.,-0.19525830000020505
73.6106706999999,73.6106706999999,-0.003281322,340,2026-05-28T11:35:53.787,2026-05-28T11:51:23.787,,73.20075730000099,,145,2026-05-28T11:35:53.370,2026-05-28T11:51:23.370,Error desde Arduino: HX711 not found.,-0.4099133999989135
73.82589160000134,73.82589160000134,-0.003290116,341,2026-05-28T11:35:54.003,2026-05-28T11:51:24.003,,74.19390449999992,-21.9,146,2026-05-28T11:35:54.370,2026-05-28T11:51:24.370,,0.36801289999857545
74.04110460000084,74.04110460000084,-0.003299026,342,2026-05-28T11:35:54.215,2026-05-28T11:51:24.215,,74.19390449999992,-21.9,146,2026-05-28T11:35:54.370,2026-05-28T11:51:24.370,,0.1527998999990814
74.25621080000019,74.25621080000019,-0.003306041,343,2026-05-28T11:35:54.429,2026-05-28T11:51:24.429,,74.21709440000086,,147,2026-05-28T11:35:54.387,2026-05-28T11:51:24.387,Error desde Arduino: HX711 not found.,-0.03911639999932959
74.47139070000048,74.47139070000048,-0.003313663,344,2026-05-28T11:35:54.648,2026-05-28T11:51:24.648,,74.21709440000086,,147,2026-05-28T11:35:54.387,2026-05-28T11:51:24.387,Error desde Arduino: HX711 not found.,-0.25429629999962344
74.6863143999999,74.6863143999999,-0.003321431,345,2026-05-28T11:35:54.863,2026-05-28T11:51:24.863,,74.21709440000086,,147,2026-05-28T11:35:54.387,2026-05-28T11:51:24.387,Error desde Arduino: HX711 not found.,-0.46921999999904074
74.90147350000007,74.90147350000007,-0.003328477,346,2026-05-28T11:35:55.070,2026-05-28T11:51:25.070,,75.21033890000035,-22.46,148,2026-05-28T11:35:55.387,2026-05-28T11:51:25.387,,0.30886540000028617
75.11657829999967,75.11657829999967,-0.003334895,347,2026-05-28T11:35:55.287,2026-05-28T11:51:25.287,,75.21033890000035,-22.46,148,2026-05-28T11:35:55.387,2026-05-28T11:51:25.387,,0.0937606000006781
75.33170940000127,75.33170940000127,-0.003342831,348,2026-05-28T11:35:55.508,2026-05-28T11:51:25.508,,75.23360700000012,,149,2026-05-28T11:35:55.407,2026-05-28T11:51:25.407,Error desde Arduino: HX711 not found.,-0.098102400001153
75.54694860000018,75.54694860000018,-0.003351909,349,2026-05-28T11:35:55.720,2026-05-28T11:51:25.720,,75.23360700000012,,149,2026-05-28T11:35:55.407,2026-05-28T11:51:25.407,Error desde Arduino: HX711 not found.,-0.31334160000005795
75.76219550000133,75.76219550000133,-0.003359489,350,2026-05-28T11:35:55.937,2026-05-28T11:51:25.937,,76.22678960000121,-23.5,150,2026-05-28T11:35:56.403,2026-05-28T11:51:26.403,,0.46459409999988566
75.97710019999977,75.97710019999977,-0.003367624,351,2026-05-28T11:35:56.153,2026-05-28T11:51:26.153,,76.22678960000121,-23.5,150,2026-05-28T11:35:56.403,2026-05-28T11:51:26.403,,0.24968940000144357
76.19230360000074,76.19230360000074,-0.003375466,352,2026-05-28T11:35:56.363,2026-05-28T11:51:26.363,,76.22678960000121,-23.5,150,2026-05-28T11:35:56.403,2026-05-28T11:51:26.403,,0.034486000000470085
76.4074670000009,76.4074670000009,-0.003383433,353,2026-05-28T11:35:56.579,2026-05-28T11:51:26.579,,76.25006589999975,,151,2026-05-28T11:35:56.420,2026-05-28T11:51:26.420,Error desde Arduino: HX711 not found.,-0.15740110000115237
76.62248360000012,76.62248360000012,-0.003391589,354,2026-05-28T11:35:56.799,2026-05-28T11:51:26.799,,76.25006589999975,,151,2026-05-28T11:35:56.420,2026-05-28T11:51:26.420,Error desde Arduino: HX711 not found.,-0.3724177000003692
76.83758470000066,76.83758470000066,-0.00340029,355,2026-05-28T11:35:57.014,2026-05-28T11:51:27.014,,77.24323180000101,-24.0,152,2026-05-28T11:35:57.420,2026-05-28T11:51:27.420,,0.4056471000003512
77.05275470000015,77.05275470000015,-0.003409053,356,2026-05-28T11:35:57.225,2026-05-28T11:51:27.225,,77.24323180000101,-24.0,152,2026-05-28T11:35:57.420,2026-05-28T11:51:27.420,,0.19047710000086227
77.26785780000137,77.26785780000137,-0.003417816,357,2026-05-28T11:35:57.445,2026-05-28T11:51:27.445,,77.26650250000057,,153,2026-05-28T11:35:57.441,2026-05-28T11:51:27.441,Error desde Arduino: HX711 not found.,-0.0013553000007959781
77.48300159999962,77.48300159999962,-0.00342637,358,2026-05-28T11:35:57.658,2026-05-28T11:51:27.658,,77.26650250000057,,153,2026-05-28T11:35:57.441,2026-05-28T11:51:27.441,Error desde Arduino: HX711 not found.,-0.21649909999905503
77.69814399999996,77.69814399999996,-0.003434274,359,2026-05-28T11:35:57.875,2026-05-28T11:51:27.875,,77.26650250000057,,153,2026-05-28T11:35:57.441,2026-05-28T11:51:27.441,Error desde Arduino: HX711 not found.,-0.4316414999993867
77.91325380000126,77.91325380000126,-0.003442368,360,2026-05-28T11:35:58.088,2026-05-28T11:51:28.088,,78.25963910000064,-24.17,154,2026-05-28T11:35:58.437,2026-05-28T11:51:28.437,,0.3463852999993833
78.1284394000013,78.1284394000013,-0.003450764,361,2026-05-28T11:35:58.303,2026-05-28T11:51:28.303,,78.25963910000064,-24.17,154,2026-05-28T11:35:58.437,2026-05-28T11:51:28.437,,0.13119969999934256
78.34363529999973,78.34363529999973,-0.003458062,362,2026-05-28T11:35:58.520,2026-05-28T11:51:28.520,,78.28294500000084,,155,2026-05-28T11:35:58.453,2026-05-28T11:51:28.453,Error desde Arduino: HX711 not found.,-0.06069029999889608
78.55878440000015,78.55878440000015,-0.003466553,363,2026-05-28T11:35:58.734,2026-05-28T11:51:28.734,,78.28294500000084,,155,2026-05-28T11:35:58.453,2026-05-28T11:51:28.453,Error desde Arduino: HX711 not found.,-0.2758393999993132
78.77404490000117,78.77404490000117,-0.003474342,364,2026-05-28T11:35:58.941,2026-05-28T11:51:28.941,,78.28294500000084,,155,2026-05-28T11:35:58.453,2026-05-28T11:51:28.453,Error desde Arduino: HX711 not found.,-0.49109990000033577
78.98893860000135,78.98893860000135,-0.003482446,365,2026-05-28T11:35:59.163,2026-05-28T11:51:29.163,,79.27605690000019,-24.57,156,2026-05-28T11:35:59.453,2026-05-28T11:51:29.453,,0.28711829999883776
79.20402620000095,79.20402620000095,-0.003490413,366,2026-05-28T11:35:59.380,2026-05-28T11:51:29.380,,79.27605690000019,-24.57,156,2026-05-28T11:35:59.453,2026-05-28T11:51:29.453,,0.07203069999923173
79.41918910000095,79.41918910000095,-0.003498423,367,2026-05-28T11:35:59.589,2026-05-28T11:51:29.589,,79.29926370000067,,157,2026-05-28T11:35:59.470,2026-05-28T11:51:29.470,Error desde Arduino: HX711 not found.,-0.11992540000028384
79.63437040000099,79.63437040000099,-0.003506725,368,2026-05-28T11:35:59.803,2026-05-28T11:51:29.803,,79.29926370000067,,157,2026-05-28T11:35:59.470,2026-05-28T11:51:29.470,Error desde Arduino: HX711 not found.,-0.33510670000032405
79.84947380000085,79.84947380000085,-0.003514787,369,2026-05-28T11:36:00.020,2026-05-28T11:51:30.020,,80.29238100000111,-25.52,158,2026-05-28T11:36:00.469,2026-05-28T11:51:30.469,,0.4429072000002634
80.06471450000026,80.06471450000026,-0.003522545,370,2026-05-28T11:36:00.237,2026-05-28T11:51:30.237,,80.29238100000111,-25.52,158,2026-05-28T11:36:00.469,2026-05-28T11:51:30.469,,0.22766650000085065
80.27966460000061,80.27966460000061,-0.00353046,371,2026-05-28T11:36:00.453,2026-05-28T11:51:30.453,,80.29238100000111,-25.52,158,2026-05-28T11:36:00.469,2026-05-28T11:51:30.469,,0.012716400000499561
80.49497049999991,80.49497049999991,-0.003538878,372,2026-05-28T11:36:00.670,2026-05-28T11:51:30.670,,80.31556269999965,,159,2026-05-28T11:36:00.490,2026-05-28T11:51:30.490,Error desde Arduino: HX711 not found.,-0.1794078000002628
80.71004250000078,80.71004250000078,-0.003546887,373,2026-05-28T11:36:00.887,2026-05-28T11:51:30.887,,80.31556269999965,,159,2026-05-28T11:36:00.490,2026-05-28T11:51:30.490,Error desde Arduino: HX711 not found.,-0.394479800001136
80.92522430000099,80.92522430000099,-0.00355519,374,2026-05-28T11:36:01.096,2026-05-28T11:51:31.096,,81.30870219999997,-25.76,160,2026-05-28T11:36:01.480,2026-05-28T11:51:31.480,,0.3834778999989794
81.14044210000066,81.14044210000066,-0.003563628,375,2026-05-28T11:36:01.317,2026-05-28T11:51:31.317,,81.30870219999997,-25.76,160,2026-05-28T11:36:01.480,2026-05-28T11:51:31.480,,0.16826009999931557
81.35544889999983,81.35544889999983,-0.003571878,376,2026-05-28T11:36:01.530,2026-05-28T11:51:31.530,,81.33177310000065,,161,2026-05-28T11:36:01.503,2026-05-28T11:51:31.503,Error desde Arduino: HX711 not found.,-0.023675799999182345
81.57081260000086,81.57081260000086,-0.003580317,377,2026-05-28T11:36:01.746,2026-05-28T11:51:31.746,,81.33177310000065,,161,2026-05-28T11:36:01.503,2026-05-28T11:51:31.503,Error desde Arduino: HX711 not found.,-0.23903950000021723
81.78594460000022,81.78594460000022,-0.003588222,378,2026-05-28T11:36:01.962,2026-05-28T11:51:31.962,,81.33177310000065,,161,2026-05-28T11:36:01.503,2026-05-28T11:51:31.503,Error desde Arduino: HX711 not found.,-0.45417149999957473
82.0010639000011,82.0010639000011,-0.00359599,379,2026-05-28T11:36:02.178,2026-05-28T11:51:32.178,,82.32502000000022,-25.77,162,2026-05-28T11:36:02.501,2026-05-28T11:51:32.501,,0.32395609999912267
82.2161931999999,82.2161931999999,-0.003603696,380,2026-05-28T11:36:02.393,2026-05-28T11:51:32.393,,82.32502000000022,-25.77,162,2026-05-28T11:36:02.501,2026-05-28T11:51:32.501,,0.10882680000031542
82.43149799999992,82.43149799999992,-0.003612187,381,2026-05-28T11:36:02.603,2026-05-28T11:51:32.603,,82.3483068000005,,163,2026-05-28T11:36:02.520,2026-05-28T11:51:32.520,Error desde Arduino: HX711 not found.,-0.08319119999941904
82.64654040000096,82.64654040000096,-0.003621097,382,2026-05-28T11:36:02.824,2026-05-28T11:51:32.824,,82.3483068000005,,163,2026-05-28T11:36:02.520,2026-05-28T11:51:32.520,Error desde Arduino: HX711 not found.,-0.29823360000045795
82.86180010000135,82.86180010000135,-0.003629745,383,2026-05-28T11:36:03.037,2026-05-28T11:51:33.037,,83.34149270000125,-26.85,164,2026-05-28T11:36:03.513,2026-05-28T11:51:33.513,,0.47969259999990754
83.07706420000068,83.07706420000068,-0.003638581,384,2026-05-28T11:36:03.253,2026-05-28T11:51:33.253,,83.34149270000125,-26.85,164,2026-05-28T11:36:03.513,2026-05-28T11:51:33.513,,0.2644285000005766
83.29203589999997,83.29203589999997,-0.003647575,385,2026-05-28T11:36:03.463,2026-05-28T11:51:33.463,,83.34149270000125,-26.85,164,2026-05-28T11:36:03.513,2026-05-28T11:51:33.513,,0.0494568000012805
83.50714580000022,83.50714580000022,-0.003656171,386,2026-05-28T11:36:03.684,2026-05-28T11:51:33.684,,83.3647032000008,,165,2026-05-28T11:36:03.539,2026-05-28T11:51:33.539,Error desde Arduino: HX711 not found.,-0.14244259999941278
83.72214750000057,83.72214750000057,-0.003664976,387,2026-05-28T11:36:03.899,2026-05-28T11:51:33.899,,83.3647032000008,,165,2026-05-28T11:36:03.539,2026-05-28T11:51:33.539,Error desde Arduino: HX711 not found.,-0.35744429999977
83.93744100000004,83.93744100000004,-0.00367332,388,2026-05-28T11:36:04.113,2026-05-28T11:51:34.113,,84.35794280000118,-27.64,166,2026-05-28T11:36:04.530,2026-05-28T11:51:34.530,,0.4205018000011478
84.15259060000062,84.15259060000062,-0.003681507,389,2026-05-28T11:36:04.329,2026-05-28T11:51:34.329,,84.35794280000118,-27.64,166,2026-05-28T11:36:04.530,2026-05-28T11:51:34.530,,0.20535220000056142
84.36791850000009,84.36791850000009,-0.003689307,390,2026-05-28T11:36:04.537,2026-05-28T11:51:34.537,,84.35794280000118,-27.64,166,2026-05-28T11:36:04.530,2026-05-28T11:51:34.530,,-0.00997569999890402
84.5831186000014,84.5831186000014,-0.003697233,391,2026-05-28T11:36:04.753,2026-05-28T11:51:34.753,,84.38128080000024,,167,2026-05-28T11:36:04.558,2026-05-28T11:51:34.558,Error desde Arduino: HX711 not found.,-0.20183780000115803
84.79825470000105,84.79825470000105,-0.003705295,392,2026-05-28T11:36:04.970,2026-05-28T11:51:34.970,,84.38128080000024,,167,2026-05-28T11:36:04.558,2026-05-28T11:51:34.558,Error desde Arduino: HX711 not found.,-0.41697390000081214
85.01362030000018,85.01362030000018,-0.003713136,393,2026-05-28T11:36:05.187,2026-05-28T11:51:35.187,,85.37439500000073,-27.86,168,2026-05-28T11:36:05.547,2026-05-28T11:51:35.547,,0.36077470000054745
85.22871450000093,85.22871450000093,-0.00372102,394,2026-05-28T11:36:05.403,2026-05-28T11:51:35.403,,85.37439500000073,-27.86,168,2026-05-28T11:36:05.547,2026-05-28T11:51:35.547,,0.14568049999979849
85.44383620000008,85.44383620000008,-0.003728558,395,2026-05-28T11:36:05.620,2026-05-28T11:51:35.620,,85.39745740000035,,169,2026-05-28T11:36:05.574,2026-05-28T11:51:35.574,Error desde Arduino: HX711 not found.,-0.04637879999972938
85.6589995000013,85.6589995000013,-0.003736023,396,2026-05-28T11:36:05.830,2026-05-28T11:51:35.830,,85.39745740000035,,169,2026-05-28T11:36:05.574,2026-05-28T11:51:35.574,Error desde Arduino: HX711 not found.,-0.2615421000009519
85.87417860000096,85.87417860000096,-0.003743666,397,2026-05-28T11:36:06.046,2026-05-28T11:51:36.046,,85.39745740000035,,169,2026-05-28T11:36:05.574,2026-05-28T11:51:35.574,Error desde Arduino: HX711 not found.,-0.47672120000061113
86.08913460000076,86.08913460000076,-0.003751519,398,2026-05-28T11:36:06.263,2026-05-28T11:51:36.263,,86.39078780000091,-27.65,170,2026-05-28T11:36:06.563,2026-05-28T11:51:36.563,,0.30165320000014617
86.30433120000089,86.30433120000089,-0.003759172,399,2026-05-28T11:36:06.480,2026-05-28T11:51:36.480,,86.39078780000091,-27.65,170,2026-05-28T11:36:06.563,2026-05-28T11:51:36.563,,0.08645660000001953
86.51972700000078,86.51972700000078,-0.00376649,400,2026-05-28T11:36:06.696,2026-05-28T11:51:36.696,,86.41385310000078,,171,2026-05-28T11:36:06.587,2026-05-28T11:51:36.587,Error desde Arduino: HX711 not found.,-0.10587390000000596
86.73490680000032,86.73490680000032,-0.003774018,401,2026-05-28T11:36:06.903,2026-05-28T11:51:36.903,,86.41385310000078,,171,2026-05-28T11:36:06.587,2026-05-28T11:51:36.587,Error desde Arduino: HX711 not found.,-0.32105369999953837
86.95011160000104,86.95011160000104,-0.003780551,402,2026-05-28T11:36:07.120,2026-05-28T11:51:37.120,,87.40709930000048,-28.32,172,2026-05-28T11:36:07.584,2026-05-28T11:51:37.584,,0.4569876999994449
87.16519660000085,87.16519660000085,-0.003788079,403,2026-05-28T11:36:07.337,2026-05-28T11:51:37.337,,87.40709930000048,-28.32,172,2026-05-28T11:36:07.584,2026-05-28T11:51:37.584,,0.24190269999962766
87.38040440000077,87.38040440000077,-0.003795617,404,2026-05-28T11:36:07.553,2026-05-28T11:51:37.553,,87.40709930000048,-28.32,172,2026-05-28T11:36:07.584,2026-05-28T11:51:37.584,,0.026694899999711197
87.59561570000005,87.59561570000005,-0.003802663,405,2026-05-28T11:36:07.772,2026-05-28T11:51:37.772,,87.43019370000002,,173,2026-05-28T11:36:07.607,2026-05-28T11:51:37.607,Error desde Arduino: HX711 not found.,-0.16542200000003504
87.8110770000003,87.8110770000003,-0.003810107,406,2026-05-28T11:36:07.987,2026-05-28T11:51:37.987,,87.43019370000002,,173,2026-05-28T11:36:07.607,2026-05-28T11:51:37.607,Error desde Arduino: HX711 not found.,-0.3808833000002778
88.02607760000137,88.02607760000137,-0.003817499,407,2026-05-28T11:36:08.203,2026-05-28T11:51:38.203,,88.42350810000062,-28.95,174,2026-05-28T11:36:08.597,2026-05-28T11:51:38.597,,0.3974304999992455
88.24121990000094,88.24121990000094,-0.003824901,408,2026-05-28T11:36:08.413,2026-05-28T11:51:38.413,,88.42350810000062,-28.95,174,2026-05-28T11:36:08.597,2026-05-28T11:51:38.597,,0.18228819999967527
88.45617350000066,88.45617350000066,-0.00383246,409,2026-05-28T11:36:08.633,2026-05-28T11:51:38.633,,88.44674400000076,,175,2026-05-28T11:36:08.620,2026-05-28T11:51:38.620,Error desde Arduino: HX711 not found.,-0.009429499999896507
88.67136980000032,88.67136980000032,-0.003839465,410,2026-05-28T11:36:08.848,2026-05-28T11:51:38.848,,88.44674400000076,,175,2026-05-28T11:36:08.620,2026-05-28T11:51:38.620,Error desde Arduino: HX711 not found.,-0.22462579999955778
88.88643779999984,88.88643779999984,-0.00384672,411,2026-05-28T11:36:09.063,2026-05-28T11:51:39.063,,88.44674400000076,,175,2026-05-28T11:36:08.620,2026-05-28T11:51:38.620,Error desde Arduino: HX711 not found.,-0.4396937999990769
89.10160189999988,89.10160189999988,-0.003854154,412,2026-05-28T11:36:09.271,2026-05-28T11:51:39.271,,89.43984460000138,-29.15,176,2026-05-28T11:36:09.613,2026-05-28T11:51:39.613,,0.33824270000150136
89.31680950000009,89.31680950000009,-0.003861148,413,2026-05-28T11:36:09.487,2026-05-28T11:51:39.487,,89.43984460000138,-29.15,176,2026-05-28T11:36:09.613,2026-05-28T11:51:39.613,,0.12303510000128881
89.5318984000005,89.5318984000005,-0.003868581,414,2026-05-28T11:36:09.706,2026-05-28T11:51:39.706,,89.46310240000093,,177,2026-05-28T11:36:09.636,2026-05-28T11:51:39.636,Error desde Arduino: HX711 not found.,-0.06879599999956554
89.7470443000002,89.7470443000002,-0.003876056,415,2026-05-28T11:36:09.924,2026-05-28T11:51:39.924,,89.46310240000093,,177,2026-05-28T11:36:09.636,2026-05-28T11:51:39.636,Error desde Arduino: HX711 not found.,-0.2839418999992631
89.96213520000128,89.96213520000128,-0.003883144,416,2026-05-28T11:36:10.139,2026-05-28T11:51:40.139,,90.4561205000009,-29.79,178,2026-05-28T11:36:10.630,2026-05-28T11:51:40.630,,0.49398529999962193
90.17720790000021,90.17720790000021,-0.003890274,417,2026-05-28T11:36:10.354,2026-05-28T11:51:40.354,,90.4561205000009,-29.79,178,2026-05-28T11:36:10.630,2026-05-28T11:51:40.630,,0.2789126000006945
90.39231370000016,90.39231370000016,-0.003897394,418,2026-05-28T11:36:10.568,2026-05-28T11:51:40.568,,90.4561205000009,-29.79,178,2026-05-28T11:36:10.630,2026-05-28T11:51:40.630,,0.0638068000007479
90.60764670000026,90.60764670000026,-0.003904115,419,2026-05-28T11:36:10.779,2026-05-28T11:51:40.779,,90.47924930000045,,179,2026-05-28T11:36:10.653,2026-05-28T11:51:40.653,Error desde Arduino: HX711 not found.,-0.12839739999981248
90.82270570000037,90.82270570000037,-0.003911277,420,2026-05-28T11:36:10.996,2026-05-28T11:51:40.996,,90.47924930000045,,179,2026-05-28T11:36:10.653,2026-05-28T11:51:40.653,Error desde Arduino: HX711 not found.,-0.3434563999999227
91.03787550000015,91.03787550000015,-0.003918375,421,2026-05-28T11:36:11.205,2026-05-28T11:51:41.205,,91.47257510000054,-30.32,180,2026-05-28T11:36:11.646,2026-05-28T11:51:41.646,,0.43469960000038554
91.25280630000088,91.25280630000088,-0.00392516,422,2026-05-28T11:36:11.420,2026-05-28T11:51:41.420,,91.47257510000054,-30.32,180,2026-05-28T11:36:11.646,2026-05-28T11:51:41.646,,0.21976879999965604
91.46802800000114,91.46802800000114,-0.003932279,423,2026-05-28T11:36:11.637,2026-05-28T11:51:41.637,,91.47257510000054,-30.32,180,2026-05-28T11:36:11.646,2026-05-28T11:51:41.646,,0.0045470999993995065
91.68322760000046,91.68322760000046,-0.003939304,424,2026-05-28T11:36:11.853,2026-05-28T11:51:41.853,,91.49571380000089,,181,2026-05-28T11:36:11.673,2026-05-28T11:51:41.673,Error desde Arduino: HX711 not found.,-0.18751379999957862
91.89829640000062,91.89829640000062,-0.003946518,425,2026-05-28T11:36:12.070,2026-05-28T11:51:42.070,,91.49571380000089,,181,2026-05-28T11:36:11.673,2026-05-28T11:51:41.673,Error desde Arduino: HX711 not found.,-0.40258259999973234
92.11351260000083,92.11351260000083,-0.003953585,426,2026-05-28T11:36:12.287,2026-05-28T11:51:42.287,,92.48897750000106,-30.52,182,2026-05-28T11:36:12.663,2026-05-28T11:51:42.663,,0.3754649000002246
92.32847560000118,92.32847560000118,-0.0039606,427,2026-05-28T11:36:12.504,2026-05-28T11:51:42.504,,92.48897750000106,-30.52,182,2026-05-28T11:36:12.663,2026-05-28T11:51:42.663,,0.16050189999987197
92.54369060000136,92.54369060000136,-0.003967897,428,2026-05-28T11:36:12.720,2026-05-28T11:51:42.720,,92.51227110000036,,183,2026-05-28T11:36:12.688,2026-05-28T11:51:42.688,Error desde Arduino: HX711 not found.,-0.03141950000099314
92.75892999999996,92.75892999999996,-0.003974776,429,2026-05-28T11:36:12.929,2026-05-28T11:51:42.929,,92.51227110000036,,183,2026-05-28T11:36:12.688,2026-05-28T11:51:42.688,Error desde Arduino: HX711 not found.,-0.246658899999602
92.9742425000004,92.9742425000004,-0.003982084,430,2026-05-28T11:36:13.147,2026-05-28T11:51:43.147,,92.51227110000036,,183,2026-05-28T11:36:12.688,2026-05-28T11:51:42.688,Error desde Arduino: HX711 not found.,-0.46197140000003856
93.18928349999987,93.18928349999987,-0.003988994,431,2026-05-28T11:36:13.365,2026-05-28T11:51:43.365,,93.50538790000064,-30.75,184,2026-05-28T11:36:13.680,2026-05-28T11:51:43.680,,0.3161044000007678
93.40458990000116,93.40458990000116,-0.00399604,432,2026-05-28T11:36:13.579,2026-05-28T11:51:43.579,,93.50538790000064,-30.75,184,2026-05-28T11:36:13.680,2026-05-28T11:51:43.680,,0.10079799999948591
93.61962839999978,93.61962839999978,-0.00400296,433,2026-05-28T11:36:13.796,2026-05-28T11:51:43.796,,93.5284055000011,,185,2026-05-28T11:36:13.705,2026-05-28T11:51:43.705,Error desde Arduino: HX711 not found.,-0.09122289999868372
93.83481960000063,93.83481960000063,-0.00400919,434,2026-05-28T11:36:14.004,2026-05-28T11:51:44.004,,93.5284055000011,,185,2026-05-28T11:36:13.705,2026-05-28T11:51:43.705,Error desde Arduino: HX711 not found.,-0.30641409999952884
94.04988969999977,94.04988969999977,-0.004015775,435,2026-05-28T11:36:14.220,2026-05-28T11:51:44.220,,94.52164530000118,-31.18,186,2026-05-28T11:36:14.698,2026-05-28T11:51:44.698,,0.4717556000014156
94.26510860000053,94.26510860000053,-0.00402256,436,2026-05-28T11:36:14.437,2026-05-28T11:51:44.437,,94.52164530000118,-31.18,186,2026-05-28T11:36:14.698,2026-05-28T11:51:44.698,,0.25653670000065176
94.48031210000045,94.48031210000045,-0.004029459,437,2026-05-28T11:36:14.653,2026-05-28T11:51:44.653,,94.52164530000118,-31.18,186,2026-05-28T11:36:14.698,2026-05-28T11:51:44.698,,0.041333200000735815
94.69532140000047,94.69532140000047,-0.004036725,438,2026-05-28T11:36:14.871,2026-05-28T11:51:44.871,,94.54487570000128,,187,2026-05-28T11:36:14.720,2026-05-28T11:51:44.720,Error desde Arduino: HX711 not found.,-0.15044569999918167
94.9104296000005,94.9104296000005,-0.004043646,439,2026-05-28T11:36:15.087,2026-05-28T11:51:45.087,,94.54487570000128,,187,2026-05-28T11:36:14.720,2026-05-28T11:51:44.720,Error desde Arduino: HX711 not found.,-0.36555389999921317
95.12557689999994,95.12557689999994,-0.004050703,440,2026-05-28T11:36:15.301,2026-05-28T11:51:45.301,,95.53869510000004,-31.74,188,2026-05-28T11:36:15.715,2026-05-28T11:51:45.715,,0.413118200000099
95.34076400000049,95.34076400000049,-0.004057571,441,2026-05-28T11:36:15.513,2026-05-28T11:51:45.513,,95.53869510000004,-31.74,188,2026-05-28T11:36:15.715,2026-05-28T11:51:45.715,,0.1979310999995505
95.55601569999999,95.55601569999999,-0.004064585,442,2026-05-28T11:36:15.725,2026-05-28T11:51:45.725,,95.5618770000001,,189,2026-05-28T11:36:15.738,2026-05-28T11:51:45.738,Error desde Arduino: HX711 not found.,0.0058613000001059845
95.77110210000137,95.77110210000137,-0.004071255,443,2026-05-28T11:36:15.946,2026-05-28T11:51:45.946,,95.5618770000001,,189,2026-05-28T11:36:15.738,2026-05-28T11:51:45.738,Error desde Arduino: HX711 not found.,-0.2092251000012766
95.9862361000014,95.9862361000014,-0.004078144,444,2026-05-28T11:36:16.162,2026-05-28T11:51:46.162,,95.5618770000001,,189,2026-05-28T11:36:15.738,2026-05-28T11:51:45.738,Error desde Arduino: HX711 not found.,-0.42435910000131116
96.20122260000062,96.20122260000062,-0.004085263,445,2026-05-28T11:36:16.378,2026-05-28T11:51:46.378,,96.55532560000029,-32.34,190,2026-05-28T11:36:16.730,2026-05-28T11:51:46.730,,0.3541029999996681
96.41633170000023,96.41633170000023,-0.004091807,446,2026-05-28T11:36:16.587,2026-05-28T11:51:46.587,,96.55532560000029,-32.34,190,2026-05-28T11:36:16.730,2026-05-28T11:51:46.730,,0.1389939000000595
96.63149730000077,96.63149730000077,-0.00409878,447,2026-05-28T11:36:16.808,2026-05-28T11:51:46.808,,96.57859290000124,,191,2026-05-28T11:36:16.753,2026-05-28T11:51:46.753,Error desde Arduino: HX711 not found.,-0.05290439999953378
96.84666579999976,96.84666579999976,-0.004105438,448,2026-05-28T11:36:17.020,2026-05-28T11:51:47.020,,96.57859290000124,,191,2026-05-28T11:36:16.753,2026-05-28T11:51:46.753,Error desde Arduino: HX711 not found.,-0.2680728999985149
97.06185470000128,97.06185470000128,-0.004111773,449,2026-05-28T11:36:17.237,2026-05-28T11:51:47.237,,96.57859290000124,,191,2026-05-28T11:36:16.753,2026-05-28T11:51:46.753,Error desde Arduino: HX711 not found.,-0.4832618000000366
97.27708979999989,97.27708979999989,-0.004118075,450,2026-05-28T11:36:17.453,2026-05-28T11:51:47.453,,97.57175100000131,-32.72,192,2026-05-28T11:36:17.741,2026-05-28T11:51:47.741,,0.29466120000142837
97.49211860000105,97.49211860000105,-0.004123928,451,2026-05-28T11:36:17.663,2026-05-28T11:51:47.663,,97.57175100000131,-32.72,192,2026-05-28T11:36:17.741,2026-05-28T11:51:47.741,,0.07963240000026417
97.70738940000047,97.70738940000047,-0.004130275,452,2026-05-28T11:36:17.879,2026-05-28T11:51:47.879,,97.59488539999984,,193,2026-05-28T11:36:17.770,2026-05-28T11:51:47.770,Error desde Arduino: HX711 not found.,-0.11250400000062655
97.92229510000107,97.92229510000107,-0.004136326,453,2026-05-28T11:36:18.096,2026-05-28T11:51:48.096,,97.59488539999984,,193,2026-05-28T11:36:17.770,2026-05-28T11:51:47.770,Error desde Arduino: HX711 not found.,-0.32740970000122616
98.13738569999987,98.13738569999987,-0.004142053,454,2026-05-28T11:36:18.313,2026-05-28T11:51:48.313,,98.5882173000009,-32.37,194,2026-05-28T11:36:18.765,2026-05-28T11:51:48.765,,0.45083160000103817
98.35280179999972,98.35280179999972,-0.004147864,455,2026-05-28T11:36:18.529,2026-05-28T11:51:48.529,,98.5882173000009,-32.37,194,2026-05-28T11:36:18.765,2026-05-28T11:51:48.765,,0.2354155000011815
98.56774700000096,98.56774700000096,-0.004153455,456,2026-05-28T11:36:18.737,2026-05-28T11:51:48.737,,98.5882173000009,-32.37,194,2026-05-28T11:36:18.765,2026-05-28T11:51:48.765,,0.020470299999942654
98.78296480000063,98.78296480000063,-0.004159339,457,2026-05-28T11:36:18.953,2026-05-28T11:51:48.953,,98.61148830000093,,195,2026-05-28T11:36:18.787,2026-05-28T11:51:48.787,Error desde Arduino: HX711 not found.,-0.17147649999969872
98.99792090000119,98.99792090000119,-0.004163809,458,2026-05-28T11:36:19.170,2026-05-28T11:51:49.170,,98.61148830000093,,195,2026-05-28T11:36:18.787,2026-05-28T11:51:48.787,Error desde Arduino: HX711 not found.,-0.386432600000262
99.21311690000039,99.21311690000039,-0.004170908,459,2026-05-28T11:36:19.386,2026-05-28T11:51:49.386,,99.60463180000079,-32.9,196,2026-05-28T11:36:19.780,2026-05-28T11:51:49.780,,0.3915149000004021
99.42822119999983,99.42822119999983,-0.0041772,460,2026-05-28T11:36:19.603,2026-05-28T11:51:49.603,,99.60463180000079,-32.9,196,2026-05-28T11:36:19.780,2026-05-28T11:51:49.780,,0.1764106000009633
99.64351150000039,99.64351150000039,-0.004183283,461,2026-05-28T11:36:19.820,2026-05-28T11:51:49.820,,99.62777740000092,,197,2026-05-28T11:36:19.803,2026-05-28T11:51:49.803,Error desde Arduino: HX711 not found.,-0.01573409999946307
99.85853409999982,99.85853409999982,-0.004189701,462,2026-05-28T11:36:20.030,2026-05-28T11:51:50.030,,99.62777740000092,,197,2026-05-28T11:36:19.803,2026-05-28T11:51:49.803,Error desde Arduino: HX711 not found.,-0.23075669999889215
100.07360880000124,100.07360880000124,-0.004195617,463,2026-05-28T11:36:20.250,2026-05-28T11:51:50.250,,99.62777740000092,,197,2026-05-28T11:36:19.803,2026-05-28T11:51:49.803,Error desde Arduino: HX711 not found.,-0.4458314000003156
100.28850799999964,100.28850799999964,-0.004201417,464,2026-05-28T11:36:20.463,2026-05-28T11:51:50.463,,100.62095120000049,-33.27,198,2026-05-28T11:36:20.791,2026-05-28T11:51:50.791,,0.3324432000008528
100.5036054000011,100.5036054000011,-0.004208819,465,2026-05-28T11:36:20.679,2026-05-28T11:51:50.679,,100.62095120000049,-33.27,198,2026-05-28T11:36:20.791,2026-05-28T11:51:50.791,,0.11734579999938433
100.71884370000043,100.71884370000043,-0.004214975,466,2026-05-28T11:36:20.895,2026-05-28T11:51:50.895,,100.64423960000022,,199,2026-05-28T11:36:20.820,2026-05-28T11:51:50.820,Error desde Arduino: HX711 not found.,-0.07460410000021511
100.93398640000123,100.93398640000123,-0.004221173,467,2026-05-28T11:36:21.108,2026-05-28T11:51:51.108,,100.64423960000022,,199,2026-05-28T11:36:20.820,2026-05-28T11:51:50.820,Error desde Arduino: HX711 not found.,-0.28974680000101216
101.14937559999998,101.14937559999998,-0.004227413,468,2026-05-28T11:36:21.325,2026-05-28T11:51:51.325,,101.63736650000101,-33.68,200,2026-05-28T11:36:21.812,2026-05-28T11:51:51.812,,0.48799090000102296
101.36441689999992,101.36441689999992,-0.004233737,469,2026-05-28T11:36:21.541,2026-05-28T11:51:51.541,,101.63736650000101,-33.68,200,2026-05-28T11:36:21.812,2026-05-28T11:51:51.812,,0.27294960000108404
101.57967680000002,101.57967680000002,-0.004239569,470,2026-05-28T11:36:21.757,2026-05-28T11:51:51.757,,101.63736650000101,-33.68,200,2026-05-28T11:36:21.812,2026-05-28T11:51:51.812,,0.05768970000099216
101.79457870000078,101.79457870000078,-0.004245725,471,2026-05-28T11:36:21.971,2026-05-28T11:51:51.971,,101.66036900000108,,201,2026-05-28T11:36:21.837,2026-05-28T11:51:51.837,Error desde Arduino: HX711 not found.,-0.13420969999970112
102.00972040000124,102.00972040000124,-0.004223267,472,2026-05-28T11:36:22.187,2026-05-28T11:51:52.187,,101.66036900000108,,201,2026-05-28T11:36:21.837,2026-05-28T11:51:51.837,Error desde Arduino: HX711 not found.,-0.34935140000015963
102.22482219999983,102.22482219999983,-0.004224597,473,2026-05-28T11:36:22.401,2026-05-28T11:51:52.401,,102.65369900000042,-34.04,202,2026-05-28T11:36:22.825,2026-05-28T11:51:52.825,,0.42887680000058026
102.43998280000051,102.43998280000051,-0.004228062,474,2026-05-28T11:36:22.614,2026-05-28T11:51:52.614,,102.65369900000042,-34.04,202,2026-05-28T11:36:22.825,2026-05-28T11:51:52.825,,0.21371619999990799
102.65504520000104,102.65504520000104,-0.00423135,475,2026-05-28T11:36:22.825,2026-05-28T11:51:52.825,,102.65369900000042,-34.04,202,2026-05-28T11:36:22.825,2026-05-28T11:51:52.825,,-0.0013462000006256858
102.87013180000031,102.87013180000031,-0.004233548,476,2026-05-28T11:36:23.046,2026-05-28T11:51:53.046,,102.67707739999969,,203,2026-05-28T11:36:22.854,2026-05-28T11:51:52.854,Error desde Arduino: HX711 not found.,-0.19305440000061935
103.08530430000064,103.08530430000064,-0.004236606,477,2026-05-28T11:36:23.262,2026-05-28T11:51:53.262,,102.67707739999969,,203,2026-05-28T11:36:22.854,2026-05-28T11:51:52.854,Error desde Arduino: HX711 not found.,-0.40822690000095463
103.30046720000064,103.30046720000064,-0.004237087,478,2026-05-28T11:36:23.477,2026-05-28T11:51:53.477,,103.67004930000076,-34.13,204,2026-05-28T11:36:23.847,2026-05-28T11:51:53.847,,0.36958210000011604
103.51562279999962,103.51562279999962,-0.004240061,479,2026-05-28T11:36:23.691,2026-05-28T11:51:53.691,,103.67004930000076,-34.13,204,2026-05-28T11:36:23.847,2026-05-28T11:51:53.847,,0.15442650000113645
103.73079110000072,103.73079110000072,-0.004245672,480,2026-05-28T11:36:23.907,2026-05-28T11:51:53.907,,103.69321560000026,,205,2026-05-28T11:36:23.870,2026-05-28T11:51:53.870,Error desde Arduino: HX711 not found.,-0.037575500000457396
103.94625590000032,103.94625590000032,-0.004252384,481,2026-05-28T11:36:24.120,2026-05-28T11:51:54.120,,103.69321560000026,,205,2026-05-28T11:36:23.870,2026-05-28T11:51:53.870,Error desde Arduino: HX711 not found.,-0.25304030000006605
104.16154410000127,104.16154410000127,-0.004258456,482,2026-05-28T11:36:24.336,2026-05-28T11:51:54.336,,103.69321560000026,,205,2026-05-28T11:36:23.870,2026-05-28T11:51:53.870,Error desde Arduino: HX711 not found.,-0.46832850000100734
104.37703750000037,104.37703750000037,-0.004263743,483,2026-05-28T11:36:24.553,2026-05-28T11:51:54.553,,104.68631920000007,-35.2,206,2026-05-28T11:36:24.858,2026-05-28T11:51:54.858,,0.30928169999970123
104.59227760000067,104.59227760000067,-0.004268989,484,2026-05-28T11:36:24.767,2026-05-28T11:51:54.767,,104.68631920000007,-35.2,206,2026-05-28T11:36:24.858,2026-05-28T11:51:54.858,,0.0940415999994002
104.80730210000002,104.80730210000002,-0.004273459,485,2026-05-28T11:36:24.980,2026-05-28T11:51:54.980,,104.70929439999964,,207,2026-05-28T11:36:24.886,2026-05-28T11:51:54.886,Error desde Arduino: HX711 not found.,-0.09800770000038028
105.0224616000014,105.0224616000014,-0.004278338,486,2026-05-28T11:36:25.197,2026-05-28T11:51:55.197,,104.70929439999964,,207,2026-05-28T11:36:24.886,2026-05-28T11:51:54.886,Error desde Arduino: HX711 not found.,-0.31316720000177156
105.2376443000012,105.2376443000012,-0.004284882,487,2026-05-28T11:36:25.413,2026-05-28T11:51:55.413,,105.7027006999997,-35.3,208,2026-05-28T11:36:25.870,2026-05-28T11:51:55.870,,0.46505639999850246
105.45289130000128,105.45289130000128,-0.004290441,488,2026-05-28T11:36:25.630,2026-05-28T11:51:55.630,,105.7027006999997,-35.3,208,2026-05-28T11:36:25.870,2026-05-28T11:51:55.870,,0.24980939999841212
105.66797299999962,105.66797299999962,-0.004294828,489,2026-05-28T11:36:25.837,2026-05-28T11:51:55.837,,105.7027006999997,-35.3,208,2026-05-28T11:36:25.870,2026-05-28T11:51:55.870,,0.034727700000075856
105.88309120000122,105.88309120000122,-0.004300272,490,2026-05-28T11:36:26.053,2026-05-28T11:51:56.053,,105.72592000000077,,209,2026-05-28T11:36:25.903,2026-05-28T11:51:55.903,Error desde Arduino: HX711 not found.,-0.15717120000044815
106.09817180000027,106.09817180000027,-0.00430624,491,2026-05-28T11:36:26.270,2026-05-28T11:51:56.270,,105.72592000000077,,209,2026-05-28T11:36:25.903,2026-05-28T11:51:55.903,Error desde Arduino: HX711 not found.,-0.3722517999995034
106.31329420000111,106.31329420000111,-0.004312627,492,2026-05-28T11:36:26.487,2026-05-28T11:51:56.487,,106.71906230000059,-35.71,210,2026-05-28T11:36:26.886,2026-05-28T11:51:56.886,,0.40576809999947727
106.52829720000045,106.52829720000045,-0.004318312,493,2026-05-28T11:36:26.705,2026-05-28T11:51:56.705,,106.71906230000059,-35.71,210,2026-05-28T11:36:26.886,2026-05-28T11:51:56.886,,0.19076510000013513
106.74360010000055,106.74360010000055,-0.004323903,494,2026-05-28T11:36:26.920,2026-05-28T11:51:56.920,,106.7422000000006,,211,2026-05-28T11:36:26.913,2026-05-28T11:51:56.913,Error desde Arduino: HX711 not found.,-0.0014000999999552732
106.95888110000124,106.95888110000124,-0.004329839,495,2026-05-28T11:36:27.130,2026-05-28T11:51:57.130,,106.7422000000006,,211,2026-05-28T11:36:26.913,2026-05-28T11:51:56.913,Error desde Arduino: HX711 not found.,-0.2166811000006419
107.17404499999975,107.17404499999975,-0.004335566,496,2026-05-28T11:36:27.347,2026-05-28T11:51:57.347,,106.7422000000006,,211,2026-05-28T11:36:26.913,2026-05-28T11:51:56.913,Error desde Arduino: HX711 not found.,-0.43184499999915715
107.38912290000007,107.38912290000007,-0.004341628,497,2026-05-28T11:36:27.563,2026-05-28T11:51:57.563,,107.7354559000014,-36.01,212,2026-05-28T11:36:27.903,2026-05-28T11:51:57.903,,0.34633300000132294
107.60407630000009,107.60407630000009,-0.004347585,498,2026-05-28T11:36:27.779,2026-05-28T11:51:57.779,,107.7354559000014,-36.01,212,2026-05-28T11:36:27.903,2026-05-28T11:51:57.903,,0.13137960000130988
107.82008040000073,107.82008040000073,-0.004353145,499,2026-05-28T11:36:27.997,2026-05-28T11:51:57.997,,107.77162370000042,,214,2026-05-28T11:36:27.946,2026-05-28T11:51:57.946,Error desde Arduino: HX711 not found.,-0.04845670000031532
108.03510770000139,108.03510770000139,-0.004359008,500,2026-05-28T11:36:28.205,2026-05-28T11:51:58.205,,107.77162370000042,,214,2026-05-28T11:36:27.946,2026-05-28T11:51:57.946,Error desde Arduino: HX711 not found.,-0.2634840000009717
108.25023510000028,108.25023510000028,-0.004364934,501,2026-05-28T11:36:28.420,2026-05-28T11:51:58.420,,107.77162370000042,,214,2026-05-28T11:36:27.946,2026-05-28T11:51:57.946,Error desde Arduino: HX711 not found.,-0.47861139999986335
108.46518500000093,108.46518500000093,-0.004370556,502,2026-05-28T11:36:28.636,2026-05-28T11:51:58.636,,108.76494540000022,-36.12,215,2026-05-28T11:36:28.937,2026-05-28T11:51:58.937,,0.29976039999928616
108.68037139999979,108.68037139999979,-0.004376408,503,2026-05-28T11:36:28.853,2026-05-28T11:51:58.853,,108.76494540000022,-36.12,215,2026-05-28T11:36:28.937,2026-05-28T11:51:58.937,,0.0845740000004298
108.8956014000014,108.8956014000014,-0.004382093,504,2026-05-28T11:36:29.070,2026-05-28T11:51:59.070,,108.78822670000045,,216,2026-05-28T11:36:28.964,2026-05-28T11:51:58.964,Error desde Arduino: HX711 not found.,-0.10737470000094618
109.1106163000004,109.1106163000004,-0.004387862,505,2026-05-28T11:36:29.287,2026-05-28T11:51:59.287,,108.78822670000045,,216,2026-05-28T11:36:28.964,2026-05-28T11:51:58.964,Error desde Arduino: HX711 not found.,-0.3223895999999513
109.3257418000012,109.3257418000012,-0.004393401,506,2026-05-28T11:36:29.497,2026-05-28T11:51:59.497,,109.7813898000004,-36.87,217,2026-05-28T11:36:29.958,2026-05-28T11:51:59.958,,0.4556479999992007
109.54078240000126,109.54078240000126,-0.004399578,507,2026-05-28T11:36:29.715,2026-05-28T11:51:59.715,,109.7813898000004,-36.87,217,2026-05-28T11:36:29.958,2026-05-28T11:51:59.958,,0.24060739999913494
109.75599780000084,109.75599780000084,-0.004405253,508,2026-05-28T11:36:29.925,2026-05-28T11:51:59.925,,109.7813898000004,-36.87,217,2026-05-28T11:36:29.958,2026-05-28T11:51:59.958,,0.025391999999555992
109.97123389999979,109.97123389999979,-0.004411147,509,2026-05-28T11:36:30.145,2026-05-28T11:52:00.145,,109.80462340000122,,218,2026-05-28T11:36:29.980,2026-05-28T11:51:59.980,Error desde Arduino: HX711 not found.,-0.16661049999856914
110.18624770000133,110.18624770000133,-0.004416727,510,2026-05-28T11:36:30.362,2026-05-28T11:52:00.362,,109.80462340000122,,218,2026-05-28T11:36:29.980,2026-05-28T11:51:59.980,Error desde Arduino: HX711 not found.,-0.38162430000011227
110.40127759999996,110.40127759999996,-0.004422674,511,2026-05-28T11:36:30.578,2026-05-28T11:52:00.578,,110.79769870000018,-37.02,219,2026-05-28T11:36:30.973,2026-05-28T11:52:00.973,,0.3964211000002251
110.61657930000001,110.61657930000001,-0.00442837,512,2026-05-28T11:36:30.791,2026-05-28T11:52:00.791,,110.79769870000018,-37.02,219,2026-05-28T11:36:30.973,2026-05-28T11:52:00.973,,0.18111940000017057
110.83156580000104,110.83156580000104,-0.004434023,513,2026-05-28T11:36:31.008,2026-05-28T11:52:01.008,,110.82091170000058,,220,2026-05-28T11:36:30.996,2026-05-28T11:52:00.996,Error desde Arduino: HX711 not found.,-0.010654100000465405
111.0466421000001,111.0466421000001,-0.004439876,514,2026-05-28T11:36:31.223,2026-05-28T11:52:01.223,,110.82091170000058,,220,2026-05-28T11:36:30.996,2026-05-28T11:52:00.996,Error desde Arduino: HX711 not found.,-0.22573039999952016
111.26169500000105,111.26169500000105,-0.00444554,515,2026-05-28T11:36:31.438,2026-05-28T11:52:01.438,,110.82091170000058,,220,2026-05-28T11:36:30.996,2026-05-28T11:52:00.996,Error desde Arduino: HX711 not found.,-0.4407833000004757
111.4767155999998,111.4767155999998,-0.004451246,516,2026-05-28T11:36:31.654,2026-05-28T11:52:01.654,,111.81409739999981,-37.2,221,2026-05-28T11:36:31.986,2026-05-28T11:52:01.986,,0.33738180000000284
111.69204150000041,111.69204150000041,-0.004456931,517,2026-05-28T11:36:31.867,2026-05-28T11:52:01.867,,111.81409739999981,-37.2,221,2026-05-28T11:36:31.986,2026-05-28T11:52:01.986,,0.12205589999939548
111.90721810000105,111.90721810000105,-0.004462564,518,2026-05-28T11:36:32.078,2026-05-28T11:52:02.078,,111.83708970000043,,222,2026-05-28T11:36:32.013,2026-05-28T11:52:02.013,Error desde Arduino: HX711 not found.,-0.0701284000006126
112.12243310000122,112.12243310000122,-0.004468165,519,2026-05-28T11:36:32.296,2026-05-28T11:52:02.296,,111.83708970000043,,222,2026-05-28T11:36:32.013,2026-05-28T11:52:02.013,Error desde Arduino: HX711 not found.,-0.28534340000078373
112.34785280000142,112.34785280000142,-0.004473683,520,2026-05-28T11:36:32.524,2026-05-28T11:52:02.524,,112.8304705999999,-37.42,223,2026-05-28T11:36:33.003,2026-05-28T11:52:03.003,,0.4826177999984793
112.56301390000044,112.56301390000044,-0.004479787,521,2026-05-28T11:36:32.737,2026-05-28T11:52:02.737,,112.8304705999999,-37.42,223,2026-05-28T11:36:33.003,2026-05-28T11:52:03.003,,0.26745669999945676
112.77823870000066,112.77823870000066,-0.004485399,522,2026-05-28T11:36:32.953,2026-05-28T11:52:02.953,,112.8304705999999,-37.42,223,2026-05-28T11:36:33.003,2026-05-28T11:52:03.003,,0.05223189999924216
112.99346390000028,112.99346390000028,-0.004491094,523,2026-05-28T11:36:33.170,2026-05-28T11:52:03.170,,112.85373400000026,,224,2026-05-28T11:36:33.025,2026-05-28T11:52:03.025,Error desde Arduino: HX711 not found.,-0.13972990000002028
113.20864729999994,113.20864729999994,-0.004496162,524,2026-05-28T11:36:33.385,2026-05-28T11:52:03.385,,112.85373400000026,,224,2026-05-28T11:36:33.025,2026-05-28T11:52:03.025,Error desde Arduino: HX711 not found.,-0.35491329999968
113.42370149999988,113.42370149999988,-0.004501731,525,2026-05-28T11:36:33.597,2026-05-28T11:52:03.597,,113.84689369999978,-37.85,225,2026-05-28T11:36:34.020,2026-05-28T11:52:04.020,,0.4231921999999031
113.6388165999997,113.6388165999997,-0.004507207,526,2026-05-28T11:36:33.813,2026-05-28T11:52:03.813,,113.84689369999978,-37.85,225,2026-05-28T11:36:34.020,2026-05-28T11:52:04.020,,0.20807710000008228
113.85383090000141,113.85383090000141,-0.004513028,527,2026-05-28T11:36:34.030,2026-05-28T11:52:04.030,,113.84689369999978,-37.85,225,2026-05-28T11:36:34.020,2026-05-28T11:52:04.020,,-0.006937200001630117
114.06886190000114,114.06886190000114,-0.004518284,528,2026-05-28T11:36:34.236,2026-05-28T11:52:04.236,,113.87004640000123,,226,2026-05-28T11:36:34.046,2026-05-28T11:52:04.046,Error desde Arduino: HX711 not found.,-0.19881549999990966
114.28398000000016,114.28398000000016,-0.004524032,529,2026-05-28T11:36:34.453,2026-05-28T11:52:04.453,,113.87004640000123,,226,2026-05-28T11:36:34.046,2026-05-28T11:52:04.046,Error desde Arduino: HX711 not found.,-0.4139335999989271
114.49905770000078,114.49905770000078,-0.004529288,530,2026-05-28T11:36:34.670,2026-05-28T11:52:04.670,,114.863249,-38.23,227,2026-05-28T11:36:35.040,2026-05-28T11:52:05.040,,0.36419129999922006
114.7142115000006,114.7142115000006,-0.00453491,531,2026-05-28T11:36:34.886,2026-05-28T11:52:04.886,,114.863249,-38.23,227,2026-05-28T11:36:35.040,2026-05-28T11:52:05.040,,0.14903749999939464
114.9294000000009,114.9294000000009,-0.004540511,532,2026-05-28T11:36:35.103,2026-05-28T11:52:05.103,,114.88647750000018,,228,2026-05-28T11:36:35.063,2026-05-28T11:52:05.063,Error desde Arduino: HX711 not found.,-0.042922500000713626
115.14462160000039,115.14462160000039,-0.004546144,533,2026-05-28T11:36:35.320,2026-05-28T11:52:05.320,,114.88647750000018,,228,2026-05-28T11:36:35.063,2026-05-28T11:52:05.063,Error desde Arduino: HX711 not found.,-0.2581441000002087
115.35976910000136,115.35976910000136,-0.004551588,534,2026-05-28T11:36:35.536,2026-05-28T11:52:05.536,,114.88647750000018,,228,2026-05-28T11:36:35.063,2026-05-28T11:52:05.063,Error desde Arduino: HX711 not found.,-0.47329160000117554
115.5748636999997,115.5748636999997,-0.00455698,535,2026-05-28T11:36:35.746,2026-05-28T11:52:05.746,,115.87954879999961,-38.95,229,2026-05-28T11:36:36.053,2026-05-28T11:52:06.053,,0.3046850999999151
115.78989610000099,115.78989610000099,-0.004562592,536,2026-05-28T11:36:35.967,2026-05-28T11:52:05.967,,115.87954879999961,-38.95,229,2026-05-28T11:36:36.053,2026-05-28T11:52:06.053,,0.08965269999862358
116.00517240000045,116.00517240000045,-0.004567785,537,2026-05-28T11:36:36.180,2026-05-28T11:52:06.180,,115.9027958000006,,230,2026-05-28T11:36:36.070,2026-05-28T11:52:06.070,Error desde Arduino: HX711 not found.,-0.10237659999984317
116.22036370000023,116.22036370000023,-0.004573177,538,2026-05-28T11:36:36.396,2026-05-28T11:52:06.396,,115.9027958000006,,230,2026-05-28T11:36:36.070,2026-05-28T11:52:06.070,Error desde Arduino: HX711 not found.,-0.31756789999963075
116.43552330000057,116.43552330000057,-0.004578674,539,2026-05-28T11:36:36.603,2026-05-28T11:52:06.603,,116.895982,-39.14,231,2026-05-28T11:36:37.070,2026-05-28T11:52:07.070,,0.46045869999943534
116.65059420000034,116.65059420000034,-0.004584024,540,2026-05-28T11:36:36.827,2026-05-28T11:52:06.827,,116.895982,-39.14,231,2026-05-28T11:36:37.070,2026-05-28T11:52:07.070,,0.2453877999996621
116.86564590000125,116.86564590000125,-0.004589499,541,2026-05-28T11:36:37.041,2026-05-28T11:52:07.041,,116.895982,-39.14,231,2026-05-28T11:36:37.070,2026-05-28T11:52:07.070,,0.030336099998748978
117.08085039999969,117.08085039999969,-0.004595059,542,2026-05-28T11:36:37.258,2026-05-28T11:52:07.258,,116.91929170000003,,232,2026-05-28T11:36:37.087,2026-05-28T11:52:07.087,Error desde Arduino: HX711 not found.,-0.16155869999965944
117.2959320000009,117.2959320000009,-0.004600378,543,2026-05-28T11:36:37.472,2026-05-28T11:52:07.472,,116.91929170000003,,232,2026-05-28T11:36:37.087,2026-05-28T11:52:07.087,Error desde Arduino: HX711 not found.,-0.37664030000087223
117.51105600000119,117.51105600000119,-0.004605623,544,2026-05-28T11:36:37.688,2026-05-28T11:52:07.688,,117.9123606000012,-39.31,233,2026-05-28T11:36:38.086,2026-05-28T11:52:08.086,,0.4013046000000031
117.72622310000042,117.72622310000042,-0.004611109,545,2026-05-28T11:36:37.903,2026-05-28T11:52:07.903,,117.9123606000012,-39.31,233,2026-05-28T11:36:38.086,2026-05-28T11:52:08.086,,0.18613750000076834
117.94124940000074,117.94124940000074,-0.004616313,546,2026-05-28T11:36:38.117,2026-05-28T11:52:08.117,,117.9354557000006,,234,2026-05-28T11:36:38.108,2026-05-28T11:52:08.108,Error desde Arduino: HX711 not found.,-0.005793700000140234
118.15640100000019,118.15640100000019,-0.0046216,547,2026-05-28T11:36:38.330,2026-05-28T11:52:08.330,,117.9354557000006,,234,2026-05-28T11:36:38.108,2026-05-28T11:52:08.108,Error desde Arduino: HX711 not found.,-0.22094529999958468
118.37139930000012,118.37139930000012,-0.004626552,548,2026-05-28T11:36:38.548,2026-05-28T11:52:08.548,,117.9354557000006,,234,2026-05-28T11:36:38.108,2026-05-28T11:52:08.108,Error desde Arduino: HX711 not found.,-0.4359435999995185
118.58628200000021,118.58628200000021,-0.004631954,549,2026-05-28T11:36:38.763,2026-05-28T11:52:08.763,,118.92875570000069,-39.55,235,2026-05-28T11:36:39.103,2026-05-28T11:52:09.103,,0.3424737000004825
118.8014662000005,118.8014662000005,-0.004636948,550,2026-05-28T11:36:38.970,2026-05-28T11:52:08.970,,118.92875570000069,-39.55,235,2026-05-28T11:36:39.103,2026-05-28T11:52:09.103,,0.12728950000018813
119.01656720000028,119.01656720000028,-0.004642351,551,2026-05-28T11:36:39.191,2026-05-28T11:52:09.191,,118.95179730000018,,236,2026-05-28T11:36:39.120,2026-05-28T11:52:09.120,Error desde Arduino: HX711 not found.,-0.06476990000010119
119.23167009999997,119.23167009999997,-0.00464746,552,2026-05-28T11:36:39.403,2026-05-28T11:52:09.403,,118.95179730000018,,236,2026-05-28T11:36:39.120,2026-05-28T11:52:09.120,Error desde Arduino: HX711 not found.,-0.27987279999979364
119.44691910000074,119.44691910000074,-0.00465213,553,2026-05-28T11:36:39.620,2026-05-28T11:52:09.620,,118.95179730000018,,236,2026-05-28T11:36:39.120,2026-05-28T11:52:09.120,Error desde Arduino: HX711 not found.,-0.49512180000056105
119.66211199999998,119.66211199999998,-0.004657542,554,2026-05-28T11:36:39.837,2026-05-28T11:52:09.837,,119.94515359999968,-40.32,237,2026-05-28T11:36:40.120,2026-05-28T11:52:10.120,,0.2830415999997058
119.87701709999965,119.87701709999965,-0.004662934,555,2026-05-28T11:36:40.053,2026-05-28T11:52:10.053,,119.94515359999968,-40.32,237,2026-05-28T11:36:40.120,2026-05-28T11:52:10.120,,0.0681365000000369
120.09225300000071,120.09225300000071,-0.004668002,556,2026-05-28T11:36:40.263,2026-05-28T11:52:10.263,,119.96835910000118,,238,2026-05-28T11:36:40.136,2026-05-28T11:52:10.136,Error desde Arduino: HX711 not found.,-0.12389389999952982
120.3072830000001,120.3072830000001,-0.00465615,557,2026-05-28T11:36:40.479,2026-05-28T11:52:10.479,,119.96835910000118,,238,2026-05-28T11:36:40.136,2026-05-28T11:52:10.136,Error desde Arduino: HX711 not found.,-0.3389238999989175
120.52228790000117,120.52228790000117,-0.00465415,558,2026-05-28T11:36:40.699,2026-05-28T11:52:10.699,,120.96147700000074,-40.23,239,2026-05-28T11:36:41.136,2026-05-28T11:52:11.136,,0.4391890999995667
120.73744500000066,120.73744500000066,-0.004659699,559,2026-05-28T11:36:40.913,2026-05-28T11:52:10.913,,120.96147700000074,-40.23,239,2026-05-28T11:36:41.136,2026-05-28T11:52:11.136,,0.22403200000007928
120.95255870000074,120.95255870000074,-0.004664463,560,2026-05-28T11:36:41.121,2026-05-28T11:52:11.121,,120.96147700000074,-40.23,239,2026-05-28T11:36:41.136,2026-05-28T11:52:11.136,,0.00891830000000482
121.16761510000106,121.16761510000106,-0.004669844,561,2026-05-28T11:36:41.337,2026-05-28T11:52:11.337,,120.98470760000055,,240,2026-05-28T11:36:41.161,2026-05-28T11:52:11.161,Error desde Arduino: HX711 not found.,-0.18290750000051048
121.38274120000096,121.38274120000096,-0.004675048,562,2026-05-28T11:36:41.553,2026-05-28T11:52:11.553,,120.98470760000055,,240,2026-05-28T11:36:41.161,2026-05-28T11:52:11.161,Error desde Arduino: HX711 not found.,-0.3980336000004172
121.59795169999961,121.59795169999961,-0.004680398,563,2026-05-28T11:36:41.770,2026-05-28T11:52:11.770,,121.97800090000055,-40.67,241,2026-05-28T11:36:42.153,2026-05-28T11:52:12.153,,0.3800492000009399
121.8130555000007,121.8130555000007,-0.004685476,564,2026-05-28T11:36:41.986,2026-05-28T11:52:11.986,,121.97800090000055,-40.67,241,2026-05-28T11:36:42.153,2026-05-28T11:52:12.153,,0.16494539999985136
122.02807349999966,122.02807349999966,-0.004690522,565,2026-05-28T11:36:42.205,2026-05-28T11:52:12.205,,122.00101540000105,,242,2026-05-28T11:36:42.170,2026-05-28T11:52:12.170,Error desde Arduino: HX711 not found.,-0.027058099998612306
122.2432547999997,122.2432547999997,-0.004695893,566,2026-05-28T11:36:42.420,2026-05-28T11:52:12.420,,122.00101540000105,,242,2026-05-28T11:36:42.170,2026-05-28T11:52:12.170,Error desde Arduino: HX711 not found.,-0.24223939999865252
122.45851370000128,122.45851370000128,-0.004701076,567,2026-05-28T11:36:42.630,2026-05-28T11:52:12.630,,122.00101540000105,,242,2026-05-28T11:36:42.170,2026-05-28T11:52:12.170,Error desde Arduino: HX711 not found.,-0.45749830000022484
122.67375090000132,122.67375090000132,-0.004706541,568,2026-05-28T11:36:42.846,2026-05-28T11:52:12.846,,122.99431530000038,-40.91,243,2026-05-28T11:36:43.171,2026-05-28T11:52:13.171,,0.32056439999905706
122.88882709999962,122.88882709999962,-0.004711462,569,2026-05-28T11:36:43.062,2026-05-28T11:52:13.062,,122.99431530000038,-40.91,243,2026-05-28T11:36:43.171,2026-05-28T11:52:13.171,,0.10548820000076375
123.10379530000137,123.10379530000137,-0.004716581,570,2026-05-28T11:36:43.279,2026-05-28T11:52:13.279,,123.01767219999965,,244,2026-05-28T11:36:43.187,2026-05-28T11:52:13.187,Error desde Arduino: HX711 not found.,-0.08612310000171419
123.31894740000098,123.31894740000098,-0.004721638,571,2026-05-28T11:36:43.496,2026-05-28T11:52:13.496,,123.01767219999965,,244,2026-05-28T11:36:43.187,2026-05-28T11:52:13.187,Error desde Arduino: HX711 not found.,-0.3012752000013279
123.5339313000004,123.5339313000004,-0.004726716,572,2026-05-28T11:36:43.711,2026-05-28T11:52:13.711,,124.01076680000006,-40.88,245,2026-05-28T11:36:44.187,2026-05-28T11:52:14.187,,0.4768354999996518
123.74909509999998,123.74909509999998,-0.004732003,573,2026-05-28T11:36:43.925,2026-05-28T11:52:13.925,,124.01076680000006,-40.88,245,2026-05-28T11:36:44.187,2026-05-28T11:52:14.187,,0.261671700000079
123.96405440000126,123.96405440000126,-0.004736914,574,2026-05-28T11:36:44.141,2026-05-28T11:52:14.141,,124.01076680000006,-40.88,245,2026-05-28T11:36:44.187,2026-05-28T11:52:14.187,,0.04671239999879617
124.17920310000045,124.17920310000045,-0.00474195,575,2026-05-28T11:36:44.356,2026-05-28T11:52:14.356,,124.03394450000087,,246,2026-05-28T11:36:44.205,2026-05-28T11:52:14.205,Error desde Arduino: HX711 not found.,-0.14525859999957902
124.39436970000133,124.39436970000133,-0.004747101,576,2026-05-28T11:36:44.571,2026-05-28T11:52:14.571,,124.03394450000087,,246,2026-05-28T11:36:44.205,2026-05-28T11:52:14.205,Error desde Arduino: HX711 not found.,-0.3604252000004635
124.6095232000007,124.6095232000007,-0.004751917,577,2026-05-28T11:36:44.786,2026-05-28T11:52:14.786,,125.0272530000002,-41.61,247,2026-05-28T11:36:45.204,2026-05-28T11:52:15.204,,0.4177297999995062
124.8248736000005,124.8248736000005,-0.004756796,578,2026-05-28T11:36:45.001,2026-05-28T11:52:15.001,,125.0272530000002,-41.61,247,2026-05-28T11:36:45.204,2026-05-28T11:52:15.204,,0.20237939999969967
125.03994140000032,125.03994140000032,-0.0047618,579,2026-05-28T11:36:45.208,2026-05-28T11:52:15.208,,125.0503903000008,,248,2026-05-28T11:36:45.220,2026-05-28T11:52:15.220,Error desde Arduino: HX711 not found.,0.010448900000483263
125.25514690000091,125.25514690000091,-0.004766397,580,2026-05-28T11:36:45.425,2026-05-28T11:52:15.425,,125.0503903000008,,248,2026-05-28T11:36:45.220,2026-05-28T11:52:15.220,Error desde Arduino: HX711 not found.,-0.20475660000010976
125.47032340000078,125.47032340000078,-0.004771077,581,2026-05-28T11:36:45.646,2026-05-28T11:52:15.646,,125.0503903000008,,248,2026-05-28T11:36:45.220,2026-05-28T11:52:15.220,Error desde Arduino: HX711 not found.,-0.4199330999999802
125.68551910000133,125.68551910000133,-0.004776154,582,2026-05-28T11:36:45.858,2026-05-28T11:52:15.858,,126.04356730000109,-41.95,249,2026-05-28T11:36:46.220,2026-05-28T11:52:16.220,,0.35804819999975734
125.90043810000134,125.90043810000134,-0.004781305,583,2026-05-28T11:36:46.070,2026-05-28T11:52:16.070,,126.04356730000109,-41.95,249,2026-05-28T11:36:46.220,2026-05-28T11:52:16.220,,0.14312919999974838
126.11556540000129,126.11556540000129,-0.004786498,584,2026-05-28T11:36:46.286,2026-05-28T11:52:16.286,,126.06659279999985,,250,2026-05-28T11:36:46.236,2026-05-28T11:52:16.236,Error desde Arduino: HX711 not found.,-0.04897260000143433
126.33064200000081,126.33064200000081,-0.004791545,585,2026-05-28T11:36:46.506,2026-05-28T11:52:16.506,,126.06659279999985,,250,2026-05-28T11:36:46.236,2026-05-28T11:52:16.236,Error desde Arduino: HX711 not found.,-0.26404920000095444
126.5456976000005,126.5456976000005,-0.00479679,586,2026-05-28T11:36:46.720,2026-05-28T11:52:16.720,,126.06659279999985,,250,2026-05-28T11:36:46.236,2026-05-28T11:52:16.236,Error desde Arduino: HX711 not found.,-0.47910480000064126
126.76081460000023,126.76081460000023,-0.004801648,587,2026-05-28T11:36:46.936,2026-05-28T11:52:16.936,,127.05994699999974,-42.14,251,2026-05-28T11:36:47.236,2026-05-28T11:52:17.236,,0.29913239999950747
126.9758780000011,126.9758780000011,-0.004806894,588,2026-05-28T11:36:47.153,2026-05-28T11:52:17.153,,127.05994699999974,-42.14,251,2026-05-28T11:36:47.236,2026-05-28T11:52:17.236,,0.08406899999863526
127.1910407000014,127.1910407000014,-0.004811856,589,2026-05-28T11:36:47.368,2026-05-28T11:52:17.368,,127.08326680000027,,252,2026-05-28T11:36:47.253,2026-05-28T11:52:17.253,Error desde Arduino: HX711 not found.,-0.10777390000112064
127.40594179999971,127.40594179999971,-0.004816557,590,2026-05-28T11:36:47.583,2026-05-28T11:52:17.583,,127.08326680000027,,252,2026-05-28T11:36:47.253,2026-05-28T11:52:17.253,Error desde Arduino: HX711 not found.,-0.3226749999994354
127.6210831999997,127.6210831999997,-0.004821237,591,2026-05-28T11:36:47.796,2026-05-28T11:52:17.796,,128.0763592000003,-42.26,253,2026-05-28T11:36:48.253,2026-05-28T11:52:18.253,,0.45527600000059465
127.83612940000057,127.83612940000057,-0.004826315,592,2026-05-28T11:36:48.008,2026-05-28T11:52:18.008,,128.0763592000003,-42.26,253,2026-05-28T11:36:48.253,2026-05-28T11:52:18.253,,0.2402297999997245
128.0513232000012,128.0513232000012,-0.004828325,593,2026-05-28T11:36:48.223,2026-05-28T11:52:18.223,,128.0763592000003,-42.26,253,2026-05-28T11:36:48.253,2026-05-28T11:52:18.253,,0.025035999999090564
128.26642569999967,128.26642569999967,-0.00483,594,2026-05-28T11:36:48.440,2026-05-28T11:52:18.440,,128.09970179999982,,254,2026-05-28T11:36:48.270,2026-05-28T11:52:18.270,Error desde Arduino: HX711 not found.,-0.1667238999998517
128.48148020000008,128.48148020000008,-0.004834911,595,2026-05-28T11:36:48.656,2026-05-28T11:52:18.656,,128.09970179999982,,254,2026-05-28T11:36:48.270,2026-05-28T11:52:18.270,Error desde Arduino: HX711 not found.,-0.38177840000025753
128.6965938000012,128.6965938000012,-0.004840041,596,2026-05-28T11:36:48.873,2026-05-28T11:52:18.873,,129.09276950000094,-42.6,255,2026-05-28T11:36:49.270,2026-05-28T11:52:19.270,,0.39617569999973057
128.9117122000007,128.9117122000007,-0.004844909,597,2026-05-28T11:36:49.088,2026-05-28T11:52:19.088,,129.09276950000094,-42.6,255,2026-05-28T11:36:49.270,2026-05-28T11:52:19.270,,0.18105730000024778
129.12665820000075,129.12665820000075,-0.004849841,598,2026-05-28T11:36:49.304,2026-05-28T11:52:19.304,,129.11581060000026,,256,2026-05-28T11:36:49.286,2026-05-28T11:52:19.286,Error desde Arduino: HX711 not found.,-0.010847600000488455
129.34178919999977,129.34178919999977,-0.004854541,599,2026-05-28T11:36:49.513,2026-05-28T11:52:19.513,,129.11581060000026,,256,2026-05-28T11:36:49.286,2026-05-28T11:52:19.286,Error desde Arduino: HX711 not found.,-0.22597859999950742
129.55688809999992,129.55688809999992,-0.00485963,600,2026-05-28T11:36:49.725,2026-05-28T11:52:19.725,,129.11581060000026,,256,2026-05-28T11:36:49.286,2026-05-28T11:52:19.286,Error desde Arduino: HX711 not found.,-0.4410774999996647
129.77202380000017,129.77202380000017,-0.004864467,601,2026-05-28T11:36:49.941,2026-05-28T11:52:19.941,,130.10913690000052,-42.93,257,2026-05-28T11:36:50.284,2026-05-28T11:52:20.284,,0.33711310000035155
129.98725750000085,129.98725750000085,-0.004869356,602,2026-05-28T11:36:50.164,2026-05-28T11:52:20.164,,130.10913690000052,-42.93,257,2026-05-28T11:36:50.284,2026-05-28T11:52:20.284,,0.12187939999967057
130.20231960000092,130.20231960000092,-0.004874089,603,2026-05-28T11:36:50.378,2026-05-28T11:52:20.378,,130.13221010000052,,258,2026-05-28T11:36:50.305,2026-05-28T11:52:20.305,Error desde Arduino: HX711 not found.,-0.07010950000039884
130.41765599999962,130.41765599999962,-0.004878611,604,2026-05-28T11:36:50.586,2026-05-28T11:52:20.586,,130.13221010000052,,258,2026-05-28T11:36:50.305,2026-05-28T11:52:20.305,Error desde Arduino: HX711 not found.,-0.28544589999910386
130.6327027999996,130.6327027999996,-0.004883606,605,2026-05-28T11:36:50.801,2026-05-28T11:52:20.801,,131.12543890000052,-43.15,259,2026-05-28T11:36:51.296,2026-05-28T11:52:21.296,,0.4927361000009114
130.8478909000005,130.8478909000005,-0.004888244,606,2026-05-28T11:36:51.022,2026-05-28T11:52:21.022,,131.12543890000052,-43.15,259,2026-05-28T11:36:51.296,2026-05-28T11:52:21.296,,0.27754800000002433
131.06297260000065,131.06297260000065,-0.004893123,607,2026-05-28T11:36:51.239,2026-05-28T11:52:21.239,,131.12543890000052,-43.15,259,2026-05-28T11:36:51.296,2026-05-28T11:52:21.296,,0.06246629999986908
131.27804500000093,131.27804500000093,-0.004898012,608,2026-05-28T11:36:51.448,2026-05-28T11:52:21.448,,131.14858640000057,,260,2026-05-28T11:36:51.323,2026-05-28T11:52:21.323,Error desde Arduino: HX711 not found.,-0.1294586000003619
131.4931557,131.4931557,-0.00490266,609,2026-05-28T11:36:51.669,2026-05-28T11:52:21.669,,131.14858640000057,,260,2026-05-28T11:36:51.323,2026-05-28T11:52:21.323,Error desde Arduino: HX711 not found.,-0.34456929999942076
131.7084745000011,131.7084745000011,-0.00490734,610,2026-05-28T11:36:51.885,2026-05-28T11:52:21.885,,132.14179160000094,-43.47,261,2026-05-28T11:36:52.317,2026-05-28T11:52:22.317,,0.43331709999984014
131.92342869999993,131.92342869999993,-0.004912324,611,2026-05-28T11:36:52.091,2026-05-28T11:52:22.091,,132.14179160000094,-43.47,261,2026-05-28T11:36:52.317,2026-05-28T11:52:22.317,,0.21836290000101144
132.13843910000105,132.13843910000105,-0.00491692,612,2026-05-28T11:36:52.315,2026-05-28T11:52:22.315,,132.14179160000094,-43.47,261,2026-05-28T11:36:52.317,2026-05-28T11:52:22.317,,0.0033524999998917338
132.35362320000058,132.35362320000058,-0.004921757,613,2026-05-28T11:36:52.526,2026-05-28T11:52:22.526,,132.16485570000077,,262,2026-05-28T11:36:52.339,2026-05-28T11:52:22.339,Error desde Arduino: HX711 not found.,-0.18876749999981257
132.56874720000087,132.56874720000087,-0.004926479,614,2026-05-28T11:36:52.745,2026-05-28T11:52:22.745,,132.16485570000077,,262,2026-05-28T11:36:52.339,2026-05-28T11:52:22.339,Error desde Arduino: HX711 not found.,-0.40389150000009977
132.7838171000003,132.7838171000003,-0.004931075,615,2026-05-28T11:36:52.961,2026-05-28T11:52:22.961,,133.15821180000057,-43.73,263,2026-05-28T11:36:53.327,2026-05-28T11:52:23.327,,0.3743947000002663
132.99899920000098,132.99899920000098,-0.004935818,616,2026-05-28T11:36:53.175,2026-05-28T11:52:23.175,,133.15821180000057,-43.73,263,2026-05-28T11:36:53.327,2026-05-28T11:52:23.327,,0.15921259999959148
133.2142528000004,133.2142528000004,-0.004940729,617,2026-05-28T11:36:53.382,2026-05-28T11:52:23.382,,133.18133640000087,,264,2026-05-28T11:36:53.351,2026-05-28T11:52:23.351,Error desde Arduino: HX711 not found.,-0.03291639999952167
133.4293300999998,133.4293300999998,-0.004945628,618,2026-05-28T11:36:53.598,2026-05-28T11:52:23.598,,133.18133640000087,,264,2026-05-28T11:36:53.351,2026-05-28T11:52:23.351,Error desde Arduino: HX711 not found.,-0.24799369999891496
133.64444770000046,133.64444770000046,-0.004950465,619,2026-05-28T11:36:53.821,2026-05-28T11:52:23.821,,133.18133640000087,,264,2026-05-28T11:36:53.351,2026-05-28T11:52:23.351,Error desde Arduino: HX711 not found.,-0.4631112999995821
133.859649,133.859649,-0.004955292,620,2026-05-28T11:36:54.036,2026-05-28T11:52:24.036,,134.17450350000036,-43.98,265,2026-05-28T11:36:54.351,2026-05-28T11:52:24.351,,0.3148545000003651
134.07482020000134,134.07482020000134,-0.004960139,621,2026-05-28T11:36:54.251,2026-05-28T11:52:24.251,,134.17450350000036,-43.98,265,2026-05-28T11:36:54.351,2026-05-28T11:52:24.351,,0.09968329999901471
134.28980290000072,134.28980290000072,-0.004964621,622,2026-05-28T11:36:54.457,2026-05-28T11:52:24.457,,134.19779730000118,,266,2026-05-28T11:36:54.373,2026-05-28T11:52:24.373,Error desde Arduino: HX711 not found.,-0.09200559999953839
134.50493180000012,134.50493180000012,-0.004969772,623,2026-05-28T11:36:54.681,2026-05-28T11:52:24.681,,134.19779730000118,,266,2026-05-28T11:36:54.373,2026-05-28T11:52:24.373,Error desde Arduino: HX711 not found.,-0.3071344999989378
134.72014320000017,134.72014320000017,-0.004974577,624,2026-05-28T11:36:54.895,2026-05-28T11:52:24.895,,135.19089789999998,-44.54,267,2026-05-28T11:36:55.364,2026-05-28T11:52:25.364,,0.4707546999998158
134.93518650000078,134.93518650000078,-0.004979446,625,2026-05-28T11:36:55.106,2026-05-28T11:52:25.106,,135.19089789999998,-44.54,267,2026-05-28T11:36:55.364,2026-05-28T11:52:25.364,,0.2557113999991998
135.15040039999985,135.15040039999985,-0.004984126,626,2026-05-28T11:36:55.324,2026-05-28T11:52:25.324,,135.19089789999998,-44.54,267,2026-05-28T11:36:55.364,2026-05-28T11:52:25.364,,0.04049750000012864
135.36548940000102,135.36548940000102,-0.004989235,627,2026-05-28T11:36:55.536,2026-05-28T11:52:25.536,,135.2138575000008,,268,2026-05-28T11:36:55.386,2026-05-28T11:52:25.386,Error desde Arduino: HX711 not found.,-0.15163190000021132
135.5806833000006,135.5806833000006,-0.004993737,628,2026-05-28T11:36:55.754,2026-05-28T11:52:25.754,,135.2138575000008,,268,2026-05-28T11:36:55.386,2026-05-28T11:52:25.386,Error desde Arduino: HX711 not found.,-0.3668257999997877
135.79574970000067,135.79574970000067,-0.004998427,629,2026-05-28T11:36:55.964,2026-05-28T11:52:25.964,,136.20726190000096,-44.48,269,2026-05-28T11:36:56.384,2026-05-28T11:52:26.384,,0.41151220000028843
136.01118510000015,136.01118510000015,-0.005003013,630,2026-05-28T11:36:56.181,2026-05-28T11:52:26.181,,136.20726190000096,-44.48,269,2026-05-28T11:36:56.384,2026-05-28T11:52:26.384,,0.19607680000081018
136.2263057,136.2263057,-0.005007861,631,2026-05-28T11:36:56.403,2026-05-28T11:52:26.403,,136.23057680000056,,270,2026-05-28T11:36:56.407,2026-05-28T11:52:26.407,Error desde Arduino: HX711 not found.,0.004271100000551087
136.44154920000074,136.44154920000074,-0.005012708,632,2026-05-28T11:36:56.618,2026-05-28T11:52:26.618,,136.23057680000056,,270,2026-05-28T11:36:56.407,2026-05-28T11:52:26.407,Error desde Arduino: HX711 not found.,-0.21097240000017337
136.65723369999978,136.65723369999978,-0.005017702,633,2026-05-28T11:36:56.834,2026-05-28T11:52:26.834,,136.23057680000056,,270,2026-05-28T11:36:56.407,2026-05-28T11:52:26.407,Error desde Arduino: HX711 not found.,-0.42665689999921597
136.8721944000008,136.8721944000008,-0.005022581,634,2026-05-28T11:36:57.049,2026-05-28T11:52:27.049,,137.22374090000085,-44.91,271,2026-05-28T11:36:57.401,2026-05-28T11:52:27.401,,0.3515465000000404
137.08719810000002,137.08719810000002,-0.005027743,635,2026-05-28T11:36:57.264,2026-05-28T11:52:27.264,,137.22374090000085,-44.91,271,2026-05-28T11:36:57.401,2026-05-28T11:52:27.401,,0.13654280000082508
137.30219730000135,137.30219730000135,-0.005032821,636,2026-05-28T11:36:57.479,2026-05-28T11:52:27.479,,137.24678099999983,,272,2026-05-28T11:36:57.423,2026-05-28T11:52:27.423,Error desde Arduino: HX711 not found.,-0.05541630000152509
137.51730970000062,137.51730970000062,-0.005037898,637,2026-05-28T11:36:57.694,2026-05-28T11:52:27.694,,137.24678099999983,,272,2026-05-28T11:36:57.423,2026-05-28T11:52:27.423,Error desde Arduino: HX711 not found.,-0.27052870000079565
137.73241790000066,137.73241790000066,-0.005042851,638,2026-05-28T11:36:57.909,2026-05-28T11:52:27.909,,137.24678099999983,,272,2026-05-28T11:36:57.423,2026-05-28T11:52:27.423,Error desde Arduino: HX711 not found.,-0.48563690000082715
137.94751440000073,137.94751440000073,-0.005048075,639,2026-05-28T11:36:58.124,2026-05-28T11:52:28.124,,138.24017950000052,-45.14,273,2026-05-28T11:36:58.417,2026-05-28T11:52:28.417,,0.2926650999997946
138.1626107000011,138.1626107000011,-0.005053237,640,2026-05-28T11:36:58.339,2026-05-28T11:52:28.339,,138.24017950000052,-45.14,273,2026-05-28T11:36:58.417,2026-05-28T11:52:28.417,,0.07756879999942612
138.37789690000136,138.37789690000136,-0.005057969,641,2026-05-28T11:36:58.555,2026-05-28T11:52:28.555,,138.26338810000016,,274,2026-05-28T11:36:58.440,2026-05-28T11:52:28.440,Error desde Arduino: HX711 not found.,-0.11450880000120378
138.59298060000037,138.59298060000037,-0.005063225,642,2026-05-28T11:36:58.769,2026-05-28T11:52:28.769,,138.26338810000016,,274,2026-05-28T11:36:58.440,2026-05-28T11:52:28.440,Error desde Arduino: HX711 not found.,-0.3295925000002171
138.80846240000028,138.80846240000028,-0.005068376,643,2026-05-28T11:36:58.985,2026-05-28T11:52:28.985,,139.2563783000005,-45.4,275,2026-05-28T11:36:59.433,2026-05-28T11:52:29.433,,0.4479159000002255
139.0236033000001,139.0236033000001,-0.005073244,644,2026-05-28T11:36:59.200,2026-05-28T11:52:29.200,,139.2563783000005,-45.4,275,2026-05-28T11:36:59.433,2026-05-28T11:52:29.433,,0.23277500000040163
139.2386932999998,139.2386932999998,-0.005078217,645,2026-05-28T11:36:59.415,2026-05-28T11:52:29.415,,139.2563783000005,-45.4,275,2026-05-28T11:36:59.433,2026-05-28T11:52:29.433,,0.017685000000710716
139.45377610000105,139.45377610000105,-0.005083107,646,2026-05-28T11:36:59.630,2026-05-28T11:52:29.630,,139.27957160000005,,276,2026-05-28T11:36:59.456,2026-05-28T11:52:29.456,Error desde Arduino: HX711 not found.,-0.17420450000099663
139.66891829999986,139.66891829999986,-0.00508785,647,2026-05-28T11:36:59.845,2026-05-28T11:52:29.845,,139.27957160000005,,276,2026-05-28T11:36:59.456,2026-05-28T11:52:29.456,Error desde Arduino: HX711 not found.,-0.3893466999998054
139.88416479999978,139.88416479999978,-0.005092854,648,2026-05-28T11:37:00.061,2026-05-28T11:52:30.061,,140.27282730000115,-45.61,277,2026-05-28T11:37:00.450,2026-05-28T11:52:30.450,,0.3886625000013737
140.09925250000015,140.09925250000015,-0.00509789,649,2026-05-28T11:37:00.276,2026-05-28T11:52:30.276,,140.27282730000115,-45.61,277,2026-05-28T11:37:00.450,2026-05-28T11:52:30.450,,0.17357480000100622
140.3144114000006,140.3144114000006,-0.005102895,650,2026-05-28T11:37:00.491,2026-05-28T11:52:30.491,,140.29595640000116,,278,2026-05-28T11:37:00.472,2026-05-28T11:52:30.472,Error desde Arduino: HX711 not found.,-0.018454999999448773
140.52934890000142,140.52934890000142,-0.005108151,651,2026-05-28T11:37:00.705,2026-05-28T11:52:30.705,,140.29595640000116,,278,2026-05-28T11:37:00.472,2026-05-28T11:52:30.472,Error desde Arduino: HX711 not found.,-0.23339250000026368
140.7445817000007,140.7445817000007,-0.005113145,652,2026-05-28T11:37:00.921,2026-05-28T11:52:30.921,,140.29595640000116,,278,2026-05-28T11:37:00.472,2026-05-28T11:52:30.472,Error desde Arduino: HX711 not found.,-0.4486252999995486
140.95968950000133,140.95968950000133,-0.005118599,653,2026-05-28T11:37:01.136,2026-05-28T11:52:31.136,,141.28918420000082,-45.9,279,2026-05-28T11:37:01.466,2026-05-28T11:52:31.466,,0.32949469999948633
141.1746863999997,141.1746863999997,-0.005123908,654,2026-05-28T11:37:01.352,2026-05-28T11:52:31.352,,141.28918420000082,-45.9,279,2026-05-28T11:37:01.466,2026-05-28T11:52:31.466,,0.11449780000111787
141.38976449999973,141.38976449999973,-0.005129593,655,2026-05-28T11:37:01.567,2026-05-28T11:52:31.567,,141.31223330000103,,280,2026-05-28T11:37:01.489,2026-05-28T11:52:31.489,Error desde Arduino: HX711 not found.,-0.0775311999987025
141.6047993000011,141.6047993000011,-0.005135047,656,2026-05-28T11:37:01.781,2026-05-28T11:52:31.781,,141.31223330000103,,280,2026-05-28T11:37:01.489,2026-05-28T11:52:31.489,Error desde Arduino: HX711 not found.,-0.29256600000007893
141.81997910000064,141.81997910000064,-0.00514068,657,2026-05-28T11:37:01.997,2026-05-28T11:52:31.997,,142.3055600000007,-45.91,281,2026-05-28T11:37:02.482,2026-05-28T11:52:32.482,,0.48558090000005905
142.03503590000037,142.03503590000037,-0.00514624,658,2026-05-28T11:37:02.211,2026-05-28T11:52:32.211,,142.3055600000007,-45.91,281,2026-05-28T11:37:02.482,2026-05-28T11:52:32.482,,0.2705241000003298
142.2500923000007,142.2500923000007,-0.005152144,659,2026-05-28T11:37:02.427,2026-05-28T11:52:32.427,,142.3055600000007,-45.91,281,2026-05-28T11:37:02.482,2026-05-28T11:52:32.482,,0.055467700000008335
142.46520830000009,142.46520830000009,-0.005158468,660,2026-05-28T11:37:02.642,2026-05-28T11:52:32.642,,142.32880620000105,,282,2026-05-28T11:37:02.505,2026-05-28T11:52:32.505,Error desde Arduino: HX711 not found.,-0.13640209999903163
142.68022390000078,142.68022390000078,-0.00516474,661,2026-05-28T11:37:02.857,2026-05-28T11:52:32.857,,142.32880620000105,,282,2026-05-28T11:37:02.505,2026-05-28T11:52:32.505,Error desde Arduino: HX711 not found.,-0.35141769999972894
142.89539870000044,142.89539870000044,-0.005171419,662,2026-05-28T11:37:03.072,2026-05-28T11:52:33.072,,143.32187499999964,-46.08,283,2026-05-28T11:37:03.499,2026-05-28T11:52:33.499,,0.42647629999919445
143.11045879999983,143.11045879999983,-0.005179103,663,2026-05-28T11:37:03.287,2026-05-28T11:52:33.287,,143.32187499999964,-46.08,283,2026-05-28T11:37:03.499,2026-05-28T11:52:33.499,,0.2114161999998032
143.3257207000006,143.3257207000006,-0.00518773,664,2026-05-28T11:37:03.502,2026-05-28T11:52:33.502,,143.32187499999964,-46.08,283,2026-05-28T11:37:03.499,2026-05-28T11:52:33.499,,-0.003845700000965735
143.5412809999998,143.5412809999998,-0.005197509,665,2026-05-28T11:37:03.718,2026-05-28T11:52:33.718,,143.34503310000036,,284,2026-05-28T11:37:03.522,2026-05-28T11:52:33.522,Error desde Arduino: HX711 not found.,-0.1962478999994346
143.75645030000123,143.75645030000123,-0.005208366,666,2026-05-28T11:37:03.933,2026-05-28T11:52:33.933,,143.34503310000036,,284,2026-05-28T11:37:03.522,2026-05-28T11:52:33.522,Error desde Arduino: HX711 not found.,-0.41141720000086934
143.9716451000004,143.9716451000004,-0.005221097,667,2026-05-28T11:37:04.149,2026-05-28T11:52:34.149,,144.33834560000105,-46.01,285,2026-05-28T11:37:04.515,2026-05-28T11:52:34.515,,0.3667005000006611
144.1867156999997,144.1867156999997,-0.005235378,668,2026-05-28T11:37:04.363,2026-05-28T11:52:34.363,,144.33834560000105,-46.01,285,2026-05-28T11:37:04.515,2026-05-28T11:52:34.515,,0.15162990000135323
144.40196939999987,144.40196939999987,-0.005252025,669,2026-05-28T11:37:04.578,2026-05-28T11:52:34.578,,144.3616135000011,,286,2026-05-28T11:37:04.538,2026-05-28T11:52:34.538,Error desde Arduino: HX711 not found.,-0.040355899998758105
144.61711360000118,144.61711360000118,-0.00527108,670,2026-05-28T11:37:04.794,2026-05-28T11:52:34.794,,144.3616135000011,,286,2026-05-28T11:37:04.538,2026-05-28T11:52:34.538,Error desde Arduino: HX711 not found.,-0.25550010000006296
144.83209499999975,144.83209499999975,-0.005292208,671,2026-05-28T11:37:05.008,2026-05-28T11:52:35.008,,144.3616135000011,,286,2026-05-28T11:37:04.538,2026-05-28T11:52:34.538,Error desde Arduino: HX711 not found.,-0.4704814999986411
145.0472275000011,145.0472275000011,-0.005315786,672,2026-05-28T11:37:05.223,2026-05-28T11:52:35.223,,145.35472430000118,-46.31,287,2026-05-28T11:37:05.532,2026-05-28T11:52:35.532,,0.30749680000008084
145.26229310000053,145.26229310000053,-0.005341594,673,2026-05-28T11:37:05.438,2026-05-28T11:52:35.438,,145.35472430000118,-46.31,287,2026-05-28T11:37:05.532,2026-05-28T11:52:35.532,,0.09243120000064664
145.47741889999998,145.47741889999998,-0.005369642,674,2026-05-28T11:37:05.654,2026-05-28T11:52:35.654,,145.3779568000009,,288,2026-05-28T11:37:05.555,2026-05-28T11:52:35.555,Error desde Arduino: HX711 not found.,-0.09946209999907296
145.69252589999996,145.69252589999996,-0.005399272,675,2026-05-28T11:37:05.869,2026-05-28T11:52:35.869,,145.3779568000009,,288,2026-05-28T11:37:05.555,2026-05-28T11:52:35.555,Error desde Arduino: HX711 not found.,-0.314569099999062
145.907594100001,145.907594100001,-0.005430503,676,2026-05-28T11:37:06.084,2026-05-28T11:52:36.084,,146.37125519999972,-48.04,289,2026-05-28T11:37:06.548,2026-05-28T11:52:36.548,,0.46366109999871696
146.1227101000004,146.1227101000004,-0.005462959,677,2026-05-28T11:37:06.300,2026-05-28T11:52:36.300,,146.37125519999972,-48.04,289,2026-05-28T11:37:06.548,2026-05-28T11:52:36.548,,0.24854509999931906
146.33766470000046,146.33766470000046,-0.00549686,678,2026-05-28T11:37:06.514,2026-05-28T11:52:36.514,,146.37125519999972,-48.04,289,2026-05-28T11:37:06.548,2026-05-28T11:52:36.548,,0.03359049999926356
146.5527431999999,146.5527431999999,-0.005531222,679,2026-05-28T11:37:06.729,2026-05-28T11:52:36.729,,146.39442390000113,,290,2026-05-28T11:37:06.571,2026-05-28T11:52:36.571,Error desde Arduino: HX711 not found.,-0.15831929999876593
146.76773370000046,146.76773370000046,-0.005565469,680,2026-05-28T11:37:06.944,2026-05-28T11:52:36.944,,146.39442390000113,,290,2026-05-28T11:37:06.571,2026-05-28T11:52:36.571,Error desde Arduino: HX711 not found.,-0.37330979999933334
146.98290500000076,146.98290500000076,-0.005598375,681,2026-05-28T11:37:07.160,2026-05-28T11:52:37.160,,147.38762730000053,-49.24,291,2026-05-28T11:37:07.564,2026-05-28T11:52:37.564,,0.4047222999997757
147.19805470000028,147.19805470000028,-0.005629271,682,2026-05-28T11:37:07.374,2026-05-28T11:52:37.374,,147.38762730000053,-49.24,291,2026-05-28T11:37:07.564,2026-05-28T11:52:37.564,,0.1895726000002469
147.41316970000116,147.41316970000116,-0.005658011,683,2026-05-28T11:37:07.590,2026-05-28T11:52:37.590,,147.410851300001,,292,2026-05-28T11:37:07.587,2026-05-28T11:52:37.587,Error desde Arduino: HX711 not found.,-0.0023184000001492677
147.62824929999988,147.62824929999988,-0.005684929,684,2026-05-28T11:37:07.805,2026-05-28T11:52:37.805,,147.410851300001,,292,2026-05-28T11:37:07.587,2026-05-28T11:52:37.587,Error desde Arduino: HX711 not found.,-0.217397999998866
147.84347330000128,147.84347330000128,-0.00570925,685,2026-05-28T11:37:08.020,2026-05-28T11:52:38.020,,147.410851300001,,292,2026-05-28T11:37:07.587,2026-05-28T11:52:37.587,Error desde Arduino: HX711 not found.,-0.43262200000026496
148.05848870000045,148.05848870000045,-0.005731069,686,2026-05-28T11:37:08.234,2026-05-28T11:52:38.234,,148.40398430000096,-53.08,293,2026-05-28T11:37:08.581,2026-05-28T11:52:38.581,,0.34549560000050406
148.27369329999965,148.27369329999965,-0.005750511,687,2026-05-28T11:37:08.450,2026-05-28T11:52:38.450,,148.40398430000096,-53.08,293,2026-05-28T11:37:08.581,2026-05-28T11:52:38.581,,0.1302910000013071
148.48867690000043,148.48867690000043,-0.005767441,688,2026-05-28T11:37:08.665,2026-05-28T11:52:38.665,,148.44030060000114,,295,2026-05-28T11:37:08.617,2026-05-28T11:52:38.617,Error desde Arduino: HX711 not found.,-0.048376299999290495
148.7037975000003,148.7037975000003,-0.00578214,689,2026-05-28T11:37:08.881,2026-05-28T11:52:38.881,,148.44030060000114,,295,2026-05-28T11:37:08.617,2026-05-28T11:52:38.617,Error desde Arduino: HX711 not found.,-0.26349689999915427
148.91892890000054,148.91892890000054,-0.00579461,690,2026-05-28T11:37:09.096,2026-05-28T11:52:39.096,,148.44030060000114,,295,2026-05-28T11:37:08.617,2026-05-28T11:52:38.617,Error desde Arduino: HX711 not found.,-0.47862829999940004
149.13398290000077,149.13398290000077,-0.005805519,691,2026-05-28T11:37:09.310,2026-05-28T11:52:39.310,,149.433352,-54.64,296,2026-05-28T11:37:09.610,2026-05-28T11:52:39.610,,0.29936909999923955
149.34919079999963,149.34919079999963,-0.005814691,692,2026-05-28T11:37:09.526,2026-05-28T11:52:39.526,,149.433352,-54.64,296,2026-05-28T11:37:09.610,2026-05-28T11:52:39.610,,0.08416120000038063
149.56420600000092,149.56420600000092,-0.005822826,693,2026-05-28T11:37:09.741,2026-05-28T11:52:39.741,,149.45639760000086,,297,2026-05-28T11:37:09.633,2026-05-28T11:52:39.633,Error desde Arduino: HX711 not found.,-0.1078084000000672
149.7791541000006,149.7791541000006,-0.005829663,694,2026-05-28T11:37:09.956,2026-05-28T11:52:39.956,,149.45639760000086,,297,2026-05-28T11:37:09.633,2026-05-28T11:52:39.633,Error desde Arduino: HX711 not found.,-0.3227564999997412
149.99419090000083,149.99419090000083,-0.00583584,695,2026-05-28T11:37:10.171,2026-05-28T11:52:40.171,,150.4498388000011,-55.89,298,2026-05-28T11:37:10.627,2026-05-28T11:52:40.627,,0.45564790000025823
150.20962340000005,150.20962340000005,-0.00584096,696,2026-05-28T11:37:10.386,2026-05-28T11:52:40.386,,150.4498388000011,-55.89,298,2026-05-28T11:37:10.627,2026-05-28T11:52:40.627,,0.24021540000103414
150.42503620000025,150.42503620000025,-0.005845284,697,2026-05-28T11:37:10.602,2026-05-28T11:52:40.602,,150.4498388000011,-55.89,298,2026-05-28T11:37:10.627,2026-05-28T11:52:40.627,,0.024802600000839448
150.64012820000062,150.64012820000062,-0.005849147,698,2026-05-28T11:37:10.817,2026-05-28T11:52:40.817,,150.47315280000112,,299,2026-05-28T11:37:10.650,2026-05-28T11:52:40.650,Error desde Arduino: HX711 not found.,-0.16697539999950095
150.85525750000124,150.85525750000124,-0.005852612,699,2026-05-28T11:37:11.032,2026-05-28T11:52:41.032,,150.47315280000112,,299,2026-05-28T11:37:10.650,2026-05-28T11:52:40.650,Error desde Arduino: HX711 not found.,-0.3821047000001272
151.07023280000067,151.07023280000067,-0.005855366,700,2026-05-28T11:37:11.247,2026-05-28T11:52:41.247,,151.46634679999988,-56.31,300,2026-05-28T11:37:11.643,2026-05-28T11:52:41.643,,0.3961139999992156
151.28535770000053,151.28535770000053,-0.005857784,701,2026-05-28T11:37:11.462,2026-05-28T11:52:41.462,,151.46634679999988,-56.31,300,2026-05-28T11:37:11.643,2026-05-28T11:52:41.643,,0.1809890999993513
151.50046370000018,151.50046370000018,-0.005859826,702,2026-05-28T11:37:11.677,2026-05-28T11:52:41.677,,151.48937910000132,,301,2026-05-28T11:37:11.666,2026-05-28T11:52:41.666,Error desde Arduino: HX711 not found.,-0.011084599998866906
151.71561029999975,151.71561029999975,-0.005861815,703,2026-05-28T11:37:11.893,2026-05-28T11:52:41.893,,151.48937910000132,,301,2026-05-28T11:37:11.666,2026-05-28T11:52:41.666,Error desde Arduino: HX711 not found.,-0.22623119999843766
151.93065550000028,151.93065550000028,-0.005863459,704,2026-05-28T11:37:12.107,2026-05-28T11:52:42.107,,151.48937910000132,,301,2026-05-28T11:37:11.666,2026-05-28T11:52:41.666,Error desde Arduino: HX711 not found.,-0.4412763999989693
152.14585780000016,152.14585780000016,-0.00586503,705,2026-05-28T11:37:12.322,2026-05-28T11:52:42.322,,152.48270109999976,-56.13,302,2026-05-28T11:37:12.659,2026-05-28T11:52:42.659,,0.3368432999996003
152.36108830000012,152.36108830000012,-0.005866129,706,2026-05-28T11:37:12.538,2026-05-28T11:52:42.538,,152.48270109999976,-56.13,302,2026-05-28T11:37:12.659,2026-05-28T11:52:42.659,,0.12161279999963881
152.5763650000008,152.5763650000008,-0.005867406,707,2026-05-28T11:37:12.753,2026-05-28T11:52:42.753,,152.50564470000063,,303,2026-05-28T11:37:12.682,2026-05-28T11:52:42.682,Error desde Arduino: HX711 not found.,-0.07072030000017548
152.79187830000046,152.79187830000046,-0.005868338,708,2026-05-28T11:37:12.969,2026-05-28T11:52:42.969,,152.50564470000063,,303,2026-05-28T11:37:12.682,2026-05-28T11:52:42.682,Error desde Arduino: HX711 not found.,-0.2862335999998322
153.00685870000052,153.00685870000052,-0.005869144,709,2026-05-28T11:37:13.183,2026-05-28T11:52:43.183,,153.49899840000035,-56.31,304,2026-05-28T11:37:13.676,2026-05-28T11:52:43.676,,0.4921396999998251
153.22216310000113,153.22216310000113,-0.005870013,710,2026-05-28T11:37:13.399,2026-05-28T11:52:43.399,,153.49899840000035,-56.31,304,2026-05-28T11:37:13.676,2026-05-28T11:52:43.676,,0.2768352999992203
153.43725489999997,153.43725489999997,-0.005870777,711,2026-05-28T11:37:13.614,2026-05-28T11:52:43.614,,153.49899840000035,-56.31,304,2026-05-28T11:37:13.676,2026-05-28T11:52:43.676,,0.06174350000037521
153.6524577,153.6524577,-0.005871395,712,2026-05-28T11:37:13.829,2026-05-28T11:52:43.829,,153.52208679999967,,305,2026-05-28T11:37:13.699,2026-05-28T11:52:43.699,Error desde Arduino: HX711 not found.,-0.13037090000034368
153.86750240000038,153.86750240000038,-0.005871919,713,2026-05-28T11:37:14.044,2026-05-28T11:52:44.044,,153.52208679999967,,305,2026-05-28T11:37:13.699,2026-05-28T11:52:43.699,Error desde Arduino: HX711 not found.,-0.34541560000070604
154.08265329999995,154.08265329999995,-0.005872369,714,2026-05-28T11:37:14.259,2026-05-28T11:52:44.259,,154.5152775000006,-56.3,306,2026-05-28T11:37:14.692,2026-05-28T11:52:44.692,,0.43262420000064594
154.29761080000026,154.29761080000026,-0.00587285,715,2026-05-28T11:37:14.475,2026-05-28T11:52:44.475,,154.5152775000006,-56.3,306,2026-05-28T11:37:14.692,2026-05-28T11:52:44.692,,0.21766670000033628
154.51253130000077,154.51253130000077,-0.005873049,716,2026-05-28T11:37:14.689,2026-05-28T11:52:44.689,,154.5152775000006,-56.3,306,2026-05-28T11:37:14.692,2026-05-28T11:52:44.692,,0.0027461999998195097
154.72746689999985,154.72746689999985,-0.005873437,717,2026-05-28T11:37:14.904,2026-05-28T11:52:44.904,,154.53849869999976,,307,2026-05-28T11:37:14.715,2026-05-28T11:52:44.715,Error desde Arduino: HX711 not found.,-0.1889682000000903
154.94290400000136,154.94290400000136,-0.005873824,718,2026-05-28T11:37:15.120,2026-05-28T11:52:45.120,,154.53849869999976,,307,2026-05-28T11:37:14.715,2026-05-28T11:52:44.715,Error desde Arduino: HX711 not found.,-0.40440530000159924
155.15792340000007,155.15792340000007,-0.005874316,719,2026-05-28T11:37:15.335,2026-05-28T11:52:45.335,,155.5316584000011,-56.24,308,2026-05-28T11:37:15.709,2026-05-28T11:52:45.709,,0.37373500000103377
155.37299619999976,155.37299619999976,-0.00587462,720,2026-05-28T11:37:15.550,2026-05-28T11:52:45.550,,155.5316584000011,-56.24,308,2026-05-28T11:37:15.709,2026-05-28T11:52:45.709,,0.1586622000013449
155.5882032999998,155.5882032999998,-0.005874944,721,2026-05-28T11:37:15.765,2026-05-28T11:52:45.765,,155.55471190000026,,309,2026-05-28T11:37:15.731,2026-05-28T11:52:45.731,Error desde Arduino: HX711 not found.,-0.033491399999547866
155.803065600001,155.803065600001,-0.00587507,722,2026-05-28T11:37:15.979,2026-05-28T11:52:45.979,,155.55471190000026,,309,2026-05-28T11:37:15.731,2026-05-28T11:52:45.731,Error desde Arduino: HX711 not found.,-0.24835370000073453
156.01834430000054,156.01834430000054,-0.005875552,723,2026-05-28T11:37:16.195,2026-05-28T11:52:46.195,,155.55471190000026,,309,2026-05-28T11:37:15.731,2026-05-28T11:52:45.731,Error desde Arduino: HX711 not found.,-0.4636324000002787
156.23347790000116,156.23347790000116,-0.005875782,724,2026-05-28T11:37:16.410,2026-05-28T11:52:46.410,,156.54804839999997,-56.26,310,2026-05-28T11:37:16.725,2026-05-28T11:52:46.725,,0.3145704999988084
156.44872580000083,156.44872580000083,-0.005876033,725,2026-05-28T11:37:16.625,2026-05-28T11:52:46.625,,156.54804839999997,-56.26,310,2026-05-28T11:37:16.725,2026-05-28T11:52:46.725,,0.09932259999914095
156.6636475000014,156.6636475000014,-0.005875939,726,2026-05-28T11:37:16.840,2026-05-28T11:52:46.840,,156.57108960000005,,311,2026-05-28T11:37:16.748,2026-05-28T11:52:46.748,Error desde Arduino: HX711 not found.,-0.09255790000133857
156.87873539999964,156.87873539999964,-0.005875887,727,2026-05-28T11:37:17.055,2026-05-28T11:52:47.055,,156.57108960000005,,311,2026-05-28T11:37:16.748,2026-05-28T11:52:46.748,Error desde Arduino: HX711 not found.,-0.30764579999959096
157.09382050000022,157.09382050000022,-0.005876033,728,2026-05-28T11:37:17.271,2026-05-28T11:52:47.271,,157.56454010000016,-56.28,312,2026-05-28T11:37:17.741,2026-05-28T11:52:47.741,,0.4707195999999385
157.30895130000135,157.30895130000135,-0.005876494,729,2026-05-28T11:37:17.485,2026-05-28T11:52:47.485,,157.56454010000016,-56.28,312,2026-05-28T11:37:17.741,2026-05-28T11:52:47.741,,0.25558879999880446
157.52406220000012,157.52406220000012,-0.005876724,730,2026-05-28T11:37:17.701,2026-05-28T11:52:47.701,,157.56454010000016,-56.28,312,2026-05-28T11:37:17.741,2026-05-28T11:52:47.741,,0.0404779000000417
157.73916280000049,157.73916280000049,-0.005876818,731,2026-05-28T11:37:17.916,2026-05-28T11:52:47.916,,157.58758430000125,,313,2026-05-28T11:37:17.764,2026-05-28T11:52:47.764,Error desde Arduino: HX711 not found.,-0.151578499999232
157.9541989999998,157.9541989999998,-0.005876881,732,2026-05-28T11:37:18.131,2026-05-28T11:52:48.131,,157.58758430000125,,313,2026-05-28T11:37:17.764,2026-05-28T11:52:47.764,Error desde Arduino: HX711 not found.,-0.3666146999985358
158.16904419999992,158.16904419999992,-0.00587708,733,2026-05-28T11:37:18.346,2026-05-28T11:52:48.346,,158.58086490000096,-56.37,314,2026-05-28T11:37:18.758,2026-05-28T11:52:48.758,,0.4118207000010443
158.38428510000085,158.38428510000085,-0.005877091,734,2026-05-28T11:37:18.561,2026-05-28T11:52:48.561,,158.58086490000096,-56.37,314,2026-05-28T11:37:18.758,2026-05-28T11:52:48.758,,0.19657980000010866
158.60108279999986,158.60108279999986,-0.005877321,735,2026-05-28T11:37:18.778,2026-05-28T11:52:48.778,,158.60421440000027,,315,2026-05-28T11:37:18.781,2026-05-28T11:52:48.781,Error desde Arduino: HX711 not found.,0.0031316000004153466
158.81635920000008,158.81635920000008,-0.005877363,736,2026-05-28T11:37:18.993,2026-05-28T11:52:48.993,,158.60421440000027,,315,2026-05-28T11:37:18.781,2026-05-28T11:52:48.781,Error desde Arduino: HX711 not found.,-0.2121447999998054
159.03140300000086,159.03140300000086,-0.005877426,737,2026-05-28T11:37:19.208,2026-05-28T11:52:49.208,,158.60421440000027,,315,2026-05-28T11:37:18.781,2026-05-28T11:52:48.781,Error desde Arduino: HX711 not found.,-0.42718860000059067
159.24633080000058,159.24633080000058,-0.005877635,738,2026-05-28T11:37:19.423,2026-05-28T11:52:49.423,,159.5972522000011,-56.33,316,2026-05-28T11:37:19.774,2026-05-28T11:52:49.774,,0.35092140000051586
159.4616016,159.4616016,-0.00587774,739,2026-05-28T11:37:19.638,2026-05-28T11:52:49.638,,159.5972522000011,-56.33,316,2026-05-28T11:37:19.774,2026-05-28T11:52:49.774,,0.13565060000109952
159.67656890000035,159.67656890000035,-0.005877667,740,2026-05-28T11:37:19.853,2026-05-28T11:52:49.853,,159.6205117999998,,317,2026-05-28T11:37:19.797,2026-05-28T11:52:49.797,Error desde Arduino: HX711 not found.,-0.05605710000054387
159.89214720000018,159.89214720000018,-0.005877876,741,2026-05-28T11:37:20.069,2026-05-28T11:52:50.069,,159.6205117999998,,317,2026-05-28T11:37:19.797,2026-05-28T11:52:49.797,Error desde Arduino: HX711 not found.,-0.27163540000037756
160.1073238000008,160.1073238000008,-0.005878002,742,2026-05-28T11:37:20.284,2026-05-28T11:52:50.284,,159.6205117999998,,317,2026-05-28T11:37:19.797,2026-05-28T11:52:49.797,Error desde Arduino: HX711 not found.,-0.48681200000100944
160.32242729999962,160.32242729999962,-0.005878043,743,2026-05-28T11:37:20.499,2026-05-28T11:52:50.499,,160.61361150000084,-56.33,318,2026-05-28T11:37:20.790,2026-05-28T11:52:50.790,,0.2911842000012257
160.53743720000057,160.53743720000057,-0.005878012,744,2026-05-28T11:37:20.714,2026-05-28T11:52:50.714,,160.61361150000084,-56.33,318,2026-05-28T11:37:20.790,2026-05-28T11:52:50.790,,0.07617430000027525
160.75263470000027,160.75263470000027,-0.005878012,745,2026-05-28T11:37:20.929,2026-05-28T11:52:50.929,,160.63682560000052,,319,2026-05-28T11:37:20.813,2026-05-28T11:52:50.813,Error desde Arduino: HX711 not found.,-0.1158090999997512
160.96770880000076,160.96770880000076,-0.005878002,746,2026-05-28T11:37:21.145,2026-05-28T11:52:51.145,,160.63682560000052,,319,2026-05-28T11:37:20.813,2026-05-28T11:52:50.813,Error desde Arduino: HX711 not found.,-0.33088320000024396
161.1828433999999,161.1828433999999,-0.005878159,747,2026-05-28T11:37:21.360,2026-05-28T11:52:51.360,,161.62984030000007,-56.37,320,2026-05-28T11:37:21.806,2026-05-28T11:52:51.806,,0.44699690000015835
161.39800380000088,161.39800380000088,-0.005878242,748,2026-05-28T11:37:21.575,2026-05-28T11:52:51.575,,161.62984030000007,-56.37,320,2026-05-28T11:37:21.806,2026-05-28T11:52:51.806,,0.23183649999918998
161.61328150000008,161.61328150000008,-0.005878274,749,2026-05-28T11:37:21.790,2026-05-28T11:52:51.790,,161.62984030000007,-56.37,320,2026-05-28T11:37:21.806,2026-05-28T11:52:51.806,,0.01655879999998433
161.82848490000106,161.82848490000106,-0.005878473,750,2026-05-28T11:37:22.005,2026-05-28T11:52:52.005,,161.65303370000038,,321,2026-05-28T11:37:21.830,2026-05-28T11:52:51.830,Error desde Arduino: HX711 not found.,-0.17545120000067982
162.0435483000001,162.0435483000001,-0.00587841,751,2026-05-28T11:37:22.220,2026-05-28T11:52:52.220,,161.65303370000038,,321,2026-05-28T11:37:21.830,2026-05-28T11:52:51.830,Error desde Arduino: HX711 not found.,-0.39051459999973304
162.2589450000014,162.2589450000014,-0.00587863,752,2026-05-28T11:37:22.435,2026-05-28T11:52:52.435,,162.64615820000108,-56.37,322,2026-05-28T11:37:22.823,2026-05-28T11:52:52.823,,0.3872131999996782
162.47411060000013,162.47411060000013,-0.005878556,753,2026-05-28T11:37:22.651,2026-05-28T11:52:52.651,,162.64615820000108,-56.37,322,2026-05-28T11:37:22.823,2026-05-28T11:52:52.823,,0.1720476000009512
162.6892667000011,162.6892667000011,-0.005878609,754,2026-05-28T11:37:22.866,2026-05-28T11:52:52.866,,162.66927270000087,,323,2026-05-28T11:37:22.846,2026-05-28T11:52:52.846,Error desde Arduino: HX711 not found.,-0.019994000000224332
162.9043554,162.9043554,-0.005878661,755,2026-05-28T11:37:23.081,2026-05-28T11:52:53.081,,162.66927270000087,,323,2026-05-28T11:37:22.846,2026-05-28T11:52:52.846,Error desde Arduino: HX711 not found.,-0.23508269999911136
163.11942110000018,163.11942110000018,-0.005878682,756,2026-05-28T11:37:23.296,2026-05-28T11:52:53.296,,162.66927270000087,,323,2026-05-28T11:37:22.846,2026-05-28T11:52:52.846,Error desde Arduino: HX711 not found.,-0.450148399999307
163.3349315000014,163.3349315000014,-0.005878619,757,2026-05-28T11:37:23.511,2026-05-28T11:52:53.511,,163.6624083000006,-56.39,324,2026-05-28T11:37:23.832,2026-05-28T11:52:53.832,,0.32747679999920365
163.5499679000004,163.5499679000004,-0.005878693,758,2026-05-28T11:37:23.727,2026-05-28T11:52:53.727,,163.6624083000006,-56.39,324,2026-05-28T11:37:23.832,2026-05-28T11:52:53.832,,0.11244040000019595
163.76516840000113,163.76516840000113,-0.005878714,759,2026-05-28T11:37:23.941,2026-05-28T11:52:53.941,,163.68561560000126,,325,2026-05-28T11:37:23.855,2026-05-28T11:52:53.855,Error desde Arduino: HX711 not found.,-0.07955279999987397
163.98021640000115,163.98021640000115,-0.005878619,760,2026-05-28T11:37:24.156,2026-05-28T11:52:54.156,,163.68561560000126,,325,2026-05-28T11:37:23.855,2026-05-28T11:52:53.855,Error desde Arduino: HX711 not found.,-0.2946007999998983
164.1954732000013,164.1954732000013,-0.005878871,761,2026-05-28T11:37:24.367,2026-05-28T11:52:54.367,,164.67881300000045,-56.34,326,2026-05-28T11:37:24.855,2026-05-28T11:52:54.855,,0.48333979999915755
164.41053360000114,164.41053360000114,-0.005878755,762,2026-05-28T11:37:24.587,2026-05-28T11:52:54.587,,164.67881300000045,-56.34,326,2026-05-28T11:37:24.855,2026-05-28T11:52:54.855,,0.26827939999930095
164.62568180000017,164.62568180000017,-0.005879049,763,2026-05-28T11:37:24.801,2026-05-28T11:52:54.801,,164.67881300000045,-56.34,326,2026-05-28T11:37:24.855,2026-05-28T11:52:54.855,,0.05313120000027993
164.84062380000069,164.84062380000069,-0.005878797,764,2026-05-28T11:37:25.010,2026-05-28T11:52:55.010,,164.70195779999995,,327,2026-05-28T11:37:24.874,2026-05-28T11:52:54.874,Error desde Arduino: HX711 not found.,-0.1386660000007396
165.05573790000017,165.05573790000017,-0.005879038,765,2026-05-28T11:37:25.232,2026-05-28T11:52:55.232,,164.70195779999995,,327,2026-05-28T11:37:24.874,2026-05-28T11:52:54.874,Error desde Arduino: HX711 not found.,-0.35378010000022186
165.2708476000007,165.2708476000007,-0.00587908,766,2026-05-28T11:37:25.440,2026-05-28T11:52:55.440,,165.69520860000011,-56.27,328,2026-05-28T11:37:25.865,2026-05-28T11:52:55.865,,0.4243609999994078
165.48595120000027,165.48595120000027,-0.005879216,767,2026-05-28T11:37:25.658,2026-05-28T11:52:55.658,,165.69520860000011,-56.27,328,2026-05-28T11:37:25.865,2026-05-28T11:52:55.865,,0.20925739999984216
165.70109480000065,165.70109480000065,-0.005879028,768,2026-05-28T11:37:25.877,2026-05-28T11:52:55.877,,165.69520860000011,-56.27,328,2026-05-28T11:37:25.865,2026-05-28T11:52:55.865,,-0.0058862000005319715
165.9162176000009,165.9162176000009,-0.005879185,769,2026-05-28T11:37:26.093,2026-05-28T11:52:56.093,,165.71829700000126,,329,2026-05-28T11:37:25.895,2026-05-28T11:52:55.895,Error desde Arduino: HX711 not found.,-0.19792059999963385
166.13141440000072,166.13141440000072,-0.005879195,770,2026-05-28T11:37:26.307,2026-05-28T11:52:56.307,,165.71829700000126,,329,2026-05-28T11:37:25.895,2026-05-28T11:52:55.895,Error desde Arduino: HX711 not found.,-0.4131173999994644
166.3464901999996,166.3464901999996,-0.005879164,771,2026-05-28T11:37:26.516,2026-05-28T11:52:56.516,,166.71160969999983,-56.31,330,2026-05-28T11:37:26.888,2026-05-28T11:52:56.888,,0.365119500000219
166.56168980000075,166.56168980000075,-0.005879185,772,2026-05-28T11:37:26.737,2026-05-28T11:52:56.737,,166.71160969999983,-56.31,330,2026-05-28T11:37:26.888,2026-05-28T11:52:56.888,,0.14991989999907673
166.77675439999985,166.77675439999985,-0.005879237,773,2026-05-28T11:37:26.954,2026-05-28T11:52:56.954,,166.7347222999997,,331,2026-05-28T11:37:26.910,2026-05-28T11:52:56.910,Error desde Arduino: HX711 not found.,-0.042032100000142236
166.99186399999962,166.99186399999962,-0.005879321,774,2026-05-28T11:37:27.168,2026-05-28T11:52:57.168,,166.7347222999997,,331,2026-05-28T11:37:26.910,2026-05-28T11:52:56.910,Error desde Arduino: HX711 not found.,-0.2571416999999201
167.2070206999997,167.2070206999997,-0.005879216,775,2026-05-28T11:37:27.383,2026-05-28T11:52:57.383,,166.7347222999997,,331,2026-05-28T11:37:26.910,2026-05-28T11:52:56.910,Error desde Arduino: HX711 not found.,-0.4722983999999997
167.4221714000014,167.4221714000014,-0.005879279,776,2026-05-28T11:37:27.591,2026-05-28T11:52:57.591,,167.7280584,-56.26,332,2026-05-28T11:37:27.900,2026-05-28T11:52:57.900,,0.30588699999862
167.63724150000053,167.63724150000053,-0.005879394,777,2026-05-28T11:37:27.814,2026-05-28T11:52:57.814,,167.7280584,-56.26,332,2026-05-28T11:37:27.900,2026-05-28T11:52:57.900,,0.09081689999948139
167.85247479999998,167.85247479999998,-0.005879593,778,2026-05-28T11:37:28.029,2026-05-28T11:52:58.029,,167.75129279999965,,333,2026-05-28T11:37:27.920,2026-05-28T11:52:57.920,Error desde Arduino: HX711 not found.,-0.10118200000033539
168.06776069999978,168.06776069999978,-0.005879656,779,2026-05-28T11:37:28.237,2026-05-28T11:52:58.237,,167.75129279999965,,333,2026-05-28T11:37:27.920,2026-05-28T11:52:57.920,Error desde Arduino: HX711 not found.,-0.31646790000013425
168.28282840000065,168.28282840000065,-0.005879635,780,2026-05-28T11:37:28.454,2026-05-28T11:52:58.454,,168.74435380000068,-56.29,334,2026-05-28T11:37:28.921,2026-05-28T11:52:58.921,,0.46152540000002773
168.49800640000103,168.49800640000103,-0.005879509,781,2026-05-28T11:37:28.674,2026-05-28T11:52:58.674,,168.74435380000068,-56.29,334,2026-05-28T11:37:28.921,2026-05-28T11:52:58.921,,0.2463473999996495
168.71285220000027,168.71285220000027,-0.005879562,782,2026-05-28T11:37:28.889,2026-05-28T11:52:58.889,,168.74435380000068,-56.29,334,2026-05-28T11:37:28.921,2026-05-28T11:52:58.921,,0.03150160000041069
168.92803410000124,168.92803410000124,-0.005879405,783,2026-05-28T11:37:29.097,2026-05-28T11:52:59.097,,168.76762919999965,,335,2026-05-28T11:37:28.941,2026-05-28T11:52:58.941,Error desde Arduino: HX711 not found.,-0.1604049000015948
169.14307390000067,169.14307390000067,-0.005879342,784,2026-05-28T11:37:29.318,2026-05-28T11:52:59.318,,168.76762919999965,,335,2026-05-28T11:37:28.941,2026-05-28T11:52:58.941,Error desde Arduino: HX711 not found.,-0.3754447000010259
169.35859880000135,169.35859880000135,-0.005879467,785,2026-05-28T11:37:29.529,2026-05-28T11:52:59.529,,169.7609408999997,-56.29,336,2026-05-28T11:37:29.934,2026-05-28T11:52:59.934,,0.40234209999835
169.573777900001,169.573777900001,-0.005879195,786,2026-05-28T11:37:29.744,2026-05-28T11:52:59.744,,169.7609408999997,-56.29,336,2026-05-28T11:37:29.934,2026-05-28T11:52:59.934,,0.1871629999986908
169.78885040000023,169.78885040000023,-0.005879279,787,2026-05-28T11:37:29.964,2026-05-28T11:52:59.964,,169.78419639999993,,337,2026-05-28T11:37:29.954,2026-05-28T11:52:59.954,Error desde Arduino: HX711 not found.,-0.004654000000300584
170.00416720000067,170.00416720000067,-0.005879405,788,2026-05-28T11:37:30.177,2026-05-28T11:53:00.177,,169.78419639999993,,337,2026-05-28T11:37:29.954,2026-05-28T11:52:59.954,Error desde Arduino: HX711 not found.,-0.21997080000073765
170.21912160000102,170.21912160000102,-0.005879394,789,2026-05-28T11:37:30.393,2026-05-28T11:53:00.393,,169.78419639999993,,337,2026-05-28T11:37:29.954,2026-05-28T11:52:59.954,Error desde Arduino: HX711 not found.,-0.43492520000108925
170.43429470000046,170.43429470000046,-0.005879478,790,2026-05-28T11:37:30.608,2026-05-28T11:53:00.608,,170.77736770000047,-56.26,338,2026-05-28T11:37:30.953,2026-05-28T11:53:00.953,,0.34307300000000396
170.64926709999963,170.64926709999963,-0.005879467,791,2026-05-28T11:37:30.824,2026-05-28T11:53:00.824,,170.77736770000047,-56.26,338,2026-05-28T11:37:30.953,2026-05-28T11:53:00.953,,0.12810060000083467
170.86446559999968,170.86446559999968,-0.005879562,792,2026-05-28T11:37:31.036,2026-05-28T11:53:01.036,,170.8004880999997,,339,2026-05-28T11:37:30.973,2026-05-28T11:53:00.973,Error desde Arduino: HX711 not found.,-0.0639774999999645
171.0794001000013,171.0794001000013,-0.005879771,793,2026-05-28T11:37:31.251,2026-05-28T11:53:01.251,,170.8004880999997,,339,2026-05-28T11:37:30.973,2026-05-28T11:53:00.973,Error desde Arduino: HX711 not found.,-0.2789120000015828
171.29458950000117,171.29458950000117,-0.005879855,794,2026-05-28T11:37:31.470,2026-05-28T11:53:01.470,,170.8004880999997,,339,2026-05-28T11:37:30.973,2026-05-28T11:53:00.973,Error desde Arduino: HX711 not found.,-0.49410140000145475
171.50956600000063,171.50956600000063,-0.00587975,795,2026-05-28T11:37:31.681,2026-05-28T11:53:01.681,,171.7938283000003,-56.22,340,2026-05-28T11:37:31.970,2026-05-28T11:53:01.970,,0.284262299999682
171.7247468000005,171.7247468000005,-0.005879865,796,2026-05-28T11:37:31.899,2026-05-28T11:53:01.899,,171.7938283000003,-56.22,340,2026-05-28T11:37:31.970,2026-05-28T11:53:01.970,,0.06908149999981106
171.93970199999967,171.93970199999967,-0.005879761,797,2026-05-28T11:37:32.115,2026-05-28T11:53:02.115,,171.81700290000117,,341,2026-05-28T11:37:31.990,2026-05-28T11:53:01.990,Error desde Arduino: HX711 not found.,-0.12269909999849915
172.15479720000076,172.15479720000076,-0.005879708,798,2026-05-28T11:37:32.323,2026-05-28T11:53:02.323,,171.81700290000117,,341,2026-05-28T11:37:31.990,2026-05-28T11:53:01.990,Error desde Arduino: HX711 not found.,-0.33779429999958666
172.36978199999976,172.36978199999976,-0.005879834,799,2026-05-28T11:37:32.547,2026-05-28T11:53:02.547,,172.81016810000074,-56.26,342,2026-05-28T11:37:32.987,2026-05-28T11:53:02.987,,0.44038610000097833
172.58482060000097,172.58482060000097,-0.005879949,800,2026-05-28T11:37:32.754,2026-05-28T11:53:02.754,,172.81016810000074,-56.26,342,2026-05-28T11:37:32.987,2026-05-28T11:53:02.987,,0.22534749999977066
172.79994050000096,172.79994050000096,-0.005880054,801,2026-05-28T11:37:32.972,2026-05-28T11:53:02.972,,172.81016810000074,-56.26,342,2026-05-28T11:37:32.987,2026-05-28T11:53:02.987,,0.010227599999780068
173.0150162000009,173.0150162000009,-0.005880263,802,2026-05-28T11:37:33.191,2026-05-28T11:53:03.191,,172.8332731999999,,343,2026-05-28T11:37:33.003,2026-05-28T11:53:03.003,Error desde Arduino: HX711 not found.,-0.1817430000010063
173.23017249999975,173.23017249999975,-0.005880514,803,2026-05-28T11:37:33.407,2026-05-28T11:53:03.407,,172.8332731999999,,343,2026-05-28T11:37:33.003,2026-05-28T11:53:03.003,Error desde Arduino: HX711 not found.,-0.39689929999985907
173.44540380000035,173.44540380000035,-0.005880493,804,2026-05-28T11:37:33.622,2026-05-28T11:53:03.622,,173.8266418000003,-56.2,344,2026-05-28T11:37:34.001,2026-05-28T11:53:04.001,,0.38123799999993935
173.66060300000026,173.66060300000026,-0.00588065,805,2026-05-28T11:37:33.834,2026-05-28T11:53:03.834,,173.8266418000003,-56.2,344,2026-05-28T11:37:34.001,2026-05-28T11:53:04.001,,0.1660388000000239
173.87559620000138,173.87559620000138,-0.005880629,806,2026-05-28T11:37:34.051,2026-05-28T11:53:04.051,,173.84972240000025,,345,2026-05-28T11:37:34.021,2026-05-28T11:53:04.021,Error desde Arduino: HX711 not found.,-0.02587380000113626
174.0908099999997,174.0908099999997,-0.005880734,807,2026-05-28T11:37:34.263,2026-05-28T11:53:04.263,,173.84972240000025,,345,2026-05-28T11:37:34.021,2026-05-28T11:53:04.021,Error desde Arduino: HX711 not found.,-0.24108759999944596
174.30575660000068,174.30575660000068,-0.005880912,808,2026-05-28T11:37:34.481,2026-05-28T11:53:04.481,,173.84972240000025,,345,2026-05-28T11:37:34.021,2026-05-28T11:53:04.021,Error desde Arduino: HX711 not found.,-0.45603420000043116
174.5209305999997,174.5209305999997,-0.005880902,809,2026-05-28T11:37:34.692,2026-05-28T11:53:04.692,,174.84302630000093,-56.23,346,2026-05-28T11:37:35.016,2026-05-28T11:53:05.016,,0.32209570000122767
174.73586080000132,174.73586080000132,-0.005880923,810,2026-05-28T11:37:34.906,2026-05-28T11:53:04.906,,174.84302630000093,-56.23,346,2026-05-28T11:37:35.016,2026-05-28T11:53:05.016,,0.10716549999960989
174.95098420000068,174.95098420000068,-0.005881006,811,2026-05-28T11:37:35.119,2026-05-28T11:53:05.119,,174.8661202000003,,347,2026-05-28T11:37:35.036,2026-05-28T11:53:05.036,Error desde Arduino: HX711 not found.,-0.08486400000037975
175.16608070000075,175.16608070000075,-0.005881069,812,2026-05-28T11:37:35.335,2026-05-28T11:53:05.335,,174.8661202000003,,347,2026-05-28T11:37:35.036,2026-05-28T11:53:05.036,Error desde Arduino: HX711 not found.,-0.29996050000045216
175.38117020000027,175.38117020000027,-0.005881059,813,2026-05-28T11:37:35.553,2026-05-28T11:53:05.553,,175.85937340000055,-56.24,348,2026-05-28T11:37:36.036,2026-05-28T11:53:06.036,,0.47820320000028005
175.59647500000028,175.59647500000028,-0.005880944,814,2026-05-28T11:37:35.773,2026-05-28T11:53:05.773,,175.85937340000055,-56.24,348,2026-05-28T11:37:36.036,2026-05-28T11:53:06.036,,0.26289840000026743
175.81160500000078,175.81160500000078,-0.005881069,815,2026-05-28T11:37:35.987,2026-05-28T11:53:05.987,,175.85937340000055,-56.24,348,2026-05-28T11:37:36.036,2026-05-28T11:53:06.036,,0.04776839999976801
176.02674430000116,176.02674430000116,-0.005881195,816,2026-05-28T11:37:36.194,2026-05-28T11:53:06.194,,175.88273219999974,,349,2026-05-28T11:37:36.057,2026-05-28T11:53:06.057,Error desde Arduino: HX711 not found.,-0.14401210000141873
176.24184510000123,176.24184510000123,-0.005881289,817,2026-05-28T11:37:36.419,2026-05-28T11:53:06.419,,175.88273219999974,,349,2026-05-28T11:37:36.057,2026-05-28T11:53:06.057,Error desde Arduino: HX711 not found.,-0.35911290000149165
176.45710750000035,176.45710750000035,-0.005881038,818,2026-05-28T11:37:36.630,2026-05-28T11:53:06.630,,176.87587460000032,-56.24,350,2026-05-28T11:37:37.053,2026-05-28T11:53:07.053,,0.4187670999999682
176.6720476999999,176.6720476999999,-0.005881027,819,2026-05-28T11:37:36.847,2026-05-28T11:53:06.847,,176.87587460000032,-56.24,350,2026-05-28T11:37:37.053,2026-05-28T11:53:07.053,,0.20382690000042203
176.88727990000007,176.88727990000007,-0.005881101,820,2026-05-28T11:37:37.058,2026-05-28T11:53:07.058,,176.87587460000032,-56.24,350,2026-05-28T11:37:37.053,2026-05-28T11:53:07.053,,-0.01140529999975115
177.10232180000094,177.10232180000094,-0.005881341,821,2026-05-28T11:37:37.274,2026-05-28T11:53:07.274,,176.89914330000101,,351,2026-05-28T11:37:37.072,2026-05-28T11:53:07.072,Error desde Arduino: HX711 not found.,-0.20317849999992177
177.3174538000003,177.3174538000003,-0.005881488,822,2026-05-28T11:37:37.494,2026-05-28T11:53:07.494,,176.89914330000101,,351,2026-05-28T11:37:37.072,2026-05-28T11:53:07.072,Error desde Arduino: HX711 not found.,-0.4183104999992793
177.53252969999994,177.53252969999994,-0.005881362,823,2026-05-28T11:37:37.704,2026-05-28T11:53:07.704,,177.89231950000067,-56.22,352,2026-05-28T11:37:38.061,2026-05-28T11:53:08.061,,0.35978980000072625
177.74759000000086,177.74759000000086,-0.00588109,824,2026-05-28T11:37:37.924,2026-05-28T11:53:07.924,,177.89231950000067,-56.22,352,2026-05-28T11:37:38.061,2026-05-28T11:53:08.061,,0.1447294999998121
177.96284399999968,177.96284399999968,-0.005881027,825,2026-05-28T11:37:38.131,2026-05-28T11:53:08.131,,177.914084,,353,2026-05-28T11:37:38.091,2026-05-28T11:53:08.091,Error desde Arduino: HX711 not found.,-0.04875999999967462
178.17800569999963,178.17800569999963,-0.005880996,826,2026-05-28T11:37:38.355,2026-05-28T11:53:08.355,,177.914084,,353,2026-05-28T11:37:38.091,2026-05-28T11:53:08.091,Error desde Arduino: HX711 not found.,-0.2639216999996279
178.3935859000012,178.3935859000012,-0.005880954,827,2026-05-28T11:37:38.566,2026-05-28T11:53:08.566,,177.914084,,353,2026-05-28T11:37:38.091,2026-05-28T11:53:08.091,Error desde Arduino: HX711 not found.,-0.4795019000011962
178.60869600000115,178.60869600000115,-0.005880891,828,2026-05-28T11:37:38.784,2026-05-28T11:53:08.784,,178.90880480000123,-56.25,354,2026-05-28T11:37:39.085,2026-05-28T11:53:09.085,,0.3001088000000891
178.82463910000115,178.82463910000115,-0.005881111,829,2026-05-28T11:37:39.001,2026-05-28T11:53:09.001,,178.90880480000123,-56.25,354,2026-05-28T11:37:39.085,2026-05-28T11:53:09.085,,0.08416570000008505
179.0397967000008,179.0397967000008,-0.00588108,830,2026-05-28T11:37:39.207,2026-05-28T11:53:09.207,,178.93196929999976,,355,2026-05-28T11:37:39.103,2026-05-28T11:53:09.103,Error desde Arduino: HX711 not found.,-0.1078274000010424
179.25481229999968,179.25481229999968,-0.005880923,831,2026-05-28T11:37:39.432,2026-05-28T11:53:09.432,,178.93196929999976,,355,2026-05-28T11:37:39.103,2026-05-28T11:53:09.103,Error desde Arduino: HX711 not found.,-0.3228429999999207
179.46994460000133,179.46994460000133,-0.00588109,832,2026-05-28T11:37:39.646,2026-05-28T11:53:09.646,,179.92518709999968,-56.21,356,2026-05-28T11:37:40.102,2026-05-28T11:53:10.102,,0.45524249999834865
179.6849467000011,179.6849467000011,-0.005881362,833,2026-05-28T11:37:39.855,2026-05-28T11:53:09.855,,179.92518709999968,-56.21,356,2026-05-28T11:37:40.102,2026-05-28T11:53:10.102,,0.2402403999985836
179.90038670000104,179.90038670000104,-0.005881478,834,2026-05-28T11:37:40.072,2026-05-28T11:53:10.072,,179.92518709999968,-56.21,356,2026-05-28T11:37:40.102,2026-05-28T11:53:10.102,,0.024800399998639477
180.11531640000067,180.11531640000067,-0.005881467,835,2026-05-28T11:37:40.287,2026-05-28T11:53:10.287,,179.94830720000027,,357,2026-05-28T11:37:40.119,2026-05-28T11:53:10.119,Error desde Arduino: HX711 not found.,-0.16700920000039332
