sensor,indice_balanza,masa_g,error,tiempo_s,fecha_hora_corregida,fecha_hora_pc_sin_corregir,correccion_reloj_s,indice_multimetro,voltaje_V
multimetro,,,,0.41549230000055104,2026-05-28T11:34:40.592,2026-05-28T11:50:10.592,-930,0.0,0.0010426
multimetro,,,,0.6314815000005183,2026-05-28T11:34:40.807,2026-05-28T11:50:10.807,-930,1.0,0.001046505
multimetro,,,,0.8466599000003043,2026-05-28T11:34:41.020,2026-05-28T11:50:11.020,-930,2.0,0.001045772
multimetro,,,,1.061684600001172,2026-05-28T11:34:41.232,2026-05-28T11:50:11.232,-930,3.0,0.001041176
balanza,0.0,,Error desde Arduino: HX711 not found.,1.0675886000008177,2026-05-28T11:34:41.242,2026-05-28T11:50:11.242,-930,,
multimetro,,,,1.2770094999996218,2026-05-28T11:34:41.447,2026-05-28T11:50:11.447,-930,4.0,0.001031376
multimetro,,,,1.492043800000829,2026-05-28T11:34:41.668,2026-05-28T11:50:11.668,-930,5.0,0.001025859
multimetro,,,,1.707096800000727,2026-05-28T11:34:41.882,2026-05-28T11:50:11.882,-930,6.0,0.00099156
multimetro,,,,1.9219871000004787,2026-05-28T11:34:42.094,2026-05-28T11:50:12.094,-930,7.0,0.000897615
balanza,1.0,29.75,,2.0598081999996793,2026-05-28T11:34:42.237,2026-05-28T11:50:12.237,-930,,
balanza,2.0,,Error desde Arduino: HX711 not found.,2.083183900000222,2026-05-28T11:34:42.257,2026-05-28T11:50:12.257,-930,,
multimetro,,,,2.136853100000735,2026-05-28T11:34:42.310,2026-05-28T11:50:12.310,-930,8.0,0.000816013
multimetro,,,,2.3516626000000542,2026-05-28T11:34:42.526,2026-05-28T11:50:12.526,-930,9.0,0.000624804
multimetro,,,,2.5665444000005664,2026-05-28T11:34:42.741,2026-05-28T11:50:12.741,-930,10.0,0.000513322
multimetro,,,,2.781362400000944,2026-05-28T11:34:42.951,2026-05-28T11:50:12.951,-930,11.0,0.000506873
multimetro,,,,2.9964804999999615,2026-05-28T11:34:43.171,2026-05-28T11:50:13.171,-930,12.0,0.000502601
balanza,3.0,29.16,,3.0753706000014063,2026-05-28T11:34:43.251,2026-05-28T11:50:13.251,-930,,
balanza,4.0,,Error desde Arduino: HX711 not found.,3.09864430000016,2026-05-28T11:34:43.275,2026-05-28T11:50:13.275,-930,,
multimetro,,,,3.211579900000288,2026-05-28T11:34:43.384,2026-05-28T11:50:13.384,-930,13.0,0.000490854
multimetro,,,,3.426476900000125,2026-05-28T11:34:43.602,2026-05-28T11:50:13.602,-930,14.0,0.000676085
multimetro,,,,3.641376499999751,2026-05-28T11:34:43.813,2026-05-28T11:50:13.813,-930,15.0,0.000597384
multimetro,,,,3.8563991999999416,2026-05-28T11:34:44.029,2026-05-28T11:50:14.029,-930,16.0,0.000555777
multimetro,,,,4.071621099999902,2026-05-28T11:34:44.240,2026-05-28T11:50:14.240,-930,17.0,0.000390009
balanza,5.0,27.93,,4.09088840000004,2026-05-28T11:34:44.260,2026-05-28T11:50:14.260,-930,,
balanza,6.0,,Error desde Arduino: HX711 not found.,4.114060600000812,2026-05-28T11:34:44.284,2026-05-28T11:50:14.284,-930,,
multimetro,,,,4.286423800000193,2026-05-28T11:34:44.454,2026-05-28T11:50:14.454,-930,18.0,0.000356632
multimetro,,,,4.501827300000514,2026-05-28T11:34:44.673,2026-05-28T11:50:14.673,-930,19.0,0.000291562
multimetro,,,,4.716652299999623,2026-05-28T11:34:44.889,2026-05-28T11:50:14.889,-930,20.0,0.000281563
multimetro,,,,4.931770299999698,2026-05-28T11:34:45.103,2026-05-28T11:50:15.103,-930,21.0,0.000281699
balanza,7.0,26.12,,5.106299200000649,2026-05-28T11:34:45.274,2026-05-28T11:50:15.274,-930,,
balanza,8.0,,Error desde Arduino: HX711 not found.,5.129366700000901,2026-05-28T11:34:45.301,2026-05-28T11:50:15.301,-930,,
multimetro,,,,5.1467339000009815,2026-05-28T11:34:45.321,2026-05-28T11:50:15.321,-930,22.0,0.000292148
multimetro,,,,5.361716900000829,2026-05-28T11:34:45.536,2026-05-28T11:50:15.536,-930,23.0,0.000272444
multimetro,,,,5.576530000000275,2026-05-28T11:34:45.744,2026-05-28T11:50:15.744,-930,24.0,0.000266728
multimetro,,,,5.791477099999611,2026-05-28T11:34:45.967,2026-05-28T11:50:15.967,-930,25.0,0.000248887
multimetro,,,,6.006622000000789,2026-05-28T11:34:46.180,2026-05-28T11:50:16.180,-930,26.0,0.00021597
balanza,9.0,23.93,,6.121753800000079,2026-05-28T11:34:46.298,2026-05-28T11:50:16.298,-930,,
balanza,10.0,,Error desde Arduino: HX711 not found.,6.145080000000235,2026-05-28T11:34:46.320,2026-05-28T11:50:16.320,-930,,
multimetro,,,,6.221775900001376,2026-05-28T11:34:46.398,2026-05-28T11:50:16.398,-930,27.0,0.000209165
multimetro,,,,6.436768999999913,2026-05-28T11:34:46.613,2026-05-28T11:50:16.613,-930,28.0,0.000192738
multimetro,,,,6.651710699999967,2026-05-28T11:34:46.820,2026-05-28T11:50:16.820,-930,29.0,0.000143917
multimetro,,,,6.866810000001351,2026-05-28T11:34:47.037,2026-05-28T11:50:17.037,-930,30.0,0.000138871
multimetro,,,,7.08188070000142,2026-05-28T11:34:47.259,2026-05-28T11:50:17.259,-930,31.0,0.000114277
balanza,11.0,21.93,,7.1370423999997,2026-05-28T11:34:47.307,2026-05-28T11:50:17.307,-930,,
balanza,12.0,,Error desde Arduino: HX711 not found.,7.160240900000645,2026-05-28T11:34:47.337,2026-05-28T11:50:17.337,-930,,
multimetro,,,,7.296736399999645,2026-05-28T11:34:47.470,2026-05-28T11:50:17.470,-930,32.0,0.000103305
multimetro,,,,7.511873800000103,2026-05-28T11:34:47.687,2026-05-28T11:50:17.687,-930,33.0,9.9044e-05
multimetro,,,,7.726793600000747,2026-05-28T11:34:47.904,2026-05-28T11:50:17.904,-930,34.0,0.000101232
multimetro,,,,7.9417723000005935,2026-05-28T11:34:48.118,2026-05-28T11:50:18.118,-930,35.0,7.1446e-05
balanza,13.0,22.79,,8.152432500000941,2026-05-28T11:34:48.320,2026-05-28T11:50:18.320,-930,,
multimetro,,,,8.156810899999982,2026-05-28T11:34:48.330,2026-05-28T11:50:18.330,-930,36.0,4.9491e-05
balanza,14.0,,Error desde Arduino: HX711 not found.,8.17555060000086,2026-05-28T11:34:48.346,2026-05-28T11:50:18.346,-930,,
multimetro,,,,8.371637000000192,2026-05-28T11:34:48.540,2026-05-28T11:50:18.540,-930,37.0,4.4455e-05
multimetro,,,,8.586634400000548,2026-05-28T11:34:48.764,2026-05-28T11:50:18.764,-930,38.0,3.499e-05
multimetro,,,,8.801606900000479,2026-05-28T11:34:48.975,2026-05-28T11:50:18.975,-930,39.0,3.6634e-05
multimetro,,,,9.01661570000033,2026-05-28T11:34:49.193,2026-05-28T11:50:19.193,-930,40.0,-1.9107e-05
balanza,15.0,21.56,,9.167994200000976,2026-05-28T11:34:49.340,2026-05-28T11:50:19.340,-930,,
balanza,16.0,,Error desde Arduino: HX711 not found.,9.191041400001268,2026-05-28T11:34:49.360,2026-05-28T11:50:19.360,-930,,
multimetro,,,,9.23157429999992,2026-05-28T11:34:49.400,2026-05-28T11:50:19.400,-930,41.0,-5.0077e-05
multimetro,,,,9.446666600000754,2026-05-28T11:34:49.623,2026-05-28T11:50:19.623,-930,42.0,-2.9378e-05
multimetro,,,,9.661912700001267,2026-05-28T11:34:49.838,2026-05-28T11:50:19.838,-930,43.0,-6.418e-05
multimetro,,,,9.87716040000123,2026-05-28T11:34:50.054,2026-05-28T11:50:20.054,-930,44.0,-9.8855e-05
multimetro,,,,10.092201000001296,2026-05-28T11:34:50.269,2026-05-28T11:50:20.269,-930,45.0,-1.583e-05
balanza,17.0,20.04,,10.183449100000871,2026-05-28T11:34:50.360,2026-05-28T11:50:20.360,-930,,
balanza,18.0,,Error desde Arduino: HX711 not found.,10.206775500000731,2026-05-28T11:34:50.375,2026-05-28T11:50:20.375,-930,,
multimetro,,,,10.307302700000946,2026-05-28T11:34:50.480,2026-05-28T11:50:20.480,-930,46.0,-5.0831e-05
multimetro,,,,10.522175000000061,2026-05-28T11:34:50.691,2026-05-28T11:50:20.691,-930,47.0,-0.00011946
multimetro,,,,10.737194299999828,2026-05-28T11:34:50.914,2026-05-28T11:50:20.914,-930,48.0,-0.000118936
multimetro,,,,10.952364800001305,2026-05-28T11:34:51.123,2026-05-28T11:50:21.123,-930,49.0,-0.000144734
multimetro,,,,11.167426500000147,2026-05-28T11:34:51.343,2026-05-28T11:50:21.343,-930,50.0,-9.3767e-05
balanza,19.0,21.17,,11.198954700001195,2026-05-28T11:34:51.370,2026-05-28T11:50:21.370,-930,,
balanza,20.0,,Error desde Arduino: HX711 not found.,11.222109399999681,2026-05-28T11:34:51.397,2026-05-28T11:50:21.397,-930,,
multimetro,,,,11.382568200000605,2026-05-28T11:34:51.555,2026-05-28T11:50:21.555,-930,51.0,-0.000137374
multimetro,,,,11.597471200000655,2026-05-28T11:34:51.765,2026-05-28T11:50:21.765,-930,52.0,-0.000184299
multimetro,,,,11.81254600000102,2026-05-28T11:34:51.989,2026-05-28T11:50:21.989,-930,53.0,-0.000220566
multimetro,,,,12.027530000001207,2026-05-28T11:34:52.204,2026-05-28T11:50:22.204,-930,54.0,-0.00022443
balanza,21.0,17.51,,12.214514900000722,2026-05-28T11:34:52.391,2026-05-28T11:50:22.391,-930,,
balanza,22.0,,Error desde Arduino: HX711 not found.,12.237743600000613,2026-05-28T11:34:52.412,2026-05-28T11:50:22.412,-930,,
multimetro,,,,12.242643400000816,2026-05-28T11:34:52.412,2026-05-28T11:50:22.412,-930,55.0,-0.000246259
multimetro,,,,12.457829599999968,2026-05-28T11:34:52.632,2026-05-28T11:50:22.632,-930,56.0,-0.000274737
multimetro,,,,12.672824500001298,2026-05-28T11:34:52.842,2026-05-28T11:50:22.842,-930,57.0,-0.000282422
multimetro,,,,12.88783870000043,2026-05-28T11:34:53.060,2026-05-28T11:50:23.060,-930,58.0,-0.000280872
multimetro,,,,13.102916300000288,2026-05-28T11:34:53.275,2026-05-28T11:50:23.275,-930,59.0,-0.000300671
balanza,23.0,17.81,,13.22989349999989,2026-05-28T11:34:53.405,2026-05-28T11:50:23.405,-930,,
balanza,24.0,,Error desde Arduino: HX711 not found.,13.253022800001418,2026-05-28T11:34:53.427,2026-05-28T11:50:23.427,-930,,
multimetro,,,,13.317735900000116,2026-05-28T11:34:53.495,2026-05-28T11:50:23.495,-930,60.0,-0.000346423
multimetro,,,,13.53286620000108,2026-05-28T11:34:53.706,2026-05-28T11:50:23.706,-930,61.0,-0.000281951
multimetro,,,,13.747783900000286,2026-05-28T11:34:53.924,2026-05-28T11:50:23.924,-930,62.0,-0.000293237
multimetro,,,,13.96301620000122,2026-05-28T11:34:54.139,2026-05-28T11:50:24.139,-930,63.0,-0.000249138
multimetro,,,,14.178200500000457,2026-05-28T11:34:54.352,2026-05-28T11:50:24.352,-930,64.0,-0.000348999
balanza,25.0,15.93,,14.24531080000088,2026-05-28T11:34:54.420,2026-05-28T11:50:24.420,-930,,
balanza,26.0,,Error desde Arduino: HX711 not found.,14.268582500000775,2026-05-28T11:34:54.440,2026-05-28T11:50:24.440,-930,,
multimetro,,,,14.393272700001035,2026-05-28T11:34:54.565,2026-05-28T11:50:24.565,-930,65.0,-0.000419796
multimetro,,,,14.608373500001107,2026-05-28T11:34:54.785,2026-05-28T11:50:24.785,-930,66.0,-0.000443258
multimetro,,,,14.823215899999923,2026-05-28T11:34:54.991,2026-05-28T11:50:24.991,-930,67.0,-0.000456084
multimetro,,,,15.038238200000706,2026-05-28T11:34:55.209,2026-05-28T11:50:25.209,-930,68.0,-0.000431375
multimetro,,,,15.253484500000923,2026-05-28T11:34:55.430,2026-05-28T11:50:25.430,-930,69.0,-0.000444588
balanza,27.0,16.49,,15.260786099999677,2026-05-28T11:34:55.437,2026-05-28T11:50:25.437,-930,,
balanza,28.0,,Error desde Arduino: HX711 not found.,15.283953300000576,2026-05-28T11:34:55.458,2026-05-28T11:50:25.458,-930,,
multimetro,,,,15.468530400001328,2026-05-28T11:34:55.640,2026-05-28T11:50:25.640,-930,70.0,-0.000450891
multimetro,,,,15.683514800000921,2026-05-28T11:34:55.859,2026-05-28T11:50:25.859,-930,71.0,-0.000496225
multimetro,,,,15.898830699999962,2026-05-28T11:34:56.075,2026-05-28T11:50:26.075,-930,72.0,-0.00050548
multimetro,,,,16.11382659999981,2026-05-28T11:34:56.285,2026-05-28T11:50:26.285,-930,73.0,-0.000528032
balanza,29.0,14.36,,16.276095200000782,2026-05-28T11:34:56.445,2026-05-28T11:50:26.445,-930,,
balanza,30.0,,Error desde Arduino: HX711 not found.,16.299214500000744,2026-05-28T11:34:56.474,2026-05-28T11:50:26.474,-930,,
multimetro,,,,16.32874410000113,2026-05-28T11:34:56.505,2026-05-28T11:50:26.505,-930,74.0,-0.000562425
multimetro,,,,16.54363900000135,2026-05-28T11:34:56.715,2026-05-28T11:50:26.715,-930,75.0,-0.000576821
multimetro,,,,16.758760800001255,2026-05-28T11:34:56.932,2026-05-28T11:50:26.932,-930,76.0,-0.0005915
multimetro,,,,16.97372920000089,2026-05-28T11:34:57.149,2026-05-28T11:50:27.149,-930,77.0,-0.000590903
multimetro,,,,17.188872200000333,2026-05-28T11:34:57.359,2026-05-28T11:50:27.359,-930,78.0,-0.000632876
balanza,31.0,14.35,,17.291611800001192,2026-05-28T11:34:57.465,2026-05-28T11:50:27.465,-930,,
balanza,32.0,,Error desde Arduino: HX711 not found.,17.314894099999947,2026-05-28T11:34:57.485,2026-05-28T11:50:27.485,-930,,
multimetro,,,,17.40394860000015,2026-05-28T11:34:57.575,2026-05-28T11:50:27.575,-930,79.0,-0.000653962
multimetro,,,,17.618815100000575,2026-05-28T11:34:57.794,2026-05-28T11:50:27.794,-930,80.0,-0.000661145
multimetro,,,,17.833836100000553,2026-05-28T11:34:58.005,2026-05-28T11:50:28.005,-930,81.0,-0.000683424
multimetro,,,,18.04904490000081,2026-05-28T11:34:58.226,2026-05-28T11:50:28.226,-930,82.0,-0.000709023
multimetro,,,,18.26404259999981,2026-05-28T11:34:58.441,2026-05-28T11:50:28.441,-930,83.0,-0.000726937
balanza,33.0,12.44,,18.306963400000313,2026-05-28T11:34:58.484,2026-05-28T11:50:28.484,-930,,
balanza,34.0,,Error desde Arduino: HX711 not found.,18.330090600000403,2026-05-28T11:34:58.504,2026-05-28T11:50:28.504,-930,,
multimetro,,,,18.47906520000106,2026-05-28T11:34:58.655,2026-05-28T11:50:28.655,-930,84.0,-0.000746222
multimetro,,,,18.69417659999999,2026-05-28T11:34:58.871,2026-05-28T11:50:28.871,-930,85.0,-0.000764073
multimetro,,,,18.90921580000031,2026-05-28T11:34:59.085,2026-05-28T11:50:29.085,-930,86.0,-0.00077248
multimetro,,,,19.12434620000022,2026-05-28T11:34:59.295,2026-05-28T11:50:29.295,-930,87.0,-0.000789588
balanza,35.0,14.63,,19.322372200000245,2026-05-28T11:34:59.491,2026-05-28T11:50:29.491,-930,,
multimetro,,,,19.339160400000765,2026-05-28T11:34:59.515,2026-05-28T11:50:29.515,-930,88.0,-0.000785483
balanza,36.0,,Error desde Arduino: HX711 not found.,19.345603100000517,2026-05-28T11:34:59.522,2026-05-28T11:50:29.522,-930,,
multimetro,,,,19.554219400000875,2026-05-28T11:34:59.726,2026-05-28T11:50:29.726,-930,89.0,-0.00080033
multimetro,,,,19.769338600000992,2026-05-28T11:34:59.943,2026-05-28T11:50:29.943,-930,90.0,-0.000828734
multimetro,,,,19.984242700000323,2026-05-28T11:35:00.159,2026-05-28T11:50:30.159,-930,91.0,-0.000846742
multimetro,,,,20.19912310000109,2026-05-28T11:35:00.370,2026-05-28T11:50:30.370,-930,92.0,-0.00086319
balanza,37.0,9.96,,20.3366702000003,2026-05-28T11:35:00.513,2026-05-28T11:50:30.513,-930,,
balanza,38.0,,Error desde Arduino: HX711 not found.,20.359916500001418,2026-05-28T11:35:00.537,2026-05-28T11:50:30.537,-930,,
multimetro,,,,20.414162600000054,2026-05-28T11:35:00.587,2026-05-28T11:50:30.587,-930,93.0,-0.000875712
multimetro,,,,20.62914980000096,2026-05-28T11:35:00.803,2026-05-28T11:50:30.803,-930,94.0,-0.000887051
multimetro,,,,20.844547100001364,2026-05-28T11:35:01.020,2026-05-28T11:50:31.020,-930,95.0,-0.00088682
multimetro,,,,21.05947120000019,2026-05-28T11:35:01.236,2026-05-28T11:50:31.236,-930,96.0,-0.000905687
multimetro,,,,21.274574799999755,2026-05-28T11:35:01.451,2026-05-28T11:50:31.451,-930,97.0,-0.000922836
balanza,39.0,11.13,,21.352118700000574,2026-05-28T11:35:01.520,2026-05-28T11:50:31.520,-930,,
balanza,40.0,,Error desde Arduino: HX711 not found.,21.37525629999982,2026-05-28T11:35:01.551,2026-05-28T11:50:31.551,-930,,
multimetro,,,,21.489733700000215,2026-05-28T11:35:01.663,2026-05-28T11:50:31.663,-930,98.0,-0.000936824
multimetro,,,,21.704570500000045,2026-05-28T11:35:01.881,2026-05-28T11:50:31.881,-930,99.0,-0.000947995
multimetro,,,,21.919596300000194,2026-05-28T11:35:02.096,2026-05-28T11:50:32.096,-930,100.0,-0.000959083
multimetro,,,,22.13465139999971,2026-05-28T11:35:02.303,2026-05-28T11:50:32.303,-930,101.0,-0.000970652
multimetro,,,,22.349775599999703,2026-05-28T11:35:02.520,2026-05-28T11:50:32.520,-930,102.0,-0.00098265
balanza,41.0,9.09,,22.366330500000913,2026-05-28T11:35:02.543,2026-05-28T11:50:32.543,-930,,
balanza,42.0,,Error desde Arduino: HX711 not found.,22.389557500000592,2026-05-28T11:35:02.564,2026-05-28T11:50:32.564,-930,,
multimetro,,,,22.564892500000497,2026-05-28T11:35:02.742,2026-05-28T11:50:32.742,-930,103.0,-0.000989269
multimetro,,,,22.780061200001,2026-05-28T11:35:02.957,2026-05-28T11:50:32.957,-930,104.0,-0.001011988
multimetro,,,,22.99514850000014,2026-05-28T11:35:03.172,2026-05-28T11:50:33.172,-930,105.0,-0.001031221
multimetro,,,,23.21037620000061,2026-05-28T11:35:03.387,2026-05-28T11:50:33.387,-930,106.0,-0.001044633
balanza,43.0,9.29,,23.380659399999786,2026-05-28T11:35:03.553,2026-05-28T11:50:33.553,-930,,
balanza,44.0,,Error desde Arduino: HX711 not found.,23.403838199999882,2026-05-28T11:35:03.580,2026-05-28T11:50:33.580,-930,,
multimetro,,,,23.42543790000127,2026-05-28T11:35:03.596,2026-05-28T11:50:33.596,-930,107.0,-0.000996472
multimetro,,,,23.65154480000092,2026-05-28T11:35:03.828,2026-05-28T11:50:33.828,-930,108.0,-0.000981163
multimetro,,,,23.866616400000567,2026-05-28T11:35:04.044,2026-05-28T11:50:34.044,-930,109.0,-0.00098154
multimetro,,,,24.08214829999997,2026-05-28T11:35:04.253,2026-05-28T11:50:34.253,-930,110.0,-0.001004303
multimetro,,,,24.297106400001212,2026-05-28T11:35:04.470,2026-05-28T11:50:34.470,-930,111.0,-0.001036079
balanza,45.0,8.2,,24.39493940000102,2026-05-28T11:35:04.570,2026-05-28T11:50:34.570,-930,,
balanza,46.0,,Error desde Arduino: HX711 not found.,24.41806170000018,2026-05-28T11:35:04.587,2026-05-28T11:50:34.587,-930,,
multimetro,,,,24.512461300000723,2026-05-28T11:35:04.687,2026-05-28T11:50:34.687,-930,112.0,-0.001038602
multimetro,,,,24.72762060000059,2026-05-28T11:35:04.903,2026-05-28T11:50:34.903,-930,113.0,-0.001053668
multimetro,,,,24.942572400001154,2026-05-28T11:35:05.120,2026-05-28T11:50:35.120,-930,114.0,-0.001061971
multimetro,,,,25.157769900000858,2026-05-28T11:35:05.330,2026-05-28T11:50:35.330,-930,115.0,-0.00107778
multimetro,,,,25.37265219999972,2026-05-28T11:35:05.549,2026-05-28T11:50:35.549,-930,116.0,-0.001094082
balanza,47.0,9.63,,25.409314900000027,2026-05-28T11:35:05.586,2026-05-28T11:50:35.586,-930,,
balanza,48.0,,Error desde Arduino: HX711 not found.,25.432447000001048,2026-05-28T11:35:05.608,2026-05-28T11:50:35.608,-930,,
multimetro,,,,25.587850200001412,2026-05-28T11:35:05.763,2026-05-28T11:50:35.763,-930,117.0,-0.001125941
multimetro,,,,25.803002900000138,2026-05-28T11:35:05.980,2026-05-28T11:50:35.980,-930,118.0,-0.001144588
multimetro,,,,26.018195300001025,2026-05-28T11:35:06.187,2026-05-28T11:50:36.187,-930,119.0,-0.001159842
multimetro,,,,26.23314180000125,2026-05-28T11:35:06.403,2026-05-28T11:50:36.403,-930,120.0,-0.001173369
balanza,49.0,6.72,,26.423653400001058,2026-05-28T11:35:06.597,2026-05-28T11:50:36.597,-930,,
balanza,50.0,,Error desde Arduino: HX711 not found.,26.446888700000272,2026-05-28T11:35:06.620,2026-05-28T11:50:36.620,-930,,
multimetro,,,,26.448256100000435,2026-05-28T11:35:06.620,2026-05-28T11:50:36.620,-930,121.0,-0.001182865
multimetro,,,,26.663391500000216,2026-05-28T11:35:06.840,2026-05-28T11:50:36.840,-930,122.0,-0.001195167
multimetro,,,,26.87869590000082,2026-05-28T11:35:07.055,2026-05-28T11:50:37.055,-930,123.0,-0.001211175
multimetro,,,,27.09375170000021,2026-05-28T11:35:07.271,2026-05-28T11:50:37.271,-930,124.0,-0.001220713
multimetro,,,,27.30911560000095,2026-05-28T11:35:07.484,2026-05-28T11:50:37.484,-930,125.0,-0.001237465
balanza,51.0,7.68,,27.43802719999985,2026-05-28T11:35:07.613,2026-05-28T11:50:37.613,-930,,
balanza,52.0,4.13,,27.44907620000049,2026-05-28T11:35:07.620,2026-05-28T11:50:37.620,-930,,
balanza,53.0,,Error desde Arduino: HX711 not found.,27.47234440000102,2026-05-28T11:35:07.647,2026-05-28T11:50:37.647,-930,,
multimetro,,,,27.524380900000324,2026-05-28T11:35:07.701,2026-05-28T11:50:37.701,-930,126.0,-0.001261462
multimetro,,,,27.739486899999974,2026-05-28T11:35:07.908,2026-05-28T11:50:37.908,-930,127.0,-0.001273136
multimetro,,,,27.95485809999991,2026-05-28T11:35:08.129,2026-05-28T11:50:38.129,-930,128.0,-0.001278192
multimetro,,,,28.169961600000534,2026-05-28T11:35:08.345,2026-05-28T11:50:38.345,-930,129.0,-0.001280977
multimetro,,,,28.38520989999961,2026-05-28T11:35:08.558,2026-05-28T11:50:38.558,-930,130.0,-0.001308565
balanza,54.0,5.24,,28.463303200000155,2026-05-28T11:35:08.640,2026-05-28T11:50:38.640,-930,,
balanza,55.0,,Error desde Arduino: HX711 not found.,28.48657910000111,2026-05-28T11:35:08.663,2026-05-28T11:50:38.663,-930,,
multimetro,,,,28.600177000000258,2026-05-28T11:35:08.774,2026-05-28T11:50:38.774,-930,131.0,-0.00132316
multimetro,,,,28.81532420000076,2026-05-28T11:35:08.992,2026-05-28T11:50:38.992,-930,132.0,-0.00132874
multimetro,,,,29.030253300001277,2026-05-28T11:35:09.206,2026-05-28T11:50:39.206,-930,133.0,-0.001343482
multimetro,,,,29.245396600001186,2026-05-28T11:35:09.422,2026-05-28T11:50:39.422,-930,134.0,-0.001359668
multimetro,,,,29.460574000000634,2026-05-28T11:35:09.637,2026-05-28T11:50:39.637,-930,135.0,-0.001381257
balanza,56.0,3.29,,29.477533299999777,2026-05-28T11:35:09.654,2026-05-28T11:50:39.654,-930,,
balanza,57.0,,Error desde Arduino: HX711 not found.,29.500818399999844,2026-05-28T11:35:09.670,2026-05-28T11:50:39.670,-930,,
multimetro,,,,29.67574560000139,2026-05-28T11:35:09.846,2026-05-28T11:50:39.846,-930,136.0,-0.001395632
multimetro,,,,29.891040300000896,2026-05-28T11:35:10.063,2026-05-28T11:50:40.063,-930,137.0,-0.001412499
multimetro,,,,30.106240900000557,2026-05-28T11:35:10.283,2026-05-28T11:50:40.283,-930,138.0,-0.001411326
multimetro,,,,30.32129040000109,2026-05-28T11:35:10.497,2026-05-28T11:50:40.497,-930,139.0,-0.001381916
balanza,58.0,4.48,,30.4918404,2026-05-28T11:35:10.668,2026-05-28T11:50:40.668,-930,,
balanza,59.0,,Error desde Arduino: HX711 not found.,30.515148399999816,2026-05-28T11:35:10.687,2026-05-28T11:50:40.687,-930,,
multimetro,,,,30.53631889999997,2026-05-28T11:35:10.706,2026-05-28T11:50:40.706,-930,140.0,-0.001411148
multimetro,,,,30.75162150000142,2026-05-28T11:35:10.920,2026-05-28T11:50:40.920,-930,141.0,-0.001428737
multimetro,,,,30.96655269999974,2026-05-28T11:35:11.137,2026-05-28T11:50:41.137,-930,142.0,-0.001444693
multimetro,,,,31.18179450000025,2026-05-28T11:35:11.353,2026-05-28T11:50:41.353,-930,143.0,-0.001462356
multimetro,,,,31.39674080000077,2026-05-28T11:35:11.570,2026-05-28T11:50:41.570,-930,144.0,-0.001479547
balanza,60.0,3.3,,31.50623960000121,2026-05-28T11:35:11.680,2026-05-28T11:50:41.680,-930,,
balanza,61.0,,Error desde Arduino: HX711 not found.,31.529408899999908,2026-05-28T11:35:11.706,2026-05-28T11:50:41.706,-930,,
multimetro,,,,31.61193810000077,2026-05-28T11:35:11.787,2026-05-28T11:50:41.787,-930,145.0,-0.001491273
multimetro,,,,31.827172900000733,2026-05-28T11:35:12.003,2026-05-28T11:50:42.003,-930,146.0,-0.001498497
multimetro,,,,32.04235250000056,2026-05-28T11:35:12.215,2026-05-28T11:50:42.215,-930,147.0,-0.001518578
multimetro,,,,32.25752210000064,2026-05-28T11:35:12.430,2026-05-28T11:50:42.430,-930,148.0,-0.001533058
multimetro,,,,32.47241120000035,2026-05-28T11:35:12.649,2026-05-28T11:50:42.649,-930,149.0,-0.001545129
balanza,62.0,2.94,,32.52043760000015,2026-05-28T11:35:12.697,2026-05-28T11:50:42.697,-930,,
balanza,63.0,,Error desde Arduino: HX711 not found.,32.54376299999967,2026-05-28T11:35:12.720,2026-05-28T11:50:42.720,-930,,
multimetro,,,,32.68743950000135,2026-05-28T11:35:12.863,2026-05-28T11:50:42.863,-930,150.0,-0.001548584
multimetro,,,,32.902765900000304,2026-05-28T11:35:13.070,2026-05-28T11:50:43.070,-930,151.0,-0.001563441
multimetro,,,,33.11799679999967,2026-05-28T11:35:13.287,2026-05-28T11:50:43.287,-930,152.0,-0.001583616
multimetro,,,,33.33294449999994,2026-05-28T11:35:13.510,2026-05-28T11:50:43.510,-930,153.0,-0.001593175
balanza,64.0,2.76,,33.5348283000003,2026-05-28T11:35:13.706,2026-05-28T11:50:43.706,-930,,
balanza,65.0,-1.66,,33.546804200001134,2026-05-28T11:35:13.724,2026-05-28T11:50:43.724,-930,,
multimetro,,,,33.54818990000058,2026-05-28T11:35:13.725,2026-05-28T11:50:43.725,-930,154.0,-0.00160688
balanza,66.0,,Error desde Arduino: HX711 not found.,33.56990990000122,2026-05-28T11:35:13.740,2026-05-28T11:50:43.740,-930,,
multimetro,,,,33.762983700000404,2026-05-28T11:35:13.939,2026-05-28T11:50:43.939,-930,155.0,-0.001610712
multimetro,,,,33.97809790000065,2026-05-28T11:35:14.155,2026-05-28T11:50:44.155,-930,156.0,-0.00162715
multimetro,,,,34.1931579000011,2026-05-28T11:35:14.370,2026-05-28T11:50:44.370,-930,157.0,-0.001634615
multimetro,,,,34.40820800000074,2026-05-28T11:35:14.580,2026-05-28T11:50:44.580,-930,158.0,-0.001649691
balanza,67.0,1.1,,34.56116440000005,2026-05-28T11:35:14.737,2026-05-28T11:50:44.737,-930,,
balanza,68.0,,Error desde Arduino: HX711 not found.,34.58426070000132,2026-05-28T11:35:14.753,2026-05-28T11:50:44.753,-930,,
multimetro,,,,34.62337860000116,2026-05-28T11:35:14.796,2026-05-28T11:50:44.796,-930,159.0,-0.001656224
multimetro,,,,34.83835960000033,2026-05-28T11:35:15.013,2026-05-28T11:50:45.013,-930,160.0,-0.001648246
multimetro,,,,35.05356370000118,2026-05-28T11:35:15.225,2026-05-28T11:50:45.225,-930,161.0,-0.001637295
multimetro,,,,35.26865200000066,2026-05-28T11:35:15.441,2026-05-28T11:50:45.441,-930,162.0,-0.001649607
multimetro,,,,35.48390769999969,2026-05-28T11:35:15.654,2026-05-28T11:50:45.654,-930,163.0,-0.001658664
balanza,69.0,-2.17,,35.57643819999976,2026-05-28T11:35:15.753,2026-05-28T11:50:45.753,-930,,
balanza,70.0,,Error desde Arduino: HX711 not found.,35.59949870000128,2026-05-28T11:35:15.770,2026-05-28T11:50:45.770,-930,,
multimetro,,,,35.69901200000095,2026-05-28T11:35:15.873,2026-05-28T11:50:45.873,-930,164.0,-0.001674127
multimetro,,,,35.91415899999993,2026-05-28T11:35:16.087,2026-05-28T11:50:46.087,-930,165.0,-0.001671426
multimetro,,,,36.12913870000011,2026-05-28T11:35:16.303,2026-05-28T11:50:46.303,-930,166.0,-0.001686199
multimetro,,,,36.34469580000041,2026-05-28T11:35:16.520,2026-05-28T11:50:46.520,-930,167.0,-0.001671657
multimetro,,,,36.55984080000053,2026-05-28T11:35:16.737,2026-05-28T11:50:46.737,-930,168.0,-0.001683896
balanza,71.0,0.28,,36.59086380000008,2026-05-28T11:35:16.768,2026-05-28T11:50:46.768,-930,,
balanza,72.0,,Error desde Arduino: HX711 not found.,36.613962000001266,2026-05-28T11:35:16.787,2026-05-28T11:50:46.787,-930,,
multimetro,,,,36.774958900001366,2026-05-28T11:35:16.946,2026-05-28T11:50:46.946,-930,169.0,-0.00169626
multimetro,,,,36.989997500000754,2026-05-28T11:35:17.167,2026-05-28T11:50:47.167,-930,170.0,-0.00171073
multimetro,,,,37.20512570000028,2026-05-28T11:35:17.380,2026-05-28T11:50:47.380,-930,171.0,-0.001737302
multimetro,,,,37.42023810000137,2026-05-28T11:35:17.596,2026-05-28T11:50:47.596,-930,172.0,-0.001758378
balanza,73.0,-3.19,,37.60608440000033,2026-05-28T11:35:17.775,2026-05-28T11:50:47.775,-930,,
balanza,74.0,,Error desde Arduino: HX711 not found.,37.629107400000066,2026-05-28T11:35:17.803,2026-05-28T11:50:47.803,-930,,
multimetro,,,,37.635378500001025,2026-05-28T11:35:17.803,2026-05-28T11:50:47.803,-930,173.0,-0.001758964
multimetro,,,,37.8505552000006,2026-05-28T11:35:18.020,2026-05-28T11:50:48.020,-930,174.0,-0.001750693
multimetro,,,,38.0656383000005,2026-05-28T11:35:18.241,2026-05-28T11:50:48.241,-930,175.0,-0.001761477
multimetro,,,,38.28079570000045,2026-05-28T11:35:18.454,2026-05-28T11:50:48.454,-930,176.0,-0.001774239
multimetro,,,,38.49603019999995,2026-05-28T11:35:18.670,2026-05-28T11:50:48.670,-930,177.0,-0.001781097
balanza,75.0,-0.47,,38.6214314000008,2026-05-28T11:35:18.797,2026-05-28T11:50:48.797,-930,,
balanza,76.0,,Error desde Arduino: HX711 not found.,38.64468570000099,2026-05-28T11:35:18.820,2026-05-28T11:50:48.820,-930,,
multimetro,,,,38.711275300000125,2026-05-28T11:35:18.887,2026-05-28T11:50:48.887,-930,178.0,-0.001794017
multimetro,,,,38.92637190000096,2026-05-28T11:35:19.103,2026-05-28T11:50:49.103,-930,179.0,-0.001806654
multimetro,,,,39.1416676000008,2026-05-28T11:35:19.313,2026-05-28T11:50:49.313,-930,180.0,-0.001822505
multimetro,,,,39.35676299999977,2026-05-28T11:35:19.530,2026-05-28T11:50:49.530,-930,181.0,-0.001835184
multimetro,,,,39.57170490000135,2026-05-28T11:35:19.747,2026-05-28T11:50:49.747,-930,182.0,-0.001847632
balanza,77.0,-3.81,,39.63678290000098,2026-05-28T11:35:19.814,2026-05-28T11:50:49.814,-930,,
balanza,78.0,,Error desde Arduino: HX711 not found.,39.659919400000945,2026-05-28T11:35:19.837,2026-05-28T11:50:49.837,-930,,
multimetro,,,,39.78690050000114,2026-05-28T11:35:19.963,2026-05-28T11:50:49.963,-930,183.0,-0.001858259
multimetro,,,,40.00188960000014,2026-05-28T11:35:20.170,2026-05-28T11:50:50.170,-930,184.0,-0.001871681
multimetro,,,,40.21704789999967,2026-05-28T11:35:20.387,2026-05-28T11:50:50.387,-930,185.0,-0.001882685
multimetro,,,,40.432139200000165,2026-05-28T11:35:20.606,2026-05-28T11:50:50.606,-930,186.0,-0.001894893
multimetro,,,,40.64731130000109,2026-05-28T11:35:20.824,2026-05-28T11:50:50.824,-930,187.0,-0.001906336
balanza,79.0,-1.94,,40.65203830000064,2026-05-28T11:35:20.829,2026-05-28T11:50:50.829,-930,,
balanza,80.0,,Error desde Arduino: HX711 not found.,40.675320100001045,2026-05-28T11:35:20.852,2026-05-28T11:50:50.852,-930,,
multimetro,,,,40.86227599999984,2026-05-28T11:35:21.039,2026-05-28T11:50:51.039,-930,188.0,-0.001920785
multimetro,,,,41.077379700000165,2026-05-28T11:35:21.254,2026-05-28T11:50:51.254,-930,189.0,-0.001927339
multimetro,,,,41.29261670000051,2026-05-28T11:35:21.470,2026-05-28T11:50:51.470,-930,190.0,-0.001942551
multimetro,,,,41.50789110000005,2026-05-28T11:35:21.685,2026-05-28T11:50:51.685,-930,191.0,-0.001952979
balanza,81.0,-4.65,,41.667417300001034,2026-05-28T11:35:21.837,2026-05-28T11:50:51.837,-930,,
balanza,82.0,,Error desde Arduino: HX711 not found.,41.69053800000074,2026-05-28T11:35:21.863,2026-05-28T11:50:51.863,-930,,
multimetro,,,,41.722985000000335,2026-05-28T11:35:21.891,2026-05-28T11:50:51.891,-930,192.0,-0.001965585
multimetro,,,,41.938108100001045,2026-05-28T11:35:22.112,2026-05-28T11:50:52.112,-930,193.0,-0.001979216
multimetro,,,,42.15324260000125,2026-05-28T11:35:22.329,2026-05-28T11:50:52.329,-930,194.0,-0.001989121
multimetro,,,,42.36822030000076,2026-05-28T11:35:22.545,2026-05-28T11:50:52.545,-930,195.0,-0.001999685
multimetro,,,,42.58338519999961,2026-05-28T11:35:22.756,2026-05-28T11:50:52.756,-930,196.0,-0.002008427
balanza,83.0,-3.31,,42.68280919999961,2026-05-28T11:35:22.857,2026-05-28T11:50:52.857,-930,,
balanza,84.0,,Error desde Arduino: HX711 not found.,42.705944200000886,2026-05-28T11:35:22.880,2026-05-28T11:50:52.880,-930,,
multimetro,,,,42.79843630000141,2026-05-28T11:35:22.973,2026-05-28T11:50:52.973,-930,197.0,-0.002016572
multimetro,,,,43.01359500000035,2026-05-28T11:35:23.187,2026-05-28T11:50:53.187,-930,198.0,-0.002027901
multimetro,,,,43.22869680000076,2026-05-28T11:35:23.403,2026-05-28T11:50:53.403,-930,199.0,-0.002039063
multimetro,,,,43.4438992000014,2026-05-28T11:35:23.620,2026-05-28T11:50:53.620,-930,200.0,-0.002051868
multimetro,,,,43.65908000000127,2026-05-28T11:35:23.830,2026-05-28T11:50:53.830,-930,201.0,-0.002062819
balanza,85.0,-5.32,,43.698117699999784,2026-05-28T11:35:23.870,2026-05-28T11:50:53.870,-930,,
balanza,86.0,,Error desde Arduino: HX711 not found.,43.72116300000016,2026-05-28T11:35:23.896,2026-05-28T11:50:53.896,-930,,
multimetro,,,,43.87424800000008,2026-05-28T11:35:24.046,2026-05-28T11:50:54.046,-930,202.0,-0.002074158
multimetro,,,,44.08956060000128,2026-05-28T11:35:24.267,2026-05-28T11:50:54.267,-930,203.0,-0.002083989
multimetro,,,,44.3045689999999,2026-05-28T11:35:24.480,2026-05-28T11:50:54.480,-930,204.0,-0.002097663
multimetro,,,,44.51986829999987,2026-05-28T11:35:24.696,2026-05-28T11:50:54.696,-930,205.0,-0.002110488
balanza,87.0,-7.26,,44.71337560000029,2026-05-28T11:35:24.887,2026-05-28T11:50:54.887,-930,,
multimetro,,,,44.73482260000128,2026-05-28T11:35:24.903,2026-05-28T11:50:54.903,-930,206.0,-0.00211678
balanza,88.0,,Error desde Arduino: HX711 not found.,44.73644039999999,2026-05-28T11:35:24.913,2026-05-28T11:50:54.913,-930,,
multimetro,,,,44.94989750000059,2026-05-28T11:35:25.120,2026-05-28T11:50:55.120,-930,207.0,-0.002123848
multimetro,,,,45.164846300000136,2026-05-28T11:35:25.337,2026-05-28T11:50:55.337,-930,208.0,-0.002134768
multimetro,,,,45.37997429999996,2026-05-28T11:35:25.553,2026-05-28T11:50:55.553,-930,209.0,-0.002134485
multimetro,,,,45.595085400000244,2026-05-28T11:35:25.770,2026-05-28T11:50:55.770,-930,210.0,-0.002144829
balanza,89.0,-6.54,,45.72871020000093,2026-05-28T11:35:25.905,2026-05-28T11:50:55.905,-930,,
balanza,90.0,-5.86,,45.74084519999997,2026-05-28T11:35:25.908,2026-05-28T11:50:55.908,-930,,
balanza,91.0,,Error desde Arduino: HX711 not found.,45.7639278000006,2026-05-28T11:35:25.937,2026-05-28T11:50:55.937,-930,,
multimetro,,,,45.810342599999785,2026-05-28T11:35:25.987,2026-05-28T11:50:55.987,-930,211.0,-0.002159267
multimetro,,,,46.025715600000694,2026-05-28T11:35:26.197,2026-05-28T11:50:56.197,-930,212.0,-0.002167601
multimetro,,,,46.24085279999963,2026-05-28T11:35:26.413,2026-05-28T11:50:56.413,-930,213.0,-0.002175851
multimetro,,,,46.4558444000013,2026-05-28T11:35:26.633,2026-05-28T11:50:56.633,-930,214.0,-0.002188059
multimetro,,,,46.6707576000008,2026-05-28T11:35:26.846,2026-05-28T11:50:56.846,-930,215.0,-0.002197837
balanza,92.0,-8.79,,46.75613880000128,2026-05-28T11:35:26.930,2026-05-28T11:50:56.930,-930,,
balanza,93.0,,Error desde Arduino: HX711 not found.,46.779174900000726,2026-05-28T11:35:26.956,2026-05-28T11:50:56.956,-930,,
multimetro,,,,46.90710300000137,2026-05-28T11:35:27.084,2026-05-28T11:50:57.084,-930,216.0,-0.002206946
multimetro,,,,47.12206270000024,2026-05-28T11:35:27.297,2026-05-28T11:50:57.297,-930,217.0,-0.002218149
multimetro,,,,47.337112799999886,2026-05-28T11:35:27.506,2026-05-28T11:50:57.506,-930,218.0,-0.002229906
multimetro,,,,47.552235799999835,2026-05-28T11:35:27.725,2026-05-28T11:50:57.725,-930,219.0,-0.002242418
multimetro,,,,47.76733880000029,2026-05-28T11:35:27.937,2026-05-28T11:50:57.937,-930,220.0,-0.002253023
balanza,94.0,-7.12,,47.77139979999993,2026-05-28T11:35:27.948,2026-05-28T11:50:57.948,-930,,
balanza,95.0,,Error desde Arduino: HX711 not found.,47.794662000000244,2026-05-28T11:35:27.970,2026-05-28T11:50:57.970,-930,,
multimetro,,,,47.9824822999999,2026-05-28T11:35:28.153,2026-05-28T11:50:58.153,-930,221.0,-0.002263315
multimetro,,,,48.19770510000126,2026-05-28T11:35:28.370,2026-05-28T11:50:58.370,-930,222.0,-0.002276696
multimetro,,,,48.412780500000736,2026-05-28T11:35:28.587,2026-05-28T11:50:58.587,-930,223.0,-0.002285794
multimetro,,,,48.62815700000101,2026-05-28T11:35:28.803,2026-05-28T11:50:58.803,-930,224.0,-0.002295133
balanza,96.0,-8.89,,48.786765700000615,2026-05-28T11:35:28.963,2026-05-28T11:50:58.963,-930,,
balanza,97.0,,Error desde Arduino: HX711 not found.,48.81004899999971,2026-05-28T11:35:28.987,2026-05-28T11:50:58.987,-930,,
multimetro,,,,48.843057600000975,2026-05-28T11:35:29.013,2026-05-28T11:50:59.013,-930,225.0,-0.002295091
multimetro,,,,49.05809960000079,2026-05-28T11:35:29.234,2026-05-28T11:50:59.234,-930,226.0,-0.002300368
multimetro,,,,49.27323080000133,2026-05-28T11:35:29.446,2026-05-28T11:50:59.446,-930,227.0,-0.002288013
multimetro,,,,49.48823319999974,2026-05-28T11:35:29.663,2026-05-28T11:50:59.663,-930,228.0,-0.002291123
multimetro,,,,49.703325000000405,2026-05-28T11:35:29.880,2026-05-28T11:50:59.880,-930,229.0,-0.002305519
balanza,98.0,-8.93,,49.802014700000655,2026-05-28T11:35:29.970,2026-05-28T11:50:59.970,-930,,
balanza,99.0,,Error desde Arduino: HX711 not found.,49.8253147000014,2026-05-28T11:35:29.997,2026-05-28T11:50:59.997,-930,,
multimetro,,,,49.91861650000101,2026-05-28T11:35:30.090,2026-05-28T11:51:00.090,-930,230.0,-0.002315999
multimetro,,,,50.13369760000023,2026-05-28T11:35:30.303,2026-05-28T11:51:00.303,-930,231.0,-0.002323506
multimetro,,,,50.348828800000774,2026-05-28T11:35:30.520,2026-05-28T11:51:00.520,-930,232.0,-0.002334436
multimetro,,,,50.56390660000034,2026-05-28T11:35:30.737,2026-05-28T11:51:00.737,-930,233.0,-0.002342896
multimetro,,,,50.778982600000745,2026-05-28T11:35:30.956,2026-05-28T11:51:00.956,-930,234.0,-0.00235011
balanza,100.0,-9.52,,50.817424400000164,2026-05-28T11:35:30.994,2026-05-28T11:51:00.994,-930,,
balanza,101.0,,Error desde Arduino: HX711 not found.,50.840643499999715,2026-05-28T11:35:31.013,2026-05-28T11:51:01.013,-930,,
multimetro,,,,50.99420970000028,2026-05-28T11:35:31.170,2026-05-28T11:51:01.170,-930,235.0,-0.002359899
multimetro,,,,51.20935570000074,2026-05-28T11:35:31.386,2026-05-28T11:51:01.386,-930,236.0,-0.002368285
multimetro,,,,51.42469830000118,2026-05-28T11:35:31.597,2026-05-28T11:51:01.597,-930,237.0,-0.00237798
multimetro,,,,51.63965070000086,2026-05-28T11:35:31.813,2026-05-28T11:51:01.813,-930,238.0,-0.002387727
balanza,102.0,-11.93,,51.83375650000016,2026-05-28T11:35:32.003,2026-05-28T11:51:02.003,-930,,
multimetro,,,,51.85471940000025,2026-05-28T11:35:32.030,2026-05-28T11:51:02.030,-930,239.0,-0.002392104
balanza,103.0,,Error desde Arduino: HX711 not found.,51.8569449000006,2026-05-28T11:35:32.030,2026-05-28T11:51:02.030,-930,,
multimetro,,,,52.06973040000048,2026-05-28T11:35:32.246,2026-05-28T11:51:02.246,-930,240.0,-0.002403191
multimetro,,,,52.28472780000084,2026-05-28T11:35:32.462,2026-05-28T11:51:02.462,-930,241.0,-0.002410928
multimetro,,,,52.49981409999964,2026-05-28T11:35:32.675,2026-05-28T11:51:02.675,-930,242.0,-0.002419095
multimetro,,,,52.71516060000067,2026-05-28T11:35:32.891,2026-05-28T11:51:02.891,-930,243.0,-0.002428444
balanza,104.0,-10.62,,52.8501578000014,2026-05-28T11:35:33.020,2026-05-28T11:51:03.020,-930,,
balanza,105.0,,Error desde Arduino: HX711 not found.,52.873437600001125,2026-05-28T11:35:33.046,2026-05-28T11:51:03.046,-930,,
multimetro,,,,52.930209600001035,2026-05-28T11:35:33.107,2026-05-28T11:51:03.107,-930,244.0,-0.002439134
multimetro,,,,53.14531790000001,2026-05-28T11:35:33.322,2026-05-28T11:51:03.322,-930,245.0,-0.002450033
multimetro,,,,53.3605134999998,2026-05-28T11:35:33.537,2026-05-28T11:51:03.537,-930,246.0,-0.002457634
multimetro,,,,53.57542199999989,2026-05-28T11:35:33.747,2026-05-28T11:51:03.747,-930,247.0,-0.002458796
multimetro,,,,53.79068550000011,2026-05-28T11:35:33.963,2026-05-28T11:51:03.963,-930,248.0,-0.00246468
balanza,106.0,-12.15,,53.866566599999715,2026-05-28T11:35:34.037,2026-05-28T11:51:04.037,-930,,
balanza,107.0,,Error desde Arduino: HX711 not found.,53.88968600000044,2026-05-28T11:35:34.063,2026-05-28T11:51:04.063,-930,,
multimetro,,,,54.00560320000113,2026-05-28T11:35:34.180,2026-05-28T11:51:04.180,-930,249.0,-0.002472585
multimetro,,,,54.22088670000085,2026-05-28T11:35:34.389,2026-05-28T11:51:04.389,-930,250.0,-0.002477935
multimetro,,,,54.435822800000096,2026-05-28T11:35:34.612,2026-05-28T11:51:04.612,-930,251.0,-0.002483557
multimetro,,,,54.65085160000126,2026-05-28T11:35:34.827,2026-05-28T11:51:04.827,-930,252.0,-0.002492697
multimetro,,,,54.86607080000067,2026-05-28T11:35:35.042,2026-05-28T11:51:05.042,-930,253.0,-0.002501282
balanza,108.0,-13.34,,54.88293160000103,2026-05-28T11:35:35.059,2026-05-28T11:51:05.059,-930,,
balanza,109.0,,Error desde Arduino: HX711 not found.,54.906236900000295,2026-05-28T11:35:35.080,2026-05-28T11:51:05.080,-930,,
multimetro,,,,55.081406200000856,2026-05-28T11:35:35.253,2026-05-28T11:51:05.253,-930,254.0,-0.002510004
multimetro,,,,55.29634140000053,2026-05-28T11:35:35.470,2026-05-28T11:51:05.470,-930,255.0,-0.002519018
multimetro,,,,55.51154580000002,2026-05-28T11:35:35.688,2026-05-28T11:51:05.688,-930,256.0,-0.002526368
multimetro,,,,55.72647760000109,2026-05-28T11:35:35.903,2026-05-28T11:51:05.903,-930,257.0,-0.002536325
balanza,110.0,-12.23,,55.899476599999616,2026-05-28T11:35:36.070,2026-05-28T11:51:06.070,-930,,
balanza,111.0,,Error desde Arduino: HX711 not found.,55.922715900000185,2026-05-28T11:35:36.096,2026-05-28T11:51:06.096,-930,,
multimetro,,,,55.941638899999816,2026-05-28T11:35:36.117,2026-05-28T11:51:06.117,-930,258.0,-0.002546889
multimetro,,,,56.15680290000091,2026-05-28T11:35:36.330,2026-05-28T11:51:06.330,-930,259.0,-0.002558144
multimetro,,,,56.37184780000098,2026-05-28T11:35:36.548,2026-05-28T11:51:06.548,-930,260.0,-0.00256988
multimetro,,,,56.5873059000005,2026-05-28T11:35:36.763,2026-05-28T11:51:06.763,-930,261.0,-0.002575806
multimetro,,,,56.80224910000106,2026-05-28T11:35:36.970,2026-05-28T11:51:06.970,-930,262.0,-0.002583931
balanza,112.0,-14.44,,56.915846600000805,2026-05-28T11:35:37.087,2026-05-28T11:51:07.087,-930,,
balanza,113.0,,Error desde Arduino: HX711 not found.,56.93896649999988,2026-05-28T11:35:37.113,2026-05-28T11:51:07.113,-930,,
multimetro,,,,57.017595000001165,2026-05-28T11:35:37.187,2026-05-28T11:51:07.187,-930,263.0,-0.00259461
multimetro,,,,57.23253980000118,2026-05-28T11:35:37.403,2026-05-28T11:51:07.403,-930,264.0,-0.002604588
multimetro,,,,57.44780890000038,2026-05-28T11:35:37.625,2026-05-28T11:51:07.625,-930,265.0,-0.002614597
multimetro,,,,57.66277900000023,2026-05-28T11:35:37.837,2026-05-28T11:51:07.837,-930,266.0,-0.002626281
multimetro,,,,57.878046100000574,2026-05-28T11:35:38.053,2026-05-28T11:51:08.053,-930,267.0,-0.002636541
balanza,114.0,-13.9,,57.93212090000088,2026-05-28T11:35:38.108,2026-05-28T11:51:08.108,-930,,
balanza,115.0,,Error desde Arduino: HX711 not found.,57.95522820000042,2026-05-28T11:35:38.131,2026-05-28T11:51:08.131,-930,,
multimetro,,,,58.09301360000063,2026-05-28T11:35:38.270,2026-05-28T11:51:08.270,-930,268.0,-0.002645147
multimetro,,,,58.308131600000706,2026-05-28T11:35:38.480,2026-05-28T11:51:08.480,-930,269.0,-0.002657052
multimetro,,,,58.52318530000048,2026-05-28T11:35:38.700,2026-05-28T11:51:08.700,-930,270.0,-0.002666265
multimetro,,,,58.73824020000029,2026-05-28T11:35:38.913,2026-05-28T11:51:08.913,-930,271.0,-0.002676023
balanza,116.0,-15.04,,58.948611800000435,2026-05-28T11:35:39.120,2026-05-28T11:51:09.120,-930,,
multimetro,,,,58.953387000001385,2026-05-28T11:35:39.130,2026-05-28T11:51:09.130,-930,272.0,-0.002686032
balanza,117.0,,Error desde Arduino: HX711 not found.,58.971867199999906,2026-05-28T11:35:39.148,2026-05-28T11:51:09.148,-930,,
multimetro,,,,59.16838600000119,2026-05-28T11:35:39.336,2026-05-28T11:51:09.336,-930,273.0,-0.002695999
multimetro,,,,59.38368830000036,2026-05-28T11:35:39.553,2026-05-28T11:51:09.553,-930,274.0,-0.00270627
multimetro,,,,59.598733800001355,2026-05-28T11:35:39.775,2026-05-28T11:51:09.775,-930,275.0,-0.002715787
multimetro,,,,59.81400620000022,2026-05-28T11:35:39.990,2026-05-28T11:51:09.990,-930,276.0,-0.002725283
balanza,118.0,-15.77,,59.96503990000019,2026-05-28T11:35:40.140,2026-05-28T11:51:10.140,-930,,
balanza,119.0,,Error desde Arduino: HX711 not found.,59.98832650000077,2026-05-28T11:35:40.163,2026-05-28T11:51:10.163,-930,,
multimetro,,,,60.028952700000445,2026-05-28T11:35:40.206,2026-05-28T11:51:10.206,-930,277.0,-0.002734182
multimetro,,,,60.244075300000986,2026-05-28T11:35:40.421,2026-05-28T11:51:10.421,-930,278.0,-0.002743919
multimetro,,,,60.459157200000845,2026-05-28T11:35:40.630,2026-05-28T11:51:10.630,-930,279.0,-0.002754619
multimetro,,,,60.67432710000139,2026-05-28T11:35:40.846,2026-05-28T11:51:10.846,-930,280.0,-0.002765393
multimetro,,,,60.88941410000007,2026-05-28T11:35:41.062,2026-05-28T11:51:11.062,-930,281.0,-0.00277603
balanza,120.0,-15.62,,60.9815765000003,2026-05-28T11:35:41.153,2026-05-28T11:51:11.153,-930,,
balanza,121.0,,Error desde Arduino: HX711 not found.,61.00471600000128,2026-05-28T11:35:41.175,2026-05-28T11:51:11.175,-930,,
multimetro,,,,61.10436380000101,2026-05-28T11:35:41.275,2026-05-28T11:51:11.275,-930,282.0,-0.002785704
multimetro,,,,61.31948890000058,2026-05-28T11:35:41.496,2026-05-28T11:51:11.496,-930,283.0,-0.002795629
multimetro,,,,61.53444049999962,2026-05-28T11:35:41.711,2026-05-28T11:51:11.711,-930,284.0,-0.002805502
multimetro,,,,61.74946009999985,2026-05-28T11:35:41.925,2026-05-28T11:51:11.925,-930,285.0,-0.002814737
multimetro,,,,61.964602600000944,2026-05-28T11:35:42.141,2026-05-28T11:51:12.141,-930,286.0,-0.002824222
balanza,122.0,-16.19,,61.99783860000025,2026-05-28T11:35:42.175,2026-05-28T11:51:12.175,-930,,
balanza,123.0,,Error desde Arduino: HX711 not found.,62.02103100000022,2026-05-28T11:35:42.197,2026-05-28T11:51:12.197,-930,,
multimetro,,,,62.18004810000093,2026-05-28T11:35:42.357,2026-05-28T11:51:12.357,-930,287.0,-0.002832996
multimetro,,,,62.39497289999963,2026-05-28T11:35:42.570,2026-05-28T11:51:12.570,-930,288.0,-0.002842544
multimetro,,,,62.610319499999605,2026-05-28T11:35:42.787,2026-05-28T11:51:12.787,-930,289.0,-0.002852375
multimetro,,,,62.82531730000119,2026-05-28T11:35:42.997,2026-05-28T11:51:12.997,-930,290.0,-0.002861819
balanza,124.0,-17.35,,63.01411639999969,2026-05-28T11:35:43.191,2026-05-28T11:51:13.191,-930,,
balanza,125.0,,Error desde Arduino: HX711 not found.,63.0373193000014,2026-05-28T11:35:43.206,2026-05-28T11:51:13.206,-930,,
multimetro,,,,63.04043350000029,2026-05-28T11:35:43.216,2026-05-28T11:51:13.216,-930,291.0,-0.002870865
multimetro,,,,63.25556880000113,2026-05-28T11:35:43.424,2026-05-28T11:51:13.424,-930,292.0,-0.002880466
multimetro,,,,63.4705625000006,2026-05-28T11:35:43.647,2026-05-28T11:51:13.647,-930,293.0,-0.002890234
multimetro,,,,63.68582720000086,2026-05-28T11:35:43.853,2026-05-28T11:51:13.853,-930,294.0,-0.002899793
multimetro,,,,63.90090560000135,2026-05-28T11:35:44.077,2026-05-28T11:51:14.077,-930,295.0,-0.002909331
balanza,126.0,-18.22,,64.0304855000013,2026-05-28T11:35:44.206,2026-05-28T11:51:14.206,-930,,
balanza,127.0,,Error desde Arduino: HX711 not found.,64.05377880000015,2026-05-28T11:35:44.230,2026-05-28T11:51:14.230,-930,,
multimetro,,,,64.11613829999988,2026-05-28T11:35:44.287,2026-05-28T11:51:14.287,-930,296.0,-0.002917874
multimetro,,,,64.33119609999994,2026-05-28T11:35:44.503,2026-05-28T11:51:14.503,-930,297.0,-0.002926973
multimetro,,,,64.54645259999961,2026-05-28T11:35:44.720,2026-05-28T11:51:14.720,-930,298.0,-0.002936039
multimetro,,,,64.76148210000065,2026-05-28T11:35:44.937,2026-05-28T11:51:14.937,-930,299.0,-0.00294408
multimetro,,,,64.97668280000107,2026-05-28T11:35:45.153,2026-05-28T11:51:15.153,-930,300.0,-0.002952613
balanza,128.0,-17.58,,65.04673800000091,2026-05-28T11:35:45.220,2026-05-28T11:51:15.220,-930,,
balanza,129.0,,Error desde Arduino: HX711 not found.,65.06979900000078,2026-05-28T11:35:45.247,2026-05-28T11:51:15.247,-930,,
multimetro,,,,65.19182870000077,2026-05-28T11:35:45.363,2026-05-28T11:51:15.363,-930,301.0,-0.002961418
multimetro,,,,65.40724190000037,2026-05-28T11:35:45.580,2026-05-28T11:51:15.580,-930,302.0,-0.002970726
multimetro,,,,65.62242700000024,2026-05-28T11:35:45.796,2026-05-28T11:51:15.796,-930,303.0,-0.002977887
multimetro,,,,65.83750610000061,2026-05-28T11:35:46.013,2026-05-28T11:51:16.013,-930,304.0,-0.002986881
multimetro,,,,66.05288649999966,2026-05-28T11:35:46.229,2026-05-28T11:51:16.229,-930,305.0,-0.002996366
balanza,130.0,-18.36,,66.06312950000029,2026-05-28T11:35:46.240,2026-05-28T11:51:16.240,-930,,
balanza,131.0,,Error desde Arduino: HX711 not found.,66.08631710000009,2026-05-28T11:35:46.263,2026-05-28T11:51:16.263,-930,,
multimetro,,,,66.26789610000014,2026-05-28T11:35:46.437,2026-05-28T11:51:16.437,-930,306.0,-0.003006668
multimetro,,,,66.48316420000083,2026-05-28T11:35:46.653,2026-05-28T11:51:16.653,-930,307.0,-0.003016123
multimetro,,,,66.69809440000063,2026-05-28T11:35:46.870,2026-05-28T11:51:16.870,-930,308.0,-0.003025629
multimetro,,,,66.91335660000004,2026-05-28T11:35:47.087,2026-05-28T11:51:17.087,-930,309.0,-0.003035397
balanza,132.0,-19.19,,67.07946550000088,2026-05-28T11:35:47.253,2026-05-28T11:51:17.253,-930,,
balanza,133.0,,Error desde Arduino: HX711 not found.,67.10275290000027,2026-05-28T11:35:47.270,2026-05-28T11:51:17.270,-930,,
multimetro,,,,67.12832710000112,2026-05-28T11:35:47.303,2026-05-28T11:51:17.303,-930,310.0,-0.003044548
multimetro,,,,67.3435612000012,2026-05-28T11:35:47.520,2026-05-28T11:51:17.520,-930,311.0,-0.003053123
multimetro,,,,67.55863590000081,2026-05-28T11:35:47.730,2026-05-28T11:51:17.730,-930,312.0,-0.003061519
multimetro,,,,67.77371570000105,2026-05-28T11:35:47.946,2026-05-28T11:51:17.946,-930,313.0,-0.003068775
multimetro,,,,67.98872269999993,2026-05-28T11:35:48.165,2026-05-28T11:51:18.165,-930,314.0,-0.003076879
balanza,134.0,-19.2,,68.09573000000091,2026-05-28T11:35:48.272,2026-05-28T11:51:18.272,-930,,
balanza,135.0,,Error desde Arduino: HX711 not found.,68.1189215000013,2026-05-28T11:35:48.287,2026-05-28T11:51:18.287,-930,,
multimetro,,,,68.2040605000002,2026-05-28T11:35:48.380,2026-05-28T11:51:18.380,-930,315.0,-0.003086071
multimetro,,,,68.41928130000088,2026-05-28T11:35:48.587,2026-05-28T11:51:18.587,-930,316.0,-0.003095504
multimetro,,,,68.63420659999974,2026-05-28T11:35:48.803,2026-05-28T11:51:18.803,-930,317.0,-0.00310255
multimetro,,,,68.84975800000029,2026-05-28T11:35:49.020,2026-05-28T11:51:19.020,-930,318.0,-0.003110005
multimetro,,,,69.06481020000138,2026-05-28T11:35:49.237,2026-05-28T11:51:19.237,-930,319.0,-0.003118318
balanza,136.0,-19.98,,69.11200690000078,2026-05-28T11:35:49.288,2026-05-28T11:51:19.288,-930,,
balanza,137.0,,Error desde Arduino: HX711 not found.,69.1352979000003,2026-05-28T11:35:49.303,2026-05-28T11:51:19.303,-930,,
multimetro,,,,69.27980610000122,2026-05-28T11:35:49.453,2026-05-28T11:51:19.453,-930,320.0,-0.003128254
multimetro,,,,69.49477720000141,2026-05-28T11:35:49.670,2026-05-28T11:51:19.670,-930,321.0,-0.003137069
multimetro,,,,69.71003390000078,2026-05-28T11:35:49.887,2026-05-28T11:51:19.887,-930,322.0,-0.003145801
multimetro,,,,69.92518070000006,2026-05-28T11:35:50.097,2026-05-28T11:51:20.097,-930,323.0,-0.003151099
balanza,138.0,-20.76,,70.12847990000046,2026-05-28T11:35:50.303,2026-05-28T11:51:20.303,-930,,
multimetro,,,,70.14008990000002,2026-05-28T11:35:50.313,2026-05-28T11:51:20.313,-930,324.0,-0.003158281
balanza,139.0,,Error desde Arduino: HX711 not found.,70.15161090000038,2026-05-28T11:35:50.324,2026-05-28T11:51:20.324,-930,,
multimetro,,,,70.35517550000077,2026-05-28T11:35:50.532,2026-05-28T11:51:20.532,-930,325.0,-0.003165809
multimetro,,,,70.57033640000009,2026-05-28T11:35:50.747,2026-05-28T11:51:20.747,-930,326.0,-0.003173504
multimetro,,,,70.7853711000007,2026-05-28T11:35:50.962,2026-05-28T11:51:20.962,-930,327.0,-0.003182131
multimetro,,,,71.00059529999999,2026-05-28T11:35:51.177,2026-05-28T11:51:21.177,-930,328.0,-0.0031899
balanza,140.0,-20.72,,71.14481460000025,2026-05-28T11:35:51.320,2026-05-28T11:51:21.320,-930,,
balanza,141.0,,Error desde Arduino: HX711 not found.,71.1680895999998,2026-05-28T11:35:51.337,2026-05-28T11:51:21.337,-930,,
multimetro,,,,71.21588820000034,2026-05-28T11:35:51.392,2026-05-28T11:51:21.392,-930,329.0,-0.003196925
multimetro,,,,71.43108920000122,2026-05-28T11:35:51.608,2026-05-28T11:51:21.608,-930,330.0,-0.003205343
multimetro,,,,71.64652949999982,2026-05-28T11:35:51.823,2026-05-28T11:51:21.823,-930,331.0,-0.003213247
multimetro,,,,71.86145340000076,2026-05-28T11:35:52.038,2026-05-28T11:51:22.038,-930,332.0,-0.003220587
multimetro,,,,72.0766506,2026-05-28T11:35:52.253,2026-05-28T11:51:22.253,-930,333.0,-0.003227057
balanza,142.0,-21.57,,72.1612137000011,2026-05-28T11:35:52.337,2026-05-28T11:51:22.337,-930,,
balanza,143.0,,Error desde Arduino: HX711 not found.,72.18431349999992,2026-05-28T11:35:52.358,2026-05-28T11:51:22.358,-930,,
multimetro,,,,72.29197390000081,2026-05-28T11:35:52.463,2026-05-28T11:51:22.463,-930,334.0,-0.003234585
multimetro,,,,72.50694990000011,2026-05-28T11:35:52.683,2026-05-28T11:51:22.683,-930,335.0,-0.003244133
multimetro,,,,72.72208330000103,2026-05-28T11:35:52.895,2026-05-28T11:51:22.895,-930,336.0,-0.003252456
multimetro,,,,72.93718900000022,2026-05-28T11:35:53.112,2026-05-28T11:51:23.112,-930,337.0,-0.00325966
multimetro,,,,73.15230510000038,2026-05-28T11:35:53.329,2026-05-28T11:51:23.329,-930,338.0,-0.003267376
balanza,144.0,-22.96,,73.17745730000024,2026-05-28T11:35:53.353,2026-05-28T11:51:23.353,-930,,
balanza,145.0,,Error desde Arduino: HX711 not found.,73.20075730000099,2026-05-28T11:35:53.370,2026-05-28T11:51:23.370,-930,,
multimetro,,,,73.39601560000119,2026-05-28T11:35:53.570,2026-05-28T11:51:23.570,-930,339.0,-0.003273616
multimetro,,,,73.6106706999999,2026-05-28T11:35:53.787,2026-05-28T11:51:23.787,-930,340.0,-0.003281322
multimetro,,,,73.82589160000134,2026-05-28T11:35:54.003,2026-05-28T11:51:24.003,-930,341.0,-0.003290116
multimetro,,,,74.04110460000084,2026-05-28T11:35:54.215,2026-05-28T11:51:24.215,-930,342.0,-0.003299026
balanza,146.0,-21.9,,74.19390449999992,2026-05-28T11:35:54.370,2026-05-28T11:51:24.370,-930,,
balanza,147.0,,Error desde Arduino: HX711 not found.,74.21709440000086,2026-05-28T11:35:54.387,2026-05-28T11:51:24.387,-930,,
multimetro,,,,74.25621080000019,2026-05-28T11:35:54.429,2026-05-28T11:51:24.429,-930,343.0,-0.003306041
multimetro,,,,74.47139070000048,2026-05-28T11:35:54.648,2026-05-28T11:51:24.648,-930,344.0,-0.003313663
multimetro,,,,74.6863143999999,2026-05-28T11:35:54.863,2026-05-28T11:51:24.863,-930,345.0,-0.003321431
multimetro,,,,74.90147350000007,2026-05-28T11:35:55.070,2026-05-28T11:51:25.070,-930,346.0,-0.003328477
multimetro,,,,75.11657829999967,2026-05-28T11:35:55.287,2026-05-28T11:51:25.287,-930,347.0,-0.003334895
balanza,148.0,-22.46,,75.21033890000035,2026-05-28T11:35:55.387,2026-05-28T11:51:25.387,-930,,
balanza,149.0,,Error desde Arduino: HX711 not found.,75.23360700000012,2026-05-28T11:35:55.407,2026-05-28T11:51:25.407,-930,,
multimetro,,,,75.33170940000127,2026-05-28T11:35:55.508,2026-05-28T11:51:25.508,-930,348.0,-0.003342831
multimetro,,,,75.54694860000018,2026-05-28T11:35:55.720,2026-05-28T11:51:25.720,-930,349.0,-0.003351909
multimetro,,,,75.76219550000133,2026-05-28T11:35:55.937,2026-05-28T11:51:25.937,-930,350.0,-0.003359489
multimetro,,,,75.97710019999977,2026-05-28T11:35:56.153,2026-05-28T11:51:26.153,-930,351.0,-0.003367624
multimetro,,,,76.19230360000074,2026-05-28T11:35:56.363,2026-05-28T11:51:26.363,-930,352.0,-0.003375466
balanza,150.0,-23.5,,76.22678960000121,2026-05-28T11:35:56.403,2026-05-28T11:51:26.403,-930,,
balanza,151.0,,Error desde Arduino: HX711 not found.,76.25006589999975,2026-05-28T11:35:56.420,2026-05-28T11:51:26.420,-930,,
multimetro,,,,76.4074670000009,2026-05-28T11:35:56.579,2026-05-28T11:51:26.579,-930,353.0,-0.003383433
multimetro,,,,76.62248360000012,2026-05-28T11:35:56.799,2026-05-28T11:51:26.799,-930,354.0,-0.003391589
multimetro,,,,76.83758470000066,2026-05-28T11:35:57.014,2026-05-28T11:51:27.014,-930,355.0,-0.00340029
multimetro,,,,77.05275470000015,2026-05-28T11:35:57.225,2026-05-28T11:51:27.225,-930,356.0,-0.003409053
balanza,152.0,-24.0,,77.24323180000101,2026-05-28T11:35:57.420,2026-05-28T11:51:27.420,-930,,
balanza,153.0,,Error desde Arduino: HX711 not found.,77.26650250000057,2026-05-28T11:35:57.441,2026-05-28T11:51:27.441,-930,,
multimetro,,,,77.26785780000137,2026-05-28T11:35:57.445,2026-05-28T11:51:27.445,-930,357.0,-0.003417816
multimetro,,,,77.48300159999962,2026-05-28T11:35:57.658,2026-05-28T11:51:27.658,-930,358.0,-0.00342637
multimetro,,,,77.69814399999996,2026-05-28T11:35:57.875,2026-05-28T11:51:27.875,-930,359.0,-0.003434274
multimetro,,,,77.91325380000126,2026-05-28T11:35:58.088,2026-05-28T11:51:28.088,-930,360.0,-0.003442368
multimetro,,,,78.1284394000013,2026-05-28T11:35:58.303,2026-05-28T11:51:28.303,-930,361.0,-0.003450764
balanza,154.0,-24.17,,78.25963910000064,2026-05-28T11:35:58.437,2026-05-28T11:51:28.437,-930,,
balanza,155.0,,Error desde Arduino: HX711 not found.,78.28294500000084,2026-05-28T11:35:58.453,2026-05-28T11:51:28.453,-930,,
multimetro,,,,78.34363529999973,2026-05-28T11:35:58.520,2026-05-28T11:51:28.520,-930,362.0,-0.003458062
multimetro,,,,78.55878440000015,2026-05-28T11:35:58.734,2026-05-28T11:51:28.734,-930,363.0,-0.003466553
multimetro,,,,78.77404490000117,2026-05-28T11:35:58.941,2026-05-28T11:51:28.941,-930,364.0,-0.003474342
multimetro,,,,78.98893860000135,2026-05-28T11:35:59.163,2026-05-28T11:51:29.163,-930,365.0,-0.003482446
multimetro,,,,79.20402620000095,2026-05-28T11:35:59.380,2026-05-28T11:51:29.380,-930,366.0,-0.003490413
balanza,156.0,-24.57,,79.27605690000019,2026-05-28T11:35:59.453,2026-05-28T11:51:29.453,-930,,
balanza,157.0,,Error desde Arduino: HX711 not found.,79.29926370000067,2026-05-28T11:35:59.470,2026-05-28T11:51:29.470,-930,,
multimetro,,,,79.41918910000095,2026-05-28T11:35:59.589,2026-05-28T11:51:29.589,-930,367.0,-0.003498423
multimetro,,,,79.63437040000099,2026-05-28T11:35:59.803,2026-05-28T11:51:29.803,-930,368.0,-0.003506725
multimetro,,,,79.84947380000085,2026-05-28T11:36:00.020,2026-05-28T11:51:30.020,-930,369.0,-0.003514787
multimetro,,,,80.06471450000026,2026-05-28T11:36:00.237,2026-05-28T11:51:30.237,-930,370.0,-0.003522545
multimetro,,,,80.27966460000061,2026-05-28T11:36:00.453,2026-05-28T11:51:30.453,-930,371.0,-0.00353046
balanza,158.0,-25.52,,80.29238100000111,2026-05-28T11:36:00.469,2026-05-28T11:51:30.469,-930,,
balanza,159.0,,Error desde Arduino: HX711 not found.,80.31556269999965,2026-05-28T11:36:00.490,2026-05-28T11:51:30.490,-930,,
multimetro,,,,80.49497049999991,2026-05-28T11:36:00.670,2026-05-28T11:51:30.670,-930,372.0,-0.003538878
multimetro,,,,80.71004250000078,2026-05-28T11:36:00.887,2026-05-28T11:51:30.887,-930,373.0,-0.003546887
multimetro,,,,80.92522430000099,2026-05-28T11:36:01.096,2026-05-28T11:51:31.096,-930,374.0,-0.00355519
multimetro,,,,81.14044210000066,2026-05-28T11:36:01.317,2026-05-28T11:51:31.317,-930,375.0,-0.003563628
balanza,160.0,-25.76,,81.30870219999997,2026-05-28T11:36:01.480,2026-05-28T11:51:31.480,-930,,
balanza,161.0,,Error desde Arduino: HX711 not found.,81.33177310000065,2026-05-28T11:36:01.503,2026-05-28T11:51:31.503,-930,,
multimetro,,,,81.35544889999983,2026-05-28T11:36:01.530,2026-05-28T11:51:31.530,-930,376.0,-0.003571878
multimetro,,,,81.57081260000086,2026-05-28T11:36:01.746,2026-05-28T11:51:31.746,-930,377.0,-0.003580317
multimetro,,,,81.78594460000022,2026-05-28T11:36:01.962,2026-05-28T11:51:31.962,-930,378.0,-0.003588222
multimetro,,,,82.0010639000011,2026-05-28T11:36:02.178,2026-05-28T11:51:32.178,-930,379.0,-0.00359599
multimetro,,,,82.2161931999999,2026-05-28T11:36:02.393,2026-05-28T11:51:32.393,-930,380.0,-0.003603696
balanza,162.0,-25.77,,82.32502000000022,2026-05-28T11:36:02.501,2026-05-28T11:51:32.501,-930,,
balanza,163.0,,Error desde Arduino: HX711 not found.,82.3483068000005,2026-05-28T11:36:02.520,2026-05-28T11:51:32.520,-930,,
multimetro,,,,82.43149799999992,2026-05-28T11:36:02.603,2026-05-28T11:51:32.603,-930,381.0,-0.003612187
multimetro,,,,82.64654040000096,2026-05-28T11:36:02.824,2026-05-28T11:51:32.824,-930,382.0,-0.003621097
multimetro,,,,82.86180010000135,2026-05-28T11:36:03.037,2026-05-28T11:51:33.037,-930,383.0,-0.003629745
multimetro,,,,83.07706420000068,2026-05-28T11:36:03.253,2026-05-28T11:51:33.253,-930,384.0,-0.003638581
multimetro,,,,83.29203589999997,2026-05-28T11:36:03.463,2026-05-28T11:51:33.463,-930,385.0,-0.003647575
balanza,164.0,-26.85,,83.34149270000125,2026-05-28T11:36:03.513,2026-05-28T11:51:33.513,-930,,
balanza,165.0,,Error desde Arduino: HX711 not found.,83.3647032000008,2026-05-28T11:36:03.539,2026-05-28T11:51:33.539,-930,,
multimetro,,,,83.50714580000022,2026-05-28T11:36:03.684,2026-05-28T11:51:33.684,-930,386.0,-0.003656171
multimetro,,,,83.72214750000057,2026-05-28T11:36:03.899,2026-05-28T11:51:33.899,-930,387.0,-0.003664976
multimetro,,,,83.93744100000004,2026-05-28T11:36:04.113,2026-05-28T11:51:34.113,-930,388.0,-0.00367332
multimetro,,,,84.15259060000062,2026-05-28T11:36:04.329,2026-05-28T11:51:34.329,-930,389.0,-0.003681507
balanza,166.0,-27.64,,84.35794280000118,2026-05-28T11:36:04.530,2026-05-28T11:51:34.530,-930,,
multimetro,,,,84.36791850000009,2026-05-28T11:36:04.537,2026-05-28T11:51:34.537,-930,390.0,-0.003689307
balanza,167.0,,Error desde Arduino: HX711 not found.,84.38128080000024,2026-05-28T11:36:04.558,2026-05-28T11:51:34.558,-930,,
multimetro,,,,84.5831186000014,2026-05-28T11:36:04.753,2026-05-28T11:51:34.753,-930,391.0,-0.003697233
multimetro,,,,84.79825470000105,2026-05-28T11:36:04.970,2026-05-28T11:51:34.970,-930,392.0,-0.003705295
multimetro,,,,85.01362030000018,2026-05-28T11:36:05.187,2026-05-28T11:51:35.187,-930,393.0,-0.003713136
multimetro,,,,85.22871450000093,2026-05-28T11:36:05.403,2026-05-28T11:51:35.403,-930,394.0,-0.00372102
balanza,168.0,-27.86,,85.37439500000073,2026-05-28T11:36:05.547,2026-05-28T11:51:35.547,-930,,
balanza,169.0,,Error desde Arduino: HX711 not found.,85.39745740000035,2026-05-28T11:36:05.574,2026-05-28T11:51:35.574,-930,,
multimetro,,,,85.44383620000008,2026-05-28T11:36:05.620,2026-05-28T11:51:35.620,-930,395.0,-0.003728558
multimetro,,,,85.6589995000013,2026-05-28T11:36:05.830,2026-05-28T11:51:35.830,-930,396.0,-0.003736023
multimetro,,,,85.87417860000096,2026-05-28T11:36:06.046,2026-05-28T11:51:36.046,-930,397.0,-0.003743666
multimetro,,,,86.08913460000076,2026-05-28T11:36:06.263,2026-05-28T11:51:36.263,-930,398.0,-0.003751519
multimetro,,,,86.30433120000089,2026-05-28T11:36:06.480,2026-05-28T11:51:36.480,-930,399.0,-0.003759172
balanza,170.0,-27.65,,86.39078780000091,2026-05-28T11:36:06.563,2026-05-28T11:51:36.563,-930,,
balanza,171.0,,Error desde Arduino: HX711 not found.,86.41385310000078,2026-05-28T11:36:06.587,2026-05-28T11:51:36.587,-930,,
multimetro,,,,86.51972700000078,2026-05-28T11:36:06.696,2026-05-28T11:51:36.696,-930,400.0,-0.00376649
multimetro,,,,86.73490680000032,2026-05-28T11:36:06.903,2026-05-28T11:51:36.903,-930,401.0,-0.003774018
multimetro,,,,86.95011160000104,2026-05-28T11:36:07.120,2026-05-28T11:51:37.120,-930,402.0,-0.003780551
multimetro,,,,87.16519660000085,2026-05-28T11:36:07.337,2026-05-28T11:51:37.337,-930,403.0,-0.003788079
multimetro,,,,87.38040440000077,2026-05-28T11:36:07.553,2026-05-28T11:51:37.553,-930,404.0,-0.003795617
balanza,172.0,-28.32,,87.40709930000048,2026-05-28T11:36:07.584,2026-05-28T11:51:37.584,-930,,
balanza,173.0,,Error desde Arduino: HX711 not found.,87.43019370000002,2026-05-28T11:36:07.607,2026-05-28T11:51:37.607,-930,,
multimetro,,,,87.59561570000005,2026-05-28T11:36:07.772,2026-05-28T11:51:37.772,-930,405.0,-0.003802663
multimetro,,,,87.8110770000003,2026-05-28T11:36:07.987,2026-05-28T11:51:37.987,-930,406.0,-0.003810107
multimetro,,,,88.02607760000137,2026-05-28T11:36:08.203,2026-05-28T11:51:38.203,-930,407.0,-0.003817499
multimetro,,,,88.24121990000094,2026-05-28T11:36:08.413,2026-05-28T11:51:38.413,-930,408.0,-0.003824901
balanza,174.0,-28.95,,88.42350810000062,2026-05-28T11:36:08.597,2026-05-28T11:51:38.597,-930,,
balanza,175.0,,Error desde Arduino: HX711 not found.,88.44674400000076,2026-05-28T11:36:08.620,2026-05-28T11:51:38.620,-930,,
multimetro,,,,88.45617350000066,2026-05-28T11:36:08.633,2026-05-28T11:51:38.633,-930,409.0,-0.00383246
multimetro,,,,88.67136980000032,2026-05-28T11:36:08.848,2026-05-28T11:51:38.848,-930,410.0,-0.003839465
multimetro,,,,88.88643779999984,2026-05-28T11:36:09.063,2026-05-28T11:51:39.063,-930,411.0,-0.00384672
multimetro,,,,89.10160189999988,2026-05-28T11:36:09.271,2026-05-28T11:51:39.271,-930,412.0,-0.003854154
multimetro,,,,89.31680950000009,2026-05-28T11:36:09.487,2026-05-28T11:51:39.487,-930,413.0,-0.003861148
balanza,176.0,-29.15,,89.43984460000138,2026-05-28T11:36:09.613,2026-05-28T11:51:39.613,-930,,
balanza,177.0,,Error desde Arduino: HX711 not found.,89.46310240000093,2026-05-28T11:36:09.636,2026-05-28T11:51:39.636,-930,,
multimetro,,,,89.5318984000005,2026-05-28T11:36:09.706,2026-05-28T11:51:39.706,-930,414.0,-0.003868581
multimetro,,,,89.7470443000002,2026-05-28T11:36:09.924,2026-05-28T11:51:39.924,-930,415.0,-0.003876056
multimetro,,,,89.96213520000128,2026-05-28T11:36:10.139,2026-05-28T11:51:40.139,-930,416.0,-0.003883144
multimetro,,,,90.17720790000021,2026-05-28T11:36:10.354,2026-05-28T11:51:40.354,-930,417.0,-0.003890274
multimetro,,,,90.39231370000016,2026-05-28T11:36:10.568,2026-05-28T11:51:40.568,-930,418.0,-0.003897394
balanza,178.0,-29.79,,90.4561205000009,2026-05-28T11:36:10.630,2026-05-28T11:51:40.630,-930,,
balanza,179.0,,Error desde Arduino: HX711 not found.,90.47924930000045,2026-05-28T11:36:10.653,2026-05-28T11:51:40.653,-930,,
multimetro,,,,90.60764670000026,2026-05-28T11:36:10.779,2026-05-28T11:51:40.779,-930,419.0,-0.003904115
multimetro,,,,90.82270570000037,2026-05-28T11:36:10.996,2026-05-28T11:51:40.996,-930,420.0,-0.003911277
multimetro,,,,91.03787550000015,2026-05-28T11:36:11.205,2026-05-28T11:51:41.205,-930,421.0,-0.003918375
multimetro,,,,91.25280630000088,2026-05-28T11:36:11.420,2026-05-28T11:51:41.420,-930,422.0,-0.00392516
multimetro,,,,91.46802800000114,2026-05-28T11:36:11.637,2026-05-28T11:51:41.637,-930,423.0,-0.003932279
balanza,180.0,-30.32,,91.47257510000054,2026-05-28T11:36:11.646,2026-05-28T11:51:41.646,-930,,
balanza,181.0,,Error desde Arduino: HX711 not found.,91.49571380000089,2026-05-28T11:36:11.673,2026-05-28T11:51:41.673,-930,,
multimetro,,,,91.68322760000046,2026-05-28T11:36:11.853,2026-05-28T11:51:41.853,-930,424.0,-0.003939304
multimetro,,,,91.89829640000062,2026-05-28T11:36:12.070,2026-05-28T11:51:42.070,-930,425.0,-0.003946518
multimetro,,,,92.11351260000083,2026-05-28T11:36:12.287,2026-05-28T11:51:42.287,-930,426.0,-0.003953585
multimetro,,,,92.32847560000118,2026-05-28T11:36:12.504,2026-05-28T11:51:42.504,-930,427.0,-0.0039606
balanza,182.0,-30.52,,92.48897750000106,2026-05-28T11:36:12.663,2026-05-28T11:51:42.663,-930,,
balanza,183.0,,Error desde Arduino: HX711 not found.,92.51227110000036,2026-05-28T11:36:12.688,2026-05-28T11:51:42.688,-930,,
multimetro,,,,92.54369060000136,2026-05-28T11:36:12.720,2026-05-28T11:51:42.720,-930,428.0,-0.003967897
multimetro,,,,92.75892999999996,2026-05-28T11:36:12.929,2026-05-28T11:51:42.929,-930,429.0,-0.003974776
multimetro,,,,92.9742425000004,2026-05-28T11:36:13.147,2026-05-28T11:51:43.147,-930,430.0,-0.003982084
multimetro,,,,93.18928349999987,2026-05-28T11:36:13.365,2026-05-28T11:51:43.365,-930,431.0,-0.003988994
multimetro,,,,93.40458990000116,2026-05-28T11:36:13.579,2026-05-28T11:51:43.579,-930,432.0,-0.00399604
balanza,184.0,-30.75,,93.50538790000064,2026-05-28T11:36:13.680,2026-05-28T11:51:43.680,-930,,
balanza,185.0,,Error desde Arduino: HX711 not found.,93.5284055000011,2026-05-28T11:36:13.705,2026-05-28T11:51:43.705,-930,,
multimetro,,,,93.61962839999978,2026-05-28T11:36:13.796,2026-05-28T11:51:43.796,-930,433.0,-0.00400296
multimetro,,,,93.83481960000063,2026-05-28T11:36:14.004,2026-05-28T11:51:44.004,-930,434.0,-0.00400919
multimetro,,,,94.04988969999977,2026-05-28T11:36:14.220,2026-05-28T11:51:44.220,-930,435.0,-0.004015775
multimetro,,,,94.26510860000053,2026-05-28T11:36:14.437,2026-05-28T11:51:44.437,-930,436.0,-0.00402256
multimetro,,,,94.48031210000045,2026-05-28T11:36:14.653,2026-05-28T11:51:44.653,-930,437.0,-0.004029459
balanza,186.0,-31.18,,94.52164530000118,2026-05-28T11:36:14.698,2026-05-28T11:51:44.698,-930,,
balanza,187.0,,Error desde Arduino: HX711 not found.,94.54487570000128,2026-05-28T11:36:14.720,2026-05-28T11:51:44.720,-930,,
multimetro,,,,94.69532140000047,2026-05-28T11:36:14.871,2026-05-28T11:51:44.871,-930,438.0,-0.004036725
multimetro,,,,94.9104296000005,2026-05-28T11:36:15.087,2026-05-28T11:51:45.087,-930,439.0,-0.004043646
multimetro,,,,95.12557689999994,2026-05-28T11:36:15.301,2026-05-28T11:51:45.301,-930,440.0,-0.004050703
multimetro,,,,95.34076400000049,2026-05-28T11:36:15.513,2026-05-28T11:51:45.513,-930,441.0,-0.004057571
balanza,188.0,-31.74,,95.53869510000004,2026-05-28T11:36:15.715,2026-05-28T11:51:45.715,-930,,
multimetro,,,,95.55601569999999,2026-05-28T11:36:15.725,2026-05-28T11:51:45.725,-930,442.0,-0.004064585
balanza,189.0,,Error desde Arduino: HX711 not found.,95.5618770000001,2026-05-28T11:36:15.738,2026-05-28T11:51:45.738,-930,,
multimetro,,,,95.77110210000137,2026-05-28T11:36:15.946,2026-05-28T11:51:45.946,-930,443.0,-0.004071255
multimetro,,,,95.9862361000014,2026-05-28T11:36:16.162,2026-05-28T11:51:46.162,-930,444.0,-0.004078144
multimetro,,,,96.20122260000062,2026-05-28T11:36:16.378,2026-05-28T11:51:46.378,-930,445.0,-0.004085263
multimetro,,,,96.41633170000023,2026-05-28T11:36:16.587,2026-05-28T11:51:46.587,-930,446.0,-0.004091807
balanza,190.0,-32.34,,96.55532560000029,2026-05-28T11:36:16.730,2026-05-28T11:51:46.730,-930,,
balanza,191.0,,Error desde Arduino: HX711 not found.,96.57859290000124,2026-05-28T11:36:16.753,2026-05-28T11:51:46.753,-930,,
multimetro,,,,96.63149730000077,2026-05-28T11:36:16.808,2026-05-28T11:51:46.808,-930,447.0,-0.00409878
multimetro,,,,96.84666579999976,2026-05-28T11:36:17.020,2026-05-28T11:51:47.020,-930,448.0,-0.004105438
multimetro,,,,97.06185470000128,2026-05-28T11:36:17.237,2026-05-28T11:51:47.237,-930,449.0,-0.004111773
multimetro,,,,97.27708979999989,2026-05-28T11:36:17.453,2026-05-28T11:51:47.453,-930,450.0,-0.004118075
multimetro,,,,97.49211860000105,2026-05-28T11:36:17.663,2026-05-28T11:51:47.663,-930,451.0,-0.004123928
balanza,192.0,-32.72,,97.57175100000131,2026-05-28T11:36:17.741,2026-05-28T11:51:47.741,-930,,
balanza,193.0,,Error desde Arduino: HX711 not found.,97.59488539999984,2026-05-28T11:36:17.770,2026-05-28T11:51:47.770,-930,,
multimetro,,,,97.70738940000047,2026-05-28T11:36:17.879,2026-05-28T11:51:47.879,-930,452.0,-0.004130275
multimetro,,,,97.92229510000107,2026-05-28T11:36:18.096,2026-05-28T11:51:48.096,-930,453.0,-0.004136326
multimetro,,,,98.13738569999987,2026-05-28T11:36:18.313,2026-05-28T11:51:48.313,-930,454.0,-0.004142053
multimetro,,,,98.35280179999972,2026-05-28T11:36:18.529,2026-05-28T11:51:48.529,-930,455.0,-0.004147864
multimetro,,,,98.56774700000096,2026-05-28T11:36:18.737,2026-05-28T11:51:48.737,-930,456.0,-0.004153455
balanza,194.0,-32.37,,98.5882173000009,2026-05-28T11:36:18.765,2026-05-28T11:51:48.765,-930,,
balanza,195.0,,Error desde Arduino: HX711 not found.,98.61148830000093,2026-05-28T11:36:18.787,2026-05-28T11:51:48.787,-930,,
multimetro,,,,98.78296480000063,2026-05-28T11:36:18.953,2026-05-28T11:51:48.953,-930,457.0,-0.004159339
multimetro,,,,98.99792090000119,2026-05-28T11:36:19.170,2026-05-28T11:51:49.170,-930,458.0,-0.004163809
multimetro,,,,99.21311690000039,2026-05-28T11:36:19.386,2026-05-28T11:51:49.386,-930,459.0,-0.004170908
multimetro,,,,99.42822119999983,2026-05-28T11:36:19.603,2026-05-28T11:51:49.603,-930,460.0,-0.0041772
balanza,196.0,-32.9,,99.60463180000079,2026-05-28T11:36:19.780,2026-05-28T11:51:49.780,-930,,
balanza,197.0,,Error desde Arduino: HX711 not found.,99.62777740000092,2026-05-28T11:36:19.803,2026-05-28T11:51:49.803,-930,,
multimetro,,,,99.64351150000039,2026-05-28T11:36:19.820,2026-05-28T11:51:49.820,-930,461.0,-0.004183283
multimetro,,,,99.85853409999982,2026-05-28T11:36:20.030,2026-05-28T11:51:50.030,-930,462.0,-0.004189701
multimetro,,,,100.07360880000124,2026-05-28T11:36:20.250,2026-05-28T11:51:50.250,-930,463.0,-0.004195617
multimetro,,,,100.28850799999964,2026-05-28T11:36:20.463,2026-05-28T11:51:50.463,-930,464.0,-0.004201417
multimetro,,,,100.5036054000011,2026-05-28T11:36:20.679,2026-05-28T11:51:50.679,-930,465.0,-0.004208819
balanza,198.0,-33.27,,100.62095120000049,2026-05-28T11:36:20.791,2026-05-28T11:51:50.791,-930,,
balanza,199.0,,Error desde Arduino: HX711 not found.,100.64423960000022,2026-05-28T11:36:20.820,2026-05-28T11:51:50.820,-930,,
multimetro,,,,100.71884370000043,2026-05-28T11:36:20.895,2026-05-28T11:51:50.895,-930,466.0,-0.004214975
multimetro,,,,100.93398640000123,2026-05-28T11:36:21.108,2026-05-28T11:51:51.108,-930,467.0,-0.004221173
multimetro,,,,101.14937559999998,2026-05-28T11:36:21.325,2026-05-28T11:51:51.325,-930,468.0,-0.004227413
multimetro,,,,101.36441689999992,2026-05-28T11:36:21.541,2026-05-28T11:51:51.541,-930,469.0,-0.004233737
multimetro,,,,101.57967680000002,2026-05-28T11:36:21.757,2026-05-28T11:51:51.757,-930,470.0,-0.004239569
balanza,200.0,-33.68,,101.63736650000101,2026-05-28T11:36:21.812,2026-05-28T11:51:51.812,-930,,
balanza,201.0,,Error desde Arduino: HX711 not found.,101.66036900000108,2026-05-28T11:36:21.837,2026-05-28T11:51:51.837,-930,,
multimetro,,,,101.79457870000078,2026-05-28T11:36:21.971,2026-05-28T11:51:51.971,-930,471.0,-0.004245725
multimetro,,,,102.00972040000124,2026-05-28T11:36:22.187,2026-05-28T11:51:52.187,-930,472.0,-0.004223267
multimetro,,,,102.22482219999983,2026-05-28T11:36:22.401,2026-05-28T11:51:52.401,-930,473.0,-0.004224597
multimetro,,,,102.43998280000051,2026-05-28T11:36:22.614,2026-05-28T11:51:52.614,-930,474.0,-0.004228062
balanza,202.0,-34.04,,102.65369900000042,2026-05-28T11:36:22.825,2026-05-28T11:51:52.825,-930,,
multimetro,,,,102.65504520000104,2026-05-28T11:36:22.825,2026-05-28T11:51:52.825,-930,475.0,-0.00423135
balanza,203.0,,Error desde Arduino: HX711 not found.,102.67707739999969,2026-05-28T11:36:22.854,2026-05-28T11:51:52.854,-930,,
multimetro,,,,102.87013180000031,2026-05-28T11:36:23.046,2026-05-28T11:51:53.046,-930,476.0,-0.004233548
multimetro,,,,103.08530430000064,2026-05-28T11:36:23.262,2026-05-28T11:51:53.262,-930,477.0,-0.004236606
multimetro,,,,103.30046720000064,2026-05-28T11:36:23.477,2026-05-28T11:51:53.477,-930,478.0,-0.004237087
multimetro,,,,103.51562279999962,2026-05-28T11:36:23.691,2026-05-28T11:51:53.691,-930,479.0,-0.004240061
balanza,204.0,-34.13,,103.67004930000076,2026-05-28T11:36:23.847,2026-05-28T11:51:53.847,-930,,
balanza,205.0,,Error desde Arduino: HX711 not found.,103.69321560000026,2026-05-28T11:36:23.870,2026-05-28T11:51:53.870,-930,,
multimetro,,,,103.73079110000072,2026-05-28T11:36:23.907,2026-05-28T11:51:53.907,-930,480.0,-0.004245672
multimetro,,,,103.94625590000032,2026-05-28T11:36:24.120,2026-05-28T11:51:54.120,-930,481.0,-0.004252384
multimetro,,,,104.16154410000127,2026-05-28T11:36:24.336,2026-05-28T11:51:54.336,-930,482.0,-0.004258456
multimetro,,,,104.37703750000037,2026-05-28T11:36:24.553,2026-05-28T11:51:54.553,-930,483.0,-0.004263743
multimetro,,,,104.59227760000067,2026-05-28T11:36:24.767,2026-05-28T11:51:54.767,-930,484.0,-0.004268989
balanza,206.0,-35.2,,104.68631920000007,2026-05-28T11:36:24.858,2026-05-28T11:51:54.858,-930,,
balanza,207.0,,Error desde Arduino: HX711 not found.,104.70929439999964,2026-05-28T11:36:24.886,2026-05-28T11:51:54.886,-930,,
multimetro,,,,104.80730210000002,2026-05-28T11:36:24.980,2026-05-28T11:51:54.980,-930,485.0,-0.004273459
multimetro,,,,105.0224616000014,2026-05-28T11:36:25.197,2026-05-28T11:51:55.197,-930,486.0,-0.004278338
multimetro,,,,105.2376443000012,2026-05-28T11:36:25.413,2026-05-28T11:51:55.413,-930,487.0,-0.004284882
multimetro,,,,105.45289130000128,2026-05-28T11:36:25.630,2026-05-28T11:51:55.630,-930,488.0,-0.004290441
multimetro,,,,105.66797299999962,2026-05-28T11:36:25.837,2026-05-28T11:51:55.837,-930,489.0,-0.004294828
balanza,208.0,-35.3,,105.7027006999997,2026-05-28T11:36:25.870,2026-05-28T11:51:55.870,-930,,
balanza,209.0,,Error desde Arduino: HX711 not found.,105.72592000000077,2026-05-28T11:36:25.903,2026-05-28T11:51:55.903,-930,,
multimetro,,,,105.88309120000122,2026-05-28T11:36:26.053,2026-05-28T11:51:56.053,-930,490.0,-0.004300272
multimetro,,,,106.09817180000027,2026-05-28T11:36:26.270,2026-05-28T11:51:56.270,-930,491.0,-0.00430624
multimetro,,,,106.31329420000111,2026-05-28T11:36:26.487,2026-05-28T11:51:56.487,-930,492.0,-0.004312627
multimetro,,,,106.52829720000045,2026-05-28T11:36:26.705,2026-05-28T11:51:56.705,-930,493.0,-0.004318312
balanza,210.0,-35.71,,106.71906230000059,2026-05-28T11:36:26.886,2026-05-28T11:51:56.886,-930,,
balanza,211.0,,Error desde Arduino: HX711 not found.,106.7422000000006,2026-05-28T11:36:26.913,2026-05-28T11:51:56.913,-930,,
multimetro,,,,106.74360010000055,2026-05-28T11:36:26.920,2026-05-28T11:51:56.920,-930,494.0,-0.004323903
multimetro,,,,106.95888110000124,2026-05-28T11:36:27.130,2026-05-28T11:51:57.130,-930,495.0,-0.004329839
multimetro,,,,107.17404499999975,2026-05-28T11:36:27.347,2026-05-28T11:51:57.347,-930,496.0,-0.004335566
multimetro,,,,107.38912290000007,2026-05-28T11:36:27.563,2026-05-28T11:51:57.563,-930,497.0,-0.004341628
multimetro,,,,107.60407630000009,2026-05-28T11:36:27.779,2026-05-28T11:51:57.779,-930,498.0,-0.004347585
balanza,212.0,-36.01,,107.7354559000014,2026-05-28T11:36:27.903,2026-05-28T11:51:57.903,-930,,
balanza,213.0,-36.31,,107.74851750000016,2026-05-28T11:36:27.925,2026-05-28T11:51:57.925,-930,,
balanza,214.0,,Error desde Arduino: HX711 not found.,107.77162370000042,2026-05-28T11:36:27.946,2026-05-28T11:51:57.946,-930,,
multimetro,,,,107.82008040000073,2026-05-28T11:36:27.997,2026-05-28T11:51:57.997,-930,499.0,-0.004353145
multimetro,,,,108.03510770000139,2026-05-28T11:36:28.205,2026-05-28T11:51:58.205,-930,500.0,-0.004359008
multimetro,,,,108.25023510000028,2026-05-28T11:36:28.420,2026-05-28T11:51:58.420,-930,501.0,-0.004364934
multimetro,,,,108.46518500000093,2026-05-28T11:36:28.636,2026-05-28T11:51:58.636,-930,502.0,-0.004370556
multimetro,,,,108.68037139999979,2026-05-28T11:36:28.853,2026-05-28T11:51:58.853,-930,503.0,-0.004376408
balanza,215.0,-36.12,,108.76494540000022,2026-05-28T11:36:28.937,2026-05-28T11:51:58.937,-930,,
balanza,216.0,,Error desde Arduino: HX711 not found.,108.78822670000045,2026-05-28T11:36:28.964,2026-05-28T11:51:58.964,-930,,
multimetro,,,,108.8956014000014,2026-05-28T11:36:29.070,2026-05-28T11:51:59.070,-930,504.0,-0.004382093
multimetro,,,,109.1106163000004,2026-05-28T11:36:29.287,2026-05-28T11:51:59.287,-930,505.0,-0.004387862
multimetro,,,,109.3257418000012,2026-05-28T11:36:29.497,2026-05-28T11:51:59.497,-930,506.0,-0.004393401
multimetro,,,,109.54078240000126,2026-05-28T11:36:29.715,2026-05-28T11:51:59.715,-930,507.0,-0.004399578
multimetro,,,,109.75599780000084,2026-05-28T11:36:29.925,2026-05-28T11:51:59.925,-930,508.0,-0.004405253
balanza,217.0,-36.87,,109.7813898000004,2026-05-28T11:36:29.958,2026-05-28T11:51:59.958,-930,,
balanza,218.0,,Error desde Arduino: HX711 not found.,109.80462340000122,2026-05-28T11:36:29.980,2026-05-28T11:51:59.980,-930,,
multimetro,,,,109.97123389999979,2026-05-28T11:36:30.145,2026-05-28T11:52:00.145,-930,509.0,-0.004411147
multimetro,,,,110.18624770000133,2026-05-28T11:36:30.362,2026-05-28T11:52:00.362,-930,510.0,-0.004416727
multimetro,,,,110.40127759999996,2026-05-28T11:36:30.578,2026-05-28T11:52:00.578,-930,511.0,-0.004422674
multimetro,,,,110.61657930000001,2026-05-28T11:36:30.791,2026-05-28T11:52:00.791,-930,512.0,-0.00442837
balanza,219.0,-37.02,,110.79769870000018,2026-05-28T11:36:30.973,2026-05-28T11:52:00.973,-930,,
balanza,220.0,,Error desde Arduino: HX711 not found.,110.82091170000058,2026-05-28T11:36:30.996,2026-05-28T11:52:00.996,-930,,
multimetro,,,,110.83156580000104,2026-05-28T11:36:31.008,2026-05-28T11:52:01.008,-930,513.0,-0.004434023
multimetro,,,,111.0466421000001,2026-05-28T11:36:31.223,2026-05-28T11:52:01.223,-930,514.0,-0.004439876
multimetro,,,,111.26169500000105,2026-05-28T11:36:31.438,2026-05-28T11:52:01.438,-930,515.0,-0.00444554
multimetro,,,,111.4767155999998,2026-05-28T11:36:31.654,2026-05-28T11:52:01.654,-930,516.0,-0.004451246
multimetro,,,,111.69204150000041,2026-05-28T11:36:31.867,2026-05-28T11:52:01.867,-930,517.0,-0.004456931
balanza,221.0,-37.2,,111.81409739999981,2026-05-28T11:36:31.986,2026-05-28T11:52:01.986,-930,,
balanza,222.0,,Error desde Arduino: HX711 not found.,111.83708970000043,2026-05-28T11:36:32.013,2026-05-28T11:52:02.013,-930,,
multimetro,,,,111.90721810000105,2026-05-28T11:36:32.078,2026-05-28T11:52:02.078,-930,518.0,-0.004462564
multimetro,,,,112.12243310000122,2026-05-28T11:36:32.296,2026-05-28T11:52:02.296,-930,519.0,-0.004468165
multimetro,,,,112.34785280000142,2026-05-28T11:36:32.524,2026-05-28T11:52:02.524,-930,520.0,-0.004473683
multimetro,,,,112.56301390000044,2026-05-28T11:36:32.737,2026-05-28T11:52:02.737,-930,521.0,-0.004479787
multimetro,,,,112.77823870000066,2026-05-28T11:36:32.953,2026-05-28T11:52:02.953,-930,522.0,-0.004485399
balanza,223.0,-37.42,,112.8304705999999,2026-05-28T11:36:33.003,2026-05-28T11:52:03.003,-930,,
balanza,224.0,,Error desde Arduino: HX711 not found.,112.85373400000026,2026-05-28T11:36:33.025,2026-05-28T11:52:03.025,-930,,
multimetro,,,,112.99346390000028,2026-05-28T11:36:33.170,2026-05-28T11:52:03.170,-930,523.0,-0.004491094
multimetro,,,,113.20864729999994,2026-05-28T11:36:33.385,2026-05-28T11:52:03.385,-930,524.0,-0.004496162
multimetro,,,,113.42370149999988,2026-05-28T11:36:33.597,2026-05-28T11:52:03.597,-930,525.0,-0.004501731
multimetro,,,,113.6388165999997,2026-05-28T11:36:33.813,2026-05-28T11:52:03.813,-930,526.0,-0.004507207
balanza,225.0,-37.85,,113.84689369999978,2026-05-28T11:36:34.020,2026-05-28T11:52:04.020,-930,,
multimetro,,,,113.85383090000141,2026-05-28T11:36:34.030,2026-05-28T11:52:04.030,-930,527.0,-0.004513028
balanza,226.0,,Error desde Arduino: HX711 not found.,113.87004640000123,2026-05-28T11:36:34.046,2026-05-28T11:52:04.046,-930,,
multimetro,,,,114.06886190000114,2026-05-28T11:36:34.236,2026-05-28T11:52:04.236,-930,528.0,-0.004518284
multimetro,,,,114.28398000000016,2026-05-28T11:36:34.453,2026-05-28T11:52:04.453,-930,529.0,-0.004524032
multimetro,,,,114.49905770000078,2026-05-28T11:36:34.670,2026-05-28T11:52:04.670,-930,530.0,-0.004529288
multimetro,,,,114.7142115000006,2026-05-28T11:36:34.886,2026-05-28T11:52:04.886,-930,531.0,-0.00453491
balanza,227.0,-38.23,,114.863249,2026-05-28T11:36:35.040,2026-05-28T11:52:05.040,-930,,
balanza,228.0,,Error desde Arduino: HX711 not found.,114.88647750000018,2026-05-28T11:36:35.063,2026-05-28T11:52:05.063,-930,,
multimetro,,,,114.9294000000009,2026-05-28T11:36:35.103,2026-05-28T11:52:05.103,-930,532.0,-0.004540511
multimetro,,,,115.14462160000039,2026-05-28T11:36:35.320,2026-05-28T11:52:05.320,-930,533.0,-0.004546144
multimetro,,,,115.35976910000136,2026-05-28T11:36:35.536,2026-05-28T11:52:05.536,-930,534.0,-0.004551588
multimetro,,,,115.5748636999997,2026-05-28T11:36:35.746,2026-05-28T11:52:05.746,-930,535.0,-0.00455698
multimetro,,,,115.78989610000099,2026-05-28T11:36:35.967,2026-05-28T11:52:05.967,-930,536.0,-0.004562592
balanza,229.0,-38.95,,115.87954879999961,2026-05-28T11:36:36.053,2026-05-28T11:52:06.053,-930,,
balanza,230.0,,Error desde Arduino: HX711 not found.,115.9027958000006,2026-05-28T11:36:36.070,2026-05-28T11:52:06.070,-930,,
multimetro,,,,116.00517240000045,2026-05-28T11:36:36.180,2026-05-28T11:52:06.180,-930,537.0,-0.004567785
multimetro,,,,116.22036370000023,2026-05-28T11:36:36.396,2026-05-28T11:52:06.396,-930,538.0,-0.004573177
multimetro,,,,116.43552330000057,2026-05-28T11:36:36.603,2026-05-28T11:52:06.603,-930,539.0,-0.004578674
multimetro,,,,116.65059420000034,2026-05-28T11:36:36.827,2026-05-28T11:52:06.827,-930,540.0,-0.004584024
multimetro,,,,116.86564590000125,2026-05-28T11:36:37.041,2026-05-28T11:52:07.041,-930,541.0,-0.004589499
balanza,231.0,-39.14,,116.895982,2026-05-28T11:36:37.070,2026-05-28T11:52:07.070,-930,,
balanza,232.0,,Error desde Arduino: HX711 not found.,116.91929170000003,2026-05-28T11:36:37.087,2026-05-28T11:52:07.087,-930,,
multimetro,,,,117.08085039999969,2026-05-28T11:36:37.258,2026-05-28T11:52:07.258,-930,542.0,-0.004595059
multimetro,,,,117.2959320000009,2026-05-28T11:36:37.472,2026-05-28T11:52:07.472,-930,543.0,-0.004600378
multimetro,,,,117.51105600000119,2026-05-28T11:36:37.688,2026-05-28T11:52:07.688,-930,544.0,-0.004605623
multimetro,,,,117.72622310000042,2026-05-28T11:36:37.903,2026-05-28T11:52:07.903,-930,545.0,-0.004611109
balanza,233.0,-39.31,,117.9123606000012,2026-05-28T11:36:38.086,2026-05-28T11:52:08.086,-930,,
balanza,234.0,,Error desde Arduino: HX711 not found.,117.9354557000006,2026-05-28T11:36:38.108,2026-05-28T11:52:08.108,-930,,
multimetro,,,,117.94124940000074,2026-05-28T11:36:38.117,2026-05-28T11:52:08.117,-930,546.0,-0.004616313
multimetro,,,,118.15640100000019,2026-05-28T11:36:38.330,2026-05-28T11:52:08.330,-930,547.0,-0.0046216
multimetro,,,,118.37139930000012,2026-05-28T11:36:38.548,2026-05-28T11:52:08.548,-930,548.0,-0.004626552
multimetro,,,,118.58628200000021,2026-05-28T11:36:38.763,2026-05-28T11:52:08.763,-930,549.0,-0.004631954
multimetro,,,,118.8014662000005,2026-05-28T11:36:38.970,2026-05-28T11:52:08.970,-930,550.0,-0.004636948
balanza,235.0,-39.55,,118.92875570000069,2026-05-28T11:36:39.103,2026-05-28T11:52:09.103,-930,,
balanza,236.0,,Error desde Arduino: HX711 not found.,118.95179730000018,2026-05-28T11:36:39.120,2026-05-28T11:52:09.120,-930,,
multimetro,,,,119.01656720000028,2026-05-28T11:36:39.191,2026-05-28T11:52:09.191,-930,551.0,-0.004642351
multimetro,,,,119.23167009999997,2026-05-28T11:36:39.403,2026-05-28T11:52:09.403,-930,552.0,-0.00464746
multimetro,,,,119.44691910000074,2026-05-28T11:36:39.620,2026-05-28T11:52:09.620,-930,553.0,-0.00465213
multimetro,,,,119.66211199999998,2026-05-28T11:36:39.837,2026-05-28T11:52:09.837,-930,554.0,-0.004657542
multimetro,,,,119.87701709999965,2026-05-28T11:36:40.053,2026-05-28T11:52:10.053,-930,555.0,-0.004662934
balanza,237.0,-40.32,,119.94515359999968,2026-05-28T11:36:40.120,2026-05-28T11:52:10.120,-930,,
balanza,238.0,,Error desde Arduino: HX711 not found.,119.96835910000118,2026-05-28T11:36:40.136,2026-05-28T11:52:10.136,-930,,
multimetro,,,,120.09225300000071,2026-05-28T11:36:40.263,2026-05-28T11:52:10.263,-930,556.0,-0.004668002
multimetro,,,,120.3072830000001,2026-05-28T11:36:40.479,2026-05-28T11:52:10.479,-930,557.0,-0.00465615
multimetro,,,,120.52228790000117,2026-05-28T11:36:40.699,2026-05-28T11:52:10.699,-930,558.0,-0.00465415
multimetro,,,,120.73744500000066,2026-05-28T11:36:40.913,2026-05-28T11:52:10.913,-930,559.0,-0.004659699
multimetro,,,,120.95255870000074,2026-05-28T11:36:41.121,2026-05-28T11:52:11.121,-930,560.0,-0.004664463
balanza,239.0,-40.23,,120.96147700000074,2026-05-28T11:36:41.136,2026-05-28T11:52:11.136,-930,,
balanza,240.0,,Error desde Arduino: HX711 not found.,120.98470760000055,2026-05-28T11:36:41.161,2026-05-28T11:52:11.161,-930,,
multimetro,,,,121.16761510000106,2026-05-28T11:36:41.337,2026-05-28T11:52:11.337,-930,561.0,-0.004669844
multimetro,,,,121.38274120000096,2026-05-28T11:36:41.553,2026-05-28T11:52:11.553,-930,562.0,-0.004675048
multimetro,,,,121.59795169999961,2026-05-28T11:36:41.770,2026-05-28T11:52:11.770,-930,563.0,-0.004680398
multimetro,,,,121.8130555000007,2026-05-28T11:36:41.986,2026-05-28T11:52:11.986,-930,564.0,-0.004685476
balanza,241.0,-40.67,,121.97800090000055,2026-05-28T11:36:42.153,2026-05-28T11:52:12.153,-930,,
balanza,242.0,,Error desde Arduino: HX711 not found.,122.00101540000105,2026-05-28T11:36:42.170,2026-05-28T11:52:12.170,-930,,
multimetro,,,,122.02807349999966,2026-05-28T11:36:42.205,2026-05-28T11:52:12.205,-930,565.0,-0.004690522
multimetro,,,,122.2432547999997,2026-05-28T11:36:42.420,2026-05-28T11:52:12.420,-930,566.0,-0.004695893
multimetro,,,,122.45851370000128,2026-05-28T11:36:42.630,2026-05-28T11:52:12.630,-930,567.0,-0.004701076
multimetro,,,,122.67375090000132,2026-05-28T11:36:42.846,2026-05-28T11:52:12.846,-930,568.0,-0.004706541
multimetro,,,,122.88882709999962,2026-05-28T11:36:43.062,2026-05-28T11:52:13.062,-930,569.0,-0.004711462
balanza,243.0,-40.91,,122.99431530000038,2026-05-28T11:36:43.171,2026-05-28T11:52:13.171,-930,,
balanza,244.0,,Error desde Arduino: HX711 not found.,123.01767219999965,2026-05-28T11:36:43.187,2026-05-28T11:52:13.187,-930,,
multimetro,,,,123.10379530000137,2026-05-28T11:36:43.279,2026-05-28T11:52:13.279,-930,570.0,-0.004716581
multimetro,,,,123.31894740000098,2026-05-28T11:36:43.496,2026-05-28T11:52:13.496,-930,571.0,-0.004721638
multimetro,,,,123.5339313000004,2026-05-28T11:36:43.711,2026-05-28T11:52:13.711,-930,572.0,-0.004726716
multimetro,,,,123.74909509999998,2026-05-28T11:36:43.925,2026-05-28T11:52:13.925,-930,573.0,-0.004732003
multimetro,,,,123.96405440000126,2026-05-28T11:36:44.141,2026-05-28T11:52:14.141,-930,574.0,-0.004736914
balanza,245.0,-40.88,,124.01076680000006,2026-05-28T11:36:44.187,2026-05-28T11:52:14.187,-930,,
balanza,246.0,,Error desde Arduino: HX711 not found.,124.03394450000087,2026-05-28T11:36:44.205,2026-05-28T11:52:14.205,-930,,
multimetro,,,,124.17920310000045,2026-05-28T11:36:44.356,2026-05-28T11:52:14.356,-930,575.0,-0.00474195
multimetro,,,,124.39436970000133,2026-05-28T11:36:44.571,2026-05-28T11:52:14.571,-930,576.0,-0.004747101
multimetro,,,,124.6095232000007,2026-05-28T11:36:44.786,2026-05-28T11:52:14.786,-930,577.0,-0.004751917
multimetro,,,,124.8248736000005,2026-05-28T11:36:45.001,2026-05-28T11:52:15.001,-930,578.0,-0.004756796
balanza,247.0,-41.61,,125.0272530000002,2026-05-28T11:36:45.204,2026-05-28T11:52:15.204,-930,,
multimetro,,,,125.03994140000032,2026-05-28T11:36:45.208,2026-05-28T11:52:15.208,-930,579.0,-0.0047618
balanza,248.0,,Error desde Arduino: HX711 not found.,125.0503903000008,2026-05-28T11:36:45.220,2026-05-28T11:52:15.220,-930,,
multimetro,,,,125.25514690000091,2026-05-28T11:36:45.425,2026-05-28T11:52:15.425,-930,580.0,-0.004766397
multimetro,,,,125.47032340000078,2026-05-28T11:36:45.646,2026-05-28T11:52:15.646,-930,581.0,-0.004771077
multimetro,,,,125.68551910000133,2026-05-28T11:36:45.858,2026-05-28T11:52:15.858,-930,582.0,-0.004776154
multimetro,,,,125.90043810000134,2026-05-28T11:36:46.070,2026-05-28T11:52:16.070,-930,583.0,-0.004781305
balanza,249.0,-41.95,,126.04356730000109,2026-05-28T11:36:46.220,2026-05-28T11:52:16.220,-930,,
balanza,250.0,,Error desde Arduino: HX711 not found.,126.06659279999985,2026-05-28T11:36:46.236,2026-05-28T11:52:16.236,-930,,
multimetro,,,,126.11556540000129,2026-05-28T11:36:46.286,2026-05-28T11:52:16.286,-930,584.0,-0.004786498
multimetro,,,,126.33064200000081,2026-05-28T11:36:46.506,2026-05-28T11:52:16.506,-930,585.0,-0.004791545
multimetro,,,,126.5456976000005,2026-05-28T11:36:46.720,2026-05-28T11:52:16.720,-930,586.0,-0.00479679
multimetro,,,,126.76081460000023,2026-05-28T11:36:46.936,2026-05-28T11:52:16.936,-930,587.0,-0.004801648
multimetro,,,,126.9758780000011,2026-05-28T11:36:47.153,2026-05-28T11:52:17.153,-930,588.0,-0.004806894
balanza,251.0,-42.14,,127.05994699999974,2026-05-28T11:36:47.236,2026-05-28T11:52:17.236,-930,,
balanza,252.0,,Error desde Arduino: HX711 not found.,127.08326680000027,2026-05-28T11:36:47.253,2026-05-28T11:52:17.253,-930,,
multimetro,,,,127.1910407000014,2026-05-28T11:36:47.368,2026-05-28T11:52:17.368,-930,589.0,-0.004811856
multimetro,,,,127.40594179999971,2026-05-28T11:36:47.583,2026-05-28T11:52:17.583,-930,590.0,-0.004816557
multimetro,,,,127.6210831999997,2026-05-28T11:36:47.796,2026-05-28T11:52:17.796,-930,591.0,-0.004821237
multimetro,,,,127.83612940000057,2026-05-28T11:36:48.008,2026-05-28T11:52:18.008,-930,592.0,-0.004826315
multimetro,,,,128.0513232000012,2026-05-28T11:36:48.223,2026-05-28T11:52:18.223,-930,593.0,-0.004828325
balanza,253.0,-42.26,,128.0763592000003,2026-05-28T11:36:48.253,2026-05-28T11:52:18.253,-930,,
balanza,254.0,,Error desde Arduino: HX711 not found.,128.09970179999982,2026-05-28T11:36:48.270,2026-05-28T11:52:18.270,-930,,
multimetro,,,,128.26642569999967,2026-05-28T11:36:48.440,2026-05-28T11:52:18.440,-930,594.0,-0.00483
multimetro,,,,128.48148020000008,2026-05-28T11:36:48.656,2026-05-28T11:52:18.656,-930,595.0,-0.004834911
multimetro,,,,128.6965938000012,2026-05-28T11:36:48.873,2026-05-28T11:52:18.873,-930,596.0,-0.004840041
multimetro,,,,128.9117122000007,2026-05-28T11:36:49.088,2026-05-28T11:52:19.088,-930,597.0,-0.004844909
balanza,255.0,-42.6,,129.09276950000094,2026-05-28T11:36:49.270,2026-05-28T11:52:19.270,-930,,
balanza,256.0,,Error desde Arduino: HX711 not found.,129.11581060000026,2026-05-28T11:36:49.286,2026-05-28T11:52:19.286,-930,,
multimetro,,,,129.12665820000075,2026-05-28T11:36:49.304,2026-05-28T11:52:19.304,-930,598.0,-0.004849841
multimetro,,,,129.34178919999977,2026-05-28T11:36:49.513,2026-05-28T11:52:19.513,-930,599.0,-0.004854541
multimetro,,,,129.55688809999992,2026-05-28T11:36:49.725,2026-05-28T11:52:19.725,-930,600.0,-0.00485963
multimetro,,,,129.77202380000017,2026-05-28T11:36:49.941,2026-05-28T11:52:19.941,-930,601.0,-0.004864467
multimetro,,,,129.98725750000085,2026-05-28T11:36:50.164,2026-05-28T11:52:20.164,-930,602.0,-0.004869356
balanza,257.0,-42.93,,130.10913690000052,2026-05-28T11:36:50.284,2026-05-28T11:52:20.284,-930,,
balanza,258.0,,Error desde Arduino: HX711 not found.,130.13221010000052,2026-05-28T11:36:50.305,2026-05-28T11:52:20.305,-930,,
multimetro,,,,130.20231960000092,2026-05-28T11:36:50.378,2026-05-28T11:52:20.378,-930,603.0,-0.004874089
multimetro,,,,130.41765599999962,2026-05-28T11:36:50.586,2026-05-28T11:52:20.586,-930,604.0,-0.004878611
multimetro,,,,130.6327027999996,2026-05-28T11:36:50.801,2026-05-28T11:52:20.801,-930,605.0,-0.004883606
multimetro,,,,130.8478909000005,2026-05-28T11:36:51.022,2026-05-28T11:52:21.022,-930,606.0,-0.004888244
multimetro,,,,131.06297260000065,2026-05-28T11:36:51.239,2026-05-28T11:52:21.239,-930,607.0,-0.004893123
balanza,259.0,-43.15,,131.12543890000052,2026-05-28T11:36:51.296,2026-05-28T11:52:21.296,-930,,
balanza,260.0,,Error desde Arduino: HX711 not found.,131.14858640000057,2026-05-28T11:36:51.323,2026-05-28T11:52:21.323,-930,,
multimetro,,,,131.27804500000093,2026-05-28T11:36:51.448,2026-05-28T11:52:21.448,-930,608.0,-0.004898012
multimetro,,,,131.4931557,2026-05-28T11:36:51.669,2026-05-28T11:52:21.669,-930,609.0,-0.00490266
multimetro,,,,131.7084745000011,2026-05-28T11:36:51.885,2026-05-28T11:52:21.885,-930,610.0,-0.00490734
multimetro,,,,131.92342869999993,2026-05-28T11:36:52.091,2026-05-28T11:52:22.091,-930,611.0,-0.004912324
multimetro,,,,132.13843910000105,2026-05-28T11:36:52.315,2026-05-28T11:52:22.315,-930,612.0,-0.00491692
balanza,261.0,-43.47,,132.14179160000094,2026-05-28T11:36:52.317,2026-05-28T11:52:22.317,-930,,
balanza,262.0,,Error desde Arduino: HX711 not found.,132.16485570000077,2026-05-28T11:36:52.339,2026-05-28T11:52:22.339,-930,,
multimetro,,,,132.35362320000058,2026-05-28T11:36:52.526,2026-05-28T11:52:22.526,-930,613.0,-0.004921757
multimetro,,,,132.56874720000087,2026-05-28T11:36:52.745,2026-05-28T11:52:22.745,-930,614.0,-0.004926479
multimetro,,,,132.7838171000003,2026-05-28T11:36:52.961,2026-05-28T11:52:22.961,-930,615.0,-0.004931075
multimetro,,,,132.99899920000098,2026-05-28T11:36:53.175,2026-05-28T11:52:23.175,-930,616.0,-0.004935818
balanza,263.0,-43.73,,133.15821180000057,2026-05-28T11:36:53.327,2026-05-28T11:52:23.327,-930,,
balanza,264.0,,Error desde Arduino: HX711 not found.,133.18133640000087,2026-05-28T11:36:53.351,2026-05-28T11:52:23.351,-930,,
multimetro,,,,133.2142528000004,2026-05-28T11:36:53.382,2026-05-28T11:52:23.382,-930,617.0,-0.004940729
multimetro,,,,133.4293300999998,2026-05-28T11:36:53.598,2026-05-28T11:52:23.598,-930,618.0,-0.004945628
multimetro,,,,133.64444770000046,2026-05-28T11:36:53.821,2026-05-28T11:52:23.821,-930,619.0,-0.004950465
multimetro,,,,133.859649,2026-05-28T11:36:54.036,2026-05-28T11:52:24.036,-930,620.0,-0.004955292
multimetro,,,,134.07482020000134,2026-05-28T11:36:54.251,2026-05-28T11:52:24.251,-930,621.0,-0.004960139
balanza,265.0,-43.98,,134.17450350000036,2026-05-28T11:36:54.351,2026-05-28T11:52:24.351,-930,,
balanza,266.0,,Error desde Arduino: HX711 not found.,134.19779730000118,2026-05-28T11:36:54.373,2026-05-28T11:52:24.373,-930,,
multimetro,,,,134.28980290000072,2026-05-28T11:36:54.457,2026-05-28T11:52:24.457,-930,622.0,-0.004964621
multimetro,,,,134.50493180000012,2026-05-28T11:36:54.681,2026-05-28T11:52:24.681,-930,623.0,-0.004969772
multimetro,,,,134.72014320000017,2026-05-28T11:36:54.895,2026-05-28T11:52:24.895,-930,624.0,-0.004974577
multimetro,,,,134.93518650000078,2026-05-28T11:36:55.106,2026-05-28T11:52:25.106,-930,625.0,-0.004979446
multimetro,,,,135.15040039999985,2026-05-28T11:36:55.324,2026-05-28T11:52:25.324,-930,626.0,-0.004984126
balanza,267.0,-44.54,,135.19089789999998,2026-05-28T11:36:55.364,2026-05-28T11:52:25.364,-930,,
balanza,268.0,,Error desde Arduino: HX711 not found.,135.2138575000008,2026-05-28T11:36:55.386,2026-05-28T11:52:25.386,-930,,
multimetro,,,,135.36548940000102,2026-05-28T11:36:55.536,2026-05-28T11:52:25.536,-930,627.0,-0.004989235
multimetro,,,,135.5806833000006,2026-05-28T11:36:55.754,2026-05-28T11:52:25.754,-930,628.0,-0.004993737
multimetro,,,,135.79574970000067,2026-05-28T11:36:55.964,2026-05-28T11:52:25.964,-930,629.0,-0.004998427
multimetro,,,,136.01118510000015,2026-05-28T11:36:56.181,2026-05-28T11:52:26.181,-930,630.0,-0.005003013
balanza,269.0,-44.48,,136.20726190000096,2026-05-28T11:36:56.384,2026-05-28T11:52:26.384,-930,,
multimetro,,,,136.2263057,2026-05-28T11:36:56.403,2026-05-28T11:52:26.403,-930,631.0,-0.005007861
balanza,270.0,,Error desde Arduino: HX711 not found.,136.23057680000056,2026-05-28T11:36:56.407,2026-05-28T11:52:26.407,-930,,
multimetro,,,,136.44154920000074,2026-05-28T11:36:56.618,2026-05-28T11:52:26.618,-930,632.0,-0.005012708
multimetro,,,,136.65723369999978,2026-05-28T11:36:56.834,2026-05-28T11:52:26.834,-930,633.0,-0.005017702
multimetro,,,,136.8721944000008,2026-05-28T11:36:57.049,2026-05-28T11:52:27.049,-930,634.0,-0.005022581
multimetro,,,,137.08719810000002,2026-05-28T11:36:57.264,2026-05-28T11:52:27.264,-930,635.0,-0.005027743
balanza,271.0,-44.91,,137.22374090000085,2026-05-28T11:36:57.401,2026-05-28T11:52:27.401,-930,,
balanza,272.0,,Error desde Arduino: HX711 not found.,137.24678099999983,2026-05-28T11:36:57.423,2026-05-28T11:52:27.423,-930,,
multimetro,,,,137.30219730000135,2026-05-28T11:36:57.479,2026-05-28T11:52:27.479,-930,636.0,-0.005032821
multimetro,,,,137.51730970000062,2026-05-28T11:36:57.694,2026-05-28T11:52:27.694,-930,637.0,-0.005037898
multimetro,,,,137.73241790000066,2026-05-28T11:36:57.909,2026-05-28T11:52:27.909,-930,638.0,-0.005042851
multimetro,,,,137.94751440000073,2026-05-28T11:36:58.124,2026-05-28T11:52:28.124,-930,639.0,-0.005048075
multimetro,,,,138.1626107000011,2026-05-28T11:36:58.339,2026-05-28T11:52:28.339,-930,640.0,-0.005053237
balanza,273.0,-45.14,,138.24017950000052,2026-05-28T11:36:58.417,2026-05-28T11:52:28.417,-930,,
balanza,274.0,,Error desde Arduino: HX711 not found.,138.26338810000016,2026-05-28T11:36:58.440,2026-05-28T11:52:28.440,-930,,
multimetro,,,,138.37789690000136,2026-05-28T11:36:58.555,2026-05-28T11:52:28.555,-930,641.0,-0.005057969
multimetro,,,,138.59298060000037,2026-05-28T11:36:58.769,2026-05-28T11:52:28.769,-930,642.0,-0.005063225
multimetro,,,,138.80846240000028,2026-05-28T11:36:58.985,2026-05-28T11:52:28.985,-930,643.0,-0.005068376
multimetro,,,,139.0236033000001,2026-05-28T11:36:59.200,2026-05-28T11:52:29.200,-930,644.0,-0.005073244
multimetro,,,,139.2386932999998,2026-05-28T11:36:59.415,2026-05-28T11:52:29.415,-930,645.0,-0.005078217
balanza,275.0,-45.4,,139.2563783000005,2026-05-28T11:36:59.433,2026-05-28T11:52:29.433,-930,,
balanza,276.0,,Error desde Arduino: HX711 not found.,139.27957160000005,2026-05-28T11:36:59.456,2026-05-28T11:52:29.456,-930,,
multimetro,,,,139.45377610000105,2026-05-28T11:36:59.630,2026-05-28T11:52:29.630,-930,646.0,-0.005083107
multimetro,,,,139.66891829999986,2026-05-28T11:36:59.845,2026-05-28T11:52:29.845,-930,647.0,-0.00508785
multimetro,,,,139.88416479999978,2026-05-28T11:37:00.061,2026-05-28T11:52:30.061,-930,648.0,-0.005092854
multimetro,,,,140.09925250000015,2026-05-28T11:37:00.276,2026-05-28T11:52:30.276,-930,649.0,-0.00509789
balanza,277.0,-45.61,,140.27282730000115,2026-05-28T11:37:00.450,2026-05-28T11:52:30.450,-930,,
balanza,278.0,,Error desde Arduino: HX711 not found.,140.29595640000116,2026-05-28T11:37:00.472,2026-05-28T11:52:30.472,-930,,
multimetro,,,,140.3144114000006,2026-05-28T11:37:00.491,2026-05-28T11:52:30.491,-930,650.0,-0.005102895
multimetro,,,,140.52934890000142,2026-05-28T11:37:00.705,2026-05-28T11:52:30.705,-930,651.0,-0.005108151
multimetro,,,,140.7445817000007,2026-05-28T11:37:00.921,2026-05-28T11:52:30.921,-930,652.0,-0.005113145
multimetro,,,,140.95968950000133,2026-05-28T11:37:01.136,2026-05-28T11:52:31.136,-930,653.0,-0.005118599
multimetro,,,,141.1746863999997,2026-05-28T11:37:01.352,2026-05-28T11:52:31.352,-930,654.0,-0.005123908
balanza,279.0,-45.9,,141.28918420000082,2026-05-28T11:37:01.466,2026-05-28T11:52:31.466,-930,,
balanza,280.0,,Error desde Arduino: HX711 not found.,141.31223330000103,2026-05-28T11:37:01.489,2026-05-28T11:52:31.489,-930,,
multimetro,,,,141.38976449999973,2026-05-28T11:37:01.567,2026-05-28T11:52:31.567,-930,655.0,-0.005129593
multimetro,,,,141.6047993000011,2026-05-28T11:37:01.781,2026-05-28T11:52:31.781,-930,656.0,-0.005135047
multimetro,,,,141.81997910000064,2026-05-28T11:37:01.997,2026-05-28T11:52:31.997,-930,657.0,-0.00514068
multimetro,,,,142.03503590000037,2026-05-28T11:37:02.211,2026-05-28T11:52:32.211,-930,658.0,-0.00514624
multimetro,,,,142.2500923000007,2026-05-28T11:37:02.427,2026-05-28T11:52:32.427,-930,659.0,-0.005152144
balanza,281.0,-45.91,,142.3055600000007,2026-05-28T11:37:02.482,2026-05-28T11:52:32.482,-930,,
balanza,282.0,,Error desde Arduino: HX711 not found.,142.32880620000105,2026-05-28T11:37:02.505,2026-05-28T11:52:32.505,-930,,
multimetro,,,,142.46520830000009,2026-05-28T11:37:02.642,2026-05-28T11:52:32.642,-930,660.0,-0.005158468
multimetro,,,,142.68022390000078,2026-05-28T11:37:02.857,2026-05-28T11:52:32.857,-930,661.0,-0.00516474
multimetro,,,,142.89539870000044,2026-05-28T11:37:03.072,2026-05-28T11:52:33.072,-930,662.0,-0.005171419
multimetro,,,,143.11045879999983,2026-05-28T11:37:03.287,2026-05-28T11:52:33.287,-930,663.0,-0.005179103
balanza,283.0,-46.08,,143.32187499999964,2026-05-28T11:37:03.499,2026-05-28T11:52:33.499,-930,,
multimetro,,,,143.3257207000006,2026-05-28T11:37:03.502,2026-05-28T11:52:33.502,-930,664.0,-0.00518773
balanza,284.0,,Error desde Arduino: HX711 not found.,143.34503310000036,2026-05-28T11:37:03.522,2026-05-28T11:52:33.522,-930,,
multimetro,,,,143.5412809999998,2026-05-28T11:37:03.718,2026-05-28T11:52:33.718,-930,665.0,-0.005197509
multimetro,,,,143.75645030000123,2026-05-28T11:37:03.933,2026-05-28T11:52:33.933,-930,666.0,-0.005208366
multimetro,,,,143.9716451000004,2026-05-28T11:37:04.149,2026-05-28T11:52:34.149,-930,667.0,-0.005221097
multimetro,,,,144.1867156999997,2026-05-28T11:37:04.363,2026-05-28T11:52:34.363,-930,668.0,-0.005235378
balanza,285.0,-46.01,,144.33834560000105,2026-05-28T11:37:04.515,2026-05-28T11:52:34.515,-930,,
balanza,286.0,,Error desde Arduino: HX711 not found.,144.3616135000011,2026-05-28T11:37:04.538,2026-05-28T11:52:34.538,-930,,
multimetro,,,,144.40196939999987,2026-05-28T11:37:04.578,2026-05-28T11:52:34.578,-930,669.0,-0.005252025
multimetro,,,,144.61711360000118,2026-05-28T11:37:04.794,2026-05-28T11:52:34.794,-930,670.0,-0.00527108
multimetro,,,,144.83209499999975,2026-05-28T11:37:05.008,2026-05-28T11:52:35.008,-930,671.0,-0.005292208
multimetro,,,,145.0472275000011,2026-05-28T11:37:05.223,2026-05-28T11:52:35.223,-930,672.0,-0.005315786
multimetro,,,,145.26229310000053,2026-05-28T11:37:05.438,2026-05-28T11:52:35.438,-930,673.0,-0.005341594
balanza,287.0,-46.31,,145.35472430000118,2026-05-28T11:37:05.532,2026-05-28T11:52:35.532,-930,,
balanza,288.0,,Error desde Arduino: HX711 not found.,145.3779568000009,2026-05-28T11:37:05.555,2026-05-28T11:52:35.555,-930,,
multimetro,,,,145.47741889999998,2026-05-28T11:37:05.654,2026-05-28T11:52:35.654,-930,674.0,-0.005369642
multimetro,,,,145.69252589999996,2026-05-28T11:37:05.869,2026-05-28T11:52:35.869,-930,675.0,-0.005399272
multimetro,,,,145.907594100001,2026-05-28T11:37:06.084,2026-05-28T11:52:36.084,-930,676.0,-0.005430503
multimetro,,,,146.1227101000004,2026-05-28T11:37:06.300,2026-05-28T11:52:36.300,-930,677.0,-0.005462959
multimetro,,,,146.33766470000046,2026-05-28T11:37:06.514,2026-05-28T11:52:36.514,-930,678.0,-0.00549686
balanza,289.0,-48.04,,146.37125519999972,2026-05-28T11:37:06.548,2026-05-28T11:52:36.548,-930,,
balanza,290.0,,Error desde Arduino: HX711 not found.,146.39442390000113,2026-05-28T11:37:06.571,2026-05-28T11:52:36.571,-930,,
multimetro,,,,146.5527431999999,2026-05-28T11:37:06.729,2026-05-28T11:52:36.729,-930,679.0,-0.005531222
multimetro,,,,146.76773370000046,2026-05-28T11:37:06.944,2026-05-28T11:52:36.944,-930,680.0,-0.005565469
multimetro,,,,146.98290500000076,2026-05-28T11:37:07.160,2026-05-28T11:52:37.160,-930,681.0,-0.005598375
multimetro,,,,147.19805470000028,2026-05-28T11:37:07.374,2026-05-28T11:52:37.374,-930,682.0,-0.005629271
balanza,291.0,-49.24,,147.38762730000053,2026-05-28T11:37:07.564,2026-05-28T11:52:37.564,-930,,
balanza,292.0,,Error desde Arduino: HX711 not found.,147.410851300001,2026-05-28T11:37:07.587,2026-05-28T11:52:37.587,-930,,
multimetro,,,,147.41316970000116,2026-05-28T11:37:07.590,2026-05-28T11:52:37.590,-930,683.0,-0.005658011
multimetro,,,,147.62824929999988,2026-05-28T11:37:07.805,2026-05-28T11:52:37.805,-930,684.0,-0.005684929
multimetro,,,,147.84347330000128,2026-05-28T11:37:08.020,2026-05-28T11:52:38.020,-930,685.0,-0.00570925
multimetro,,,,148.05848870000045,2026-05-28T11:37:08.234,2026-05-28T11:52:38.234,-930,686.0,-0.005731069
multimetro,,,,148.27369329999965,2026-05-28T11:37:08.450,2026-05-28T11:52:38.450,-930,687.0,-0.005750511
balanza,293.0,-53.08,,148.40398430000096,2026-05-28T11:37:08.581,2026-05-28T11:52:38.581,-930,,
balanza,294.0,-52.65,,148.4170654999998,2026-05-28T11:37:08.594,2026-05-28T11:52:38.594,-930,,
balanza,295.0,,Error desde Arduino: HX711 not found.,148.44030060000114,2026-05-28T11:37:08.617,2026-05-28T11:52:38.617,-930,,
multimetro,,,,148.48867690000043,2026-05-28T11:37:08.665,2026-05-28T11:52:38.665,-930,688.0,-0.005767441
multimetro,,,,148.7037975000003,2026-05-28T11:37:08.881,2026-05-28T11:52:38.881,-930,689.0,-0.00578214
multimetro,,,,148.91892890000054,2026-05-28T11:37:09.096,2026-05-28T11:52:39.096,-930,690.0,-0.00579461
multimetro,,,,149.13398290000077,2026-05-28T11:37:09.310,2026-05-28T11:52:39.310,-930,691.0,-0.005805519
multimetro,,,,149.34919079999963,2026-05-28T11:37:09.526,2026-05-28T11:52:39.526,-930,692.0,-0.005814691
balanza,296.0,-54.64,,149.433352,2026-05-28T11:37:09.610,2026-05-28T11:52:39.610,-930,,
balanza,297.0,,Error desde Arduino: HX711 not found.,149.45639760000086,2026-05-28T11:37:09.633,2026-05-28T11:52:39.633,-930,,
multimetro,,,,149.56420600000092,2026-05-28T11:37:09.741,2026-05-28T11:52:39.741,-930,693.0,-0.005822826
multimetro,,,,149.7791541000006,2026-05-28T11:37:09.956,2026-05-28T11:52:39.956,-930,694.0,-0.005829663
multimetro,,,,149.99419090000083,2026-05-28T11:37:10.171,2026-05-28T11:52:40.171,-930,695.0,-0.00583584
multimetro,,,,150.20962340000005,2026-05-28T11:37:10.386,2026-05-28T11:52:40.386,-930,696.0,-0.00584096
multimetro,,,,150.42503620000025,2026-05-28T11:37:10.602,2026-05-28T11:52:40.602,-930,697.0,-0.005845284
balanza,298.0,-55.89,,150.4498388000011,2026-05-28T11:37:10.627,2026-05-28T11:52:40.627,-930,,
balanza,299.0,,Error desde Arduino: HX711 not found.,150.47315280000112,2026-05-28T11:37:10.650,2026-05-28T11:52:40.650,-930,,
multimetro,,,,150.64012820000062,2026-05-28T11:37:10.817,2026-05-28T11:52:40.817,-930,698.0,-0.005849147
multimetro,,,,150.85525750000124,2026-05-28T11:37:11.032,2026-05-28T11:52:41.032,-930,699.0,-0.005852612
multimetro,,,,151.07023280000067,2026-05-28T11:37:11.247,2026-05-28T11:52:41.247,-930,700.0,-0.005855366
multimetro,,,,151.28535770000053,2026-05-28T11:37:11.462,2026-05-28T11:52:41.462,-930,701.0,-0.005857784
balanza,300.0,-56.31,,151.46634679999988,2026-05-28T11:37:11.643,2026-05-28T11:52:41.643,-930,,
balanza,301.0,,Error desde Arduino: HX711 not found.,151.48937910000132,2026-05-28T11:37:11.666,2026-05-28T11:52:41.666,-930,,
multimetro,,,,151.50046370000018,2026-05-28T11:37:11.677,2026-05-28T11:52:41.677,-930,702.0,-0.005859826
multimetro,,,,151.71561029999975,2026-05-28T11:37:11.893,2026-05-28T11:52:41.893,-930,703.0,-0.005861815
multimetro,,,,151.93065550000028,2026-05-28T11:37:12.107,2026-05-28T11:52:42.107,-930,704.0,-0.005863459
multimetro,,,,152.14585780000016,2026-05-28T11:37:12.322,2026-05-28T11:52:42.322,-930,705.0,-0.00586503
multimetro,,,,152.36108830000012,2026-05-28T11:37:12.538,2026-05-28T11:52:42.538,-930,706.0,-0.005866129
balanza,302.0,-56.13,,152.48270109999976,2026-05-28T11:37:12.659,2026-05-28T11:52:42.659,-930,,
balanza,303.0,,Error desde Arduino: HX711 not found.,152.50564470000063,2026-05-28T11:37:12.682,2026-05-28T11:52:42.682,-930,,
multimetro,,,,152.5763650000008,2026-05-28T11:37:12.753,2026-05-28T11:52:42.753,-930,707.0,-0.005867406
multimetro,,,,152.79187830000046,2026-05-28T11:37:12.969,2026-05-28T11:52:42.969,-930,708.0,-0.005868338
multimetro,,,,153.00685870000052,2026-05-28T11:37:13.183,2026-05-28T11:52:43.183,-930,709.0,-0.005869144
multimetro,,,,153.22216310000113,2026-05-28T11:37:13.399,2026-05-28T11:52:43.399,-930,710.0,-0.005870013
multimetro,,,,153.43725489999997,2026-05-28T11:37:13.614,2026-05-28T11:52:43.614,-930,711.0,-0.005870777
balanza,304.0,-56.31,,153.49899840000035,2026-05-28T11:37:13.676,2026-05-28T11:52:43.676,-930,,
balanza,305.0,,Error desde Arduino: HX711 not found.,153.52208679999967,2026-05-28T11:37:13.699,2026-05-28T11:52:43.699,-930,,
multimetro,,,,153.6524577,2026-05-28T11:37:13.829,2026-05-28T11:52:43.829,-930,712.0,-0.005871395
multimetro,,,,153.86750240000038,2026-05-28T11:37:14.044,2026-05-28T11:52:44.044,-930,713.0,-0.005871919
multimetro,,,,154.08265329999995,2026-05-28T11:37:14.259,2026-05-28T11:52:44.259,-930,714.0,-0.005872369
multimetro,,,,154.29761080000026,2026-05-28T11:37:14.475,2026-05-28T11:52:44.475,-930,715.0,-0.00587285
multimetro,,,,154.51253130000077,2026-05-28T11:37:14.689,2026-05-28T11:52:44.689,-930,716.0,-0.005873049
balanza,306.0,-56.3,,154.5152775000006,2026-05-28T11:37:14.692,2026-05-28T11:52:44.692,-930,,
balanza,307.0,,Error desde Arduino: HX711 not found.,154.53849869999976,2026-05-28T11:37:14.715,2026-05-28T11:52:44.715,-930,,
multimetro,,,,154.72746689999985,2026-05-28T11:37:14.904,2026-05-28T11:52:44.904,-930,717.0,-0.005873437
multimetro,,,,154.94290400000136,2026-05-28T11:37:15.120,2026-05-28T11:52:45.120,-930,718.0,-0.005873824
multimetro,,,,155.15792340000007,2026-05-28T11:37:15.335,2026-05-28T11:52:45.335,-930,719.0,-0.005874316
multimetro,,,,155.37299619999976,2026-05-28T11:37:15.550,2026-05-28T11:52:45.550,-930,720.0,-0.00587462
balanza,308.0,-56.24,,155.5316584000011,2026-05-28T11:37:15.709,2026-05-28T11:52:45.709,-930,,
balanza,309.0,,Error desde Arduino: HX711 not found.,155.55471190000026,2026-05-28T11:37:15.731,2026-05-28T11:52:45.731,-930,,
multimetro,,,,155.5882032999998,2026-05-28T11:37:15.765,2026-05-28T11:52:45.765,-930,721.0,-0.005874944
multimetro,,,,155.803065600001,2026-05-28T11:37:15.979,2026-05-28T11:52:45.979,-930,722.0,-0.00587507
multimetro,,,,156.01834430000054,2026-05-28T11:37:16.195,2026-05-28T11:52:46.195,-930,723.0,-0.005875552
multimetro,,,,156.23347790000116,2026-05-28T11:37:16.410,2026-05-28T11:52:46.410,-930,724.0,-0.005875782
multimetro,,,,156.44872580000083,2026-05-28T11:37:16.625,2026-05-28T11:52:46.625,-930,725.0,-0.005876033
balanza,310.0,-56.26,,156.54804839999997,2026-05-28T11:37:16.725,2026-05-28T11:52:46.725,-930,,
balanza,311.0,,Error desde Arduino: HX711 not found.,156.57108960000005,2026-05-28T11:37:16.748,2026-05-28T11:52:46.748,-930,,
multimetro,,,,156.6636475000014,2026-05-28T11:37:16.840,2026-05-28T11:52:46.840,-930,726.0,-0.005875939
multimetro,,,,156.87873539999964,2026-05-28T11:37:17.055,2026-05-28T11:52:47.055,-930,727.0,-0.005875887
multimetro,,,,157.09382050000022,2026-05-28T11:37:17.271,2026-05-28T11:52:47.271,-930,728.0,-0.005876033
multimetro,,,,157.30895130000135,2026-05-28T11:37:17.485,2026-05-28T11:52:47.485,-930,729.0,-0.005876494
multimetro,,,,157.52406220000012,2026-05-28T11:37:17.701,2026-05-28T11:52:47.701,-930,730.0,-0.005876724
balanza,312.0,-56.28,,157.56454010000016,2026-05-28T11:37:17.741,2026-05-28T11:52:47.741,-930,,
balanza,313.0,,Error desde Arduino: HX711 not found.,157.58758430000125,2026-05-28T11:37:17.764,2026-05-28T11:52:47.764,-930,,
multimetro,,,,157.73916280000049,2026-05-28T11:37:17.916,2026-05-28T11:52:47.916,-930,731.0,-0.005876818
multimetro,,,,157.9541989999998,2026-05-28T11:37:18.131,2026-05-28T11:52:48.131,-930,732.0,-0.005876881
multimetro,,,,158.16904419999992,2026-05-28T11:37:18.346,2026-05-28T11:52:48.346,-930,733.0,-0.00587708
multimetro,,,,158.38428510000085,2026-05-28T11:37:18.561,2026-05-28T11:52:48.561,-930,734.0,-0.005877091
balanza,314.0,-56.37,,158.58086490000096,2026-05-28T11:37:18.758,2026-05-28T11:52:48.758,-930,,
multimetro,,,,158.60108279999986,2026-05-28T11:37:18.778,2026-05-28T11:52:48.778,-930,735.0,-0.005877321
balanza,315.0,,Error desde Arduino: HX711 not found.,158.60421440000027,2026-05-28T11:37:18.781,2026-05-28T11:52:48.781,-930,,
multimetro,,,,158.81635920000008,2026-05-28T11:37:18.993,2026-05-28T11:52:48.993,-930,736.0,-0.005877363
multimetro,,,,159.03140300000086,2026-05-28T11:37:19.208,2026-05-28T11:52:49.208,-930,737.0,-0.005877426
multimetro,,,,159.24633080000058,2026-05-28T11:37:19.423,2026-05-28T11:52:49.423,-930,738.0,-0.005877635
multimetro,,,,159.4616016,2026-05-28T11:37:19.638,2026-05-28T11:52:49.638,-930,739.0,-0.00587774
balanza,316.0,-56.33,,159.5972522000011,2026-05-28T11:37:19.774,2026-05-28T11:52:49.774,-930,,
balanza,317.0,,Error desde Arduino: HX711 not found.,159.6205117999998,2026-05-28T11:37:19.797,2026-05-28T11:52:49.797,-930,,
multimetro,,,,159.67656890000035,2026-05-28T11:37:19.853,2026-05-28T11:52:49.853,-930,740.0,-0.005877667
multimetro,,,,159.89214720000018,2026-05-28T11:37:20.069,2026-05-28T11:52:50.069,-930,741.0,-0.005877876
multimetro,,,,160.1073238000008,2026-05-28T11:37:20.284,2026-05-28T11:52:50.284,-930,742.0,-0.005878002
multimetro,,,,160.32242729999962,2026-05-28T11:37:20.499,2026-05-28T11:52:50.499,-930,743.0,-0.005878043
multimetro,,,,160.53743720000057,2026-05-28T11:37:20.714,2026-05-28T11:52:50.714,-930,744.0,-0.005878012
balanza,318.0,-56.33,,160.61361150000084,2026-05-28T11:37:20.790,2026-05-28T11:52:50.790,-930,,
balanza,319.0,,Error desde Arduino: HX711 not found.,160.63682560000052,2026-05-28T11:37:20.813,2026-05-28T11:52:50.813,-930,,
multimetro,,,,160.75263470000027,2026-05-28T11:37:20.929,2026-05-28T11:52:50.929,-930,745.0,-0.005878012
multimetro,,,,160.96770880000076,2026-05-28T11:37:21.145,2026-05-28T11:52:51.145,-930,746.0,-0.005878002
multimetro,,,,161.1828433999999,2026-05-28T11:37:21.360,2026-05-28T11:52:51.360,-930,747.0,-0.005878159
multimetro,,,,161.39800380000088,2026-05-28T11:37:21.575,2026-05-28T11:52:51.575,-930,748.0,-0.005878242
multimetro,,,,161.61328150000008,2026-05-28T11:37:21.790,2026-05-28T11:52:51.790,-930,749.0,-0.005878274
balanza,320.0,-56.37,,161.62984030000007,2026-05-28T11:37:21.806,2026-05-28T11:52:51.806,-930,,
balanza,321.0,,Error desde Arduino: HX711 not found.,161.65303370000038,2026-05-28T11:37:21.830,2026-05-28T11:52:51.830,-930,,
multimetro,,,,161.82848490000106,2026-05-28T11:37:22.005,2026-05-28T11:52:52.005,-930,750.0,-0.005878473
multimetro,,,,162.0435483000001,2026-05-28T11:37:22.220,2026-05-28T11:52:52.220,-930,751.0,-0.00587841
multimetro,,,,162.2589450000014,2026-05-28T11:37:22.435,2026-05-28T11:52:52.435,-930,752.0,-0.00587863
multimetro,,,,162.47411060000013,2026-05-28T11:37:22.651,2026-05-28T11:52:52.651,-930,753.0,-0.005878556
balanza,322.0,-56.37,,162.64615820000108,2026-05-28T11:37:22.823,2026-05-28T11:52:52.823,-930,,
balanza,323.0,,Error desde Arduino: HX711 not found.,162.66927270000087,2026-05-28T11:37:22.846,2026-05-28T11:52:52.846,-930,,
multimetro,,,,162.6892667000011,2026-05-28T11:37:22.866,2026-05-28T11:52:52.866,-930,754.0,-0.005878609
multimetro,,,,162.9043554,2026-05-28T11:37:23.081,2026-05-28T11:52:53.081,-930,755.0,-0.005878661
multimetro,,,,163.11942110000018,2026-05-28T11:37:23.296,2026-05-28T11:52:53.296,-930,756.0,-0.005878682
multimetro,,,,163.3349315000014,2026-05-28T11:37:23.511,2026-05-28T11:52:53.511,-930,757.0,-0.005878619
multimetro,,,,163.5499679000004,2026-05-28T11:37:23.727,2026-05-28T11:52:53.727,-930,758.0,-0.005878693
balanza,324.0,-56.39,,163.6624083000006,2026-05-28T11:37:23.832,2026-05-28T11:52:53.832,-930,,
balanza,325.0,,Error desde Arduino: HX711 not found.,163.68561560000126,2026-05-28T11:37:23.855,2026-05-28T11:52:53.855,-930,,
multimetro,,,,163.76516840000113,2026-05-28T11:37:23.941,2026-05-28T11:52:53.941,-930,759.0,-0.005878714
multimetro,,,,163.98021640000115,2026-05-28T11:37:24.156,2026-05-28T11:52:54.156,-930,760.0,-0.005878619
multimetro,,,,164.1954732000013,2026-05-28T11:37:24.367,2026-05-28T11:52:54.367,-930,761.0,-0.005878871
multimetro,,,,164.41053360000114,2026-05-28T11:37:24.587,2026-05-28T11:52:54.587,-930,762.0,-0.005878755
multimetro,,,,164.62568180000017,2026-05-28T11:37:24.801,2026-05-28T11:52:54.801,-930,763.0,-0.005879049
balanza,326.0,-56.34,,164.67881300000045,2026-05-28T11:37:24.855,2026-05-28T11:52:54.855,-930,,
balanza,327.0,,Error desde Arduino: HX711 not found.,164.70195779999995,2026-05-28T11:37:24.874,2026-05-28T11:52:54.874,-930,,
multimetro,,,,164.84062380000069,2026-05-28T11:37:25.010,2026-05-28T11:52:55.010,-930,764.0,-0.005878797
multimetro,,,,165.05573790000017,2026-05-28T11:37:25.232,2026-05-28T11:52:55.232,-930,765.0,-0.005879038
multimetro,,,,165.2708476000007,2026-05-28T11:37:25.440,2026-05-28T11:52:55.440,-930,766.0,-0.00587908
multimetro,,,,165.48595120000027,2026-05-28T11:37:25.658,2026-05-28T11:52:55.658,-930,767.0,-0.005879216
balanza,328.0,-56.27,,165.69520860000011,2026-05-28T11:37:25.865,2026-05-28T11:52:55.865,-930,,
multimetro,,,,165.70109480000065,2026-05-28T11:37:25.877,2026-05-28T11:52:55.877,-930,768.0,-0.005879028
balanza,329.0,,Error desde Arduino: HX711 not found.,165.71829700000126,2026-05-28T11:37:25.895,2026-05-28T11:52:55.895,-930,,
multimetro,,,,165.9162176000009,2026-05-28T11:37:26.093,2026-05-28T11:52:56.093,-930,769.0,-0.005879185
multimetro,,,,166.13141440000072,2026-05-28T11:37:26.307,2026-05-28T11:52:56.307,-930,770.0,-0.005879195
multimetro,,,,166.3464901999996,2026-05-28T11:37:26.516,2026-05-28T11:52:56.516,-930,771.0,-0.005879164
multimetro,,,,166.56168980000075,2026-05-28T11:37:26.737,2026-05-28T11:52:56.737,-930,772.0,-0.005879185
balanza,330.0,-56.31,,166.71160969999983,2026-05-28T11:37:26.888,2026-05-28T11:52:56.888,-930,,
balanza,331.0,,Error desde Arduino: HX711 not found.,166.7347222999997,2026-05-28T11:37:26.910,2026-05-28T11:52:56.910,-930,,
multimetro,,,,166.77675439999985,2026-05-28T11:37:26.954,2026-05-28T11:52:56.954,-930,773.0,-0.005879237
multimetro,,,,166.99186399999962,2026-05-28T11:37:27.168,2026-05-28T11:52:57.168,-930,774.0,-0.005879321
multimetro,,,,167.2070206999997,2026-05-28T11:37:27.383,2026-05-28T11:52:57.383,-930,775.0,-0.005879216
multimetro,,,,167.4221714000014,2026-05-28T11:37:27.591,2026-05-28T11:52:57.591,-930,776.0,-0.005879279
multimetro,,,,167.63724150000053,2026-05-28T11:37:27.814,2026-05-28T11:52:57.814,-930,777.0,-0.005879394
balanza,332.0,-56.26,,167.7280584,2026-05-28T11:37:27.900,2026-05-28T11:52:57.900,-930,,
balanza,333.0,,Error desde Arduino: HX711 not found.,167.75129279999965,2026-05-28T11:37:27.920,2026-05-28T11:52:57.920,-930,,
multimetro,,,,167.85247479999998,2026-05-28T11:37:28.029,2026-05-28T11:52:58.029,-930,778.0,-0.005879593
multimetro,,,,168.06776069999978,2026-05-28T11:37:28.237,2026-05-28T11:52:58.237,-930,779.0,-0.005879656
multimetro,,,,168.28282840000065,2026-05-28T11:37:28.454,2026-05-28T11:52:58.454,-930,780.0,-0.005879635
multimetro,,,,168.49800640000103,2026-05-28T11:37:28.674,2026-05-28T11:52:58.674,-930,781.0,-0.005879509
multimetro,,,,168.71285220000027,2026-05-28T11:37:28.889,2026-05-28T11:52:58.889,-930,782.0,-0.005879562
balanza,334.0,-56.29,,168.74435380000068,2026-05-28T11:37:28.921,2026-05-28T11:52:58.921,-930,,
balanza,335.0,,Error desde Arduino: HX711 not found.,168.76762919999965,2026-05-28T11:37:28.941,2026-05-28T11:52:58.941,-930,,
multimetro,,,,168.92803410000124,2026-05-28T11:37:29.097,2026-05-28T11:52:59.097,-930,783.0,-0.005879405
multimetro,,,,169.14307390000067,2026-05-28T11:37:29.318,2026-05-28T11:52:59.318,-930,784.0,-0.005879342
multimetro,,,,169.35859880000135,2026-05-28T11:37:29.529,2026-05-28T11:52:59.529,-930,785.0,-0.005879467
multimetro,,,,169.573777900001,2026-05-28T11:37:29.744,2026-05-28T11:52:59.744,-930,786.0,-0.005879195
balanza,336.0,-56.29,,169.7609408999997,2026-05-28T11:37:29.934,2026-05-28T11:52:59.934,-930,,
balanza,337.0,,Error desde Arduino: HX711 not found.,169.78419639999993,2026-05-28T11:37:29.954,2026-05-28T11:52:59.954,-930,,
multimetro,,,,169.78885040000023,2026-05-28T11:37:29.964,2026-05-28T11:52:59.964,-930,787.0,-0.005879279
multimetro,,,,170.00416720000067,2026-05-28T11:37:30.177,2026-05-28T11:53:00.177,-930,788.0,-0.005879405
multimetro,,,,170.21912160000102,2026-05-28T11:37:30.393,2026-05-28T11:53:00.393,-930,789.0,-0.005879394
multimetro,,,,170.43429470000046,2026-05-28T11:37:30.608,2026-05-28T11:53:00.608,-930,790.0,-0.005879478
multimetro,,,,170.64926709999963,2026-05-28T11:37:30.824,2026-05-28T11:53:00.824,-930,791.0,-0.005879467
balanza,338.0,-56.26,,170.77736770000047,2026-05-28T11:37:30.953,2026-05-28T11:53:00.953,-930,,
balanza,339.0,,Error desde Arduino: HX711 not found.,170.8004880999997,2026-05-28T11:37:30.973,2026-05-28T11:53:00.973,-930,,
multimetro,,,,170.86446559999968,2026-05-28T11:37:31.036,2026-05-28T11:53:01.036,-930,792.0,-0.005879562
multimetro,,,,171.0794001000013,2026-05-28T11:37:31.251,2026-05-28T11:53:01.251,-930,793.0,-0.005879771
multimetro,,,,171.29458950000117,2026-05-28T11:37:31.470,2026-05-28T11:53:01.470,-930,794.0,-0.005879855
multimetro,,,,171.50956600000063,2026-05-28T11:37:31.681,2026-05-28T11:53:01.681,-930,795.0,-0.00587975
multimetro,,,,171.7247468000005,2026-05-28T11:37:31.899,2026-05-28T11:53:01.899,-930,796.0,-0.005879865
balanza,340.0,-56.22,,171.7938283000003,2026-05-28T11:37:31.970,2026-05-28T11:53:01.970,-930,,
balanza,341.0,,Error desde Arduino: HX711 not found.,171.81700290000117,2026-05-28T11:37:31.990,2026-05-28T11:53:01.990,-930,,
multimetro,,,,171.93970199999967,2026-05-28T11:37:32.115,2026-05-28T11:53:02.115,-930,797.0,-0.005879761
multimetro,,,,172.15479720000076,2026-05-28T11:37:32.323,2026-05-28T11:53:02.323,-930,798.0,-0.005879708
multimetro,,,,172.36978199999976,2026-05-28T11:37:32.547,2026-05-28T11:53:02.547,-930,799.0,-0.005879834
multimetro,,,,172.58482060000097,2026-05-28T11:37:32.754,2026-05-28T11:53:02.754,-930,800.0,-0.005879949
multimetro,,,,172.79994050000096,2026-05-28T11:37:32.972,2026-05-28T11:53:02.972,-930,801.0,-0.005880054
balanza,342.0,-56.26,,172.81016810000074,2026-05-28T11:37:32.987,2026-05-28T11:53:02.987,-930,,
balanza,343.0,,Error desde Arduino: HX711 not found.,172.8332731999999,2026-05-28T11:37:33.003,2026-05-28T11:53:03.003,-930,,
multimetro,,,,173.0150162000009,2026-05-28T11:37:33.191,2026-05-28T11:53:03.191,-930,802.0,-0.005880263
multimetro,,,,173.23017249999975,2026-05-28T11:37:33.407,2026-05-28T11:53:03.407,-930,803.0,-0.005880514
multimetro,,,,173.44540380000035,2026-05-28T11:37:33.622,2026-05-28T11:53:03.622,-930,804.0,-0.005880493
multimetro,,,,173.66060300000026,2026-05-28T11:37:33.834,2026-05-28T11:53:03.834,-930,805.0,-0.00588065
balanza,344.0,-56.2,,173.8266418000003,2026-05-28T11:37:34.001,2026-05-28T11:53:04.001,-930,,
balanza,345.0,,Error desde Arduino: HX711 not found.,173.84972240000025,2026-05-28T11:37:34.021,2026-05-28T11:53:04.021,-930,,
multimetro,,,,173.87559620000138,2026-05-28T11:37:34.051,2026-05-28T11:53:04.051,-930,806.0,-0.005880629
multimetro,,,,174.0908099999997,2026-05-28T11:37:34.263,2026-05-28T11:53:04.263,-930,807.0,-0.005880734
multimetro,,,,174.30575660000068,2026-05-28T11:37:34.481,2026-05-28T11:53:04.481,-930,808.0,-0.005880912
multimetro,,,,174.5209305999997,2026-05-28T11:37:34.692,2026-05-28T11:53:04.692,-930,809.0,-0.005880902
multimetro,,,,174.73586080000132,2026-05-28T11:37:34.906,2026-05-28T11:53:04.906,-930,810.0,-0.005880923
balanza,346.0,-56.23,,174.84302630000093,2026-05-28T11:37:35.016,2026-05-28T11:53:05.016,-930,,
balanza,347.0,,Error desde Arduino: HX711 not found.,174.8661202000003,2026-05-28T11:37:35.036,2026-05-28T11:53:05.036,-930,,
multimetro,,,,174.95098420000068,2026-05-28T11:37:35.119,2026-05-28T11:53:05.119,-930,811.0,-0.005881006
multimetro,,,,175.16608070000075,2026-05-28T11:37:35.335,2026-05-28T11:53:05.335,-930,812.0,-0.005881069
multimetro,,,,175.38117020000027,2026-05-28T11:37:35.553,2026-05-28T11:53:05.553,-930,813.0,-0.005881059
multimetro,,,,175.59647500000028,2026-05-28T11:37:35.773,2026-05-28T11:53:05.773,-930,814.0,-0.005880944
multimetro,,,,175.81160500000078,2026-05-28T11:37:35.987,2026-05-28T11:53:05.987,-930,815.0,-0.005881069
balanza,348.0,-56.24,,175.85937340000055,2026-05-28T11:37:36.036,2026-05-28T11:53:06.036,-930,,
balanza,349.0,,Error desde Arduino: HX711 not found.,175.88273219999974,2026-05-28T11:37:36.057,2026-05-28T11:53:06.057,-930,,
multimetro,,,,176.02674430000116,2026-05-28T11:37:36.194,2026-05-28T11:53:06.194,-930,816.0,-0.005881195
multimetro,,,,176.24184510000123,2026-05-28T11:37:36.419,2026-05-28T11:53:06.419,-930,817.0,-0.005881289
multimetro,,,,176.45710750000035,2026-05-28T11:37:36.630,2026-05-28T11:53:06.630,-930,818.0,-0.005881038
multimetro,,,,176.6720476999999,2026-05-28T11:37:36.847,2026-05-28T11:53:06.847,-930,819.0,-0.005881027
balanza,350.0,-56.24,,176.87587460000032,2026-05-28T11:37:37.053,2026-05-28T11:53:07.053,-930,,
multimetro,,,,176.88727990000007,2026-05-28T11:37:37.058,2026-05-28T11:53:07.058,-930,820.0,-0.005881101
balanza,351.0,,Error desde Arduino: HX711 not found.,176.89914330000101,2026-05-28T11:37:37.072,2026-05-28T11:53:07.072,-930,,
multimetro,,,,177.10232180000094,2026-05-28T11:37:37.274,2026-05-28T11:53:07.274,-930,821.0,-0.005881341
multimetro,,,,177.3174538000003,2026-05-28T11:37:37.494,2026-05-28T11:53:07.494,-930,822.0,-0.005881488
multimetro,,,,177.53252969999994,2026-05-28T11:37:37.704,2026-05-28T11:53:07.704,-930,823.0,-0.005881362
multimetro,,,,177.74759000000086,2026-05-28T11:37:37.924,2026-05-28T11:53:07.924,-930,824.0,-0.00588109
balanza,352.0,-56.22,,177.89231950000067,2026-05-28T11:37:38.061,2026-05-28T11:53:08.061,-930,,
balanza,353.0,,Error desde Arduino: HX711 not found.,177.914084,2026-05-28T11:37:38.091,2026-05-28T11:53:08.091,-930,,
multimetro,,,,177.96284399999968,2026-05-28T11:37:38.131,2026-05-28T11:53:08.131,-930,825.0,-0.005881027
multimetro,,,,178.17800569999963,2026-05-28T11:37:38.355,2026-05-28T11:53:08.355,-930,826.0,-0.005880996
multimetro,,,,178.3935859000012,2026-05-28T11:37:38.566,2026-05-28T11:53:08.566,-930,827.0,-0.005880954
multimetro,,,,178.60869600000115,2026-05-28T11:37:38.784,2026-05-28T11:53:08.784,-930,828.0,-0.005880891
multimetro,,,,178.82463910000115,2026-05-28T11:37:39.001,2026-05-28T11:53:09.001,-930,829.0,-0.005881111
balanza,354.0,-56.25,,178.90880480000123,2026-05-28T11:37:39.085,2026-05-28T11:53:09.085,-930,,
balanza,355.0,,Error desde Arduino: HX711 not found.,178.93196929999976,2026-05-28T11:37:39.103,2026-05-28T11:53:09.103,-930,,
multimetro,,,,179.0397967000008,2026-05-28T11:37:39.207,2026-05-28T11:53:09.207,-930,830.0,-0.00588108
multimetro,,,,179.25481229999968,2026-05-28T11:37:39.432,2026-05-28T11:53:09.432,-930,831.0,-0.005880923
multimetro,,,,179.46994460000133,2026-05-28T11:37:39.646,2026-05-28T11:53:09.646,-930,832.0,-0.00588109
multimetro,,,,179.6849467000011,2026-05-28T11:37:39.855,2026-05-28T11:53:09.855,-930,833.0,-0.005881362
multimetro,,,,179.90038670000104,2026-05-28T11:37:40.072,2026-05-28T11:53:10.072,-930,834.0,-0.005881478
balanza,356.0,-56.21,,179.92518709999968,2026-05-28T11:37:40.102,2026-05-28T11:53:10.102,-930,,
balanza,357.0,,Error desde Arduino: HX711 not found.,179.94830720000027,2026-05-28T11:37:40.119,2026-05-28T11:53:10.119,-930,,
multimetro,,,,180.11531640000067,2026-05-28T11:37:40.287,2026-05-28T11:53:10.287,-930,835.0,-0.005881467
balanza,358.0,-56.25,,180.94147890000022,2026-05-28T11:37:41.112,2026-05-28T11:53:11.112,-930,,
