sensor,indice_balanza,masa_g,error,tiempo_s,fecha_hora_corregida,fecha_hora_pc_sin_corregir,correccion_reloj_s,indice_multimetro,voltaje_V
multimetro,,,,0.415782300000501,2026-05-28T12:27:28.215,2026-05-28T12:42:58.215,-930,0.0,0.001137089
multimetro,,,,0.6318866000001435,2026-05-28T12:27:28.439,2026-05-28T12:42:58.439,-930,1.0,0.001134933
multimetro,,,,0.8469181999989814,2026-05-28T12:27:28.646,2026-05-28T12:42:58.646,-930,2.0,0.001134964
multimetro,,,,1.062026199999309,2026-05-28T12:27:28.860,2026-05-28T12:42:58.860,-930,3.0,0.001134828
multimetro,,,,1.2770289999989473,2026-05-28T12:27:29.080,2026-05-28T12:42:59.080,-930,4.0,0.001135728
balanza,0.0,,Error desde Arduino: HX711 not found.,1.427840299998934,2026-05-28T12:27:29.231,2026-05-28T12:42:59.231,-930,,
multimetro,,,,1.492149599998811,2026-05-28T12:27:29.292,2026-05-28T12:42:59.292,-930,5.0,0.00113487
multimetro,,,,1.7073044999997364,2026-05-28T12:27:29.506,2026-05-28T12:42:59.506,-930,6.0,0.00113464
multimetro,,,,1.922293499999796,2026-05-28T12:27:29.723,2026-05-28T12:42:59.723,-930,7.0,0.001129059
multimetro,,,,2.137807499999326,2026-05-28T12:27:29.945,2026-05-28T12:42:59.945,-930,8.0,0.001124808
multimetro,,,,2.3528320000004896,2026-05-28T12:27:30.151,2026-05-28T12:43:00.151,-930,9.0,0.001126829
balanza,1.0,0.03,,2.4190493000005517,2026-05-28T12:27:30.222,2026-05-28T12:43:00.222,-930,,
balanza,2.0,,Error desde Arduino: HX711 not found.,2.4423429999988002,2026-05-28T12:27:30.242,2026-05-28T12:43:00.242,-930,,
multimetro,,,,2.567912200000137,2026-05-28T12:27:30.375,2026-05-28T12:43:00.375,-930,10.0,0.001124662
multimetro,,,,2.7828916999987996,2026-05-28T12:27:30.583,2026-05-28T12:43:00.583,-930,11.0,0.001122913
multimetro,,,,2.9981557999999495,2026-05-28T12:27:30.804,2026-05-28T12:43:00.804,-930,12.0,0.001124756
multimetro,,,,3.2132578999990073,2026-05-28T12:27:31.016,2026-05-28T12:43:01.016,-930,13.0,0.001126107
multimetro,,,,3.428338599998824,2026-05-28T12:27:31.226,2026-05-28T12:43:01.226,-930,14.0,0.00112484
balanza,3.0,0.01,,3.4335814000005485,2026-05-28T12:27:31.236,2026-05-28T12:43:01.236,-930,,
balanza,4.0,,Error desde Arduino: HX711 not found.,3.4565717999994376,2026-05-28T12:27:31.256,2026-05-28T12:43:01.256,-930,,
multimetro,,,,3.6433618999999453,2026-05-28T12:27:31.448,2026-05-28T12:43:01.448,-930,15.0,0.001125772
multimetro,,,,3.858465299999807,2026-05-28T12:27:31.661,2026-05-28T12:43:01.661,-930,16.0,0.001127866
multimetro,,,,4.073623099999168,2026-05-28T12:27:31.879,2026-05-28T12:43:01.879,-930,17.0,0.0011264
multimetro,,,,4.288858899999468,2026-05-28T12:27:32.091,2026-05-28T12:43:02.091,-930,18.0,0.001124892
balanza,5.0,-0.01,,4.448979299999337,2026-05-28T12:27:32.252,2026-05-28T12:43:02.252,-930,,
balanza,6.0,-0.01,,4.46108920000006,2026-05-28T12:27:32.262,2026-05-28T12:43:02.262,-930,,
balanza,7.0,,Error desde Arduino: HX711 not found.,4.484193500000401,2026-05-28T12:27:32.282,2026-05-28T12:43:02.282,-930,,
multimetro,,,,4.5041361000003235,2026-05-28T12:27:32.312,2026-05-28T12:43:02.312,-930,19.0,0.001129771
multimetro,,,,4.719242799999847,2026-05-28T12:27:32.522,2026-05-28T12:43:02.522,-930,20.0,0.001130619
multimetro,,,,4.934456099999807,2026-05-28T12:27:32.739,2026-05-28T12:43:02.739,-930,21.0,0.001130389
multimetro,,,,5.149498900000253,2026-05-28T12:27:32.951,2026-05-28T12:43:02.951,-930,22.0,0.001128316
multimetro,,,,5.364544899999601,2026-05-28T12:27:33.171,2026-05-28T12:43:03.171,-930,23.0,0.001127719
balanza,8.0,-0.01,,5.476612599999498,2026-05-28T12:27:33.282,2026-05-28T12:43:03.282,-930,,
balanza,9.0,,Error desde Arduino: HX711 not found.,5.499707699998908,2026-05-28T12:27:33.302,2026-05-28T12:43:03.302,-930,,
multimetro,,,,5.5796143999996275,2026-05-28T12:27:33.382,2026-05-28T12:43:03.382,-930,24.0,0.001125269
multimetro,,,,5.794476199998826,2026-05-28T12:27:33.598,2026-05-28T12:43:03.598,-930,25.0,0.001124787
multimetro,,,,6.009431299999051,2026-05-28T12:27:33.809,2026-05-28T12:43:03.809,-930,26.0,0.001122526
multimetro,,,,6.22445130000051,2026-05-28T12:27:34.032,2026-05-28T12:43:04.032,-930,27.0,0.001123845
multimetro,,,,6.439537399999608,2026-05-28T12:27:34.241,2026-05-28T12:43:04.241,-930,28.0,0.001116736
balanza,10.0,22.18,,6.492186899999069,2026-05-28T12:27:34.291,2026-05-28T12:43:04.291,-930,,
balanza,11.0,,Error desde Arduino: HX711 not found.,6.515369099999589,2026-05-28T12:27:34.321,2026-05-28T12:43:04.321,-930,,
multimetro,,,,6.654647499999555,2026-05-28T12:27:34.459,2026-05-28T12:43:04.459,-930,29.0,0.001105921
multimetro,,,,6.8697508000004746,2026-05-28T12:27:34.675,2026-05-28T12:43:04.675,-930,30.0,0.001040579
multimetro,,,,7.084805399999823,2026-05-28T12:27:34.886,2026-05-28T12:43:04.886,-930,31.0,0.001086007
multimetro,,,,7.29995339999914,2026-05-28T12:27:35.099,2026-05-28T12:43:05.099,-930,32.0,0.001051059
balanza,12.0,29.59,,7.507734700000583,2026-05-28T12:27:35.312,2026-05-28T12:43:05.312,-930,,
multimetro,,,,7.514779400000407,2026-05-28T12:27:35.322,2026-05-28T12:43:05.322,-930,33.0,0.00107136
balanza,13.0,,Error desde Arduino: HX711 not found.,7.5318091999997705,2026-05-28T12:27:35.339,2026-05-28T12:43:05.339,-930,,
multimetro,,,,7.730078999999023,2026-05-28T12:27:35.529,2026-05-28T12:43:05.529,-930,34.0,0.001040799
multimetro,,,,7.94509189999917,2026-05-28T12:27:35.745,2026-05-28T12:43:05.745,-930,35.0,0.001008751
multimetro,,,,8.170620299999428,2026-05-28T12:27:35.988,2026-05-28T12:43:05.988,-930,36.0,0.000997067
multimetro,,,,8.395606199999747,2026-05-28T12:27:36.195,2026-05-28T12:43:06.195,-930,37.0,0.001009264
balanza,14.0,30.94,,8.524489899999026,2026-05-28T12:27:36.329,2026-05-28T12:43:06.329,-930,,
balanza,15.0,,Error desde Arduino: HX711 not found.,8.547947799999747,2026-05-28T12:27:36.355,2026-05-28T12:43:06.355,-930,,
multimetro,,,,8.610519699999713,2026-05-28T12:27:36.412,2026-05-28T12:43:06.412,-930,38.0,0.000969102
multimetro,,,,8.825469100000191,2026-05-28T12:27:36.629,2026-05-28T12:43:06.629,-930,39.0,0.000957072
multimetro,,,,9.040594000000056,2026-05-28T12:27:36.845,2026-05-28T12:43:06.845,-930,40.0,0.000956517
multimetro,,,,9.255765500000052,2026-05-28T12:27:37.062,2026-05-28T12:43:07.062,-930,41.0,0.000938007
multimetro,,,,9.470643499998914,2026-05-28T12:27:37.278,2026-05-28T12:43:07.278,-930,42.0,0.000914492
balanza,16.0,26.44,,9.540419200000542,2026-05-28T12:27:37.345,2026-05-28T12:43:07.345,-930,,
balanza,17.0,,Error desde Arduino: HX711 not found.,9.563675100000182,2026-05-28T12:27:37.362,2026-05-28T12:43:07.362,-930,,
multimetro,,,,9.685693299999912,2026-05-28T12:27:37.488,2026-05-28T12:43:07.488,-930,43.0,0.000893542
multimetro,,,,9.900672399999166,2026-05-28T12:27:37.705,2026-05-28T12:43:07.705,-930,44.0,0.00087455
multimetro,,,,10.115580800000316,2026-05-28T12:27:37.922,2026-05-28T12:43:07.922,-930,45.0,0.000855432
multimetro,,,,10.330591699999786,2026-05-28T12:27:38.129,2026-05-28T12:43:08.129,-930,46.0,0.000838597
multimetro,,,,10.545620400000189,2026-05-28T12:27:38.345,2026-05-28T12:43:08.345,-930,47.0,0.000820903
balanza,18.0,22.1,,10.556066600000122,2026-05-28T12:27:38.362,2026-05-28T12:43:08.362,-930,,
balanza,19.0,,Error desde Arduino: HX711 not found.,10.57940310000049,2026-05-28T12:27:38.384,2026-05-28T12:43:08.384,-930,,
multimetro,,,,10.760668299999452,2026-05-28T12:27:38.562,2026-05-28T12:43:08.562,-930,48.0,0.000801356
multimetro,,,,10.975787699999273,2026-05-28T12:27:38.778,2026-05-28T12:43:08.778,-930,49.0,0.000782123
multimetro,,,,11.190711699999156,2026-05-28T12:27:38.995,2026-05-28T12:43:08.995,-930,50.0,0.000762021
multimetro,,,,11.40570359999947,2026-05-28T12:27:39.212,2026-05-28T12:43:09.212,-930,51.0,0.000740013
balanza,20.0,18.95,,11.57182019999891,2026-05-28T12:27:39.379,2026-05-28T12:43:09.379,-930,,
balanza,21.0,18.78,,11.58407679999982,2026-05-28T12:27:39.388,2026-05-28T12:43:09.388,-930,,
balanza,22.0,,Error desde Arduino: HX711 not found.,11.607342899998912,2026-05-28T12:27:39.412,2026-05-28T12:43:09.412,-930,,
multimetro,,,,11.620732100000168,2026-05-28T12:27:39.428,2026-05-28T12:43:09.428,-930,52.0,0.000718288
multimetro,,,,11.835764100000233,2026-05-28T12:27:39.639,2026-05-28T12:43:09.639,-930,53.0,0.000699286
multimetro,,,,12.050709999999526,2026-05-28T12:27:39.855,2026-05-28T12:43:09.855,-930,54.0,0.000677509
multimetro,,,,12.265640300000086,2026-05-28T12:27:40.072,2026-05-28T12:43:10.072,-930,55.0,0.0006568
multimetro,,,,12.48083349999979,2026-05-28T12:27:40.288,2026-05-28T12:43:10.288,-930,56.0,0.000635766
balanza,23.0,17.69,,12.599741099998937,2026-05-28T12:27:40.405,2026-05-28T12:43:10.405,-930,,
balanza,24.0,,Error desde Arduino: HX711 not found.,12.623115799999141,2026-05-28T12:27:40.429,2026-05-28T12:43:10.429,-930,,
multimetro,,,,12.695582099999228,2026-05-28T12:27:40.497,2026-05-28T12:43:10.497,-930,57.0,0.000615528
multimetro,,,,12.910530299999664,2026-05-28T12:27:40.712,2026-05-28T12:43:10.712,-930,58.0,0.000592756
multimetro,,,,13.125609499998973,2026-05-28T12:27:40.929,2026-05-28T12:43:10.929,-930,59.0,0.000572528
multimetro,,,,13.340703399999256,2026-05-28T12:27:41.145,2026-05-28T12:43:11.145,-930,60.0,0.000552269
multimetro,,,,13.555660899999566,2026-05-28T12:27:41.362,2026-05-28T12:43:11.362,-930,61.0,0.000531477
balanza,25.0,15.11,,13.615481200000431,2026-05-28T12:27:41.422,2026-05-28T12:43:11.422,-930,,
balanza,26.0,,Error desde Arduino: HX711 not found.,13.638765100000455,2026-05-28T12:27:41.446,2026-05-28T12:43:11.446,-930,,
multimetro,,,,13.770651499999076,2026-05-28T12:27:41.578,2026-05-28T12:43:11.578,-930,62.0,0.000510663
multimetro,,,,13.985717999999906,2026-05-28T12:27:41.789,2026-05-28T12:43:11.789,-930,63.0,0.000491335
multimetro,,,,14.200653099998817,2026-05-28T12:27:42.005,2026-05-28T12:43:12.005,-930,64.0,0.000470919
multimetro,,,,14.41560489999938,2026-05-28T12:27:42.222,2026-05-28T12:43:12.222,-930,65.0,0.000450755
multimetro,,,,14.630869200000234,2026-05-28T12:27:42.438,2026-05-28T12:43:12.438,-930,66.0,0.000428663
balanza,27.0,12.18,,14.631313399999271,2026-05-28T12:27:42.438,2026-05-28T12:43:12.438,-930,,
balanza,28.0,,Error desde Arduino: HX711 not found.,14.653065599999536,2026-05-28T12:27:42.459,2026-05-28T12:43:12.459,-930,,
multimetro,,,,14.845806799999991,2026-05-28T12:27:42.645,2026-05-28T12:43:12.645,-930,67.0,0.000408624
multimetro,,,,15.06086569999934,2026-05-28T12:27:42.864,2026-05-28T12:43:12.864,-930,68.0,0.000387737
multimetro,,,,15.275694199999634,2026-05-28T12:27:43.079,2026-05-28T12:43:13.079,-930,69.0,0.000367572
multimetro,,,,15.490502499998911,2026-05-28T12:27:43.295,2026-05-28T12:43:13.295,-930,70.0,0.000349072
balanza,29.0,10.7,,15.64687589999994,2026-05-28T12:27:43.449,2026-05-28T12:43:13.449,-930,,
balanza,30.0,,Error desde Arduino: HX711 not found.,15.66992620000019,2026-05-28T12:27:43.472,2026-05-28T12:43:13.472,-930,,
multimetro,,,,15.705360699999801,2026-05-28T12:27:43.512,2026-05-28T12:43:13.512,-930,71.0,0.000327651
multimetro,,,,15.92025029999968,2026-05-28T12:27:43.722,2026-05-28T12:43:13.722,-930,72.0,0.000308554
multimetro,,,,16.135072699999,2026-05-28T12:27:43.939,2026-05-28T12:43:13.939,-930,73.0,0.000282914
multimetro,,,,16.350020399999266,2026-05-28T12:27:44.155,2026-05-28T12:43:14.155,-930,74.0,0.000264068
multimetro,,,,16.564733199998955,2026-05-28T12:27:44.371,2026-05-28T12:43:14.371,-930,75.0,0.00024649
balanza,31.0,9.49,,16.661401499999556,2026-05-28T12:27:44.462,2026-05-28T12:43:14.462,-930,,
balanza,32.0,,Error desde Arduino: HX711 not found.,16.684516899998926,2026-05-28T12:27:44.488,2026-05-28T12:43:14.488,-930,,
multimetro,,,,16.779833200000212,2026-05-28T12:27:44.579,2026-05-28T12:43:14.579,-930,76.0,0.000226963
multimetro,,,,16.994857599998795,2026-05-28T12:27:44.795,2026-05-28T12:43:14.795,-930,77.0,0.000207751
multimetro,,,,17.20980839999902,2026-05-28T12:27:45.012,2026-05-28T12:43:15.012,-930,78.0,0.000185912
multimetro,,,,17.42485829999896,2026-05-28T12:27:45.229,2026-05-28T12:43:15.229,-930,79.0,0.000162009
multimetro,,,,17.639621799999077,2026-05-28T12:27:45.447,2026-05-28T12:43:15.447,-930,80.0,0.000146399
balanza,33.0,8.39,,17.6760033999999,2026-05-28T12:27:45.479,2026-05-28T12:43:15.479,-930,,
balanza,34.0,,Error desde Arduino: HX711 not found.,17.699102099999436,2026-05-28T12:27:45.505,2026-05-28T12:43:15.505,-930,,
multimetro,,,,17.854661999999735,2026-05-28T12:27:45.662,2026-05-28T12:43:15.662,-930,81.0,0.000128799
multimetro,,,,18.06971799999883,2026-05-28T12:27:45.871,2026-05-28T12:43:15.871,-930,82.0,0.000114298
multimetro,,,,18.2847055000002,2026-05-28T12:27:46.088,2026-05-28T12:43:16.088,-930,83.0,9.5966e-05
multimetro,,,,18.499417099999846,2026-05-28T12:27:46.305,2026-05-28T12:43:16.305,-930,84.0,7.4963e-05
balanza,35.0,7.66,,18.690627899999527,2026-05-28T12:27:46.495,2026-05-28T12:43:16.495,-930,,
balanza,36.0,,Error desde Arduino: HX711 not found.,18.713631099999475,2026-05-28T12:27:46.512,2026-05-28T12:43:16.512,-930,,
multimetro,,,,18.71447739999894,2026-05-28T12:27:46.512,2026-05-28T12:43:16.512,-930,85.0,5.616e-05
multimetro,,,,18.929353600000468,2026-05-28T12:27:46.729,2026-05-28T12:43:16.729,-930,86.0,3.5252e-05
multimetro,,,,19.144529999999577,2026-05-28T12:27:46.949,2026-05-28T12:43:16.949,-930,87.0,-3.66e-07
multimetro,,,,19.359480999999505,2026-05-28T12:27:47.162,2026-05-28T12:43:17.162,-930,88.0,-1.9872e-05
multimetro,,,,19.57460919999903,2026-05-28T12:27:47.381,2026-05-28T12:43:17.381,-930,89.0,-4.503e-05
balanza,37.0,5.39,,19.70502420000048,2026-05-28T12:27:47.512,2026-05-28T12:43:17.512,-930,,
balanza,38.0,,Error desde Arduino: HX711 not found.,19.72832969999945,2026-05-28T12:27:47.529,2026-05-28T12:43:17.529,-930,,
multimetro,,,,19.789837099999204,2026-05-28T12:27:47.595,2026-05-28T12:43:17.595,-930,90.0,-7.0985e-05
multimetro,,,,20.004875299999185,2026-05-28T12:27:47.812,2026-05-28T12:43:17.812,-930,91.0,-9.4406e-05
multimetro,,,,20.219895500000348,2026-05-28T12:27:48.023,2026-05-28T12:43:18.023,-930,92.0,-0.000106833
multimetro,,,,20.434950699998808,2026-05-28T12:27:48.239,2026-05-28T12:43:18.239,-930,93.0,-0.000134725
multimetro,,,,20.650007799999003,2026-05-28T12:27:48.450,2026-05-28T12:43:18.450,-930,94.0,-0.000154282
balanza,39.0,4.26,,20.719439799999236,2026-05-28T12:27:48.522,2026-05-28T12:43:18.522,-930,,
balanza,40.0,,Error desde Arduino: HX711 not found.,20.742763299998842,2026-05-28T12:27:48.545,2026-05-28T12:43:18.545,-930,,
multimetro,,,,20.865187199999127,2026-05-28T12:27:48.672,2026-05-28T12:43:18.672,-930,95.0,-0.000156083
multimetro,,,,21.080187800000203,2026-05-28T12:27:48.879,2026-05-28T12:43:18.879,-930,96.0,-0.000167014
multimetro,,,,21.295128300000215,2026-05-28T12:27:49.095,2026-05-28T12:43:19.095,-930,97.0,-0.000187283
multimetro,,,,21.51021109999965,2026-05-28T12:27:49.312,2026-05-28T12:43:19.312,-930,98.0,-0.000218598
multimetro,,,,21.725288899999214,2026-05-28T12:27:49.529,2026-05-28T12:43:19.529,-930,99.0,-0.00023202
balanza,41.0,4.29,,21.7339422999994,2026-05-28T12:27:49.538,2026-05-28T12:43:19.538,-930,,
balanza,42.0,,Error desde Arduino: HX711 not found.,21.757152599999245,2026-05-28T12:27:49.562,2026-05-28T12:43:19.562,-930,,
multimetro,,,,21.940439699999843,2026-05-28T12:27:49.745,2026-05-28T12:43:19.745,-930,100.0,-0.000242145
multimetro,,,,22.155435799999395,2026-05-28T12:27:49.962,2026-05-28T12:43:19.962,-930,101.0,-0.000260948
multimetro,,,,22.37044640000022,2026-05-28T12:27:50.172,2026-05-28T12:43:20.172,-930,102.0,-0.000294661
multimetro,,,,22.5855262999994,2026-05-28T12:27:50.389,2026-05-28T12:43:20.389,-930,103.0,-0.000305372
balanza,43.0,1.26,,22.74841749999905,2026-05-28T12:27:50.554,2026-05-28T12:43:20.554,-930,,
balanza,44.0,,Error desde Arduino: HX711 not found.,22.771442299999762,2026-05-28T12:27:50.578,2026-05-28T12:43:20.578,-930,,
multimetro,,,,22.80056549999972,2026-05-28T12:27:50.605,2026-05-28T12:43:20.605,-930,104.0,-0.000328593
multimetro,,,,23.01540179999938,2026-05-28T12:27:50.822,2026-05-28T12:43:20.822,-930,105.0,-0.000350779
multimetro,,,,23.230521299999964,2026-05-28T12:27:51.029,2026-05-28T12:43:21.029,-930,106.0,-0.000368075
multimetro,,,,23.445660499999576,2026-05-28T12:27:51.245,2026-05-28T12:43:21.245,-930,107.0,-0.000390836
multimetro,,,,23.660564499999964,2026-05-28T12:27:51.462,2026-05-28T12:43:21.462,-930,108.0,-0.000412205
balanza,45.0,1.62,,23.762885899999674,2026-05-28T12:27:51.562,2026-05-28T12:43:21.562,-930,,
balanza,46.0,,Error desde Arduino: HX711 not found.,23.78599790000044,2026-05-28T12:27:51.589,2026-05-28T12:43:21.589,-930,,
multimetro,,,,23.875437099999544,2026-05-28T12:27:51.679,2026-05-28T12:43:21.679,-930,109.0,-0.00042301
multimetro,,,,24.090432999999393,2026-05-28T12:27:51.896,2026-05-28T12:43:21.896,-930,110.0,-0.000427616
multimetro,,,,24.305401199999324,2026-05-28T12:27:52.112,2026-05-28T12:43:22.112,-930,111.0,-0.000443405
multimetro,,,,24.520556800000122,2026-05-28T12:27:52.328,2026-05-28T12:43:22.328,-930,112.0,-0.00047094
multimetro,,,,24.735785299999407,2026-05-28T12:27:52.543,2026-05-28T12:43:22.543,-930,113.0,-0.000489147
balanza,47.0,-1.41,,24.778333599999314,2026-05-28T12:27:52.579,2026-05-28T12:43:22.579,-930,,
balanza,48.0,1.13,,24.7893839999997,2026-05-28T12:27:52.596,2026-05-28T12:43:22.596,-930,,
balanza,49.0,,Error desde Arduino: HX711 not found.,24.812732099999266,2026-05-28T12:27:52.612,2026-05-28T12:43:22.612,-930,,
multimetro,,,,24.950684600000386,2026-05-28T12:27:52.755,2026-05-28T12:43:22.755,-930,114.0,-0.00050927
multimetro,,,,25.1657512999991,2026-05-28T12:27:52.972,2026-05-28T12:43:22.972,-930,115.0,-0.000529351
multimetro,,,,25.380987099999402,2026-05-28T12:27:53.189,2026-05-28T12:43:23.189,-930,116.0,-0.000551055
multimetro,,,,25.596107800000027,2026-05-28T12:27:53.396,2026-05-28T12:43:23.396,-930,117.0,-0.000556258
balanza,50.0,-1.32,,25.80482999999913,2026-05-28T12:27:53.612,2026-05-28T12:43:23.612,-930,,
multimetro,,,,25.811100900000383,2026-05-28T12:27:53.615,2026-05-28T12:43:23.615,-930,118.0,-0.000575502
balanza,51.0,,Error desde Arduino: HX711 not found.,25.82799049999994,2026-05-28T12:27:53.635,2026-05-28T12:43:23.635,-930,,
multimetro,,,,26.026092099999005,2026-05-28T12:27:53.833,2026-05-28T12:43:23.833,-930,119.0,-0.000583794
multimetro,,,,26.24127790000057,2026-05-28T12:27:54.045,2026-05-28T12:43:24.045,-930,120.0,-0.000599101
multimetro,,,,26.456394400000136,2026-05-28T12:27:54.262,2026-05-28T12:43:24.262,-930,121.0,-0.000611162
multimetro,,,,26.671446399999695,2026-05-28T12:27:54.478,2026-05-28T12:43:24.478,-930,122.0,-0.000621579
balanza,52.0,-2.03,,26.82051820000015,2026-05-28T12:27:54.628,2026-05-28T12:43:24.628,-930,,
balanza,53.0,,Error desde Arduino: HX711 not found.,26.843714599999657,2026-05-28T12:27:54.645,2026-05-28T12:43:24.645,-930,,
multimetro,,,,26.88653549999981,2026-05-28T12:27:54.688,2026-05-28T12:43:24.688,-930,123.0,-0.000650256
multimetro,,,,27.101553000000422,2026-05-28T12:27:54.905,2026-05-28T12:43:24.905,-930,124.0,-0.000675991
multimetro,,,,27.31672450000042,2026-05-28T12:27:55.123,2026-05-28T12:43:25.123,-930,125.0,-0.000689162
multimetro,,,,27.53200139999899,2026-05-28T12:27:55.331,2026-05-28T12:43:25.331,-930,126.0,-0.000697202
multimetro,,,,27.746869399999923,2026-05-28T12:27:55.545,2026-05-28T12:43:25.545,-930,127.0,-0.00073081
balanza,54.0,-2.95,,27.83589589999974,2026-05-28T12:27:55.643,2026-05-28T12:43:25.643,-930,,
balanza,55.0,,Error desde Arduino: HX711 not found.,27.859098699998867,2026-05-28T12:27:55.662,2026-05-28T12:43:25.662,-930,,
multimetro,,,,27.961977699998897,2026-05-28T12:27:55.762,2026-05-28T12:43:25.762,-930,128.0,-0.00075154
multimetro,,,,28.177140699999654,2026-05-28T12:27:55.979,2026-05-28T12:43:25.979,-930,129.0,-0.000770878
multimetro,,,,28.392263300000195,2026-05-28T12:27:56.196,2026-05-28T12:43:26.196,-930,130.0,-0.000787033
multimetro,,,,28.607042999999976,2026-05-28T12:27:56.412,2026-05-28T12:43:26.412,-930,131.0,-0.000801544
multimetro,,,,28.822053899999446,2026-05-28T12:27:56.629,2026-05-28T12:43:26.629,-930,132.0,-0.000813459
balanza,56.0,-4.05,,28.85127629999988,2026-05-28T12:27:56.655,2026-05-28T12:43:26.655,-930,,
balanza,57.0,,Error desde Arduino: HX711 not found.,28.87437080000018,2026-05-28T12:27:56.678,2026-05-28T12:43:26.678,-930,,
multimetro,,,,29.0369668000003,2026-05-28T12:27:56.844,2026-05-28T12:43:26.844,-930,133.0,-0.000835267
multimetro,,,,29.252068599998893,2026-05-28T12:27:57.055,2026-05-28T12:43:27.055,-930,134.0,-0.000857463
multimetro,,,,29.467012499999328,2026-05-28T12:27:57.272,2026-05-28T12:43:27.272,-930,135.0,-0.000878308
multimetro,,,,29.682113200000458,2026-05-28T12:27:57.489,2026-05-28T12:43:27.489,-930,136.0,-0.000899646
balanza,58.0,-5.01,,29.86664810000002,2026-05-28T12:27:57.671,2026-05-28T12:43:27.671,-930,,
balanza,59.0,,Error desde Arduino: HX711 not found.,29.889979399998992,2026-05-28T12:27:57.696,2026-05-28T12:43:27.696,-930,,
multimetro,,,,29.897716699999364,2026-05-28T12:27:57.705,2026-05-28T12:43:27.705,-930,137.0,-0.000908084
multimetro,,,,30.11281079999935,2026-05-28T12:27:57.912,2026-05-28T12:43:27.912,-930,138.0,-0.000921538
multimetro,,,,30.328080499999487,2026-05-28T12:27:58.135,2026-05-28T12:43:28.135,-930,139.0,-0.00092783
multimetro,,,,30.542946399998982,2026-05-28T12:27:58.345,2026-05-28T12:43:28.345,-930,140.0,-0.000949942
multimetro,,,,30.75815259999945,2026-05-28T12:27:58.562,2026-05-28T12:43:28.562,-930,141.0,-0.000952801
balanza,60.0,-6.02,,30.882094900000084,2026-05-28T12:27:58.689,2026-05-28T12:43:28.689,-930,,
balanza,61.0,,Error desde Arduino: HX711 not found.,30.90515889999915,2026-05-28T12:27:58.712,2026-05-28T12:43:28.712,-930,,
multimetro,,,,30.973249900000155,2026-05-28T12:27:58.779,2026-05-28T12:43:28.779,-930,142.0,-0.000968924
multimetro,,,,31.18832459999976,2026-05-28T12:27:58.995,2026-05-28T12:43:28.995,-930,143.0,-0.000975028
multimetro,,,,31.40322059999926,2026-05-28T12:27:59.205,2026-05-28T12:43:29.205,-930,144.0,-0.000977761
multimetro,,,,31.61836939999921,2026-05-28T12:27:59.422,2026-05-28T12:43:29.422,-930,145.0,-0.000988934
multimetro,,,,31.833392999998978,2026-05-28T12:27:59.640,2026-05-28T12:43:29.640,-930,146.0,-0.001003696
balanza,62.0,-7.89,,31.89766409999902,2026-05-28T12:27:59.705,2026-05-28T12:43:29.705,-930,,
balanza,63.0,,Error desde Arduino: HX711 not found.,31.92093279999972,2026-05-28T12:27:59.728,2026-05-28T12:43:29.728,-930,,
multimetro,,,,32.04840390000027,2026-05-28T12:27:59.855,2026-05-28T12:43:29.855,-930,147.0,-0.001019704
multimetro,,,,32.2633894999999,2026-05-28T12:28:00.062,2026-05-28T12:43:30.062,-930,148.0,-0.001042853
multimetro,,,,32.478455000000395,2026-05-28T12:28:00.278,2026-05-28T12:43:30.278,-930,149.0,-0.001061751
multimetro,,,,32.693571100000554,2026-05-28T12:28:00.496,2026-05-28T12:43:30.496,-930,150.0,-0.001081884
multimetro,,,,32.908796300000176,2026-05-28T12:28:00.712,2026-05-28T12:43:30.712,-930,151.0,-0.001096019
balanza,64.0,-7.3,,32.9131481000004,2026-05-28T12:28:00.712,2026-05-28T12:43:30.712,-930,,
balanza,65.0,,Error desde Arduino: HX711 not found.,32.93631920000007,2026-05-28T12:28:00.743,2026-05-28T12:43:30.743,-930,,
multimetro,,,,33.12392170000021,2026-05-28T12:28:00.931,2026-05-28T12:43:30.931,-930,152.0,-0.00110808
multimetro,,,,33.33901809999952,2026-05-28T12:28:01.145,2026-05-28T12:43:31.145,-930,153.0,-0.001123742
multimetro,,,,33.55411379999896,2026-05-28T12:28:01.361,2026-05-28T12:43:31.361,-930,154.0,-0.001152733
multimetro,,,,33.769430000000284,2026-05-28T12:28:01.572,2026-05-28T12:43:31.572,-930,155.0,-0.001169872
balanza,66.0,-8.71,,33.92855529999906,2026-05-28T12:28:01.736,2026-05-28T12:43:31.736,-930,,
balanza,67.0,,Error desde Arduino: HX711 not found.,33.95160829999986,2026-05-28T12:28:01.758,2026-05-28T12:43:31.758,-930,,
multimetro,,,,33.98452519999955,2026-05-28T12:28:01.789,2026-05-28T12:43:31.789,-930,156.0,-0.001196151
multimetro,,,,34.19948959999965,2026-05-28T12:28:02.005,2026-05-28T12:43:32.005,-930,157.0,-0.001220096
multimetro,,,,34.41468299999906,2026-05-28T12:28:02.222,2026-05-28T12:43:32.222,-930,158.0,-0.001239863
multimetro,,,,34.629633299999114,2026-05-28T12:28:02.437,2026-05-28T12:43:32.437,-930,159.0,-0.001251474
multimetro,,,,34.84479189999911,2026-05-28T12:28:02.645,2026-05-28T12:43:32.645,-930,160.0,-0.001268686
balanza,68.0,-10.06,,34.94493399999919,2026-05-28T12:28:02.747,2026-05-28T12:43:32.747,-930,,
balanza,69.0,,Error desde Arduino: HX711 not found.,34.96798320000016,2026-05-28T12:28:02.772,2026-05-28T12:43:32.772,-930,,
multimetro,,,,35.059893999999986,2026-05-28T12:28:02.862,2026-05-28T12:43:32.862,-930,161.0,-0.001286076
multimetro,,,,35.27503350000006,2026-05-28T12:28:03.078,2026-05-28T12:43:33.078,-930,162.0,-0.001305487
multimetro,,,,35.49014089999946,2026-05-28T12:28:03.297,2026-05-28T12:43:33.297,-930,163.0,-0.001326489
multimetro,,,,35.70530999999937,2026-05-28T12:28:03.512,2026-05-28T12:43:33.512,-930,164.0,-0.001341587
multimetro,,,,35.920542099998784,2026-05-28T12:28:03.728,2026-05-28T12:43:33.728,-930,165.0,-0.001355145
balanza,70.0,-10.77,,35.961354400000346,2026-05-28T12:28:03.763,2026-05-28T12:43:33.763,-930,,
balanza,71.0,,Error desde Arduino: HX711 not found.,35.984679099999994,2026-05-28T12:28:03.788,2026-05-28T12:43:33.788,-930,,
multimetro,,,,36.13562230000025,2026-05-28T12:28:03.943,2026-05-28T12:43:33.943,-930,166.0,-0.001369039
multimetro,,,,36.35069339999973,2026-05-28T12:28:04.155,2026-05-28T12:43:34.155,-930,167.0,-0.001373928
multimetro,,,,36.565967000000455,2026-05-28T12:28:04.372,2026-05-28T12:43:34.372,-930,168.0,-0.00139069
multimetro,,,,36.78126549999979,2026-05-28T12:28:04.589,2026-05-28T12:43:34.589,-930,169.0,-0.001402678
balanza,72.0,-11.69,,36.9778038000004,2026-05-28T12:28:04.778,2026-05-28T12:43:34.778,-930,,
multimetro,,,,36.99630590000015,2026-05-28T12:28:04.797,2026-05-28T12:43:34.797,-930,170.0,-0.001413357
balanza,73.0,,Error desde Arduino: HX711 not found.,37.00084919999972,2026-05-28T12:28:04.805,2026-05-28T12:43:34.805,-930,,
multimetro,,,,37.211410500000056,2026-05-28T12:28:05.012,2026-05-28T12:43:35.012,-930,171.0,-0.001429931
multimetro,,,,37.42636909999965,2026-05-28T12:28:05.234,2026-05-28T12:43:35.234,-930,172.0,-0.001435584
multimetro,,,,37.641578599999775,2026-05-28T12:28:05.449,2026-05-28T12:43:35.449,-930,173.0,-0.001440819
multimetro,,,,37.85658549999971,2026-05-28T12:28:05.662,2026-05-28T12:43:35.662,-930,174.0,-0.001450399
balanza,74.0,-12.25,,37.99425599999995,2026-05-28T12:28:05.797,2026-05-28T12:43:35.797,-930,,
balanza,75.0,,Error desde Arduino: HX711 not found.,38.01731959999961,2026-05-28T12:28:05.822,2026-05-28T12:43:35.822,-930,,
multimetro,,,,38.07171170000038,2026-05-28T12:28:05.878,2026-05-28T12:43:35.878,-930,175.0,-0.001458586
multimetro,,,,38.286837800000285,2026-05-28T12:28:06.089,2026-05-28T12:43:36.089,-930,176.0,-0.001473485
multimetro,,,,38.50193959999888,2026-05-28T12:28:06.305,2026-05-28T12:43:36.305,-930,177.0,-0.001487619
multimetro,,,,38.71730120000029,2026-05-28T12:28:06.522,2026-05-28T12:43:36.522,-930,178.0,-0.001501188
multimetro,,,,38.932199499999115,2026-05-28T12:28:06.739,2026-05-28T12:43:36.739,-930,179.0,-0.001515542
balanza,76.0,-13.19,,39.01082560000032,2026-05-28T12:28:06.812,2026-05-28T12:43:36.812,-930,,
balanza,77.0,,Error desde Arduino: HX711 not found.,39.03388880000057,2026-05-28T12:28:06.841,2026-05-28T12:43:36.841,-930,,
multimetro,,,,39.14729919999991,2026-05-28T12:28:06.949,2026-05-28T12:43:36.949,-930,180.0,-0.001531247
multimetro,,,,39.36257209999894,2026-05-28T12:28:07.162,2026-05-28T12:43:37.162,-930,181.0,-0.001543036
multimetro,,,,39.57779800000026,2026-05-28T12:28:07.380,2026-05-28T12:43:37.380,-930,182.0,-0.001560499
multimetro,,,,39.79274429999896,2026-05-28T12:28:07.598,2026-05-28T12:43:37.598,-930,183.0,-0.001576476
multimetro,,,,40.00807729999906,2026-05-28T12:28:07.812,2026-05-28T12:43:37.812,-930,184.0,-0.001591908
balanza,78.0,-14.8,,40.027264999998806,2026-05-28T12:28:07.835,2026-05-28T12:43:37.835,-930,,
balanza,79.0,,Error desde Arduino: HX711 not found.,40.05053829999997,2026-05-28T12:28:07.855,2026-05-28T12:43:37.855,-930,,
multimetro,,,,40.22306149999895,2026-05-28T12:28:08.030,2026-05-28T12:43:38.030,-930,185.0,-0.001605833
multimetro,,,,40.43804359999922,2026-05-28T12:28:08.245,2026-05-28T12:43:38.245,-930,186.0,-0.001620784
multimetro,,,,40.65306950000013,2026-05-28T12:28:08.459,2026-05-28T12:43:38.459,-930,187.0,-0.001631882
multimetro,,,,40.8682362999989,2026-05-28T12:28:08.671,2026-05-28T12:43:38.671,-930,188.0,-0.001646351
balanza,80.0,-14.64,,41.04373469999882,2026-05-28T12:28:08.845,2026-05-28T12:43:38.845,-930,,
balanza,81.0,-15.17,,41.05707409999923,2026-05-28T12:28:08.862,2026-05-28T12:43:38.862,-930,,
balanza,82.0,,Error desde Arduino: HX711 not found.,41.08038409999972,2026-05-28T12:28:08.888,2026-05-28T12:43:38.888,-930,,
multimetro,,,,41.083342199999606,2026-05-28T12:28:08.888,2026-05-28T12:43:38.888,-930,189.0,-0.001659218
multimetro,,,,41.298447600000145,2026-05-28T12:28:09.105,2026-05-28T12:43:39.105,-930,190.0,-0.001674766
multimetro,,,,41.513960000000225,2026-05-28T12:28:09.321,2026-05-28T12:43:39.321,-930,191.0,-0.001690439
multimetro,,,,41.729008299998895,2026-05-28T12:28:09.536,2026-05-28T12:43:39.536,-930,192.0,-0.001712541
multimetro,,,,41.944088700000066,2026-05-28T12:28:09.745,2026-05-28T12:43:39.745,-930,193.0,-0.001734705
balanza,83.0,-15.34,,42.07356179999988,2026-05-28T12:28:09.878,2026-05-28T12:43:39.878,-930,,
balanza,84.0,,Error desde Arduino: HX711 not found.,42.096682299999884,2026-05-28T12:28:09.898,2026-05-28T12:43:39.898,-930,,
multimetro,,,,42.15909060000013,2026-05-28T12:28:09.962,2026-05-28T12:43:39.962,-930,194.0,-0.001747929
multimetro,,,,42.37415560000045,2026-05-28T12:28:10.178,2026-05-28T12:43:40.178,-930,195.0,-0.001763309
multimetro,,,,42.589363900000535,2026-05-28T12:28:10.395,2026-05-28T12:43:40.395,-930,196.0,-0.001780699
multimetro,,,,42.8045764999988,2026-05-28T12:28:10.612,2026-05-28T12:43:40.612,-930,197.0,-0.001799901
multimetro,,,,43.019738200000575,2026-05-28T12:28:10.821,2026-05-28T12:43:40.821,-930,198.0,-0.001816778
balanza,85.0,-16.97,,43.089918699999544,2026-05-28T12:28:10.895,2026-05-28T12:43:40.895,-930,,
balanza,86.0,,Error desde Arduino: HX711 not found.,43.11298059999899,2026-05-28T12:28:10.912,2026-05-28T12:43:40.912,-930,,
multimetro,,,,43.2347776000006,2026-05-28T12:28:11.042,2026-05-28T12:43:41.042,-930,199.0,-0.001831404
multimetro,,,,43.4498564000005,2026-05-28T12:28:11.255,2026-05-28T12:43:41.255,-930,200.0,-0.001844135
multimetro,,,,43.664958399998795,2026-05-28T12:28:11.472,2026-05-28T12:43:41.472,-930,201.0,-0.001853244
multimetro,,,,43.880100099999254,2026-05-28T12:28:11.679,2026-05-28T12:43:41.679,-930,202.0,-0.001868551
multimetro,,,,44.09517860000051,2026-05-28T12:28:11.903,2026-05-28T12:43:41.903,-930,203.0,-0.001882371
balanza,87.0,-16.64,,44.10630739999942,2026-05-28T12:28:11.912,2026-05-28T12:43:41.912,-930,,
balanza,88.0,,Error desde Arduino: HX711 not found.,44.12950479999927,2026-05-28T12:28:11.937,2026-05-28T12:43:41.937,-930,,
multimetro,,,,44.31046310000056,2026-05-28T12:28:12.112,2026-05-28T12:43:42.112,-930,204.0,-0.001893898
multimetro,,,,44.52530139999908,2026-05-28T12:28:12.333,2026-05-28T12:43:42.333,-930,205.0,-0.001903583
multimetro,,,,44.74051469999904,2026-05-28T12:28:12.545,2026-05-28T12:43:42.545,-930,206.0,-0.001915581
multimetro,,,,44.95570550000048,2026-05-28T12:28:12.762,2026-05-28T12:43:42.762,-930,207.0,-0.001926972
balanza,89.0,-17.71,,45.12281389999953,2026-05-28T12:28:12.930,2026-05-28T12:43:42.930,-930,,
balanza,90.0,,Error desde Arduino: HX711 not found.,45.14616269999897,2026-05-28T12:28:12.949,2026-05-28T12:43:42.949,-930,,
multimetro,,,,45.17088220000005,2026-05-28T12:28:12.978,2026-05-28T12:43:42.978,-930,208.0,-0.001941211
multimetro,,,,45.3860126999989,2026-05-28T12:28:13.189,2026-05-28T12:43:43.189,-930,209.0,-0.001956183
multimetro,,,,45.60109939999893,2026-05-28T12:28:13.405,2026-05-28T12:43:43.405,-930,210.0,-0.001969061
multimetro,,,,45.816174199999296,2026-05-28T12:28:13.622,2026-05-28T12:43:43.622,-930,211.0,-0.001982713
multimetro,,,,46.0312957999995,2026-05-28T12:28:13.838,2026-05-28T12:43:43.838,-930,212.0,-0.001997517
balanza,91.0,-18.75,,46.13917330000004,2026-05-28T12:28:13.947,2026-05-28T12:43:43.947,-930,,
balanza,92.0,,Error desde Arduino: HX711 not found.,46.16249400000015,2026-05-28T12:28:13.962,2026-05-28T12:43:43.962,-930,,
multimetro,,,,46.24645409999903,2026-05-28T12:28:14.045,2026-05-28T12:43:44.045,-930,213.0,-0.002010751
multimetro,,,,46.46157019999919,2026-05-28T12:28:14.262,2026-05-28T12:43:44.262,-930,214.0,-0.002019483
multimetro,,,,46.67653099999916,2026-05-28T12:28:14.478,2026-05-28T12:43:44.478,-930,215.0,-0.002031544
multimetro,,,,46.89152590000049,2026-05-28T12:28:14.695,2026-05-28T12:43:44.695,-930,216.0,-0.002045366
multimetro,,,,47.10684469999978,2026-05-28T12:28:14.912,2026-05-28T12:43:44.912,-930,217.0,-0.002059249
balanza,93.0,-19.55,,47.15561639999942,2026-05-28T12:28:14.962,2026-05-28T12:43:44.962,-930,,
balanza,94.0,,Error desde Arduino: HX711 not found.,47.17889639999885,2026-05-28T12:28:14.978,2026-05-28T12:43:44.978,-930,,
multimetro,,,,47.321969399999944,2026-05-28T12:28:15.129,2026-05-28T12:43:45.129,-930,218.0,-0.002072985
multimetro,,,,47.5369828999992,2026-05-28T12:28:15.344,2026-05-28T12:43:45.344,-930,219.0,-0.002086879
multimetro,,,,47.751952799999344,2026-05-28T12:28:15.555,2026-05-28T12:43:45.555,-930,220.0,-0.002101076
multimetro,,,,47.96706189999895,2026-05-28T12:28:15.771,2026-05-28T12:43:45.771,-930,221.0,-0.00211811
balanza,95.0,-19.95,,48.17204800000036,2026-05-28T12:28:15.978,2026-05-28T12:43:45.978,-930,,
multimetro,,,,48.182204400000046,2026-05-28T12:28:15.989,2026-05-28T12:43:45.989,-930,222.0,-0.002136181
balanza,96.0,,Error desde Arduino: HX711 not found.,48.195363999999245,2026-05-28T12:28:15.999,2026-05-28T12:43:45.999,-930,,
multimetro,,,,48.397345600000335,2026-05-28T12:28:16.199,2026-05-28T12:43:46.199,-930,223.0,-0.002152105
multimetro,,,,48.61252430000059,2026-05-28T12:28:16.412,2026-05-28T12:43:46.412,-930,224.0,-0.0021649
multimetro,,,,48.827608800000235,2026-05-28T12:28:16.635,2026-05-28T12:43:46.635,-930,225.0,-0.002177495
multimetro,,,,49.042695500000264,2026-05-28T12:28:16.845,2026-05-28T12:43:46.845,-930,226.0,-0.002190257
balanza,97.0,-20.84,,49.188452000000325,2026-05-28T12:28:16.995,2026-05-28T12:43:46.995,-930,,
balanza,98.0,,Error desde Arduino: HX711 not found.,49.21154249999927,2026-05-28T12:28:17.012,2026-05-28T12:43:47.012,-930,,
multimetro,,,,49.25781629999983,2026-05-28T12:28:17.064,2026-05-28T12:43:47.064,-930,227.0,-0.002202423
multimetro,,,,49.47308150000026,2026-05-28T12:28:17.278,2026-05-28T12:43:47.278,-930,228.0,-0.00221305
multimetro,,,,49.687942000000476,2026-05-28T12:28:17.495,2026-05-28T12:43:47.495,-930,229.0,-0.00222441
multimetro,,,,49.903237999998964,2026-05-28T12:28:17.705,2026-05-28T12:43:47.705,-930,230.0,-0.002238732
multimetro,,,,50.11823109999932,2026-05-28T12:28:17.921,2026-05-28T12:43:47.921,-930,231.0,-0.002253987
balanza,99.0,-21.71,,50.20485629999894,2026-05-28T12:28:18.012,2026-05-28T12:43:48.012,-930,,
balanza,100.0,,Error desde Arduino: HX711 not found.,50.22793119999915,2026-05-28T12:28:18.035,2026-05-28T12:43:48.035,-930,,
multimetro,,,,50.3333492999991,2026-05-28T12:28:18.141,2026-05-28T12:43:48.141,-930,232.0,-0.002265849
multimetro,,,,50.54856010000003,2026-05-28T12:28:18.355,2026-05-28T12:43:48.355,-930,233.0,-0.002277868
multimetro,,,,50.76368879999973,2026-05-28T12:28:18.562,2026-05-28T12:43:48.562,-930,234.0,-0.002290872
multimetro,,,,50.97891200000049,2026-05-28T12:28:18.778,2026-05-28T12:43:48.778,-930,235.0,-0.002305299
multimetro,,,,51.19398799999908,2026-05-28T12:28:19.001,2026-05-28T12:43:49.001,-930,236.0,-0.002317517
balanza,101.0,-21.98,,51.22125930000038,2026-05-28T12:28:19.028,2026-05-28T12:43:49.028,-930,,
balanza,102.0,,Error desde Arduino: HX711 not found.,51.24444509999921,2026-05-28T12:28:19.045,2026-05-28T12:43:49.045,-930,,
multimetro,,,,51.40917389999959,2026-05-28T12:28:19.212,2026-05-28T12:43:49.212,-930,237.0,-0.002330405
multimetro,,,,51.6240815000001,2026-05-28T12:28:19.432,2026-05-28T12:43:49.432,-930,238.0,-0.002343461
multimetro,,,,51.839320099999895,2026-05-28T12:28:19.645,2026-05-28T12:43:49.645,-930,239.0,-0.002356821
multimetro,,,,52.05432490000021,2026-05-28T12:28:19.862,2026-05-28T12:43:49.862,-930,240.0,-0.002369699
balanza,103.0,-22.79,,52.23768399999972,2026-05-28T12:28:20.045,2026-05-28T12:43:50.045,-930,,
balanza,104.0,,Error desde Arduino: HX711 not found.,52.260817999998835,2026-05-28T12:28:20.062,2026-05-28T12:43:50.062,-930,,
multimetro,,,,52.269491499999276,2026-05-28T12:28:20.071,2026-05-28T12:43:50.071,-930,241.0,-0.002382859
multimetro,,,,52.48457529999905,2026-05-28T12:28:20.288,2026-05-28T12:43:50.288,-930,242.0,-0.002396145
multimetro,,,,52.699857800000245,2026-05-28T12:28:20.505,2026-05-28T12:43:50.505,-930,243.0,-0.002409379
multimetro,,,,52.914989299999434,2026-05-28T12:28:20.722,2026-05-28T12:43:50.722,-930,244.0,-0.00242233
multimetro,,,,53.13000629999988,2026-05-28T12:28:20.937,2026-05-28T12:43:50.937,-930,245.0,-0.002435051
balanza,105.0,-24.03,,53.254079500000444,2026-05-28T12:28:21.061,2026-05-28T12:43:51.061,-930,,
balanza,106.0,,Error desde Arduino: HX711 not found.,53.277262800000244,2026-05-28T12:28:21.078,2026-05-28T12:43:51.078,-930,,
multimetro,,,,53.345110000000204,2026-05-28T12:28:21.145,2026-05-28T12:43:51.145,-930,246.0,-0.002448274
multimetro,,,,53.56032539999978,2026-05-28T12:28:21.362,2026-05-28T12:43:51.362,-930,247.0,-0.002461623
multimetro,,,,53.775564899999154,2026-05-28T12:28:21.578,2026-05-28T12:43:51.578,-930,248.0,-0.002474428
multimetro,,,,53.99057249999896,2026-05-28T12:28:21.795,2026-05-28T12:43:51.795,-930,249.0,-0.002487044
multimetro,,,,54.20560300000034,2026-05-28T12:28:22.012,2026-05-28T12:43:52.012,-930,250.0,-0.002499419
balanza,107.0,-24.46,,54.27055130000008,2026-05-28T12:28:22.078,2026-05-28T12:43:52.078,-930,,
balanza,108.0,-24.78,,54.2836288999988,2026-05-28T12:28:22.089,2026-05-28T12:43:52.089,-930,,
multimetro,,,,54.42072139999982,2026-05-28T12:28:22.228,2026-05-28T12:43:52.228,-930,251.0,-0.002512119
balanza,109.0,-24.74,,54.513484099999914,2026-05-28T12:28:22.312,2026-05-28T12:43:52.312,-930,,
multimetro,,,,54.63591239999914,2026-05-28T12:28:22.443,2026-05-28T12:43:52.443,-930,252.0,-0.002524473
multimetro,,,,54.85099590000027,2026-05-28T12:28:22.654,2026-05-28T12:43:52.654,-930,253.0,-0.002537204
balanza,110.0,-25.13,,55.01356759999908,2026-05-28T12:28:22.812,2026-05-28T12:43:52.812,-930,,
multimetro,,,,55.06610989999899,2026-05-28T12:28:22.871,2026-05-28T12:43:52.871,-930,254.0,-0.002550208
multimetro,,,,55.281290400000216,2026-05-28T12:28:23.088,2026-05-28T12:43:53.088,-930,255.0,-0.002562813
multimetro,,,,55.496566699999676,2026-05-28T12:28:23.295,2026-05-28T12:43:53.295,-930,256.0,-0.002575691
balanza,111.0,-25.02,,55.51335929999914,2026-05-28T12:28:23.312,2026-05-28T12:43:53.312,-930,,
multimetro,,,,55.71161749999919,2026-05-28T12:28:23.512,2026-05-28T12:43:53.512,-930,257.0,-0.002588433
multimetro,,,,55.92688090000047,2026-05-28T12:28:23.734,2026-05-28T12:43:53.734,-930,258.0,-0.002600965
balanza,112.0,-25.95,,56.01350629999979,2026-05-28T12:28:23.812,2026-05-28T12:43:53.812,-930,,
multimetro,,,,56.14217009999993,2026-05-28T12:28:23.949,2026-05-28T12:43:53.949,-930,259.0,-0.002613592
multimetro,,,,56.35717719999957,2026-05-28T12:28:24.162,2026-05-28T12:43:54.162,-930,260.0,-0.002626176
balanza,113.0,-26.48,,56.51343520000046,2026-05-28T12:28:24.312,2026-05-28T12:43:54.312,-930,,
multimetro,,,,56.57239949999894,2026-05-28T12:28:24.378,2026-05-28T12:43:54.378,-930,261.0,-0.002638415
multimetro,,,,56.78736519999984,2026-05-28T12:28:24.595,2026-05-28T12:43:54.595,-930,262.0,-0.002651189
multimetro,,,,57.002537200000006,2026-05-28T12:28:24.808,2026-05-28T12:43:54.808,-930,263.0,-0.002663899
balanza,114.0,-26.77,,57.01332329999968,2026-05-28T12:28:24.812,2026-05-28T12:43:54.812,-930,,
multimetro,,,,57.21743869999955,2026-05-28T12:28:25.024,2026-05-28T12:43:55.024,-930,264.0,-0.002676295
multimetro,,,,57.43255189999945,2026-05-28T12:28:25.240,2026-05-28T12:43:55.240,-930,265.0,-0.002688754
balanza,115.0,-26.54,,57.51358660000005,2026-05-28T12:28:25.312,2026-05-28T12:43:55.312,-930,,
multimetro,,,,57.64767849999953,2026-05-28T12:28:25.449,2026-05-28T12:43:55.449,-930,266.0,-0.002701035
multimetro,,,,57.86290319999898,2026-05-28T12:28:25.666,2026-05-28T12:43:55.666,-930,267.0,-0.002713693
balanza,116.0,-27.5,,58.01352399999996,2026-05-28T12:28:25.812,2026-05-28T12:43:55.812,-930,,
multimetro,,,,58.07812589999958,2026-05-28T12:28:25.878,2026-05-28T12:43:55.878,-930,268.0,-0.002725974
multimetro,,,,58.2934108999998,2026-05-28T12:28:26.095,2026-05-28T12:43:56.095,-930,269.0,-0.002738192
multimetro,,,,58.50845819999995,2026-05-28T12:28:26.312,2026-05-28T12:43:56.312,-930,270.0,-0.002750557
balanza,117.0,-27.81,,58.51320769999984,2026-05-28T12:28:26.312,2026-05-28T12:43:56.312,-930,,
multimetro,,,,58.72359259999939,2026-05-28T12:28:26.531,2026-05-28T12:43:56.531,-930,271.0,-0.002762409
multimetro,,,,58.938698199999635,2026-05-28T12:28:26.745,2026-05-28T12:43:56.745,-930,272.0,-0.002774606
balanza,118.0,-27.76,,59.01339319999897,2026-05-28T12:28:26.812,2026-05-28T12:43:56.812,-930,,
multimetro,,,,59.153571299999385,2026-05-28T12:28:26.961,2026-05-28T12:43:56.961,-930,273.0,-0.002786845
multimetro,,,,59.36872279999989,2026-05-28T12:28:27.173,2026-05-28T12:43:57.173,-930,274.0,-0.002799126
balanza,119.0,-27.88,,59.51334429999952,2026-05-28T12:28:27.312,2026-05-28T12:43:57.312,-930,,
multimetro,,,,59.58378689999881,2026-05-28T12:28:27.388,2026-05-28T12:43:57.388,-930,275.0,-0.002811156
multimetro,,,,59.79886719999922,2026-05-28T12:28:27.605,2026-05-28T12:43:57.605,-930,276.0,-0.00282305
balanza,120.0,-28.83,,60.01342529999965,2026-05-28T12:28:27.812,2026-05-28T12:43:57.812,-930,,
multimetro,,,,60.014112200000454,2026-05-28T12:28:27.812,2026-05-28T12:43:57.812,-930,277.0,-0.002834891
multimetro,,,,60.229220299999724,2026-05-28T12:28:28.036,2026-05-28T12:43:58.036,-930,278.0,-0.002847277
multimetro,,,,60.44449689999965,2026-05-28T12:28:28.248,2026-05-28T12:43:58.248,-930,279.0,-0.002859704
balanza,121.0,-28.15,,60.51368569999977,2026-05-28T12:28:28.314,2026-05-28T12:43:58.314,-930,,
multimetro,,,,60.65956879999976,2026-05-28T12:28:28.464,2026-05-28T12:43:58.464,-930,280.0,-0.002871682
multimetro,,,,60.874662199999875,2026-05-28T12:28:28.681,2026-05-28T12:43:58.681,-930,281.0,-0.002883513
balanza,122.0,-29.27,,61.01319279999916,2026-05-28T12:28:28.820,2026-05-28T12:43:58.820,-930,,
multimetro,,,,61.089895299999625,2026-05-28T12:28:28.897,2026-05-28T12:43:58.897,-930,282.0,-0.002895396
multimetro,,,,61.30508689999988,2026-05-28T12:28:29.112,2026-05-28T12:43:59.112,-930,283.0,-0.002907321
balanza,123.0,-29.32,,61.513659799999004,2026-05-28T12:28:29.315,2026-05-28T12:43:59.315,-930,,
multimetro,,,,61.52022269999907,2026-05-28T12:28:29.325,2026-05-28T12:43:59.325,-930,284.0,-0.002919445
multimetro,,,,61.735637300000235,2026-05-28T12:28:29.540,2026-05-28T12:43:59.540,-930,285.0,-0.002931485
multimetro,,,,61.95065369999975,2026-05-28T12:28:29.757,2026-05-28T12:43:59.757,-930,286.0,-0.002943452
balanza,124.0,-29.4,,62.013568500000474,2026-05-28T12:28:29.812,2026-05-28T12:43:59.812,-930,,
multimetro,,,,62.165668800000276,2026-05-28T12:28:29.964,2026-05-28T12:43:59.964,-930,287.0,-0.002955084
multimetro,,,,62.380788099999336,2026-05-28T12:28:30.188,2026-05-28T12:44:00.188,-930,288.0,-0.002967292
balanza,125.0,-30.15,,62.51345670000046,2026-05-28T12:28:30.314,2026-05-28T12:44:00.314,-930,,
multimetro,,,,62.59582070000033,2026-05-28T12:28:30.395,2026-05-28T12:44:00.395,-930,289.0,-0.002979374
multimetro,,,,62.81084819999887,2026-05-28T12:28:30.618,2026-05-28T12:44:00.618,-930,290.0,-0.002991278
balanza,126.0,-29.53,,63.01342889999978,2026-05-28T12:28:30.821,2026-05-28T12:44:00.821,-930,,
multimetro,,,,63.02589470000021,2026-05-28T12:28:30.833,2026-05-28T12:44:00.833,-930,291.0,-0.003003224
multimetro,,,,63.24099050000041,2026-05-28T12:28:31.048,2026-05-28T12:44:01.048,-930,292.0,-0.003015149
multimetro,,,,63.45605930000056,2026-05-28T12:28:31.263,2026-05-28T12:44:01.263,-930,293.0,-0.003027325
balanza,127.0,-30.32,,63.51361580000048,2026-05-28T12:28:31.320,2026-05-28T12:44:01.320,-930,,
multimetro,,,,63.67118389999996,2026-05-28T12:28:31.478,2026-05-28T12:44:01.478,-930,294.0,-0.003038957
multimetro,,,,63.88635400000021,2026-05-28T12:28:31.693,2026-05-28T12:44:01.693,-930,295.0,-0.003050715
balanza,128.0,-30.87,,64.01350889999958,2026-05-28T12:28:31.816,2026-05-28T12:44:01.816,-930,,
multimetro,,,,64.10140809999939,2026-05-28T12:28:31.905,2026-05-28T12:44:01.905,-930,296.0,-0.003062703
multimetro,,,,64.3167427999997,2026-05-28T12:28:32.124,2026-05-28T12:44:02.124,-930,297.0,-0.003074512
balanza,129.0,-30.8,,64.51350679999996,2026-05-28T12:28:32.315,2026-05-28T12:44:02.315,-930,,
multimetro,,,,64.53181159999986,2026-05-28T12:28:32.335,2026-05-28T12:44:02.335,-930,298.0,-0.003086144
multimetro,,,,64.74701859999914,2026-05-28T12:28:32.548,2026-05-28T12:44:02.548,-930,299.0,-0.003098069
multimetro,,,,64.9622245999999,2026-05-28T12:28:32.769,2026-05-28T12:44:02.769,-930,300.0,-0.003109387
balanza,130.0,-31.98,,65.01375639999969,2026-05-28T12:28:32.821,2026-05-28T12:44:02.821,-930,,
multimetro,,,,65.1772775999998,2026-05-28T12:28:32.985,2026-05-28T12:44:02.985,-930,301.0,-0.003120988
multimetro,,,,65.39240959999916,2026-05-28T12:28:33.197,2026-05-28T12:44:03.197,-930,302.0,-0.003132819
balanza,131.0,-31.83,,65.51318179999907,2026-05-28T12:28:33.320,2026-05-28T12:44:03.320,-930,,
multimetro,,,,65.60752949999915,2026-05-28T12:28:33.414,2026-05-28T12:44:03.414,-930,303.0,-0.003144555
multimetro,,,,65.82248710000022,2026-05-28T12:28:33.629,2026-05-28T12:44:03.629,-930,304.0,-0.003155988
balanza,132.0,-31.79,,66.01344099999915,2026-05-28T12:28:33.814,2026-05-28T12:44:03.814,-930,,
multimetro,,,,66.0375886999991,2026-05-28T12:28:33.842,2026-05-28T12:44:03.842,-930,305.0,-0.003167662
multimetro,,,,66.25266009999905,2026-05-28T12:28:34.055,2026-05-28T12:44:04.055,-930,306.0,-0.003179336
multimetro,,,,66.46784479999951,2026-05-28T12:28:34.274,2026-05-28T12:44:04.274,-930,307.0,-0.003190821
balanza,133.0,-32.71,,66.51334599999973,2026-05-28T12:28:34.318,2026-05-28T12:44:04.318,-930,,
multimetro,,,,66.68290440000055,2026-05-28T12:28:34.488,2026-05-28T12:44:04.488,-930,308.0,-0.003202463
multimetro,,,,66.89812700000039,2026-05-28T12:28:34.703,2026-05-28T12:44:04.703,-930,309.0,-0.003213875
balanza,134.0,-33.16,,67.01319599999988,2026-05-28T12:28:34.815,2026-05-28T12:44:04.815,-930,,
multimetro,,,,67.11343809999926,2026-05-28T12:28:34.915,2026-05-28T12:44:04.915,-930,310.0,-0.003225643
multimetro,,,,67.32852420000017,2026-05-28T12:28:35.136,2026-05-28T12:44:05.136,-930,311.0,-0.003236783
balanza,135.0,-33.21,,67.51360550000027,2026-05-28T12:28:35.316,2026-05-28T12:44:05.316,-930,,
multimetro,,,,67.54374269999971,2026-05-28T12:28:35.351,2026-05-28T12:44:05.351,-930,312.0,-0.003248363
multimetro,,,,67.759005599999,2026-05-28T12:28:35.566,2026-05-28T12:44:05.566,-930,313.0,-0.003259827
multimetro,,,,67.97429170000032,2026-05-28T12:28:35.781,2026-05-28T12:44:05.781,-930,314.0,-0.003271333
balanza,136.0,-33.97,,68.01317879999988,2026-05-28T12:28:35.817,2026-05-28T12:44:05.817,-930,,
multimetro,,,,68.18938359999993,2026-05-28T12:28:35.996,2026-05-28T12:44:05.996,-930,315.0,-0.003283081
multimetro,,,,68.40453089999937,2026-05-28T12:28:36.211,2026-05-28T12:44:06.211,-930,316.0,-0.003294241
balanza,137.0,-33.83,,68.51328160000048,2026-05-28T12:28:36.320,2026-05-28T12:44:06.320,-930,,
multimetro,,,,68.61956809999901,2026-05-28T12:28:36.427,2026-05-28T12:44:06.427,-930,317.0,-0.00330558
multimetro,,,,68.83478599999944,2026-05-28T12:28:36.633,2026-05-28T12:44:06.633,-930,318.0,-0.003317285
balanza,138.0,-33.59,,69.01351070000055,2026-05-28T12:28:36.817,2026-05-28T12:44:06.817,-930,,
multimetro,,,,69.04989179999939,2026-05-28T12:28:36.853,2026-05-28T12:44:06.853,-930,319.0,-0.00332876
multimetro,,,,69.26475439999922,2026-05-28T12:28:37.071,2026-05-28T12:44:07.071,-930,320.0,-0.003340465
multimetro,,,,69.47994180000023,2026-05-28T12:28:37.284,2026-05-28T12:44:07.284,-930,321.0,-0.003351867
balanza,139.0,-34.56,,69.51353889999882,2026-05-28T12:28:37.321,2026-05-28T12:44:07.321,-930,,
multimetro,,,,69.6950029999989,2026-05-28T12:28:37.501,2026-05-28T12:44:07.501,-930,322.0,-0.003363174
multimetro,,,,69.91040210000028,2026-05-28T12:28:37.717,2026-05-28T12:44:07.717,-930,323.0,-0.003374565
balanza,140.0,-34.73,,70.0134780999997,2026-05-28T12:28:37.818,2026-05-28T12:44:07.818,-930,,
multimetro,,,,70.12567219999983,2026-05-28T12:28:37.933,2026-05-28T12:44:07.933,-930,324.0,-0.003385611
multimetro,,,,70.34082809999927,2026-05-28T12:28:38.148,2026-05-28T12:44:08.148,-930,325.0,-0.00339696
balanza,141.0,-34.51,,70.51349979999941,2026-05-28T12:28:38.319,2026-05-28T12:44:08.319,-930,,
multimetro,,,,70.55607409999902,2026-05-28T12:28:38.363,2026-05-28T12:44:08.363,-930,326.0,-0.00340833
multimetro,,,,70.77118630000041,2026-05-28T12:28:38.578,2026-05-28T12:44:08.578,-930,327.0,-0.003419627
multimetro,,,,70.98620440000013,2026-05-28T12:28:38.785,2026-05-28T12:44:08.785,-930,328.0,-0.003430809
balanza,142.0,-35.23,,71.0134736,2026-05-28T12:28:38.821,2026-05-28T12:44:08.821,-930,,
multimetro,,,,71.20128309999927,2026-05-28T12:28:38.999,2026-05-28T12:44:08.999,-930,329.0,-0.003442127
multimetro,,,,71.41645029999927,2026-05-28T12:28:39.224,2026-05-28T12:44:09.224,-930,330.0,-0.003453455
balanza,143.0,-36.41,,71.51352229999975,2026-05-28T12:28:39.320,2026-05-28T12:44:09.320,-930,,
multimetro,,,,71.63155499999993,2026-05-28T12:28:39.433,2026-05-28T12:44:09.433,-930,331.0,-0.003464794
multimetro,,,,71.84675939999943,2026-05-28T12:28:39.645,2026-05-28T12:44:09.645,-930,332.0,-0.003476174
balanza,144.0,-36.2,,72.01335769999969,2026-05-28T12:28:39.819,2026-05-28T12:44:09.819,-930,,
multimetro,,,,72.06184949999988,2026-05-28T12:28:39.866,2026-05-28T12:44:09.866,-930,333.0,-0.003487408
multimetro,,,,72.27706869999929,2026-05-28T12:28:40.079,2026-05-28T12:44:10.079,-930,334.0,-0.003498758
multimetro,,,,72.49198500000057,2026-05-28T12:28:40.299,2026-05-28T12:44:10.299,-930,335.0,-0.003509887
balanza,145.0,-36.95,,72.51372789999914,2026-05-28T12:28:40.321,2026-05-28T12:44:10.321,-930,,
multimetro,,,,72.70732420000058,2026-05-28T12:28:40.511,2026-05-28T12:44:10.511,-930,336.0,-0.003521697
multimetro,,,,72.92235409999921,2026-05-28T12:28:40.727,2026-05-28T12:44:10.727,-930,337.0,-0.003532858
balanza,146.0,-36.64,,73.0136507999996,2026-05-28T12:28:40.818,2026-05-28T12:44:10.818,-930,,
multimetro,,,,73.13796319999892,2026-05-28T12:28:40.945,2026-05-28T12:44:10.945,-930,338.0,-0.003544071
multimetro,,,,73.35338219999903,2026-05-28T12:28:41.153,2026-05-28T12:44:11.153,-930,339.0,-0.003555263
balanza,147.0,-36.84,,73.51356300000043,2026-05-28T12:28:41.312,2026-05-28T12:44:11.312,-930,,
multimetro,,,,73.56833629999892,2026-05-28T12:28:41.373,2026-05-28T12:44:11.373,-930,340.0,-0.003566769
multimetro,,,,73.78344470000047,2026-05-28T12:28:41.581,2026-05-28T12:44:11.581,-930,341.0,-0.003578077
multimetro,,,,73.99853040000016,2026-05-28T12:28:41.802,2026-05-28T12:44:11.802,-930,342.0,-0.003589468
balanza,148.0,-37.61,,74.01341130000037,2026-05-28T12:28:41.819,2026-05-28T12:44:11.819,-930,,
multimetro,,,,74.21352239999942,2026-05-28T12:28:42.020,2026-05-28T12:44:12.020,-930,343.0,-0.003600765
multimetro,,,,74.4286919999995,2026-05-28T12:28:42.234,2026-05-28T12:44:12.234,-930,344.0,-0.003612135
balanza,149.0,-37.35,,74.51367369999934,2026-05-28T12:28:42.318,2026-05-28T12:44:12.318,-930,,
multimetro,,,,74.64382040000055,2026-05-28T12:28:42.442,2026-05-28T12:44:12.442,-930,345.0,-0.003623557
multimetro,,,,74.85888599999998,2026-05-28T12:28:42.666,2026-05-28T12:44:12.666,-930,346.0,-0.003635074
balanza,150.0,-37.44,,75.01356390000001,2026-05-28T12:28:42.816,2026-05-28T12:44:12.816,-930,,
multimetro,,,,75.07400699999926,2026-05-28T12:28:42.875,2026-05-28T12:44:12.875,-930,347.0,-0.003646612
multimetro,,,,75.28902629999902,2026-05-28T12:28:43.096,2026-05-28T12:44:13.096,-930,348.0,-0.003658139
multimetro,,,,75.5043528999995,2026-05-28T12:28:43.308,2026-05-28T12:44:13.308,-930,349.0,-0.00366954
balanza,151.0,-38.07,,75.51345310000033,2026-05-28T12:28:43.313,2026-05-28T12:44:13.313,-930,,
multimetro,,,,75.719570199999,2026-05-28T12:28:43.525,2026-05-28T12:44:13.525,-930,350.0,-0.003680785
multimetro,,,,75.9346158999997,2026-05-28T12:28:43.741,2026-05-28T12:44:13.741,-930,351.0,-0.003692103
balanza,152.0,-37.82,,76.01368019999973,2026-05-28T12:28:43.818,2026-05-28T12:44:13.818,-930,,
multimetro,,,,76.14987089999886,2026-05-28T12:28:43.954,2026-05-28T12:44:13.954,-930,352.0,-0.003703609
multimetro,,,,76.36497559999953,2026-05-28T12:28:44.164,2026-05-28T12:44:14.164,-930,353.0,-0.003714874
balanza,153.0,-38.91,,76.51373289999901,2026-05-28T12:28:44.316,2026-05-28T12:44:14.316,-930,,
multimetro,,,,76.58015109999906,2026-05-28T12:28:44.387,2026-05-28T12:44:14.387,-930,354.0,-0.003726182
multimetro,,,,76.79525029999968,2026-05-28T12:28:44.597,2026-05-28T12:44:14.597,-930,355.0,-0.003737562
multimetro,,,,77.01033540000026,2026-05-28T12:28:44.813,2026-05-28T12:44:14.813,-930,356.0,-0.003748943
balanza,154.0,-39.02,,77.01353569999992,2026-05-28T12:28:44.813,2026-05-28T12:44:14.813,-930,,
multimetro,,,,77.22545170000012,2026-05-28T12:28:45.030,2026-05-28T12:44:15.030,-930,357.0,-0.003760156
multimetro,,,,77.4406856000005,2026-05-28T12:28:45.247,2026-05-28T12:44:15.247,-930,358.0,-0.003771464
balanza,155.0,-39.29,,77.51324349999959,2026-05-28T12:28:45.312,2026-05-28T12:44:15.312,-930,,
multimetro,,,,77.65562039999895,2026-05-28T12:28:45.463,2026-05-28T12:44:15.463,-930,359.0,-0.003783179
multimetro,,,,77.87081699999908,2026-05-28T12:28:45.678,2026-05-28T12:44:15.678,-930,360.0,-0.003794424
balanza,156.0,-39.43,,78.01345589999983,2026-05-28T12:28:45.812,2026-05-28T12:44:15.812,-930,,
multimetro,,,,78.08603670000048,2026-05-28T12:28:45.893,2026-05-28T12:44:15.893,-930,361.0,-0.003805647
multimetro,,,,78.3012579999995,2026-05-28T12:28:46.102,2026-05-28T12:44:16.102,-930,362.0,-0.003817017
balanza,157.0,-40.12,,78.51354379999975,2026-05-28T12:28:46.318,2026-05-28T12:44:16.318,-930,,
multimetro,,,,78.51632729999983,2026-05-28T12:28:46.318,2026-05-28T12:44:16.318,-930,363.0,-0.003828126
multimetro,,,,78.73130239999955,2026-05-28T12:28:46.532,2026-05-28T12:44:16.532,-930,364.0,-0.003839381
multimetro,,,,78.9464423999998,2026-05-28T12:28:46.754,2026-05-28T12:44:16.754,-930,365.0,-0.003850856
balanza,158.0,-40.42,,79.01350049999928,2026-05-28T12:28:46.816,2026-05-28T12:44:16.816,-930,,
multimetro,,,,79.16141679999964,2026-05-28T12:28:46.966,2026-05-28T12:44:16.966,-930,366.0,-0.003862163
multimetro,,,,79.37654409999959,2026-05-28T12:28:47.184,2026-05-28T12:44:17.184,-930,367.0,-0.003873408
balanza,159.0,-40.71,,79.51351459999933,2026-05-28T12:28:47.316,2026-05-28T12:44:17.316,-930,,
multimetro,,,,79.59164419999979,2026-05-28T12:28:47.393,2026-05-28T12:44:17.393,-930,368.0,-0.003884715
multimetro,,,,79.80667050000011,2026-05-28T12:28:47.612,2026-05-28T12:44:17.612,-930,369.0,-0.003896054
balanza,160.0,-40.94,,80.01320300000043,2026-05-28T12:28:47.812,2026-05-28T12:44:17.812,-930,,
multimetro,,,,80.0217947000001,2026-05-28T12:28:47.829,2026-05-28T12:44:17.829,-930,370.0,-0.003907445
multimetro,,,,80.23693679999997,2026-05-28T12:28:48.041,2026-05-28T12:44:18.041,-930,371.0,-0.003918804
multimetro,,,,80.45205109999915,2026-05-28T12:28:48.255,2026-05-28T12:44:18.255,-930,372.0,-0.003930007
balanza,161.0,-41.39,,80.51337269999931,2026-05-28T12:28:48.312,2026-05-28T12:44:18.312,-930,,
multimetro,,,,80.66693959999975,2026-05-28T12:28:48.474,2026-05-28T12:44:18.474,-930,373.0,-0.003941545
multimetro,,,,80.88209049999932,2026-05-28T12:28:48.680,2026-05-28T12:44:18.680,-930,374.0,-0.003953051
balanza,162.0,-41.37,,81.01353100000051,2026-05-28T12:28:48.816,2026-05-28T12:44:18.816,-930,,
multimetro,,,,81.09729399999924,2026-05-28T12:28:48.895,2026-05-28T12:44:18.895,-930,375.0,-0.003964201
multimetro,,,,81.31251750000047,2026-05-28T12:28:49.112,2026-05-28T12:44:19.112,-930,376.0,-0.003975655
balanza,163.0,-41.74,,81.51336859999901,2026-05-28T12:28:49.312,2026-05-28T12:44:19.312,-930,,
multimetro,,,,81.5274773000001,2026-05-28T12:28:49.333,2026-05-28T12:44:19.333,-930,377.0,-0.003987172
multimetro,,,,81.74264199999925,2026-05-28T12:28:49.549,2026-05-28T12:44:19.549,-930,378.0,-0.003998249
multimetro,,,,81.95757709999998,2026-05-28T12:28:49.764,2026-05-28T12:44:19.764,-930,379.0,-0.004009473
balanza,164.0,-41.71,,82.01322909999908,2026-05-28T12:28:49.812,2026-05-28T12:44:19.812,-930,,
multimetro,,,,82.17270110000027,2026-05-28T12:28:49.980,2026-05-28T12:44:19.980,-930,380.0,-0.00402079
multimetro,,,,82.38786970000001,2026-05-28T12:28:50.195,2026-05-28T12:44:20.195,-930,381.0,-0.004032223
balanza,165.0,-41.75,,82.51354119999996,2026-05-28T12:28:50.312,2026-05-28T12:44:20.312,-930,,
multimetro,,,,82.60306479999963,2026-05-28T12:28:50.409,2026-05-28T12:44:20.409,-930,382.0,-0.004043363
multimetro,,,,82.81802930000049,2026-05-28T12:28:50.617,2026-05-28T12:44:20.617,-930,383.0,-0.004054807
balanza,166.0,-42.55,,83.01333899999918,2026-05-28T12:28:50.814,2026-05-28T12:44:20.814,-930,,
multimetro,,,,83.03313469999921,2026-05-28T12:28:50.839,2026-05-28T12:44:20.839,-930,384.0,-0.004066145
multimetro,,,,83.24831719999929,2026-05-28T12:28:51.055,2026-05-28T12:44:21.055,-930,385.0,-0.004077369
multimetro,,,,83.46342430000004,2026-05-28T12:28:51.262,2026-05-28T12:44:21.262,-930,386.0,-0.004088938
balanza,167.0,-42.6,,83.51344740000059,2026-05-28T12:28:51.312,2026-05-28T12:44:21.312,-930,,
multimetro,,,,83.67863009999928,2026-05-28T12:28:51.478,2026-05-28T12:44:21.478,-930,387.0,-0.004100371
multimetro,,,,83.89387139999963,2026-05-28T12:28:51.695,2026-05-28T12:44:21.695,-930,388.0,-0.004111794
balanza,168.0,-43.57,,84.01332189999994,2026-05-28T12:28:51.812,2026-05-28T12:44:21.812,-930,,
multimetro,,,,84.10908000000018,2026-05-28T12:28:51.912,2026-05-28T12:44:21.912,-930,389.0,-0.004123227
multimetro,,,,84.32404879999922,2026-05-28T12:28:52.128,2026-05-28T12:44:22.128,-930,390.0,-0.00413485
balanza,169.0,-43.38,,84.51386769999954,2026-05-28T12:28:52.312,2026-05-28T12:44:22.312,-930,,
multimetro,,,,84.53920389999985,2026-05-28T12:28:52.345,2026-05-28T12:44:22.345,-930,391.0,-0.004146178
multimetro,,,,84.75423909999881,2026-05-28T12:28:52.562,2026-05-28T12:44:22.562,-930,392.0,-0.004157726
multimetro,,,,84.9694146999991,2026-05-28T12:28:52.771,2026-05-28T12:44:22.771,-930,393.0,-0.004168981
balanza,170.0,-43.6,,85.01323649999904,2026-05-28T12:28:52.812,2026-05-28T12:44:22.812,-930,,
multimetro,,,,85.18445629999951,2026-05-28T12:28:52.992,2026-05-28T12:44:22.992,-930,394.0,-0.004180833
multimetro,,,,85.39957929999946,2026-05-28T12:28:53.205,2026-05-28T12:44:23.205,-930,395.0,-0.004192298
balanza,171.0,-44.24,,85.51351880000038,2026-05-28T12:28:53.312,2026-05-28T12:44:23.312,-930,,
multimetro,,,,85.61472169999979,2026-05-28T12:28:53.421,2026-05-28T12:44:23.421,-930,396.0,-0.004203668
multimetro,,,,85.82970009999917,2026-05-28T12:28:53.628,2026-05-28T12:44:23.628,-930,397.0,-0.004215289
balanza,172.0,-44.28,,86.0133711999988,2026-05-28T12:28:53.812,2026-05-28T12:44:23.812,-930,,
multimetro,,,,86.04491679999956,2026-05-28T12:28:53.845,2026-05-28T12:44:23.845,-930,398.0,-0.00422667
multimetro,,,,86.25985439999931,2026-05-28T12:28:54.062,2026-05-28T12:44:24.062,-930,399.0,-0.004238155
multimetro,,,,86.47506930000054,2026-05-28T12:28:54.278,2026-05-28T12:44:24.278,-930,400.0,-0.004249672
balanza,173.0,-44.27,,86.5134098999988,2026-05-28T12:28:54.312,2026-05-28T12:44:24.312,-930,,
multimetro,,,,86.69014389999938,2026-05-28T12:28:54.495,2026-05-28T12:44:24.495,-930,401.0,-0.004261262
multimetro,,,,86.90523349999967,2026-05-28T12:28:54.712,2026-05-28T12:44:24.712,-930,402.0,-0.004273156
balanza,174.0,-45.11,,87.01339550000012,2026-05-28T12:28:54.812,2026-05-28T12:44:24.812,-930,,
multimetro,,,,87.12025749999884,2026-05-28T12:28:54.921,2026-05-28T12:44:24.921,-930,403.0,-0.00428485
multimetro,,,,87.33550540000033,2026-05-28T12:28:55.138,2026-05-28T12:44:25.138,-930,404.0,-0.004296503
balanza,175.0,-45.52,,87.51321789999929,2026-05-28T12:28:55.312,2026-05-28T12:44:25.312,-930,,
multimetro,,,,87.55041410000013,2026-05-28T12:28:55.358,2026-05-28T12:44:25.358,-930,405.0,-0.004308271
multimetro,,,,87.76576860000023,2026-05-28T12:28:55.571,2026-05-28T12:44:25.571,-930,406.0,-0.00432005
multimetro,,,,87.98072639999918,2026-05-28T12:28:55.778,2026-05-28T12:44:25.778,-930,407.0,-0.004332017
balanza,176.0,-45.68,,88.01330729999972,2026-05-28T12:28:55.812,2026-05-28T12:44:25.812,-930,,
multimetro,,,,88.19591369999944,2026-05-28T12:28:55.995,2026-05-28T12:44:25.995,-930,408.0,-0.004344224
multimetro,,,,88.41113679999944,2026-05-28T12:28:56.212,2026-05-28T12:44:26.212,-930,409.0,-0.004356149
balanza,177.0,-45.94,,88.5138036999997,2026-05-28T12:28:56.321,2026-05-28T12:44:26.321,-930,,
multimetro,,,,88.62621769999896,2026-05-28T12:28:56.428,2026-05-28T12:44:26.428,-930,410.0,-0.004368001
multimetro,,,,88.8413230999995,2026-05-28T12:28:56.647,2026-05-28T12:44:26.647,-930,411.0,-0.004379895
balanza,178.0,-46.57,,89.01338769999893,2026-05-28T12:28:56.812,2026-05-28T12:44:26.812,-930,,
multimetro,,,,89.05628169999909,2026-05-28T12:28:56.863,2026-05-28T12:44:26.863,-930,412.0,-0.004392103
multimetro,,,,89.27140669999972,2026-05-28T12:28:57.079,2026-05-28T12:44:27.079,-930,413.0,-0.004404394
multimetro,,,,89.48664350000035,2026-05-28T12:28:57.288,2026-05-28T12:44:27.288,-930,414.0,-0.00441679
balanza,179.0,-46.55,,89.51374829999986,2026-05-28T12:28:57.321,2026-05-28T12:44:27.321,-930,,
multimetro,,,,89.70174790000056,2026-05-28T12:28:57.505,2026-05-28T12:44:27.505,-930,415.0,-0.004428935
multimetro,,,,89.91681260000041,2026-05-28T12:28:57.716,2026-05-28T12:44:27.716,-930,416.0,-0.004441028
balanza,180.0,-47.06,,90.01370029999998,2026-05-28T12:28:57.816,2026-05-28T12:44:27.816,-930,,
multimetro,,,,90.1319540000004,2026-05-28T12:28:57.938,2026-05-28T12:44:27.938,-930,417.0,-0.004453466
multimetro,,,,90.34705290000056,2026-05-28T12:28:58.145,2026-05-28T12:44:28.145,-930,418.0,-0.004466061
balanza,181.0,-47.32,,90.51328900000044,2026-05-28T12:28:58.312,2026-05-28T12:44:28.312,-930,,
multimetro,,,,90.56223599999976,2026-05-28T12:28:58.363,2026-05-28T12:44:28.363,-930,419.0,-0.004478112
multimetro,,,,90.77743269999883,2026-05-28T12:28:58.578,2026-05-28T12:44:28.578,-930,420.0,-0.004490665
multimetro,,,,90.99250159999974,2026-05-28T12:28:58.800,2026-05-28T12:44:28.800,-930,421.0,-0.00450325
balanza,182.0,-47.16,,91.01365559999977,2026-05-28T12:28:58.820,2026-05-28T12:44:28.820,-930,,
multimetro,,,,91.20760539999901,2026-05-28T12:28:59.012,2026-05-28T12:44:29.012,-930,422.0,-0.004515698
multimetro,,,,91.4226966999995,2026-05-28T12:28:59.228,2026-05-28T12:44:29.228,-930,423.0,-0.004528838
balanza,183.0,-48.33,,91.51383220000025,2026-05-28T12:28:59.312,2026-05-28T12:44:29.312,-930,,
multimetro,,,,91.63783539999895,2026-05-28T12:28:59.445,2026-05-28T12:44:29.445,-930,424.0,-0.004541244
multimetro,,,,91.8529254999994,2026-05-28T12:28:59.655,2026-05-28T12:44:29.655,-930,425.0,-0.004554049
balanza,184.0,-48.19,,92.01337760000024,2026-05-28T12:28:59.812,2026-05-28T12:44:29.812,-930,,
multimetro,,,,92.06801379999888,2026-05-28T12:28:59.875,2026-05-28T12:44:29.875,-930,426.0,-0.004566906
multimetro,,,,92.28317500000048,2026-05-28T12:29:00.088,2026-05-28T12:44:30.088,-930,427.0,-0.004579543
multimetro,,,,92.4983269000004,2026-05-28T12:29:00.306,2026-05-28T12:44:30.306,-930,428.0,-0.004592284
balanza,185.0,-48.3,,92.51365679999981,2026-05-28T12:29:00.321,2026-05-28T12:44:30.321,-930,,
multimetro,,,,92.71347520000018,2026-05-28T12:29:00.512,2026-05-28T12:44:30.512,-930,429.0,-0.004605099
multimetro,,,,92.92862109999987,2026-05-28T12:29:00.728,2026-05-28T12:44:30.728,-930,430.0,-0.004618333
balanza,186.0,-49.0,,93.01355169999988,2026-05-28T12:29:00.812,2026-05-28T12:44:30.812,-930,,
multimetro,,,,93.14382359999945,2026-05-28T12:29:00.946,2026-05-28T12:44:30.946,-930,431.0,-0.004631211
multimetro,,,,93.35891210000045,2026-05-28T12:29:01.164,2026-05-28T12:44:31.164,-930,432.0,-0.004644204
balanza,187.0,-48.68,,93.51339000000007,2026-05-28T12:29:01.316,2026-05-28T12:44:31.316,-930,,
multimetro,,,,93.57410460000028,2026-05-28T12:29:01.378,2026-05-28T12:44:31.378,-930,433.0,-0.004657134
multimetro,,,,93.78914309999891,2026-05-28T12:29:01.597,2026-05-28T12:44:31.597,-930,434.0,-0.004670378
multimetro,,,,94.00431389999903,2026-05-28T12:29:01.812,2026-05-28T12:44:31.812,-930,435.0,-0.004683612
balanza,188.0,-49.29,,94.01356359999954,2026-05-28T12:29:01.814,2026-05-28T12:44:31.814,-930,,
multimetro,,,,94.21937959999923,2026-05-28T12:29:02.021,2026-05-28T12:44:32.021,-930,436.0,-0.004696637
multimetro,,,,94.43448109999918,2026-05-28T12:29:02.238,2026-05-28T12:44:32.238,-930,437.0,-0.004709807
balanza,189.0,-50.38,,94.5131679999995,2026-05-28T12:29:02.317,2026-05-28T12:44:32.317,-930,,
multimetro,,,,94.6495116999995,2026-05-28T12:29:02.455,2026-05-28T12:44:32.455,-930,438.0,-0.004722842
multimetro,,,,94.86472289999983,2026-05-28T12:29:02.664,2026-05-28T12:44:32.664,-930,439.0,-0.00473616
balanza,190.0,-50.34,,95.01319049999984,2026-05-28T12:29:02.819,2026-05-28T12:44:32.819,-930,,
multimetro,,,,95.07993410000017,2026-05-28T12:29:02.882,2026-05-28T12:44:32.882,-930,440.0,-0.004749645
multimetro,,,,95.29492430000028,2026-05-28T12:29:03.102,2026-05-28T12:44:33.102,-930,441.0,-0.004763214
multimetro,,,,95.51017159999901,2026-05-28T12:29:03.316,2026-05-28T12:44:33.316,-930,442.0,-0.004776971
balanza,191.0,-51.47,,95.51329780000015,2026-05-28T12:29:03.316,2026-05-28T12:44:33.316,-930,,
multimetro,,,,95.72524919999887,2026-05-28T12:29:03.532,2026-05-28T12:44:33.532,-930,443.0,-0.00479033
multimetro,,,,95.94041859999925,2026-05-28T12:29:03.745,2026-05-28T12:44:33.745,-930,444.0,-0.00480392
balanza,192.0,-50.88,,96.01386999999886,2026-05-28T12:29:03.821,2026-05-28T12:44:33.821,-930,,
multimetro,,,,96.15542409999944,2026-05-28T12:29:03.962,2026-05-28T12:44:33.962,-930,445.0,-0.004817814
multimetro,,,,96.37048589999904,2026-05-28T12:29:04.178,2026-05-28T12:44:34.178,-930,446.0,-0.004832073
balanza,193.0,-50.65,,96.51315459999933,2026-05-28T12:29:04.311,2026-05-28T12:44:34.311,-930,,
multimetro,,,,96.58552450000025,2026-05-28T12:29:04.392,2026-05-28T12:44:34.392,-930,447.0,-0.004846061
multimetro,,,,96.80084390000047,2026-05-28T12:29:04.608,2026-05-28T12:44:34.608,-930,448.0,-0.004860017
balanza,194.0,-51.93,,97.01371339999969,2026-05-28T12:29:04.821,2026-05-28T12:44:34.821,-930,,
multimetro,,,,97.01584100000036,2026-05-28T12:29:04.821,2026-05-28T12:44:34.821,-930,449.0,-0.004874015
multimetro,,,,97.23107840000011,2026-05-28T12:29:05.039,2026-05-28T12:44:35.039,-930,450.0,-0.00488861
multimetro,,,,97.44623619999948,2026-05-28T12:29:05.250,2026-05-28T12:44:35.250,-930,451.0,-0.004903174
balanza,195.0,-51.62,,97.51326899999913,2026-05-28T12:29:05.312,2026-05-28T12:44:35.312,-930,,
multimetro,,,,97.6613739000004,2026-05-28T12:29:05.462,2026-05-28T12:44:35.462,-930,452.0,-0.004918145
multimetro,,,,97.87673109999923,2026-05-28T12:29:05.678,2026-05-28T12:44:35.678,-930,453.0,-0.004933159
balanza,196.0,-52.24,,98.01326159999917,2026-05-28T12:29:05.811,2026-05-28T12:44:35.811,-930,,
multimetro,,,,98.09180369999922,2026-05-28T12:29:05.899,2026-05-28T12:44:35.899,-930,454.0,-0.004948612
multimetro,,,,98.30695840000044,2026-05-28T12:29:06.112,2026-05-28T12:44:36.112,-930,455.0,-0.004964296
balanza,197.0,-53.4,,98.51337819999935,2026-05-28T12:29:06.312,2026-05-28T12:44:36.312,-930,,
multimetro,,,,98.52198999999928,2026-05-28T12:29:06.328,2026-05-28T12:44:36.328,-930,456.0,-0.004980126
multimetro,,,,98.73711600000024,2026-05-28T12:29:06.545,2026-05-28T12:44:36.545,-930,457.0,-0.004996763
multimetro,,,,98.95210670000051,2026-05-28T12:29:06.755,2026-05-28T12:44:36.755,-930,458.0,-0.005013713
balanza,198.0,-52.67,,99.01334589999897,2026-05-28T12:29:06.816,2026-05-28T12:44:36.816,-930,,
multimetro,,,,99.16727569999966,2026-05-28T12:29:06.971,2026-05-28T12:44:36.971,-930,459.0,-0.005031763
multimetro,,,,99.38233760000003,2026-05-28T12:29:07.188,2026-05-28T12:44:37.188,-930,460.0,-0.00505087
balanza,199.0,-52.75,,99.51329090000036,2026-05-28T12:29:07.312,2026-05-28T12:44:37.312,-930,,
multimetro,,,,99.59753739999906,2026-05-28T12:29:07.404,2026-05-28T12:44:37.404,-930,461.0,-0.005071349
multimetro,,,,99.81254040000022,2026-05-28T12:29:07.612,2026-05-28T12:44:37.612,-930,462.0,-0.005093922
balanza,200.0,-53.13,,100.01343730000008,2026-05-28T12:29:07.812,2026-05-28T12:44:37.812,-930,,
multimetro,,,,100.02765290000025,2026-05-28T12:29:07.828,2026-05-28T12:44:37.828,-930,463.0,-0.005118976
multimetro,,,,100.2428861999997,2026-05-28T12:29:08.045,2026-05-28T12:44:38.045,-930,464.0,-0.005146198
multimetro,,,,100.45809709999958,2026-05-28T12:29:08.262,2026-05-28T12:44:38.262,-930,465.0,-0.005176885
balanza,201.0,-52.65,,100.51329369999985,2026-05-28T12:29:08.312,2026-05-28T12:44:38.312,-930,,
multimetro,,,,100.67339129999891,2026-05-28T12:29:08.478,2026-05-28T12:44:38.478,-930,466.0,-0.005210931
multimetro,,,,100.88839039999948,2026-05-28T12:29:08.696,2026-05-28T12:44:38.696,-930,467.0,-0.005249219
balanza,202.0,-53.34,,101.01316079999924,2026-05-28T12:29:08.820,2026-05-28T12:44:38.820,-930,,
multimetro,,,,101.10372160000043,2026-05-28T12:29:08.911,2026-05-28T12:44:38.911,-930,468.0,-0.005291915
multimetro,,,,101.31880509999974,2026-05-28T12:29:09.121,2026-05-28T12:44:39.121,-930,469.0,-0.00533927
balanza,203.0,-55.7,,101.51336679999986,2026-05-28T12:29:09.312,2026-05-28T12:44:39.312,-930,,
multimetro,,,,101.53407150000021,2026-05-28T12:29:09.338,2026-05-28T12:44:39.338,-930,470.0,-0.005389797
multimetro,,,,101.74923639999906,2026-05-28T12:29:09.557,2026-05-28T12:44:39.557,-930,471.0,-0.005442323
multimetro,,,,101.96435109999948,2026-05-28T12:29:09.772,2026-05-28T12:44:39.772,-930,472.0,-0.005495143
balanza,204.0,-57.38,,102.01355589999912,2026-05-28T12:29:09.821,2026-05-28T12:44:39.821,-930,,
multimetro,,,,102.17947129999993,2026-05-28T12:29:09.983,2026-05-28T12:44:39.983,-930,473.0,-0.005546005
multimetro,,,,102.3943589999999,2026-05-28T12:29:10.202,2026-05-28T12:44:40.202,-930,474.0,-0.005593915
balanza,205.0,-58.06,,102.51333109999905,2026-05-28T12:29:10.316,2026-05-28T12:44:40.316,-930,,
multimetro,,,,102.60954049999964,2026-05-28T12:29:10.416,2026-05-28T12:44:40.416,-930,475.0,-0.005636548
multimetro,,,,102.8244751000002,2026-05-28T12:29:10.632,2026-05-28T12:44:40.632,-930,476.0,-0.005674564
balanza,206.0,-61.74,,103.01324319999912,2026-05-28T12:29:10.812,2026-05-28T12:44:40.812,-930,,
multimetro,,,,103.03952219999883,2026-05-28T12:29:10.847,2026-05-28T12:44:40.847,-930,477.0,-0.005707502
multimetro,,,,103.25470700000005,2026-05-28T12:29:11.062,2026-05-28T12:44:41.062,-930,478.0,-0.005735571
multimetro,,,,103.46982720000051,2026-05-28T12:29:11.275,2026-05-28T12:44:41.275,-930,479.0,-0.005759358
balanza,207.0,-63.77,,103.51348189999953,2026-05-28T12:29:11.312,2026-05-28T12:44:41.312,-930,,
multimetro,,,,103.68511819999912,2026-05-28T12:29:11.492,2026-05-28T12:44:41.492,-930,480.0,-0.005779324
multimetro,,,,103.90036949999921,2026-05-28T12:29:11.708,2026-05-28T12:44:41.708,-930,481.0,-0.005796044
balanza,208.0,-64.34,,104.013586699999,2026-05-28T12:29:11.812,2026-05-28T12:44:41.812,-930,,
multimetro,,,,104.11538490000021,2026-05-28T12:29:11.922,2026-05-28T12:44:41.922,-930,482.0,-0.005809822
multimetro,,,,104.33069160000014,2026-05-28T12:29:12.128,2026-05-28T12:44:42.128,-930,483.0,-0.005821329
balanza,209.0,-66.56,,104.51333669999985,2026-05-28T12:29:12.312,2026-05-28T12:44:42.312,-930,,
multimetro,,,,104.54635199999939,2026-05-28T12:29:12.345,2026-05-28T12:44:42.345,-930,484.0,-0.005830741
multimetro,,,,104.7613108000005,2026-05-28T12:29:12.564,2026-05-28T12:44:42.564,-930,485.0,-0.005838761
multimetro,,,,104.97652770000059,2026-05-28T12:29:12.778,2026-05-28T12:44:42.778,-930,486.0,-0.005845734
balanza,210.0,-65.66,,105.01358590000018,2026-05-28T12:29:12.812,2026-05-28T12:44:42.812,-930,,
multimetro,,,,105.19145159999971,2026-05-28T12:29:12.999,2026-05-28T12:44:42.999,-930,487.0,-0.005851597
multimetro,,,,105.40659359999881,2026-05-28T12:29:13.212,2026-05-28T12:44:43.212,-930,488.0,-0.005856758
balanza,211.0,-65.7,,105.51327429999947,2026-05-28T12:29:13.312,2026-05-28T12:44:43.312,-930,,
multimetro,,,,105.62153980000039,2026-05-28T12:29:13.428,2026-05-28T12:44:43.428,-930,489.0,-0.005861114
multimetro,,,,105.8367161999995,2026-05-28T12:29:13.638,2026-05-28T12:44:43.638,-930,490.0,-0.005865386
balanza,212.0,-66.49,,106.01334469999892,2026-05-28T12:29:13.816,2026-05-28T12:44:43.816,-930,,
multimetro,,,,106.05178309999974,2026-05-28T12:29:13.855,2026-05-28T12:44:43.855,-930,491.0,-0.005871322
multimetro,,,,106.26688449999892,2026-05-28T12:29:14.074,2026-05-28T12:44:44.074,-930,492.0,-0.005877373
multimetro,,,,106.48191229999975,2026-05-28T12:29:14.288,2026-05-28T12:44:44.288,-930,493.0,-0.005880274
balanza,213.0,-65.95,,106.51348680000046,2026-05-28T12:29:14.320,2026-05-28T12:44:44.320,-930,,
multimetro,,,,106.69719129999976,2026-05-28T12:29:14.505,2026-05-28T12:44:44.505,-930,494.0,-0.00588197
multimetro,,,,106.91234640000039,2026-05-28T12:29:14.712,2026-05-28T12:44:44.712,-930,495.0,-0.005883027
balanza,214.0,-66.92,,107.0132907999996,2026-05-28T12:29:14.812,2026-05-28T12:44:44.812,-930,,
multimetro,,,,107.12754669999958,2026-05-28T12:29:14.932,2026-05-28T12:44:44.932,-930,496.0,-0.005883781
multimetro,,,,107.34293789999901,2026-05-28T12:29:15.145,2026-05-28T12:44:45.145,-930,497.0,-0.005883907
balanza,215.0,-66.97,,107.51368489999913,2026-05-28T12:29:15.316,2026-05-28T12:44:45.316,-930,,
multimetro,,,,107.55788380000013,2026-05-28T12:29:15.362,2026-05-28T12:44:45.362,-930,498.0,-0.005884336
multimetro,,,,107.7730102000005,2026-05-28T12:29:15.578,2026-05-28T12:44:45.578,-930,499.0,-0.005884545
multimetro,,,,107.98797469999954,2026-05-28T12:29:15.795,2026-05-28T12:44:45.795,-930,500.0,-0.005884796
balanza,216.0,-66.84,,108.01362369999879,2026-05-28T12:29:15.820,2026-05-28T12:44:45.820,-930,,
multimetro,,,,108.20311219999894,2026-05-28T12:29:16.011,2026-05-28T12:44:46.011,-930,501.0,-0.005885184
multimetro,,,,108.4181480999996,2026-05-28T12:29:16.221,2026-05-28T12:44:46.221,-930,502.0,-0.005885508
balanza,217.0,-67.3,,108.51321999999891,2026-05-28T12:29:16.312,2026-05-28T12:44:46.312,-930,,
multimetro,,,,108.63329460000023,2026-05-28T12:29:16.438,2026-05-28T12:44:46.438,-930,503.0,-0.005885592
multimetro,,,,108.8482798999994,2026-05-28T12:29:16.655,2026-05-28T12:44:46.655,-930,504.0,-0.005885959
balanza,218.0,-66.54,,109.01376259999961,2026-05-28T12:29:16.812,2026-05-28T12:44:46.812,-930,,
multimetro,,,,109.06347629999982,2026-05-28T12:29:16.862,2026-05-28T12:44:46.862,-930,505.0,-0.005886011
multimetro,,,,109.27867259999948,2026-05-28T12:29:17.084,2026-05-28T12:44:47.084,-930,506.0,-0.005886325
multimetro,,,,109.49374779999926,2026-05-28T12:29:17.301,2026-05-28T12:44:47.301,-930,507.0,-0.005886524
balanza,219.0,-66.93,,109.51356490000035,2026-05-28T12:29:17.321,2026-05-28T12:44:47.321,-930,,
multimetro,,,,109.7089548999993,2026-05-28T12:29:17.512,2026-05-28T12:44:47.512,-930,508.0,-0.005886482
multimetro,,,,109.92410749999908,2026-05-28T12:29:17.731,2026-05-28T12:44:47.731,-930,509.0,-0.005886807
balanza,220.0,-66.86,,110.01321999999891,2026-05-28T12:29:17.812,2026-05-28T12:44:47.812,-930,,
multimetro,,,,110.13932849999946,2026-05-28T12:29:17.947,2026-05-28T12:44:47.947,-930,510.0,-0.005886869
multimetro,,,,110.35437210000055,2026-05-28T12:29:18.161,2026-05-28T12:44:48.161,-930,511.0,-0.005886911
balanza,221.0,-66.84,,110.51319619999958,2026-05-28T12:29:18.311,2026-05-28T12:44:48.311,-930,,
multimetro,,,,110.56953979999889,2026-05-28T12:29:18.372,2026-05-28T12:44:48.372,-930,512.0,-0.005887131
multimetro,,,,110.78454690000035,2026-05-28T12:29:18.592,2026-05-28T12:44:48.592,-930,513.0,-0.005887278
multimetro,,,,110.99971399999959,2026-05-28T12:29:18.807,2026-05-28T12:44:48.807,-930,514.0,-0.005887529
balanza,222.0,-67.38,,111.01323289999891,2026-05-28T12:29:18.817,2026-05-28T12:44:48.817,-930,,
multimetro,,,,111.21482639999886,2026-05-28T12:29:19.017,2026-05-28T12:44:49.017,-930,515.0,-0.005887801
multimetro,,,,111.42994199999885,2026-05-28T12:29:19.232,2026-05-28T12:44:49.232,-930,516.0,-0.00588799
balanza,223.0,-67.0,,111.51307520000046,2026-05-28T12:29:19.312,2026-05-28T12:44:49.312,-930,,
multimetro,,,,111.64512800000011,2026-05-28T12:29:19.445,2026-05-28T12:44:49.445,-930,517.0,-0.005888136
multimetro,,,,111.86010849999911,2026-05-28T12:29:19.666,2026-05-28T12:44:49.666,-930,518.0,-0.005888178
balanza,224.0,-67.3,,112.01312719999987,2026-05-28T12:29:19.812,2026-05-28T12:44:49.812,-930,,
multimetro,,,,112.07528449999882,2026-05-28T12:29:19.878,2026-05-28T12:44:49.878,-930,519.0,-0.005888283
multimetro,,,,112.29033069999969,2026-05-28T12:29:20.098,2026-05-28T12:44:50.098,-930,520.0,-0.005888513
multimetro,,,,112.50550649999968,2026-05-28T12:29:20.312,2026-05-28T12:44:50.312,-930,521.0,-0.005888388
balanza,225.0,-67.17,,112.513929499999,2026-05-28T12:29:20.321,2026-05-28T12:44:50.321,-930,,
multimetro,,,,112.72039500000028,2026-05-28T12:29:20.528,2026-05-28T12:44:50.528,-930,522.0,-0.005888545
multimetro,,,,112.9357127000003,2026-05-28T12:29:20.742,2026-05-28T12:44:50.742,-930,523.0,-0.005888733
balanza,226.0,-66.94,,113.01381039999978,2026-05-28T12:29:20.812,2026-05-28T12:44:50.812,-930,,
multimetro,,,,113.15065949999916,2026-05-28T12:29:20.955,2026-05-28T12:44:50.955,-930,524.0,-0.005888681
multimetro,,,,113.36575110000013,2026-05-28T12:29:21.164,2026-05-28T12:44:51.164,-930,525.0,-0.005888775
balanza,227.0,-67.33,,113.51324240000031,2026-05-28T12:29:21.312,2026-05-28T12:44:51.312,-930,,
multimetro,,,,113.58084959999906,2026-05-28T12:29:21.388,2026-05-28T12:44:51.388,-930,526.0,-0.005888869
multimetro,,,,113.79593430000023,2026-05-28T12:29:21.603,2026-05-28T12:44:51.603,-930,527.0,-0.005889058
multimetro,,,,114.01098809999894,2026-05-28T12:29:21.812,2026-05-28T12:44:51.812,-930,528.0,-0.005889246
balanza,228.0,-67.08,,114.0135111999989,2026-05-28T12:29:21.812,2026-05-28T12:44:51.812,-930,,
multimetro,,,,114.22613920000003,2026-05-28T12:29:22.028,2026-05-28T12:44:52.028,-930,529.0,-0.005889435
multimetro,,,,114.44134119999944,2026-05-28T12:29:22.245,2026-05-28T12:44:52.245,-930,530.0,-0.005889288
balanza,229.0,-67.32,,114.51330880000023,2026-05-28T12:29:22.316,2026-05-28T12:44:52.316,-930,,
multimetro,,,,114.65640789999998,2026-05-28T12:29:22.462,2026-05-28T12:44:52.462,-930,531.0,-0.005889424
multimetro,,,,114.87154980000014,2026-05-28T12:29:22.678,2026-05-28T12:44:52.678,-930,532.0,-0.005889403
balanza,230.0,-67.22,,115.01338170000054,2026-05-28T12:29:22.812,2026-05-28T12:44:52.812,-930,,
multimetro,,,,115.08683609999935,2026-05-28T12:29:22.888,2026-05-28T12:44:52.888,-930,533.0,-0.005889571
multimetro,,,,115.30205899999964,2026-05-28T12:29:23.109,2026-05-28T12:44:53.109,-930,534.0,-0.005889508
balanza,231.0,-67.0,,115.51331749999918,2026-05-28T12:29:23.312,2026-05-28T12:44:53.312,-930,,
multimetro,,,,115.51697549999881,2026-05-28T12:29:23.322,2026-05-28T12:44:53.322,-930,535.0,-0.005889686
multimetro,,,,115.7323125999992,2026-05-28T12:29:23.538,2026-05-28T12:44:53.538,-930,536.0,-0.005889801
multimetro,,,,115.94726769999943,2026-05-28T12:29:23.745,2026-05-28T12:44:53.745,-930,537.0,-0.005889906
balanza,232.0,-67.38,,116.01340779999919,2026-05-28T12:29:23.812,2026-05-28T12:44:53.812,-930,,
multimetro,,,,116.16250589999981,2026-05-28T12:29:23.967,2026-05-28T12:44:53.967,-930,538.0,-0.00589
multimetro,,,,116.3774856,2026-05-28T12:29:24.178,2026-05-28T12:44:54.178,-930,539.0,-0.005890052
balanza,233.0,-67.13,,116.51328859999921,2026-05-28T12:29:24.314,2026-05-28T12:44:54.314,-930,,
multimetro,,,,116.5926731999989,2026-05-28T12:29:24.400,2026-05-28T12:44:54.400,-930,540.0,-0.005889989
multimetro,,,,116.8077659999999,2026-05-28T12:29:24.615,2026-05-28T12:44:54.615,-930,541.0,-0.005890272
balanza,234.0,-67.23,,117.01322989999971,2026-05-28T12:29:24.816,2026-05-28T12:44:54.816,-930,,
multimetro,,,,117.02288599999883,2026-05-28T12:29:24.828,2026-05-28T12:44:54.828,-930,542.0,-0.005890293
multimetro,,,,117.23801549999916,2026-05-28T12:29:25.045,2026-05-28T12:44:55.045,-930,543.0,-0.005890251
multimetro,,,,117.45311709999987,2026-05-28T12:29:25.255,2026-05-28T12:44:55.255,-930,544.0,-0.005890356
balanza,235.0,-67.41,,117.51351319999958,2026-05-28T12:29:25.319,2026-05-28T12:44:55.319,-930,,
multimetro,,,,117.6682122000002,2026-05-28T12:29:25.474,2026-05-28T12:44:55.474,-930,545.0,-0.005890293
multimetro,,,,117.88343150000037,2026-05-28T12:29:25.688,2026-05-28T12:44:55.688,-930,546.0,-0.00589068
balanza,236.0,-67.18,,118.01385149999987,2026-05-28T12:29:25.821,2026-05-28T12:44:55.821,-930,,
multimetro,,,,118.09870579999915,2026-05-28T12:29:25.904,2026-05-28T12:44:55.904,-930,547.0,-0.005890419
multimetro,,,,118.3136384999998,2026-05-28T12:29:26.116,2026-05-28T12:44:56.116,-930,548.0,-0.005890471
balanza,237.0,-67.41,,118.51323039999988,2026-05-28T12:29:26.312,2026-05-28T12:44:56.312,-930,,
multimetro,,,,118.52894849999939,2026-05-28T12:29:26.332,2026-05-28T12:44:56.332,-930,549.0,-0.005890618
multimetro,,,,118.74390339999991,2026-05-28T12:29:26.551,2026-05-28T12:44:56.551,-930,550.0,-0.005890754
multimetro,,,,118.9591836999989,2026-05-28T12:29:26.766,2026-05-28T12:44:56.766,-930,551.0,-0.005890963
balanza,238.0,-67.25,,119.01355849999891,2026-05-28T12:29:26.821,2026-05-28T12:44:56.821,-930,,
multimetro,,,,119.17440569999962,2026-05-28T12:29:26.978,2026-05-28T12:44:56.978,-930,552.0,-0.005890921
multimetro,,,,119.38935119999951,2026-05-28T12:29:27.197,2026-05-28T12:44:57.197,-930,553.0,-0.005890879
balanza,239.0,-67.27,,119.51317589999962,2026-05-28T12:29:27.312,2026-05-28T12:44:57.312,-930,,
multimetro,,,,119.60441910000009,2026-05-28T12:29:27.412,2026-05-28T12:44:57.412,-930,554.0,-0.005891099
multimetro,,,,119.81949150000037,2026-05-28T12:29:27.625,2026-05-28T12:44:57.625,-930,555.0,-0.005890995
balanza,240.0,-67.29,,120.01353419999941,2026-05-28T12:29:27.812,2026-05-28T12:44:57.812,-930,,
multimetro,,,,120.03457179999896,2026-05-28T12:29:27.832,2026-05-28T12:44:57.832,-930,556.0,-0.005891005
multimetro,,,,120.24966839999979,2026-05-28T12:29:28.055,2026-05-28T12:44:58.055,-930,557.0,-0.005891078
multimetro,,,,120.46478690000004,2026-05-28T12:29:28.271,2026-05-28T12:44:58.271,-930,558.0,-0.005891026
balanza,241.0,-67.25,,120.51337070000045,2026-05-28T12:29:28.312,2026-05-28T12:44:58.312,-930,,
multimetro,,,,120.67999319999944,2026-05-28T12:29:28.478,2026-05-28T12:44:58.478,-930,559.0,-0.005890911
multimetro,,,,120.8951092999996,2026-05-28T12:29:28.703,2026-05-28T12:44:58.703,-930,560.0,-0.005891078
balanza,242.0,-67.42,,121.01342879999902,2026-05-28T12:29:28.812,2026-05-28T12:44:58.812,-930,,
multimetro,,,,121.11019889999989,2026-05-28T12:29:28.912,2026-05-28T12:44:58.912,-930,561.0,-0.005890911
multimetro,,,,121.32536849999997,2026-05-28T12:29:29.128,2026-05-28T12:44:59.128,-930,562.0,-0.00589089
balanza,243.0,-67.28,,121.51352450000013,2026-05-28T12:29:29.316,2026-05-28T12:44:59.316,-930,,
multimetro,,,,121.5405955999995,2026-05-28T12:29:29.345,2026-05-28T12:44:59.345,-930,563.0,-0.005890932
multimetro,,,,121.75572309999916,2026-05-28T12:29:29.562,2026-05-28T12:44:59.562,-930,564.0,-0.005891099
multimetro,,,,121.9708429000002,2026-05-28T12:29:29.778,2026-05-28T12:44:59.778,-930,565.0,-0.005891288
balanza,244.0,-67.35,,122.01343610000004,2026-05-28T12:29:29.812,2026-05-28T12:44:59.812,-930,,
multimetro,,,,122.18593909999981,2026-05-28T12:29:29.988,2026-05-28T12:44:59.988,-930,566.0,-0.005891298
multimetro,,,,122.40101800000048,2026-05-28T12:29:30.208,2026-05-28T12:45:00.208,-930,567.0,-0.005891298
balanza,245.0,-67.37,,122.51348879999932,2026-05-28T12:29:30.321,2026-05-28T12:45:00.321,-930,,
multimetro,,,,122.61603680000007,2026-05-28T12:29:30.421,2026-05-28T12:45:00.421,-930,568.0,-0.005891445
multimetro,,,,122.83122209999965,2026-05-28T12:29:30.638,2026-05-28T12:45:00.638,-930,569.0,-0.005891476
balanza,246.0,-67.29,,123.01337149999927,2026-05-28T12:29:30.816,2026-05-28T12:45:00.816,-930,,
multimetro,,,,123.04630919999909,2026-05-28T12:29:30.845,2026-05-28T12:45:00.845,-930,570.0,-0.005891539
multimetro,,,,123.26145899999938,2026-05-28T12:29:31.061,2026-05-28T12:45:01.061,-930,571.0,-0.005891591
multimetro,,,,123.4766882999993,2026-05-28T12:29:31.278,2026-05-28T12:45:01.278,-930,572.0,-0.005891811
balanza,247.0,-67.41,,123.513286899999,2026-05-28T12:29:31.312,2026-05-28T12:45:01.312,-930,,
multimetro,,,,123.69187299999976,2026-05-28T12:29:31.499,2026-05-28T12:45:01.499,-930,573.0,-0.005891686
multimetro,,,,123.90701830000035,2026-05-28T12:29:31.712,2026-05-28T12:45:01.712,-930,574.0,-0.005891696
balanza,248.0,-67.33,,124.01322049999908,2026-05-28T12:29:31.812,2026-05-28T12:45:01.812,-930,,
multimetro,,,,124.12210509999932,2026-05-28T12:29:31.928,2026-05-28T12:45:01.928,-930,575.0,-0.005891727
multimetro,,,,124.33722300000045,2026-05-28T12:29:32.144,2026-05-28T12:45:02.144,-930,576.0,-0.005891602
balanza,249.0,-67.43,,124.51340170000003,2026-05-28T12:29:32.312,2026-05-28T12:45:02.312,-930,,
multimetro,,,,124.55235429999993,2026-05-28T12:29:32.355,2026-05-28T12:45:02.355,-930,577.0,-0.005891445
multimetro,,,,124.76756589999968,2026-05-28T12:29:32.575,2026-05-28T12:45:02.575,-930,578.0,-0.005891361
multimetro,,,,124.98244979999981,2026-05-28T12:29:32.788,2026-05-28T12:45:02.788,-930,579.0,-0.005891707
balanza,250.0,-67.43,,125.01327990000027,2026-05-28T12:29:32.821,2026-05-28T12:45:02.821,-930,,
multimetro,,,,125.1976236999999,2026-05-28T12:29:33.005,2026-05-28T12:45:03.005,-930,580.0,-0.005891623
multimetro,,,,125.4127282999998,2026-05-28T12:29:33.214,2026-05-28T12:45:03.214,-930,581.0,-0.005891518
balanza,251.0,-67.34,,125.51330529999905,2026-05-28T12:29:33.311,2026-05-28T12:45:03.311,-930,,
multimetro,,,,125.62785549999899,2026-05-28T12:29:33.428,2026-05-28T12:45:03.428,-930,582.0,-0.005891759
multimetro,,,,125.8429415999999,2026-05-28T12:29:33.645,2026-05-28T12:45:03.645,-930,583.0,-0.005891675
balanza,252.0,-67.42,,126.01344869999957,2026-05-28T12:29:33.821,2026-05-28T12:45:03.821,-930,,
multimetro,,,,126.05801699999938,2026-05-28T12:29:33.865,2026-05-28T12:45:03.865,-930,584.0,-0.005891895
multimetro,,,,126.27326129999892,2026-05-28T12:29:34.080,2026-05-28T12:45:04.080,-930,585.0,-0.005891696
multimetro,,,,126.48823689999881,2026-05-28T12:29:34.295,2026-05-28T12:45:04.295,-930,586.0,-0.005891675
balanza,253.0,-67.39,,126.51346079999894,2026-05-28T12:29:34.321,2026-05-28T12:45:04.321,-930,,
multimetro,,,,126.70351239999945,2026-05-28T12:29:34.511,2026-05-28T12:45:04.511,-930,587.0,-0.005891717
multimetro,,,,126.91859920000024,2026-05-28T12:29:34.721,2026-05-28T12:45:04.721,-930,588.0,-0.005891843
balanza,254.0,-67.4,,127.01378269999987,2026-05-28T12:29:34.821,2026-05-28T12:45:04.821,-930,,
multimetro,,,,127.13381110000046,2026-05-28T12:29:34.932,2026-05-28T12:45:04.932,-930,589.0,-0.00589179
multimetro,,,,127.34888920000049,2026-05-28T12:29:35.149,2026-05-28T12:45:05.149,-930,590.0,-0.005891633
balanza,255.0,-67.43,,127.51324550000027,2026-05-28T12:29:35.311,2026-05-28T12:45:05.311,-930,,
multimetro,,,,127.56401840000035,2026-05-28T12:29:35.366,2026-05-28T12:45:05.366,-930,591.0,-0.005891623
multimetro,,,,127.7790941000003,2026-05-28T12:29:35.587,2026-05-28T12:45:05.587,-930,592.0,-0.005891581
multimetro,,,,127.9943334999989,2026-05-28T12:29:35.802,2026-05-28T12:45:05.802,-930,593.0,-0.005891529
balanza,256.0,-67.43,,128.0135446000004,2026-05-28T12:29:35.820,2026-05-28T12:45:05.820,-930,,
multimetro,,,,128.20940940000037,2026-05-28T12:29:36.012,2026-05-28T12:45:06.012,-930,594.0,-0.005891539
multimetro,,,,128.42450289999942,2026-05-28T12:29:36.232,2026-05-28T12:45:06.232,-930,595.0,-0.005891476
balanza,257.0,-67.42,,128.51323260000026,2026-05-28T12:29:36.316,2026-05-28T12:45:06.316,-930,,
multimetro,,,,128.63959339999928,2026-05-28T12:29:36.445,2026-05-28T12:45:06.445,-930,596.0,-0.00589156
multimetro,,,,128.85467210000024,2026-05-28T12:29:36.662,2026-05-28T12:45:06.662,-930,597.0,-0.005891633
balanza,258.0,-67.39,,129.01355870000043,2026-05-28T12:29:36.820,2026-05-28T12:45:06.820,-930,,
multimetro,,,,129.06993189999957,2026-05-28T12:29:36.875,2026-05-28T12:45:06.875,-930,598.0,-0.005891717
multimetro,,,,129.28521700000056,2026-05-28T12:29:37.093,2026-05-28T12:45:07.093,-930,599.0,-0.005891665
multimetro,,,,129.50044239999988,2026-05-28T12:29:37.308,2026-05-28T12:45:07.308,-930,600.0,-0.005891905
balanza,259.0,-67.46,,129.5138171999988,2026-05-28T12:29:37.312,2026-05-28T12:45:07.312,-930,,
multimetro,,,,129.7152986000001,2026-05-28T12:29:37.521,2026-05-28T12:45:07.521,-930,601.0,-0.005891926
multimetro,,,,129.93042979999882,2026-05-28T12:29:37.728,2026-05-28T12:45:07.728,-930,602.0,-0.005891905
balanza,260.0,-67.5,,130.01323550000052,2026-05-28T12:29:37.812,2026-05-28T12:45:07.812,-930,,
multimetro,,,,130.1455036999996,2026-05-28T12:29:37.945,2026-05-28T12:45:07.945,-930,603.0,-0.00589178
multimetro,,,,130.3606622999996,2026-05-28T12:29:38.164,2026-05-28T12:45:08.164,-930,604.0,-0.005891686
balanza,261.0,-67.39,,130.51319669999975,2026-05-28T12:29:38.311,2026-05-28T12:45:08.311,-930,,
multimetro,,,,130.57574860000022,2026-05-28T12:29:38.380,2026-05-28T12:45:08.380,-930,605.0,-0.005892052
multimetro,,,,130.79085660000055,2026-05-28T12:29:38.598,2026-05-28T12:45:08.598,-930,606.0,-0.005892136
multimetro,,,,131.00599229999898,2026-05-28T12:29:38.812,2026-05-28T12:45:08.812,-930,607.0,-0.00589178
balanza,262.0,-67.46,,131.01382019999983,2026-05-28T12:29:38.821,2026-05-28T12:45:08.821,-930,,
multimetro,,,,131.22115420000046,2026-05-28T12:29:39.028,2026-05-28T12:45:09.028,-930,608.0,-0.005892157
multimetro,,,,131.43633279999995,2026-05-28T12:29:39.238,2026-05-28T12:45:09.238,-930,609.0,-0.005892042
balanza,263.0,-67.45,,131.51359419999972,2026-05-28T12:29:39.316,2026-05-28T12:45:09.316,-930,,
multimetro,,,,131.65141109999968,2026-05-28T12:29:39.458,2026-05-28T12:45:09.458,-930,610.0,-0.005891926
multimetro,,,,131.8667863999999,2026-05-28T12:29:39.674,2026-05-28T12:45:09.674,-930,611.0,-0.005892094
balanza,264.0,-67.43,,132.01322299999993,2026-05-28T12:29:39.811,2026-05-28T12:45:09.811,-930,,
multimetro,,,,132.08173329999954,2026-05-28T12:29:39.889,2026-05-28T12:45:09.889,-930,612.0,-0.005892031
multimetro,,,,132.2970731000005,2026-05-28T12:29:40.104,2026-05-28T12:45:10.104,-930,613.0,-0.005892125
multimetro,,,,132.5119940000004,2026-05-28T12:29:40.312,2026-05-28T12:45:10.312,-930,614.0,-0.005891916
balanza,265.0,-67.38,,132.51356230000056,2026-05-28T12:29:40.321,2026-05-28T12:45:10.321,-930,,
multimetro,,,,132.7271523999989,2026-05-28T12:29:40.528,2026-05-28T12:45:10.528,-930,615.0,-0.005892062
multimetro,,,,132.94220379999933,2026-05-28T12:29:40.745,2026-05-28T12:45:10.745,-930,616.0,-0.005892
balanza,266.0,-67.46,,133.0132776999999,2026-05-28T12:29:40.816,2026-05-28T12:45:10.816,-930,,
multimetro,,,,133.15729040000042,2026-05-28T12:29:40.962,2026-05-28T12:45:10.962,-930,617.0,-0.005892104
multimetro,,,,133.37245559999974,2026-05-28T12:29:41.179,2026-05-28T12:45:11.179,-930,618.0,-0.005892042
balanza,267.0,-67.39,,133.51321850000022,2026-05-28T12:29:41.311,2026-05-28T12:45:11.311,-930,,
multimetro,,,,133.58742659999916,2026-05-28T12:29:41.395,2026-05-28T12:45:11.395,-930,619.0,-0.005892052
multimetro,,,,133.80255659999966,2026-05-28T12:29:41.609,2026-05-28T12:45:11.609,-930,620.0,-0.005892031
balanza,268.0,-67.37,,134.0131548999998,2026-05-28T12:29:41.811,2026-05-28T12:45:11.811,-930,,
multimetro,,,,134.0174575000001,2026-05-28T12:29:41.821,2026-05-28T12:45:11.821,-930,621.0,-0.005892115
multimetro,,,,134.2324936999994,2026-05-28T12:29:42.040,2026-05-28T12:45:12.040,-930,622.0,-0.005891989
multimetro,,,,134.44786939999904,2026-05-28T12:29:42.255,2026-05-28T12:45:12.255,-930,623.0,-0.005891989
balanza,269.0,-67.39,,134.51371300000028,2026-05-28T12:29:42.316,2026-05-28T12:45:12.316,-930,,
multimetro,,,,134.6633800999989,2026-05-28T12:29:42.462,2026-05-28T12:45:12.462,-930,624.0,-0.005892125
multimetro,,,,134.87831639999968,2026-05-28T12:29:42.680,2026-05-28T12:45:12.680,-930,625.0,-0.00589222
balanza,270.0,-67.35,,135.01310410000042,2026-05-28T12:29:42.820,2026-05-28T12:45:12.820,-930,,
multimetro,,,,135.09359190000032,2026-05-28T12:29:42.901,2026-05-28T12:45:12.901,-930,626.0,-0.005892345
multimetro,,,,135.3085427999995,2026-05-28T12:29:43.112,2026-05-28T12:45:13.112,-930,627.0,-0.005892272
balanza,271.0,-67.39,,135.51390360000005,2026-05-28T12:29:43.321,2026-05-28T12:45:13.321,-930,,
multimetro,,,,135.52370829999927,2026-05-28T12:29:43.328,2026-05-28T12:45:13.328,-930,628.0,-0.005892188
multimetro,,,,135.73871770000005,2026-05-28T12:29:43.545,2026-05-28T12:45:13.545,-930,629.0,-0.005892062
multimetro,,,,135.95364770000015,2026-05-28T12:29:43.761,2026-05-28T12:45:13.761,-930,630.0,-0.005892157
balanza,272.0,-67.41,,136.01345070000025,2026-05-28T12:29:43.813,2026-05-28T12:45:13.813,-930,,
multimetro,,,,136.16876049999883,2026-05-28T12:29:43.972,2026-05-28T12:45:13.972,-930,631.0,-0.005892209
multimetro,,,,136.3838563999998,2026-05-28T12:29:44.182,2026-05-28T12:45:14.182,-930,632.0,-0.005892104
balanza,273.0,-67.39,,136.51344419999987,2026-05-28T12:29:44.312,2026-05-28T12:45:14.312,-930,,
multimetro,,,,136.59906489999958,2026-05-28T12:29:44.405,2026-05-28T12:45:14.405,-930,633.0,-0.005892136
multimetro,,,,136.81400389999908,2026-05-28T12:29:44.616,2026-05-28T12:45:14.616,-930,634.0,-0.005892031
balanza,274.0,-67.41,,137.01419999999962,2026-05-28T12:29:44.821,2026-05-28T12:45:14.821,-930,,
multimetro,,,,137.0292274000003,2026-05-28T12:29:44.832,2026-05-28T12:45:14.832,-930,635.0,-0.005892104
multimetro,,,,137.24428369999987,2026-05-28T12:29:45.047,2026-05-28T12:45:15.047,-930,636.0,-0.005892178
multimetro,,,,137.4595835,2026-05-28T12:29:45.266,2026-05-28T12:45:15.266,-930,637.0,-0.005892073
balanza,275.0,-67.34,,137.51365729999998,2026-05-28T12:29:45.312,2026-05-28T12:45:15.312,-930,,
multimetro,,,,137.67453459999888,2026-05-28T12:29:45.481,2026-05-28T12:45:15.481,-930,638.0,-0.005892157
multimetro,,,,137.88995989999967,2026-05-28T12:29:45.697,2026-05-28T12:45:15.697,-930,639.0,-0.005892272
balanza,276.0,-67.37,,138.0132023999995,2026-05-28T12:29:45.812,2026-05-28T12:45:15.812,-930,,
multimetro,,,,138.10510769999928,2026-05-28T12:29:45.912,2026-05-28T12:45:15.912,-930,640.0,-0.00589223
multimetro,,,,138.3201670999988,2026-05-28T12:29:46.125,2026-05-28T12:45:16.125,-930,641.0,-0.005892136
balanza,277.0,-67.34,,138.51330020000023,2026-05-28T12:29:46.312,2026-05-28T12:45:16.312,-930,,
multimetro,,,,138.53547140000046,2026-05-28T12:29:46.342,2026-05-28T12:45:16.342,-930,642.0,-0.005892083
multimetro,,,,138.75061019999885,2026-05-28T12:29:46.555,2026-05-28T12:45:16.555,-930,643.0,-0.005892115
multimetro,,,,138.96572019999985,2026-05-28T12:29:46.772,2026-05-28T12:45:16.772,-930,644.0,-0.005892104
balanza,278.0,-67.36,,139.01370510000015,2026-05-28T12:29:46.821,2026-05-28T12:45:16.821,-930,,
multimetro,,,,139.18092459999934,2026-05-28T12:29:46.988,2026-05-28T12:45:16.988,-930,645.0,-0.005892083
multimetro,,,,139.39603869999883,2026-05-28T12:29:47.203,2026-05-28T12:45:17.203,-930,646.0,-0.00589222
balanza,279.0,-67.35,,139.51372009999977,2026-05-28T12:29:47.321,2026-05-28T12:45:17.321,-930,,
multimetro,,,,139.6111036000002,2026-05-28T12:29:47.417,2026-05-28T12:45:17.417,-930,647.0,-0.005892125
multimetro,,,,139.82617199999913,2026-05-28T12:29:47.628,2026-05-28T12:45:17.628,-930,648.0,-0.005892167
balanza,280.0,-67.33,,140.01376770000024,2026-05-28T12:29:47.821,2026-05-28T12:45:17.821,-930,,
multimetro,,,,140.04127940000035,2026-05-28T12:29:47.846,2026-05-28T12:45:17.846,-930,649.0,-0.005892083
multimetro,,,,140.25649429999976,2026-05-28T12:29:48.062,2026-05-28T12:45:18.062,-930,650.0,-0.005892146
multimetro,,,,140.47168559999955,2026-05-28T12:29:48.278,2026-05-28T12:45:18.278,-930,651.0,-0.005891989
balanza,281.0,-67.29,,140.51343760000054,2026-05-28T12:29:48.316,2026-05-28T12:45:18.316,-930,,
multimetro,,,,140.68701829999918,2026-05-28T12:29:48.494,2026-05-28T12:45:18.494,-930,652.0,-0.005892062
multimetro,,,,140.90206600000056,2026-05-28T12:29:48.709,2026-05-28T12:45:18.709,-930,653.0,-0.005891958
balanza,282.0,-67.29,,141.01322450000043,2026-05-28T12:29:48.812,2026-05-28T12:45:18.812,-930,,
multimetro,,,,141.11719769999945,2026-05-28T12:29:48.924,2026-05-28T12:45:18.924,-930,654.0,-0.005892021
multimetro,,,,141.33252319999883,2026-05-28T12:29:49.132,2026-05-28T12:45:19.132,-930,655.0,-0.005891989
balanza,283.0,-67.29,,141.51321400000052,2026-05-28T12:29:49.312,2026-05-28T12:45:19.312,-930,,
multimetro,,,,141.54746630000045,2026-05-28T12:29:49.354,2026-05-28T12:45:19.354,-930,656.0,-0.005892083
multimetro,,,,141.7625470999992,2026-05-28T12:29:49.566,2026-05-28T12:45:19.566,-930,657.0,-0.005892115
multimetro,,,,141.97764009999992,2026-05-28T12:29:49.778,2026-05-28T12:45:19.778,-930,658.0,-0.005892052
balanza,284.0,-67.32,,142.01354119999996,2026-05-28T12:29:49.821,2026-05-28T12:45:19.821,-930,,
multimetro,,,,142.19287339999937,2026-05-28T12:29:50.000,2026-05-28T12:45:20.000,-930,659.0,-0.005891895
multimetro,,,,142.40783229999943,2026-05-28T12:29:50.212,2026-05-28T12:45:20.212,-930,660.0,-0.005891979
balanza,285.0,-67.31,,142.51324709999972,2026-05-28T12:29:50.312,2026-05-28T12:45:20.312,-930,,
multimetro,,,,142.62306929999977,2026-05-28T12:29:50.431,2026-05-28T12:45:20.431,-930,661.0,-0.005891989
multimetro,,,,142.83820259999993,2026-05-28T12:29:50.645,2026-05-28T12:45:20.645,-930,662.0,-0.005892094
balanza,286.0,-67.34,,143.01331949999985,2026-05-28T12:29:50.811,2026-05-28T12:45:20.811,-930,,
multimetro,,,,143.05334389999916,2026-05-28T12:29:50.855,2026-05-28T12:45:20.855,-930,663.0,-0.005892167
multimetro,,,,143.26852279999912,2026-05-28T12:29:51.071,2026-05-28T12:45:21.071,-930,664.0,-0.00589222
multimetro,,,,143.48363380000046,2026-05-28T12:29:51.289,2026-05-28T12:45:21.289,-930,665.0,-0.005892387
balanza,287.0,-67.32,,143.51388229999975,2026-05-28T12:29:51.321,2026-05-28T12:45:21.321,-930,,
multimetro,,,,143.69878699999936,2026-05-28T12:29:51.506,2026-05-28T12:45:21.506,-930,666.0,-0.005892439
multimetro,,,,143.91376259999925,2026-05-28T12:29:51.721,2026-05-28T12:45:21.721,-930,667.0,-0.005892418
balanza,288.0,-67.24,,144.01318270000047,2026-05-28T12:29:51.811,2026-05-28T12:45:21.811,-930,,
multimetro,,,,144.1291110000002,2026-05-28T12:29:51.928,2026-05-28T12:45:21.928,-930,668.0,-0.005892492
multimetro,,,,144.34405979999974,2026-05-28T12:29:52.145,2026-05-28T12:45:22.145,-930,669.0,-0.005892408
balanza,289.0,-67.25,,144.51355929999954,2026-05-28T12:29:52.312,2026-05-28T12:45:22.312,-930,,
multimetro,,,,144.55930570000055,2026-05-28T12:29:52.362,2026-05-28T12:45:22.362,-930,670.0,-0.005892356
multimetro,,,,144.77428429999964,2026-05-28T12:29:52.578,2026-05-28T12:45:22.578,-930,671.0,-0.005892335
multimetro,,,,144.98944660000052,2026-05-28T12:29:52.797,2026-05-28T12:45:22.797,-930,672.0,-0.005892303
balanza,290.0,-67.24,,145.01337299999977,2026-05-28T12:29:52.821,2026-05-28T12:45:22.821,-930,,
multimetro,,,,145.20459599999958,2026-05-28T12:29:53.011,2026-05-28T12:45:23.011,-930,673.0,-0.005892398
multimetro,,,,145.41969579999932,2026-05-28T12:29:53.221,2026-05-28T12:45:23.221,-930,674.0,-0.00589245
balanza,291.0,-67.24,,145.51334639999914,2026-05-28T12:29:53.311,2026-05-28T12:45:23.311,-930,,
multimetro,,,,145.63473440000053,2026-05-28T12:29:53.441,2026-05-28T12:45:23.441,-930,675.0,-0.005892534
multimetro,,,,145.8498122000001,2026-05-28T12:29:53.655,2026-05-28T12:45:23.655,-930,676.0,-0.005892387
balanza,292.0,-67.26,,146.01334300000053,2026-05-28T12:29:53.812,2026-05-28T12:45:23.812,-930,,
multimetro,,,,146.0648913999994,2026-05-28T12:29:53.872,2026-05-28T12:45:23.872,-930,677.0,-0.005892492
multimetro,,,,146.28015369999957,2026-05-28T12:29:54.078,2026-05-28T12:45:24.078,-930,678.0,-0.005892502
multimetro,,,,146.49538550000034,2026-05-28T12:29:54.303,2026-05-28T12:45:24.303,-930,679.0,-0.005892398
balanza,293.0,-67.23,,146.5133320999994,2026-05-28T12:29:54.321,2026-05-28T12:45:24.321,-930,,
multimetro,,,,146.710313399999,2026-05-28T12:29:54.516,2026-05-28T12:45:24.516,-930,680.0,-0.005892555
multimetro,,,,146.9256261999999,2026-05-28T12:29:54.733,2026-05-28T12:45:24.733,-930,681.0,-0.005892607
balanza,294.0,-67.29,,147.01342579999982,2026-05-28T12:29:54.811,2026-05-28T12:45:24.811,-930,,
multimetro,,,,147.14053969999986,2026-05-28T12:29:54.947,2026-05-28T12:45:24.947,-930,682.0,-0.005892492
multimetro,,,,147.3557280999994,2026-05-28T12:29:55.163,2026-05-28T12:45:25.163,-930,683.0,-0.005892083
balanza,295.0,-67.23,,147.5132193999998,2026-05-28T12:29:55.312,2026-05-28T12:45:25.312,-930,,
multimetro,,,,147.57089869999982,2026-05-28T12:29:55.378,2026-05-28T12:45:25.378,-930,684.0,-0.005892021
multimetro,,,,147.7859642000003,2026-05-28T12:29:55.592,2026-05-28T12:45:25.592,-930,685.0,-0.005891916
multimetro,,,,148.00107369999932,2026-05-28T12:29:55.808,2026-05-28T12:45:25.808,-930,686.0,-0.005892115
balanza,296.0,-67.21,,148.01366380000036,2026-05-28T12:29:55.815,2026-05-28T12:45:25.815,-930,,
multimetro,,,,148.21618639999906,2026-05-28T12:29:56.022,2026-05-28T12:45:26.022,-930,687.0,-0.005892272
multimetro,,,,148.4313858000005,2026-05-28T12:29:56.238,2026-05-28T12:45:26.238,-930,688.0,-0.005892178
balanza,297.0,-67.27,,148.51323799999955,2026-05-28T12:29:56.316,2026-05-28T12:45:26.316,-930,,
multimetro,,,,148.64646259999972,2026-05-28T12:29:56.445,2026-05-28T12:45:26.445,-930,689.0,-0.00589222
multimetro,,,,148.86155569999937,2026-05-28T12:29:56.663,2026-05-28T12:45:26.663,-930,690.0,-0.005892303
balanza,298.0,-67.21,,149.01330319999943,2026-05-28T12:29:56.811,2026-05-28T12:45:26.811,-930,,
multimetro,,,,149.07680619999883,2026-05-28T12:29:56.882,2026-05-28T12:45:26.882,-930,691.0,-0.005892136
multimetro,,,,149.29192469999907,2026-05-28T12:29:57.099,2026-05-28T12:45:27.099,-930,692.0,-0.005891989
multimetro,,,,149.50704740000037,2026-05-28T12:29:57.312,2026-05-28T12:45:27.312,-930,693.0,-0.005891968
balanza,299.0,-67.21,,149.51371280000058,2026-05-28T12:29:57.321,2026-05-28T12:45:27.321,-930,,
multimetro,,,,149.7223713000003,2026-05-28T12:29:57.528,2026-05-28T12:45:27.528,-930,694.0,-0.005892021
multimetro,,,,149.93744589999915,2026-05-28T12:29:57.745,2026-05-28T12:45:27.745,-930,695.0,-0.005892073
balanza,300.0,-67.18,,150.0133877999997,2026-05-28T12:29:57.816,2026-05-28T12:45:27.816,-930,,
multimetro,,,,150.152570799999,2026-05-28T12:29:57.955,2026-05-28T12:45:27.955,-930,696.0,-0.005892345
multimetro,,,,150.36769879999883,2026-05-28T12:29:58.175,2026-05-28T12:45:28.175,-930,697.0,-0.005892261
balanza,301.0,-67.15,,150.51326229999904,2026-05-28T12:29:58.311,2026-05-28T12:45:28.311,-930,,
multimetro,,,,150.58263400000033,2026-05-28T12:29:58.388,2026-05-28T12:45:28.388,-930,698.0,-0.005892272
multimetro,,,,150.79777619999913,2026-05-28T12:29:58.605,2026-05-28T12:45:28.605,-930,699.0,-0.005892314
multimetro,,,,151.0128812999992,2026-05-28T12:29:58.811,2026-05-28T12:45:28.811,-930,700.0,-0.005892575
balanza,302.0,-67.15,,151.01330260000032,2026-05-28T12:29:58.811,2026-05-28T12:45:28.811,-930,,
multimetro,,,,151.22801649999928,2026-05-28T12:29:59.035,2026-05-28T12:45:29.035,-930,701.0,-0.005892523
multimetro,,,,151.44308269999965,2026-05-28T12:29:59.245,2026-05-28T12:45:29.245,-930,702.0,-0.005892387
balanza,303.0,-67.21,,151.51325989999896,2026-05-28T12:29:59.312,2026-05-28T12:45:29.312,-930,,
multimetro,,,,151.65820320000057,2026-05-28T12:29:59.461,2026-05-28T12:45:29.461,-930,703.0,-0.005892492
multimetro,,,,151.8735469000003,2026-05-28T12:29:59.678,2026-05-28T12:45:29.678,-930,704.0,-0.005892586
balanza,304.0,-67.16,,152.0132649999996,2026-05-28T12:29:59.816,2026-05-28T12:45:29.816,-930,,
multimetro,,,,152.08862389999922,2026-05-28T12:29:59.896,2026-05-28T12:45:29.896,-930,705.0,-0.005892596
multimetro,,,,152.3036618999995,2026-05-28T12:30:00.111,2026-05-28T12:45:30.111,-930,706.0,-0.005892691
balanza,305.0,-67.18,,152.51376600000003,2026-05-28T12:30:00.321,2026-05-28T12:45:30.321,-930,,
multimetro,,,,152.5189188000004,2026-05-28T12:30:00.321,2026-05-28T12:45:30.321,-930,707.0,-0.005892607
multimetro,,,,152.73400480000055,2026-05-28T12:30:00.538,2026-05-28T12:45:30.538,-930,708.0,-0.00589268
multimetro,,,,152.94910449999952,2026-05-28T12:30:00.753,2026-05-28T12:45:30.753,-930,709.0,-0.005892586
balanza,306.0,-67.13,,153.01323550000052,2026-05-28T12:30:00.812,2026-05-28T12:45:30.812,-930,,
multimetro,,,,153.16427199999998,2026-05-28T12:30:00.972,2026-05-28T12:45:30.972,-930,710.0,-0.005892649
multimetro,,,,153.37936830000035,2026-05-28T12:30:01.181,2026-05-28T12:45:31.181,-930,711.0,-0.005892911
balanza,307.0,-67.18,,153.5133206999999,2026-05-28T12:30:01.312,2026-05-28T12:45:31.312,-930,,
multimetro,,,,153.59449089999907,2026-05-28T12:30:01.402,2026-05-28T12:45:31.402,-930,712.0,-0.005892921
multimetro,,,,153.80957089999902,2026-05-28T12:30:01.611,2026-05-28T12:45:31.611,-930,713.0,-0.005892858
balanza,308.0,-67.1,,154.01362379999955,2026-05-28T12:30:01.811,2026-05-28T12:45:31.811,-930,,
multimetro,,,,154.02465049999955,2026-05-28T12:30:01.830,2026-05-28T12:45:31.830,-930,714.0,-0.005892795
multimetro,,,,154.2397865999992,2026-05-28T12:30:02.045,2026-05-28T12:45:32.045,-930,715.0,-0.0058929
multimetro,,,,154.45485949999966,2026-05-28T12:30:02.261,2026-05-28T12:45:32.261,-930,716.0,-0.005893005
balanza,309.0,-67.12,,154.51325429999997,2026-05-28T12:30:02.316,2026-05-28T12:45:32.316,-930,,
multimetro,,,,154.67011420000017,2026-05-28T12:30:02.472,2026-05-28T12:45:32.472,-930,717.0,-0.005893151
multimetro,,,,154.88531750000038,2026-05-28T12:30:02.690,2026-05-28T12:45:32.690,-930,718.0,-0.005893047
balanza,310.0,-67.15,,155.01348490000055,2026-05-28T12:30:02.821,2026-05-28T12:45:32.821,-930,,
multimetro,,,,155.10039700000016,2026-05-28T12:30:02.907,2026-05-28T12:45:32.907,-930,719.0,-0.00589313
multimetro,,,,155.3154596000004,2026-05-28T12:30:03.121,2026-05-28T12:45:33.121,-930,720.0,-0.005893151
balanza,311.0,-67.17,,155.51329950000036,2026-05-28T12:30:03.312,2026-05-28T12:45:33.312,-930,,
multimetro,,,,155.53055940000013,2026-05-28T12:30:03.338,2026-05-28T12:45:33.338,-930,721.0,-0.005893109
multimetro,,,,155.74565099999927,2026-05-28T12:30:03.545,2026-05-28T12:45:33.545,-930,722.0,-0.005893109
multimetro,,,,155.96065420000014,2026-05-28T12:30:03.761,2026-05-28T12:45:33.761,-930,723.0,-0.005893089
balanza,312.0,-67.05,,156.01340759999948,2026-05-28T12:30:03.812,2026-05-28T12:45:33.812,-930,,
multimetro,,,,156.17558710000048,2026-05-28T12:30:03.978,2026-05-28T12:45:33.978,-930,724.0,-0.005893319
multimetro,,,,156.390668,2026-05-28T12:30:04.198,2026-05-28T12:45:34.198,-930,725.0,-0.005893151
balanza,313.0,-67.08,,156.51314009999987,2026-05-28T12:30:04.312,2026-05-28T12:45:34.312,-930,,
multimetro,,,,156.60564239999985,2026-05-28T12:30:04.411,2026-05-28T12:45:34.411,-930,726.0,-0.005893287
multimetro,,,,156.82070229999954,2026-05-28T12:30:04.628,2026-05-28T12:45:34.628,-930,727.0,-0.005893204
balanza,314.0,-67.07,,157.01349850000042,2026-05-28T12:30:04.821,2026-05-28T12:45:34.821,-930,,
multimetro,,,,157.0358073999996,2026-05-28T12:30:04.838,2026-05-28T12:45:34.838,-930,728.0,-0.005893266
multimetro,,,,157.25088669999968,2026-05-28T12:30:05.058,2026-05-28T12:45:35.058,-930,729.0,-0.005893319
multimetro,,,,157.46617739999965,2026-05-28T12:30:05.272,2026-05-28T12:45:35.272,-930,730.0,-0.005893151
balanza,315.0,-67.07,,157.51362169999993,2026-05-28T12:30:05.321,2026-05-28T12:45:35.321,-930,,
multimetro,,,,157.68129719999888,2026-05-28T12:30:05.488,2026-05-28T12:45:35.488,-930,731.0,-0.005893172
multimetro,,,,157.8964579000003,2026-05-28T12:30:05.700,2026-05-28T12:45:35.700,-930,732.0,-0.005893319
balanza,316.0,-67.05,,158.01331769999888,2026-05-28T12:30:05.816,2026-05-28T12:45:35.816,-930,,
multimetro,,,,158.11169619999964,2026-05-28T12:30:05.916,2026-05-28T12:45:35.916,-930,733.0,-0.00589335
multimetro,,,,158.3269046000005,2026-05-28T12:30:06.128,2026-05-28T12:45:36.128,-930,734.0,-0.005893382
balanza,317.0,-67.03,,158.51374159999978,2026-05-28T12:30:06.321,2026-05-28T12:45:36.321,-930,,
multimetro,,,,158.54184989999885,2026-05-28T12:30:06.345,2026-05-28T12:45:36.345,-930,735.0,-0.005893287
multimetro,,,,158.75691319999896,2026-05-28T12:30:06.564,2026-05-28T12:45:36.564,-930,736.0,-0.005893361
multimetro,,,,158.9719624999998,2026-05-28T12:30:06.779,2026-05-28T12:45:36.779,-930,737.0,-0.005893214
balanza,318.0,-67.03,,159.01339139999982,2026-05-28T12:30:06.820,2026-05-28T12:45:36.820,-930,,
multimetro,,,,159.1868959000003,2026-05-28T12:30:06.994,2026-05-28T12:45:36.994,-930,738.0,-0.005893266
multimetro,,,,159.4018586000002,2026-05-28T12:30:07.209,2026-05-28T12:45:37.209,-930,739.0,-0.005893162
balanza,319.0,-67.04,,159.5134165999989,2026-05-28T12:30:07.316,2026-05-28T12:45:37.316,-930,,
multimetro,,,,159.616944899999,2026-05-28T12:30:07.416,2026-05-28T12:45:37.416,-930,740.0,-0.005893193
multimetro,,,,159.8320287000006,2026-05-28T12:30:07.632,2026-05-28T12:45:37.632,-930,741.0,-0.005893172
balanza,320.0,-67.02,,160.0133750999994,2026-05-28T12:30:07.811,2026-05-28T12:45:37.811,-930,,
multimetro,,,,160.04710329999943,2026-05-28T12:30:07.854,2026-05-28T12:45:37.854,-930,742.0,-0.005893225
multimetro,,,,160.26227929999914,2026-05-28T12:30:08.070,2026-05-28T12:45:38.070,-930,743.0,-0.005893319
multimetro,,,,160.477511699999,2026-05-28T12:30:08.282,2026-05-28T12:45:38.282,-930,744.0,-0.005893287
balanza,321.0,-67.02,,160.51327349999883,2026-05-28T12:30:08.321,2026-05-28T12:45:38.321,-930,,
multimetro,,,,160.69265319999977,2026-05-28T12:30:08.500,2026-05-28T12:45:38.500,-930,745.0,-0.005893162
multimetro,,,,160.90773309999895,2026-05-28T12:30:08.713,2026-05-28T12:45:38.713,-930,746.0,-0.005893246
balanza,322.0,-67.03,,161.0133375000005,2026-05-28T12:30:08.816,2026-05-28T12:45:38.816,-930,,
multimetro,,,,161.12293610000052,2026-05-28T12:30:08.928,2026-05-28T12:45:38.928,-930,747.0,-0.005893246
multimetro,,,,161.3379789999999,2026-05-28T12:30:09.145,2026-05-28T12:45:39.145,-930,748.0,-0.00589334
balanza,323.0,-66.99,,161.51326580000023,2026-05-28T12:30:09.312,2026-05-28T12:45:39.312,-930,,
multimetro,,,,161.5530517999996,2026-05-28T12:30:09.354,2026-05-28T12:45:39.354,-930,749.0,-0.005893308
multimetro,,,,161.76814340000055,2026-05-28T12:30:09.575,2026-05-28T12:45:39.575,-930,750.0,-0.005893277
multimetro,,,,161.9834176000004,2026-05-28T12:30:09.782,2026-05-28T12:45:39.782,-930,751.0,-0.005893382
balanza,324.0,-66.98,,162.01335879999897,2026-05-28T12:30:09.814,2026-05-28T12:45:39.814,-930,,
multimetro,,,,162.198361499999,2026-05-28T12:30:09.999,2026-05-28T12:45:39.999,-930,752.0,-0.005893476
multimetro,,,,162.4134938999996,2026-05-28T12:30:10.221,2026-05-28T12:45:40.221,-930,753.0,-0.005893214
balanza,325.0,-67.05,,162.51340809999965,2026-05-28T12:30:10.317,2026-05-28T12:45:40.317,-930,,
multimetro,,,,162.62867790000018,2026-05-28T12:30:10.428,2026-05-28T12:45:40.428,-930,754.0,-0.005893329
multimetro,,,,162.84388149999904,2026-05-28T12:30:10.645,2026-05-28T12:45:40.645,-930,755.0,-0.00589334
balanza,326.0,-67.03,,163.01325969999925,2026-05-28T12:30:10.819,2026-05-28T12:45:40.819,-930,,
multimetro,,,,163.05923679999978,2026-05-28T12:30:10.861,2026-05-28T12:45:40.861,-930,756.0,-0.005893424
multimetro,,,,163.27418339999895,2026-05-28T12:30:11.078,2026-05-28T12:45:41.078,-930,757.0,-0.005893277
multimetro,,,,163.48936409999988,2026-05-28T12:30:11.296,2026-05-28T12:45:41.296,-930,758.0,-0.005893266
balanza,327.0,-67.03,,163.51344249999966,2026-05-28T12:30:11.312,2026-05-28T12:45:41.312,-930,,
multimetro,,,,163.70431090000056,2026-05-28T12:30:11.512,2026-05-28T12:45:41.512,-930,759.0,-0.00589334
multimetro,,,,163.91962239999884,2026-05-28T12:30:11.725,2026-05-28T12:45:41.725,-930,760.0,-0.005893403
balanza,328.0,-67.04,,164.0133791999997,2026-05-28T12:30:11.816,2026-05-28T12:45:41.816,-930,,
multimetro,,,,164.13472860000002,2026-05-28T12:30:11.942,2026-05-28T12:45:41.942,-930,761.0,-0.005893549
multimetro,,,,164.3498851000004,2026-05-28T12:30:12.154,2026-05-28T12:45:42.154,-930,762.0,-0.005893696
balanza,329.0,-66.98,,164.51367140000002,2026-05-28T12:30:12.321,2026-05-28T12:45:42.321,-930,,
multimetro,,,,164.5648743999991,2026-05-28T12:30:12.372,2026-05-28T12:45:42.372,-930,763.0,-0.005893821
multimetro,,,,164.78005809999922,2026-05-28T12:30:12.578,2026-05-28T12:45:42.578,-930,764.0,-0.005893842
multimetro,,,,164.99524120000024,2026-05-28T12:30:12.803,2026-05-28T12:45:42.803,-930,765.0,-0.005893727
balanza,330.0,-66.99,,165.01349560000017,2026-05-28T12:30:12.821,2026-05-28T12:45:42.821,-930,,
multimetro,,,,165.21032519999972,2026-05-28T12:30:13.013,2026-05-28T12:45:43.013,-930,766.0,-0.005893528
multimetro,,,,165.42552849999993,2026-05-28T12:30:13.230,2026-05-28T12:45:43.230,-930,767.0,-0.005893612
balanza,331.0,-67.05,,165.51347989999886,2026-05-28T12:30:13.321,2026-05-28T12:45:43.321,-930,,
multimetro,,,,165.64058099999966,2026-05-28T12:30:13.445,2026-05-28T12:45:43.445,-930,768.0,-0.005893738
multimetro,,,,165.85588989999997,2026-05-28T12:30:13.663,2026-05-28T12:45:43.663,-930,769.0,-0.005893591
balanza,332.0,-67.06,,166.01374099999884,2026-05-28T12:30:13.816,2026-05-28T12:45:43.816,-930,,
multimetro,,,,166.07076810000035,2026-05-28T12:30:13.878,2026-05-28T12:45:43.878,-930,770.0,-0.005893528
multimetro,,,,166.28589999999895,2026-05-28T12:30:14.088,2026-05-28T12:45:44.088,-930,771.0,-0.005893748
multimetro,,,,166.50086960000044,2026-05-28T12:30:14.308,2026-05-28T12:45:44.308,-930,772.0,-0.005893612
balanza,333.0,-66.98,,166.51355139999941,2026-05-28T12:30:14.311,2026-05-28T12:45:44.311,-930,,
multimetro,,,,166.71597709999878,2026-05-28T12:30:14.521,2026-05-28T12:45:44.521,-930,773.0,-0.005893539
multimetro,,,,166.93117150000035,2026-05-28T12:30:14.737,2026-05-28T12:45:44.737,-930,774.0,-0.005893664
balanza,334.0,-67.02,,167.0136337999993,2026-05-28T12:30:14.821,2026-05-28T12:45:44.821,-930,,
multimetro,,,,167.14636719999908,2026-05-28T12:30:14.945,2026-05-28T12:45:44.945,-930,775.0,-0.005893528
multimetro,,,,167.36157759999878,2026-05-28T12:30:15.164,2026-05-28T12:45:45.164,-930,776.0,-0.005893581
balanza,335.0,-66.98,,167.51334359999964,2026-05-28T12:30:15.321,2026-05-28T12:45:45.321,-930,,
multimetro,,,,167.57654039999943,2026-05-28T12:30:15.383,2026-05-28T12:45:45.383,-930,777.0,-0.005893602
multimetro,,,,167.79169329999968,2026-05-28T12:30:15.599,2026-05-28T12:45:45.599,-930,778.0,-0.005893643
multimetro,,,,168.00685440000052,2026-05-28T12:30:15.814,2026-05-28T12:45:45.814,-930,779.0,-0.005893392
balanza,336.0,-67.05,,168.01320349999878,2026-05-28T12:30:15.821,2026-05-28T12:45:45.821,-930,,
multimetro,,,,168.22194080000008,2026-05-28T12:30:16.029,2026-05-28T12:45:46.029,-930,780.0,-0.005893581
multimetro,,,,168.436957599999,2026-05-28T12:30:16.244,2026-05-28T12:45:46.244,-930,781.0,-0.005893633
balanza,337.0,-66.98,,168.51344470000004,2026-05-28T12:30:16.311,2026-05-28T12:45:46.311,-930,,
multimetro,,,,168.65217180000036,2026-05-28T12:30:16.454,2026-05-28T12:45:46.454,-930,782.0,-0.005893612
multimetro,,,,168.86725560000014,2026-05-28T12:30:16.670,2026-05-28T12:45:46.670,-930,783.0,-0.005893622
balanza,338.0,-66.95,,169.0135379000003,2026-05-28T12:30:16.811,2026-05-28T12:45:46.811,-930,,
multimetro,,,,169.08224119999977,2026-05-28T12:30:16.882,2026-05-28T12:45:46.882,-930,784.0,-0.005893455
multimetro,,,,169.2972389000006,2026-05-28T12:30:17.099,2026-05-28T12:45:47.099,-930,785.0,-0.00589356
multimetro,,,,169.51221260000057,2026-05-28T12:30:17.320,2026-05-28T12:45:47.320,-930,786.0,-0.005893413
balanza,339.0,-66.96,,169.51369449999947,2026-05-28T12:30:17.320,2026-05-28T12:45:47.320,-930,,
multimetro,,,,169.72729570000047,2026-05-28T12:30:17.532,2026-05-28T12:45:47.532,-930,787.0,-0.005893246
multimetro,,,,169.94243989999995,2026-05-28T12:30:17.749,2026-05-28T12:45:47.749,-930,788.0,-0.00589334
balanza,340.0,-66.99,,170.01342789999944,2026-05-28T12:30:17.811,2026-05-28T12:45:47.811,-930,,
multimetro,,,,170.15755569999965,2026-05-28T12:30:17.961,2026-05-28T12:45:47.961,-930,789.0,-0.005893581
multimetro,,,,170.37268419999964,2026-05-28T12:30:18.178,2026-05-28T12:45:48.178,-930,790.0,-0.005893685
balanza,341.0,-66.96,,170.51323869999942,2026-05-28T12:30:18.311,2026-05-28T12:45:48.311,-930,,
multimetro,,,,170.5878257000004,2026-05-28T12:30:18.395,2026-05-28T12:45:48.395,-930,791.0,-0.005893759
multimetro,,,,170.80279209999935,2026-05-28T12:30:18.610,2026-05-28T12:45:48.610,-930,792.0,-0.005893748
balanza,342.0,-66.94,,171.01329450000048,2026-05-28T12:30:18.811,2026-05-28T12:45:48.811,-930,,
multimetro,,,,171.01793179999913,2026-05-28T12:30:18.822,2026-05-28T12:45:48.822,-930,793.0,-0.005893643
multimetro,,,,171.23303730000043,2026-05-28T12:30:19.040,2026-05-28T12:45:49.040,-930,794.0,-0.005893329
multimetro,,,,171.44832490000044,2026-05-28T12:30:19.254,2026-05-28T12:45:49.254,-930,795.0,-0.005893162
balanza,343.0,-67.0,,171.5135465000003,2026-05-28T12:30:19.313,2026-05-28T12:45:49.313,-930,,
multimetro,,,,171.663520099999,2026-05-28T12:30:19.461,2026-05-28T12:45:49.461,-930,796.0,-0.005893298
multimetro,,,,171.87877049999952,2026-05-28T12:30:19.678,2026-05-28T12:45:49.678,-930,797.0,-0.005893277
balanza,344.0,-67.01,,172.01330380000036,2026-05-28T12:30:19.811,2026-05-28T12:45:49.811,-930,,
multimetro,,,,172.09375349999937,2026-05-28T12:30:19.901,2026-05-28T12:45:49.901,-930,798.0,-0.005893214
multimetro,,,,172.30882139999994,2026-05-28T12:30:20.111,2026-05-28T12:45:50.111,-930,799.0,-0.005893308
balanza,345.0,-66.95,,172.51330009999947,2026-05-28T12:30:20.311,2026-05-28T12:45:50.311,-930,,
multimetro,,,,172.5240517000002,2026-05-28T12:30:20.328,2026-05-28T12:45:50.328,-930,800.0,-0.005893183
multimetro,,,,172.73903979999886,2026-05-28T12:30:20.545,2026-05-28T12:45:50.545,-930,801.0,-0.005893235
multimetro,,,,172.95411140000033,2026-05-28T12:30:20.761,2026-05-28T12:45:50.761,-930,802.0,-0.005893068
balanza,346.0,-66.95,,173.01366319999943,2026-05-28T12:30:20.816,2026-05-28T12:45:50.816,-930,,
multimetro,,,,173.16921999999977,2026-05-28T12:30:20.971,2026-05-28T12:45:50.971,-930,803.0,-0.005893329
multimetro,,,,173.38433029999942,2026-05-28T12:30:21.192,2026-05-28T12:45:51.192,-930,804.0,-0.005893507
balanza,347.0,-66.98,,173.51321629999984,2026-05-28T12:30:21.311,2026-05-28T12:45:51.311,-930,,
multimetro,,,,173.5993531999993,2026-05-28T12:30:21.407,2026-05-28T12:45:51.407,-930,805.0,-0.005893361
multimetro,,,,173.81440870000006,2026-05-28T12:30:21.621,2026-05-28T12:45:51.621,-930,806.0,-0.005893162
balanza,348.0,-66.86,,174.01326349999908,2026-05-28T12:30:21.811,2026-05-28T12:45:51.811,-930,,
multimetro,,,,174.02945360000012,2026-05-28T12:30:21.828,2026-05-28T12:45:51.828,-930,807.0,-0.005893298
multimetro,,,,174.2446885999998,2026-05-28T12:30:22.045,2026-05-28T12:45:52.045,-930,808.0,-0.005893308
multimetro,,,,174.4596290999998,2026-05-28T12:30:22.261,2026-05-28T12:45:52.261,-930,809.0,-0.005893099
balanza,349.0,-66.87,,174.5135391999993,2026-05-28T12:30:22.316,2026-05-28T12:45:52.316,-930,,
multimetro,,,,174.67476109999916,2026-05-28T12:30:22.478,2026-05-28T12:45:52.478,-930,810.0,-0.005892973
multimetro,,,,174.88976580000053,2026-05-28T12:30:22.697,2026-05-28T12:45:52.697,-930,811.0,-0.00589289
balanza,350.0,-66.93,,175.01338209999994,2026-05-28T12:30:22.821,2026-05-28T12:45:52.821,-930,,
multimetro,,,,175.10482070000035,2026-05-28T12:30:22.911,2026-05-28T12:45:52.911,-930,812.0,-0.005892984
multimetro,,,,175.32006869999896,2026-05-28T12:30:23.128,2026-05-28T12:45:53.128,-930,813.0,-0.005892973
balanza,351.0,-66.9,,175.51326329999938,2026-05-28T12:30:23.311,2026-05-28T12:45:53.311,-930,,
multimetro,,,,175.53502780000053,2026-05-28T12:30:23.338,2026-05-28T12:45:53.338,-930,814.0,-0.005893026
multimetro,,,,175.75002589999895,2026-05-28T12:30:23.558,2026-05-28T12:45:53.558,-930,815.0,-0.005892942
multimetro,,,,175.96507500000007,2026-05-28T12:30:23.772,2026-05-28T12:45:53.772,-930,816.0,-0.005892984
balanza,352.0,-66.88,,176.0138334000003,2026-05-28T12:30:23.821,2026-05-28T12:45:53.821,-930,,
multimetro,,,,176.1803775999997,2026-05-28T12:30:23.988,2026-05-28T12:45:53.988,-930,817.0,-0.005893109
multimetro,,,,176.39531329999954,2026-05-28T12:30:24.203,2026-05-28T12:45:54.203,-930,818.0,-0.005893005
balanza,353.0,-66.93,,176.51336149999952,2026-05-28T12:30:24.316,2026-05-28T12:45:54.316,-930,,
multimetro,,,,176.6105220999998,2026-05-28T12:30:24.416,2026-05-28T12:45:54.416,-930,819.0,-0.005893068
multimetro,,,,176.82551989999956,2026-05-28T12:30:24.632,2026-05-28T12:45:54.632,-930,820.0,-0.005892785
balanza,354.0,-66.97,,177.01365450000048,2026-05-28T12:30:24.821,2026-05-28T12:45:54.821,-930,,
multimetro,,,,177.04085149999992,2026-05-28T12:30:24.848,2026-05-28T12:45:54.848,-930,821.0,-0.005892963
multimetro,,,,177.25595649999923,2026-05-28T12:30:25.063,2026-05-28T12:45:55.063,-930,822.0,-0.005892659
multimetro,,,,177.47134949999963,2026-05-28T12:30:25.279,2026-05-28T12:45:55.279,-930,823.0,-0.00589267
balanza,355.0,-67.0,,177.51341219999995,2026-05-28T12:30:25.321,2026-05-28T12:45:55.321,-930,,
multimetro,,,,177.68653090000043,2026-05-28T12:30:25.487,2026-05-28T12:45:55.487,-930,824.0,-0.00589268
multimetro,,,,177.90163720000055,2026-05-28T12:30:25.708,2026-05-28T12:45:55.708,-930,825.0,-0.005892617
balanza,356.0,-66.97,,178.01328250000006,2026-05-28T12:30:25.816,2026-05-28T12:45:55.816,-930,,
multimetro,,,,178.1167974,2026-05-28T12:30:25.920,2026-05-28T12:45:55.920,-930,826.0,-0.005892691
multimetro,,,,178.33185649999905,2026-05-28T12:30:26.132,2026-05-28T12:45:56.132,-930,827.0,-0.005892743
balanza,357.0,-66.95,,178.51319560000047,2026-05-28T12:30:26.311,2026-05-28T12:45:56.311,-930,,
multimetro,,,,178.5470733000002,2026-05-28T12:30:26.345,2026-05-28T12:45:56.345,-930,828.0,-0.005892691
multimetro,,,,178.7620668999989,2026-05-28T12:30:26.561,2026-05-28T12:45:56.561,-930,829.0,-0.005892607
multimetro,,,,178.97727479999958,2026-05-28T12:30:26.778,2026-05-28T12:45:56.778,-930,830.0,-0.005892795
balanza,358.0,-66.96,,179.0136380999993,2026-05-28T12:30:26.811,2026-05-28T12:45:56.811,-930,,
multimetro,,,,179.19234619999952,2026-05-28T12:30:27.000,2026-05-28T12:45:57.000,-930,831.0,-0.005892858
multimetro,,,,179.40747269999883,2026-05-28T12:30:27.211,2026-05-28T12:45:57.211,-930,832.0,-0.005892753
balanza,359.0,-66.94,,179.51318749999882,2026-05-28T12:30:27.311,2026-05-28T12:45:57.311,-930,,
multimetro,,,,179.6225101,2026-05-28T12:30:27.428,2026-05-28T12:45:57.428,-930,833.0,-0.005892774
multimetro,,,,179.83775260000039,2026-05-28T12:30:27.645,2026-05-28T12:45:57.645,-930,834.0,-0.005892785
multimetro,,,,180.05288110000038,2026-05-28T12:30:27.855,2026-05-28T12:45:57.855,-930,835.0,-0.005892848
