tiempo_s,tiempo_multimetro_s,voltaje_V,indice_multimetro,fecha_hora_corregida_hp,fecha_hora_pc_sin_corregir_hp,error_hp,tiempo_balanza_s,masa_g,indice_balanza,fecha_hora_corregida_balanza,fecha_hora_pc_sin_corregir_balanza,error_balanza,delta_t_balanza_multimetro_s
0.415782300000501,0.415782300000501,0.001137089,0,2026-05-28T12:27:28.215,2026-05-28T12:42:58.215,,,,,,,,
0.6318866000001435,0.6318866000001435,0.001134933,1,2026-05-28T12:27:28.439,2026-05-28T12:42:58.439,,1.427840299998934,,0.0,2026-05-28T12:27:29.231,2026-05-28T12:42:59.231,Error desde Arduino: HX711 not found.,0.7959536999987904
0.8469181999989814,0.8469181999989814,0.001134964,2,2026-05-28T12:27:28.646,2026-05-28T12:42:58.646,,1.427840299998934,,0.0,2026-05-28T12:27:29.231,2026-05-28T12:42:59.231,Error desde Arduino: HX711 not found.,0.5809220999999525
1.062026199999309,1.062026199999309,0.001134828,3,2026-05-28T12:27:28.860,2026-05-28T12:42:58.860,,1.427840299998934,,0.0,2026-05-28T12:27:29.231,2026-05-28T12:42:59.231,Error desde Arduino: HX711 not found.,0.3658140999996249
1.2770289999989473,1.2770289999989473,0.001135728,4,2026-05-28T12:27:29.080,2026-05-28T12:42:59.080,,1.427840299998934,,0.0,2026-05-28T12:27:29.231,2026-05-28T12:42:59.231,Error desde Arduino: HX711 not found.,0.15081129999998666
1.492149599998811,1.492149599998811,0.00113487,5,2026-05-28T12:27:29.292,2026-05-28T12:42:59.292,,1.427840299998934,,0.0,2026-05-28T12:27:29.231,2026-05-28T12:42:59.231,Error desde Arduino: HX711 not found.,-0.06430929999987711
1.7073044999997364,1.7073044999997364,0.00113464,6,2026-05-28T12:27:29.506,2026-05-28T12:42:59.506,,1.427840299998934,,0.0,2026-05-28T12:27:29.231,2026-05-28T12:42:59.231,Error desde Arduino: HX711 not found.,-0.2794642000008025
1.922293499999796,1.922293499999796,0.001129059,7,2026-05-28T12:27:29.723,2026-05-28T12:42:59.723,,1.427840299998934,,0.0,2026-05-28T12:27:29.231,2026-05-28T12:42:59.231,Error desde Arduino: HX711 not found.,-0.4944532000008621
2.137807499999326,2.137807499999326,0.001124808,8,2026-05-28T12:27:29.945,2026-05-28T12:42:59.945,,2.4190493000005517,0.03,1.0,2026-05-28T12:27:30.222,2026-05-28T12:43:00.222,,0.2812418000012258
2.3528320000004896,2.3528320000004896,0.001126829,9,2026-05-28T12:27:30.151,2026-05-28T12:43:00.151,,2.4190493000005517,0.03,1.0,2026-05-28T12:27:30.222,2026-05-28T12:43:00.222,,0.0662173000000621
2.567912200000137,2.567912200000137,0.001124662,10,2026-05-28T12:27:30.375,2026-05-28T12:43:00.375,,2.4423429999988002,,2.0,2026-05-28T12:27:30.242,2026-05-28T12:43:00.242,Error desde Arduino: HX711 not found.,-0.12556920000133687
2.7828916999987996,2.7828916999987996,0.001122913,11,2026-05-28T12:27:30.583,2026-05-28T12:43:00.583,,2.4423429999988002,,2.0,2026-05-28T12:27:30.242,2026-05-28T12:43:00.242,Error desde Arduino: HX711 not found.,-0.34054869999999937
2.9981557999999495,2.9981557999999495,0.001124756,12,2026-05-28T12:27:30.804,2026-05-28T12:43:00.804,,3.4335814000005485,0.01,3.0,2026-05-28T12:27:31.236,2026-05-28T12:43:01.236,,0.43542560000059893
3.2132578999990073,3.2132578999990073,0.001126107,13,2026-05-28T12:27:31.016,2026-05-28T12:43:01.016,,3.4335814000005485,0.01,3.0,2026-05-28T12:27:31.236,2026-05-28T12:43:01.236,,0.2203235000015411
3.428338599998824,3.428338599998824,0.00112484,14,2026-05-28T12:27:31.226,2026-05-28T12:43:01.226,,3.4335814000005485,0.01,3.0,2026-05-28T12:27:31.236,2026-05-28T12:43:01.236,,0.00524280000172439
3.6433618999999453,3.6433618999999453,0.001125772,15,2026-05-28T12:27:31.448,2026-05-28T12:43:01.448,,3.4565717999994376,,4.0,2026-05-28T12:27:31.256,2026-05-28T12:43:01.256,Error desde Arduino: HX711 not found.,-0.18679010000050766
3.858465299999807,3.858465299999807,0.001127866,16,2026-05-28T12:27:31.661,2026-05-28T12:43:01.661,,3.4565717999994376,,4.0,2026-05-28T12:27:31.256,2026-05-28T12:43:01.256,Error desde Arduino: HX711 not found.,-0.4018935000003694
4.073623099999168,4.073623099999168,0.0011264,17,2026-05-28T12:27:31.879,2026-05-28T12:43:01.879,,4.448979299999337,-0.01,5.0,2026-05-28T12:27:32.252,2026-05-28T12:43:02.252,,0.37535620000016934
4.288858899999468,4.288858899999468,0.001124892,18,2026-05-28T12:27:32.091,2026-05-28T12:43:02.091,,4.448979299999337,-0.01,5.0,2026-05-28T12:27:32.252,2026-05-28T12:43:02.252,,0.16012039999986882
4.5041361000003235,4.5041361000003235,0.001129771,19,2026-05-28T12:27:32.312,2026-05-28T12:43:02.312,,4.484193500000401,,7.0,2026-05-28T12:27:32.282,2026-05-28T12:43:02.282,Error desde Arduino: HX711 not found.,-0.019942599999922095
4.719242799999847,4.719242799999847,0.001130619,20,2026-05-28T12:27:32.522,2026-05-28T12:43:02.522,,4.484193500000401,,7.0,2026-05-28T12:27:32.282,2026-05-28T12:43:02.282,Error desde Arduino: HX711 not found.,-0.2350492999994458
4.934456099999807,4.934456099999807,0.001130389,21,2026-05-28T12:27:32.739,2026-05-28T12:43:02.739,,4.484193500000401,,7.0,2026-05-28T12:27:32.282,2026-05-28T12:43:02.282,Error desde Arduino: HX711 not found.,-0.4502625999994052
5.149498900000253,5.149498900000253,0.001128316,22,2026-05-28T12:27:32.951,2026-05-28T12:43:02.951,,5.476612599999498,-0.01,8.0,2026-05-28T12:27:33.282,2026-05-28T12:43:03.282,,0.327113699999245
5.364544899999601,5.364544899999601,0.001127719,23,2026-05-28T12:27:33.171,2026-05-28T12:43:03.171,,5.476612599999498,-0.01,8.0,2026-05-28T12:27:33.282,2026-05-28T12:43:03.282,,0.11206769999989774
5.5796143999996275,5.5796143999996275,0.001125269,24,2026-05-28T12:27:33.382,2026-05-28T12:43:03.382,,5.499707699998908,,9.0,2026-05-28T12:27:33.302,2026-05-28T12:43:03.302,Error desde Arduino: HX711 not found.,-0.07990670000071987
5.794476199998826,5.794476199998826,0.001124787,25,2026-05-28T12:27:33.598,2026-05-28T12:43:03.598,,5.499707699998908,,9.0,2026-05-28T12:27:33.302,2026-05-28T12:43:03.302,Error desde Arduino: HX711 not found.,-0.2947684999999183
6.009431299999051,6.009431299999051,0.001122526,26,2026-05-28T12:27:33.809,2026-05-28T12:43:03.809,,6.492186899999069,22.18,10.0,2026-05-28T12:27:34.291,2026-05-28T12:43:04.291,,0.4827556000000186
6.22445130000051,6.22445130000051,0.001123845,27,2026-05-28T12:27:34.032,2026-05-28T12:43:04.032,,6.492186899999069,22.18,10.0,2026-05-28T12:27:34.291,2026-05-28T12:43:04.291,,0.26773559999855934
6.439537399999608,6.439537399999608,0.001116736,28,2026-05-28T12:27:34.241,2026-05-28T12:43:04.241,,6.492186899999069,22.18,10.0,2026-05-28T12:27:34.291,2026-05-28T12:43:04.291,,0.052649499999461113
6.654647499999555,6.654647499999555,0.001105921,29,2026-05-28T12:27:34.459,2026-05-28T12:43:04.459,,6.515369099999589,,11.0,2026-05-28T12:27:34.321,2026-05-28T12:43:04.321,Error desde Arduino: HX711 not found.,-0.1392783999999665
6.8697508000004746,6.8697508000004746,0.001040579,30,2026-05-28T12:27:34.675,2026-05-28T12:43:04.675,,6.515369099999589,,11.0,2026-05-28T12:27:34.321,2026-05-28T12:43:04.321,Error desde Arduino: HX711 not found.,-0.35438170000088576
7.084805399999823,7.084805399999823,0.001086007,31,2026-05-28T12:27:34.886,2026-05-28T12:43:04.886,,7.507734700000583,29.59,12.0,2026-05-28T12:27:35.312,2026-05-28T12:43:05.312,,0.4229293000007601
7.29995339999914,7.29995339999914,0.001051059,32,2026-05-28T12:27:35.099,2026-05-28T12:43:05.099,,7.507734700000583,29.59,12.0,2026-05-28T12:27:35.312,2026-05-28T12:43:05.312,,0.20778130000144301
7.514779400000407,7.514779400000407,0.00107136,33,2026-05-28T12:27:35.322,2026-05-28T12:43:05.322,,7.507734700000583,29.59,12.0,2026-05-28T12:27:35.312,2026-05-28T12:43:05.312,,-0.0070446999998239335
7.730078999999023,7.730078999999023,0.001040799,34,2026-05-28T12:27:35.529,2026-05-28T12:43:05.529,,7.5318091999997705,,13.0,2026-05-28T12:27:35.339,2026-05-28T12:43:05.339,Error desde Arduino: HX711 not found.,-0.19826979999925243
7.94509189999917,7.94509189999917,0.001008751,35,2026-05-28T12:27:35.745,2026-05-28T12:43:05.745,,7.5318091999997705,,13.0,2026-05-28T12:27:35.339,2026-05-28T12:43:05.339,Error desde Arduino: HX711 not found.,-0.4132826999993995
8.170620299999428,8.170620299999428,0.000997067,36,2026-05-28T12:27:35.988,2026-05-28T12:43:05.988,,8.524489899999026,30.94,14.0,2026-05-28T12:27:36.329,2026-05-28T12:43:06.329,,0.353869599999598
8.395606199999747,8.395606199999747,0.001009264,37,2026-05-28T12:27:36.195,2026-05-28T12:43:06.195,,8.524489899999026,30.94,14.0,2026-05-28T12:27:36.329,2026-05-28T12:43:06.329,,0.12888369999927818
8.610519699999713,8.610519699999713,0.000969102,38,2026-05-28T12:27:36.412,2026-05-28T12:43:06.412,,8.547947799999747,,15.0,2026-05-28T12:27:36.355,2026-05-28T12:43:06.355,Error desde Arduino: HX711 not found.,-0.06257189999996626
8.825469100000191,8.825469100000191,0.000957072,39,2026-05-28T12:27:36.629,2026-05-28T12:43:06.629,,8.547947799999747,,15.0,2026-05-28T12:27:36.355,2026-05-28T12:43:06.355,Error desde Arduino: HX711 not found.,-0.27752130000044417
9.040594000000056,9.040594000000056,0.000956517,40,2026-05-28T12:27:36.845,2026-05-28T12:43:06.845,,8.547947799999747,,15.0,2026-05-28T12:27:36.355,2026-05-28T12:43:06.355,Error desde Arduino: HX711 not found.,-0.49264620000030845
9.255765500000052,9.255765500000052,0.000938007,41,2026-05-28T12:27:37.062,2026-05-28T12:43:07.062,,9.540419200000542,26.44,16.0,2026-05-28T12:27:37.345,2026-05-28T12:43:07.345,,0.28465370000049006
9.470643499998914,9.470643499998914,0.000914492,42,2026-05-28T12:27:37.278,2026-05-28T12:43:07.278,,9.540419200000542,26.44,16.0,2026-05-28T12:27:37.345,2026-05-28T12:43:07.345,,0.06977570000162814
9.685693299999912,9.685693299999912,0.000893542,43,2026-05-28T12:27:37.488,2026-05-28T12:43:07.488,,9.563675100000182,,17.0,2026-05-28T12:27:37.362,2026-05-28T12:43:07.362,Error desde Arduino: HX711 not found.,-0.1220181999997294
9.900672399999166,9.900672399999166,0.00087455,44,2026-05-28T12:27:37.705,2026-05-28T12:43:07.705,,9.563675100000182,,17.0,2026-05-28T12:27:37.362,2026-05-28T12:43:07.362,Error desde Arduino: HX711 not found.,-0.3369972999989841
10.115580800000316,10.115580800000316,0.000855432,45,2026-05-28T12:27:37.922,2026-05-28T12:43:07.922,,10.556066600000122,22.1,18.0,2026-05-28T12:27:38.362,2026-05-28T12:43:08.362,,0.44048579999980575
10.330591699999786,10.330591699999786,0.000838597,46,2026-05-28T12:27:38.129,2026-05-28T12:43:08.129,,10.556066600000122,22.1,18.0,2026-05-28T12:27:38.362,2026-05-28T12:43:08.362,,0.22547490000033577
10.545620400000189,10.545620400000189,0.000820903,47,2026-05-28T12:27:38.345,2026-05-28T12:43:08.345,,10.556066600000122,22.1,18.0,2026-05-28T12:27:38.362,2026-05-28T12:43:08.362,,0.010446199999933015
10.760668299999452,10.760668299999452,0.000801356,48,2026-05-28T12:27:38.562,2026-05-28T12:43:08.562,,10.57940310000049,,19.0,2026-05-28T12:27:38.384,2026-05-28T12:43:08.384,Error desde Arduino: HX711 not found.,-0.18126519999896118
10.975787699999273,10.975787699999273,0.000782123,49,2026-05-28T12:27:38.778,2026-05-28T12:43:08.778,,10.57940310000049,,19.0,2026-05-28T12:27:38.384,2026-05-28T12:43:08.384,Error desde Arduino: HX711 not found.,-0.3963845999987825
11.190711699999156,11.190711699999156,0.000762021,50,2026-05-28T12:27:38.995,2026-05-28T12:43:08.995,,11.57182019999891,18.95,20.0,2026-05-28T12:27:39.379,2026-05-28T12:43:09.379,,0.3811084999997547
11.40570359999947,11.40570359999947,0.000740013,51,2026-05-28T12:27:39.212,2026-05-28T12:43:09.212,,11.57182019999891,18.95,20.0,2026-05-28T12:27:39.379,2026-05-28T12:43:09.379,,0.16611659999944095
11.620732100000168,11.620732100000168,0.000718288,52,2026-05-28T12:27:39.428,2026-05-28T12:43:09.428,,11.607342899998912,,22.0,2026-05-28T12:27:39.412,2026-05-28T12:43:09.412,Error desde Arduino: HX711 not found.,-0.01338920000125654
11.835764100000233,11.835764100000233,0.000699286,53,2026-05-28T12:27:39.639,2026-05-28T12:43:09.639,,11.607342899998912,,22.0,2026-05-28T12:27:39.412,2026-05-28T12:43:09.412,Error desde Arduino: HX711 not found.,-0.22842120000132127
12.050709999999526,12.050709999999526,0.000677509,54,2026-05-28T12:27:39.855,2026-05-28T12:43:09.855,,11.607342899998912,,22.0,2026-05-28T12:27:39.412,2026-05-28T12:43:09.412,Error desde Arduino: HX711 not found.,-0.4433671000006143
12.265640300000086,12.265640300000086,0.0006568,55,2026-05-28T12:27:40.072,2026-05-28T12:43:10.072,,12.599741099998937,17.69,23.0,2026-05-28T12:27:40.405,2026-05-28T12:43:10.405,,0.33410079999885056
12.48083349999979,12.48083349999979,0.000635766,56,2026-05-28T12:27:40.288,2026-05-28T12:43:10.288,,12.599741099998937,17.69,23.0,2026-05-28T12:27:40.405,2026-05-28T12:43:10.405,,0.11890759999914735
12.695582099999228,12.695582099999228,0.000615528,57,2026-05-28T12:27:40.497,2026-05-28T12:43:10.497,,12.623115799999141,,24.0,2026-05-28T12:27:40.429,2026-05-28T12:43:10.429,Error desde Arduino: HX711 not found.,-0.07246630000008736
12.910530299999664,12.910530299999664,0.000592756,58,2026-05-28T12:27:40.712,2026-05-28T12:43:10.712,,12.623115799999141,,24.0,2026-05-28T12:27:40.429,2026-05-28T12:43:10.429,Error desde Arduino: HX711 not found.,-0.2874145000005228
13.125609499998973,13.125609499998973,0.000572528,59,2026-05-28T12:27:40.929,2026-05-28T12:43:10.929,,13.615481200000431,15.11,25.0,2026-05-28T12:27:41.422,2026-05-28T12:43:11.422,,0.4898717000014585
13.340703399999256,13.340703399999256,0.000552269,60,2026-05-28T12:27:41.145,2026-05-28T12:43:11.145,,13.615481200000431,15.11,25.0,2026-05-28T12:27:41.422,2026-05-28T12:43:11.422,,0.2747778000011749
13.555660899999566,13.555660899999566,0.000531477,61,2026-05-28T12:27:41.362,2026-05-28T12:43:11.362,,13.615481200000431,15.11,25.0,2026-05-28T12:27:41.422,2026-05-28T12:43:11.422,,0.059820300000865245
13.770651499999076,13.770651499999076,0.000510663,62,2026-05-28T12:27:41.578,2026-05-28T12:43:11.578,,13.638765100000455,,26.0,2026-05-28T12:27:41.446,2026-05-28T12:43:11.446,Error desde Arduino: HX711 not found.,-0.13188639999862062
13.985717999999906,13.985717999999906,0.000491335,63,2026-05-28T12:27:41.789,2026-05-28T12:43:11.789,,13.638765100000455,,26.0,2026-05-28T12:27:41.446,2026-05-28T12:43:11.446,Error desde Arduino: HX711 not found.,-0.3469528999994509
14.200653099998817,14.200653099998817,0.000470919,64,2026-05-28T12:27:42.005,2026-05-28T12:43:12.005,,14.631313399999271,12.18,27.0,2026-05-28T12:27:42.438,2026-05-28T12:43:12.438,,0.4306603000004543
14.41560489999938,14.41560489999938,0.000450755,65,2026-05-28T12:27:42.222,2026-05-28T12:43:12.222,,14.631313399999271,12.18,27.0,2026-05-28T12:27:42.438,2026-05-28T12:43:12.438,,0.2157084999998915
14.630869200000234,14.630869200000234,0.000428663,66,2026-05-28T12:27:42.438,2026-05-28T12:43:12.438,,14.631313399999271,12.18,27.0,2026-05-28T12:27:42.438,2026-05-28T12:43:12.438,,0.0004441999990376644
14.845806799999991,14.845806799999991,0.000408624,67,2026-05-28T12:27:42.645,2026-05-28T12:43:12.645,,14.653065599999536,,28.0,2026-05-28T12:27:42.459,2026-05-28T12:43:12.459,Error desde Arduino: HX711 not found.,-0.19274120000045514
15.06086569999934,15.06086569999934,0.000387737,68,2026-05-28T12:27:42.864,2026-05-28T12:43:12.864,,14.653065599999536,,28.0,2026-05-28T12:27:42.459,2026-05-28T12:43:12.459,Error desde Arduino: HX711 not found.,-0.40780009999980393
15.275694199999634,15.275694199999634,0.000367572,69,2026-05-28T12:27:43.079,2026-05-28T12:43:13.079,,15.64687589999994,10.7,29.0,2026-05-28T12:27:43.449,2026-05-28T12:43:13.449,,0.3711817000003066
15.490502499998911,15.490502499998911,0.000349072,70,2026-05-28T12:27:43.295,2026-05-28T12:43:13.295,,15.64687589999994,10.7,29.0,2026-05-28T12:27:43.449,2026-05-28T12:43:13.449,,0.15637340000102995
15.705360699999801,15.705360699999801,0.000327651,71,2026-05-28T12:27:43.512,2026-05-28T12:43:13.512,,15.66992620000019,,30.0,2026-05-28T12:27:43.472,2026-05-28T12:43:13.472,Error desde Arduino: HX711 not found.,-0.035434499999610125
15.92025029999968,15.92025029999968,0.000308554,72,2026-05-28T12:27:43.722,2026-05-28T12:43:13.722,,15.66992620000019,,30.0,2026-05-28T12:27:43.472,2026-05-28T12:43:13.472,Error desde Arduino: HX711 not found.,-0.2503240999994887
16.135072699999,16.135072699999,0.000282914,73,2026-05-28T12:27:43.939,2026-05-28T12:43:13.939,,15.66992620000019,,30.0,2026-05-28T12:27:43.472,2026-05-28T12:43:13.472,Error desde Arduino: HX711 not found.,-0.4651464999988093
16.350020399999266,16.350020399999266,0.000264068,74,2026-05-28T12:27:44.155,2026-05-28T12:43:14.155,,16.661401499999556,9.49,31.0,2026-05-28T12:27:44.462,2026-05-28T12:43:14.462,,0.31138110000028973
16.564733199998955,16.564733199998955,0.00024649,75,2026-05-28T12:27:44.371,2026-05-28T12:43:14.371,,16.661401499999556,9.49,31.0,2026-05-28T12:27:44.462,2026-05-28T12:43:14.462,,0.09666830000060145
16.779833200000212,16.779833200000212,0.000226963,76,2026-05-28T12:27:44.579,2026-05-28T12:43:14.579,,16.684516899998926,,32.0,2026-05-28T12:27:44.488,2026-05-28T12:43:14.488,Error desde Arduino: HX711 not found.,-0.09531630000128644
16.994857599998795,16.994857599998795,0.000207751,77,2026-05-28T12:27:44.795,2026-05-28T12:43:14.795,,16.684516899998926,,32.0,2026-05-28T12:27:44.488,2026-05-28T12:43:14.488,Error desde Arduino: HX711 not found.,-0.3103406999998697
17.20980839999902,17.20980839999902,0.000185912,78,2026-05-28T12:27:45.012,2026-05-28T12:43:15.012,,17.6760033999999,8.39,33.0,2026-05-28T12:27:45.479,2026-05-28T12:43:15.479,,0.4661950000008801
17.42485829999896,17.42485829999896,0.000162009,79,2026-05-28T12:27:45.229,2026-05-28T12:43:15.229,,17.6760033999999,8.39,33.0,2026-05-28T12:27:45.479,2026-05-28T12:43:15.479,,0.25114510000094015
17.639621799999077,17.639621799999077,0.000146399,80,2026-05-28T12:27:45.447,2026-05-28T12:43:15.447,,17.6760033999999,8.39,33.0,2026-05-28T12:27:45.479,2026-05-28T12:43:15.479,,0.0363816000008228
17.854661999999735,17.854661999999735,0.000128799,81,2026-05-28T12:27:45.662,2026-05-28T12:43:15.662,,17.699102099999436,,34.0,2026-05-28T12:27:45.505,2026-05-28T12:43:15.505,Error desde Arduino: HX711 not found.,-0.1555599000002985
18.06971799999883,18.06971799999883,0.000114298,82,2026-05-28T12:27:45.871,2026-05-28T12:43:15.871,,17.699102099999436,,34.0,2026-05-28T12:27:45.505,2026-05-28T12:43:15.505,Error desde Arduino: HX711 not found.,-0.37061589999939315
18.2847055000002,18.2847055000002,9.5966e-05,83,2026-05-28T12:27:46.088,2026-05-28T12:43:16.088,,18.690627899999527,7.66,35.0,2026-05-28T12:27:46.495,2026-05-28T12:43:16.495,,0.40592239999932644
18.499417099999846,18.499417099999846,7.4963e-05,84,2026-05-28T12:27:46.305,2026-05-28T12:43:16.305,,18.690627899999527,7.66,35.0,2026-05-28T12:27:46.495,2026-05-28T12:43:16.495,,0.1912107999996806
18.71447739999894,18.71447739999894,5.616e-05,85,2026-05-28T12:27:46.512,2026-05-28T12:43:16.512,,18.713631099999475,,36.0,2026-05-28T12:27:46.512,2026-05-28T12:43:16.512,Error desde Arduino: HX711 not found.,-0.0008462999994662823
18.929353600000468,18.929353600000468,3.5252e-05,86,2026-05-28T12:27:46.729,2026-05-28T12:43:16.729,,18.713631099999475,,36.0,2026-05-28T12:27:46.512,2026-05-28T12:43:16.512,Error desde Arduino: HX711 not found.,-0.21572250000099302
19.144529999999577,19.144529999999577,-3.66e-07,87,2026-05-28T12:27:46.949,2026-05-28T12:43:16.949,,18.713631099999475,,36.0,2026-05-28T12:27:46.512,2026-05-28T12:43:16.512,Error desde Arduino: HX711 not found.,-0.430898900000102
19.359480999999505,19.359480999999505,-1.9872e-05,88,2026-05-28T12:27:47.162,2026-05-28T12:43:17.162,,19.70502420000048,5.39,37.0,2026-05-28T12:27:47.512,2026-05-28T12:43:17.512,,0.34554320000097505
19.57460919999903,19.57460919999903,-4.503e-05,89,2026-05-28T12:27:47.381,2026-05-28T12:43:17.381,,19.70502420000048,5.39,37.0,2026-05-28T12:27:47.512,2026-05-28T12:43:17.512,,0.1304150000014488
19.789837099999204,19.789837099999204,-7.0985e-05,90,2026-05-28T12:27:47.595,2026-05-28T12:43:17.595,,19.72832969999945,,38.0,2026-05-28T12:27:47.529,2026-05-28T12:43:17.529,Error desde Arduino: HX711 not found.,-0.06150739999975485
20.004875299999185,20.004875299999185,-9.4406e-05,91,2026-05-28T12:27:47.812,2026-05-28T12:43:17.812,,19.72832969999945,,38.0,2026-05-28T12:27:47.529,2026-05-28T12:43:17.529,Error desde Arduino: HX711 not found.,-0.2765455999997357
20.219895500000348,20.219895500000348,-0.000106833,92,2026-05-28T12:27:48.023,2026-05-28T12:43:18.023,,19.72832969999945,,38.0,2026-05-28T12:27:47.529,2026-05-28T12:43:17.529,Error desde Arduino: HX711 not found.,-0.4915658000008989
20.434950699998808,20.434950699998808,-0.000134725,93,2026-05-28T12:27:48.239,2026-05-28T12:43:18.239,,20.719439799999236,4.26,39.0,2026-05-28T12:27:48.522,2026-05-28T12:43:18.522,,0.28448910000042815
20.650007799999003,20.650007799999003,-0.000154282,94,2026-05-28T12:27:48.450,2026-05-28T12:43:18.450,,20.719439799999236,4.26,39.0,2026-05-28T12:27:48.522,2026-05-28T12:43:18.522,,0.06943200000023353
20.865187199999127,20.865187199999127,-0.000156083,95,2026-05-28T12:27:48.672,2026-05-28T12:43:18.672,,20.742763299998842,,40.0,2026-05-28T12:27:48.545,2026-05-28T12:43:18.545,Error desde Arduino: HX711 not found.,-0.12242390000028536
21.080187800000203,21.080187800000203,-0.000167014,96,2026-05-28T12:27:48.879,2026-05-28T12:43:18.879,,20.742763299998842,,40.0,2026-05-28T12:27:48.545,2026-05-28T12:43:18.545,Error desde Arduino: HX711 not found.,-0.3374245000013616
21.295128300000215,21.295128300000215,-0.000187283,97,2026-05-28T12:27:49.095,2026-05-28T12:43:19.095,,21.7339422999994,4.29,41.0,2026-05-28T12:27:49.538,2026-05-28T12:43:19.538,,0.4388139999991836
21.51021109999965,21.51021109999965,-0.000218598,98,2026-05-28T12:27:49.312,2026-05-28T12:43:19.312,,21.7339422999994,4.29,41.0,2026-05-28T12:27:49.538,2026-05-28T12:43:19.538,,0.22373119999974733
21.725288899999214,21.725288899999214,-0.00023202,99,2026-05-28T12:27:49.529,2026-05-28T12:43:19.529,,21.7339422999994,4.29,41.0,2026-05-28T12:27:49.538,2026-05-28T12:43:19.538,,0.008653400000184774
21.940439699999843,21.940439699999843,-0.000242145,100,2026-05-28T12:27:49.745,2026-05-28T12:43:19.745,,21.757152599999245,,42.0,2026-05-28T12:27:49.562,2026-05-28T12:43:19.562,Error desde Arduino: HX711 not found.,-0.183287100000598
22.155435799999395,22.155435799999395,-0.000260948,101,2026-05-28T12:27:49.962,2026-05-28T12:43:19.962,,21.757152599999245,,42.0,2026-05-28T12:27:49.562,2026-05-28T12:43:19.562,Error desde Arduino: HX711 not found.,-0.3982832000001508
22.37044640000022,22.37044640000022,-0.000294661,102,2026-05-28T12:27:50.172,2026-05-28T12:43:20.172,,22.74841749999905,1.26,43.0,2026-05-28T12:27:50.554,2026-05-28T12:43:20.554,,0.37797109999883105
22.5855262999994,22.5855262999994,-0.000305372,103,2026-05-28T12:27:50.389,2026-05-28T12:43:20.389,,22.74841749999905,1.26,43.0,2026-05-28T12:27:50.554,2026-05-28T12:43:20.554,,0.16289119999964896
22.80056549999972,22.80056549999972,-0.000328593,104,2026-05-28T12:27:50.605,2026-05-28T12:43:20.605,,22.771442299999762,,44.0,2026-05-28T12:27:50.578,2026-05-28T12:43:20.578,Error desde Arduino: HX711 not found.,-0.02912319999995816
23.01540179999938,23.01540179999938,-0.000350779,105,2026-05-28T12:27:50.822,2026-05-28T12:43:20.822,,22.771442299999762,,44.0,2026-05-28T12:27:50.578,2026-05-28T12:43:20.578,Error desde Arduino: HX711 not found.,-0.24395949999961886
23.230521299999964,23.230521299999964,-0.000368075,106,2026-05-28T12:27:51.029,2026-05-28T12:43:21.029,,22.771442299999762,,44.0,2026-05-28T12:27:50.578,2026-05-28T12:43:20.578,Error desde Arduino: HX711 not found.,-0.45907900000020163
23.445660499999576,23.445660499999576,-0.000390836,107,2026-05-28T12:27:51.245,2026-05-28T12:43:21.245,,23.762885899999674,1.62,45.0,2026-05-28T12:27:51.562,2026-05-28T12:43:21.562,,0.3172254000000976
23.660564499999964,23.660564499999964,-0.000412205,108,2026-05-28T12:27:51.462,2026-05-28T12:43:21.462,,23.762885899999674,1.62,45.0,2026-05-28T12:27:51.562,2026-05-28T12:43:21.562,,0.10232139999970968
23.875437099999544,23.875437099999544,-0.00042301,109,2026-05-28T12:27:51.679,2026-05-28T12:43:21.679,,23.78599790000044,,46.0,2026-05-28T12:27:51.589,2026-05-28T12:43:21.589,Error desde Arduino: HX711 not found.,-0.08943919999910577
24.090432999999393,24.090432999999393,-0.000427616,110,2026-05-28T12:27:51.896,2026-05-28T12:43:21.896,,23.78599790000044,,46.0,2026-05-28T12:27:51.589,2026-05-28T12:43:21.589,Error desde Arduino: HX711 not found.,-0.3044350999989547
24.305401199999324,24.305401199999324,-0.000443405,111,2026-05-28T12:27:52.112,2026-05-28T12:43:22.112,,24.778333599999314,-1.41,47.0,2026-05-28T12:27:52.579,2026-05-28T12:43:22.579,,0.4729323999999906
24.520556800000122,24.520556800000122,-0.00047094,112,2026-05-28T12:27:52.328,2026-05-28T12:43:22.328,,24.778333599999314,-1.41,47.0,2026-05-28T12:27:52.579,2026-05-28T12:43:22.579,,0.257776799999192
24.735785299999407,24.735785299999407,-0.000489147,113,2026-05-28T12:27:52.543,2026-05-28T12:43:22.543,,24.778333599999314,-1.41,47.0,2026-05-28T12:27:52.579,2026-05-28T12:43:22.579,,0.04254829999990761
24.950684600000386,24.950684600000386,-0.00050927,114,2026-05-28T12:27:52.755,2026-05-28T12:43:22.755,,24.812732099999266,,49.0,2026-05-28T12:27:52.612,2026-05-28T12:43:22.612,Error desde Arduino: HX711 not found.,-0.13795250000111992
25.1657512999991,25.1657512999991,-0.000529351,115,2026-05-28T12:27:52.972,2026-05-28T12:43:22.972,,24.812732099999266,,49.0,2026-05-28T12:27:52.612,2026-05-28T12:43:22.612,Error desde Arduino: HX711 not found.,-0.3530191999998351
25.380987099999402,25.380987099999402,-0.000551055,116,2026-05-28T12:27:53.189,2026-05-28T12:43:23.189,,25.80482999999913,-1.32,50.0,2026-05-28T12:27:53.612,2026-05-28T12:43:23.612,,0.4238428999997268
25.596107800000027,25.596107800000027,-0.000556258,117,2026-05-28T12:27:53.396,2026-05-28T12:43:23.396,,25.80482999999913,-1.32,50.0,2026-05-28T12:27:53.612,2026-05-28T12:43:23.612,,0.20872219999910158
25.811100900000383,25.811100900000383,-0.000575502,118,2026-05-28T12:27:53.615,2026-05-28T12:43:23.615,,25.80482999999913,-1.32,50.0,2026-05-28T12:27:53.612,2026-05-28T12:43:23.612,,-0.006270900001254631
26.026092099999005,26.026092099999005,-0.000583794,119,2026-05-28T12:27:53.833,2026-05-28T12:43:23.833,,25.82799049999994,,51.0,2026-05-28T12:27:53.635,2026-05-28T12:43:23.635,Error desde Arduino: HX711 not found.,-0.19810159999906318
26.24127790000057,26.24127790000057,-0.000599101,120,2026-05-28T12:27:54.045,2026-05-28T12:43:24.045,,25.82799049999994,,51.0,2026-05-28T12:27:53.635,2026-05-28T12:43:23.635,Error desde Arduino: HX711 not found.,-0.4132874000006268
26.456394400000136,26.456394400000136,-0.000611162,121,2026-05-28T12:27:54.262,2026-05-28T12:43:24.262,,26.82051820000015,-2.03,52.0,2026-05-28T12:27:54.628,2026-05-28T12:43:24.628,,0.36412380000001576
26.671446399999695,26.671446399999695,-0.000621579,122,2026-05-28T12:27:54.478,2026-05-28T12:43:24.478,,26.82051820000015,-2.03,52.0,2026-05-28T12:27:54.628,2026-05-28T12:43:24.628,,0.14907180000045628
26.88653549999981,26.88653549999981,-0.000650256,123,2026-05-28T12:27:54.688,2026-05-28T12:43:24.688,,26.843714599999657,,53.0,2026-05-28T12:27:54.645,2026-05-28T12:43:24.645,Error desde Arduino: HX711 not found.,-0.042820900000151596
27.101553000000422,27.101553000000422,-0.000675991,124,2026-05-28T12:27:54.905,2026-05-28T12:43:24.905,,26.843714599999657,,53.0,2026-05-28T12:27:54.645,2026-05-28T12:43:24.645,Error desde Arduino: HX711 not found.,-0.2578384000007645
27.31672450000042,27.31672450000042,-0.000689162,125,2026-05-28T12:27:55.123,2026-05-28T12:43:25.123,,26.843714599999657,,53.0,2026-05-28T12:27:54.645,2026-05-28T12:43:24.645,Error desde Arduino: HX711 not found.,-0.47300990000076126
27.53200139999899,27.53200139999899,-0.000697202,126,2026-05-28T12:27:55.331,2026-05-28T12:43:25.331,,27.83589589999974,-2.95,54.0,2026-05-28T12:27:55.643,2026-05-28T12:43:25.643,,0.3038945000007516
27.746869399999923,27.746869399999923,-0.00073081,127,2026-05-28T12:27:55.545,2026-05-28T12:43:25.545,,27.83589589999974,-2.95,54.0,2026-05-28T12:27:55.643,2026-05-28T12:43:25.643,,0.08902649999981804
27.961977699998897,27.961977699998897,-0.00075154,128,2026-05-28T12:27:55.762,2026-05-28T12:43:25.762,,27.859098699998867,,55.0,2026-05-28T12:27:55.662,2026-05-28T12:43:25.662,Error desde Arduino: HX711 not found.,-0.10287900000002992
28.177140699999654,28.177140699999654,-0.000770878,129,2026-05-28T12:27:55.979,2026-05-28T12:43:25.979,,27.859098699998867,,55.0,2026-05-28T12:27:55.662,2026-05-28T12:43:25.662,Error desde Arduino: HX711 not found.,-0.3180420000007871
28.392263300000195,28.392263300000195,-0.000787033,130,2026-05-28T12:27:56.196,2026-05-28T12:43:26.196,,28.85127629999988,-4.05,56.0,2026-05-28T12:27:56.655,2026-05-28T12:43:26.655,,0.45901299999968614
28.607042999999976,28.607042999999976,-0.000801544,131,2026-05-28T12:27:56.412,2026-05-28T12:43:26.412,,28.85127629999988,-4.05,56.0,2026-05-28T12:27:56.655,2026-05-28T12:43:26.655,,0.24423329999990528
28.822053899999446,28.822053899999446,-0.000813459,132,2026-05-28T12:27:56.629,2026-05-28T12:43:26.629,,28.85127629999988,-4.05,56.0,2026-05-28T12:27:56.655,2026-05-28T12:43:26.655,,0.0292224000004353
29.0369668000003,29.0369668000003,-0.000835267,133,2026-05-28T12:27:56.844,2026-05-28T12:43:26.844,,28.87437080000018,,57.0,2026-05-28T12:27:56.678,2026-05-28T12:43:26.678,Error desde Arduino: HX711 not found.,-0.16259600000012142
29.252068599998893,29.252068599998893,-0.000857463,134,2026-05-28T12:27:57.055,2026-05-28T12:43:27.055,,28.87437080000018,,57.0,2026-05-28T12:27:56.678,2026-05-28T12:43:26.678,Error desde Arduino: HX711 not found.,-0.3776977999987139
29.467012499999328,29.467012499999328,-0.000878308,135,2026-05-28T12:27:57.272,2026-05-28T12:43:27.272,,29.86664810000002,-5.01,58.0,2026-05-28T12:27:57.671,2026-05-28T12:43:27.671,,0.39963560000069265
29.682113200000458,29.682113200000458,-0.000899646,136,2026-05-28T12:27:57.489,2026-05-28T12:43:27.489,,29.86664810000002,-5.01,58.0,2026-05-28T12:27:57.671,2026-05-28T12:43:27.671,,0.18453489999956219
29.897716699999364,29.897716699999364,-0.000908084,137,2026-05-28T12:27:57.705,2026-05-28T12:43:27.705,,29.889979399998992,,59.0,2026-05-28T12:27:57.696,2026-05-28T12:43:27.696,Error desde Arduino: HX711 not found.,-0.007737300000371761
30.11281079999935,30.11281079999935,-0.000921538,138,2026-05-28T12:27:57.912,2026-05-28T12:43:27.912,,29.889979399998992,,59.0,2026-05-28T12:27:57.696,2026-05-28T12:43:27.696,Error desde Arduino: HX711 not found.,-0.22283140000035928
30.328080499999487,30.328080499999487,-0.00092783,139,2026-05-28T12:27:58.135,2026-05-28T12:43:28.135,,29.889979399998992,,59.0,2026-05-28T12:27:57.696,2026-05-28T12:43:27.696,Error desde Arduino: HX711 not found.,-0.4381011000004946
30.542946399998982,30.542946399998982,-0.000949942,140,2026-05-28T12:27:58.345,2026-05-28T12:43:28.345,,30.882094900000084,-6.02,60.0,2026-05-28T12:27:58.689,2026-05-28T12:43:28.689,,0.33914850000110164
30.75815259999945,30.75815259999945,-0.000952801,141,2026-05-28T12:27:58.562,2026-05-28T12:43:28.562,,30.882094900000084,-6.02,60.0,2026-05-28T12:27:58.689,2026-05-28T12:43:28.689,,0.12394230000063544
30.973249900000155,30.973249900000155,-0.000968924,142,2026-05-28T12:27:58.779,2026-05-28T12:43:28.779,,30.90515889999915,,61.0,2026-05-28T12:27:58.712,2026-05-28T12:43:28.712,Error desde Arduino: HX711 not found.,-0.06809100000100443
31.18832459999976,31.18832459999976,-0.000975028,143,2026-05-28T12:27:58.995,2026-05-28T12:43:28.995,,30.90515889999915,,61.0,2026-05-28T12:27:58.712,2026-05-28T12:43:28.712,Error desde Arduino: HX711 not found.,-0.2831657000006089
31.40322059999926,31.40322059999926,-0.000977761,144,2026-05-28T12:27:59.205,2026-05-28T12:43:29.205,,31.89766409999902,-7.89,62.0,2026-05-28T12:27:59.705,2026-05-28T12:43:29.705,,0.4944434999997611
31.61836939999921,31.61836939999921,-0.000988934,145,2026-05-28T12:27:59.422,2026-05-28T12:43:29.422,,31.89766409999902,-7.89,62.0,2026-05-28T12:27:59.705,2026-05-28T12:43:29.705,,0.2792946999998094
31.833392999998978,31.833392999998978,-0.001003696,146,2026-05-28T12:27:59.640,2026-05-28T12:43:29.640,,31.89766409999902,-7.89,62.0,2026-05-28T12:27:59.705,2026-05-28T12:43:29.705,,0.06427110000004177
32.04840390000027,32.04840390000027,-0.001019704,147,2026-05-28T12:27:59.855,2026-05-28T12:43:29.855,,31.92093279999972,,63.0,2026-05-28T12:27:59.728,2026-05-28T12:43:29.728,Error desde Arduino: HX711 not found.,-0.12747110000054818
32.2633894999999,32.2633894999999,-0.001042853,148,2026-05-28T12:28:00.062,2026-05-28T12:43:30.062,,31.92093279999972,,63.0,2026-05-28T12:27:59.728,2026-05-28T12:43:29.728,Error desde Arduino: HX711 not found.,-0.34245670000018436
32.478455000000395,32.478455000000395,-0.001061751,149,2026-05-28T12:28:00.278,2026-05-28T12:43:30.278,,32.9131481000004,-7.3,64.0,2026-05-28T12:28:00.712,2026-05-28T12:43:30.712,,0.43469310000000405
32.693571100000554,32.693571100000554,-0.001081884,150,2026-05-28T12:28:00.496,2026-05-28T12:43:30.496,,32.9131481000004,-7.3,64.0,2026-05-28T12:28:00.712,2026-05-28T12:43:30.712,,0.2195769999998447
32.908796300000176,32.908796300000176,-0.001096019,151,2026-05-28T12:28:00.712,2026-05-28T12:43:30.712,,32.9131481000004,-7.3,64.0,2026-05-28T12:28:00.712,2026-05-28T12:43:30.712,,0.004351800000222283
33.12392170000021,33.12392170000021,-0.00110808,152,2026-05-28T12:28:00.931,2026-05-28T12:43:30.931,,32.93631920000007,,65.0,2026-05-28T12:28:00.743,2026-05-28T12:43:30.743,Error desde Arduino: HX711 not found.,-0.18760250000013912
33.33901809999952,33.33901809999952,-0.001123742,153,2026-05-28T12:28:01.145,2026-05-28T12:43:31.145,,32.93631920000007,,65.0,2026-05-28T12:28:00.743,2026-05-28T12:43:30.743,Error desde Arduino: HX711 not found.,-0.4026988999994501
33.55411379999896,33.55411379999896,-0.001152733,154,2026-05-28T12:28:01.361,2026-05-28T12:43:31.361,,33.92855529999906,-8.71,66.0,2026-05-28T12:28:01.736,2026-05-28T12:43:31.736,,0.3744415000001027
33.769430000000284,33.769430000000284,-0.001169872,155,2026-05-28T12:28:01.572,2026-05-28T12:43:31.572,,33.92855529999906,-8.71,66.0,2026-05-28T12:28:01.736,2026-05-28T12:43:31.736,,0.15912529999877734
33.98452519999955,33.98452519999955,-0.001196151,156,2026-05-28T12:28:01.789,2026-05-28T12:43:31.789,,33.95160829999986,,67.0,2026-05-28T12:28:01.758,2026-05-28T12:43:31.758,Error desde Arduino: HX711 not found.,-0.03291689999969094
34.19948959999965,34.19948959999965,-0.001220096,157,2026-05-28T12:28:02.005,2026-05-28T12:43:32.005,,33.95160829999986,,67.0,2026-05-28T12:28:01.758,2026-05-28T12:43:31.758,Error desde Arduino: HX711 not found.,-0.24788129999978992
34.41468299999906,34.41468299999906,-0.001239863,158,2026-05-28T12:28:02.222,2026-05-28T12:43:32.222,,33.95160829999986,,67.0,2026-05-28T12:28:01.758,2026-05-28T12:43:31.758,Error desde Arduino: HX711 not found.,-0.46307469999919704
34.629633299999114,34.629633299999114,-0.001251474,159,2026-05-28T12:28:02.437,2026-05-28T12:43:32.437,,34.94493399999919,-10.06,68.0,2026-05-28T12:28:02.747,2026-05-28T12:43:32.747,,0.3153007000000798
34.84479189999911,34.84479189999911,-0.001268686,160,2026-05-28T12:28:02.645,2026-05-28T12:43:32.645,,34.94493399999919,-10.06,68.0,2026-05-28T12:28:02.747,2026-05-28T12:43:32.747,,0.10014210000008461
35.059893999999986,35.059893999999986,-0.001286076,161,2026-05-28T12:28:02.862,2026-05-28T12:43:32.862,,34.96798320000016,,69.0,2026-05-28T12:28:02.772,2026-05-28T12:43:32.772,Error desde Arduino: HX711 not found.,-0.09191079999982321
35.27503350000006,35.27503350000006,-0.001305487,162,2026-05-28T12:28:03.078,2026-05-28T12:43:33.078,,34.96798320000016,,69.0,2026-05-28T12:28:02.772,2026-05-28T12:43:32.772,Error desde Arduino: HX711 not found.,-0.30705029999990074
35.49014089999946,35.49014089999946,-0.001326489,163,2026-05-28T12:28:03.297,2026-05-28T12:43:33.297,,35.961354400000346,-10.77,70.0,2026-05-28T12:28:03.763,2026-05-28T12:43:33.763,,0.4712135000008857
35.70530999999937,35.70530999999937,-0.001341587,164,2026-05-28T12:28:03.512,2026-05-28T12:43:33.512,,35.961354400000346,-10.77,70.0,2026-05-28T12:28:03.763,2026-05-28T12:43:33.763,,0.25604440000097384
35.920542099998784,35.920542099998784,-0.001355145,165,2026-05-28T12:28:03.728,2026-05-28T12:43:33.728,,35.961354400000346,-10.77,70.0,2026-05-28T12:28:03.763,2026-05-28T12:43:33.763,,0.04081230000156211
36.13562230000025,36.13562230000025,-0.001369039,166,2026-05-28T12:28:03.943,2026-05-28T12:43:33.943,,35.984679099999994,,71.0,2026-05-28T12:28:03.788,2026-05-28T12:43:33.788,Error desde Arduino: HX711 not found.,-0.15094320000025618
36.35069339999973,36.35069339999973,-0.001373928,167,2026-05-28T12:28:04.155,2026-05-28T12:43:34.155,,35.984679099999994,,71.0,2026-05-28T12:28:03.788,2026-05-28T12:43:33.788,Error desde Arduino: HX711 not found.,-0.36601429999973334
36.565967000000455,36.565967000000455,-0.00139069,168,2026-05-28T12:28:04.372,2026-05-28T12:43:34.372,,36.9778038000004,-11.69,72.0,2026-05-28T12:28:04.778,2026-05-28T12:43:34.778,,0.4118367999999464
36.78126549999979,36.78126549999979,-0.001402678,169,2026-05-28T12:28:04.589,2026-05-28T12:43:34.589,,36.9778038000004,-11.69,72.0,2026-05-28T12:28:04.778,2026-05-28T12:43:34.778,,0.19653830000061134
36.99630590000015,36.99630590000015,-0.001413357,170,2026-05-28T12:28:04.797,2026-05-28T12:43:34.797,,37.00084919999972,,73.0,2026-05-28T12:28:04.805,2026-05-28T12:43:34.805,Error desde Arduino: HX711 not found.,0.004543299999568262
37.211410500000056,37.211410500000056,-0.001429931,171,2026-05-28T12:28:05.012,2026-05-28T12:43:35.012,,37.00084919999972,,73.0,2026-05-28T12:28:04.805,2026-05-28T12:43:34.805,Error desde Arduino: HX711 not found.,-0.2105613000003359
37.42636909999965,37.42636909999965,-0.001435584,172,2026-05-28T12:28:05.234,2026-05-28T12:43:35.234,,37.00084919999972,,73.0,2026-05-28T12:28:04.805,2026-05-28T12:43:34.805,Error desde Arduino: HX711 not found.,-0.42551989999992657
37.641578599999775,37.641578599999775,-0.001440819,173,2026-05-28T12:28:05.449,2026-05-28T12:43:35.449,,37.99425599999995,-12.25,74.0,2026-05-28T12:28:05.797,2026-05-28T12:43:35.797,,0.3526774000001751
37.85658549999971,37.85658549999971,-0.001450399,174,2026-05-28T12:28:05.662,2026-05-28T12:43:35.662,,37.99425599999995,-12.25,74.0,2026-05-28T12:28:05.797,2026-05-28T12:43:35.797,,0.13767050000024028
38.07171170000038,38.07171170000038,-0.001458586,175,2026-05-28T12:28:05.878,2026-05-28T12:43:35.878,,38.01731959999961,,75.0,2026-05-28T12:28:05.822,2026-05-28T12:43:35.822,Error desde Arduino: HX711 not found.,-0.05439210000076855
38.286837800000285,38.286837800000285,-0.001473485,176,2026-05-28T12:28:06.089,2026-05-28T12:43:36.089,,38.01731959999961,,75.0,2026-05-28T12:28:05.822,2026-05-28T12:43:35.822,Error desde Arduino: HX711 not found.,-0.2695182000006753
38.50193959999888,38.50193959999888,-0.001487619,177,2026-05-28T12:28:06.305,2026-05-28T12:43:36.305,,38.01731959999961,,75.0,2026-05-28T12:28:05.822,2026-05-28T12:43:35.822,Error desde Arduino: HX711 not found.,-0.48461999999926775
38.71730120000029,38.71730120000029,-0.001501188,178,2026-05-28T12:28:06.522,2026-05-28T12:43:36.522,,39.01082560000032,-13.19,76.0,2026-05-28T12:28:06.812,2026-05-28T12:43:36.812,,0.2935244000000239
38.932199499999115,38.932199499999115,-0.001515542,179,2026-05-28T12:28:06.739,2026-05-28T12:43:36.739,,39.01082560000032,-13.19,76.0,2026-05-28T12:28:06.812,2026-05-28T12:43:36.812,,0.07862610000120185
39.14729919999991,39.14729919999991,-0.001531247,180,2026-05-28T12:28:06.949,2026-05-28T12:43:36.949,,39.03388880000057,,77.0,2026-05-28T12:28:06.841,2026-05-28T12:43:36.841,Error desde Arduino: HX711 not found.,-0.11341039999933855
39.36257209999894,39.36257209999894,-0.001543036,181,2026-05-28T12:28:07.162,2026-05-28T12:43:37.162,,39.03388880000057,,77.0,2026-05-28T12:28:06.841,2026-05-28T12:43:36.841,Error desde Arduino: HX711 not found.,-0.3286832999983744
39.57779800000026,39.57779800000026,-0.001560499,182,2026-05-28T12:28:07.380,2026-05-28T12:43:37.380,,40.027264999998806,-14.8,78.0,2026-05-28T12:28:07.835,2026-05-28T12:43:37.835,,0.449466999998549
39.79274429999896,39.79274429999896,-0.001576476,183,2026-05-28T12:28:07.598,2026-05-28T12:43:37.598,,40.027264999998806,-14.8,78.0,2026-05-28T12:28:07.835,2026-05-28T12:43:37.835,,0.23452069999984815
40.00807729999906,40.00807729999906,-0.001591908,184,2026-05-28T12:28:07.812,2026-05-28T12:43:37.812,,40.027264999998806,-14.8,78.0,2026-05-28T12:28:07.835,2026-05-28T12:43:37.835,,0.019187699999747565
40.22306149999895,40.22306149999895,-0.001605833,185,2026-05-28T12:28:08.030,2026-05-28T12:43:38.030,,40.05053829999997,,79.0,2026-05-28T12:28:07.855,2026-05-28T12:43:37.855,Error desde Arduino: HX711 not found.,-0.17252319999897736
40.43804359999922,40.43804359999922,-0.001620784,186,2026-05-28T12:28:08.245,2026-05-28T12:43:38.245,,40.05053829999997,,79.0,2026-05-28T12:28:07.855,2026-05-28T12:43:37.855,Error desde Arduino: HX711 not found.,-0.38750529999924765
40.65306950000013,40.65306950000013,-0.001631882,187,2026-05-28T12:28:08.459,2026-05-28T12:43:38.459,,41.04373469999882,-14.64,80.0,2026-05-28T12:28:08.845,2026-05-28T12:43:38.845,,0.3906651999986934
40.8682362999989,40.8682362999989,-0.001646351,188,2026-05-28T12:28:08.671,2026-05-28T12:43:38.671,,41.04373469999882,-14.64,80.0,2026-05-28T12:28:08.845,2026-05-28T12:43:38.845,,0.175498399999924
41.083342199999606,41.083342199999606,-0.001659218,189,2026-05-28T12:28:08.888,2026-05-28T12:43:38.888,,41.08038409999972,,82.0,2026-05-28T12:28:08.888,2026-05-28T12:43:38.888,Error desde Arduino: HX711 not found.,-0.002958099999887054
41.298447600000145,41.298447600000145,-0.001674766,190,2026-05-28T12:28:09.105,2026-05-28T12:43:39.105,,41.08038409999972,,82.0,2026-05-28T12:28:08.888,2026-05-28T12:43:38.888,Error desde Arduino: HX711 not found.,-0.21806350000042585
41.513960000000225,41.513960000000225,-0.001690439,191,2026-05-28T12:28:09.321,2026-05-28T12:43:39.321,,41.08038409999972,,82.0,2026-05-28T12:28:08.888,2026-05-28T12:43:38.888,Error desde Arduino: HX711 not found.,-0.4335759000005055
41.729008299998895,41.729008299998895,-0.001712541,192,2026-05-28T12:28:09.536,2026-05-28T12:43:39.536,,42.07356179999988,-15.34,83.0,2026-05-28T12:28:09.878,2026-05-28T12:43:39.878,,0.34455350000098406
41.944088700000066,41.944088700000066,-0.001734705,193,2026-05-28T12:28:09.745,2026-05-28T12:43:39.745,,42.07356179999988,-15.34,83.0,2026-05-28T12:28:09.878,2026-05-28T12:43:39.878,,0.1294730999998137
42.15909060000013,42.15909060000013,-0.001747929,194,2026-05-28T12:28:09.962,2026-05-28T12:43:39.962,,42.096682299999884,,84.0,2026-05-28T12:28:09.898,2026-05-28T12:43:39.898,Error desde Arduino: HX711 not found.,-0.06240830000024289
42.37415560000045,42.37415560000045,-0.001763309,195,2026-05-28T12:28:10.178,2026-05-28T12:43:40.178,,42.096682299999884,,84.0,2026-05-28T12:28:09.898,2026-05-28T12:43:39.898,Error desde Arduino: HX711 not found.,-0.27747330000056536
42.589363900000535,42.589363900000535,-0.001780699,196,2026-05-28T12:28:10.395,2026-05-28T12:43:40.395,,42.096682299999884,,84.0,2026-05-28T12:28:09.898,2026-05-28T12:43:39.898,Error desde Arduino: HX711 not found.,-0.4926816000006511
42.8045764999988,42.8045764999988,-0.001799901,197,2026-05-28T12:28:10.612,2026-05-28T12:43:40.612,,43.089918699999544,-16.97,85.0,2026-05-28T12:28:10.895,2026-05-28T12:43:40.895,,0.2853422000007413
43.019738200000575,43.019738200000575,-0.001816778,198,2026-05-28T12:28:10.821,2026-05-28T12:43:40.821,,43.089918699999544,-16.97,85.0,2026-05-28T12:28:10.895,2026-05-28T12:43:40.895,,0.07018049999896903
43.2347776000006,43.2347776000006,-0.001831404,199,2026-05-28T12:28:11.042,2026-05-28T12:43:41.042,,43.11298059999899,,86.0,2026-05-28T12:28:10.912,2026-05-28T12:43:40.912,Error desde Arduino: HX711 not found.,-0.12179700000160665
43.4498564000005,43.4498564000005,-0.001844135,200,2026-05-28T12:28:11.255,2026-05-28T12:43:41.255,,43.11298059999899,,86.0,2026-05-28T12:28:10.912,2026-05-28T12:43:40.912,Error desde Arduino: HX711 not found.,-0.33687580000150774
43.664958399998795,43.664958399998795,-0.001853244,201,2026-05-28T12:28:11.472,2026-05-28T12:43:41.472,,44.10630739999942,-16.64,87.0,2026-05-28T12:28:11.912,2026-05-28T12:43:41.912,,0.4413490000006277
43.880100099999254,43.880100099999254,-0.001868551,202,2026-05-28T12:28:11.679,2026-05-28T12:43:41.679,,44.10630739999942,-16.64,87.0,2026-05-28T12:28:11.912,2026-05-28T12:43:41.912,,0.2262073000001692
44.09517860000051,44.09517860000051,-0.001882371,203,2026-05-28T12:28:11.903,2026-05-28T12:43:41.903,,44.10630739999942,-16.64,87.0,2026-05-28T12:28:11.912,2026-05-28T12:43:41.912,,0.011128799998914474
44.31046310000056,44.31046310000056,-0.001893898,204,2026-05-28T12:28:12.112,2026-05-28T12:43:42.112,,44.12950479999927,,88.0,2026-05-28T12:28:11.937,2026-05-28T12:43:41.937,Error desde Arduino: HX711 not found.,-0.18095830000129354
44.52530139999908,44.52530139999908,-0.001903583,205,2026-05-28T12:28:12.333,2026-05-28T12:43:42.333,,44.12950479999927,,88.0,2026-05-28T12:28:11.937,2026-05-28T12:43:41.937,Error desde Arduino: HX711 not found.,-0.3957965999998123
44.74051469999904,44.74051469999904,-0.001915581,206,2026-05-28T12:28:12.545,2026-05-28T12:43:42.545,,45.12281389999953,-17.71,89.0,2026-05-28T12:28:12.930,2026-05-28T12:43:42.930,,0.3822992000004888
44.95570550000048,44.95570550000048,-0.001926972,207,2026-05-28T12:28:12.762,2026-05-28T12:43:42.762,,45.12281389999953,-17.71,89.0,2026-05-28T12:28:12.930,2026-05-28T12:43:42.930,,0.16710839999905147
45.17088220000005,45.17088220000005,-0.001941211,208,2026-05-28T12:28:12.978,2026-05-28T12:43:42.978,,45.14616269999897,,90.0,2026-05-28T12:28:12.949,2026-05-28T12:43:42.949,Error desde Arduino: HX711 not found.,-0.02471950000108336
45.3860126999989,45.3860126999989,-0.001956183,209,2026-05-28T12:28:13.189,2026-05-28T12:43:43.189,,45.14616269999897,,90.0,2026-05-28T12:28:12.949,2026-05-28T12:43:42.949,Error desde Arduino: HX711 not found.,-0.23984999999993306
45.60109939999893,45.60109939999893,-0.001969061,210,2026-05-28T12:28:13.405,2026-05-28T12:43:43.405,,45.14616269999897,,90.0,2026-05-28T12:28:12.949,2026-05-28T12:43:42.949,Error desde Arduino: HX711 not found.,-0.454936699999962
45.816174199999296,45.816174199999296,-0.001982713,211,2026-05-28T12:28:13.622,2026-05-28T12:43:43.622,,46.13917330000004,-18.75,91.0,2026-05-28T12:28:13.947,2026-05-28T12:43:43.947,,0.32299910000074306
46.0312957999995,46.0312957999995,-0.001997517,212,2026-05-28T12:28:13.838,2026-05-28T12:43:43.838,,46.13917330000004,-18.75,91.0,2026-05-28T12:28:13.947,2026-05-28T12:43:43.947,,0.10787750000054075
46.24645409999903,46.24645409999903,-0.002010751,213,2026-05-28T12:28:14.045,2026-05-28T12:43:44.045,,46.16249400000015,,92.0,2026-05-28T12:28:13.962,2026-05-28T12:43:43.962,Error desde Arduino: HX711 not found.,-0.0839600999988761
46.46157019999919,46.46157019999919,-0.002019483,214,2026-05-28T12:28:14.262,2026-05-28T12:43:44.262,,46.16249400000015,,92.0,2026-05-28T12:28:13.962,2026-05-28T12:43:43.962,Error desde Arduino: HX711 not found.,-0.29907619999903545
46.67653099999916,46.67653099999916,-0.002031544,215,2026-05-28T12:28:14.478,2026-05-28T12:43:44.478,,47.15561639999942,-19.55,93.0,2026-05-28T12:28:14.962,2026-05-28T12:43:44.962,,0.47908540000025823
46.89152590000049,46.89152590000049,-0.002045366,216,2026-05-28T12:28:14.695,2026-05-28T12:43:44.695,,47.15561639999942,-19.55,93.0,2026-05-28T12:28:14.962,2026-05-28T12:43:44.962,,0.26409049999892886
47.10684469999978,47.10684469999978,-0.002059249,217,2026-05-28T12:28:14.912,2026-05-28T12:43:44.912,,47.15561639999942,-19.55,93.0,2026-05-28T12:28:14.962,2026-05-28T12:43:44.962,,0.04877169999963371
47.321969399999944,47.321969399999944,-0.002072985,218,2026-05-28T12:28:15.129,2026-05-28T12:43:45.129,,47.17889639999885,,94.0,2026-05-28T12:28:14.978,2026-05-28T12:43:44.978,Error desde Arduino: HX711 not found.,-0.14307300000109535
47.5369828999992,47.5369828999992,-0.002086879,219,2026-05-28T12:28:15.344,2026-05-28T12:43:45.344,,47.17889639999885,,94.0,2026-05-28T12:28:14.978,2026-05-28T12:43:44.978,Error desde Arduino: HX711 not found.,-0.35808650000035414
47.751952799999344,47.751952799999344,-0.002101076,220,2026-05-28T12:28:15.555,2026-05-28T12:43:45.555,,48.17204800000036,-19.95,95.0,2026-05-28T12:28:15.978,2026-05-28T12:43:45.978,,0.42009520000101475
47.96706189999895,47.96706189999895,-0.00211811,221,2026-05-28T12:28:15.771,2026-05-28T12:43:45.771,,48.17204800000036,-19.95,95.0,2026-05-28T12:28:15.978,2026-05-28T12:43:45.978,,0.20498610000140616
48.182204400000046,48.182204400000046,-0.002136181,222,2026-05-28T12:28:15.989,2026-05-28T12:43:45.989,,48.17204800000036,-19.95,95.0,2026-05-28T12:28:15.978,2026-05-28T12:43:45.978,,-0.010156399999686982
48.397345600000335,48.397345600000335,-0.002152105,223,2026-05-28T12:28:16.199,2026-05-28T12:43:46.199,,48.195363999999245,,96.0,2026-05-28T12:28:15.999,2026-05-28T12:43:45.999,Error desde Arduino: HX711 not found.,-0.20198160000109056
48.61252430000059,48.61252430000059,-0.0021649,224,2026-05-28T12:28:16.412,2026-05-28T12:43:46.412,,48.195363999999245,,96.0,2026-05-28T12:28:15.999,2026-05-28T12:43:45.999,Error desde Arduino: HX711 not found.,-0.41716030000134197
48.827608800000235,48.827608800000235,-0.002177495,225,2026-05-28T12:28:16.635,2026-05-28T12:43:46.635,,49.188452000000325,-20.84,97.0,2026-05-28T12:28:16.995,2026-05-28T12:43:46.995,,0.3608432000000903
49.042695500000264,49.042695500000264,-0.002190257,226,2026-05-28T12:28:16.845,2026-05-28T12:43:46.845,,49.188452000000325,-20.84,97.0,2026-05-28T12:28:16.995,2026-05-28T12:43:46.995,,0.14575650000006135
49.25781629999983,49.25781629999983,-0.002202423,227,2026-05-28T12:28:17.064,2026-05-28T12:43:47.064,,49.21154249999927,,98.0,2026-05-28T12:28:17.012,2026-05-28T12:43:47.012,Error desde Arduino: HX711 not found.,-0.046273800000562915
49.47308150000026,49.47308150000026,-0.00221305,228,2026-05-28T12:28:17.278,2026-05-28T12:43:47.278,,49.21154249999927,,98.0,2026-05-28T12:28:17.012,2026-05-28T12:43:47.012,Error desde Arduino: HX711 not found.,-0.26153900000099384
49.687942000000476,49.687942000000476,-0.00222441,229,2026-05-28T12:28:17.495,2026-05-28T12:43:47.495,,49.21154249999927,,98.0,2026-05-28T12:28:17.012,2026-05-28T12:43:47.012,Error desde Arduino: HX711 not found.,-0.47639950000120734
49.903237999998964,49.903237999998964,-0.002238732,230,2026-05-28T12:28:17.705,2026-05-28T12:43:47.705,,50.20485629999894,-21.71,99.0,2026-05-28T12:28:18.012,2026-05-28T12:43:48.012,,0.3016182999999728
50.11823109999932,50.11823109999932,-0.002253987,231,2026-05-28T12:28:17.921,2026-05-28T12:43:47.921,,50.20485629999894,-21.71,99.0,2026-05-28T12:28:18.012,2026-05-28T12:43:48.012,,0.0866251999996166
50.3333492999991,50.3333492999991,-0.002265849,232,2026-05-28T12:28:18.141,2026-05-28T12:43:48.141,,50.22793119999915,,100.0,2026-05-28T12:28:18.035,2026-05-28T12:43:48.035,Error desde Arduino: HX711 not found.,-0.10541809999995166
50.54856010000003,50.54856010000003,-0.002277868,233,2026-05-28T12:28:18.355,2026-05-28T12:43:48.355,,50.22793119999915,,100.0,2026-05-28T12:28:18.035,2026-05-28T12:43:48.035,Error desde Arduino: HX711 not found.,-0.32062890000088373
50.76368879999973,50.76368879999973,-0.002290872,234,2026-05-28T12:28:18.562,2026-05-28T12:43:48.562,,51.22125930000038,-21.98,101.0,2026-05-28T12:28:19.028,2026-05-28T12:43:49.028,,0.45757050000065647
50.97891200000049,50.97891200000049,-0.002305299,235,2026-05-28T12:28:18.778,2026-05-28T12:43:48.778,,51.22125930000038,-21.98,101.0,2026-05-28T12:28:19.028,2026-05-28T12:43:49.028,,0.24234729999989213
51.19398799999908,51.19398799999908,-0.002317517,236,2026-05-28T12:28:19.001,2026-05-28T12:43:49.001,,51.22125930000038,-21.98,101.0,2026-05-28T12:28:19.028,2026-05-28T12:43:49.028,,0.027271300001302734
51.40917389999959,51.40917389999959,-0.002330405,237,2026-05-28T12:28:19.212,2026-05-28T12:43:49.212,,51.24444509999921,,102.0,2026-05-28T12:28:19.045,2026-05-28T12:43:49.045,Error desde Arduino: HX711 not found.,-0.16472880000037549
51.6240815000001,51.6240815000001,-0.002343461,238,2026-05-28T12:28:19.432,2026-05-28T12:43:49.432,,51.24444509999921,,102.0,2026-05-28T12:28:19.045,2026-05-28T12:43:49.045,Error desde Arduino: HX711 not found.,-0.3796364000008907
51.839320099999895,51.839320099999895,-0.002356821,239,2026-05-28T12:28:19.645,2026-05-28T12:43:49.645,,52.23768399999972,-22.79,103.0,2026-05-28T12:28:20.045,2026-05-28T12:43:50.045,,0.398363899999822
52.05432490000021,52.05432490000021,-0.002369699,240,2026-05-28T12:28:19.862,2026-05-28T12:43:49.862,,52.23768399999972,-22.79,103.0,2026-05-28T12:28:20.045,2026-05-28T12:43:50.045,,0.18335909999950672
52.269491499999276,52.269491499999276,-0.002382859,241,2026-05-28T12:28:20.071,2026-05-28T12:43:50.071,,52.260817999998835,,104.0,2026-05-28T12:28:20.062,2026-05-28T12:43:50.062,Error desde Arduino: HX711 not found.,-0.008673500000440981
52.48457529999905,52.48457529999905,-0.002396145,242,2026-05-28T12:28:20.288,2026-05-28T12:43:50.288,,52.260817999998835,,104.0,2026-05-28T12:28:20.062,2026-05-28T12:43:50.062,Error desde Arduino: HX711 not found.,-0.22375730000021576
52.699857800000245,52.699857800000245,-0.002409379,243,2026-05-28T12:28:20.505,2026-05-28T12:43:50.505,,52.260817999998835,,104.0,2026-05-28T12:28:20.062,2026-05-28T12:43:50.062,Error desde Arduino: HX711 not found.,-0.4390398000014102
52.914989299999434,52.914989299999434,-0.00242233,244,2026-05-28T12:28:20.722,2026-05-28T12:43:50.722,,53.254079500000444,-24.03,105.0,2026-05-28T12:28:21.061,2026-05-28T12:43:51.061,,0.3390902000010101
53.13000629999988,53.13000629999988,-0.002435051,245,2026-05-28T12:28:20.937,2026-05-28T12:43:50.937,,53.254079500000444,-24.03,105.0,2026-05-28T12:28:21.061,2026-05-28T12:43:51.061,,0.12407320000056643
53.345110000000204,53.345110000000204,-0.002448274,246,2026-05-28T12:28:21.145,2026-05-28T12:43:51.145,,53.277262800000244,,106.0,2026-05-28T12:28:21.078,2026-05-28T12:43:51.078,Error desde Arduino: HX711 not found.,-0.06784719999996014
53.56032539999978,53.56032539999978,-0.002461623,247,2026-05-28T12:28:21.362,2026-05-28T12:43:51.362,,53.277262800000244,,106.0,2026-05-28T12:28:21.078,2026-05-28T12:43:51.078,Error desde Arduino: HX711 not found.,-0.2830625999995391
53.775564899999154,53.775564899999154,-0.002474428,248,2026-05-28T12:28:21.578,2026-05-28T12:43:51.578,,54.27055130000008,-24.46,107.0,2026-05-28T12:28:22.078,2026-05-28T12:43:52.078,,0.49498640000092564
53.99057249999896,53.99057249999896,-0.002487044,249,2026-05-28T12:28:21.795,2026-05-28T12:43:51.795,,54.27055130000008,-24.46,107.0,2026-05-28T12:28:22.078,2026-05-28T12:43:52.078,,0.27997880000111763
54.20560300000034,54.20560300000034,-0.002499419,250,2026-05-28T12:28:22.012,2026-05-28T12:43:52.012,,54.27055130000008,-24.46,107.0,2026-05-28T12:28:22.078,2026-05-28T12:43:52.078,,0.06494829999974172
54.42072139999982,54.42072139999982,-0.002512119,251,2026-05-28T12:28:22.228,2026-05-28T12:43:52.228,,54.513484099999914,-24.74,109.0,2026-05-28T12:28:22.312,2026-05-28T12:43:52.312,,0.0927627000000939
54.63591239999914,54.63591239999914,-0.002524473,252,2026-05-28T12:28:22.443,2026-05-28T12:43:52.443,,54.513484099999914,-24.74,109.0,2026-05-28T12:28:22.312,2026-05-28T12:43:52.312,,-0.12242829999922833
54.85099590000027,54.85099590000027,-0.002537204,253,2026-05-28T12:28:22.654,2026-05-28T12:43:52.654,,55.01356759999908,-25.13,110.0,2026-05-28T12:28:22.812,2026-05-28T12:43:52.812,,0.16257169999880716
55.06610989999899,55.06610989999899,-0.002550208,254,2026-05-28T12:28:22.871,2026-05-28T12:43:52.871,,55.01356759999908,-25.13,110.0,2026-05-28T12:28:22.812,2026-05-28T12:43:52.812,,-0.052542299999913666
55.281290400000216,55.281290400000216,-0.002562813,255,2026-05-28T12:28:23.088,2026-05-28T12:43:53.088,,55.51335929999914,-25.02,111.0,2026-05-28T12:28:23.312,2026-05-28T12:43:53.312,,0.23206889999892155
55.496566699999676,55.496566699999676,-0.002575691,256,2026-05-28T12:28:23.295,2026-05-28T12:43:53.295,,55.51335929999914,-25.02,111.0,2026-05-28T12:28:23.312,2026-05-28T12:43:53.312,,0.016792599999462254
55.71161749999919,55.71161749999919,-0.002588433,257,2026-05-28T12:28:23.512,2026-05-28T12:43:53.512,,55.51335929999914,-25.02,111.0,2026-05-28T12:28:23.312,2026-05-28T12:43:53.312,,-0.19825820000005479
55.92688090000047,55.92688090000047,-0.002600965,258,2026-05-28T12:28:23.734,2026-05-28T12:43:53.734,,56.01350629999979,-25.95,112.0,2026-05-28T12:28:23.812,2026-05-28T12:43:53.812,,0.08662539999932051
56.14217009999993,56.14217009999993,-0.002613592,259,2026-05-28T12:28:23.949,2026-05-28T12:43:53.949,,56.01350629999979,-25.95,112.0,2026-05-28T12:28:23.812,2026-05-28T12:43:53.812,,-0.12866380000014033
56.35717719999957,56.35717719999957,-0.002626176,260,2026-05-28T12:28:24.162,2026-05-28T12:43:54.162,,56.51343520000046,-26.48,113.0,2026-05-28T12:28:24.312,2026-05-28T12:43:54.312,,0.1562580000008893
56.57239949999894,56.57239949999894,-0.002638415,261,2026-05-28T12:28:24.378,2026-05-28T12:43:54.378,,56.51343520000046,-26.48,113.0,2026-05-28T12:28:24.312,2026-05-28T12:43:54.312,,-0.058964299998478964
56.78736519999984,56.78736519999984,-0.002651189,262,2026-05-28T12:28:24.595,2026-05-28T12:43:54.595,,57.01332329999968,-26.77,114.0,2026-05-28T12:28:24.812,2026-05-28T12:43:54.812,,0.2259580999998434
57.002537200000006,57.002537200000006,-0.002663899,263,2026-05-28T12:28:24.808,2026-05-28T12:43:54.808,,57.01332329999968,-26.77,114.0,2026-05-28T12:28:24.812,2026-05-28T12:43:54.812,,0.01078609999967739
57.21743869999955,57.21743869999955,-0.002676295,264,2026-05-28T12:28:25.024,2026-05-28T12:43:55.024,,57.01332329999968,-26.77,114.0,2026-05-28T12:28:24.812,2026-05-28T12:43:54.812,,-0.20411539999986417
57.43255189999945,57.43255189999945,-0.002688754,265,2026-05-28T12:28:25.240,2026-05-28T12:43:55.240,,57.51358660000005,-26.54,115.0,2026-05-28T12:28:25.312,2026-05-28T12:43:55.312,,0.08103470000060042
57.64767849999953,57.64767849999953,-0.002701035,266,2026-05-28T12:28:25.449,2026-05-28T12:43:55.449,,57.51358660000005,-26.54,115.0,2026-05-28T12:28:25.312,2026-05-28T12:43:55.312,,-0.13409189999947557
57.86290319999898,57.86290319999898,-0.002713693,267,2026-05-28T12:28:25.666,2026-05-28T12:43:55.666,,58.01352399999996,-27.5,116.0,2026-05-28T12:28:25.812,2026-05-28T12:43:55.812,,0.15062080000097922
58.07812589999958,58.07812589999958,-0.002725974,268,2026-05-28T12:28:25.878,2026-05-28T12:43:55.878,,58.01352399999996,-27.5,116.0,2026-05-28T12:28:25.812,2026-05-28T12:43:55.812,,-0.06460189999961585
58.2934108999998,58.2934108999998,-0.002738192,269,2026-05-28T12:28:26.095,2026-05-28T12:43:56.095,,58.51320769999984,-27.81,117.0,2026-05-28T12:28:26.312,2026-05-28T12:43:56.312,,0.2197968000000401
58.50845819999995,58.50845819999995,-0.002750557,270,2026-05-28T12:28:26.312,2026-05-28T12:43:56.312,,58.51320769999984,-27.81,117.0,2026-05-28T12:28:26.312,2026-05-28T12:43:56.312,,0.00474949999988894
58.72359259999939,58.72359259999939,-0.002762409,271,2026-05-28T12:28:26.531,2026-05-28T12:43:56.531,,58.51320769999984,-27.81,117.0,2026-05-28T12:28:26.312,2026-05-28T12:43:56.312,,-0.21038489999955345
58.938698199999635,58.938698199999635,-0.002774606,272,2026-05-28T12:28:26.745,2026-05-28T12:43:56.745,,59.01339319999897,-27.76,118.0,2026-05-28T12:28:26.812,2026-05-28T12:43:56.812,,0.0746949999993376
59.153571299999385,59.153571299999385,-0.002786845,273,2026-05-28T12:28:26.961,2026-05-28T12:43:56.961,,59.01339319999897,-27.76,118.0,2026-05-28T12:28:26.812,2026-05-28T12:43:56.812,,-0.1401781000004121
59.36872279999989,59.36872279999989,-0.002799126,274,2026-05-28T12:28:27.173,2026-05-28T12:43:57.173,,59.51334429999952,-27.88,119.0,2026-05-28T12:28:27.312,2026-05-28T12:43:57.312,,0.14462149999963003
59.58378689999881,59.58378689999881,-0.002811156,275,2026-05-28T12:28:27.388,2026-05-28T12:43:57.388,,59.51334429999952,-27.88,119.0,2026-05-28T12:28:27.312,2026-05-28T12:43:57.312,,-0.07044259999929636
59.79886719999922,59.79886719999922,-0.00282305,276,2026-05-28T12:28:27.605,2026-05-28T12:43:57.605,,60.01342529999965,-28.83,120.0,2026-05-28T12:28:27.812,2026-05-28T12:43:57.812,,0.2145581000004313
60.014112200000454,60.014112200000454,-0.002834891,277,2026-05-28T12:28:27.812,2026-05-28T12:43:57.812,,60.01342529999965,-28.83,120.0,2026-05-28T12:28:27.812,2026-05-28T12:43:57.812,,-0.0006869000008009607
60.229220299999724,60.229220299999724,-0.002847277,278,2026-05-28T12:28:28.036,2026-05-28T12:43:58.036,,60.01342529999965,-28.83,120.0,2026-05-28T12:28:27.812,2026-05-28T12:43:57.812,,-0.215795000000071
60.44449689999965,60.44449689999965,-0.002859704,279,2026-05-28T12:28:28.248,2026-05-28T12:43:58.248,,60.51368569999977,-28.15,121.0,2026-05-28T12:28:28.314,2026-05-28T12:43:58.314,,0.06918880000011995
60.65956879999976,60.65956879999976,-0.002871682,280,2026-05-28T12:28:28.464,2026-05-28T12:43:58.464,,60.51368569999977,-28.15,121.0,2026-05-28T12:28:28.314,2026-05-28T12:43:58.314,,-0.14588309999999183
60.874662199999875,60.874662199999875,-0.002883513,281,2026-05-28T12:28:28.681,2026-05-28T12:43:58.681,,61.01319279999916,-29.27,122.0,2026-05-28T12:28:28.820,2026-05-28T12:43:58.820,,0.1385305999992852
61.089895299999625,61.089895299999625,-0.002895396,282,2026-05-28T12:28:28.897,2026-05-28T12:43:58.897,,61.01319279999916,-29.27,122.0,2026-05-28T12:28:28.820,2026-05-28T12:43:58.820,,-0.07670250000046508
61.30508689999988,61.30508689999988,-0.002907321,283,2026-05-28T12:28:29.112,2026-05-28T12:43:59.112,,61.513659799999004,-29.32,123.0,2026-05-28T12:28:29.315,2026-05-28T12:43:59.315,,0.2085728999991261
61.52022269999907,61.52022269999907,-0.002919445,284,2026-05-28T12:28:29.325,2026-05-28T12:43:59.325,,61.513659799999004,-29.32,123.0,2026-05-28T12:28:29.315,2026-05-28T12:43:59.315,,-0.006562900000062655
61.735637300000235,61.735637300000235,-0.002931485,285,2026-05-28T12:28:29.540,2026-05-28T12:43:59.540,,61.513659799999004,-29.32,123.0,2026-05-28T12:28:29.315,2026-05-28T12:43:59.315,,-0.2219775000012305
61.95065369999975,61.95065369999975,-0.002943452,286,2026-05-28T12:28:29.757,2026-05-28T12:43:59.757,,62.013568500000474,-29.4,124.0,2026-05-28T12:28:29.812,2026-05-28T12:43:59.812,,0.06291480000072625
62.165668800000276,62.165668800000276,-0.002955084,287,2026-05-28T12:28:29.964,2026-05-28T12:43:59.964,,62.013568500000474,-29.4,124.0,2026-05-28T12:28:29.812,2026-05-28T12:43:59.812,,-0.1521002999998018
62.380788099999336,62.380788099999336,-0.002967292,288,2026-05-28T12:28:30.188,2026-05-28T12:44:00.188,,62.51345670000046,-30.15,125.0,2026-05-28T12:28:30.314,2026-05-28T12:44:00.314,,0.13266860000112501
62.59582070000033,62.59582070000033,-0.002979374,289,2026-05-28T12:28:30.395,2026-05-28T12:44:00.395,,62.51345670000046,-30.15,125.0,2026-05-28T12:28:30.314,2026-05-28T12:44:00.314,,-0.08236399999987043
62.81084819999887,62.81084819999887,-0.002991278,290,2026-05-28T12:28:30.618,2026-05-28T12:44:00.618,,63.01342889999978,-29.53,126.0,2026-05-28T12:28:30.821,2026-05-28T12:44:00.821,,0.2025807000009081
63.02589470000021,63.02589470000021,-0.003003224,291,2026-05-28T12:28:30.833,2026-05-28T12:44:00.833,,63.01342889999978,-29.53,126.0,2026-05-28T12:28:30.821,2026-05-28T12:44:00.821,,-0.012465800000427407
63.24099050000041,63.24099050000041,-0.003015149,292,2026-05-28T12:28:31.048,2026-05-28T12:44:01.048,,63.01342889999978,-29.53,126.0,2026-05-28T12:28:30.821,2026-05-28T12:44:00.821,,-0.22756160000062664
63.45605930000056,63.45605930000056,-0.003027325,293,2026-05-28T12:28:31.263,2026-05-28T12:44:01.263,,63.51361580000048,-30.32,127.0,2026-05-28T12:28:31.320,2026-05-28T12:44:01.320,,0.05755649999991874
63.67118389999996,63.67118389999996,-0.003038957,294,2026-05-28T12:28:31.478,2026-05-28T12:44:01.478,,63.51361580000048,-30.32,127.0,2026-05-28T12:28:31.320,2026-05-28T12:44:01.320,,-0.15756809999948018
63.88635400000021,63.88635400000021,-0.003050715,295,2026-05-28T12:28:31.693,2026-05-28T12:44:01.693,,64.01350889999958,-30.87,128.0,2026-05-28T12:28:31.816,2026-05-28T12:44:01.816,,0.12715489999936835
64.10140809999939,64.10140809999939,-0.003062703,296,2026-05-28T12:28:31.905,2026-05-28T12:44:01.905,,64.01350889999958,-30.87,128.0,2026-05-28T12:28:31.816,2026-05-28T12:44:01.816,,-0.08789919999981066
64.3167427999997,64.3167427999997,-0.003074512,297,2026-05-28T12:28:32.124,2026-05-28T12:44:02.124,,64.51350679999996,-30.8,129.0,2026-05-28T12:28:32.315,2026-05-28T12:44:02.315,,0.1967640000002575
64.53181159999986,64.53181159999986,-0.003086144,298,2026-05-28T12:28:32.335,2026-05-28T12:44:02.335,,64.51350679999996,-30.8,129.0,2026-05-28T12:28:32.315,2026-05-28T12:44:02.315,,-0.018304799999896204
64.74701859999914,64.74701859999914,-0.003098069,299,2026-05-28T12:28:32.548,2026-05-28T12:44:02.548,,64.51350679999996,-30.8,129.0,2026-05-28T12:28:32.315,2026-05-28T12:44:02.315,,-0.23351179999917804
64.9622245999999,64.9622245999999,-0.003109387,300,2026-05-28T12:28:32.769,2026-05-28T12:44:02.769,,65.01375639999969,-31.98,130.0,2026-05-28T12:28:32.821,2026-05-28T12:44:02.821,,0.05153179999979329
65.1772775999998,65.1772775999998,-0.003120988,301,2026-05-28T12:28:32.985,2026-05-28T12:44:02.985,,65.01375639999969,-31.98,130.0,2026-05-28T12:28:32.821,2026-05-28T12:44:02.821,,-0.16352120000010473
65.39240959999916,65.39240959999916,-0.003132819,302,2026-05-28T12:28:33.197,2026-05-28T12:44:03.197,,65.51318179999907,-31.83,131.0,2026-05-28T12:28:33.320,2026-05-28T12:44:03.320,,0.1207721999999194
65.60752949999915,65.60752949999915,-0.003144555,303,2026-05-28T12:28:33.414,2026-05-28T12:44:03.414,,65.51318179999907,-31.83,131.0,2026-05-28T12:28:33.320,2026-05-28T12:44:03.320,,-0.0943477000000712
65.82248710000022,65.82248710000022,-0.003155988,304,2026-05-28T12:28:33.629,2026-05-28T12:44:03.629,,66.01344099999915,-31.79,132.0,2026-05-28T12:28:33.814,2026-05-28T12:44:03.814,,0.19095389999893086
66.0375886999991,66.0375886999991,-0.003167662,305,2026-05-28T12:28:33.842,2026-05-28T12:44:03.842,,66.01344099999915,-31.79,132.0,2026-05-28T12:28:33.814,2026-05-28T12:44:03.814,,-0.024147699999957695
66.25266009999905,66.25266009999905,-0.003179336,306,2026-05-28T12:28:34.055,2026-05-28T12:44:04.055,,66.01344099999915,-31.79,132.0,2026-05-28T12:28:33.814,2026-05-28T12:44:03.814,,-0.2392190999999002
66.46784479999951,66.46784479999951,-0.003190821,307,2026-05-28T12:28:34.274,2026-05-28T12:44:04.274,,66.51334599999973,-32.71,133.0,2026-05-28T12:28:34.318,2026-05-28T12:44:04.318,,0.04550120000021707
66.68290440000055,66.68290440000055,-0.003202463,308,2026-05-28T12:28:34.488,2026-05-28T12:44:04.488,,66.51334599999973,-32.71,133.0,2026-05-28T12:28:34.318,2026-05-28T12:44:04.318,,-0.1695584000008239
66.89812700000039,66.89812700000039,-0.003213875,309,2026-05-28T12:28:34.703,2026-05-28T12:44:04.703,,67.01319599999988,-33.16,134.0,2026-05-28T12:28:34.815,2026-05-28T12:44:04.815,,0.11506899999949383
67.11343809999926,67.11343809999926,-0.003225643,310,2026-05-28T12:28:34.915,2026-05-28T12:44:04.915,,67.01319599999988,-33.16,134.0,2026-05-28T12:28:34.815,2026-05-28T12:44:04.815,,-0.10024209999937739
67.32852420000017,67.32852420000017,-0.003236783,311,2026-05-28T12:28:35.136,2026-05-28T12:44:05.136,,67.51360550000027,-33.21,135.0,2026-05-28T12:28:35.316,2026-05-28T12:44:05.316,,0.1850813000000926
67.54374269999971,67.54374269999971,-0.003248363,312,2026-05-28T12:28:35.351,2026-05-28T12:44:05.351,,67.51360550000027,-33.21,135.0,2026-05-28T12:28:35.316,2026-05-28T12:44:05.316,,-0.03013719999944442
67.759005599999,67.759005599999,-0.003259827,313,2026-05-28T12:28:35.566,2026-05-28T12:44:05.566,,67.51360550000027,-33.21,135.0,2026-05-28T12:28:35.316,2026-05-28T12:44:05.316,,-0.2454000999987329
67.97429170000032,67.97429170000032,-0.003271333,314,2026-05-28T12:28:35.781,2026-05-28T12:44:05.781,,68.01317879999988,-33.97,136.0,2026-05-28T12:28:35.817,2026-05-28T12:44:05.817,,0.038887099999556085
68.18938359999993,68.18938359999993,-0.003283081,315,2026-05-28T12:28:35.996,2026-05-28T12:44:05.996,,68.01317879999988,-33.97,136.0,2026-05-28T12:28:35.817,2026-05-28T12:44:05.817,,-0.17620480000005045
68.40453089999937,68.40453089999937,-0.003294241,316,2026-05-28T12:28:36.211,2026-05-28T12:44:06.211,,68.51328160000048,-33.83,137.0,2026-05-28T12:28:36.320,2026-05-28T12:44:06.320,,0.10875070000111009
68.61956809999901,68.61956809999901,-0.00330558,317,2026-05-28T12:28:36.427,2026-05-28T12:44:06.427,,68.51328160000048,-33.83,137.0,2026-05-28T12:28:36.320,2026-05-28T12:44:06.320,,-0.10628649999853224
68.83478599999944,68.83478599999944,-0.003317285,318,2026-05-28T12:28:36.633,2026-05-28T12:44:06.633,,69.01351070000055,-33.59,138.0,2026-05-28T12:28:36.817,2026-05-28T12:44:06.817,,0.17872470000111207
69.04989179999939,69.04989179999939,-0.00332876,319,2026-05-28T12:28:36.853,2026-05-28T12:44:06.853,,69.01351070000055,-33.59,138.0,2026-05-28T12:28:36.817,2026-05-28T12:44:06.817,,-0.03638109999883454
69.26475439999922,69.26475439999922,-0.003340465,320,2026-05-28T12:28:37.071,2026-05-28T12:44:07.071,,69.51353889999882,-34.56,139.0,2026-05-28T12:28:37.321,2026-05-28T12:44:07.321,,0.2487844999996014
69.47994180000023,69.47994180000023,-0.003351867,321,2026-05-28T12:28:37.284,2026-05-28T12:44:07.284,,69.51353889999882,-34.56,139.0,2026-05-28T12:28:37.321,2026-05-28T12:44:07.321,,0.03359709999858751
69.6950029999989,69.6950029999989,-0.003363174,322,2026-05-28T12:28:37.501,2026-05-28T12:44:07.501,,69.51353889999882,-34.56,139.0,2026-05-28T12:28:37.321,2026-05-28T12:44:07.321,,-0.18146410000008473
69.91040210000028,69.91040210000028,-0.003374565,323,2026-05-28T12:28:37.717,2026-05-28T12:44:07.717,,70.0134780999997,-34.73,140.0,2026-05-28T12:28:37.818,2026-05-28T12:44:07.818,,0.10307599999941885
70.12567219999983,70.12567219999983,-0.003385611,324,2026-05-28T12:28:37.933,2026-05-28T12:44:07.933,,70.0134780999997,-34.73,140.0,2026-05-28T12:28:37.818,2026-05-28T12:44:07.818,,-0.11219410000012431
70.34082809999927,70.34082809999927,-0.00339696,325,2026-05-28T12:28:38.148,2026-05-28T12:44:08.148,,70.51349979999941,-34.51,141.0,2026-05-28T12:28:38.319,2026-05-28T12:44:08.319,,0.1726717000001372
70.55607409999902,70.55607409999902,-0.00340833,326,2026-05-28T12:28:38.363,2026-05-28T12:44:08.363,,70.51349979999941,-34.51,141.0,2026-05-28T12:28:38.319,2026-05-28T12:44:08.319,,-0.042574299999614595
70.77118630000041,70.77118630000041,-0.003419627,327,2026-05-28T12:28:38.578,2026-05-28T12:44:08.578,,71.0134736,-35.23,142.0,2026-05-28T12:28:38.821,2026-05-28T12:44:08.821,,0.24228729999958887
70.98620440000013,70.98620440000013,-0.003430809,328,2026-05-28T12:28:38.785,2026-05-28T12:44:08.785,,71.0134736,-35.23,142.0,2026-05-28T12:28:38.821,2026-05-28T12:44:08.821,,0.027269199999864213
71.20128309999927,71.20128309999927,-0.003442127,329,2026-05-28T12:28:38.999,2026-05-28T12:44:08.999,,71.0134736,-35.23,142.0,2026-05-28T12:28:38.821,2026-05-28T12:44:08.821,,-0.18780949999927543
71.41645029999927,71.41645029999927,-0.003453455,330,2026-05-28T12:28:39.224,2026-05-28T12:44:09.224,,71.51352229999975,-36.41,143.0,2026-05-28T12:28:39.320,2026-05-28T12:44:09.320,,0.09707200000048033
71.63155499999993,71.63155499999993,-0.003464794,331,2026-05-28T12:28:39.433,2026-05-28T12:44:09.433,,71.51352229999975,-36.41,143.0,2026-05-28T12:28:39.320,2026-05-28T12:44:09.320,,-0.11803270000018529
71.84675939999943,71.84675939999943,-0.003476174,332,2026-05-28T12:28:39.645,2026-05-28T12:44:09.645,,72.01335769999969,-36.2,144.0,2026-05-28T12:28:39.819,2026-05-28T12:44:09.819,,0.16659830000025977
72.06184949999988,72.06184949999988,-0.003487408,333,2026-05-28T12:28:39.866,2026-05-28T12:44:09.866,,72.01335769999969,-36.2,144.0,2026-05-28T12:28:39.819,2026-05-28T12:44:09.819,,-0.0484918000001926
72.27706869999929,72.27706869999929,-0.003498758,334,2026-05-28T12:28:40.079,2026-05-28T12:44:10.079,,72.51372789999914,-36.95,145.0,2026-05-28T12:28:40.321,2026-05-28T12:44:10.321,,0.23665919999984908
72.49198500000057,72.49198500000057,-0.003509887,335,2026-05-28T12:28:40.299,2026-05-28T12:44:10.299,,72.51372789999914,-36.95,145.0,2026-05-28T12:28:40.321,2026-05-28T12:44:10.321,,0.021742899998571374
72.70732420000058,72.70732420000058,-0.003521697,336,2026-05-28T12:28:40.511,2026-05-28T12:44:10.511,,72.51372789999914,-36.95,145.0,2026-05-28T12:28:40.321,2026-05-28T12:44:10.321,,-0.19359630000144534
72.92235409999921,72.92235409999921,-0.003532858,337,2026-05-28T12:28:40.727,2026-05-28T12:44:10.727,,73.0136507999996,-36.64,146.0,2026-05-28T12:28:40.818,2026-05-28T12:44:10.818,,0.09129670000038459
73.13796319999892,73.13796319999892,-0.003544071,338,2026-05-28T12:28:40.945,2026-05-28T12:44:10.945,,73.0136507999996,-36.64,146.0,2026-05-28T12:28:40.818,2026-05-28T12:44:10.818,,-0.12431239999932586
73.35338219999903,73.35338219999903,-0.003555263,339,2026-05-28T12:28:41.153,2026-05-28T12:44:11.153,,73.51356300000043,-36.84,147.0,2026-05-28T12:28:41.312,2026-05-28T12:44:11.312,,0.1601808000013989
73.56833629999892,73.56833629999892,-0.003566769,340,2026-05-28T12:28:41.373,2026-05-28T12:44:11.373,,73.51356300000043,-36.84,147.0,2026-05-28T12:28:41.312,2026-05-28T12:44:11.312,,-0.054773299998487346
73.78344470000047,73.78344470000047,-0.003578077,341,2026-05-28T12:28:41.581,2026-05-28T12:44:11.581,,74.01341130000037,-37.61,148.0,2026-05-28T12:28:41.819,2026-05-28T12:44:11.819,,0.22996659999989788
73.99853040000016,73.99853040000016,-0.003589468,342,2026-05-28T12:28:41.802,2026-05-28T12:44:11.802,,74.01341130000037,-37.61,148.0,2026-05-28T12:28:41.819,2026-05-28T12:44:11.819,,0.014880900000207475
74.21352239999942,74.21352239999942,-0.003600765,343,2026-05-28T12:28:42.020,2026-05-28T12:44:12.020,,74.01341130000037,-37.61,148.0,2026-05-28T12:28:41.819,2026-05-28T12:44:11.819,,-0.20011109999904875
74.4286919999995,74.4286919999995,-0.003612135,344,2026-05-28T12:28:42.234,2026-05-28T12:44:12.234,,74.51367369999934,-37.35,149.0,2026-05-28T12:28:42.318,2026-05-28T12:44:12.318,,0.08498169999984384
74.64382040000055,74.64382040000055,-0.003623557,345,2026-05-28T12:28:42.442,2026-05-28T12:44:12.442,,74.51367369999934,-37.35,149.0,2026-05-28T12:28:42.318,2026-05-28T12:44:12.318,,-0.13014670000120532
74.85888599999998,74.85888599999998,-0.003635074,346,2026-05-28T12:28:42.666,2026-05-28T12:44:12.666,,75.01356390000001,-37.44,150.0,2026-05-28T12:28:42.816,2026-05-28T12:44:12.816,,0.15467790000002424
75.07400699999926,75.07400699999926,-0.003646612,347,2026-05-28T12:28:42.875,2026-05-28T12:44:12.875,,75.01356390000001,-37.44,150.0,2026-05-28T12:28:42.816,2026-05-28T12:44:12.816,,-0.06044309999924735
75.28902629999902,75.28902629999902,-0.003658139,348,2026-05-28T12:28:43.096,2026-05-28T12:44:13.096,,75.51345310000033,-38.07,151.0,2026-05-28T12:28:43.313,2026-05-28T12:44:13.313,,0.22442680000131077
75.5043528999995,75.5043528999995,-0.00366954,349,2026-05-28T12:28:43.308,2026-05-28T12:44:13.308,,75.51345310000033,-38.07,151.0,2026-05-28T12:28:43.313,2026-05-28T12:44:13.313,,0.009100200000830228
75.719570199999,75.719570199999,-0.003680785,350,2026-05-28T12:28:43.525,2026-05-28T12:44:13.525,,75.51345310000033,-38.07,151.0,2026-05-28T12:28:43.313,2026-05-28T12:44:13.313,,-0.20611709999866434
75.9346158999997,75.9346158999997,-0.003692103,351,2026-05-28T12:28:43.741,2026-05-28T12:44:13.741,,76.01368019999973,-37.82,152.0,2026-05-28T12:28:43.818,2026-05-28T12:44:13.818,,0.07906430000002729
76.14987089999886,76.14987089999886,-0.003703609,352,2026-05-28T12:28:43.954,2026-05-28T12:44:13.954,,76.01368019999973,-37.82,152.0,2026-05-28T12:28:43.818,2026-05-28T12:44:13.818,,-0.13619069999913336
76.36497559999953,76.36497559999953,-0.003714874,353,2026-05-28T12:28:44.164,2026-05-28T12:44:14.164,,76.51373289999901,-38.91,153.0,2026-05-28T12:28:44.316,2026-05-28T12:44:14.316,,0.14875729999948817
76.58015109999906,76.58015109999906,-0.003726182,354,2026-05-28T12:28:44.387,2026-05-28T12:44:14.387,,76.51373289999901,-38.91,153.0,2026-05-28T12:28:44.316,2026-05-28T12:44:14.316,,-0.06641820000004373
76.79525029999968,76.79525029999968,-0.003737562,355,2026-05-28T12:28:44.597,2026-05-28T12:44:14.597,,77.01353569999992,-39.02,154.0,2026-05-28T12:28:44.813,2026-05-28T12:44:14.813,,0.21828540000024077
77.01033540000026,77.01033540000026,-0.003748943,356,2026-05-28T12:28:44.813,2026-05-28T12:44:14.813,,77.01353569999992,-39.02,154.0,2026-05-28T12:28:44.813,2026-05-28T12:44:14.813,,0.003200299999662093
77.22545170000012,77.22545170000012,-0.003760156,357,2026-05-28T12:28:45.030,2026-05-28T12:44:15.030,,77.01353569999992,-39.02,154.0,2026-05-28T12:28:44.813,2026-05-28T12:44:14.813,,-0.21191600000020117
77.4406856000005,77.4406856000005,-0.003771464,358,2026-05-28T12:28:45.247,2026-05-28T12:44:15.247,,77.51324349999959,-39.29,155.0,2026-05-28T12:28:45.312,2026-05-28T12:44:15.312,,0.07255789999908302
77.65562039999895,77.65562039999895,-0.003783179,359,2026-05-28T12:28:45.463,2026-05-28T12:44:15.463,,77.51324349999959,-39.29,155.0,2026-05-28T12:28:45.312,2026-05-28T12:44:15.312,,-0.14237689999936265
77.87081699999908,77.87081699999908,-0.003794424,360,2026-05-28T12:28:45.678,2026-05-28T12:44:15.678,,78.01345589999983,-39.43,156.0,2026-05-28T12:28:45.812,2026-05-28T12:44:15.812,,0.14263890000074753
78.08603670000048,78.08603670000048,-0.003805647,361,2026-05-28T12:28:45.893,2026-05-28T12:44:15.893,,78.01345589999983,-39.43,156.0,2026-05-28T12:28:45.812,2026-05-28T12:44:15.812,,-0.07258080000065092
78.3012579999995,78.3012579999995,-0.003817017,362,2026-05-28T12:28:46.102,2026-05-28T12:44:16.102,,78.51354379999975,-40.12,157.0,2026-05-28T12:28:46.318,2026-05-28T12:44:16.318,,0.21228580000024522
78.51632729999983,78.51632729999983,-0.003828126,363,2026-05-28T12:28:46.318,2026-05-28T12:44:16.318,,78.51354379999975,-40.12,157.0,2026-05-28T12:28:46.318,2026-05-28T12:44:16.318,,-0.0027835000000777654
78.73130239999955,78.73130239999955,-0.003839381,364,2026-05-28T12:28:46.532,2026-05-28T12:44:16.532,,78.51354379999975,-40.12,157.0,2026-05-28T12:28:46.318,2026-05-28T12:44:16.318,,-0.2177585999997973
78.9464423999998,78.9464423999998,-0.003850856,365,2026-05-28T12:28:46.754,2026-05-28T12:44:16.754,,79.01350049999928,-40.42,158.0,2026-05-28T12:28:46.816,2026-05-28T12:44:16.816,,0.06705809999948542
79.16141679999964,79.16141679999964,-0.003862163,366,2026-05-28T12:28:46.966,2026-05-28T12:44:16.966,,79.01350049999928,-40.42,158.0,2026-05-28T12:28:46.816,2026-05-28T12:44:16.816,,-0.14791630000036093
79.37654409999959,79.37654409999959,-0.003873408,367,2026-05-28T12:28:47.184,2026-05-28T12:44:17.184,,79.51351459999933,-40.71,159.0,2026-05-28T12:28:47.316,2026-05-28T12:44:17.316,,0.13697049999973387
79.59164419999979,79.59164419999979,-0.003884715,368,2026-05-28T12:28:47.393,2026-05-28T12:44:17.393,,79.51351459999933,-40.71,159.0,2026-05-28T12:28:47.316,2026-05-28T12:44:17.316,,-0.07812960000046587
79.80667050000011,79.80667050000011,-0.003896054,369,2026-05-28T12:28:47.612,2026-05-28T12:44:17.612,,80.01320300000043,-40.94,160.0,2026-05-28T12:28:47.812,2026-05-28T12:44:17.812,,0.2065325000003213
80.0217947000001,80.0217947000001,-0.003907445,370,2026-05-28T12:28:47.829,2026-05-28T12:44:17.829,,80.01320300000043,-40.94,160.0,2026-05-28T12:28:47.812,2026-05-28T12:44:17.812,,-0.0085916999996698
80.23693679999997,80.23693679999997,-0.003918804,371,2026-05-28T12:28:48.041,2026-05-28T12:44:18.041,,80.01320300000043,-40.94,160.0,2026-05-28T12:28:47.812,2026-05-28T12:44:17.812,,-0.22373379999953613
80.45205109999915,80.45205109999915,-0.003930007,372,2026-05-28T12:28:48.255,2026-05-28T12:44:18.255,,80.51337269999931,-41.39,161.0,2026-05-28T12:28:48.312,2026-05-28T12:44:18.312,,0.06132160000015574
80.66693959999975,80.66693959999975,-0.003941545,373,2026-05-28T12:28:48.474,2026-05-28T12:44:18.474,,80.51337269999931,-41.39,161.0,2026-05-28T12:28:48.312,2026-05-28T12:44:18.312,,-0.15356690000044182
80.88209049999932,80.88209049999932,-0.003953051,374,2026-05-28T12:28:48.680,2026-05-28T12:44:18.680,,81.01353100000051,-41.37,162.0,2026-05-28T12:28:48.816,2026-05-28T12:44:18.816,,0.13144050000119023
81.09729399999924,81.09729399999924,-0.003964201,375,2026-05-28T12:28:48.895,2026-05-28T12:44:18.895,,81.01353100000051,-41.37,162.0,2026-05-28T12:28:48.816,2026-05-28T12:44:18.816,,-0.08376299999872572
81.31251750000047,81.31251750000047,-0.003975655,376,2026-05-28T12:28:49.112,2026-05-28T12:44:19.112,,81.51336859999901,-41.74,163.0,2026-05-28T12:28:49.312,2026-05-28T12:44:19.312,,0.20085109999854467
81.5274773000001,81.5274773000001,-0.003987172,377,2026-05-28T12:28:49.333,2026-05-28T12:44:19.333,,81.51336859999901,-41.74,163.0,2026-05-28T12:28:49.312,2026-05-28T12:44:19.312,,-0.014108700001088437
81.74264199999925,81.74264199999925,-0.003998249,378,2026-05-28T12:28:49.549,2026-05-28T12:44:19.549,,81.51336859999901,-41.74,163.0,2026-05-28T12:28:49.312,2026-05-28T12:44:19.312,,-0.22927340000023833
81.95757709999998,81.95757709999998,-0.004009473,379,2026-05-28T12:28:49.764,2026-05-28T12:44:19.764,,82.01322909999908,-41.71,164.0,2026-05-28T12:28:49.812,2026-05-28T12:44:19.812,,0.055651999999099644
82.17270110000027,82.17270110000027,-0.00402079,380,2026-05-28T12:28:49.980,2026-05-28T12:44:19.980,,82.01322909999908,-41.71,164.0,2026-05-28T12:28:49.812,2026-05-28T12:44:19.812,,-0.15947200000118755
82.38786970000001,82.38786970000001,-0.004032223,381,2026-05-28T12:28:50.195,2026-05-28T12:44:20.195,,82.51354119999996,-41.75,165.0,2026-05-28T12:28:50.312,2026-05-28T12:44:20.312,,0.12567149999995308
82.60306479999963,82.60306479999963,-0.004043363,382,2026-05-28T12:28:50.409,2026-05-28T12:44:20.409,,82.51354119999996,-41.75,165.0,2026-05-28T12:28:50.312,2026-05-28T12:44:20.312,,-0.08952359999966575
82.81802930000049,82.81802930000049,-0.004054807,383,2026-05-28T12:28:50.617,2026-05-28T12:44:20.617,,83.01333899999918,-42.55,166.0,2026-05-28T12:28:50.814,2026-05-28T12:44:20.814,,0.1953096999986883
83.03313469999921,83.03313469999921,-0.004066145,384,2026-05-28T12:28:50.839,2026-05-28T12:44:20.839,,83.01333899999918,-42.55,166.0,2026-05-28T12:28:50.814,2026-05-28T12:44:20.814,,-0.019795700000031502
83.24831719999929,83.24831719999929,-0.004077369,385,2026-05-28T12:28:51.055,2026-05-28T12:44:21.055,,83.01333899999918,-42.55,166.0,2026-05-28T12:28:50.814,2026-05-28T12:44:20.814,,-0.23497820000011416
83.46342430000004,83.46342430000004,-0.004088938,386,2026-05-28T12:28:51.262,2026-05-28T12:44:21.262,,83.51344740000059,-42.6,167.0,2026-05-28T12:28:51.312,2026-05-28T12:44:21.312,,0.05002310000054422
83.67863009999928,83.67863009999928,-0.004100371,387,2026-05-28T12:28:51.478,2026-05-28T12:44:21.478,,83.51344740000059,-42.6,167.0,2026-05-28T12:28:51.312,2026-05-28T12:44:21.312,,-0.16518269999869517
83.89387139999963,83.89387139999963,-0.004111794,388,2026-05-28T12:28:51.695,2026-05-28T12:44:21.695,,84.01332189999994,-43.57,168.0,2026-05-28T12:28:51.812,2026-05-28T12:44:21.812,,0.11945050000031188
84.10908000000018,84.10908000000018,-0.004123227,389,2026-05-28T12:28:51.912,2026-05-28T12:44:21.912,,84.01332189999994,-43.57,168.0,2026-05-28T12:28:51.812,2026-05-28T12:44:21.812,,-0.09575810000023921
84.32404879999922,84.32404879999922,-0.00413485,390,2026-05-28T12:28:52.128,2026-05-28T12:44:22.128,,84.51386769999954,-43.38,169.0,2026-05-28T12:28:52.312,2026-05-28T12:44:22.312,,0.18981890000031854
84.53920389999985,84.53920389999985,-0.004146178,391,2026-05-28T12:28:52.345,2026-05-28T12:44:22.345,,84.51386769999954,-43.38,169.0,2026-05-28T12:28:52.312,2026-05-28T12:44:22.312,,-0.025336200000310782
84.75423909999881,84.75423909999881,-0.004157726,392,2026-05-28T12:28:52.562,2026-05-28T12:44:22.562,,84.51386769999954,-43.38,169.0,2026-05-28T12:28:52.312,2026-05-28T12:44:22.312,,-0.24037139999927604
84.9694146999991,84.9694146999991,-0.004168981,393,2026-05-28T12:28:52.771,2026-05-28T12:44:22.771,,85.01323649999904,-43.6,170.0,2026-05-28T12:28:52.812,2026-05-28T12:44:22.812,,0.04382179999993241
85.18445629999951,85.18445629999951,-0.004180833,394,2026-05-28T12:28:52.992,2026-05-28T12:44:22.992,,85.01323649999904,-43.6,170.0,2026-05-28T12:28:52.812,2026-05-28T12:44:22.812,,-0.17121980000047188
85.39957929999946,85.39957929999946,-0.004192298,395,2026-05-28T12:28:53.205,2026-05-28T12:44:23.205,,85.51351880000038,-44.24,171.0,2026-05-28T12:28:53.312,2026-05-28T12:44:23.312,,0.11393950000092445
85.61472169999979,85.61472169999979,-0.004203668,396,2026-05-28T12:28:53.421,2026-05-28T12:44:23.421,,85.51351880000038,-44.24,171.0,2026-05-28T12:28:53.312,2026-05-28T12:44:23.312,,-0.10120289999940724
85.82970009999917,85.82970009999917,-0.004215289,397,2026-05-28T12:28:53.628,2026-05-28T12:44:23.628,,86.0133711999988,-44.28,172.0,2026-05-28T12:28:53.812,2026-05-28T12:44:23.812,,0.1836710999996285
86.04491679999956,86.04491679999956,-0.00422667,398,2026-05-28T12:28:53.845,2026-05-28T12:44:23.845,,86.0133711999988,-44.28,172.0,2026-05-28T12:28:53.812,2026-05-28T12:44:23.812,,-0.03154560000075435
86.25985439999931,86.25985439999931,-0.004238155,399,2026-05-28T12:28:54.062,2026-05-28T12:44:24.062,,86.0133711999988,-44.28,172.0,2026-05-28T12:28:53.812,2026-05-28T12:44:23.812,,-0.24648320000051172
86.47506930000054,86.47506930000054,-0.004249672,400,2026-05-28T12:28:54.278,2026-05-28T12:44:24.278,,86.5134098999988,-44.27,173.0,2026-05-28T12:28:54.312,2026-05-28T12:44:24.312,,0.038340599998264224
86.69014389999938,86.69014389999938,-0.004261262,401,2026-05-28T12:28:54.495,2026-05-28T12:44:24.495,,86.5134098999988,-44.27,173.0,2026-05-28T12:28:54.312,2026-05-28T12:44:24.312,,-0.17673400000057882
86.90523349999967,86.90523349999967,-0.004273156,402,2026-05-28T12:28:54.712,2026-05-28T12:44:24.712,,87.01339550000012,-45.11,174.0,2026-05-28T12:28:54.812,2026-05-28T12:44:24.812,,0.10816200000044773
87.12025749999884,87.12025749999884,-0.00428485,403,2026-05-28T12:28:54.921,2026-05-28T12:44:24.921,,87.01339550000012,-45.11,174.0,2026-05-28T12:28:54.812,2026-05-28T12:44:24.812,,-0.1068619999987277
87.33550540000033,87.33550540000033,-0.004296503,404,2026-05-28T12:28:55.138,2026-05-28T12:44:25.138,,87.51321789999929,-45.52,175.0,2026-05-28T12:28:55.312,2026-05-28T12:44:25.312,,0.177712499998961
87.55041410000013,87.55041410000013,-0.004308271,405,2026-05-28T12:28:55.358,2026-05-28T12:44:25.358,,87.51321789999929,-45.52,175.0,2026-05-28T12:28:55.312,2026-05-28T12:44:25.312,,-0.03719620000083523
87.76576860000023,87.76576860000023,-0.00432005,406,2026-05-28T12:28:55.571,2026-05-28T12:44:25.571,,88.01330729999972,-45.68,176.0,2026-05-28T12:28:55.812,2026-05-28T12:44:25.812,,0.2475386999994953
87.98072639999918,87.98072639999918,-0.004332017,407,2026-05-28T12:28:55.778,2026-05-28T12:44:25.778,,88.01330729999972,-45.68,176.0,2026-05-28T12:28:55.812,2026-05-28T12:44:25.812,,0.03258090000053926
88.19591369999944,88.19591369999944,-0.004344224,408,2026-05-28T12:28:55.995,2026-05-28T12:44:25.995,,88.01330729999972,-45.68,176.0,2026-05-28T12:28:55.812,2026-05-28T12:44:25.812,,-0.18260639999971318
88.41113679999944,88.41113679999944,-0.004356149,409,2026-05-28T12:28:56.212,2026-05-28T12:44:26.212,,88.5138036999997,-45.94,177.0,2026-05-28T12:28:56.321,2026-05-28T12:44:26.321,,0.10266690000025847
88.62621769999896,88.62621769999896,-0.004368001,410,2026-05-28T12:28:56.428,2026-05-28T12:44:26.428,,88.5138036999997,-45.94,177.0,2026-05-28T12:28:56.321,2026-05-28T12:44:26.321,,-0.11241399999926216
88.8413230999995,88.8413230999995,-0.004379895,411,2026-05-28T12:28:56.647,2026-05-28T12:44:26.647,,89.01338769999893,-46.57,178.0,2026-05-28T12:28:56.812,2026-05-28T12:44:26.812,,0.17206459999943036
89.05628169999909,89.05628169999909,-0.004392103,412,2026-05-28T12:28:56.863,2026-05-28T12:44:26.863,,89.01338769999893,-46.57,178.0,2026-05-28T12:28:56.812,2026-05-28T12:44:26.812,,-0.042894000000160304
89.27140669999972,89.27140669999972,-0.004404394,413,2026-05-28T12:28:57.079,2026-05-28T12:44:27.079,,89.51374829999986,-46.55,179.0,2026-05-28T12:28:57.321,2026-05-28T12:44:27.321,,0.24234160000014526
89.48664350000035,89.48664350000035,-0.00441679,414,2026-05-28T12:28:57.288,2026-05-28T12:44:27.288,,89.51374829999986,-46.55,179.0,2026-05-28T12:28:57.321,2026-05-28T12:44:27.321,,0.027104799999506213
89.70174790000056,89.70174790000056,-0.004428935,415,2026-05-28T12:28:57.505,2026-05-28T12:44:27.505,,89.51374829999986,-46.55,179.0,2026-05-28T12:28:57.321,2026-05-28T12:44:27.321,,-0.18799960000069404
89.91681260000041,89.91681260000041,-0.004441028,416,2026-05-28T12:28:57.716,2026-05-28T12:44:27.716,,90.01370029999998,-47.06,180.0,2026-05-28T12:28:57.816,2026-05-28T12:44:27.816,,0.09688769999957003
90.1319540000004,90.1319540000004,-0.004453466,417,2026-05-28T12:28:57.938,2026-05-28T12:44:27.938,,90.01370029999998,-47.06,180.0,2026-05-28T12:28:57.816,2026-05-28T12:44:27.816,,-0.11825370000042312
90.34705290000056,90.34705290000056,-0.004466061,418,2026-05-28T12:28:58.145,2026-05-28T12:44:28.145,,90.51328900000044,-47.32,181.0,2026-05-28T12:28:58.312,2026-05-28T12:44:28.312,,0.1662360999998782
90.56223599999976,90.56223599999976,-0.004478112,419,2026-05-28T12:28:58.363,2026-05-28T12:44:28.363,,90.51328900000044,-47.32,181.0,2026-05-28T12:28:58.312,2026-05-28T12:44:28.312,,-0.048946999999316176
90.77743269999883,90.77743269999883,-0.004490665,420,2026-05-28T12:28:58.578,2026-05-28T12:44:28.578,,91.01365559999977,-47.16,182.0,2026-05-28T12:28:58.820,2026-05-28T12:44:28.820,,0.23622290000093926
90.99250159999974,90.99250159999974,-0.00450325,421,2026-05-28T12:28:58.800,2026-05-28T12:44:28.800,,91.01365559999977,-47.16,182.0,2026-05-28T12:28:58.820,2026-05-28T12:44:28.820,,0.021154000000024098
91.20760539999901,91.20760539999901,-0.004515698,422,2026-05-28T12:28:59.012,2026-05-28T12:44:29.012,,91.01365559999977,-47.16,182.0,2026-05-28T12:28:58.820,2026-05-28T12:44:28.820,,-0.19394979999924544
91.4226966999995,91.4226966999995,-0.004528838,423,2026-05-28T12:28:59.228,2026-05-28T12:44:29.228,,91.51383220000025,-48.33,183.0,2026-05-28T12:28:59.312,2026-05-28T12:44:29.312,,0.0911355000007461
91.63783539999895,91.63783539999895,-0.004541244,424,2026-05-28T12:28:59.445,2026-05-28T12:44:29.445,,91.51383220000025,-48.33,183.0,2026-05-28T12:28:59.312,2026-05-28T12:44:29.312,,-0.1240031999986968
91.8529254999994,91.8529254999994,-0.004554049,425,2026-05-28T12:28:59.655,2026-05-28T12:44:29.655,,92.01337760000024,-48.19,184.0,2026-05-28T12:28:59.812,2026-05-28T12:44:29.812,,0.16045210000083898
92.06801379999888,92.06801379999888,-0.004566906,426,2026-05-28T12:28:59.875,2026-05-28T12:44:29.875,,92.01337760000024,-48.19,184.0,2026-05-28T12:28:59.812,2026-05-28T12:44:29.812,,-0.05463619999864022
92.28317500000048,92.28317500000048,-0.004579543,427,2026-05-28T12:29:00.088,2026-05-28T12:44:30.088,,92.51365679999981,-48.3,185.0,2026-05-28T12:29:00.321,2026-05-28T12:44:30.321,,0.23048179999932472
92.4983269000004,92.4983269000004,-0.004592284,428,2026-05-28T12:29:00.306,2026-05-28T12:44:30.306,,92.51365679999981,-48.3,185.0,2026-05-28T12:29:00.321,2026-05-28T12:44:30.321,,0.01532989999941492
92.71347520000018,92.71347520000018,-0.004605099,429,2026-05-28T12:29:00.512,2026-05-28T12:44:30.512,,92.51365679999981,-48.3,185.0,2026-05-28T12:29:00.321,2026-05-28T12:44:30.321,,-0.19981840000036755
92.92862109999987,92.92862109999987,-0.004618333,430,2026-05-28T12:29:00.728,2026-05-28T12:44:30.728,,93.01355169999988,-49.0,186.0,2026-05-28T12:29:00.812,2026-05-28T12:44:30.812,,0.08493060000000696
93.14382359999945,93.14382359999945,-0.004631211,431,2026-05-28T12:29:00.946,2026-05-28T12:44:30.946,,93.01355169999988,-49.0,186.0,2026-05-28T12:29:00.812,2026-05-28T12:44:30.812,,-0.13027189999957045
93.35891210000045,93.35891210000045,-0.004644204,432,2026-05-28T12:29:01.164,2026-05-28T12:44:31.164,,93.51339000000007,-48.68,187.0,2026-05-28T12:29:01.316,2026-05-28T12:44:31.316,,0.1544778999996197
93.57410460000028,93.57410460000028,-0.004657134,433,2026-05-28T12:29:01.378,2026-05-28T12:44:31.378,,93.51339000000007,-48.68,187.0,2026-05-28T12:29:01.316,2026-05-28T12:44:31.316,,-0.06071460000021034
93.78914309999891,93.78914309999891,-0.004670378,434,2026-05-28T12:29:01.597,2026-05-28T12:44:31.597,,94.01356359999954,-49.29,188.0,2026-05-28T12:29:01.814,2026-05-28T12:44:31.814,,0.22442050000063318
94.00431389999903,94.00431389999903,-0.004683612,435,2026-05-28T12:29:01.812,2026-05-28T12:44:31.812,,94.01356359999954,-49.29,188.0,2026-05-28T12:29:01.814,2026-05-28T12:44:31.814,,0.00924970000050962
94.21937959999923,94.21937959999923,-0.004696637,436,2026-05-28T12:29:02.021,2026-05-28T12:44:32.021,,94.01356359999954,-49.29,188.0,2026-05-28T12:29:01.814,2026-05-28T12:44:31.814,,-0.20581599999968603
94.43448109999918,94.43448109999918,-0.004709807,437,2026-05-28T12:29:02.238,2026-05-28T12:44:32.238,,94.5131679999995,-50.38,189.0,2026-05-28T12:29:02.317,2026-05-28T12:44:32.317,,0.07868690000032075
94.6495116999995,94.6495116999995,-0.004722842,438,2026-05-28T12:29:02.455,2026-05-28T12:44:32.455,,94.5131679999995,-50.38,189.0,2026-05-28T12:29:02.317,2026-05-28T12:44:32.317,,-0.13634369999999763
94.86472289999983,94.86472289999983,-0.00473616,439,2026-05-28T12:29:02.664,2026-05-28T12:44:32.664,,95.01319049999984,-50.34,190.0,2026-05-28T12:29:02.819,2026-05-28T12:44:32.819,,0.14846760000000359
95.07993410000017,95.07993410000017,-0.004749645,440,2026-05-28T12:29:02.882,2026-05-28T12:44:32.882,,95.01319049999984,-50.34,190.0,2026-05-28T12:29:02.819,2026-05-28T12:44:32.819,,-0.0667436000003363
95.29492430000028,95.29492430000028,-0.004763214,441,2026-05-28T12:29:03.102,2026-05-28T12:44:33.102,,95.51329780000015,-51.47,191.0,2026-05-28T12:29:03.316,2026-05-28T12:44:33.316,,0.21837349999987055
95.51017159999901,95.51017159999901,-0.004776971,442,2026-05-28T12:29:03.316,2026-05-28T12:44:33.316,,95.51329780000015,-51.47,191.0,2026-05-28T12:29:03.316,2026-05-28T12:44:33.316,,0.0031262000011338387
95.72524919999887,95.72524919999887,-0.00479033,443,2026-05-28T12:29:03.532,2026-05-28T12:44:33.532,,95.51329780000015,-51.47,191.0,2026-05-28T12:29:03.316,2026-05-28T12:44:33.316,,-0.2119513999987248
95.94041859999925,95.94041859999925,-0.00480392,444,2026-05-28T12:29:03.745,2026-05-28T12:44:33.745,,96.01386999999886,-50.88,192.0,2026-05-28T12:29:03.821,2026-05-28T12:44:33.821,,0.07345139999961248
96.15542409999944,96.15542409999944,-0.004817814,445,2026-05-28T12:29:03.962,2026-05-28T12:44:33.962,,96.01386999999886,-50.88,192.0,2026-05-28T12:29:03.821,2026-05-28T12:44:33.821,,-0.141554100000576
96.37048589999904,96.37048589999904,-0.004832073,446,2026-05-28T12:29:04.178,2026-05-28T12:44:34.178,,96.51315459999933,-50.65,193.0,2026-05-28T12:29:04.311,2026-05-28T12:44:34.311,,0.14266870000028575
96.58552450000025,96.58552450000025,-0.004846061,447,2026-05-28T12:29:04.392,2026-05-28T12:44:34.392,,96.51315459999933,-50.65,193.0,2026-05-28T12:29:04.311,2026-05-28T12:44:34.311,,-0.07236990000092192
96.80084390000047,96.80084390000047,-0.004860017,448,2026-05-28T12:29:04.608,2026-05-28T12:44:34.608,,97.01371339999969,-51.93,194.0,2026-05-28T12:29:04.821,2026-05-28T12:44:34.821,,0.2128694999992149
97.01584100000036,97.01584100000036,-0.004874015,449,2026-05-28T12:29:04.821,2026-05-28T12:44:34.821,,97.01371339999969,-51.93,194.0,2026-05-28T12:29:04.821,2026-05-28T12:44:34.821,,-0.002127600000676466
97.23107840000011,97.23107840000011,-0.00488861,450,2026-05-28T12:29:05.039,2026-05-28T12:44:35.039,,97.01371339999969,-51.93,194.0,2026-05-28T12:29:04.821,2026-05-28T12:44:34.821,,-0.21736500000042724
97.44623619999948,97.44623619999948,-0.004903174,451,2026-05-28T12:29:05.250,2026-05-28T12:44:35.250,,97.51326899999913,-51.62,195.0,2026-05-28T12:29:05.312,2026-05-28T12:44:35.312,,0.06703279999965162
97.6613739000004,97.6613739000004,-0.004918145,452,2026-05-28T12:29:05.462,2026-05-28T12:44:35.462,,97.51326899999913,-51.62,195.0,2026-05-28T12:29:05.312,2026-05-28T12:44:35.312,,-0.14810490000127174
97.87673109999923,97.87673109999923,-0.004933159,453,2026-05-28T12:29:05.678,2026-05-28T12:44:35.678,,98.01326159999917,-52.24,196.0,2026-05-28T12:29:05.811,2026-05-28T12:44:35.811,,0.13653049999993527
98.09180369999922,98.09180369999922,-0.004948612,454,2026-05-28T12:29:05.899,2026-05-28T12:44:35.899,,98.01326159999917,-52.24,196.0,2026-05-28T12:29:05.811,2026-05-28T12:44:35.811,,-0.07854210000004969
98.30695840000044,98.30695840000044,-0.004964296,455,2026-05-28T12:29:06.112,2026-05-28T12:44:36.112,,98.51337819999935,-53.4,197.0,2026-05-28T12:29:06.312,2026-05-28T12:44:36.312,,0.2064197999989119
98.52198999999928,98.52198999999928,-0.004980126,456,2026-05-28T12:29:06.328,2026-05-28T12:44:36.328,,98.51337819999935,-53.4,197.0,2026-05-28T12:29:06.312,2026-05-28T12:44:36.312,,-0.008611799999926006
98.73711600000024,98.73711600000024,-0.004996763,457,2026-05-28T12:29:06.545,2026-05-28T12:44:36.545,,98.51337819999935,-53.4,197.0,2026-05-28T12:29:06.312,2026-05-28T12:44:36.312,,-0.22373780000089027
98.95210670000051,98.95210670000051,-0.005013713,458,2026-05-28T12:29:06.755,2026-05-28T12:44:36.755,,99.01334589999897,-52.67,198.0,2026-05-28T12:29:06.816,2026-05-28T12:44:36.816,,0.06123919999845384
99.16727569999966,99.16727569999966,-0.005031763,459,2026-05-28T12:29:06.971,2026-05-28T12:44:36.971,,99.01334589999897,-52.67,198.0,2026-05-28T12:29:06.816,2026-05-28T12:44:36.816,,-0.15392980000069656
99.38233760000003,99.38233760000003,-0.00505087,460,2026-05-28T12:29:07.188,2026-05-28T12:44:37.188,,99.51329090000036,-52.75,199.0,2026-05-28T12:29:07.312,2026-05-28T12:44:37.312,,0.13095330000032845
99.59753739999906,99.59753739999906,-0.005071349,461,2026-05-28T12:29:07.404,2026-05-28T12:44:37.404,,99.51329090000036,-52.75,199.0,2026-05-28T12:29:07.312,2026-05-28T12:44:37.312,,-0.08424649999869871
99.81254040000022,99.81254040000022,-0.005093922,462,2026-05-28T12:29:07.612,2026-05-28T12:44:37.612,,100.01343730000008,-53.13,200.0,2026-05-28T12:29:07.812,2026-05-28T12:44:37.812,,0.2008968999998615
100.02765290000025,100.02765290000025,-0.005118976,463,2026-05-28T12:29:07.828,2026-05-28T12:44:37.828,,100.01343730000008,-53.13,200.0,2026-05-28T12:29:07.812,2026-05-28T12:44:37.812,,-0.014215600000170525
100.2428861999997,100.2428861999997,-0.005146198,464,2026-05-28T12:29:08.045,2026-05-28T12:44:38.045,,100.01343730000008,-53.13,200.0,2026-05-28T12:29:07.812,2026-05-28T12:44:37.812,,-0.2294488999996247
100.45809709999958,100.45809709999958,-0.005176885,465,2026-05-28T12:29:08.262,2026-05-28T12:44:38.262,,100.51329369999985,-52.65,201.0,2026-05-28T12:29:08.312,2026-05-28T12:44:38.312,,0.055196600000272156
100.67339129999891,100.67339129999891,-0.005210931,466,2026-05-28T12:29:08.478,2026-05-28T12:44:38.478,,100.51329369999985,-52.65,201.0,2026-05-28T12:29:08.312,2026-05-28T12:44:38.312,,-0.16009759999906237
100.88839039999948,100.88839039999948,-0.005249219,467,2026-05-28T12:29:08.696,2026-05-28T12:44:38.696,,101.01316079999924,-53.34,202.0,2026-05-28T12:29:08.820,2026-05-28T12:44:38.820,,0.12477039999976114
101.10372160000043,101.10372160000043,-0.005291915,468,2026-05-28T12:29:08.911,2026-05-28T12:44:38.911,,101.01316079999924,-53.34,202.0,2026-05-28T12:29:08.820,2026-05-28T12:44:38.820,,-0.09056080000118527
101.31880509999974,101.31880509999974,-0.00533927,469,2026-05-28T12:29:09.121,2026-05-28T12:44:39.121,,101.51336679999986,-55.7,203.0,2026-05-28T12:29:09.312,2026-05-28T12:44:39.312,,0.19456170000012207
101.53407150000021,101.53407150000021,-0.005389797,470,2026-05-28T12:29:09.338,2026-05-28T12:44:39.338,,101.51336679999986,-55.7,203.0,2026-05-28T12:29:09.312,2026-05-28T12:44:39.312,,-0.020704700000351295
101.74923639999906,101.74923639999906,-0.005442323,471,2026-05-28T12:29:09.557,2026-05-28T12:44:39.557,,101.51336679999986,-55.7,203.0,2026-05-28T12:29:09.312,2026-05-28T12:44:39.312,,-0.2358695999992051
101.96435109999948,101.96435109999948,-0.005495143,472,2026-05-28T12:29:09.772,2026-05-28T12:44:39.772,,102.01355589999912,-57.38,204.0,2026-05-28T12:29:09.821,2026-05-28T12:44:39.821,,0.049204799999643
102.17947129999993,102.17947129999993,-0.005546005,473,2026-05-28T12:29:09.983,2026-05-28T12:44:39.983,,102.01355589999912,-57.38,204.0,2026-05-28T12:29:09.821,2026-05-28T12:44:39.821,,-0.16591540000081295
102.3943589999999,102.3943589999999,-0.005593915,474,2026-05-28T12:29:10.202,2026-05-28T12:44:40.202,,102.51333109999905,-58.06,205.0,2026-05-28T12:29:10.316,2026-05-28T12:44:40.316,,0.11897209999915503
102.60954049999964,102.60954049999964,-0.005636548,475,2026-05-28T12:29:10.416,2026-05-28T12:44:40.416,,102.51333109999905,-58.06,205.0,2026-05-28T12:29:10.316,2026-05-28T12:44:40.316,,-0.09620940000058908
102.8244751000002,102.8244751000002,-0.005674564,476,2026-05-28T12:29:10.632,2026-05-28T12:44:40.632,,103.01324319999912,-61.74,206.0,2026-05-28T12:29:10.812,2026-05-28T12:44:40.812,,0.1887680999989243
103.03952219999883,103.03952219999883,-0.005707502,477,2026-05-28T12:29:10.847,2026-05-28T12:44:40.847,,103.01324319999912,-61.74,206.0,2026-05-28T12:29:10.812,2026-05-28T12:44:40.812,,-0.026278999999703956
103.25470700000005,103.25470700000005,-0.005735571,478,2026-05-28T12:29:11.062,2026-05-28T12:44:41.062,,103.01324319999912,-61.74,206.0,2026-05-28T12:29:10.812,2026-05-28T12:44:40.812,,-0.24146380000092904
103.46982720000051,103.46982720000051,-0.005759358,479,2026-05-28T12:29:11.275,2026-05-28T12:44:41.275,,103.51348189999953,-63.77,207.0,2026-05-28T12:29:11.312,2026-05-28T12:44:41.312,,0.04365469999902416
103.68511819999912,103.68511819999912,-0.005779324,480,2026-05-28T12:29:11.492,2026-05-28T12:44:41.492,,103.51348189999953,-63.77,207.0,2026-05-28T12:29:11.312,2026-05-28T12:44:41.312,,-0.17163629999959085
103.90036949999921,103.90036949999921,-0.005796044,481,2026-05-28T12:29:11.708,2026-05-28T12:44:41.708,,104.013586699999,-64.34,208.0,2026-05-28T12:29:11.812,2026-05-28T12:44:41.812,,0.11321719999978086
104.11538490000021,104.11538490000021,-0.005809822,482,2026-05-28T12:29:11.922,2026-05-28T12:44:41.922,,104.013586699999,-64.34,208.0,2026-05-28T12:29:11.812,2026-05-28T12:44:41.812,,-0.10179820000121254
104.33069160000014,104.33069160000014,-0.005821329,483,2026-05-28T12:29:12.128,2026-05-28T12:44:42.128,,104.51333669999985,-66.56,209.0,2026-05-28T12:29:12.312,2026-05-28T12:44:42.312,,0.18264509999971779
104.54635199999939,104.54635199999939,-0.005830741,484,2026-05-28T12:29:12.345,2026-05-28T12:44:42.345,,104.51333669999985,-66.56,209.0,2026-05-28T12:29:12.312,2026-05-28T12:44:42.312,,-0.033015299999533454
104.7613108000005,104.7613108000005,-0.005838761,485,2026-05-28T12:29:12.564,2026-05-28T12:44:42.564,,104.51333669999985,-66.56,209.0,2026-05-28T12:29:12.312,2026-05-28T12:44:42.312,,-0.247974100000647
104.97652770000059,104.97652770000059,-0.005845734,486,2026-05-28T12:29:12.778,2026-05-28T12:44:42.778,,105.01358590000018,-65.66,210.0,2026-05-28T12:29:12.812,2026-05-28T12:44:42.812,,0.037058199999592034
105.19145159999971,105.19145159999971,-0.005851597,487,2026-05-28T12:29:12.999,2026-05-28T12:44:42.999,,105.01358590000018,-65.66,210.0,2026-05-28T12:29:12.812,2026-05-28T12:44:42.812,,-0.17786569999952917
105.40659359999881,105.40659359999881,-0.005856758,488,2026-05-28T12:29:13.212,2026-05-28T12:44:43.212,,105.51327429999947,-65.7,211.0,2026-05-28T12:29:13.312,2026-05-28T12:44:43.312,,0.106680700000652
105.62153980000039,105.62153980000039,-0.005861114,489,2026-05-28T12:29:13.428,2026-05-28T12:44:43.428,,105.51327429999947,-65.7,211.0,2026-05-28T12:29:13.312,2026-05-28T12:44:43.312,,-0.10826550000092539
105.8367161999995,105.8367161999995,-0.005865386,490,2026-05-28T12:29:13.638,2026-05-28T12:44:43.638,,106.01334469999892,-66.49,212.0,2026-05-28T12:29:13.816,2026-05-28T12:44:43.816,,0.1766284999994241
106.05178309999974,106.05178309999974,-0.005871322,491,2026-05-28T12:29:13.855,2026-05-28T12:44:43.855,,106.01334469999892,-66.49,212.0,2026-05-28T12:29:13.816,2026-05-28T12:44:43.816,,-0.038438400000814
106.26688449999892,106.26688449999892,-0.005877373,492,2026-05-28T12:29:14.074,2026-05-28T12:44:44.074,,106.51348680000046,-65.95,213.0,2026-05-28T12:29:14.320,2026-05-28T12:44:44.320,,0.24660230000154115
106.48191229999975,106.48191229999975,-0.005880274,493,2026-05-28T12:29:14.288,2026-05-28T12:44:44.288,,106.51348680000046,-65.95,213.0,2026-05-28T12:29:14.320,2026-05-28T12:44:44.320,,0.03157450000071549
106.69719129999976,106.69719129999976,-0.00588197,494,2026-05-28T12:29:14.505,2026-05-28T12:44:44.505,,106.51348680000046,-65.95,213.0,2026-05-28T12:29:14.320,2026-05-28T12:44:44.320,,-0.18370449999929406
106.91234640000039,106.91234640000039,-0.005883027,495,2026-05-28T12:29:14.712,2026-05-28T12:44:44.712,,107.0132907999996,-66.92,214.0,2026-05-28T12:29:14.812,2026-05-28T12:44:44.812,,0.10094439999920723
107.12754669999958,107.12754669999958,-0.005883781,496,2026-05-28T12:29:14.932,2026-05-28T12:44:44.932,,107.0132907999996,-66.92,214.0,2026-05-28T12:29:14.812,2026-05-28T12:44:44.812,,-0.1142558999999892
107.34293789999901,107.34293789999901,-0.005883907,497,2026-05-28T12:29:15.145,2026-05-28T12:44:45.145,,107.51368489999913,-66.97,215.0,2026-05-28T12:29:15.316,2026-05-28T12:44:45.316,,0.17074700000011944
107.55788380000013,107.55788380000013,-0.005884336,498,2026-05-28T12:29:15.362,2026-05-28T12:44:45.362,,107.51368489999913,-66.97,215.0,2026-05-28T12:29:15.316,2026-05-28T12:44:45.316,,-0.04419890000099258
107.7730102000005,107.7730102000005,-0.005884545,499,2026-05-28T12:29:15.578,2026-05-28T12:44:45.578,,108.01362369999879,-66.84,216.0,2026-05-28T12:29:15.820,2026-05-28T12:44:45.820,,0.24061349999828963
107.98797469999954,107.98797469999954,-0.005884796,500,2026-05-28T12:29:15.795,2026-05-28T12:44:45.795,,108.01362369999879,-66.84,216.0,2026-05-28T12:29:15.820,2026-05-28T12:44:45.820,,0.02564899999924819
108.20311219999894,108.20311219999894,-0.005885184,501,2026-05-28T12:29:16.011,2026-05-28T12:44:46.011,,108.01362369999879,-66.84,216.0,2026-05-28T12:29:15.820,2026-05-28T12:44:45.820,,-0.18948850000015227
108.4181480999996,108.4181480999996,-0.005885508,502,2026-05-28T12:29:16.221,2026-05-28T12:44:46.221,,108.51321999999891,-67.3,217.0,2026-05-28T12:29:16.312,2026-05-28T12:44:46.312,,0.09507189999931143
108.63329460000023,108.63329460000023,-0.005885592,503,2026-05-28T12:29:16.438,2026-05-28T12:44:46.438,,108.51321999999891,-67.3,217.0,2026-05-28T12:29:16.312,2026-05-28T12:44:46.312,,-0.12007460000131687
108.8482798999994,108.8482798999994,-0.005885959,504,2026-05-28T12:29:16.655,2026-05-28T12:44:46.655,,109.01376259999961,-66.54,218.0,2026-05-28T12:29:16.812,2026-05-28T12:44:46.812,,0.16548270000021148
109.06347629999982,109.06347629999982,-0.005886011,505,2026-05-28T12:29:16.862,2026-05-28T12:44:46.862,,109.01376259999961,-66.54,218.0,2026-05-28T12:29:16.812,2026-05-28T12:44:46.812,,-0.04971370000021125
109.27867259999948,109.27867259999948,-0.005886325,506,2026-05-28T12:29:17.084,2026-05-28T12:44:47.084,,109.51356490000035,-66.93,219.0,2026-05-28T12:29:17.321,2026-05-28T12:44:47.321,,0.23489230000086536
109.49374779999926,109.49374779999926,-0.005886524,507,2026-05-28T12:29:17.301,2026-05-28T12:44:47.301,,109.51356490000035,-66.93,219.0,2026-05-28T12:29:17.321,2026-05-28T12:44:47.321,,0.019817100001091603
109.7089548999993,109.7089548999993,-0.005886482,508,2026-05-28T12:29:17.512,2026-05-28T12:44:47.512,,109.51356490000035,-66.93,219.0,2026-05-28T12:29:17.321,2026-05-28T12:44:47.321,,-0.19538999999895168
109.92410749999908,109.92410749999908,-0.005886807,509,2026-05-28T12:29:17.731,2026-05-28T12:44:47.731,,110.01321999999891,-66.86,220.0,2026-05-28T12:29:17.812,2026-05-28T12:44:47.812,,0.08911249999982829
110.13932849999946,110.13932849999946,-0.005886869,510,2026-05-28T12:29:17.947,2026-05-28T12:44:47.947,,110.01321999999891,-66.86,220.0,2026-05-28T12:29:17.812,2026-05-28T12:44:47.812,,-0.12610850000055507
110.35437210000055,110.35437210000055,-0.005886911,511,2026-05-28T12:29:18.161,2026-05-28T12:44:48.161,,110.51319619999958,-66.84,221.0,2026-05-28T12:29:18.311,2026-05-28T12:44:48.311,,0.15882409999903757
110.56953979999889,110.56953979999889,-0.005887131,512,2026-05-28T12:29:18.372,2026-05-28T12:44:48.372,,110.51319619999958,-66.84,221.0,2026-05-28T12:29:18.311,2026-05-28T12:44:48.311,,-0.056343599999308935
110.78454690000035,110.78454690000035,-0.005887278,513,2026-05-28T12:29:18.592,2026-05-28T12:44:48.592,,111.01323289999891,-67.38,222.0,2026-05-28T12:29:18.817,2026-05-28T12:44:48.817,,0.22868599999856087
110.99971399999959,110.99971399999959,-0.005887529,514,2026-05-28T12:29:18.807,2026-05-28T12:44:48.807,,111.01323289999891,-67.38,222.0,2026-05-28T12:29:18.817,2026-05-28T12:44:48.817,,0.013518899999326095
111.21482639999886,111.21482639999886,-0.005887801,515,2026-05-28T12:29:19.017,2026-05-28T12:44:49.017,,111.01323289999891,-67.38,222.0,2026-05-28T12:29:18.817,2026-05-28T12:44:48.817,,-0.20159349999994447
111.42994199999885,111.42994199999885,-0.00588799,516,2026-05-28T12:29:19.232,2026-05-28T12:44:49.232,,111.51307520000046,-67.0,223.0,2026-05-28T12:29:19.312,2026-05-28T12:44:49.312,,0.08313320000161184
111.64512800000011,111.64512800000011,-0.005888136,517,2026-05-28T12:29:19.445,2026-05-28T12:44:49.445,,111.51307520000046,-67.0,223.0,2026-05-28T12:29:19.312,2026-05-28T12:44:49.312,,-0.1320527999996557
111.86010849999911,111.86010849999911,-0.005888178,518,2026-05-28T12:29:19.666,2026-05-28T12:44:49.666,,112.01312719999987,-67.3,224.0,2026-05-28T12:29:19.812,2026-05-28T12:44:49.812,,0.15301870000075724
112.07528449999882,112.07528449999882,-0.005888283,519,2026-05-28T12:29:19.878,2026-05-28T12:44:49.878,,112.01312719999987,-67.3,224.0,2026-05-28T12:29:19.812,2026-05-28T12:44:49.812,,-0.06215729999894393
112.29033069999969,112.29033069999969,-0.005888513,520,2026-05-28T12:29:20.098,2026-05-28T12:44:50.098,,112.513929499999,-67.17,225.0,2026-05-28T12:29:20.321,2026-05-28T12:44:50.321,,0.22359879999930854
112.50550649999968,112.50550649999968,-0.005888388,521,2026-05-28T12:29:20.312,2026-05-28T12:44:50.312,,112.513929499999,-67.17,225.0,2026-05-28T12:29:20.321,2026-05-28T12:44:50.321,,0.008422999999311287
112.72039500000028,112.72039500000028,-0.005888545,522,2026-05-28T12:29:20.528,2026-05-28T12:44:50.528,,112.513929499999,-67.17,225.0,2026-05-28T12:29:20.321,2026-05-28T12:44:50.321,,-0.20646550000128627
112.9357127000003,112.9357127000003,-0.005888733,523,2026-05-28T12:29:20.742,2026-05-28T12:44:50.742,,113.01381039999978,-66.94,226.0,2026-05-28T12:29:20.812,2026-05-28T12:44:50.812,,0.07809769999948912
113.15065949999916,113.15065949999916,-0.005888681,524,2026-05-28T12:29:20.955,2026-05-28T12:44:50.955,,113.01381039999978,-66.94,226.0,2026-05-28T12:29:20.812,2026-05-28T12:44:50.812,,-0.136849099999381
113.36575110000013,113.36575110000013,-0.005888775,525,2026-05-28T12:29:21.164,2026-05-28T12:44:51.164,,113.51324240000031,-67.33,227.0,2026-05-28T12:29:21.312,2026-05-28T12:44:51.312,,0.1474913000001834
113.58084959999906,113.58084959999906,-0.005888869,526,2026-05-28T12:29:21.388,2026-05-28T12:44:51.388,,113.51324240000031,-67.33,227.0,2026-05-28T12:29:21.312,2026-05-28T12:44:51.312,,-0.06760719999874709
113.79593430000023,113.79593430000023,-0.005889058,527,2026-05-28T12:29:21.603,2026-05-28T12:44:51.603,,114.0135111999989,-67.08,228.0,2026-05-28T12:29:21.812,2026-05-28T12:44:51.812,,0.2175768999986758
114.01098809999894,114.01098809999894,-0.005889246,528,2026-05-28T12:29:21.812,2026-05-28T12:44:51.812,,114.0135111999989,-67.08,228.0,2026-05-28T12:29:21.812,2026-05-28T12:44:51.812,,0.0025230999999621417
114.22613920000003,114.22613920000003,-0.005889435,529,2026-05-28T12:29:22.028,2026-05-28T12:44:52.028,,114.0135111999989,-67.08,228.0,2026-05-28T12:29:21.812,2026-05-28T12:44:51.812,,-0.21262800000113202
114.44134119999944,114.44134119999944,-0.005889288,530,2026-05-28T12:29:22.245,2026-05-28T12:44:52.245,,114.51330880000023,-67.32,229.0,2026-05-28T12:29:22.316,2026-05-28T12:44:52.316,,0.07196760000078939
114.65640789999998,114.65640789999998,-0.005889424,531,2026-05-28T12:29:22.462,2026-05-28T12:44:52.462,,114.51330880000023,-67.32,229.0,2026-05-28T12:29:22.316,2026-05-28T12:44:52.316,,-0.1430990999997448
114.87154980000014,114.87154980000014,-0.005889403,532,2026-05-28T12:29:22.678,2026-05-28T12:44:52.678,,115.01338170000054,-67.22,230.0,2026-05-28T12:29:22.812,2026-05-28T12:44:52.812,,0.14183190000039758
115.08683609999935,115.08683609999935,-0.005889571,533,2026-05-28T12:29:22.888,2026-05-28T12:44:52.888,,115.01338170000054,-67.22,230.0,2026-05-28T12:29:22.812,2026-05-28T12:44:52.812,,-0.0734543999988091
115.30205899999964,115.30205899999964,-0.005889508,534,2026-05-28T12:29:23.109,2026-05-28T12:44:53.109,,115.51331749999918,-67.0,231.0,2026-05-28T12:29:23.312,2026-05-28T12:44:53.312,,0.2112584999995306
115.51697549999881,115.51697549999881,-0.005889686,535,2026-05-28T12:29:23.322,2026-05-28T12:44:53.322,,115.51331749999918,-67.0,231.0,2026-05-28T12:29:23.312,2026-05-28T12:44:53.312,,-0.003657999999632011
115.7323125999992,115.7323125999992,-0.005889801,536,2026-05-28T12:29:23.538,2026-05-28T12:44:53.538,,115.51331749999918,-67.0,231.0,2026-05-28T12:29:23.312,2026-05-28T12:44:53.312,,-0.2189951000000292
115.94726769999943,115.94726769999943,-0.005889906,537,2026-05-28T12:29:23.745,2026-05-28T12:44:53.745,,116.01340779999919,-67.38,232.0,2026-05-28T12:29:23.812,2026-05-28T12:44:53.812,,0.06614009999975679
116.16250589999981,116.16250589999981,-0.00589,538,2026-05-28T12:29:23.967,2026-05-28T12:44:53.967,,116.01340779999919,-67.38,232.0,2026-05-28T12:29:23.812,2026-05-28T12:44:53.812,,-0.14909810000062862
116.3774856,116.3774856,-0.005890052,539,2026-05-28T12:29:24.178,2026-05-28T12:44:54.178,,116.51328859999921,-67.13,233.0,2026-05-28T12:29:24.314,2026-05-28T12:44:54.314,,0.13580299999921408
116.5926731999989,116.5926731999989,-0.005889989,540,2026-05-28T12:29:24.400,2026-05-28T12:44:54.400,,116.51328859999921,-67.13,233.0,2026-05-28T12:29:24.314,2026-05-28T12:44:54.314,,-0.07938459999968472
116.8077659999999,116.8077659999999,-0.005890272,541,2026-05-28T12:29:24.615,2026-05-28T12:44:54.615,,117.01322989999971,-67.23,234.0,2026-05-28T12:29:24.816,2026-05-28T12:44:54.816,,0.2054638999998133
117.02288599999883,117.02288599999883,-0.005890293,542,2026-05-28T12:29:24.828,2026-05-28T12:44:54.828,,117.01322989999971,-67.23,234.0,2026-05-28T12:29:24.816,2026-05-28T12:44:54.816,,-0.00965609999911976
117.23801549999916,117.23801549999916,-0.005890251,543,2026-05-28T12:29:25.045,2026-05-28T12:44:55.045,,117.01322989999971,-67.23,234.0,2026-05-28T12:29:24.816,2026-05-28T12:44:54.816,,-0.22478559999944991
117.45311709999987,117.45311709999987,-0.005890356,544,2026-05-28T12:29:25.255,2026-05-28T12:44:55.255,,117.51351319999958,-67.41,235.0,2026-05-28T12:29:25.319,2026-05-28T12:44:55.319,,0.060396099999707076
117.6682122000002,117.6682122000002,-0.005890293,545,2026-05-28T12:29:25.474,2026-05-28T12:44:55.474,,117.51351319999958,-67.41,235.0,2026-05-28T12:29:25.319,2026-05-28T12:44:55.319,,-0.15469900000061898
117.88343150000037,117.88343150000037,-0.00589068,546,2026-05-28T12:29:25.688,2026-05-28T12:44:55.688,,118.01385149999987,-67.18,236.0,2026-05-28T12:29:25.821,2026-05-28T12:44:55.821,,0.1304199999995035
118.09870579999915,118.09870579999915,-0.005890419,547,2026-05-28T12:29:25.904,2026-05-28T12:44:55.904,,118.01385149999987,-67.18,236.0,2026-05-28T12:29:25.821,2026-05-28T12:44:55.821,,-0.08485429999927874
118.3136384999998,118.3136384999998,-0.005890471,548,2026-05-28T12:29:26.116,2026-05-28T12:44:56.116,,118.51323039999988,-67.41,237.0,2026-05-28T12:29:26.312,2026-05-28T12:44:56.312,,0.19959190000008675
118.52894849999939,118.52894849999939,-0.005890618,549,2026-05-28T12:29:26.332,2026-05-28T12:44:56.332,,118.51323039999988,-67.41,237.0,2026-05-28T12:29:26.312,2026-05-28T12:44:56.312,,-0.015718099999503465
118.74390339999991,118.74390339999991,-0.005890754,550,2026-05-28T12:29:26.551,2026-05-28T12:44:56.551,,118.51323039999988,-67.41,237.0,2026-05-28T12:29:26.312,2026-05-28T12:44:56.312,,-0.23067300000002433
118.9591836999989,118.9591836999989,-0.005890963,551,2026-05-28T12:29:26.766,2026-05-28T12:44:56.766,,119.01355849999891,-67.25,238.0,2026-05-28T12:29:26.821,2026-05-28T12:44:56.821,,0.05437480000000505
119.17440569999962,119.17440569999962,-0.005890921,552,2026-05-28T12:29:26.978,2026-05-28T12:44:56.978,,119.01355849999891,-67.25,238.0,2026-05-28T12:29:26.821,2026-05-28T12:44:56.821,,-0.16084720000071684
119.38935119999951,119.38935119999951,-0.005890879,553,2026-05-28T12:29:27.197,2026-05-28T12:44:57.197,,119.51317589999962,-67.27,239.0,2026-05-28T12:29:27.312,2026-05-28T12:44:57.312,,0.12382470000011381
119.60441910000009,119.60441910000009,-0.005891099,554,2026-05-28T12:29:27.412,2026-05-28T12:44:57.412,,119.51317589999962,-67.27,239.0,2026-05-28T12:29:27.312,2026-05-28T12:44:57.312,,-0.09124320000046282
119.81949150000037,119.81949150000037,-0.005890995,555,2026-05-28T12:29:27.625,2026-05-28T12:44:57.625,,120.01353419999941,-67.29,240.0,2026-05-28T12:29:27.812,2026-05-28T12:44:57.812,,0.194042699999045
120.03457179999896,120.03457179999896,-0.005891005,556,2026-05-28T12:29:27.832,2026-05-28T12:44:57.832,,120.01353419999941,-67.29,240.0,2026-05-28T12:29:27.812,2026-05-28T12:44:57.812,,-0.02103759999954491
120.24966839999979,120.24966839999979,-0.005891078,557,2026-05-28T12:29:28.055,2026-05-28T12:44:58.055,,120.01353419999941,-67.29,240.0,2026-05-28T12:29:27.812,2026-05-28T12:44:57.812,,-0.23613420000037877
120.46478690000004,120.46478690000004,-0.005891026,558,2026-05-28T12:29:28.271,2026-05-28T12:44:58.271,,120.51337070000045,-67.25,241.0,2026-05-28T12:29:28.312,2026-05-28T12:44:58.312,,0.04858380000041507
120.67999319999944,120.67999319999944,-0.005890911,559,2026-05-28T12:29:28.478,2026-05-28T12:44:58.478,,120.51337070000045,-67.25,241.0,2026-05-28T12:29:28.312,2026-05-28T12:44:58.312,,-0.1666224999989936
120.8951092999996,120.8951092999996,-0.005891078,560,2026-05-28T12:29:28.703,2026-05-28T12:44:58.703,,121.01342879999902,-67.42,242.0,2026-05-28T12:29:28.812,2026-05-28T12:44:58.812,,0.11831949999941571
121.11019889999989,121.11019889999989,-0.005890911,561,2026-05-28T12:29:28.912,2026-05-28T12:44:58.912,,121.01342879999902,-67.42,242.0,2026-05-28T12:29:28.812,2026-05-28T12:44:58.812,,-0.09677010000086739
121.32536849999997,121.32536849999997,-0.00589089,562,2026-05-28T12:29:29.128,2026-05-28T12:44:59.128,,121.51352450000013,-67.28,243.0,2026-05-28T12:29:29.316,2026-05-28T12:44:59.316,,0.18815600000016275
121.5405955999995,121.5405955999995,-0.005890932,563,2026-05-28T12:29:29.345,2026-05-28T12:44:59.345,,121.51352450000013,-67.28,243.0,2026-05-28T12:29:29.316,2026-05-28T12:44:59.316,,-0.027071099999375292
121.75572309999916,121.75572309999916,-0.005891099,564,2026-05-28T12:29:29.562,2026-05-28T12:44:59.562,,121.51352450000013,-67.28,243.0,2026-05-28T12:29:29.316,2026-05-28T12:44:59.316,,-0.24219859999902837
121.9708429000002,121.9708429000002,-0.005891288,565,2026-05-28T12:29:29.778,2026-05-28T12:44:59.778,,122.01343610000004,-67.35,244.0,2026-05-28T12:29:29.812,2026-05-28T12:44:59.812,,0.04259319999982836
122.18593909999981,122.18593909999981,-0.005891298,566,2026-05-28T12:29:29.988,2026-05-28T12:44:59.988,,122.01343610000004,-67.35,244.0,2026-05-28T12:29:29.812,2026-05-28T12:44:59.812,,-0.1725029999997787
122.40101800000048,122.40101800000048,-0.005891298,567,2026-05-28T12:29:30.208,2026-05-28T12:45:00.208,,122.51348879999932,-67.37,245.0,2026-05-28T12:29:30.321,2026-05-28T12:45:00.321,,0.1124707999988459
122.61603680000007,122.61603680000007,-0.005891445,568,2026-05-28T12:29:30.421,2026-05-28T12:45:00.421,,122.51348879999932,-67.37,245.0,2026-05-28T12:29:30.321,2026-05-28T12:45:00.321,,-0.10254800000075193
122.83122209999965,122.83122209999965,-0.005891476,569,2026-05-28T12:29:30.638,2026-05-28T12:45:00.638,,123.01337149999927,-67.29,246.0,2026-05-28T12:29:30.816,2026-05-28T12:45:00.816,,0.18214939999961643
123.04630919999909,123.04630919999909,-0.005891539,570,2026-05-28T12:29:30.845,2026-05-28T12:45:00.845,,123.01337149999927,-67.29,246.0,2026-05-28T12:29:30.816,2026-05-28T12:45:00.816,,-0.032937699999820325
123.26145899999938,123.26145899999938,-0.005891591,571,2026-05-28T12:29:31.061,2026-05-28T12:45:01.061,,123.01337149999927,-67.29,246.0,2026-05-28T12:29:30.816,2026-05-28T12:45:00.816,,-0.2480875000001106
123.4766882999993,123.4766882999993,-0.005891811,572,2026-05-28T12:29:31.278,2026-05-28T12:45:01.278,,123.513286899999,-67.41,247.0,2026-05-28T12:29:31.312,2026-05-28T12:45:01.312,,0.036598599999706494
123.69187299999976,123.69187299999976,-0.005891686,573,2026-05-28T12:29:31.499,2026-05-28T12:45:01.499,,123.513286899999,-67.41,247.0,2026-05-28T12:29:31.312,2026-05-28T12:45:01.312,,-0.17858610000075714
123.90701830000035,123.90701830000035,-0.005891696,574,2026-05-28T12:29:31.712,2026-05-28T12:45:01.712,,124.01322049999908,-67.33,248.0,2026-05-28T12:29:31.812,2026-05-28T12:45:01.812,,0.1062021999987337
124.12210509999932,124.12210509999932,-0.005891727,575,2026-05-28T12:29:31.928,2026-05-28T12:45:01.928,,124.01322049999908,-67.33,248.0,2026-05-28T12:29:31.812,2026-05-28T12:45:01.812,,-0.1088846000002377
124.33722300000045,124.33722300000045,-0.005891602,576,2026-05-28T12:29:32.144,2026-05-28T12:45:02.144,,124.51340170000003,-67.43,249.0,2026-05-28T12:29:32.312,2026-05-28T12:45:02.312,,0.17617869999958202
124.55235429999993,124.55235429999993,-0.005891445,577,2026-05-28T12:29:32.355,2026-05-28T12:45:02.355,,124.51340170000003,-67.43,249.0,2026-05-28T12:29:32.312,2026-05-28T12:45:02.312,,-0.038952599999902304
124.76756589999968,124.76756589999968,-0.005891361,578,2026-05-28T12:29:32.575,2026-05-28T12:45:02.575,,125.01327990000027,-67.43,250.0,2026-05-28T12:29:32.821,2026-05-28T12:45:02.821,,0.2457140000005893
124.98244979999981,124.98244979999981,-0.005891707,579,2026-05-28T12:29:32.788,2026-05-28T12:45:02.788,,125.01327990000027,-67.43,250.0,2026-05-28T12:29:32.821,2026-05-28T12:45:02.821,,0.030830100000457605
125.1976236999999,125.1976236999999,-0.005891623,580,2026-05-28T12:29:33.005,2026-05-28T12:45:03.005,,125.01327990000027,-67.43,250.0,2026-05-28T12:29:32.821,2026-05-28T12:45:02.821,,-0.18434379999962403
125.4127282999998,125.4127282999998,-0.005891518,581,2026-05-28T12:29:33.214,2026-05-28T12:45:03.214,,125.51330529999905,-67.34,251.0,2026-05-28T12:29:33.311,2026-05-28T12:45:03.311,,0.10057699999924807
125.62785549999899,125.62785549999899,-0.005891759,582,2026-05-28T12:29:33.428,2026-05-28T12:45:03.428,,125.51330529999905,-67.34,251.0,2026-05-28T12:29:33.311,2026-05-28T12:45:03.311,,-0.11455019999993965
125.8429415999999,125.8429415999999,-0.005891675,583,2026-05-28T12:29:33.645,2026-05-28T12:45:03.645,,126.01344869999957,-67.42,252.0,2026-05-28T12:29:33.821,2026-05-28T12:45:03.821,,0.17050709999966784
126.05801699999938,126.05801699999938,-0.005891895,584,2026-05-28T12:29:33.865,2026-05-28T12:45:03.865,,126.01344869999957,-67.42,252.0,2026-05-28T12:29:33.821,2026-05-28T12:45:03.821,,-0.044568299999809824
126.27326129999892,126.27326129999892,-0.005891696,585,2026-05-28T12:29:34.080,2026-05-28T12:45:04.080,,126.51346079999894,-67.39,253.0,2026-05-28T12:29:34.321,2026-05-28T12:45:04.321,,0.240199500000017
126.48823689999881,126.48823689999881,-0.005891675,586,2026-05-28T12:29:34.295,2026-05-28T12:45:04.295,,126.51346079999894,-67.39,253.0,2026-05-28T12:29:34.321,2026-05-28T12:45:04.321,,0.025223900000128197
126.70351239999945,126.70351239999945,-0.005891717,587,2026-05-28T12:29:34.511,2026-05-28T12:45:04.511,,126.51346079999894,-67.39,253.0,2026-05-28T12:29:34.321,2026-05-28T12:45:04.321,,-0.19005160000051546
126.91859920000024,126.91859920000024,-0.005891843,588,2026-05-28T12:29:34.721,2026-05-28T12:45:04.721,,127.01378269999987,-67.4,254.0,2026-05-28T12:29:34.821,2026-05-28T12:45:04.821,,0.09518349999962084
127.13381110000046,127.13381110000046,-0.00589179,589,2026-05-28T12:29:34.932,2026-05-28T12:45:04.932,,127.01378269999987,-67.4,254.0,2026-05-28T12:29:34.821,2026-05-28T12:45:04.821,,-0.12002840000059223
127.34888920000049,127.34888920000049,-0.005891633,590,2026-05-28T12:29:35.149,2026-05-28T12:45:05.149,,127.51324550000027,-67.43,255.0,2026-05-28T12:29:35.311,2026-05-28T12:45:05.311,,0.16435629999978119
127.56401840000035,127.56401840000035,-0.005891623,591,2026-05-28T12:29:35.366,2026-05-28T12:45:05.366,,127.51324550000027,-67.43,255.0,2026-05-28T12:29:35.311,2026-05-28T12:45:05.311,,-0.05077290000008361
127.7790941000003,127.7790941000003,-0.005891581,592,2026-05-28T12:29:35.587,2026-05-28T12:45:05.587,,128.0135446000004,-67.43,256.0,2026-05-28T12:29:35.820,2026-05-28T12:45:05.820,,0.2344505000000936
127.9943334999989,127.9943334999989,-0.005891529,593,2026-05-28T12:29:35.802,2026-05-28T12:45:05.802,,128.0135446000004,-67.43,256.0,2026-05-28T12:29:35.820,2026-05-28T12:45:05.820,,0.019211100001484738
128.20940940000037,128.20940940000037,-0.005891539,594,2026-05-28T12:29:36.012,2026-05-28T12:45:06.012,,128.0135446000004,-67.43,256.0,2026-05-28T12:29:35.820,2026-05-28T12:45:05.820,,-0.1958647999999812
128.42450289999942,128.42450289999942,-0.005891476,595,2026-05-28T12:29:36.232,2026-05-28T12:45:06.232,,128.51323260000026,-67.42,257.0,2026-05-28T12:29:36.316,2026-05-28T12:45:06.316,,0.08872970000084024
128.63959339999928,128.63959339999928,-0.00589156,596,2026-05-28T12:29:36.445,2026-05-28T12:45:06.445,,128.51323260000026,-67.42,257.0,2026-05-28T12:29:36.316,2026-05-28T12:45:06.316,,-0.12636079999901995
128.85467210000024,128.85467210000024,-0.005891633,597,2026-05-28T12:29:36.662,2026-05-28T12:45:06.662,,129.01355870000043,-67.39,258.0,2026-05-28T12:29:36.820,2026-05-28T12:45:06.820,,0.15888660000018717
129.06993189999957,129.06993189999957,-0.005891717,598,2026-05-28T12:29:36.875,2026-05-28T12:45:06.875,,129.01355870000043,-67.39,258.0,2026-05-28T12:29:36.820,2026-05-28T12:45:06.820,,-0.05637319999914325
129.28521700000056,129.28521700000056,-0.005891665,599,2026-05-28T12:29:37.093,2026-05-28T12:45:07.093,,129.5138171999988,-67.46,259.0,2026-05-28T12:29:37.312,2026-05-28T12:45:07.312,,0.22860019999825454
129.50044239999988,129.50044239999988,-0.005891905,600,2026-05-28T12:29:37.308,2026-05-28T12:45:07.308,,129.5138171999988,-67.46,259.0,2026-05-28T12:29:37.312,2026-05-28T12:45:07.312,,0.01337479999892821
129.7152986000001,129.7152986000001,-0.005891926,601,2026-05-28T12:29:37.521,2026-05-28T12:45:07.521,,129.5138171999988,-67.46,259.0,2026-05-28T12:29:37.312,2026-05-28T12:45:07.312,,-0.20148140000128478
129.93042979999882,129.93042979999882,-0.005891905,602,2026-05-28T12:29:37.728,2026-05-28T12:45:07.728,,130.01323550000052,-67.5,260.0,2026-05-28T12:29:37.812,2026-05-28T12:45:07.812,,0.08280570000169973
130.1455036999996,130.1455036999996,-0.00589178,603,2026-05-28T12:29:37.945,2026-05-28T12:45:07.945,,130.01323550000052,-67.5,260.0,2026-05-28T12:29:37.812,2026-05-28T12:45:07.812,,-0.13226819999908912
130.3606622999996,130.3606622999996,-0.005891686,604,2026-05-28T12:29:38.164,2026-05-28T12:45:08.164,,130.51319669999975,-67.39,261.0,2026-05-28T12:29:38.311,2026-05-28T12:45:08.311,,0.15253440000014962
130.57574860000022,130.57574860000022,-0.005892052,605,2026-05-28T12:29:38.380,2026-05-28T12:45:08.380,,130.51319669999975,-67.39,261.0,2026-05-28T12:29:38.311,2026-05-28T12:45:08.311,,-0.0625519000004715
130.79085660000055,130.79085660000055,-0.005892136,606,2026-05-28T12:29:38.598,2026-05-28T12:45:08.598,,131.01382019999983,-67.46,262.0,2026-05-28T12:29:38.821,2026-05-28T12:45:08.821,,0.22296359999927517
131.00599229999898,131.00599229999898,-0.00589178,607,2026-05-28T12:29:38.812,2026-05-28T12:45:08.812,,131.01382019999983,-67.46,262.0,2026-05-28T12:29:38.821,2026-05-28T12:45:08.821,,0.007827900000847876
131.22115420000046,131.22115420000046,-0.005892157,608,2026-05-28T12:29:39.028,2026-05-28T12:45:09.028,,131.01382019999983,-67.46,262.0,2026-05-28T12:29:38.821,2026-05-28T12:45:08.821,,-0.2073340000006283
131.43633279999995,131.43633279999995,-0.005892042,609,2026-05-28T12:29:39.238,2026-05-28T12:45:09.238,,131.51359419999972,-67.45,263.0,2026-05-28T12:29:39.316,2026-05-28T12:45:09.316,,0.07726139999977022
131.65141109999968,131.65141109999968,-0.005891926,610,2026-05-28T12:29:39.458,2026-05-28T12:45:09.458,,131.51359419999972,-67.45,263.0,2026-05-28T12:29:39.316,2026-05-28T12:45:09.316,,-0.1378168999999616
131.8667863999999,131.8667863999999,-0.005892094,611,2026-05-28T12:29:39.674,2026-05-28T12:45:09.674,,132.01322299999993,-67.43,264.0,2026-05-28T12:29:39.811,2026-05-28T12:45:09.811,,0.14643660000001546
132.08173329999954,132.08173329999954,-0.005892031,612,2026-05-28T12:29:39.889,2026-05-28T12:45:09.889,,132.01322299999993,-67.43,264.0,2026-05-28T12:29:39.811,2026-05-28T12:45:09.811,,-0.06851029999961611
132.2970731000005,132.2970731000005,-0.005892125,613,2026-05-28T12:29:40.104,2026-05-28T12:45:10.104,,132.51356230000056,-67.38,265.0,2026-05-28T12:29:40.321,2026-05-28T12:45:10.321,,0.2164892000000691
132.5119940000004,132.5119940000004,-0.005891916,614,2026-05-28T12:29:40.312,2026-05-28T12:45:10.312,,132.51356230000056,-67.38,265.0,2026-05-28T12:29:40.321,2026-05-28T12:45:10.321,,0.001568300000144518
132.7271523999989,132.7271523999989,-0.005892062,615,2026-05-28T12:29:40.528,2026-05-28T12:45:10.528,,132.51356230000056,-67.38,265.0,2026-05-28T12:29:40.321,2026-05-28T12:45:10.321,,-0.2135900999983278
132.94220379999933,132.94220379999933,-0.005892,616,2026-05-28T12:29:40.745,2026-05-28T12:45:10.745,,133.0132776999999,-67.46,266.0,2026-05-28T12:29:40.816,2026-05-28T12:45:10.816,,0.07107390000055602
133.15729040000042,133.15729040000042,-0.005892104,617,2026-05-28T12:29:40.962,2026-05-28T12:45:10.962,,133.0132776999999,-67.46,266.0,2026-05-28T12:29:40.816,2026-05-28T12:45:10.816,,-0.14401270000053046
133.37245559999974,133.37245559999974,-0.005892042,618,2026-05-28T12:29:41.179,2026-05-28T12:45:11.179,,133.51321850000022,-67.39,267.0,2026-05-28T12:29:41.311,2026-05-28T12:45:11.311,,0.14076290000048175
133.58742659999916,133.58742659999916,-0.005892052,619,2026-05-28T12:29:41.395,2026-05-28T12:45:11.395,,133.51321850000022,-67.39,267.0,2026-05-28T12:29:41.311,2026-05-28T12:45:11.311,,-0.07420809999894118
133.80255659999966,133.80255659999966,-0.005892031,620,2026-05-28T12:29:41.609,2026-05-28T12:45:11.609,,134.0131548999998,-67.37,268.0,2026-05-28T12:29:41.811,2026-05-28T12:45:11.811,,0.2105983000001288
134.0174575000001,134.0174575000001,-0.005892115,621,2026-05-28T12:29:41.821,2026-05-28T12:45:11.821,,134.0131548999998,-67.37,268.0,2026-05-28T12:29:41.811,2026-05-28T12:45:11.811,,-0.004302600000301027
134.2324936999994,134.2324936999994,-0.005891989,622,2026-05-28T12:29:42.040,2026-05-28T12:45:12.040,,134.0131548999998,-67.37,268.0,2026-05-28T12:29:41.811,2026-05-28T12:45:11.811,,-0.21933879999960482
134.44786939999904,134.44786939999904,-0.005891989,623,2026-05-28T12:29:42.255,2026-05-28T12:45:12.255,,134.51371300000028,-67.39,269.0,2026-05-28T12:29:42.316,2026-05-28T12:45:12.316,,0.06584360000124434
134.6633800999989,134.6633800999989,-0.005892125,624,2026-05-28T12:29:42.462,2026-05-28T12:45:12.462,,134.51371300000028,-67.39,269.0,2026-05-28T12:29:42.316,2026-05-28T12:45:12.316,,-0.1496670999986236
134.87831639999968,134.87831639999968,-0.00589222,625,2026-05-28T12:29:42.680,2026-05-28T12:45:12.680,,135.01310410000042,-67.35,270.0,2026-05-28T12:29:42.820,2026-05-28T12:45:12.820,,0.13478770000074292
135.09359190000032,135.09359190000032,-0.005892345,626,2026-05-28T12:29:42.901,2026-05-28T12:45:12.901,,135.01310410000042,-67.35,270.0,2026-05-28T12:29:42.820,2026-05-28T12:45:12.820,,-0.08048779999990074
135.3085427999995,135.3085427999995,-0.005892272,627,2026-05-28T12:29:43.112,2026-05-28T12:45:13.112,,135.51390360000005,-67.39,271.0,2026-05-28T12:29:43.321,2026-05-28T12:45:13.321,,0.20536080000056245
135.52370829999927,135.52370829999927,-0.005892188,628,2026-05-28T12:29:43.328,2026-05-28T12:45:13.328,,135.51390360000005,-67.39,271.0,2026-05-28T12:29:43.321,2026-05-28T12:45:13.321,,-0.009804699999222066
135.73871770000005,135.73871770000005,-0.005892062,629,2026-05-28T12:29:43.545,2026-05-28T12:45:13.545,,135.51390360000005,-67.39,271.0,2026-05-28T12:29:43.321,2026-05-28T12:45:13.321,,-0.22481410000000324
135.95364770000015,135.95364770000015,-0.005892157,630,2026-05-28T12:29:43.761,2026-05-28T12:45:13.761,,136.01345070000025,-67.41,272.0,2026-05-28T12:29:43.813,2026-05-28T12:45:13.813,,0.05980300000010175
136.16876049999883,136.16876049999883,-0.005892209,631,2026-05-28T12:29:43.972,2026-05-28T12:45:13.972,,136.01345070000025,-67.41,272.0,2026-05-28T12:29:43.813,2026-05-28T12:45:13.813,,-0.15530979999857664
136.3838563999998,136.3838563999998,-0.005892104,632,2026-05-28T12:29:44.182,2026-05-28T12:45:14.182,,136.51344419999987,-67.39,273.0,2026-05-28T12:29:44.312,2026-05-28T12:45:14.312,,0.1295878000000812
136.59906489999958,136.59906489999958,-0.005892136,633,2026-05-28T12:29:44.405,2026-05-28T12:45:14.405,,136.51344419999987,-67.39,273.0,2026-05-28T12:29:44.312,2026-05-28T12:45:14.312,,-0.08562069999970845
136.81400389999908,136.81400389999908,-0.005892031,634,2026-05-28T12:29:44.616,2026-05-28T12:45:14.616,,137.01419999999962,-67.41,274.0,2026-05-28T12:29:44.821,2026-05-28T12:45:14.821,,0.20019610000053945
137.0292274000003,137.0292274000003,-0.005892104,635,2026-05-28T12:29:44.832,2026-05-28T12:45:14.832,,137.01419999999962,-67.41,274.0,2026-05-28T12:29:44.821,2026-05-28T12:45:14.821,,-0.01502740000069025
137.24428369999987,137.24428369999987,-0.005892178,636,2026-05-28T12:29:45.047,2026-05-28T12:45:15.047,,137.01419999999962,-67.41,274.0,2026-05-28T12:29:44.821,2026-05-28T12:45:14.821,,-0.23008370000025025
137.4595835,137.4595835,-0.005892073,637,2026-05-28T12:29:45.266,2026-05-28T12:45:15.266,,137.51365729999998,-67.34,275.0,2026-05-28T12:29:45.312,2026-05-28T12:45:15.312,,0.054073799999969197
137.67453459999888,137.67453459999888,-0.005892157,638,2026-05-28T12:29:45.481,2026-05-28T12:45:15.481,,137.51365729999998,-67.34,275.0,2026-05-28T12:29:45.312,2026-05-28T12:45:15.312,,-0.16087729999890144
137.88995989999967,137.88995989999967,-0.005892272,639,2026-05-28T12:29:45.697,2026-05-28T12:45:15.697,,138.0132023999995,-67.37,276.0,2026-05-28T12:29:45.812,2026-05-28T12:45:15.812,,0.12324249999983294
138.10510769999928,138.10510769999928,-0.00589223,640,2026-05-28T12:29:45.912,2026-05-28T12:45:15.912,,138.0132023999995,-67.37,276.0,2026-05-28T12:29:45.812,2026-05-28T12:45:15.812,,-0.09190529999978025
138.3201670999988,138.3201670999988,-0.005892136,641,2026-05-28T12:29:46.125,2026-05-28T12:45:16.125,,138.51330020000023,-67.34,277.0,2026-05-28T12:29:46.312,2026-05-28T12:45:16.312,,0.19313310000143247
138.53547140000046,138.53547140000046,-0.005892083,642,2026-05-28T12:29:46.342,2026-05-28T12:45:16.342,,138.51330020000023,-67.34,277.0,2026-05-28T12:29:46.312,2026-05-28T12:45:16.312,,-0.022171200000229874
138.75061019999885,138.75061019999885,-0.005892115,643,2026-05-28T12:29:46.555,2026-05-28T12:45:16.555,,138.51330020000023,-67.34,277.0,2026-05-28T12:29:46.312,2026-05-28T12:45:16.312,,-0.23730999999861524
138.96572019999985,138.96572019999985,-0.005892104,644,2026-05-28T12:29:46.772,2026-05-28T12:45:16.772,,139.01370510000015,-67.36,278.0,2026-05-28T12:29:46.821,2026-05-28T12:45:16.821,,0.04798490000030142
139.18092459999934,139.18092459999934,-0.005892083,645,2026-05-28T12:29:46.988,2026-05-28T12:45:16.988,,139.01370510000015,-67.36,278.0,2026-05-28T12:29:46.821,2026-05-28T12:45:16.821,,-0.1672194999991916
139.39603869999883,139.39603869999883,-0.00589222,646,2026-05-28T12:29:47.203,2026-05-28T12:45:17.203,,139.51372009999977,-67.35,279.0,2026-05-28T12:29:47.321,2026-05-28T12:45:17.321,,0.11768140000094718
139.6111036000002,139.6111036000002,-0.005892125,647,2026-05-28T12:29:47.417,2026-05-28T12:45:17.417,,139.51372009999977,-67.35,279.0,2026-05-28T12:29:47.321,2026-05-28T12:45:17.321,,-0.09738350000043283
139.82617199999913,139.82617199999913,-0.005892167,648,2026-05-28T12:29:47.628,2026-05-28T12:45:17.628,,140.01376770000024,-67.33,280.0,2026-05-28T12:29:47.821,2026-05-28T12:45:17.821,,0.18759570000111125
140.04127940000035,140.04127940000035,-0.005892083,649,2026-05-28T12:29:47.846,2026-05-28T12:45:17.846,,140.01376770000024,-67.33,280.0,2026-05-28T12:29:47.821,2026-05-28T12:45:17.821,,-0.02751170000010461
140.25649429999976,140.25649429999976,-0.005892146,650,2026-05-28T12:29:48.062,2026-05-28T12:45:18.062,,140.01376770000024,-67.33,280.0,2026-05-28T12:29:47.821,2026-05-28T12:45:17.821,,-0.2427265999995143
140.47168559999955,140.47168559999955,-0.005891989,651,2026-05-28T12:29:48.278,2026-05-28T12:45:18.278,,140.51343760000054,-67.29,281.0,2026-05-28T12:29:48.316,2026-05-28T12:45:18.316,,0.041752000000997214
140.68701829999918,140.68701829999918,-0.005892062,652,2026-05-28T12:29:48.494,2026-05-28T12:45:18.494,,140.51343760000054,-67.29,281.0,2026-05-28T12:29:48.316,2026-05-28T12:45:18.316,,-0.173580699998638
140.90206600000056,140.90206600000056,-0.005891958,653,2026-05-28T12:29:48.709,2026-05-28T12:45:18.709,,141.01322450000043,-67.29,282.0,2026-05-28T12:29:48.812,2026-05-28T12:45:18.812,,0.11115849999987404
141.11719769999945,141.11719769999945,-0.005892021,654,2026-05-28T12:29:48.924,2026-05-28T12:45:18.924,,141.01322450000043,-67.29,282.0,2026-05-28T12:29:48.812,2026-05-28T12:45:18.812,,-0.1039731999990181
141.33252319999883,141.33252319999883,-0.005891989,655,2026-05-28T12:29:49.132,2026-05-28T12:45:19.132,,141.51321400000052,-67.29,283.0,2026-05-28T12:29:49.312,2026-05-28T12:45:19.312,,0.1806908000016847
141.54746630000045,141.54746630000045,-0.005892083,656,2026-05-28T12:29:49.354,2026-05-28T12:45:19.354,,141.51321400000052,-67.29,283.0,2026-05-28T12:29:49.312,2026-05-28T12:45:19.312,,-0.03425229999993462
141.7625470999992,141.7625470999992,-0.005892115,657,2026-05-28T12:29:49.566,2026-05-28T12:45:19.566,,141.51321400000052,-67.29,283.0,2026-05-28T12:29:49.312,2026-05-28T12:45:19.312,,-0.2493330999986938
141.97764009999992,141.97764009999992,-0.005892052,658,2026-05-28T12:29:49.778,2026-05-28T12:45:19.778,,142.01354119999996,-67.32,284.0,2026-05-28T12:29:49.821,2026-05-28T12:45:19.821,,0.035901100000046426
142.19287339999937,142.19287339999937,-0.005891895,659,2026-05-28T12:29:50.000,2026-05-28T12:45:20.000,,142.01354119999996,-67.32,284.0,2026-05-28T12:29:49.821,2026-05-28T12:45:19.821,,-0.17933219999940775
142.40783229999943,142.40783229999943,-0.005891979,660,2026-05-28T12:29:50.212,2026-05-28T12:45:20.212,,142.51324709999972,-67.31,285.0,2026-05-28T12:29:50.312,2026-05-28T12:45:20.312,,0.10541480000028969
142.62306929999977,142.62306929999977,-0.005891989,661,2026-05-28T12:29:50.431,2026-05-28T12:45:20.431,,142.51324709999972,-67.31,285.0,2026-05-28T12:29:50.312,2026-05-28T12:45:20.312,,-0.10982220000005327
142.83820259999993,142.83820259999993,-0.005892094,662,2026-05-28T12:29:50.645,2026-05-28T12:45:20.645,,143.01331949999985,-67.34,286.0,2026-05-28T12:29:50.811,2026-05-28T12:45:20.811,,0.17511689999992086
143.05334389999916,143.05334389999916,-0.005892167,663,2026-05-28T12:29:50.855,2026-05-28T12:45:20.855,,143.01331949999985,-67.34,286.0,2026-05-28T12:29:50.811,2026-05-28T12:45:20.811,,-0.040024399999310845
143.26852279999912,143.26852279999912,-0.00589222,664,2026-05-28T12:29:51.071,2026-05-28T12:45:21.071,,143.51388229999975,-67.32,287.0,2026-05-28T12:29:51.321,2026-05-28T12:45:21.321,,0.24535950000063167
143.48363380000046,143.48363380000046,-0.005892387,665,2026-05-28T12:29:51.289,2026-05-28T12:45:21.289,,143.51388229999975,-67.32,287.0,2026-05-28T12:29:51.321,2026-05-28T12:45:21.321,,0.03024849999928847
143.69878699999936,143.69878699999936,-0.005892439,666,2026-05-28T12:29:51.506,2026-05-28T12:45:21.506,,143.51388229999975,-67.32,287.0,2026-05-28T12:29:51.321,2026-05-28T12:45:21.321,,-0.18490469999960624
143.91376259999925,143.91376259999925,-0.005892418,667,2026-05-28T12:29:51.721,2026-05-28T12:45:21.721,,144.01318270000047,-67.24,288.0,2026-05-28T12:29:51.811,2026-05-28T12:45:21.811,,0.09942010000122536
144.1291110000002,144.1291110000002,-0.005892492,668,2026-05-28T12:29:51.928,2026-05-28T12:45:21.928,,144.01318270000047,-67.24,288.0,2026-05-28T12:29:51.811,2026-05-28T12:45:21.811,,-0.1159282999997231
144.34405979999974,144.34405979999974,-0.005892408,669,2026-05-28T12:29:52.145,2026-05-28T12:45:22.145,,144.51355929999954,-67.25,289.0,2026-05-28T12:29:52.312,2026-05-28T12:45:22.312,,0.16949949999980163
144.55930570000055,144.55930570000055,-0.005892356,670,2026-05-28T12:29:52.362,2026-05-28T12:45:22.362,,144.51355929999954,-67.25,289.0,2026-05-28T12:29:52.312,2026-05-28T12:45:22.312,,-0.045746400001007714
144.77428429999964,144.77428429999964,-0.005892335,671,2026-05-28T12:29:52.578,2026-05-28T12:45:22.578,,145.01337299999977,-67.24,290.0,2026-05-28T12:29:52.821,2026-05-28T12:45:22.821,,0.2390887000001385
144.98944660000052,144.98944660000052,-0.005892303,672,2026-05-28T12:29:52.797,2026-05-28T12:45:22.797,,145.01337299999977,-67.24,290.0,2026-05-28T12:29:52.821,2026-05-28T12:45:22.821,,0.0239263999992545
145.20459599999958,145.20459599999958,-0.005892398,673,2026-05-28T12:29:53.011,2026-05-28T12:45:23.011,,145.01337299999977,-67.24,290.0,2026-05-28T12:29:52.821,2026-05-28T12:45:22.821,,-0.19122299999980896
145.41969579999932,145.41969579999932,-0.00589245,674,2026-05-28T12:29:53.221,2026-05-28T12:45:23.221,,145.51334639999914,-67.24,291.0,2026-05-28T12:29:53.311,2026-05-28T12:45:23.311,,0.09365059999981895
145.63473440000053,145.63473440000053,-0.005892534,675,2026-05-28T12:29:53.441,2026-05-28T12:45:23.441,,145.51334639999914,-67.24,291.0,2026-05-28T12:29:53.311,2026-05-28T12:45:23.311,,-0.12138800000138872
145.8498122000001,145.8498122000001,-0.005892387,676,2026-05-28T12:29:53.655,2026-05-28T12:45:23.655,,146.01334300000053,-67.26,292.0,2026-05-28T12:29:53.812,2026-05-28T12:45:23.812,,0.1635308000004443
146.0648913999994,146.0648913999994,-0.005892492,677,2026-05-28T12:29:53.872,2026-05-28T12:45:23.872,,146.01334300000053,-67.26,292.0,2026-05-28T12:29:53.812,2026-05-28T12:45:23.812,,-0.051548399998864625
146.28015369999957,146.28015369999957,-0.005892502,678,2026-05-28T12:29:54.078,2026-05-28T12:45:24.078,,146.5133320999994,-67.23,293.0,2026-05-28T12:29:54.321,2026-05-28T12:45:24.321,,0.23317839999981516
146.49538550000034,146.49538550000034,-0.005892398,679,2026-05-28T12:29:54.303,2026-05-28T12:45:24.303,,146.5133320999994,-67.23,293.0,2026-05-28T12:29:54.321,2026-05-28T12:45:24.321,,0.017946599999049795
146.710313399999,146.710313399999,-0.005892555,680,2026-05-28T12:29:54.516,2026-05-28T12:45:24.516,,146.5133320999994,-67.23,293.0,2026-05-28T12:29:54.321,2026-05-28T12:45:24.321,,-0.19698129999960656
146.9256261999999,146.9256261999999,-0.005892607,681,2026-05-28T12:29:54.733,2026-05-28T12:45:24.733,,147.01342579999982,-67.29,294.0,2026-05-28T12:29:54.811,2026-05-28T12:45:24.811,,0.0877995999999257
147.14053969999986,147.14053969999986,-0.005892492,682,2026-05-28T12:29:54.947,2026-05-28T12:45:24.947,,147.01342579999982,-67.29,294.0,2026-05-28T12:29:54.811,2026-05-28T12:45:24.811,,-0.1271139000000403
147.3557280999994,147.3557280999994,-0.005892083,683,2026-05-28T12:29:55.163,2026-05-28T12:45:25.163,,147.5132193999998,-67.23,295.0,2026-05-28T12:29:55.312,2026-05-28T12:45:25.312,,0.15749130000040168
147.57089869999982,147.57089869999982,-0.005892021,684,2026-05-28T12:29:55.378,2026-05-28T12:45:25.378,,147.5132193999998,-67.23,295.0,2026-05-28T12:29:55.312,2026-05-28T12:45:25.312,,-0.057679300000017975
147.7859642000003,147.7859642000003,-0.005891916,685,2026-05-28T12:29:55.592,2026-05-28T12:45:25.592,,148.01366380000036,-67.21,296.0,2026-05-28T12:29:55.815,2026-05-28T12:45:25.815,,0.22769960000005085
148.00107369999932,148.00107369999932,-0.005892115,686,2026-05-28T12:29:55.808,2026-05-28T12:45:25.808,,148.01366380000036,-67.21,296.0,2026-05-28T12:29:55.815,2026-05-28T12:45:25.815,,0.012590100001034443
148.21618639999906,148.21618639999906,-0.005892272,687,2026-05-28T12:29:56.022,2026-05-28T12:45:26.022,,148.01366380000036,-67.21,296.0,2026-05-28T12:29:55.815,2026-05-28T12:45:25.815,,-0.20252259999870148
148.4313858000005,148.4313858000005,-0.005892178,688,2026-05-28T12:29:56.238,2026-05-28T12:45:26.238,,148.51323799999955,-67.27,297.0,2026-05-28T12:29:56.316,2026-05-28T12:45:26.316,,0.08185219999904803
148.64646259999972,148.64646259999972,-0.00589222,689,2026-05-28T12:29:56.445,2026-05-28T12:45:26.445,,148.51323799999955,-67.27,297.0,2026-05-28T12:29:56.316,2026-05-28T12:45:26.316,,-0.133224600000176
148.86155569999937,148.86155569999937,-0.005892303,690,2026-05-28T12:29:56.663,2026-05-28T12:45:26.663,,149.01330319999943,-67.21,298.0,2026-05-28T12:29:56.811,2026-05-28T12:45:26.811,,0.15174750000005588
149.07680619999883,149.07680619999883,-0.005892136,691,2026-05-28T12:29:56.882,2026-05-28T12:45:26.882,,149.01330319999943,-67.21,298.0,2026-05-28T12:29:56.811,2026-05-28T12:45:26.811,,-0.06350299999940034
149.29192469999907,149.29192469999907,-0.005891989,692,2026-05-28T12:29:57.099,2026-05-28T12:45:27.099,,149.51371280000058,-67.21,299.0,2026-05-28T12:29:57.321,2026-05-28T12:45:27.321,,0.22178810000150406
149.50704740000037,149.50704740000037,-0.005891968,693,2026-05-28T12:29:57.312,2026-05-28T12:45:27.312,,149.51371280000058,-67.21,299.0,2026-05-28T12:29:57.321,2026-05-28T12:45:27.321,,0.006665400000201771
149.7223713000003,149.7223713000003,-0.005892021,694,2026-05-28T12:29:57.528,2026-05-28T12:45:27.528,,149.51371280000058,-67.21,299.0,2026-05-28T12:29:57.321,2026-05-28T12:45:27.321,,-0.20865849999972852
149.93744589999915,149.93744589999915,-0.005892073,695,2026-05-28T12:29:57.745,2026-05-28T12:45:27.745,,150.0133877999997,-67.18,300.0,2026-05-28T12:29:57.816,2026-05-28T12:45:27.816,,0.07594190000054368
150.152570799999,150.152570799999,-0.005892345,696,2026-05-28T12:29:57.955,2026-05-28T12:45:27.955,,150.0133877999997,-67.18,300.0,2026-05-28T12:29:57.816,2026-05-28T12:45:27.816,,-0.1391829999993206
150.36769879999883,150.36769879999883,-0.005892261,697,2026-05-28T12:29:58.175,2026-05-28T12:45:28.175,,150.51326229999904,-67.15,301.0,2026-05-28T12:29:58.311,2026-05-28T12:45:28.311,,0.14556350000020757
150.58263400000033,150.58263400000033,-0.005892272,698,2026-05-28T12:29:58.388,2026-05-28T12:45:28.388,,150.51326229999904,-67.15,301.0,2026-05-28T12:29:58.311,2026-05-28T12:45:28.311,,-0.0693717000012839
150.79777619999913,150.79777619999913,-0.005892314,699,2026-05-28T12:29:58.605,2026-05-28T12:45:28.605,,151.01330260000032,-67.15,302.0,2026-05-28T12:29:58.811,2026-05-28T12:45:28.811,,0.21552640000118117
151.0128812999992,151.0128812999992,-0.005892575,700,2026-05-28T12:29:58.811,2026-05-28T12:45:28.811,,151.01330260000032,-67.15,302.0,2026-05-28T12:29:58.811,2026-05-28T12:45:28.811,,0.00042130000110773835
151.22801649999928,151.22801649999928,-0.005892523,701,2026-05-28T12:29:59.035,2026-05-28T12:45:29.035,,151.01330260000032,-67.15,302.0,2026-05-28T12:29:58.811,2026-05-28T12:45:28.811,,-0.21471389999896928
151.44308269999965,151.44308269999965,-0.005892387,702,2026-05-28T12:29:59.245,2026-05-28T12:45:29.245,,151.51325989999896,-67.21,303.0,2026-05-28T12:29:59.312,2026-05-28T12:45:29.312,,0.07017719999930705
151.65820320000057,151.65820320000057,-0.005892492,703,2026-05-28T12:29:59.461,2026-05-28T12:45:29.461,,151.51325989999896,-67.21,303.0,2026-05-28T12:29:59.312,2026-05-28T12:45:29.312,,-0.14494330000161426
151.8735469000003,151.8735469000003,-0.005892586,704,2026-05-28T12:29:59.678,2026-05-28T12:45:29.678,,152.0132649999996,-67.16,304.0,2026-05-28T12:29:59.816,2026-05-28T12:45:29.816,,0.13971809999929974
152.08862389999922,152.08862389999922,-0.005892596,705,2026-05-28T12:29:59.896,2026-05-28T12:45:29.896,,152.0132649999996,-67.16,304.0,2026-05-28T12:29:59.816,2026-05-28T12:45:29.816,,-0.07535889999962819
152.3036618999995,152.3036618999995,-0.005892691,706,2026-05-28T12:30:00.111,2026-05-28T12:45:30.111,,152.51376600000003,-67.18,305.0,2026-05-28T12:30:00.321,2026-05-28T12:45:30.321,,0.21010410000053525
152.5189188000004,152.5189188000004,-0.005892607,707,2026-05-28T12:30:00.321,2026-05-28T12:45:30.321,,152.51376600000003,-67.18,305.0,2026-05-28T12:30:00.321,2026-05-28T12:45:30.321,,-0.005152800000360003
152.73400480000055,152.73400480000055,-0.00589268,708,2026-05-28T12:30:00.538,2026-05-28T12:45:30.538,,152.51376600000003,-67.18,305.0,2026-05-28T12:30:00.321,2026-05-28T12:45:30.321,,-0.22023880000051577
152.94910449999952,152.94910449999952,-0.005892586,709,2026-05-28T12:30:00.753,2026-05-28T12:45:30.753,,153.01323550000052,-67.13,306.0,2026-05-28T12:30:00.812,2026-05-28T12:45:30.812,,0.06413100000099803
153.16427199999998,153.16427199999998,-0.005892649,710,2026-05-28T12:30:00.972,2026-05-28T12:45:30.972,,153.01323550000052,-67.13,306.0,2026-05-28T12:30:00.812,2026-05-28T12:45:30.812,,-0.15103649999946356
153.37936830000035,153.37936830000035,-0.005892911,711,2026-05-28T12:30:01.181,2026-05-28T12:45:31.181,,153.5133206999999,-67.18,307.0,2026-05-28T12:30:01.312,2026-05-28T12:45:31.312,,0.13395239999954356
153.59449089999907,153.59449089999907,-0.005892921,712,2026-05-28T12:30:01.402,2026-05-28T12:45:31.402,,153.5133206999999,-67.18,307.0,2026-05-28T12:30:01.312,2026-05-28T12:45:31.312,,-0.0811701999991783
153.80957089999902,153.80957089999902,-0.005892858,713,2026-05-28T12:30:01.611,2026-05-28T12:45:31.611,,154.01362379999955,-67.1,308.0,2026-05-28T12:30:01.811,2026-05-28T12:45:31.811,,0.20405290000053355
154.02465049999955,154.02465049999955,-0.005892795,714,2026-05-28T12:30:01.830,2026-05-28T12:45:31.830,,154.01362379999955,-67.1,308.0,2026-05-28T12:30:01.811,2026-05-28T12:45:31.811,,-0.011026700000002165
154.2397865999992,154.2397865999992,-0.0058929,715,2026-05-28T12:30:02.045,2026-05-28T12:45:32.045,,154.01362379999955,-67.1,308.0,2026-05-28T12:30:01.811,2026-05-28T12:45:31.811,,-0.22616279999965627
154.45485949999966,154.45485949999966,-0.005893005,716,2026-05-28T12:30:02.261,2026-05-28T12:45:32.261,,154.51325429999997,-67.12,309.0,2026-05-28T12:30:02.316,2026-05-28T12:45:32.316,,0.05839480000031472
154.67011420000017,154.67011420000017,-0.005893151,717,2026-05-28T12:30:02.472,2026-05-28T12:45:32.472,,154.51325429999997,-67.12,309.0,2026-05-28T12:30:02.316,2026-05-28T12:45:32.316,,-0.15685990000019956
154.88531750000038,154.88531750000038,-0.005893047,718,2026-05-28T12:30:02.690,2026-05-28T12:45:32.690,,155.01348490000055,-67.15,310.0,2026-05-28T12:30:02.821,2026-05-28T12:45:32.821,,0.1281674000001658
155.10039700000016,155.10039700000016,-0.00589313,719,2026-05-28T12:30:02.907,2026-05-28T12:45:32.907,,155.01348490000055,-67.15,310.0,2026-05-28T12:30:02.821,2026-05-28T12:45:32.821,,-0.08691209999960847
155.3154596000004,155.3154596000004,-0.005893151,720,2026-05-28T12:30:03.121,2026-05-28T12:45:33.121,,155.51329950000036,-67.17,311.0,2026-05-28T12:30:03.312,2026-05-28T12:45:33.312,,0.19783989999996265
155.53055940000013,155.53055940000013,-0.005893109,721,2026-05-28T12:30:03.338,2026-05-28T12:45:33.338,,155.51329950000036,-67.17,311.0,2026-05-28T12:30:03.312,2026-05-28T12:45:33.312,,-0.017259899999771733
155.74565099999927,155.74565099999927,-0.005893109,722,2026-05-28T12:30:03.545,2026-05-28T12:45:33.545,,155.51329950000036,-67.17,311.0,2026-05-28T12:30:03.312,2026-05-28T12:45:33.312,,-0.2323514999989129
155.96065420000014,155.96065420000014,-0.005893089,723,2026-05-28T12:30:03.761,2026-05-28T12:45:33.761,,156.01340759999948,-67.05,312.0,2026-05-28T12:30:03.812,2026-05-28T12:45:33.812,,0.052753399999346584
156.17558710000048,156.17558710000048,-0.005893319,724,2026-05-28T12:30:03.978,2026-05-28T12:45:33.978,,156.01340759999948,-67.05,312.0,2026-05-28T12:30:03.812,2026-05-28T12:45:33.812,,-0.16217950000100245
156.390668,156.390668,-0.005893151,725,2026-05-28T12:30:04.198,2026-05-28T12:45:34.198,,156.51314009999987,-67.08,313.0,2026-05-28T12:30:04.312,2026-05-28T12:45:34.312,,0.12247209999986808
156.60564239999985,156.60564239999985,-0.005893287,726,2026-05-28T12:30:04.411,2026-05-28T12:45:34.411,,156.51314009999987,-67.08,313.0,2026-05-28T12:30:04.312,2026-05-28T12:45:34.312,,-0.09250229999997828
156.82070229999954,156.82070229999954,-0.005893204,727,2026-05-28T12:30:04.628,2026-05-28T12:45:34.628,,157.01349850000042,-67.07,314.0,2026-05-28T12:30:04.821,2026-05-28T12:45:34.821,,0.1927962000008847
157.0358073999996,157.0358073999996,-0.005893266,728,2026-05-28T12:30:04.838,2026-05-28T12:45:34.838,,157.01349850000042,-67.07,314.0,2026-05-28T12:30:04.821,2026-05-28T12:45:34.821,,-0.022308899999188725
157.25088669999968,157.25088669999968,-0.005893319,729,2026-05-28T12:30:05.058,2026-05-28T12:45:35.058,,157.01349850000042,-67.07,314.0,2026-05-28T12:30:04.821,2026-05-28T12:45:34.821,,-0.2373881999992591
157.46617739999965,157.46617739999965,-0.005893151,730,2026-05-28T12:30:05.272,2026-05-28T12:45:35.272,,157.51362169999993,-67.07,315.0,2026-05-28T12:30:05.321,2026-05-28T12:45:35.321,,0.04744430000027933
157.68129719999888,157.68129719999888,-0.005893172,731,2026-05-28T12:30:05.488,2026-05-28T12:45:35.488,,157.51362169999993,-67.07,315.0,2026-05-28T12:30:05.321,2026-05-28T12:45:35.321,,-0.16767549999894982
157.8964579000003,157.8964579000003,-0.005893319,732,2026-05-28T12:30:05.700,2026-05-28T12:45:35.700,,158.01331769999888,-67.05,316.0,2026-05-28T12:30:05.816,2026-05-28T12:45:35.816,,0.116859799998565
158.11169619999964,158.11169619999964,-0.00589335,733,2026-05-28T12:30:05.916,2026-05-28T12:45:35.916,,158.01331769999888,-67.05,316.0,2026-05-28T12:30:05.816,2026-05-28T12:45:35.816,,-0.09837850000076287
158.3269046000005,158.3269046000005,-0.005893382,734,2026-05-28T12:30:06.128,2026-05-28T12:45:36.128,,158.51374159999978,-67.03,317.0,2026-05-28T12:30:06.321,2026-05-28T12:45:36.321,,0.1868369999992865
158.54184989999885,158.54184989999885,-0.005893287,735,2026-05-28T12:30:06.345,2026-05-28T12:45:36.345,,158.51374159999978,-67.03,317.0,2026-05-28T12:30:06.321,2026-05-28T12:45:36.321,,-0.028108299999075825
158.75691319999896,158.75691319999896,-0.005893361,736,2026-05-28T12:30:06.564,2026-05-28T12:45:36.564,,158.51374159999978,-67.03,317.0,2026-05-28T12:30:06.321,2026-05-28T12:45:36.321,,-0.24317159999918658
158.9719624999998,158.9719624999998,-0.005893214,737,2026-05-28T12:30:06.779,2026-05-28T12:45:36.779,,159.01339139999982,-67.03,318.0,2026-05-28T12:30:06.820,2026-05-28T12:45:36.820,,0.04142890000002808
159.1868959000003,159.1868959000003,-0.005893266,738,2026-05-28T12:30:06.994,2026-05-28T12:45:36.994,,159.01339139999982,-67.03,318.0,2026-05-28T12:30:06.820,2026-05-28T12:45:36.820,,-0.17350450000049022
159.4018586000002,159.4018586000002,-0.005893162,739,2026-05-28T12:30:07.209,2026-05-28T12:45:37.209,,159.5134165999989,-67.04,319.0,2026-05-28T12:30:07.316,2026-05-28T12:45:37.316,,0.11155799999869487
159.616944899999,159.616944899999,-0.005893193,740,2026-05-28T12:30:07.416,2026-05-28T12:45:37.416,,159.5134165999989,-67.04,319.0,2026-05-28T12:30:07.316,2026-05-28T12:45:37.316,,-0.10352830000010727
159.8320287000006,159.8320287000006,-0.005893172,741,2026-05-28T12:30:07.632,2026-05-28T12:45:37.632,,160.0133750999994,-67.02,320.0,2026-05-28T12:30:07.811,2026-05-28T12:45:37.811,,0.18134639999880164
160.04710329999943,160.04710329999943,-0.005893225,742,2026-05-28T12:30:07.854,2026-05-28T12:45:37.854,,160.0133750999994,-67.02,320.0,2026-05-28T12:30:07.811,2026-05-28T12:45:37.811,,-0.0337282000000414
160.26227929999914,160.26227929999914,-0.005893319,743,2026-05-28T12:30:08.070,2026-05-28T12:45:38.070,,160.0133750999994,-67.02,320.0,2026-05-28T12:30:07.811,2026-05-28T12:45:37.811,,-0.24890419999974256
160.477511699999,160.477511699999,-0.005893287,744,2026-05-28T12:30:08.282,2026-05-28T12:45:38.282,,160.51327349999883,-67.02,321.0,2026-05-28T12:30:08.321,2026-05-28T12:45:38.321,,0.03576179999981832
160.69265319999977,160.69265319999977,-0.005893162,745,2026-05-28T12:30:08.500,2026-05-28T12:45:38.500,,160.51327349999883,-67.02,321.0,2026-05-28T12:30:08.321,2026-05-28T12:45:38.321,,-0.17937970000093628
160.90773309999895,160.90773309999895,-0.005893246,746,2026-05-28T12:30:08.713,2026-05-28T12:45:38.713,,161.0133375000005,-67.03,322.0,2026-05-28T12:30:08.816,2026-05-28T12:45:38.816,,0.10560440000153903
161.12293610000052,161.12293610000052,-0.005893246,747,2026-05-28T12:30:08.928,2026-05-28T12:45:38.928,,161.0133375000005,-67.03,322.0,2026-05-28T12:30:08.816,2026-05-28T12:45:38.816,,-0.10959860000002664
161.3379789999999,161.3379789999999,-0.00589334,748,2026-05-28T12:30:09.145,2026-05-28T12:45:39.145,,161.51326580000023,-66.99,323.0,2026-05-28T12:30:09.312,2026-05-28T12:45:39.312,,0.17528680000032182
161.5530517999996,161.5530517999996,-0.005893308,749,2026-05-28T12:30:09.354,2026-05-28T12:45:39.354,,161.51326580000023,-66.99,323.0,2026-05-28T12:30:09.312,2026-05-28T12:45:39.312,,-0.03978599999936705
161.76814340000055,161.76814340000055,-0.005893277,750,2026-05-28T12:30:09.575,2026-05-28T12:45:39.575,,162.01335879999897,-66.98,324.0,2026-05-28T12:30:09.814,2026-05-28T12:45:39.814,,0.2452153999984148
161.9834176000004,161.9834176000004,-0.005893382,751,2026-05-28T12:30:09.782,2026-05-28T12:45:39.782,,162.01335879999897,-66.98,324.0,2026-05-28T12:30:09.814,2026-05-28T12:45:39.814,,0.02994119999857503
162.198361499999,162.198361499999,-0.005893476,752,2026-05-28T12:30:09.999,2026-05-28T12:45:39.999,,162.01335879999897,-66.98,324.0,2026-05-28T12:30:09.814,2026-05-28T12:45:39.814,,-0.18500270000004093
162.4134938999996,162.4134938999996,-0.005893214,753,2026-05-28T12:30:10.221,2026-05-28T12:45:40.221,,162.51340809999965,-67.05,325.0,2026-05-28T12:30:10.317,2026-05-28T12:45:40.317,,0.09991420000005746
162.62867790000018,162.62867790000018,-0.005893329,754,2026-05-28T12:30:10.428,2026-05-28T12:45:40.428,,162.51340809999965,-67.05,325.0,2026-05-28T12:30:10.317,2026-05-28T12:45:40.317,,-0.115269800000533
162.84388149999904,162.84388149999904,-0.00589334,755,2026-05-28T12:30:10.645,2026-05-28T12:45:40.645,,163.01325969999925,-67.03,326.0,2026-05-28T12:30:10.819,2026-05-28T12:45:40.819,,0.1693782000002102
163.05923679999978,163.05923679999978,-0.005893424,756,2026-05-28T12:30:10.861,2026-05-28T12:45:40.861,,163.01325969999925,-67.03,326.0,2026-05-28T12:30:10.819,2026-05-28T12:45:40.819,,-0.04597710000052757
163.27418339999895,163.27418339999895,-0.005893277,757,2026-05-28T12:30:11.078,2026-05-28T12:45:41.078,,163.51344249999966,-67.03,327.0,2026-05-28T12:30:11.312,2026-05-28T12:45:41.312,,0.2392591000007087
163.48936409999988,163.48936409999988,-0.005893266,758,2026-05-28T12:30:11.296,2026-05-28T12:45:41.296,,163.51344249999966,-67.03,327.0,2026-05-28T12:30:11.312,2026-05-28T12:45:41.312,,0.02407839999978023
163.70431090000056,163.70431090000056,-0.00589334,759,2026-05-28T12:30:11.512,2026-05-28T12:45:41.512,,163.51344249999966,-67.03,327.0,2026-05-28T12:30:11.312,2026-05-28T12:45:41.312,,-0.19086840000090888
163.91962239999884,163.91962239999884,-0.005893403,760,2026-05-28T12:30:11.725,2026-05-28T12:45:41.725,,164.0133791999997,-67.04,328.0,2026-05-28T12:30:11.816,2026-05-28T12:45:41.816,,0.09375680000084685
164.13472860000002,164.13472860000002,-0.005893549,761,2026-05-28T12:30:11.942,2026-05-28T12:45:41.942,,164.0133791999997,-67.04,328.0,2026-05-28T12:30:11.816,2026-05-28T12:45:41.816,,-0.12134940000032657
164.3498851000004,164.3498851000004,-0.005893696,762,2026-05-28T12:30:12.154,2026-05-28T12:45:42.154,,164.51367140000002,-66.98,329.0,2026-05-28T12:30:12.321,2026-05-28T12:45:42.321,,0.16378629999962868
164.5648743999991,164.5648743999991,-0.005893821,763,2026-05-28T12:30:12.372,2026-05-28T12:45:42.372,,164.51367140000002,-66.98,329.0,2026-05-28T12:30:12.321,2026-05-28T12:45:42.321,,-0.05120299999907729
164.78005809999922,164.78005809999922,-0.005893842,764,2026-05-28T12:30:12.578,2026-05-28T12:45:42.578,,165.01349560000017,-66.99,330.0,2026-05-28T12:30:12.821,2026-05-28T12:45:42.821,,0.23343750000094587
164.99524120000024,164.99524120000024,-0.005893727,765,2026-05-28T12:30:12.803,2026-05-28T12:45:42.803,,165.01349560000017,-66.99,330.0,2026-05-28T12:30:12.821,2026-05-28T12:45:42.821,,0.018254399999932502
165.21032519999972,165.21032519999972,-0.005893528,766,2026-05-28T12:30:13.013,2026-05-28T12:45:43.013,,165.01349560000017,-66.99,330.0,2026-05-28T12:30:12.821,2026-05-28T12:45:42.821,,-0.1968295999995462
165.42552849999993,165.42552849999993,-0.005893612,767,2026-05-28T12:30:13.230,2026-05-28T12:45:43.230,,165.51347989999886,-67.05,331.0,2026-05-28T12:30:13.321,2026-05-28T12:45:43.321,,0.08795139999892854
165.64058099999966,165.64058099999966,-0.005893738,768,2026-05-28T12:30:13.445,2026-05-28T12:45:43.445,,165.51347989999886,-67.05,331.0,2026-05-28T12:30:13.321,2026-05-28T12:45:43.321,,-0.12710110000080022
165.85588989999997,165.85588989999997,-0.005893591,769,2026-05-28T12:30:13.663,2026-05-28T12:45:43.663,,166.01374099999884,-67.06,332.0,2026-05-28T12:30:13.816,2026-05-28T12:45:43.816,,0.15785109999887936
166.07076810000035,166.07076810000035,-0.005893528,770,2026-05-28T12:30:13.878,2026-05-28T12:45:43.878,,166.01374099999884,-67.06,332.0,2026-05-28T12:30:13.816,2026-05-28T12:45:43.816,,-0.05702710000150546
166.28589999999895,166.28589999999895,-0.005893748,771,2026-05-28T12:30:14.088,2026-05-28T12:45:44.088,,166.51355139999941,-66.98,333.0,2026-05-28T12:30:14.311,2026-05-28T12:45:44.311,,0.22765140000046813
166.50086960000044,166.50086960000044,-0.005893612,772,2026-05-28T12:30:14.308,2026-05-28T12:45:44.308,,166.51355139999941,-66.98,333.0,2026-05-28T12:30:14.311,2026-05-28T12:45:44.311,,0.012681799998972565
166.71597709999878,166.71597709999878,-0.005893539,773,2026-05-28T12:30:14.521,2026-05-28T12:45:44.521,,166.51355139999941,-66.98,333.0,2026-05-28T12:30:14.311,2026-05-28T12:45:44.311,,-0.20242569999936677
166.93117150000035,166.93117150000035,-0.005893664,774,2026-05-28T12:30:14.737,2026-05-28T12:45:44.737,,167.0136337999993,-67.02,334.0,2026-05-28T12:30:14.821,2026-05-28T12:45:44.821,,0.0824622999989515
167.14636719999908,167.14636719999908,-0.005893528,775,2026-05-28T12:30:14.945,2026-05-28T12:45:44.945,,167.0136337999993,-67.02,334.0,2026-05-28T12:30:14.821,2026-05-28T12:45:44.821,,-0.13273339999977907
167.36157759999878,167.36157759999878,-0.005893581,776,2026-05-28T12:30:15.164,2026-05-28T12:45:45.164,,167.51334359999964,-66.98,335.0,2026-05-28T12:30:15.321,2026-05-28T12:45:45.321,,0.15176600000086182
167.57654039999943,167.57654039999943,-0.005893602,777,2026-05-28T12:30:15.383,2026-05-28T12:45:45.383,,167.51334359999964,-66.98,335.0,2026-05-28T12:30:15.321,2026-05-28T12:45:45.321,,-0.06319679999978689
167.79169329999968,167.79169329999968,-0.005893643,778,2026-05-28T12:30:15.599,2026-05-28T12:45:45.599,,168.01320349999878,-67.05,336.0,2026-05-28T12:30:15.821,2026-05-28T12:45:45.821,,0.22151019999910204
168.00685440000052,168.00685440000052,-0.005893392,779,2026-05-28T12:30:15.814,2026-05-28T12:45:45.814,,168.01320349999878,-67.05,336.0,2026-05-28T12:30:15.821,2026-05-28T12:45:45.821,,0.006349099998260499
168.22194080000008,168.22194080000008,-0.005893581,780,2026-05-28T12:30:16.029,2026-05-28T12:45:46.029,,168.01320349999878,-67.05,336.0,2026-05-28T12:30:15.821,2026-05-28T12:45:45.821,,-0.20873730000130308
168.436957599999,168.436957599999,-0.005893633,781,2026-05-28T12:30:16.244,2026-05-28T12:45:46.244,,168.51344470000004,-66.98,337.0,2026-05-28T12:30:16.311,2026-05-28T12:45:46.311,,0.07648710000103165
168.65217180000036,168.65217180000036,-0.005893612,782,2026-05-28T12:30:16.454,2026-05-28T12:45:46.454,,168.51344470000004,-66.98,337.0,2026-05-28T12:30:16.311,2026-05-28T12:45:46.311,,-0.13872710000032384
168.86725560000014,168.86725560000014,-0.005893622,783,2026-05-28T12:30:16.670,2026-05-28T12:45:46.670,,169.0135379000003,-66.95,338.0,2026-05-28T12:30:16.811,2026-05-28T12:45:46.811,,0.1462823000001663
169.08224119999977,169.08224119999977,-0.005893455,784,2026-05-28T12:30:16.882,2026-05-28T12:45:46.882,,169.0135379000003,-66.95,338.0,2026-05-28T12:30:16.811,2026-05-28T12:45:46.811,,-0.06870329999946989
169.2972389000006,169.2972389000006,-0.00589356,785,2026-05-28T12:30:17.099,2026-05-28T12:45:47.099,,169.51369449999947,-66.96,339.0,2026-05-28T12:30:17.320,2026-05-28T12:45:47.320,,0.21645559999888064
169.51221260000057,169.51221260000057,-0.005893413,786,2026-05-28T12:30:17.320,2026-05-28T12:45:47.320,,169.51369449999947,-66.96,339.0,2026-05-28T12:30:17.320,2026-05-28T12:45:47.320,,0.0014818999989074655
169.72729570000047,169.72729570000047,-0.005893246,787,2026-05-28T12:30:17.532,2026-05-28T12:45:47.532,,169.51369449999947,-66.96,339.0,2026-05-28T12:30:17.320,2026-05-28T12:45:47.320,,-0.21360120000099414
169.94243989999995,169.94243989999995,-0.00589334,788,2026-05-28T12:30:17.749,2026-05-28T12:45:47.749,,170.01342789999944,-66.99,340.0,2026-05-28T12:30:17.811,2026-05-28T12:45:47.811,,0.07098799999948824
170.15755569999965,170.15755569999965,-0.005893581,789,2026-05-28T12:30:17.961,2026-05-28T12:45:47.961,,170.01342789999944,-66.99,340.0,2026-05-28T12:30:17.811,2026-05-28T12:45:47.811,,-0.14412780000020575
170.37268419999964,170.37268419999964,-0.005893685,790,2026-05-28T12:30:18.178,2026-05-28T12:45:48.178,,170.51323869999942,-66.96,341.0,2026-05-28T12:30:18.311,2026-05-28T12:45:48.311,,0.1405544999997801
170.5878257000004,170.5878257000004,-0.005893759,791,2026-05-28T12:30:18.395,2026-05-28T12:45:48.395,,170.51323869999942,-66.96,341.0,2026-05-28T12:30:18.311,2026-05-28T12:45:48.311,,-0.07458700000097451
170.80279209999935,170.80279209999935,-0.005893748,792,2026-05-28T12:30:18.610,2026-05-28T12:45:48.610,,171.01329450000048,-66.94,342.0,2026-05-28T12:30:18.811,2026-05-28T12:45:48.811,,0.21050240000113263
171.01793179999913,171.01793179999913,-0.005893643,793,2026-05-28T12:30:18.822,2026-05-28T12:45:48.822,,171.01329450000048,-66.94,342.0,2026-05-28T12:30:18.811,2026-05-28T12:45:48.811,,-0.004637299998648814
171.23303730000043,171.23303730000043,-0.005893329,794,2026-05-28T12:30:19.040,2026-05-28T12:45:49.040,,171.01329450000048,-66.94,342.0,2026-05-28T12:30:18.811,2026-05-28T12:45:48.811,,-0.21974279999994906
171.44832490000044,171.44832490000044,-0.005893162,795,2026-05-28T12:30:19.254,2026-05-28T12:45:49.254,,171.5135465000003,-67.0,343.0,2026-05-28T12:30:19.313,2026-05-28T12:45:49.313,,0.06522159999985888
171.663520099999,171.663520099999,-0.005893298,796,2026-05-28T12:30:19.461,2026-05-28T12:45:49.461,,171.5135465000003,-67.0,343.0,2026-05-28T12:30:19.313,2026-05-28T12:45:49.313,,-0.1499735999987024
171.87877049999952,171.87877049999952,-0.005893277,797,2026-05-28T12:30:19.678,2026-05-28T12:45:49.678,,172.01330380000036,-67.01,344.0,2026-05-28T12:30:19.811,2026-05-28T12:45:49.811,,0.13453330000083952
172.09375349999937,172.09375349999937,-0.005893214,798,2026-05-28T12:30:19.901,2026-05-28T12:45:49.901,,172.01330380000036,-67.01,344.0,2026-05-28T12:30:19.811,2026-05-28T12:45:49.811,,-0.08044969999900786
172.30882139999994,172.30882139999994,-0.005893308,799,2026-05-28T12:30:20.111,2026-05-28T12:45:50.111,,172.51330009999947,-66.95,345.0,2026-05-28T12:30:20.311,2026-05-28T12:45:50.311,,0.20447869999952673
172.5240517000002,172.5240517000002,-0.005893183,800,2026-05-28T12:30:20.328,2026-05-28T12:45:50.328,,172.51330009999947,-66.95,345.0,2026-05-28T12:30:20.311,2026-05-28T12:45:50.311,,-0.010751600000730832
172.73903979999886,172.73903979999886,-0.005893235,801,2026-05-28T12:30:20.545,2026-05-28T12:45:50.545,,172.51330009999947,-66.95,345.0,2026-05-28T12:30:20.311,2026-05-28T12:45:50.311,,-0.22573969999939436
172.95411140000033,172.95411140000033,-0.005893068,802,2026-05-28T12:30:20.761,2026-05-28T12:45:50.761,,173.01366319999943,-66.95,346.0,2026-05-28T12:30:20.816,2026-05-28T12:45:50.816,,0.059551799999098876
173.16921999999977,173.16921999999977,-0.005893329,803,2026-05-28T12:30:20.971,2026-05-28T12:45:50.971,,173.01366319999943,-66.95,346.0,2026-05-28T12:30:20.816,2026-05-28T12:45:50.816,,-0.15555680000034044
173.38433029999942,173.38433029999942,-0.005893507,804,2026-05-28T12:30:21.192,2026-05-28T12:45:51.192,,173.51321629999984,-66.98,347.0,2026-05-28T12:30:21.311,2026-05-28T12:45:51.311,,0.1288860000004206
173.5993531999993,173.5993531999993,-0.005893361,805,2026-05-28T12:30:21.407,2026-05-28T12:45:51.407,,173.51321629999984,-66.98,347.0,2026-05-28T12:30:21.311,2026-05-28T12:45:51.311,,-0.08613689999947383
173.81440870000006,173.81440870000006,-0.005893162,806,2026-05-28T12:30:21.621,2026-05-28T12:45:51.621,,174.01326349999908,-66.86,348.0,2026-05-28T12:30:21.811,2026-05-28T12:45:51.811,,0.198854799999026
174.02945360000012,174.02945360000012,-0.005893298,807,2026-05-28T12:30:21.828,2026-05-28T12:45:51.828,,174.01326349999908,-66.86,348.0,2026-05-28T12:30:21.811,2026-05-28T12:45:51.811,,-0.016190100001040264
174.2446885999998,174.2446885999998,-0.005893308,808,2026-05-28T12:30:22.045,2026-05-28T12:45:52.045,,174.01326349999908,-66.86,348.0,2026-05-28T12:30:21.811,2026-05-28T12:45:51.811,,-0.23142510000070615
174.4596290999998,174.4596290999998,-0.005893099,809,2026-05-28T12:30:22.261,2026-05-28T12:45:52.261,,174.5135391999993,-66.87,349.0,2026-05-28T12:30:22.316,2026-05-28T12:45:52.316,,0.05391009999948437
174.67476109999916,174.67476109999916,-0.005892973,810,2026-05-28T12:30:22.478,2026-05-28T12:45:52.478,,174.5135391999993,-66.87,349.0,2026-05-28T12:30:22.316,2026-05-28T12:45:52.316,,-0.16122189999987313
174.88976580000053,174.88976580000053,-0.00589289,811,2026-05-28T12:30:22.697,2026-05-28T12:45:52.697,,175.01338209999994,-66.93,350.0,2026-05-28T12:30:22.821,2026-05-28T12:45:52.821,,0.12361629999941215
175.10482070000035,175.10482070000035,-0.005892984,812,2026-05-28T12:30:22.911,2026-05-28T12:45:52.911,,175.01338209999994,-66.93,350.0,2026-05-28T12:30:22.821,2026-05-28T12:45:52.821,,-0.0914386000004015
175.32006869999896,175.32006869999896,-0.005892973,813,2026-05-28T12:30:23.128,2026-05-28T12:45:53.128,,175.51326329999938,-66.9,351.0,2026-05-28T12:30:23.311,2026-05-28T12:45:53.311,,0.19319460000042454
175.53502780000053,175.53502780000053,-0.005893026,814,2026-05-28T12:30:23.338,2026-05-28T12:45:53.338,,175.51326329999938,-66.9,351.0,2026-05-28T12:30:23.311,2026-05-28T12:45:53.311,,-0.021764500001154374
175.75002589999895,175.75002589999895,-0.005892942,815,2026-05-28T12:30:23.558,2026-05-28T12:45:53.558,,175.51326329999938,-66.9,351.0,2026-05-28T12:30:23.311,2026-05-28T12:45:53.311,,-0.23676259999956528
175.96507500000007,175.96507500000007,-0.005892984,816,2026-05-28T12:30:23.772,2026-05-28T12:45:53.772,,176.0138334000003,-66.88,352.0,2026-05-28T12:30:23.821,2026-05-28T12:45:53.821,,0.048758400000224356
176.1803775999997,176.1803775999997,-0.005893109,817,2026-05-28T12:30:23.988,2026-05-28T12:45:53.988,,176.0138334000003,-66.88,352.0,2026-05-28T12:30:23.821,2026-05-28T12:45:53.821,,-0.16654419999940728
176.39531329999954,176.39531329999954,-0.005893005,818,2026-05-28T12:30:24.203,2026-05-28T12:45:54.203,,176.51336149999952,-66.93,353.0,2026-05-28T12:30:24.316,2026-05-28T12:45:54.316,,0.11804819999997562
176.6105220999998,176.6105220999998,-0.005893068,819,2026-05-28T12:30:24.416,2026-05-28T12:45:54.416,,176.51336149999952,-66.93,353.0,2026-05-28T12:30:24.316,2026-05-28T12:45:54.316,,-0.09716060000027937
176.82551989999956,176.82551989999956,-0.005892785,820,2026-05-28T12:30:24.632,2026-05-28T12:45:54.632,,177.01365450000048,-66.97,354.0,2026-05-28T12:30:24.821,2026-05-28T12:45:54.821,,0.18813460000092164
177.04085149999992,177.04085149999992,-0.005892963,821,2026-05-28T12:30:24.848,2026-05-28T12:45:54.848,,177.01365450000048,-66.97,354.0,2026-05-28T12:30:24.821,2026-05-28T12:45:54.821,,-0.02719699999943259
177.25595649999923,177.25595649999923,-0.005892659,822,2026-05-28T12:30:25.063,2026-05-28T12:45:55.063,,177.01365450000048,-66.97,354.0,2026-05-28T12:30:24.821,2026-05-28T12:45:54.821,,-0.24230199999874458
177.47134949999963,177.47134949999963,-0.00589267,823,2026-05-28T12:30:25.279,2026-05-28T12:45:55.279,,177.51341219999995,-67.0,355.0,2026-05-28T12:30:25.321,2026-05-28T12:45:55.321,,0.04206270000031509
177.68653090000043,177.68653090000043,-0.00589268,824,2026-05-28T12:30:25.487,2026-05-28T12:45:55.487,,177.51341219999995,-67.0,355.0,2026-05-28T12:30:25.321,2026-05-28T12:45:55.321,,-0.17311870000048657
177.90163720000055,177.90163720000055,-0.005892617,825,2026-05-28T12:30:25.708,2026-05-28T12:45:55.708,,178.01328250000006,-66.97,356.0,2026-05-28T12:30:25.816,2026-05-28T12:45:55.816,,0.111645299999509
178.1167974,178.1167974,-0.005892691,826,2026-05-28T12:30:25.920,2026-05-28T12:45:55.920,,178.01328250000006,-66.97,356.0,2026-05-28T12:30:25.816,2026-05-28T12:45:55.816,,-0.10351489999993646
178.33185649999905,178.33185649999905,-0.005892743,827,2026-05-28T12:30:26.132,2026-05-28T12:45:56.132,,178.51319560000047,-66.95,357.0,2026-05-28T12:30:26.311,2026-05-28T12:45:56.311,,0.1813391000014235
178.5470733000002,178.5470733000002,-0.005892691,828,2026-05-28T12:30:26.345,2026-05-28T12:45:56.345,,178.51319560000047,-66.95,357.0,2026-05-28T12:30:26.311,2026-05-28T12:45:56.311,,-0.03387769999972079
178.7620668999989,178.7620668999989,-0.005892607,829,2026-05-28T12:30:26.561,2026-05-28T12:45:56.561,,178.51319560000047,-66.95,357.0,2026-05-28T12:30:26.311,2026-05-28T12:45:56.311,,-0.24887129999842728
178.97727479999958,178.97727479999958,-0.005892795,830,2026-05-28T12:30:26.778,2026-05-28T12:45:56.778,,179.0136380999993,-66.96,358.0,2026-05-28T12:30:26.811,2026-05-28T12:45:56.811,,0.036363299999720766
179.19234619999952,179.19234619999952,-0.005892858,831,2026-05-28T12:30:27.000,2026-05-28T12:45:57.000,,179.0136380999993,-66.96,358.0,2026-05-28T12:30:26.811,2026-05-28T12:45:56.811,,-0.17870810000022175
179.40747269999883,179.40747269999883,-0.005892753,832,2026-05-28T12:30:27.211,2026-05-28T12:45:57.211,,179.51318749999882,-66.94,359.0,2026-05-28T12:30:27.311,2026-05-28T12:45:57.311,,0.10571479999998701
179.6225101,179.6225101,-0.005892774,833,2026-05-28T12:30:27.428,2026-05-28T12:45:57.428,,179.51318749999882,-66.94,359.0,2026-05-28T12:30:27.311,2026-05-28T12:45:57.311,,-0.10932260000117822
179.83775260000039,179.83775260000039,-0.005892785,834,2026-05-28T12:30:27.645,2026-05-28T12:45:57.645,,179.51318749999882,-66.94,359.0,2026-05-28T12:30:27.311,2026-05-28T12:45:57.311,,-0.32456510000156413
180.05288110000038,180.05288110000038,-0.005892848,835,2026-05-28T12:30:27.855,2026-05-28T12:45:57.855,,179.51318749999882,-66.94,359.0,2026-05-28T12:30:27.311,2026-05-28T12:45:57.311,,-0.5396936000015558
