sensor,indice_balanza,masa_g,error,tiempo_s,fecha_hora_corregida,fecha_hora_pc_sin_corregir,correccion_reloj_s,indice_multimetro,voltaje_V
multimetro,,,,0.415336699999898,2026-05-28T13:54:49.573,2026-05-28T14:10:19.573,-930,0.0,0.000723209
multimetro,,,,0.6314807999988261,2026-05-28T13:54:49.791,2026-05-28T14:10:19.791,-930,1.0,0.000702374
multimetro,,,,0.8462515999999596,2026-05-28T13:54:50.006,2026-05-28T14:10:20.006,-930,2.0,0.000716728
balanza,0.0,,Error desde Arduino: HX711 not found.,0.9948411000004853,2026-05-28T13:54:50.152,2026-05-28T14:10:20.152,-930,,
multimetro,,,,1.0614481000011438,2026-05-28T13:54:50.216,2026-05-28T14:10:20.216,-930,3.0,0.000723146
multimetro,,,,1.276699499998358,2026-05-28T13:54:50.435,2026-05-28T14:10:20.435,-930,4.0,0.000697799
multimetro,,,,1.4917024999995192,2026-05-28T13:54:50.643,2026-05-28T14:10:20.643,-930,5.0,0.000672117
multimetro,,,,1.7067825000012817,2026-05-28T13:54:50.863,2026-05-28T14:10:20.863,-930,6.0,0.000646204
multimetro,,,,1.9216710000000603,2026-05-28T13:54:51.073,2026-05-28T14:10:21.073,-930,7.0,0.000663134
balanza,1.0,0.0,,1.9861066000012215,2026-05-28T13:54:51.142,2026-05-28T14:10:21.142,-930,,
balanza,2.0,,Error desde Arduino: HX711 not found.,2.0092097999986436,2026-05-28T13:54:51.162,2026-05-28T14:10:21.162,-930,,
multimetro,,,,2.1367815000012342,2026-05-28T13:54:51.289,2026-05-28T14:10:21.289,-930,8.0,0.000460596
multimetro,,,,2.351868199999444,2026-05-28T13:54:51.504,2026-05-28T14:10:21.504,-930,9.0,0.000359008
multimetro,,,,2.566946300001291,2026-05-28T13:54:51.721,2026-05-28T14:10:21.721,-930,10.0,0.000337189
multimetro,,,,2.8142029000009643,2026-05-28T13:54:51.974,2026-05-28T14:10:21.974,-930,11.0,0.000256268
balanza,3.0,0.0,,3.0008742999998503,2026-05-28T13:54:52.152,2026-05-28T14:10:22.152,-930,,
balanza,4.0,,Error desde Arduino: HX711 not found.,3.0240263999985473,2026-05-28T13:54:52.183,2026-05-28T14:10:22.183,-930,,
multimetro,,,,3.0289685999996436,2026-05-28T13:54:52.183,2026-05-28T14:10:22.183,-930,12.0,0.000222325
multimetro,,,,3.243942099998094,2026-05-28T13:54:52.399,2026-05-28T14:10:22.399,-930,13.0,0.000149958
multimetro,,,,3.4590748000009626,2026-05-28T13:54:52.619,2026-05-28T14:10:22.619,-930,14.0,9.3704e-05
multimetro,,,,3.6741555000007793,2026-05-28T13:54:52.826,2026-05-28T14:10:22.826,-930,15.0,8.8731e-05
multimetro,,,,3.8892515000006824,2026-05-28T13:54:53.047,2026-05-28T14:10:23.047,-930,16.0,1.7181e-05
balanza,5.0,0.0,,4.01554329999999,2026-05-28T13:54:53.172,2026-05-28T14:10:23.172,-930,,
balanza,6.0,,Error desde Arduino: HX711 not found.,4.038670300000376,2026-05-28T13:54:53.198,2026-05-28T14:10:23.198,-930,,
multimetro,,,,4.104525899998407,2026-05-28T13:54:53.261,2026-05-28T14:10:23.261,-930,17.0,-7.6136e-05
multimetro,,,,4.319412799999554,2026-05-28T13:54:53.472,2026-05-28T14:10:23.472,-930,18.0,-0.000200025
multimetro,,,,4.534528899999714,2026-05-28T13:54:53.688,2026-05-28T14:10:23.688,-930,19.0,-0.000420508
multimetro,,,,4.749544999998761,2026-05-28T13:54:53.903,2026-05-28T14:10:23.903,-930,20.0,-0.000568519
multimetro,,,,4.964469700000336,2026-05-28T13:54:54.119,2026-05-28T14:10:24.119,-930,21.0,-0.000756472
balanza,7.0,0.0,,5.03026360000149,2026-05-28T13:54:54.186,2026-05-28T14:10:24.186,-930,,
balanza,8.0,,Error desde Arduino: HX711 not found.,5.0534622999985,2026-05-28T13:54:54.211,2026-05-28T14:10:24.211,-930,,
multimetro,,,,5.179538000000321,2026-05-28T13:54:54.339,2026-05-28T14:10:24.339,-930,22.0,-0.001365521
multimetro,,,,5.394620899998699,2026-05-28T13:54:54.554,2026-05-28T14:10:24.554,-930,23.0,-0.002310555
multimetro,,,,5.609713900001225,2026-05-28T13:54:54.766,2026-05-28T14:10:24.766,-930,24.0,-0.003050631
multimetro,,,,5.824733800000104,2026-05-28T13:54:54.983,2026-05-28T14:10:24.983,-930,25.0,-0.003904461
multimetro,,,,6.039817699998821,2026-05-28T13:54:55.199,2026-05-28T14:10:25.199,-930,26.0,-0.004625652
balanza,9.0,0.0,,6.044861200000014,2026-05-28T13:54:55.201,2026-05-28T14:10:25.201,-930,,
balanza,10.0,,Error desde Arduino: HX711 not found.,6.06808269999965,2026-05-28T13:54:55.228,2026-05-28T14:10:25.228,-930,,
multimetro,,,,6.255062500000349,2026-05-28T13:54:55.415,2026-05-28T14:10:25.415,-930,27.0,-0.004877617
multimetro,,,,6.470294800001284,2026-05-28T13:54:55.625,2026-05-28T14:10:25.625,-930,28.0,-0.00489328
multimetro,,,,6.6854027999979735,2026-05-28T13:54:55.845,2026-05-28T14:10:25.845,-930,29.0,-0.00492516
multimetro,,,,6.900496499998553,2026-05-28T13:54:56.058,2026-05-28T14:10:26.058,-930,30.0,-0.004829644
balanza,11.0,0.0,,7.059564099999989,2026-05-28T13:54:56.215,2026-05-28T14:10:26.215,-930,,
balanza,12.0,,Error desde Arduino: HX711 not found.,7.082728099998349,2026-05-28T13:54:56.242,2026-05-28T14:10:26.242,-930,,
multimetro,,,,7.115468399999372,2026-05-28T13:54:56.275,2026-05-28T14:10:26.275,-930,31.0,-0.004860823
multimetro,,,,7.330616499999451,2026-05-28T13:54:56.489,2026-05-28T14:10:26.489,-930,32.0,-0.004949481
multimetro,,,,7.545674799999688,2026-05-28T13:54:56.700,2026-05-28T14:10:26.700,-930,33.0,-0.004898483
multimetro,,,,7.760815900001035,2026-05-28T13:54:56.915,2026-05-28T14:10:26.915,-930,34.0,-0.004876423
multimetro,,,,7.975899400000344,2026-05-28T13:54:57.136,2026-05-28T14:10:27.136,-930,35.0,-0.004889448
balanza,13.0,0.0,,8.074282999998104,2026-05-28T13:54:57.234,2026-05-28T14:10:27.234,-930,,
balanza,14.0,,Error desde Arduino: HX711 not found.,8.097417900000437,2026-05-28T13:54:57.252,2026-05-28T14:10:27.252,-930,,
multimetro,,,,8.190919000000576,2026-05-28T13:54:57.349,2026-05-28T14:10:27.349,-930,36.0,-0.004912701
multimetro,,,,8.406120299998292,2026-05-28T13:54:57.566,2026-05-28T14:10:27.566,-930,37.0,-0.004939912
multimetro,,,,8.621242099998199,2026-05-28T13:54:57.781,2026-05-28T14:10:27.781,-930,38.0,-0.004861158
multimetro,,,,8.836378799998784,2026-05-28T13:54:57.991,2026-05-28T14:10:27.991,-930,39.0,-0.004882213
multimetro,,,,9.051520900000469,2026-05-28T13:54:58.210,2026-05-28T14:10:28.210,-930,40.0,-0.00491824
balanza,15.0,0.0,,9.08898229999977,2026-05-28T13:54:58.248,2026-05-28T14:10:28.248,-930,,
balanza,16.0,,Error desde Arduino: HX711 not found.,9.112220200000593,2026-05-28T13:54:58.272,2026-05-28T14:10:28.272,-930,,
multimetro,,,,9.266670500001055,2026-05-28T13:54:58.426,2026-05-28T14:10:28.426,-930,41.0,-0.004962579
multimetro,,,,9.481923399998777,2026-05-28T13:54:58.641,2026-05-28T14:10:28.641,-930,42.0,-0.004877669
multimetro,,,,9.697125800001231,2026-05-28T13:54:58.852,2026-05-28T14:10:28.852,-930,43.0,-0.004843307
multimetro,,,,9.912279000000126,2026-05-28T13:54:59.072,2026-05-28T14:10:29.072,-930,44.0,-0.004871848
balanza,17.0,0.0,,10.103640400000586,2026-05-28T13:54:59.257,2026-05-28T14:10:29.257,-930,,
balanza,18.0,,Error desde Arduino: HX711 not found.,10.12687079999887,2026-05-28T13:54:59.282,2026-05-28T14:10:29.282,-930,,
multimetro,,,,10.127540800000133,2026-05-28T13:54:59.282,2026-05-28T14:10:29.282,-930,45.0,-0.004874821
multimetro,,,,10.34240520000094,2026-05-28T13:54:59.498,2026-05-28T14:10:29.498,-930,46.0,-0.004876455
multimetro,,,,10.557490499999403,2026-05-28T13:54:59.718,2026-05-28T14:10:29.718,-930,47.0,-0.004831979
multimetro,,,,10.772561699999642,2026-05-28T13:54:59.932,2026-05-28T14:10:29.932,-930,48.0,-0.004919611
multimetro,,,,10.987733599999046,2026-05-28T13:55:00.147,2026-05-28T14:10:30.147,-930,49.0,-0.004957187
balanza,19.0,0.0,,11.118176200001471,2026-05-28T13:55:00.275,2026-05-28T14:10:30.275,-930,,
balanza,20.0,,Error desde Arduino: HX711 not found.,11.14125729999796,2026-05-28T13:55:00.298,2026-05-28T14:10:30.298,-930,,
multimetro,,,,11.203043500001513,2026-05-28T13:55:00.361,2026-05-28T14:10:30.361,-930,50.0,-0.004913005
multimetro,,,,11.418069600000308,2026-05-28T13:55:00.578,2026-05-28T14:10:30.578,-930,51.0,-0.004911926
multimetro,,,,11.633286500000395,2026-05-28T13:55:00.785,2026-05-28T14:10:30.785,-930,52.0,-0.004939514
multimetro,,,,11.848538099999132,2026-05-28T13:55:01.002,2026-05-28T14:10:31.002,-930,53.0,-0.004956161
multimetro,,,,12.063622499998019,2026-05-28T13:55:01.215,2026-05-28T14:10:31.215,-930,54.0,-0.004922417
balanza,21.0,0.0,,12.132830800001102,2026-05-28T13:55:01.291,2026-05-28T14:10:31.291,-930,,
balanza,22.0,,Error desde Arduino: HX711 not found.,12.155866900000547,2026-05-28T13:55:01.316,2026-05-28T14:10:31.316,-930,,
multimetro,,,,12.278562600000441,2026-05-28T13:55:01.432,2026-05-28T14:10:31.432,-930,55.0,-0.004885783
multimetro,,,,12.493708599999081,2026-05-28T13:55:01.648,2026-05-28T14:10:31.648,-930,56.0,-0.004855662
multimetro,,,,12.70883909999975,2026-05-28T13:55:01.865,2026-05-28T14:10:31.865,-930,57.0,-0.004871084
multimetro,,,,12.924032999999326,2026-05-28T13:55:02.082,2026-05-28T14:10:32.082,-930,58.0,-0.004888547
multimetro,,,,13.138870300001145,2026-05-28T13:55:02.298,2026-05-28T14:10:32.298,-930,59.0,-0.004832011
balanza,23.0,0.0,,13.147550999998202,2026-05-28T13:55:02.298,2026-05-28T14:10:32.298,-930,,
balanza,24.0,,Error desde Arduino: HX711 not found.,13.170724499999778,2026-05-28T13:55:02.331,2026-05-28T14:10:32.331,-930,,
multimetro,,,,13.354060199999367,2026-05-28T13:55:02.511,2026-05-28T14:10:32.511,-930,60.0,-0.004863587
multimetro,,,,13.569178300000203,2026-05-28T13:55:02.729,2026-05-28T14:10:32.729,-930,61.0,-0.004871408
multimetro,,,,13.78423439999824,2026-05-28T13:55:02.942,2026-05-28T14:10:32.942,-930,62.0,-0.00487279
multimetro,,,,13.999686700000893,2026-05-28T13:55:03.158,2026-05-28T14:10:33.158,-930,63.0,-0.004817897
balanza,25.0,0.0,,14.162195199998678,2026-05-28T13:55:03.315,2026-05-28T14:10:33.315,-930,,
balanza,26.0,,Error desde Arduino: HX711 not found.,14.185487099999591,2026-05-28T13:55:03.342,2026-05-28T14:10:33.342,-930,,
multimetro,,,,14.214688600000954,2026-05-28T13:55:03.375,2026-05-28T14:10:33.375,-930,64.0,-0.004911549
multimetro,,,,14.429929699999775,2026-05-28T13:55:03.582,2026-05-28T14:10:33.582,-930,65.0,-0.004918219
multimetro,,,,14.64518550000139,2026-05-28T13:55:03.798,2026-05-28T14:10:33.798,-930,66.0,-0.004937221
multimetro,,,,14.860278199997992,2026-05-28T13:55:04.015,2026-05-28T14:10:34.015,-930,67.0,-0.004939116
multimetro,,,,15.075235199998133,2026-05-28T13:55:04.232,2026-05-28T14:10:34.232,-930,68.0,-0.004947042
balanza,27.0,0.0,,15.1769080999984,2026-05-28T13:55:04.332,2026-05-28T14:10:34.332,-930,,
balanza,28.0,,Error desde Arduino: HX711 not found.,15.200110400000995,2026-05-28T13:55:04.358,2026-05-28T14:10:34.358,-930,,
multimetro,,,,15.290356900000916,2026-05-28T13:55:04.448,2026-05-28T14:10:34.448,-930,69.0,-0.004894117
multimetro,,,,15.505389599999035,2026-05-28T13:55:04.665,2026-05-28T14:10:34.665,-930,70.0,-0.004884673
multimetro,,,,15.72064219999811,2026-05-28T13:55:04.875,2026-05-28T14:10:34.875,-930,71.0,-0.004872508
multimetro,,,,15.93586839999989,2026-05-28T13:55:05.091,2026-05-28T14:10:35.091,-930,72.0,-0.004947796
multimetro,,,,16.150897200001054,2026-05-28T13:55:05.311,2026-05-28T14:10:35.311,-930,73.0,-0.004962809
balanza,29.0,0.0,,16.191512699999294,2026-05-28T13:55:05.348,2026-05-28T14:10:35.348,-930,,
balanza,30.0,,Error desde Arduino: HX711 not found.,16.21477170000071,2026-05-28T13:55:05.375,2026-05-28T14:10:35.375,-930,,
multimetro,,,,16.36618710000039,2026-05-28T13:55:05.526,2026-05-28T14:10:35.526,-930,74.0,-0.004976399
multimetro,,,,16.581235800000286,2026-05-28T13:55:05.741,2026-05-28T14:10:35.741,-930,75.0,-0.004966003
multimetro,,,,16.79657529999895,2026-05-28T13:55:05.948,2026-05-28T14:10:35.948,-930,76.0,-0.004943032
multimetro,,,,17.011784599999373,2026-05-28T13:55:06.165,2026-05-28T14:10:36.165,-930,77.0,-0.004925935
balanza,31.0,0.0,,17.20606079999925,2026-05-28T13:55:06.365,2026-05-28T14:10:36.365,-930,,
multimetro,,,,17.22691489999852,2026-05-28T13:55:06.382,2026-05-28T14:10:36.382,-930,78.0,-0.004961396
balanza,32.0,,Error desde Arduino: HX711 not found.,17.22929799999838,2026-05-28T13:55:06.382,2026-05-28T14:10:36.382,-930,,
multimetro,,,,17.442197500000475,2026-05-28T13:55:06.599,2026-05-28T14:10:36.599,-930,79.0,-0.004946791
multimetro,,,,17.657492499998625,2026-05-28T13:55:06.815,2026-05-28T14:10:36.815,-930,80.0,-0.004932154
multimetro,,,,17.87269430000015,2026-05-28T13:55:07.032,2026-05-28T14:10:37.032,-930,81.0,-0.004895782
multimetro,,,,18.087798000000475,2026-05-28T13:55:07.248,2026-05-28T14:10:37.248,-930,82.0,-0.004845171
balanza,33.0,0.0,,18.220715100000234,2026-05-28T13:55:07.375,2026-05-28T14:10:37.375,-930,,
balanza,34.0,,Error desde Arduino: HX711 not found.,18.24399220000123,2026-05-28T13:55:07.402,2026-05-28T14:10:37.402,-930,,
multimetro,,,,18.303010899999208,2026-05-28T13:55:07.458,2026-05-28T14:10:37.458,-930,83.0,-0.004807763
multimetro,,,,18.51789009999993,2026-05-28T13:55:07.678,2026-05-28T14:10:37.678,-930,84.0,-0.004915057
multimetro,,,,18.733212799998,2026-05-28T13:55:07.892,2026-05-28T14:10:37.892,-930,85.0,-0.004978807
multimetro,,,,18.948436499998934,2026-05-28T13:55:08.108,2026-05-28T14:10:38.108,-930,86.0,-0.004978116
multimetro,,,,19.163630700000795,2026-05-28T13:55:08.324,2026-05-28T14:10:38.324,-930,87.0,-0.004977205
balanza,35.0,0.0,,19.235343600001215,2026-05-28T13:55:08.392,2026-05-28T14:10:38.392,-930,,
balanza,36.0,,Error desde Arduino: HX711 not found.,19.258493199999066,2026-05-28T13:55:08.418,2026-05-28T14:10:38.418,-930,,
multimetro,,,,19.378716300001543,2026-05-28T13:55:08.532,2026-05-28T14:10:38.532,-930,88.0,-0.004953512
multimetro,,,,19.594031299999187,2026-05-28T13:55:08.752,2026-05-28T14:10:38.752,-930,89.0,-0.004927034
multimetro,,,,19.809152800000447,2026-05-28T13:55:08.968,2026-05-28T14:10:38.968,-930,90.0,-0.004857693
multimetro,,,,20.024199999999837,2026-05-28T13:55:09.184,2026-05-28T14:10:39.184,-930,91.0,-0.004914753
multimetro,,,,20.239330399999744,2026-05-28T13:55:09.399,2026-05-28T14:10:39.399,-930,92.0,-0.004950696
balanza,37.0,0.0,,20.24994499999957,2026-05-28T13:55:09.402,2026-05-28T14:10:39.402,-930,,
balanza,38.0,,Error desde Arduino: HX711 not found.,20.273037200000545,2026-05-28T13:55:09.432,2026-05-28T14:10:39.432,-930,,
multimetro,,,,20.45445319999999,2026-05-28T13:55:09.615,2026-05-28T14:10:39.615,-930,93.0,-0.00499202
multimetro,,,,20.66968310000084,2026-05-28T13:55:09.830,2026-05-28T14:10:39.830,-930,94.0,-0.004916648
multimetro,,,,20.88477090000015,2026-05-28T13:55:10.035,2026-05-28T14:10:40.035,-930,95.0,-0.004941974
multimetro,,,,21.09988610000073,2026-05-28T13:55:10.258,2026-05-28T14:10:40.258,-930,96.0,-0.004926846
balanza,39.0,0.0,,21.264702199998283,2026-05-28T13:55:10.424,2026-05-28T14:10:40.424,-930,,
balanza,40.0,,Error desde Arduino: HX711 not found.,21.287770200000523,2026-05-28T13:55:10.448,2026-05-28T14:10:40.448,-930,,
multimetro,,,,21.3150315999992,2026-05-28T13:55:10.475,2026-05-28T14:10:40.475,-930,97.0,-0.004930374
multimetro,,,,21.530165399999532,2026-05-28T13:55:10.690,2026-05-28T14:10:40.690,-930,98.0,-0.004986188
multimetro,,,,21.745278599999438,2026-05-28T13:55:10.902,2026-05-28T14:10:40.902,-930,99.0,-0.004966097
multimetro,,,,21.960517399998935,2026-05-28T13:55:11.118,2026-05-28T14:10:41.118,-930,100.0,-0.00489707
multimetro,,,,22.17563059999884,2026-05-28T13:55:11.332,2026-05-28T14:10:41.332,-930,101.0,-0.004893049
balanza,41.0,0.0,,22.279421600000205,2026-05-28T13:55:11.435,2026-05-28T14:10:41.435,-930,,
balanza,42.0,,Error desde Arduino: HX711 not found.,22.302485199998046,2026-05-28T13:55:11.458,2026-05-28T14:10:41.458,-930,,
multimetro,,,,22.3908291000007,2026-05-28T13:55:11.548,2026-05-28T14:10:41.548,-930,102.0,-0.0049548
multimetro,,,,22.605905199998233,2026-05-28T13:55:11.765,2026-05-28T14:10:41.765,-930,103.0,-0.004920511
multimetro,,,,22.820954099999653,2026-05-28T13:55:11.975,2026-05-28T14:10:41.975,-930,104.0,-0.004872989
multimetro,,,,23.036125899998297,2026-05-28T13:55:12.194,2026-05-28T14:10:42.194,-930,105.0,-0.004899656
multimetro,,,,23.251010600000882,2026-05-28T13:55:12.408,2026-05-28T14:10:42.408,-930,106.0,-0.004846909
balanza,43.0,0.0,,23.294077200000174,2026-05-28T13:55:12.448,2026-05-28T14:10:42.448,-930,,
balanza,44.0,,Error desde Arduino: HX711 not found.,23.317335399999138,2026-05-28T13:55:12.475,2026-05-28T14:10:42.475,-930,,
multimetro,,,,23.466213299998344,2026-05-28T13:55:12.626,2026-05-28T14:10:42.626,-930,107.0,-0.004831309
multimetro,,,,23.681298399998923,2026-05-28T13:55:12.835,2026-05-28T14:10:42.835,-930,108.0,-0.004841465
multimetro,,,,23.896395399999165,2026-05-28T13:55:13.052,2026-05-28T14:10:43.052,-930,109.0,-0.004855327
multimetro,,,,24.111443400001008,2026-05-28T13:55:13.265,2026-05-28T14:10:43.265,-930,110.0,-0.004808736
balanza,45.0,0.0,,24.30879139999888,2026-05-28T13:55:13.468,2026-05-28T14:10:43.468,-930,,
multimetro,,,,24.32643989999997,2026-05-28T13:55:13.482,2026-05-28T14:10:43.482,-930,111.0,-0.004834973
balanza,46.0,,Error desde Arduino: HX711 not found.,24.331961399999273,2026-05-28T13:55:13.492,2026-05-28T14:10:43.492,-930,,
multimetro,,,,24.541267399999924,2026-05-28T13:55:13.700,2026-05-28T14:10:43.700,-930,112.0,-0.004799219
multimetro,,,,24.756404799998563,2026-05-28T13:55:13.916,2026-05-28T14:10:43.916,-930,113.0,-0.004802946
multimetro,,,,24.971464999998716,2026-05-28T13:55:14.131,2026-05-28T14:10:44.131,-930,114.0,-0.004813291
multimetro,,,,25.186615700000402,2026-05-28T13:55:14.341,2026-05-28T14:10:44.341,-930,115.0,-0.004789964
balanza,47.0,0.0,,25.323524700001144,2026-05-28T13:55:14.482,2026-05-28T14:10:44.482,-930,,
balanza,48.0,,Error desde Arduino: HX711 not found.,25.346606399998564,2026-05-28T13:55:14.505,2026-05-28T14:10:44.505,-930,,
multimetro,,,,25.401768299998366,2026-05-28T13:55:14.562,2026-05-28T14:10:44.562,-930,116.0,-0.004775264
multimetro,,,,25.61698239999896,2026-05-28T13:55:14.777,2026-05-28T14:10:44.777,-930,117.0,-0.004775453
multimetro,,,,25.832142600000225,2026-05-28T13:55:14.991,2026-05-28T14:10:44.991,-930,118.0,-0.004721984
multimetro,,,,26.04729909999878,2026-05-28T13:55:15.207,2026-05-28T14:10:45.207,-930,119.0,-0.004600304
multimetro,,,,26.26247610000064,2026-05-28T13:55:15.422,2026-05-28T14:10:45.422,-930,120.0,-0.004411294
balanza,49.0,0.0,,26.338147899998148,2026-05-28T13:55:15.498,2026-05-28T14:10:45.498,-930,,
balanza,50.0,,Error desde Arduino: HX711 not found.,26.36141140000109,2026-05-28T13:55:15.521,2026-05-28T14:10:45.521,-930,,
multimetro,,,,26.477429999999003,2026-05-28T13:55:15.632,2026-05-28T14:10:45.632,-930,121.0,-0.004364033
multimetro,,,,26.692482099999324,2026-05-28T13:55:15.849,2026-05-28T14:10:45.849,-930,122.0,-0.004288557
multimetro,,,,26.90758249999999,2026-05-28T13:55:16.065,2026-05-28T14:10:46.065,-930,123.0,-0.004263115
multimetro,,,,27.122747999997955,2026-05-28T13:55:16.282,2026-05-28T14:10:46.282,-930,124.0,-0.004215048
multimetro,,,,27.337885500000993,2026-05-28T13:55:16.498,2026-05-28T14:10:46.498,-930,125.0,-0.004241317
balanza,51.0,0.0,,27.35271460000149,2026-05-28T13:55:16.512,2026-05-28T14:10:46.512,-930,,
balanza,52.0,,Error desde Arduino: HX711 not found.,27.375885599998583,2026-05-28T13:55:16.535,2026-05-28T14:10:46.535,-930,,
multimetro,,,,27.55290800000148,2026-05-28T13:55:16.710,2026-05-28T14:10:46.710,-930,126.0,-0.004219132
multimetro,,,,27.768063999999868,2026-05-28T13:55:16.927,2026-05-28T14:10:46.927,-930,127.0,-0.004272695
multimetro,,,,27.98311670000112,2026-05-28T13:55:17.141,2026-05-28T14:10:47.141,-930,128.0,-0.004233643
multimetro,,,,28.198407100000622,2026-05-28T13:55:17.358,2026-05-28T14:10:47.358,-930,129.0,-0.004208798
balanza,53.0,0.0,,28.367450099998678,2026-05-28T13:55:17.527,2026-05-28T14:10:47.527,-930,,
balanza,54.0,,Error desde Arduino: HX711 not found.,28.39067950000026,2026-05-28T13:55:17.548,2026-05-28T14:10:47.548,-930,,
multimetro,,,,28.413595999998506,2026-05-28T13:55:17.565,2026-05-28T14:10:47.565,-930,130.0,-0.004150136
multimetro,,,,28.62877010000011,2026-05-28T13:55:17.782,2026-05-28T14:10:47.782,-930,131.0,-0.004130547
multimetro,,,,28.84382850000111,2026-05-28T13:55:18.000,2026-05-28T14:10:48.000,-930,132.0,-0.004105302
multimetro,,,,29.0589613000011,2026-05-28T13:55:18.219,2026-05-28T14:10:48.219,-930,133.0,-0.004080363
multimetro,,,,29.27399019999939,2026-05-28T13:55:18.434,2026-05-28T14:10:48.434,-930,134.0,-0.004100151
balanza,55.0,0.0,,29.382072899999912,2026-05-28T13:55:18.535,2026-05-28T14:10:48.535,-930,,
balanza,56.0,,Error desde Arduino: HX711 not found.,29.405096499998763,2026-05-28T13:55:18.565,2026-05-28T14:10:48.565,-930,,
multimetro,,,,29.489122599999973,2026-05-28T13:55:18.649,2026-05-28T14:10:48.649,-930,135.0,-0.00414487
multimetro,,,,29.704350899999554,2026-05-28T13:55:18.863,2026-05-28T14:10:48.863,-930,136.0,-0.004145372
multimetro,,,,29.919623199999478,2026-05-28T13:55:19.077,2026-05-28T14:10:49.077,-930,137.0,-0.004102664
multimetro,,,,30.1348141999988,2026-05-28T13:55:19.292,2026-05-28T14:10:49.292,-930,138.0,-0.004047111
multimetro,,,,30.34986779999963,2026-05-28T13:55:19.502,2026-05-28T14:10:49.502,-930,139.0,-0.004015126
balanza,57.0,0.0,,30.396789999998873,2026-05-28T13:55:19.548,2026-05-28T14:10:49.548,-930,,
balanza,58.0,,Error desde Arduino: HX711 not found.,30.4199277000007,2026-05-28T13:55:19.575,2026-05-28T14:10:49.575,-930,,
multimetro,,,,30.565072800000053,2026-05-28T13:55:19.725,2026-05-28T14:10:49.725,-930,140.0,-0.003974231
multimetro,,,,30.780149499998515,2026-05-28T13:55:19.935,2026-05-28T14:10:49.935,-930,141.0,-0.004008415
multimetro,,,,30.995387300001312,2026-05-28T13:55:20.148,2026-05-28T14:10:50.148,-930,142.0,-0.004037123
multimetro,,,,31.210568200000125,2026-05-28T13:55:20.371,2026-05-28T14:10:50.371,-930,143.0,-0.004078374
balanza,59.0,0.0,,31.41149139999834,2026-05-28T13:55:20.571,2026-05-28T14:10:50.571,-930,,
multimetro,,,,31.42568019999817,2026-05-28T13:55:20.586,2026-05-28T14:10:50.586,-930,144.0,-0.004142399
balanza,60.0,,Error desde Arduino: HX711 not found.,31.434750699998403,2026-05-28T13:55:20.586,2026-05-28T14:10:50.586,-930,,
multimetro,,,,31.640685499998654,2026-05-28T13:55:20.801,2026-05-28T14:10:50.801,-930,145.0,-0.00413173
multimetro,,,,31.855828499999916,2026-05-28T13:55:21.016,2026-05-28T14:10:51.016,-930,146.0,-0.004064816
multimetro,,,,32.07096789999923,2026-05-28T13:55:21.231,2026-05-28T14:10:51.231,-930,147.0,-0.004088195
multimetro,,,,32.28603039999871,2026-05-28T13:55:21.441,2026-05-28T14:10:51.441,-930,148.0,-0.004179221
balanza,61.0,0.0,,32.42613100000017,2026-05-28T13:55:21.582,2026-05-28T14:10:51.582,-930,,
balanza,62.0,,Error desde Arduino: HX711 not found.,32.44930739999836,2026-05-28T13:55:21.608,2026-05-28T14:10:51.608,-930,,
multimetro,,,,32.50105740000072,2026-05-28T13:55:21.660,2026-05-28T14:10:51.660,-930,149.0,-0.004245306
multimetro,,,,32.716187699999864,2026-05-28T13:55:21.875,2026-05-28T14:10:51.875,-930,150.0,-0.004161213
multimetro,,,,32.93140629999834,2026-05-28T13:55:22.082,2026-05-28T14:10:52.082,-930,151.0,-0.004073966
multimetro,,,,33.1464605000001,2026-05-28T13:55:22.298,2026-05-28T14:10:52.298,-930,152.0,-0.004078636
multimetro,,,,33.36153740000009,2026-05-28T13:55:22.522,2026-05-28T14:10:52.522,-930,153.0,-0.004068564
balanza,63.0,0.0,,33.44073560000106,2026-05-28T13:55:22.598,2026-05-28T14:10:52.598,-930,,
balanza,64.0,,Error desde Arduino: HX711 not found.,33.463972500001546,2026-05-28T13:55:22.624,2026-05-28T14:10:52.624,-930,,
multimetro,,,,33.57682809999824,2026-05-28T13:55:22.732,2026-05-28T14:10:52.732,-930,154.0,-0.004104727
multimetro,,,,33.79195289999916,2026-05-28T13:55:22.948,2026-05-28T14:10:52.948,-930,155.0,-0.004107689
multimetro,,,,34.007058600000164,2026-05-28T13:55:23.165,2026-05-28T14:10:53.165,-930,156.0,-0.004101177
multimetro,,,,34.22205540000141,2026-05-28T13:55:23.382,2026-05-28T14:10:53.382,-930,157.0,-0.004073705
multimetro,,,,34.43719659999988,2026-05-28T13:55:23.592,2026-05-28T14:10:53.592,-930,158.0,-0.004065601
balanza,65.0,0.0,,34.455402499999764,2026-05-28T13:55:23.615,2026-05-28T14:10:53.615,-930,,
balanza,66.0,,Error desde Arduino: HX711 not found.,34.478413799999544,2026-05-28T13:55:23.632,2026-05-28T14:10:53.632,-930,,
multimetro,,,,34.6523543000003,2026-05-28T13:55:23.808,2026-05-28T14:10:53.808,-930,159.0,-0.004072396
multimetro,,,,34.86751709999953,2026-05-28T13:55:24.027,2026-05-28T14:10:54.027,-930,160.0,-0.004070627
multimetro,,,,35.08261240000138,2026-05-28T13:55:24.241,2026-05-28T14:10:54.241,-930,161.0,-0.004061298
multimetro,,,,35.297743700000865,2026-05-28T13:55:24.448,2026-05-28T14:10:54.448,-930,162.0,-0.004049656
balanza,67.0,0.0,,35.46999430000142,2026-05-28T13:55:24.630,2026-05-28T14:10:54.630,-930,,
balanza,68.0,,Error desde Arduino: HX711 not found.,35.49314039999808,2026-05-28T13:55:24.648,2026-05-28T14:10:54.648,-930,,
multimetro,,,,35.512841200001276,2026-05-28T13:55:24.665,2026-05-28T14:10:54.665,-930,163.0,-0.00404307
multimetro,,,,35.72788869999931,2026-05-28T13:55:24.884,2026-05-28T14:10:54.884,-930,164.0,-0.004072176
multimetro,,,,35.9430457999988,2026-05-28T13:55:25.102,2026-05-28T14:10:55.102,-930,165.0,-0.004267177
multimetro,,,,36.15829289999965,2026-05-28T13:55:25.318,2026-05-28T14:10:55.318,-930,166.0,-0.004327881
multimetro,,,,36.373465299999225,2026-05-28T13:55:25.533,2026-05-28T14:10:55.533,-930,167.0,-0.004303319
balanza,69.0,0.0,,36.48461939999834,2026-05-28T13:55:25.641,2026-05-28T14:10:55.641,-930,,
balanza,70.0,,Error desde Arduino: HX711 not found.,36.50763559999905,2026-05-28T13:55:25.665,2026-05-28T14:10:55.665,-930,,
multimetro,,,,36.58854549999887,2026-05-28T13:55:25.748,2026-05-28T14:10:55.748,-930,168.0,-0.004265083
multimetro,,,,36.803842299999815,2026-05-28T13:55:25.961,2026-05-28T14:10:55.961,-930,169.0,-0.004224607
multimetro,,,,37.01878619999843,2026-05-28T13:55:26.175,2026-05-28T14:10:56.175,-930,170.0,-0.004219194
multimetro,,,,37.23399530000097,2026-05-28T13:55:26.385,2026-05-28T14:10:56.385,-930,171.0,-0.004206442
multimetro,,,,37.44907289999901,2026-05-28T13:55:26.602,2026-05-28T14:10:56.602,-930,172.0,-0.004223728
balanza,71.0,0.0,,37.499257299998135,2026-05-28T13:55:26.658,2026-05-28T14:10:56.658,-930,,
balanza,72.0,,Error desde Arduino: HX711 not found.,37.522345999997924,2026-05-28T13:55:26.682,2026-05-28T14:10:56.682,-930,,
multimetro,,,,37.66425729999901,2026-05-28T13:55:26.823,2026-05-28T14:10:56.823,-930,173.0,-0.004238626
multimetro,,,,37.87931089999984,2026-05-28T13:55:27.035,2026-05-28T14:10:57.035,-930,174.0,-0.004239642
multimetro,,,,38.09447689999797,2026-05-28T13:55:27.248,2026-05-28T14:10:57.248,-930,175.0,-0.00418946
multimetro,,,,38.30941940000048,2026-05-28T13:55:27.465,2026-05-28T14:10:57.465,-930,176.0,-0.004263921
balanza,73.0,0.0,,38.51393180000014,2026-05-28T13:55:27.665,2026-05-28T14:10:57.665,-930,,
multimetro,,,,38.524487300001056,2026-05-28T13:55:27.682,2026-05-28T14:10:57.682,-930,177.0,-0.004381549
balanza,74.0,,Error desde Arduino: HX711 not found.,38.53702189999967,2026-05-28T13:55:27.695,2026-05-28T14:10:57.695,-930,,
multimetro,,,,38.73964210000122,2026-05-28T13:55:27.898,2026-05-28T14:10:57.898,-930,178.0,-0.004415502
multimetro,,,,38.95479949999935,2026-05-28T13:55:28.115,2026-05-28T14:10:58.115,-930,179.0,-0.004429867
multimetro,,,,39.17004729999826,2026-05-28T13:55:28.330,2026-05-28T14:10:58.330,-930,180.0,-0.004460994
multimetro,,,,39.38517959999808,2026-05-28T13:55:28.541,2026-05-28T14:10:58.541,-930,181.0,-0.004406656
balanza,75.0,0.0,,39.52861249999842,2026-05-28T13:55:28.681,2026-05-28T14:10:58.681,-930,,
balanza,76.0,,Error desde Arduino: HX711 not found.,39.551814399997966,2026-05-28T13:55:28.711,2026-05-28T14:10:58.711,-930,,
multimetro,,,,39.60036720000062,2026-05-28T13:55:28.760,2026-05-28T14:10:58.760,-930,182.0,-0.004447132
multimetro,,,,39.81546140000137,2026-05-28T13:55:28.975,2026-05-28T14:10:58.975,-930,183.0,-0.004406467
multimetro,,,,40.03100970000014,2026-05-28T13:55:29.182,2026-05-28T14:10:59.182,-930,184.0,-0.004374063
multimetro,,,,40.24625979999837,2026-05-28T13:55:29.398,2026-05-28T14:10:59.398,-930,185.0,-0.004379047
multimetro,,,,40.46143429999938,2026-05-28T13:55:29.621,2026-05-28T14:10:59.621,-930,186.0,-0.004337304
balanza,77.0,0.0,,40.54332649999924,2026-05-28T13:55:29.701,2026-05-28T14:10:59.701,-930,,
balanza,78.0,,Error desde Arduino: HX711 not found.,40.56650520000039,2026-05-28T13:55:29.726,2026-05-28T14:10:59.726,-930,,
multimetro,,,,40.67645540000012,2026-05-28T13:55:29.832,2026-05-28T14:10:59.832,-930,187.0,-0.004327745
multimetro,,,,40.89167459999953,2026-05-28T13:55:30.048,2026-05-28T14:11:00.048,-930,188.0,-0.004307507
multimetro,,,,41.10689249999996,2026-05-28T13:55:30.265,2026-05-28T14:11:00.265,-930,189.0,-0.004323913
multimetro,,,,41.321852500001114,2026-05-28T13:55:30.482,2026-05-28T14:11:00.482,-930,190.0,-0.0042913
multimetro,,,,41.53699440000128,2026-05-28T13:55:30.692,2026-05-28T14:11:00.692,-930,191.0,-0.004218441
balanza,79.0,0.0,,41.558038499999384,2026-05-28T13:55:30.718,2026-05-28T14:11:00.718,-930,,
balanza,80.0,,Error desde Arduino: HX711 not found.,41.581210600001214,2026-05-28T13:55:30.732,2026-05-28T14:11:00.732,-930,,
multimetro,,,,41.75198839999939,2026-05-28T13:55:30.908,2026-05-28T14:11:00.908,-930,192.0,-0.00419547
multimetro,,,,41.967044900000474,2026-05-28T13:55:31.127,2026-05-28T14:11:01.127,-930,193.0,-0.004312689
multimetro,,,,42.18212670000139,2026-05-28T13:55:31.341,2026-05-28T14:11:01.341,-930,194.0,-0.004412644
multimetro,,,,42.397312400000374,2026-05-28T13:55:31.548,2026-05-28T14:11:01.548,-930,195.0,-0.004417209
balanza,81.0,0.0,,42.57274540000071,2026-05-28T13:55:31.732,2026-05-28T14:11:01.732,-930,,
balanza,82.0,,Error desde Arduino: HX711 not found.,42.59585579999839,2026-05-28T13:55:31.748,2026-05-28T14:11:01.748,-930,,
multimetro,,,,42.61244960000113,2026-05-28T13:55:31.765,2026-05-28T14:11:01.765,-930,196.0,-0.004367677
multimetro,,,,42.82744879999882,2026-05-28T13:55:31.982,2026-05-28T14:11:01.982,-930,197.0,-0.004423501
multimetro,,,,43.04251749999821,2026-05-28T13:55:32.202,2026-05-28T14:11:02.202,-930,198.0,-0.004301529
multimetro,,,,43.25775870000143,2026-05-28T13:55:32.417,2026-05-28T14:11:02.417,-930,199.0,-0.004221801
multimetro,,,,43.47293619999982,2026-05-28T13:55:32.632,2026-05-28T14:11:02.632,-930,200.0,-0.0042962
balanza,83.0,0.0,,43.58754599999884,2026-05-28T13:55:32.745,2026-05-28T14:11:02.745,-930,,
balanza,84.0,,Error desde Arduino: HX711 not found.,43.61088639999798,2026-05-28T13:55:32.765,2026-05-28T14:11:02.765,-930,,
multimetro,,,,43.68783039999835,2026-05-28T13:55:32.848,2026-05-28T14:11:02.848,-930,201.0,-0.004337545
multimetro,,,,43.90302149999843,2026-05-28T13:55:33.061,2026-05-28T14:11:03.061,-930,202.0,-0.004461863
multimetro,,,,44.11799790000077,2026-05-28T13:55:33.278,2026-05-28T14:11:03.278,-930,203.0,-0.004452796
multimetro,,,,44.33319090000077,2026-05-28T13:55:33.485,2026-05-28T14:11:03.485,-930,204.0,-0.004407451
multimetro,,,,44.54824480000025,2026-05-28T13:55:33.702,2026-05-28T14:11:03.702,-930,205.0,-0.004456041
balanza,85.0,0.0,,44.60223179999957,2026-05-28T13:55:33.760,2026-05-28T14:11:03.760,-930,,
balanza,86.0,,Error desde Arduino: HX711 not found.,44.6254900999993,2026-05-28T13:55:33.782,2026-05-28T14:11:03.782,-930,,
multimetro,,,,44.76347159999932,2026-05-28T13:55:33.923,2026-05-28T14:11:03.923,-930,206.0,-0.004507657
multimetro,,,,44.978436900000816,2026-05-28T13:55:34.138,2026-05-28T14:11:04.138,-930,207.0,-0.00446605
multimetro,,,,45.193695499998285,2026-05-28T13:55:34.352,2026-05-28T14:11:04.352,-930,208.0,-0.004398217
multimetro,,,,45.408974099998886,2026-05-28T13:55:34.565,2026-05-28T14:11:04.565,-930,209.0,-0.004332435
balanza,87.0,0.0,,45.61690939999971,2026-05-28T13:55:34.776,2026-05-28T14:11:04.776,-930,,
multimetro,,,,45.62398309999844,2026-05-28T13:55:34.784,2026-05-28T14:11:04.784,-930,210.0,-0.004330352
balanza,88.0,,Error desde Arduino: HX711 not found.,45.63996659999975,2026-05-28T13:55:34.800,2026-05-28T14:11:04.800,-930,,
multimetro,,,,45.839060499998595,2026-05-28T13:55:34.998,2026-05-28T14:11:04.998,-930,211.0,-0.004420706
multimetro,,,,46.054206100001466,2026-05-28T13:55:35.211,2026-05-28T14:11:05.211,-930,212.0,-0.004496235
multimetro,,,,46.26954889999979,2026-05-28T13:55:35.429,2026-05-28T14:11:05.429,-930,213.0,-0.004544647
multimetro,,,,46.48453449999943,2026-05-28T13:55:35.641,2026-05-28T14:11:05.641,-930,214.0,-0.004497261
balanza,89.0,0.0,,46.63171059999877,2026-05-28T13:55:35.792,2026-05-28T14:11:05.792,-930,,
balanza,90.0,,Error desde Arduino: HX711 not found.,46.654970600000524,2026-05-28T13:55:35.815,2026-05-28T14:11:05.815,-930,,
multimetro,,,,46.69970219999959,2026-05-28T13:55:35.858,2026-05-28T14:11:05.858,-930,215.0,-0.004396406
multimetro,,,,46.91464989999804,2026-05-28T13:55:36.065,2026-05-28T14:11:06.065,-930,216.0,-0.004424967
multimetro,,,,47.1298526999999,2026-05-28T13:55:36.281,2026-05-28T14:11:06.281,-930,217.0,-0.004442043
multimetro,,,,47.344840300000214,2026-05-28T13:55:36.498,2026-05-28T14:11:06.498,-930,218.0,-0.004560477
multimetro,,,,47.55996750000122,2026-05-28T13:55:36.720,2026-05-28T14:11:06.720,-930,219.0,-0.004496078
balanza,91.0,0.0,,47.64641230000052,2026-05-28T13:55:36.798,2026-05-28T14:11:06.798,-930,,
balanza,92.0,,Error desde Arduino: HX711 not found.,47.669722399998136,2026-05-28T13:55:36.830,2026-05-28T14:11:06.830,-930,,
multimetro,,,,47.7749917000001,2026-05-28T13:55:36.932,2026-05-28T14:11:06.932,-930,220.0,-0.004551232
multimetro,,,,47.990321199999016,2026-05-28T13:55:37.148,2026-05-28T14:11:07.148,-930,221.0,-0.004513227
multimetro,,,,48.20519499999864,2026-05-28T13:55:37.365,2026-05-28T14:11:07.365,-930,222.0,-0.004596933
multimetro,,,,48.420363199998974,2026-05-28T13:55:37.575,2026-05-28T14:11:07.575,-930,223.0,-0.004663835
multimetro,,,,48.635743800001364,2026-05-28T13:55:37.795,2026-05-28T14:11:07.795,-930,224.0,-0.004646602
balanza,93.0,0.0,,48.66102899999896,2026-05-28T13:55:37.821,2026-05-28T14:11:07.821,-930,,
balanza,94.0,0.0,,48.67205599999943,2026-05-28T13:55:37.832,2026-05-28T14:11:07.832,-930,,
balanza,95.0,,Error desde Arduino: HX711 not found.,48.69529429999966,2026-05-28T13:55:37.848,2026-05-28T14:11:07.848,-930,,
multimetro,,,,48.8508350000011,2026-05-28T13:55:38.002,2026-05-28T14:11:08.002,-930,225.0,-0.004535852
multimetro,,,,49.065877199998795,2026-05-28T13:55:38.226,2026-05-28T14:11:08.226,-930,226.0,-0.004549212
multimetro,,,,49.28095359999861,2026-05-28T13:55:38.432,2026-05-28T14:11:08.432,-930,227.0,-0.004612763
multimetro,,,,49.496167599998444,2026-05-28T13:55:38.649,2026-05-28T14:11:08.649,-930,228.0,-0.004662474
balanza,96.0,0.0,,49.68662190000032,2026-05-28T13:55:38.841,2026-05-28T14:11:08.841,-930,,
balanza,97.0,,Error desde Arduino: HX711 not found.,49.70974170000045,2026-05-28T13:55:38.866,2026-05-28T14:11:08.866,-930,,
multimetro,,,,49.711220799999865,2026-05-28T13:55:38.866,2026-05-28T14:11:08.866,-930,229.0,-0.004677121
multimetro,,,,49.92612549999831,2026-05-28T13:55:39.086,2026-05-28T14:11:09.086,-930,230.0,-0.004605947
multimetro,,,,50.14097050000055,2026-05-28T13:55:39.298,2026-05-28T14:11:09.298,-930,231.0,-0.004650402
multimetro,,,,50.35610470000029,2026-05-28T13:55:39.516,2026-05-28T14:11:09.516,-930,232.0,-0.004779944
multimetro,,,,50.57108650000009,2026-05-28T13:55:39.731,2026-05-28T14:11:09.731,-930,233.0,-0.004855913
balanza,98.0,0.0,,50.70137389999945,2026-05-28T13:55:39.858,2026-05-28T14:11:09.858,-930,,
balanza,99.0,,Error desde Arduino: HX711 not found.,50.72469310000088,2026-05-28T13:55:39.882,2026-05-28T14:11:09.882,-930,,
multimetro,,,,50.78643640000155,2026-05-28T13:55:39.945,2026-05-28T14:11:09.945,-930,234.0,-0.004911487
multimetro,,,,51.00136710000152,2026-05-28T13:55:40.158,2026-05-28T14:11:10.158,-930,235.0,-0.004987654
multimetro,,,,51.21653239999796,2026-05-28T13:55:40.375,2026-05-28T14:11:10.375,-930,236.0,-0.005016875
multimetro,,,,51.431858699997974,2026-05-28T13:55:40.592,2026-05-28T14:11:10.592,-930,237.0,-0.005062775
multimetro,,,,51.6469900000011,2026-05-28T13:55:40.800,2026-05-28T14:11:10.800,-930,238.0,-0.005109836
balanza,100.0,0.0,,51.71599129999959,2026-05-28T13:55:40.869,2026-05-28T14:11:10.869,-930,,
balanza,101.0,,Error desde Arduino: HX711 not found.,51.73918010000125,2026-05-28T13:55:40.898,2026-05-28T14:11:10.898,-930,,
multimetro,,,,51.86215309999898,2026-05-28T13:55:41.022,2026-05-28T14:11:11.022,-930,239.0,-0.005097356
multimetro,,,,52.0770984999981,2026-05-28T13:55:41.232,2026-05-28T14:11:11.232,-930,240.0,-0.005075799
multimetro,,,,52.29234709999946,2026-05-28T13:55:41.448,2026-05-28T14:11:11.448,-930,241.0,-0.005065957
multimetro,,,,52.507301599998755,2026-05-28T13:55:41.665,2026-05-28T14:11:11.665,-930,242.0,-0.00510123
multimetro,,,,52.72248330000002,2026-05-28T13:55:41.882,2026-05-28T14:11:11.882,-930,243.0,-0.005156249
balanza,102.0,0.0,,52.73062220000065,2026-05-28T13:55:41.882,2026-05-28T14:11:11.882,-930,,
balanza,103.0,,Error desde Arduino: HX711 not found.,52.753780899998674,2026-05-28T13:55:41.914,2026-05-28T14:11:11.914,-930,,
multimetro,,,,52.93758109999908,2026-05-28T13:55:42.091,2026-05-28T14:11:12.091,-930,244.0,-0.005194148
multimetro,,,,53.15282640000078,2026-05-28T13:55:42.308,2026-05-28T14:11:12.308,-930,245.0,-0.005160478
multimetro,,,,53.367746899999474,2026-05-28T13:55:42.528,2026-05-28T14:11:12.528,-930,246.0,-0.005112276
multimetro,,,,53.58298989999821,2026-05-28T13:55:42.741,2026-05-28T14:11:12.741,-930,247.0,-0.005102602
balanza,104.0,0.0,,53.745195100000274,2026-05-28T13:55:42.898,2026-05-28T14:11:12.898,-930,,
balanza,105.0,,Error desde Arduino: HX711 not found.,53.7683775000005,2026-05-28T13:55:42.928,2026-05-28T14:11:12.928,-930,,
multimetro,,,,53.798132399999304,2026-05-28T13:55:42.958,2026-05-28T14:11:12.958,-930,248.0,-0.005106632
multimetro,,,,54.01318309999988,2026-05-28T13:55:43.171,2026-05-28T14:11:13.171,-930,249.0,-0.005097911
multimetro,,,,54.228563900000154,2026-05-28T13:55:43.382,2026-05-28T14:11:13.382,-930,250.0,-0.005103303
multimetro,,,,54.443530000000464,2026-05-28T13:55:43.598,2026-05-28T14:11:13.598,-930,251.0,-0.005129676
multimetro,,,,54.65871419999894,2026-05-28T13:55:43.819,2026-05-28T14:11:13.819,-930,252.0,-0.005161421
balanza,106.0,0.0,,54.75981949999914,2026-05-28T13:55:43.920,2026-05-28T14:11:13.920,-930,,
balanza,107.0,,Error desde Arduino: HX711 not found.,54.78295739999885,2026-05-28T13:55:43.941,2026-05-28T14:11:13.941,-930,,
multimetro,,,,54.8738216999991,2026-05-28T13:55:44.032,2026-05-28T14:11:14.032,-930,253.0,-0.005158657
multimetro,,,,55.08889519999866,2026-05-28T13:55:44.248,2026-05-28T14:11:14.248,-930,254.0,-0.005134587
multimetro,,,,55.30389500000092,2026-05-28T13:55:44.458,2026-05-28T14:11:14.458,-930,255.0,-0.005136775
multimetro,,,,55.51897699999972,2026-05-28T13:55:44.679,2026-05-28T14:11:14.679,-930,256.0,-0.005138754
multimetro,,,,55.734028599999874,2026-05-28T13:55:44.892,2026-05-28T14:11:14.892,-930,257.0,-0.005133655
balanza,108.0,0.0,,55.77450529999987,2026-05-28T13:55:44.934,2026-05-28T14:11:14.934,-930,,
balanza,109.0,,Error desde Arduino: HX711 not found.,55.79774779999934,2026-05-28T13:55:44.948,2026-05-28T14:11:14.948,-930,,
multimetro,,,,55.94891899999857,2026-05-28T13:55:45.108,2026-05-28T14:11:15.108,-930,258.0,-0.005141978
multimetro,,,,56.16403699999864,2026-05-28T13:55:45.324,2026-05-28T14:11:15.324,-930,259.0,-0.005160499
multimetro,,,,56.37930309999865,2026-05-28T13:55:45.535,2026-05-28T14:11:15.535,-930,260.0,-0.005174906
multimetro,,,,56.59432089999973,2026-05-28T13:55:45.754,2026-05-28T14:11:15.754,-930,261.0,-0.005191206
balanza,110.0,0.0,,56.789059499998984,2026-05-28T13:55:45.948,2026-05-28T14:11:15.948,-930,,
multimetro,,,,56.8094491999982,2026-05-28T13:55:45.968,2026-05-28T14:11:15.968,-930,262.0,-0.005195185
balanza,111.0,,Error desde Arduino: HX711 not found.,56.8123334999982,2026-05-28T13:55:45.968,2026-05-28T14:11:15.968,-930,,
multimetro,,,,57.02500069999951,2026-05-28T13:55:46.185,2026-05-28T14:11:16.185,-930,263.0,-0.005196483
multimetro,,,,57.240105900000344,2026-05-28T13:55:46.399,2026-05-28T14:11:16.399,-930,264.0,-0.005188515
multimetro,,,,57.45516029999999,2026-05-28T13:55:46.614,2026-05-28T14:11:16.614,-930,265.0,-0.00518907
multimetro,,,,57.67030180000074,2026-05-28T13:55:46.830,2026-05-28T14:11:16.830,-930,266.0,-0.005177052
balanza,112.0,0.0,,57.80368649999946,2026-05-28T13:55:46.958,2026-05-28T14:11:16.958,-930,,
balanza,113.0,,Error desde Arduino: HX711 not found.,57.826890000000276,2026-05-28T13:55:46.982,2026-05-28T14:11:16.982,-930,,
multimetro,,,,57.885428699999466,2026-05-28T13:55:47.045,2026-05-28T14:11:17.045,-930,267.0,-0.005182317
multimetro,,,,58.1005382000003,2026-05-28T13:55:47.258,2026-05-28T14:11:17.258,-930,268.0,-0.005164111
multimetro,,,,58.3157824000009,2026-05-28T13:55:47.475,2026-05-28T14:11:17.475,-930,269.0,-0.005124724
multimetro,,,,58.53096920000098,2026-05-28T13:55:47.690,2026-05-28T14:11:17.690,-930,270.0,-0.005022456
multimetro,,,,58.746069500000885,2026-05-28T13:55:47.898,2026-05-28T14:11:17.898,-930,271.0,-0.004969855
balanza,114.0,0.0,,58.81831880000027,2026-05-28T13:55:47.975,2026-05-28T14:11:17.975,-930,,
balanza,115.0,,Error desde Arduino: HX711 not found.,58.84132089999912,2026-05-28T13:55:48.001,2026-05-28T14:11:18.001,-930,,
multimetro,,,,58.96125050000046,2026-05-28T13:55:48.121,2026-05-28T14:11:18.121,-930,272.0,-0.004849652
multimetro,,,,59.17641830000139,2026-05-28T13:55:48.332,2026-05-28T14:11:18.332,-930,273.0,-0.004771035
multimetro,,,,59.39150549999977,2026-05-28T13:55:48.548,2026-05-28T14:11:18.548,-930,274.0,-0.004648256
multimetro,,,,59.606454900000244,2026-05-28T13:55:48.766,2026-05-28T14:11:18.766,-930,275.0,-0.004539977
multimetro,,,,59.82164869999906,2026-05-28T13:55:48.982,2026-05-28T14:11:18.982,-930,276.0,-0.004496235
balanza,116.0,0.0,,59.832841200000985,2026-05-28T13:55:48.992,2026-05-28T14:11:18.992,-930,,
balanza,117.0,,Error desde Arduino: HX711 not found.,59.85607059999893,2026-05-28T13:55:49.016,2026-05-28T14:11:19.016,-930,,
multimetro,,,,60.03674210000099,2026-05-28T13:55:49.192,2026-05-28T14:11:19.192,-930,277.0,-0.004519865
multimetro,,,,60.25183729999844,2026-05-28T13:55:49.412,2026-05-28T14:11:19.412,-930,278.0,-0.004495073
multimetro,,,,60.466947699998855,2026-05-28T13:55:49.626,2026-05-28T14:11:19.626,-930,279.0,-0.004442253
multimetro,,,,60.68202259999816,2026-05-28T13:55:49.841,2026-05-28T14:11:19.841,-930,280.0,-0.004408509
balanza,118.0,0.0,,60.84753070000079,2026-05-28T13:55:50.001,2026-05-28T14:11:20.001,-930,,
balanza,119.0,,Error desde Arduino: HX711 not found.,60.8706706999983,2026-05-28T13:55:50.030,2026-05-28T14:11:20.030,-930,,
multimetro,,,,60.8971821999985,2026-05-28T13:55:50.048,2026-05-28T14:11:20.048,-930,281.0,-0.004545568
multimetro,,,,61.11210560000109,2026-05-28T13:55:50.265,2026-05-28T14:11:20.265,-930,282.0,-0.004749729
multimetro,,,,61.32733350000126,2026-05-28T13:55:50.482,2026-05-28T14:11:20.482,-930,283.0,-0.004960234
multimetro,,,,61.54223020000063,2026-05-28T13:55:50.702,2026-05-28T14:11:20.702,-930,284.0,-0.005094739
multimetro,,,,61.75747240000055,2026-05-28T13:55:50.918,2026-05-28T14:11:20.918,-930,285.0,-0.005166415
balanza,120.0,0.0,,61.86226629999874,2026-05-28T13:55:51.022,2026-05-28T14:11:21.022,-930,,
balanza,121.0,,Error desde Arduino: HX711 not found.,61.88530619999801,2026-05-28T13:55:51.041,2026-05-28T14:11:21.041,-930,,
multimetro,,,,61.97250279999935,2026-05-28T13:55:51.132,2026-05-28T14:11:21.132,-930,286.0,-0.005214585
multimetro,,,,62.18766360000154,2026-05-28T13:55:51.348,2026-05-28T14:11:21.348,-930,287.0,-0.005247889
multimetro,,,,62.402667199999996,2026-05-28T13:55:51.558,2026-05-28T14:11:21.558,-930,288.0,-0.005266431
multimetro,,,,62.61790330000076,2026-05-28T13:55:51.775,2026-05-28T14:11:21.775,-930,289.0,-0.005268033
multimetro,,,,62.83274049999818,2026-05-28T13:55:51.992,2026-05-28T14:11:21.992,-930,290.0,-0.005268756
balanza,122.0,0.0,,62.87694890000057,2026-05-28T13:55:52.032,2026-05-28T14:11:22.032,-930,,
balanza,123.0,,Error desde Arduino: HX711 not found.,62.900075699999434,2026-05-28T13:55:52.052,2026-05-28T14:11:22.052,-930,,
multimetro,,,,63.04791000000114,2026-05-28T13:55:52.200,2026-05-28T14:11:22.200,-930,291.0,-0.005271143
multimetro,,,,63.262893399998575,2026-05-28T13:55:52.423,2026-05-28T14:11:22.423,-930,292.0,-0.005269447
multimetro,,,,63.47795039999983,2026-05-28T13:55:52.632,2026-05-28T14:11:22.632,-930,293.0,-0.005258401
multimetro,,,,63.69287369999802,2026-05-28T13:55:52.848,2026-05-28T14:11:22.848,-930,294.0,-0.005147108
balanza,124.0,0.0,,63.89165259999936,2026-05-28T13:55:53.048,2026-05-28T14:11:23.048,-930,,
multimetro,,,,63.90806299999895,2026-05-28T13:55:53.065,2026-05-28T14:11:23.065,-930,295.0,-0.004969039
balanza,125.0,,Error desde Arduino: HX711 not found.,63.91480529999899,2026-05-28T13:55:53.075,2026-05-28T14:11:23.075,-930,,
multimetro,,,,64.12316759999885,2026-05-28T13:55:53.282,2026-05-28T14:11:23.282,-930,296.0,-0.004780604
multimetro,,,,64.33828480000011,2026-05-28T13:55:53.498,2026-05-28T14:11:23.498,-930,297.0,-0.00462941
multimetro,,,,64.55335149999883,2026-05-28T13:55:53.710,2026-05-28T14:11:23.710,-930,298.0,-0.004530052
multimetro,,,,64.76852370000051,2026-05-28T13:55:53.928,2026-05-28T14:11:23.928,-930,299.0,-0.00445623
balanza,126.0,0.0,,64.906406099999,2026-05-28T13:55:54.065,2026-05-28T14:11:24.065,-930,,
balanza,127.0,,Error desde Arduino: HX711 not found.,64.92971129999933,2026-05-28T13:55:54.082,2026-05-28T14:11:24.082,-930,,
multimetro,,,,64.98362300000008,2026-05-28T13:55:54.141,2026-05-28T14:11:24.141,-930,300.0,-0.00440876
multimetro,,,,65.19865660000141,2026-05-28T13:55:54.358,2026-05-28T14:11:24.358,-930,301.0,-0.004370723
multimetro,,,,65.41394230000151,2026-05-28T13:55:54.567,2026-05-28T14:11:24.567,-930,302.0,-0.004333796
multimetro,,,,65.6289128999997,2026-05-28T13:55:54.785,2026-05-28T14:11:24.785,-930,303.0,-0.004298492
multimetro,,,,65.8440655000013,2026-05-28T13:55:55.002,2026-05-28T14:11:25.002,-930,304.0,-0.00426902
balanza,128.0,0.0,,65.92114940000101,2026-05-28T13:55:55.081,2026-05-28T14:11:25.081,-930,,
balanza,129.0,,Error desde Arduino: HX711 not found.,65.94440000000031,2026-05-28T13:55:55.102,2026-05-28T14:11:25.102,-930,,
multimetro,,,,66.05909959999917,2026-05-28T13:55:55.219,2026-05-28T14:11:25.219,-930,305.0,-0.004249305
multimetro,,,,66.27415169999949,2026-05-28T13:55:55.434,2026-05-28T14:11:25.434,-930,306.0,-0.004234417
multimetro,,,,66.48926660000143,2026-05-28T13:55:55.648,2026-05-28T14:11:25.648,-930,307.0,-0.004224031
multimetro,,,,66.70425780000005,2026-05-28T13:55:55.861,2026-05-28T14:11:25.861,-930,308.0,-0.004212546
multimetro,,,,66.91943850000098,2026-05-28T13:55:56.075,2026-05-28T14:11:26.075,-930,309.0,-0.004204149
balanza,130.0,0.0,,66.93575649999912,2026-05-28T13:55:56.095,2026-05-28T14:11:26.095,-930,,
balanza,131.0,,Error desde Arduino: HX711 not found.,66.95892370000001,2026-05-28T13:55:56.119,2026-05-28T14:11:26.119,-930,,
multimetro,,,,67.13439339999968,2026-05-28T13:55:56.285,2026-05-28T14:11:26.285,-930,310.0,-0.004195952
multimetro,,,,67.34957439999926,2026-05-28T13:55:56.506,2026-05-28T14:11:26.506,-930,311.0,-0.0041919
multimetro,,,,67.56480179999926,2026-05-28T13:55:56.724,2026-05-28T14:11:26.724,-930,312.0,-0.004188371
multimetro,,,,67.77987949999806,2026-05-28T13:55:56.935,2026-05-28T14:11:26.935,-930,313.0,-0.004182613
balanza,132.0,0.0,,67.95036940000136,2026-05-28T13:55:57.108,2026-05-28T14:11:27.108,-930,,
balanza,133.0,,Error desde Arduino: HX711 not found.,67.97358510000049,2026-05-28T13:55:57.132,2026-05-28T14:11:27.132,-930,,
multimetro,,,,67.99476909999794,2026-05-28T13:55:57.155,2026-05-28T14:11:27.155,-930,314.0,-0.004175043
multimetro,,,,68.21012200000041,2026-05-28T13:55:57.368,2026-05-28T14:11:27.368,-930,315.0,-0.004168908
multimetro,,,,68.424985499998,2026-05-28T13:55:57.582,2026-05-28T14:11:27.582,-930,316.0,-0.00416895
multimetro,,,,68.6402421999992,2026-05-28T13:55:57.798,2026-05-28T14:11:27.798,-930,317.0,-0.004168018
multimetro,,,,68.85523770000145,2026-05-28T13:55:58.015,2026-05-28T14:11:28.015,-930,318.0,-0.004166846
balanza,134.0,0.0,,68.96504690000074,2026-05-28T13:55:58.125,2026-05-28T14:11:28.125,-930,,
balanza,135.0,,Error desde Arduino: HX711 not found.,68.98810659999799,2026-05-28T13:55:58.148,2026-05-28T14:11:28.148,-930,,
multimetro,,,,69.07039889999942,2026-05-28T13:55:58.231,2026-05-28T14:11:28.231,-930,319.0,-0.00416984
multimetro,,,,69.28549059999932,2026-05-28T13:55:58.441,2026-05-28T14:11:28.441,-930,320.0,-0.004177326
multimetro,,,,69.50044169999819,2026-05-28T13:55:58.658,2026-05-28T14:11:28.658,-930,321.0,-0.004176865
multimetro,,,,69.71558259999802,2026-05-28T13:55:58.875,2026-05-28T14:11:28.875,-930,322.0,-0.004172761
multimetro,,,,69.93061260000104,2026-05-28T13:55:59.082,2026-05-28T14:11:29.082,-930,323.0,-0.004160951
balanza,136.0,0.0,,69.97966630000155,2026-05-28T13:55:59.137,2026-05-28T14:11:29.137,-930,,
balanza,137.0,,Error desde Arduino: HX711 not found.,70.00278569999864,2026-05-28T13:55:59.161,2026-05-28T14:11:29.161,-930,,
multimetro,,,,70.14584439999817,2026-05-28T13:55:59.298,2026-05-28T14:11:29.298,-930,324.0,-0.004148157
multimetro,,,,70.36093709999841,2026-05-28T13:55:59.520,2026-05-28T14:11:29.520,-930,325.0,-0.004133688
multimetro,,,,70.57608609999807,2026-05-28T13:55:59.732,2026-05-28T14:11:29.732,-930,326.0,-0.004119772
multimetro,,,,70.7909639999998,2026-05-28T13:55:59.948,2026-05-28T14:11:29.948,-930,327.0,-0.004109564
balanza,138.0,0.0,,70.99429719999898,2026-05-28T13:56:00.148,2026-05-28T14:11:30.148,-930,,
multimetro,,,,71.00622459999795,2026-05-28T13:56:00.165,2026-05-28T14:11:30.165,-930,328.0,-0.004100057
balanza,139.0,,Error desde Arduino: HX711 not found.,71.01745369999844,2026-05-28T13:56:00.178,2026-05-28T14:11:30.178,-930,,
multimetro,,,,71.22113900000113,2026-05-28T13:56:00.381,2026-05-28T14:11:30.381,-930,329.0,-0.004093911
multimetro,,,,71.43626539999968,2026-05-28T13:56:00.592,2026-05-28T14:11:30.592,-930,330.0,-0.004088341
multimetro,,,,71.65127619999839,2026-05-28T13:56:00.808,2026-05-28T14:11:30.808,-930,331.0,-0.004083033
multimetro,,,,71.86634269999922,2026-05-28T13:56:01.026,2026-05-28T14:11:31.026,-930,332.0,-0.004080918
balanza,140.0,0.0,,72.00898189999862,2026-05-28T13:56:01.165,2026-05-28T14:11:31.165,-930,,
balanza,141.0,,Error desde Arduino: HX711 not found.,72.03201600000102,2026-05-28T13:56:01.185,2026-05-28T14:11:31.185,-930,,
multimetro,,,,72.08144990000073,2026-05-28T13:56:01.241,2026-05-28T14:11:31.241,-930,333.0,-0.004082175
multimetro,,,,72.29648610000004,2026-05-28T13:56:01.448,2026-05-28T14:11:31.448,-930,334.0,-0.004083284
multimetro,,,,72.51165599999877,2026-05-28T13:56:01.665,2026-05-28T14:11:31.665,-930,335.0,-0.004084614
multimetro,,,,72.72657550000076,2026-05-28T13:56:01.882,2026-05-28T14:11:31.882,-930,336.0,-0.004087839
multimetro,,,,72.9418227999995,2026-05-28T13:56:02.098,2026-05-28T14:11:32.098,-930,337.0,-0.004089022
balanza,142.0,0.0,,73.02373129999978,2026-05-28T13:56:02.182,2026-05-28T14:11:32.182,-930,,
balanza,143.0,,Error desde Arduino: HX711 not found.,73.0470580000001,2026-05-28T13:56:02.201,2026-05-28T14:11:32.201,-930,,
multimetro,,,,73.15700519999882,2026-05-28T13:56:02.317,2026-05-28T14:11:32.317,-930,338.0,-0.004087556
multimetro,,,,73.3719960999988,2026-05-28T13:56:02.532,2026-05-28T14:11:32.532,-930,339.0,-0.004085483
multimetro,,,,73.58710860000065,2026-05-28T13:56:02.741,2026-05-28T14:11:32.741,-930,340.0,-0.004084803
multimetro,,,,73.80234689999997,2026-05-28T13:56:02.962,2026-05-28T14:11:32.962,-930,341.0,-0.004084803
multimetro,,,,74.01723430000129,2026-05-28T13:56:03.175,2026-05-28T14:11:33.175,-930,342.0,-0.004085609
balanza,144.0,0.0,,74.03825399999914,2026-05-28T13:56:03.198,2026-05-28T14:11:33.198,-930,,
balanza,145.0,,Error desde Arduino: HX711 not found.,74.06137269999817,2026-05-28T13:56:03.221,2026-05-28T14:11:33.221,-930,,
multimetro,,,,74.23240739999892,2026-05-28T13:56:03.391,2026-05-28T14:11:33.391,-930,343.0,-0.004087148
multimetro,,,,74.44745599999806,2026-05-28T13:56:03.598,2026-05-28T14:11:33.598,-930,344.0,-0.004088603
multimetro,,,,74.66259509999873,2026-05-28T13:56:03.823,2026-05-28T14:11:33.823,-930,345.0,-0.00409165
multimetro,,,,74.87769439999829,2026-05-28T13:56:04.037,2026-05-28T14:11:34.037,-930,346.0,-0.004093943
balanza,146.0,0.0,,75.05293209999945,2026-05-28T13:56:04.210,2026-05-28T14:11:34.210,-930,,
balanza,147.0,,Error desde Arduino: HX711 not found.,75.07606680000026,2026-05-28T13:56:04.235,2026-05-28T14:11:34.235,-930,,
multimetro,,,,75.09288019999804,2026-05-28T13:56:04.248,2026-05-28T14:11:34.248,-930,347.0,-0.004096623
multimetro,,,,75.3080340000015,2026-05-28T13:56:04.465,2026-05-28T14:11:34.465,-930,348.0,-0.004099816
multimetro,,,,75.52311299999928,2026-05-28T13:56:04.683,2026-05-28T14:11:34.683,-930,349.0,-0.004104119
multimetro,,,,75.73817419999978,2026-05-28T13:56:04.898,2026-05-28T14:11:34.898,-930,350.0,-0.004109564
multimetro,,,,75.95347889999903,2026-05-28T13:56:05.111,2026-05-28T14:11:35.111,-930,351.0,-0.004113406
balanza,148.0,0.0,,76.0676108000007,2026-05-28T13:56:05.228,2026-05-28T14:11:35.228,-930,,
balanza,149.0,,Error desde Arduino: HX711 not found.,76.09084269999948,2026-05-28T13:56:05.248,2026-05-28T14:11:35.248,-930,,
multimetro,,,,76.16860530000122,2026-05-28T13:56:05.329,2026-05-28T14:11:35.329,-930,352.0,-0.004116212
multimetro,,,,76.38369419999799,2026-05-28T13:56:05.540,2026-05-28T14:11:35.540,-930,353.0,-0.004119353
multimetro,,,,76.59879999999976,2026-05-28T13:56:05.758,2026-05-28T14:11:35.758,-930,354.0,-0.004123405
multimetro,,,,76.81380759999956,2026-05-28T13:56:05.967,2026-05-28T14:11:35.967,-930,355.0,-0.004129029
multimetro,,,,77.02897329999905,2026-05-28T13:56:06.183,2026-05-28T14:11:36.183,-930,356.0,-0.004134442
balanza,150.0,0.0,,77.08218689999921,2026-05-28T13:56:06.234,2026-05-28T14:11:36.234,-930,,
balanza,151.0,,Error desde Arduino: HX711 not found.,77.10532880000028,2026-05-28T13:56:06.265,2026-05-28T14:11:36.265,-930,,
multimetro,,,,77.24419050000142,2026-05-28T13:56:06.403,2026-05-28T14:11:36.403,-930,357.0,-0.004138033
multimetro,,,,77.4593348999988,2026-05-28T13:56:06.619,2026-05-28T14:11:36.619,-930,358.0,-0.004141812
multimetro,,,,77.6744131000014,2026-05-28T13:56:06.832,2026-05-28T14:11:36.832,-930,359.0,-0.004148932
multimetro,,,,77.88953949999996,2026-05-28T13:56:07.048,2026-05-28T14:11:37.048,-930,360.0,-0.00415826
balanza,152.0,0.0,,78.09693939999852,2026-05-28T13:56:07.252,2026-05-28T14:11:37.252,-930,,
multimetro,,,,78.1046486999985,2026-05-28T13:56:07.264,2026-05-28T14:11:37.264,-930,361.0,-0.004164731
balanza,153.0,,Error desde Arduino: HX711 not found.,78.12008079999941,2026-05-28T13:56:07.279,2026-05-28T14:11:37.279,-930,,
multimetro,,,,78.31979000000138,2026-05-28T13:56:07.478,2026-05-28T14:11:37.478,-930,362.0,-0.004170248
multimetro,,,,78.53491610000128,2026-05-28T13:56:07.694,2026-05-28T14:11:37.694,-930,363.0,-0.004174216
multimetro,,,,78.75016599999799,2026-05-28T13:56:07.902,2026-05-28T14:11:37.902,-930,364.0,-0.004178415
multimetro,,,,78.96540729999833,2026-05-28T13:56:08.126,2026-05-28T14:11:38.126,-930,365.0,-0.004182268
balanza,154.0,0.0,,79.11165899999833,2026-05-28T13:56:08.265,2026-05-28T14:11:38.265,-930,,
balanza,155.0,,Error desde Arduino: HX711 not found.,79.13477860000057,2026-05-28T13:56:08.291,2026-05-28T14:11:38.291,-930,,
multimetro,,,,79.18034350000016,2026-05-28T13:56:08.331,2026-05-28T14:11:38.331,-930,366.0,-0.004185545
multimetro,,,,79.3954636999988,2026-05-28T13:56:08.548,2026-05-28T14:11:38.548,-930,367.0,-0.004188853
multimetro,,,,79.61074000000008,2026-05-28T13:56:08.771,2026-05-28T14:11:38.771,-930,368.0,-0.004192821
multimetro,,,,79.82586219999939,2026-05-28T13:56:08.982,2026-05-28T14:11:38.982,-930,369.0,-0.004196915
multimetro,,,,80.04103589999795,2026-05-28T13:56:09.198,2026-05-28T14:11:39.198,-930,370.0,-0.004200359
balanza,156.0,0.0,,80.12638819999847,2026-05-28T13:56:09.285,2026-05-28T14:11:39.285,-930,,
balanza,157.0,,Error desde Arduino: HX711 not found.,80.1496361999998,2026-05-28T13:56:09.308,2026-05-28T14:11:39.308,-930,,
multimetro,,,,80.25599679999868,2026-05-28T13:56:09.415,2026-05-28T14:11:39.415,-930,371.0,-0.004204872
multimetro,,,,80.47105670000019,2026-05-28T13:56:09.631,2026-05-28T14:11:39.631,-930,372.0,-0.00420974
multimetro,,,,80.68620240000018,2026-05-28T13:56:09.841,2026-05-28T14:11:39.841,-930,373.0,-0.004214525
multimetro,,,,80.9013363999984,2026-05-28T13:56:10.058,2026-05-28T14:11:40.058,-930,374.0,-0.004218472
multimetro,,,,81.1163701000005,2026-05-28T13:56:10.275,2026-05-28T14:11:40.275,-930,375.0,-0.004222231
balanza,158.0,,Error desde Arduino: HX711 not found.,81.1532961999983,2026-05-28T13:56:10.313,2026-05-28T14:11:40.313,-930,,
multimetro,,,,81.33146420000048,2026-05-28T13:56:10.488,2026-05-28T14:11:40.488,-930,376.0,-0.004226502
multimetro,,,,81.54677559999982,2026-05-28T13:56:10.700,2026-05-28T14:11:40.700,-930,377.0,-0.004230753
multimetro,,,,81.76192340000125,2026-05-28T13:56:10.921,2026-05-28T14:11:40.921,-930,378.0,-0.004235192
multimetro,,,,81.97702669999853,2026-05-28T13:56:11.132,2026-05-28T14:11:41.132,-930,379.0,-0.004239244
balanza,159.0,0.0,,82.14482109999881,2026-05-28T13:56:11.298,2026-05-28T14:11:41.298,-930,,
balanza,160.0,,Error desde Arduino: HX711 not found.,82.16798610000114,2026-05-28T13:56:11.328,2026-05-28T14:11:41.328,-930,,
multimetro,,,,82.1921809000014,2026-05-28T13:56:11.348,2026-05-28T14:11:41.348,-930,380.0,-0.004243024
multimetro,,,,82.40731439999945,2026-05-28T13:56:11.565,2026-05-28T14:11:41.565,-930,381.0,-0.004246269
multimetro,,,,82.6223960999996,2026-05-28T13:56:11.781,2026-05-28T14:11:41.781,-930,382.0,-0.004249054
multimetro,,,,82.83758429999943,2026-05-28T13:56:11.998,2026-05-28T14:11:41.998,-930,383.0,-0.00425185
multimetro,,,,83.05259880000085,2026-05-28T13:56:12.210,2026-05-28T14:11:42.210,-930,384.0,-0.004255127
balanza,161.0,0.0,,83.15947099999903,2026-05-28T13:56:12.319,2026-05-28T14:11:42.319,-930,,
balanza,162.0,,Error desde Arduino: HX711 not found.,83.18258440000136,2026-05-28T13:56:12.341,2026-05-28T14:11:42.341,-930,,
multimetro,,,,83.26783050000085,2026-05-28T13:56:12.427,2026-05-28T14:11:42.427,-930,385.0,-0.004258655
multimetro,,,,83.48279700000057,2026-05-28T13:56:12.641,2026-05-28T14:11:42.641,-930,386.0,-0.004262194
multimetro,,,,83.69801569999981,2026-05-28T13:56:12.848,2026-05-28T14:11:42.848,-930,387.0,-0.004266099
multimetro,,,,83.91307089999827,2026-05-28T13:56:13.065,2026-05-28T14:11:43.065,-930,388.0,-0.004270653
multimetro,,,,84.12822130000131,2026-05-28T13:56:13.282,2026-05-28T14:11:43.282,-930,389.0,-0.004275239
balanza,163.0,0.0,,84.17408409999916,2026-05-28T13:56:13.332,2026-05-28T14:11:43.332,-930,,
balanza,164.0,,Error desde Arduino: HX711 not found.,84.1972754999988,2026-05-28T13:56:13.348,2026-05-28T14:11:43.348,-930,,
multimetro,,,,84.3435587999993,2026-05-28T13:56:13.503,2026-05-28T14:11:43.503,-930,390.0,-0.004280212
multimetro,,,,84.5586387000003,2026-05-28T13:56:13.719,2026-05-28T14:11:43.719,-930,391.0,-0.004284432
multimetro,,,,84.77391069999794,2026-05-28T13:56:13.934,2026-05-28T14:11:43.934,-930,392.0,-0.004288923
multimetro,,,,84.98885959999825,2026-05-28T13:56:14.149,2026-05-28T14:11:44.149,-930,393.0,-0.004294514
balanza,165.0,0.0,,85.18869210000048,2026-05-28T13:56:14.348,2026-05-28T14:11:44.348,-930,,
multimetro,,,,85.20401299999867,2026-05-28T13:56:14.358,2026-05-28T14:11:44.358,-930,394.0,-0.004299079
balanza,166.0,,Error desde Arduino: HX711 not found.,85.21180729999833,2026-05-28T13:56:14.368,2026-05-28T14:11:44.368,-930,,
multimetro,,,,85.41903670000102,2026-05-28T13:56:14.575,2026-05-28T14:11:44.575,-930,395.0,-0.004303047
multimetro,,,,85.63420960000076,2026-05-28T13:56:14.791,2026-05-28T14:11:44.791,-930,396.0,-0.004306167
multimetro,,,,85.8492909000015,2026-05-28T13:56:15.002,2026-05-28T14:11:45.002,-930,397.0,-0.004309151
multimetro,,,,86.06436620000022,2026-05-28T13:56:15.224,2026-05-28T14:11:45.224,-930,398.0,-0.004311841
balanza,167.0,0.0,,86.2034605000008,2026-05-28T13:56:15.358,2026-05-28T14:11:45.358,-930,,
balanza,168.0,,Error desde Arduino: HX711 not found.,86.22666069999832,2026-05-28T13:56:15.381,2026-05-28T14:11:45.381,-930,,
multimetro,,,,86.27957629999946,2026-05-28T13:56:15.436,2026-05-28T14:11:45.436,-930,399.0,-0.004315024
multimetro,,,,86.49483169999803,2026-05-28T13:56:15.655,2026-05-28T14:11:45.655,-930,400.0,-0.004318542
multimetro,,,,86.71036829999866,2026-05-28T13:56:15.869,2026-05-28T14:11:45.869,-930,401.0,-0.004322709
multimetro,,,,86.92559329999858,2026-05-28T13:56:16.085,2026-05-28T14:11:46.085,-930,402.0,-0.004326195
multimetro,,,,87.14084979999825,2026-05-28T13:56:16.301,2026-05-28T14:11:46.301,-930,403.0,-0.004329807
balanza,169.0,0.0,,87.21813760000077,2026-05-28T13:56:16.375,2026-05-28T14:11:46.375,-930,,
balanza,170.0,,Error desde Arduino: HX711 not found.,87.241354400001,2026-05-28T13:56:16.398,2026-05-28T14:11:46.398,-930,,
multimetro,,,,87.35580409999966,2026-05-28T13:56:16.515,2026-05-28T14:11:46.515,-930,404.0,-0.00433321
multimetro,,,,87.57113879999815,2026-05-28T13:56:16.731,2026-05-28T14:11:46.731,-930,405.0,-0.004336435
multimetro,,,,87.78628609999942,2026-05-28T13:56:16.941,2026-05-28T14:11:46.941,-930,406.0,-0.004340686
multimetro,,,,88.00154509999993,2026-05-28T13:56:17.156,2026-05-28T14:11:47.156,-930,407.0,-0.004345837
multimetro,,,,88.21688100000028,2026-05-28T13:56:17.369,2026-05-28T14:11:47.369,-930,408.0,-0.004350443
balanza,171.0,0.0,,88.23289719999957,2026-05-28T13:56:17.393,2026-05-28T14:11:47.393,-930,,
balanza,172.0,,Error desde Arduino: HX711 not found.,88.25598099999843,2026-05-28T13:56:17.416,2026-05-28T14:11:47.416,-930,,
multimetro,,,,88.4319785000007,2026-05-28T13:56:17.585,2026-05-28T14:11:47.585,-930,409.0,-0.00435505
multimetro,,,,88.647170799999,2026-05-28T13:56:17.802,2026-05-28T14:11:47.802,-930,410.0,-0.004359615
multimetro,,,,88.86219720000008,2026-05-28T13:56:18.021,2026-05-28T14:11:48.021,-930,411.0,-0.004364065
multimetro,,,,89.0773326999988,2026-05-28T13:56:18.232,2026-05-28T14:11:48.232,-930,412.0,-0.004368116
balanza,173.0,0.0,,89.24754229999962,2026-05-28T13:56:18.398,2026-05-28T14:11:48.398,-930,,
balanza,174.0,,Error desde Arduino: HX711 not found.,89.27070869999807,2026-05-28T13:56:18.431,2026-05-28T14:11:48.431,-930,,
multimetro,,,,89.29240320000099,2026-05-28T13:56:18.448,2026-05-28T14:11:48.448,-930,413.0,-0.004372283
multimetro,,,,89.50748399999793,2026-05-28T13:56:18.665,2026-05-28T14:11:48.665,-930,414.0,-0.004376
multimetro,,,,89.72255130000121,2026-05-28T13:56:18.882,2026-05-28T14:11:48.882,-930,415.0,-0.004379612
multimetro,,,,89.93766409999807,2026-05-28T13:56:19.098,2026-05-28T14:11:49.098,-930,416.0,-0.004383078
multimetro,,,,90.15285180000137,2026-05-28T13:56:19.311,2026-05-28T14:11:49.311,-930,417.0,-0.004385852
balanza,175.0,0.0,,90.26219240000137,2026-05-28T13:56:19.422,2026-05-28T14:11:49.422,-930,,
balanza,176.0,,Error desde Arduino: HX711 not found.,90.28538430000117,2026-05-28T13:56:19.441,2026-05-28T14:11:49.441,-930,,
multimetro,,,,90.36803539999892,2026-05-28T13:56:19.528,2026-05-28T14:11:49.528,-930,418.0,-0.004389328
multimetro,,,,90.58309689999805,2026-05-28T13:56:19.741,2026-05-28T14:11:49.741,-930,419.0,-0.004392406
multimetro,,,,90.79839720000018,2026-05-28T13:56:19.958,2026-05-28T14:11:49.958,-930,420.0,-0.00439562
multimetro,,,,91.01394580000124,2026-05-28T13:56:20.165,2026-05-28T14:11:50.165,-930,421.0,-0.004399075
multimetro,,,,91.22898970000097,2026-05-28T13:56:20.381,2026-05-28T14:11:50.381,-930,422.0,-0.004402405
balanza,177.0,0.0,,91.27696250000008,2026-05-28T13:56:20.431,2026-05-28T14:11:50.431,-930,,
balanza,178.0,,Error desde Arduino: HX711 not found.,91.30013269999836,2026-05-28T13:56:20.452,2026-05-28T14:11:50.452,-930,,
multimetro,,,,91.44399229999908,2026-05-28T13:56:20.598,2026-05-28T14:11:50.598,-930,423.0,-0.004406111
multimetro,,,,91.65894499999922,2026-05-28T13:56:20.819,2026-05-28T14:11:50.819,-930,424.0,-0.004409943
multimetro,,,,91.87413910000032,2026-05-28T13:56:21.034,2026-05-28T14:11:51.034,-930,425.0,-0.004413639
multimetro,,,,92.08905940000113,2026-05-28T13:56:21.248,2026-05-28T14:11:51.248,-930,426.0,-0.004417544
balanza,179.0,0.0,,92.2916581999998,2026-05-28T13:56:21.448,2026-05-28T14:11:51.448,-930,,
multimetro,,,,92.30417899999884,2026-05-28T13:56:21.458,2026-05-28T14:11:51.458,-930,427.0,-0.00442168
balanza,180.0,,Error desde Arduino: HX711 not found.,92.31459199999881,2026-05-28T13:56:21.475,2026-05-28T14:11:51.475,-930,,
multimetro,,,,92.51925729999857,2026-05-28T13:56:21.675,2026-05-28T14:11:51.675,-930,428.0,-0.004425574
multimetro,,,,92.73442530000102,2026-05-28T13:56:21.892,2026-05-28T14:11:51.892,-930,429.0,-0.004429459
multimetro,,,,92.94949009999982,2026-05-28T13:56:22.108,2026-05-28T14:11:52.108,-930,430.0,-0.004433196
multimetro,,,,93.16492509999807,2026-05-28T13:56:22.325,2026-05-28T14:11:52.325,-930,431.0,-0.004437039
balanza,181.0,0.0,,93.30633989999842,2026-05-28T13:56:22.465,2026-05-28T14:11:52.465,-930,,
balanza,182.0,,Error desde Arduino: HX711 not found.,93.32957700000043,2026-05-28T13:56:22.485,2026-05-28T14:11:52.485,-930,,
multimetro,,,,93.38035279999895,2026-05-28T13:56:22.532,2026-05-28T14:11:52.532,-930,432.0,-0.004440818
multimetro,,,,93.59541719999834,2026-05-28T13:56:22.748,2026-05-28T14:11:52.748,-930,433.0,-0.004444755
multimetro,,,,93.81075290000081,2026-05-28T13:56:22.965,2026-05-28T14:11:52.965,-930,434.0,-0.004448597
multimetro,,,,94.02583059999961,2026-05-28T13:56:23.183,2026-05-28T14:11:53.183,-930,435.0,-0.004452429
multimetro,,,,94.24100149999867,2026-05-28T13:56:23.398,2026-05-28T14:11:53.398,-930,436.0,-0.004455874
balanza,183.0,0.0,,94.32109760000094,2026-05-28T13:56:23.481,2026-05-28T14:11:53.481,-930,,
balanza,184.0,,Error desde Arduino: HX711 not found.,94.34441140000126,2026-05-28T13:56:23.498,2026-05-28T14:11:53.498,-930,,
multimetro,,,,94.45600470000136,2026-05-28T13:56:23.616,2026-05-28T14:11:53.616,-930,437.0,-0.004459674
multimetro,,,,94.6710521999994,2026-05-28T13:56:23.831,2026-05-28T14:11:53.831,-930,438.0,-0.004463632
multimetro,,,,94.88620079999964,2026-05-28T13:56:24.041,2026-05-28T14:11:54.041,-930,439.0,-0.004467621
multimetro,,,,95.1011342999991,2026-05-28T13:56:24.260,2026-05-28T14:11:54.260,-930,440.0,-0.004471223
multimetro,,,,95.31628139999884,2026-05-28T13:56:24.475,2026-05-28T14:11:54.475,-930,441.0,-0.00447495
balanza,185.0,0.0,,95.3356849999982,2026-05-28T13:56:24.495,2026-05-28T14:11:54.495,-930,,
balanza,186.0,,Error desde Arduino: HX711 not found.,95.35892819999935,2026-05-28T13:56:24.519,2026-05-28T14:11:54.519,-930,,
multimetro,,,,95.53125569999975,2026-05-28T13:56:24.681,2026-05-28T14:11:54.681,-930,442.0,-0.004478845
multimetro,,,,95.74677689999953,2026-05-28T13:56:24.902,2026-05-28T14:11:54.902,-930,443.0,-0.004483074
multimetro,,,,95.96199960000013,2026-05-28T13:56:25.122,2026-05-28T14:11:55.122,-930,444.0,-0.004486864
multimetro,,,,96.17720850000114,2026-05-28T13:56:25.335,2026-05-28T14:11:55.335,-930,445.0,-0.004490979
balanza,187.0,0.0,,96.35021929999857,2026-05-28T13:56:25.508,2026-05-28T14:11:55.508,-930,,
balanza,188.0,,Error desde Arduino: HX711 not found.,96.37342300000091,2026-05-28T13:56:25.531,2026-05-28T14:11:55.531,-930,,
multimetro,,,,96.39213369999925,2026-05-28T13:56:25.552,2026-05-28T14:11:55.552,-930,446.0,-0.004494821
multimetro,,,,96.6074136999996,2026-05-28T13:56:25.765,2026-05-28T14:11:55.765,-930,447.0,-0.004498444
multimetro,,,,96.82239789999949,2026-05-28T13:56:25.981,2026-05-28T14:11:55.981,-930,448.0,-0.00450215
multimetro,,,,97.03751339999872,2026-05-28T13:56:26.194,2026-05-28T14:11:56.194,-930,449.0,-0.004505124
multimetro,,,,97.25259069999811,2026-05-28T13:56:26.411,2026-05-28T14:11:56.411,-930,450.0,-0.004508108
balanza,189.0,0.0,,97.36486420000074,2026-05-28T13:56:26.525,2026-05-28T14:11:56.525,-930,,
balanza,190.0,,Error desde Arduino: HX711 not found.,97.38805860000139,2026-05-28T13:56:26.548,2026-05-28T14:11:56.548,-930,,
multimetro,,,,97.46783620000133,2026-05-28T13:56:26.628,2026-05-28T14:11:56.628,-930,451.0,-0.004511133
multimetro,,,,97.68292179999844,2026-05-28T13:56:26.841,2026-05-28T14:11:56.841,-930,452.0,-0.004514358
multimetro,,,,97.89805210000122,2026-05-28T13:56:27.058,2026-05-28T14:11:57.058,-930,453.0,-0.004517645
multimetro,,,,98.11321319999843,2026-05-28T13:56:27.265,2026-05-28T14:11:57.265,-930,454.0,-0.004520975
multimetro,,,,98.32827149999866,2026-05-28T13:56:27.481,2026-05-28T14:11:57.481,-930,455.0,-0.004524733
balanza,191.0,0.0,,98.37950450000062,2026-05-28T13:56:27.535,2026-05-28T14:11:57.535,-930,,
balanza,192.0,,Error desde Arduino: HX711 not found.,98.40287320000061,2026-05-28T13:56:27.562,2026-05-28T14:11:57.562,-930,,
multimetro,,,,98.54335970000102,2026-05-28T13:56:27.700,2026-05-28T14:11:57.700,-930,456.0,-0.004528597
multimetro,,,,98.75865770000019,2026-05-28T13:56:27.919,2026-05-28T14:11:57.919,-930,457.0,-0.004532188
multimetro,,,,98.97389960000146,2026-05-28T13:56:28.131,2026-05-28T14:11:58.131,-930,458.0,-0.004536051
multimetro,,,,99.18880210000134,2026-05-28T13:56:28.348,2026-05-28T14:11:58.348,-930,459.0,-0.004540061
balanza,193.0,0.0,,99.39425119999942,2026-05-28T13:56:28.548,2026-05-28T14:11:58.548,-930,,
multimetro,,,,99.40413270000136,2026-05-28T13:56:28.558,2026-05-28T14:11:58.558,-930,460.0,-0.004543893
balanza,194.0,,Error desde Arduino: HX711 not found.,99.4173922000009,2026-05-28T13:56:28.577,2026-05-28T14:11:58.577,-930,,
multimetro,,,,99.6192693999983,2026-05-28T13:56:28.778,2026-05-28T14:11:58.778,-930,461.0,-0.004547673
multimetro,,,,99.83426379999946,2026-05-28T13:56:28.991,2026-05-28T14:11:58.991,-930,462.0,-0.004551567
multimetro,,,,100.04946930000006,2026-05-28T13:56:29.200,2026-05-28T14:11:59.200,-930,463.0,-0.004555358
multimetro,,,,100.26448130000063,2026-05-28T13:56:29.424,2026-05-28T14:11:59.424,-930,464.0,-0.004559158
balanza,195.0,0.0,,100.40891199999896,2026-05-28T13:56:29.565,2026-05-28T14:11:59.565,-930,,
balanza,196.0,,Error desde Arduino: HX711 not found.,100.43212810000114,2026-05-28T13:56:29.585,2026-05-28T14:11:59.585,-930,,
multimetro,,,,100.4796525999991,2026-05-28T13:56:29.637,2026-05-28T14:11:59.637,-930,465.0,-0.004563283
multimetro,,,,100.69473170000128,2026-05-28T13:56:29.848,2026-05-28T14:11:59.848,-930,466.0,-0.004567157
multimetro,,,,100.90985989999899,2026-05-28T13:56:30.065,2026-05-28T14:12:00.065,-930,467.0,-0.004571418
multimetro,,,,101.12491899999804,2026-05-28T13:56:30.281,2026-05-28T14:12:00.281,-930,468.0,-0.004575711
multimetro,,,,101.34017450000101,2026-05-28T13:56:30.498,2026-05-28T14:12:00.498,-930,469.0,-0.004579941
balanza,197.0,0.0,,101.42354849999901,2026-05-28T13:56:30.581,2026-05-28T14:12:00.581,-930,,
balanza,198.0,,Error desde Arduino: HX711 not found.,101.44664059999923,2026-05-28T13:56:30.598,2026-05-28T14:12:00.598,-930,,
multimetro,,,,101.55524190000142,2026-05-28T13:56:30.715,2026-05-28T14:12:00.715,-930,470.0,-0.004583888
multimetro,,,,101.7703717000004,2026-05-28T13:56:30.930,2026-05-28T14:12:00.930,-930,471.0,-0.004587929
multimetro,,,,101.98550569999861,2026-05-28T13:56:31.143,2026-05-28T14:12:01.143,-930,472.0,-0.004591447
multimetro,,,,102.20061509999869,2026-05-28T13:56:31.358,2026-05-28T14:12:01.358,-930,473.0,-0.004595373
multimetro,,,,102.41584520000106,2026-05-28T13:56:31.574,2026-05-28T14:12:01.574,-930,474.0,-0.004598996
balanza,199.0,0.0,,102.4381914000005,2026-05-28T13:56:31.598,2026-05-28T14:12:01.598,-930,,
balanza,200.0,,Error desde Arduino: HX711 not found.,102.46152729999812,2026-05-28T13:56:31.621,2026-05-28T14:12:01.621,-930,,
multimetro,,,,102.6309059999985,2026-05-28T13:56:31.786,2026-05-28T14:12:01.786,-930,475.0,-0.004602649
multimetro,,,,102.846093199998,2026-05-28T13:56:31.998,2026-05-28T14:12:01.998,-930,476.0,-0.004606366
multimetro,,,,103.06118159999824,2026-05-28T13:56:32.221,2026-05-28T14:12:02.221,-930,477.0,-0.004609832
multimetro,,,,103.27643259999968,2026-05-28T13:56:32.432,2026-05-28T14:12:02.432,-930,478.0,-0.00461291
balanza,201.0,0.0,,103.45294379999905,2026-05-28T13:56:32.608,2026-05-28T14:12:02.608,-930,,
balanza,202.0,,Error desde Arduino: HX711 not found.,103.47615239999868,2026-05-28T13:56:32.631,2026-05-28T14:12:02.631,-930,,
multimetro,,,,103.49133919999804,2026-05-28T13:56:32.648,2026-05-28T14:12:02.648,-930,479.0,-0.004615873
multimetro,,,,103.70653120000134,2026-05-28T13:56:32.865,2026-05-28T14:12:02.865,-930,480.0,-0.004618951
multimetro,,,,103.92153880000114,2026-05-28T13:56:33.081,2026-05-28T14:12:03.081,-930,481.0,-0.004622929
multimetro,,,,104.13677430000098,2026-05-28T13:56:33.293,2026-05-28T14:12:03.293,-930,482.0,-0.004626719
multimetro,,,,104.35213509999812,2026-05-28T13:56:33.508,2026-05-28T14:12:03.508,-930,483.0,-0.004630279
balanza,203.0,0.0,,104.46762419999868,2026-05-28T13:56:33.628,2026-05-28T14:12:03.628,-930,,
balanza,204.0,,Error desde Arduino: HX711 not found.,104.49087639999925,2026-05-28T13:56:33.648,2026-05-28T14:12:03.648,-930,,
multimetro,,,,104.56710010000097,2026-05-28T13:56:33.727,2026-05-28T14:12:03.727,-930,484.0,-0.004633525
multimetro,,,,104.78234549999979,2026-05-28T13:56:33.941,2026-05-28T14:12:03.941,-930,485.0,-0.00463699
multimetro,,,,104.99730740000086,2026-05-28T13:56:34.148,2026-05-28T14:12:04.148,-930,486.0,-0.004640225
multimetro,,,,105.21248180000111,2026-05-28T13:56:34.369,2026-05-28T14:12:04.369,-930,487.0,-0.004643429
multimetro,,,,105.42758540000068,2026-05-28T13:56:34.581,2026-05-28T14:12:04.581,-930,488.0,-0.004646654
balanza,205.0,0.0,,105.48235690000001,2026-05-28T13:56:34.635,2026-05-28T14:12:04.635,-930,,
balanza,206.0,,Error desde Arduino: HX711 not found.,105.50561620000008,2026-05-28T13:56:34.665,2026-05-28T14:12:04.665,-930,,
multimetro,,,,105.6428401000012,2026-05-28T13:56:34.799,2026-05-28T14:12:04.799,-930,489.0,-0.004650266
multimetro,,,,105.85779890000049,2026-05-28T13:56:35.018,2026-05-28T14:12:05.018,-930,490.0,-0.00465348
multimetro,,,,106.07303559999855,2026-05-28T13:56:35.232,2026-05-28T14:12:05.232,-930,491.0,-0.004657145
multimetro,,,,106.28789049999978,2026-05-28T13:56:35.448,2026-05-28T14:12:05.448,-930,492.0,-0.004660725
balanza,207.0,0.0,,106.49702170000091,2026-05-28T13:56:35.648,2026-05-28T14:12:05.648,-930,,
multimetro,,,,106.50305279999884,2026-05-28T13:56:35.658,2026-05-28T14:12:05.658,-930,493.0,-0.004664201
balanza,208.0,,Error desde Arduino: HX711 not found.,106.52022919999945,2026-05-28T13:56:35.678,2026-05-28T14:12:05.678,-930,,
multimetro,,,,106.71813929999917,2026-05-28T13:56:35.878,2026-05-28T14:12:05.878,-930,494.0,-0.004667552
multimetro,,,,106.9330614999999,2026-05-28T13:56:36.092,2026-05-28T14:12:06.092,-930,495.0,-0.004671132
multimetro,,,,107.14831399999821,2026-05-28T13:56:36.307,2026-05-28T14:12:06.307,-930,496.0,-0.004674587
multimetro,,,,107.36350239999956,2026-05-28T13:56:36.523,2026-05-28T14:12:06.523,-930,497.0,-0.004678095
balanza,209.0,0.0,,107.51172690000021,2026-05-28T13:56:36.665,2026-05-28T14:12:06.665,-930,,
balanza,210.0,,Error desde Arduino: HX711 not found.,107.53492460000052,2026-05-28T13:56:36.694,2026-05-28T14:12:06.694,-930,,
multimetro,,,,107.57877309999822,2026-05-28T13:56:36.735,2026-05-28T14:12:06.735,-930,498.0,-0.004681769
multimetro,,,,107.79386180000074,2026-05-28T13:56:36.954,2026-05-28T14:12:06.954,-930,499.0,-0.004685193
multimetro,,,,108.00904190000074,2026-05-28T13:56:37.165,2026-05-28T14:12:07.165,-930,500.0,-0.004688973
multimetro,,,,108.22411759999886,2026-05-28T13:56:37.381,2026-05-28T14:12:07.381,-930,501.0,-0.004692983
multimetro,,,,108.43926999999894,2026-05-28T13:56:37.598,2026-05-28T14:12:07.598,-930,502.0,-0.004696469
balanza,211.0,0.0,,108.52637289999984,2026-05-28T13:56:37.685,2026-05-28T14:12:07.685,-930,,
balanza,212.0,,Error desde Arduino: HX711 not found.,108.54943419999836,2026-05-28T13:56:37.700,2026-05-28T14:12:07.700,-930,,
multimetro,,,,108.6543574999996,2026-05-28T13:56:37.814,2026-05-28T14:12:07.814,-930,503.0,-0.004700123
multimetro,,,,108.8694601999996,2026-05-28T13:56:38.030,2026-05-28T14:12:08.030,-930,504.0,-0.00470385
multimetro,,,,109.08445539999957,2026-05-28T13:56:38.241,2026-05-28T14:12:08.241,-930,505.0,-0.004707965
multimetro,,,,109.29934879999928,2026-05-28T13:56:38.458,2026-05-28T14:12:08.458,-930,506.0,-0.004712582
multimetro,,,,109.5148577,2026-05-28T13:56:38.674,2026-05-28T14:12:08.674,-930,507.0,-0.004717388
balanza,213.0,0.0,,109.54088760000013,2026-05-28T13:56:38.701,2026-05-28T14:12:08.701,-930,,
balanza,214.0,,Error desde Arduino: HX711 not found.,109.56413590000011,2026-05-28T13:56:38.724,2026-05-28T14:12:08.724,-930,,
multimetro,,,,109.72977629999878,2026-05-28T13:56:38.881,2026-05-28T14:12:08.881,-930,508.0,-0.004721586
multimetro,,,,109.94500089999929,2026-05-28T13:56:39.100,2026-05-28T14:12:09.100,-930,509.0,-0.004725209
multimetro,,,,110.15993049999815,2026-05-28T13:56:39.319,2026-05-28T14:12:09.319,-930,510.0,-0.004728894
multimetro,,,,110.3750856000006,2026-05-28T13:56:39.531,2026-05-28T14:12:09.531,-930,511.0,-0.004732579
balanza,215.0,0.0,,110.55551130000094,2026-05-28T13:56:39.715,2026-05-28T14:12:09.715,-930,,
balanza,216.0,,Error desde Arduino: HX711 not found.,110.57869009999922,2026-05-28T13:56:39.731,2026-05-28T14:12:09.731,-930,,
multimetro,,,,110.59005949999846,2026-05-28T13:56:39.748,2026-05-28T14:12:09.748,-930,512.0,-0.004736254
multimetro,,,,110.80509180000081,2026-05-28T13:56:39.965,2026-05-28T14:12:09.965,-930,513.0,-0.004740191
multimetro,,,,111.02014369999961,2026-05-28T13:56:40.175,2026-05-28T14:12:10.175,-930,514.0,-0.004744085
multimetro,,,,111.23519840000154,2026-05-28T13:56:40.395,2026-05-28T14:12:10.395,-930,515.0,-0.004748378
multimetro,,,,111.45022370000152,2026-05-28T13:56:40.608,2026-05-28T14:12:10.608,-930,516.0,-0.004752262
balanza,217.0,0.0,,111.57025179999982,2026-05-28T13:56:40.730,2026-05-28T14:12:10.730,-930,,
balanza,218.0,,Error desde Arduino: HX711 not found.,111.59351909999896,2026-05-28T13:56:40.748,2026-05-28T14:12:10.748,-930,,
multimetro,,,,111.6652697999998,2026-05-28T13:56:40.825,2026-05-28T14:12:10.825,-930,517.0,-0.004755885
multimetro,,,,111.88024080000105,2026-05-28T13:56:41.031,2026-05-28T14:12:11.031,-930,518.0,-0.004759309
multimetro,,,,112.09545660000003,2026-05-28T13:56:41.248,2026-05-28T14:12:11.248,-930,519.0,-0.004762544
multimetro,,,,112.3106528999997,2026-05-28T13:56:41.465,2026-05-28T14:12:11.465,-930,520.0,-0.004765444
multimetro,,,,112.52568099999917,2026-05-28T13:56:41.681,2026-05-28T14:12:11.681,-930,521.0,-0.004769004
balanza,219.0,0.0,,112.58497100000022,2026-05-28T13:56:41.741,2026-05-28T14:12:11.741,-930,,
balanza,220.0,,Error desde Arduino: HX711 not found.,112.60802989999866,2026-05-28T13:56:41.766,2026-05-28T14:12:11.766,-930,,
multimetro,,,,112.74087579999832,2026-05-28T13:56:41.898,2026-05-28T14:12:11.898,-930,522.0,-0.004772197
multimetro,,,,112.95586760000151,2026-05-28T13:56:42.116,2026-05-28T14:12:12.116,-930,523.0,-0.004775903
multimetro,,,,113.17102629999863,2026-05-28T13:56:42.331,2026-05-28T14:12:12.331,-930,524.0,-0.004779201
multimetro,,,,113.38618180000049,2026-05-28T13:56:42.541,2026-05-28T14:12:12.541,-930,525.0,-0.004782185
balanza,221.0,0.0,,113.5994955999995,2026-05-28T13:56:42.758,2026-05-28T14:12:12.758,-930,,
multimetro,,,,113.60132739999972,2026-05-28T13:56:42.758,2026-05-28T14:12:12.758,-930,526.0,-0.004785294
balanza,222.0,,Error desde Arduino: HX711 not found.,113.62271780000083,2026-05-28T13:56:42.782,2026-05-28T14:12:12.782,-930,,
multimetro,,,,113.81640049999987,2026-05-28T13:56:42.968,2026-05-28T14:12:12.968,-930,527.0,-0.004788268
multimetro,,,,114.03149839999969,2026-05-28T13:56:43.185,2026-05-28T14:12:13.185,-930,528.0,-0.004791346
multimetro,,,,114.24655269999857,2026-05-28T13:56:43.406,2026-05-28T14:12:13.406,-930,529.0,-0.004794571
multimetro,,,,114.4616477999989,2026-05-28T13:56:43.621,2026-05-28T14:12:13.621,-930,530.0,-0.004798382
balanza,223.0,0.0,,114.6143994999984,2026-05-28T13:56:43.774,2026-05-28T14:12:13.774,-930,,
balanza,224.0,,Error desde Arduino: HX711 not found.,114.63774149999881,2026-05-28T13:56:43.798,2026-05-28T14:12:13.798,-930,,
multimetro,,,,114.67678629999864,2026-05-28T13:56:43.835,2026-05-28T14:12:13.835,-930,531.0,-0.004801449
multimetro,,,,114.89191379999829,2026-05-28T13:56:44.048,2026-05-28T14:12:14.048,-930,532.0,-0.004804768
multimetro,,,,115.10704700000133,2026-05-28T13:56:44.265,2026-05-28T14:12:14.265,-930,533.0,-0.004807878
multimetro,,,,115.32213599999886,2026-05-28T13:56:44.481,2026-05-28T14:12:14.481,-930,534.0,-0.004811448
multimetro,,,,115.5373925999993,2026-05-28T13:56:44.694,2026-05-28T14:12:14.694,-930,535.0,-0.00481483
balanza,225.0,0.0,,115.62892600000123,2026-05-28T13:56:44.781,2026-05-28T14:12:14.781,-930,,
balanza,226.0,,Error desde Arduino: HX711 not found.,115.65197099999932,2026-05-28T13:56:44.812,2026-05-28T14:12:14.812,-930,,
multimetro,,,,115.7524900999997,2026-05-28T13:56:44.911,2026-05-28T14:12:14.911,-930,536.0,-0.004818128
multimetro,,,,115.9676131999986,2026-05-28T13:56:45.128,2026-05-28T14:12:15.128,-930,537.0,-0.004821604
multimetro,,,,116.18263559999832,2026-05-28T13:56:45.341,2026-05-28T14:12:15.341,-930,538.0,-0.004825268
multimetro,,,,116.39785059999849,2026-05-28T13:56:45.549,2026-05-28T14:12:15.549,-930,539.0,-0.004828524
multimetro,,,,116.61292609999873,2026-05-28T13:56:45.765,2026-05-28T14:12:15.765,-930,540.0,-0.004831801
balanza,227.0,0.0,,116.64360250000027,2026-05-28T13:56:45.798,2026-05-28T14:12:15.798,-930,,
balanza,228.0,,Error desde Arduino: HX711 not found.,116.6668944999983,2026-05-28T13:56:45.827,2026-05-28T14:12:15.827,-930,,
multimetro,,,,116.82796510000117,2026-05-28T13:56:45.988,2026-05-28T14:12:15.988,-930,541.0,-0.004835151
multimetro,,,,117.04303539999819,2026-05-28T13:56:46.200,2026-05-28T14:12:16.200,-930,542.0,-0.004838334
multimetro,,,,117.25800439999875,2026-05-28T13:56:46.418,2026-05-28T14:12:16.418,-930,543.0,-0.004841716
multimetro,,,,117.4732546999985,2026-05-28T13:56:46.631,2026-05-28T14:12:16.631,-930,544.0,-0.004845056
balanza,229.0,0.0,,117.65815930000099,2026-05-28T13:56:46.818,2026-05-28T14:12:16.818,-930,,
balanza,230.0,,Error desde Arduino: HX711 not found.,117.68126570000095,2026-05-28T13:56:46.841,2026-05-28T14:12:16.841,-930,,
multimetro,,,,117.68813600000067,2026-05-28T13:56:46.848,2026-05-28T14:12:16.848,-930,545.0,-0.004848312
multimetro,,,,117.90324359999795,2026-05-28T13:56:47.059,2026-05-28T14:12:17.059,-930,546.0,-0.004851589
multimetro,,,,118.1182289999997,2026-05-28T13:56:47.275,2026-05-28T14:12:17.275,-930,547.0,-0.00485518
multimetro,,,,118.3335302000014,2026-05-28T13:56:47.491,2026-05-28T14:12:17.491,-930,548.0,-0.004858415
multimetro,,,,118.54853809999986,2026-05-28T13:56:47.700,2026-05-28T14:12:17.700,-930,549.0,-0.004862059
balanza,231.0,0.0,,118.67297079999844,2026-05-28T13:56:47.831,2026-05-28T14:12:17.831,-930,,
balanza,232.0,,Error desde Arduino: HX711 not found.,118.69612150000103,2026-05-28T13:56:47.852,2026-05-28T14:12:17.852,-930,,
multimetro,,,,118.76380219999919,2026-05-28T13:56:47.924,2026-05-28T14:12:17.924,-930,550.0,-0.004865639
multimetro,,,,118.97881879999841,2026-05-28T13:56:48.131,2026-05-28T14:12:18.131,-930,551.0,-0.004869147
multimetro,,,,119.19396309999865,2026-05-28T13:56:48.349,2026-05-28T14:12:18.349,-930,552.0,-0.004872298
multimetro,,,,119.4089873999983,2026-05-28T13:56:48.565,2026-05-28T14:12:18.565,-930,553.0,-0.004875617
multimetro,,,,119.62411290000091,2026-05-28T13:56:48.784,2026-05-28T14:12:18.784,-930,554.0,-0.004878894
balanza,233.0,0.0,,119.68758969999908,2026-05-28T13:56:48.848,2026-05-28T14:12:18.848,-930,,
balanza,234.0,,Error desde Arduino: HX711 not found.,119.71071469999879,2026-05-28T13:56:48.865,2026-05-28T14:12:18.865,-930,,
multimetro,,,,119.83922280000115,2026-05-28T13:56:48.998,2026-05-28T14:12:18.998,-930,555.0,-0.004882087
multimetro,,,,120.0541634000001,2026-05-28T13:56:49.214,2026-05-28T14:12:19.214,-930,556.0,-0.004885637
multimetro,,,,120.26933289999943,2026-05-28T13:56:49.429,2026-05-28T14:12:19.429,-930,557.0,-0.004889071
multimetro,,,,120.48422030000074,2026-05-28T13:56:49.641,2026-05-28T14:12:19.641,-930,558.0,-0.004892285
multimetro,,,,120.69924309999988,2026-05-28T13:56:49.858,2026-05-28T14:12:19.858,-930,559.0,-0.004895552
balanza,235.0,,Error desde Arduino: HX711 not found.,120.71445329999915,2026-05-28T13:56:49.874,2026-05-28T14:12:19.874,-930,,
multimetro,,,,120.91439349999928,2026-05-28T13:56:50.065,2026-05-28T14:12:20.065,-930,560.0,-0.004898619
multimetro,,,,121.12978680000015,2026-05-28T13:56:50.285,2026-05-28T14:12:20.285,-930,561.0,-0.004901969
multimetro,,,,121.34471900000062,2026-05-28T13:56:50.505,2026-05-28T14:12:20.505,-930,562.0,-0.00490555
multimetro,,,,121.56043610000052,2026-05-28T13:56:50.720,2026-05-28T14:12:20.720,-930,563.0,-0.004909058
balanza,236.0,0.0,,121.70593110000118,2026-05-28T13:56:50.865,2026-05-28T14:12:20.865,-930,,
balanza,237.0,,Error desde Arduino: HX711 not found.,121.72916859999896,2026-05-28T13:56:50.881,2026-05-28T14:12:20.881,-930,,
multimetro,,,,121.77535369999896,2026-05-28T13:56:50.932,2026-05-28T14:12:20.932,-930,564.0,-0.004912492
multimetro,,,,121.9905202000009,2026-05-28T13:56:51.150,2026-05-28T14:12:21.150,-930,565.0,-0.004915968
multimetro,,,,122.20558529999835,2026-05-28T13:56:51.365,2026-05-28T14:12:21.365,-930,566.0,-0.004919182
multimetro,,,,122.42062570000053,2026-05-28T13:56:51.575,2026-05-28T14:12:21.575,-930,567.0,-0.004922459
multimetro,,,,122.63574399999925,2026-05-28T13:56:51.795,2026-05-28T14:12:21.795,-930,568.0,-0.004925432
balanza,238.0,0.0,,122.72055829999954,2026-05-28T13:56:51.874,2026-05-28T14:12:21.874,-930,,
balanza,239.0,,Error desde Arduino: HX711 not found.,122.74375660000078,2026-05-28T13:56:51.898,2026-05-28T14:12:21.898,-930,,
multimetro,,,,122.85066929999812,2026-05-28T13:56:52.007,2026-05-28T14:12:22.007,-930,569.0,-0.004928531
multimetro,,,,123.06585170000108,2026-05-28T13:56:52.226,2026-05-28T14:12:22.226,-930,570.0,-0.004931588
multimetro,,,,123.28095140000005,2026-05-28T13:56:52.441,2026-05-28T14:12:22.441,-930,571.0,-0.004937253
multimetro,,,,123.49618159999955,2026-05-28T13:56:52.656,2026-05-28T14:12:22.656,-930,572.0,-0.00494857
multimetro,,,,123.71124029999919,2026-05-28T13:56:52.867,2026-05-28T14:12:22.867,-930,573.0,-0.004962746
balanza,240.0,0.0,,123.73521329999858,2026-05-28T13:56:52.886,2026-05-28T14:12:22.886,-930,,
balanza,241.0,,Error desde Arduino: HX711 not found.,123.75829900000099,2026-05-28T13:56:52.918,2026-05-28T14:12:22.918,-930,,
multimetro,,,,123.92648499999996,2026-05-28T13:56:53.086,2026-05-28T14:12:23.086,-930,574.0,-0.004977195
multimetro,,,,124.14163130000088,2026-05-28T13:56:53.298,2026-05-28T14:12:23.298,-930,575.0,-0.004989696
multimetro,,,,124.35701849999896,2026-05-28T13:56:53.516,2026-05-28T14:12:23.516,-930,576.0,-0.004999485
multimetro,,,,124.57204849999835,2026-05-28T13:56:53.731,2026-05-28T14:12:23.731,-930,577.0,-0.005007672
balanza,242.0,0.0,,124.74992710000151,2026-05-28T13:56:53.908,2026-05-28T14:12:23.908,-930,,
balanza,243.0,,Error desde Arduino: HX711 not found.,124.7730158000013,2026-05-28T13:56:53.933,2026-05-28T14:12:23.933,-930,,
multimetro,,,,124.78711420000036,2026-05-28T13:56:53.943,2026-05-28T14:12:23.943,-930,578.0,-0.005013598
multimetro,,,,125.00228920000154,2026-05-28T13:56:54.158,2026-05-28T14:12:24.158,-930,579.0,-0.005018393
multimetro,,,,125.21716649999871,2026-05-28T13:56:54.374,2026-05-28T14:12:24.374,-930,580.0,-0.005023136
multimetro,,,,125.43229150000116,2026-05-28T13:56:54.592,2026-05-28T14:12:24.592,-930,581.0,-0.005027753
multimetro,,,,125.64737529999911,2026-05-28T13:56:54.798,2026-05-28T14:12:24.798,-930,582.0,-0.005031617
balanza,244.0,0.0,,125.76465489999828,2026-05-28T13:56:54.925,2026-05-28T14:12:24.925,-930,,
balanza,245.0,,Error desde Arduino: HX711 not found.,125.78758549999839,2026-05-28T13:56:54.948,2026-05-28T14:12:24.948,-930,,
multimetro,,,,125.86262989999886,2026-05-28T13:56:55.023,2026-05-28T14:12:25.023,-930,583.0,-0.005034967
multimetro,,,,126.07759670000087,2026-05-28T13:56:55.231,2026-05-28T14:12:25.231,-930,584.0,-0.005037616
multimetro,,,,126.29285230000096,2026-05-28T13:56:55.448,2026-05-28T14:12:25.448,-930,585.0,-0.005039626
multimetro,,,,126.50773670000126,2026-05-28T13:56:55.665,2026-05-28T14:12:25.665,-930,586.0,-0.005041898
multimetro,,,,126.7231552000012,2026-05-28T13:56:55.881,2026-05-28T14:12:25.881,-930,587.0,-0.005044662
balanza,246.0,0.0,,126.77927890000137,2026-05-28T13:56:55.931,2026-05-28T14:12:25.931,-930,,
balanza,247.0,,Error desde Arduino: HX711 not found.,126.80242150000049,2026-05-28T13:56:55.959,2026-05-28T14:12:25.959,-930,,
multimetro,,,,126.93830080000043,2026-05-28T13:56:56.098,2026-05-28T14:12:26.098,-930,588.0,-0.005047311
multimetro,,,,127.1534517,2026-05-28T13:56:56.308,2026-05-28T14:12:26.308,-930,589.0,-0.005050881
multimetro,,,,127.36864609999975,2026-05-28T13:56:56.529,2026-05-28T14:12:26.529,-930,590.0,-0.0050551
multimetro,,,,127.58360990000074,2026-05-28T13:56:56.741,2026-05-28T14:12:26.741,-930,591.0,-0.005058765
balanza,248.0,0.0,,127.79394260000117,2026-05-28T13:56:56.948,2026-05-28T14:12:26.948,-930,,
multimetro,,,,127.79881340000065,2026-05-28T13:56:56.959,2026-05-28T14:12:26.959,-930,592.0,-0.005062649
balanza,249.0,,Error desde Arduino: HX711 not found.,127.81722399999853,2026-05-28T13:56:56.977,2026-05-28T14:12:26.977,-930,,
multimetro,,,,128.0137524999991,2026-05-28T13:56:57.165,2026-05-28T14:12:27.165,-930,593.0,-0.005067455
multimetro,,,,128.22884619999968,2026-05-28T13:56:57.381,2026-05-28T14:12:27.381,-930,594.0,-0.005072166
multimetro,,,,128.4439022000006,2026-05-28T13:56:57.598,2026-05-28T14:12:27.598,-930,595.0,-0.005076647
multimetro,,,,128.65902060000008,2026-05-28T13:56:57.819,2026-05-28T14:12:27.819,-930,596.0,-0.005081149
balanza,250.0,0.0,,128.80865170000106,2026-05-28T13:56:57.965,2026-05-28T14:12:27.965,-930,,
balanza,251.0,,Error desde Arduino: HX711 not found.,128.83185049999884,2026-05-28T13:56:57.985,2026-05-28T14:12:27.985,-930,,
multimetro,,,,128.87410140000065,2026-05-28T13:56:58.033,2026-05-28T14:12:28.033,-930,597.0,-0.005084384
multimetro,,,,129.08938019999914,2026-05-28T13:56:58.248,2026-05-28T14:12:28.248,-930,598.0,-0.005087399
multimetro,,,,129.3043465999981,2026-05-28T13:56:58.464,2026-05-28T14:12:28.464,-930,599.0,-0.005090446
multimetro,,,,129.51975440000024,2026-05-28T13:56:58.675,2026-05-28T14:12:28.675,-930,600.0,-0.00509342
multimetro,,,,129.73480239999844,2026-05-28T13:56:58.891,2026-05-28T14:12:28.891,-930,601.0,-0.00509654
balanza,252.0,0.0,,129.8233712000001,2026-05-28T13:56:58.981,2026-05-28T14:12:28.981,-930,,
balanza,253.0,,Error desde Arduino: HX711 not found.,129.8465361999988,2026-05-28T13:56:59.003,2026-05-28T14:12:29.003,-930,,
multimetro,,,,129.95001430000048,2026-05-28T13:56:59.108,2026-05-28T14:12:29.108,-930,602.0,-0.005099241
multimetro,,,,130.1652028999997,2026-05-28T13:56:59.325,2026-05-28T14:12:29.325,-930,603.0,-0.005101544
multimetro,,,,130.38024379999842,2026-05-28T13:56:59.531,2026-05-28T14:12:29.531,-930,604.0,-0.005106078
multimetro,,,,130.59548659999928,2026-05-28T13:56:59.748,2026-05-28T14:12:29.748,-930,605.0,-0.005111113
multimetro,,,,130.81045280000035,2026-05-28T13:56:59.965,2026-05-28T14:12:29.965,-930,606.0,-0.005114474
balanza,254.0,0.0,,130.83793249999871,2026-05-28T13:56:59.998,2026-05-28T14:12:29.998,-930,,
balanza,255.0,,Error desde Arduino: HX711 not found.,130.86113240000122,2026-05-28T13:57:00.021,2026-05-28T14:12:30.021,-930,,
multimetro,,,,131.02560919999814,2026-05-28T13:57:00.181,2026-05-28T14:12:30.181,-930,607.0,-0.005117395
multimetro,,,,131.24057119999998,2026-05-28T13:57:00.398,2026-05-28T14:12:30.398,-930,608.0,-0.005120348
multimetro,,,,131.45571689999997,2026-05-28T13:57:00.616,2026-05-28T14:12:30.616,-930,609.0,-0.005122976
multimetro,,,,131.67070969999986,2026-05-28T13:57:00.830,2026-05-28T14:12:30.830,-930,610.0,-0.005125719
balanza,256.0,0.0,,131.8525832000014,2026-05-28T13:57:01.013,2026-05-28T14:12:31.013,-930,,
balanza,257.0,,Error desde Arduino: HX711 not found.,131.87582979999934,2026-05-28T13:57:01.031,2026-05-28T14:12:31.031,-930,,
multimetro,,,,131.88599819999945,2026-05-28T13:57:01.041,2026-05-28T14:12:31.041,-930,611.0,-0.005128661
multimetro,,,,132.1010267999991,2026-05-28T13:57:01.261,2026-05-28T14:12:31.261,-930,612.0,-0.005132786
multimetro,,,,132.3163295000013,2026-05-28T13:57:01.468,2026-05-28T14:12:31.468,-930,613.0,-0.005137173
multimetro,,,,132.53153250000105,2026-05-28T13:57:01.685,2026-05-28T14:12:31.685,-930,614.0,-0.005140806
multimetro,,,,132.7466080999984,2026-05-28T13:57:01.898,2026-05-28T14:12:31.898,-930,615.0,-0.005143161
balanza,258.0,0.0,,132.86727859999883,2026-05-28T13:57:02.027,2026-05-28T14:12:32.027,-930,,
balanza,259.0,,Error desde Arduino: HX711 not found.,132.89041859999998,2026-05-28T13:57:02.048,2026-05-28T14:12:32.048,-930,,
multimetro,,,,132.96186410000155,2026-05-28T13:57:02.122,2026-05-28T14:12:32.122,-930,616.0,-0.005145119
multimetro,,,,133.1769319999985,2026-05-28T13:57:02.331,2026-05-28T14:12:32.331,-930,617.0,-0.005147873
multimetro,,,,133.39227820000087,2026-05-28T13:57:02.548,2026-05-28T14:12:32.548,-930,618.0,-0.005151139
multimetro,,,,133.607371099999,2026-05-28T13:57:02.765,2026-05-28T14:12:32.765,-930,619.0,-0.005155935
multimetro,,,,133.82257050000044,2026-05-28T13:57:02.981,2026-05-28T14:12:32.981,-930,620.0,-0.005159337
balanza,260.0,0.0,,133.88200049999796,2026-05-28T13:57:03.041,2026-05-28T14:12:33.041,-930,,
balanza,261.0,,Error desde Arduino: HX711 not found.,133.90515049999885,2026-05-28T13:57:03.064,2026-05-28T14:12:33.064,-930,,
multimetro,,,,134.03770219999933,2026-05-28T13:57:03.198,2026-05-28T14:12:33.198,-930,621.0,-0.005162279
multimetro,,,,134.25285010000152,2026-05-28T13:57:03.408,2026-05-28T14:12:33.408,-930,622.0,-0.00516497
multimetro,,,,134.46800979999898,2026-05-28T13:57:03.628,2026-05-28T14:12:33.628,-930,623.0,-0.005168069
multimetro,,,,134.683041100001,2026-05-28T13:57:03.841,2026-05-28T14:12:33.841,-930,624.0,-0.005170896
balanza,262.0,0.0,,134.89661329999944,2026-05-28T13:57:04.048,2026-05-28T14:12:34.048,-930,,
multimetro,,,,134.8981175000008,2026-05-28T13:57:04.058,2026-05-28T14:12:34.058,-930,625.0,-0.005173189
balanza,263.0,,Error desde Arduino: HX711 not found.,134.91988800000036,2026-05-28T13:57:04.079,2026-05-28T14:12:34.079,-930,,
multimetro,,,,135.11316179999994,2026-05-28T13:57:04.265,2026-05-28T14:12:34.265,-930,626.0,-0.005175199
multimetro,,,,135.32827840000027,2026-05-28T13:57:04.481,2026-05-28T14:12:34.481,-930,627.0,-0.005177178
multimetro,,,,135.54336830000102,2026-05-28T13:57:04.700,2026-05-28T14:12:34.700,-930,628.0,-0.005179354
multimetro,,,,135.75864759999968,2026-05-28T13:57:04.919,2026-05-28T14:12:34.919,-930,629.0,-0.005184003
balanza,264.0,0.0,,135.91132819999984,2026-05-28T13:57:05.067,2026-05-28T14:12:35.067,-930,,
balanza,265.0,,Error desde Arduino: HX711 not found.,135.93465089999881,2026-05-28T13:57:05.094,2026-05-28T14:12:35.094,-930,,
multimetro,,,,135.97374090000085,2026-05-28T13:57:05.131,2026-05-28T14:12:35.131,-930,630.0,-0.005190096
multimetro,,,,136.18898379999882,2026-05-28T13:57:05.348,2026-05-28T14:12:35.348,-930,631.0,-0.005196755
multimetro,,,,136.40426079999816,2026-05-28T13:57:05.564,2026-05-28T14:12:35.564,-930,632.0,-0.005206115
multimetro,,,,136.6194007999984,2026-05-28T13:57:05.774,2026-05-28T14:12:35.774,-930,633.0,-0.005214491
multimetro,,,,136.83440229999906,2026-05-28T13:57:05.994,2026-05-28T14:12:35.994,-930,634.0,-0.005221055
balanza,266.0,0.0,,136.92588410000099,2026-05-28T13:57:06.085,2026-05-28T14:12:36.085,-930,,
balanza,267.0,,Error desde Arduino: HX711 not found.,136.94902319999892,2026-05-28T13:57:06.108,2026-05-28T14:12:36.108,-930,,
multimetro,,,,137.049697800001,2026-05-28T13:57:06.210,2026-05-28T14:12:36.210,-930,635.0,-0.005224657
multimetro,,,,137.26494869999806,2026-05-28T13:57:06.424,2026-05-28T14:12:36.424,-930,636.0,-0.005227442
multimetro,,,,137.47991809999803,2026-05-28T13:57:06.634,2026-05-28T14:12:36.634,-930,637.0,-0.005229588
multimetro,,,,137.69518410000092,2026-05-28T13:57:06.848,2026-05-28T14:12:36.848,-930,638.0,-0.005231284
multimetro,,,,137.91011829999843,2026-05-28T13:57:07.065,2026-05-28T14:12:37.065,-930,639.0,-0.005234101
balanza,268.0,0.0,,137.94054569999935,2026-05-28T13:57:07.098,2026-05-28T14:12:37.098,-930,,
balanza,269.0,,Error desde Arduino: HX711 not found.,137.96360300000015,2026-05-28T13:57:07.124,2026-05-28T14:12:37.124,-930,,
multimetro,,,,138.12540789999912,2026-05-28T13:57:07.281,2026-05-28T14:12:37.281,-930,640.0,-0.005237357
multimetro,,,,138.34047179999834,2026-05-28T13:57:07.498,2026-05-28T14:12:37.498,-930,641.0,-0.005239692
multimetro,,,,138.55550460000086,2026-05-28T13:57:07.715,2026-05-28T14:12:37.715,-930,642.0,-0.005242372
multimetro,,,,138.77062790000127,2026-05-28T13:57:07.931,2026-05-28T14:12:37.931,-930,643.0,-0.005244906
balanza,270.0,0.0,,138.9552134000005,2026-05-28T13:57:08.115,2026-05-28T14:12:38.115,-930,,
balanza,271.0,,Error desde Arduino: HX711 not found.,138.97846260000006,2026-05-28T13:57:08.131,2026-05-28T14:12:38.131,-930,,
multimetro,,,,138.98599470000045,2026-05-28T13:57:08.141,2026-05-28T14:12:38.141,-930,644.0,-0.005248193
multimetro,,,,139.2010889000012,2026-05-28T13:57:08.358,2026-05-28T14:12:38.358,-930,645.0,-0.005250685
multimetro,,,,139.41597030000048,2026-05-28T13:57:08.574,2026-05-28T14:12:38.574,-930,646.0,-0.005253564
multimetro,,,,139.63121150000006,2026-05-28T13:57:08.783,2026-05-28T14:12:38.783,-930,647.0,-0.005256611
multimetro,,,,139.84615940000003,2026-05-28T13:57:08.998,2026-05-28T14:12:38.998,-930,648.0,-0.005259898
balanza,272.0,0.0,,139.96990449999794,2026-05-28T13:57:09.130,2026-05-28T14:12:39.130,-930,,
balanza,273.0,,Error desde Arduino: HX711 not found.,139.99311989999842,2026-05-28T13:57:09.148,2026-05-28T14:12:39.148,-930,,
multimetro,,,,140.06129359999977,2026-05-28T13:57:09.221,2026-05-28T14:12:39.221,-930,649.0,-0.005264337
multimetro,,,,140.27634490000128,2026-05-28T13:57:09.431,2026-05-28T14:12:39.431,-930,650.0,-0.005268442
multimetro,,,,140.49153939999815,2026-05-28T13:57:09.648,2026-05-28T14:12:39.648,-930,651.0,-0.005271959
multimetro,,,,140.7067148999995,2026-05-28T13:57:09.865,2026-05-28T14:12:39.865,-930,652.0,-0.005274975
multimetro,,,,140.92182139999932,2026-05-28T13:57:10.081,2026-05-28T14:12:40.081,-930,653.0,-0.005277477
balanza,274.0,0.0,,140.98453560000053,2026-05-28T13:57:10.144,2026-05-28T14:12:40.144,-930,,
balanza,275.0,,Error desde Arduino: HX711 not found.,141.00777010000093,2026-05-28T13:57:10.165,2026-05-28T14:12:40.165,-930,,
multimetro,,,,141.1370911999984,2026-05-28T13:57:10.291,2026-05-28T14:12:40.291,-930,654.0,-0.005281005
multimetro,,,,141.35210879999795,2026-05-28T13:57:10.512,2026-05-28T14:12:40.512,-930,655.0,-0.005284366
multimetro,,,,141.56723860000056,2026-05-28T13:57:10.727,2026-05-28T14:12:40.727,-930,656.0,-0.005287151
multimetro,,,,141.78249249999863,2026-05-28T13:57:10.941,2026-05-28T14:12:40.941,-930,657.0,-0.005290344
multimetro,,,,141.99773079999795,2026-05-28T13:57:11.153,2026-05-28T14:12:41.153,-930,658.0,-0.005292334
balanza,276.0,0.0,,141.9990117999987,2026-05-28T13:57:11.159,2026-05-28T14:12:41.159,-930,,
balanza,277.0,,Error desde Arduino: HX711 not found.,142.02215109999815,2026-05-28T13:57:11.181,2026-05-28T14:12:41.181,-930,,
multimetro,,,,142.2126520999991,2026-05-28T13:57:11.365,2026-05-28T14:12:41.365,-930,659.0,-0.005294124
multimetro,,,,142.42775980000079,2026-05-28T13:57:11.581,2026-05-28T14:12:41.581,-930,660.0,-0.005295338
multimetro,,,,142.6428487000012,2026-05-28T13:57:11.798,2026-05-28T14:12:41.798,-930,661.0,-0.005296867
multimetro,,,,142.85798459999933,2026-05-28T13:57:12.018,2026-05-28T14:12:42.018,-930,662.0,-0.005298521
balanza,278.0,0.0,,143.01365019999866,2026-05-28T13:57:12.165,2026-05-28T14:12:42.165,-930,,
balanza,279.0,,Error desde Arduino: HX711 not found.,143.03691289999915,2026-05-28T13:57:12.191,2026-05-28T14:12:42.191,-930,,
multimetro,,,,143.0729876000005,2026-05-28T13:57:12.233,2026-05-28T14:12:42.233,-930,663.0,-0.00530095
multimetro,,,,143.2880832999981,2026-05-28T13:57:12.448,2026-05-28T14:12:42.448,-930,664.0,-0.005305033
multimetro,,,,143.50321089999852,2026-05-28T13:57:12.660,2026-05-28T14:12:42.660,-930,665.0,-0.005308185
multimetro,,,,143.7181883000012,2026-05-28T13:57:12.875,2026-05-28T14:12:42.875,-930,666.0,-0.005310781
multimetro,,,,143.93344530000104,2026-05-28T13:57:13.093,2026-05-28T14:12:43.093,-930,667.0,-0.005313147
balanza,280.0,0.0,,144.02833230000033,2026-05-28T13:57:13.181,2026-05-28T14:12:43.181,-930,,
balanza,281.0,,Error desde Arduino: HX711 not found.,144.0514363000002,2026-05-28T13:57:13.211,2026-05-28T14:12:43.211,-930,,
multimetro,,,,144.1484879999989,2026-05-28T13:57:13.308,2026-05-28T14:12:43.308,-930,668.0,-0.005315053
multimetro,,,,144.36384890000045,2026-05-28T13:57:13.524,2026-05-28T14:12:43.524,-930,669.0,-0.005316906
multimetro,,,,144.57911940000122,2026-05-28T13:57:13.735,2026-05-28T14:12:43.735,-930,670.0,-0.005319094
multimetro,,,,144.79429719999825,2026-05-28T13:57:13.954,2026-05-28T14:12:43.954,-930,671.0,-0.005322822
multimetro,,,,145.00932860000103,2026-05-28T13:57:14.167,2026-05-28T14:12:44.167,-930,672.0,-0.005327292
balanza,282.0,0.0,,145.04292290000012,2026-05-28T13:57:14.200,2026-05-28T14:12:44.200,-930,,
balanza,283.0,,Error desde Arduino: HX711 not found.,145.06609759999992,2026-05-28T13:57:14.226,2026-05-28T14:12:44.226,-930,,
multimetro,,,,145.2245288999984,2026-05-28T13:57:14.381,2026-05-28T14:12:44.381,-930,673.0,-0.005331459
multimetro,,,,145.43950789999872,2026-05-28T13:57:14.600,2026-05-28T14:12:44.600,-930,674.0,-0.005335752
multimetro,,,,145.654602300001,2026-05-28T13:57:14.815,2026-05-28T14:12:44.815,-930,675.0,-0.005337961
multimetro,,,,145.86970239999937,2026-05-28T13:57:15.030,2026-05-28T14:12:45.030,-930,676.0,-0.005339343
balanza,284.0,0.0,,146.05746480000016,2026-05-28T13:57:15.217,2026-05-28T14:12:45.217,-930,,
balanza,285.0,,Error desde Arduino: HX711 not found.,146.08069949999845,2026-05-28T13:57:15.231,2026-05-28T14:12:45.231,-930,,
multimetro,,,,146.08470880000095,2026-05-28T13:57:15.241,2026-05-28T14:12:45.241,-930,677.0,-0.005340547
multimetro,,,,146.29979340000136,2026-05-28T13:57:15.458,2026-05-28T14:12:45.458,-930,678.0,-0.005342086
multimetro,,,,146.51481019999846,2026-05-28T13:57:15.673,2026-05-28T14:12:45.673,-930,679.0,-0.00534374
multimetro,,,,146.73018429999865,2026-05-28T13:57:15.881,2026-05-28T14:12:45.881,-930,680.0,-0.005345698
multimetro,,,,146.9452311999994,2026-05-28T13:57:16.098,2026-05-28T14:12:46.098,-930,681.0,-0.005347143
balanza,286.0,0.0,,147.07214939999903,2026-05-28T13:57:16.231,2026-05-28T14:12:46.231,-930,,
balanza,287.0,,Error desde Arduino: HX711 not found.,147.0952612000001,2026-05-28T13:57:16.248,2026-05-28T14:12:46.248,-930,,
multimetro,,,,147.16049059999932,2026-05-28T13:57:16.320,2026-05-28T14:12:46.320,-930,682.0,-0.005348441
multimetro,,,,147.37578909999866,2026-05-28T13:57:16.531,2026-05-28T14:12:46.531,-930,683.0,-0.00535043
multimetro,,,,147.59079750000092,2026-05-28T13:57:16.748,2026-05-28T14:12:46.748,-930,684.0,-0.005352608
multimetro,,,,147.80583670000124,2026-05-28T13:57:16.965,2026-05-28T14:12:46.965,-930,685.0,-0.005355581
multimetro,,,,148.02096019999954,2026-05-28T13:57:17.181,2026-05-28T14:12:47.181,-930,686.0,-0.005358733
balanza,288.0,0.0,,148.08689270000104,2026-05-28T13:57:17.241,2026-05-28T14:12:47.241,-930,,
balanza,289.0,,Error desde Arduino: HX711 not found.,148.11004070000126,2026-05-28T13:57:17.268,2026-05-28T14:12:47.268,-930,,
multimetro,,,,148.23612649999995,2026-05-28T13:57:17.395,2026-05-28T14:12:47.395,-930,687.0,-0.005362429
multimetro,,,,148.45131580000088,2026-05-28T13:57:17.611,2026-05-28T14:12:47.611,-930,688.0,-0.005365549
multimetro,,,,148.66645430000062,2026-05-28T13:57:17.826,2026-05-28T14:12:47.826,-930,689.0,-0.0053678
multimetro,,,,148.8815895000007,2026-05-28T13:57:18.041,2026-05-28T14:12:48.041,-930,690.0,-0.00536981
multimetro,,,,149.09676870000112,2026-05-28T13:57:18.248,2026-05-28T14:12:48.248,-930,691.0,-0.005371967
balanza,290.0,0.0,,149.10158919999958,2026-05-28T13:57:18.258,2026-05-28T14:12:48.258,-930,,
balanza,291.0,,Error desde Arduino: HX711 not found.,149.12472630000048,2026-05-28T13:57:18.285,2026-05-28T14:12:48.285,-930,,
multimetro,,,,149.311850099999,2026-05-28T13:57:18.467,2026-05-28T14:12:48.467,-930,692.0,-0.005373809
multimetro,,,,149.5271681999984,2026-05-28T13:57:18.683,2026-05-28T14:12:48.683,-930,693.0,-0.005376008
multimetro,,,,149.74218969999856,2026-05-28T13:57:18.898,2026-05-28T14:12:48.898,-930,694.0,-0.005377997
multimetro,,,,149.9572049999988,2026-05-28T13:57:19.117,2026-05-28T14:12:49.117,-930,695.0,-0.005379861
balanza,292.0,0.0,,150.11628500000006,2026-05-28T13:57:19.276,2026-05-28T14:12:49.276,-930,,
balanza,293.0,,Error desde Arduino: HX711 not found.,150.13951330000054,2026-05-28T13:57:19.296,2026-05-28T14:12:49.296,-930,,
multimetro,,,,150.1722477000003,2026-05-28T13:57:19.332,2026-05-28T14:12:49.332,-930,696.0,-0.005381913
multimetro,,,,150.3874308000013,2026-05-28T13:57:19.542,2026-05-28T14:12:49.542,-930,697.0,-0.005383368
multimetro,,,,150.6025468000007,2026-05-28T13:57:19.762,2026-05-28T14:12:49.762,-930,698.0,-0.005385064
multimetro,,,,150.8176209000012,2026-05-28T13:57:19.969,2026-05-28T14:12:49.969,-930,699.0,-0.005387504
multimetro,,,,151.0327631,2026-05-28T13:57:20.184,2026-05-28T14:12:50.184,-930,700.0,-0.005391786
balanza,294.0,0.0,,151.1308625999991,2026-05-28T13:57:20.285,2026-05-28T14:12:50.285,-930,,
balanza,295.0,,Error desde Arduino: HX711 not found.,151.15398619999905,2026-05-28T13:57:20.310,2026-05-28T14:12:50.310,-930,,
multimetro,,,,151.24787890000152,2026-05-28T13:57:20.408,2026-05-28T14:12:50.408,-930,701.0,-0.005397052
multimetro,,,,151.46298739999838,2026-05-28T13:57:20.617,2026-05-28T14:12:50.617,-930,702.0,-0.005400748
multimetro,,,,151.67812279999998,2026-05-28T13:57:20.834,2026-05-28T14:12:50.834,-930,703.0,-0.005403376
multimetro,,,,151.89300999999978,2026-05-28T13:57:21.050,2026-05-28T14:12:51.050,-930,704.0,-0.005405417
multimetro,,,,152.10795489999873,2026-05-28T13:57:21.265,2026-05-28T14:12:51.265,-930,705.0,-0.005406705
balanza,296.0,0.0,,152.14541009999812,2026-05-28T13:57:21.300,2026-05-28T14:12:51.300,-930,,
balanza,297.0,,Error desde Arduino: HX711 not found.,152.16833219999899,2026-05-28T13:57:21.328,2026-05-28T14:12:51.328,-930,,
multimetro,,,,152.3234276000003,2026-05-28T13:57:21.481,2026-05-28T14:12:51.481,-930,706.0,-0.005408548
multimetro,,,,152.53838969999924,2026-05-28T13:57:21.698,2026-05-28T14:12:51.698,-930,707.0,-0.005410317
multimetro,,,,152.75335500000074,2026-05-28T13:57:21.908,2026-05-28T14:12:51.908,-930,708.0,-0.00541261
multimetro,,,,152.96829900000012,2026-05-28T13:57:22.127,2026-05-28T14:12:52.127,-930,709.0,-0.005415018
balanza,298.0,0.0,,153.16006919999927,2026-05-28T13:57:22.320,2026-05-28T14:12:52.320,-930,,
multimetro,,,,153.1833540000007,2026-05-28T13:57:22.335,2026-05-28T14:12:52.335,-930,710.0,-0.005417552
balanza,299.0,,Error desde Arduino: HX711 not found.,153.18353139999817,2026-05-28T13:57:22.335,2026-05-28T14:12:52.335,-930,,
multimetro,,,,153.39850849999857,2026-05-28T13:57:22.558,2026-05-28T14:12:52.558,-930,711.0,-0.005420305
multimetro,,,,153.6135318000015,2026-05-28T13:57:22.772,2026-05-28T14:12:52.772,-930,712.0,-0.005422221
multimetro,,,,153.82858059999853,2026-05-28T13:57:22.982,2026-05-28T14:12:52.982,-930,713.0,-0.005423949
multimetro,,,,154.04352669999935,2026-05-28T13:57:23.202,2026-05-28T14:12:53.202,-930,714.0,-0.005425928
balanza,300.0,0.0,,154.17469189999974,2026-05-28T13:57:23.335,2026-05-28T14:12:53.335,-930,,
balanza,301.0,,Error desde Arduino: HX711 not found.,154.19778940000106,2026-05-28T13:57:23.348,2026-05-28T14:12:53.348,-930,,
multimetro,,,,154.25866809999934,2026-05-28T13:57:23.418,2026-05-28T14:12:53.418,-930,715.0,-0.0054282
multimetro,,,,154.47380129999874,2026-05-28T13:57:23.634,2026-05-28T14:12:53.634,-930,716.0,-0.005431445
multimetro,,,,154.68897880000077,2026-05-28T13:57:23.848,2026-05-28T14:12:53.848,-930,717.0,-0.005434042
multimetro,,,,154.9040399000005,2026-05-28T13:57:24.064,2026-05-28T14:12:54.064,-930,718.0,-0.005435089
multimetro,,,,155.11983770000006,2026-05-28T13:57:24.279,2026-05-28T14:12:54.279,-930,719.0,-0.005436094
balanza,302.0,0.0,,155.18938119999802,2026-05-28T13:57:24.349,2026-05-28T14:12:54.349,-930,,
balanza,303.0,,Error desde Arduino: HX711 not found.,155.2126438999985,2026-05-28T13:57:24.369,2026-05-28T14:12:54.369,-930,,
multimetro,,,,155.33482569999978,2026-05-28T13:57:24.494,2026-05-28T14:12:54.494,-930,720.0,-0.005437706
multimetro,,,,155.55003270000088,2026-05-28T13:57:24.710,2026-05-28T14:12:54.710,-930,721.0,-0.005439455
multimetro,,,,155.76518370000122,2026-05-28T13:57:24.925,2026-05-28T14:12:54.925,-930,722.0,-0.005440889
multimetro,,,,155.98026140000002,2026-05-28T13:57:25.131,2026-05-28T14:12:55.131,-930,723.0,-0.005442585
multimetro,,,,156.1954349000007,2026-05-28T13:57:25.355,2026-05-28T14:12:55.355,-930,724.0,-0.005443978
balanza,304.0,0.0,,156.20404140000028,2026-05-28T13:57:25.355,2026-05-28T14:12:55.355,-930,,
balanza,305.0,,Error desde Arduino: HX711 not found.,156.22727160000068,2026-05-28T13:57:25.385,2026-05-28T14:12:55.385,-930,,
multimetro,,,,156.4105434000012,2026-05-28T13:57:25.565,2026-05-28T14:12:55.565,-930,725.0,-0.005445998
multimetro,,,,156.62579529999857,2026-05-28T13:57:25.781,2026-05-28T14:12:55.781,-930,726.0,-0.005448783
multimetro,,,,156.8406627000004,2026-05-28T13:57:25.998,2026-05-28T14:12:55.998,-930,727.0,-0.005451631
multimetro,,,,157.0557903000008,2026-05-28T13:57:26.215,2026-05-28T14:12:56.215,-930,728.0,-0.005453725
balanza,306.0,0.0,,157.2187449999983,2026-05-28T13:57:26.379,2026-05-28T14:12:56.379,-930,,
balanza,307.0,,Error desde Arduino: HX711 not found.,157.2419349999982,2026-05-28T13:57:26.398,2026-05-28T14:12:56.398,-930,,
multimetro,,,,157.2708519000007,2026-05-28T13:57:26.431,2026-05-28T14:12:56.431,-930,729.0,-0.005455557
multimetro,,,,157.48580329999822,2026-05-28T13:57:26.641,2026-05-28T14:12:56.641,-930,730.0,-0.005457253
multimetro,,,,157.70073349999802,2026-05-28T13:57:26.858,2026-05-28T14:12:56.858,-930,731.0,-0.005458939
multimetro,,,,157.9160421000015,2026-05-28T13:57:27.074,2026-05-28T14:12:57.074,-930,732.0,-0.0054603
multimetro,,,,158.13119369999913,2026-05-28T13:57:27.286,2026-05-28T14:12:57.286,-930,733.0,-0.005461849
balanza,308.0,0.0,,158.23330250000072,2026-05-28T13:57:27.385,2026-05-28T14:12:57.385,-930,,
balanza,309.0,,Error desde Arduino: HX711 not found.,158.25654809999833,2026-05-28T13:57:27.416,2026-05-28T14:12:57.416,-930,,
multimetro,,,,158.346054499998,2026-05-28T13:57:27.503,2026-05-28T14:12:57.503,-930,734.0,-0.005463326
multimetro,,,,158.56124350000027,2026-05-28T13:57:27.721,2026-05-28T14:12:57.721,-930,735.0,-0.005464875
multimetro,,,,158.77633509999941,2026-05-28T13:57:27.935,2026-05-28T14:12:57.935,-930,736.0,-0.00546632
multimetro,,,,158.991528999999,2026-05-28T13:57:28.148,2026-05-28T14:12:58.148,-930,737.0,-0.00546788
multimetro,,,,159.2066300000006,2026-05-28T13:57:28.365,2026-05-28T14:12:58.365,-930,738.0,-0.005469356
balanza,310.0,0.0,,159.24796419999984,2026-05-28T13:57:28.408,2026-05-28T14:12:58.408,-930,,
balanza,311.0,,Error desde Arduino: HX711 not found.,159.27106249999997,2026-05-28T13:57:28.431,2026-05-28T14:12:58.431,-930,,
multimetro,,,,159.42182169999796,2026-05-28T13:57:28.581,2026-05-28T14:12:58.581,-930,739.0,-0.005470309
multimetro,,,,159.6368356999992,2026-05-28T13:57:28.795,2026-05-28T14:12:58.795,-930,740.0,-0.005471806
multimetro,,,,159.85188919999928,2026-05-28T13:57:29.012,2026-05-28T14:12:59.012,-930,741.0,-0.005473691
multimetro,,,,160.0669866999997,2026-05-28T13:57:29.225,2026-05-28T14:12:59.225,-930,742.0,-0.005475617
balanza,312.0,0.0,,160.26255179999862,2026-05-28T13:57:29.415,2026-05-28T14:12:59.415,-930,,
balanza,313.0,0.0,,160.27356380000128,2026-05-28T13:57:29.433,2026-05-28T14:12:59.433,-930,,
multimetro,,,,160.28212989999884,2026-05-28T13:57:29.441,2026-05-28T14:12:59.441,-930,743.0,-0.005477292
balanza,314.0,,Error desde Arduino: HX711 not found.,160.2968596999999,2026-05-28T13:57:29.448,2026-05-28T14:12:59.448,-930,,
multimetro,,,,160.4971732999984,2026-05-28T13:57:29.652,2026-05-28T14:12:59.652,-930,744.0,-0.005479344
multimetro,,,,160.71253129999968,2026-05-28T13:57:29.865,2026-05-28T14:12:59.865,-930,745.0,-0.00548125
multimetro,,,,160.9277516000002,2026-05-28T13:57:30.081,2026-05-28T14:13:00.081,-930,746.0,-0.005482957
multimetro,,,,161.14282939999975,2026-05-28T13:57:30.298,2026-05-28T14:13:00.298,-930,747.0,-0.005484695
balanza,315.0,0.0,,161.2883397000005,2026-05-28T13:57:30.448,2026-05-28T14:13:00.448,-930,,
balanza,316.0,,Error desde Arduino: HX711 not found.,161.31165529999998,2026-05-28T13:57:30.468,2026-05-28T14:13:00.468,-930,,
multimetro,,,,161.357852000001,2026-05-28T13:57:30.517,2026-05-28T14:13:00.517,-930,748.0,-0.005486642
multimetro,,,,161.57295320000048,2026-05-28T13:57:30.732,2026-05-28T14:13:00.732,-930,749.0,-0.005488673
multimetro,,,,161.78802599999835,2026-05-28T13:57:30.947,2026-05-28T14:13:00.947,-930,750.0,-0.005490547
multimetro,,,,162.0031357000007,2026-05-28T13:57:31.161,2026-05-28T14:13:01.161,-930,751.0,-0.005492275
multimetro,,,,162.21827800000028,2026-05-28T13:57:31.369,2026-05-28T14:13:01.369,-930,752.0,-0.005494075
balanza,317.0,0.0,,162.30297190000056,2026-05-28T13:57:31.458,2026-05-28T14:13:01.458,-930,,
balanza,318.0,,Error desde Arduino: HX711 not found.,162.32599769999797,2026-05-28T13:57:31.486,2026-05-28T14:13:01.486,-930,,
multimetro,,,,162.43601919999855,2026-05-28T13:57:31.596,2026-05-28T14:13:01.596,-930,753.0,-0.005495887
multimetro,,,,162.65091609999945,2026-05-28T13:57:31.802,2026-05-28T14:13:01.802,-930,754.0,-0.005497782
multimetro,,,,162.8659426999984,2026-05-28T13:57:32.019,2026-05-28T14:13:02.019,-930,755.0,-0.005499823
multimetro,,,,163.08102750000035,2026-05-28T13:57:32.236,2026-05-28T14:13:02.236,-930,756.0,-0.005501478
multimetro,,,,163.29614560000118,2026-05-28T13:57:32.453,2026-05-28T14:13:02.453,-930,757.0,-0.00550354
balanza,319.0,0.0,,163.31768939999893,2026-05-28T13:57:32.477,2026-05-28T14:13:02.477,-930,,
balanza,320.0,,Error desde Arduino: HX711 not found.,163.3407565999987,2026-05-28T13:57:32.498,2026-05-28T14:13:02.498,-930,,
multimetro,,,,163.51119710000057,2026-05-28T13:57:32.670,2026-05-28T14:13:02.670,-930,758.0,-0.005506315
multimetro,,,,163.72636090000015,2026-05-28T13:57:32.881,2026-05-28T14:13:02.881,-930,759.0,-0.005508995
multimetro,,,,163.9418145999989,2026-05-28T13:57:33.098,2026-05-28T14:13:03.098,-930,760.0,-0.00551178
multimetro,,,,164.15679159999854,2026-05-28T13:57:33.317,2026-05-28T14:13:03.317,-930,761.0,-0.005514732
balanza,321.0,0.0,,164.3323363999989,2026-05-28T13:57:33.491,2026-05-28T14:13:03.491,-930,,
balanza,322.0,,Error desde Arduino: HX711 not found.,164.3555783999982,2026-05-28T13:57:33.515,2026-05-28T14:13:03.515,-930,,
multimetro,,,,164.3720374000004,2026-05-28T13:57:33.531,2026-05-28T14:13:03.531,-930,762.0,-0.005517392
multimetro,,,,164.5873419999989,2026-05-28T13:57:33.747,2026-05-28T14:13:03.747,-930,763.0,-0.005519862
multimetro,,,,164.80260279999857,2026-05-28T13:57:33.958,2026-05-28T14:13:03.958,-930,764.0,-0.005521621
multimetro,,,,165.01759830000083,2026-05-28T13:57:34.175,2026-05-28T14:13:04.175,-930,765.0,-0.005523443
multimetro,,,,165.2325381999981,2026-05-28T13:57:34.391,2026-05-28T14:13:04.391,-930,766.0,-0.005525024
balanza,323.0,0.0,,165.34688240000105,2026-05-28T13:57:34.498,2026-05-28T14:13:04.498,-930,,
balanza,324.0,,Error desde Arduino: HX711 not found.,165.3700675,2026-05-28T13:57:34.530,2026-05-28T14:13:04.530,-930,,
multimetro,,,,165.44758849999926,2026-05-28T13:57:34.608,2026-05-28T14:13:04.608,-930,767.0,-0.005526647
multimetro,,,,165.66295959999843,2026-05-28T13:57:34.815,2026-05-28T14:13:04.815,-930,768.0,-0.005528458
multimetro,,,,165.87820289999945,2026-05-28T13:57:35.031,2026-05-28T14:13:05.031,-930,769.0,-0.005530207
multimetro,,,,166.09338260000004,2026-05-28T13:57:35.248,2026-05-28T14:13:05.248,-930,770.0,-0.005531892
multimetro,,,,166.30861319999894,2026-05-28T13:57:35.465,2026-05-28T14:13:05.465,-930,771.0,-0.005533756
balanza,325.0,0.0,,166.3615675000001,2026-05-28T13:57:35.522,2026-05-28T14:13:05.522,-930,,
balanza,326.0,,Error desde Arduino: HX711 not found.,166.38479820000066,2026-05-28T13:57:35.541,2026-05-28T14:13:05.541,-930,,
multimetro,,,,166.5237425999985,2026-05-28T13:57:35.682,2026-05-28T14:13:05.682,-930,772.0,-0.005535494
multimetro,,,,166.7390861999993,2026-05-28T13:57:35.898,2026-05-28T14:13:05.898,-930,773.0,-0.00553697
multimetro,,,,166.95412170000054,2026-05-28T13:57:36.114,2026-05-28T14:13:06.114,-930,774.0,-0.005538739
multimetro,,,,167.1692363000002,2026-05-28T13:57:36.329,2026-05-28T14:13:06.329,-930,775.0,-0.005540446
balanza,327.0,0.0,,167.3762686000009,2026-05-28T13:57:36.531,2026-05-28T14:13:06.531,-930,,
multimetro,,,,167.3842678000001,2026-05-28T13:57:36.541,2026-05-28T14:13:06.541,-930,776.0,-0.00554254
balanza,328.0,,Error desde Arduino: HX711 not found.,167.39944240000113,2026-05-28T13:57:36.558,2026-05-28T14:13:06.558,-930,,
multimetro,,,,167.59927020000032,2026-05-28T13:57:36.758,2026-05-28T14:13:06.758,-930,777.0,-0.005544655
multimetro,,,,167.8143909999999,2026-05-28T13:57:36.974,2026-05-28T14:13:06.974,-930,778.0,-0.005546843
multimetro,,,,168.02963219999947,2026-05-28T13:57:37.183,2026-05-28T14:13:07.183,-930,779.0,-0.005548749
multimetro,,,,168.24482839999837,2026-05-28T13:57:37.398,2026-05-28T14:13:07.398,-930,780.0,-0.005550842
balanza,329.0,0.0,,168.39080679999824,2026-05-28T13:57:37.548,2026-05-28T14:13:07.548,-930,,
balanza,330.0,,Error desde Arduino: HX711 not found.,168.4140574999983,2026-05-28T13:57:37.569,2026-05-28T14:13:07.569,-930,,
multimetro,,,,168.45992119999937,2026-05-28T13:57:37.615,2026-05-28T14:13:07.615,-930,781.0,-0.005552465
multimetro,,,,168.67506579999826,2026-05-28T13:57:37.835,2026-05-28T14:13:07.835,-930,782.0,-0.005554413
multimetro,,,,168.89000400000077,2026-05-28T13:57:38.050,2026-05-28T14:13:08.050,-930,783.0,-0.005556486
multimetro,,,,169.1050847000006,2026-05-28T13:57:38.264,2026-05-28T14:13:08.264,-930,784.0,-0.005558936
multimetro,,,,169.32018360000075,2026-05-28T13:57:38.474,2026-05-28T14:13:08.474,-930,785.0,-0.005560726
balanza,331.0,0.0,,169.40545909999855,2026-05-28T13:57:38.565,2026-05-28T14:13:08.565,-930,,
balanza,332.0,,Error desde Arduino: HX711 not found.,169.4286714000009,2026-05-28T13:57:38.586,2026-05-28T14:13:08.586,-930,,
multimetro,,,,169.56315489999906,2026-05-28T13:57:38.723,2026-05-28T14:13:08.723,-930,786.0,-0.005562642
multimetro,,,,169.77777480000077,2026-05-28T13:57:38.931,2026-05-28T14:13:08.931,-930,787.0,-0.005564704
multimetro,,,,169.99283690000084,2026-05-28T13:57:39.148,2026-05-28T14:13:09.148,-930,788.0,-0.005566966
multimetro,,,,170.20813970000017,2026-05-28T13:57:39.365,2026-05-28T14:13:09.365,-930,789.0,-0.005569112
balanza,333.0,0.0,,170.42010319999827,2026-05-28T13:57:39.578,2026-05-28T14:13:09.578,-930,,
multimetro,,,,170.42342890000145,2026-05-28T13:57:39.581,2026-05-28T14:13:09.581,-930,790.0,-0.005571049
balanza,334.0,,Error desde Arduino: HX711 not found.,170.44327730000077,2026-05-28T13:57:39.602,2026-05-28T14:13:09.602,-930,,
multimetro,,,,170.63843260000067,2026-05-28T13:57:39.798,2026-05-28T14:13:09.798,-930,791.0,-0.005573258
multimetro,,,,170.85356200000024,2026-05-28T13:57:40.008,2026-05-28T14:13:10.008,-930,792.0,-0.005575321
multimetro,,,,171.06878380000126,2026-05-28T13:57:40.229,2026-05-28T14:13:10.229,-930,793.0,-0.005577341
multimetro,,,,171.28400160000092,2026-05-28T13:57:40.443,2026-05-28T14:13:10.443,-930,794.0,-0.005579634
balanza,335.0,0.0,,171.43485430000146,2026-05-28T13:57:40.591,2026-05-28T14:13:10.591,-930,,
balanza,336.0,,Error desde Arduino: HX711 not found.,171.45812110000043,2026-05-28T13:57:40.617,2026-05-28T14:13:10.617,-930,,
multimetro,,,,171.49893099999827,2026-05-28T13:57:40.658,2026-05-28T14:13:10.658,-930,795.0,-0.005582
multimetro,,,,171.71417949999886,2026-05-28T13:57:40.865,2026-05-28T14:13:10.865,-930,796.0,-0.005584168
multimetro,,,,171.9293061999997,2026-05-28T13:57:41.085,2026-05-28T14:13:11.085,-930,797.0,-0.005586272
multimetro,,,,172.14443179999944,2026-05-28T13:57:41.298,2026-05-28T14:13:11.298,-930,798.0,-0.005588722
multimetro,,,,172.3594607999985,2026-05-28T13:57:41.515,2026-05-28T14:13:11.515,-930,799.0,-0.005591528
balanza,337.0,0.0,,172.44954009999856,2026-05-28T13:57:41.608,2026-05-28T14:13:11.608,-930,,
balanza,338.0,,Error desde Arduino: HX711 not found.,172.4726426999987,2026-05-28T13:57:41.631,2026-05-28T14:13:11.631,-930,,
multimetro,,,,172.57454449999932,2026-05-28T13:57:41.731,2026-05-28T14:13:11.731,-930,800.0,-0.005593622
multimetro,,,,172.78961909999998,2026-05-28T13:57:41.949,2026-05-28T14:13:11.949,-930,801.0,-0.005595486
multimetro,,,,173.0045551000003,2026-05-28T13:57:42.164,2026-05-28T14:13:12.164,-930,802.0,-0.005597506
multimetro,,,,173.21966729999986,2026-05-28T13:57:42.374,2026-05-28T14:13:12.374,-930,803.0,-0.005599202
multimetro,,,,173.4347474999995,2026-05-28T13:57:42.595,2026-05-28T14:13:12.595,-930,804.0,-0.00560049
balanza,339.0,0.0,,173.4641784000014,2026-05-28T13:57:42.624,2026-05-28T14:13:12.624,-930,,
balanza,340.0,,Error desde Arduino: HX711 not found.,173.48726140000144,2026-05-28T13:57:42.641,2026-05-28T14:13:12.641,-930,,
multimetro,,,,173.64996070000052,2026-05-28T13:57:42.802,2026-05-28T14:13:12.802,-930,805.0,-0.00560227
multimetro,,,,173.86490159999812,2026-05-28T13:57:43.024,2026-05-28T14:13:13.024,-930,806.0,-0.005603767
multimetro,,,,174.08018509999965,2026-05-28T13:57:43.236,2026-05-28T14:13:13.236,-930,807.0,-0.005605495
multimetro,,,,174.2951353999997,2026-05-28T13:57:43.452,2026-05-28T14:13:13.452,-930,808.0,-0.005607651
balanza,341.0,0.0,,174.47881739999866,2026-05-28T13:57:43.631,2026-05-28T14:13:13.631,-930,,
balanza,342.0,,Error desde Arduino: HX711 not found.,174.50192389999938,2026-05-28T13:57:43.658,2026-05-28T14:13:13.658,-930,,
multimetro,,,,174.51033639999878,2026-05-28T13:57:43.669,2026-05-28T14:13:13.669,-930,809.0,-0.005610028
multimetro,,,,174.72539210000105,2026-05-28T13:57:43.885,2026-05-28T14:13:13.885,-930,810.0,-0.005612289
multimetro,,,,174.9406154999997,2026-05-28T13:57:44.101,2026-05-28T14:13:14.101,-930,811.0,-0.005614038
multimetro,,,,175.15554500000144,2026-05-28T13:57:44.315,2026-05-28T14:13:14.315,-930,812.0,-0.005615797
multimetro,,,,175.37070350000067,2026-05-28T13:57:44.531,2026-05-28T14:13:14.531,-930,813.0,-0.00561987
balanza,343.0,0.0,,175.4935872999995,2026-05-28T13:57:44.648,2026-05-28T14:13:14.648,-930,,
balanza,344.0,,Error desde Arduino: HX711 not found.,175.51670620000004,2026-05-28T13:57:44.675,2026-05-28T14:13:14.675,-930,,
multimetro,,,,175.58574059999955,2026-05-28T13:57:44.745,2026-05-28T14:13:14.745,-930,814.0,-0.0056279
multimetro,,,,175.80074940000122,2026-05-28T13:57:44.952,2026-05-28T14:13:14.952,-930,815.0,-0.005634496
multimetro,,,,176.01583390000087,2026-05-28T13:57:45.169,2026-05-28T14:13:15.169,-930,816.0,-0.005643552
multimetro,,,,176.25828439999896,2026-05-28T13:57:45.418,2026-05-28T14:13:15.418,-930,817.0,-0.00565509
multimetro,,,,176.47325640000054,2026-05-28T13:57:45.631,2026-05-28T14:13:15.631,-930,818.0,-0.005666648
balanza,345.0,0.0,,176.50832860000082,2026-05-28T13:57:45.665,2026-05-28T14:13:15.665,-930,,
balanza,346.0,,Error desde Arduino: HX711 not found.,176.53163359999962,2026-05-28T13:57:45.691,2026-05-28T14:13:15.691,-930,,
multimetro,,,,176.68832649999968,2026-05-28T13:57:45.848,2026-05-28T14:13:15.848,-930,819.0,-0.005675129
multimetro,,,,176.90347610000026,2026-05-28T13:57:46.058,2026-05-28T14:13:16.058,-930,820.0,-0.00568205
multimetro,,,,177.1187037999989,2026-05-28T13:57:46.274,2026-05-28T14:13:16.274,-930,821.0,-0.005688195
multimetro,,,,177.33379259999856,2026-05-28T13:57:46.491,2026-05-28T14:13:16.491,-930,822.0,-0.005693985
balanza,347.0,0.0,,177.5231234999992,2026-05-28T13:57:46.681,2026-05-28T14:13:16.681,-930,,
balanza,348.0,,Error desde Arduino: HX711 not found.,177.54623459999857,2026-05-28T13:57:46.698,2026-05-28T14:13:16.698,-930,,
multimetro,,,,177.54881849999947,2026-05-28T13:57:46.708,2026-05-28T14:13:16.708,-930,823.0,-0.005699199
multimetro,,,,177.7639291000014,2026-05-28T13:57:46.923,2026-05-28T14:13:16.923,-930,824.0,-0.005704549
multimetro,,,,177.97911649999878,2026-05-28T13:57:47.131,2026-05-28T14:13:17.131,-930,825.0,-0.00570948
multimetro,,,,178.1943046999986,2026-05-28T13:57:47.348,2026-05-28T14:13:17.348,-930,826.0,-0.005715301
multimetro,,,,178.40922919999866,2026-05-28T13:57:47.565,2026-05-28T14:13:17.565,-930,827.0,-0.005721583
balanza,349.0,0.0,,178.53776590000052,2026-05-28T13:57:47.698,2026-05-28T14:13:17.698,-930,,
balanza,350.0,,Error desde Arduino: HX711 not found.,178.56103219999932,2026-05-28T13:57:47.721,2026-05-28T14:13:17.721,-930,,
multimetro,,,,178.6245099000007,2026-05-28T13:57:47.781,2026-05-28T14:13:17.781,-930,828.0,-0.005728839
multimetro,,,,178.83959529999993,2026-05-28T13:57:48.000,2026-05-28T14:13:18.000,-930,829.0,-0.005736942
multimetro,,,,179.0546714000011,2026-05-28T13:57:48.214,2026-05-28T14:13:18.214,-930,830.0,-0.005745999
multimetro,,,,179.26986380000017,2026-05-28T13:57:48.430,2026-05-28T14:13:18.430,-930,831.0,-0.005756374
multimetro,,,,179.48522159999993,2026-05-28T13:57:48.645,2026-05-28T14:13:18.645,-930,832.0,-0.005767912
balanza,351.0,0.0,,179.55251280000084,2026-05-28T13:57:48.708,2026-05-28T14:13:18.708,-930,,
balanza,352.0,,Error desde Arduino: HX711 not found.,179.57562150000012,2026-05-28T13:57:48.736,2026-05-28T14:13:18.736,-930,,
multimetro,,,,179.70032830000127,2026-05-28T13:57:48.852,2026-05-28T14:13:18.852,-930,833.0,-0.005780685
multimetro,,,,179.91538130000117,2026-05-28T13:57:49.075,2026-05-28T14:13:19.075,-930,834.0,-0.005794809
multimetro,,,,180.1304534999981,2026-05-28T13:57:49.281,2026-05-28T14:13:19.281,-930,835.0,-0.005810786
balanza,353.0,0.0,,180.56717410000056,2026-05-28T13:57:49.727,2026-05-28T14:13:19.727,-930,,
