tiempo_s,tiempo_multimetro_s,voltaje_V,indice_multimetro,fecha_hora_corregida_hp,fecha_hora_pc_sin_corregir_hp,error_hp,tiempo_balanza_s,masa_g,indice_balanza,fecha_hora_corregida_balanza,fecha_hora_pc_sin_corregir_balanza,error_balanza,delta_t_balanza_multimetro_s
0.415336699999898,0.415336699999898,0.000723209,0,2026-05-28T13:54:49.573,2026-05-28T14:10:19.573,,0.9948411000004853,,0,2026-05-28T13:54:50.152,2026-05-28T14:10:20.152,Error desde Arduino: HX711 not found.,0.5795044000005873
0.6314807999988261,0.6314807999988261,0.000702374,1,2026-05-28T13:54:49.791,2026-05-28T14:10:19.791,,0.9948411000004853,,0,2026-05-28T13:54:50.152,2026-05-28T14:10:20.152,Error desde Arduino: HX711 not found.,0.3633603000016592
0.8462515999999596,0.8462515999999596,0.000716728,2,2026-05-28T13:54:50.006,2026-05-28T14:10:20.006,,0.9948411000004853,,0,2026-05-28T13:54:50.152,2026-05-28T14:10:20.152,Error desde Arduino: HX711 not found.,0.14858950000052573
1.0614481000011438,1.0614481000011438,0.000723146,3,2026-05-28T13:54:50.216,2026-05-28T14:10:20.216,,0.9948411000004853,,0,2026-05-28T13:54:50.152,2026-05-28T14:10:20.152,Error desde Arduino: HX711 not found.,-0.06660700000065845
1.276699499998358,1.276699499998358,0.000697799,4,2026-05-28T13:54:50.435,2026-05-28T14:10:20.435,,0.9948411000004853,,0,2026-05-28T13:54:50.152,2026-05-28T14:10:20.152,Error desde Arduino: HX711 not found.,-0.28185839999787277
1.4917024999995192,1.4917024999995192,0.000672117,5,2026-05-28T13:54:50.643,2026-05-28T14:10:20.643,,1.9861066000012215,0.0,1,2026-05-28T13:54:51.142,2026-05-28T14:10:21.142,,0.4944041000017023
1.7067825000012817,1.7067825000012817,0.000646204,6,2026-05-28T13:54:50.863,2026-05-28T14:10:20.863,,1.9861066000012215,0.0,1,2026-05-28T13:54:51.142,2026-05-28T14:10:21.142,,0.2793240999999398
1.9216710000000603,1.9216710000000603,0.000663134,7,2026-05-28T13:54:51.073,2026-05-28T14:10:21.073,,1.9861066000012215,0.0,1,2026-05-28T13:54:51.142,2026-05-28T14:10:21.142,,0.06443560000116122
2.1367815000012342,2.1367815000012342,0.000460596,8,2026-05-28T13:54:51.289,2026-05-28T14:10:21.289,,2.0092097999986436,,2,2026-05-28T13:54:51.162,2026-05-28T14:10:21.162,Error desde Arduino: HX711 not found.,-0.12757170000259066
2.351868199999444,2.351868199999444,0.000359008,9,2026-05-28T13:54:51.504,2026-05-28T14:10:21.504,,2.0092097999986436,,2,2026-05-28T13:54:51.162,2026-05-28T14:10:21.162,Error desde Arduino: HX711 not found.,-0.3426584000008006
2.566946300001291,2.566946300001291,0.000337189,10,2026-05-28T13:54:51.721,2026-05-28T14:10:21.721,,3.0008742999998503,0.0,3,2026-05-28T13:54:52.152,2026-05-28T14:10:22.152,,0.43392799999855924
2.8142029000009643,2.8142029000009643,0.000256268,11,2026-05-28T13:54:51.974,2026-05-28T14:10:21.974,,3.0008742999998503,0.0,3,2026-05-28T13:54:52.152,2026-05-28T14:10:22.152,,0.18667139999888605
3.0289685999996436,3.0289685999996436,0.000222325,12,2026-05-28T13:54:52.183,2026-05-28T14:10:22.183,,3.0240263999985473,,4,2026-05-28T13:54:52.183,2026-05-28T14:10:22.183,Error desde Arduino: HX711 not found.,-0.004942200001096353
3.243942099998094,3.243942099998094,0.000149958,13,2026-05-28T13:54:52.399,2026-05-28T14:10:22.399,,3.0240263999985473,,4,2026-05-28T13:54:52.183,2026-05-28T14:10:22.183,Error desde Arduino: HX711 not found.,-0.21991569999954663
3.4590748000009626,3.4590748000009626,9.3704e-05,14,2026-05-28T13:54:52.619,2026-05-28T14:10:22.619,,3.0240263999985473,,4,2026-05-28T13:54:52.183,2026-05-28T14:10:22.183,Error desde Arduino: HX711 not found.,-0.4350484000024153
3.6741555000007793,3.6741555000007793,8.8731e-05,15,2026-05-28T13:54:52.826,2026-05-28T14:10:22.826,,4.01554329999999,0.0,5,2026-05-28T13:54:53.172,2026-05-28T14:10:23.172,,0.341387799999211
3.8892515000006824,3.8892515000006824,1.7181e-05,16,2026-05-28T13:54:53.047,2026-05-28T14:10:23.047,,4.01554329999999,0.0,5,2026-05-28T13:54:53.172,2026-05-28T14:10:23.172,,0.12629179999930784
4.104525899998407,4.104525899998407,-7.6136e-05,17,2026-05-28T13:54:53.261,2026-05-28T14:10:23.261,,4.038670300000376,,6,2026-05-28T13:54:53.198,2026-05-28T14:10:23.198,Error desde Arduino: HX711 not found.,-0.06585559999803081
4.319412799999554,4.319412799999554,-0.000200025,18,2026-05-28T13:54:53.472,2026-05-28T14:10:23.472,,4.038670300000376,,6,2026-05-28T13:54:53.198,2026-05-28T14:10:23.198,Error desde Arduino: HX711 not found.,-0.2807424999991781
4.534528899999714,4.534528899999714,-0.000420508,19,2026-05-28T13:54:53.688,2026-05-28T14:10:23.688,,5.03026360000149,0.0,7,2026-05-28T13:54:54.186,2026-05-28T14:10:24.186,,0.4957347000017762
4.749544999998761,4.749544999998761,-0.000568519,20,2026-05-28T13:54:53.903,2026-05-28T14:10:23.903,,5.03026360000149,0.0,7,2026-05-28T13:54:54.186,2026-05-28T14:10:24.186,,0.28071860000272864
4.964469700000336,4.964469700000336,-0.000756472,21,2026-05-28T13:54:54.119,2026-05-28T14:10:24.119,,5.03026360000149,0.0,7,2026-05-28T13:54:54.186,2026-05-28T14:10:24.186,,0.06579390000115382
5.179538000000321,5.179538000000321,-0.001365521,22,2026-05-28T13:54:54.339,2026-05-28T14:10:24.339,,5.0534622999985,,8,2026-05-28T13:54:54.211,2026-05-28T14:10:24.211,Error desde Arduino: HX711 not found.,-0.12607570000182022
5.394620899998699,5.394620899998699,-0.002310555,23,2026-05-28T13:54:54.554,2026-05-28T14:10:24.554,,5.0534622999985,,8,2026-05-28T13:54:54.211,2026-05-28T14:10:24.211,Error desde Arduino: HX711 not found.,-0.34115860000019893
5.609713900001225,5.609713900001225,-0.003050631,24,2026-05-28T13:54:54.766,2026-05-28T14:10:24.766,,6.044861200000014,0.0,9,2026-05-28T13:54:55.201,2026-05-28T14:10:25.201,,0.4351472999987891
5.824733800000104,5.824733800000104,-0.003904461,25,2026-05-28T13:54:54.983,2026-05-28T14:10:24.983,,6.044861200000014,0.0,9,2026-05-28T13:54:55.201,2026-05-28T14:10:25.201,,0.22012739999991027
6.039817699998821,6.039817699998821,-0.004625652,26,2026-05-28T13:54:55.199,2026-05-28T14:10:25.199,,6.044861200000014,0.0,9,2026-05-28T13:54:55.201,2026-05-28T14:10:25.201,,0.005043500001193024
6.255062500000349,6.255062500000349,-0.004877617,27,2026-05-28T13:54:55.415,2026-05-28T14:10:25.415,,6.06808269999965,,10,2026-05-28T13:54:55.228,2026-05-28T14:10:25.228,Error desde Arduino: HX711 not found.,-0.18697980000069947
6.470294800001284,6.470294800001284,-0.00489328,28,2026-05-28T13:54:55.625,2026-05-28T14:10:25.625,,6.06808269999965,,10,2026-05-28T13:54:55.228,2026-05-28T14:10:25.228,Error desde Arduino: HX711 not found.,-0.4022121000016341
6.6854027999979735,6.6854027999979735,-0.00492516,29,2026-05-28T13:54:55.845,2026-05-28T14:10:25.845,,7.059564099999989,0.0,11,2026-05-28T13:54:56.215,2026-05-28T14:10:26.215,,0.3741613000020152
6.900496499998553,6.900496499998553,-0.004829644,30,2026-05-28T13:54:56.058,2026-05-28T14:10:26.058,,7.059564099999989,0.0,11,2026-05-28T13:54:56.215,2026-05-28T14:10:26.215,,0.1590676000014355
7.115468399999372,7.115468399999372,-0.004860823,31,2026-05-28T13:54:56.275,2026-05-28T14:10:26.275,,7.082728099998349,,12,2026-05-28T13:54:56.242,2026-05-28T14:10:26.242,Error desde Arduino: HX711 not found.,-0.03274030000102357
7.330616499999451,7.330616499999451,-0.004949481,32,2026-05-28T13:54:56.489,2026-05-28T14:10:26.489,,7.082728099998349,,12,2026-05-28T13:54:56.242,2026-05-28T14:10:26.242,Error desde Arduino: HX711 not found.,-0.24788840000110213
7.545674799999688,7.545674799999688,-0.004898483,33,2026-05-28T13:54:56.700,2026-05-28T14:10:26.700,,7.082728099998349,,12,2026-05-28T13:54:56.242,2026-05-28T14:10:26.242,Error desde Arduino: HX711 not found.,-0.4629467000013392
7.760815900001035,7.760815900001035,-0.004876423,34,2026-05-28T13:54:56.915,2026-05-28T14:10:26.915,,8.074282999998104,0.0,13,2026-05-28T13:54:57.234,2026-05-28T14:10:27.234,,0.31346709999706945
7.975899400000344,7.975899400000344,-0.004889448,35,2026-05-28T13:54:57.136,2026-05-28T14:10:27.136,,8.074282999998104,0.0,13,2026-05-28T13:54:57.234,2026-05-28T14:10:27.234,,0.09838359999776003
8.190919000000576,8.190919000000576,-0.004912701,36,2026-05-28T13:54:57.349,2026-05-28T14:10:27.349,,8.097417900000437,,14,2026-05-28T13:54:57.252,2026-05-28T14:10:27.252,Error desde Arduino: HX711 not found.,-0.09350110000013956
8.406120299998292,8.406120299998292,-0.004939912,37,2026-05-28T13:54:57.566,2026-05-28T14:10:27.566,,8.097417900000437,,14,2026-05-28T13:54:57.252,2026-05-28T14:10:27.252,Error desde Arduino: HX711 not found.,-0.30870239999785554
8.621242099998199,8.621242099998199,-0.004861158,38,2026-05-28T13:54:57.781,2026-05-28T14:10:27.781,,9.08898229999977,0.0,15,2026-05-28T13:54:58.248,2026-05-28T14:10:28.248,,0.4677402000015718
8.836378799998784,8.836378799998784,-0.004882213,39,2026-05-28T13:54:57.991,2026-05-28T14:10:27.991,,9.08898229999977,0.0,15,2026-05-28T13:54:58.248,2026-05-28T14:10:28.248,,0.25260350000098697
9.051520900000469,9.051520900000469,-0.00491824,40,2026-05-28T13:54:58.210,2026-05-28T14:10:28.210,,9.08898229999977,0.0,15,2026-05-28T13:54:58.248,2026-05-28T14:10:28.248,,0.03746139999930165
9.266670500001055,9.266670500001055,-0.004962579,41,2026-05-28T13:54:58.426,2026-05-28T14:10:28.426,,9.112220200000593,,16,2026-05-28T13:54:58.272,2026-05-28T14:10:28.272,Error desde Arduino: HX711 not found.,-0.15445030000046245
9.481923399998777,9.481923399998777,-0.004877669,42,2026-05-28T13:54:58.641,2026-05-28T14:10:28.641,,9.112220200000593,,16,2026-05-28T13:54:58.272,2026-05-28T14:10:28.272,Error desde Arduino: HX711 not found.,-0.3697031999981846
9.697125800001231,9.697125800001231,-0.004843307,43,2026-05-28T13:54:58.852,2026-05-28T14:10:28.852,,10.103640400000586,0.0,17,2026-05-28T13:54:59.257,2026-05-28T14:10:29.257,,0.4065145999993547
9.912279000000126,9.912279000000126,-0.004871848,44,2026-05-28T13:54:59.072,2026-05-28T14:10:29.072,,10.103640400000586,0.0,17,2026-05-28T13:54:59.257,2026-05-28T14:10:29.257,,0.19136140000045998
10.127540800000133,10.127540800000133,-0.004874821,45,2026-05-28T13:54:59.282,2026-05-28T14:10:29.282,,10.12687079999887,,18,2026-05-28T13:54:59.282,2026-05-28T14:10:29.282,Error desde Arduino: HX711 not found.,-0.0006700000012642704
10.34240520000094,10.34240520000094,-0.004876455,46,2026-05-28T13:54:59.498,2026-05-28T14:10:29.498,,10.12687079999887,,18,2026-05-28T13:54:59.282,2026-05-28T14:10:29.282,Error desde Arduino: HX711 not found.,-0.21553440000207047
10.557490499999403,10.557490499999403,-0.004831979,47,2026-05-28T13:54:59.718,2026-05-28T14:10:29.718,,10.12687079999887,,18,2026-05-28T13:54:59.282,2026-05-28T14:10:29.282,Error desde Arduino: HX711 not found.,-0.43061970000053407
10.772561699999642,10.772561699999642,-0.004919611,48,2026-05-28T13:54:59.932,2026-05-28T14:10:29.932,,11.118176200001471,0.0,19,2026-05-28T13:55:00.275,2026-05-28T14:10:30.275,,0.3456145000018296
10.987733599999046,10.987733599999046,-0.004957187,49,2026-05-28T13:55:00.147,2026-05-28T14:10:30.147,,11.118176200001471,0.0,19,2026-05-28T13:55:00.275,2026-05-28T14:10:30.275,,0.13044260000242502
11.203043500001513,11.203043500001513,-0.004913005,50,2026-05-28T13:55:00.361,2026-05-28T14:10:30.361,,11.14125729999796,,20,2026-05-28T13:55:00.298,2026-05-28T14:10:30.298,Error desde Arduino: HX711 not found.,-0.06178620000355295
11.418069600000308,11.418069600000308,-0.004911926,51,2026-05-28T13:55:00.578,2026-05-28T14:10:30.578,,11.14125729999796,,20,2026-05-28T13:55:00.298,2026-05-28T14:10:30.298,Error desde Arduino: HX711 not found.,-0.2768123000023479
11.633286500000395,11.633286500000395,-0.004939514,52,2026-05-28T13:55:00.785,2026-05-28T14:10:30.785,,11.14125729999796,,20,2026-05-28T13:55:00.298,2026-05-28T14:10:30.298,Error desde Arduino: HX711 not found.,-0.49202920000243466
11.848538099999132,11.848538099999132,-0.004956161,53,2026-05-28T13:55:01.002,2026-05-28T14:10:31.002,,12.132830800001102,0.0,21,2026-05-28T13:55:01.291,2026-05-28T14:10:31.291,,0.28429270000196993
12.063622499998019,12.063622499998019,-0.004922417,54,2026-05-28T13:55:01.215,2026-05-28T14:10:31.215,,12.132830800001102,0.0,21,2026-05-28T13:55:01.291,2026-05-28T14:10:31.291,,0.06920830000308342
12.278562600000441,12.278562600000441,-0.004885783,55,2026-05-28T13:55:01.432,2026-05-28T14:10:31.432,,12.155866900000547,,22,2026-05-28T13:55:01.316,2026-05-28T14:10:31.316,Error desde Arduino: HX711 not found.,-0.12269569999989471
12.493708599999081,12.493708599999081,-0.004855662,56,2026-05-28T13:55:01.648,2026-05-28T14:10:31.648,,12.155866900000547,,22,2026-05-28T13:55:01.316,2026-05-28T14:10:31.316,Error desde Arduino: HX711 not found.,-0.33784169999853475
12.70883909999975,12.70883909999975,-0.004871084,57,2026-05-28T13:55:01.865,2026-05-28T14:10:31.865,,13.147550999998202,0.0,23,2026-05-28T13:55:02.298,2026-05-28T14:10:32.298,,0.4387118999984523
12.924032999999326,12.924032999999326,-0.004888547,58,2026-05-28T13:55:02.082,2026-05-28T14:10:32.082,,13.147550999998202,0.0,23,2026-05-28T13:55:02.298,2026-05-28T14:10:32.298,,0.2235179999988759
13.138870300001145,13.138870300001145,-0.004832011,59,2026-05-28T13:55:02.298,2026-05-28T14:10:32.298,,13.147550999998202,0.0,23,2026-05-28T13:55:02.298,2026-05-28T14:10:32.298,,0.008680699997057673
13.354060199999367,13.354060199999367,-0.004863587,60,2026-05-28T13:55:02.511,2026-05-28T14:10:32.511,,13.170724499999778,,24,2026-05-28T13:55:02.331,2026-05-28T14:10:32.331,Error desde Arduino: HX711 not found.,-0.18333569999958854
13.569178300000203,13.569178300000203,-0.004871408,61,2026-05-28T13:55:02.729,2026-05-28T14:10:32.729,,13.170724499999778,,24,2026-05-28T13:55:02.331,2026-05-28T14:10:32.331,Error desde Arduino: HX711 not found.,-0.39845380000042496
13.78423439999824,13.78423439999824,-0.00487279,62,2026-05-28T13:55:02.942,2026-05-28T14:10:32.942,,14.162195199998678,0.0,25,2026-05-28T13:55:03.315,2026-05-28T14:10:33.315,,0.3779608000004373
13.999686700000893,13.999686700000893,-0.004817897,63,2026-05-28T13:55:03.158,2026-05-28T14:10:33.158,,14.162195199998678,0.0,25,2026-05-28T13:55:03.315,2026-05-28T14:10:33.315,,0.16250849999778438
14.214688600000954,14.214688600000954,-0.004911549,64,2026-05-28T13:55:03.375,2026-05-28T14:10:33.375,,14.185487099999591,,26,2026-05-28T13:55:03.342,2026-05-28T14:10:33.342,Error desde Arduino: HX711 not found.,-0.029201500001363456
14.429929699999775,14.429929699999775,-0.004918219,65,2026-05-28T13:55:03.582,2026-05-28T14:10:33.582,,14.185487099999591,,26,2026-05-28T13:55:03.342,2026-05-28T14:10:33.342,Error desde Arduino: HX711 not found.,-0.24444260000018403
14.64518550000139,14.64518550000139,-0.004937221,66,2026-05-28T13:55:03.798,2026-05-28T14:10:33.798,,14.185487099999591,,26,2026-05-28T13:55:03.342,2026-05-28T14:10:33.342,Error desde Arduino: HX711 not found.,-0.4596984000017983
14.860278199997992,14.860278199997992,-0.004939116,67,2026-05-28T13:55:04.015,2026-05-28T14:10:34.015,,15.1769080999984,0.0,27,2026-05-28T13:55:04.332,2026-05-28T14:10:34.332,,0.31662990000040736
15.075235199998133,15.075235199998133,-0.004947042,68,2026-05-28T13:55:04.232,2026-05-28T14:10:34.232,,15.1769080999984,0.0,27,2026-05-28T13:55:04.332,2026-05-28T14:10:34.332,,0.10167290000026696
15.290356900000916,15.290356900000916,-0.004894117,69,2026-05-28T13:55:04.448,2026-05-28T14:10:34.448,,15.200110400000995,,28,2026-05-28T13:55:04.358,2026-05-28T14:10:34.358,Error desde Arduino: HX711 not found.,-0.09024649999992107
15.505389599999035,15.505389599999035,-0.004884673,70,2026-05-28T13:55:04.665,2026-05-28T14:10:34.665,,15.200110400000995,,28,2026-05-28T13:55:04.358,2026-05-28T14:10:34.358,Error desde Arduino: HX711 not found.,-0.30527919999804
15.72064219999811,15.72064219999811,-0.004872508,71,2026-05-28T13:55:04.875,2026-05-28T14:10:34.875,,16.191512699999294,0.0,29,2026-05-28T13:55:05.348,2026-05-28T14:10:35.348,,0.47087050000118325
15.93586839999989,15.93586839999989,-0.004947796,72,2026-05-28T13:55:05.091,2026-05-28T14:10:35.091,,16.191512699999294,0.0,29,2026-05-28T13:55:05.348,2026-05-28T14:10:35.348,,0.2556442999994033
16.150897200001054,16.150897200001054,-0.004962809,73,2026-05-28T13:55:05.311,2026-05-28T14:10:35.311,,16.191512699999294,0.0,29,2026-05-28T13:55:05.348,2026-05-28T14:10:35.348,,0.0406154999982391
16.36618710000039,16.36618710000039,-0.004976399,74,2026-05-28T13:55:05.526,2026-05-28T14:10:35.526,,16.21477170000071,,30,2026-05-28T13:55:05.375,2026-05-28T14:10:35.375,Error desde Arduino: HX711 not found.,-0.1514153999996779
16.581235800000286,16.581235800000286,-0.004966003,75,2026-05-28T13:55:05.741,2026-05-28T14:10:35.741,,16.21477170000071,,30,2026-05-28T13:55:05.375,2026-05-28T14:10:35.375,Error desde Arduino: HX711 not found.,-0.3664640999995754
16.79657529999895,16.79657529999895,-0.004943032,76,2026-05-28T13:55:05.948,2026-05-28T14:10:35.948,,17.20606079999925,0.0,31,2026-05-28T13:55:06.365,2026-05-28T14:10:36.365,,0.4094855000003008
17.011784599999373,17.011784599999373,-0.004925935,77,2026-05-28T13:55:06.165,2026-05-28T14:10:36.165,,17.20606079999925,0.0,31,2026-05-28T13:55:06.365,2026-05-28T14:10:36.365,,0.19427619999987655
17.22691489999852,17.22691489999852,-0.004961396,78,2026-05-28T13:55:06.382,2026-05-28T14:10:36.382,,17.22929799999838,,32,2026-05-28T13:55:06.382,2026-05-28T14:10:36.382,Error desde Arduino: HX711 not found.,0.0023830999998608604
17.442197500000475,17.442197500000475,-0.004946791,79,2026-05-28T13:55:06.599,2026-05-28T14:10:36.599,,17.22929799999838,,32,2026-05-28T13:55:06.382,2026-05-28T14:10:36.382,Error desde Arduino: HX711 not found.,-0.212899500002095
17.657492499998625,17.657492499998625,-0.004932154,80,2026-05-28T13:55:06.815,2026-05-28T14:10:36.815,,17.22929799999838,,32,2026-05-28T13:55:06.382,2026-05-28T14:10:36.382,Error desde Arduino: HX711 not found.,-0.42819450000024517
17.87269430000015,17.87269430000015,-0.004895782,81,2026-05-28T13:55:07.032,2026-05-28T14:10:37.032,,18.220715100000234,0.0,33,2026-05-28T13:55:07.375,2026-05-28T14:10:37.375,,0.34802080000008573
18.087798000000475,18.087798000000475,-0.004845171,82,2026-05-28T13:55:07.248,2026-05-28T14:10:37.248,,18.220715100000234,0.0,33,2026-05-28T13:55:07.375,2026-05-28T14:10:37.375,,0.13291709999975865
18.303010899999208,18.303010899999208,-0.004807763,83,2026-05-28T13:55:07.458,2026-05-28T14:10:37.458,,18.24399220000123,,34,2026-05-28T13:55:07.402,2026-05-28T14:10:37.402,Error desde Arduino: HX711 not found.,-0.05901869999797782
18.51789009999993,18.51789009999993,-0.004915057,84,2026-05-28T13:55:07.678,2026-05-28T14:10:37.678,,18.24399220000123,,34,2026-05-28T13:55:07.402,2026-05-28T14:10:37.402,Error desde Arduino: HX711 not found.,-0.2738978999987012
18.733212799998,18.733212799998,-0.004978807,85,2026-05-28T13:55:07.892,2026-05-28T14:10:37.892,,18.24399220000123,,34,2026-05-28T13:55:07.402,2026-05-28T14:10:37.402,Error desde Arduino: HX711 not found.,-0.48922059999677003
18.948436499998934,18.948436499998934,-0.004978116,86,2026-05-28T13:55:08.108,2026-05-28T14:10:38.108,,19.235343600001215,0.0,35,2026-05-28T13:55:08.392,2026-05-28T14:10:38.392,,0.28690710000228137
19.163630700000795,19.163630700000795,-0.004977205,87,2026-05-28T13:55:08.324,2026-05-28T14:10:38.324,,19.235343600001215,0.0,35,2026-05-28T13:55:08.392,2026-05-28T14:10:38.392,,0.07171290000042063
19.378716300001543,19.378716300001543,-0.004953512,88,2026-05-28T13:55:08.532,2026-05-28T14:10:38.532,,19.258493199999066,,36,2026-05-28T13:55:08.418,2026-05-28T14:10:38.418,Error desde Arduino: HX711 not found.,-0.12022310000247671
19.594031299999187,19.594031299999187,-0.004927034,89,2026-05-28T13:55:08.752,2026-05-28T14:10:38.752,,19.258493199999066,,36,2026-05-28T13:55:08.418,2026-05-28T14:10:38.418,Error desde Arduino: HX711 not found.,-0.33553810000012163
19.809152800000447,19.809152800000447,-0.004857693,90,2026-05-28T13:55:08.968,2026-05-28T14:10:38.968,,20.24994499999957,0.0,37,2026-05-28T13:55:09.402,2026-05-28T14:10:39.402,,0.4407921999991231
20.024199999999837,20.024199999999837,-0.004914753,91,2026-05-28T13:55:09.184,2026-05-28T14:10:39.184,,20.24994499999957,0.0,37,2026-05-28T13:55:09.402,2026-05-28T14:10:39.402,,0.2257449999997334
20.239330399999744,20.239330399999744,-0.004950696,92,2026-05-28T13:55:09.399,2026-05-28T14:10:39.399,,20.24994499999957,0.0,37,2026-05-28T13:55:09.402,2026-05-28T14:10:39.402,,0.010614599999826169
20.45445319999999,20.45445319999999,-0.00499202,93,2026-05-28T13:55:09.615,2026-05-28T14:10:39.615,,20.273037200000545,,38,2026-05-28T13:55:09.432,2026-05-28T14:10:39.432,Error desde Arduino: HX711 not found.,-0.18141599999944447
20.66968310000084,20.66968310000084,-0.004916648,94,2026-05-28T13:55:09.830,2026-05-28T14:10:39.830,,20.273037200000545,,38,2026-05-28T13:55:09.432,2026-05-28T14:10:39.432,Error desde Arduino: HX711 not found.,-0.3966459000002942
20.88477090000015,20.88477090000015,-0.004941974,95,2026-05-28T13:55:10.035,2026-05-28T14:10:40.035,,21.264702199998283,0.0,39,2026-05-28T13:55:10.424,2026-05-28T14:10:40.424,,0.3799312999981339
21.09988610000073,21.09988610000073,-0.004926846,96,2026-05-28T13:55:10.258,2026-05-28T14:10:40.258,,21.264702199998283,0.0,39,2026-05-28T13:55:10.424,2026-05-28T14:10:40.424,,0.16481609999755165
21.3150315999992,21.3150315999992,-0.004930374,97,2026-05-28T13:55:10.475,2026-05-28T14:10:40.475,,21.287770200000523,,40,2026-05-28T13:55:10.448,2026-05-28T14:10:40.448,Error desde Arduino: HX711 not found.,-0.027261399998678826
21.530165399999532,21.530165399999532,-0.004986188,98,2026-05-28T13:55:10.690,2026-05-28T14:10:40.690,,21.287770200000523,,40,2026-05-28T13:55:10.448,2026-05-28T14:10:40.448,Error desde Arduino: HX711 not found.,-0.2423951999990095
21.745278599999438,21.745278599999438,-0.004966097,99,2026-05-28T13:55:10.902,2026-05-28T14:10:40.902,,21.287770200000523,,40,2026-05-28T13:55:10.448,2026-05-28T14:10:40.448,Error desde Arduino: HX711 not found.,-0.4575083999989147
21.960517399998935,21.960517399998935,-0.00489707,100,2026-05-28T13:55:11.118,2026-05-28T14:10:41.118,,22.279421600000205,0.0,41,2026-05-28T13:55:11.435,2026-05-28T14:10:41.435,,0.3189042000012705
22.17563059999884,22.17563059999884,-0.004893049,101,2026-05-28T13:55:11.332,2026-05-28T14:10:41.332,,22.279421600000205,0.0,41,2026-05-28T13:55:11.435,2026-05-28T14:10:41.435,,0.10379100000136532
22.3908291000007,22.3908291000007,-0.0049548,102,2026-05-28T13:55:11.548,2026-05-28T14:10:41.548,,22.302485199998046,,42,2026-05-28T13:55:11.458,2026-05-28T14:10:41.458,Error desde Arduino: HX711 not found.,-0.08834390000265557
22.605905199998233,22.605905199998233,-0.004920511,103,2026-05-28T13:55:11.765,2026-05-28T14:10:41.765,,22.302485199998046,,42,2026-05-28T13:55:11.458,2026-05-28T14:10:41.458,Error desde Arduino: HX711 not found.,-0.30342000000018743
22.820954099999653,22.820954099999653,-0.004872989,104,2026-05-28T13:55:11.975,2026-05-28T14:10:41.975,,23.294077200000174,0.0,43,2026-05-28T13:55:12.448,2026-05-28T14:10:42.448,,0.47312310000052094
23.036125899998297,23.036125899998297,-0.004899656,105,2026-05-28T13:55:12.194,2026-05-28T14:10:42.194,,23.294077200000174,0.0,43,2026-05-28T13:55:12.448,2026-05-28T14:10:42.448,,0.2579513000018778
23.251010600000882,23.251010600000882,-0.004846909,106,2026-05-28T13:55:12.408,2026-05-28T14:10:42.408,,23.294077200000174,0.0,43,2026-05-28T13:55:12.448,2026-05-28T14:10:42.448,,0.04306659999929252
23.466213299998344,23.466213299998344,-0.004831309,107,2026-05-28T13:55:12.626,2026-05-28T14:10:42.626,,23.317335399999138,,44,2026-05-28T13:55:12.475,2026-05-28T14:10:42.475,Error desde Arduino: HX711 not found.,-0.14887789999920642
23.681298399998923,23.681298399998923,-0.004841465,108,2026-05-28T13:55:12.835,2026-05-28T14:10:42.835,,23.317335399999138,,44,2026-05-28T13:55:12.475,2026-05-28T14:10:42.475,Error desde Arduino: HX711 not found.,-0.3639629999997851
23.896395399999165,23.896395399999165,-0.004855327,109,2026-05-28T13:55:13.052,2026-05-28T14:10:43.052,,24.30879139999888,0.0,45,2026-05-28T13:55:13.468,2026-05-28T14:10:43.468,,0.4123959999997169
24.111443400001008,24.111443400001008,-0.004808736,110,2026-05-28T13:55:13.265,2026-05-28T14:10:43.265,,24.30879139999888,0.0,45,2026-05-28T13:55:13.468,2026-05-28T14:10:43.468,,0.19734799999787356
24.32643989999997,24.32643989999997,-0.004834973,111,2026-05-28T13:55:13.482,2026-05-28T14:10:43.482,,24.331961399999273,,46,2026-05-28T13:55:13.492,2026-05-28T14:10:43.492,Error desde Arduino: HX711 not found.,0.005521499999304069
24.541267399999924,24.541267399999924,-0.004799219,112,2026-05-28T13:55:13.700,2026-05-28T14:10:43.700,,24.331961399999273,,46,2026-05-28T13:55:13.492,2026-05-28T14:10:43.492,Error desde Arduino: HX711 not found.,-0.2093060000006517
24.756404799998563,24.756404799998563,-0.004802946,113,2026-05-28T13:55:13.916,2026-05-28T14:10:43.916,,24.331961399999273,,46,2026-05-28T13:55:13.492,2026-05-28T14:10:43.492,Error desde Arduino: HX711 not found.,-0.4244433999992907
24.971464999998716,24.971464999998716,-0.004813291,114,2026-05-28T13:55:14.131,2026-05-28T14:10:44.131,,25.323524700001144,0.0,47,2026-05-28T13:55:14.482,2026-05-28T14:10:44.482,,0.35205970000242814
25.186615700000402,25.186615700000402,-0.004789964,115,2026-05-28T13:55:14.341,2026-05-28T14:10:44.341,,25.323524700001144,0.0,47,2026-05-28T13:55:14.482,2026-05-28T14:10:44.482,,0.1369090000007418
25.401768299998366,25.401768299998366,-0.004775264,116,2026-05-28T13:55:14.562,2026-05-28T14:10:44.562,,25.346606399998564,,48,2026-05-28T13:55:14.505,2026-05-28T14:10:44.505,Error desde Arduino: HX711 not found.,-0.0551618999998027
25.61698239999896,25.61698239999896,-0.004775453,117,2026-05-28T13:55:14.777,2026-05-28T14:10:44.777,,25.346606399998564,,48,2026-05-28T13:55:14.505,2026-05-28T14:10:44.505,Error desde Arduino: HX711 not found.,-0.27037600000039674
25.832142600000225,25.832142600000225,-0.004721984,118,2026-05-28T13:55:14.991,2026-05-28T14:10:44.991,,25.346606399998564,,48,2026-05-28T13:55:14.505,2026-05-28T14:10:44.505,Error desde Arduino: HX711 not found.,-0.4855362000016612
26.04729909999878,26.04729909999878,-0.004600304,119,2026-05-28T13:55:15.207,2026-05-28T14:10:45.207,,26.338147899998148,0.0,49,2026-05-28T13:55:15.498,2026-05-28T14:10:45.498,,0.29084879999936675
26.26247610000064,26.26247610000064,-0.004411294,120,2026-05-28T13:55:15.422,2026-05-28T14:10:45.422,,26.338147899998148,0.0,49,2026-05-28T13:55:15.498,2026-05-28T14:10:45.498,,0.07567179999750806
26.477429999999003,26.477429999999003,-0.004364033,121,2026-05-28T13:55:15.632,2026-05-28T14:10:45.632,,26.36141140000109,,50,2026-05-28T13:55:15.521,2026-05-28T14:10:45.521,Error desde Arduino: HX711 not found.,-0.11601859999791486
26.692482099999324,26.692482099999324,-0.004288557,122,2026-05-28T13:55:15.849,2026-05-28T14:10:45.849,,26.36141140000109,,50,2026-05-28T13:55:15.521,2026-05-28T14:10:45.521,Error desde Arduino: HX711 not found.,-0.3310706999982358
26.90758249999999,26.90758249999999,-0.004263115,123,2026-05-28T13:55:16.065,2026-05-28T14:10:46.065,,27.35271460000149,0.0,51,2026-05-28T13:55:16.512,2026-05-28T14:10:46.512,,0.4451321000015014
27.122747999997955,27.122747999997955,-0.004215048,124,2026-05-28T13:55:16.282,2026-05-28T14:10:46.282,,27.35271460000149,0.0,51,2026-05-28T13:55:16.512,2026-05-28T14:10:46.512,,0.22996660000353586
27.337885500000993,27.337885500000993,-0.004241317,125,2026-05-28T13:55:16.498,2026-05-28T14:10:46.498,,27.35271460000149,0.0,51,2026-05-28T13:55:16.512,2026-05-28T14:10:46.512,,0.01482910000049742
27.55290800000148,27.55290800000148,-0.004219132,126,2026-05-28T13:55:16.710,2026-05-28T14:10:46.710,,27.375885599998583,,52,2026-05-28T13:55:16.535,2026-05-28T14:10:46.535,Error desde Arduino: HX711 not found.,-0.17702240000289748
27.768063999999868,27.768063999999868,-0.004272695,127,2026-05-28T13:55:16.927,2026-05-28T14:10:46.927,,27.375885599998583,,52,2026-05-28T13:55:16.535,2026-05-28T14:10:46.535,Error desde Arduino: HX711 not found.,-0.3921784000012849
27.98311670000112,27.98311670000112,-0.004233643,128,2026-05-28T13:55:17.141,2026-05-28T14:10:47.141,,28.367450099998678,0.0,53,2026-05-28T13:55:17.527,2026-05-28T14:10:47.527,,0.38433339999755844
28.198407100000622,28.198407100000622,-0.004208798,129,2026-05-28T13:55:17.358,2026-05-28T14:10:47.358,,28.367450099998678,0.0,53,2026-05-28T13:55:17.527,2026-05-28T14:10:47.527,,0.16904299999805517
28.413595999998506,28.413595999998506,-0.004150136,130,2026-05-28T13:55:17.565,2026-05-28T14:10:47.565,,28.39067950000026,,54,2026-05-28T13:55:17.548,2026-05-28T14:10:47.548,Error desde Arduino: HX711 not found.,-0.022916499998245854
28.62877010000011,28.62877010000011,-0.004130547,131,2026-05-28T13:55:17.782,2026-05-28T14:10:47.782,,28.39067950000026,,54,2026-05-28T13:55:17.548,2026-05-28T14:10:47.548,Error desde Arduino: HX711 not found.,-0.23809059999985038
28.84382850000111,28.84382850000111,-0.004105302,132,2026-05-28T13:55:18.000,2026-05-28T14:10:48.000,,28.39067950000026,,54,2026-05-28T13:55:17.548,2026-05-28T14:10:47.548,Error desde Arduino: HX711 not found.,-0.4531490000008489
29.0589613000011,29.0589613000011,-0.004080363,133,2026-05-28T13:55:18.219,2026-05-28T14:10:48.219,,29.382072899999912,0.0,55,2026-05-28T13:55:18.535,2026-05-28T14:10:48.535,,0.32311159999881056
29.27399019999939,29.27399019999939,-0.004100151,134,2026-05-28T13:55:18.434,2026-05-28T14:10:48.434,,29.382072899999912,0.0,55,2026-05-28T13:55:18.535,2026-05-28T14:10:48.535,,0.10808270000052289
29.489122599999973,29.489122599999973,-0.00414487,135,2026-05-28T13:55:18.649,2026-05-28T14:10:48.649,,29.405096499998763,,56,2026-05-28T13:55:18.565,2026-05-28T14:10:48.565,Error desde Arduino: HX711 not found.,-0.08402610000121058
29.704350899999554,29.704350899999554,-0.004145372,136,2026-05-28T13:55:18.863,2026-05-28T14:10:48.863,,29.405096499998763,,56,2026-05-28T13:55:18.565,2026-05-28T14:10:48.565,Error desde Arduino: HX711 not found.,-0.29925440000079107
29.919623199999478,29.919623199999478,-0.004102664,137,2026-05-28T13:55:19.077,2026-05-28T14:10:49.077,,30.396789999998873,0.0,57,2026-05-28T13:55:19.548,2026-05-28T14:10:49.548,,0.47716679999939515
30.1348141999988,30.1348141999988,-0.004047111,138,2026-05-28T13:55:19.292,2026-05-28T14:10:49.292,,30.396789999998873,0.0,57,2026-05-28T13:55:19.548,2026-05-28T14:10:49.548,,0.2619758000000729
30.34986779999963,30.34986779999963,-0.004015126,139,2026-05-28T13:55:19.502,2026-05-28T14:10:49.502,,30.396789999998873,0.0,57,2026-05-28T13:55:19.548,2026-05-28T14:10:49.548,,0.046922199999244185
30.565072800000053,30.565072800000053,-0.003974231,140,2026-05-28T13:55:19.725,2026-05-28T14:10:49.725,,30.4199277000007,,58,2026-05-28T13:55:19.575,2026-05-28T14:10:49.575,Error desde Arduino: HX711 not found.,-0.145145099999354
30.780149499998515,30.780149499998515,-0.004008415,141,2026-05-28T13:55:19.935,2026-05-28T14:10:49.935,,30.4199277000007,,58,2026-05-28T13:55:19.575,2026-05-28T14:10:49.575,Error desde Arduino: HX711 not found.,-0.36022179999781656
30.995387300001312,30.995387300001312,-0.004037123,142,2026-05-28T13:55:20.148,2026-05-28T14:10:50.148,,31.41149139999834,0.0,59,2026-05-28T13:55:20.571,2026-05-28T14:10:50.571,,0.41610409999702824
31.210568200000125,31.210568200000125,-0.004078374,143,2026-05-28T13:55:20.371,2026-05-28T14:10:50.371,,31.41149139999834,0.0,59,2026-05-28T13:55:20.571,2026-05-28T14:10:50.571,,0.20092319999821484
31.42568019999817,31.42568019999817,-0.004142399,144,2026-05-28T13:55:20.586,2026-05-28T14:10:50.586,,31.434750699998403,,60,2026-05-28T13:55:20.586,2026-05-28T14:10:50.586,Error desde Arduino: HX711 not found.,0.00907050000023446
31.640685499998654,31.640685499998654,-0.00413173,145,2026-05-28T13:55:20.801,2026-05-28T14:10:50.801,,31.434750699998403,,60,2026-05-28T13:55:20.586,2026-05-28T14:10:50.586,Error desde Arduino: HX711 not found.,-0.2059348000002501
31.855828499999916,31.855828499999916,-0.004064816,146,2026-05-28T13:55:21.016,2026-05-28T14:10:51.016,,31.434750699998403,,60,2026-05-28T13:55:20.586,2026-05-28T14:10:50.586,Error desde Arduino: HX711 not found.,-0.4210778000015125
32.07096789999923,32.07096789999923,-0.004088195,147,2026-05-28T13:55:21.231,2026-05-28T14:10:51.231,,32.42613100000017,0.0,61,2026-05-28T13:55:21.582,2026-05-28T14:10:51.582,,0.35516310000093654
32.28603039999871,32.28603039999871,-0.004179221,148,2026-05-28T13:55:21.441,2026-05-28T14:10:51.441,,32.42613100000017,0.0,61,2026-05-28T13:55:21.582,2026-05-28T14:10:51.582,,0.1401006000014604
32.50105740000072,32.50105740000072,-0.004245306,149,2026-05-28T13:55:21.660,2026-05-28T14:10:51.660,,32.44930739999836,,62,2026-05-28T13:55:21.608,2026-05-28T14:10:51.608,Error desde Arduino: HX711 not found.,-0.05175000000235741
32.716187699999864,32.716187699999864,-0.004161213,150,2026-05-28T13:55:21.875,2026-05-28T14:10:51.875,,32.44930739999836,,62,2026-05-28T13:55:21.608,2026-05-28T14:10:51.608,Error desde Arduino: HX711 not found.,-0.2668803000015032
32.93140629999834,32.93140629999834,-0.004073966,151,2026-05-28T13:55:22.082,2026-05-28T14:10:52.082,,32.44930739999836,,62,2026-05-28T13:55:21.608,2026-05-28T14:10:51.608,Error desde Arduino: HX711 not found.,-0.4820988999999827
33.1464605000001,33.1464605000001,-0.004078636,152,2026-05-28T13:55:22.298,2026-05-28T14:10:52.298,,33.44073560000106,0.0,63,2026-05-28T13:55:22.598,2026-05-28T14:10:52.598,,0.29427510000095936
33.36153740000009,33.36153740000009,-0.004068564,153,2026-05-28T13:55:22.522,2026-05-28T14:10:52.522,,33.44073560000106,0.0,63,2026-05-28T13:55:22.598,2026-05-28T14:10:52.598,,0.07919820000097388
33.57682809999824,33.57682809999824,-0.004104727,154,2026-05-28T13:55:22.732,2026-05-28T14:10:52.732,,33.463972500001546,,64,2026-05-28T13:55:22.624,2026-05-28T14:10:52.624,Error desde Arduino: HX711 not found.,-0.11285559999669204
33.79195289999916,33.79195289999916,-0.004107689,155,2026-05-28T13:55:22.948,2026-05-28T14:10:52.948,,33.463972500001546,,64,2026-05-28T13:55:22.624,2026-05-28T14:10:52.624,Error desde Arduino: HX711 not found.,-0.32798039999761386
34.007058600000164,34.007058600000164,-0.004101177,156,2026-05-28T13:55:23.165,2026-05-28T14:10:53.165,,34.455402499999764,0.0,65,2026-05-28T13:55:23.615,2026-05-28T14:10:53.615,,0.44834389999959967
34.22205540000141,34.22205540000141,-0.004073705,157,2026-05-28T13:55:23.382,2026-05-28T14:10:53.382,,34.455402499999764,0.0,65,2026-05-28T13:55:23.615,2026-05-28T14:10:53.615,,0.23334709999835468
34.43719659999988,34.43719659999988,-0.004065601,158,2026-05-28T13:55:23.592,2026-05-28T14:10:53.592,,34.455402499999764,0.0,65,2026-05-28T13:55:23.615,2026-05-28T14:10:53.615,,0.018205899999884423
34.6523543000003,34.6523543000003,-0.004072396,159,2026-05-28T13:55:23.808,2026-05-28T14:10:53.808,,34.478413799999544,,66,2026-05-28T13:55:23.632,2026-05-28T14:10:53.632,Error desde Arduino: HX711 not found.,-0.17394050000075367
34.86751709999953,34.86751709999953,-0.004070627,160,2026-05-28T13:55:24.027,2026-05-28T14:10:54.027,,34.478413799999544,,66,2026-05-28T13:55:23.632,2026-05-28T14:10:53.632,Error desde Arduino: HX711 not found.,-0.38910329999998794
35.08261240000138,35.08261240000138,-0.004061298,161,2026-05-28T13:55:24.241,2026-05-28T14:10:54.241,,35.46999430000142,0.0,67,2026-05-28T13:55:24.630,2026-05-28T14:10:54.630,,0.3873819000000367
35.297743700000865,35.297743700000865,-0.004049656,162,2026-05-28T13:55:24.448,2026-05-28T14:10:54.448,,35.46999430000142,0.0,67,2026-05-28T13:55:24.630,2026-05-28T14:10:54.630,,0.17225060000055237
35.512841200001276,35.512841200001276,-0.00404307,163,2026-05-28T13:55:24.665,2026-05-28T14:10:54.665,,35.49314039999808,,68,2026-05-28T13:55:24.648,2026-05-28T14:10:54.648,Error desde Arduino: HX711 not found.,-0.019700800003192853
35.72788869999931,35.72788869999931,-0.004072176,164,2026-05-28T13:55:24.884,2026-05-28T14:10:54.884,,35.49314039999808,,68,2026-05-28T13:55:24.648,2026-05-28T14:10:54.648,Error desde Arduino: HX711 not found.,-0.23474830000122893
35.9430457999988,35.9430457999988,-0.004267177,165,2026-05-28T13:55:25.102,2026-05-28T14:10:55.102,,35.49314039999808,,68,2026-05-28T13:55:24.648,2026-05-28T14:10:54.648,Error desde Arduino: HX711 not found.,-0.4499054000007163
36.15829289999965,36.15829289999965,-0.004327881,166,2026-05-28T13:55:25.318,2026-05-28T14:10:55.318,,36.48461939999834,0.0,69,2026-05-28T13:55:25.641,2026-05-28T14:10:55.641,,0.3263264999986859
36.373465299999225,36.373465299999225,-0.004303319,167,2026-05-28T13:55:25.533,2026-05-28T14:10:55.533,,36.48461939999834,0.0,69,2026-05-28T13:55:25.641,2026-05-28T14:10:55.641,,0.11115409999911208
36.58854549999887,36.58854549999887,-0.004265083,168,2026-05-28T13:55:25.748,2026-05-28T14:10:55.748,,36.50763559999905,,70,2026-05-28T13:55:25.665,2026-05-28T14:10:55.665,Error desde Arduino: HX711 not found.,-0.08090989999982412
36.803842299999815,36.803842299999815,-0.004224607,169,2026-05-28T13:55:25.961,2026-05-28T14:10:55.961,,36.50763559999905,,70,2026-05-28T13:55:25.665,2026-05-28T14:10:55.665,Error desde Arduino: HX711 not found.,-0.29620670000076643
37.01878619999843,37.01878619999843,-0.004219194,170,2026-05-28T13:55:26.175,2026-05-28T14:10:56.175,,37.499257299998135,0.0,71,2026-05-28T13:55:26.658,2026-05-28T14:10:56.658,,0.48047109999970417
37.23399530000097,37.23399530000097,-0.004206442,171,2026-05-28T13:55:26.385,2026-05-28T14:10:56.385,,37.499257299998135,0.0,71,2026-05-28T13:55:26.658,2026-05-28T14:10:56.658,,0.2652619999971648
37.44907289999901,37.44907289999901,-0.004223728,172,2026-05-28T13:55:26.602,2026-05-28T14:10:56.602,,37.499257299998135,0.0,71,2026-05-28T13:55:26.658,2026-05-28T14:10:56.658,,0.05018439999912516
37.66425729999901,37.66425729999901,-0.004238626,173,2026-05-28T13:55:26.823,2026-05-28T14:10:56.823,,37.522345999997924,,72,2026-05-28T13:55:26.682,2026-05-28T14:10:56.682,Error desde Arduino: HX711 not found.,-0.14191130000108387
37.87931089999984,37.87931089999984,-0.004239642,174,2026-05-28T13:55:27.035,2026-05-28T14:10:57.035,,37.522345999997924,,72,2026-05-28T13:55:26.682,2026-05-28T14:10:56.682,Error desde Arduino: HX711 not found.,-0.3569649000019126
38.09447689999797,38.09447689999797,-0.00418946,175,2026-05-28T13:55:27.248,2026-05-28T14:10:57.248,,38.51393180000014,0.0,73,2026-05-28T13:55:27.665,2026-05-28T14:10:57.665,,0.41945490000216523
38.30941940000048,38.30941940000048,-0.004263921,176,2026-05-28T13:55:27.465,2026-05-28T14:10:57.465,,38.51393180000014,0.0,73,2026-05-28T13:55:27.665,2026-05-28T14:10:57.665,,0.20451239999965765
38.524487300001056,38.524487300001056,-0.004381549,177,2026-05-28T13:55:27.682,2026-05-28T14:10:57.682,,38.51393180000014,0.0,73,2026-05-28T13:55:27.665,2026-05-28T14:10:57.665,,-0.010555500000918983
38.73964210000122,38.73964210000122,-0.004415502,178,2026-05-28T13:55:27.898,2026-05-28T14:10:57.898,,38.53702189999967,,74,2026-05-28T13:55:27.695,2026-05-28T14:10:57.695,Error desde Arduino: HX711 not found.,-0.20262020000154735
38.95479949999935,38.95479949999935,-0.004429867,179,2026-05-28T13:55:28.115,2026-05-28T14:10:58.115,,38.53702189999967,,74,2026-05-28T13:55:27.695,2026-05-28T14:10:57.695,Error desde Arduino: HX711 not found.,-0.4177775999996811
39.17004729999826,39.17004729999826,-0.004460994,180,2026-05-28T13:55:28.330,2026-05-28T14:10:58.330,,39.52861249999842,0.0,75,2026-05-28T13:55:28.681,2026-05-28T14:10:58.681,,0.35856520000015735
39.38517959999808,39.38517959999808,-0.004406656,181,2026-05-28T13:55:28.541,2026-05-28T14:10:58.541,,39.52861249999842,0.0,75,2026-05-28T13:55:28.681,2026-05-28T14:10:58.681,,0.14343290000033448
39.60036720000062,39.60036720000062,-0.004447132,182,2026-05-28T13:55:28.760,2026-05-28T14:10:58.760,,39.551814399997966,,76,2026-05-28T13:55:28.711,2026-05-28T14:10:58.711,Error desde Arduino: HX711 not found.,-0.048552800002653385
39.81546140000137,39.81546140000137,-0.004406467,183,2026-05-28T13:55:28.975,2026-05-28T14:10:58.975,,39.551814399997966,,76,2026-05-28T13:55:28.711,2026-05-28T14:10:58.711,Error desde Arduino: HX711 not found.,-0.26364700000340235
40.03100970000014,40.03100970000014,-0.004374063,184,2026-05-28T13:55:29.182,2026-05-28T14:10:59.182,,39.551814399997966,,76,2026-05-28T13:55:28.711,2026-05-28T14:10:58.711,Error desde Arduino: HX711 not found.,-0.4791953000021749
40.24625979999837,40.24625979999837,-0.004379047,185,2026-05-28T13:55:29.398,2026-05-28T14:10:59.398,,40.54332649999924,0.0,77,2026-05-28T13:55:29.701,2026-05-28T14:10:59.701,,0.2970667000008689
40.46143429999938,40.46143429999938,-0.004337304,186,2026-05-28T13:55:29.621,2026-05-28T14:10:59.621,,40.54332649999924,0.0,77,2026-05-28T13:55:29.701,2026-05-28T14:10:59.701,,0.08189219999985653
40.67645540000012,40.67645540000012,-0.004327745,187,2026-05-28T13:55:29.832,2026-05-28T14:10:59.832,,40.56650520000039,,78,2026-05-28T13:55:29.726,2026-05-28T14:10:59.726,Error desde Arduino: HX711 not found.,-0.1099501999997301
40.89167459999953,40.89167459999953,-0.004307507,188,2026-05-28T13:55:30.048,2026-05-28T14:11:00.048,,40.56650520000039,,78,2026-05-28T13:55:29.726,2026-05-28T14:10:59.726,Error desde Arduino: HX711 not found.,-0.3251693999991403
41.10689249999996,41.10689249999996,-0.004323913,189,2026-05-28T13:55:30.265,2026-05-28T14:11:00.265,,41.558038499999384,0.0,79,2026-05-28T13:55:30.718,2026-05-28T14:11:00.718,,0.45114599999942584
41.321852500001114,41.321852500001114,-0.0042913,190,2026-05-28T13:55:30.482,2026-05-28T14:11:00.482,,41.558038499999384,0.0,79,2026-05-28T13:55:30.718,2026-05-28T14:11:00.718,,0.23618599999826984
41.53699440000128,41.53699440000128,-0.004218441,191,2026-05-28T13:55:30.692,2026-05-28T14:11:00.692,,41.558038499999384,0.0,79,2026-05-28T13:55:30.718,2026-05-28T14:11:00.718,,0.021044099998107413
41.75198839999939,41.75198839999939,-0.00419547,192,2026-05-28T13:55:30.908,2026-05-28T14:11:00.908,,41.581210600001214,,80,2026-05-28T13:55:30.732,2026-05-28T14:11:00.732,Error desde Arduino: HX711 not found.,-0.17077779999817722
41.967044900000474,41.967044900000474,-0.004312689,193,2026-05-28T13:55:31.127,2026-05-28T14:11:01.127,,41.581210600001214,,80,2026-05-28T13:55:30.732,2026-05-28T14:11:00.732,Error desde Arduino: HX711 not found.,-0.3858342999992601
42.18212670000139,42.18212670000139,-0.004412644,194,2026-05-28T13:55:31.341,2026-05-28T14:11:01.341,,42.57274540000071,0.0,81,2026-05-28T13:55:31.732,2026-05-28T14:11:01.732,,0.3906186999993224
42.397312400000374,42.397312400000374,-0.004417209,195,2026-05-28T13:55:31.548,2026-05-28T14:11:01.548,,42.57274540000071,0.0,81,2026-05-28T13:55:31.732,2026-05-28T14:11:01.732,,0.17543300000033923
42.61244960000113,42.61244960000113,-0.004367677,196,2026-05-28T13:55:31.765,2026-05-28T14:11:01.765,,42.59585579999839,,82,2026-05-28T13:55:31.748,2026-05-28T14:11:01.748,Error desde Arduino: HX711 not found.,-0.016593800002738135
42.82744879999882,42.82744879999882,-0.004423501,197,2026-05-28T13:55:31.982,2026-05-28T14:11:01.982,,42.59585579999839,,82,2026-05-28T13:55:31.748,2026-05-28T14:11:01.748,Error desde Arduino: HX711 not found.,-0.23159300000043004
43.04251749999821,43.04251749999821,-0.004301529,198,2026-05-28T13:55:32.202,2026-05-28T14:11:02.202,,42.59585579999839,,82,2026-05-28T13:55:31.748,2026-05-28T14:11:01.748,Error desde Arduino: HX711 not found.,-0.4466616999998223
43.25775870000143,43.25775870000143,-0.004221801,199,2026-05-28T13:55:32.417,2026-05-28T14:11:02.417,,43.58754599999884,0.0,83,2026-05-28T13:55:32.745,2026-05-28T14:11:02.745,,0.3297872999974061
43.47293619999982,43.47293619999982,-0.0042962,200,2026-05-28T13:55:32.632,2026-05-28T14:11:02.632,,43.58754599999884,0.0,83,2026-05-28T13:55:32.745,2026-05-28T14:11:02.745,,0.1146097999990161
43.68783039999835,43.68783039999835,-0.004337545,201,2026-05-28T13:55:32.848,2026-05-28T14:11:02.848,,43.61088639999798,,84,2026-05-28T13:55:32.765,2026-05-28T14:11:02.765,Error desde Arduino: HX711 not found.,-0.07694400000036694
43.90302149999843,43.90302149999843,-0.004461863,202,2026-05-28T13:55:33.061,2026-05-28T14:11:03.061,,43.61088639999798,,84,2026-05-28T13:55:32.765,2026-05-28T14:11:02.765,Error desde Arduino: HX711 not found.,-0.2921351000004506
44.11799790000077,44.11799790000077,-0.004452796,203,2026-05-28T13:55:33.278,2026-05-28T14:11:03.278,,44.60223179999957,0.0,85,2026-05-28T13:55:33.760,2026-05-28T14:11:03.760,,0.48423389999879873
44.33319090000077,44.33319090000077,-0.004407451,204,2026-05-28T13:55:33.485,2026-05-28T14:11:03.485,,44.60223179999957,0.0,85,2026-05-28T13:55:33.760,2026-05-28T14:11:03.760,,0.26904089999879943
44.54824480000025,44.54824480000025,-0.004456041,205,2026-05-28T13:55:33.702,2026-05-28T14:11:03.702,,44.60223179999957,0.0,85,2026-05-28T13:55:33.760,2026-05-28T14:11:03.760,,0.053986999999324325
44.76347159999932,44.76347159999932,-0.004507657,206,2026-05-28T13:55:33.923,2026-05-28T14:11:03.923,,44.6254900999993,,86,2026-05-28T13:55:33.782,2026-05-28T14:11:03.782,Error desde Arduino: HX711 not found.,-0.13798150000002352
44.978436900000816,44.978436900000816,-0.00446605,207,2026-05-28T13:55:34.138,2026-05-28T14:11:04.138,,44.6254900999993,,86,2026-05-28T13:55:33.782,2026-05-28T14:11:03.782,Error desde Arduino: HX711 not found.,-0.35294680000151857
45.193695499998285,45.193695499998285,-0.004398217,208,2026-05-28T13:55:34.352,2026-05-28T14:11:04.352,,45.61690939999971,0.0,87,2026-05-28T13:55:34.776,2026-05-28T14:11:04.776,,0.42321390000142856
45.408974099998886,45.408974099998886,-0.004332435,209,2026-05-28T13:55:34.565,2026-05-28T14:11:04.565,,45.61690939999971,0.0,87,2026-05-28T13:55:34.776,2026-05-28T14:11:04.776,,0.20793530000082683
45.62398309999844,45.62398309999844,-0.004330352,210,2026-05-28T13:55:34.784,2026-05-28T14:11:04.784,,45.61690939999971,0.0,87,2026-05-28T13:55:34.776,2026-05-28T14:11:04.776,,-0.007073699998727534
45.839060499998595,45.839060499998595,-0.004420706,211,2026-05-28T13:55:34.998,2026-05-28T14:11:04.998,,45.63996659999975,,88,2026-05-28T13:55:34.800,2026-05-28T14:11:04.800,Error desde Arduino: HX711 not found.,-0.19909389999884297
46.054206100001466,46.054206100001466,-0.004496235,212,2026-05-28T13:55:35.211,2026-05-28T14:11:05.211,,45.63996659999975,,88,2026-05-28T13:55:34.800,2026-05-28T14:11:04.800,Error desde Arduino: HX711 not found.,-0.41423950000171317
46.26954889999979,46.26954889999979,-0.004544647,213,2026-05-28T13:55:35.429,2026-05-28T14:11:05.429,,46.63171059999877,0.0,89,2026-05-28T13:55:35.792,2026-05-28T14:11:05.792,,0.3621616999989783
46.48453449999943,46.48453449999943,-0.004497261,214,2026-05-28T13:55:35.641,2026-05-28T14:11:05.641,,46.63171059999877,0.0,89,2026-05-28T13:55:35.792,2026-05-28T14:11:05.792,,0.1471760999993421
46.69970219999959,46.69970219999959,-0.004396406,215,2026-05-28T13:55:35.858,2026-05-28T14:11:05.858,,46.654970600000524,,90,2026-05-28T13:55:35.815,2026-05-28T14:11:05.815,Error desde Arduino: HX711 not found.,-0.04473159999906784
46.91464989999804,46.91464989999804,-0.004424967,216,2026-05-28T13:55:36.065,2026-05-28T14:11:06.065,,46.654970600000524,,90,2026-05-28T13:55:35.815,2026-05-28T14:11:05.815,Error desde Arduino: HX711 not found.,-0.25967929999751505
47.1298526999999,47.1298526999999,-0.004442043,217,2026-05-28T13:55:36.281,2026-05-28T14:11:06.281,,46.654970600000524,,90,2026-05-28T13:55:35.815,2026-05-28T14:11:05.815,Error desde Arduino: HX711 not found.,-0.4748820999993768
47.344840300000214,47.344840300000214,-0.004560477,218,2026-05-28T13:55:36.498,2026-05-28T14:11:06.498,,47.64641230000052,0.0,91,2026-05-28T13:55:36.798,2026-05-28T14:11:06.798,,0.3015720000003057
47.55996750000122,47.55996750000122,-0.004496078,219,2026-05-28T13:55:36.720,2026-05-28T14:11:06.720,,47.64641230000052,0.0,91,2026-05-28T13:55:36.798,2026-05-28T14:11:06.798,,0.086444799999299
47.7749917000001,47.7749917000001,-0.004551232,220,2026-05-28T13:55:36.932,2026-05-28T14:11:06.932,,47.669722399998136,,92,2026-05-28T13:55:36.830,2026-05-28T14:11:06.830,Error desde Arduino: HX711 not found.,-0.10526930000196444
47.990321199999016,47.990321199999016,-0.004513227,221,2026-05-28T13:55:37.148,2026-05-28T14:11:07.148,,47.669722399998136,,92,2026-05-28T13:55:36.830,2026-05-28T14:11:06.830,Error desde Arduino: HX711 not found.,-0.32059880000088015
48.20519499999864,48.20519499999864,-0.004596933,222,2026-05-28T13:55:37.365,2026-05-28T14:11:07.365,,48.66102899999896,0.0,93,2026-05-28T13:55:37.821,2026-05-28T14:11:07.821,,0.4558340000003227
48.420363199998974,48.420363199998974,-0.004663835,223,2026-05-28T13:55:37.575,2026-05-28T14:11:07.575,,48.66102899999896,0.0,93,2026-05-28T13:55:37.821,2026-05-28T14:11:07.821,,0.24066579999998794
48.635743800001364,48.635743800001364,-0.004646602,224,2026-05-28T13:55:37.795,2026-05-28T14:11:07.795,,48.66102899999896,0.0,93,2026-05-28T13:55:37.821,2026-05-28T14:11:07.821,,0.025285199997597374
48.8508350000011,48.8508350000011,-0.004535852,225,2026-05-28T13:55:38.002,2026-05-28T14:11:08.002,,48.69529429999966,,95,2026-05-28T13:55:37.848,2026-05-28T14:11:07.848,Error desde Arduino: HX711 not found.,-0.15554070000143838
49.065877199998795,49.065877199998795,-0.004549212,226,2026-05-28T13:55:38.226,2026-05-28T14:11:08.226,,48.69529429999966,,95,2026-05-28T13:55:37.848,2026-05-28T14:11:07.848,Error desde Arduino: HX711 not found.,-0.3705828999991354
49.28095359999861,49.28095359999861,-0.004612763,227,2026-05-28T13:55:38.432,2026-05-28T14:11:08.432,,49.68662190000032,0.0,96,2026-05-28T13:55:38.841,2026-05-28T14:11:08.841,,0.4056683000017074
49.496167599998444,49.496167599998444,-0.004662474,228,2026-05-28T13:55:38.649,2026-05-28T14:11:08.649,,49.68662190000032,0.0,96,2026-05-28T13:55:38.841,2026-05-28T14:11:08.841,,0.1904543000018748
49.711220799999865,49.711220799999865,-0.004677121,229,2026-05-28T13:55:38.866,2026-05-28T14:11:08.866,,49.70974170000045,,97,2026-05-28T13:55:38.866,2026-05-28T14:11:08.866,Error desde Arduino: HX711 not found.,-0.001479099999414757
49.92612549999831,49.92612549999831,-0.004605947,230,2026-05-28T13:55:39.086,2026-05-28T14:11:09.086,,49.70974170000045,,97,2026-05-28T13:55:38.866,2026-05-28T14:11:08.866,Error desde Arduino: HX711 not found.,-0.21638379999785684
50.14097050000055,50.14097050000055,-0.004650402,231,2026-05-28T13:55:39.298,2026-05-28T14:11:09.298,,49.70974170000045,,97,2026-05-28T13:55:38.866,2026-05-28T14:11:08.866,Error desde Arduino: HX711 not found.,-0.431228800000099
50.35610470000029,50.35610470000029,-0.004779944,232,2026-05-28T13:55:39.516,2026-05-28T14:11:09.516,,50.70137389999945,0.0,98,2026-05-28T13:55:39.858,2026-05-28T14:11:09.858,,0.3452691999991657
50.57108650000009,50.57108650000009,-0.004855913,233,2026-05-28T13:55:39.731,2026-05-28T14:11:09.731,,50.70137389999945,0.0,98,2026-05-28T13:55:39.858,2026-05-28T14:11:09.858,,0.1302873999993608
50.78643640000155,50.78643640000155,-0.004911487,234,2026-05-28T13:55:39.945,2026-05-28T14:11:09.945,,50.72469310000088,,99,2026-05-28T13:55:39.882,2026-05-28T14:11:09.882,Error desde Arduino: HX711 not found.,-0.0617433000006713
51.00136710000152,51.00136710000152,-0.004987654,235,2026-05-28T13:55:40.158,2026-05-28T14:11:10.158,,50.72469310000088,,99,2026-05-28T13:55:39.882,2026-05-28T14:11:09.882,Error desde Arduino: HX711 not found.,-0.27667400000063935
51.21653239999796,51.21653239999796,-0.005016875,236,2026-05-28T13:55:40.375,2026-05-28T14:11:10.375,,50.72469310000088,,99,2026-05-28T13:55:39.882,2026-05-28T14:11:09.882,Error desde Arduino: HX711 not found.,-0.491839299997082
51.431858699997974,51.431858699997974,-0.005062775,237,2026-05-28T13:55:40.592,2026-05-28T14:11:10.592,,51.71599129999959,0.0,100,2026-05-28T13:55:40.869,2026-05-28T14:11:10.869,,0.28413260000161245
51.6469900000011,51.6469900000011,-0.005109836,238,2026-05-28T13:55:40.800,2026-05-28T14:11:10.800,,51.71599129999959,0.0,100,2026-05-28T13:55:40.869,2026-05-28T14:11:10.869,,0.06900129999849014
51.86215309999898,51.86215309999898,-0.005097356,239,2026-05-28T13:55:41.022,2026-05-28T14:11:11.022,,51.73918010000125,,101,2026-05-28T13:55:40.898,2026-05-28T14:11:10.898,Error desde Arduino: HX711 not found.,-0.12297299999772804
52.0770984999981,52.0770984999981,-0.005075799,240,2026-05-28T13:55:41.232,2026-05-28T14:11:11.232,,51.73918010000125,,101,2026-05-28T13:55:40.898,2026-05-28T14:11:10.898,Error desde Arduino: HX711 not found.,-0.3379183999968518
52.29234709999946,52.29234709999946,-0.005065957,241,2026-05-28T13:55:41.448,2026-05-28T14:11:11.448,,52.73062220000065,0.0,102,2026-05-28T13:55:41.882,2026-05-28T14:11:11.882,,0.4382751000011922
52.507301599998755,52.507301599998755,-0.00510123,242,2026-05-28T13:55:41.665,2026-05-28T14:11:11.665,,52.73062220000065,0.0,102,2026-05-28T13:55:41.882,2026-05-28T14:11:11.882,,0.22332060000189813
52.72248330000002,52.72248330000002,-0.005156249,243,2026-05-28T13:55:41.882,2026-05-28T14:11:11.882,,52.73062220000065,0.0,102,2026-05-28T13:55:41.882,2026-05-28T14:11:11.882,,0.00813890000063111
52.93758109999908,52.93758109999908,-0.005194148,244,2026-05-28T13:55:42.091,2026-05-28T14:11:12.091,,52.753780899998674,,103,2026-05-28T13:55:41.914,2026-05-28T14:11:11.914,Error desde Arduino: HX711 not found.,-0.1838002000004053
53.15282640000078,53.15282640000078,-0.005160478,245,2026-05-28T13:55:42.308,2026-05-28T14:11:12.308,,52.753780899998674,,103,2026-05-28T13:55:41.914,2026-05-28T14:11:11.914,Error desde Arduino: HX711 not found.,-0.3990455000021029
53.367746899999474,53.367746899999474,-0.005112276,246,2026-05-28T13:55:42.528,2026-05-28T14:11:12.528,,53.745195100000274,0.0,104,2026-05-28T13:55:42.898,2026-05-28T14:11:12.898,,0.37744820000079926
53.58298989999821,53.58298989999821,-0.005102602,247,2026-05-28T13:55:42.741,2026-05-28T14:11:12.741,,53.745195100000274,0.0,104,2026-05-28T13:55:42.898,2026-05-28T14:11:12.898,,0.16220520000206307
53.798132399999304,53.798132399999304,-0.005106632,248,2026-05-28T13:55:42.958,2026-05-28T14:11:12.958,,53.7683775000005,,105,2026-05-28T13:55:42.928,2026-05-28T14:11:12.928,Error desde Arduino: HX711 not found.,-0.02975489999880665
54.01318309999988,54.01318309999988,-0.005097911,249,2026-05-28T13:55:43.171,2026-05-28T14:11:13.171,,53.7683775000005,,105,2026-05-28T13:55:42.928,2026-05-28T14:11:12.928,Error desde Arduino: HX711 not found.,-0.24480559999938123
54.228563900000154,54.228563900000154,-0.005103303,250,2026-05-28T13:55:43.382,2026-05-28T14:11:13.382,,53.7683775000005,,105,2026-05-28T13:55:42.928,2026-05-28T14:11:12.928,Error desde Arduino: HX711 not found.,-0.4601863999996567
54.443530000000464,54.443530000000464,-0.005129676,251,2026-05-28T13:55:43.598,2026-05-28T14:11:13.598,,54.75981949999914,0.0,106,2026-05-28T13:55:43.920,2026-05-28T14:11:13.920,,0.31628949999867473
54.65871419999894,54.65871419999894,-0.005161421,252,2026-05-28T13:55:43.819,2026-05-28T14:11:13.819,,54.75981949999914,0.0,106,2026-05-28T13:55:43.920,2026-05-28T14:11:13.920,,0.10110530000019935
54.8738216999991,54.8738216999991,-0.005158657,253,2026-05-28T13:55:44.032,2026-05-28T14:11:14.032,,54.78295739999885,,107,2026-05-28T13:55:43.941,2026-05-28T14:11:13.941,Error desde Arduino: HX711 not found.,-0.09086430000024848
55.08889519999866,55.08889519999866,-0.005134587,254,2026-05-28T13:55:44.248,2026-05-28T14:11:14.248,,54.78295739999885,,107,2026-05-28T13:55:43.941,2026-05-28T14:11:13.941,Error desde Arduino: HX711 not found.,-0.3059377999998105
55.30389500000092,55.30389500000092,-0.005136775,255,2026-05-28T13:55:44.458,2026-05-28T14:11:14.458,,55.77450529999987,0.0,108,2026-05-28T13:55:44.934,2026-05-28T14:11:14.934,,0.47061029999895254
55.51897699999972,55.51897699999972,-0.005138754,256,2026-05-28T13:55:44.679,2026-05-28T14:11:14.679,,55.77450529999987,0.0,108,2026-05-28T13:55:44.934,2026-05-28T14:11:14.934,,0.2555283000001509
55.734028599999874,55.734028599999874,-0.005133655,257,2026-05-28T13:55:44.892,2026-05-28T14:11:14.892,,55.77450529999987,0.0,108,2026-05-28T13:55:44.934,2026-05-28T14:11:14.934,,0.040476699999999255
55.94891899999857,55.94891899999857,-0.005141978,258,2026-05-28T13:55:45.108,2026-05-28T14:11:15.108,,55.79774779999934,,109,2026-05-28T13:55:44.948,2026-05-28T14:11:14.948,Error desde Arduino: HX711 not found.,-0.1511711999992258
56.16403699999864,56.16403699999864,-0.005160499,259,2026-05-28T13:55:45.324,2026-05-28T14:11:15.324,,55.79774779999934,,109,2026-05-28T13:55:44.948,2026-05-28T14:11:14.948,Error desde Arduino: HX711 not found.,-0.36628919999930076
56.37930309999865,56.37930309999865,-0.005174906,260,2026-05-28T13:55:45.535,2026-05-28T14:11:15.535,,56.789059499998984,0.0,110,2026-05-28T13:55:45.948,2026-05-28T14:11:15.948,,0.4097564000003331
56.59432089999973,56.59432089999973,-0.005191206,261,2026-05-28T13:55:45.754,2026-05-28T14:11:15.754,,56.789059499998984,0.0,110,2026-05-28T13:55:45.948,2026-05-28T14:11:15.948,,0.1947385999992548
56.8094491999982,56.8094491999982,-0.005195185,262,2026-05-28T13:55:45.968,2026-05-28T14:11:15.968,,56.8123334999982,,111,2026-05-28T13:55:45.968,2026-05-28T14:11:15.968,Error desde Arduino: HX711 not found.,0.002884300000005169
57.02500069999951,57.02500069999951,-0.005196483,263,2026-05-28T13:55:46.185,2026-05-28T14:11:16.185,,56.8123334999982,,111,2026-05-28T13:55:45.968,2026-05-28T14:11:15.968,Error desde Arduino: HX711 not found.,-0.2126672000013059
57.240105900000344,57.240105900000344,-0.005188515,264,2026-05-28T13:55:46.399,2026-05-28T14:11:16.399,,56.8123334999982,,111,2026-05-28T13:55:45.968,2026-05-28T14:11:15.968,Error desde Arduino: HX711 not found.,-0.4277724000021408
57.45516029999999,57.45516029999999,-0.00518907,265,2026-05-28T13:55:46.614,2026-05-28T14:11:16.614,,57.80368649999946,0.0,112,2026-05-28T13:55:46.958,2026-05-28T14:11:16.958,,0.3485261999994691
57.67030180000074,57.67030180000074,-0.005177052,266,2026-05-28T13:55:46.830,2026-05-28T14:11:16.830,,57.80368649999946,0.0,112,2026-05-28T13:55:46.958,2026-05-28T14:11:16.958,,0.1333846999987145
57.885428699999466,57.885428699999466,-0.005182317,267,2026-05-28T13:55:47.045,2026-05-28T14:11:17.045,,57.826890000000276,,113,2026-05-28T13:55:46.982,2026-05-28T14:11:16.982,Error desde Arduino: HX711 not found.,-0.0585386999991897
58.1005382000003,58.1005382000003,-0.005164111,268,2026-05-28T13:55:47.258,2026-05-28T14:11:17.258,,57.826890000000276,,113,2026-05-28T13:55:46.982,2026-05-28T14:11:16.982,Error desde Arduino: HX711 not found.,-0.2736482000000251
58.3157824000009,58.3157824000009,-0.005124724,269,2026-05-28T13:55:47.475,2026-05-28T14:11:17.475,,57.826890000000276,,113,2026-05-28T13:55:46.982,2026-05-28T14:11:16.982,Error desde Arduino: HX711 not found.,-0.48889240000062273
58.53096920000098,58.53096920000098,-0.005022456,270,2026-05-28T13:55:47.690,2026-05-28T14:11:17.690,,58.81831880000027,0.0,114,2026-05-28T13:55:47.975,2026-05-28T14:11:17.975,,0.28734959999928833
58.746069500000885,58.746069500000885,-0.004969855,271,2026-05-28T13:55:47.898,2026-05-28T14:11:17.898,,58.81831880000027,0.0,114,2026-05-28T13:55:47.975,2026-05-28T14:11:17.975,,0.07224929999938468
58.96125050000046,58.96125050000046,-0.004849652,272,2026-05-28T13:55:48.121,2026-05-28T14:11:18.121,,58.84132089999912,,115,2026-05-28T13:55:48.001,2026-05-28T14:11:18.001,Error desde Arduino: HX711 not found.,-0.1199296000013419
59.17641830000139,59.17641830000139,-0.004771035,273,2026-05-28T13:55:48.332,2026-05-28T14:11:18.332,,58.84132089999912,,115,2026-05-28T13:55:48.001,2026-05-28T14:11:18.001,Error desde Arduino: HX711 not found.,-0.33509740000226884
59.39150549999977,59.39150549999977,-0.004648256,274,2026-05-28T13:55:48.548,2026-05-28T14:11:18.548,,59.832841200000985,0.0,116,2026-05-28T13:55:48.992,2026-05-28T14:11:18.992,,0.44133570000121836
59.606454900000244,59.606454900000244,-0.004539977,275,2026-05-28T13:55:48.766,2026-05-28T14:11:18.766,,59.832841200000985,0.0,116,2026-05-28T13:55:48.992,2026-05-28T14:11:18.992,,0.22638630000074045
59.82164869999906,59.82164869999906,-0.004496235,276,2026-05-28T13:55:48.982,2026-05-28T14:11:18.982,,59.832841200000985,0.0,116,2026-05-28T13:55:48.992,2026-05-28T14:11:18.992,,0.01119250000192551
60.03674210000099,60.03674210000099,-0.004519865,277,2026-05-28T13:55:49.192,2026-05-28T14:11:19.192,,59.85607059999893,,117,2026-05-28T13:55:49.016,2026-05-28T14:11:19.016,Error desde Arduino: HX711 not found.,-0.1806715000020631
60.25183729999844,60.25183729999844,-0.004495073,278,2026-05-28T13:55:49.412,2026-05-28T14:11:19.412,,59.85607059999893,,117,2026-05-28T13:55:49.016,2026-05-28T14:11:19.016,Error desde Arduino: HX711 not found.,-0.39576669999951264
60.466947699998855,60.466947699998855,-0.004442253,279,2026-05-28T13:55:49.626,2026-05-28T14:11:19.626,,60.84753070000079,0.0,118,2026-05-28T13:55:50.001,2026-05-28T14:11:20.001,,0.3805830000019341
60.68202259999816,60.68202259999816,-0.004408509,280,2026-05-28T13:55:49.841,2026-05-28T14:11:19.841,,60.84753070000079,0.0,118,2026-05-28T13:55:50.001,2026-05-28T14:11:20.001,,0.16550810000262572
60.8971821999985,60.8971821999985,-0.004545568,281,2026-05-28T13:55:50.048,2026-05-28T14:11:20.048,,60.8706706999983,,119,2026-05-28T13:55:50.030,2026-05-28T14:11:20.030,Error desde Arduino: HX711 not found.,-0.026511500000196975
61.11210560000109,61.11210560000109,-0.004749729,282,2026-05-28T13:55:50.265,2026-05-28T14:11:20.265,,60.8706706999983,,119,2026-05-28T13:55:50.030,2026-05-28T14:11:20.030,Error desde Arduino: HX711 not found.,-0.2414349000027869
61.32733350000126,61.32733350000126,-0.004960234,283,2026-05-28T13:55:50.482,2026-05-28T14:11:20.482,,60.8706706999983,,119,2026-05-28T13:55:50.030,2026-05-28T14:11:20.030,Error desde Arduino: HX711 not found.,-0.45666280000295956
61.54223020000063,61.54223020000063,-0.005094739,284,2026-05-28T13:55:50.702,2026-05-28T14:11:20.702,,61.86226629999874,0.0,120,2026-05-28T13:55:51.022,2026-05-28T14:11:21.022,,0.3200360999981058
61.75747240000055,61.75747240000055,-0.005166415,285,2026-05-28T13:55:50.918,2026-05-28T14:11:20.918,,61.86226629999874,0.0,120,2026-05-28T13:55:51.022,2026-05-28T14:11:21.022,,0.10479389999818522
61.97250279999935,61.97250279999935,-0.005214585,286,2026-05-28T13:55:51.132,2026-05-28T14:11:21.132,,61.88530619999801,,121,2026-05-28T13:55:51.041,2026-05-28T14:11:21.041,Error desde Arduino: HX711 not found.,-0.08719660000133445
62.18766360000154,62.18766360000154,-0.005247889,287,2026-05-28T13:55:51.348,2026-05-28T14:11:21.348,,61.88530619999801,,121,2026-05-28T13:55:51.041,2026-05-28T14:11:21.041,Error desde Arduino: HX711 not found.,-0.3023574000035296
62.402667199999996,62.402667199999996,-0.005266431,288,2026-05-28T13:55:51.558,2026-05-28T14:11:21.558,,62.87694890000057,0.0,122,2026-05-28T13:55:52.032,2026-05-28T14:11:22.032,,0.47428170000057435
62.61790330000076,62.61790330000076,-0.005268033,289,2026-05-28T13:55:51.775,2026-05-28T14:11:21.775,,62.87694890000057,0.0,122,2026-05-28T13:55:52.032,2026-05-28T14:11:22.032,,0.2590455999998085
62.83274049999818,62.83274049999818,-0.005268756,290,2026-05-28T13:55:51.992,2026-05-28T14:11:21.992,,62.87694890000057,0.0,122,2026-05-28T13:55:52.032,2026-05-28T14:11:22.032,,0.04420840000238968
63.04791000000114,63.04791000000114,-0.005271143,291,2026-05-28T13:55:52.200,2026-05-28T14:11:22.200,,62.900075699999434,,123,2026-05-28T13:55:52.052,2026-05-28T14:11:22.052,Error desde Arduino: HX711 not found.,-0.14783430000170483
63.262893399998575,63.262893399998575,-0.005269447,292,2026-05-28T13:55:52.423,2026-05-28T14:11:22.423,,62.900075699999434,,123,2026-05-28T13:55:52.052,2026-05-28T14:11:22.052,Error desde Arduino: HX711 not found.,-0.36281769999914104
63.47795039999983,63.47795039999983,-0.005258401,293,2026-05-28T13:55:52.632,2026-05-28T14:11:22.632,,63.89165259999936,0.0,124,2026-05-28T13:55:53.048,2026-05-28T14:11:23.048,,0.41370219999953406
63.69287369999802,63.69287369999802,-0.005147108,294,2026-05-28T13:55:52.848,2026-05-28T14:11:22.848,,63.89165259999936,0.0,124,2026-05-28T13:55:53.048,2026-05-28T14:11:23.048,,0.19877890000134357
63.90806299999895,63.90806299999895,-0.004969039,295,2026-05-28T13:55:53.065,2026-05-28T14:11:23.065,,63.91480529999899,,125,2026-05-28T13:55:53.075,2026-05-28T14:11:23.075,Error desde Arduino: HX711 not found.,0.006742300000041723
64.12316759999885,64.12316759999885,-0.004780604,296,2026-05-28T13:55:53.282,2026-05-28T14:11:23.282,,63.91480529999899,,125,2026-05-28T13:55:53.075,2026-05-28T14:11:23.075,Error desde Arduino: HX711 not found.,-0.20836229999986244
64.33828480000011,64.33828480000011,-0.00462941,297,2026-05-28T13:55:53.498,2026-05-28T14:11:23.498,,63.91480529999899,,125,2026-05-28T13:55:53.075,2026-05-28T14:11:23.075,Error desde Arduino: HX711 not found.,-0.4234795000011218
64.55335149999883,64.55335149999883,-0.004530052,298,2026-05-28T13:55:53.710,2026-05-28T14:11:23.710,,64.906406099999,0.0,126,2026-05-28T13:55:54.065,2026-05-28T14:11:24.065,,0.35305460000017774
64.76852370000051,64.76852370000051,-0.00445623,299,2026-05-28T13:55:53.928,2026-05-28T14:11:23.928,,64.906406099999,0.0,126,2026-05-28T13:55:54.065,2026-05-28T14:11:24.065,,0.13788239999848884
64.98362300000008,64.98362300000008,-0.00440876,300,2026-05-28T13:55:54.141,2026-05-28T14:11:24.141,,64.92971129999933,,127,2026-05-28T13:55:54.082,2026-05-28T14:11:24.082,Error desde Arduino: HX711 not found.,-0.053911700000753626
65.19865660000141,65.19865660000141,-0.004370723,301,2026-05-28T13:55:54.358,2026-05-28T14:11:24.358,,64.92971129999933,,127,2026-05-28T13:55:54.082,2026-05-28T14:11:24.082,Error desde Arduino: HX711 not found.,-0.2689453000020876
65.41394230000151,65.41394230000151,-0.004333796,302,2026-05-28T13:55:54.567,2026-05-28T14:11:24.567,,64.92971129999933,,127,2026-05-28T13:55:54.082,2026-05-28T14:11:24.082,Error desde Arduino: HX711 not found.,-0.48423100000218255
65.6289128999997,65.6289128999997,-0.004298492,303,2026-05-28T13:55:54.785,2026-05-28T14:11:24.785,,65.92114940000101,0.0,128,2026-05-28T13:55:55.081,2026-05-28T14:11:25.081,,0.29223650000130874
65.8440655000013,65.8440655000013,-0.00426902,304,2026-05-28T13:55:55.002,2026-05-28T14:11:25.002,,65.92114940000101,0.0,128,2026-05-28T13:55:55.081,2026-05-28T14:11:25.081,,0.07708389999970677
66.05909959999917,66.05909959999917,-0.004249305,305,2026-05-28T13:55:55.219,2026-05-28T14:11:25.219,,65.94440000000031,,129,2026-05-28T13:55:55.102,2026-05-28T14:11:25.102,Error desde Arduino: HX711 not found.,-0.1146995999988576
66.27415169999949,66.27415169999949,-0.004234417,306,2026-05-28T13:55:55.434,2026-05-28T14:11:25.434,,65.94440000000031,,129,2026-05-28T13:55:55.102,2026-05-28T14:11:25.102,Error desde Arduino: HX711 not found.,-0.3297516999991785
66.48926660000143,66.48926660000143,-0.004224031,307,2026-05-28T13:55:55.648,2026-05-28T14:11:25.648,,66.93575649999912,0.0,130,2026-05-28T13:55:56.095,2026-05-28T14:11:26.095,,0.44648989999768673
66.70425780000005,66.70425780000005,-0.004212546,308,2026-05-28T13:55:55.861,2026-05-28T14:11:25.861,,66.93575649999912,0.0,130,2026-05-28T13:55:56.095,2026-05-28T14:11:26.095,,0.23149869999906514
66.91943850000098,66.91943850000098,-0.004204149,309,2026-05-28T13:55:56.075,2026-05-28T14:11:26.075,,66.93575649999912,0.0,130,2026-05-28T13:55:56.095,2026-05-28T14:11:26.095,,0.016317999998136656
67.13439339999968,67.13439339999968,-0.004195952,310,2026-05-28T13:55:56.285,2026-05-28T14:11:26.285,,66.95892370000001,,131,2026-05-28T13:55:56.119,2026-05-28T14:11:26.119,Error desde Arduino: HX711 not found.,-0.17546969999966677
67.34957439999926,67.34957439999926,-0.0041919,311,2026-05-28T13:55:56.506,2026-05-28T14:11:26.506,,66.95892370000001,,131,2026-05-28T13:55:56.119,2026-05-28T14:11:26.119,Error desde Arduino: HX711 not found.,-0.3906506999992416
67.56480179999926,67.56480179999926,-0.004188371,312,2026-05-28T13:55:56.724,2026-05-28T14:11:26.724,,67.95036940000136,0.0,132,2026-05-28T13:55:57.108,2026-05-28T14:11:27.108,,0.3855676000021049
67.77987949999806,67.77987949999806,-0.004182613,313,2026-05-28T13:55:56.935,2026-05-28T14:11:26.935,,67.95036940000136,0.0,132,2026-05-28T13:55:57.108,2026-05-28T14:11:27.108,,0.17048990000330377
67.99476909999794,67.99476909999794,-0.004175043,314,2026-05-28T13:55:57.155,2026-05-28T14:11:27.155,,67.97358510000049,,133,2026-05-28T13:55:57.132,2026-05-28T14:11:27.132,Error desde Arduino: HX711 not found.,-0.021183999997447245
68.21012200000041,68.21012200000041,-0.004168908,315,2026-05-28T13:55:57.368,2026-05-28T14:11:27.368,,67.97358510000049,,133,2026-05-28T13:55:57.132,2026-05-28T14:11:27.132,Error desde Arduino: HX711 not found.,-0.23653689999991911
68.424985499998,68.424985499998,-0.00416895,316,2026-05-28T13:55:57.582,2026-05-28T14:11:27.582,,67.97358510000049,,133,2026-05-28T13:55:57.132,2026-05-28T14:11:27.132,Error desde Arduino: HX711 not found.,-0.45140039999751025
68.6402421999992,68.6402421999992,-0.004168018,317,2026-05-28T13:55:57.798,2026-05-28T14:11:27.798,,68.96504690000074,0.0,134,2026-05-28T13:55:58.125,2026-05-28T14:11:28.125,,0.3248047000015504
68.85523770000145,68.85523770000145,-0.004166846,318,2026-05-28T13:55:58.015,2026-05-28T14:11:28.015,,68.96504690000074,0.0,134,2026-05-28T13:55:58.125,2026-05-28T14:11:28.125,,0.10980919999929029
69.07039889999942,69.07039889999942,-0.00416984,319,2026-05-28T13:55:58.231,2026-05-28T14:11:28.231,,68.98810659999799,,135,2026-05-28T13:55:58.148,2026-05-28T14:11:28.148,Error desde Arduino: HX711 not found.,-0.08229230000142707
69.28549059999932,69.28549059999932,-0.004177326,320,2026-05-28T13:55:58.441,2026-05-28T14:11:28.441,,68.98810659999799,,135,2026-05-28T13:55:58.148,2026-05-28T14:11:28.148,Error desde Arduino: HX711 not found.,-0.2973840000013297
69.50044169999819,69.50044169999819,-0.004176865,321,2026-05-28T13:55:58.658,2026-05-28T14:11:28.658,,69.97966630000155,0.0,136,2026-05-28T13:55:59.137,2026-05-28T14:11:29.137,,0.47922460000336287
69.71558259999802,69.71558259999802,-0.004172761,322,2026-05-28T13:55:58.875,2026-05-28T14:11:28.875,,69.97966630000155,0.0,136,2026-05-28T13:55:59.137,2026-05-28T14:11:29.137,,0.264083700003539
69.93061260000104,69.93061260000104,-0.004160951,323,2026-05-28T13:55:59.082,2026-05-28T14:11:29.082,,69.97966630000155,0.0,136,2026-05-28T13:55:59.137,2026-05-28T14:11:29.137,,0.049053700000513345
70.14584439999817,70.14584439999817,-0.004148157,324,2026-05-28T13:55:59.298,2026-05-28T14:11:29.298,,70.00278569999864,,137,2026-05-28T13:55:59.161,2026-05-28T14:11:29.161,Error desde Arduino: HX711 not found.,-0.14305869999952847
70.36093709999841,70.36093709999841,-0.004133688,325,2026-05-28T13:55:59.520,2026-05-28T14:11:29.520,,70.00278569999864,,137,2026-05-28T13:55:59.161,2026-05-28T14:11:29.161,Error desde Arduino: HX711 not found.,-0.35815139999976964
70.57608609999807,70.57608609999807,-0.004119772,326,2026-05-28T13:55:59.732,2026-05-28T14:11:29.732,,70.99429719999898,0.0,138,2026-05-28T13:56:00.148,2026-05-28T14:11:30.148,,0.4182111000009172
70.7909639999998,70.7909639999998,-0.004109564,327,2026-05-28T13:55:59.948,2026-05-28T14:11:29.948,,70.99429719999898,0.0,138,2026-05-28T13:56:00.148,2026-05-28T14:11:30.148,,0.20333319999917876
71.00622459999795,71.00622459999795,-0.004100057,328,2026-05-28T13:56:00.165,2026-05-28T14:11:30.165,,71.01745369999844,,139,2026-05-28T13:56:00.178,2026-05-28T14:11:30.178,Error desde Arduino: HX711 not found.,0.011229100000491599
71.22113900000113,71.22113900000113,-0.004093911,329,2026-05-28T13:56:00.381,2026-05-28T14:11:30.381,,71.01745369999844,,139,2026-05-28T13:56:00.178,2026-05-28T14:11:30.178,Error desde Arduino: HX711 not found.,-0.20368530000268947
71.43626539999968,71.43626539999968,-0.004088341,330,2026-05-28T13:56:00.592,2026-05-28T14:11:30.592,,71.01745369999844,,139,2026-05-28T13:56:00.178,2026-05-28T14:11:30.178,Error desde Arduino: HX711 not found.,-0.41881170000124257
71.65127619999839,71.65127619999839,-0.004083033,331,2026-05-28T13:56:00.808,2026-05-28T14:11:30.808,,72.00898189999862,0.0,140,2026-05-28T13:56:01.165,2026-05-28T14:11:31.165,,0.35770570000022417
71.86634269999922,71.86634269999922,-0.004080918,332,2026-05-28T13:56:01.026,2026-05-28T14:11:31.026,,72.00898189999862,0.0,140,2026-05-28T13:56:01.165,2026-05-28T14:11:31.165,,0.1426391999993939
72.08144990000073,72.08144990000073,-0.004082175,333,2026-05-28T13:56:01.241,2026-05-28T14:11:31.241,,72.03201600000102,,141,2026-05-28T13:56:01.185,2026-05-28T14:11:31.185,Error desde Arduino: HX711 not found.,-0.049433899999712594
72.29648610000004,72.29648610000004,-0.004083284,334,2026-05-28T13:56:01.448,2026-05-28T14:11:31.448,,72.03201600000102,,141,2026-05-28T13:56:01.185,2026-05-28T14:11:31.185,Error desde Arduino: HX711 not found.,-0.2644700999990164
72.51165599999877,72.51165599999877,-0.004084614,335,2026-05-28T13:56:01.665,2026-05-28T14:11:31.665,,72.03201600000102,,141,2026-05-28T13:56:01.185,2026-05-28T14:11:31.185,Error desde Arduino: HX711 not found.,-0.47963999999774387
72.72657550000076,72.72657550000076,-0.004087839,336,2026-05-28T13:56:01.882,2026-05-28T14:11:31.882,,73.02373129999978,0.0,142,2026-05-28T13:56:02.182,2026-05-28T14:11:32.182,,0.2971557999990182
72.9418227999995,72.9418227999995,-0.004089022,337,2026-05-28T13:56:02.098,2026-05-28T14:11:32.098,,73.02373129999978,0.0,142,2026-05-28T13:56:02.182,2026-05-28T14:11:32.182,,0.08190850000028149
73.15700519999882,73.15700519999882,-0.004087556,338,2026-05-28T13:56:02.317,2026-05-28T14:11:32.317,,73.0470580000001,,143,2026-05-28T13:56:02.201,2026-05-28T14:11:32.201,Error desde Arduino: HX711 not found.,-0.1099471999987145
73.3719960999988,73.3719960999988,-0.004085483,339,2026-05-28T13:56:02.532,2026-05-28T14:11:32.532,,73.0470580000001,,143,2026-05-28T13:56:02.201,2026-05-28T14:11:32.201,Error desde Arduino: HX711 not found.,-0.3249380999986897
73.58710860000065,73.58710860000065,-0.004084803,340,2026-05-28T13:56:02.741,2026-05-28T14:11:32.741,,74.03825399999914,0.0,144,2026-05-28T13:56:03.198,2026-05-28T14:11:33.198,,0.4511453999984951
73.80234689999997,73.80234689999997,-0.004084803,341,2026-05-28T13:56:02.962,2026-05-28T14:11:32.962,,74.03825399999914,0.0,144,2026-05-28T13:56:03.198,2026-05-28T14:11:33.198,,0.23590709999916726
74.01723430000129,74.01723430000129,-0.004085609,342,2026-05-28T13:56:03.175,2026-05-28T14:11:33.175,,74.03825399999914,0.0,144,2026-05-28T13:56:03.198,2026-05-28T14:11:33.198,,0.021019699997850694
74.23240739999892,74.23240739999892,-0.004087148,343,2026-05-28T13:56:03.391,2026-05-28T14:11:33.391,,74.06137269999817,,145,2026-05-28T13:56:03.221,2026-05-28T14:11:33.221,Error desde Arduino: HX711 not found.,-0.17103470000074594
74.44745599999806,74.44745599999806,-0.004088603,344,2026-05-28T13:56:03.598,2026-05-28T14:11:33.598,,74.06137269999817,,145,2026-05-28T13:56:03.221,2026-05-28T14:11:33.221,Error desde Arduino: HX711 not found.,-0.386083299999882
74.66259509999873,74.66259509999873,-0.00409165,345,2026-05-28T13:56:03.823,2026-05-28T14:11:33.823,,75.05293209999945,0.0,146,2026-05-28T13:56:04.210,2026-05-28T14:11:34.210,,0.39033700000072713
74.87769439999829,74.87769439999829,-0.004093943,346,2026-05-28T13:56:04.037,2026-05-28T14:11:34.037,,75.05293209999945,0.0,146,2026-05-28T13:56:04.210,2026-05-28T14:11:34.210,,0.175237700001162
75.09288019999804,75.09288019999804,-0.004096623,347,2026-05-28T13:56:04.248,2026-05-28T14:11:34.248,,75.07606680000026,,147,2026-05-28T13:56:04.235,2026-05-28T14:11:34.235,Error desde Arduino: HX711 not found.,-0.01681339999777265
75.3080340000015,75.3080340000015,-0.004099816,348,2026-05-28T13:56:04.465,2026-05-28T14:11:34.465,,75.07606680000026,,147,2026-05-28T13:56:04.235,2026-05-28T14:11:34.235,Error desde Arduino: HX711 not found.,-0.23196720000123605
75.52311299999928,75.52311299999928,-0.004104119,349,2026-05-28T13:56:04.683,2026-05-28T14:11:34.683,,75.07606680000026,,147,2026-05-28T13:56:04.235,2026-05-28T14:11:34.235,Error desde Arduino: HX711 not found.,-0.44704619999902206
75.73817419999978,75.73817419999978,-0.004109564,350,2026-05-28T13:56:04.898,2026-05-28T14:11:34.898,,76.0676108000007,0.0,148,2026-05-28T13:56:05.228,2026-05-28T14:11:35.228,,0.3294366000009177
75.95347889999903,75.95347889999903,-0.004113406,351,2026-05-28T13:56:05.111,2026-05-28T14:11:35.111,,76.0676108000007,0.0,148,2026-05-28T13:56:05.228,2026-05-28T14:11:35.228,,0.11413190000166651
76.16860530000122,76.16860530000122,-0.004116212,352,2026-05-28T13:56:05.329,2026-05-28T14:11:35.329,,76.09084269999948,,149,2026-05-28T13:56:05.248,2026-05-28T14:11:35.248,Error desde Arduino: HX711 not found.,-0.07776260000173352
76.38369419999799,76.38369419999799,-0.004119353,353,2026-05-28T13:56:05.540,2026-05-28T14:11:35.540,,76.09084269999948,,149,2026-05-28T13:56:05.248,2026-05-28T14:11:35.248,Error desde Arduino: HX711 not found.,-0.29285149999850546
76.59879999999976,76.59879999999976,-0.004123405,354,2026-05-28T13:56:05.758,2026-05-28T14:11:35.758,,77.08218689999921,0.0,150,2026-05-28T13:56:06.234,2026-05-28T14:11:36.234,,0.4833868999994593
76.81380759999956,76.81380759999956,-0.004129029,355,2026-05-28T13:56:05.967,2026-05-28T14:11:35.967,,77.08218689999921,0.0,150,2026-05-28T13:56:06.234,2026-05-28T14:11:36.234,,0.26837929999965127
77.02897329999905,77.02897329999905,-0.004134442,356,2026-05-28T13:56:06.183,2026-05-28T14:11:36.183,,77.08218689999921,0.0,150,2026-05-28T13:56:06.234,2026-05-28T14:11:36.234,,0.05321360000016284
77.24419050000142,77.24419050000142,-0.004138033,357,2026-05-28T13:56:06.403,2026-05-28T14:11:36.403,,77.10532880000028,,151,2026-05-28T13:56:06.265,2026-05-28T14:11:36.265,Error desde Arduino: HX711 not found.,-0.13886170000114362
77.4593348999988,77.4593348999988,-0.004141812,358,2026-05-28T13:56:06.619,2026-05-28T14:11:36.619,,77.10532880000028,,151,2026-05-28T13:56:06.265,2026-05-28T14:11:36.265,Error desde Arduino: HX711 not found.,-0.3540060999985144
77.6744131000014,77.6744131000014,-0.004148932,359,2026-05-28T13:56:06.832,2026-05-28T14:11:36.832,,78.09693939999852,0.0,152,2026-05-28T13:56:07.252,2026-05-28T14:11:37.252,,0.42252629999711644
77.88953949999996,77.88953949999996,-0.00415826,360,2026-05-28T13:56:07.048,2026-05-28T14:11:37.048,,78.09693939999852,0.0,152,2026-05-28T13:56:07.252,2026-05-28T14:11:37.252,,0.20739989999856334
78.1046486999985,78.1046486999985,-0.004164731,361,2026-05-28T13:56:07.264,2026-05-28T14:11:37.264,,78.09693939999852,0.0,152,2026-05-28T13:56:07.252,2026-05-28T14:11:37.252,,-0.0077092999999877065
78.31979000000138,78.31979000000138,-0.004170248,362,2026-05-28T13:56:07.478,2026-05-28T14:11:37.478,,78.12008079999941,,153,2026-05-28T13:56:07.279,2026-05-28T14:11:37.279,Error desde Arduino: HX711 not found.,-0.19970920000196202
78.53491610000128,78.53491610000128,-0.004174216,363,2026-05-28T13:56:07.694,2026-05-28T14:11:37.694,,78.12008079999941,,153,2026-05-28T13:56:07.279,2026-05-28T14:11:37.279,Error desde Arduino: HX711 not found.,-0.41483530000186875
78.75016599999799,78.75016599999799,-0.004178415,364,2026-05-28T13:56:07.902,2026-05-28T14:11:37.902,,79.11165899999833,0.0,154,2026-05-28T13:56:08.265,2026-05-28T14:11:38.265,,0.3614930000003369
78.96540729999833,78.96540729999833,-0.004182268,365,2026-05-28T13:56:08.126,2026-05-28T14:11:38.126,,79.11165899999833,0.0,154,2026-05-28T13:56:08.265,2026-05-28T14:11:38.265,,0.14625169999999343
79.18034350000016,79.18034350000016,-0.004185545,366,2026-05-28T13:56:08.331,2026-05-28T14:11:38.331,,79.13477860000057,,155,2026-05-28T13:56:08.291,2026-05-28T14:11:38.291,Error desde Arduino: HX711 not found.,-0.045564899999590125
79.3954636999988,79.3954636999988,-0.004188853,367,2026-05-28T13:56:08.548,2026-05-28T14:11:38.548,,79.13477860000057,,155,2026-05-28T13:56:08.291,2026-05-28T14:11:38.291,Error desde Arduino: HX711 not found.,-0.2606850999982271
79.61074000000008,79.61074000000008,-0.004192821,368,2026-05-28T13:56:08.771,2026-05-28T14:11:38.771,,79.13477860000057,,155,2026-05-28T13:56:08.291,2026-05-28T14:11:38.291,Error desde Arduino: HX711 not found.,-0.4759613999995054
79.82586219999939,79.82586219999939,-0.004196915,369,2026-05-28T13:56:08.982,2026-05-28T14:11:38.982,,80.12638819999847,0.0,156,2026-05-28T13:56:09.285,2026-05-28T14:11:39.285,,0.30052599999908125
80.04103589999795,80.04103589999795,-0.004200359,370,2026-05-28T13:56:09.198,2026-05-28T14:11:39.198,,80.12638819999847,0.0,156,2026-05-28T13:56:09.285,2026-05-28T14:11:39.285,,0.08535230000052252
80.25599679999868,80.25599679999868,-0.004204872,371,2026-05-28T13:56:09.415,2026-05-28T14:11:39.415,,80.1496361999998,,157,2026-05-28T13:56:09.308,2026-05-28T14:11:39.308,Error desde Arduino: HX711 not found.,-0.10636059999887948
80.47105670000019,80.47105670000019,-0.00420974,372,2026-05-28T13:56:09.631,2026-05-28T14:11:39.631,,80.1496361999998,,157,2026-05-28T13:56:09.308,2026-05-28T14:11:39.308,Error desde Arduino: HX711 not found.,-0.3214205000003858
80.68620240000018,80.68620240000018,-0.004214525,373,2026-05-28T13:56:09.841,2026-05-28T14:11:39.841,,81.1532961999983,,158,2026-05-28T13:56:10.313,2026-05-28T14:11:40.313,Error desde Arduino: HX711 not found.,0.4670937999981106
80.9013363999984,80.9013363999984,-0.004218472,374,2026-05-28T13:56:10.058,2026-05-28T14:11:40.058,,81.1532961999983,,158,2026-05-28T13:56:10.313,2026-05-28T14:11:40.313,Error desde Arduino: HX711 not found.,0.25195979999989504
81.1163701000005,81.1163701000005,-0.004222231,375,2026-05-28T13:56:10.275,2026-05-28T14:11:40.275,,81.1532961999983,,158,2026-05-28T13:56:10.313,2026-05-28T14:11:40.313,Error desde Arduino: HX711 not found.,0.03692609999779961
81.33146420000048,81.33146420000048,-0.004226502,376,2026-05-28T13:56:10.488,2026-05-28T14:11:40.488,,81.1532961999983,,158,2026-05-28T13:56:10.313,2026-05-28T14:11:40.313,Error desde Arduino: HX711 not found.,-0.1781680000021879
81.54677559999982,81.54677559999982,-0.004230753,377,2026-05-28T13:56:10.700,2026-05-28T14:11:40.700,,81.1532961999983,,158,2026-05-28T13:56:10.313,2026-05-28T14:11:40.313,Error desde Arduino: HX711 not found.,-0.3934794000015245
81.76192340000125,81.76192340000125,-0.004235192,378,2026-05-28T13:56:10.921,2026-05-28T14:11:40.921,,82.14482109999881,0.0,159,2026-05-28T13:56:11.298,2026-05-28T14:11:41.298,,0.38289769999755663
81.97702669999853,81.97702669999853,-0.004239244,379,2026-05-28T13:56:11.132,2026-05-28T14:11:41.132,,82.14482109999881,0.0,159,2026-05-28T13:56:11.298,2026-05-28T14:11:41.298,,0.16779440000027535
82.1921809000014,82.1921809000014,-0.004243024,380,2026-05-28T13:56:11.348,2026-05-28T14:11:41.348,,82.16798610000114,,160,2026-05-28T13:56:11.328,2026-05-28T14:11:41.328,Error desde Arduino: HX711 not found.,-0.02419480000025942
82.40731439999945,82.40731439999945,-0.004246269,381,2026-05-28T13:56:11.565,2026-05-28T14:11:41.565,,82.16798610000114,,160,2026-05-28T13:56:11.328,2026-05-28T14:11:41.328,Error desde Arduino: HX711 not found.,-0.23932829999830574
82.6223960999996,82.6223960999996,-0.004249054,382,2026-05-28T13:56:11.781,2026-05-28T14:11:41.781,,82.16798610000114,,160,2026-05-28T13:56:11.328,2026-05-28T14:11:41.328,Error desde Arduino: HX711 not found.,-0.454409999998461
82.83758429999943,82.83758429999943,-0.00425185,383,2026-05-28T13:56:11.998,2026-05-28T14:11:41.998,,83.15947099999903,0.0,161,2026-05-28T13:56:12.319,2026-05-28T14:11:42.319,,0.3218866999995953
83.05259880000085,83.05259880000085,-0.004255127,384,2026-05-28T13:56:12.210,2026-05-28T14:11:42.210,,83.15947099999903,0.0,161,2026-05-28T13:56:12.319,2026-05-28T14:11:42.319,,0.10687219999817898
83.26783050000085,83.26783050000085,-0.004258655,385,2026-05-28T13:56:12.427,2026-05-28T14:11:42.427,,83.18258440000136,,162,2026-05-28T13:56:12.341,2026-05-28T14:11:42.341,Error desde Arduino: HX711 not found.,-0.08524609999949462
83.48279700000057,83.48279700000057,-0.004262194,386,2026-05-28T13:56:12.641,2026-05-28T14:11:42.641,,83.18258440000136,,162,2026-05-28T13:56:12.341,2026-05-28T14:11:42.341,Error desde Arduino: HX711 not found.,-0.3002125999992131
83.69801569999981,83.69801569999981,-0.004266099,387,2026-05-28T13:56:12.848,2026-05-28T14:11:42.848,,84.17408409999916,0.0,163,2026-05-28T13:56:13.332,2026-05-28T14:11:43.332,,0.4760683999993489
83.91307089999827,83.91307089999827,-0.004270653,388,2026-05-28T13:56:13.065,2026-05-28T14:11:43.065,,84.17408409999916,0.0,163,2026-05-28T13:56:13.332,2026-05-28T14:11:43.332,,0.2610132000008889
84.12822130000131,84.12822130000131,-0.004275239,389,2026-05-28T13:56:13.282,2026-05-28T14:11:43.282,,84.17408409999916,0.0,163,2026-05-28T13:56:13.332,2026-05-28T14:11:43.332,,0.045862799997848924
84.3435587999993,84.3435587999993,-0.004280212,390,2026-05-28T13:56:13.503,2026-05-28T14:11:43.503,,84.1972754999988,,164,2026-05-28T13:56:13.348,2026-05-28T14:11:43.348,Error desde Arduino: HX711 not found.,-0.14628330000050482
84.5586387000003,84.5586387000003,-0.004284432,391,2026-05-28T13:56:13.719,2026-05-28T14:11:43.719,,84.1972754999988,,164,2026-05-28T13:56:13.348,2026-05-28T14:11:43.348,Error desde Arduino: HX711 not found.,-0.3613632000015059
84.77391069999794,84.77391069999794,-0.004288923,392,2026-05-28T13:56:13.934,2026-05-28T14:11:43.934,,85.18869210000048,0.0,165,2026-05-28T13:56:14.348,2026-05-28T14:11:44.348,,0.41478140000253916
84.98885959999825,84.98885959999825,-0.004294514,393,2026-05-28T13:56:14.149,2026-05-28T14:11:44.149,,85.18869210000048,0.0,165,2026-05-28T13:56:14.348,2026-05-28T14:11:44.348,,0.19983250000223052
85.20401299999867,85.20401299999867,-0.004299079,394,2026-05-28T13:56:14.358,2026-05-28T14:11:44.358,,85.21180729999833,,166,2026-05-28T13:56:14.368,2026-05-28T14:11:44.368,Error desde Arduino: HX711 not found.,0.007794299999659415
85.41903670000102,85.41903670000102,-0.004303047,395,2026-05-28T13:56:14.575,2026-05-28T14:11:44.575,,85.21180729999833,,166,2026-05-28T13:56:14.368,2026-05-28T14:11:44.368,Error desde Arduino: HX711 not found.,-0.20722940000268864
85.63420960000076,85.63420960000076,-0.004306167,396,2026-05-28T13:56:14.791,2026-05-28T14:11:44.791,,85.21180729999833,,166,2026-05-28T13:56:14.368,2026-05-28T14:11:44.368,Error desde Arduino: HX711 not found.,-0.42240230000243173
85.8492909000015,85.8492909000015,-0.004309151,397,2026-05-28T13:56:15.002,2026-05-28T14:11:45.002,,86.2034605000008,0.0,167,2026-05-28T13:56:15.358,2026-05-28T14:11:45.358,,0.3541695999992953
86.06436620000022,86.06436620000022,-0.004311841,398,2026-05-28T13:56:15.224,2026-05-28T14:11:45.224,,86.2034605000008,0.0,167,2026-05-28T13:56:15.358,2026-05-28T14:11:45.358,,0.1390943000005791
86.27957629999946,86.27957629999946,-0.004315024,399,2026-05-28T13:56:15.436,2026-05-28T14:11:45.436,,86.22666069999832,,168,2026-05-28T13:56:15.381,2026-05-28T14:11:45.381,Error desde Arduino: HX711 not found.,-0.05291560000114259
86.49483169999803,86.49483169999803,-0.004318542,400,2026-05-28T13:56:15.655,2026-05-28T14:11:45.655,,86.22666069999832,,168,2026-05-28T13:56:15.381,2026-05-28T14:11:45.381,Error desde Arduino: HX711 not found.,-0.26817099999971106
86.71036829999866,86.71036829999866,-0.004322709,401,2026-05-28T13:56:15.869,2026-05-28T14:11:45.869,,86.22666069999832,,168,2026-05-28T13:56:15.381,2026-05-28T14:11:45.381,Error desde Arduino: HX711 not found.,-0.4837076000003435
86.92559329999858,86.92559329999858,-0.004326195,402,2026-05-28T13:56:16.085,2026-05-28T14:11:46.085,,87.21813760000077,0.0,169,2026-05-28T13:56:16.375,2026-05-28T14:11:46.375,,0.29254430000219145
87.14084979999825,87.14084979999825,-0.004329807,403,2026-05-28T13:56:16.301,2026-05-28T14:11:46.301,,87.21813760000077,0.0,169,2026-05-28T13:56:16.375,2026-05-28T14:11:46.375,,0.077287800002523
87.35580409999966,87.35580409999966,-0.00433321,404,2026-05-28T13:56:16.515,2026-05-28T14:11:46.515,,87.241354400001,,170,2026-05-28T13:56:16.398,2026-05-28T14:11:46.398,Error desde Arduino: HX711 not found.,-0.11444969999865862
87.57113879999815,87.57113879999815,-0.004336435,405,2026-05-28T13:56:16.731,2026-05-28T14:11:46.731,,87.241354400001,,170,2026-05-28T13:56:16.398,2026-05-28T14:11:46.398,Error desde Arduino: HX711 not found.,-0.3297843999971519
87.78628609999942,87.78628609999942,-0.004340686,406,2026-05-28T13:56:16.941,2026-05-28T14:11:46.941,,88.23289719999957,0.0,171,2026-05-28T13:56:17.393,2026-05-28T14:11:47.393,,0.4466111000001547
88.00154509999993,88.00154509999993,-0.004345837,407,2026-05-28T13:56:17.156,2026-05-28T14:11:47.156,,88.23289719999957,0.0,171,2026-05-28T13:56:17.393,2026-05-28T14:11:47.393,,0.2313520999996399
88.21688100000028,88.21688100000028,-0.004350443,408,2026-05-28T13:56:17.369,2026-05-28T14:11:47.369,,88.23289719999957,0.0,171,2026-05-28T13:56:17.393,2026-05-28T14:11:47.393,,0.016016199999285163
88.4319785000007,88.4319785000007,-0.00435505,409,2026-05-28T13:56:17.585,2026-05-28T14:11:47.585,,88.25598099999843,,172,2026-05-28T13:56:17.416,2026-05-28T14:11:47.416,Error desde Arduino: HX711 not found.,-0.17599750000226777
88.647170799999,88.647170799999,-0.004359615,410,2026-05-28T13:56:17.802,2026-05-28T14:11:47.802,,88.25598099999843,,172,2026-05-28T13:56:17.416,2026-05-28T14:11:47.416,Error desde Arduino: HX711 not found.,-0.3911898000005749
88.86219720000008,88.86219720000008,-0.004364065,411,2026-05-28T13:56:18.021,2026-05-28T14:11:48.021,,89.24754229999962,0.0,173,2026-05-28T13:56:18.398,2026-05-28T14:11:48.398,,0.38534509999954025
89.0773326999988,89.0773326999988,-0.004368116,412,2026-05-28T13:56:18.232,2026-05-28T14:11:48.232,,89.24754229999962,0.0,173,2026-05-28T13:56:18.398,2026-05-28T14:11:48.398,,0.17020960000081686
89.29240320000099,89.29240320000099,-0.004372283,413,2026-05-28T13:56:18.448,2026-05-28T14:11:48.448,,89.27070869999807,,174,2026-05-28T13:56:18.431,2026-05-28T14:11:48.431,Error desde Arduino: HX711 not found.,-0.021694500002922723
89.50748399999793,89.50748399999793,-0.004376,414,2026-05-28T13:56:18.665,2026-05-28T14:11:48.665,,89.27070869999807,,174,2026-05-28T13:56:18.431,2026-05-28T14:11:48.431,Error desde Arduino: HX711 not found.,-0.2367752999998629
89.72255130000121,89.72255130000121,-0.004379612,415,2026-05-28T13:56:18.882,2026-05-28T14:11:48.882,,89.27070869999807,,174,2026-05-28T13:56:18.431,2026-05-28T14:11:48.431,Error desde Arduino: HX711 not found.,-0.4518426000031468
89.93766409999807,89.93766409999807,-0.004383078,416,2026-05-28T13:56:19.098,2026-05-28T14:11:49.098,,90.26219240000137,0.0,175,2026-05-28T13:56:19.422,2026-05-28T14:11:49.422,,0.32452830000329413
90.15285180000137,90.15285180000137,-0.004385852,417,2026-05-28T13:56:19.311,2026-05-28T14:11:49.311,,90.26219240000137,0.0,175,2026-05-28T13:56:19.422,2026-05-28T14:11:49.422,,0.1093405999999959
90.36803539999892,90.36803539999892,-0.004389328,418,2026-05-28T13:56:19.528,2026-05-28T14:11:49.528,,90.28538430000117,,176,2026-05-28T13:56:19.441,2026-05-28T14:11:49.441,Error desde Arduino: HX711 not found.,-0.08265109999774722
90.58309689999805,90.58309689999805,-0.004392406,419,2026-05-28T13:56:19.741,2026-05-28T14:11:49.741,,90.28538430000117,,176,2026-05-28T13:56:19.441,2026-05-28T14:11:49.441,Error desde Arduino: HX711 not found.,-0.2977125999968848
90.79839720000018,90.79839720000018,-0.00439562,420,2026-05-28T13:56:19.958,2026-05-28T14:11:49.958,,91.27696250000008,0.0,177,2026-05-28T13:56:20.431,2026-05-28T14:11:50.431,,0.47856529999990016
91.01394580000124,91.01394580000124,-0.004399075,421,2026-05-28T13:56:20.165,2026-05-28T14:11:50.165,,91.27696250000008,0.0,177,2026-05-28T13:56:20.431,2026-05-28T14:11:50.431,,0.26301669999884325
91.22898970000097,91.22898970000097,-0.004402405,422,2026-05-28T13:56:20.381,2026-05-28T14:11:50.381,,91.27696250000008,0.0,177,2026-05-28T13:56:20.431,2026-05-28T14:11:50.431,,0.04797279999911552
91.44399229999908,91.44399229999908,-0.004406111,423,2026-05-28T13:56:20.598,2026-05-28T14:11:50.598,,91.30013269999836,,178,2026-05-28T13:56:20.452,2026-05-28T14:11:50.452,Error desde Arduino: HX711 not found.,-0.14385960000072373
91.65894499999922,91.65894499999922,-0.004409943,424,2026-05-28T13:56:20.819,2026-05-28T14:11:50.819,,91.30013269999836,,178,2026-05-28T13:56:20.452,2026-05-28T14:11:50.452,Error desde Arduino: HX711 not found.,-0.3588123000008636
91.87413910000032,91.87413910000032,-0.004413639,425,2026-05-28T13:56:21.034,2026-05-28T14:11:51.034,,92.2916581999998,0.0,179,2026-05-28T13:56:21.448,2026-05-28T14:11:51.448,,0.4175190999994811
92.08905940000113,92.08905940000113,-0.004417544,426,2026-05-28T13:56:21.248,2026-05-28T14:11:51.248,,92.2916581999998,0.0,179,2026-05-28T13:56:21.448,2026-05-28T14:11:51.448,,0.20259879999866826
92.30417899999884,92.30417899999884,-0.00442168,427,2026-05-28T13:56:21.458,2026-05-28T14:11:51.458,,92.31459199999881,,180,2026-05-28T13:56:21.475,2026-05-28T14:11:51.475,Error desde Arduino: HX711 not found.,0.010412999999971362
92.51925729999857,92.51925729999857,-0.004425574,428,2026-05-28T13:56:21.675,2026-05-28T14:11:51.675,,92.31459199999881,,180,2026-05-28T13:56:21.475,2026-05-28T14:11:51.475,Error desde Arduino: HX711 not found.,-0.20466529999976046
92.73442530000102,92.73442530000102,-0.004429459,429,2026-05-28T13:56:21.892,2026-05-28T14:11:51.892,,92.31459199999881,,180,2026-05-28T13:56:21.475,2026-05-28T14:11:51.475,Error desde Arduino: HX711 not found.,-0.4198333000022103
92.94949009999982,92.94949009999982,-0.004433196,430,2026-05-28T13:56:22.108,2026-05-28T14:11:52.108,,93.30633989999842,0.0,181,2026-05-28T13:56:22.465,2026-05-28T14:11:52.465,,0.35684979999859934
93.16492509999807,93.16492509999807,-0.004437039,431,2026-05-28T13:56:22.325,2026-05-28T14:11:52.325,,93.30633989999842,0.0,181,2026-05-28T13:56:22.465,2026-05-28T14:11:52.465,,0.1414148000003479
93.38035279999895,93.38035279999895,-0.004440818,432,2026-05-28T13:56:22.532,2026-05-28T14:11:52.532,,93.32957700000043,,182,2026-05-28T13:56:22.485,2026-05-28T14:11:52.485,Error desde Arduino: HX711 not found.,-0.05077579999851878
93.59541719999834,93.59541719999834,-0.004444755,433,2026-05-28T13:56:22.748,2026-05-28T14:11:52.748,,93.32957700000043,,182,2026-05-28T13:56:22.485,2026-05-28T14:11:52.485,Error desde Arduino: HX711 not found.,-0.26584019999791053
93.81075290000081,93.81075290000081,-0.004448597,434,2026-05-28T13:56:22.965,2026-05-28T14:11:52.965,,93.32957700000043,,182,2026-05-28T13:56:22.485,2026-05-28T14:11:52.485,Error desde Arduino: HX711 not found.,-0.48117590000038035
94.02583059999961,94.02583059999961,-0.004452429,435,2026-05-28T13:56:23.183,2026-05-28T14:11:53.183,,94.32109760000094,0.0,183,2026-05-28T13:56:23.481,2026-05-28T14:11:53.481,,0.2952670000013313
94.24100149999867,94.24100149999867,-0.004455874,436,2026-05-28T13:56:23.398,2026-05-28T14:11:53.398,,94.32109760000094,0.0,183,2026-05-28T13:56:23.481,2026-05-28T14:11:53.481,,0.0800961000022653
94.45600470000136,94.45600470000136,-0.004459674,437,2026-05-28T13:56:23.616,2026-05-28T14:11:53.616,,94.34441140000126,,184,2026-05-28T13:56:23.498,2026-05-28T14:11:53.498,Error desde Arduino: HX711 not found.,-0.11159330000009504
94.6710521999994,94.6710521999994,-0.004463632,438,2026-05-28T13:56:23.831,2026-05-28T14:11:53.831,,94.34441140000126,,184,2026-05-28T13:56:23.498,2026-05-28T14:11:53.498,Error desde Arduino: HX711 not found.,-0.3266407999981311
94.88620079999964,94.88620079999964,-0.004467621,439,2026-05-28T13:56:24.041,2026-05-28T14:11:54.041,,95.3356849999982,0.0,185,2026-05-28T13:56:24.495,2026-05-28T14:11:54.495,,0.44948419999855105
95.1011342999991,95.1011342999991,-0.004471223,440,2026-05-28T13:56:24.260,2026-05-28T14:11:54.260,,95.3356849999982,0.0,185,2026-05-28T13:56:24.495,2026-05-28T14:11:54.495,,0.23455069999909028
95.31628139999884,95.31628139999884,-0.00447495,441,2026-05-28T13:56:24.475,2026-05-28T14:11:54.475,,95.3356849999982,0.0,185,2026-05-28T13:56:24.495,2026-05-28T14:11:54.495,,0.019403599999350263
95.53125569999975,95.53125569999975,-0.004478845,442,2026-05-28T13:56:24.681,2026-05-28T14:11:54.681,,95.35892819999935,,186,2026-05-28T13:56:24.519,2026-05-28T14:11:54.519,Error desde Arduino: HX711 not found.,-0.17232750000039232
95.74677689999953,95.74677689999953,-0.004483074,443,2026-05-28T13:56:24.902,2026-05-28T14:11:54.902,,95.35892819999935,,186,2026-05-28T13:56:24.519,2026-05-28T14:11:54.519,Error desde Arduino: HX711 not found.,-0.3878487000001769
95.96199960000013,95.96199960000013,-0.004486864,444,2026-05-28T13:56:25.122,2026-05-28T14:11:55.122,,96.35021929999857,0.0,187,2026-05-28T13:56:25.508,2026-05-28T14:11:55.508,,0.3882196999984444
96.17720850000114,96.17720850000114,-0.004490979,445,2026-05-28T13:56:25.335,2026-05-28T14:11:55.335,,96.35021929999857,0.0,187,2026-05-28T13:56:25.508,2026-05-28T14:11:55.508,,0.17301079999742797
96.39213369999925,96.39213369999925,-0.004494821,446,2026-05-28T13:56:25.552,2026-05-28T14:11:55.552,,96.37342300000091,,188,2026-05-28T13:56:25.531,2026-05-28T14:11:55.531,Error desde Arduino: HX711 not found.,-0.018710699998337077
96.6074136999996,96.6074136999996,-0.004498444,447,2026-05-28T13:56:25.765,2026-05-28T14:11:55.765,,96.37342300000091,,188,2026-05-28T13:56:25.531,2026-05-28T14:11:55.531,Error desde Arduino: HX711 not found.,-0.23399069999868516
96.82239789999949,96.82239789999949,-0.00450215,448,2026-05-28T13:56:25.981,2026-05-28T14:11:55.981,,96.37342300000091,,188,2026-05-28T13:56:25.531,2026-05-28T14:11:55.531,Error desde Arduino: HX711 not found.,-0.448974899998575
97.03751339999872,97.03751339999872,-0.004505124,449,2026-05-28T13:56:26.194,2026-05-28T14:11:56.194,,97.36486420000074,0.0,189,2026-05-28T13:56:26.525,2026-05-28T14:11:56.525,,0.3273508000020229
97.25259069999811,97.25259069999811,-0.004508108,450,2026-05-28T13:56:26.411,2026-05-28T14:11:56.411,,97.36486420000074,0.0,189,2026-05-28T13:56:26.525,2026-05-28T14:11:56.525,,0.11227350000262959
97.46783620000133,97.46783620000133,-0.004511133,451,2026-05-28T13:56:26.628,2026-05-28T14:11:56.628,,97.38805860000139,,190,2026-05-28T13:56:26.548,2026-05-28T14:11:56.548,Error desde Arduino: HX711 not found.,-0.07977759999994305
97.68292179999844,97.68292179999844,-0.004514358,452,2026-05-28T13:56:26.841,2026-05-28T14:11:56.841,,97.38805860000139,,190,2026-05-28T13:56:26.548,2026-05-28T14:11:56.548,Error desde Arduino: HX711 not found.,-0.294863199997053
97.89805210000122,97.89805210000122,-0.004517645,453,2026-05-28T13:56:27.058,2026-05-28T14:11:57.058,,98.37950450000062,0.0,191,2026-05-28T13:56:27.535,2026-05-28T14:11:57.535,,0.48145239999939804
98.11321319999843,98.11321319999843,-0.004520975,454,2026-05-28T13:56:27.265,2026-05-28T14:11:57.265,,98.37950450000062,0.0,191,2026-05-28T13:56:27.535,2026-05-28T14:11:57.535,,0.2662913000021945
98.32827149999866,98.32827149999866,-0.004524733,455,2026-05-28T13:56:27.481,2026-05-28T14:11:57.481,,98.37950450000062,0.0,191,2026-05-28T13:56:27.535,2026-05-28T14:11:57.535,,0.05123300000195741
98.54335970000102,98.54335970000102,-0.004528597,456,2026-05-28T13:56:27.700,2026-05-28T14:11:57.700,,98.40287320000061,,192,2026-05-28T13:56:27.562,2026-05-28T14:11:57.562,Error desde Arduino: HX711 not found.,-0.14048650000040652
98.75865770000019,98.75865770000019,-0.004532188,457,2026-05-28T13:56:27.919,2026-05-28T14:11:57.919,,98.40287320000061,,192,2026-05-28T13:56:27.562,2026-05-28T14:11:57.562,Error desde Arduino: HX711 not found.,-0.3557844999995723
98.97389960000146,98.97389960000146,-0.004536051,458,2026-05-28T13:56:28.131,2026-05-28T14:11:58.131,,99.39425119999942,0.0,193,2026-05-28T13:56:28.548,2026-05-28T14:11:58.548,,0.42035159999795724
99.18880210000134,99.18880210000134,-0.004540061,459,2026-05-28T13:56:28.348,2026-05-28T14:11:58.348,,99.39425119999942,0.0,193,2026-05-28T13:56:28.548,2026-05-28T14:11:58.548,,0.20544909999807714
99.40413270000136,99.40413270000136,-0.004543893,460,2026-05-28T13:56:28.558,2026-05-28T14:11:58.558,,99.39425119999942,0.0,193,2026-05-28T13:56:28.548,2026-05-28T14:11:58.548,,-0.009881500001938548
99.6192693999983,99.6192693999983,-0.004547673,461,2026-05-28T13:56:28.778,2026-05-28T14:11:58.778,,99.4173922000009,,194,2026-05-28T13:56:28.577,2026-05-28T14:11:58.577,Error desde Arduino: HX711 not found.,-0.20187719999739784
99.83426379999946,99.83426379999946,-0.004551567,462,2026-05-28T13:56:28.991,2026-05-28T14:11:58.991,,99.4173922000009,,194,2026-05-28T13:56:28.577,2026-05-28T14:11:58.577,Error desde Arduino: HX711 not found.,-0.41687159999855794
100.04946930000006,100.04946930000006,-0.004555358,463,2026-05-28T13:56:29.200,2026-05-28T14:11:59.200,,100.40891199999896,0.0,195,2026-05-28T13:56:29.565,2026-05-28T14:11:59.565,,0.3594426999989082
100.26448130000063,100.26448130000063,-0.004559158,464,2026-05-28T13:56:29.424,2026-05-28T14:11:59.424,,100.40891199999896,0.0,195,2026-05-28T13:56:29.565,2026-05-28T14:11:59.565,,0.14443069999833824
100.4796525999991,100.4796525999991,-0.004563283,465,2026-05-28T13:56:29.637,2026-05-28T14:11:59.637,,100.43212810000114,,196,2026-05-28T13:56:29.585,2026-05-28T14:11:59.585,Error desde Arduino: HX711 not found.,-0.047524499997962266
100.69473170000128,100.69473170000128,-0.004567157,466,2026-05-28T13:56:29.848,2026-05-28T14:11:59.848,,100.43212810000114,,196,2026-05-28T13:56:29.585,2026-05-28T14:11:59.585,Error desde Arduino: HX711 not found.,-0.2626036000001477
100.90985989999899,100.90985989999899,-0.004571418,467,2026-05-28T13:56:30.065,2026-05-28T14:12:00.065,,100.43212810000114,,196,2026-05-28T13:56:29.585,2026-05-28T14:11:59.585,Error desde Arduino: HX711 not found.,-0.477731799997855
101.12491899999804,101.12491899999804,-0.004575711,468,2026-05-28T13:56:30.281,2026-05-28T14:12:00.281,,101.42354849999901,0.0,197,2026-05-28T13:56:30.581,2026-05-28T14:12:00.581,,0.29862950000097044
101.34017450000101,101.34017450000101,-0.004579941,469,2026-05-28T13:56:30.498,2026-05-28T14:12:00.498,,101.42354849999901,0.0,197,2026-05-28T13:56:30.581,2026-05-28T14:12:00.581,,0.08337399999800255
101.55524190000142,101.55524190000142,-0.004583888,470,2026-05-28T13:56:30.715,2026-05-28T14:12:00.715,,101.44664059999923,,198,2026-05-28T13:56:30.598,2026-05-28T14:12:00.598,Error desde Arduino: HX711 not found.,-0.10860130000219215
101.7703717000004,101.7703717000004,-0.004587929,471,2026-05-28T13:56:30.930,2026-05-28T14:12:00.930,,101.44664059999923,,198,2026-05-28T13:56:30.598,2026-05-28T14:12:00.598,Error desde Arduino: HX711 not found.,-0.32373110000116867
101.98550569999861,101.98550569999861,-0.004591447,472,2026-05-28T13:56:31.143,2026-05-28T14:12:01.143,,102.4381914000005,0.0,199,2026-05-28T13:56:31.598,2026-05-28T14:12:01.598,,0.45268570000189357
102.20061509999869,102.20061509999869,-0.004595373,473,2026-05-28T13:56:31.358,2026-05-28T14:12:01.358,,102.4381914000005,0.0,199,2026-05-28T13:56:31.598,2026-05-28T14:12:01.598,,0.23757630000181962
102.41584520000106,102.41584520000106,-0.004598996,474,2026-05-28T13:56:31.574,2026-05-28T14:12:01.574,,102.4381914000005,0.0,199,2026-05-28T13:56:31.598,2026-05-28T14:12:01.598,,0.02234619999944698
102.6309059999985,102.6309059999985,-0.004602649,475,2026-05-28T13:56:31.786,2026-05-28T14:12:01.786,,102.46152729999812,,200,2026-05-28T13:56:31.621,2026-05-28T14:12:01.621,Error desde Arduino: HX711 not found.,-0.16937870000037947
102.846093199998,102.846093199998,-0.004606366,476,2026-05-28T13:56:31.998,2026-05-28T14:12:01.998,,102.46152729999812,,200,2026-05-28T13:56:31.621,2026-05-28T14:12:01.621,Error desde Arduino: HX711 not found.,-0.38456589999987045
103.06118159999824,103.06118159999824,-0.004609832,477,2026-05-28T13:56:32.221,2026-05-28T14:12:02.221,,103.45294379999905,0.0,201,2026-05-28T13:56:32.608,2026-05-28T14:12:02.608,,0.3917622000008123
103.27643259999968,103.27643259999968,-0.00461291,478,2026-05-28T13:56:32.432,2026-05-28T14:12:02.432,,103.45294379999905,0.0,201,2026-05-28T13:56:32.608,2026-05-28T14:12:02.608,,0.17651119999936782
103.49133919999804,103.49133919999804,-0.004615873,479,2026-05-28T13:56:32.648,2026-05-28T14:12:02.648,,103.47615239999868,,202,2026-05-28T13:56:32.631,2026-05-28T14:12:02.631,Error desde Arduino: HX711 not found.,-0.015186799999355571
103.70653120000134,103.70653120000134,-0.004618951,480,2026-05-28T13:56:32.865,2026-05-28T14:12:02.865,,103.47615239999868,,202,2026-05-28T13:56:32.631,2026-05-28T14:12:02.631,Error desde Arduino: HX711 not found.,-0.23037880000265432
103.92153880000114,103.92153880000114,-0.004622929,481,2026-05-28T13:56:33.081,2026-05-28T14:12:03.081,,103.47615239999868,,202,2026-05-28T13:56:32.631,2026-05-28T14:12:02.631,Error desde Arduino: HX711 not found.,-0.4453864000024623
104.13677430000098,104.13677430000098,-0.004626719,482,2026-05-28T13:56:33.293,2026-05-28T14:12:03.293,,104.46762419999868,0.0,203,2026-05-28T13:56:33.628,2026-05-28T14:12:03.628,,0.33084989999770187
104.35213509999812,104.35213509999812,-0.004630279,483,2026-05-28T13:56:33.508,2026-05-28T14:12:03.508,,104.46762419999868,0.0,203,2026-05-28T13:56:33.628,2026-05-28T14:12:03.628,,0.11548910000055912
104.56710010000097,104.56710010000097,-0.004633525,484,2026-05-28T13:56:33.727,2026-05-28T14:12:03.727,,104.49087639999925,,204,2026-05-28T13:56:33.648,2026-05-28T14:12:03.648,Error desde Arduino: HX711 not found.,-0.07622370000171941
104.78234549999979,104.78234549999979,-0.00463699,485,2026-05-28T13:56:33.941,2026-05-28T14:12:03.941,,104.49087639999925,,204,2026-05-28T13:56:33.648,2026-05-28T14:12:03.648,Error desde Arduino: HX711 not found.,-0.2914691000005405
104.99730740000086,104.99730740000086,-0.004640225,486,2026-05-28T13:56:34.148,2026-05-28T14:12:04.148,,105.48235690000001,0.0,205,2026-05-28T13:56:34.635,2026-05-28T14:12:04.635,,0.4850494999991497
105.21248180000111,105.21248180000111,-0.004643429,487,2026-05-28T13:56:34.369,2026-05-28T14:12:04.369,,105.48235690000001,0.0,205,2026-05-28T13:56:34.635,2026-05-28T14:12:04.635,,0.2698750999988988
105.42758540000068,105.42758540000068,-0.004646654,488,2026-05-28T13:56:34.581,2026-05-28T14:12:04.581,,105.48235690000001,0.0,205,2026-05-28T13:56:34.635,2026-05-28T14:12:04.635,,0.05477149999933317
105.6428401000012,105.6428401000012,-0.004650266,489,2026-05-28T13:56:34.799,2026-05-28T14:12:04.799,,105.50561620000008,,206,2026-05-28T13:56:34.665,2026-05-28T14:12:04.665,Error desde Arduino: HX711 not found.,-0.13722390000111773
105.85779890000049,105.85779890000049,-0.00465348,490,2026-05-28T13:56:35.018,2026-05-28T14:12:05.018,,105.50561620000008,,206,2026-05-28T13:56:34.665,2026-05-28T14:12:04.665,Error desde Arduino: HX711 not found.,-0.3521827000004123
106.07303559999855,106.07303559999855,-0.004657145,491,2026-05-28T13:56:35.232,2026-05-28T14:12:05.232,,106.49702170000091,0.0,207,2026-05-28T13:56:35.648,2026-05-28T14:12:05.648,,0.4239861000023666
106.28789049999978,106.28789049999978,-0.004660725,492,2026-05-28T13:56:35.448,2026-05-28T14:12:05.448,,106.49702170000091,0.0,207,2026-05-28T13:56:35.648,2026-05-28T14:12:05.648,,0.2091312000011385
106.50305279999884,106.50305279999884,-0.004664201,493,2026-05-28T13:56:35.658,2026-05-28T14:12:05.658,,106.49702170000091,0.0,207,2026-05-28T13:56:35.648,2026-05-28T14:12:05.648,,-0.006031099997926503
106.71813929999917,106.71813929999917,-0.004667552,494,2026-05-28T13:56:35.878,2026-05-28T14:12:05.878,,106.52022919999945,,208,2026-05-28T13:56:35.678,2026-05-28T14:12:05.678,Error desde Arduino: HX711 not found.,-0.1979100999997172
106.9330614999999,106.9330614999999,-0.004671132,495,2026-05-28T13:56:36.092,2026-05-28T14:12:06.092,,106.52022919999945,,208,2026-05-28T13:56:35.678,2026-05-28T14:12:05.678,Error desde Arduino: HX711 not found.,-0.4128323000004457
107.14831399999821,107.14831399999821,-0.004674587,496,2026-05-28T13:56:36.307,2026-05-28T14:12:06.307,,107.51172690000021,0.0,209,2026-05-28T13:56:36.665,2026-05-28T14:12:06.665,,0.3634129000020039
107.36350239999956,107.36350239999956,-0.004678095,497,2026-05-28T13:56:36.523,2026-05-28T14:12:06.523,,107.51172690000021,0.0,209,2026-05-28T13:56:36.665,2026-05-28T14:12:06.665,,0.14822450000065146
107.57877309999822,107.57877309999822,-0.004681769,498,2026-05-28T13:56:36.735,2026-05-28T14:12:06.735,,107.53492460000052,,210,2026-05-28T13:56:36.694,2026-05-28T14:12:06.694,Error desde Arduino: HX711 not found.,-0.04384849999769358
107.79386180000074,107.79386180000074,-0.004685193,499,2026-05-28T13:56:36.954,2026-05-28T14:12:06.954,,107.53492460000052,,210,2026-05-28T13:56:36.694,2026-05-28T14:12:06.694,Error desde Arduino: HX711 not found.,-0.2589372000002186
108.00904190000074,108.00904190000074,-0.004688973,500,2026-05-28T13:56:37.165,2026-05-28T14:12:07.165,,107.53492460000052,,210,2026-05-28T13:56:36.694,2026-05-28T14:12:06.694,Error desde Arduino: HX711 not found.,-0.47411730000021635
108.22411759999886,108.22411759999886,-0.004692983,501,2026-05-28T13:56:37.381,2026-05-28T14:12:07.381,,108.52637289999984,0.0,211,2026-05-28T13:56:37.685,2026-05-28T14:12:07.685,,0.30225530000097933
108.43926999999894,108.43926999999894,-0.004696469,502,2026-05-28T13:56:37.598,2026-05-28T14:12:07.598,,108.52637289999984,0.0,211,2026-05-28T13:56:37.685,2026-05-28T14:12:07.685,,0.08710290000090026
108.6543574999996,108.6543574999996,-0.004700123,503,2026-05-28T13:56:37.814,2026-05-28T14:12:07.814,,108.54943419999836,,212,2026-05-28T13:56:37.700,2026-05-28T14:12:07.700,Error desde Arduino: HX711 not found.,-0.10492330000124639
108.8694601999996,108.8694601999996,-0.00470385,504,2026-05-28T13:56:38.030,2026-05-28T14:12:08.030,,108.54943419999836,,212,2026-05-28T13:56:37.700,2026-05-28T14:12:07.700,Error desde Arduino: HX711 not found.,-0.32002600000123493
109.08445539999957,109.08445539999957,-0.004707965,505,2026-05-28T13:56:38.241,2026-05-28T14:12:08.241,,109.54088760000013,0.0,213,2026-05-28T13:56:38.701,2026-05-28T14:12:08.701,,0.45643220000056317
109.29934879999928,109.29934879999928,-0.004712582,506,2026-05-28T13:56:38.458,2026-05-28T14:12:08.458,,109.54088760000013,0.0,213,2026-05-28T13:56:38.701,2026-05-28T14:12:08.701,,0.24153880000085337
109.5148577,109.5148577,-0.004717388,507,2026-05-28T13:56:38.674,2026-05-28T14:12:08.674,,109.54088760000013,0.0,213,2026-05-28T13:56:38.701,2026-05-28T14:12:08.701,,0.026029900000139605
109.72977629999878,109.72977629999878,-0.004721586,508,2026-05-28T13:56:38.881,2026-05-28T14:12:08.881,,109.56413590000011,,214,2026-05-28T13:56:38.724,2026-05-28T14:12:08.724,Error desde Arduino: HX711 not found.,-0.1656403999986651
109.94500089999929,109.94500089999929,-0.004725209,509,2026-05-28T13:56:39.100,2026-05-28T14:12:09.100,,109.56413590000011,,214,2026-05-28T13:56:38.724,2026-05-28T14:12:08.724,Error desde Arduino: HX711 not found.,-0.3808649999991758
110.15993049999815,110.15993049999815,-0.004728894,510,2026-05-28T13:56:39.319,2026-05-28T14:12:09.319,,110.55551130000094,0.0,215,2026-05-28T13:56:39.715,2026-05-28T14:12:09.715,,0.39558080000279006
110.3750856000006,110.3750856000006,-0.004732579,511,2026-05-28T13:56:39.531,2026-05-28T14:12:09.531,,110.55551130000094,0.0,215,2026-05-28T13:56:39.715,2026-05-28T14:12:09.715,,0.18042570000034175
110.59005949999846,110.59005949999846,-0.004736254,512,2026-05-28T13:56:39.748,2026-05-28T14:12:09.748,,110.57869009999922,,216,2026-05-28T13:56:39.731,2026-05-28T14:12:09.731,Error desde Arduino: HX711 not found.,-0.01136939999923925
110.80509180000081,110.80509180000081,-0.004740191,513,2026-05-28T13:56:39.965,2026-05-28T14:12:09.965,,110.57869009999922,,216,2026-05-28T13:56:39.731,2026-05-28T14:12:09.731,Error desde Arduino: HX711 not found.,-0.22640170000158832
111.02014369999961,111.02014369999961,-0.004744085,514,2026-05-28T13:56:40.175,2026-05-28T14:12:10.175,,110.57869009999922,,216,2026-05-28T13:56:39.731,2026-05-28T14:12:09.731,Error desde Arduino: HX711 not found.,-0.44145360000038636
111.23519840000154,111.23519840000154,-0.004748378,515,2026-05-28T13:56:40.395,2026-05-28T14:12:10.395,,111.57025179999982,0.0,217,2026-05-28T13:56:40.730,2026-05-28T14:12:10.730,,0.3350533999982872
111.45022370000152,111.45022370000152,-0.004752262,516,2026-05-28T13:56:40.608,2026-05-28T14:12:10.608,,111.57025179999982,0.0,217,2026-05-28T13:56:40.730,2026-05-28T14:12:10.730,,0.12002809999830788
111.6652697999998,111.6652697999998,-0.004755885,517,2026-05-28T13:56:40.825,2026-05-28T14:12:10.825,,111.59351909999896,,218,2026-05-28T13:56:40.748,2026-05-28T14:12:10.748,Error desde Arduino: HX711 not found.,-0.07175070000084816
111.88024080000105,111.88024080000105,-0.004759309,518,2026-05-28T13:56:41.031,2026-05-28T14:12:11.031,,111.59351909999896,,218,2026-05-28T13:56:40.748,2026-05-28T14:12:10.748,Error desde Arduino: HX711 not found.,-0.2867217000020901
112.09545660000003,112.09545660000003,-0.004762544,519,2026-05-28T13:56:41.248,2026-05-28T14:12:11.248,,112.58497100000022,0.0,219,2026-05-28T13:56:41.741,2026-05-28T14:12:11.741,,0.4895144000001892
112.3106528999997,112.3106528999997,-0.004765444,520,2026-05-28T13:56:41.465,2026-05-28T14:12:11.465,,112.58497100000022,0.0,219,2026-05-28T13:56:41.741,2026-05-28T14:12:11.741,,0.2743181000005279
112.52568099999917,112.52568099999917,-0.004769004,521,2026-05-28T13:56:41.681,2026-05-28T14:12:11.681,,112.58497100000022,0.0,219,2026-05-28T13:56:41.741,2026-05-28T14:12:11.741,,0.05929000000105589
112.74087579999832,112.74087579999832,-0.004772197,522,2026-05-28T13:56:41.898,2026-05-28T14:12:11.898,,112.60802989999866,,220,2026-05-28T13:56:41.766,2026-05-28T14:12:11.766,Error desde Arduino: HX711 not found.,-0.13284589999966556
112.95586760000151,112.95586760000151,-0.004775903,523,2026-05-28T13:56:42.116,2026-05-28T14:12:12.116,,112.60802989999866,,220,2026-05-28T13:56:41.766,2026-05-28T14:12:11.766,Error desde Arduino: HX711 not found.,-0.34783770000285585
113.17102629999863,113.17102629999863,-0.004779201,524,2026-05-28T13:56:42.331,2026-05-28T14:12:12.331,,113.5994955999995,0.0,221,2026-05-28T13:56:42.758,2026-05-28T14:12:12.758,,0.42846930000087013
113.38618180000049,113.38618180000049,-0.004782185,525,2026-05-28T13:56:42.541,2026-05-28T14:12:12.541,,113.5994955999995,0.0,221,2026-05-28T13:56:42.758,2026-05-28T14:12:12.758,,0.213313799999014
113.60132739999972,113.60132739999972,-0.004785294,526,2026-05-28T13:56:42.758,2026-05-28T14:12:12.758,,113.5994955999995,0.0,221,2026-05-28T13:56:42.758,2026-05-28T14:12:12.758,,-0.0018318000002182089
113.81640049999987,113.81640049999987,-0.004788268,527,2026-05-28T13:56:42.968,2026-05-28T14:12:12.968,,113.62271780000083,,222,2026-05-28T13:56:42.782,2026-05-28T14:12:12.782,Error desde Arduino: HX711 not found.,-0.19368269999904442
114.03149839999969,114.03149839999969,-0.004791346,528,2026-05-28T13:56:43.185,2026-05-28T14:12:13.185,,113.62271780000083,,222,2026-05-28T13:56:42.782,2026-05-28T14:12:12.782,Error desde Arduino: HX711 not found.,-0.4087805999988632
114.24655269999857,114.24655269999857,-0.004794571,529,2026-05-28T13:56:43.406,2026-05-28T14:12:13.406,,114.6143994999984,0.0,223,2026-05-28T13:56:43.774,2026-05-28T14:12:13.774,,0.3678467999998247
114.4616477999989,114.4616477999989,-0.004798382,530,2026-05-28T13:56:43.621,2026-05-28T14:12:13.621,,114.6143994999984,0.0,223,2026-05-28T13:56:43.774,2026-05-28T14:12:13.774,,0.15275169999949867
114.67678629999864,114.67678629999864,-0.004801449,531,2026-05-28T13:56:43.835,2026-05-28T14:12:13.835,,114.63774149999881,,224,2026-05-28T13:56:43.798,2026-05-28T14:12:13.798,Error desde Arduino: HX711 not found.,-0.03904479999982868
114.89191379999829,114.89191379999829,-0.004804768,532,2026-05-28T13:56:44.048,2026-05-28T14:12:14.048,,114.63774149999881,,224,2026-05-28T13:56:43.798,2026-05-28T14:12:13.798,Error desde Arduino: HX711 not found.,-0.25417229999948177
115.10704700000133,115.10704700000133,-0.004807878,533,2026-05-28T13:56:44.265,2026-05-28T14:12:14.265,,114.63774149999881,,224,2026-05-28T13:56:43.798,2026-05-28T14:12:13.798,Error desde Arduino: HX711 not found.,-0.4693055000025197
115.32213599999886,115.32213599999886,-0.004811448,534,2026-05-28T13:56:44.481,2026-05-28T14:12:14.481,,115.62892600000123,0.0,225,2026-05-28T13:56:44.781,2026-05-28T14:12:14.781,,0.30679000000236556
115.5373925999993,115.5373925999993,-0.00481483,535,2026-05-28T13:56:44.694,2026-05-28T14:12:14.694,,115.62892600000123,0.0,225,2026-05-28T13:56:44.781,2026-05-28T14:12:14.781,,0.09153340000193566
115.7524900999997,115.7524900999997,-0.004818128,536,2026-05-28T13:56:44.911,2026-05-28T14:12:14.911,,115.65197099999932,,226,2026-05-28T13:56:44.812,2026-05-28T14:12:14.812,Error desde Arduino: HX711 not found.,-0.10051910000038333
115.9676131999986,115.9676131999986,-0.004821604,537,2026-05-28T13:56:45.128,2026-05-28T14:12:15.128,,115.65197099999932,,226,2026-05-28T13:56:44.812,2026-05-28T14:12:14.812,Error desde Arduino: HX711 not found.,-0.31564219999927445
116.18263559999832,116.18263559999832,-0.004825268,538,2026-05-28T13:56:45.341,2026-05-28T14:12:15.341,,116.64360250000027,0.0,227,2026-05-28T13:56:45.798,2026-05-28T14:12:15.798,,0.4609669000019494
116.39785059999849,116.39785059999849,-0.004828524,539,2026-05-28T13:56:45.549,2026-05-28T14:12:15.549,,116.64360250000027,0.0,227,2026-05-28T13:56:45.798,2026-05-28T14:12:15.798,,0.24575190000177827
116.61292609999873,116.61292609999873,-0.004831801,540,2026-05-28T13:56:45.765,2026-05-28T14:12:15.765,,116.64360250000027,0.0,227,2026-05-28T13:56:45.798,2026-05-28T14:12:15.798,,0.03067640000153915
116.82796510000117,116.82796510000117,-0.004835151,541,2026-05-28T13:56:45.988,2026-05-28T14:12:15.988,,116.6668944999983,,228,2026-05-28T13:56:45.827,2026-05-28T14:12:15.827,Error desde Arduino: HX711 not found.,-0.16107060000285855
117.04303539999819,117.04303539999819,-0.004838334,542,2026-05-28T13:56:46.200,2026-05-28T14:12:16.200,,116.6668944999983,,228,2026-05-28T13:56:45.827,2026-05-28T14:12:15.827,Error desde Arduino: HX711 not found.,-0.3761408999998821
117.25800439999875,117.25800439999875,-0.004841716,543,2026-05-28T13:56:46.418,2026-05-28T14:12:16.418,,117.65815930000099,0.0,229,2026-05-28T13:56:46.818,2026-05-28T14:12:16.818,,0.4001549000022351
117.4732546999985,117.4732546999985,-0.004845056,544,2026-05-28T13:56:46.631,2026-05-28T14:12:16.631,,117.65815930000099,0.0,229,2026-05-28T13:56:46.818,2026-05-28T14:12:16.818,,0.18490460000248277
117.68813600000067,117.68813600000067,-0.004848312,545,2026-05-28T13:56:46.848,2026-05-28T14:12:16.848,,117.68126570000095,,230,2026-05-28T13:56:46.841,2026-05-28T14:12:16.841,Error desde Arduino: HX711 not found.,-0.006870299999718554
117.90324359999795,117.90324359999795,-0.004851589,546,2026-05-28T13:56:47.059,2026-05-28T14:12:17.059,,117.68126570000095,,230,2026-05-28T13:56:46.841,2026-05-28T14:12:16.841,Error desde Arduino: HX711 not found.,-0.22197789999700035
118.1182289999997,118.1182289999997,-0.00485518,547,2026-05-28T13:56:47.275,2026-05-28T14:12:17.275,,117.68126570000095,,230,2026-05-28T13:56:46.841,2026-05-28T14:12:16.841,Error desde Arduino: HX711 not found.,-0.4369632999987516
118.3335302000014,118.3335302000014,-0.004858415,548,2026-05-28T13:56:47.491,2026-05-28T14:12:17.491,,118.67297079999844,0.0,231,2026-05-28T13:56:47.831,2026-05-28T14:12:17.831,,0.33944059999703313
118.54853809999986,118.54853809999986,-0.004862059,549,2026-05-28T13:56:47.700,2026-05-28T14:12:17.700,,118.67297079999844,0.0,231,2026-05-28T13:56:47.831,2026-05-28T14:12:17.831,,0.12443269999857876
118.76380219999919,118.76380219999919,-0.004865639,550,2026-05-28T13:56:47.924,2026-05-28T14:12:17.924,,118.69612150000103,,232,2026-05-28T13:56:47.852,2026-05-28T14:12:17.852,Error desde Arduino: HX711 not found.,-0.06768069999816362
118.97881879999841,118.97881879999841,-0.004869147,551,2026-05-28T13:56:48.131,2026-05-28T14:12:18.131,,118.69612150000103,,232,2026-05-28T13:56:47.852,2026-05-28T14:12:17.852,Error desde Arduino: HX711 not found.,-0.28269729999738047
119.19396309999865,119.19396309999865,-0.004872298,552,2026-05-28T13:56:48.349,2026-05-28T14:12:18.349,,119.68758969999908,0.0,233,2026-05-28T13:56:48.848,2026-05-28T14:12:18.848,,0.49362660000042524
119.4089873999983,119.4089873999983,-0.004875617,553,2026-05-28T13:56:48.565,2026-05-28T14:12:18.565,,119.68758969999908,0.0,233,2026-05-28T13:56:48.848,2026-05-28T14:12:18.848,,0.27860230000078445
119.62411290000091,119.62411290000091,-0.004878894,554,2026-05-28T13:56:48.784,2026-05-28T14:12:18.784,,119.68758969999908,0.0,233,2026-05-28T13:56:48.848,2026-05-28T14:12:18.848,,0.06347679999817046
119.83922280000115,119.83922280000115,-0.004882087,555,2026-05-28T13:56:48.998,2026-05-28T14:12:18.998,,119.71071469999879,,234,2026-05-28T13:56:48.865,2026-05-28T14:12:18.865,Error desde Arduino: HX711 not found.,-0.1285081000023638
120.0541634000001,120.0541634000001,-0.004885637,556,2026-05-28T13:56:49.214,2026-05-28T14:12:19.214,,119.71071469999879,,234,2026-05-28T13:56:48.865,2026-05-28T14:12:18.865,Error desde Arduino: HX711 not found.,-0.3434487000013178
120.26933289999943,120.26933289999943,-0.004889071,557,2026-05-28T13:56:49.429,2026-05-28T14:12:19.429,,120.71445329999915,,235,2026-05-28T13:56:49.874,2026-05-28T14:12:19.874,Error desde Arduino: HX711 not found.,0.4451203999997233
120.48422030000074,120.48422030000074,-0.004892285,558,2026-05-28T13:56:49.641,2026-05-28T14:12:19.641,,120.71445329999915,,235,2026-05-28T13:56:49.874,2026-05-28T14:12:19.874,Error desde Arduino: HX711 not found.,0.23023299999840674
120.69924309999988,120.69924309999988,-0.004895552,559,2026-05-28T13:56:49.858,2026-05-28T14:12:19.858,,120.71445329999915,,235,2026-05-28T13:56:49.874,2026-05-28T14:12:19.874,Error desde Arduino: HX711 not found.,0.015210199999273755
120.91439349999928,120.91439349999928,-0.004898619,560,2026-05-28T13:56:50.065,2026-05-28T14:12:20.065,,120.71445329999915,,235,2026-05-28T13:56:49.874,2026-05-28T14:12:19.874,Error desde Arduino: HX711 not found.,-0.19994020000012824
121.12978680000015,121.12978680000015,-0.004901969,561,2026-05-28T13:56:50.285,2026-05-28T14:12:20.285,,120.71445329999915,,235,2026-05-28T13:56:49.874,2026-05-28T14:12:19.874,Error desde Arduino: HX711 not found.,-0.41533350000099745
121.34471900000062,121.34471900000062,-0.00490555,562,2026-05-28T13:56:50.505,2026-05-28T14:12:20.505,,121.70593110000118,0.0,236,2026-05-28T13:56:50.865,2026-05-28T14:12:20.865,,0.36121210000055726
121.56043610000052,121.56043610000052,-0.004909058,563,2026-05-28T13:56:50.720,2026-05-28T14:12:20.720,,121.70593110000118,0.0,236,2026-05-28T13:56:50.865,2026-05-28T14:12:20.865,,0.14549500000066473
121.77535369999896,121.77535369999896,-0.004912492,564,2026-05-28T13:56:50.932,2026-05-28T14:12:20.932,,121.72916859999896,,237,2026-05-28T13:56:50.881,2026-05-28T14:12:20.881,Error desde Arduino: HX711 not found.,-0.04618510000000242
121.9905202000009,121.9905202000009,-0.004915968,565,2026-05-28T13:56:51.150,2026-05-28T14:12:21.150,,121.72916859999896,,237,2026-05-28T13:56:50.881,2026-05-28T14:12:20.881,Error desde Arduino: HX711 not found.,-0.26135160000194446
122.20558529999835,122.20558529999835,-0.004919182,566,2026-05-28T13:56:51.365,2026-05-28T14:12:21.365,,121.72916859999896,,237,2026-05-28T13:56:50.881,2026-05-28T14:12:20.881,Error desde Arduino: HX711 not found.,-0.4764166999993904
122.42062570000053,122.42062570000053,-0.004922459,567,2026-05-28T13:56:51.575,2026-05-28T14:12:21.575,,122.72055829999954,0.0,238,2026-05-28T13:56:51.874,2026-05-28T14:12:21.874,,0.29993259999901056
122.63574399999925,122.63574399999925,-0.004925432,568,2026-05-28T13:56:51.795,2026-05-28T14:12:21.795,,122.72055829999954,0.0,238,2026-05-28T13:56:51.874,2026-05-28T14:12:21.874,,0.08481430000028922
122.85066929999812,122.85066929999812,-0.004928531,569,2026-05-28T13:56:52.007,2026-05-28T14:12:22.007,,122.74375660000078,,239,2026-05-28T13:56:51.898,2026-05-28T14:12:21.898,Error desde Arduino: HX711 not found.,-0.10691269999733777
123.06585170000108,123.06585170000108,-0.004931588,570,2026-05-28T13:56:52.226,2026-05-28T14:12:22.226,,122.74375660000078,,239,2026-05-28T13:56:51.898,2026-05-28T14:12:21.898,Error desde Arduino: HX711 not found.,-0.32209510000029695
123.28095140000005,123.28095140000005,-0.004937253,571,2026-05-28T13:56:52.441,2026-05-28T14:12:22.441,,123.73521329999858,0.0,240,2026-05-28T13:56:52.886,2026-05-28T14:12:22.886,,0.45426189999852795
123.49618159999955,123.49618159999955,-0.00494857,572,2026-05-28T13:56:52.656,2026-05-28T14:12:22.656,,123.73521329999858,0.0,240,2026-05-28T13:56:52.886,2026-05-28T14:12:22.886,,0.23903169999903184
123.71124029999919,123.71124029999919,-0.004962746,573,2026-05-28T13:56:52.867,2026-05-28T14:12:22.867,,123.73521329999858,0.0,240,2026-05-28T13:56:52.886,2026-05-28T14:12:22.886,,0.023972999999386957
123.92648499999996,123.92648499999996,-0.004977195,574,2026-05-28T13:56:53.086,2026-05-28T14:12:23.086,,123.75829900000099,,241,2026-05-28T13:56:52.918,2026-05-28T14:12:22.918,Error desde Arduino: HX711 not found.,-0.16818599999896833
124.14163130000088,124.14163130000088,-0.004989696,575,2026-05-28T13:56:53.298,2026-05-28T14:12:23.298,,123.75829900000099,,241,2026-05-28T13:56:52.918,2026-05-28T14:12:22.918,Error desde Arduino: HX711 not found.,-0.3833322999998927
124.35701849999896,124.35701849999896,-0.004999485,576,2026-05-28T13:56:53.516,2026-05-28T14:12:23.516,,124.74992710000151,0.0,242,2026-05-28T13:56:53.908,2026-05-28T14:12:23.908,,0.39290860000255634
124.57204849999835,124.57204849999835,-0.005007672,577,2026-05-28T13:56:53.731,2026-05-28T14:12:23.731,,124.74992710000151,0.0,242,2026-05-28T13:56:53.908,2026-05-28T14:12:23.908,,0.17787860000316869
124.78711420000036,124.78711420000036,-0.005013598,578,2026-05-28T13:56:53.943,2026-05-28T14:12:23.943,,124.7730158000013,,243,2026-05-28T13:56:53.933,2026-05-28T14:12:23.933,Error desde Arduino: HX711 not found.,-0.01409839999905671
125.00228920000154,125.00228920000154,-0.005018393,579,2026-05-28T13:56:54.158,2026-05-28T14:12:24.158,,124.7730158000013,,243,2026-05-28T13:56:53.933,2026-05-28T14:12:23.933,Error desde Arduino: HX711 not found.,-0.22927340000023833
125.21716649999871,125.21716649999871,-0.005023136,580,2026-05-28T13:56:54.374,2026-05-28T14:12:24.374,,124.7730158000013,,243,2026-05-28T13:56:53.933,2026-05-28T14:12:23.933,Error desde Arduino: HX711 not found.,-0.4441506999974081
125.43229150000116,125.43229150000116,-0.005027753,581,2026-05-28T13:56:54.592,2026-05-28T14:12:24.592,,125.76465489999828,0.0,244,2026-05-28T13:56:54.925,2026-05-28T14:12:24.925,,0.3323633999971207
125.64737529999911,125.64737529999911,-0.005031617,582,2026-05-28T13:56:54.798,2026-05-28T14:12:24.798,,125.76465489999828,0.0,244,2026-05-28T13:56:54.925,2026-05-28T14:12:24.925,,0.11727959999916493
125.86262989999886,125.86262989999886,-0.005034967,583,2026-05-28T13:56:55.023,2026-05-28T14:12:25.023,,125.78758549999839,,245,2026-05-28T13:56:54.948,2026-05-28T14:12:24.948,Error desde Arduino: HX711 not found.,-0.07504440000047907
126.07759670000087,126.07759670000087,-0.005037616,584,2026-05-28T13:56:55.231,2026-05-28T14:12:25.231,,125.78758549999839,,245,2026-05-28T13:56:54.948,2026-05-28T14:12:24.948,Error desde Arduino: HX711 not found.,-0.29001120000248193
126.29285230000096,126.29285230000096,-0.005039626,585,2026-05-28T13:56:55.448,2026-05-28T14:12:25.448,,126.77927890000137,0.0,246,2026-05-28T13:56:55.931,2026-05-28T14:12:25.931,,0.4864266000004136
126.50773670000126,126.50773670000126,-0.005041898,586,2026-05-28T13:56:55.665,2026-05-28T14:12:25.665,,126.77927890000137,0.0,246,2026-05-28T13:56:55.931,2026-05-28T14:12:25.931,,0.27154220000011264
126.7231552000012,126.7231552000012,-0.005044662,587,2026-05-28T13:56:55.881,2026-05-28T14:12:25.881,,126.77927890000137,0.0,246,2026-05-28T13:56:55.931,2026-05-28T14:12:25.931,,0.056123700000171084
126.93830080000043,126.93830080000043,-0.005047311,588,2026-05-28T13:56:56.098,2026-05-28T14:12:26.098,,126.80242150000049,,247,2026-05-28T13:56:55.959,2026-05-28T14:12:25.959,Error desde Arduino: HX711 not found.,-0.1358792999999423
127.1534517,127.1534517,-0.005050881,589,2026-05-28T13:56:56.308,2026-05-28T14:12:26.308,,126.80242150000049,,247,2026-05-28T13:56:55.959,2026-05-28T14:12:25.959,Error desde Arduino: HX711 not found.,-0.35103019999951357
127.36864609999975,127.36864609999975,-0.0050551,590,2026-05-28T13:56:56.529,2026-05-28T14:12:26.529,,127.79394260000117,0.0,248,2026-05-28T13:56:56.948,2026-05-28T14:12:26.948,,0.42529650000142283
127.58360990000074,127.58360990000074,-0.005058765,591,2026-05-28T13:56:56.741,2026-05-28T14:12:26.741,,127.79394260000117,0.0,248,2026-05-28T13:56:56.948,2026-05-28T14:12:26.948,,0.21033270000043558
127.79881340000065,127.79881340000065,-0.005062649,592,2026-05-28T13:56:56.959,2026-05-28T14:12:26.959,,127.79394260000117,0.0,248,2026-05-28T13:56:56.948,2026-05-28T14:12:26.948,,-0.004870799999480369
128.0137524999991,128.0137524999991,-0.005067455,593,2026-05-28T13:56:57.165,2026-05-28T14:12:27.165,,127.81722399999853,,249,2026-05-28T13:56:56.977,2026-05-28T14:12:26.977,Error desde Arduino: HX711 not found.,-0.19652850000056787
128.22884619999968,128.22884619999968,-0.005072166,594,2026-05-28T13:56:57.381,2026-05-28T14:12:27.381,,127.81722399999853,,249,2026-05-28T13:56:56.977,2026-05-28T14:12:26.977,Error desde Arduino: HX711 not found.,-0.4116222000011476
128.4439022000006,128.4439022000006,-0.005076647,595,2026-05-28T13:56:57.598,2026-05-28T14:12:27.598,,128.80865170000106,0.0,250,2026-05-28T13:56:57.965,2026-05-28T14:12:27.965,,0.364749500000471
128.65902060000008,128.65902060000008,-0.005081149,596,2026-05-28T13:56:57.819,2026-05-28T14:12:27.819,,128.80865170000106,0.0,250,2026-05-28T13:56:57.965,2026-05-28T14:12:27.965,,0.14963110000098823
128.87410140000065,128.87410140000065,-0.005084384,597,2026-05-28T13:56:58.033,2026-05-28T14:12:28.033,,128.83185049999884,,251,2026-05-28T13:56:57.985,2026-05-28T14:12:27.985,Error desde Arduino: HX711 not found.,-0.04225090000181808
129.08938019999914,129.08938019999914,-0.005087399,598,2026-05-28T13:56:58.248,2026-05-28T14:12:28.248,,128.83185049999884,,251,2026-05-28T13:56:57.985,2026-05-28T14:12:27.985,Error desde Arduino: HX711 not found.,-0.25752970000030473
129.3043465999981,129.3043465999981,-0.005090446,599,2026-05-28T13:56:58.464,2026-05-28T14:12:28.464,,128.83185049999884,,251,2026-05-28T13:56:57.985,2026-05-28T14:12:27.985,Error desde Arduino: HX711 not found.,-0.4724960999992618
129.51975440000024,129.51975440000024,-0.00509342,600,2026-05-28T13:56:58.675,2026-05-28T14:12:28.675,,129.8233712000001,0.0,252,2026-05-28T13:56:58.981,2026-05-28T14:12:28.981,,0.30361679999987246
129.73480239999844,129.73480239999844,-0.00509654,601,2026-05-28T13:56:58.891,2026-05-28T14:12:28.891,,129.8233712000001,0.0,252,2026-05-28T13:56:58.981,2026-05-28T14:12:28.981,,0.08856880000166711
129.95001430000048,129.95001430000048,-0.005099241,602,2026-05-28T13:56:59.108,2026-05-28T14:12:29.108,,129.8465361999988,,253,2026-05-28T13:56:59.003,2026-05-28T14:12:29.003,Error desde Arduino: HX711 not found.,-0.10347810000166646
130.1652028999997,130.1652028999997,-0.005101544,603,2026-05-28T13:56:59.325,2026-05-28T14:12:29.325,,129.8465361999988,,253,2026-05-28T13:56:59.003,2026-05-28T14:12:29.003,Error desde Arduino: HX711 not found.,-0.3186667000009038
130.38024379999842,130.38024379999842,-0.005106078,604,2026-05-28T13:56:59.531,2026-05-28T14:12:29.531,,130.83793249999871,0.0,254,2026-05-28T13:56:59.998,2026-05-28T14:12:29.998,,0.4576887000002898
130.59548659999928,130.59548659999928,-0.005111113,605,2026-05-28T13:56:59.748,2026-05-28T14:12:29.748,,130.83793249999871,0.0,254,2026-05-28T13:56:59.998,2026-05-28T14:12:29.998,,0.24244589999943855
130.81045280000035,130.81045280000035,-0.005114474,606,2026-05-28T13:56:59.965,2026-05-28T14:12:29.965,,130.83793249999871,0.0,254,2026-05-28T13:56:59.998,2026-05-28T14:12:29.998,,0.027479699998366414
131.02560919999814,131.02560919999814,-0.005117395,607,2026-05-28T13:57:00.181,2026-05-28T14:12:30.181,,130.86113240000122,,255,2026-05-28T13:57:00.021,2026-05-28T14:12:30.021,Error desde Arduino: HX711 not found.,-0.164476799996919
131.24057119999998,131.24057119999998,-0.005120348,608,2026-05-28T13:57:00.398,2026-05-28T14:12:30.398,,130.86113240000122,,255,2026-05-28T13:57:00.021,2026-05-28T14:12:30.021,Error desde Arduino: HX711 not found.,-0.3794387999987521
131.45571689999997,131.45571689999997,-0.005122976,609,2026-05-28T13:57:00.616,2026-05-28T14:12:30.616,,131.8525832000014,0.0,256,2026-05-28T13:57:01.013,2026-05-28T14:12:31.013,,0.3968663000014203
131.67070969999986,131.67070969999986,-0.005125719,610,2026-05-28T13:57:00.830,2026-05-28T14:12:30.830,,131.8525832000014,0.0,256,2026-05-28T13:57:01.013,2026-05-28T14:12:31.013,,0.18187350000152946
131.88599819999945,131.88599819999945,-0.005128661,611,2026-05-28T13:57:01.041,2026-05-28T14:12:31.041,,131.87582979999934,,257,2026-05-28T13:57:01.031,2026-05-28T14:12:31.031,Error desde Arduino: HX711 not found.,-0.010168400000111433
132.1010267999991,132.1010267999991,-0.005132786,612,2026-05-28T13:57:01.261,2026-05-28T14:12:31.261,,131.87582979999934,,257,2026-05-28T13:57:01.031,2026-05-28T14:12:31.031,Error desde Arduino: HX711 not found.,-0.22519699999975273
132.3163295000013,132.3163295000013,-0.005137173,613,2026-05-28T13:57:01.468,2026-05-28T14:12:31.468,,131.87582979999934,,257,2026-05-28T13:57:01.031,2026-05-28T14:12:31.031,Error desde Arduino: HX711 not found.,-0.4404997000019648
132.53153250000105,132.53153250000105,-0.005140806,614,2026-05-28T13:57:01.685,2026-05-28T14:12:31.685,,132.86727859999883,0.0,258,2026-05-28T13:57:02.027,2026-05-28T14:12:32.027,,0.3357460999977775
132.7466080999984,132.7466080999984,-0.005143161,615,2026-05-28T13:57:01.898,2026-05-28T14:12:31.898,,132.86727859999883,0.0,258,2026-05-28T13:57:02.027,2026-05-28T14:12:32.027,,0.1206705000004149
132.96186410000155,132.96186410000155,-0.005145119,616,2026-05-28T13:57:02.122,2026-05-28T14:12:32.122,,132.89041859999998,,259,2026-05-28T13:57:02.048,2026-05-28T14:12:32.048,Error desde Arduino: HX711 not found.,-0.07144550000157324
133.1769319999985,133.1769319999985,-0.005147873,617,2026-05-28T13:57:02.331,2026-05-28T14:12:32.331,,132.89041859999998,,259,2026-05-28T13:57:02.048,2026-05-28T14:12:32.048,Error desde Arduino: HX711 not found.,-0.2865133999985119
133.39227820000087,133.39227820000087,-0.005151139,618,2026-05-28T13:57:02.548,2026-05-28T14:12:32.548,,133.88200049999796,0.0,260,2026-05-28T13:57:03.041,2026-05-28T14:12:33.041,,0.4897222999970836
133.607371099999,133.607371099999,-0.005155935,619,2026-05-28T13:57:02.765,2026-05-28T14:12:32.765,,133.88200049999796,0.0,260,2026-05-28T13:57:03.041,2026-05-28T14:12:33.041,,0.2746293999989575
133.82257050000044,133.82257050000044,-0.005159337,620,2026-05-28T13:57:02.981,2026-05-28T14:12:32.981,,133.88200049999796,0.0,260,2026-05-28T13:57:03.041,2026-05-28T14:12:33.041,,0.05942999999751919
134.03770219999933,134.03770219999933,-0.005162279,621,2026-05-28T13:57:03.198,2026-05-28T14:12:33.198,,133.90515049999885,,261,2026-05-28T13:57:03.064,2026-05-28T14:12:33.064,Error desde Arduino: HX711 not found.,-0.13255170000047656
134.25285010000152,134.25285010000152,-0.00516497,622,2026-05-28T13:57:03.408,2026-05-28T14:12:33.408,,133.90515049999885,,261,2026-05-28T13:57:03.064,2026-05-28T14:12:33.064,Error desde Arduino: HX711 not found.,-0.3476996000026702
134.46800979999898,134.46800979999898,-0.005168069,623,2026-05-28T13:57:03.628,2026-05-28T14:12:33.628,,134.89661329999944,0.0,262,2026-05-28T13:57:04.048,2026-05-28T14:12:34.048,,0.4286035000004631
134.683041100001,134.683041100001,-0.005170896,624,2026-05-28T13:57:03.841,2026-05-28T14:12:33.841,,134.89661329999944,0.0,262,2026-05-28T13:57:04.048,2026-05-28T14:12:34.048,,0.21357219999845256
134.8981175000008,134.8981175000008,-0.005173189,625,2026-05-28T13:57:04.058,2026-05-28T14:12:34.058,,134.89661329999944,0.0,262,2026-05-28T13:57:04.048,2026-05-28T14:12:34.048,,-0.0015042000013636425
135.11316179999994,135.11316179999994,-0.005175199,626,2026-05-28T13:57:04.265,2026-05-28T14:12:34.265,,134.91988800000036,,263,2026-05-28T13:57:04.079,2026-05-28T14:12:34.079,Error desde Arduino: HX711 not found.,-0.19327379999958794
135.32827840000027,135.32827840000027,-0.005177178,627,2026-05-28T13:57:04.481,2026-05-28T14:12:34.481,,134.91988800000036,,263,2026-05-28T13:57:04.079,2026-05-28T14:12:34.079,Error desde Arduino: HX711 not found.,-0.40839039999991655
135.54336830000102,135.54336830000102,-0.005179354,628,2026-05-28T13:57:04.700,2026-05-28T14:12:34.700,,135.91132819999984,0.0,264,2026-05-28T13:57:05.067,2026-05-28T14:12:35.067,,0.36795989999882295
135.75864759999968,135.75864759999968,-0.005184003,629,2026-05-28T13:57:04.919,2026-05-28T14:12:34.919,,135.91132819999984,0.0,264,2026-05-28T13:57:05.067,2026-05-28T14:12:35.067,,0.15268060000016703
135.97374090000085,135.97374090000085,-0.005190096,630,2026-05-28T13:57:05.131,2026-05-28T14:12:35.131,,135.93465089999881,,265,2026-05-28T13:57:05.094,2026-05-28T14:12:35.094,Error desde Arduino: HX711 not found.,-0.039090000002033776
136.18898379999882,136.18898379999882,-0.005196755,631,2026-05-28T13:57:05.348,2026-05-28T14:12:35.348,,135.93465089999881,,265,2026-05-28T13:57:05.094,2026-05-28T14:12:35.094,Error desde Arduino: HX711 not found.,-0.2543329000000085
136.40426079999816,136.40426079999816,-0.005206115,632,2026-05-28T13:57:05.564,2026-05-28T14:12:35.564,,135.93465089999881,,265,2026-05-28T13:57:05.094,2026-05-28T14:12:35.094,Error desde Arduino: HX711 not found.,-0.469609899999341
136.6194007999984,136.6194007999984,-0.005214491,633,2026-05-28T13:57:05.774,2026-05-28T14:12:35.774,,136.92588410000099,0.0,266,2026-05-28T13:57:06.085,2026-05-28T14:12:36.085,,0.30648330000258284
136.83440229999906,136.83440229999906,-0.005221055,634,2026-05-28T13:57:05.994,2026-05-28T14:12:35.994,,136.92588410000099,0.0,266,2026-05-28T13:57:06.085,2026-05-28T14:12:36.085,,0.09148180000192951
137.049697800001,137.049697800001,-0.005224657,635,2026-05-28T13:57:06.210,2026-05-28T14:12:36.210,,136.94902319999892,,267,2026-05-28T13:57:06.108,2026-05-28T14:12:36.108,Error desde Arduino: HX711 not found.,-0.10067460000209394
137.26494869999806,137.26494869999806,-0.005227442,636,2026-05-28T13:57:06.424,2026-05-28T14:12:36.424,,136.94902319999892,,267,2026-05-28T13:57:06.108,2026-05-28T14:12:36.108,Error desde Arduino: HX711 not found.,-0.315925499999139
137.47991809999803,137.47991809999803,-0.005229588,637,2026-05-28T13:57:06.634,2026-05-28T14:12:36.634,,137.94054569999935,0.0,268,2026-05-28T13:57:07.098,2026-05-28T14:12:37.098,,0.46062760000131675
137.69518410000092,137.69518410000092,-0.005231284,638,2026-05-28T13:57:06.848,2026-05-28T14:12:36.848,,137.94054569999935,0.0,268,2026-05-28T13:57:07.098,2026-05-28T14:12:37.098,,0.2453615999984322
137.91011829999843,137.91011829999843,-0.005234101,639,2026-05-28T13:57:07.065,2026-05-28T14:12:37.065,,137.94054569999935,0.0,268,2026-05-28T13:57:07.098,2026-05-28T14:12:37.098,,0.03042740000091726
138.12540789999912,138.12540789999912,-0.005237357,640,2026-05-28T13:57:07.281,2026-05-28T14:12:37.281,,137.96360300000015,,269,2026-05-28T13:57:07.124,2026-05-28T14:12:37.124,Error desde Arduino: HX711 not found.,-0.16180489999896963
138.34047179999834,138.34047179999834,-0.005239692,641,2026-05-28T13:57:07.498,2026-05-28T14:12:37.498,,137.96360300000015,,269,2026-05-28T13:57:07.124,2026-05-28T14:12:37.124,Error desde Arduino: HX711 not found.,-0.3768687999981921
138.55550460000086,138.55550460000086,-0.005242372,642,2026-05-28T13:57:07.715,2026-05-28T14:12:37.715,,138.9552134000005,0.0,270,2026-05-28T13:57:08.115,2026-05-28T14:12:38.115,,0.3997087999996438
138.77062790000127,138.77062790000127,-0.005244906,643,2026-05-28T13:57:07.931,2026-05-28T14:12:37.931,,138.9552134000005,0.0,270,2026-05-28T13:57:08.115,2026-05-28T14:12:38.115,,0.1845854999992298
138.98599470000045,138.98599470000045,-0.005248193,644,2026-05-28T13:57:08.141,2026-05-28T14:12:38.141,,138.97846260000006,,271,2026-05-28T13:57:08.131,2026-05-28T14:12:38.131,Error desde Arduino: HX711 not found.,-0.007532100000389619
139.2010889000012,139.2010889000012,-0.005250685,645,2026-05-28T13:57:08.358,2026-05-28T14:12:38.358,,138.97846260000006,,271,2026-05-28T13:57:08.131,2026-05-28T14:12:38.131,Error desde Arduino: HX711 not found.,-0.2226263000011386
139.41597030000048,139.41597030000048,-0.005253564,646,2026-05-28T13:57:08.574,2026-05-28T14:12:38.574,,138.97846260000006,,271,2026-05-28T13:57:08.131,2026-05-28T14:12:38.131,Error desde Arduino: HX711 not found.,-0.43750770000042394
139.63121150000006,139.63121150000006,-0.005256611,647,2026-05-28T13:57:08.783,2026-05-28T14:12:38.783,,139.96990449999794,0.0,272,2026-05-28T13:57:09.130,2026-05-28T14:12:39.130,,0.3386929999978747
139.84615940000003,139.84615940000003,-0.005259898,648,2026-05-28T13:57:08.998,2026-05-28T14:12:38.998,,139.96990449999794,0.0,272,2026-05-28T13:57:09.130,2026-05-28T14:12:39.130,,0.12374509999790462
140.06129359999977,140.06129359999977,-0.005264337,649,2026-05-28T13:57:09.221,2026-05-28T14:12:39.221,,139.99311989999842,,273,2026-05-28T13:57:09.148,2026-05-28T14:12:39.148,Error desde Arduino: HX711 not found.,-0.0681737000013527
140.27634490000128,140.27634490000128,-0.005268442,650,2026-05-28T13:57:09.431,2026-05-28T14:12:39.431,,139.99311989999842,,273,2026-05-28T13:57:09.148,2026-05-28T14:12:39.148,Error desde Arduino: HX711 not found.,-0.283225000002858
140.49153939999815,140.49153939999815,-0.005271959,651,2026-05-28T13:57:09.648,2026-05-28T14:12:39.648,,140.98453560000053,0.0,274,2026-05-28T13:57:10.144,2026-05-28T14:12:40.144,,0.49299620000238065
140.7067148999995,140.7067148999995,-0.005274975,652,2026-05-28T13:57:09.865,2026-05-28T14:12:39.865,,140.98453560000053,0.0,274,2026-05-28T13:57:10.144,2026-05-28T14:12:40.144,,0.27782070000102976
140.92182139999932,140.92182139999932,-0.005277477,653,2026-05-28T13:57:10.081,2026-05-28T14:12:40.081,,140.98453560000053,0.0,274,2026-05-28T13:57:10.144,2026-05-28T14:12:40.144,,0.06271420000120997
141.1370911999984,141.1370911999984,-0.005281005,654,2026-05-28T13:57:10.291,2026-05-28T14:12:40.291,,141.00777010000093,,275,2026-05-28T13:57:10.165,2026-05-28T14:12:40.165,Error desde Arduino: HX711 not found.,-0.129321099997469
141.35210879999795,141.35210879999795,-0.005284366,655,2026-05-28T13:57:10.512,2026-05-28T14:12:40.512,,141.00777010000093,,275,2026-05-28T13:57:10.165,2026-05-28T14:12:40.165,Error desde Arduino: HX711 not found.,-0.3443386999970244
141.56723860000056,141.56723860000056,-0.005287151,656,2026-05-28T13:57:10.727,2026-05-28T14:12:40.727,,141.9990117999987,0.0,276,2026-05-28T13:57:11.159,2026-05-28T14:12:41.159,,0.43177319999813335
141.78249249999863,141.78249249999863,-0.005290344,657,2026-05-28T13:57:10.941,2026-05-28T14:12:40.941,,141.9990117999987,0.0,276,2026-05-28T13:57:11.159,2026-05-28T14:12:41.159,,0.2165193000000727
141.99773079999795,141.99773079999795,-0.005292334,658,2026-05-28T13:57:11.153,2026-05-28T14:12:41.153,,141.9990117999987,0.0,276,2026-05-28T13:57:11.159,2026-05-28T14:12:41.159,,0.0012810000007448252
142.2126520999991,142.2126520999991,-0.005294124,659,2026-05-28T13:57:11.365,2026-05-28T14:12:41.365,,142.02215109999815,,277,2026-05-28T13:57:11.181,2026-05-28T14:12:41.181,Error desde Arduino: HX711 not found.,-0.19050100000094972
142.42775980000079,142.42775980000079,-0.005295338,660,2026-05-28T13:57:11.581,2026-05-28T14:12:41.581,,142.02215109999815,,277,2026-05-28T13:57:11.181,2026-05-28T14:12:41.181,Error desde Arduino: HX711 not found.,-0.40560870000263094
142.6428487000012,142.6428487000012,-0.005296867,661,2026-05-28T13:57:11.798,2026-05-28T14:12:41.798,,143.01365019999866,0.0,278,2026-05-28T13:57:12.165,2026-05-28T14:12:42.165,,0.37080149999746936
142.85798459999933,142.85798459999933,-0.005298521,662,2026-05-28T13:57:12.018,2026-05-28T14:12:42.018,,143.01365019999866,0.0,278,2026-05-28T13:57:12.165,2026-05-28T14:12:42.165,,0.15566559999933816
143.0729876000005,143.0729876000005,-0.00530095,663,2026-05-28T13:57:12.233,2026-05-28T14:12:42.233,,143.03691289999915,,279,2026-05-28T13:57:12.191,2026-05-28T14:12:42.191,Error desde Arduino: HX711 not found.,-0.03607470000133617
143.2880832999981,143.2880832999981,-0.005305033,664,2026-05-28T13:57:12.448,2026-05-28T14:12:42.448,,143.03691289999915,,279,2026-05-28T13:57:12.191,2026-05-28T14:12:42.191,Error desde Arduino: HX711 not found.,-0.25117039999895496
143.50321089999852,143.50321089999852,-0.005308185,665,2026-05-28T13:57:12.660,2026-05-28T14:12:42.660,,143.03691289999915,,279,2026-05-28T13:57:12.191,2026-05-28T14:12:42.191,Error desde Arduino: HX711 not found.,-0.4662979999993695
143.7181883000012,143.7181883000012,-0.005310781,666,2026-05-28T13:57:12.875,2026-05-28T14:12:42.875,,144.02833230000033,0.0,280,2026-05-28T13:57:13.181,2026-05-28T14:12:43.181,,0.3101439999991271
143.93344530000104,143.93344530000104,-0.005313147,667,2026-05-28T13:57:13.093,2026-05-28T14:12:43.093,,144.02833230000033,0.0,280,2026-05-28T13:57:13.181,2026-05-28T14:12:43.181,,0.0948869999992894
144.1484879999989,144.1484879999989,-0.005315053,668,2026-05-28T13:57:13.308,2026-05-28T14:12:43.308,,144.0514363000002,,281,2026-05-28T13:57:13.211,2026-05-28T14:12:43.211,Error desde Arduino: HX711 not found.,-0.09705169999870122
144.36384890000045,144.36384890000045,-0.005316906,669,2026-05-28T13:57:13.524,2026-05-28T14:12:43.524,,144.0514363000002,,281,2026-05-28T13:57:13.211,2026-05-28T14:12:43.211,Error desde Arduino: HX711 not found.,-0.3124126000002434
144.57911940000122,144.57911940000122,-0.005319094,670,2026-05-28T13:57:13.735,2026-05-28T14:12:43.735,,145.04292290000012,0.0,282,2026-05-28T13:57:14.200,2026-05-28T14:12:44.200,,0.46380349999890313
144.79429719999825,144.79429719999825,-0.005322822,671,2026-05-28T13:57:13.954,2026-05-28T14:12:43.954,,145.04292290000012,0.0,282,2026-05-28T13:57:14.200,2026-05-28T14:12:44.200,,0.2486257000018668
145.00932860000103,145.00932860000103,-0.005327292,672,2026-05-28T13:57:14.167,2026-05-28T14:12:44.167,,145.04292290000012,0.0,282,2026-05-28T13:57:14.200,2026-05-28T14:12:44.200,,0.0335942999990948
145.2245288999984,145.2245288999984,-0.005331459,673,2026-05-28T13:57:14.381,2026-05-28T14:12:44.381,,145.06609759999992,,283,2026-05-28T13:57:14.226,2026-05-28T14:12:44.226,Error desde Arduino: HX711 not found.,-0.15843129999848315
145.43950789999872,145.43950789999872,-0.005335752,674,2026-05-28T13:57:14.600,2026-05-28T14:12:44.600,,145.06609759999992,,283,2026-05-28T13:57:14.226,2026-05-28T14:12:44.226,Error desde Arduino: HX711 not found.,-0.3734102999987954
145.654602300001,145.654602300001,-0.005337961,675,2026-05-28T13:57:14.815,2026-05-28T14:12:44.815,,146.05746480000016,0.0,284,2026-05-28T13:57:15.217,2026-05-28T14:12:45.217,,0.40286249999917345
145.86970239999937,145.86970239999937,-0.005339343,676,2026-05-28T13:57:15.030,2026-05-28T14:12:45.030,,146.05746480000016,0.0,284,2026-05-28T13:57:15.217,2026-05-28T14:12:45.217,,0.1877624000007927
146.08470880000095,146.08470880000095,-0.005340547,677,2026-05-28T13:57:15.241,2026-05-28T14:12:45.241,,146.08069949999845,,285,2026-05-28T13:57:15.231,2026-05-28T14:12:45.231,Error desde Arduino: HX711 not found.,-0.004009300002508098
146.29979340000136,146.29979340000136,-0.005342086,678,2026-05-28T13:57:15.458,2026-05-28T14:12:45.458,,146.08069949999845,,285,2026-05-28T13:57:15.231,2026-05-28T14:12:45.231,Error desde Arduino: HX711 not found.,-0.2190939000029175
146.51481019999846,146.51481019999846,-0.00534374,679,2026-05-28T13:57:15.673,2026-05-28T14:12:45.673,,146.08069949999845,,285,2026-05-28T13:57:15.231,2026-05-28T14:12:45.231,Error desde Arduino: HX711 not found.,-0.4341107000000193
146.73018429999865,146.73018429999865,-0.005345698,680,2026-05-28T13:57:15.881,2026-05-28T14:12:45.881,,147.07214939999903,0.0,286,2026-05-28T13:57:16.231,2026-05-28T14:12:46.231,,0.3419651000003796
146.9452311999994,146.9452311999994,-0.005347143,681,2026-05-28T13:57:16.098,2026-05-28T14:12:46.098,,147.07214939999903,0.0,286,2026-05-28T13:57:16.231,2026-05-28T14:12:46.231,,0.12691819999963627
147.16049059999932,147.16049059999932,-0.005348441,682,2026-05-28T13:57:16.320,2026-05-28T14:12:46.320,,147.0952612000001,,287,2026-05-28T13:57:16.248,2026-05-28T14:12:46.248,Error desde Arduino: HX711 not found.,-0.06522939999922528
147.37578909999866,147.37578909999866,-0.00535043,683,2026-05-28T13:57:16.531,2026-05-28T14:12:46.531,,147.0952612000001,,287,2026-05-28T13:57:16.248,2026-05-28T14:12:46.248,Error desde Arduino: HX711 not found.,-0.2805278999985603
147.59079750000092,147.59079750000092,-0.005352608,684,2026-05-28T13:57:16.748,2026-05-28T14:12:46.748,,147.0952612000001,,287,2026-05-28T13:57:16.248,2026-05-28T14:12:46.248,Error desde Arduino: HX711 not found.,-0.49553630000082194
147.80583670000124,147.80583670000124,-0.005355581,685,2026-05-28T13:57:16.965,2026-05-28T14:12:46.965,,148.08689270000104,0.0,288,2026-05-28T13:57:17.241,2026-05-28T14:12:47.241,,0.2810559999998077
148.02096019999954,148.02096019999954,-0.005358733,686,2026-05-28T13:57:17.181,2026-05-28T14:12:47.181,,148.08689270000104,0.0,288,2026-05-28T13:57:17.241,2026-05-28T14:12:47.241,,0.06593250000150874
148.23612649999995,148.23612649999995,-0.005362429,687,2026-05-28T13:57:17.395,2026-05-28T14:12:47.395,,148.11004070000126,,289,2026-05-28T13:57:17.268,2026-05-28T14:12:47.268,Error desde Arduino: HX711 not found.,-0.12608579999869107
148.45131580000088,148.45131580000088,-0.005365549,688,2026-05-28T13:57:17.611,2026-05-28T14:12:47.611,,148.11004070000126,,289,2026-05-28T13:57:17.268,2026-05-28T14:12:47.268,Error desde Arduino: HX711 not found.,-0.3412750999996206
148.66645430000062,148.66645430000062,-0.0053678,689,2026-05-28T13:57:17.826,2026-05-28T14:12:47.826,,149.10158919999958,0.0,290,2026-05-28T13:57:18.258,2026-05-28T14:12:48.258,,0.4351348999989568
148.8815895000007,148.8815895000007,-0.00536981,690,2026-05-28T13:57:18.041,2026-05-28T14:12:48.041,,149.10158919999958,0.0,290,2026-05-28T13:57:18.258,2026-05-28T14:12:48.258,,0.2199996999988798
149.09676870000112,149.09676870000112,-0.005371967,691,2026-05-28T13:57:18.248,2026-05-28T14:12:48.248,,149.10158919999958,0.0,290,2026-05-28T13:57:18.258,2026-05-28T14:12:48.258,,0.004820499998459127
149.311850099999,149.311850099999,-0.005373809,692,2026-05-28T13:57:18.467,2026-05-28T14:12:48.467,,149.12472630000048,,291,2026-05-28T13:57:18.285,2026-05-28T14:12:48.285,Error desde Arduino: HX711 not found.,-0.18712379999851692
149.5271681999984,149.5271681999984,-0.005376008,693,2026-05-28T13:57:18.683,2026-05-28T14:12:48.683,,149.12472630000048,,291,2026-05-28T13:57:18.285,2026-05-28T14:12:48.285,Error desde Arduino: HX711 not found.,-0.4024418999979389
149.74218969999856,149.74218969999856,-0.005377997,694,2026-05-28T13:57:18.898,2026-05-28T14:12:48.898,,150.11628500000006,0.0,292,2026-05-28T13:57:19.276,2026-05-28T14:12:49.276,,0.3740953000014997
149.9572049999988,149.9572049999988,-0.005379861,695,2026-05-28T13:57:19.117,2026-05-28T14:12:49.117,,150.11628500000006,0.0,292,2026-05-28T13:57:19.276,2026-05-28T14:12:49.276,,0.15908000000126776
150.1722477000003,150.1722477000003,-0.005381913,696,2026-05-28T13:57:19.332,2026-05-28T14:12:49.332,,150.13951330000054,,293,2026-05-28T13:57:19.296,2026-05-28T14:12:49.296,Error desde Arduino: HX711 not found.,-0.032734399999753805
150.3874308000013,150.3874308000013,-0.005383368,697,2026-05-28T13:57:19.542,2026-05-28T14:12:49.542,,150.13951330000054,,293,2026-05-28T13:57:19.296,2026-05-28T14:12:49.296,Error desde Arduino: HX711 not found.,-0.24791750000076718
150.6025468000007,150.6025468000007,-0.005385064,698,2026-05-28T13:57:19.762,2026-05-28T14:12:49.762,,150.13951330000054,,293,2026-05-28T13:57:19.296,2026-05-28T14:12:49.296,Error desde Arduino: HX711 not found.,-0.4630335000001651
150.8176209000012,150.8176209000012,-0.005387504,699,2026-05-28T13:57:19.969,2026-05-28T14:12:49.969,,151.1308625999991,0.0,294,2026-05-28T13:57:20.285,2026-05-28T14:12:50.285,,0.31324169999788865
151.0327631,151.0327631,-0.005391786,700,2026-05-28T13:57:20.184,2026-05-28T14:12:50.184,,151.1308625999991,0.0,294,2026-05-28T13:57:20.285,2026-05-28T14:12:50.285,,0.09809949999907985
151.24787890000152,151.24787890000152,-0.005397052,701,2026-05-28T13:57:20.408,2026-05-28T14:12:50.408,,151.15398619999905,,295,2026-05-28T13:57:20.310,2026-05-28T14:12:50.310,Error desde Arduino: HX711 not found.,-0.09389270000247052
151.46298739999838,151.46298739999838,-0.005400748,702,2026-05-28T13:57:20.617,2026-05-28T14:12:50.617,,151.15398619999905,,295,2026-05-28T13:57:20.310,2026-05-28T14:12:50.310,Error desde Arduino: HX711 not found.,-0.3090011999993294
151.67812279999998,151.67812279999998,-0.005403376,703,2026-05-28T13:57:20.834,2026-05-28T14:12:50.834,,152.14541009999812,0.0,296,2026-05-28T13:57:21.300,2026-05-28T14:12:51.300,,0.4672872999981337
151.89300999999978,151.89300999999978,-0.005405417,704,2026-05-28T13:57:21.050,2026-05-28T14:12:51.050,,152.14541009999812,0.0,296,2026-05-28T13:57:21.300,2026-05-28T14:12:51.300,,0.25240009999834
152.10795489999873,152.10795489999873,-0.005406705,705,2026-05-28T13:57:21.265,2026-05-28T14:12:51.265,,152.14541009999812,0.0,296,2026-05-28T13:57:21.300,2026-05-28T14:12:51.300,,0.03745519999938551
152.3234276000003,152.3234276000003,-0.005408548,706,2026-05-28T13:57:21.481,2026-05-28T14:12:51.481,,152.16833219999899,,297,2026-05-28T13:57:21.328,2026-05-28T14:12:51.328,Error desde Arduino: HX711 not found.,-0.15509540000130073
152.53838969999924,152.53838969999924,-0.005410317,707,2026-05-28T13:57:21.698,2026-05-28T14:12:51.698,,152.16833219999899,,297,2026-05-28T13:57:21.328,2026-05-28T14:12:51.328,Error desde Arduino: HX711 not found.,-0.3700575000002573
152.75335500000074,152.75335500000074,-0.00541261,708,2026-05-28T13:57:21.908,2026-05-28T14:12:51.908,,153.16006919999927,0.0,298,2026-05-28T13:57:22.320,2026-05-28T14:12:52.320,,0.4067141999985324
152.96829900000012,152.96829900000012,-0.005415018,709,2026-05-28T13:57:22.127,2026-05-28T14:12:52.127,,153.16006919999927,0.0,298,2026-05-28T13:57:22.320,2026-05-28T14:12:52.320,,0.191770199999155
153.1833540000007,153.1833540000007,-0.005417552,710,2026-05-28T13:57:22.335,2026-05-28T14:12:52.335,,153.18353139999817,,299,2026-05-28T13:57:22.335,2026-05-28T14:12:52.335,Error desde Arduino: HX711 not found.,0.0001773999974830076
153.39850849999857,153.39850849999857,-0.005420305,711,2026-05-28T13:57:22.558,2026-05-28T14:12:52.558,,153.18353139999817,,299,2026-05-28T13:57:22.335,2026-05-28T14:12:52.335,Error desde Arduino: HX711 not found.,-0.2149771000003966
153.6135318000015,153.6135318000015,-0.005422221,712,2026-05-28T13:57:22.772,2026-05-28T14:12:52.772,,153.18353139999817,,299,2026-05-28T13:57:22.335,2026-05-28T14:12:52.335,Error desde Arduino: HX711 not found.,-0.43000040000333684
153.82858059999853,153.82858059999853,-0.005423949,713,2026-05-28T13:57:22.982,2026-05-28T14:12:52.982,,154.17469189999974,0.0,300,2026-05-28T13:57:23.335,2026-05-28T14:12:53.335,,0.34611130000121193
154.04352669999935,154.04352669999935,-0.005425928,714,2026-05-28T13:57:23.202,2026-05-28T14:12:53.202,,154.17469189999974,0.0,300,2026-05-28T13:57:23.335,2026-05-28T14:12:53.335,,0.131165200000396
154.25866809999934,154.25866809999934,-0.0054282,715,2026-05-28T13:57:23.418,2026-05-28T14:12:53.418,,154.19778940000106,,301,2026-05-28T13:57:23.348,2026-05-28T14:12:53.348,Error desde Arduino: HX711 not found.,-0.06087869999828399
154.47380129999874,154.47380129999874,-0.005431445,716,2026-05-28T13:57:23.634,2026-05-28T14:12:53.634,,154.19778940000106,,301,2026-05-28T13:57:23.348,2026-05-28T14:12:53.348,Error desde Arduino: HX711 not found.,-0.27601189999768394
154.68897880000077,154.68897880000077,-0.005434042,717,2026-05-28T13:57:23.848,2026-05-28T14:12:53.848,,154.19778940000106,,301,2026-05-28T13:57:23.348,2026-05-28T14:12:53.348,Error desde Arduino: HX711 not found.,-0.4911893999997119
154.9040399000005,154.9040399000005,-0.005435089,718,2026-05-28T13:57:24.064,2026-05-28T14:12:54.064,,155.18938119999802,0.0,302,2026-05-28T13:57:24.349,2026-05-28T14:12:54.349,,0.2853412999975262
155.11983770000006,155.11983770000006,-0.005436094,719,2026-05-28T13:57:24.279,2026-05-28T14:12:54.279,,155.18938119999802,0.0,302,2026-05-28T13:57:24.349,2026-05-28T14:12:54.349,,0.0695434999979625
155.33482569999978,155.33482569999978,-0.005437706,720,2026-05-28T13:57:24.494,2026-05-28T14:12:54.494,,155.2126438999985,,303,2026-05-28T13:57:24.369,2026-05-28T14:12:54.369,Error desde Arduino: HX711 not found.,-0.12218180000127177
155.55003270000088,155.55003270000088,-0.005439455,721,2026-05-28T13:57:24.710,2026-05-28T14:12:54.710,,155.2126438999985,,303,2026-05-28T13:57:24.369,2026-05-28T14:12:54.369,Error desde Arduino: HX711 not found.,-0.3373888000023726
155.76518370000122,155.76518370000122,-0.005440889,722,2026-05-28T13:57:24.925,2026-05-28T14:12:54.925,,156.20404140000028,0.0,304,2026-05-28T13:57:25.355,2026-05-28T14:12:55.355,,0.4388576999990619
155.98026140000002,155.98026140000002,-0.005442585,723,2026-05-28T13:57:25.131,2026-05-28T14:12:55.131,,156.20404140000028,0.0,304,2026-05-28T13:57:25.355,2026-05-28T14:12:55.355,,0.22378000000026077
156.1954349000007,156.1954349000007,-0.005443978,724,2026-05-28T13:57:25.355,2026-05-28T14:12:55.355,,156.20404140000028,0.0,304,2026-05-28T13:57:25.355,2026-05-28T14:12:55.355,,0.008606499999586958
156.4105434000012,156.4105434000012,-0.005445998,725,2026-05-28T13:57:25.565,2026-05-28T14:12:55.565,,156.22727160000068,,305,2026-05-28T13:57:25.385,2026-05-28T14:12:55.385,Error desde Arduino: HX711 not found.,-0.18327180000051158
156.62579529999857,156.62579529999857,-0.005448783,726,2026-05-28T13:57:25.781,2026-05-28T14:12:55.781,,156.22727160000068,,305,2026-05-28T13:57:25.385,2026-05-28T14:12:55.385,Error desde Arduino: HX711 not found.,-0.39852369999789516
156.8406627000004,156.8406627000004,-0.005451631,727,2026-05-28T13:57:25.998,2026-05-28T14:12:55.998,,157.2187449999983,0.0,306,2026-05-28T13:57:26.379,2026-05-28T14:12:56.379,,0.37808229999791365
157.0557903000008,157.0557903000008,-0.005453725,728,2026-05-28T13:57:26.215,2026-05-28T14:12:56.215,,157.2187449999983,0.0,306,2026-05-28T13:57:26.379,2026-05-28T14:12:56.379,,0.16295469999749912
157.2708519000007,157.2708519000007,-0.005455557,729,2026-05-28T13:57:26.431,2026-05-28T14:12:56.431,,157.2419349999982,,307,2026-05-28T13:57:26.398,2026-05-28T14:12:56.398,Error desde Arduino: HX711 not found.,-0.028916900002514012
157.48580329999822,157.48580329999822,-0.005457253,730,2026-05-28T13:57:26.641,2026-05-28T14:12:56.641,,157.2419349999982,,307,2026-05-28T13:57:26.398,2026-05-28T14:12:56.398,Error desde Arduino: HX711 not found.,-0.243868300000031
157.70073349999802,157.70073349999802,-0.005458939,731,2026-05-28T13:57:26.858,2026-05-28T14:12:56.858,,157.2419349999982,,307,2026-05-28T13:57:26.398,2026-05-28T14:12:56.398,Error desde Arduino: HX711 not found.,-0.4587984999998298
157.9160421000015,157.9160421000015,-0.0054603,732,2026-05-28T13:57:27.074,2026-05-28T14:12:57.074,,158.23330250000072,0.0,308,2026-05-28T13:57:27.385,2026-05-28T14:12:57.385,,0.3172603999992134
158.13119369999913,158.13119369999913,-0.005461849,733,2026-05-28T13:57:27.286,2026-05-28T14:12:57.286,,158.23330250000072,0.0,308,2026-05-28T13:57:27.385,2026-05-28T14:12:57.385,,0.10210880000158795
158.346054499998,158.346054499998,-0.005463326,734,2026-05-28T13:57:27.503,2026-05-28T14:12:57.503,,158.25654809999833,,309,2026-05-28T13:57:27.416,2026-05-28T14:12:57.416,Error desde Arduino: HX711 not found.,-0.0895063999996637
158.56124350000027,158.56124350000027,-0.005464875,735,2026-05-28T13:57:27.721,2026-05-28T14:12:57.721,,158.25654809999833,,309,2026-05-28T13:57:27.416,2026-05-28T14:12:57.416,Error desde Arduino: HX711 not found.,-0.30469540000194684
158.77633509999941,158.77633509999941,-0.00546632,736,2026-05-28T13:57:27.935,2026-05-28T14:12:57.935,,159.24796419999984,0.0,310,2026-05-28T13:57:28.408,2026-05-28T14:12:58.408,,0.47162910000042757
158.991528999999,158.991528999999,-0.00546788,737,2026-05-28T13:57:28.148,2026-05-28T14:12:58.148,,159.24796419999984,0.0,310,2026-05-28T13:57:28.408,2026-05-28T14:12:58.408,,0.2564352000008512
159.2066300000006,159.2066300000006,-0.005469356,738,2026-05-28T13:57:28.365,2026-05-28T14:12:58.365,,159.24796419999984,0.0,310,2026-05-28T13:57:28.408,2026-05-28T14:12:58.408,,0.04133419999925536
159.42182169999796,159.42182169999796,-0.005470309,739,2026-05-28T13:57:28.581,2026-05-28T14:12:58.581,,159.27106249999997,,311,2026-05-28T13:57:28.431,2026-05-28T14:12:58.431,Error desde Arduino: HX711 not found.,-0.15075919999799225
159.6368356999992,159.6368356999992,-0.005471806,740,2026-05-28T13:57:28.795,2026-05-28T14:12:58.795,,159.27106249999997,,311,2026-05-28T13:57:28.431,2026-05-28T14:12:58.431,Error desde Arduino: HX711 not found.,-0.3657731999992393
159.85188919999928,159.85188919999928,-0.005473691,741,2026-05-28T13:57:29.012,2026-05-28T14:12:59.012,,160.26255179999862,0.0,312,2026-05-28T13:57:29.415,2026-05-28T14:12:59.415,,0.4106625999993412
160.0669866999997,160.0669866999997,-0.005475617,742,2026-05-28T13:57:29.225,2026-05-28T14:12:59.225,,160.26255179999862,0.0,312,2026-05-28T13:57:29.415,2026-05-28T14:12:59.415,,0.19556509999893024
160.28212989999884,160.28212989999884,-0.005477292,743,2026-05-28T13:57:29.441,2026-05-28T14:12:59.441,,160.27356380000128,0.0,313,2026-05-28T13:57:29.433,2026-05-28T14:12:59.433,,-0.008566099997551646
160.4971732999984,160.4971732999984,-0.005479344,744,2026-05-28T13:57:29.652,2026-05-28T14:12:59.652,,160.2968596999999,,314,2026-05-28T13:57:29.448,2026-05-28T14:12:59.448,Error desde Arduino: HX711 not found.,-0.20031359999848064
160.71253129999968,160.71253129999968,-0.00548125,745,2026-05-28T13:57:29.865,2026-05-28T14:12:59.865,,160.2968596999999,,314,2026-05-28T13:57:29.448,2026-05-28T14:12:59.448,Error desde Arduino: HX711 not found.,-0.41567159999976866
160.9277516000002,160.9277516000002,-0.005482957,746,2026-05-28T13:57:30.081,2026-05-28T14:13:00.081,,161.2883397000005,0.0,315,2026-05-28T13:57:30.448,2026-05-28T14:13:00.448,,0.3605881000003137
161.14282939999975,161.14282939999975,-0.005484695,747,2026-05-28T13:57:30.298,2026-05-28T14:13:00.298,,161.2883397000005,0.0,315,2026-05-28T13:57:30.448,2026-05-28T14:13:00.448,,0.14551030000075116
161.357852000001,161.357852000001,-0.005486642,748,2026-05-28T13:57:30.517,2026-05-28T14:13:00.517,,161.31165529999998,,316,2026-05-28T13:57:30.468,2026-05-28T14:13:00.468,Error desde Arduino: HX711 not found.,-0.04619670000101905
161.57295320000048,161.57295320000048,-0.005488673,749,2026-05-28T13:57:30.732,2026-05-28T14:13:00.732,,161.31165529999998,,316,2026-05-28T13:57:30.468,2026-05-28T14:13:00.468,Error desde Arduino: HX711 not found.,-0.2612979000004998
161.78802599999835,161.78802599999835,-0.005490547,750,2026-05-28T13:57:30.947,2026-05-28T14:13:00.947,,161.31165529999998,,316,2026-05-28T13:57:30.468,2026-05-28T14:13:00.468,Error desde Arduino: HX711 not found.,-0.4763706999983697
162.0031357000007,162.0031357000007,-0.005492275,751,2026-05-28T13:57:31.161,2026-05-28T14:13:01.161,,162.30297190000056,0.0,317,2026-05-28T13:57:31.458,2026-05-28T14:13:01.458,,0.2998361999998451
162.21827800000028,162.21827800000028,-0.005494075,752,2026-05-28T13:57:31.369,2026-05-28T14:13:01.369,,162.30297190000056,0.0,317,2026-05-28T13:57:31.458,2026-05-28T14:13:01.458,,0.08469390000027488
162.43601919999855,162.43601919999855,-0.005495887,753,2026-05-28T13:57:31.596,2026-05-28T14:13:01.596,,162.32599769999797,,318,2026-05-28T13:57:31.486,2026-05-28T14:13:01.486,Error desde Arduino: HX711 not found.,-0.11002150000058464
162.65091609999945,162.65091609999945,-0.005497782,754,2026-05-28T13:57:31.802,2026-05-28T14:13:01.802,,162.32599769999797,,318,2026-05-28T13:57:31.486,2026-05-28T14:13:01.486,Error desde Arduino: HX711 not found.,-0.3249184000014793
162.8659426999984,162.8659426999984,-0.005499823,755,2026-05-28T13:57:32.019,2026-05-28T14:13:02.019,,163.31768939999893,0.0,319,2026-05-28T13:57:32.477,2026-05-28T14:13:02.477,,0.45174670000051265
163.08102750000035,163.08102750000035,-0.005501478,756,2026-05-28T13:57:32.236,2026-05-28T14:13:02.236,,163.31768939999893,0.0,319,2026-05-28T13:57:32.477,2026-05-28T14:13:02.477,,0.23666189999858034
163.29614560000118,163.29614560000118,-0.00550354,757,2026-05-28T13:57:32.453,2026-05-28T14:13:02.453,,163.31768939999893,0.0,319,2026-05-28T13:57:32.477,2026-05-28T14:13:02.477,,0.021543799997743918
163.51119710000057,163.51119710000057,-0.005506315,758,2026-05-28T13:57:32.670,2026-05-28T14:13:02.670,,163.3407565999987,,320,2026-05-28T13:57:32.498,2026-05-28T14:13:02.498,Error desde Arduino: HX711 not found.,-0.17044050000185962
163.72636090000015,163.72636090000015,-0.005508995,759,2026-05-28T13:57:32.881,2026-05-28T14:13:02.881,,163.3407565999987,,320,2026-05-28T13:57:32.498,2026-05-28T14:13:02.498,Error desde Arduino: HX711 not found.,-0.3856043000014324
163.9418145999989,163.9418145999989,-0.00551178,760,2026-05-28T13:57:33.098,2026-05-28T14:13:03.098,,164.3323363999989,0.0,321,2026-05-28T13:57:33.491,2026-05-28T14:13:03.491,,0.3905217999999877
164.15679159999854,164.15679159999854,-0.005514732,761,2026-05-28T13:57:33.317,2026-05-28T14:13:03.317,,164.3323363999989,0.0,321,2026-05-28T13:57:33.491,2026-05-28T14:13:03.491,,0.17554480000035255
164.3720374000004,164.3720374000004,-0.005517392,762,2026-05-28T13:57:33.531,2026-05-28T14:13:03.531,,164.3555783999982,,322,2026-05-28T13:57:33.515,2026-05-28T14:13:03.515,Error desde Arduino: HX711 not found.,-0.016459000002214452
164.5873419999989,164.5873419999989,-0.005519862,763,2026-05-28T13:57:33.747,2026-05-28T14:13:03.747,,164.3555783999982,,322,2026-05-28T13:57:33.515,2026-05-28T14:13:03.515,Error desde Arduino: HX711 not found.,-0.23176360000070417
164.80260279999857,164.80260279999857,-0.005521621,764,2026-05-28T13:57:33.958,2026-05-28T14:13:03.958,,164.3555783999982,,322,2026-05-28T13:57:33.515,2026-05-28T14:13:03.515,Error desde Arduino: HX711 not found.,-0.44702440000037313
165.01759830000083,165.01759830000083,-0.005523443,765,2026-05-28T13:57:34.175,2026-05-28T14:13:04.175,,165.34688240000105,0.0,323,2026-05-28T13:57:34.498,2026-05-28T14:13:04.498,,0.3292841000002227
165.2325381999981,165.2325381999981,-0.005525024,766,2026-05-28T13:57:34.391,2026-05-28T14:13:04.391,,165.34688240000105,0.0,323,2026-05-28T13:57:34.498,2026-05-28T14:13:04.498,,0.11434420000296086
165.44758849999926,165.44758849999926,-0.005526647,767,2026-05-28T13:57:34.608,2026-05-28T14:13:04.608,,165.3700675,,324,2026-05-28T13:57:34.530,2026-05-28T14:13:04.530,Error desde Arduino: HX711 not found.,-0.07752099999925122
165.66295959999843,165.66295959999843,-0.005528458,768,2026-05-28T13:57:34.815,2026-05-28T14:13:04.815,,165.3700675,,324,2026-05-28T13:57:34.530,2026-05-28T14:13:04.530,Error desde Arduino: HX711 not found.,-0.2928920999984257
165.87820289999945,165.87820289999945,-0.005530207,769,2026-05-28T13:57:35.031,2026-05-28T14:13:05.031,,166.3615675000001,0.0,325,2026-05-28T13:57:35.522,2026-05-28T14:13:05.522,,0.4833646000006411
166.09338260000004,166.09338260000004,-0.005531892,770,2026-05-28T13:57:35.248,2026-05-28T14:13:05.248,,166.3615675000001,0.0,325,2026-05-28T13:57:35.522,2026-05-28T14:13:05.522,,0.26818490000005113
166.30861319999894,166.30861319999894,-0.005533756,771,2026-05-28T13:57:35.465,2026-05-28T14:13:05.465,,166.3615675000001,0.0,325,2026-05-28T13:57:35.522,2026-05-28T14:13:05.522,,0.0529543000011472
166.5237425999985,166.5237425999985,-0.005535494,772,2026-05-28T13:57:35.682,2026-05-28T14:13:05.682,,166.38479820000066,,326,2026-05-28T13:57:35.541,2026-05-28T14:13:05.541,Error desde Arduino: HX711 not found.,-0.1389443999978539
166.7390861999993,166.7390861999993,-0.00553697,773,2026-05-28T13:57:35.898,2026-05-28T14:13:05.898,,166.38479820000066,,326,2026-05-28T13:57:35.541,2026-05-28T14:13:05.541,Error desde Arduino: HX711 not found.,-0.3542879999986326
166.95412170000054,166.95412170000054,-0.005538739,774,2026-05-28T13:57:36.114,2026-05-28T14:13:06.114,,167.3762686000009,0.0,327,2026-05-28T13:57:36.531,2026-05-28T14:13:06.531,,0.4221469000003708
167.1692363000002,167.1692363000002,-0.005540446,775,2026-05-28T13:57:36.329,2026-05-28T14:13:06.329,,167.3762686000009,0.0,327,2026-05-28T13:57:36.531,2026-05-28T14:13:06.531,,0.20703230000071926
167.3842678000001,167.3842678000001,-0.00554254,776,2026-05-28T13:57:36.541,2026-05-28T14:13:06.541,,167.3762686000009,0.0,327,2026-05-28T13:57:36.531,2026-05-28T14:13:06.531,,-0.007999199999176199
167.59927020000032,167.59927020000032,-0.005544655,777,2026-05-28T13:57:36.758,2026-05-28T14:13:06.758,,167.39944240000113,,328,2026-05-28T13:57:36.558,2026-05-28T14:13:06.558,Error desde Arduino: HX711 not found.,-0.1998277999991842
167.8143909999999,167.8143909999999,-0.005546843,778,2026-05-28T13:57:36.974,2026-05-28T14:13:06.974,,167.39944240000113,,328,2026-05-28T13:57:36.558,2026-05-28T14:13:06.558,Error desde Arduino: HX711 not found.,-0.4149485999987519
168.02963219999947,168.02963219999947,-0.005548749,779,2026-05-28T13:57:37.183,2026-05-28T14:13:07.183,,168.39080679999824,0.0,329,2026-05-28T13:57:37.548,2026-05-28T14:13:07.548,,0.3611745999987761
168.24482839999837,168.24482839999837,-0.005550842,780,2026-05-28T13:57:37.398,2026-05-28T14:13:07.398,,168.39080679999824,0.0,329,2026-05-28T13:57:37.548,2026-05-28T14:13:07.548,,0.14597839999987627
168.45992119999937,168.45992119999937,-0.005552465,781,2026-05-28T13:57:37.615,2026-05-28T14:13:07.615,,168.4140574999983,,330,2026-05-28T13:57:37.569,2026-05-28T14:13:07.569,Error desde Arduino: HX711 not found.,-0.04586370000106399
168.67506579999826,168.67506579999826,-0.005554413,782,2026-05-28T13:57:37.835,2026-05-28T14:13:07.835,,168.4140574999983,,330,2026-05-28T13:57:37.569,2026-05-28T14:13:07.569,Error desde Arduino: HX711 not found.,-0.26100829999995767
168.89000400000077,168.89000400000077,-0.005556486,783,2026-05-28T13:57:38.050,2026-05-28T14:13:08.050,,168.4140574999983,,330,2026-05-28T13:57:37.569,2026-05-28T14:13:07.569,Error desde Arduino: HX711 not found.,-0.47594650000246475
169.1050847000006,169.1050847000006,-0.005558936,784,2026-05-28T13:57:38.264,2026-05-28T14:13:08.264,,169.40545909999855,0.0,331,2026-05-28T13:57:38.565,2026-05-28T14:13:08.565,,0.30037439999796334
169.32018360000075,169.32018360000075,-0.005560726,785,2026-05-28T13:57:38.474,2026-05-28T14:13:08.474,,169.40545909999855,0.0,331,2026-05-28T13:57:38.565,2026-05-28T14:13:08.565,,0.08527549999780604
169.56315489999906,169.56315489999906,-0.005562642,786,2026-05-28T13:57:38.723,2026-05-28T14:13:08.723,,169.4286714000009,,332,2026-05-28T13:57:38.586,2026-05-28T14:13:08.586,Error desde Arduino: HX711 not found.,-0.13448349999816855
169.77777480000077,169.77777480000077,-0.005564704,787,2026-05-28T13:57:38.931,2026-05-28T14:13:08.931,,169.4286714000009,,332,2026-05-28T13:57:38.586,2026-05-28T14:13:08.586,Error desde Arduino: HX711 not found.,-0.3491033999998763
169.99283690000084,169.99283690000084,-0.005566966,788,2026-05-28T13:57:39.148,2026-05-28T14:13:09.148,,170.42010319999827,0.0,333,2026-05-28T13:57:39.578,2026-05-28T14:13:09.578,,0.42726629999742727
170.20813970000017,170.20813970000017,-0.005569112,789,2026-05-28T13:57:39.365,2026-05-28T14:13:09.365,,170.42010319999827,0.0,333,2026-05-28T13:57:39.578,2026-05-28T14:13:09.578,,0.21196349999809172
170.42342890000145,170.42342890000145,-0.005571049,790,2026-05-28T13:57:39.581,2026-05-28T14:13:09.581,,170.42010319999827,0.0,333,2026-05-28T13:57:39.578,2026-05-28T14:13:09.578,,-0.0033257000031881034
170.63843260000067,170.63843260000067,-0.005573258,791,2026-05-28T13:57:39.798,2026-05-28T14:13:09.798,,170.44327730000077,,334,2026-05-28T13:57:39.602,2026-05-28T14:13:09.602,Error desde Arduino: HX711 not found.,-0.19515529999989667
170.85356200000024,170.85356200000024,-0.005575321,792,2026-05-28T13:57:40.008,2026-05-28T14:13:10.008,,170.44327730000077,,334,2026-05-28T13:57:39.602,2026-05-28T14:13:09.602,Error desde Arduino: HX711 not found.,-0.4102846999994654
171.06878380000126,171.06878380000126,-0.005577341,793,2026-05-28T13:57:40.229,2026-05-28T14:13:10.229,,171.43485430000146,0.0,335,2026-05-28T13:57:40.591,2026-05-28T14:13:10.591,,0.36607050000020536
171.28400160000092,171.28400160000092,-0.005579634,794,2026-05-28T13:57:40.443,2026-05-28T14:13:10.443,,171.43485430000146,0.0,335,2026-05-28T13:57:40.591,2026-05-28T14:13:10.591,,0.15085270000054152
171.49893099999827,171.49893099999827,-0.005582,795,2026-05-28T13:57:40.658,2026-05-28T14:13:10.658,,171.45812110000043,,336,2026-05-28T13:57:40.617,2026-05-28T14:13:10.617,Error desde Arduino: HX711 not found.,-0.04080989999783924
171.71417949999886,171.71417949999886,-0.005584168,796,2026-05-28T13:57:40.865,2026-05-28T14:13:10.865,,171.45812110000043,,336,2026-05-28T13:57:40.617,2026-05-28T14:13:10.617,Error desde Arduino: HX711 not found.,-0.2560583999984374
171.9293061999997,171.9293061999997,-0.005586272,797,2026-05-28T13:57:41.085,2026-05-28T14:13:11.085,,171.45812110000043,,336,2026-05-28T13:57:40.617,2026-05-28T14:13:10.617,Error desde Arduino: HX711 not found.,-0.4711850999992748
172.14443179999944,172.14443179999944,-0.005588722,798,2026-05-28T13:57:41.298,2026-05-28T14:13:11.298,,172.44954009999856,0.0,337,2026-05-28T13:57:41.608,2026-05-28T14:13:11.608,,0.3051082999991195
172.3594607999985,172.3594607999985,-0.005591528,799,2026-05-28T13:57:41.515,2026-05-28T14:13:11.515,,172.44954009999856,0.0,337,2026-05-28T13:57:41.608,2026-05-28T14:13:11.608,,0.09007930000007036
172.57454449999932,172.57454449999932,-0.005593622,800,2026-05-28T13:57:41.731,2026-05-28T14:13:11.731,,172.4726426999987,,338,2026-05-28T13:57:41.631,2026-05-28T14:13:11.631,Error desde Arduino: HX711 not found.,-0.10190180000063265
172.78961909999998,172.78961909999998,-0.005595486,801,2026-05-28T13:57:41.949,2026-05-28T14:13:11.949,,172.4726426999987,,338,2026-05-28T13:57:41.631,2026-05-28T14:13:11.631,Error desde Arduino: HX711 not found.,-0.3169764000012947
173.0045551000003,173.0045551000003,-0.005597506,802,2026-05-28T13:57:42.164,2026-05-28T14:13:12.164,,173.4641784000014,0.0,339,2026-05-28T13:57:42.624,2026-05-28T14:13:12.624,,0.4596233000011125
173.21966729999986,173.21966729999986,-0.005599202,803,2026-05-28T13:57:42.374,2026-05-28T14:13:12.374,,173.4641784000014,0.0,339,2026-05-28T13:57:42.624,2026-05-28T14:13:12.624,,0.24451110000154586
173.4347474999995,173.4347474999995,-0.00560049,804,2026-05-28T13:57:42.595,2026-05-28T14:13:12.595,,173.4641784000014,0.0,339,2026-05-28T13:57:42.624,2026-05-28T14:13:12.624,,0.029430900001898408
173.64996070000052,173.64996070000052,-0.00560227,805,2026-05-28T13:57:42.802,2026-05-28T14:13:12.802,,173.48726140000144,,340,2026-05-28T13:57:42.641,2026-05-28T14:13:12.641,Error desde Arduino: HX711 not found.,-0.16269929999907617
173.86490159999812,173.86490159999812,-0.005603767,806,2026-05-28T13:57:43.024,2026-05-28T14:13:13.024,,173.48726140000144,,340,2026-05-28T13:57:42.641,2026-05-28T14:13:12.641,Error desde Arduino: HX711 not found.,-0.37764019999667653
174.08018509999965,174.08018509999965,-0.005605495,807,2026-05-28T13:57:43.236,2026-05-28T14:13:13.236,,174.47881739999866,0.0,341,2026-05-28T13:57:43.631,2026-05-28T14:13:13.631,,0.39863229999900796
174.2951353999997,174.2951353999997,-0.005607651,808,2026-05-28T13:57:43.452,2026-05-28T14:13:13.452,,174.47881739999866,0.0,341,2026-05-28T13:57:43.631,2026-05-28T14:13:13.631,,0.18368199999895296
174.51033639999878,174.51033639999878,-0.005610028,809,2026-05-28T13:57:43.669,2026-05-28T14:13:13.669,,174.50192389999938,,342,2026-05-28T13:57:43.658,2026-05-28T14:13:13.658,Error desde Arduino: HX711 not found.,-0.00841249999939464
174.72539210000105,174.72539210000105,-0.005612289,810,2026-05-28T13:57:43.885,2026-05-28T14:13:13.885,,174.50192389999938,,342,2026-05-28T13:57:43.658,2026-05-28T14:13:13.658,Error desde Arduino: HX711 not found.,-0.2234682000016619
174.9406154999997,174.9406154999997,-0.005614038,811,2026-05-28T13:57:44.101,2026-05-28T14:13:14.101,,174.50192389999938,,342,2026-05-28T13:57:43.658,2026-05-28T14:13:13.658,Error desde Arduino: HX711 not found.,-0.43869160000031115
175.15554500000144,175.15554500000144,-0.005615797,812,2026-05-28T13:57:44.315,2026-05-28T14:13:14.315,,175.4935872999995,0.0,343,2026-05-28T13:57:44.648,2026-05-28T14:13:14.648,,0.338042299998051
175.37070350000067,175.37070350000067,-0.00561987,813,2026-05-28T13:57:44.531,2026-05-28T14:13:14.531,,175.4935872999995,0.0,343,2026-05-28T13:57:44.648,2026-05-28T14:13:14.648,,0.12288379999881727
175.58574059999955,175.58574059999955,-0.0056279,814,2026-05-28T13:57:44.745,2026-05-28T14:13:14.745,,175.51670620000004,,344,2026-05-28T13:57:44.675,2026-05-28T14:13:14.675,Error desde Arduino: HX711 not found.,-0.06903439999950933
175.80074940000122,175.80074940000122,-0.005634496,815,2026-05-28T13:57:44.952,2026-05-28T14:13:14.952,,175.51670620000004,,344,2026-05-28T13:57:44.675,2026-05-28T14:13:14.675,Error desde Arduino: HX711 not found.,-0.2840432000011788
176.01583390000087,176.01583390000087,-0.005643552,816,2026-05-28T13:57:45.169,2026-05-28T14:13:15.169,,176.50832860000082,0.0,345,2026-05-28T13:57:45.665,2026-05-28T14:13:15.665,,0.492494699999952
176.25828439999896,176.25828439999896,-0.00565509,817,2026-05-28T13:57:45.418,2026-05-28T14:13:15.418,,176.50832860000082,0.0,345,2026-05-28T13:57:45.665,2026-05-28T14:13:15.665,,0.25004420000186656
176.47325640000054,176.47325640000054,-0.005666648,818,2026-05-28T13:57:45.631,2026-05-28T14:13:15.631,,176.50832860000082,0.0,345,2026-05-28T13:57:45.665,2026-05-28T14:13:15.665,,0.0350722000002861
176.68832649999968,176.68832649999968,-0.005675129,819,2026-05-28T13:57:45.848,2026-05-28T14:13:15.848,,176.53163359999962,,346,2026-05-28T13:57:45.691,2026-05-28T14:13:15.691,Error desde Arduino: HX711 not found.,-0.15669290000005276
176.90347610000026,176.90347610000026,-0.00568205,820,2026-05-28T13:57:46.058,2026-05-28T14:13:16.058,,176.53163359999962,,346,2026-05-28T13:57:45.691,2026-05-28T14:13:15.691,Error desde Arduino: HX711 not found.,-0.3718425000006391
177.1187037999989,177.1187037999989,-0.005688195,821,2026-05-28T13:57:46.274,2026-05-28T14:13:16.274,,177.5231234999992,0.0,347,2026-05-28T13:57:46.681,2026-05-28T14:13:16.681,,0.4044197000002896
177.33379259999856,177.33379259999856,-0.005693985,822,2026-05-28T13:57:46.491,2026-05-28T14:13:16.491,,177.5231234999992,0.0,347,2026-05-28T13:57:46.681,2026-05-28T14:13:16.681,,0.18933090000064112
177.54881849999947,177.54881849999947,-0.005699199,823,2026-05-28T13:57:46.708,2026-05-28T14:13:16.708,,177.54623459999857,,348,2026-05-28T13:57:46.698,2026-05-28T14:13:16.698,Error desde Arduino: HX711 not found.,-0.00258390000090003
177.7639291000014,177.7639291000014,-0.005704549,824,2026-05-28T13:57:46.923,2026-05-28T14:13:16.923,,177.54623459999857,,348,2026-05-28T13:57:46.698,2026-05-28T14:13:16.698,Error desde Arduino: HX711 not found.,-0.2176945000028354
177.97911649999878,177.97911649999878,-0.00570948,825,2026-05-28T13:57:47.131,2026-05-28T14:13:17.131,,177.54623459999857,,348,2026-05-28T13:57:46.698,2026-05-28T14:13:16.698,Error desde Arduino: HX711 not found.,-0.4328819000002113
178.1943046999986,178.1943046999986,-0.005715301,826,2026-05-28T13:57:47.348,2026-05-28T14:13:17.348,,178.53776590000052,0.0,349,2026-05-28T13:57:47.698,2026-05-28T14:13:17.698,,0.3434612000019115
178.40922919999866,178.40922919999866,-0.005721583,827,2026-05-28T13:57:47.565,2026-05-28T14:13:17.565,,178.53776590000052,0.0,349,2026-05-28T13:57:47.698,2026-05-28T14:13:17.698,,0.12853670000185957
178.6245099000007,178.6245099000007,-0.005728839,828,2026-05-28T13:57:47.781,2026-05-28T14:13:17.781,,178.56103219999932,,350,2026-05-28T13:57:47.721,2026-05-28T14:13:17.721,Error desde Arduino: HX711 not found.,-0.06347770000138553
178.83959529999993,178.83959529999993,-0.005736942,829,2026-05-28T13:57:48.000,2026-05-28T14:13:18.000,,178.56103219999932,,350,2026-05-28T13:57:47.721,2026-05-28T14:13:17.721,Error desde Arduino: HX711 not found.,-0.2785631000006106
179.0546714000011,179.0546714000011,-0.005745999,830,2026-05-28T13:57:48.214,2026-05-28T14:13:18.214,,178.56103219999932,,350,2026-05-28T13:57:47.721,2026-05-28T14:13:17.721,Error desde Arduino: HX711 not found.,-0.4936392000017804
179.26986380000017,179.26986380000017,-0.005756374,831,2026-05-28T13:57:48.430,2026-05-28T14:13:18.430,,179.55251280000084,0.0,351,2026-05-28T13:57:48.708,2026-05-28T14:13:18.708,,0.2826490000006743
179.48522159999993,179.48522159999993,-0.005767912,832,2026-05-28T13:57:48.645,2026-05-28T14:13:18.645,,179.55251280000084,0.0,351,2026-05-28T13:57:48.708,2026-05-28T14:13:18.708,,0.06729120000090916
179.70032830000127,179.70032830000127,-0.005780685,833,2026-05-28T13:57:48.852,2026-05-28T14:13:18.852,,179.57562150000012,,352,2026-05-28T13:57:48.736,2026-05-28T14:13:18.736,Error desde Arduino: HX711 not found.,-0.12470680000114953
179.91538130000117,179.91538130000117,-0.005794809,834,2026-05-28T13:57:49.075,2026-05-28T14:13:19.075,,179.57562150000012,,352,2026-05-28T13:57:48.736,2026-05-28T14:13:18.736,Error desde Arduino: HX711 not found.,-0.33975980000104755
180.1304534999981,180.1304534999981,-0.005810786,835,2026-05-28T13:57:49.281,2026-05-28T14:13:19.281,,180.56717410000056,0.0,353,2026-05-28T13:57:49.727,2026-05-28T14:13:19.727,,0.4367206000024453
