sensor,indice_balanza,masa_g,error,tiempo_s,fecha_hora_corregida,fecha_hora_pc_sin_corregir,correccion_reloj_s,indice_multimetro,voltaje_V
multimetro,,,,0.415532400000302,2026-05-28T12:41:22.343,2026-05-28T12:56:52.343,-930,0.0,0.000585856
multimetro,,,,0.6315592999999353,2026-05-28T12:41:22.560,2026-05-28T12:56:52.560,-930,1.0,0.000585469
multimetro,,,,0.846296200001234,2026-05-28T12:41:22.776,2026-05-28T12:56:52.776,-930,2.0,0.000585553
multimetro,,,,1.0614399000005506,2026-05-28T12:41:22.993,2026-05-28T12:56:52.993,-930,3.0,0.000585218
multimetro,,,,1.2763757000011537,2026-05-28T12:41:23.203,2026-05-28T12:56:53.203,-930,4.0,0.000584569
balanza,0.0,,Error desde Arduino: HX711 not found.,1.4748704000012367,2026-05-28T12:41:23.403,2026-05-28T12:56:53.403,-930,,
multimetro,,,,1.4914974000002985,2026-05-28T12:41:23.420,2026-05-28T12:56:53.420,-930,5.0,0.000583982
multimetro,,,,1.7061830000002374,2026-05-28T12:41:23.636,2026-05-28T12:56:53.636,-930,6.0,0.000583647
multimetro,,,,1.921165600000677,2026-05-28T12:41:23.853,2026-05-28T12:56:53.853,-930,7.0,0.000583595
multimetro,,,,2.136131299999761,2026-05-28T12:41:24.060,2026-05-28T12:56:54.060,-930,8.0,0.000583312
multimetro,,,,2.3511937000002945,2026-05-28T12:41:24.276,2026-05-28T12:56:54.276,-930,9.0,0.000583124
balanza,1.0,-0.02,,2.467013000001316,2026-05-28T12:41:24.393,2026-05-28T12:56:54.393,-930,,
balanza,2.0,,Error desde Arduino: HX711 not found.,2.4901750999997603,2026-05-28T12:41:24.420,2026-05-28T12:56:54.420,-930,,
multimetro,,,,2.5662028000006103,2026-05-28T12:41:24.493,2026-05-28T12:56:54.493,-930,10.0,0.000583051
multimetro,,,,2.781211900000926,2026-05-28T12:41:24.710,2026-05-28T12:56:54.710,-930,11.0,0.000582946
multimetro,,,,2.9963126000002376,2026-05-28T12:41:24.926,2026-05-28T12:56:54.926,-930,12.0,0.000582799
multimetro,,,,3.211499700000786,2026-05-28T12:41:25.144,2026-05-28T12:56:55.144,-930,13.0,0.000582349
multimetro,,,,3.426574500001152,2026-05-28T12:41:25.353,2026-05-28T12:56:55.353,-930,14.0,0.000582025
balanza,3.0,-0.08,,3.482495199999903,2026-05-28T12:41:25.410,2026-05-28T12:56:55.410,-930,,
balanza,4.0,,Error desde Arduino: HX711 not found.,3.505560700001297,2026-05-28T12:41:25.436,2026-05-28T12:56:55.436,-930,,
multimetro,,,,3.6416040000003704,2026-05-28T12:41:25.569,2026-05-28T12:56:55.569,-930,15.0,0.000581794
multimetro,,,,3.8565241000014794,2026-05-28T12:41:25.786,2026-05-28T12:56:55.786,-930,16.0,0.000581658
multimetro,,,,4.071502400000099,2026-05-28T12:41:26.003,2026-05-28T12:56:56.003,-930,17.0,0.000581386
multimetro,,,,4.286746300000232,2026-05-28T12:41:26.212,2026-05-28T12:56:56.212,-930,18.0,0.000581197
balanza,5.0,-0.06,,4.498001400001158,2026-05-28T12:41:26.426,2026-05-28T12:56:56.426,-930,,
multimetro,,,,4.501659999999902,2026-05-28T12:41:26.426,2026-05-28T12:56:56.426,-930,19.0,0.000580841
balanza,6.0,-0.04,,4.511513400000695,2026-05-28T12:41:26.443,2026-05-28T12:56:56.443,-930,,
balanza,7.0,,Error desde Arduino: HX711 not found.,4.534785699999702,2026-05-28T12:41:26.460,2026-05-28T12:56:56.460,-930,,
multimetro,,,,4.716617699999915,2026-05-28T12:41:26.643,2026-05-28T12:56:56.643,-930,20.0,0.000580538
multimetro,,,,4.9317437000008795,2026-05-28T12:41:26.860,2026-05-28T12:56:56.860,-930,21.0,0.000580203
multimetro,,,,5.146801800001413,2026-05-28T12:41:27.076,2026-05-28T12:56:57.076,-930,22.0,0.000580014
multimetro,,,,5.361738499999774,2026-05-28T12:41:27.293,2026-05-28T12:56:57.293,-930,23.0,0.000580412
balanza,8.0,-0.08,,5.527097100000901,2026-05-28T12:41:27.459,2026-05-28T12:56:57.459,-930,,
balanza,9.0,,Error desde Arduino: HX711 not found.,5.550357600001007,2026-05-28T12:41:27.476,2026-05-28T12:56:57.476,-930,,
multimetro,,,,5.576884100000825,2026-05-28T12:41:27.503,2026-05-28T12:56:57.503,-930,24.0,0.000580978
multimetro,,,,5.7919125000007625,2026-05-28T12:41:27.720,2026-05-28T12:56:57.720,-930,25.0,0.000581564
multimetro,,,,6.007042600000204,2026-05-28T12:41:27.936,2026-05-28T12:56:57.936,-930,26.0,0.000581867
multimetro,,,,6.2219812000003,2026-05-28T12:41:28.146,2026-05-28T12:56:58.146,-930,27.0,0.000582119
multimetro,,,,6.4369841000007,2026-05-28T12:41:28.360,2026-05-28T12:56:58.360,-930,28.0,0.000582171
balanza,10.0,-0.08,,6.5424901000005775,2026-05-28T12:41:28.469,2026-05-28T12:56:58.469,-930,,
balanza,11.0,,Error desde Arduino: HX711 not found.,6.565523900000699,2026-05-28T12:41:28.493,2026-05-28T12:56:58.493,-930,,
multimetro,,,,6.651954300001307,2026-05-28T12:41:28.578,2026-05-28T12:56:58.578,-930,29.0,0.000582286
multimetro,,,,6.866953700000522,2026-05-28T12:41:28.793,2026-05-28T12:56:58.793,-930,30.0,0.00058237
multimetro,,,,7.082186100000399,2026-05-28T12:41:29.010,2026-05-28T12:56:59.010,-930,31.0,0.000581888
multimetro,,,,7.297182700000121,2026-05-28T12:41:29.226,2026-05-28T12:56:59.226,-930,32.0,0.000581899
multimetro,,,,7.512301599999773,2026-05-28T12:41:29.443,2026-05-28T12:56:59.443,-930,33.0,0.000581763
balanza,12.0,-0.1,,7.557930800001486,2026-05-28T12:41:29.486,2026-05-28T12:56:59.486,-930,,
balanza,13.0,,Error desde Arduino: HX711 not found.,7.581011899999794,2026-05-28T12:41:29.510,2026-05-28T12:56:59.510,-930,,
multimetro,,,,7.727498600001127,2026-05-28T12:41:29.653,2026-05-28T12:56:59.653,-930,34.0,0.000581386
multimetro,,,,7.942559400000391,2026-05-28T12:41:29.870,2026-05-28T12:56:59.870,-930,35.0,0.000581585
multimetro,,,,8.157371799999964,2026-05-28T12:41:30.086,2026-05-28T12:57:00.086,-930,36.0,0.000581585
multimetro,,,,8.372339700001248,2026-05-28T12:41:30.303,2026-05-28T12:57:00.303,-930,37.0,0.00058147
balanza,14.0,-0.11,,8.5733737999999,2026-05-28T12:41:30.503,2026-05-28T12:57:00.503,-930,,
multimetro,,,,8.587454100001196,2026-05-28T12:41:30.519,2026-05-28T12:57:00.519,-930,38.0,0.00058148
balanza,15.0,,Error desde Arduino: HX711 not found.,8.59657370000059,2026-05-28T12:41:30.528,2026-05-28T12:57:00.528,-930,,
multimetro,,,,8.802418700000999,2026-05-28T12:41:30.726,2026-05-28T12:57:00.726,-930,39.0,0.000581208
multimetro,,,,9.017269300000407,2026-05-28T12:41:30.943,2026-05-28T12:57:00.943,-930,40.0,0.000581281
multimetro,,,,9.232312900001489,2026-05-28T12:41:31.160,2026-05-28T12:57:01.160,-930,41.0,0.00058126
multimetro,,,,9.44757220000065,2026-05-28T12:41:31.376,2026-05-28T12:57:01.376,-930,42.0,0.000580978
balanza,16.0,-0.12,,9.588851100001193,2026-05-28T12:41:31.512,2026-05-28T12:57:01.512,-930,,
balanza,17.0,,Error desde Arduino: HX711 not found.,9.61185579999983,2026-05-28T12:41:31.543,2026-05-28T12:57:01.543,-930,,
multimetro,,,,9.6626066000008,2026-05-28T12:41:31.593,2026-05-28T12:57:01.593,-930,43.0,0.000580716
multimetro,,,,9.877766300000076,2026-05-28T12:41:31.810,2026-05-28T12:57:01.810,-930,44.0,0.000580548
multimetro,,,,10.092766100000517,2026-05-28T12:41:32.019,2026-05-28T12:57:02.019,-930,45.0,0.000580381
multimetro,,,,10.307702300000528,2026-05-28T12:41:32.236,2026-05-28T12:57:02.236,-930,46.0,0.000580203
multimetro,,,,10.522611899999902,2026-05-28T12:41:32.453,2026-05-28T12:57:02.453,-930,47.0,0.00058036
balanza,18.0,-0.1,,10.604258800000025,2026-05-28T12:41:32.530,2026-05-28T12:57:02.530,-930,,
balanza,19.0,,Error desde Arduino: HX711 not found.,10.627271800000017,2026-05-28T12:41:32.559,2026-05-28T12:57:02.559,-930,,
multimetro,,,,10.73751810000067,2026-05-28T12:41:32.669,2026-05-28T12:57:02.669,-930,48.0,0.000579972
multimetro,,,,10.952669800000876,2026-05-28T12:41:32.877,2026-05-28T12:57:02.877,-930,49.0,0.000580098
multimetro,,,,11.16776310000023,2026-05-28T12:41:33.095,2026-05-28T12:57:03.095,-930,50.0,0.000579878
multimetro,,,,11.382704000001468,2026-05-28T12:41:33.310,2026-05-28T12:57:03.310,-930,51.0,0.00057992
multimetro,,,,11.597711899999922,2026-05-28T12:41:33.530,2026-05-28T12:57:03.530,-930,52.0,0.00057992
balanza,20.0,-0.15,,11.619683000000805,2026-05-28T12:41:33.543,2026-05-28T12:57:03.543,-930,,
balanza,21.0,,Error desde Arduino: HX711 not found.,11.642738600001394,2026-05-28T12:41:33.569,2026-05-28T12:57:03.569,-930,,
multimetro,,,,11.812778100000287,2026-05-28T12:41:33.743,2026-05-28T12:57:03.743,-930,53.0,0.000579575
multimetro,,,,12.02776460000132,2026-05-28T12:41:33.960,2026-05-28T12:57:03.960,-930,54.0,0.000579794
multimetro,,,,12.242783100000452,2026-05-28T12:41:34.172,2026-05-28T12:57:04.172,-930,55.0,0.000579868
multimetro,,,,12.457843400001366,2026-05-28T12:41:34.386,2026-05-28T12:57:04.386,-930,56.0,0.000580004
balanza,22.0,-0.17,,12.63512559999981,2026-05-28T12:41:34.560,2026-05-28T12:57:04.560,-930,,
balanza,23.0,,Error desde Arduino: HX711 not found.,12.65835380000135,2026-05-28T12:41:34.586,2026-05-28T12:57:04.586,-930,,
multimetro,,,,12.672902899999826,2026-05-28T12:41:34.603,2026-05-28T12:57:04.603,-930,57.0,0.00058015
multimetro,,,,12.887853899999755,2026-05-28T12:41:34.819,2026-05-28T12:57:04.819,-930,58.0,0.000580119
multimetro,,,,13.102852100000746,2026-05-28T12:41:35.031,2026-05-28T12:57:05.031,-930,59.0,0.000580203
multimetro,,,,13.317855600000257,2026-05-28T12:41:35.243,2026-05-28T12:57:05.243,-930,60.0,0.000580213
multimetro,,,,13.532659899999999,2026-05-28T12:41:35.460,2026-05-28T12:57:05.460,-930,61.0,0.000580224
balanza,24.0,-0.12,,13.650561899999957,2026-05-28T12:41:35.577,2026-05-28T12:57:05.577,-930,,
balanza,25.0,,Error desde Arduino: HX711 not found.,13.673694300001443,2026-05-28T12:41:35.603,2026-05-28T12:57:05.603,-930,,
multimetro,,,,13.747781400001259,2026-05-28T12:41:35.676,2026-05-28T12:57:05.676,-930,62.0,0.000579931
multimetro,,,,13.962851600001159,2026-05-28T12:41:35.893,2026-05-28T12:57:05.893,-930,63.0,0.000579648
multimetro,,,,14.177886299999955,2026-05-28T12:41:36.110,2026-05-28T12:57:06.110,-930,64.0,0.000579522
multimetro,,,,14.393048600000839,2026-05-28T12:41:36.319,2026-05-28T12:57:06.319,-930,65.0,0.000579543
multimetro,,,,14.608265000000756,2026-05-28T12:41:36.540,2026-05-28T12:57:06.540,-930,66.0,0.00057948
balanza,26.0,-0.21,,14.665954000000056,2026-05-28T12:41:36.593,2026-05-28T12:57:06.593,-930,,
balanza,27.0,,Error desde Arduino: HX711 not found.,14.689193199999863,2026-05-28T12:41:36.621,2026-05-28T12:57:06.621,-930,,
multimetro,,,,14.823370000000068,2026-05-28T12:41:36.753,2026-05-28T12:57:06.753,-930,67.0,0.000579365
multimetro,,,,15.038371500000721,2026-05-28T12:41:36.969,2026-05-28T12:57:06.969,-930,68.0,0.000579794
multimetro,,,,15.253452099999777,2026-05-28T12:41:37.177,2026-05-28T12:57:07.177,-930,69.0,0.000580213
multimetro,,,,15.468395699999746,2026-05-28T12:41:37.393,2026-05-28T12:57:07.393,-930,70.0,0.00058103
balanza,28.0,-0.16,,15.68133250000028,2026-05-28T12:41:37.610,2026-05-28T12:57:07.610,-930,,
multimetro,,,,15.683348500000648,2026-05-28T12:41:37.610,2026-05-28T12:57:07.610,-930,71.0,0.000581512
balanza,29.0,,Error desde Arduino: HX711 not found.,15.704639999999927,2026-05-28T12:41:37.636,2026-05-28T12:57:07.636,-930,,
multimetro,,,,15.898080099999788,2026-05-28T12:41:37.826,2026-05-28T12:57:07.826,-930,72.0,0.000581878
multimetro,,,,16.113169199999902,2026-05-28T12:41:38.043,2026-05-28T12:57:08.043,-930,73.0,0.000582171
multimetro,,,,16.328236500001367,2026-05-28T12:41:38.260,2026-05-28T12:57:08.260,-930,74.0,0.00058236
multimetro,,,,16.543283500001053,2026-05-28T12:41:38.469,2026-05-28T12:57:08.469,-930,75.0,0.000582443
balanza,30.0,-0.17,,16.6968123000006,2026-05-28T12:41:38.628,2026-05-28T12:57:08.628,-930,,
balanza,31.0,,Error desde Arduino: HX711 not found.,16.720020400000067,2026-05-28T12:41:38.643,2026-05-28T12:57:08.643,-930,,
multimetro,,,,16.75810580000143,2026-05-28T12:41:38.686,2026-05-28T12:57:08.686,-930,76.0,0.000582412
multimetro,,,,16.973108400001365,2026-05-28T12:41:38.903,2026-05-28T12:57:08.903,-930,77.0,0.000582087
multimetro,,,,17.18807470000138,2026-05-28T12:41:39.120,2026-05-28T12:57:09.120,-930,78.0,0.000581637
multimetro,,,,17.40325540000049,2026-05-28T12:41:39.331,2026-05-28T12:57:09.331,-930,79.0,0.000581051
multimetro,,,,17.618234200001098,2026-05-28T12:41:39.543,2026-05-28T12:57:09.543,-930,80.0,0.000580287
balanza,32.0,-0.2,,17.712199900000996,2026-05-28T12:41:39.643,2026-05-28T12:57:09.643,-930,,
balanza,33.0,,Error desde Arduino: HX711 not found.,17.735428500000125,2026-05-28T12:41:39.660,2026-05-28T12:57:09.660,-930,,
multimetro,,,,17.833385900001304,2026-05-28T12:41:39.760,2026-05-28T12:57:09.760,-930,81.0,0.000580161
multimetro,,,,18.04821500000071,2026-05-28T12:41:39.979,2026-05-28T12:57:09.979,-930,82.0,0.000580569
multimetro,,,,18.263233700001365,2026-05-28T12:41:40.193,2026-05-28T12:57:10.193,-930,83.0,0.000580779
multimetro,,,,18.478204700000788,2026-05-28T12:41:40.410,2026-05-28T12:57:10.410,-930,84.0,0.000581239
multimetro,,,,18.693594500000472,2026-05-28T12:41:40.620,2026-05-28T12:57:10.620,-930,85.0,0.000581365
balanza,34.0,-0.2,,18.727649500000553,2026-05-28T12:41:40.660,2026-05-28T12:57:10.660,-930,,
balanza,35.0,,Error desde Arduino: HX711 not found.,18.75097690000075,2026-05-28T12:41:40.676,2026-05-28T12:57:10.676,-930,,
multimetro,,,,18.908620899999733,2026-05-28T12:41:40.838,2026-05-28T12:57:10.838,-930,86.0,0.000581438
multimetro,,,,19.123361900001328,2026-05-28T12:41:41.055,2026-05-28T12:57:11.055,-930,87.0,0.00058148
multimetro,,,,19.338408400000844,2026-05-28T12:41:41.270,2026-05-28T12:57:11.270,-930,88.0,0.000581752
multimetro,,,,19.553484100000787,2026-05-28T12:41:41.477,2026-05-28T12:57:11.477,-930,89.0,0.000581752
balanza,36.0,-0.2,,19.7432160999997,2026-05-28T12:41:41.669,2026-05-28T12:57:11.669,-930,,
balanza,37.0,,Error desde Arduino: HX711 not found.,19.766381000001275,2026-05-28T12:41:41.693,2026-05-28T12:57:11.693,-930,,
multimetro,,,,19.768527600001107,2026-05-28T12:41:41.693,2026-05-28T12:57:11.693,-930,90.0,0.000582035
multimetro,,,,19.983245600000373,2026-05-28T12:41:41.910,2026-05-28T12:57:11.910,-930,91.0,0.000582066
multimetro,,,,20.19832420000057,2026-05-28T12:41:42.126,2026-05-28T12:57:12.126,-930,92.0,0.000582119
multimetro,,,,20.41308460000073,2026-05-28T12:41:42.345,2026-05-28T12:57:12.345,-930,93.0,0.00058215
multimetro,,,,20.628310100000817,2026-05-28T12:41:42.560,2026-05-28T12:57:12.560,-930,94.0,0.000582496
balanza,38.0,-0.24,,20.758666200001244,2026-05-28T12:41:42.686,2026-05-28T12:57:12.686,-930,,
balanza,39.0,,Error desde Arduino: HX711 not found.,20.781710100000055,2026-05-28T12:41:42.710,2026-05-28T12:57:12.710,-930,,
multimetro,,,,20.84321480000108,2026-05-28T12:41:42.770,2026-05-28T12:57:12.770,-930,95.0,0.00058259
multimetro,,,,21.05826960000013,2026-05-28T12:41:42.986,2026-05-28T12:57:12.986,-930,96.0,0.00058259
multimetro,,,,21.273306400000365,2026-05-28T12:41:43.203,2026-05-28T12:57:13.203,-930,97.0,0.000582956
multimetro,,,,21.488178000001426,2026-05-28T12:41:43.419,2026-05-28T12:57:13.419,-930,98.0,0.000583312
multimetro,,,,21.702998200000366,2026-05-28T12:41:43.626,2026-05-28T12:57:13.626,-930,99.0,0.000583417
balanza,40.0,-0.25,,21.774084599999696,2026-05-28T12:41:43.705,2026-05-28T12:57:13.705,-930,,
balanza,41.0,,Error desde Arduino: HX711 not found.,21.79712770000151,2026-05-28T12:41:43.726,2026-05-28T12:57:13.726,-930,,
multimetro,,,,21.9179507000008,2026-05-28T12:41:43.847,2026-05-28T12:57:13.847,-930,100.0,0.000583543
multimetro,,,,22.132748199999696,2026-05-28T12:41:44.060,2026-05-28T12:57:14.060,-930,101.0,0.000583626
multimetro,,,,22.34789500000079,2026-05-28T12:41:44.276,2026-05-28T12:57:14.276,-930,102.0,0.000583626
multimetro,,,,22.56299930000023,2026-05-28T12:41:44.493,2026-05-28T12:57:14.493,-930,103.0,0.000583679
multimetro,,,,22.778115900000557,2026-05-28T12:41:44.710,2026-05-28T12:57:14.710,-930,104.0,0.000583658
balanza,42.0,-0.24,,22.78948980000132,2026-05-28T12:41:44.719,2026-05-28T12:57:14.719,-930,,
balanza,43.0,,Error desde Arduino: HX711 not found.,22.812574400000813,2026-05-28T12:41:44.743,2026-05-28T12:57:14.743,-930,,
multimetro,,,,22.9931531000002,2026-05-28T12:41:44.919,2026-05-28T12:57:14.919,-930,105.0,0.000583773
multimetro,,,,23.208336700001382,2026-05-28T12:41:45.136,2026-05-28T12:57:15.136,-930,106.0,0.000583783
multimetro,,,,23.423523299999943,2026-05-28T12:41:45.353,2026-05-28T12:57:15.353,-930,107.0,0.000583815
multimetro,,,,23.638303600000654,2026-05-28T12:41:45.570,2026-05-28T12:57:15.570,-930,108.0,0.000584014
balanza,44.0,-0.25,,23.80484080000133,2026-05-28T12:41:45.736,2026-05-28T12:57:15.736,-930,,
balanza,45.0,-0.26,,23.817006299999775,2026-05-28T12:41:45.749,2026-05-28T12:57:15.749,-930,,
balanza,46.0,,Error desde Arduino: HX711 not found.,23.840308800001367,2026-05-28T12:41:45.769,2026-05-28T12:57:15.769,-930,,
multimetro,,,,23.853439000000435,2026-05-28T12:41:45.776,2026-05-28T12:57:15.776,-930,109.0,0.000584045
multimetro,,,,24.068544400000974,2026-05-28T12:41:45.993,2026-05-28T12:57:15.993,-930,110.0,0.000584234
multimetro,,,,24.283645700001216,2026-05-28T12:41:46.210,2026-05-28T12:57:16.210,-930,111.0,0.000584391
multimetro,,,,24.498566700000083,2026-05-28T12:41:46.426,2026-05-28T12:57:16.426,-930,112.0,0.000584307
multimetro,,,,24.713595400000486,2026-05-28T12:41:46.643,2026-05-28T12:57:16.643,-930,113.0,0.000584244
balanza,47.0,-0.3,,24.832434699999794,2026-05-28T12:41:46.765,2026-05-28T12:57:16.765,-930,,
balanza,48.0,,Error desde Arduino: HX711 not found.,24.85550990000047,2026-05-28T12:41:46.786,2026-05-28T12:57:16.786,-930,,
multimetro,,,,24.92840260000048,2026-05-28T12:41:46.860,2026-05-28T12:57:16.860,-930,114.0,0.000584464
multimetro,,,,25.143504600000597,2026-05-28T12:41:47.069,2026-05-28T12:57:17.069,-930,115.0,0.000584579
multimetro,,,,25.358458800001245,2026-05-28T12:41:47.286,2026-05-28T12:57:17.286,-930,116.0,0.00058483
multimetro,,,,25.573384900000747,2026-05-28T12:41:47.503,2026-05-28T12:57:17.503,-930,117.0,0.000585071
multimetro,,,,25.788244999999733,2026-05-28T12:41:47.719,2026-05-28T12:57:17.719,-930,118.0,0.00058504
balanza,49.0,-0.27,,25.847890500001085,2026-05-28T12:41:47.776,2026-05-28T12:57:17.776,-930,,
balanza,50.0,,Error desde Arduino: HX711 not found.,25.870845200000986,2026-05-28T12:41:47.803,2026-05-28T12:57:17.803,-930,,
multimetro,,,,26.003431799999817,2026-05-28T12:41:47.929,2026-05-28T12:57:17.929,-930,119.0,0.000584799
multimetro,,,,26.218640700000833,2026-05-28T12:41:48.143,2026-05-28T12:57:18.143,-930,120.0,0.000584506
multimetro,,,,26.43363500000123,2026-05-28T12:41:48.360,2026-05-28T12:57:18.360,-930,121.0,0.000584495
multimetro,,,,26.64858490000006,2026-05-28T12:41:48.576,2026-05-28T12:57:18.576,-930,122.0,0.000584433
balanza,51.0,-0.33,,26.863283100001354,2026-05-28T12:41:48.793,2026-05-28T12:57:18.793,-930,,
multimetro,,,,26.86374210000031,2026-05-28T12:41:48.793,2026-05-28T12:57:18.793,-930,123.0,0.000584506
balanza,52.0,,Error desde Arduino: HX711 not found.,26.88653990000057,2026-05-28T12:41:48.810,2026-05-28T12:57:18.810,-930,,
multimetro,,,,27.07871460000024,2026-05-28T12:41:49.010,2026-05-28T12:57:19.010,-930,124.0,0.000584977
multimetro,,,,27.293733200000133,2026-05-28T12:41:49.226,2026-05-28T12:57:19.226,-930,125.0,0.000584925
multimetro,,,,27.508704600000783,2026-05-28T12:41:49.436,2026-05-28T12:57:19.436,-930,126.0,0.000584799
multimetro,,,,27.72347280000031,2026-05-28T12:41:49.655,2026-05-28T12:57:19.655,-930,127.0,0.000584935
balanza,53.0,-0.39,,27.878787000001466,2026-05-28T12:41:49.810,2026-05-28T12:57:19.810,-930,,
balanza,54.0,,Error desde Arduino: HX711 not found.,27.90181450000091,2026-05-28T12:41:49.826,2026-05-28T12:57:19.826,-930,,
multimetro,,,,27.938456200001383,2026-05-28T12:41:49.871,2026-05-28T12:57:19.871,-930,128.0,0.000584851
multimetro,,,,28.15326660000028,2026-05-28T12:41:50.081,2026-05-28T12:57:20.081,-930,129.0,0.000584747
multimetro,,,,28.36836779999976,2026-05-28T12:41:50.293,2026-05-28T12:57:20.293,-930,130.0,0.000584652
multimetro,,,,28.583473500000764,2026-05-28T12:41:50.510,2026-05-28T12:57:20.510,-930,131.0,0.000584757
multimetro,,,,28.798551600000792,2026-05-28T12:41:50.726,2026-05-28T12:57:20.726,-930,132.0,0.000584998
balanza,55.0,-0.31,,28.894186499999705,2026-05-28T12:41:50.826,2026-05-28T12:57:20.826,-930,,
balanza,56.0,,Error desde Arduino: HX711 not found.,28.917387900000904,2026-05-28T12:41:50.843,2026-05-28T12:57:20.843,-930,,
multimetro,,,,29.013597900000605,2026-05-28T12:41:50.943,2026-05-28T12:57:20.943,-930,133.0,0.00058527
multimetro,,,,29.228586799999903,2026-05-28T12:41:51.161,2026-05-28T12:57:21.161,-930,134.0,0.000585459
multimetro,,,,29.44342250000045,2026-05-28T12:41:51.376,2026-05-28T12:57:21.376,-930,135.0,0.000585616
multimetro,,,,29.658474200001365,2026-05-28T12:41:51.589,2026-05-28T12:57:21.589,-930,136.0,0.000585678
multimetro,,,,29.873421100000996,2026-05-28T12:41:51.803,2026-05-28T12:57:21.803,-930,137.0,0.000585877
balanza,57.0,-0.32,,29.909581400001116,2026-05-28T12:41:51.836,2026-05-28T12:57:21.836,-930,,
balanza,58.0,,Error desde Arduino: HX711 not found.,29.93138540000109,2026-05-28T12:41:51.864,2026-05-28T12:57:21.864,-930,,
multimetro,,,,30.0885343000009,2026-05-28T12:41:52.019,2026-05-28T12:57:22.019,-930,138.0,0.000585982
multimetro,,,,30.30351789999986,2026-05-28T12:41:52.226,2026-05-28T12:57:22.226,-930,139.0,0.000585909
multimetro,,,,30.51846520000072,2026-05-28T12:41:52.443,2026-05-28T12:57:22.443,-930,140.0,0.000585993
multimetro,,,,30.73339930000111,2026-05-28T12:41:52.665,2026-05-28T12:57:22.665,-930,141.0,0.00058594
balanza,59.0,-0.28,,30.92504370000097,2026-05-28T12:41:52.853,2026-05-28T12:57:22.853,-930,,
balanza,60.0,,Error desde Arduino: HX711 not found.,30.94808270000067,2026-05-28T12:41:52.876,2026-05-28T12:57:22.876,-930,,
multimetro,,,,30.948435899999822,2026-05-28T12:41:52.876,2026-05-28T12:57:22.876,-930,142.0,0.000586139
multimetro,,,,31.16327960000126,2026-05-28T12:41:53.093,2026-05-28T12:57:23.093,-930,143.0,0.000586233
multimetro,,,,31.378417900001295,2026-05-28T12:41:53.310,2026-05-28T12:57:23.310,-930,144.0,0.000586286
multimetro,,,,31.593303100000412,2026-05-28T12:41:53.519,2026-05-28T12:57:23.519,-930,145.0,0.000586317
multimetro,,,,31.808526700000584,2026-05-28T12:41:53.736,2026-05-28T12:57:23.736,-930,146.0,0.000586286
balanza,61.0,-0.3,,31.940395900001022,2026-05-28T12:41:53.873,2026-05-28T12:57:23.873,-930,,
balanza,62.0,,Error desde Arduino: HX711 not found.,31.963467100000344,2026-05-28T12:41:53.893,2026-05-28T12:57:23.893,-930,,
multimetro,,,,32.023472500000935,2026-05-28T12:41:53.953,2026-05-28T12:57:23.953,-930,147.0,0.00058616
multimetro,,,,32.238107400000445,2026-05-28T12:41:54.170,2026-05-28T12:57:24.170,-930,148.0,0.000586118
multimetro,,,,32.45308660000046,2026-05-28T12:41:54.376,2026-05-28T12:57:24.376,-930,149.0,0.000586087
multimetro,,,,32.6680520000009,2026-05-28T12:41:54.593,2026-05-28T12:57:24.593,-930,150.0,0.000585762
multimetro,,,,32.88310960000126,2026-05-28T12:41:54.810,2026-05-28T12:57:24.810,-930,151.0,0.000585595
balanza,63.0,-0.33,,32.95581149999998,2026-05-28T12:41:54.886,2026-05-28T12:57:24.886,-930,,
balanza,64.0,,Error desde Arduino: HX711 not found.,32.978921800000535,2026-05-28T12:41:54.910,2026-05-28T12:57:24.910,-930,,
multimetro,,,,33.09799010000097,2026-05-28T12:41:55.030,2026-05-28T12:57:25.030,-930,152.0,0.000585207
multimetro,,,,33.31311810000079,2026-05-28T12:41:55.243,2026-05-28T12:57:25.243,-930,153.0,0.000585155
multimetro,,,,33.52798080000139,2026-05-28T12:41:55.460,2026-05-28T12:57:25.460,-930,154.0,0.000585165
multimetro,,,,33.74285370000143,2026-05-28T12:41:55.675,2026-05-28T12:57:25.675,-930,155.0,0.000585302
multimetro,,,,33.957624900000155,2026-05-28T12:41:55.888,2026-05-28T12:57:25.888,-930,156.0,0.000585448
balanza,65.0,-0.39,,33.971224599999914,2026-05-28T12:41:55.903,2026-05-28T12:57:25.903,-930,,
balanza,66.0,,Error desde Arduino: HX711 not found.,33.99431480000021,2026-05-28T12:41:55.926,2026-05-28T12:57:25.926,-930,,
multimetro,,,,34.17274130000078,2026-05-28T12:41:56.103,2026-05-28T12:57:26.103,-930,157.0,0.000585804
multimetro,,,,34.38766660000147,2026-05-28T12:41:56.319,2026-05-28T12:57:26.319,-930,158.0,0.000586349
multimetro,,,,34.60270060000039,2026-05-28T12:41:56.530,2026-05-28T12:57:26.530,-930,159.0,0.000586568
multimetro,,,,34.81767360000049,2026-05-28T12:41:56.743,2026-05-28T12:57:26.743,-930,160.0,0.00058683
balanza,67.0,-0.4,,34.98664860000099,2026-05-28T12:41:56.916,2026-05-28T12:57:26.916,-930,,
balanza,68.0,,Error desde Arduino: HX711 not found.,35.009787800001504,2026-05-28T12:41:56.936,2026-05-28T12:57:26.936,-930,,
multimetro,,,,35.032741500001066,2026-05-28T12:41:56.965,2026-05-28T12:57:26.965,-930,161.0,0.000586809
multimetro,,,,35.24778400000105,2026-05-28T12:41:57.176,2026-05-28T12:57:27.176,-930,162.0,0.000586914
multimetro,,,,35.46303070000067,2026-05-28T12:41:57.393,2026-05-28T12:57:27.393,-930,163.0,0.000587228
multimetro,,,,35.67793239999992,2026-05-28T12:41:57.609,2026-05-28T12:57:27.609,-930,164.0,0.00058728
multimetro,,,,35.89314410000043,2026-05-28T12:41:57.820,2026-05-28T12:57:27.820,-930,165.0,0.000587511
balanza,69.0,-0.42,,36.00213059999987,2026-05-28T12:41:57.926,2026-05-28T12:57:27.926,-930,,
balanza,70.0,,Error desde Arduino: HX711 not found.,36.02528960000018,2026-05-28T12:41:57.953,2026-05-28T12:57:27.953,-930,,
multimetro,,,,36.10815569999977,2026-05-28T12:41:58.040,2026-05-28T12:57:28.040,-930,166.0,0.000587532
multimetro,,,,36.32325649999984,2026-05-28T12:41:58.253,2026-05-28T12:57:28.253,-930,167.0,0.000587678
multimetro,,,,36.53819400000066,2026-05-28T12:41:58.470,2026-05-28T12:57:28.470,-930,168.0,0.000588003
multimetro,,,,36.75320660000034,2026-05-28T12:41:58.676,2026-05-28T12:57:28.676,-930,169.0,0.000588202
multimetro,,,,36.968440600001486,2026-05-28T12:41:58.893,2026-05-28T12:57:28.893,-930,170.0,0.00058817
balanza,71.0,-0.36,,37.01755349999985,2026-05-28T12:41:58.943,2026-05-28T12:57:28.943,-930,,
balanza,72.0,,Error desde Arduino: HX711 not found.,37.040722200001255,2026-05-28T12:41:58.973,2026-05-28T12:57:28.973,-930,,
multimetro,,,,37.18349320000016,2026-05-28T12:41:59.110,2026-05-28T12:57:29.110,-930,171.0,0.000588327
multimetro,,,,37.39856959999997,2026-05-28T12:41:59.327,2026-05-28T12:57:29.327,-930,172.0,0.000588359
multimetro,,,,37.61351890000151,2026-05-28T12:41:59.543,2026-05-28T12:57:29.543,-930,173.0,0.000588055
multimetro,,,,37.82855430000018,2026-05-28T12:41:59.761,2026-05-28T12:57:29.761,-930,174.0,0.000587783
balanza,73.0,-0.36,,38.032934200000454,2026-05-28T12:41:59.965,2026-05-28T12:57:29.965,-930,,
multimetro,,,,38.04342020000149,2026-05-28T12:41:59.975,2026-05-28T12:57:29.975,-930,175.0,0.000587741
balanza,74.0,,Error desde Arduino: HX711 not found.,38.05625289999989,2026-05-28T12:41:59.986,2026-05-28T12:57:29.986,-930,,
multimetro,,,,38.25847550000071,2026-05-28T12:42:00.186,2026-05-28T12:57:30.186,-930,176.0,0.000587542
multimetro,,,,38.47330640000109,2026-05-28T12:42:00.403,2026-05-28T12:57:30.403,-930,177.0,0.00058749
multimetro,,,,38.68829370000094,2026-05-28T12:42:00.620,2026-05-28T12:57:30.620,-930,178.0,0.000587427
multimetro,,,,38.90330350000113,2026-05-28T12:42:00.834,2026-05-28T12:57:30.834,-930,179.0,0.000587416
balanza,75.0,-0.37,,39.048364300000685,2026-05-28T12:42:00.976,2026-05-28T12:57:30.976,-930,,
balanza,76.0,,Error desde Arduino: HX711 not found.,39.07139140000072,2026-05-28T12:42:01.003,2026-05-28T12:57:31.003,-930,,
multimetro,,,,39.118433800000275,2026-05-28T12:42:01.043,2026-05-28T12:57:31.043,-930,180.0,0.000587416
multimetro,,,,39.33350710000013,2026-05-28T12:42:01.266,2026-05-28T12:57:31.266,-930,181.0,0.000587574
multimetro,,,,39.54864880000059,2026-05-28T12:42:01.476,2026-05-28T12:57:31.476,-930,182.0,0.000587804
multimetro,,,,39.76376230000096,2026-05-28T12:42:01.693,2026-05-28T12:57:31.693,-930,183.0,0.000587741
multimetro,,,,39.9788849000015,2026-05-28T12:42:01.910,2026-05-28T12:57:31.910,-930,184.0,0.000587783
balanza,77.0,-0.38,,40.063676400000986,2026-05-28T12:42:01.993,2026-05-28T12:57:31.993,-930,,
balanza,78.0,,Error desde Arduino: HX711 not found.,40.086966500000926,2026-05-28T12:42:02.019,2026-05-28T12:57:32.019,-930,,
multimetro,,,,40.19381919999978,2026-05-28T12:42:02.126,2026-05-28T12:57:32.126,-930,185.0,0.000587856
multimetro,,,,40.40893959999994,2026-05-28T12:42:02.341,2026-05-28T12:57:32.341,-930,186.0,0.00058795
multimetro,,,,40.62395260000085,2026-05-28T12:42:02.553,2026-05-28T12:57:32.553,-930,187.0,0.000588087
multimetro,,,,40.838864500001364,2026-05-28T12:42:02.771,2026-05-28T12:57:32.771,-930,188.0,0.000588139
multimetro,,,,41.0537486000012,2026-05-28T12:42:02.985,2026-05-28T12:57:32.985,-930,189.0,0.000588296
balanza,79.0,-0.45,,41.07904490000146,2026-05-28T12:42:03.010,2026-05-28T12:57:33.010,-930,,
balanza,80.0,,Error desde Arduino: HX711 not found.,41.102165700000114,2026-05-28T12:42:03.030,2026-05-28T12:57:33.030,-930,,
multimetro,,,,41.268673800001125,2026-05-28T12:42:03.193,2026-05-28T12:57:33.193,-930,190.0,0.000587961
multimetro,,,,41.48372650000056,2026-05-28T12:42:03.410,2026-05-28T12:57:33.410,-930,191.0,0.000588045
multimetro,,,,41.698551400000724,2026-05-28T12:42:03.626,2026-05-28T12:57:33.626,-930,192.0,0.000588034
multimetro,,,,41.91354820000015,2026-05-28T12:42:03.843,2026-05-28T12:57:33.843,-930,193.0,0.000587992
balanza,81.0,-0.51,,42.09452179999971,2026-05-28T12:42:04.026,2026-05-28T12:57:34.026,-930,,
balanza,82.0,,Error desde Arduino: HX711 not found.,42.11766929999976,2026-05-28T12:42:04.050,2026-05-28T12:57:34.050,-930,,
multimetro,,,,42.12857470000017,2026-05-28T12:42:04.061,2026-05-28T12:57:34.061,-930,194.0,0.000587772
multimetro,,,,42.34354590000112,2026-05-28T12:42:04.276,2026-05-28T12:57:34.276,-930,195.0,0.000587867
multimetro,,,,42.55858210000042,2026-05-28T12:42:04.486,2026-05-28T12:57:34.486,-930,196.0,0.000587605
multimetro,,,,42.77355090000128,2026-05-28T12:42:04.703,2026-05-28T12:57:34.703,-930,197.0,0.000587375
multimetro,,,,42.988495100000364,2026-05-28T12:42:04.920,2026-05-28T12:57:34.920,-930,198.0,0.000587207
balanza,83.0,-0.48,,43.11004030000004,2026-05-28T12:42:05.040,2026-05-28T12:57:35.040,-930,,
balanza,84.0,,Error desde Arduino: HX711 not found.,43.13311729999987,2026-05-28T12:42:05.065,2026-05-28T12:57:35.065,-930,,
multimetro,,,,43.203769400000965,2026-05-28T12:42:05.126,2026-05-28T12:57:35.126,-930,199.0,0.000587343
multimetro,,,,43.418718900000385,2026-05-28T12:42:05.343,2026-05-28T12:57:35.343,-930,200.0,0.000587343
multimetro,,,,43.63383489999978,2026-05-28T12:42:05.566,2026-05-28T12:57:35.566,-930,201.0,0.000587427
multimetro,,,,43.848786600001404,2026-05-28T12:42:05.776,2026-05-28T12:57:35.776,-930,202.0,0.00058728
multimetro,,,,44.063689700000396,2026-05-28T12:42:05.993,2026-05-28T12:57:35.993,-930,203.0,0.000587615
balanza,85.0,-0.48,,44.12544420000086,2026-05-28T12:42:06.053,2026-05-28T12:57:36.053,-930,,
balanza,86.0,,Error desde Arduino: HX711 not found.,44.1486029000007,2026-05-28T12:42:06.076,2026-05-28T12:57:36.076,-930,,
multimetro,,,,44.27873630000067,2026-05-28T12:42:06.210,2026-05-28T12:57:36.210,-930,204.0,0.000587563
multimetro,,,,44.49370810000073,2026-05-28T12:42:06.426,2026-05-28T12:57:36.426,-930,205.0,0.0005875
multimetro,,,,44.70872050000071,2026-05-28T12:42:06.636,2026-05-28T12:57:36.636,-930,206.0,0.000587123
multimetro,,,,44.923842800000784,2026-05-28T12:42:06.853,2026-05-28T12:57:36.853,-930,207.0,0.000586998
multimetro,,,,45.13882780000131,2026-05-28T12:42:07.070,2026-05-28T12:57:37.070,-930,208.0,0.00058705
balanza,87.0,-0.48,,45.140709200000856,2026-05-28T12:42:07.072,2026-05-28T12:57:37.072,-930,,
balanza,88.0,,Error desde Arduino: HX711 not found.,45.16390020000108,2026-05-28T12:42:07.093,2026-05-28T12:57:37.093,-930,,
multimetro,,,,45.35401860000093,2026-05-28T12:42:07.286,2026-05-28T12:57:37.286,-930,209.0,0.000586977
multimetro,,,,45.56908720000138,2026-05-28T12:42:07.493,2026-05-28T12:57:37.493,-930,210.0,0.000586987
multimetro,,,,45.78414669999984,2026-05-28T12:42:07.710,2026-05-28T12:57:37.710,-930,211.0,0.000586872
multimetro,,,,45.99935689999984,2026-05-28T12:42:07.926,2026-05-28T12:57:37.926,-930,212.0,0.000586746
balanza,89.0,-0.53,,46.15603250000095,2026-05-28T12:42:08.088,2026-05-28T12:57:38.088,-930,,
balanza,90.0,-0.56,,46.16808289999972,2026-05-28T12:42:08.093,2026-05-28T12:57:38.093,-930,,
balanza,91.0,,Error desde Arduino: HX711 not found.,46.191086599999835,2026-05-28T12:42:08.120,2026-05-28T12:57:38.120,-930,,
multimetro,,,,46.214348500001506,2026-05-28T12:42:08.143,2026-05-28T12:57:38.143,-930,213.0,0.000586757
multimetro,,,,46.42922610000096,2026-05-28T12:42:08.361,2026-05-28T12:57:38.361,-930,214.0,0.000586495
multimetro,,,,46.64406229999986,2026-05-28T12:42:08.576,2026-05-28T12:57:38.576,-930,215.0,0.000586621
multimetro,,,,46.858940500000244,2026-05-28T12:42:08.786,2026-05-28T12:57:38.786,-930,216.0,0.000586453
multimetro,,,,47.07379030000084,2026-05-28T12:42:09.003,2026-05-28T12:57:39.003,-930,217.0,0.000586338
balanza,92.0,-0.49,,47.18348930000138,2026-05-28T12:42:09.110,2026-05-28T12:57:39.110,-930,,
balanza,93.0,,Error desde Arduino: HX711 not found.,47.2065687000013,2026-05-28T12:42:09.138,2026-05-28T12:57:39.138,-930,,
multimetro,,,,47.28890060000049,2026-05-28T12:42:09.220,2026-05-28T12:57:39.220,-930,218.0,0.000586244
multimetro,,,,47.50384790000135,2026-05-28T12:42:09.426,2026-05-28T12:57:39.426,-930,219.0,0.000586034
multimetro,,,,47.71945170000072,2026-05-28T12:42:09.643,2026-05-28T12:57:39.643,-930,220.0,0.000586055
multimetro,,,,47.93428430000131,2026-05-28T12:42:09.866,2026-05-28T12:57:39.866,-930,221.0,0.000586055
multimetro,,,,48.14945110000008,2026-05-28T12:42:10.076,2026-05-28T12:57:40.076,-930,222.0,0.000585982
balanza,94.0,-0.49,,48.19889890000013,2026-05-28T12:42:10.127,2026-05-28T12:57:40.127,-930,,
balanza,95.0,,Error desde Arduino: HX711 not found.,48.22200510000039,2026-05-28T12:42:10.153,2026-05-28T12:57:40.153,-930,,
multimetro,,,,48.36455360000036,2026-05-28T12:42:10.293,2026-05-28T12:57:40.293,-930,223.0,0.000585815
multimetro,,,,48.57937029999994,2026-05-28T12:42:10.510,2026-05-28T12:57:40.510,-930,224.0,0.000585762
multimetro,,,,48.794326600000204,2026-05-28T12:42:10.726,2026-05-28T12:57:40.726,-930,225.0,0.0005855
multimetro,,,,49.00932190000094,2026-05-28T12:42:10.936,2026-05-28T12:57:40.936,-930,226.0,0.000585207
balanza,96.0,-0.55,,49.21435030000066,2026-05-28T12:42:11.143,2026-05-28T12:57:41.143,-930,,
multimetro,,,,49.22424210000099,2026-05-28T12:42:11.153,2026-05-28T12:57:41.153,-930,227.0,0.000585312
balanza,97.0,,Error desde Arduino: HX711 not found.,49.23752450000029,2026-05-28T12:42:11.170,2026-05-28T12:57:41.170,-930,,
multimetro,,,,49.43920570000046,2026-05-28T12:42:11.371,2026-05-28T12:57:41.371,-930,228.0,0.000585176
multimetro,,,,49.65542800000003,2026-05-28T12:42:11.586,2026-05-28T12:57:41.586,-930,229.0,0.000585207
multimetro,,,,49.88048780000099,2026-05-28T12:42:11.810,2026-05-28T12:57:41.810,-930,230.0,0.000585249
multimetro,,,,50.09556650000013,2026-05-28T12:42:12.027,2026-05-28T12:57:42.027,-930,231.0,0.000585008
balanza,98.0,-0.57,,50.229919000001246,2026-05-28T12:42:12.162,2026-05-28T12:57:42.162,-930,,
balanza,99.0,,Error desde Arduino: HX711 not found.,50.25295410000035,2026-05-28T12:42:12.184,2026-05-28T12:57:42.184,-930,,
multimetro,,,,50.310468700001366,2026-05-28T12:42:12.242,2026-05-28T12:57:42.242,-930,232.0,0.000585061
multimetro,,,,50.525473700001385,2026-05-28T12:42:12.453,2026-05-28T12:57:42.453,-930,233.0,0.000584956
multimetro,,,,50.74041560000114,2026-05-28T12:42:12.673,2026-05-28T12:57:42.673,-930,234.0,0.000584977
multimetro,,,,50.955330000000686,2026-05-28T12:42:12.886,2026-05-28T12:57:42.886,-930,235.0,0.000584956
multimetro,,,,51.17010459999983,2026-05-28T12:42:13.093,2026-05-28T12:57:43.093,-930,236.0,0.000584809
balanza,100.0,-0.58,,51.24537750000127,2026-05-28T12:42:13.176,2026-05-28T12:57:43.176,-930,,
balanza,101.0,,Error desde Arduino: HX711 not found.,51.268674400000236,2026-05-28T12:42:13.193,2026-05-28T12:57:43.193,-930,,
multimetro,,,,51.38530619999983,2026-05-28T12:42:13.310,2026-05-28T12:57:43.310,-930,237.0,0.000584789
multimetro,,,,51.60022460000073,2026-05-28T12:42:13.530,2026-05-28T12:57:43.530,-930,238.0,0.000584862
multimetro,,,,51.81520290000117,2026-05-28T12:42:13.743,2026-05-28T12:57:43.743,-930,239.0,0.000585008
multimetro,,,,52.0301840000011,2026-05-28T12:42:13.962,2026-05-28T12:57:43.962,-930,240.0,0.000584851
multimetro,,,,52.24516810000023,2026-05-28T12:42:14.176,2026-05-28T12:57:44.176,-930,241.0,0.000584967
balanza,102.0,-0.58,,52.26081890000023,2026-05-28T12:42:14.193,2026-05-28T12:57:44.193,-930,,
balanza,103.0,,Error desde Arduino: HX711 not found.,52.284177000001364,2026-05-28T12:42:14.210,2026-05-28T12:57:44.210,-930,,
multimetro,,,,52.460119100000156,2026-05-28T12:42:14.386,2026-05-28T12:57:44.386,-930,242.0,0.000584904
multimetro,,,,52.6751105000003,2026-05-28T12:42:14.603,2026-05-28T12:57:44.603,-930,243.0,0.000584673
multimetro,,,,52.88988330000029,2026-05-28T12:42:14.820,2026-05-28T12:57:44.820,-930,244.0,0.000584841
multimetro,,,,53.10503400000016,2026-05-28T12:42:15.030,2026-05-28T12:57:45.030,-930,245.0,0.000584548
balanza,104.0,-0.62,,53.27620999999999,2026-05-28T12:42:15.203,2026-05-28T12:57:45.203,-930,,
balanza,105.0,,Error desde Arduino: HX711 not found.,53.29940370000077,2026-05-28T12:42:15.226,2026-05-28T12:57:45.226,-930,,
multimetro,,,,53.320005700001275,2026-05-28T12:42:15.243,2026-05-28T12:57:45.243,-930,246.0,0.000584632
multimetro,,,,53.535188600000765,2026-05-28T12:42:15.467,2026-05-28T12:57:45.467,-930,247.0,0.000584642
multimetro,,,,53.75016810000125,2026-05-28T12:42:15.676,2026-05-28T12:57:45.676,-930,248.0,0.000584579
multimetro,,,,53.96509420000075,2026-05-28T12:42:15.893,2026-05-28T12:57:45.893,-930,249.0,0.000584705
multimetro,,,,54.18013810000048,2026-05-28T12:42:16.110,2026-05-28T12:57:46.110,-930,250.0,0.000584684
balanza,106.0,-0.61,,54.2915963000014,2026-05-28T12:42:16.220,2026-05-28T12:57:46.220,-930,,
balanza,107.0,,Error desde Arduino: HX711 not found.,54.314651599999706,2026-05-28T12:42:16.243,2026-05-28T12:57:46.243,-930,,
multimetro,,,,54.395210900000166,2026-05-28T12:42:16.326,2026-05-28T12:57:46.326,-930,251.0,0.000584527
multimetro,,,,54.61022940000112,2026-05-28T12:42:16.542,2026-05-28T12:57:46.542,-930,252.0,0.00058459
multimetro,,,,54.825223600000754,2026-05-28T12:42:16.753,2026-05-28T12:57:46.753,-930,253.0,0.000584558
multimetro,,,,55.040179999999964,2026-05-28T12:42:16.972,2026-05-28T12:57:46.972,-930,254.0,0.0005846
multimetro,,,,55.255267300000924,2026-05-28T12:42:17.186,2026-05-28T12:57:47.186,-930,255.0,0.000584537
balanza,108.0,-0.57,,55.30704770000011,2026-05-28T12:42:17.236,2026-05-28T12:57:47.236,-930,,
balanza,109.0,,Error desde Arduino: HX711 not found.,55.33024780000051,2026-05-28T12:42:17.262,2026-05-28T12:57:47.262,-930,,
multimetro,,,,55.470316800001456,2026-05-28T12:42:17.393,2026-05-28T12:57:47.393,-930,256.0,0.000584736
multimetro,,,,55.68514800000048,2026-05-28T12:42:17.612,2026-05-28T12:57:47.612,-930,257.0,0.000584537
multimetro,,,,55.900188000001435,2026-05-28T12:42:17.826,2026-05-28T12:57:47.826,-930,258.0,0.000584632
multimetro,,,,56.115135300000475,2026-05-28T12:42:18.043,2026-05-28T12:57:48.043,-930,259.0,0.000584516
balanza,110.0,-0.67,,56.32240190000084,2026-05-28T12:42:18.253,2026-05-28T12:57:48.253,-930,,
multimetro,,,,56.33018110000012,2026-05-28T12:42:18.262,2026-05-28T12:57:48.262,-930,260.0,0.000584474
balanza,111.0,,Error desde Arduino: HX711 not found.,56.34555879999971,2026-05-28T12:42:18.276,2026-05-28T12:57:48.276,-930,,
multimetro,,,,56.54517889999988,2026-05-28T12:42:18.476,2026-05-28T12:57:48.476,-930,261.0,0.000584443
multimetro,,,,56.76025120000122,2026-05-28T12:42:18.693,2026-05-28T12:57:48.693,-930,262.0,0.000584485
multimetro,,,,56.975268199999846,2026-05-28T12:42:18.903,2026-05-28T12:57:48.903,-930,263.0,0.000584328
multimetro,,,,57.190284400001474,2026-05-28T12:42:19.119,2026-05-28T12:57:49.119,-930,264.0,0.000584296
balanza,112.0,-0.6,,57.338022900001306,2026-05-28T12:42:19.270,2026-05-28T12:57:49.270,-930,,
balanza,113.0,,Error desde Arduino: HX711 not found.,57.36114550000093,2026-05-28T12:42:19.293,2026-05-28T12:57:49.293,-930,,
multimetro,,,,57.40531069999997,2026-05-28T12:42:19.336,2026-05-28T12:57:49.336,-930,265.0,0.000583909
multimetro,,,,57.62049330000082,2026-05-28T12:42:19.543,2026-05-28T12:57:49.543,-930,266.0,0.000584056
multimetro,,,,57.83551679999982,2026-05-28T12:42:19.767,2026-05-28T12:57:49.767,-930,267.0,0.000583794
multimetro,,,,58.050688600000285,2026-05-28T12:42:19.976,2026-05-28T12:57:49.976,-930,268.0,0.000583742
multimetro,,,,58.26575520000006,2026-05-28T12:42:20.193,2026-05-28T12:57:50.193,-930,269.0,0.000583783
balanza,114.0,-0.68,,58.35333770000034,2026-05-28T12:42:20.276,2026-05-28T12:57:50.276,-930,,
balanza,115.0,,Error desde Arduino: HX711 not found.,58.3766556999999,2026-05-28T12:42:20.303,2026-05-28T12:57:50.303,-930,,
multimetro,,,,58.480826300001354,2026-05-28T12:42:20.410,2026-05-28T12:57:50.410,-930,270.0,0.000583595
multimetro,,,,58.6960207000011,2026-05-28T12:42:20.626,2026-05-28T12:57:50.626,-930,271.0,0.000583427
multimetro,,,,58.9108623000011,2026-05-28T12:42:20.843,2026-05-28T12:57:50.843,-930,272.0,0.000583469
multimetro,,,,59.12584880000031,2026-05-28T12:42:21.056,2026-05-28T12:57:51.056,-930,273.0,0.000583448
multimetro,,,,59.340795199999775,2026-05-28T12:42:21.273,2026-05-28T12:57:51.273,-930,274.0,0.000583176
balanza,116.0,-0.7,,59.36873700000069,2026-05-28T12:42:21.293,2026-05-28T12:57:51.293,-930,,
balanza,117.0,,Error desde Arduino: HX711 not found.,59.392044400001396,2026-05-28T12:42:21.320,2026-05-28T12:57:51.320,-930,,
multimetro,,,,59.55565430000024,2026-05-28T12:42:21.486,2026-05-28T12:57:51.486,-930,275.0,0.000583302
multimetro,,,,59.7711016000012,2026-05-28T12:42:21.703,2026-05-28T12:57:51.703,-930,276.0,0.000583124
multimetro,,,,59.98609360000046,2026-05-28T12:42:21.910,2026-05-28T12:57:51.910,-930,277.0,0.000582967
multimetro,,,,60.200909299999694,2026-05-28T12:42:22.132,2026-05-28T12:57:52.132,-930,278.0,0.000582904
balanza,118.0,-0.69,,60.38420920000135,2026-05-28T12:42:22.310,2026-05-28T12:57:52.310,-930,,
balanza,119.0,,Error desde Arduino: HX711 not found.,60.407353100001274,2026-05-28T12:42:22.336,2026-05-28T12:57:52.336,-930,,
multimetro,,,,60.41606900000079,2026-05-28T12:42:22.343,2026-05-28T12:57:52.343,-930,279.0,0.000582873
multimetro,,,,60.631007100000716,2026-05-28T12:42:22.563,2026-05-28T12:57:52.563,-930,280.0,0.000583113
multimetro,,,,60.84602460000133,2026-05-28T12:42:22.776,2026-05-28T12:57:52.776,-930,281.0,0.000583082
multimetro,,,,61.06091660000129,2026-05-28T12:42:22.993,2026-05-28T12:57:52.993,-930,282.0,0.000583166
multimetro,,,,61.27592300000106,2026-05-28T12:42:23.203,2026-05-28T12:57:53.203,-930,283.0,0.000583501
balanza,120.0,-0.68,,61.3996285000012,2026-05-28T12:42:23.326,2026-05-28T12:57:53.326,-930,,
balanza,121.0,,Error desde Arduino: HX711 not found.,61.42286370000147,2026-05-28T12:42:23.353,2026-05-28T12:57:53.353,-930,,
multimetro,,,,61.49088130000018,2026-05-28T12:42:23.420,2026-05-28T12:57:53.420,-930,284.0,0.000583407
multimetro,,,,61.70575760000065,2026-05-28T12:42:23.636,2026-05-28T12:57:53.636,-930,285.0,0.000583417
multimetro,,,,61.92133699999977,2026-05-28T12:42:23.853,2026-05-28T12:57:53.853,-930,286.0,0.000583417
multimetro,,,,62.1364451999998,2026-05-28T12:42:24.068,2026-05-28T12:57:54.068,-930,287.0,0.000583187
multimetro,,,,62.35150130000147,2026-05-28T12:42:24.276,2026-05-28T12:57:54.276,-930,288.0,0.000583302
balanza,122.0,-0.66,,62.415127700000085,2026-05-28T12:42:24.343,2026-05-28T12:57:54.343,-930,,
balanza,123.0,,Error desde Arduino: HX711 not found.,62.43839230000049,2026-05-28T12:42:24.371,2026-05-28T12:57:54.371,-930,,
multimetro,,,,62.56649970000035,2026-05-28T12:42:24.493,2026-05-28T12:57:54.493,-930,289.0,0.000582988
multimetro,,,,62.781565299999784,2026-05-28T12:42:24.710,2026-05-28T12:57:54.710,-930,290.0,0.000582998
multimetro,,,,62.99643810000089,2026-05-28T12:42:24.926,2026-05-28T12:57:54.926,-930,291.0,0.000582988
multimetro,,,,63.211411500000395,2026-05-28T12:42:25.143,2026-05-28T12:57:55.143,-930,292.0,0.000582789
multimetro,,,,63.426268600000185,2026-05-28T12:42:25.353,2026-05-28T12:57:55.353,-930,293.0,0.000582747
balanza,124.0,-0.71,,63.430489399999715,2026-05-28T12:42:25.363,2026-05-28T12:57:55.363,-930,,
balanza,125.0,,Error desde Arduino: HX711 not found.,63.45368170000074,2026-05-28T12:42:25.376,2026-05-28T12:57:55.376,-930,,
multimetro,,,,63.64769030000025,2026-05-28T12:42:25.576,2026-05-28T12:57:55.576,-930,294.0,0.000582799
multimetro,,,,63.86278090000087,2026-05-28T12:42:25.793,2026-05-28T12:57:55.793,-930,295.0,0.000582674
multimetro,,,,64.07784189999984,2026-05-28T12:42:26.010,2026-05-28T12:57:56.010,-930,296.0,0.000582778
multimetro,,,,64.29271400000107,2026-05-28T12:42:26.219,2026-05-28T12:57:56.219,-930,297.0,0.000582695
balanza,126.0,-0.72,,64.4458895000007,2026-05-28T12:42:26.376,2026-05-28T12:57:56.376,-930,,
balanza,127.0,,Error desde Arduino: HX711 not found.,64.46892690000095,2026-05-28T12:42:26.393,2026-05-28T12:57:56.393,-930,,
multimetro,,,,64.50782190000064,2026-05-28T12:42:26.436,2026-05-28T12:57:56.436,-930,298.0,0.000582726
multimetro,,,,64.72280780000074,2026-05-28T12:42:26.653,2026-05-28T12:57:56.653,-930,299.0,0.000582695
multimetro,,,,64.93771809999998,2026-05-28T12:42:26.870,2026-05-28T12:57:56.870,-930,300.0,0.000582789
multimetro,,,,65.15261190000092,2026-05-28T12:42:27.076,2026-05-28T12:57:57.076,-930,301.0,0.000582946
multimetro,,,,65.3679129000011,2026-05-28T12:42:27.293,2026-05-28T12:57:57.293,-930,302.0,0.000582935
balanza,128.0,-0.76,,65.4613156000014,2026-05-28T12:42:27.393,2026-05-28T12:57:57.393,-930,,
balanza,129.0,,Error desde Arduino: HX711 not found.,65.48452700000053,2026-05-28T12:42:27.410,2026-05-28T12:57:57.410,-930,,
multimetro,,,,65.58298910000121,2026-05-28T12:42:27.510,2026-05-28T12:57:57.510,-930,303.0,0.000582946
multimetro,,,,65.797794600001,2026-05-28T12:42:27.726,2026-05-28T12:57:57.726,-930,304.0,0.000583103
multimetro,,,,66.01277269999991,2026-05-28T12:42:27.943,2026-05-28T12:57:57.943,-930,305.0,0.000583344
multimetro,,,,66.22780270000112,2026-05-28T12:42:28.160,2026-05-28T12:57:58.160,-930,306.0,0.000583427
multimetro,,,,66.4427625999997,2026-05-28T12:42:28.375,2026-05-28T12:57:58.375,-930,307.0,0.000583511
balanza,130.0,-0.7,,66.4768976000014,2026-05-28T12:42:28.409,2026-05-28T12:57:58.409,-930,,
balanza,131.0,,Error desde Arduino: HX711 not found.,66.50014940000074,2026-05-28T12:42:28.426,2026-05-28T12:57:58.426,-930,,
multimetro,,,,66.65758480000113,2026-05-28T12:42:28.586,2026-05-28T12:57:58.586,-930,308.0,0.00058349
multimetro,,,,66.87249220000012,2026-05-28T12:42:28.803,2026-05-28T12:57:58.803,-930,309.0,0.000583438
multimetro,,,,67.0874672000009,2026-05-28T12:42:29.020,2026-05-28T12:57:59.020,-930,310.0,0.000583302
multimetro,,,,67.3025503000008,2026-05-28T12:42:29.226,2026-05-28T12:57:59.226,-930,311.0,0.00058303
balanza,132.0,-0.77,,67.49243910000041,2026-05-28T12:42:29.421,2026-05-28T12:57:59.421,-930,,
balanza,133.0,,Error desde Arduino: HX711 not found.,67.5155276000005,2026-05-28T12:42:29.443,2026-05-28T12:57:59.443,-930,,
multimetro,,,,67.51748100000077,2026-05-28T12:42:29.443,2026-05-28T12:57:59.443,-930,312.0,0.000583061
multimetro,,,,67.73245390000011,2026-05-28T12:42:29.664,2026-05-28T12:57:59.664,-930,313.0,0.000582946
multimetro,,,,67.94731200000024,2026-05-28T12:42:29.876,2026-05-28T12:57:59.876,-930,314.0,0.000582967
multimetro,,,,68.1626492000014,2026-05-28T12:42:30.093,2026-05-28T12:58:00.093,-930,315.0,0.000583113
multimetro,,,,68.37737610000113,2026-05-28T12:42:30.310,2026-05-28T12:58:00.310,-930,316.0,0.000582873
balanza,134.0,-0.74,,68.50788410000132,2026-05-28T12:42:30.436,2026-05-28T12:58:00.436,-930,,
balanza,135.0,-0.73,,68.51998210000056,2026-05-28T12:42:30.443,2026-05-28T12:58:00.443,-930,,
balanza,136.0,,Error desde Arduino: HX711 not found.,68.54311000000052,2026-05-28T12:42:30.475,2026-05-28T12:58:00.475,-930,,
multimetro,,,,68.59230070000012,2026-05-28T12:42:30.520,2026-05-28T12:58:00.520,-930,317.0,0.000582862
multimetro,,,,68.80730050000057,2026-05-28T12:42:30.736,2026-05-28T12:58:00.736,-930,318.0,0.000582904
multimetro,,,,69.02223390000108,2026-05-28T12:42:30.952,2026-05-28T12:58:00.952,-930,319.0,0.000582674
multimetro,,,,69.23719270000038,2026-05-28T12:42:31.169,2026-05-28T12:58:01.169,-930,320.0,0.000582967
multimetro,,,,69.4524192000008,2026-05-28T12:42:31.376,2026-05-28T12:58:01.376,-930,321.0,0.000582799
balanza,137.0,-0.82,,69.53532180000002,2026-05-28T12:42:31.467,2026-05-28T12:58:01.467,-930,,
balanza,138.0,,Error desde Arduino: HX711 not found.,69.55840040000112,2026-05-28T12:42:31.486,2026-05-28T12:58:01.486,-930,,
multimetro,,,,69.66749890000028,2026-05-28T12:42:31.593,2026-05-28T12:58:01.593,-930,322.0,0.000582852
multimetro,,,,69.88264760000129,2026-05-28T12:42:31.810,2026-05-28T12:58:01.810,-930,323.0,0.000582852
multimetro,,,,70.09769600000072,2026-05-28T12:42:32.030,2026-05-28T12:58:02.030,-930,324.0,0.000582789
multimetro,,,,70.31280530000004,2026-05-28T12:42:32.243,2026-05-28T12:58:02.243,-930,325.0,0.000582914
multimetro,,,,70.52780570000141,2026-05-28T12:42:32.459,2026-05-28T12:58:02.459,-930,326.0,0.000582925
balanza,139.0,-0.78,,70.55072520000067,2026-05-28T12:42:32.479,2026-05-28T12:58:02.479,-930,,
balanza,140.0,,Error desde Arduino: HX711 not found.,70.57388379999975,2026-05-28T12:42:32.503,2026-05-28T12:58:02.503,-930,,
multimetro,,,,70.74271349999981,2026-05-28T12:42:32.675,2026-05-28T12:58:02.675,-930,327.0,0.000582674
multimetro,,,,70.95792040000015,2026-05-28T12:42:32.886,2026-05-28T12:58:02.886,-930,328.0,0.0005826
multimetro,,,,71.17280070000015,2026-05-28T12:42:33.103,2026-05-28T12:58:03.103,-930,329.0,0.00058236
multimetro,,,,71.38780120000047,2026-05-28T12:42:33.320,2026-05-28T12:58:03.320,-930,330.0,0.000582203
balanza,141.0,-0.83,,71.5661011000011,2026-05-28T12:42:33.493,2026-05-28T12:58:03.493,-930,,
balanza,142.0,,Error desde Arduino: HX711 not found.,71.58991229999992,2026-05-28T12:42:33.521,2026-05-28T12:58:03.521,-930,,
multimetro,,,,71.60293559999991,2026-05-28T12:42:33.530,2026-05-28T12:58:03.530,-930,331.0,0.000582401
multimetro,,,,71.81786450000072,2026-05-28T12:42:33.743,2026-05-28T12:58:03.743,-930,332.0,0.000582412
multimetro,,,,72.03291850000096,2026-05-28T12:42:33.965,2026-05-28T12:58:03.965,-930,333.0,0.000582339
multimetro,,,,72.24795890000132,2026-05-28T12:42:34.176,2026-05-28T12:58:04.176,-930,334.0,0.000581899
multimetro,,,,72.46303160000025,2026-05-28T12:42:34.393,2026-05-28T12:58:04.393,-930,335.0,0.000582025
balanza,143.0,-0.87,,72.58154490000015,2026-05-28T12:42:34.510,2026-05-28T12:58:04.510,-930,,
balanza,144.0,,Error desde Arduino: HX711 not found.,72.60467140000037,2026-05-28T12:42:34.531,2026-05-28T12:58:04.531,-930,,
multimetro,,,,72.67818970000008,2026-05-28T12:42:34.610,2026-05-28T12:58:04.610,-930,336.0,0.000581941
multimetro,,,,72.89316940000026,2026-05-28T12:42:34.820,2026-05-28T12:58:04.820,-930,337.0,0.000582129
multimetro,,,,73.10867270000017,2026-05-28T12:42:35.040,2026-05-28T12:58:05.040,-930,338.0,0.000582129
multimetro,,,,73.32360970000082,2026-05-28T12:42:35.253,2026-05-28T12:58:05.253,-930,339.0,0.000582129
multimetro,,,,73.53845220000039,2026-05-28T12:42:35.470,2026-05-28T12:58:05.470,-930,340.0,0.000582098
balanza,145.0,-0.85,,73.59696230000009,2026-05-28T12:42:35.529,2026-05-28T12:58:05.529,-930,,
balanza,146.0,,Error desde Arduino: HX711 not found.,73.62017590000141,2026-05-28T12:42:35.543,2026-05-28T12:58:05.543,-930,,
multimetro,,,,73.75367480000023,2026-05-28T12:42:35.676,2026-05-28T12:58:05.676,-930,341.0,0.00058215
multimetro,,,,73.96860030000062,2026-05-28T12:42:35.895,2026-05-28T12:58:05.895,-930,342.0,0.000581941
multimetro,,,,74.18355160000101,2026-05-28T12:42:36.110,2026-05-28T12:58:06.110,-930,343.0,0.000581847
multimetro,,,,74.3985231000006,2026-05-28T12:42:36.326,2026-05-28T12:58:06.326,-930,344.0,0.000581983
balanza,147.0,-0.83,,74.61247320000075,2026-05-28T12:42:36.543,2026-05-28T12:58:06.543,-930,,
multimetro,,,,74.61351040000045,2026-05-28T12:42:36.543,2026-05-28T12:58:06.543,-930,345.0,0.000582098
balanza,148.0,,Error desde Arduino: HX711 not found.,74.63577919999989,2026-05-28T12:42:36.568,2026-05-28T12:58:06.568,-930,,
multimetro,,,,74.82841689999987,2026-05-28T12:42:36.761,2026-05-28T12:58:06.761,-930,346.0,0.000582014
multimetro,,,,75.04334870000093,2026-05-28T12:42:36.976,2026-05-28T12:58:06.976,-930,347.0,0.000582255
multimetro,,,,75.25831490000019,2026-05-28T12:42:37.186,2026-05-28T12:58:07.186,-930,348.0,0.000582286
multimetro,,,,75.47327020000012,2026-05-28T12:42:37.403,2026-05-28T12:58:07.403,-930,349.0,0.000581993
balanza,149.0,-0.9,,75.62797820000014,2026-05-28T12:42:37.559,2026-05-28T12:58:07.559,-930,,
balanza,150.0,,Error desde Arduino: HX711 not found.,75.65111520000028,2026-05-28T12:42:37.576,2026-05-28T12:58:07.576,-930,,
multimetro,,,,75.68797220000124,2026-05-28T12:42:37.619,2026-05-28T12:58:07.619,-930,350.0,0.000582045
multimetro,,,,75.90301060000093,2026-05-28T12:42:37.826,2026-05-28T12:58:07.826,-930,351.0,0.000582401
multimetro,,,,76.11813970000003,2026-05-28T12:42:38.050,2026-05-28T12:58:08.050,-930,352.0,0.000582569
multimetro,,,,76.33326780000061,2026-05-28T12:42:38.266,2026-05-28T12:58:08.266,-930,353.0,0.000582485
multimetro,,,,76.54851640000015,2026-05-28T12:42:38.476,2026-05-28T12:58:08.476,-930,354.0,0.000582569
balanza,151.0,-0.84,,76.64349089999996,2026-05-28T12:42:38.576,2026-05-28T12:58:08.576,-930,,
balanza,152.0,,Error desde Arduino: HX711 not found.,76.66672650000146,2026-05-28T12:42:38.593,2026-05-28T12:58:08.593,-930,,
multimetro,,,,76.76345650000076,2026-05-28T12:42:38.693,2026-05-28T12:58:08.693,-930,355.0,0.000582726
multimetro,,,,76.9784935000007,2026-05-28T12:42:38.910,2026-05-28T12:58:08.910,-930,356.0,0.000582538
multimetro,,,,77.19336980000116,2026-05-28T12:42:39.119,2026-05-28T12:58:09.119,-930,357.0,0.000582716
multimetro,,,,77.40826420000121,2026-05-28T12:42:39.336,2026-05-28T12:58:09.336,-930,358.0,0.000582517
multimetro,,,,77.62946329999977,2026-05-28T12:42:39.562,2026-05-28T12:58:09.562,-930,359.0,0.000582422
balanza,153.0,-0.87,,77.65894070000104,2026-05-28T12:42:39.586,2026-05-28T12:58:09.586,-930,,
balanza,154.0,,Error desde Arduino: HX711 not found.,77.68212160000076,2026-05-28T12:42:39.613,2026-05-28T12:58:09.613,-930,,
multimetro,,,,77.84414319999996,2026-05-28T12:42:39.776,2026-05-28T12:58:09.776,-930,360.0,0.00058237
multimetro,,,,78.05921529999978,2026-05-28T12:42:39.986,2026-05-28T12:58:09.986,-930,361.0,0.000582538
multimetro,,,,78.27415910000127,2026-05-28T12:42:40.202,2026-05-28T12:58:10.202,-930,362.0,0.000582517
multimetro,,,,78.48917299999994,2026-05-28T12:42:40.421,2026-05-28T12:58:10.421,-930,363.0,0.000582611
balanza,155.0,-0.92,,78.67439710000144,2026-05-28T12:42:40.603,2026-05-28T12:58:10.603,-930,,
balanza,156.0,,Error desde Arduino: HX711 not found.,78.69764310000028,2026-05-28T12:42:40.626,2026-05-28T12:58:10.626,-930,,
multimetro,,,,78.7044662999997,2026-05-28T12:42:40.636,2026-05-28T12:58:10.636,-930,364.0,0.000582632
multimetro,,,,78.91941039999983,2026-05-28T12:42:40.843,2026-05-28T12:58:10.843,-930,365.0,0.000582695
multimetro,,,,79.1345035000013,2026-05-28T12:42:41.067,2026-05-28T12:58:11.067,-930,366.0,0.00058259
multimetro,,,,79.34960830000091,2026-05-28T12:42:41.276,2026-05-28T12:58:11.276,-930,367.0,0.000582422
multimetro,,,,79.56462880000072,2026-05-28T12:42:41.493,2026-05-28T12:58:11.493,-930,368.0,0.000582736
balanza,157.0,-0.98,,79.68968599999971,2026-05-28T12:42:41.620,2026-05-28T12:58:11.620,-930,,
balanza,158.0,,Error desde Arduino: HX711 not found.,79.71286760000112,2026-05-28T12:42:41.643,2026-05-28T12:58:11.643,-930,,
multimetro,,,,79.77966510000078,2026-05-28T12:42:41.710,2026-05-28T12:58:11.710,-930,369.0,0.000582726
multimetro,,,,79.9947454000012,2026-05-28T12:42:41.926,2026-05-28T12:58:11.926,-930,370.0,0.000582579
multimetro,,,,80.2097287000015,2026-05-28T12:42:42.136,2026-05-28T12:58:12.136,-930,371.0,0.000582496
multimetro,,,,80.42472500000076,2026-05-28T12:42:42.353,2026-05-28T12:58:12.353,-930,372.0,0.000582789
multimetro,,,,80.63966530000107,2026-05-28T12:42:42.572,2026-05-28T12:58:12.572,-930,373.0,0.000582873
balanza,159.0,-0.94,,80.70498469999984,2026-05-28T12:42:42.636,2026-05-28T12:58:12.636,-930,,
balanza,160.0,,Error desde Arduino: HX711 not found.,80.72809060000145,2026-05-28T12:42:42.660,2026-05-28T12:58:12.660,-930,,
multimetro,,,,80.85443810000106,2026-05-28T12:42:42.786,2026-05-28T12:58:12.786,-930,374.0,0.000582517
multimetro,,,,81.0693525000006,2026-05-28T12:42:42.993,2026-05-28T12:58:12.993,-930,375.0,0.000582726
multimetro,,,,81.28449750000073,2026-05-28T12:42:43.210,2026-05-28T12:58:13.210,-930,376.0,0.000582852
multimetro,,,,81.49942960000044,2026-05-28T12:42:43.431,2026-05-28T12:58:13.431,-930,377.0,0.000582726
multimetro,,,,81.7144860999997,2026-05-28T12:42:43.643,2026-05-28T12:58:13.643,-930,378.0,0.000582852
balanza,161.0,-0.92,,81.72042950000105,2026-05-28T12:42:43.643,2026-05-28T12:58:13.643,-930,,
balanza,162.0,,Error desde Arduino: HX711 not found.,81.74339650000002,2026-05-28T12:42:43.676,2026-05-28T12:58:13.676,-930,,
multimetro,,,,81.92926380000063,2026-05-28T12:42:43.861,2026-05-28T12:58:13.861,-930,379.0,0.000582621
multimetro,,,,82.14418370000021,2026-05-28T12:42:44.076,2026-05-28T12:58:14.076,-930,380.0,0.000582548
multimetro,,,,82.3590963000006,2026-05-28T12:42:44.286,2026-05-28T12:58:14.286,-930,381.0,0.000582569
multimetro,,,,82.57409000000007,2026-05-28T12:42:44.502,2026-05-28T12:58:14.502,-930,382.0,0.000582716
balanza,163.0,-0.98,,82.73585900000035,2026-05-28T12:42:44.668,2026-05-28T12:58:14.668,-930,,
balanza,164.0,,Error desde Arduino: HX711 not found.,82.75898700000107,2026-05-28T12:42:44.686,2026-05-28T12:58:14.686,-930,,
multimetro,,,,82.789240600001,2026-05-28T12:42:44.720,2026-05-28T12:58:14.720,-930,383.0,0.000582642
multimetro,,,,83.00410630000079,2026-05-28T12:42:44.936,2026-05-28T12:58:14.936,-930,384.0,0.000582569
multimetro,,,,83.2191610000009,2026-05-28T12:42:45.143,2026-05-28T12:58:15.143,-930,385.0,0.000582558
multimetro,,,,83.4341174000001,2026-05-28T12:42:45.366,2026-05-28T12:58:15.366,-930,386.0,0.000582757
multimetro,,,,83.6491829000006,2026-05-28T12:42:45.576,2026-05-28T12:58:15.576,-930,387.0,0.000582569
balanza,165.0,-0.97,,83.75118960000145,2026-05-28T12:42:45.676,2026-05-28T12:58:15.676,-930,,
balanza,166.0,,Error desde Arduino: HX711 not found.,83.77427859999989,2026-05-28T12:42:45.703,2026-05-28T12:58:15.703,-930,,
multimetro,,,,83.86410960000103,2026-05-28T12:42:45.793,2026-05-28T12:58:15.793,-930,388.0,0.000582464
multimetro,,,,84.07925130000149,2026-05-28T12:42:46.010,2026-05-28T12:58:16.010,-930,389.0,0.000582391
multimetro,,,,84.29410160000043,2026-05-28T12:42:46.226,2026-05-28T12:58:16.226,-930,390.0,0.000582182
multimetro,,,,84.50908450000134,2026-05-28T12:42:46.436,2026-05-28T12:58:16.436,-930,391.0,0.000582182
multimetro,,,,84.72388820000015,2026-05-28T12:42:46.652,2026-05-28T12:58:16.652,-930,392.0,0.000582297
balanza,167.0,-1.01,,84.76666930000101,2026-05-28T12:42:46.693,2026-05-28T12:58:16.693,-930,,
balanza,168.0,-0.96,,84.77879310000026,2026-05-28T12:42:46.709,2026-05-28T12:58:16.709,-930,,
balanza,169.0,,Error desde Arduino: HX711 not found.,84.80187530000148,2026-05-28T12:42:46.726,2026-05-28T12:58:16.726,-930,,
multimetro,,,,84.93892530000085,2026-05-28T12:42:46.871,2026-05-28T12:58:16.871,-930,393.0,0.000582349
multimetro,,,,85.15394460000061,2026-05-28T12:42:47.086,2026-05-28T12:58:17.086,-930,394.0,0.000582328
multimetro,,,,85.36894089999987,2026-05-28T12:42:47.295,2026-05-28T12:58:17.295,-930,395.0,0.000582276
multimetro,,,,85.5839216000004,2026-05-28T12:42:47.510,2026-05-28T12:58:17.510,-930,396.0,0.000582119
balanza,170.0,-1.04,,85.79413879999993,2026-05-28T12:42:47.726,2026-05-28T12:58:17.726,-930,,
multimetro,,,,85.79888220000066,2026-05-28T12:42:47.726,2026-05-28T12:58:17.726,-930,397.0,0.000582004
balanza,171.0,,Error desde Arduino: HX711 not found.,85.81727430000137,2026-05-28T12:42:47.743,2026-05-28T12:58:17.743,-930,,
multimetro,,,,86.01375840000037,2026-05-28T12:42:47.943,2026-05-28T12:58:17.943,-930,398.0,0.000581941
multimetro,,,,86.2287938999998,2026-05-28T12:42:48.160,2026-05-28T12:58:18.160,-930,399.0,0.000581721
multimetro,,,,86.44369010000082,2026-05-28T12:42:48.376,2026-05-28T12:58:18.376,-930,400.0,0.000581805
multimetro,,,,86.65886020000107,2026-05-28T12:42:48.586,2026-05-28T12:58:18.586,-930,401.0,0.0005817
balanza,172.0,-0.95,,86.80958170000122,2026-05-28T12:42:48.736,2026-05-28T12:58:18.736,-930,,
balanza,173.0,,Error desde Arduino: HX711 not found.,86.83270249999987,2026-05-28T12:42:48.765,2026-05-28T12:58:18.765,-930,,
multimetro,,,,86.87382799999978,2026-05-28T12:42:48.802,2026-05-28T12:58:18.802,-930,402.0,0.000581679
multimetro,,,,87.0888601000006,2026-05-28T12:42:49.020,2026-05-28T12:58:19.020,-930,403.0,0.000581543
multimetro,,,,87.30393879999974,2026-05-28T12:42:49.236,2026-05-28T12:58:19.236,-930,404.0,0.00058147
multimetro,,,,87.51887510000051,2026-05-28T12:42:49.443,2026-05-28T12:58:19.443,-930,405.0,0.000581491
multimetro,,,,87.73399670000072,2026-05-28T12:42:49.666,2026-05-28T12:58:19.666,-930,406.0,0.000581585
balanza,174.0,-1.05,,87.82498560000022,2026-05-28T12:42:49.753,2026-05-28T12:58:19.753,-930,,
balanza,175.0,,Error desde Arduino: HX711 not found.,87.84807860000001,2026-05-28T12:42:49.776,2026-05-28T12:58:19.776,-930,,
multimetro,,,,87.94880809999995,2026-05-28T12:42:49.876,2026-05-28T12:58:19.876,-930,407.0,0.000581491
multimetro,,,,88.1638464000007,2026-05-28T12:42:50.093,2026-05-28T12:58:20.093,-930,408.0,0.000581323
multimetro,,,,88.3790153000009,2026-05-28T12:42:50.310,2026-05-28T12:58:20.310,-930,409.0,0.000581354
multimetro,,,,88.59399080000003,2026-05-28T12:42:50.526,2026-05-28T12:58:20.526,-930,410.0,0.00058125
multimetro,,,,88.80898960000013,2026-05-28T12:42:50.736,2026-05-28T12:58:20.736,-930,411.0,0.00058103
balanza,176.0,-1.06,,88.84044770000037,2026-05-28T12:42:50.772,2026-05-28T12:58:20.772,-930,,
balanza,177.0,,Error desde Arduino: HX711 not found.,88.86354850000134,2026-05-28T12:42:50.793,2026-05-28T12:58:20.793,-930,,
multimetro,,,,89.02394100000129,2026-05-28T12:42:50.953,2026-05-28T12:58:20.953,-930,412.0,0.000580925
multimetro,,,,89.2386918000011,2026-05-28T12:42:51.170,2026-05-28T12:58:21.170,-930,413.0,0.000581051
multimetro,,,,89.45372680000037,2026-05-28T12:42:51.386,2026-05-28T12:58:21.386,-930,414.0,0.000580967
multimetro,,,,89.66857270000037,2026-05-28T12:42:51.593,2026-05-28T12:58:21.593,-930,415.0,0.000580862
balanza,178.0,-1.03,,89.8559507000009,2026-05-28T12:42:51.786,2026-05-28T12:58:21.786,-930,,
balanza,179.0,,Error desde Arduino: HX711 not found.,89.87905649999993,2026-05-28T12:42:51.810,2026-05-28T12:58:21.810,-930,,
multimetro,,,,89.88347700000122,2026-05-28T12:42:51.810,2026-05-28T12:58:21.810,-930,416.0,0.000581135
multimetro,,,,90.09840740000072,2026-05-28T12:42:52.030,2026-05-28T12:58:22.030,-930,417.0,0.000581166
multimetro,,,,90.31336580000061,2026-05-28T12:42:52.243,2026-05-28T12:58:22.243,-930,418.0,0.000580967
multimetro,,,,90.52851200000077,2026-05-28T12:42:52.461,2026-05-28T12:58:22.461,-930,419.0,0.000580915
multimetro,,,,90.74347390000003,2026-05-28T12:42:52.676,2026-05-28T12:58:22.676,-930,420.0,0.000580705
balanza,180.0,-1.04,,90.87134979999973,2026-05-28T12:42:52.803,2026-05-28T12:58:22.803,-930,,
balanza,181.0,,Error desde Arduino: HX711 not found.,90.89439950000087,2026-05-28T12:42:52.826,2026-05-28T12:58:22.826,-930,,
multimetro,,,,90.95844100000068,2026-05-28T12:42:52.886,2026-05-28T12:58:22.886,-930,421.0,0.000580402
multimetro,,,,91.17341480000141,2026-05-28T12:42:53.103,2026-05-28T12:58:23.103,-930,422.0,0.00058059
multimetro,,,,91.38822190000064,2026-05-28T12:42:53.319,2026-05-28T12:58:23.319,-930,423.0,0.000580622
multimetro,,,,91.63082910000048,2026-05-28T12:42:53.563,2026-05-28T12:58:23.563,-930,424.0,0.00058058
multimetro,,,,91.84567680000146,2026-05-28T12:42:53.776,2026-05-28T12:58:23.776,-930,425.0,0.000580517
balanza,182.0,-1.11,,91.8868137999998,2026-05-28T12:42:53.809,2026-05-28T12:58:23.809,-930,,
balanza,183.0,,Error desde Arduino: HX711 not found.,91.90993150000031,2026-05-28T12:42:53.836,2026-05-28T12:58:23.836,-930,,
multimetro,,,,92.06052520000048,2026-05-28T12:42:53.992,2026-05-28T12:58:23.992,-930,426.0,0.000580423
multimetro,,,,92.2756086999998,2026-05-28T12:42:54.204,2026-05-28T12:58:24.204,-930,427.0,0.000580454
multimetro,,,,92.49042830000144,2026-05-28T12:42:54.420,2026-05-28T12:58:24.420,-930,428.0,0.000580349
multimetro,,,,92.70548659999986,2026-05-28T12:42:54.636,2026-05-28T12:58:24.636,-930,429.0,0.000580622
balanza,184.0,-1.07,,92.90228170000046,2026-05-28T12:42:54.826,2026-05-28T12:58:24.826,-930,,
multimetro,,,,92.92063760000019,2026-05-28T12:42:54.853,2026-05-28T12:58:24.853,-930,430.0,0.000580559
balanza,185.0,,Error desde Arduino: HX711 not found.,92.92548390000047,2026-05-28T12:42:54.853,2026-05-28T12:58:24.853,-930,,
multimetro,,,,93.1354511999998,2026-05-28T12:42:55.067,2026-05-28T12:58:25.067,-930,431.0,0.000580423
multimetro,,,,93.35041120000096,2026-05-28T12:42:55.276,2026-05-28T12:58:25.276,-930,432.0,0.000580548
multimetro,,,,93.56522469999982,2026-05-28T12:42:55.493,2026-05-28T12:58:25.493,-930,433.0,0.000580663
multimetro,,,,93.78029609999976,2026-05-28T12:42:55.709,2026-05-28T12:58:25.709,-930,434.0,0.000580653
balanza,186.0,-1.08,,93.9177004000012,2026-05-28T12:42:55.843,2026-05-28T12:58:25.843,-930,,
balanza,187.0,,Error desde Arduino: HX711 not found.,93.94078170000103,2026-05-28T12:42:55.873,2026-05-28T12:58:25.873,-930,,
multimetro,,,,93.99541450000106,2026-05-28T12:42:55.926,2026-05-28T12:58:25.926,-930,435.0,0.000580789
multimetro,,,,94.21037120000074,2026-05-28T12:42:56.142,2026-05-28T12:58:26.142,-930,436.0,0.000580548
multimetro,,,,94.42535719999978,2026-05-28T12:42:56.353,2026-05-28T12:58:26.353,-930,437.0,0.000580506
multimetro,,,,94.64054310000029,2026-05-28T12:42:56.572,2026-05-28T12:58:26.572,-930,438.0,0.000580622
multimetro,,,,94.85540800000126,2026-05-28T12:42:56.786,2026-05-28T12:58:26.786,-930,439.0,0.000580705
balanza,188.0,-1.1,,94.93316180000147,2026-05-28T12:42:56.865,2026-05-28T12:58:26.865,-930,,
balanza,189.0,,Error desde Arduino: HX711 not found.,94.95630580000034,2026-05-28T12:42:56.886,2026-05-28T12:58:26.886,-930,,
multimetro,,,,95.07052339999973,2026-05-28T12:42:56.995,2026-05-28T12:58:26.995,-930,440.0,0.00058081
multimetro,,,,95.28549440000097,2026-05-28T12:42:57.209,2026-05-28T12:58:27.209,-930,441.0,0.000580643
multimetro,,,,95.5004955000004,2026-05-28T12:42:57.426,2026-05-28T12:58:27.426,-930,442.0,0.000580737
multimetro,,,,95.71557380000013,2026-05-28T12:42:57.643,2026-05-28T12:58:27.643,-930,443.0,0.000580663
multimetro,,,,95.9306159000007,2026-05-28T12:42:57.863,2026-05-28T12:58:27.863,-930,444.0,0.000580758
balanza,190.0,-1.11,,95.9485480000003,2026-05-28T12:42:57.876,2026-05-28T12:58:27.876,-930,,
balanza,191.0,,Error desde Arduino: HX711 not found.,95.9716540999998,2026-05-28T12:42:57.900,2026-05-28T12:58:27.900,-930,,
multimetro,,,,96.14568470000086,2026-05-28T12:42:58.076,2026-05-28T12:58:28.076,-930,445.0,0.000580726
multimetro,,,,96.36084540000047,2026-05-28T12:42:58.293,2026-05-28T12:58:28.293,-930,446.0,0.000580915
multimetro,,,,96.5758233000015,2026-05-28T12:42:58.503,2026-05-28T12:58:28.503,-930,447.0,0.000580957
multimetro,,,,96.79077000000143,2026-05-28T12:42:58.720,2026-05-28T12:58:28.720,-930,448.0,0.000580873
balanza,192.0,-1.17,,96.96408590000101,2026-05-28T12:42:58.893,2026-05-28T12:58:28.893,-930,,
balanza,193.0,,Error desde Arduino: HX711 not found.,96.9873733000004,2026-05-28T12:42:58.919,2026-05-28T12:58:28.919,-930,,
multimetro,,,,97.00563110000076,2026-05-28T12:42:58.936,2026-05-28T12:58:28.936,-930,449.0,0.00058081
multimetro,,,,97.22083240000029,2026-05-28T12:42:59.153,2026-05-28T12:58:29.153,-930,450.0,0.000580957
multimetro,,,,97.43592780000108,2026-05-28T12:42:59.368,2026-05-28T12:58:29.368,-930,451.0,0.000581124
multimetro,,,,97.65086500000143,2026-05-28T12:42:59.576,2026-05-28T12:58:29.576,-930,452.0,0.00058125
multimetro,,,,97.86595280000074,2026-05-28T12:42:59.793,2026-05-28T12:58:29.793,-930,453.0,0.000580957
balanza,194.0,-1.17,,97.97959059999994,2026-05-28T12:42:59.910,2026-05-28T12:58:29.910,-930,,
balanza,195.0,,Error desde Arduino: HX711 not found.,98.00277430000097,2026-05-28T12:42:59.926,2026-05-28T12:58:29.926,-930,,
multimetro,,,,98.08100350000132,2026-05-28T12:43:00.012,2026-05-28T12:58:30.012,-930,454.0,0.000581093
multimetro,,,,98.29604740000104,2026-05-28T12:43:00.226,2026-05-28T12:58:30.226,-930,455.0,0.00058103
multimetro,,,,98.51090640000075,2026-05-28T12:43:00.443,2026-05-28T12:58:30.443,-930,456.0,0.0005808
multimetro,,,,98.72591040000043,2026-05-28T12:43:00.652,2026-05-28T12:58:30.652,-930,457.0,0.000580789
multimetro,,,,98.94085140000061,2026-05-28T12:43:00.873,2026-05-28T12:58:30.873,-930,458.0,0.00058081
balanza,196.0,-1.16,,98.9949099000005,2026-05-28T12:43:00.926,2026-05-28T12:58:30.926,-930,,
balanza,197.0,,Error desde Arduino: HX711 not found.,99.01803550000113,2026-05-28T12:43:00.943,2026-05-28T12:58:30.943,-930,,
multimetro,,,,99.15606140000091,2026-05-28T12:43:01.088,2026-05-28T12:58:31.088,-930,459.0,0.000580789
multimetro,,,,99.37109740000051,2026-05-28T12:43:01.303,2026-05-28T12:58:31.303,-930,460.0,0.000580831
multimetro,,,,99.58629220000148,2026-05-28T12:43:01.518,2026-05-28T12:58:31.518,-930,461.0,0.000580821
multimetro,,,,99.8012834000001,2026-05-28T12:43:01.726,2026-05-28T12:58:31.726,-930,462.0,0.000580758
balanza,198.0,-1.17,,100.01032440000017,2026-05-28T12:43:01.942,2026-05-28T12:58:31.942,-930,,
multimetro,,,,100.01638710000043,2026-05-28T12:43:01.943,2026-05-28T12:58:31.943,-930,463.0,0.000580726
balanza,199.0,,Error desde Arduino: HX711 not found.,100.03346050000073,2026-05-28T12:43:01.965,2026-05-28T12:58:31.965,-930,,
multimetro,,,,100.23146799999995,2026-05-28T12:43:02.164,2026-05-28T12:58:32.164,-930,464.0,0.000580758
multimetro,,,,100.44648880000022,2026-05-28T12:43:02.376,2026-05-28T12:58:32.376,-930,465.0,0.000580883
multimetro,,,,100.66150259999995,2026-05-28T12:43:02.593,2026-05-28T12:58:32.593,-930,466.0,0.000580894
multimetro,,,,100.87664399999994,2026-05-28T12:43:02.803,2026-05-28T12:58:32.803,-930,467.0,0.000580925
balanza,200.0,-1.18,,101.02577980000024,2026-05-28T12:43:02.953,2026-05-28T12:58:32.953,-930,,
balanza,201.0,,Error desde Arduino: HX711 not found.,101.04899830000068,2026-05-28T12:43:02.976,2026-05-28T12:58:32.976,-930,,
multimetro,,,,101.09170319999976,2026-05-28T12:43:03.020,2026-05-28T12:58:33.020,-930,468.0,0.000581166
multimetro,,,,101.30665030000091,2026-05-28T12:43:03.236,2026-05-28T12:58:33.236,-930,469.0,0.00058147
multimetro,,,,101.52162730000055,2026-05-28T12:43:03.452,2026-05-28T12:58:33.452,-930,470.0,0.000581491
multimetro,,,,101.73656480000136,2026-05-28T12:43:03.668,2026-05-28T12:58:33.668,-930,471.0,0.000581826
multimetro,,,,101.95164149999982,2026-05-28T12:43:03.876,2026-05-28T12:58:33.876,-930,472.0,0.000582004
balanza,202.0,-1.16,,102.0412225,2026-05-28T12:43:03.973,2026-05-28T12:58:33.973,-930,,
balanza,203.0,,Error desde Arduino: HX711 not found.,102.0644484000004,2026-05-28T12:43:03.993,2026-05-28T12:58:33.993,-930,,
multimetro,,,,102.16669840000031,2026-05-28T12:43:04.093,2026-05-28T12:58:34.093,-930,473.0,0.000582223
multimetro,,,,102.38182159999997,2026-05-28T12:43:04.309,2026-05-28T12:58:34.309,-930,474.0,0.000582339
multimetro,,,,102.59685140000147,2026-05-28T12:43:04.529,2026-05-28T12:58:34.529,-930,475.0,0.000582255
multimetro,,,,102.81204750000143,2026-05-28T12:43:04.743,2026-05-28T12:58:34.743,-930,476.0,0.000582339
multimetro,,,,103.02714209999976,2026-05-28T12:43:04.959,2026-05-28T12:58:34.959,-930,477.0,0.000582454
balanza,204.0,-1.2,,103.05664620000061,2026-05-28T12:43:04.986,2026-05-28T12:58:34.986,-930,,
balanza,205.0,,Error desde Arduino: HX711 not found.,103.07997560000149,2026-05-28T12:43:05.009,2026-05-28T12:58:35.009,-930,,
multimetro,,,,103.24252450000131,2026-05-28T12:43:05.174,2026-05-28T12:58:35.174,-930,478.0,0.000582548
multimetro,,,,103.4575859000015,2026-05-28T12:43:05.386,2026-05-28T12:58:35.386,-930,479.0,0.000582517
multimetro,,,,103.67269590000069,2026-05-28T12:43:05.603,2026-05-28T12:58:35.603,-930,480.0,0.000582506
multimetro,,,,103.8876908000002,2026-05-28T12:43:05.819,2026-05-28T12:58:35.819,-930,481.0,0.000582548
balanza,206.0,-1.24,,104.07207639999979,2026-05-28T12:43:06.003,2026-05-28T12:58:36.003,-930,,
balanza,207.0,-1.26,,104.08414600000106,2026-05-28T12:43:06.009,2026-05-28T12:58:36.009,-930,,
multimetro,,,,104.10271900000043,2026-05-28T12:43:06.030,2026-05-28T12:58:36.030,-930,482.0,0.000582789
balanza,208.0,,Error desde Arduino: HX711 not found.,104.10717540000041,2026-05-28T12:43:06.030,2026-05-28T12:58:36.030,-930,,
multimetro,,,,104.31781220000084,2026-05-28T12:43:06.243,2026-05-28T12:58:36.243,-930,483.0,0.000582799
multimetro,,,,104.53261680000105,2026-05-28T12:43:06.464,2026-05-28T12:58:36.464,-930,484.0,0.000582956
multimetro,,,,104.74765939999997,2026-05-28T12:43:06.676,2026-05-28T12:58:36.676,-930,485.0,0.000582883
multimetro,,,,104.96247940000103,2026-05-28T12:43:06.894,2026-05-28T12:58:36.894,-930,486.0,0.000583145
balanza,209.0,-1.19,,105.09958370000095,2026-05-28T12:43:07.030,2026-05-28T12:58:37.030,-930,,
balanza,210.0,,Error desde Arduino: HX711 not found.,105.12272520000079,2026-05-28T12:43:07.053,2026-05-28T12:58:37.053,-930,,
multimetro,,,,105.17735470000116,2026-05-28T12:43:07.110,2026-05-28T12:58:37.110,-930,487.0,0.000583302
multimetro,,,,105.39239500000076,2026-05-28T12:43:07.320,2026-05-28T12:58:37.320,-930,488.0,0.000583323
multimetro,,,,105.64211520000026,2026-05-28T12:43:07.574,2026-05-28T12:58:37.574,-930,489.0,0.000583208
multimetro,,,,105.85788160000084,2026-05-28T12:43:07.786,2026-05-28T12:58:37.786,-930,490.0,0.000583019
multimetro,,,,106.07278920000135,2026-05-28T12:43:08.003,2026-05-28T12:58:38.003,-930,491.0,0.000583051
balanza,211.0,-1.25,,106.11496390000138,2026-05-28T12:43:08.043,2026-05-28T12:58:38.043,-930,,
balanza,212.0,,Error desde Arduino: HX711 not found.,106.13802730000134,2026-05-28T12:43:08.070,2026-05-28T12:58:38.070,-930,,
multimetro,,,,106.2878023000012,2026-05-28T12:43:08.220,2026-05-28T12:58:38.220,-930,492.0,0.00058304
multimetro,,,,106.50288060000094,2026-05-28T12:43:08.433,2026-05-28T12:58:38.433,-930,493.0,0.000583208
multimetro,,,,106.71780430000035,2026-05-28T12:43:08.643,2026-05-28T12:58:38.643,-930,494.0,0.000583407
multimetro,,,,106.93278900000041,2026-05-28T12:43:08.864,2026-05-28T12:58:38.864,-930,495.0,0.000583605
balanza,213.0,-1.31,,107.13042910000149,2026-05-28T12:43:09.063,2026-05-28T12:58:39.063,-930,,
multimetro,,,,107.14769720000004,2026-05-28T12:43:09.076,2026-05-28T12:58:39.076,-930,496.0,0.000583647
balanza,214.0,,Error desde Arduino: HX711 not found.,107.15361330000087,2026-05-28T12:43:09.086,2026-05-28T12:58:39.086,-930,,
multimetro,,,,107.36275449999994,2026-05-28T12:43:09.293,2026-05-28T12:58:39.293,-930,497.0,0.000583804
multimetro,,,,107.57780410000123,2026-05-28T12:43:09.509,2026-05-28T12:58:39.509,-930,498.0,0.000584045
multimetro,,,,107.79294400000072,2026-05-28T12:43:09.719,2026-05-28T12:58:39.719,-930,499.0,0.000584098
multimetro,,,,108.00819610000144,2026-05-28T12:43:09.936,2026-05-28T12:58:39.936,-930,500.0,0.000584359
balanza,215.0,-1.27,,108.1458633000002,2026-05-28T12:43:10.078,2026-05-28T12:58:40.078,-930,,
balanza,216.0,,Error desde Arduino: HX711 not found.,108.16916250000031,2026-05-28T12:43:10.093,2026-05-28T12:58:40.093,-930,,
multimetro,,,,108.2231982000012,2026-05-28T12:43:10.153,2026-05-28T12:58:40.153,-930,501.0,0.000584213
multimetro,,,,108.43826020000051,2026-05-28T12:43:10.370,2026-05-28T12:58:40.370,-930,502.0,0.00058416
multimetro,,,,108.65327170000091,2026-05-28T12:43:10.576,2026-05-28T12:58:40.576,-930,503.0,0.000584087
multimetro,,,,108.86834989999988,2026-05-28T12:43:10.793,2026-05-28T12:58:40.793,-930,504.0,0.00058416
multimetro,,,,109.08330100000057,2026-05-28T12:43:11.010,2026-05-28T12:58:41.010,-930,505.0,0.000584181
balanza,217.0,-1.29,,109.16133850000006,2026-05-28T12:43:11.093,2026-05-28T12:58:41.093,-930,,
balanza,218.0,,Error desde Arduino: HX711 not found.,109.18453910000062,2026-05-28T12:43:11.109,2026-05-28T12:58:41.109,-930,,
multimetro,,,,109.29838990000098,2026-05-28T12:43:11.226,2026-05-28T12:58:41.226,-930,506.0,0.000584129
multimetro,,,,109.51313630000004,2026-05-28T12:43:11.443,2026-05-28T12:58:41.443,-930,507.0,0.000584118
multimetro,,,,109.72812780000095,2026-05-28T12:43:11.660,2026-05-28T12:58:41.660,-930,508.0,0.000584192
multimetro,,,,109.94308170000113,2026-05-28T12:43:11.875,2026-05-28T12:58:41.875,-930,509.0,0.000584077
multimetro,,,,110.15818899999977,2026-05-28T12:43:12.086,2026-05-28T12:58:42.086,-930,510.0,0.000584192
balanza,219.0,-1.27,,110.17679970000063,2026-05-28T12:43:12.109,2026-05-28T12:58:42.109,-930,,
balanza,220.0,,Error desde Arduino: HX711 not found.,110.19984520000071,2026-05-28T12:43:12.126,2026-05-28T12:58:42.126,-930,,
multimetro,,,,110.37302490000002,2026-05-28T12:43:12.302,2026-05-28T12:58:42.302,-930,511.0,0.000584202
multimetro,,,,110.58798460000071,2026-05-28T12:43:12.519,2026-05-28T12:58:42.519,-930,512.0,0.000584349
multimetro,,,,110.80316400000083,2026-05-28T12:43:12.728,2026-05-28T12:58:42.728,-930,513.0,0.000584296
multimetro,,,,111.01828900000146,2026-05-28T12:43:12.943,2026-05-28T12:58:42.943,-930,514.0,0.00058438
balanza,221.0,-1.29,,111.1923153000007,2026-05-28T12:43:13.119,2026-05-28T12:58:43.119,-930,,
balanza,222.0,,Error desde Arduino: HX711 not found.,111.21539130000019,2026-05-28T12:43:13.143,2026-05-28T12:58:43.143,-930,,
multimetro,,,,111.23338549999971,2026-05-28T12:43:13.166,2026-05-28T12:58:43.166,-930,515.0,0.000584433
multimetro,,,,111.44855559999996,2026-05-28T12:43:13.376,2026-05-28T12:58:43.376,-930,516.0,0.000584265
multimetro,,,,111.6634320000012,2026-05-28T12:43:13.593,2026-05-28T12:58:43.593,-930,517.0,0.000584202
multimetro,,,,111.87854250000055,2026-05-28T12:43:13.809,2026-05-28T12:58:43.809,-930,518.0,0.000584213
multimetro,,,,112.09349640000073,2026-05-28T12:43:14.026,2026-05-28T12:58:44.026,-930,519.0,0.000584129
balanza,223.0,-1.37,,112.20774130000063,2026-05-28T12:43:14.136,2026-05-28T12:58:44.136,-930,,
balanza,224.0,,Error desde Arduino: HX711 not found.,112.23080389999996,2026-05-28T12:43:14.163,2026-05-28T12:58:44.163,-930,,
multimetro,,,,112.30855590000101,2026-05-28T12:43:14.236,2026-05-28T12:58:44.236,-930,520.0,0.000584181
multimetro,,,,112.52350800000022,2026-05-28T12:43:14.453,2026-05-28T12:58:44.453,-930,521.0,0.000584118
multimetro,,,,112.73832370000127,2026-05-28T12:43:14.671,2026-05-28T12:58:44.671,-930,522.0,0.000584066
multimetro,,,,112.95328890000019,2026-05-28T12:43:14.879,2026-05-28T12:58:44.879,-930,523.0,0.000584171
multimetro,,,,113.16811880000023,2026-05-28T12:43:15.093,2026-05-28T12:58:45.093,-930,524.0,0.000584286
balanza,225.0,-1.33,,113.22318199999972,2026-05-28T12:43:15.153,2026-05-28T12:58:45.153,-930,,
balanza,226.0,,Error desde Arduino: HX711 not found.,113.24642950000089,2026-05-28T12:43:15.176,2026-05-28T12:58:45.176,-930,,
multimetro,,,,113.38320120000026,2026-05-28T12:43:15.309,2026-05-28T12:58:45.309,-930,525.0,0.000584485
multimetro,,,,113.59831699999995,2026-05-28T12:43:15.530,2026-05-28T12:58:45.530,-930,526.0,0.000584558
multimetro,,,,113.81331900000077,2026-05-28T12:43:15.743,2026-05-28T12:58:45.743,-930,527.0,0.000584673
multimetro,,,,114.02830220000033,2026-05-28T12:43:15.961,2026-05-28T12:58:45.961,-930,528.0,0.000584422
balanza,227.0,-1.35,,114.23867500000051,2026-05-28T12:43:16.170,2026-05-28T12:58:46.170,-930,,
multimetro,,,,114.24334610000005,2026-05-28T12:43:16.176,2026-05-28T12:58:46.176,-930,529.0,0.000584464
balanza,228.0,,Error desde Arduino: HX711 not found.,114.2617425999997,2026-05-28T12:43:16.193,2026-05-28T12:58:46.193,-930,,
multimetro,,,,114.45828059999985,2026-05-28T12:43:16.386,2026-05-28T12:58:46.386,-930,530.0,0.000584286
multimetro,,,,114.6733503000014,2026-05-28T12:43:16.602,2026-05-28T12:58:46.602,-930,531.0,0.000584391
multimetro,,,,114.88820160000068,2026-05-28T12:43:16.819,2026-05-28T12:58:46.819,-930,532.0,0.000584328
multimetro,,,,115.10327570000118,2026-05-28T12:43:17.030,2026-05-28T12:58:47.030,-930,533.0,0.000584422
balanza,229.0,-1.37,,115.25418420000096,2026-05-28T12:43:17.186,2026-05-28T12:58:47.186,-930,,
balanza,230.0,,Error desde Arduino: HX711 not found.,115.27725989999999,2026-05-28T12:43:17.209,2026-05-28T12:58:47.209,-930,,
multimetro,,,,115.3180924999997,2026-05-28T12:43:17.243,2026-05-28T12:58:47.243,-930,534.0,0.000584474
multimetro,,,,115.53294520000054,2026-05-28T12:43:17.465,2026-05-28T12:58:47.465,-930,535.0,0.000584422
multimetro,,,,115.74780180000016,2026-05-28T12:43:17.676,2026-05-28T12:58:47.676,-930,536.0,0.00058415
multimetro,,,,115.96284259999993,2026-05-28T12:43:17.893,2026-05-28T12:58:47.893,-930,537.0,0.000584066
multimetro,,,,116.17754750000131,2026-05-28T12:43:18.109,2026-05-28T12:58:48.109,-930,538.0,0.000584234
balanza,231.0,-1.4,,116.26965670000027,2026-05-28T12:43:18.202,2026-05-28T12:58:48.202,-930,,
balanza,232.0,,Error desde Arduino: HX711 not found.,116.29285530000016,2026-05-28T12:43:18.219,2026-05-28T12:58:48.219,-930,,
multimetro,,,,116.3927719000003,2026-05-28T12:43:18.319,2026-05-28T12:58:48.319,-930,539.0,0.00058415
multimetro,,,,116.60768250000001,2026-05-28T12:43:18.540,2026-05-28T12:58:48.540,-930,540.0,0.000584265
multimetro,,,,116.82268310000109,2026-05-28T12:43:18.753,2026-05-28T12:58:48.753,-930,541.0,0.000584108
multimetro,,,,117.03741880000052,2026-05-28T12:43:18.969,2026-05-28T12:58:48.969,-930,542.0,0.000584066
multimetro,,,,117.2523168000007,2026-05-28T12:43:19.176,2026-05-28T12:58:49.176,-930,543.0,0.000584192
balanza,233.0,-1.4,,117.28508950000105,2026-05-28T12:43:19.209,2026-05-28T12:58:49.209,-930,,
balanza,234.0,,Error desde Arduino: HX711 not found.,117.30824920000123,2026-05-28T12:43:19.236,2026-05-28T12:58:49.236,-930,,
multimetro,,,,117.46713559999989,2026-05-28T12:43:19.393,2026-05-28T12:58:49.393,-930,544.0,0.000584014
multimetro,,,,117.68198140000095,2026-05-28T12:43:19.609,2026-05-28T12:58:49.609,-930,545.0,0.000584244
multimetro,,,,117.89675480000005,2026-05-28T12:43:19.826,2026-05-28T12:58:49.826,-930,546.0,0.000584244
multimetro,,,,118.11195850000149,2026-05-28T12:43:20.043,2026-05-28T12:58:50.043,-930,547.0,0.000584276
balanza,235.0,-1.35,,118.30048690000149,2026-05-28T12:43:20.226,2026-05-28T12:58:50.226,-930,,
balanza,236.0,,Error desde Arduino: HX711 not found.,118.32361889999993,2026-05-28T12:43:20.253,2026-05-28T12:58:50.253,-930,,
multimetro,,,,118.32689850000133,2026-05-28T12:43:20.259,2026-05-28T12:58:50.259,-930,548.0,0.000584338
multimetro,,,,118.54186389999995,2026-05-28T12:43:20.473,2026-05-28T12:58:50.473,-930,549.0,0.000584307
multimetro,,,,118.75691110000116,2026-05-28T12:43:20.688,2026-05-28T12:58:50.688,-930,550.0,0.000584171
multimetro,,,,118.97201010000026,2026-05-28T12:43:20.903,2026-05-28T12:58:50.903,-930,551.0,0.000584213
multimetro,,,,119.18689810000069,2026-05-28T12:43:21.109,2026-05-28T12:58:51.109,-930,552.0,0.000584223
balanza,237.0,-1.39,,119.31593369999973,2026-05-28T12:43:21.243,2026-05-28T12:58:51.243,-930,,
balanza,238.0,,Error desde Arduino: HX711 not found.,119.33907200000067,2026-05-28T12:43:21.271,2026-05-28T12:58:51.271,-930,,
multimetro,,,,119.40184730000146,2026-05-28T12:43:21.326,2026-05-28T12:58:51.326,-930,553.0,0.000584213
multimetro,,,,119.61678110000139,2026-05-28T12:43:21.543,2026-05-28T12:58:51.543,-930,554.0,0.000584223
multimetro,,,,119.83160800000041,2026-05-28T12:43:21.764,2026-05-28T12:58:51.764,-930,555.0,0.000584422
multimetro,,,,120.04663040000014,2026-05-28T12:43:21.976,2026-05-28T12:58:51.976,-930,556.0,0.000584296
multimetro,,,,120.26155810000091,2026-05-28T12:43:22.193,2026-05-28T12:58:52.193,-930,557.0,0.000584213
balanza,239.0,-1.36,,120.33135850000144,2026-05-28T12:43:22.263,2026-05-28T12:58:52.263,-930,,
balanza,240.0,-1.41,,120.3434384000011,2026-05-28T12:43:22.276,2026-05-28T12:58:52.276,-930,,
multimetro,,,,120.47653590000118,2026-05-28T12:43:22.402,2026-05-28T12:58:52.402,-930,558.0,0.000584338
balanza,241.0,-1.43,,120.51243369999975,2026-05-28T12:43:22.443,2026-05-28T12:58:52.443,-930,,
multimetro,,,,120.69135600000118,2026-05-28T12:43:22.619,2026-05-28T12:58:52.619,-930,559.0,0.000584464
multimetro,,,,120.90630360000068,2026-05-28T12:43:22.837,2026-05-28T12:58:52.837,-930,560.0,0.000584422
balanza,242.0,-1.41,,121.01243440000144,2026-05-28T12:43:22.943,2026-05-28T12:58:52.943,-930,,
multimetro,,,,121.12114480000128,2026-05-28T12:43:23.052,2026-05-28T12:58:53.052,-930,561.0,0.000584391
multimetro,,,,121.33620940000037,2026-05-28T12:43:23.268,2026-05-28T12:58:53.268,-930,562.0,0.000584454
balanza,243.0,-1.42,,121.51245650000055,2026-05-28T12:43:23.443,2026-05-28T12:58:53.443,-930,,
multimetro,,,,121.55132070000036,2026-05-28T12:43:23.476,2026-05-28T12:58:53.476,-930,563.0,0.000584307
multimetro,,,,121.76639430000068,2026-05-28T12:43:23.693,2026-05-28T12:58:53.693,-930,564.0,0.000584286
multimetro,,,,121.98147750000135,2026-05-28T12:43:23.909,2026-05-28T12:58:53.909,-930,565.0,0.000584244
balanza,244.0,-1.42,,122.0124506000011,2026-05-28T12:43:23.943,2026-05-28T12:58:53.943,-930,,
multimetro,,,,122.1967181,2026-05-28T12:43:24.126,2026-05-28T12:58:54.126,-930,566.0,0.000584118
multimetro,,,,122.41175720000138,2026-05-28T12:43:24.343,2026-05-28T12:58:54.343,-930,567.0,0.000584077
balanza,245.0,-1.42,,122.5125093000006,2026-05-28T12:43:24.443,2026-05-28T12:58:54.443,-930,,
multimetro,,,,122.6268471000003,2026-05-28T12:43:24.559,2026-05-28T12:58:54.559,-930,568.0,0.000584003
multimetro,,,,122.84191650000139,2026-05-28T12:43:24.774,2026-05-28T12:58:54.774,-930,569.0,0.000584118
balanza,246.0,-1.41,,123.01279419999992,2026-05-28T12:43:24.943,2026-05-28T12:58:54.943,-930,,
multimetro,,,,123.05703610000091,2026-05-28T12:43:24.986,2026-05-28T12:58:54.986,-930,570.0,0.000584035
multimetro,,,,123.27216960000078,2026-05-28T12:43:25.203,2026-05-28T12:58:55.203,-930,571.0,0.000584255
multimetro,,,,123.48719789999996,2026-05-28T12:43:25.419,2026-05-28T12:58:55.419,-930,572.0,0.000584265
balanza,247.0,-1.43,,123.51243109999996,2026-05-28T12:43:25.443,2026-05-28T12:58:55.443,-930,,
multimetro,,,,123.70216230000005,2026-05-28T12:43:25.631,2026-05-28T12:58:55.631,-930,573.0,0.000584213
multimetro,,,,123.91711120000036,2026-05-28T12:43:25.843,2026-05-28T12:58:55.843,-930,574.0,0.000584129
balanza,248.0,-1.46,,124.01255769999989,2026-05-28T12:43:25.943,2026-05-28T12:58:55.943,-930,,
multimetro,,,,124.1321996000006,2026-05-28T12:43:26.064,2026-05-28T12:58:56.064,-930,575.0,0.000583899
multimetro,,,,124.34712690000015,2026-05-28T12:43:26.276,2026-05-28T12:58:56.276,-930,576.0,0.000583637
balanza,249.0,-1.5,,124.51241889999983,2026-05-28T12:43:26.443,2026-05-28T12:58:56.443,-930,,
multimetro,,,,124.56227580000086,2026-05-28T12:43:26.493,2026-05-28T12:58:56.493,-930,577.0,0.000583783
multimetro,,,,124.77714650000053,2026-05-28T12:43:26.709,2026-05-28T12:58:56.709,-930,578.0,0.000583846
multimetro,,,,124.99245359999986,2026-05-28T12:43:26.920,2026-05-28T12:58:56.920,-930,579.0,0.000583626
balanza,250.0,-1.46,,125.01253420000103,2026-05-28T12:43:26.943,2026-05-28T12:58:56.943,-930,,
multimetro,,,,125.20739070000127,2026-05-28T12:43:27.138,2026-05-28T12:58:57.138,-930,580.0,0.000583564
multimetro,,,,125.42229250000128,2026-05-28T12:43:27.353,2026-05-28T12:58:57.353,-930,581.0,0.000583354
balanza,251.0,-1.48,,125.51243910000085,2026-05-28T12:43:27.443,2026-05-28T12:58:57.443,-930,,
multimetro,,,,125.637310600001,2026-05-28T12:43:27.569,2026-05-28T12:58:57.569,-930,582.0,0.000583365
multimetro,,,,125.85232820000056,2026-05-28T12:43:27.776,2026-05-28T12:58:57.776,-930,583.0,0.000583239
balanza,252.0,-1.49,,126.0125523000006,2026-05-28T12:43:27.943,2026-05-28T12:58:57.943,-930,,
multimetro,,,,126.06726189999972,2026-05-28T12:43:27.993,2026-05-28T12:58:57.993,-930,584.0,0.00058303
multimetro,,,,126.28210360000048,2026-05-28T12:43:28.209,2026-05-28T12:58:58.209,-930,585.0,0.000582925
multimetro,,,,126.49689220000073,2026-05-28T12:43:28.426,2026-05-28T12:58:58.426,-930,586.0,0.000582862
balanza,253.0,-1.51,,126.51232530000016,2026-05-28T12:43:28.443,2026-05-28T12:58:58.443,-930,,
multimetro,,,,126.71187079999982,2026-05-28T12:43:28.643,2026-05-28T12:58:58.643,-930,587.0,0.000582695
multimetro,,,,126.92673350000041,2026-05-28T12:43:28.859,2026-05-28T12:58:58.859,-930,588.0,0.000582579
balanza,254.0,-1.47,,127.01254960000006,2026-05-28T12:43:28.943,2026-05-28T12:58:58.943,-930,,
multimetro,,,,127.14191580000079,2026-05-28T12:43:29.074,2026-05-28T12:58:59.074,-930,589.0,0.000582674
multimetro,,,,127.3568892000003,2026-05-28T12:43:29.286,2026-05-28T12:58:59.286,-930,590.0,0.000582558
balanza,255.0,-1.49,,127.51248690000102,2026-05-28T12:43:29.443,2026-05-28T12:58:59.443,-930,,
multimetro,,,,127.57166000000143,2026-05-28T12:43:29.502,2026-05-28T12:58:59.502,-930,591.0,0.000582464
multimetro,,,,127.78674870000032,2026-05-28T12:43:29.709,2026-05-28T12:58:59.709,-930,592.0,0.000582339
multimetro,,,,128.00173200000063,2026-05-28T12:43:29.933,2026-05-28T12:58:59.933,-930,593.0,0.000582192
balanza,256.0,-1.51,,128.01249629999984,2026-05-28T12:43:29.943,2026-05-28T12:58:59.943,-930,,
multimetro,,,,128.21669440000005,2026-05-28T12:43:30.143,2026-05-28T12:59:00.143,-930,594.0,0.00058237
multimetro,,,,128.43163660000027,2026-05-28T12:43:30.364,2026-05-28T12:59:00.364,-930,595.0,0.000582349
balanza,257.0,-1.51,,128.51248889999988,2026-05-28T12:43:30.443,2026-05-28T12:59:00.443,-930,,
multimetro,,,,128.64663199999995,2026-05-28T12:43:30.576,2026-05-28T12:59:00.576,-930,596.0,0.000582129
multimetro,,,,128.86159709999993,2026-05-28T12:43:30.793,2026-05-28T12:59:00.793,-930,597.0,0.000582014
balanza,258.0,-1.54,,129.01242660000025,2026-05-28T12:43:30.943,2026-05-28T12:59:00.943,-930,,
multimetro,,,,129.07670520000102,2026-05-28T12:43:31.009,2026-05-28T12:59:01.009,-930,598.0,0.000581993
multimetro,,,,129.2914923999997,2026-05-28T12:43:31.220,2026-05-28T12:59:01.220,-930,599.0,0.000581752
multimetro,,,,129.5065792000005,2026-05-28T12:43:31.437,2026-05-28T12:59:01.437,-930,600.0,0.000581941
balanza,259.0,-1.52,,129.5123992000008,2026-05-28T12:43:31.443,2026-05-28T12:59:01.443,-930,,
multimetro,,,,129.72145310000087,2026-05-28T12:43:31.653,2026-05-28T12:59:01.653,-930,601.0,0.000581752
multimetro,,,,129.93663890000062,2026-05-28T12:43:31.869,2026-05-28T12:59:01.869,-930,602.0,0.000581669
balanza,260.0,-1.5,,130.01253429999997,2026-05-28T12:43:31.943,2026-05-28T12:59:01.943,-930,,
multimetro,,,,130.1514586000012,2026-05-28T12:43:32.076,2026-05-28T12:59:02.076,-930,603.0,0.000581585
multimetro,,,,130.36639190000096,2026-05-28T12:43:32.293,2026-05-28T12:59:02.293,-930,604.0,0.000581941
balanza,261.0,-1.5,,130.51256210000065,2026-05-28T12:43:32.443,2026-05-28T12:59:02.443,-930,,
multimetro,,,,130.58118850000028,2026-05-28T12:43:32.509,2026-05-28T12:59:02.509,-930,605.0,0.000581805
multimetro,,,,130.79620630000136,2026-05-28T12:43:32.726,2026-05-28T12:59:02.726,-930,606.0,0.00058192
multimetro,,,,131.01115350000146,2026-05-28T12:43:32.943,2026-05-28T12:59:02.943,-930,607.0,0.000581867
balanza,262.0,-1.47,,131.01241029999983,2026-05-28T12:43:32.943,2026-05-28T12:59:02.943,-930,,
multimetro,,,,131.2261924000013,2026-05-28T12:43:33.153,2026-05-28T12:59:03.153,-930,608.0,0.000582161
multimetro,,,,131.44115260000035,2026-05-28T12:43:33.373,2026-05-28T12:59:03.373,-930,609.0,0.000582276
balanza,263.0,-1.57,,131.5125351000006,2026-05-28T12:43:33.443,2026-05-28T12:59:03.443,-930,,
multimetro,,,,131.65613339999982,2026-05-28T12:43:33.586,2026-05-28T12:59:03.586,-930,610.0,0.000582129
multimetro,,,,131.87112669999988,2026-05-28T12:43:33.803,2026-05-28T12:59:03.803,-930,611.0,0.000582244
balanza,264.0,-1.58,,132.01256340000145,2026-05-28T12:43:33.943,2026-05-28T12:59:03.943,-930,,
multimetro,,,,132.08600250000018,2026-05-28T12:43:34.009,2026-05-28T12:59:04.009,-930,612.0,0.000582328
multimetro,,,,132.3011101000011,2026-05-28T12:43:34.226,2026-05-28T12:59:04.226,-930,613.0,0.000582255
balanza,265.0,-1.53,,132.51251270000103,2026-05-28T12:43:34.443,2026-05-28T12:59:04.443,-930,,
multimetro,,,,132.5160848000014,2026-05-28T12:43:34.443,2026-05-28T12:59:04.443,-930,614.0,0.000582381
multimetro,,,,132.7310121999999,2026-05-28T12:43:34.663,2026-05-28T12:59:04.663,-930,615.0,0.000582223
multimetro,,,,132.94606900000144,2026-05-28T12:43:34.876,2026-05-28T12:59:04.876,-930,616.0,0.000582318
balanza,266.0,-1.61,,133.01238470000135,2026-05-28T12:43:34.943,2026-05-28T12:59:04.943,-930,,
multimetro,,,,133.16489590000128,2026-05-28T12:43:35.093,2026-05-28T12:59:05.093,-930,617.0,0.000582443
multimetro,,,,133.38004739999997,2026-05-28T12:43:35.309,2026-05-28T12:59:05.309,-930,618.0,0.000582255
balanza,267.0,-1.54,,133.51252510000086,2026-05-28T12:43:35.443,2026-05-28T12:59:05.443,-930,,
multimetro,,,,133.59499320000032,2026-05-28T12:43:35.527,2026-05-28T12:59:05.527,-930,619.0,0.000582412
multimetro,,,,133.80988799999977,2026-05-28T12:43:35.736,2026-05-28T12:59:05.736,-930,620.0,0.000581951
balanza,268.0,-1.57,,134.01252410000052,2026-05-28T12:43:35.943,2026-05-28T12:59:05.943,-930,,
multimetro,,,,134.0247870000003,2026-05-28T12:43:35.952,2026-05-28T12:59:05.952,-930,621.0,0.000581826
multimetro,,,,134.23971690000144,2026-05-28T12:43:36.172,2026-05-28T12:59:06.172,-930,622.0,0.000581501
multimetro,,,,134.45454640000025,2026-05-28T12:43:36.386,2026-05-28T12:59:06.386,-930,623.0,0.000581553
balanza,269.0,-1.53,,134.51257410000107,2026-05-28T12:43:36.443,2026-05-28T12:59:06.443,-930,,
multimetro,,,,134.6696292000015,2026-05-28T12:43:36.593,2026-05-28T12:59:06.593,-930,624.0,0.000581208
multimetro,,,,134.88470589999997,2026-05-28T12:43:36.809,2026-05-28T12:59:06.809,-930,625.0,0.00058125
balanza,270.0,-1.61,,135.01228450000053,2026-05-28T12:43:36.943,2026-05-28T12:59:06.943,-930,,
multimetro,,,,135.09980600000017,2026-05-28T12:43:37.030,2026-05-28T12:59:07.030,-930,626.0,0.000581019
multimetro,,,,135.31491180000012,2026-05-28T12:43:37.243,2026-05-28T12:59:07.243,-930,627.0,0.000580862
balanza,271.0,-1.6,,135.51248380000106,2026-05-28T12:43:37.443,2026-05-28T12:59:07.443,-930,,
multimetro,,,,135.53018090000114,2026-05-28T12:43:37.462,2026-05-28T12:59:07.462,-930,628.0,0.0005808
multimetro,,,,135.7451875000006,2026-05-28T12:43:37.676,2026-05-28T12:59:07.676,-930,629.0,0.000580611
multimetro,,,,135.96021140000084,2026-05-28T12:43:37.892,2026-05-28T12:59:07.892,-930,630.0,0.000580444
balanza,272.0,-1.6,,136.01237880000008,2026-05-28T12:43:37.943,2026-05-28T12:59:07.943,-930,,
multimetro,,,,136.175374800001,2026-05-28T12:43:38.102,2026-05-28T12:59:08.102,-930,631.0,0.000580213
multimetro,,,,136.3902049999997,2026-05-28T12:43:38.319,2026-05-28T12:59:08.319,-930,632.0,0.000580046
balanza,273.0,-1.58,,136.51239330000135,2026-05-28T12:43:38.443,2026-05-28T12:59:08.443,-930,,
multimetro,,,,136.6052305000012,2026-05-28T12:43:38.537,2026-05-28T12:59:08.537,-930,633.0,0.00057991
multimetro,,,,136.8200925000001,2026-05-28T12:43:38.743,2026-05-28T12:59:08.743,-930,634.0,0.000579575
balanza,274.0,-1.59,,137.0124262999998,2026-05-28T12:43:38.943,2026-05-28T12:59:08.943,-930,,
multimetro,,,,137.03515960000004,2026-05-28T12:43:38.967,2026-05-28T12:59:08.967,-930,635.0,0.000579627
multimetro,,,,137.2500611000014,2026-05-28T12:43:39.182,2026-05-28T12:59:09.182,-930,636.0,0.000579459
multimetro,,,,137.46508450000147,2026-05-28T12:43:39.394,2026-05-28T12:59:09.394,-930,637.0,0.00057948
balanza,275.0,-1.64,,137.512366500001,2026-05-28T12:43:39.443,2026-05-28T12:59:09.443,-930,,
multimetro,,,,137.67984640000032,2026-05-28T12:43:39.609,2026-05-28T12:59:09.609,-930,638.0,0.000579302
multimetro,,,,137.8950788000002,2026-05-28T12:43:39.826,2026-05-28T12:59:09.826,-930,639.0,0.00057903
balanza,276.0,-1.66,,138.0124319000006,2026-05-28T12:43:39.943,2026-05-28T12:59:09.943,-930,,
multimetro,,,,138.11008779999975,2026-05-28T12:43:40.042,2026-05-28T12:59:10.042,-930,640.0,0.000578727
multimetro,,,,138.32526099999995,2026-05-28T12:43:40.253,2026-05-28T12:59:10.253,-930,641.0,0.000578842
balanza,277.0,-1.67,,138.5124751000003,2026-05-28T12:43:40.443,2026-05-28T12:59:10.443,-930,,
multimetro,,,,138.54021790000115,2026-05-28T12:43:40.472,2026-05-28T12:59:10.472,-930,642.0,0.000579208
multimetro,,,,138.7553828,2026-05-28T12:43:40.686,2026-05-28T12:59:10.686,-930,643.0,0.000579261
multimetro,,,,138.97041440000066,2026-05-28T12:43:40.902,2026-05-28T12:59:10.902,-930,644.0,0.000579428
balanza,278.0,-1.69,,139.012366500001,2026-05-28T12:43:40.943,2026-05-28T12:59:10.943,-930,,
multimetro,,,,139.18558459999986,2026-05-28T12:43:41.109,2026-05-28T12:59:11.109,-930,645.0,0.00057947
multimetro,,,,139.40067950000048,2026-05-28T12:43:41.326,2026-05-28T12:59:11.326,-930,646.0,0.000579533
balanza,279.0,-1.65,,139.51241850000042,2026-05-28T12:43:41.443,2026-05-28T12:59:11.443,-930,,
multimetro,,,,139.61581680000018,2026-05-28T12:43:41.543,2026-05-28T12:59:11.543,-930,647.0,0.000579281
multimetro,,,,139.830879000001,2026-05-28T12:43:41.763,2026-05-28T12:59:11.763,-930,648.0,0.000579459
balanza,280.0,-1.65,,140.01235319999978,2026-05-28T12:43:41.943,2026-05-28T12:59:11.943,-930,,
multimetro,,,,140.04575230000046,2026-05-28T12:43:41.976,2026-05-28T12:59:11.976,-930,649.0,0.000579334
multimetro,,,,140.26071539999975,2026-05-28T12:43:42.193,2026-05-28T12:59:12.193,-930,650.0,0.000579083
multimetro,,,,140.47574650000024,2026-05-28T12:43:42.403,2026-05-28T12:59:12.403,-930,651.0,0.000578946
balanza,281.0,-1.69,,140.51249559999997,2026-05-28T12:43:42.443,2026-05-28T12:59:12.443,-930,,
multimetro,,,,140.69097789999978,2026-05-28T12:43:42.619,2026-05-28T12:59:12.619,-930,652.0,0.000578852
multimetro,,,,140.9056429000011,2026-05-28T12:43:42.836,2026-05-28T12:59:12.836,-930,653.0,0.000578915
balanza,282.0,-1.7,,141.01231820000066,2026-05-28T12:43:42.944,2026-05-28T12:59:12.944,-930,,
multimetro,,,,141.12070910000148,2026-05-28T12:43:43.052,2026-05-28T12:59:13.052,-930,654.0,0.000578967
multimetro,,,,141.33569780000107,2026-05-28T12:43:43.268,2026-05-28T12:59:13.268,-930,655.0,0.000578748
balanza,283.0,-1.67,,141.51237550000042,2026-05-28T12:43:43.443,2026-05-28T12:59:13.443,-930,,
multimetro,,,,141.5506643000008,2026-05-28T12:43:43.478,2026-05-28T12:59:13.478,-930,656.0,0.000578789
multimetro,,,,141.76560229999995,2026-05-28T12:43:43.693,2026-05-28T12:59:13.693,-930,657.0,0.00057859
multimetro,,,,141.98077680000097,2026-05-28T12:43:43.909,2026-05-28T12:59:13.909,-930,658.0,0.000578685
balanza,284.0,-1.67,,142.01243560000148,2026-05-28T12:43:43.943,2026-05-28T12:59:13.943,-930,,
multimetro,,,,142.1957837000009,2026-05-28T12:43:44.126,2026-05-28T12:59:14.126,-930,659.0,0.000578685
multimetro,,,,142.41085380000004,2026-05-28T12:43:44.343,2026-05-28T12:59:14.343,-930,660.0,0.000578727
balanza,285.0,-1.71,,142.5123515000014,2026-05-28T12:43:44.443,2026-05-28T12:59:14.443,-930,,
multimetro,,,,142.62596699999995,2026-05-28T12:43:44.552,2026-05-28T12:59:14.552,-930,661.0,0.00057859
multimetro,,,,142.84110920000057,2026-05-28T12:43:44.773,2026-05-28T12:59:14.773,-930,662.0,0.000578685
balanza,286.0,-1.66,,143.01239460000033,2026-05-28T12:43:44.943,2026-05-28T12:59:14.943,-930,,
multimetro,,,,143.05606350000016,2026-05-28T12:43:44.986,2026-05-28T12:59:14.986,-930,663.0,0.000578559
multimetro,,,,143.27095000000008,2026-05-28T12:43:45.202,2026-05-28T12:59:15.202,-930,664.0,0.000578318
multimetro,,,,143.48603720000028,2026-05-28T12:43:45.409,2026-05-28T12:59:15.409,-930,665.0,0.000578276
balanza,287.0,-1.71,,143.51245580000068,2026-05-28T12:43:45.443,2026-05-28T12:59:15.443,-930,,
multimetro,,,,143.70103910000034,2026-05-28T12:43:45.626,2026-05-28T12:59:15.626,-930,666.0,0.000578381
multimetro,,,,143.9161124000002,2026-05-28T12:43:45.843,2026-05-28T12:59:15.843,-930,667.0,0.000578381
balanza,288.0,-1.74,,144.01237089999995,2026-05-28T12:43:45.943,2026-05-28T12:59:15.943,-930,,
multimetro,,,,144.13098060000084,2026-05-28T12:43:46.063,2026-05-28T12:59:16.063,-930,668.0,0.000578549
multimetro,,,,144.34609790000104,2026-05-28T12:43:46.276,2026-05-28T12:59:16.276,-930,669.0,0.000578632
balanza,289.0,-1.71,,144.51250660000005,2026-05-28T12:43:46.443,2026-05-28T12:59:16.443,-930,,
multimetro,,,,144.56110940000144,2026-05-28T12:43:46.493,2026-05-28T12:59:16.493,-930,670.0,0.000578905
multimetro,,,,144.77619740000046,2026-05-28T12:43:46.702,2026-05-28T12:59:16.702,-930,671.0,0.000579208
multimetro,,,,144.99101599999995,2026-05-28T12:43:46.919,2026-05-28T12:59:16.919,-930,672.0,0.000579187
balanza,290.0,-1.73,,145.01250980000077,2026-05-28T12:43:46.943,2026-05-28T12:59:16.943,-930,,
multimetro,,,,145.2059774999998,2026-05-28T12:43:47.136,2026-05-28T12:59:17.136,-930,673.0,0.000579365
multimetro,,,,145.42109450000135,2026-05-28T12:43:47.352,2026-05-28T12:59:17.352,-930,674.0,0.000579281
balanza,291.0,-1.72,,145.51247870000043,2026-05-28T12:43:47.443,2026-05-28T12:59:17.443,-930,,
multimetro,,,,145.63614700000107,2026-05-28T12:43:47.568,2026-05-28T12:59:17.568,-930,675.0,0.000579261
multimetro,,,,145.85113360000105,2026-05-28T12:43:47.776,2026-05-28T12:59:17.776,-930,676.0,0.000579292
balanza,292.0,-1.71,,146.01250470000014,2026-05-28T12:43:47.943,2026-05-28T12:59:17.943,-930,,
multimetro,,,,146.0661340000006,2026-05-28T12:43:47.993,2026-05-28T12:59:17.993,-930,677.0,0.000579219
multimetro,,,,146.2812472000005,2026-05-28T12:43:48.209,2026-05-28T12:59:18.209,-930,678.0,0.000579302
multimetro,,,,146.49629939999977,2026-05-28T12:43:48.426,2026-05-28T12:59:18.426,-930,679.0,0.000579439
balanza,293.0,-1.72,,146.51253440000073,2026-05-28T12:43:48.443,2026-05-28T12:59:18.443,-930,,
multimetro,,,,146.71124150000105,2026-05-28T12:43:48.643,2026-05-28T12:59:18.643,-930,680.0,0.000579313
multimetro,,,,146.92605999999978,2026-05-28T12:43:48.853,2026-05-28T12:59:18.853,-930,681.0,0.000579041
balanza,294.0,-1.81,,147.01238809999995,2026-05-28T12:43:48.943,2026-05-28T12:59:18.943,-930,,
multimetro,,,,147.14085479999994,2026-05-28T12:43:49.073,2026-05-28T12:59:19.073,-930,682.0,0.000579041
multimetro,,,,147.35594430000128,2026-05-28T12:43:49.286,2026-05-28T12:59:19.286,-930,683.0,0.000578884
balanza,295.0,-1.78,,147.5124520999998,2026-05-28T12:43:49.443,2026-05-28T12:59:19.443,-930,,
multimetro,,,,147.57085910000023,2026-05-28T12:43:49.503,2026-05-28T12:59:19.503,-930,684.0,0.000578915
multimetro,,,,147.7859438000014,2026-05-28T12:43:49.709,2026-05-28T12:59:19.709,-930,685.0,0.000578831
multimetro,,,,148.0008744000006,2026-05-28T12:43:49.933,2026-05-28T12:59:19.933,-930,686.0,0.000578925
balanza,296.0,-1.77,,148.01230159999977,2026-05-28T12:43:49.943,2026-05-28T12:59:19.943,-930,,
multimetro,,,,148.2158623000014,2026-05-28T12:43:50.146,2026-05-28T12:59:20.146,-930,687.0,0.000578737
multimetro,,,,148.4307528999998,2026-05-28T12:43:50.361,2026-05-28T12:59:20.361,-930,688.0,0.00057859
balanza,297.0,-1.78,,148.5124663000006,2026-05-28T12:43:50.443,2026-05-28T12:59:20.443,-930,,
multimetro,,,,148.64578390000133,2026-05-28T12:43:50.576,2026-05-28T12:59:20.576,-930,689.0,0.000578727
multimetro,,,,148.86074259999987,2026-05-28T12:43:50.793,2026-05-28T12:59:20.793,-930,690.0,0.000578727
balanza,298.0,-1.75,,149.0125177000009,2026-05-28T12:43:50.943,2026-05-28T12:59:20.943,-930,,
multimetro,,,,149.07572720000098,2026-05-28T12:43:51.002,2026-05-28T12:59:21.002,-930,691.0,0.000578475
multimetro,,,,149.29080539999995,2026-05-28T12:43:51.219,2026-05-28T12:59:21.219,-930,692.0,0.000578549
multimetro,,,,149.5056783,2026-05-28T12:43:51.438,2026-05-28T12:59:21.438,-930,693.0,0.000578392
balanza,299.0,-1.79,,149.5124915000015,2026-05-28T12:43:51.443,2026-05-28T12:59:21.443,-930,,
multimetro,,,,149.72080170000118,2026-05-28T12:43:51.653,2026-05-28T12:59:21.653,-930,694.0,0.000578402
multimetro,,,,149.93583279999984,2026-05-28T12:43:51.868,2026-05-28T12:59:21.868,-930,695.0,0.000578276
balanza,300.0,-1.81,,150.01240340000004,2026-05-28T12:43:51.943,2026-05-28T12:59:21.943,-930,,
multimetro,,,,150.15090750000127,2026-05-28T12:43:52.076,2026-05-28T12:59:22.076,-930,696.0,0.000578266
multimetro,,,,150.36572909999995,2026-05-28T12:43:52.293,2026-05-28T12:59:22.293,-930,697.0,0.000578119
balanza,301.0,-1.78,,150.51242960000127,2026-05-28T12:43:52.443,2026-05-28T12:59:22.443,-930,,
multimetro,,,,150.58085720000054,2026-05-28T12:43:52.509,2026-05-28T12:59:22.509,-930,698.0,0.000578214
multimetro,,,,150.7958733000014,2026-05-28T12:43:52.726,2026-05-28T12:59:22.726,-930,699.0,0.000578234
multimetro,,,,151.01092590000007,2026-05-28T12:43:52.943,2026-05-28T12:59:22.943,-930,700.0,0.00057792
balanza,302.0,-1.82,,151.01240120000148,2026-05-28T12:43:52.943,2026-05-28T12:59:22.943,-930,,
multimetro,,,,151.22590880000098,2026-05-28T12:43:53.153,2026-05-28T12:59:23.153,-930,701.0,0.000577837
multimetro,,,,151.4408968000007,2026-05-28T12:43:53.373,2026-05-28T12:59:23.373,-930,702.0,0.000577795
balanza,303.0,-1.82,,151.51242590000038,2026-05-28T12:43:53.443,2026-05-28T12:59:23.443,-930,,
multimetro,,,,151.6557666000008,2026-05-28T12:43:53.586,2026-05-28T12:59:23.586,-930,703.0,0.000577617
multimetro,,,,151.8707919999997,2026-05-28T12:43:53.802,2026-05-28T12:59:23.802,-930,704.0,0.000577837
balanza,304.0,-1.78,,152.0123996000002,2026-05-28T12:43:53.943,2026-05-28T12:59:23.943,-930,,
multimetro,,,,152.0855657000011,2026-05-28T12:43:54.009,2026-05-28T12:59:24.009,-930,705.0,0.000577627
multimetro,,,,152.30042630000025,2026-05-28T12:43:54.226,2026-05-28T12:59:24.226,-930,706.0,0.000577617
balanza,305.0,-1.79,,152.51258280000002,2026-05-28T12:43:54.443,2026-05-28T12:59:24.443,-930,,
multimetro,,,,152.51540279999972,2026-05-28T12:43:54.443,2026-05-28T12:59:24.443,-930,707.0,0.000577669
multimetro,,,,152.73035830000117,2026-05-28T12:43:54.663,2026-05-28T12:59:24.663,-930,708.0,0.000577711
multimetro,,,,152.9453835000004,2026-05-28T12:43:54.876,2026-05-28T12:59:24.876,-930,709.0,0.000577763
balanza,306.0,-1.8,,153.01242079999975,2026-05-28T12:43:54.943,2026-05-28T12:59:24.943,-930,,
multimetro,,,,153.16026240000065,2026-05-28T12:43:55.092,2026-05-28T12:59:25.092,-930,710.0,0.000577774
multimetro,,,,153.37513800000124,2026-05-28T12:43:55.302,2026-05-28T12:59:25.302,-930,711.0,0.000577784
balanza,307.0,-1.8,,153.51231069999994,2026-05-28T12:43:55.443,2026-05-28T12:59:25.443,-930,,
multimetro,,,,153.59002660000078,2026-05-28T12:43:55.519,2026-05-28T12:59:25.519,-930,712.0,0.000577826
multimetro,,,,153.80475410000145,2026-05-28T12:43:55.736,2026-05-28T12:59:25.736,-930,713.0,0.000577701
balanza,308.0,-1.83,,154.01247110000077,2026-05-28T12:43:55.943,2026-05-28T12:59:25.943,-930,,
multimetro,,,,154.01969890000146,2026-05-28T12:43:55.943,2026-05-28T12:59:25.943,-930,714.0,0.000577533
multimetro,,,,154.23492220000117,2026-05-28T12:43:56.167,2026-05-28T12:59:26.167,-930,715.0,0.000577177
multimetro,,,,154.44986750000135,2026-05-28T12:43:56.376,2026-05-28T12:59:26.376,-930,716.0,0.000576926
balanza,309.0,-1.86,,154.51235880000058,2026-05-28T12:43:56.443,2026-05-28T12:59:26.443,-930,,
multimetro,,,,154.665098200001,2026-05-28T12:43:56.593,2026-05-28T12:59:26.593,-930,717.0,0.000576779
multimetro,,,,154.88001600000098,2026-05-28T12:43:56.809,2026-05-28T12:59:26.809,-930,718.0,0.000576758
balanza,310.0,-1.86,,155.01244570000017,2026-05-28T12:43:56.943,2026-05-28T12:59:26.943,-930,,
multimetro,,,,155.09497490000103,2026-05-28T12:43:57.027,2026-05-28T12:59:27.027,-930,719.0,0.000576413
multimetro,,,,155.3098417000001,2026-05-28T12:43:57.236,2026-05-28T12:59:27.236,-930,720.0,0.000576392
balanza,311.0,-1.85,,155.51242100000127,2026-05-28T12:43:57.443,2026-05-28T12:59:27.443,-930,,
multimetro,,,,155.52492359999997,2026-05-28T12:43:57.453,2026-05-28T12:59:27.453,-930,721.0,0.00057635
multimetro,,,,155.7398248999998,2026-05-28T12:43:57.672,2026-05-28T12:59:27.672,-930,722.0,0.000576308
multimetro,,,,155.95475009999973,2026-05-28T12:43:57.886,2026-05-28T12:59:27.886,-930,723.0,0.000576392
balanza,312.0,-1.9,,156.01240880000114,2026-05-28T12:43:57.943,2026-05-28T12:59:27.943,-930,,
multimetro,,,,156.16980780000085,2026-05-28T12:43:58.093,2026-05-28T12:59:28.093,-930,724.0,0.000576277
multimetro,,,,156.3848863000003,2026-05-28T12:43:58.311,2026-05-28T12:59:28.311,-930,725.0,0.000576486
balanza,313.0,-1.89,,156.5124625999997,2026-05-28T12:43:58.443,2026-05-28T12:59:28.443,-930,,
multimetro,,,,156.59981490000064,2026-05-28T12:43:58.530,2026-05-28T12:59:28.530,-930,726.0,0.000576507
multimetro,,,,156.81483130000015,2026-05-28T12:43:58.743,2026-05-28T12:59:28.743,-930,727.0,0.000576664
balanza,314.0,-1.9,,157.0123734000008,2026-05-28T12:43:58.943,2026-05-28T12:59:28.943,-930,,
multimetro,,,,157.0298168999998,2026-05-28T12:43:58.962,2026-05-28T12:59:28.962,-930,728.0,0.000576999
multimetro,,,,157.24480850000145,2026-05-28T12:43:59.176,2026-05-28T12:59:29.176,-930,729.0,0.000577701
multimetro,,,,157.45978149999974,2026-05-28T12:43:59.388,2026-05-28T12:59:29.388,-930,730.0,0.000578119
balanza,315.0,-1.91,,157.51232020000134,2026-05-28T12:43:59.443,2026-05-28T12:59:29.443,-930,,
multimetro,,,,157.674911600001,2026-05-28T12:43:59.602,2026-05-28T12:59:29.602,-930,731.0,0.000578643
multimetro,,,,157.88988229999995,2026-05-28T12:43:59.819,2026-05-28T12:59:29.819,-930,732.0,0.00057859
balanza,316.0,-1.88,,158.01244000000042,2026-05-28T12:43:59.943,2026-05-28T12:59:29.943,-930,,
multimetro,,,,158.10482279999997,2026-05-28T12:44:00.030,2026-05-28T12:59:30.030,-930,733.0,0.000578842
multimetro,,,,158.31977460000053,2026-05-28T12:44:00.243,2026-05-28T12:59:30.243,-930,734.0,0.000578988
balanza,317.0,-1.85,,158.5125504000007,2026-05-28T12:44:00.443,2026-05-28T12:59:30.443,-930,,
multimetro,,,,158.53462030000082,2026-05-28T12:44:00.467,2026-05-28T12:59:30.467,-930,735.0,0.000579302
multimetro,,,,158.74945210000078,2026-05-28T12:44:00.676,2026-05-28T12:59:30.676,-930,736.0,0.000579616
multimetro,,,,158.96453180000026,2026-05-28T12:44:00.895,2026-05-28T12:59:30.895,-930,737.0,0.000579564
balanza,318.0,-1.88,,159.01239460000033,2026-05-28T12:44:00.943,2026-05-28T12:59:30.943,-930,,
multimetro,,,,159.17945320000035,2026-05-28T12:44:01.109,2026-05-28T12:59:31.109,-930,738.0,0.000579606
multimetro,,,,159.39443420000134,2026-05-28T12:44:01.326,2026-05-28T12:59:31.326,-930,739.0,0.000579669
balanza,319.0,-1.9,,159.51227870000002,2026-05-28T12:44:01.443,2026-05-28T12:59:31.443,-930,,
multimetro,,,,159.60944970000128,2026-05-28T12:44:01.540,2026-05-28T12:59:31.540,-930,740.0,0.0005797
multimetro,,,,159.8244052000009,2026-05-28T12:44:01.753,2026-05-28T12:59:31.753,-930,741.0,0.000579491
balanza,320.0,-1.93,,160.0123464999997,2026-05-28T12:44:01.943,2026-05-28T12:59:31.943,-930,,
multimetro,,,,160.03936290000092,2026-05-28T12:44:01.971,2026-05-28T12:59:31.971,-930,742.0,0.000579763
multimetro,,,,160.25445840000066,2026-05-28T12:44:02.186,2026-05-28T12:59:32.186,-930,743.0,0.000579742
multimetro,,,,160.46956610000052,2026-05-28T12:44:02.393,2026-05-28T12:59:32.393,-930,744.0,0.000579962
balanza,321.0,-1.9,,160.5122777000015,2026-05-28T12:44:02.443,2026-05-28T12:59:32.443,-930,,
multimetro,,,,160.68453030000092,2026-05-28T12:44:02.609,2026-05-28T12:59:32.609,-930,745.0,0.000579878
multimetro,,,,160.89947530000063,2026-05-28T12:44:02.826,2026-05-28T12:59:32.826,-930,746.0,0.000580088
balanza,322.0,-1.97,,161.0124446000009,2026-05-28T12:44:02.943,2026-05-28T12:59:32.943,-930,,
multimetro,,,,161.11442069999976,2026-05-28T12:44:03.043,2026-05-28T12:59:33.043,-930,747.0,0.000580004
multimetro,,,,161.32948899999974,2026-05-28T12:44:03.262,2026-05-28T12:59:33.262,-930,748.0,0.000580224
balanza,323.0,-1.94,,161.51241070000106,2026-05-28T12:44:03.444,2026-05-28T12:59:33.444,-930,,
multimetro,,,,161.54436830000122,2026-05-28T12:44:03.476,2026-05-28T12:59:33.476,-930,749.0,0.00058036
multimetro,,,,161.7594226000001,2026-05-28T12:44:03.686,2026-05-28T12:59:33.686,-930,750.0,0.00058059
multimetro,,,,161.97423870000057,2026-05-28T12:44:03.903,2026-05-28T12:59:33.903,-930,751.0,0.000580789
balanza,324.0,-1.97,,162.01244740000038,2026-05-28T12:44:03.943,2026-05-28T12:59:33.943,-930,,
multimetro,,,,162.18931540000085,2026-05-28T12:44:04.119,2026-05-28T12:59:34.119,-930,752.0,0.000580716
multimetro,,,,162.40427009999985,2026-05-28T12:44:04.336,2026-05-28T12:59:34.336,-930,753.0,0.000580632
balanza,325.0,-1.98,,162.5123902000014,2026-05-28T12:44:04.443,2026-05-28T12:59:34.443,-930,,
multimetro,,,,162.61939020000136,2026-05-28T12:44:04.546,2026-05-28T12:59:34.546,-930,754.0,0.000580622
multimetro,,,,162.83421650000128,2026-05-28T12:44:04.766,2026-05-28T12:59:34.766,-930,755.0,0.000580433
balanza,326.0,-1.97,,163.01235310000084,2026-05-28T12:44:04.943,2026-05-28T12:59:34.943,-930,,
multimetro,,,,163.04906740000115,2026-05-28T12:44:04.976,2026-05-28T12:59:34.976,-930,756.0,0.000580349
multimetro,,,,163.26410340000075,2026-05-28T12:44:05.195,2026-05-28T12:59:35.195,-930,757.0,0.000580067
multimetro,,,,163.47923390000142,2026-05-28T12:44:05.409,2026-05-28T12:59:35.409,-930,758.0,0.000579983
balanza,327.0,-1.92,,163.51234600000134,2026-05-28T12:44:05.443,2026-05-28T12:59:35.443,-930,,
multimetro,,,,163.69407430000138,2026-05-28T12:44:05.626,2026-05-28T12:59:35.626,-930,759.0,0.000579679
multimetro,,,,163.90913660000115,2026-05-28T12:44:05.836,2026-05-28T12:59:35.836,-930,760.0,0.000579575
balanza,328.0,-1.98,,164.0124289000014,2026-05-28T12:44:05.943,2026-05-28T12:59:35.943,-930,,
multimetro,,,,164.12414100000024,2026-05-28T12:44:06.052,2026-05-28T12:59:36.052,-930,761.0,0.000579376
multimetro,,,,164.33906370000113,2026-05-28T12:44:06.261,2026-05-28T12:59:36.261,-930,762.0,0.000579198
balanza,329.0,-2.01,,164.5125235000014,2026-05-28T12:44:06.443,2026-05-28T12:59:36.443,-930,,
multimetro,,,,164.55414010000095,2026-05-28T12:44:06.486,2026-05-28T12:59:36.486,-930,763.0,0.000578915
multimetro,,,,164.76896070000112,2026-05-28T12:44:06.693,2026-05-28T12:59:36.693,-930,764.0,0.000578559
multimetro,,,,164.98392960000092,2026-05-28T12:44:06.909,2026-05-28T12:59:36.909,-930,765.0,0.00057857
balanza,330.0,-1.97,,165.01226570000108,2026-05-28T12:44:06.943,2026-05-28T12:59:36.943,-930,,
multimetro,,,,165.1987205000005,2026-05-28T12:44:07.126,2026-05-28T12:59:37.126,-930,766.0,0.000578444
multimetro,,,,165.4140451000003,2026-05-28T12:44:07.343,2026-05-28T12:59:37.343,-930,767.0,0.000578475
balanza,331.0,-2.0,,165.51229150000108,2026-05-28T12:44:07.443,2026-05-28T12:59:37.443,-930,,
multimetro,,,,165.6289125000003,2026-05-28T12:44:07.561,2026-05-28T12:59:37.561,-930,768.0,0.000578297
multimetro,,,,165.84398080000028,2026-05-28T12:44:07.776,2026-05-28T12:59:37.776,-930,769.0,0.00057835
balanza,332.0,-2.03,,166.01252279999972,2026-05-28T12:44:07.943,2026-05-28T12:59:37.943,-930,,
multimetro,,,,166.05908869999985,2026-05-28T12:44:07.986,2026-05-28T12:59:37.986,-930,770.0,0.000578214
multimetro,,,,166.27408220000143,2026-05-28T12:44:08.203,2026-05-28T12:59:38.203,-930,771.0,0.000578172
multimetro,,,,166.4891322000003,2026-05-28T12:44:08.419,2026-05-28T12:59:38.419,-930,772.0,0.000578203
balanza,333.0,-1.98,,166.51262730000053,2026-05-28T12:44:08.443,2026-05-28T12:59:38.443,-930,,
multimetro,,,,166.70418960000097,2026-05-28T12:44:08.636,2026-05-28T12:59:38.636,-930,773.0,0.000578214
multimetro,,,,166.91919690000032,2026-05-28T12:44:08.843,2026-05-28T12:59:38.843,-930,774.0,0.000578308
balanza,334.0,-1.96,,167.01231150000058,2026-05-28T12:44:08.943,2026-05-28T12:59:38.943,-930,,
multimetro,,,,167.13416510000025,2026-05-28T12:44:09.066,2026-05-28T12:59:39.066,-930,775.0,0.000578098
multimetro,,,,167.34910339999988,2026-05-28T12:44:09.276,2026-05-28T12:59:39.276,-930,776.0,0.000577899
balanza,335.0,-1.97,,167.5122244000013,2026-05-28T12:44:09.444,2026-05-28T12:59:39.444,-930,,
multimetro,,,,167.56410660000074,2026-05-28T12:44:09.493,2026-05-28T12:59:39.493,-930,777.0,0.000578056
multimetro,,,,167.7791285000003,2026-05-28T12:44:09.709,2026-05-28T12:59:39.709,-930,778.0,0.000578161
multimetro,,,,167.9941705000001,2026-05-28T12:44:09.926,2026-05-28T12:59:39.926,-930,779.0,0.000578109
balanza,336.0,-1.97,,168.01243150000118,2026-05-28T12:44:09.943,2026-05-28T12:59:39.943,-930,,
multimetro,,,,168.20917700000064,2026-05-28T12:44:10.141,2026-05-28T12:59:40.141,-930,780.0,0.00057836
multimetro,,,,168.4241275000004,2026-05-28T12:44:10.353,2026-05-28T12:59:40.353,-930,781.0,0.000578287
balanza,337.0,-1.99,,168.51244399999996,2026-05-28T12:44:10.443,2026-05-28T12:59:40.443,-930,,
multimetro,,,,168.63915720000114,2026-05-28T12:44:10.571,2026-05-28T12:59:40.571,-930,782.0,0.000578549
multimetro,,,,168.85403510000106,2026-05-28T12:44:10.778,2026-05-28T12:59:40.778,-930,783.0,0.000578674
balanza,338.0,-2.0,,169.01229960000092,2026-05-28T12:44:10.944,2026-05-28T12:59:40.944,-930,,
multimetro,,,,169.06894380000085,2026-05-28T12:44:10.993,2026-05-28T12:59:40.993,-930,784.0,0.000578946
multimetro,,,,169.28385979999985,2026-05-28T12:44:11.209,2026-05-28T12:59:41.209,-930,785.0,0.000579344
multimetro,,,,169.49893080000038,2026-05-28T12:44:11.431,2026-05-28T12:59:41.431,-930,786.0,0.000579543
balanza,339.0,-2.01,,169.51234029999978,2026-05-28T12:44:11.444,2026-05-28T12:59:41.444,-930,,
multimetro,,,,169.71389970000018,2026-05-28T12:44:11.645,2026-05-28T12:59:41.645,-930,787.0,0.000579889
multimetro,,,,169.9289617000013,2026-05-28T12:44:11.859,2026-05-28T12:59:41.859,-930,788.0,0.00058015
balanza,340.0,-2.09,,170.01291370000035,2026-05-28T12:44:11.943,2026-05-28T12:59:41.943,-930,,
multimetro,,,,170.14379820000067,2026-05-28T12:44:12.076,2026-05-28T12:59:42.076,-930,789.0,0.000580391
multimetro,,,,170.3587889999999,2026-05-28T12:44:12.291,2026-05-28T12:59:42.291,-930,790.0,0.000580779
balanza,341.0,-2.05,,170.51244600000064,2026-05-28T12:44:12.443,2026-05-28T12:59:42.443,-930,,
multimetro,,,,170.57377610000003,2026-05-28T12:44:12.505,2026-05-28T12:59:42.505,-930,791.0,0.000580957
multimetro,,,,170.7886825000005,2026-05-28T12:44:12.721,2026-05-28T12:59:42.721,-930,792.0,0.000581344
multimetro,,,,171.00352420000127,2026-05-28T12:44:12.935,2026-05-28T12:59:42.935,-930,793.0,0.000581669
balanza,342.0,-2.08,,171.0126264999999,2026-05-28T12:44:12.943,2026-05-28T12:59:42.943,-930,,
multimetro,,,,171.21849910000128,2026-05-28T12:44:13.143,2026-05-28T12:59:43.143,-930,794.0,0.00058215
multimetro,,,,171.43533770000067,2026-05-28T12:44:13.361,2026-05-28T12:59:43.361,-930,795.0,0.000582621
balanza,343.0,-2.03,,171.51229220000096,2026-05-28T12:44:13.444,2026-05-28T12:59:43.444,-930,,
multimetro,,,,171.65031930000077,2026-05-28T12:44:13.577,2026-05-28T12:59:43.577,-930,796.0,0.000582726
multimetro,,,,171.86527820000083,2026-05-28T12:44:13.797,2026-05-28T12:59:43.797,-930,797.0,0.000582841
balanza,344.0,-2.02,,172.0126753000004,2026-05-28T12:44:13.935,2026-05-28T12:59:43.935,-930,,
multimetro,,,,172.0802994000005,2026-05-28T12:44:14.010,2026-05-28T12:59:44.010,-930,798.0,0.000582852
multimetro,,,,172.29533100000117,2026-05-28T12:44:14.226,2026-05-28T12:59:44.226,-930,799.0,0.000583019
multimetro,,,,172.5101222000012,2026-05-28T12:44:14.442,2026-05-28T12:59:44.442,-930,800.0,0.000582883
balanza,345.0,-2.06,,172.51269460000003,2026-05-28T12:44:14.445,2026-05-28T12:59:44.445,-930,,
multimetro,,,,172.72513140000046,2026-05-28T12:44:14.657,2026-05-28T12:59:44.657,-930,801.0,0.000583134
multimetro,,,,172.93988320000062,2026-05-28T12:44:14.871,2026-05-28T12:59:44.871,-930,802.0,0.000583103
balanza,346.0,-2.03,,173.01265450000028,2026-05-28T12:44:14.944,2026-05-28T12:59:44.944,-930,,
multimetro,,,,173.1550275999998,2026-05-28T12:44:15.087,2026-05-28T12:59:45.087,-930,803.0,0.000583103
multimetro,,,,173.37000970000008,2026-05-28T12:44:15.302,2026-05-28T12:59:45.302,-930,804.0,0.000583145
balanza,347.0,-2.11,,173.51256130000002,2026-05-28T12:44:15.444,2026-05-28T12:59:45.444,-930,,
multimetro,,,,173.58505700000023,2026-05-28T12:44:15.514,2026-05-28T12:59:45.514,-930,805.0,0.000583323
multimetro,,,,173.7998750000006,2026-05-28T12:44:15.730,2026-05-28T12:59:45.730,-930,806.0,0.000583511
balanza,348.0,-2.09,,174.01273469999978,2026-05-28T12:44:15.941,2026-05-28T12:59:45.941,-930,,
multimetro,,,,174.01481510000121,2026-05-28T12:44:15.941,2026-05-28T12:59:45.941,-930,807.0,0.000583407
multimetro,,,,174.22980760000064,2026-05-28T12:44:16.161,2026-05-28T12:59:46.161,-930,808.0,0.000582736
multimetro,,,,174.44481520000045,2026-05-28T12:44:16.377,2026-05-28T12:59:46.377,-930,809.0,0.00058236
balanza,349.0,-2.1,,174.5123820000008,2026-05-28T12:44:16.444,2026-05-28T12:59:46.444,-930,,
multimetro,,,,174.65980020000097,2026-05-28T12:44:16.588,2026-05-28T12:59:46.588,-930,810.0,0.000582558
multimetro,,,,174.87488170000142,2026-05-28T12:44:16.805,2026-05-28T12:59:46.805,-930,811.0,0.000582852
balanza,350.0,-2.07,,175.01265520000015,2026-05-28T12:44:16.936,2026-05-28T12:59:46.936,-930,,
multimetro,,,,175.0897504000004,2026-05-28T12:44:17.021,2026-05-28T12:59:47.021,-930,812.0,0.000582768
multimetro,,,,175.30494550000003,2026-05-28T12:44:17.234,2026-05-28T12:59:47.234,-930,813.0,0.000583019
balanza,351.0,-2.11,,175.51251800000136,2026-05-28T12:44:17.441,2026-05-28T12:59:47.441,-930,,
multimetro,,,,175.51988780000102,2026-05-28T12:44:17.451,2026-05-28T12:59:47.451,-930,814.0,0.000583197
multimetro,,,,175.73491340000146,2026-05-28T12:44:17.665,2026-05-28T12:59:47.665,-930,815.0,0.000583187
multimetro,,,,175.94970699999976,2026-05-28T12:44:17.881,2026-05-28T12:59:47.881,-930,816.0,0.000583145
balanza,352.0,-2.11,,176.0122897000001,2026-05-28T12:44:17.936,2026-05-28T12:59:47.936,-930,,
multimetro,,,,176.16489890000048,2026-05-28T12:44:18.097,2026-05-28T12:59:48.097,-930,817.0,0.000583522
multimetro,,,,176.37988899999982,2026-05-28T12:44:18.311,2026-05-28T12:59:48.311,-930,818.0,0.000583679
balanza,353.0,-2.08,,176.51270470000054,2026-05-28T12:44:18.444,2026-05-28T12:59:48.444,-930,,
multimetro,,,,176.5949658999998,2026-05-28T12:44:18.527,2026-05-28T12:59:48.527,-930,819.0,0.000583857
multimetro,,,,176.8100871000006,2026-05-28T12:44:18.740,2026-05-28T12:59:48.740,-930,820.0,0.000583825
balanza,354.0,-2.19,,177.01270939999995,2026-05-28T12:44:18.945,2026-05-28T12:59:48.945,-930,,
multimetro,,,,177.02498630000082,2026-05-28T12:44:18.948,2026-05-28T12:59:48.948,-930,821.0,0.000583836
multimetro,,,,177.2399361000007,2026-05-28T12:44:19.172,2026-05-28T12:59:49.172,-930,822.0,0.000583972
multimetro,,,,177.45488149999983,2026-05-28T12:44:19.384,2026-05-28T12:59:49.384,-930,823.0,0.000584108
balanza,355.0,-2.11,,177.51275730000089,2026-05-28T12:44:19.442,2026-05-28T12:59:49.442,-930,,
multimetro,,,,177.6699593000012,2026-05-28T12:44:19.595,2026-05-28T12:59:49.595,-930,824.0,0.000584276
multimetro,,,,177.88486550000016,2026-05-28T12:44:19.817,2026-05-28T12:59:49.817,-930,825.0,0.000584537
balanza,356.0,-2.15,,178.0126450000007,2026-05-28T12:44:19.942,2026-05-28T12:59:49.942,-930,,
multimetro,,,,178.0997922000006,2026-05-28T12:44:20.032,2026-05-28T12:59:50.032,-930,826.0,0.000584998
multimetro,,,,178.3146753000001,2026-05-28T12:44:20.245,2026-05-28T12:59:50.245,-930,827.0,0.000585186
balanza,357.0,-2.11,,178.51232690000143,2026-05-28T12:44:20.442,2026-05-28T12:59:50.442,-930,,
multimetro,,,,178.52972170000066,2026-05-28T12:44:20.452,2026-05-28T12:59:50.452,-930,828.0,0.000585239
multimetro,,,,178.74477339999976,2026-05-28T12:44:20.677,2026-05-28T12:59:50.677,-930,829.0,0.000585323
multimetro,,,,178.96000930000082,2026-05-28T12:44:20.887,2026-05-28T12:59:50.887,-930,830.0,0.000585783
balanza,358.0,-2.16,,179.01229220000096,2026-05-28T12:44:20.943,2026-05-28T12:59:50.943,-930,,
multimetro,,,,179.17502410000088,2026-05-28T12:44:21.101,2026-05-28T12:59:51.101,-930,831.0,0.000585846
multimetro,,,,179.3901937999999,2026-05-28T12:44:21.321,2026-05-28T12:59:51.321,-930,832.0,0.00058615
balanza,359.0,-2.15,,179.5124106000003,2026-05-28T12:44:21.441,2026-05-28T12:59:51.441,-930,,
multimetro,,,,179.60540680000122,2026-05-28T12:44:21.531,2026-05-28T12:59:51.531,-930,833.0,0.000585846
multimetro,,,,179.8204053999998,2026-05-28T12:44:21.747,2026-05-28T12:59:51.747,-930,834.0,0.000585825
multimetro,,,,180.03545360000135,2026-05-28T12:44:21.968,2026-05-28T12:59:51.968,-930,835.0,0.000585689
