tiempo_s,tiempo_multimetro_s,voltaje_V,indice_multimetro,fecha_hora_corregida_hp,fecha_hora_pc_sin_corregir_hp,error_hp,tiempo_balanza_s,masa_g,indice_balanza,fecha_hora_corregida_balanza,fecha_hora_pc_sin_corregir_balanza,error_balanza,delta_t_balanza_multimetro_s
0.415532400000302,0.415532400000302,0.000585856,0,2026-05-28T12:41:22.343,2026-05-28T12:56:52.343,,,,,,,,
0.6315592999999353,0.6315592999999353,0.000585469,1,2026-05-28T12:41:22.560,2026-05-28T12:56:52.560,,1.4748704000012367,,0.0,2026-05-28T12:41:23.403,2026-05-28T12:56:53.403,Error desde Arduino: HX711 not found.,0.8433111000013014
0.846296200001234,0.846296200001234,0.000585553,2,2026-05-28T12:41:22.776,2026-05-28T12:56:52.776,,1.4748704000012367,,0.0,2026-05-28T12:41:23.403,2026-05-28T12:56:53.403,Error desde Arduino: HX711 not found.,0.6285742000000027
1.0614399000005506,1.0614399000005506,0.000585218,3,2026-05-28T12:41:22.993,2026-05-28T12:56:52.993,,1.4748704000012367,,0.0,2026-05-28T12:41:23.403,2026-05-28T12:56:53.403,Error desde Arduino: HX711 not found.,0.41343050000068615
1.2763757000011537,1.2763757000011537,0.000584569,4,2026-05-28T12:41:23.203,2026-05-28T12:56:53.203,,1.4748704000012367,,0.0,2026-05-28T12:41:23.403,2026-05-28T12:56:53.403,Error desde Arduino: HX711 not found.,0.19849470000008296
1.4914974000002985,1.4914974000002985,0.000583982,5,2026-05-28T12:41:23.420,2026-05-28T12:56:53.420,,1.4748704000012367,,0.0,2026-05-28T12:41:23.403,2026-05-28T12:56:53.403,Error desde Arduino: HX711 not found.,-0.01662699999906181
1.7061830000002374,1.7061830000002374,0.000583647,6,2026-05-28T12:41:23.636,2026-05-28T12:56:53.636,,1.4748704000012367,,0.0,2026-05-28T12:41:23.403,2026-05-28T12:56:53.403,Error desde Arduino: HX711 not found.,-0.23131259999900067
1.921165600000677,1.921165600000677,0.000583595,7,2026-05-28T12:41:23.853,2026-05-28T12:56:53.853,,1.4748704000012367,,0.0,2026-05-28T12:41:23.403,2026-05-28T12:56:53.403,Error desde Arduino: HX711 not found.,-0.44629519999944023
2.136131299999761,2.136131299999761,0.000583312,8,2026-05-28T12:41:24.060,2026-05-28T12:56:54.060,,2.467013000001316,-0.02,1.0,2026-05-28T12:41:24.393,2026-05-28T12:56:54.393,,0.33088170000155515
2.3511937000002945,2.3511937000002945,0.000583124,9,2026-05-28T12:41:24.276,2026-05-28T12:56:54.276,,2.467013000001316,-0.02,1.0,2026-05-28T12:41:24.393,2026-05-28T12:56:54.393,,0.11581930000102147
2.5662028000006103,2.5662028000006103,0.000583051,10,2026-05-28T12:41:24.493,2026-05-28T12:56:54.493,,2.4901750999997603,,2.0,2026-05-28T12:41:24.420,2026-05-28T12:56:54.420,Error desde Arduino: HX711 not found.,-0.07602770000085002
2.781211900000926,2.781211900000926,0.000582946,11,2026-05-28T12:41:24.710,2026-05-28T12:56:54.710,,2.4901750999997603,,2.0,2026-05-28T12:41:24.420,2026-05-28T12:56:54.420,Error desde Arduino: HX711 not found.,-0.29103680000116583
2.9963126000002376,2.9963126000002376,0.000582799,12,2026-05-28T12:41:24.926,2026-05-28T12:56:54.926,,3.482495199999903,-0.08,3.0,2026-05-28T12:41:25.410,2026-05-28T12:56:55.410,,0.4861825999996654
3.211499700000786,3.211499700000786,0.000582349,13,2026-05-28T12:41:25.144,2026-05-28T12:56:55.144,,3.482495199999903,-0.08,3.0,2026-05-28T12:41:25.410,2026-05-28T12:56:55.410,,0.2709954999991169
3.426574500001152,3.426574500001152,0.000582025,14,2026-05-28T12:41:25.353,2026-05-28T12:56:55.353,,3.482495199999903,-0.08,3.0,2026-05-28T12:41:25.410,2026-05-28T12:56:55.410,,0.05592069999875093
3.6416040000003704,3.6416040000003704,0.000581794,15,2026-05-28T12:41:25.569,2026-05-28T12:56:55.569,,3.505560700001297,,4.0,2026-05-28T12:41:25.436,2026-05-28T12:56:55.436,Error desde Arduino: HX711 not found.,-0.1360432999990735
3.8565241000014794,3.8565241000014794,0.000581658,16,2026-05-28T12:41:25.786,2026-05-28T12:56:55.786,,3.505560700001297,,4.0,2026-05-28T12:41:25.436,2026-05-28T12:56:55.436,Error desde Arduino: HX711 not found.,-0.35096340000018245
4.071502400000099,4.071502400000099,0.000581386,17,2026-05-28T12:41:26.003,2026-05-28T12:56:56.003,,4.498001400001158,-0.06,5.0,2026-05-28T12:41:26.426,2026-05-28T12:56:56.426,,0.42649900000105845
4.286746300000232,4.286746300000232,0.000581197,18,2026-05-28T12:41:26.212,2026-05-28T12:56:56.212,,4.498001400001158,-0.06,5.0,2026-05-28T12:41:26.426,2026-05-28T12:56:56.426,,0.21125510000092618
4.501659999999902,4.501659999999902,0.000580841,19,2026-05-28T12:41:26.426,2026-05-28T12:56:56.426,,4.498001400001158,-0.06,5.0,2026-05-28T12:41:26.426,2026-05-28T12:56:56.426,,-0.003658599998743739
4.716617699999915,4.716617699999915,0.000580538,20,2026-05-28T12:41:26.643,2026-05-28T12:56:56.643,,4.534785699999702,,7.0,2026-05-28T12:41:26.460,2026-05-28T12:56:56.460,Error desde Arduino: HX711 not found.,-0.18183200000021316
4.9317437000008795,4.9317437000008795,0.000580203,21,2026-05-28T12:41:26.860,2026-05-28T12:56:56.860,,4.534785699999702,,7.0,2026-05-28T12:41:26.460,2026-05-28T12:56:56.460,Error desde Arduino: HX711 not found.,-0.3969580000011774
5.146801800001413,5.146801800001413,0.000580014,22,2026-05-28T12:41:27.076,2026-05-28T12:56:57.076,,5.527097100000901,-0.08,8.0,2026-05-28T12:41:27.459,2026-05-28T12:56:57.459,,0.38029529999948863
5.361738499999774,5.361738499999774,0.000580412,23,2026-05-28T12:41:27.293,2026-05-28T12:56:57.293,,5.527097100000901,-0.08,8.0,2026-05-28T12:41:27.459,2026-05-28T12:56:57.459,,0.16535860000112734
5.576884100000825,5.576884100000825,0.000580978,24,2026-05-28T12:41:27.503,2026-05-28T12:56:57.503,,5.550357600001007,,9.0,2026-05-28T12:41:27.476,2026-05-28T12:56:57.476,Error desde Arduino: HX711 not found.,-0.026526499999818043
5.7919125000007625,5.7919125000007625,0.000581564,25,2026-05-28T12:41:27.720,2026-05-28T12:56:57.720,,5.550357600001007,,9.0,2026-05-28T12:41:27.476,2026-05-28T12:56:57.476,Error desde Arduino: HX711 not found.,-0.24155489999975543
6.007042600000204,6.007042600000204,0.000581867,26,2026-05-28T12:41:27.936,2026-05-28T12:56:57.936,,5.550357600001007,,9.0,2026-05-28T12:41:27.476,2026-05-28T12:56:57.476,Error desde Arduino: HX711 not found.,-0.4566849999991973
6.2219812000003,6.2219812000003,0.000582119,27,2026-05-28T12:41:28.146,2026-05-28T12:56:58.146,,6.5424901000005775,-0.08,10.0,2026-05-28T12:41:28.469,2026-05-28T12:56:58.469,,0.3205089000002772
6.4369841000007,6.4369841000007,0.000582171,28,2026-05-28T12:41:28.360,2026-05-28T12:56:58.360,,6.5424901000005775,-0.08,10.0,2026-05-28T12:41:28.469,2026-05-28T12:56:58.469,,0.10550599999987753
6.651954300001307,6.651954300001307,0.000582286,29,2026-05-28T12:41:28.578,2026-05-28T12:56:58.578,,6.565523900000699,,11.0,2026-05-28T12:41:28.493,2026-05-28T12:56:58.493,Error desde Arduino: HX711 not found.,-0.08643040000060864
6.866953700000522,6.866953700000522,0.00058237,30,2026-05-28T12:41:28.793,2026-05-28T12:56:58.793,,6.565523900000699,,11.0,2026-05-28T12:41:28.493,2026-05-28T12:56:58.493,Error desde Arduino: HX711 not found.,-0.30142979999982344
7.082186100000399,7.082186100000399,0.000581888,31,2026-05-28T12:41:29.010,2026-05-28T12:56:59.010,,7.557930800001486,-0.1,12.0,2026-05-28T12:41:29.486,2026-05-28T12:56:59.486,,0.47574470000108704
7.297182700000121,7.297182700000121,0.000581899,32,2026-05-28T12:41:29.226,2026-05-28T12:56:59.226,,7.557930800001486,-0.1,12.0,2026-05-28T12:41:29.486,2026-05-28T12:56:59.486,,0.26074810000136495
7.512301599999773,7.512301599999773,0.000581763,33,2026-05-28T12:41:29.443,2026-05-28T12:56:59.443,,7.557930800001486,-0.1,12.0,2026-05-28T12:41:29.486,2026-05-28T12:56:59.486,,0.04562920000171289
7.727498600001127,7.727498600001127,0.000581386,34,2026-05-28T12:41:29.653,2026-05-28T12:56:59.653,,7.581011899999794,,13.0,2026-05-28T12:41:29.510,2026-05-28T12:56:59.510,Error desde Arduino: HX711 not found.,-0.1464867000013328
7.942559400000391,7.942559400000391,0.000581585,35,2026-05-28T12:41:29.870,2026-05-28T12:56:59.870,,7.581011899999794,,13.0,2026-05-28T12:41:29.510,2026-05-28T12:56:59.510,Error desde Arduino: HX711 not found.,-0.3615475000005972
8.157371799999964,8.157371799999964,0.000581585,36,2026-05-28T12:41:30.086,2026-05-28T12:57:00.086,,8.5733737999999,-0.11,14.0,2026-05-28T12:41:30.503,2026-05-28T12:57:00.503,,0.4160019999999349
8.372339700001248,8.372339700001248,0.00058147,37,2026-05-28T12:41:30.303,2026-05-28T12:57:00.303,,8.5733737999999,-0.11,14.0,2026-05-28T12:41:30.503,2026-05-28T12:57:00.503,,0.20103409999865107
8.587454100001196,8.587454100001196,0.00058148,38,2026-05-28T12:41:30.519,2026-05-28T12:57:00.519,,8.59657370000059,,15.0,2026-05-28T12:41:30.528,2026-05-28T12:57:00.528,Error desde Arduino: HX711 not found.,0.009119599999394268
8.802418700000999,8.802418700000999,0.000581208,39,2026-05-28T12:41:30.726,2026-05-28T12:57:00.726,,8.59657370000059,,15.0,2026-05-28T12:41:30.528,2026-05-28T12:57:00.528,Error desde Arduino: HX711 not found.,-0.20584500000040862
9.017269300000407,9.017269300000407,0.000581281,40,2026-05-28T12:41:30.943,2026-05-28T12:57:00.943,,8.59657370000059,,15.0,2026-05-28T12:41:30.528,2026-05-28T12:57:00.528,Error desde Arduino: HX711 not found.,-0.4206955999998172
9.232312900001489,9.232312900001489,0.00058126,41,2026-05-28T12:41:31.160,2026-05-28T12:57:01.160,,9.588851100001193,-0.12,16.0,2026-05-28T12:41:31.512,2026-05-28T12:57:01.512,,0.3565381999997044
9.44757220000065,9.44757220000065,0.000580978,42,2026-05-28T12:41:31.376,2026-05-28T12:57:01.376,,9.588851100001193,-0.12,16.0,2026-05-28T12:41:31.512,2026-05-28T12:57:01.512,,0.14127890000054322
9.6626066000008,9.6626066000008,0.000580716,43,2026-05-28T12:41:31.593,2026-05-28T12:57:01.593,,9.61185579999983,,17.0,2026-05-28T12:41:31.543,2026-05-28T12:57:01.543,Error desde Arduino: HX711 not found.,-0.05075080000096932
9.877766300000076,9.877766300000076,0.000580548,44,2026-05-28T12:41:31.810,2026-05-28T12:57:01.810,,9.61185579999983,,17.0,2026-05-28T12:41:31.543,2026-05-28T12:57:01.543,Error desde Arduino: HX711 not found.,-0.2659105000002455
10.092766100000517,10.092766100000517,0.000580381,45,2026-05-28T12:41:32.019,2026-05-28T12:57:02.019,,9.61185579999983,,17.0,2026-05-28T12:41:31.543,2026-05-28T12:57:01.543,Error desde Arduino: HX711 not found.,-0.48091030000068713
10.307702300000528,10.307702300000528,0.000580203,46,2026-05-28T12:41:32.236,2026-05-28T12:57:02.236,,10.604258800000025,-0.1,18.0,2026-05-28T12:41:32.530,2026-05-28T12:57:02.530,,0.29655649999949674
10.522611899999902,10.522611899999902,0.00058036,47,2026-05-28T12:41:32.453,2026-05-28T12:57:02.453,,10.604258800000025,-0.1,18.0,2026-05-28T12:41:32.530,2026-05-28T12:57:02.530,,0.08164690000012342
10.73751810000067,10.73751810000067,0.000579972,48,2026-05-28T12:41:32.669,2026-05-28T12:57:02.669,,10.627271800000017,,19.0,2026-05-28T12:41:32.559,2026-05-28T12:57:02.559,Error desde Arduino: HX711 not found.,-0.11024630000065372
10.952669800000876,10.952669800000876,0.000580098,49,2026-05-28T12:41:32.877,2026-05-28T12:57:02.877,,10.627271800000017,,19.0,2026-05-28T12:41:32.559,2026-05-28T12:57:02.559,Error desde Arduino: HX711 not found.,-0.3253980000008596
11.16776310000023,11.16776310000023,0.000579878,50,2026-05-28T12:41:33.095,2026-05-28T12:57:03.095,,11.619683000000805,-0.15,20.0,2026-05-28T12:41:33.543,2026-05-28T12:57:03.543,,0.4519199000005756
11.382704000001468,11.382704000001468,0.00057992,51,2026-05-28T12:41:33.310,2026-05-28T12:57:03.310,,11.619683000000805,-0.15,20.0,2026-05-28T12:41:33.543,2026-05-28T12:57:03.543,,0.23697899999933725
11.597711899999922,11.597711899999922,0.00057992,52,2026-05-28T12:41:33.530,2026-05-28T12:57:03.530,,11.619683000000805,-0.15,20.0,2026-05-28T12:41:33.543,2026-05-28T12:57:03.543,,0.02197110000088287
11.812778100000287,11.812778100000287,0.000579575,53,2026-05-28T12:41:33.743,2026-05-28T12:57:03.743,,11.642738600001394,,21.0,2026-05-28T12:41:33.569,2026-05-28T12:57:03.569,Error desde Arduino: HX711 not found.,-0.170039499998893
12.02776460000132,12.02776460000132,0.000579794,54,2026-05-28T12:41:33.960,2026-05-28T12:57:03.960,,11.642738600001394,,21.0,2026-05-28T12:41:33.569,2026-05-28T12:57:03.569,Error desde Arduino: HX711 not found.,-0.38502599999992526
12.242783100000452,12.242783100000452,0.000579868,55,2026-05-28T12:41:34.172,2026-05-28T12:57:04.172,,12.63512559999981,-0.17,22.0,2026-05-28T12:41:34.560,2026-05-28T12:57:04.560,,0.39234249999935855
12.457843400001366,12.457843400001366,0.000580004,56,2026-05-28T12:41:34.386,2026-05-28T12:57:04.386,,12.63512559999981,-0.17,22.0,2026-05-28T12:41:34.560,2026-05-28T12:57:04.560,,0.1772821999984444
12.672902899999826,12.672902899999826,0.00058015,57,2026-05-28T12:41:34.603,2026-05-28T12:57:04.603,,12.65835380000135,,23.0,2026-05-28T12:41:34.586,2026-05-28T12:57:04.586,Error desde Arduino: HX711 not found.,-0.014549099998475867
12.887853899999755,12.887853899999755,0.000580119,58,2026-05-28T12:41:34.819,2026-05-28T12:57:04.819,,12.65835380000135,,23.0,2026-05-28T12:41:34.586,2026-05-28T12:57:04.586,Error desde Arduino: HX711 not found.,-0.22950009999840404
13.102852100000746,13.102852100000746,0.000580203,59,2026-05-28T12:41:35.031,2026-05-28T12:57:05.031,,12.65835380000135,,23.0,2026-05-28T12:41:34.586,2026-05-28T12:57:04.586,Error desde Arduino: HX711 not found.,-0.4444982999993954
13.317855600000257,13.317855600000257,0.000580213,60,2026-05-28T12:41:35.243,2026-05-28T12:57:05.243,,13.650561899999957,-0.12,24.0,2026-05-28T12:41:35.577,2026-05-28T12:57:05.577,,0.3327062999996997
13.532659899999999,13.532659899999999,0.000580224,61,2026-05-28T12:41:35.460,2026-05-28T12:57:05.460,,13.650561899999957,-0.12,24.0,2026-05-28T12:41:35.577,2026-05-28T12:57:05.577,,0.1179019999999582
13.747781400001259,13.747781400001259,0.000579931,62,2026-05-28T12:41:35.676,2026-05-28T12:57:05.676,,13.673694300001443,,25.0,2026-05-28T12:41:35.603,2026-05-28T12:57:05.603,Error desde Arduino: HX711 not found.,-0.07408709999981511
13.962851600001159,13.962851600001159,0.000579648,63,2026-05-28T12:41:35.893,2026-05-28T12:57:05.893,,13.673694300001443,,25.0,2026-05-28T12:41:35.603,2026-05-28T12:57:05.603,Error desde Arduino: HX711 not found.,-0.2891572999997152
14.177886299999955,14.177886299999955,0.000579522,64,2026-05-28T12:41:36.110,2026-05-28T12:57:06.110,,14.665954000000056,-0.21,26.0,2026-05-28T12:41:36.593,2026-05-28T12:57:06.593,,0.48806770000010147
14.393048600000839,14.393048600000839,0.000579543,65,2026-05-28T12:41:36.319,2026-05-28T12:57:06.319,,14.665954000000056,-0.21,26.0,2026-05-28T12:41:36.593,2026-05-28T12:57:06.593,,0.2729053999992175
14.608265000000756,14.608265000000756,0.00057948,66,2026-05-28T12:41:36.540,2026-05-28T12:57:06.540,,14.665954000000056,-0.21,26.0,2026-05-28T12:41:36.593,2026-05-28T12:57:06.593,,0.057688999999299995
14.823370000000068,14.823370000000068,0.000579365,67,2026-05-28T12:41:36.753,2026-05-28T12:57:06.753,,14.689193199999863,,27.0,2026-05-28T12:41:36.621,2026-05-28T12:57:06.621,Error desde Arduino: HX711 not found.,-0.13417680000020482
15.038371500000721,15.038371500000721,0.000579794,68,2026-05-28T12:41:36.969,2026-05-28T12:57:06.969,,14.689193199999863,,27.0,2026-05-28T12:41:36.621,2026-05-28T12:57:06.621,Error desde Arduino: HX711 not found.,-0.34917830000085814
15.253452099999777,15.253452099999777,0.000580213,69,2026-05-28T12:41:37.177,2026-05-28T12:57:07.177,,15.68133250000028,-0.16,28.0,2026-05-28T12:41:37.610,2026-05-28T12:57:07.610,,0.42788040000050387
15.468395699999746,15.468395699999746,0.00058103,70,2026-05-28T12:41:37.393,2026-05-28T12:57:07.393,,15.68133250000028,-0.16,28.0,2026-05-28T12:41:37.610,2026-05-28T12:57:07.610,,0.21293680000053428
15.683348500000648,15.683348500000648,0.000581512,71,2026-05-28T12:41:37.610,2026-05-28T12:57:07.610,,15.68133250000028,-0.16,28.0,2026-05-28T12:41:37.610,2026-05-28T12:57:07.610,,-0.0020160000003670575
15.898080099999788,15.898080099999788,0.000581878,72,2026-05-28T12:41:37.826,2026-05-28T12:57:07.826,,15.704639999999927,,29.0,2026-05-28T12:41:37.636,2026-05-28T12:57:07.636,Error desde Arduino: HX711 not found.,-0.19344009999986156
16.113169199999902,16.113169199999902,0.000582171,73,2026-05-28T12:41:38.043,2026-05-28T12:57:08.043,,15.704639999999927,,29.0,2026-05-28T12:41:37.636,2026-05-28T12:57:07.636,Error desde Arduino: HX711 not found.,-0.4085291999999754
16.328236500001367,16.328236500001367,0.00058236,74,2026-05-28T12:41:38.260,2026-05-28T12:57:08.260,,16.6968123000006,-0.17,30.0,2026-05-28T12:41:38.628,2026-05-28T12:57:08.628,,0.36857579999923473
16.543283500001053,16.543283500001053,0.000582443,75,2026-05-28T12:41:38.469,2026-05-28T12:57:08.469,,16.6968123000006,-0.17,30.0,2026-05-28T12:41:38.628,2026-05-28T12:57:08.628,,0.15352879999954894
16.75810580000143,16.75810580000143,0.000582412,76,2026-05-28T12:41:38.686,2026-05-28T12:57:08.686,,16.720020400000067,,31.0,2026-05-28T12:41:38.643,2026-05-28T12:57:08.643,Error desde Arduino: HX711 not found.,-0.03808540000136418
16.973108400001365,16.973108400001365,0.000582087,77,2026-05-28T12:41:38.903,2026-05-28T12:57:08.903,,16.720020400000067,,31.0,2026-05-28T12:41:38.643,2026-05-28T12:57:08.643,Error desde Arduino: HX711 not found.,-0.2530880000012985
17.18807470000138,17.18807470000138,0.000581637,78,2026-05-28T12:41:39.120,2026-05-28T12:57:09.120,,16.720020400000067,,31.0,2026-05-28T12:41:38.643,2026-05-28T12:57:08.643,Error desde Arduino: HX711 not found.,-0.4680543000013131
17.40325540000049,17.40325540000049,0.000581051,79,2026-05-28T12:41:39.331,2026-05-28T12:57:09.331,,17.712199900000996,-0.2,32.0,2026-05-28T12:41:39.643,2026-05-28T12:57:09.643,,0.3089445000005071
17.618234200001098,17.618234200001098,0.000580287,80,2026-05-28T12:41:39.543,2026-05-28T12:57:09.543,,17.712199900000996,-0.2,32.0,2026-05-28T12:41:39.643,2026-05-28T12:57:09.643,,0.09396569999989879
17.833385900001304,17.833385900001304,0.000580161,81,2026-05-28T12:41:39.760,2026-05-28T12:57:09.760,,17.735428500000125,,33.0,2026-05-28T12:41:39.660,2026-05-28T12:57:09.660,Error desde Arduino: HX711 not found.,-0.09795740000117803
18.04821500000071,18.04821500000071,0.000580569,82,2026-05-28T12:41:39.979,2026-05-28T12:57:09.979,,17.735428500000125,,33.0,2026-05-28T12:41:39.660,2026-05-28T12:57:09.660,Error desde Arduino: HX711 not found.,-0.31278650000058406
18.263233700001365,18.263233700001365,0.000580779,83,2026-05-28T12:41:40.193,2026-05-28T12:57:10.193,,18.727649500000553,-0.2,34.0,2026-05-28T12:41:40.660,2026-05-28T12:57:10.660,,0.4644157999991876
18.478204700000788,18.478204700000788,0.000581239,84,2026-05-28T12:41:40.410,2026-05-28T12:57:10.410,,18.727649500000553,-0.2,34.0,2026-05-28T12:41:40.660,2026-05-28T12:57:10.660,,0.24944479999976465
18.693594500000472,18.693594500000472,0.000581365,85,2026-05-28T12:41:40.620,2026-05-28T12:57:10.620,,18.727649500000553,-0.2,34.0,2026-05-28T12:41:40.660,2026-05-28T12:57:10.660,,0.03405500000008033
18.908620899999733,18.908620899999733,0.000581438,86,2026-05-28T12:41:40.838,2026-05-28T12:57:10.838,,18.75097690000075,,35.0,2026-05-28T12:41:40.676,2026-05-28T12:57:10.676,Error desde Arduino: HX711 not found.,-0.1576439999989816
19.123361900001328,19.123361900001328,0.00058148,87,2026-05-28T12:41:41.055,2026-05-28T12:57:11.055,,18.75097690000075,,35.0,2026-05-28T12:41:40.676,2026-05-28T12:57:10.676,Error desde Arduino: HX711 not found.,-0.37238500000057684
19.338408400000844,19.338408400000844,0.000581752,88,2026-05-28T12:41:41.270,2026-05-28T12:57:11.270,,19.7432160999997,-0.2,36.0,2026-05-28T12:41:41.669,2026-05-28T12:57:11.669,,0.40480769999885524
19.553484100000787,19.553484100000787,0.000581752,89,2026-05-28T12:41:41.477,2026-05-28T12:57:11.477,,19.7432160999997,-0.2,36.0,2026-05-28T12:41:41.669,2026-05-28T12:57:11.669,,0.18973199999891222
19.768527600001107,19.768527600001107,0.000582035,90,2026-05-28T12:41:41.693,2026-05-28T12:57:11.693,,19.766381000001275,,37.0,2026-05-28T12:41:41.693,2026-05-28T12:57:11.693,Error desde Arduino: HX711 not found.,-0.002146599999832688
19.983245600000373,19.983245600000373,0.000582066,91,2026-05-28T12:41:41.910,2026-05-28T12:57:11.910,,19.766381000001275,,37.0,2026-05-28T12:41:41.693,2026-05-28T12:57:11.693,Error desde Arduino: HX711 not found.,-0.21686459999909857
20.19832420000057,20.19832420000057,0.000582119,92,2026-05-28T12:41:42.126,2026-05-28T12:57:12.126,,19.766381000001275,,37.0,2026-05-28T12:41:41.693,2026-05-28T12:57:11.693,Error desde Arduino: HX711 not found.,-0.43194319999929576
20.41308460000073,20.41308460000073,0.00058215,93,2026-05-28T12:41:42.345,2026-05-28T12:57:12.345,,20.758666200001244,-0.24,38.0,2026-05-28T12:41:42.686,2026-05-28T12:57:12.686,,0.3455816000005143
20.628310100000817,20.628310100000817,0.000582496,94,2026-05-28T12:41:42.560,2026-05-28T12:57:12.560,,20.758666200001244,-0.24,38.0,2026-05-28T12:41:42.686,2026-05-28T12:57:12.686,,0.13035610000042652
20.84321480000108,20.84321480000108,0.00058259,95,2026-05-28T12:41:42.770,2026-05-28T12:57:12.770,,20.781710100000055,,39.0,2026-05-28T12:41:42.710,2026-05-28T12:57:12.710,Error desde Arduino: HX711 not found.,-0.06150470000102359
21.05826960000013,21.05826960000013,0.00058259,96,2026-05-28T12:41:42.986,2026-05-28T12:57:12.986,,20.781710100000055,,39.0,2026-05-28T12:41:42.710,2026-05-28T12:57:12.710,Error desde Arduino: HX711 not found.,-0.2765595000000758
21.273306400000365,21.273306400000365,0.000582956,97,2026-05-28T12:41:43.203,2026-05-28T12:57:13.203,,20.781710100000055,,39.0,2026-05-28T12:41:42.710,2026-05-28T12:57:12.710,Error desde Arduino: HX711 not found.,-0.4915963000003103
21.488178000001426,21.488178000001426,0.000583312,98,2026-05-28T12:41:43.419,2026-05-28T12:57:13.419,,21.774084599999696,-0.25,40.0,2026-05-28T12:41:43.705,2026-05-28T12:57:13.705,,0.2859065999982704
21.702998200000366,21.702998200000366,0.000583417,99,2026-05-28T12:41:43.626,2026-05-28T12:57:13.626,,21.774084599999696,-0.25,40.0,2026-05-28T12:41:43.705,2026-05-28T12:57:13.705,,0.07108639999933075
21.9179507000008,21.9179507000008,0.000583543,100,2026-05-28T12:41:43.847,2026-05-28T12:57:13.847,,21.79712770000151,,41.0,2026-05-28T12:41:43.726,2026-05-28T12:57:13.726,Error desde Arduino: HX711 not found.,-0.12082299999929091
22.132748199999696,22.132748199999696,0.000583626,101,2026-05-28T12:41:44.060,2026-05-28T12:57:14.060,,21.79712770000151,,41.0,2026-05-28T12:41:43.726,2026-05-28T12:57:13.726,Error desde Arduino: HX711 not found.,-0.33562049999818555
22.34789500000079,22.34789500000079,0.000583626,102,2026-05-28T12:41:44.276,2026-05-28T12:57:14.276,,22.78948980000132,-0.24,42.0,2026-05-28T12:41:44.719,2026-05-28T12:57:14.719,,0.4415948000005301
22.56299930000023,22.56299930000023,0.000583679,103,2026-05-28T12:41:44.493,2026-05-28T12:57:14.493,,22.78948980000132,-0.24,42.0,2026-05-28T12:41:44.719,2026-05-28T12:57:14.719,,0.22649050000109128
22.778115900000557,22.778115900000557,0.000583658,104,2026-05-28T12:41:44.710,2026-05-28T12:57:14.710,,22.78948980000132,-0.24,42.0,2026-05-28T12:41:44.719,2026-05-28T12:57:14.719,,0.01137390000076266
22.9931531000002,22.9931531000002,0.000583773,105,2026-05-28T12:41:44.919,2026-05-28T12:57:14.919,,22.812574400000813,,43.0,2026-05-28T12:41:44.743,2026-05-28T12:57:14.743,Error desde Arduino: HX711 not found.,-0.18057869999938703
23.208336700001382,23.208336700001382,0.000583783,106,2026-05-28T12:41:45.136,2026-05-28T12:57:15.136,,22.812574400000813,,43.0,2026-05-28T12:41:44.743,2026-05-28T12:57:14.743,Error desde Arduino: HX711 not found.,-0.39576230000056967
23.423523299999943,23.423523299999943,0.000583815,107,2026-05-28T12:41:45.353,2026-05-28T12:57:15.353,,23.80484080000133,-0.25,44.0,2026-05-28T12:41:45.736,2026-05-28T12:57:15.736,,0.3813175000013871
23.638303600000654,23.638303600000654,0.000584014,108,2026-05-28T12:41:45.570,2026-05-28T12:57:15.570,,23.80484080000133,-0.25,44.0,2026-05-28T12:41:45.736,2026-05-28T12:57:15.736,,0.1665372000006755
23.853439000000435,23.853439000000435,0.000584045,109,2026-05-28T12:41:45.776,2026-05-28T12:57:15.776,,23.840308800001367,,46.0,2026-05-28T12:41:45.769,2026-05-28T12:57:15.769,Error desde Arduino: HX711 not found.,-0.013130199999068282
24.068544400000974,24.068544400000974,0.000584234,110,2026-05-28T12:41:45.993,2026-05-28T12:57:15.993,,23.840308800001367,,46.0,2026-05-28T12:41:45.769,2026-05-28T12:57:15.769,Error desde Arduino: HX711 not found.,-0.22823559999960708
24.283645700001216,24.283645700001216,0.000584391,111,2026-05-28T12:41:46.210,2026-05-28T12:57:16.210,,23.840308800001367,,46.0,2026-05-28T12:41:45.769,2026-05-28T12:57:15.769,Error desde Arduino: HX711 not found.,-0.44333689999984927
24.498566700000083,24.498566700000083,0.000584307,112,2026-05-28T12:41:46.426,2026-05-28T12:57:16.426,,24.832434699999794,-0.3,47.0,2026-05-28T12:41:46.765,2026-05-28T12:57:16.765,,0.3338679999997112
24.713595400000486,24.713595400000486,0.000584244,113,2026-05-28T12:41:46.643,2026-05-28T12:57:16.643,,24.832434699999794,-0.3,47.0,2026-05-28T12:41:46.765,2026-05-28T12:57:16.765,,0.11883929999930842
24.92840260000048,24.92840260000048,0.000584464,114,2026-05-28T12:41:46.860,2026-05-28T12:57:16.860,,24.85550990000047,,48.0,2026-05-28T12:41:46.786,2026-05-28T12:57:16.786,Error desde Arduino: HX711 not found.,-0.07289270000001125
25.143504600000597,25.143504600000597,0.000584579,115,2026-05-28T12:41:47.069,2026-05-28T12:57:17.069,,24.85550990000047,,48.0,2026-05-28T12:41:46.786,2026-05-28T12:57:16.786,Error desde Arduino: HX711 not found.,-0.2879947000001266
25.358458800001245,25.358458800001245,0.00058483,116,2026-05-28T12:41:47.286,2026-05-28T12:57:17.286,,25.847890500001085,-0.27,49.0,2026-05-28T12:41:47.776,2026-05-28T12:57:17.776,,0.48943169999984093
25.573384900000747,25.573384900000747,0.000585071,117,2026-05-28T12:41:47.503,2026-05-28T12:57:17.503,,25.847890500001085,-0.27,49.0,2026-05-28T12:41:47.776,2026-05-28T12:57:17.776,,0.27450560000033875
25.788244999999733,25.788244999999733,0.00058504,118,2026-05-28T12:41:47.719,2026-05-28T12:57:17.719,,25.847890500001085,-0.27,49.0,2026-05-28T12:41:47.776,2026-05-28T12:57:17.776,,0.05964550000135205
26.003431799999817,26.003431799999817,0.000584799,119,2026-05-28T12:41:47.929,2026-05-28T12:57:17.929,,25.870845200000986,,50.0,2026-05-28T12:41:47.803,2026-05-28T12:57:17.803,Error desde Arduino: HX711 not found.,-0.13258659999883093
26.218640700000833,26.218640700000833,0.000584506,120,2026-05-28T12:41:48.143,2026-05-28T12:57:18.143,,25.870845200000986,,50.0,2026-05-28T12:41:47.803,2026-05-28T12:57:17.803,Error desde Arduino: HX711 not found.,-0.3477954999998474
26.43363500000123,26.43363500000123,0.000584495,121,2026-05-28T12:41:48.360,2026-05-28T12:57:18.360,,26.863283100001354,-0.33,51.0,2026-05-28T12:41:48.793,2026-05-28T12:57:18.793,,0.4296481000001222
26.64858490000006,26.64858490000006,0.000584433,122,2026-05-28T12:41:48.576,2026-05-28T12:57:18.576,,26.863283100001354,-0.33,51.0,2026-05-28T12:41:48.793,2026-05-28T12:57:18.793,,0.21469820000129403
26.86374210000031,26.86374210000031,0.000584506,123,2026-05-28T12:41:48.793,2026-05-28T12:57:18.793,,26.863283100001354,-0.33,51.0,2026-05-28T12:41:48.793,2026-05-28T12:57:18.793,,-0.00045899999895482324
27.07871460000024,27.07871460000024,0.000584977,124,2026-05-28T12:41:49.010,2026-05-28T12:57:19.010,,26.88653990000057,,52.0,2026-05-28T12:41:48.810,2026-05-28T12:57:18.810,Error desde Arduino: HX711 not found.,-0.19217469999966852
27.293733200000133,27.293733200000133,0.000584925,125,2026-05-28T12:41:49.226,2026-05-28T12:57:19.226,,26.88653990000057,,52.0,2026-05-28T12:41:48.810,2026-05-28T12:57:18.810,Error desde Arduino: HX711 not found.,-0.40719329999956244
27.508704600000783,27.508704600000783,0.000584799,126,2026-05-28T12:41:49.436,2026-05-28T12:57:19.436,,27.878787000001466,-0.39,53.0,2026-05-28T12:41:49.810,2026-05-28T12:57:19.810,,0.37008240000068326
27.72347280000031,27.72347280000031,0.000584935,127,2026-05-28T12:41:49.655,2026-05-28T12:57:19.655,,27.878787000001466,-0.39,53.0,2026-05-28T12:41:49.810,2026-05-28T12:57:19.810,,0.1553142000011576
27.938456200001383,27.938456200001383,0.000584851,128,2026-05-28T12:41:49.871,2026-05-28T12:57:19.871,,27.90181450000091,,54.0,2026-05-28T12:41:49.826,2026-05-28T12:57:19.826,Error desde Arduino: HX711 not found.,-0.036641700000473065
28.15326660000028,28.15326660000028,0.000584747,129,2026-05-28T12:41:50.081,2026-05-28T12:57:20.081,,27.90181450000091,,54.0,2026-05-28T12:41:49.826,2026-05-28T12:57:19.826,Error desde Arduino: HX711 not found.,-0.25145209999936924
28.36836779999976,28.36836779999976,0.000584652,130,2026-05-28T12:41:50.293,2026-05-28T12:57:20.293,,27.90181450000091,,54.0,2026-05-28T12:41:49.826,2026-05-28T12:57:19.826,Error desde Arduino: HX711 not found.,-0.46655329999885
28.583473500000764,28.583473500000764,0.000584757,131,2026-05-28T12:41:50.510,2026-05-28T12:57:20.510,,28.894186499999705,-0.31,55.0,2026-05-28T12:41:50.826,2026-05-28T12:57:20.826,,0.3107129999989411
28.798551600000792,28.798551600000792,0.000584998,132,2026-05-28T12:41:50.726,2026-05-28T12:57:20.726,,28.894186499999705,-0.31,55.0,2026-05-28T12:41:50.826,2026-05-28T12:57:20.826,,0.09563489999891317
29.013597900000605,29.013597900000605,0.00058527,133,2026-05-28T12:41:50.943,2026-05-28T12:57:20.943,,28.917387900000904,,56.0,2026-05-28T12:41:50.843,2026-05-28T12:57:20.843,Error desde Arduino: HX711 not found.,-0.09620999999970081
29.228586799999903,29.228586799999903,0.000585459,134,2026-05-28T12:41:51.161,2026-05-28T12:57:21.161,,28.917387900000904,,56.0,2026-05-28T12:41:50.843,2026-05-28T12:57:20.843,Error desde Arduino: HX711 not found.,-0.31119889999899897
29.44342250000045,29.44342250000045,0.000585616,135,2026-05-28T12:41:51.376,2026-05-28T12:57:21.376,,29.909581400001116,-0.32,57.0,2026-05-28T12:41:51.836,2026-05-28T12:57:21.836,,0.4661589000006643
29.658474200001365,29.658474200001365,0.000585678,136,2026-05-28T12:41:51.589,2026-05-28T12:57:21.589,,29.909581400001116,-0.32,57.0,2026-05-28T12:41:51.836,2026-05-28T12:57:21.836,,0.2511071999997512
29.873421100000996,29.873421100000996,0.000585877,137,2026-05-28T12:41:51.803,2026-05-28T12:57:21.803,,29.909581400001116,-0.32,57.0,2026-05-28T12:41:51.836,2026-05-28T12:57:21.836,,0.036160300000119605
30.0885343000009,30.0885343000009,0.000585982,138,2026-05-28T12:41:52.019,2026-05-28T12:57:22.019,,29.93138540000109,,58.0,2026-05-28T12:41:51.864,2026-05-28T12:57:21.864,Error desde Arduino: HX711 not found.,-0.15714889999981096
30.30351789999986,30.30351789999986,0.000585909,139,2026-05-28T12:41:52.226,2026-05-28T12:57:22.226,,29.93138540000109,,58.0,2026-05-28T12:41:51.864,2026-05-28T12:57:21.864,Error desde Arduino: HX711 not found.,-0.37213249999877007
30.51846520000072,30.51846520000072,0.000585993,140,2026-05-28T12:41:52.443,2026-05-28T12:57:22.443,,30.92504370000097,-0.28,59.0,2026-05-28T12:41:52.853,2026-05-28T12:57:22.853,,0.40657850000025064
30.73339930000111,30.73339930000111,0.00058594,141,2026-05-28T12:41:52.665,2026-05-28T12:57:22.665,,30.92504370000097,-0.28,59.0,2026-05-28T12:41:52.853,2026-05-28T12:57:22.853,,0.19164439999985916
30.948435899999822,30.948435899999822,0.000586139,142,2026-05-28T12:41:52.876,2026-05-28T12:57:22.876,,30.94808270000067,,60.0,2026-05-28T12:41:52.876,2026-05-28T12:57:22.876,Error desde Arduino: HX711 not found.,-0.00035319999915373046
31.16327960000126,31.16327960000126,0.000586233,143,2026-05-28T12:41:53.093,2026-05-28T12:57:23.093,,30.94808270000067,,60.0,2026-05-28T12:41:52.876,2026-05-28T12:57:22.876,Error desde Arduino: HX711 not found.,-0.215196900000592
31.378417900001295,31.378417900001295,0.000586286,144,2026-05-28T12:41:53.310,2026-05-28T12:57:23.310,,30.94808270000067,,60.0,2026-05-28T12:41:52.876,2026-05-28T12:57:22.876,Error desde Arduino: HX711 not found.,-0.4303352000006271
31.593303100000412,31.593303100000412,0.000586317,145,2026-05-28T12:41:53.519,2026-05-28T12:57:23.519,,31.940395900001022,-0.3,61.0,2026-05-28T12:41:53.873,2026-05-28T12:57:23.873,,0.3470928000006097
31.808526700000584,31.808526700000584,0.000586286,146,2026-05-28T12:41:53.736,2026-05-28T12:57:23.736,,31.940395900001022,-0.3,61.0,2026-05-28T12:41:53.873,2026-05-28T12:57:23.873,,0.13186920000043756
32.023472500000935,32.023472500000935,0.00058616,147,2026-05-28T12:41:53.953,2026-05-28T12:57:23.953,,31.963467100000344,,62.0,2026-05-28T12:41:53.893,2026-05-28T12:57:23.893,Error desde Arduino: HX711 not found.,-0.06000540000059118
32.238107400000445,32.238107400000445,0.000586118,148,2026-05-28T12:41:54.170,2026-05-28T12:57:24.170,,31.963467100000344,,62.0,2026-05-28T12:41:53.893,2026-05-28T12:57:23.893,Error desde Arduino: HX711 not found.,-0.274640300000101
32.45308660000046,32.45308660000046,0.000586087,149,2026-05-28T12:41:54.376,2026-05-28T12:57:24.376,,31.963467100000344,,62.0,2026-05-28T12:41:53.893,2026-05-28T12:57:23.893,Error desde Arduino: HX711 not found.,-0.4896195000001171
32.6680520000009,32.6680520000009,0.000585762,150,2026-05-28T12:41:54.593,2026-05-28T12:57:24.593,,32.95581149999998,-0.33,63.0,2026-05-28T12:41:54.886,2026-05-28T12:57:24.886,,0.28775949999908335
32.88310960000126,32.88310960000126,0.000585595,151,2026-05-28T12:41:54.810,2026-05-28T12:57:24.810,,32.95581149999998,-0.33,63.0,2026-05-28T12:41:54.886,2026-05-28T12:57:24.886,,0.07270189999871945
33.09799010000097,33.09799010000097,0.000585207,152,2026-05-28T12:41:55.030,2026-05-28T12:57:25.030,,32.978921800000535,,64.0,2026-05-28T12:41:54.910,2026-05-28T12:57:24.910,Error desde Arduino: HX711 not found.,-0.11906830000043556
33.31311810000079,33.31311810000079,0.000585155,153,2026-05-28T12:41:55.243,2026-05-28T12:57:25.243,,32.978921800000535,,64.0,2026-05-28T12:41:54.910,2026-05-28T12:57:24.910,Error desde Arduino: HX711 not found.,-0.3341963000002579
33.52798080000139,33.52798080000139,0.000585165,154,2026-05-28T12:41:55.460,2026-05-28T12:57:25.460,,33.971224599999914,-0.39,65.0,2026-05-28T12:41:55.903,2026-05-28T12:57:25.903,,0.4432437999985268
33.74285370000143,33.74285370000143,0.000585302,155,2026-05-28T12:41:55.675,2026-05-28T12:57:25.675,,33.971224599999914,-0.39,65.0,2026-05-28T12:41:55.903,2026-05-28T12:57:25.903,,0.22837089999848104
33.957624900000155,33.957624900000155,0.000585448,156,2026-05-28T12:41:55.888,2026-05-28T12:57:25.888,,33.971224599999914,-0.39,65.0,2026-05-28T12:41:55.903,2026-05-28T12:57:25.903,,0.013599699999758741
34.17274130000078,34.17274130000078,0.000585804,157,2026-05-28T12:41:56.103,2026-05-28T12:57:26.103,,33.99431480000021,,66.0,2026-05-28T12:41:55.926,2026-05-28T12:57:25.926,Error desde Arduino: HX711 not found.,-0.17842650000056892
34.38766660000147,34.38766660000147,0.000586349,158,2026-05-28T12:41:56.319,2026-05-28T12:57:26.319,,33.99431480000021,,66.0,2026-05-28T12:41:55.926,2026-05-28T12:57:25.926,Error desde Arduino: HX711 not found.,-0.39335180000125547
34.60270060000039,34.60270060000039,0.000586568,159,2026-05-28T12:41:56.530,2026-05-28T12:57:26.530,,34.98664860000099,-0.4,67.0,2026-05-28T12:41:56.916,2026-05-28T12:57:26.916,,0.3839480000006006
34.81767360000049,34.81767360000049,0.00058683,160,2026-05-28T12:41:56.743,2026-05-28T12:57:26.743,,34.98664860000099,-0.4,67.0,2026-05-28T12:41:56.916,2026-05-28T12:57:26.916,,0.16897500000050059
35.032741500001066,35.032741500001066,0.000586809,161,2026-05-28T12:41:56.965,2026-05-28T12:57:26.965,,35.009787800001504,,68.0,2026-05-28T12:41:56.936,2026-05-28T12:57:26.936,Error desde Arduino: HX711 not found.,-0.02295369999956165
35.24778400000105,35.24778400000105,0.000586914,162,2026-05-28T12:41:57.176,2026-05-28T12:57:27.176,,35.009787800001504,,68.0,2026-05-28T12:41:56.936,2026-05-28T12:57:26.936,Error desde Arduino: HX711 not found.,-0.23799619999954302
35.46303070000067,35.46303070000067,0.000587228,163,2026-05-28T12:41:57.393,2026-05-28T12:57:27.393,,35.009787800001504,,68.0,2026-05-28T12:41:56.936,2026-05-28T12:57:26.936,Error desde Arduino: HX711 not found.,-0.453242899999168
35.67793239999992,35.67793239999992,0.00058728,164,2026-05-28T12:41:57.609,2026-05-28T12:57:27.609,,36.00213059999987,-0.42,69.0,2026-05-28T12:41:57.926,2026-05-28T12:57:27.926,,0.32419819999995525
35.89314410000043,35.89314410000043,0.000587511,165,2026-05-28T12:41:57.820,2026-05-28T12:57:27.820,,36.00213059999987,-0.42,69.0,2026-05-28T12:41:57.926,2026-05-28T12:57:27.926,,0.1089864999994461
36.10815569999977,36.10815569999977,0.000587532,166,2026-05-28T12:41:58.040,2026-05-28T12:57:28.040,,36.02528960000018,,70.0,2026-05-28T12:41:57.953,2026-05-28T12:57:27.953,Error desde Arduino: HX711 not found.,-0.08286609999959182
36.32325649999984,36.32325649999984,0.000587678,167,2026-05-28T12:41:58.253,2026-05-28T12:57:28.253,,36.02528960000018,,70.0,2026-05-28T12:41:57.953,2026-05-28T12:57:27.953,Error desde Arduino: HX711 not found.,-0.29796689999966475
36.53819400000066,36.53819400000066,0.000588003,168,2026-05-28T12:41:58.470,2026-05-28T12:57:28.470,,37.01755349999985,-0.36,71.0,2026-05-28T12:41:58.943,2026-05-28T12:57:28.943,,0.47935949999919103
36.75320660000034,36.75320660000034,0.000588202,169,2026-05-28T12:41:58.676,2026-05-28T12:57:28.676,,37.01755349999985,-0.36,71.0,2026-05-28T12:41:58.943,2026-05-28T12:57:28.943,,0.26434689999950933
36.968440600001486,36.968440600001486,0.00058817,170,2026-05-28T12:41:58.893,2026-05-28T12:57:28.893,,37.01755349999985,-0.36,71.0,2026-05-28T12:41:58.943,2026-05-28T12:57:28.943,,0.04911289999836299
37.18349320000016,37.18349320000016,0.000588327,171,2026-05-28T12:41:59.110,2026-05-28T12:57:29.110,,37.040722200001255,,72.0,2026-05-28T12:41:58.973,2026-05-28T12:57:28.973,Error desde Arduino: HX711 not found.,-0.14277099999890197
37.39856959999997,37.39856959999997,0.000588359,172,2026-05-28T12:41:59.327,2026-05-28T12:57:29.327,,37.040722200001255,,72.0,2026-05-28T12:41:58.973,2026-05-28T12:57:28.973,Error desde Arduino: HX711 not found.,-0.3578473999987182
37.61351890000151,37.61351890000151,0.000588055,173,2026-05-28T12:41:59.543,2026-05-28T12:57:29.543,,38.032934200000454,-0.36,73.0,2026-05-28T12:41:59.965,2026-05-28T12:57:29.965,,0.41941529999894556
37.82855430000018,37.82855430000018,0.000587783,174,2026-05-28T12:41:59.761,2026-05-28T12:57:29.761,,38.032934200000454,-0.36,73.0,2026-05-28T12:41:59.965,2026-05-28T12:57:29.965,,0.2043799000002764
38.04342020000149,38.04342020000149,0.000587741,175,2026-05-28T12:41:59.975,2026-05-28T12:57:29.975,,38.032934200000454,-0.36,73.0,2026-05-28T12:41:59.965,2026-05-28T12:57:29.965,,-0.01048600000103761
38.25847550000071,38.25847550000071,0.000587542,176,2026-05-28T12:42:00.186,2026-05-28T12:57:30.186,,38.05625289999989,,74.0,2026-05-28T12:41:59.986,2026-05-28T12:57:29.986,Error desde Arduino: HX711 not found.,-0.20222260000082315
38.47330640000109,38.47330640000109,0.00058749,177,2026-05-28T12:42:00.403,2026-05-28T12:57:30.403,,38.05625289999989,,74.0,2026-05-28T12:41:59.986,2026-05-28T12:57:29.986,Error desde Arduino: HX711 not found.,-0.41705350000120234
38.68829370000094,38.68829370000094,0.000587427,178,2026-05-28T12:42:00.620,2026-05-28T12:57:30.620,,39.048364300000685,-0.37,75.0,2026-05-28T12:42:00.976,2026-05-28T12:57:30.976,,0.36007059999974445
38.90330350000113,38.90330350000113,0.000587416,179,2026-05-28T12:42:00.834,2026-05-28T12:57:30.834,,39.048364300000685,-0.37,75.0,2026-05-28T12:42:00.976,2026-05-28T12:57:30.976,,0.14506079999955546
39.118433800000275,39.118433800000275,0.000587416,180,2026-05-28T12:42:01.043,2026-05-28T12:57:31.043,,39.07139140000072,,76.0,2026-05-28T12:42:01.003,2026-05-28T12:57:31.003,Error desde Arduino: HX711 not found.,-0.04704239999955462
39.33350710000013,39.33350710000013,0.000587574,181,2026-05-28T12:42:01.266,2026-05-28T12:57:31.266,,39.07139140000072,,76.0,2026-05-28T12:42:01.003,2026-05-28T12:57:31.003,Error desde Arduino: HX711 not found.,-0.26211569999941275
39.54864880000059,39.54864880000059,0.000587804,182,2026-05-28T12:42:01.476,2026-05-28T12:57:31.476,,39.07139140000072,,76.0,2026-05-28T12:42:01.003,2026-05-28T12:57:31.003,Error desde Arduino: HX711 not found.,-0.47725739999987127
39.76376230000096,39.76376230000096,0.000587741,183,2026-05-28T12:42:01.693,2026-05-28T12:57:31.693,,40.063676400000986,-0.38,77.0,2026-05-28T12:42:01.993,2026-05-28T12:57:31.993,,0.2999141000000236
39.9788849000015,39.9788849000015,0.000587783,184,2026-05-28T12:42:01.910,2026-05-28T12:57:31.910,,40.063676400000986,-0.38,77.0,2026-05-28T12:42:01.993,2026-05-28T12:57:31.993,,0.08479149999948277
40.19381919999978,40.19381919999978,0.000587856,185,2026-05-28T12:42:02.126,2026-05-28T12:57:32.126,,40.086966500000926,,78.0,2026-05-28T12:42:02.019,2026-05-28T12:57:32.019,Error desde Arduino: HX711 not found.,-0.1068526999988535
40.40893959999994,40.40893959999994,0.00058795,186,2026-05-28T12:42:02.341,2026-05-28T12:57:32.341,,40.086966500000926,,78.0,2026-05-28T12:42:02.019,2026-05-28T12:57:32.019,Error desde Arduino: HX711 not found.,-0.32197309999901336
40.62395260000085,40.62395260000085,0.000588087,187,2026-05-28T12:42:02.553,2026-05-28T12:57:32.553,,41.07904490000146,-0.45,79.0,2026-05-28T12:42:03.010,2026-05-28T12:57:33.010,,0.45509230000061507
40.838864500001364,40.838864500001364,0.000588139,188,2026-05-28T12:42:02.771,2026-05-28T12:57:32.771,,41.07904490000146,-0.45,79.0,2026-05-28T12:42:03.010,2026-05-28T12:57:33.010,,0.24018040000009933
41.0537486000012,41.0537486000012,0.000588296,189,2026-05-28T12:42:02.985,2026-05-28T12:57:32.985,,41.07904490000146,-0.45,79.0,2026-05-28T12:42:03.010,2026-05-28T12:57:33.010,,0.025296300000263727
41.268673800001125,41.268673800001125,0.000587961,190,2026-05-28T12:42:03.193,2026-05-28T12:57:33.193,,41.102165700000114,,80.0,2026-05-28T12:42:03.030,2026-05-28T12:57:33.030,Error desde Arduino: HX711 not found.,-0.16650810000101046
41.48372650000056,41.48372650000056,0.000588045,191,2026-05-28T12:42:03.410,2026-05-28T12:57:33.410,,41.102165700000114,,80.0,2026-05-28T12:42:03.030,2026-05-28T12:57:33.030,Error desde Arduino: HX711 not found.,-0.3815608000004431
41.698551400000724,41.698551400000724,0.000588034,192,2026-05-28T12:42:03.626,2026-05-28T12:57:33.626,,42.09452179999971,-0.51,81.0,2026-05-28T12:42:04.026,2026-05-28T12:57:34.026,,0.395970399998987
41.91354820000015,41.91354820000015,0.000587992,193,2026-05-28T12:42:03.843,2026-05-28T12:57:33.843,,42.09452179999971,-0.51,81.0,2026-05-28T12:42:04.026,2026-05-28T12:57:34.026,,0.18097359999956097
42.12857470000017,42.12857470000017,0.000587772,194,2026-05-28T12:42:04.061,2026-05-28T12:57:34.061,,42.11766929999976,,82.0,2026-05-28T12:42:04.050,2026-05-28T12:57:34.050,Error desde Arduino: HX711 not found.,-0.010905400000410737
42.34354590000112,42.34354590000112,0.000587867,195,2026-05-28T12:42:04.276,2026-05-28T12:57:34.276,,42.11766929999976,,82.0,2026-05-28T12:42:04.050,2026-05-28T12:57:34.050,Error desde Arduino: HX711 not found.,-0.22587660000135656
42.55858210000042,42.55858210000042,0.000587605,196,2026-05-28T12:42:04.486,2026-05-28T12:57:34.486,,42.11766929999976,,82.0,2026-05-28T12:42:04.050,2026-05-28T12:57:34.050,Error desde Arduino: HX711 not found.,-0.44091280000066035
42.77355090000128,42.77355090000128,0.000587375,197,2026-05-28T12:42:04.703,2026-05-28T12:57:34.703,,43.11004030000004,-0.48,83.0,2026-05-28T12:42:05.040,2026-05-28T12:57:35.040,,0.3364893999987544
42.988495100000364,42.988495100000364,0.000587207,198,2026-05-28T12:42:04.920,2026-05-28T12:57:34.920,,43.11004030000004,-0.48,83.0,2026-05-28T12:42:05.040,2026-05-28T12:57:35.040,,0.12154519999967306
43.203769400000965,43.203769400000965,0.000587343,199,2026-05-28T12:42:05.126,2026-05-28T12:57:35.126,,43.13311729999987,,84.0,2026-05-28T12:42:05.065,2026-05-28T12:57:35.065,Error desde Arduino: HX711 not found.,-0.070652100001098
43.418718900000385,43.418718900000385,0.000587343,200,2026-05-28T12:42:05.343,2026-05-28T12:57:35.343,,43.13311729999987,,84.0,2026-05-28T12:42:05.065,2026-05-28T12:57:35.065,Error desde Arduino: HX711 not found.,-0.2856016000005184
43.63383489999978,43.63383489999978,0.000587427,201,2026-05-28T12:42:05.566,2026-05-28T12:57:35.566,,44.12544420000086,-0.48,85.0,2026-05-28T12:42:06.053,2026-05-28T12:57:36.053,,0.4916093000010733
43.848786600001404,43.848786600001404,0.00058728,202,2026-05-28T12:42:05.776,2026-05-28T12:57:35.776,,44.12544420000086,-0.48,85.0,2026-05-28T12:42:06.053,2026-05-28T12:57:36.053,,0.27665759999945294
44.063689700000396,44.063689700000396,0.000587615,203,2026-05-28T12:42:05.993,2026-05-28T12:57:35.993,,44.12544420000086,-0.48,85.0,2026-05-28T12:42:06.053,2026-05-28T12:57:36.053,,0.06175450000046112
44.27873630000067,44.27873630000067,0.000587563,204,2026-05-28T12:42:06.210,2026-05-28T12:57:36.210,,44.1486029000007,,86.0,2026-05-28T12:42:06.076,2026-05-28T12:57:36.076,Error desde Arduino: HX711 not found.,-0.13013339999997697
44.49370810000073,44.49370810000073,0.0005875,205,2026-05-28T12:42:06.426,2026-05-28T12:57:36.426,,44.1486029000007,,86.0,2026-05-28T12:42:06.076,2026-05-28T12:57:36.076,Error desde Arduino: HX711 not found.,-0.34510520000003453
44.70872050000071,44.70872050000071,0.000587123,206,2026-05-28T12:42:06.636,2026-05-28T12:57:36.636,,45.140709200000856,-0.48,87.0,2026-05-28T12:42:07.072,2026-05-28T12:57:37.072,,0.4319887000001472
44.923842800000784,44.923842800000784,0.000586998,207,2026-05-28T12:42:06.853,2026-05-28T12:57:36.853,,45.140709200000856,-0.48,87.0,2026-05-28T12:42:07.072,2026-05-28T12:57:37.072,,0.21686640000007174
45.13882780000131,45.13882780000131,0.00058705,208,2026-05-28T12:42:07.070,2026-05-28T12:57:37.070,,45.140709200000856,-0.48,87.0,2026-05-28T12:42:07.072,2026-05-28T12:57:37.072,,0.001881399999547284
45.35401860000093,45.35401860000093,0.000586977,209,2026-05-28T12:42:07.286,2026-05-28T12:57:37.286,,45.16390020000108,,88.0,2026-05-28T12:42:07.093,2026-05-28T12:57:37.093,Error desde Arduino: HX711 not found.,-0.1901183999998466
45.56908720000138,45.56908720000138,0.000586987,210,2026-05-28T12:42:07.493,2026-05-28T12:57:37.493,,45.16390020000108,,88.0,2026-05-28T12:42:07.093,2026-05-28T12:57:37.093,Error desde Arduino: HX711 not found.,-0.4051870000002964
45.78414669999984,45.78414669999984,0.000586872,211,2026-05-28T12:42:07.710,2026-05-28T12:57:37.710,,46.15603250000095,-0.53,89.0,2026-05-28T12:42:08.088,2026-05-28T12:57:38.088,,0.3718858000011096
45.99935689999984,45.99935689999984,0.000586746,212,2026-05-28T12:42:07.926,2026-05-28T12:57:37.926,,46.15603250000095,-0.53,89.0,2026-05-28T12:42:08.088,2026-05-28T12:57:38.088,,0.15667560000110825
46.214348500001506,46.214348500001506,0.000586757,213,2026-05-28T12:42:08.143,2026-05-28T12:57:38.143,,46.191086599999835,,91.0,2026-05-28T12:42:08.120,2026-05-28T12:57:38.120,Error desde Arduino: HX711 not found.,-0.023261900001671165
46.42922610000096,46.42922610000096,0.000586495,214,2026-05-28T12:42:08.361,2026-05-28T12:57:38.361,,46.191086599999835,,91.0,2026-05-28T12:42:08.120,2026-05-28T12:57:38.120,Error desde Arduino: HX711 not found.,-0.23813950000112527
46.64406229999986,46.64406229999986,0.000586621,215,2026-05-28T12:42:08.576,2026-05-28T12:57:38.576,,46.191086599999835,,91.0,2026-05-28T12:42:08.120,2026-05-28T12:57:38.120,Error desde Arduino: HX711 not found.,-0.4529757000000245
46.858940500000244,46.858940500000244,0.000586453,216,2026-05-28T12:42:08.786,2026-05-28T12:57:38.786,,47.18348930000138,-0.49,92.0,2026-05-28T12:42:09.110,2026-05-28T12:57:39.110,,0.32454880000113917
47.07379030000084,47.07379030000084,0.000586338,217,2026-05-28T12:42:09.003,2026-05-28T12:57:39.003,,47.18348930000138,-0.49,92.0,2026-05-28T12:42:09.110,2026-05-28T12:57:39.110,,0.10969900000054622
47.28890060000049,47.28890060000049,0.000586244,218,2026-05-28T12:42:09.220,2026-05-28T12:57:39.220,,47.2065687000013,,93.0,2026-05-28T12:42:09.138,2026-05-28T12:57:39.138,Error desde Arduino: HX711 not found.,-0.08233189999918977
47.50384790000135,47.50384790000135,0.000586034,219,2026-05-28T12:42:09.426,2026-05-28T12:57:39.426,,47.2065687000013,,93.0,2026-05-28T12:42:09.138,2026-05-28T12:57:39.138,Error desde Arduino: HX711 not found.,-0.29727920000004815
47.71945170000072,47.71945170000072,0.000586055,220,2026-05-28T12:42:09.643,2026-05-28T12:57:39.643,,48.19889890000013,-0.49,94.0,2026-05-28T12:42:10.127,2026-05-28T12:57:40.127,,0.479447199999413
47.93428430000131,47.93428430000131,0.000586055,221,2026-05-28T12:42:09.866,2026-05-28T12:57:39.866,,48.19889890000013,-0.49,94.0,2026-05-28T12:42:10.127,2026-05-28T12:57:40.127,,0.2646145999988221
48.14945110000008,48.14945110000008,0.000585982,222,2026-05-28T12:42:10.076,2026-05-28T12:57:40.076,,48.19889890000013,-0.49,94.0,2026-05-28T12:42:10.127,2026-05-28T12:57:40.127,,0.049447800000052666
48.36455360000036,48.36455360000036,0.000585815,223,2026-05-28T12:42:10.293,2026-05-28T12:57:40.293,,48.22200510000039,,95.0,2026-05-28T12:42:10.153,2026-05-28T12:57:40.153,Error desde Arduino: HX711 not found.,-0.14254849999997532
48.57937029999994,48.57937029999994,0.000585762,224,2026-05-28T12:42:10.510,2026-05-28T12:57:40.510,,48.22200510000039,,95.0,2026-05-28T12:42:10.153,2026-05-28T12:57:40.153,Error desde Arduino: HX711 not found.,-0.3573651999995491
48.794326600000204,48.794326600000204,0.0005855,225,2026-05-28T12:42:10.726,2026-05-28T12:57:40.726,,49.21435030000066,-0.55,96.0,2026-05-28T12:42:11.143,2026-05-28T12:57:41.143,,0.4200237000004563
49.00932190000094,49.00932190000094,0.000585207,226,2026-05-28T12:42:10.936,2026-05-28T12:57:40.936,,49.21435030000066,-0.55,96.0,2026-05-28T12:42:11.143,2026-05-28T12:57:41.143,,0.2050283999997191
49.22424210000099,49.22424210000099,0.000585312,227,2026-05-28T12:42:11.153,2026-05-28T12:57:41.153,,49.21435030000066,-0.55,96.0,2026-05-28T12:42:11.143,2026-05-28T12:57:41.143,,-0.009891800000332296
49.43920570000046,49.43920570000046,0.000585176,228,2026-05-28T12:42:11.371,2026-05-28T12:57:41.371,,49.23752450000029,,97.0,2026-05-28T12:42:11.170,2026-05-28T12:57:41.170,Error desde Arduino: HX711 not found.,-0.20168120000016643
49.65542800000003,49.65542800000003,0.000585207,229,2026-05-28T12:42:11.586,2026-05-28T12:57:41.586,,49.23752450000029,,97.0,2026-05-28T12:42:11.170,2026-05-28T12:57:41.170,Error desde Arduino: HX711 not found.,-0.4179034999997384
49.88048780000099,49.88048780000099,0.000585249,230,2026-05-28T12:42:11.810,2026-05-28T12:57:41.810,,50.229919000001246,-0.57,98.0,2026-05-28T12:42:12.162,2026-05-28T12:57:42.162,,0.34943120000025374
50.09556650000013,50.09556650000013,0.000585008,231,2026-05-28T12:42:12.027,2026-05-28T12:57:42.027,,50.229919000001246,-0.57,98.0,2026-05-28T12:42:12.162,2026-05-28T12:57:42.162,,0.1343525000011141
50.310468700001366,50.310468700001366,0.000585061,232,2026-05-28T12:42:12.242,2026-05-28T12:57:42.242,,50.25295410000035,,99.0,2026-05-28T12:42:12.184,2026-05-28T12:57:42.184,Error desde Arduino: HX711 not found.,-0.057514600001013605
50.525473700001385,50.525473700001385,0.000584956,233,2026-05-28T12:42:12.453,2026-05-28T12:57:42.453,,50.25295410000035,,99.0,2026-05-28T12:42:12.184,2026-05-28T12:57:42.184,Error desde Arduino: HX711 not found.,-0.2725196000010328
50.74041560000114,50.74041560000114,0.000584977,234,2026-05-28T12:42:12.673,2026-05-28T12:57:42.673,,50.25295410000035,,99.0,2026-05-28T12:42:12.184,2026-05-28T12:57:42.184,Error desde Arduino: HX711 not found.,-0.4874615000007907
50.955330000000686,50.955330000000686,0.000584956,235,2026-05-28T12:42:12.886,2026-05-28T12:57:42.886,,51.24537750000127,-0.58,100.0,2026-05-28T12:42:13.176,2026-05-28T12:57:43.176,,0.29004750000058266
51.17010459999983,51.17010459999983,0.000584809,236,2026-05-28T12:42:13.093,2026-05-28T12:57:43.093,,51.24537750000127,-0.58,100.0,2026-05-28T12:42:13.176,2026-05-28T12:57:43.176,,0.07527290000143694
51.38530619999983,51.38530619999983,0.000584789,237,2026-05-28T12:42:13.310,2026-05-28T12:57:43.310,,51.268674400000236,,101.0,2026-05-28T12:42:13.193,2026-05-28T12:57:43.193,Error desde Arduino: HX711 not found.,-0.11663179999959539
51.60022460000073,51.60022460000073,0.000584862,238,2026-05-28T12:42:13.530,2026-05-28T12:57:43.530,,51.268674400000236,,101.0,2026-05-28T12:42:13.193,2026-05-28T12:57:43.193,Error desde Arduino: HX711 not found.,-0.3315502000004926
51.81520290000117,51.81520290000117,0.000585008,239,2026-05-28T12:42:13.743,2026-05-28T12:57:43.743,,52.26081890000023,-0.58,102.0,2026-05-28T12:42:14.193,2026-05-28T12:57:44.193,,0.4456159999990632
52.0301840000011,52.0301840000011,0.000584851,240,2026-05-28T12:42:13.962,2026-05-28T12:57:43.962,,52.26081890000023,-0.58,102.0,2026-05-28T12:42:14.193,2026-05-28T12:57:44.193,,0.23063489999913145
52.24516810000023,52.24516810000023,0.000584967,241,2026-05-28T12:42:14.176,2026-05-28T12:57:44.176,,52.26081890000023,-0.58,102.0,2026-05-28T12:42:14.193,2026-05-28T12:57:44.193,,0.015650800000003073
52.460119100000156,52.460119100000156,0.000584904,242,2026-05-28T12:42:14.386,2026-05-28T12:57:44.386,,52.284177000001364,,103.0,2026-05-28T12:42:14.210,2026-05-28T12:57:44.210,Error desde Arduino: HX711 not found.,-0.1759420999987924
52.6751105000003,52.6751105000003,0.000584673,243,2026-05-28T12:42:14.603,2026-05-28T12:57:44.603,,52.284177000001364,,103.0,2026-05-28T12:42:14.210,2026-05-28T12:57:44.210,Error desde Arduino: HX711 not found.,-0.3909334999989369
52.88988330000029,52.88988330000029,0.000584841,244,2026-05-28T12:42:14.820,2026-05-28T12:57:44.820,,53.27620999999999,-0.62,104.0,2026-05-28T12:42:15.203,2026-05-28T12:57:45.203,,0.3863266999996995
53.10503400000016,53.10503400000016,0.000584548,245,2026-05-28T12:42:15.030,2026-05-28T12:57:45.030,,53.27620999999999,-0.62,104.0,2026-05-28T12:42:15.203,2026-05-28T12:57:45.203,,0.17117599999983213
53.320005700001275,53.320005700001275,0.000584632,246,2026-05-28T12:42:15.243,2026-05-28T12:57:45.243,,53.29940370000077,,105.0,2026-05-28T12:42:15.226,2026-05-28T12:57:45.226,Error desde Arduino: HX711 not found.,-0.02060200000050827
53.535188600000765,53.535188600000765,0.000584642,247,2026-05-28T12:42:15.467,2026-05-28T12:57:45.467,,53.29940370000077,,105.0,2026-05-28T12:42:15.226,2026-05-28T12:57:45.226,Error desde Arduino: HX711 not found.,-0.23578489999999874
53.75016810000125,53.75016810000125,0.000584579,248,2026-05-28T12:42:15.676,2026-05-28T12:57:45.676,,53.29940370000077,,105.0,2026-05-28T12:42:15.226,2026-05-28T12:57:45.226,Error desde Arduino: HX711 not found.,-0.45076440000048024
53.96509420000075,53.96509420000075,0.000584705,249,2026-05-28T12:42:15.893,2026-05-28T12:57:45.893,,54.2915963000014,-0.61,106.0,2026-05-28T12:42:16.220,2026-05-28T12:57:46.220,,0.3265021000006527
54.18013810000048,54.18013810000048,0.000584684,250,2026-05-28T12:42:16.110,2026-05-28T12:57:46.110,,54.2915963000014,-0.61,106.0,2026-05-28T12:42:16.220,2026-05-28T12:57:46.220,,0.11145820000092499
54.395210900000166,54.395210900000166,0.000584527,251,2026-05-28T12:42:16.326,2026-05-28T12:57:46.326,,54.314651599999706,,107.0,2026-05-28T12:42:16.243,2026-05-28T12:57:46.243,Error desde Arduino: HX711 not found.,-0.08055930000045919
54.61022940000112,54.61022940000112,0.00058459,252,2026-05-28T12:42:16.542,2026-05-28T12:57:46.542,,54.314651599999706,,107.0,2026-05-28T12:42:16.243,2026-05-28T12:57:46.243,Error desde Arduino: HX711 not found.,-0.29557780000141065
54.825223600000754,54.825223600000754,0.000584558,253,2026-05-28T12:42:16.753,2026-05-28T12:57:46.753,,55.30704770000011,-0.57,108.0,2026-05-28T12:42:17.236,2026-05-28T12:57:47.236,,0.4818240999993577
55.040179999999964,55.040179999999964,0.0005846,254,2026-05-28T12:42:16.972,2026-05-28T12:57:46.972,,55.30704770000011,-0.57,108.0,2026-05-28T12:42:17.236,2026-05-28T12:57:47.236,,0.26686770000014803
55.255267300000924,55.255267300000924,0.000584537,255,2026-05-28T12:42:17.186,2026-05-28T12:57:47.186,,55.30704770000011,-0.57,108.0,2026-05-28T12:42:17.236,2026-05-28T12:57:47.236,,0.051780399999188376
55.470316800001456,55.470316800001456,0.000584736,256,2026-05-28T12:42:17.393,2026-05-28T12:57:47.393,,55.33024780000051,,109.0,2026-05-28T12:42:17.262,2026-05-28T12:57:47.262,Error desde Arduino: HX711 not found.,-0.14006900000094902
55.68514800000048,55.68514800000048,0.000584537,257,2026-05-28T12:42:17.612,2026-05-28T12:57:47.612,,55.33024780000051,,109.0,2026-05-28T12:42:17.262,2026-05-28T12:57:47.262,Error desde Arduino: HX711 not found.,-0.3549001999999746
55.900188000001435,55.900188000001435,0.000584632,258,2026-05-28T12:42:17.826,2026-05-28T12:57:47.826,,56.32240190000084,-0.67,110.0,2026-05-28T12:42:18.253,2026-05-28T12:57:48.253,,0.42221389999940584
56.115135300000475,56.115135300000475,0.000584516,259,2026-05-28T12:42:18.043,2026-05-28T12:57:48.043,,56.32240190000084,-0.67,110.0,2026-05-28T12:42:18.253,2026-05-28T12:57:48.253,,0.20726660000036645
56.33018110000012,56.33018110000012,0.000584474,260,2026-05-28T12:42:18.262,2026-05-28T12:57:48.262,,56.32240190000084,-0.67,110.0,2026-05-28T12:42:18.253,2026-05-28T12:57:48.253,,-0.007779199999276898
56.54517889999988,56.54517889999988,0.000584443,261,2026-05-28T12:42:18.476,2026-05-28T12:57:48.476,,56.34555879999971,,111.0,2026-05-28T12:42:18.276,2026-05-28T12:57:48.276,Error desde Arduino: HX711 not found.,-0.19962010000017472
56.76025120000122,56.76025120000122,0.000584485,262,2026-05-28T12:42:18.693,2026-05-28T12:57:48.693,,56.34555879999971,,111.0,2026-05-28T12:42:18.276,2026-05-28T12:57:48.276,Error desde Arduino: HX711 not found.,-0.4146924000015133
56.975268199999846,56.975268199999846,0.000584328,263,2026-05-28T12:42:18.903,2026-05-28T12:57:48.903,,57.338022900001306,-0.6,112.0,2026-05-28T12:42:19.270,2026-05-28T12:57:49.270,,0.36275470000146015
57.190284400001474,57.190284400001474,0.000584296,264,2026-05-28T12:42:19.119,2026-05-28T12:57:49.119,,57.338022900001306,-0.6,112.0,2026-05-28T12:42:19.270,2026-05-28T12:57:49.270,,0.14773849999983213
57.40531069999997,57.40531069999997,0.000583909,265,2026-05-28T12:42:19.336,2026-05-28T12:57:49.336,,57.36114550000093,,113.0,2026-05-28T12:42:19.293,2026-05-28T12:57:49.293,Error desde Arduino: HX711 not found.,-0.04416519999904267
57.62049330000082,57.62049330000082,0.000584056,266,2026-05-28T12:42:19.543,2026-05-28T12:57:49.543,,57.36114550000093,,113.0,2026-05-28T12:42:19.293,2026-05-28T12:57:49.293,Error desde Arduino: HX711 not found.,-0.2593477999998868
57.83551679999982,57.83551679999982,0.000583794,267,2026-05-28T12:42:19.767,2026-05-28T12:57:49.767,,57.36114550000093,,113.0,2026-05-28T12:42:19.293,2026-05-28T12:57:49.293,Error desde Arduino: HX711 not found.,-0.47437129999889294
58.050688600000285,58.050688600000285,0.000583742,268,2026-05-28T12:42:19.976,2026-05-28T12:57:49.976,,58.35333770000034,-0.68,114.0,2026-05-28T12:42:20.276,2026-05-28T12:57:50.276,,0.3026491000000533
58.26575520000006,58.26575520000006,0.000583783,269,2026-05-28T12:42:20.193,2026-05-28T12:57:50.193,,58.35333770000034,-0.68,114.0,2026-05-28T12:42:20.276,2026-05-28T12:57:50.276,,0.08758250000028056
58.480826300001354,58.480826300001354,0.000583595,270,2026-05-28T12:42:20.410,2026-05-28T12:57:50.410,,58.3766556999999,,115.0,2026-05-28T12:42:20.303,2026-05-28T12:57:50.303,Error desde Arduino: HX711 not found.,-0.10417060000145284
58.6960207000011,58.6960207000011,0.000583427,271,2026-05-28T12:42:20.626,2026-05-28T12:57:50.626,,58.3766556999999,,115.0,2026-05-28T12:42:20.303,2026-05-28T12:57:50.303,Error desde Arduino: HX711 not found.,-0.3193650000011985
58.9108623000011,58.9108623000011,0.000583469,272,2026-05-28T12:42:20.843,2026-05-28T12:57:50.843,,59.36873700000069,-0.7,116.0,2026-05-28T12:42:21.293,2026-05-28T12:57:51.293,,0.45787469999959285
59.12584880000031,59.12584880000031,0.000583448,273,2026-05-28T12:42:21.056,2026-05-28T12:57:51.056,,59.36873700000069,-0.7,116.0,2026-05-28T12:42:21.293,2026-05-28T12:57:51.293,,0.24288820000037958
59.340795199999775,59.340795199999775,0.000583176,274,2026-05-28T12:42:21.273,2026-05-28T12:57:51.273,,59.36873700000069,-0.7,116.0,2026-05-28T12:42:21.293,2026-05-28T12:57:51.293,,0.027941800000917283
59.55565430000024,59.55565430000024,0.000583302,275,2026-05-28T12:42:21.486,2026-05-28T12:57:51.486,,59.392044400001396,,117.0,2026-05-28T12:42:21.320,2026-05-28T12:57:51.320,Error desde Arduino: HX711 not found.,-0.16360989999884623
59.7711016000012,59.7711016000012,0.000583124,276,2026-05-28T12:42:21.703,2026-05-28T12:57:51.703,,59.392044400001396,,117.0,2026-05-28T12:42:21.320,2026-05-28T12:57:51.320,Error desde Arduino: HX711 not found.,-0.37905719999980647
59.98609360000046,59.98609360000046,0.000582967,277,2026-05-28T12:42:21.910,2026-05-28T12:57:51.910,,60.38420920000135,-0.69,118.0,2026-05-28T12:42:22.310,2026-05-28T12:57:52.310,,0.3981156000008923
60.200909299999694,60.200909299999694,0.000582904,278,2026-05-28T12:42:22.132,2026-05-28T12:57:52.132,,60.38420920000135,-0.69,118.0,2026-05-28T12:42:22.310,2026-05-28T12:57:52.310,,0.18329990000165708
60.41606900000079,60.41606900000079,0.000582873,279,2026-05-28T12:42:22.343,2026-05-28T12:57:52.343,,60.407353100001274,,119.0,2026-05-28T12:42:22.336,2026-05-28T12:57:52.336,Error desde Arduino: HX711 not found.,-0.008715899999515386
60.631007100000716,60.631007100000716,0.000583113,280,2026-05-28T12:42:22.563,2026-05-28T12:57:52.563,,60.407353100001274,,119.0,2026-05-28T12:42:22.336,2026-05-28T12:57:52.336,Error desde Arduino: HX711 not found.,-0.22365399999944202
60.84602460000133,60.84602460000133,0.000583082,281,2026-05-28T12:42:22.776,2026-05-28T12:57:52.776,,60.407353100001274,,119.0,2026-05-28T12:42:22.336,2026-05-28T12:57:52.336,Error desde Arduino: HX711 not found.,-0.43867150000005495
61.06091660000129,61.06091660000129,0.000583166,282,2026-05-28T12:42:22.993,2026-05-28T12:57:52.993,,61.3996285000012,-0.68,120.0,2026-05-28T12:42:23.326,2026-05-28T12:57:53.326,,0.3387118999999075
61.27592300000106,61.27592300000106,0.000583501,283,2026-05-28T12:42:23.203,2026-05-28T12:57:53.203,,61.3996285000012,-0.68,120.0,2026-05-28T12:42:23.326,2026-05-28T12:57:53.326,,0.12370550000014191
61.49088130000018,61.49088130000018,0.000583407,284,2026-05-28T12:42:23.420,2026-05-28T12:57:53.420,,61.42286370000147,,121.0,2026-05-28T12:42:23.353,2026-05-28T12:57:53.353,Error desde Arduino: HX711 not found.,-0.06801759999871138
61.70575760000065,61.70575760000065,0.000583417,285,2026-05-28T12:42:23.636,2026-05-28T12:57:53.636,,61.42286370000147,,121.0,2026-05-28T12:42:23.353,2026-05-28T12:57:53.353,Error desde Arduino: HX711 not found.,-0.2828938999991806
61.92133699999977,61.92133699999977,0.000583417,286,2026-05-28T12:42:23.853,2026-05-28T12:57:53.853,,62.415127700000085,-0.66,122.0,2026-05-28T12:42:24.343,2026-05-28T12:57:54.343,,0.4937907000003179
62.1364451999998,62.1364451999998,0.000583187,287,2026-05-28T12:42:24.068,2026-05-28T12:57:54.068,,62.415127700000085,-0.66,122.0,2026-05-28T12:42:24.343,2026-05-28T12:57:54.343,,0.2786825000002864
62.35150130000147,62.35150130000147,0.000583302,288,2026-05-28T12:42:24.276,2026-05-28T12:57:54.276,,62.415127700000085,-0.66,122.0,2026-05-28T12:42:24.343,2026-05-28T12:57:54.343,,0.0636263999986113
62.56649970000035,62.56649970000035,0.000582988,289,2026-05-28T12:42:24.493,2026-05-28T12:57:54.493,,62.43839230000049,,123.0,2026-05-28T12:42:24.371,2026-05-28T12:57:54.371,Error desde Arduino: HX711 not found.,-0.12810739999986254
62.781565299999784,62.781565299999784,0.000582998,290,2026-05-28T12:42:24.710,2026-05-28T12:57:54.710,,62.43839230000049,,123.0,2026-05-28T12:42:24.371,2026-05-28T12:57:54.371,Error desde Arduino: HX711 not found.,-0.34317299999929674
62.99643810000089,62.99643810000089,0.000582988,291,2026-05-28T12:42:24.926,2026-05-28T12:57:54.926,,63.430489399999715,-0.71,124.0,2026-05-28T12:42:25.363,2026-05-28T12:57:55.363,,0.43405129999882774
63.211411500000395,63.211411500000395,0.000582789,292,2026-05-28T12:42:25.143,2026-05-28T12:57:55.143,,63.430489399999715,-0.71,124.0,2026-05-28T12:42:25.363,2026-05-28T12:57:55.363,,0.21907789999931992
63.426268600000185,63.426268600000185,0.000582747,293,2026-05-28T12:42:25.353,2026-05-28T12:57:55.353,,63.430489399999715,-0.71,124.0,2026-05-28T12:42:25.363,2026-05-28T12:57:55.363,,0.004220799999529845
63.64769030000025,63.64769030000025,0.000582799,294,2026-05-28T12:42:25.576,2026-05-28T12:57:55.576,,63.45368170000074,,125.0,2026-05-28T12:42:25.376,2026-05-28T12:57:55.376,Error desde Arduino: HX711 not found.,-0.19400859999950626
63.86278090000087,63.86278090000087,0.000582674,295,2026-05-28T12:42:25.793,2026-05-28T12:57:55.793,,63.45368170000074,,125.0,2026-05-28T12:42:25.376,2026-05-28T12:57:55.376,Error desde Arduino: HX711 not found.,-0.4090992000001279
64.07784189999984,64.07784189999984,0.000582778,296,2026-05-28T12:42:26.010,2026-05-28T12:57:56.010,,64.4458895000007,-0.72,126.0,2026-05-28T12:42:26.376,2026-05-28T12:57:56.376,,0.3680476000008639
64.29271400000107,64.29271400000107,0.000582695,297,2026-05-28T12:42:26.219,2026-05-28T12:57:56.219,,64.4458895000007,-0.72,126.0,2026-05-28T12:42:26.376,2026-05-28T12:57:56.376,,0.15317549999963376
64.50782190000064,64.50782190000064,0.000582726,298,2026-05-28T12:42:26.436,2026-05-28T12:57:56.436,,64.46892690000095,,127.0,2026-05-28T12:42:26.393,2026-05-28T12:57:56.393,Error desde Arduino: HX711 not found.,-0.03889499999968393
64.72280780000074,64.72280780000074,0.000582695,299,2026-05-28T12:42:26.653,2026-05-28T12:57:56.653,,64.46892690000095,,127.0,2026-05-28T12:42:26.393,2026-05-28T12:57:56.393,Error desde Arduino: HX711 not found.,-0.25388089999978547
64.93771809999998,64.93771809999998,0.000582789,300,2026-05-28T12:42:26.870,2026-05-28T12:57:56.870,,64.46892690000095,,127.0,2026-05-28T12:42:26.393,2026-05-28T12:57:56.393,Error desde Arduino: HX711 not found.,-0.46879119999903196
65.15261190000092,65.15261190000092,0.000582946,301,2026-05-28T12:42:27.076,2026-05-28T12:57:57.076,,65.4613156000014,-0.76,128.0,2026-05-28T12:42:27.393,2026-05-28T12:57:57.393,,0.3087037000004784
65.3679129000011,65.3679129000011,0.000582935,302,2026-05-28T12:42:27.293,2026-05-28T12:57:57.293,,65.4613156000014,-0.76,128.0,2026-05-28T12:42:27.393,2026-05-28T12:57:57.393,,0.09340270000029705
65.58298910000121,65.58298910000121,0.000582946,303,2026-05-28T12:42:27.510,2026-05-28T12:57:57.510,,65.48452700000053,,129.0,2026-05-28T12:42:27.410,2026-05-28T12:57:57.410,Error desde Arduino: HX711 not found.,-0.09846210000068822
65.797794600001,65.797794600001,0.000583103,304,2026-05-28T12:42:27.726,2026-05-28T12:57:57.726,,65.48452700000053,,129.0,2026-05-28T12:42:27.410,2026-05-28T12:57:57.410,Error desde Arduino: HX711 not found.,-0.31326760000047216
66.01277269999991,66.01277269999991,0.000583344,305,2026-05-28T12:42:27.943,2026-05-28T12:57:57.943,,66.4768976000014,-0.7,130.0,2026-05-28T12:42:28.409,2026-05-28T12:57:58.409,,0.46412490000147955
66.22780270000112,66.22780270000112,0.000583427,306,2026-05-28T12:42:28.160,2026-05-28T12:57:58.160,,66.4768976000014,-0.7,130.0,2026-05-28T12:42:28.409,2026-05-28T12:57:58.409,,0.2490949000002729
66.4427625999997,66.4427625999997,0.000583511,307,2026-05-28T12:42:28.375,2026-05-28T12:57:58.375,,66.4768976000014,-0.7,130.0,2026-05-28T12:42:28.409,2026-05-28T12:57:58.409,,0.034135000001697335
66.65758480000113,66.65758480000113,0.00058349,308,2026-05-28T12:42:28.586,2026-05-28T12:57:58.586,,66.50014940000074,,131.0,2026-05-28T12:42:28.426,2026-05-28T12:57:58.426,Error desde Arduino: HX711 not found.,-0.15743540000039502
66.87249220000012,66.87249220000012,0.000583438,309,2026-05-28T12:42:28.803,2026-05-28T12:57:58.803,,66.50014940000074,,131.0,2026-05-28T12:42:28.426,2026-05-28T12:57:58.426,Error desde Arduino: HX711 not found.,-0.37234279999938735
67.0874672000009,67.0874672000009,0.000583302,310,2026-05-28T12:42:29.020,2026-05-28T12:57:59.020,,67.49243910000041,-0.77,132.0,2026-05-28T12:42:29.421,2026-05-28T12:57:59.421,,0.40497189999950933
67.3025503000008,67.3025503000008,0.00058303,311,2026-05-28T12:42:29.226,2026-05-28T12:57:59.226,,67.49243910000041,-0.77,132.0,2026-05-28T12:42:29.421,2026-05-28T12:57:59.421,,0.18988879999960773
67.51748100000077,67.51748100000077,0.000583061,312,2026-05-28T12:42:29.443,2026-05-28T12:57:59.443,,67.5155276000005,,133.0,2026-05-28T12:42:29.443,2026-05-28T12:57:59.443,Error desde Arduino: HX711 not found.,-0.0019534000002749963
67.73245390000011,67.73245390000011,0.000582946,313,2026-05-28T12:42:29.664,2026-05-28T12:57:59.664,,67.5155276000005,,133.0,2026-05-28T12:42:29.443,2026-05-28T12:57:59.443,Error desde Arduino: HX711 not found.,-0.21692629999961355
67.94731200000024,67.94731200000024,0.000582967,314,2026-05-28T12:42:29.876,2026-05-28T12:57:59.876,,67.5155276000005,,133.0,2026-05-28T12:42:29.443,2026-05-28T12:57:59.443,Error desde Arduino: HX711 not found.,-0.43178439999974216
68.1626492000014,68.1626492000014,0.000583113,315,2026-05-28T12:42:30.093,2026-05-28T12:58:00.093,,68.50788410000132,-0.74,134.0,2026-05-28T12:42:30.436,2026-05-28T12:58:00.436,,0.3452348999999231
68.37737610000113,68.37737610000113,0.000582873,316,2026-05-28T12:42:30.310,2026-05-28T12:58:00.310,,68.50788410000132,-0.74,134.0,2026-05-28T12:42:30.436,2026-05-28T12:58:00.436,,0.1305080000001908
68.59230070000012,68.59230070000012,0.000582862,317,2026-05-28T12:42:30.520,2026-05-28T12:58:00.520,,68.54311000000052,,136.0,2026-05-28T12:42:30.475,2026-05-28T12:58:00.475,Error desde Arduino: HX711 not found.,-0.04919069999959902
68.80730050000057,68.80730050000057,0.000582904,318,2026-05-28T12:42:30.736,2026-05-28T12:58:00.736,,68.54311000000052,,136.0,2026-05-28T12:42:30.475,2026-05-28T12:58:00.475,Error desde Arduino: HX711 not found.,-0.26419050000004063
69.02223390000108,69.02223390000108,0.000582674,319,2026-05-28T12:42:30.952,2026-05-28T12:58:00.952,,68.54311000000052,,136.0,2026-05-28T12:42:30.475,2026-05-28T12:58:00.475,Error desde Arduino: HX711 not found.,-0.47912390000055893
69.23719270000038,69.23719270000038,0.000582967,320,2026-05-28T12:42:31.169,2026-05-28T12:58:01.169,,69.53532180000002,-0.82,137.0,2026-05-28T12:42:31.467,2026-05-28T12:58:01.467,,0.29812909999964177
69.4524192000008,69.4524192000008,0.000582799,321,2026-05-28T12:42:31.376,2026-05-28T12:58:01.376,,69.53532180000002,-0.82,137.0,2026-05-28T12:42:31.467,2026-05-28T12:58:01.467,,0.08290259999921545
69.66749890000028,69.66749890000028,0.000582852,322,2026-05-28T12:42:31.593,2026-05-28T12:58:01.593,,69.55840040000112,,138.0,2026-05-28T12:42:31.486,2026-05-28T12:58:01.486,Error desde Arduino: HX711 not found.,-0.10909849999916332
69.88264760000129,69.88264760000129,0.000582852,323,2026-05-28T12:42:31.810,2026-05-28T12:58:01.810,,69.55840040000112,,138.0,2026-05-28T12:42:31.486,2026-05-28T12:58:01.486,Error desde Arduino: HX711 not found.,-0.3242472000001726
70.09769600000072,70.09769600000072,0.000582789,324,2026-05-28T12:42:32.030,2026-05-28T12:58:02.030,,70.55072520000067,-0.78,139.0,2026-05-28T12:42:32.479,2026-05-28T12:58:02.479,,0.4530291999999463
70.31280530000004,70.31280530000004,0.000582914,325,2026-05-28T12:42:32.243,2026-05-28T12:58:02.243,,70.55072520000067,-0.78,139.0,2026-05-28T12:42:32.479,2026-05-28T12:58:02.479,,0.2379199000006338
70.52780570000141,70.52780570000141,0.000582925,326,2026-05-28T12:42:32.459,2026-05-28T12:58:02.459,,70.55072520000067,-0.78,139.0,2026-05-28T12:42:32.479,2026-05-28T12:58:02.479,,0.02291949999926146
70.74271349999981,70.74271349999981,0.000582674,327,2026-05-28T12:42:32.675,2026-05-28T12:58:02.675,,70.57388379999975,,140.0,2026-05-28T12:42:32.503,2026-05-28T12:58:02.503,Error desde Arduino: HX711 not found.,-0.16882970000006026
70.95792040000015,70.95792040000015,0.0005826,328,2026-05-28T12:42:32.886,2026-05-28T12:58:02.886,,70.57388379999975,,140.0,2026-05-28T12:42:32.503,2026-05-28T12:58:02.503,Error desde Arduino: HX711 not found.,-0.38403660000039963
71.17280070000015,71.17280070000015,0.00058236,329,2026-05-28T12:42:33.103,2026-05-28T12:58:03.103,,71.5661011000011,-0.83,141.0,2026-05-28T12:42:33.493,2026-05-28T12:58:03.493,,0.39330040000095323
71.38780120000047,71.38780120000047,0.000582203,330,2026-05-28T12:42:33.320,2026-05-28T12:58:03.320,,71.5661011000011,-0.83,141.0,2026-05-28T12:42:33.493,2026-05-28T12:58:03.493,,0.17829990000063844
71.60293559999991,71.60293559999991,0.000582401,331,2026-05-28T12:42:33.530,2026-05-28T12:58:03.530,,71.58991229999992,,142.0,2026-05-28T12:42:33.521,2026-05-28T12:58:03.521,Error desde Arduino: HX711 not found.,-0.013023299999986193
71.81786450000072,71.81786450000072,0.000582412,332,2026-05-28T12:42:33.743,2026-05-28T12:58:03.743,,71.58991229999992,,142.0,2026-05-28T12:42:33.521,2026-05-28T12:58:03.521,Error desde Arduino: HX711 not found.,-0.22795220000080008
72.03291850000096,72.03291850000096,0.000582339,333,2026-05-28T12:42:33.965,2026-05-28T12:58:03.965,,71.58991229999992,,142.0,2026-05-28T12:42:33.521,2026-05-28T12:58:03.521,Error desde Arduino: HX711 not found.,-0.44300620000103663
72.24795890000132,72.24795890000132,0.000581899,334,2026-05-28T12:42:34.176,2026-05-28T12:58:04.176,,72.58154490000015,-0.87,143.0,2026-05-28T12:42:34.510,2026-05-28T12:58:04.510,,0.33358599999883154
72.46303160000025,72.46303160000025,0.000582025,335,2026-05-28T12:42:34.393,2026-05-28T12:58:04.393,,72.58154490000015,-0.87,143.0,2026-05-28T12:42:34.510,2026-05-28T12:58:04.510,,0.11851329999990412
72.67818970000008,72.67818970000008,0.000581941,336,2026-05-28T12:42:34.610,2026-05-28T12:58:04.610,,72.60467140000037,,144.0,2026-05-28T12:42:34.531,2026-05-28T12:58:04.531,Error desde Arduino: HX711 not found.,-0.07351829999970505
72.89316940000026,72.89316940000026,0.000582129,337,2026-05-28T12:42:34.820,2026-05-28T12:58:04.820,,72.60467140000037,,144.0,2026-05-28T12:42:34.531,2026-05-28T12:58:04.531,Error desde Arduino: HX711 not found.,-0.28849799999989045
73.10867270000017,73.10867270000017,0.000582129,338,2026-05-28T12:42:35.040,2026-05-28T12:58:05.040,,73.59696230000009,-0.85,145.0,2026-05-28T12:42:35.529,2026-05-28T12:58:05.529,,0.4882895999999164
73.32360970000082,73.32360970000082,0.000582129,339,2026-05-28T12:42:35.253,2026-05-28T12:58:05.253,,73.59696230000009,-0.85,145.0,2026-05-28T12:42:35.529,2026-05-28T12:58:05.529,,0.27335259999927075
73.53845220000039,73.53845220000039,0.000582098,340,2026-05-28T12:42:35.470,2026-05-28T12:58:05.470,,73.59696230000009,-0.85,145.0,2026-05-28T12:42:35.529,2026-05-28T12:58:05.529,,0.05851009999969392
73.75367480000023,73.75367480000023,0.00058215,341,2026-05-28T12:42:35.676,2026-05-28T12:58:05.676,,73.62017590000141,,146.0,2026-05-28T12:42:35.543,2026-05-28T12:58:05.543,Error desde Arduino: HX711 not found.,-0.1334988999988127
73.96860030000062,73.96860030000062,0.000581941,342,2026-05-28T12:42:35.895,2026-05-28T12:58:05.895,,73.62017590000141,,146.0,2026-05-28T12:42:35.543,2026-05-28T12:58:05.543,Error desde Arduino: HX711 not found.,-0.34842439999920316
74.18355160000101,74.18355160000101,0.000581847,343,2026-05-28T12:42:36.110,2026-05-28T12:58:06.110,,74.61247320000075,-0.83,147.0,2026-05-28T12:42:36.543,2026-05-28T12:58:06.543,,0.42892159999973956
74.3985231000006,74.3985231000006,0.000581983,344,2026-05-28T12:42:36.326,2026-05-28T12:58:06.326,,74.61247320000075,-0.83,147.0,2026-05-28T12:42:36.543,2026-05-28T12:58:06.543,,0.21395010000014736
74.61351040000045,74.61351040000045,0.000582098,345,2026-05-28T12:42:36.543,2026-05-28T12:58:06.543,,74.61247320000075,-0.83,147.0,2026-05-28T12:42:36.543,2026-05-28T12:58:06.543,,-0.0010371999997005332
74.82841689999987,74.82841689999987,0.000582014,346,2026-05-28T12:42:36.761,2026-05-28T12:58:06.761,,74.63577919999989,,148.0,2026-05-28T12:42:36.568,2026-05-28T12:58:06.568,Error desde Arduino: HX711 not found.,-0.19263769999997749
75.04334870000093,75.04334870000093,0.000582255,347,2026-05-28T12:42:36.976,2026-05-28T12:58:06.976,,74.63577919999989,,148.0,2026-05-28T12:42:36.568,2026-05-28T12:58:06.568,Error desde Arduino: HX711 not found.,-0.4075695000010455
75.25831490000019,75.25831490000019,0.000582286,348,2026-05-28T12:42:37.186,2026-05-28T12:58:07.186,,75.62797820000014,-0.9,149.0,2026-05-28T12:42:37.559,2026-05-28T12:58:07.559,,0.3696632999999565
75.47327020000012,75.47327020000012,0.000581993,349,2026-05-28T12:42:37.403,2026-05-28T12:58:07.403,,75.62797820000014,-0.9,149.0,2026-05-28T12:42:37.559,2026-05-28T12:58:07.559,,0.15470800000002782
75.68797220000124,75.68797220000124,0.000582045,350,2026-05-28T12:42:37.619,2026-05-28T12:58:07.619,,75.65111520000028,,150.0,2026-05-28T12:42:37.576,2026-05-28T12:58:07.576,Error desde Arduino: HX711 not found.,-0.036857000000964035
75.90301060000093,75.90301060000093,0.000582401,351,2026-05-28T12:42:37.826,2026-05-28T12:58:07.826,,75.65111520000028,,150.0,2026-05-28T12:42:37.576,2026-05-28T12:58:07.576,Error desde Arduino: HX711 not found.,-0.2518954000006488
76.11813970000003,76.11813970000003,0.000582569,352,2026-05-28T12:42:38.050,2026-05-28T12:58:08.050,,75.65111520000028,,150.0,2026-05-28T12:42:37.576,2026-05-28T12:58:07.576,Error desde Arduino: HX711 not found.,-0.46702449999975215
76.33326780000061,76.33326780000061,0.000582485,353,2026-05-28T12:42:38.266,2026-05-28T12:58:08.266,,76.64349089999996,-0.84,151.0,2026-05-28T12:42:38.576,2026-05-28T12:58:08.576,,0.31022309999934805
76.54851640000015,76.54851640000015,0.000582569,354,2026-05-28T12:42:38.476,2026-05-28T12:58:08.476,,76.64349089999996,-0.84,151.0,2026-05-28T12:42:38.576,2026-05-28T12:58:08.576,,0.09497449999980745
76.76345650000076,76.76345650000076,0.000582726,355,2026-05-28T12:42:38.693,2026-05-28T12:58:08.693,,76.66672650000146,,152.0,2026-05-28T12:42:38.593,2026-05-28T12:58:08.593,Error desde Arduino: HX711 not found.,-0.09672999999929743
76.9784935000007,76.9784935000007,0.000582538,356,2026-05-28T12:42:38.910,2026-05-28T12:58:08.910,,76.66672650000146,,152.0,2026-05-28T12:42:38.593,2026-05-28T12:58:08.593,Error desde Arduino: HX711 not found.,-0.31176699999923585
77.19336980000116,77.19336980000116,0.000582716,357,2026-05-28T12:42:39.119,2026-05-28T12:58:09.119,,77.65894070000104,-0.87,153.0,2026-05-28T12:42:39.586,2026-05-28T12:58:09.586,,0.4655708999998751
77.40826420000121,77.40826420000121,0.000582517,358,2026-05-28T12:42:39.336,2026-05-28T12:58:09.336,,77.65894070000104,-0.87,153.0,2026-05-28T12:42:39.586,2026-05-28T12:58:09.586,,0.2506764999998268
77.62946329999977,77.62946329999977,0.000582422,359,2026-05-28T12:42:39.562,2026-05-28T12:58:09.562,,77.65894070000104,-0.87,153.0,2026-05-28T12:42:39.586,2026-05-28T12:58:09.586,,0.029477400001269416
77.84414319999996,77.84414319999996,0.00058237,360,2026-05-28T12:42:39.776,2026-05-28T12:58:09.776,,77.68212160000076,,154.0,2026-05-28T12:42:39.613,2026-05-28T12:58:09.613,Error desde Arduino: HX711 not found.,-0.16202159999920696
78.05921529999978,78.05921529999978,0.000582538,361,2026-05-28T12:42:39.986,2026-05-28T12:58:09.986,,77.68212160000076,,154.0,2026-05-28T12:42:39.613,2026-05-28T12:58:09.613,Error desde Arduino: HX711 not found.,-0.37709369999902265
78.27415910000127,78.27415910000127,0.000582517,362,2026-05-28T12:42:40.202,2026-05-28T12:58:10.202,,78.67439710000144,-0.92,155.0,2026-05-28T12:42:40.603,2026-05-28T12:58:10.603,,0.4002380000001722
78.48917299999994,78.48917299999994,0.000582611,363,2026-05-28T12:42:40.421,2026-05-28T12:58:10.421,,78.67439710000144,-0.92,155.0,2026-05-28T12:42:40.603,2026-05-28T12:58:10.603,,0.18522410000150558
78.7044662999997,78.7044662999997,0.000582632,364,2026-05-28T12:42:40.636,2026-05-28T12:58:10.636,,78.69764310000028,,156.0,2026-05-28T12:42:40.626,2026-05-28T12:58:10.626,Error desde Arduino: HX711 not found.,-0.006823199999416829
78.91941039999983,78.91941039999983,0.000582695,365,2026-05-28T12:42:40.843,2026-05-28T12:58:10.843,,78.69764310000028,,156.0,2026-05-28T12:42:40.626,2026-05-28T12:58:10.626,Error desde Arduino: HX711 not found.,-0.2217672999995557
79.1345035000013,79.1345035000013,0.00058259,366,2026-05-28T12:42:41.067,2026-05-28T12:58:11.067,,78.69764310000028,,156.0,2026-05-28T12:42:40.626,2026-05-28T12:58:10.626,Error desde Arduino: HX711 not found.,-0.43686040000102366
79.34960830000091,79.34960830000091,0.000582422,367,2026-05-28T12:42:41.276,2026-05-28T12:58:11.276,,79.68968599999971,-0.98,157.0,2026-05-28T12:42:41.620,2026-05-28T12:58:11.620,,0.3400776999988011
79.56462880000072,79.56462880000072,0.000582736,368,2026-05-28T12:42:41.493,2026-05-28T12:58:11.493,,79.68968599999971,-0.98,157.0,2026-05-28T12:42:41.620,2026-05-28T12:58:11.620,,0.12505719999899156
79.77966510000078,79.77966510000078,0.000582726,369,2026-05-28T12:42:41.710,2026-05-28T12:58:11.710,,79.71286760000112,,158.0,2026-05-28T12:42:41.643,2026-05-28T12:58:11.643,Error desde Arduino: HX711 not found.,-0.06679749999966589
79.9947454000012,79.9947454000012,0.000582579,370,2026-05-28T12:42:41.926,2026-05-28T12:58:11.926,,79.71286760000112,,158.0,2026-05-28T12:42:41.643,2026-05-28T12:58:11.643,Error desde Arduino: HX711 not found.,-0.2818778000000748
80.2097287000015,80.2097287000015,0.000582496,371,2026-05-28T12:42:42.136,2026-05-28T12:58:12.136,,80.70498469999984,-0.94,159.0,2026-05-28T12:42:42.636,2026-05-28T12:58:12.636,,0.49525599999833503
80.42472500000076,80.42472500000076,0.000582789,372,2026-05-28T12:42:42.353,2026-05-28T12:58:12.353,,80.70498469999984,-0.94,159.0,2026-05-28T12:42:42.636,2026-05-28T12:58:12.636,,0.2802596999990783
80.63966530000107,80.63966530000107,0.000582873,373,2026-05-28T12:42:42.572,2026-05-28T12:58:12.572,,80.70498469999984,-0.94,159.0,2026-05-28T12:42:42.636,2026-05-28T12:58:12.636,,0.06531939999877068
80.85443810000106,80.85443810000106,0.000582517,374,2026-05-28T12:42:42.786,2026-05-28T12:58:12.786,,80.72809060000145,,160.0,2026-05-28T12:42:42.660,2026-05-28T12:58:12.660,Error desde Arduino: HX711 not found.,-0.1263474999996106
81.0693525000006,81.0693525000006,0.000582726,375,2026-05-28T12:42:42.993,2026-05-28T12:58:12.993,,80.72809060000145,,160.0,2026-05-28T12:42:42.660,2026-05-28T12:58:12.660,Error desde Arduino: HX711 not found.,-0.3412618999991537
81.28449750000073,81.28449750000073,0.000582852,376,2026-05-28T12:42:43.210,2026-05-28T12:58:13.210,,81.72042950000105,-0.92,161.0,2026-05-28T12:42:43.643,2026-05-28T12:58:13.643,,0.43593200000032084
81.49942960000044,81.49942960000044,0.000582726,377,2026-05-28T12:42:43.431,2026-05-28T12:58:13.431,,81.72042950000105,-0.92,161.0,2026-05-28T12:42:43.643,2026-05-28T12:58:13.643,,0.22099990000060643
81.7144860999997,81.7144860999997,0.000582852,378,2026-05-28T12:42:43.643,2026-05-28T12:58:13.643,,81.72042950000105,-0.92,161.0,2026-05-28T12:42:43.643,2026-05-28T12:58:13.643,,0.005943400001342525
81.92926380000063,81.92926380000063,0.000582621,379,2026-05-28T12:42:43.861,2026-05-28T12:58:13.861,,81.74339650000002,,162.0,2026-05-28T12:42:43.676,2026-05-28T12:58:13.676,Error desde Arduino: HX711 not found.,-0.18586730000060925
82.14418370000021,82.14418370000021,0.000582548,380,2026-05-28T12:42:44.076,2026-05-28T12:58:14.076,,81.74339650000002,,162.0,2026-05-28T12:42:43.676,2026-05-28T12:58:13.676,Error desde Arduino: HX711 not found.,-0.4007872000001953
82.3590963000006,82.3590963000006,0.000582569,381,2026-05-28T12:42:44.286,2026-05-28T12:58:14.286,,82.73585900000035,-0.98,163.0,2026-05-28T12:42:44.668,2026-05-28T12:58:14.668,,0.37676269999974465
82.57409000000007,82.57409000000007,0.000582716,382,2026-05-28T12:42:44.502,2026-05-28T12:58:14.502,,82.73585900000035,-0.98,163.0,2026-05-28T12:42:44.668,2026-05-28T12:58:14.668,,0.16176900000027672
82.789240600001,82.789240600001,0.000582642,383,2026-05-28T12:42:44.720,2026-05-28T12:58:14.720,,82.75898700000107,,164.0,2026-05-28T12:42:44.686,2026-05-28T12:58:14.686,Error desde Arduino: HX711 not found.,-0.03025359999992361
83.00410630000079,83.00410630000079,0.000582569,384,2026-05-28T12:42:44.936,2026-05-28T12:58:14.936,,82.75898700000107,,164.0,2026-05-28T12:42:44.686,2026-05-28T12:58:14.686,Error desde Arduino: HX711 not found.,-0.2451192999997147
83.2191610000009,83.2191610000009,0.000582558,385,2026-05-28T12:42:45.143,2026-05-28T12:58:15.143,,82.75898700000107,,164.0,2026-05-28T12:42:44.686,2026-05-28T12:58:14.686,Error desde Arduino: HX711 not found.,-0.46017399999982445
83.4341174000001,83.4341174000001,0.000582757,386,2026-05-28T12:42:45.366,2026-05-28T12:58:15.366,,83.75118960000145,-0.97,165.0,2026-05-28T12:42:45.676,2026-05-28T12:58:15.676,,0.3170722000013484
83.6491829000006,83.6491829000006,0.000582569,387,2026-05-28T12:42:45.576,2026-05-28T12:58:15.576,,83.75118960000145,-0.97,165.0,2026-05-28T12:42:45.676,2026-05-28T12:58:15.676,,0.10200670000085665
83.86410960000103,83.86410960000103,0.000582464,388,2026-05-28T12:42:45.793,2026-05-28T12:58:15.793,,83.77427859999989,,166.0,2026-05-28T12:42:45.703,2026-05-28T12:58:15.703,Error desde Arduino: HX711 not found.,-0.08983100000114064
84.07925130000149,84.07925130000149,0.000582391,389,2026-05-28T12:42:46.010,2026-05-28T12:58:16.010,,83.77427859999989,,166.0,2026-05-28T12:42:45.703,2026-05-28T12:58:15.703,Error desde Arduino: HX711 not found.,-0.30497270000159915
84.29410160000043,84.29410160000043,0.000582182,390,2026-05-28T12:42:46.226,2026-05-28T12:58:16.226,,84.76666930000101,-1.01,167.0,2026-05-28T12:42:46.693,2026-05-28T12:58:16.693,,0.4725677000005817
84.50908450000134,84.50908450000134,0.000582182,391,2026-05-28T12:42:46.436,2026-05-28T12:58:16.436,,84.76666930000101,-1.01,167.0,2026-05-28T12:42:46.693,2026-05-28T12:58:16.693,,0.25758479999967676
84.72388820000015,84.72388820000015,0.000582297,392,2026-05-28T12:42:46.652,2026-05-28T12:58:16.652,,84.76666930000101,-1.01,167.0,2026-05-28T12:42:46.693,2026-05-28T12:58:16.693,,0.04278110000086599
84.93892530000085,84.93892530000085,0.000582349,393,2026-05-28T12:42:46.871,2026-05-28T12:58:16.871,,84.80187530000148,,169.0,2026-05-28T12:42:46.726,2026-05-28T12:58:16.726,Error desde Arduino: HX711 not found.,-0.13704999999936263
85.15394460000061,85.15394460000061,0.000582328,394,2026-05-28T12:42:47.086,2026-05-28T12:58:17.086,,84.80187530000148,,169.0,2026-05-28T12:42:46.726,2026-05-28T12:58:16.726,Error desde Arduino: HX711 not found.,-0.3520692999991297
85.36894089999987,85.36894089999987,0.000582276,395,2026-05-28T12:42:47.295,2026-05-28T12:58:17.295,,85.79413879999993,-1.04,170.0,2026-05-28T12:42:47.726,2026-05-28T12:58:17.726,,0.4251979000000574
85.5839216000004,85.5839216000004,0.000582119,396,2026-05-28T12:42:47.510,2026-05-28T12:58:17.510,,85.79413879999993,-1.04,170.0,2026-05-28T12:42:47.726,2026-05-28T12:58:17.726,,0.21021719999953348
85.79888220000066,85.79888220000066,0.000582004,397,2026-05-28T12:42:47.726,2026-05-28T12:58:17.726,,85.79413879999993,-1.04,170.0,2026-05-28T12:42:47.726,2026-05-28T12:58:17.726,,-0.004743400000734255
86.01375840000037,86.01375840000037,0.000581941,398,2026-05-28T12:42:47.943,2026-05-28T12:58:17.943,,85.81727430000137,,171.0,2026-05-28T12:42:47.743,2026-05-28T12:58:17.743,Error desde Arduino: HX711 not found.,-0.1964840999989974
86.2287938999998,86.2287938999998,0.000581721,399,2026-05-28T12:42:48.160,2026-05-28T12:58:18.160,,85.81727430000137,,171.0,2026-05-28T12:42:47.743,2026-05-28T12:58:17.743,Error desde Arduino: HX711 not found.,-0.411519599998428
86.44369010000082,86.44369010000082,0.000581805,400,2026-05-28T12:42:48.376,2026-05-28T12:58:18.376,,86.80958170000122,-0.95,172.0,2026-05-28T12:42:48.736,2026-05-28T12:58:18.736,,0.36589160000039556
86.65886020000107,86.65886020000107,0.0005817,401,2026-05-28T12:42:48.586,2026-05-28T12:58:18.586,,86.80958170000122,-0.95,172.0,2026-05-28T12:42:48.736,2026-05-28T12:58:18.736,,0.15072150000014517
86.87382799999978,86.87382799999978,0.000581679,402,2026-05-28T12:42:48.802,2026-05-28T12:58:18.802,,86.83270249999987,,173.0,2026-05-28T12:42:48.765,2026-05-28T12:58:18.765,Error desde Arduino: HX711 not found.,-0.04112549999990733
87.0888601000006,87.0888601000006,0.000581543,403,2026-05-28T12:42:49.020,2026-05-28T12:58:19.020,,86.83270249999987,,173.0,2026-05-28T12:42:48.765,2026-05-28T12:58:18.765,Error desde Arduino: HX711 not found.,-0.2561576000007335
87.30393879999974,87.30393879999974,0.00058147,404,2026-05-28T12:42:49.236,2026-05-28T12:58:19.236,,86.83270249999987,,173.0,2026-05-28T12:42:48.765,2026-05-28T12:58:18.765,Error desde Arduino: HX711 not found.,-0.47123629999987315
87.51887510000051,87.51887510000051,0.000581491,405,2026-05-28T12:42:49.443,2026-05-28T12:58:19.443,,87.82498560000022,-1.05,174.0,2026-05-28T12:42:49.753,2026-05-28T12:58:19.753,,0.3061104999997042
87.73399670000072,87.73399670000072,0.000581585,406,2026-05-28T12:42:49.666,2026-05-28T12:58:19.666,,87.82498560000022,-1.05,174.0,2026-05-28T12:42:49.753,2026-05-28T12:58:19.753,,0.09098889999950188
87.94880809999995,87.94880809999995,0.000581491,407,2026-05-28T12:42:49.876,2026-05-28T12:58:19.876,,87.84807860000001,,175.0,2026-05-28T12:42:49.776,2026-05-28T12:58:19.776,Error desde Arduino: HX711 not found.,-0.10072949999994307
88.1638464000007,88.1638464000007,0.000581323,408,2026-05-28T12:42:50.093,2026-05-28T12:58:20.093,,87.84807860000001,,175.0,2026-05-28T12:42:49.776,2026-05-28T12:58:19.776,Error desde Arduino: HX711 not found.,-0.3157678000006854
88.3790153000009,88.3790153000009,0.000581354,409,2026-05-28T12:42:50.310,2026-05-28T12:58:20.310,,88.84044770000037,-1.06,176.0,2026-05-28T12:42:50.772,2026-05-28T12:58:20.772,,0.4614323999994667
88.59399080000003,88.59399080000003,0.00058125,410,2026-05-28T12:42:50.526,2026-05-28T12:58:20.526,,88.84044770000037,-1.06,176.0,2026-05-28T12:42:50.772,2026-05-28T12:58:20.772,,0.24645690000033937
88.80898960000013,88.80898960000013,0.00058103,411,2026-05-28T12:42:50.736,2026-05-28T12:58:20.736,,88.84044770000037,-1.06,176.0,2026-05-28T12:42:50.772,2026-05-28T12:58:20.772,,0.0314581000002363
89.02394100000129,89.02394100000129,0.000580925,412,2026-05-28T12:42:50.953,2026-05-28T12:58:20.953,,88.86354850000134,,177.0,2026-05-28T12:42:50.793,2026-05-28T12:58:20.793,Error desde Arduino: HX711 not found.,-0.16039249999994354
89.2386918000011,89.2386918000011,0.000581051,413,2026-05-28T12:42:51.170,2026-05-28T12:58:21.170,,88.86354850000134,,177.0,2026-05-28T12:42:50.793,2026-05-28T12:58:20.793,Error desde Arduino: HX711 not found.,-0.37514329999976326
89.45372680000037,89.45372680000037,0.000580967,414,2026-05-28T12:42:51.386,2026-05-28T12:58:21.386,,89.8559507000009,-1.03,178.0,2026-05-28T12:42:51.786,2026-05-28T12:58:21.786,,0.40222390000053565
89.66857270000037,89.66857270000037,0.000580862,415,2026-05-28T12:42:51.593,2026-05-28T12:58:21.593,,89.8559507000009,-1.03,178.0,2026-05-28T12:42:51.786,2026-05-28T12:58:21.786,,0.1873780000005354
89.88347700000122,89.88347700000122,0.000581135,416,2026-05-28T12:42:51.810,2026-05-28T12:58:21.810,,89.87905649999993,,179.0,2026-05-28T12:42:51.810,2026-05-28T12:58:21.810,Error desde Arduino: HX711 not found.,-0.004420500001288019
90.09840740000072,90.09840740000072,0.000581166,417,2026-05-28T12:42:52.030,2026-05-28T12:58:22.030,,89.87905649999993,,179.0,2026-05-28T12:42:51.810,2026-05-28T12:58:21.810,Error desde Arduino: HX711 not found.,-0.21935090000079072
90.31336580000061,90.31336580000061,0.000580967,418,2026-05-28T12:42:52.243,2026-05-28T12:58:22.243,,89.87905649999993,,179.0,2026-05-28T12:42:51.810,2026-05-28T12:58:21.810,Error desde Arduino: HX711 not found.,-0.43430930000067747
90.52851200000077,90.52851200000077,0.000580915,419,2026-05-28T12:42:52.461,2026-05-28T12:58:22.461,,90.87134979999973,-1.04,180.0,2026-05-28T12:42:52.803,2026-05-28T12:58:22.803,,0.3428377999989607
90.74347390000003,90.74347390000003,0.000580705,420,2026-05-28T12:42:52.676,2026-05-28T12:58:22.676,,90.87134979999973,-1.04,180.0,2026-05-28T12:42:52.803,2026-05-28T12:58:22.803,,0.12787589999970805
90.95844100000068,90.95844100000068,0.000580402,421,2026-05-28T12:42:52.886,2026-05-28T12:58:22.886,,90.89439950000087,,181.0,2026-05-28T12:42:52.826,2026-05-28T12:58:22.826,Error desde Arduino: HX711 not found.,-0.06404149999980291
91.17341480000141,91.17341480000141,0.00058059,422,2026-05-28T12:42:53.103,2026-05-28T12:58:23.103,,90.89439950000087,,181.0,2026-05-28T12:42:52.826,2026-05-28T12:58:22.826,Error desde Arduino: HX711 not found.,-0.27901530000053754
91.38822190000064,91.38822190000064,0.000580622,423,2026-05-28T12:42:53.319,2026-05-28T12:58:23.319,,90.89439950000087,,181.0,2026-05-28T12:42:52.826,2026-05-28T12:58:22.826,Error desde Arduino: HX711 not found.,-0.49382239999977173
91.63082910000048,91.63082910000048,0.00058058,424,2026-05-28T12:42:53.563,2026-05-28T12:58:23.563,,91.8868137999998,-1.11,182.0,2026-05-28T12:42:53.809,2026-05-28T12:58:23.809,,0.25598469999931694
91.84567680000146,91.84567680000146,0.000580517,425,2026-05-28T12:42:53.776,2026-05-28T12:58:23.776,,91.8868137999998,-1.11,182.0,2026-05-28T12:42:53.809,2026-05-28T12:58:23.809,,0.041136999998343526
92.06052520000048,92.06052520000048,0.000580423,426,2026-05-28T12:42:53.992,2026-05-28T12:58:23.992,,91.90993150000031,,183.0,2026-05-28T12:42:53.836,2026-05-28T12:58:23.836,Error desde Arduino: HX711 not found.,-0.15059370000017225
92.2756086999998,92.2756086999998,0.000580454,427,2026-05-28T12:42:54.204,2026-05-28T12:58:24.204,,91.90993150000031,,183.0,2026-05-28T12:42:53.836,2026-05-28T12:58:23.836,Error desde Arduino: HX711 not found.,-0.3656771999994817
92.49042830000144,92.49042830000144,0.000580349,428,2026-05-28T12:42:54.420,2026-05-28T12:58:24.420,,92.90228170000046,-1.07,184.0,2026-05-28T12:42:54.826,2026-05-28T12:58:24.826,,0.4118533999990177
92.70548659999986,92.70548659999986,0.000580622,429,2026-05-28T12:42:54.636,2026-05-28T12:58:24.636,,92.90228170000046,-1.07,184.0,2026-05-28T12:42:54.826,2026-05-28T12:58:24.826,,0.19679510000059963
92.92063760000019,92.92063760000019,0.000580559,430,2026-05-28T12:42:54.853,2026-05-28T12:58:24.853,,92.92548390000047,,185.0,2026-05-28T12:42:54.853,2026-05-28T12:58:24.853,Error desde Arduino: HX711 not found.,0.00484630000028119
93.1354511999998,93.1354511999998,0.000580423,431,2026-05-28T12:42:55.067,2026-05-28T12:58:25.067,,92.92548390000047,,185.0,2026-05-28T12:42:54.853,2026-05-28T12:58:24.853,Error desde Arduino: HX711 not found.,-0.2099672999993345
93.35041120000096,93.35041120000096,0.000580548,432,2026-05-28T12:42:55.276,2026-05-28T12:58:25.276,,92.92548390000047,,185.0,2026-05-28T12:42:54.853,2026-05-28T12:58:24.853,Error desde Arduino: HX711 not found.,-0.4249273000004905
93.56522469999982,93.56522469999982,0.000580663,433,2026-05-28T12:42:55.493,2026-05-28T12:58:25.493,,93.9177004000012,-1.08,186.0,2026-05-28T12:42:55.843,2026-05-28T12:58:25.843,,0.35247570000137785
93.78029609999976,93.78029609999976,0.000580653,434,2026-05-28T12:42:55.709,2026-05-28T12:58:25.709,,93.9177004000012,-1.08,186.0,2026-05-28T12:42:55.843,2026-05-28T12:58:25.843,,0.13740430000143533
93.99541450000106,93.99541450000106,0.000580789,435,2026-05-28T12:42:55.926,2026-05-28T12:58:25.926,,93.94078170000103,,187.0,2026-05-28T12:42:55.873,2026-05-28T12:58:25.873,Error desde Arduino: HX711 not found.,-0.054632800000035786
94.21037120000074,94.21037120000074,0.000580548,436,2026-05-28T12:42:56.142,2026-05-28T12:58:26.142,,93.94078170000103,,187.0,2026-05-28T12:42:55.873,2026-05-28T12:58:25.873,Error desde Arduino: HX711 not found.,-0.2695894999997108
94.42535719999978,94.42535719999978,0.000580506,437,2026-05-28T12:42:56.353,2026-05-28T12:58:26.353,,93.94078170000103,,187.0,2026-05-28T12:42:55.873,2026-05-28T12:58:25.873,Error desde Arduino: HX711 not found.,-0.4845754999987548
94.64054310000029,94.64054310000029,0.000580622,438,2026-05-28T12:42:56.572,2026-05-28T12:58:26.572,,94.93316180000147,-1.1,188.0,2026-05-28T12:42:56.865,2026-05-28T12:58:26.865,,0.29261870000118506
94.85540800000126,94.85540800000126,0.000580705,439,2026-05-28T12:42:56.786,2026-05-28T12:58:26.786,,94.93316180000147,-1.1,188.0,2026-05-28T12:42:56.865,2026-05-28T12:58:26.865,,0.0777538000002096
95.07052339999973,95.07052339999973,0.00058081,440,2026-05-28T12:42:56.995,2026-05-28T12:58:26.995,,94.95630580000034,,189.0,2026-05-28T12:42:56.886,2026-05-28T12:58:26.886,Error desde Arduino: HX711 not found.,-0.1142175999993924
95.28549440000097,95.28549440000097,0.000580643,441,2026-05-28T12:42:57.209,2026-05-28T12:58:27.209,,94.95630580000034,,189.0,2026-05-28T12:42:56.886,2026-05-28T12:58:26.886,Error desde Arduino: HX711 not found.,-0.3291886000006343
95.5004955000004,95.5004955000004,0.000580737,442,2026-05-28T12:42:57.426,2026-05-28T12:58:27.426,,95.9485480000003,-1.11,190.0,2026-05-28T12:42:57.876,2026-05-28T12:58:27.876,,0.4480524999999034
95.71557380000013,95.71557380000013,0.000580663,443,2026-05-28T12:42:57.643,2026-05-28T12:58:27.643,,95.9485480000003,-1.11,190.0,2026-05-28T12:42:57.876,2026-05-28T12:58:27.876,,0.23297420000017155
95.9306159000007,95.9306159000007,0.000580758,444,2026-05-28T12:42:57.863,2026-05-28T12:58:27.863,,95.9485480000003,-1.11,190.0,2026-05-28T12:42:57.876,2026-05-28T12:58:27.876,,0.017932099999597995
96.14568470000086,96.14568470000086,0.000580726,445,2026-05-28T12:42:58.076,2026-05-28T12:58:28.076,,95.9716540999998,,191.0,2026-05-28T12:42:57.900,2026-05-28T12:58:27.900,Error desde Arduino: HX711 not found.,-0.17403060000106052
96.36084540000047,96.36084540000047,0.000580915,446,2026-05-28T12:42:58.293,2026-05-28T12:58:28.293,,95.9716540999998,,191.0,2026-05-28T12:42:57.900,2026-05-28T12:58:27.900,Error desde Arduino: HX711 not found.,-0.38919130000067526
96.5758233000015,96.5758233000015,0.000580957,447,2026-05-28T12:42:58.503,2026-05-28T12:58:28.503,,96.96408590000101,-1.17,192.0,2026-05-28T12:42:58.893,2026-05-28T12:58:28.893,,0.3882625999995071
96.79077000000143,96.79077000000143,0.000580873,448,2026-05-28T12:42:58.720,2026-05-28T12:58:28.720,,96.96408590000101,-1.17,192.0,2026-05-28T12:42:58.893,2026-05-28T12:58:28.893,,0.17331589999957941
97.00563110000076,97.00563110000076,0.00058081,449,2026-05-28T12:42:58.936,2026-05-28T12:58:28.936,,96.9873733000004,,193.0,2026-05-28T12:42:58.919,2026-05-28T12:58:28.919,Error desde Arduino: HX711 not found.,-0.018257800000355928
97.22083240000029,97.22083240000029,0.000580957,450,2026-05-28T12:42:59.153,2026-05-28T12:58:29.153,,96.9873733000004,,193.0,2026-05-28T12:42:58.919,2026-05-28T12:58:28.919,Error desde Arduino: HX711 not found.,-0.2334590999998909
97.43592780000108,97.43592780000108,0.000581124,451,2026-05-28T12:42:59.368,2026-05-28T12:58:29.368,,96.9873733000004,,193.0,2026-05-28T12:42:58.919,2026-05-28T12:58:28.919,Error desde Arduino: HX711 not found.,-0.4485545000006823
97.65086500000143,97.65086500000143,0.00058125,452,2026-05-28T12:42:59.576,2026-05-28T12:58:29.576,,97.97959059999994,-1.17,194.0,2026-05-28T12:42:59.910,2026-05-28T12:58:29.910,,0.32872559999850637
97.86595280000074,97.86595280000074,0.000580957,453,2026-05-28T12:42:59.793,2026-05-28T12:58:29.793,,97.97959059999994,-1.17,194.0,2026-05-28T12:42:59.910,2026-05-28T12:58:29.910,,0.11363779999919643
98.08100350000132,98.08100350000132,0.000581093,454,2026-05-28T12:43:00.012,2026-05-28T12:58:30.012,,98.00277430000097,,195.0,2026-05-28T12:42:59.926,2026-05-28T12:58:29.926,Error desde Arduino: HX711 not found.,-0.07822920000035083
98.29604740000104,98.29604740000104,0.00058103,455,2026-05-28T12:43:00.226,2026-05-28T12:58:30.226,,98.00277430000097,,195.0,2026-05-28T12:42:59.926,2026-05-28T12:58:29.926,Error desde Arduino: HX711 not found.,-0.29327310000007856
98.51090640000075,98.51090640000075,0.0005808,456,2026-05-28T12:43:00.443,2026-05-28T12:58:30.443,,98.9949099000005,-1.16,196.0,2026-05-28T12:43:00.926,2026-05-28T12:58:30.926,,0.48400349999974424
98.72591040000043,98.72591040000043,0.000580789,457,2026-05-28T12:43:00.652,2026-05-28T12:58:30.652,,98.9949099000005,-1.16,196.0,2026-05-28T12:43:00.926,2026-05-28T12:58:30.926,,0.26899950000006356
98.94085140000061,98.94085140000061,0.00058081,458,2026-05-28T12:43:00.873,2026-05-28T12:58:30.873,,98.9949099000005,-1.16,196.0,2026-05-28T12:43:00.926,2026-05-28T12:58:30.926,,0.05405849999988277
99.15606140000091,99.15606140000091,0.000580789,459,2026-05-28T12:43:01.088,2026-05-28T12:58:31.088,,99.01803550000113,,197.0,2026-05-28T12:43:00.943,2026-05-28T12:58:30.943,Error desde Arduino: HX711 not found.,-0.138025899999775
99.37109740000051,99.37109740000051,0.000580831,460,2026-05-28T12:43:01.303,2026-05-28T12:58:31.303,,99.01803550000113,,197.0,2026-05-28T12:43:00.943,2026-05-28T12:58:30.943,Error desde Arduino: HX711 not found.,-0.3530618999993749
99.58629220000148,99.58629220000148,0.000580821,461,2026-05-28T12:43:01.518,2026-05-28T12:58:31.518,,100.01032440000017,-1.17,198.0,2026-05-28T12:43:01.942,2026-05-28T12:58:31.942,,0.4240321999986918
99.8012834000001,99.8012834000001,0.000580758,462,2026-05-28T12:43:01.726,2026-05-28T12:58:31.726,,100.01032440000017,-1.17,198.0,2026-05-28T12:43:01.942,2026-05-28T12:58:31.942,,0.2090410000000702
100.01638710000043,100.01638710000043,0.000580726,463,2026-05-28T12:43:01.943,2026-05-28T12:58:31.943,,100.01032440000017,-1.17,198.0,2026-05-28T12:43:01.942,2026-05-28T12:58:31.942,,-0.006062700000256882
100.23146799999995,100.23146799999995,0.000580758,464,2026-05-28T12:43:02.164,2026-05-28T12:58:32.164,,100.03346050000073,,199.0,2026-05-28T12:43:01.965,2026-05-28T12:58:31.965,Error desde Arduino: HX711 not found.,-0.19800749999922118
100.44648880000022,100.44648880000022,0.000580883,465,2026-05-28T12:43:02.376,2026-05-28T12:58:32.376,,100.03346050000073,,199.0,2026-05-28T12:43:01.965,2026-05-28T12:58:31.965,Error desde Arduino: HX711 not found.,-0.4130282999994961
100.66150259999995,100.66150259999995,0.000580894,466,2026-05-28T12:43:02.593,2026-05-28T12:58:32.593,,101.02577980000024,-1.18,200.0,2026-05-28T12:43:02.953,2026-05-28T12:58:32.953,,0.36427720000028785
100.87664399999994,100.87664399999994,0.000580925,467,2026-05-28T12:43:02.803,2026-05-28T12:58:32.803,,101.02577980000024,-1.18,200.0,2026-05-28T12:43:02.953,2026-05-28T12:58:32.953,,0.1491358000002947
101.09170319999976,101.09170319999976,0.000581166,468,2026-05-28T12:43:03.020,2026-05-28T12:58:33.020,,101.04899830000068,,201.0,2026-05-28T12:43:02.976,2026-05-28T12:58:32.976,Error desde Arduino: HX711 not found.,-0.042704899999080226
101.30665030000091,101.30665030000091,0.00058147,469,2026-05-28T12:43:03.236,2026-05-28T12:58:33.236,,101.04899830000068,,201.0,2026-05-28T12:43:02.976,2026-05-28T12:58:32.976,Error desde Arduino: HX711 not found.,-0.2576520000002347
101.52162730000055,101.52162730000055,0.000581491,470,2026-05-28T12:43:03.452,2026-05-28T12:58:33.452,,101.04899830000068,,201.0,2026-05-28T12:43:02.976,2026-05-28T12:58:32.976,Error desde Arduino: HX711 not found.,-0.47262899999986985
101.73656480000136,101.73656480000136,0.000581826,471,2026-05-28T12:43:03.668,2026-05-28T12:58:33.668,,102.0412225,-1.16,202.0,2026-05-28T12:43:03.973,2026-05-28T12:58:33.973,,0.3046576999986428
101.95164149999982,101.95164149999982,0.000582004,472,2026-05-28T12:43:03.876,2026-05-28T12:58:33.876,,102.0412225,-1.16,202.0,2026-05-28T12:43:03.973,2026-05-28T12:58:33.973,,0.08958100000018021
102.16669840000031,102.16669840000031,0.000582223,473,2026-05-28T12:43:04.093,2026-05-28T12:58:34.093,,102.0644484000004,,203.0,2026-05-28T12:43:03.993,2026-05-28T12:58:33.993,Error desde Arduino: HX711 not found.,-0.10224999999991269
102.38182159999997,102.38182159999997,0.000582339,474,2026-05-28T12:43:04.309,2026-05-28T12:58:34.309,,102.0644484000004,,203.0,2026-05-28T12:43:03.993,2026-05-28T12:58:33.993,Error desde Arduino: HX711 not found.,-0.31737319999956526
102.59685140000147,102.59685140000147,0.000582255,475,2026-05-28T12:43:04.529,2026-05-28T12:58:34.529,,103.05664620000061,-1.2,204.0,2026-05-28T12:43:04.986,2026-05-28T12:58:34.986,,0.45979479999914474
102.81204750000143,102.81204750000143,0.000582339,476,2026-05-28T12:43:04.743,2026-05-28T12:58:34.743,,103.05664620000061,-1.2,204.0,2026-05-28T12:43:04.986,2026-05-28T12:58:34.986,,0.24459869999918737
103.02714209999976,103.02714209999976,0.000582454,477,2026-05-28T12:43:04.959,2026-05-28T12:58:34.959,,103.05664620000061,-1.2,204.0,2026-05-28T12:43:04.986,2026-05-28T12:58:34.986,,0.029504100000849576
103.24252450000131,103.24252450000131,0.000582548,478,2026-05-28T12:43:05.174,2026-05-28T12:58:35.174,,103.07997560000149,,205.0,2026-05-28T12:43:05.009,2026-05-28T12:58:35.009,Error desde Arduino: HX711 not found.,-0.1625488999998197
103.4575859000015,103.4575859000015,0.000582517,479,2026-05-28T12:43:05.386,2026-05-28T12:58:35.386,,103.07997560000149,,205.0,2026-05-28T12:43:05.009,2026-05-28T12:58:35.009,Error desde Arduino: HX711 not found.,-0.37761030000001483
103.67269590000069,103.67269590000069,0.000582506,480,2026-05-28T12:43:05.603,2026-05-28T12:58:35.603,,104.07207639999979,-1.24,206.0,2026-05-28T12:43:06.003,2026-05-28T12:58:36.003,,0.3993804999990971
103.8876908000002,103.8876908000002,0.000582548,481,2026-05-28T12:43:05.819,2026-05-28T12:58:35.819,,104.07207639999979,-1.24,206.0,2026-05-28T12:43:06.003,2026-05-28T12:58:36.003,,0.1843855999995867
104.10271900000043,104.10271900000043,0.000582789,482,2026-05-28T12:43:06.030,2026-05-28T12:58:36.030,,104.10717540000041,,208.0,2026-05-28T12:43:06.030,2026-05-28T12:58:36.030,Error desde Arduino: HX711 not found.,0.004456399999980931
104.31781220000084,104.31781220000084,0.000582799,483,2026-05-28T12:43:06.243,2026-05-28T12:58:36.243,,104.10717540000041,,208.0,2026-05-28T12:43:06.030,2026-05-28T12:58:36.030,Error desde Arduino: HX711 not found.,-0.2106368000004295
104.53261680000105,104.53261680000105,0.000582956,484,2026-05-28T12:43:06.464,2026-05-28T12:58:36.464,,104.10717540000041,,208.0,2026-05-28T12:43:06.030,2026-05-28T12:58:36.030,Error desde Arduino: HX711 not found.,-0.42544140000063635
104.74765939999997,104.74765939999997,0.000582883,485,2026-05-28T12:43:06.676,2026-05-28T12:58:36.676,,105.09958370000095,-1.19,209.0,2026-05-28T12:43:07.030,2026-05-28T12:58:37.030,,0.35192430000097374
104.96247940000103,104.96247940000103,0.000583145,486,2026-05-28T12:43:06.894,2026-05-28T12:58:36.894,,105.09958370000095,-1.19,209.0,2026-05-28T12:43:07.030,2026-05-28T12:58:37.030,,0.13710429999991902
105.17735470000116,105.17735470000116,0.000583302,487,2026-05-28T12:43:07.110,2026-05-28T12:58:37.110,,105.12272520000079,,210.0,2026-05-28T12:43:07.053,2026-05-28T12:58:37.053,Error desde Arduino: HX711 not found.,-0.05462950000037381
105.39239500000076,105.39239500000076,0.000583323,488,2026-05-28T12:43:07.320,2026-05-28T12:58:37.320,,105.12272520000079,,210.0,2026-05-28T12:43:07.053,2026-05-28T12:58:37.053,Error desde Arduino: HX711 not found.,-0.2696697999999742
105.64211520000026,105.64211520000026,0.000583208,489,2026-05-28T12:43:07.574,2026-05-28T12:58:37.574,,106.11496390000138,-1.25,211.0,2026-05-28T12:43:08.043,2026-05-28T12:58:38.043,,0.4728487000011228
105.85788160000084,105.85788160000084,0.000583019,490,2026-05-28T12:43:07.786,2026-05-28T12:58:37.786,,106.11496390000138,-1.25,211.0,2026-05-28T12:43:08.043,2026-05-28T12:58:38.043,,0.25708230000054755
106.07278920000135,106.07278920000135,0.000583051,491,2026-05-28T12:43:08.003,2026-05-28T12:58:38.003,,106.11496390000138,-1.25,211.0,2026-05-28T12:43:08.043,2026-05-28T12:58:38.043,,0.04217470000003232
106.2878023000012,106.2878023000012,0.00058304,492,2026-05-28T12:43:08.220,2026-05-28T12:58:38.220,,106.13802730000134,,212.0,2026-05-28T12:43:08.070,2026-05-28T12:58:38.070,Error desde Arduino: HX711 not found.,-0.1497749999998632
106.50288060000094,106.50288060000094,0.000583208,493,2026-05-28T12:43:08.433,2026-05-28T12:58:38.433,,106.13802730000134,,212.0,2026-05-28T12:43:08.070,2026-05-28T12:58:38.070,Error desde Arduino: HX711 not found.,-0.36485329999959504
106.71780430000035,106.71780430000035,0.000583407,494,2026-05-28T12:43:08.643,2026-05-28T12:58:38.643,,107.13042910000149,-1.31,213.0,2026-05-28T12:43:09.063,2026-05-28T12:58:39.063,,0.4126248000011401
106.93278900000041,106.93278900000041,0.000583605,495,2026-05-28T12:43:08.864,2026-05-28T12:58:38.864,,107.13042910000149,-1.31,213.0,2026-05-28T12:43:09.063,2026-05-28T12:58:39.063,,0.197640100001081
107.14769720000004,107.14769720000004,0.000583647,496,2026-05-28T12:43:09.076,2026-05-28T12:58:39.076,,107.15361330000087,,214.0,2026-05-28T12:43:09.086,2026-05-28T12:58:39.086,Error desde Arduino: HX711 not found.,0.005916100000831648
107.36275449999994,107.36275449999994,0.000583804,497,2026-05-28T12:43:09.293,2026-05-28T12:58:39.293,,107.15361330000087,,214.0,2026-05-28T12:43:09.086,2026-05-28T12:58:39.086,Error desde Arduino: HX711 not found.,-0.20914119999906688
107.57780410000123,107.57780410000123,0.000584045,498,2026-05-28T12:43:09.509,2026-05-28T12:58:39.509,,107.15361330000087,,214.0,2026-05-28T12:43:09.086,2026-05-28T12:58:39.086,Error desde Arduino: HX711 not found.,-0.42419080000036047
107.79294400000072,107.79294400000072,0.000584098,499,2026-05-28T12:43:09.719,2026-05-28T12:58:39.719,,108.1458633000002,-1.27,215.0,2026-05-28T12:43:10.078,2026-05-28T12:58:40.078,,0.3529192999994848
108.00819610000144,108.00819610000144,0.000584359,500,2026-05-28T12:43:09.936,2026-05-28T12:58:39.936,,108.1458633000002,-1.27,215.0,2026-05-28T12:43:10.078,2026-05-28T12:58:40.078,,0.13766719999875932
108.2231982000012,108.2231982000012,0.000584213,501,2026-05-28T12:43:10.153,2026-05-28T12:58:40.153,,108.16916250000031,,216.0,2026-05-28T12:43:10.093,2026-05-28T12:58:40.093,Error desde Arduino: HX711 not found.,-0.054035700000895304
108.43826020000051,108.43826020000051,0.00058416,502,2026-05-28T12:43:10.370,2026-05-28T12:58:40.370,,108.16916250000031,,216.0,2026-05-28T12:43:10.093,2026-05-28T12:58:40.093,Error desde Arduino: HX711 not found.,-0.26909770000020217
108.65327170000091,108.65327170000091,0.000584087,503,2026-05-28T12:43:10.576,2026-05-28T12:58:40.576,,108.16916250000031,,216.0,2026-05-28T12:43:10.093,2026-05-28T12:58:40.093,Error desde Arduino: HX711 not found.,-0.48410920000060287
108.86834989999988,108.86834989999988,0.00058416,504,2026-05-28T12:43:10.793,2026-05-28T12:58:40.793,,109.16133850000006,-1.29,217.0,2026-05-28T12:43:11.093,2026-05-28T12:58:41.093,,0.2929886000001716
109.08330100000057,109.08330100000057,0.000584181,505,2026-05-28T12:43:11.010,2026-05-28T12:58:41.010,,109.16133850000006,-1.29,217.0,2026-05-28T12:43:11.093,2026-05-28T12:58:41.093,,0.07803749999948195
109.29838990000098,109.29838990000098,0.000584129,506,2026-05-28T12:43:11.226,2026-05-28T12:58:41.226,,109.18453910000062,,218.0,2026-05-28T12:43:11.109,2026-05-28T12:58:41.109,Error desde Arduino: HX711 not found.,-0.11385080000036396
109.51313630000004,109.51313630000004,0.000584118,507,2026-05-28T12:43:11.443,2026-05-28T12:58:41.443,,109.18453910000062,,218.0,2026-05-28T12:43:11.109,2026-05-28T12:58:41.109,Error desde Arduino: HX711 not found.,-0.3285971999994217
109.72812780000095,109.72812780000095,0.000584192,508,2026-05-28T12:43:11.660,2026-05-28T12:58:41.660,,110.17679970000063,-1.27,219.0,2026-05-28T12:43:12.109,2026-05-28T12:58:42.109,,0.44867189999968105
109.94308170000113,109.94308170000113,0.000584077,509,2026-05-28T12:43:11.875,2026-05-28T12:58:41.875,,110.17679970000063,-1.27,219.0,2026-05-28T12:43:12.109,2026-05-28T12:58:42.109,,0.23371799999949872
110.15818899999977,110.15818899999977,0.000584192,510,2026-05-28T12:43:12.086,2026-05-28T12:58:42.086,,110.17679970000063,-1.27,219.0,2026-05-28T12:43:12.109,2026-05-28T12:58:42.109,,0.01861070000086329
110.37302490000002,110.37302490000002,0.000584202,511,2026-05-28T12:43:12.302,2026-05-28T12:58:42.302,,110.19984520000071,,220.0,2026-05-28T12:43:12.126,2026-05-28T12:58:42.126,Error desde Arduino: HX711 not found.,-0.17317969999930938
110.58798460000071,110.58798460000071,0.000584349,512,2026-05-28T12:43:12.519,2026-05-28T12:58:42.519,,110.19984520000071,,220.0,2026-05-28T12:43:12.126,2026-05-28T12:58:42.126,Error desde Arduino: HX711 not found.,-0.3881394
110.80316400000083,110.80316400000083,0.000584296,513,2026-05-28T12:43:12.728,2026-05-28T12:58:42.728,,111.1923153000007,-1.29,221.0,2026-05-28T12:43:13.119,2026-05-28T12:58:43.119,,0.38915129999986675
111.01828900000146,111.01828900000146,0.00058438,514,2026-05-28T12:43:12.943,2026-05-28T12:58:42.943,,111.1923153000007,-1.29,221.0,2026-05-28T12:43:13.119,2026-05-28T12:58:43.119,,0.17402629999924102
111.23338549999971,111.23338549999971,0.000584433,515,2026-05-28T12:43:13.166,2026-05-28T12:58:43.166,,111.21539130000019,,222.0,2026-05-28T12:43:13.143,2026-05-28T12:58:43.143,Error desde Arduino: HX711 not found.,-0.017994199999520788
111.44855559999996,111.44855559999996,0.000584265,516,2026-05-28T12:43:13.376,2026-05-28T12:58:43.376,,111.21539130000019,,222.0,2026-05-28T12:43:13.143,2026-05-28T12:58:43.143,Error desde Arduino: HX711 not found.,-0.23316429999977117
111.6634320000012,111.6634320000012,0.000584202,517,2026-05-28T12:43:13.593,2026-05-28T12:58:43.593,,111.21539130000019,,222.0,2026-05-28T12:43:13.143,2026-05-28T12:58:43.143,Error desde Arduino: HX711 not found.,-0.4480407000010018
111.87854250000055,111.87854250000055,0.000584213,518,2026-05-28T12:43:13.809,2026-05-28T12:58:43.809,,112.20774130000063,-1.37,223.0,2026-05-28T12:43:14.136,2026-05-28T12:58:44.136,,0.3291988000000856
112.09349640000073,112.09349640000073,0.000584129,519,2026-05-28T12:43:14.026,2026-05-28T12:58:44.026,,112.20774130000063,-1.37,223.0,2026-05-28T12:43:14.136,2026-05-28T12:58:44.136,,0.11424489999990328
112.30855590000101,112.30855590000101,0.000584181,520,2026-05-28T12:43:14.236,2026-05-28T12:58:44.236,,112.23080389999996,,224.0,2026-05-28T12:43:14.163,2026-05-28T12:58:44.163,Error desde Arduino: HX711 not found.,-0.07775200000105542
112.52350800000022,112.52350800000022,0.000584118,521,2026-05-28T12:43:14.453,2026-05-28T12:58:44.453,,112.23080389999996,,224.0,2026-05-28T12:43:14.163,2026-05-28T12:58:44.163,Error desde Arduino: HX711 not found.,-0.2927041000002646
112.73832370000127,112.73832370000127,0.000584066,522,2026-05-28T12:43:14.671,2026-05-28T12:58:44.671,,113.22318199999972,-1.33,225.0,2026-05-28T12:43:15.153,2026-05-28T12:58:45.153,,0.4848582999984501
112.95328890000019,112.95328890000019,0.000584171,523,2026-05-28T12:43:14.879,2026-05-28T12:58:44.879,,113.22318199999972,-1.33,225.0,2026-05-28T12:43:15.153,2026-05-28T12:58:45.153,,0.2698930999995355
113.16811880000023,113.16811880000023,0.000584286,524,2026-05-28T12:43:15.093,2026-05-28T12:58:45.093,,113.22318199999972,-1.33,225.0,2026-05-28T12:43:15.153,2026-05-28T12:58:45.153,,0.05506319999949483
113.38320120000026,113.38320120000026,0.000584485,525,2026-05-28T12:43:15.309,2026-05-28T12:58:45.309,,113.24642950000089,,226.0,2026-05-28T12:43:15.176,2026-05-28T12:58:45.176,Error desde Arduino: HX711 not found.,-0.13677169999937178
113.59831699999995,113.59831699999995,0.000584558,526,2026-05-28T12:43:15.530,2026-05-28T12:58:45.530,,113.24642950000089,,226.0,2026-05-28T12:43:15.176,2026-05-28T12:58:45.176,Error desde Arduino: HX711 not found.,-0.35188749999906577
113.81331900000077,113.81331900000077,0.000584673,527,2026-05-28T12:43:15.743,2026-05-28T12:58:45.743,,114.23867500000051,-1.35,227.0,2026-05-28T12:43:16.170,2026-05-28T12:58:46.170,,0.42535599999973783
114.02830220000033,114.02830220000033,0.000584422,528,2026-05-28T12:43:15.961,2026-05-28T12:58:45.961,,114.23867500000051,-1.35,227.0,2026-05-28T12:43:16.170,2026-05-28T12:58:46.170,,0.21037280000018654
114.24334610000005,114.24334610000005,0.000584464,529,2026-05-28T12:43:16.176,2026-05-28T12:58:46.176,,114.23867500000051,-1.35,227.0,2026-05-28T12:43:16.170,2026-05-28T12:58:46.170,,-0.004671099999541184
114.45828059999985,114.45828059999985,0.000584286,530,2026-05-28T12:43:16.386,2026-05-28T12:58:46.386,,114.2617425999997,,228.0,2026-05-28T12:43:16.193,2026-05-28T12:58:46.193,Error desde Arduino: HX711 not found.,-0.19653800000014598
114.6733503000014,114.6733503000014,0.000584391,531,2026-05-28T12:43:16.602,2026-05-28T12:58:46.602,,114.2617425999997,,228.0,2026-05-28T12:43:16.193,2026-05-28T12:58:46.193,Error desde Arduino: HX711 not found.,-0.4116077000016958
114.88820160000068,114.88820160000068,0.000584328,532,2026-05-28T12:43:16.819,2026-05-28T12:58:46.819,,115.25418420000096,-1.37,229.0,2026-05-28T12:43:17.186,2026-05-28T12:58:47.186,,0.3659826000002795
115.10327570000118,115.10327570000118,0.000584422,533,2026-05-28T12:43:17.030,2026-05-28T12:58:47.030,,115.25418420000096,-1.37,229.0,2026-05-28T12:43:17.186,2026-05-28T12:58:47.186,,0.15090849999978673
115.3180924999997,115.3180924999997,0.000584474,534,2026-05-28T12:43:17.243,2026-05-28T12:58:47.243,,115.27725989999999,,230.0,2026-05-28T12:43:17.209,2026-05-28T12:58:47.209,Error desde Arduino: HX711 not found.,-0.040832599999703234
115.53294520000054,115.53294520000054,0.000584422,535,2026-05-28T12:43:17.465,2026-05-28T12:58:47.465,,115.27725989999999,,230.0,2026-05-28T12:43:17.209,2026-05-28T12:58:47.209,Error desde Arduino: HX711 not found.,-0.25568530000055034
115.74780180000016,115.74780180000016,0.00058415,536,2026-05-28T12:43:17.676,2026-05-28T12:58:47.676,,115.27725989999999,,230.0,2026-05-28T12:43:17.209,2026-05-28T12:58:47.209,Error desde Arduino: HX711 not found.,-0.47054190000017115
115.96284259999993,115.96284259999993,0.000584066,537,2026-05-28T12:43:17.893,2026-05-28T12:58:47.893,,116.26965670000027,-1.4,231.0,2026-05-28T12:43:18.202,2026-05-28T12:58:48.202,,0.30681410000033793
116.17754750000131,116.17754750000131,0.000584234,538,2026-05-28T12:43:18.109,2026-05-28T12:58:48.109,,116.26965670000027,-1.4,231.0,2026-05-28T12:43:18.202,2026-05-28T12:58:48.202,,0.0921091999989585
116.3927719000003,116.3927719000003,0.00058415,539,2026-05-28T12:43:18.319,2026-05-28T12:58:48.319,,116.29285530000016,,232.0,2026-05-28T12:43:18.219,2026-05-28T12:58:48.219,Error desde Arduino: HX711 not found.,-0.09991660000014235
116.60768250000001,116.60768250000001,0.000584265,540,2026-05-28T12:43:18.540,2026-05-28T12:58:48.540,,116.29285530000016,,232.0,2026-05-28T12:43:18.219,2026-05-28T12:58:48.219,Error desde Arduino: HX711 not found.,-0.3148271999998542
116.82268310000109,116.82268310000109,0.000584108,541,2026-05-28T12:43:18.753,2026-05-28T12:58:48.753,,117.28508950000105,-1.4,233.0,2026-05-28T12:43:19.209,2026-05-28T12:58:49.209,,0.46240639999996347
117.03741880000052,117.03741880000052,0.000584066,542,2026-05-28T12:43:18.969,2026-05-28T12:58:48.969,,117.28508950000105,-1.4,233.0,2026-05-28T12:43:19.209,2026-05-28T12:58:49.209,,0.24767070000052627
117.2523168000007,117.2523168000007,0.000584192,543,2026-05-28T12:43:19.176,2026-05-28T12:58:49.176,,117.28508950000105,-1.4,233.0,2026-05-28T12:43:19.209,2026-05-28T12:58:49.209,,0.032772700000350596
117.46713559999989,117.46713559999989,0.000584014,544,2026-05-28T12:43:19.393,2026-05-28T12:58:49.393,,117.30824920000123,,234.0,2026-05-28T12:43:19.236,2026-05-28T12:58:49.236,Error desde Arduino: HX711 not found.,-0.15888639999866427
117.68198140000095,117.68198140000095,0.000584244,545,2026-05-28T12:43:19.609,2026-05-28T12:58:49.609,,117.30824920000123,,234.0,2026-05-28T12:43:19.236,2026-05-28T12:58:49.236,Error desde Arduino: HX711 not found.,-0.37373219999972207
117.89675480000005,117.89675480000005,0.000584244,546,2026-05-28T12:43:19.826,2026-05-28T12:58:49.826,,118.30048690000149,-1.35,235.0,2026-05-28T12:43:20.226,2026-05-28T12:58:50.226,,0.40373210000143445
118.11195850000149,118.11195850000149,0.000584276,547,2026-05-28T12:43:20.043,2026-05-28T12:58:50.043,,118.30048690000149,-1.35,235.0,2026-05-28T12:43:20.226,2026-05-28T12:58:50.226,,0.1885283999999956
118.32689850000133,118.32689850000133,0.000584338,548,2026-05-28T12:43:20.259,2026-05-28T12:58:50.259,,118.32361889999993,,236.0,2026-05-28T12:43:20.253,2026-05-28T12:58:50.253,Error desde Arduino: HX711 not found.,-0.0032796000014059246
118.54186389999995,118.54186389999995,0.000584307,549,2026-05-28T12:43:20.473,2026-05-28T12:58:50.473,,118.32361889999993,,236.0,2026-05-28T12:43:20.253,2026-05-28T12:58:50.253,Error desde Arduino: HX711 not found.,-0.21824500000002445
118.75691110000116,118.75691110000116,0.000584171,550,2026-05-28T12:43:20.688,2026-05-28T12:58:50.688,,118.32361889999993,,236.0,2026-05-28T12:43:20.253,2026-05-28T12:58:50.253,Error desde Arduino: HX711 not found.,-0.43329220000123314
118.97201010000026,118.97201010000026,0.000584213,551,2026-05-28T12:43:20.903,2026-05-28T12:58:50.903,,119.31593369999973,-1.39,237.0,2026-05-28T12:43:21.243,2026-05-28T12:58:51.243,,0.34392359999947075
119.18689810000069,119.18689810000069,0.000584223,552,2026-05-28T12:43:21.109,2026-05-28T12:58:51.109,,119.31593369999973,-1.39,237.0,2026-05-28T12:43:21.243,2026-05-28T12:58:51.243,,0.12903559999904246
119.40184730000146,119.40184730000146,0.000584213,553,2026-05-28T12:43:21.326,2026-05-28T12:58:51.326,,119.33907200000067,,238.0,2026-05-28T12:43:21.271,2026-05-28T12:58:51.271,Error desde Arduino: HX711 not found.,-0.06277530000079423
119.61678110000139,119.61678110000139,0.000584223,554,2026-05-28T12:43:21.543,2026-05-28T12:58:51.543,,119.33907200000067,,238.0,2026-05-28T12:43:21.271,2026-05-28T12:58:51.271,Error desde Arduino: HX711 not found.,-0.27770910000072035
119.83160800000041,119.83160800000041,0.000584422,555,2026-05-28T12:43:21.764,2026-05-28T12:58:51.764,,119.33907200000067,,238.0,2026-05-28T12:43:21.271,2026-05-28T12:58:51.271,Error desde Arduino: HX711 not found.,-0.4925359999997454
120.04663040000014,120.04663040000014,0.000584296,556,2026-05-28T12:43:21.976,2026-05-28T12:58:51.976,,120.33135850000144,-1.36,239.0,2026-05-28T12:43:22.263,2026-05-28T12:58:52.263,,0.28472810000130266
120.26155810000091,120.26155810000091,0.000584213,557,2026-05-28T12:43:22.193,2026-05-28T12:58:52.193,,120.33135850000144,-1.36,239.0,2026-05-28T12:43:22.263,2026-05-28T12:58:52.263,,0.06980040000053123
120.47653590000118,120.47653590000118,0.000584338,558,2026-05-28T12:43:22.402,2026-05-28T12:58:52.402,,120.51243369999975,-1.43,241.0,2026-05-28T12:43:22.443,2026-05-28T12:58:52.443,,0.03589779999856546
120.69135600000118,120.69135600000118,0.000584464,559,2026-05-28T12:43:22.619,2026-05-28T12:58:52.619,,120.51243369999975,-1.43,241.0,2026-05-28T12:43:22.443,2026-05-28T12:58:52.443,,-0.17892230000143172
120.90630360000068,120.90630360000068,0.000584422,560,2026-05-28T12:43:22.837,2026-05-28T12:58:52.837,,121.01243440000144,-1.41,242.0,2026-05-28T12:43:22.943,2026-05-28T12:58:52.943,,0.1061308000007557
121.12114480000128,121.12114480000128,0.000584391,561,2026-05-28T12:43:23.052,2026-05-28T12:58:53.052,,121.01243440000144,-1.41,242.0,2026-05-28T12:43:22.943,2026-05-28T12:58:52.943,,-0.10871039999983623
121.33620940000037,121.33620940000037,0.000584454,562,2026-05-28T12:43:23.268,2026-05-28T12:58:53.268,,121.51245650000055,-1.42,243.0,2026-05-28T12:43:23.443,2026-05-28T12:58:53.443,,0.1762471000001824
121.55132070000036,121.55132070000036,0.000584307,563,2026-05-28T12:43:23.476,2026-05-28T12:58:53.476,,121.51245650000055,-1.42,243.0,2026-05-28T12:43:23.443,2026-05-28T12:58:53.443,,-0.03886419999980717
121.76639430000068,121.76639430000068,0.000584286,564,2026-05-28T12:43:23.693,2026-05-28T12:58:53.693,,122.0124506000011,-1.42,244.0,2026-05-28T12:43:23.943,2026-05-28T12:58:53.943,,0.24605630000041856
121.98147750000135,121.98147750000135,0.000584244,565,2026-05-28T12:43:23.909,2026-05-28T12:58:53.909,,122.0124506000011,-1.42,244.0,2026-05-28T12:43:23.943,2026-05-28T12:58:53.943,,0.030973099999755505
122.1967181,122.1967181,0.000584118,566,2026-05-28T12:43:24.126,2026-05-28T12:58:54.126,,122.0124506000011,-1.42,244.0,2026-05-28T12:43:23.943,2026-05-28T12:58:53.943,,-0.1842674999988958
122.41175720000138,122.41175720000138,0.000584077,567,2026-05-28T12:43:24.343,2026-05-28T12:58:54.343,,122.5125093000006,-1.42,245.0,2026-05-28T12:43:24.443,2026-05-28T12:58:54.443,,0.10075209999922663
122.6268471000003,122.6268471000003,0.000584003,568,2026-05-28T12:43:24.559,2026-05-28T12:58:54.559,,122.5125093000006,-1.42,245.0,2026-05-28T12:43:24.443,2026-05-28T12:58:54.443,,-0.11433779999970284
122.84191650000139,122.84191650000139,0.000584118,569,2026-05-28T12:43:24.774,2026-05-28T12:58:54.774,,123.01279419999992,-1.41,246.0,2026-05-28T12:43:24.943,2026-05-28T12:58:54.943,,0.17087769999852753
123.05703610000091,123.05703610000091,0.000584035,570,2026-05-28T12:43:24.986,2026-05-28T12:58:54.986,,123.01279419999992,-1.41,246.0,2026-05-28T12:43:24.943,2026-05-28T12:58:54.943,,-0.0442419000009977
123.27216960000078,123.27216960000078,0.000584255,571,2026-05-28T12:43:25.203,2026-05-28T12:58:55.203,,123.51243109999996,-1.43,247.0,2026-05-28T12:43:25.443,2026-05-28T12:58:55.443,,0.24026149999917834
123.48719789999996,123.48719789999996,0.000584265,572,2026-05-28T12:43:25.419,2026-05-28T12:58:55.419,,123.51243109999996,-1.43,247.0,2026-05-28T12:43:25.443,2026-05-28T12:58:55.443,,0.025233200000002398
123.70216230000005,123.70216230000005,0.000584213,573,2026-05-28T12:43:25.631,2026-05-28T12:58:55.631,,123.51243109999996,-1.43,247.0,2026-05-28T12:43:25.443,2026-05-28T12:58:55.443,,-0.18973120000009658
123.91711120000036,123.91711120000036,0.000584129,574,2026-05-28T12:43:25.843,2026-05-28T12:58:55.843,,124.01255769999989,-1.46,248.0,2026-05-28T12:43:25.943,2026-05-28T12:58:55.943,,0.09544649999952526
124.1321996000006,124.1321996000006,0.000583899,575,2026-05-28T12:43:26.064,2026-05-28T12:58:56.064,,124.01255769999989,-1.46,248.0,2026-05-28T12:43:25.943,2026-05-28T12:58:55.943,,-0.1196419000007154
124.34712690000015,124.34712690000015,0.000583637,576,2026-05-28T12:43:26.276,2026-05-28T12:58:56.276,,124.51241889999983,-1.5,249.0,2026-05-28T12:43:26.443,2026-05-28T12:58:56.443,,0.16529199999968114
124.56227580000086,124.56227580000086,0.000583783,577,2026-05-28T12:43:26.493,2026-05-28T12:58:56.493,,124.51241889999983,-1.5,249.0,2026-05-28T12:43:26.443,2026-05-28T12:58:56.443,,-0.049856900001032045
124.77714650000053,124.77714650000053,0.000583846,578,2026-05-28T12:43:26.709,2026-05-28T12:58:56.709,,125.01253420000103,-1.46,250.0,2026-05-28T12:43:26.943,2026-05-28T12:58:56.943,,0.23538770000050135
124.99245359999986,124.99245359999986,0.000583626,579,2026-05-28T12:43:26.920,2026-05-28T12:58:56.920,,125.01253420000103,-1.46,250.0,2026-05-28T12:43:26.943,2026-05-28T12:58:56.943,,0.020080600001165294
125.20739070000127,125.20739070000127,0.000583564,580,2026-05-28T12:43:27.138,2026-05-28T12:58:57.138,,125.01253420000103,-1.46,250.0,2026-05-28T12:43:26.943,2026-05-28T12:58:56.943,,-0.1948565000002418
125.42229250000128,125.42229250000128,0.000583354,581,2026-05-28T12:43:27.353,2026-05-28T12:58:57.353,,125.51243910000085,-1.48,251.0,2026-05-28T12:43:27.443,2026-05-28T12:58:57.443,,0.09014659999957075
125.637310600001,125.637310600001,0.000583365,582,2026-05-28T12:43:27.569,2026-05-28T12:58:57.569,,125.51243910000085,-1.48,251.0,2026-05-28T12:43:27.443,2026-05-28T12:58:57.443,,-0.1248715000001539
125.85232820000056,125.85232820000056,0.000583239,583,2026-05-28T12:43:27.776,2026-05-28T12:58:57.776,,126.0125523000006,-1.49,252.0,2026-05-28T12:43:27.943,2026-05-28T12:58:57.943,,0.16022410000005038
126.06726189999972,126.06726189999972,0.00058303,584,2026-05-28T12:43:27.993,2026-05-28T12:58:57.993,,126.0125523000006,-1.49,252.0,2026-05-28T12:43:27.943,2026-05-28T12:58:57.943,,-0.05470959999911429
126.28210360000048,126.28210360000048,0.000582925,585,2026-05-28T12:43:28.209,2026-05-28T12:58:58.209,,126.51232530000016,-1.51,253.0,2026-05-28T12:43:28.443,2026-05-28T12:58:58.443,,0.23022169999967446
126.49689220000073,126.49689220000073,0.000582862,586,2026-05-28T12:43:28.426,2026-05-28T12:58:58.426,,126.51232530000016,-1.51,253.0,2026-05-28T12:43:28.443,2026-05-28T12:58:58.443,,0.015433099999427213
126.71187079999982,126.71187079999982,0.000582695,587,2026-05-28T12:43:28.643,2026-05-28T12:58:58.643,,126.51232530000016,-1.51,253.0,2026-05-28T12:43:28.443,2026-05-28T12:58:58.443,,-0.1995454999996582
126.92673350000041,126.92673350000041,0.000582579,588,2026-05-28T12:43:28.859,2026-05-28T12:58:58.859,,127.01254960000006,-1.47,254.0,2026-05-28T12:43:28.943,2026-05-28T12:58:58.943,,0.08581609999964712
127.14191580000079,127.14191580000079,0.000582674,589,2026-05-28T12:43:29.074,2026-05-28T12:58:59.074,,127.01254960000006,-1.47,254.0,2026-05-28T12:43:28.943,2026-05-28T12:58:58.943,,-0.12936620000073162
127.3568892000003,127.3568892000003,0.000582558,590,2026-05-28T12:43:29.286,2026-05-28T12:58:59.286,,127.51248690000102,-1.49,255.0,2026-05-28T12:43:29.443,2026-05-28T12:58:59.443,,0.15559770000072604
127.57166000000143,127.57166000000143,0.000582464,591,2026-05-28T12:43:29.502,2026-05-28T12:58:59.502,,127.51248690000102,-1.49,255.0,2026-05-28T12:43:29.443,2026-05-28T12:58:59.443,,-0.05917310000040743
127.78674870000032,127.78674870000032,0.000582339,592,2026-05-28T12:43:29.709,2026-05-28T12:58:59.709,,128.01249629999984,-1.51,256.0,2026-05-28T12:43:29.943,2026-05-28T12:58:59.943,,0.2257475999995222
128.00173200000063,128.00173200000063,0.000582192,593,2026-05-28T12:43:29.933,2026-05-28T12:58:59.933,,128.01249629999984,-1.51,256.0,2026-05-28T12:43:29.943,2026-05-28T12:58:59.943,,0.01076429999920947
128.21669440000005,128.21669440000005,0.00058237,594,2026-05-28T12:43:30.143,2026-05-28T12:59:00.143,,128.01249629999984,-1.51,256.0,2026-05-28T12:43:29.943,2026-05-28T12:58:59.943,,-0.20419810000021243
128.43163660000027,128.43163660000027,0.000582349,595,2026-05-28T12:43:30.364,2026-05-28T12:59:00.364,,128.51248889999988,-1.51,257.0,2026-05-28T12:43:30.443,2026-05-28T12:59:00.443,,0.08085229999960575
128.64663199999995,128.64663199999995,0.000582129,596,2026-05-28T12:43:30.576,2026-05-28T12:59:00.576,,128.51248889999988,-1.51,257.0,2026-05-28T12:43:30.443,2026-05-28T12:59:00.443,,-0.1341431000000739
128.86159709999993,128.86159709999993,0.000582014,597,2026-05-28T12:43:30.793,2026-05-28T12:59:00.793,,129.01242660000025,-1.54,258.0,2026-05-28T12:43:30.943,2026-05-28T12:59:00.943,,0.15082950000032724
129.07670520000102,129.07670520000102,0.000581993,598,2026-05-28T12:43:31.009,2026-05-28T12:59:01.009,,129.01242660000025,-1.54,258.0,2026-05-28T12:43:30.943,2026-05-28T12:59:00.943,,-0.0642786000007618
129.2914923999997,129.2914923999997,0.000581752,599,2026-05-28T12:43:31.220,2026-05-28T12:59:01.220,,129.5123992000008,-1.52,259.0,2026-05-28T12:43:31.443,2026-05-28T12:59:01.443,,0.22090680000110297
129.5065792000005,129.5065792000005,0.000581941,600,2026-05-28T12:43:31.437,2026-05-28T12:59:01.437,,129.5123992000008,-1.52,259.0,2026-05-28T12:43:31.443,2026-05-28T12:59:01.443,,0.005820000000312575
129.72145310000087,129.72145310000087,0.000581752,601,2026-05-28T12:43:31.653,2026-05-28T12:59:01.653,,129.5123992000008,-1.52,259.0,2026-05-28T12:43:31.443,2026-05-28T12:59:01.443,,-0.20905390000007174
129.93663890000062,129.93663890000062,0.000581669,602,2026-05-28T12:43:31.869,2026-05-28T12:59:01.869,,130.01253429999997,-1.5,260.0,2026-05-28T12:43:31.943,2026-05-28T12:59:01.943,,0.07589539999935369
130.1514586000012,130.1514586000012,0.000581585,603,2026-05-28T12:43:32.076,2026-05-28T12:59:02.076,,130.01253429999997,-1.5,260.0,2026-05-28T12:43:31.943,2026-05-28T12:59:01.943,,-0.13892430000123568
130.36639190000096,130.36639190000096,0.000581941,604,2026-05-28T12:43:32.293,2026-05-28T12:59:02.293,,130.51256210000065,-1.5,261.0,2026-05-28T12:43:32.443,2026-05-28T12:59:02.443,,0.1461701999996876
130.58118850000028,130.58118850000028,0.000581805,605,2026-05-28T12:43:32.509,2026-05-28T12:59:02.509,,130.51256210000065,-1.5,261.0,2026-05-28T12:43:32.443,2026-05-28T12:59:02.443,,-0.06862639999962994
130.79620630000136,130.79620630000136,0.00058192,606,2026-05-28T12:43:32.726,2026-05-28T12:59:02.726,,131.01241029999983,-1.47,262.0,2026-05-28T12:43:32.943,2026-05-28T12:59:02.943,,0.21620399999846995
131.01115350000146,131.01115350000146,0.000581867,607,2026-05-28T12:43:32.943,2026-05-28T12:59:02.943,,131.01241029999983,-1.47,262.0,2026-05-28T12:43:32.943,2026-05-28T12:59:02.943,,0.001256799998373026
131.2261924000013,131.2261924000013,0.000582161,608,2026-05-28T12:43:33.153,2026-05-28T12:59:03.153,,131.01241029999983,-1.47,262.0,2026-05-28T12:43:32.943,2026-05-28T12:59:02.943,,-0.213782100001481
131.44115260000035,131.44115260000035,0.000582276,609,2026-05-28T12:43:33.373,2026-05-28T12:59:03.373,,131.5125351000006,-1.57,263.0,2026-05-28T12:43:33.443,2026-05-28T12:59:03.443,,0.07138250000025437
131.65613339999982,131.65613339999982,0.000582129,610,2026-05-28T12:43:33.586,2026-05-28T12:59:03.586,,131.5125351000006,-1.57,263.0,2026-05-28T12:43:33.443,2026-05-28T12:59:03.443,,-0.14359829999921203
131.87112669999988,131.87112669999988,0.000582244,611,2026-05-28T12:43:33.803,2026-05-28T12:59:03.803,,132.01256340000145,-1.58,264.0,2026-05-28T12:43:33.943,2026-05-28T12:59:03.943,,0.14143670000157726
132.08600250000018,132.08600250000018,0.000582328,612,2026-05-28T12:43:34.009,2026-05-28T12:59:04.009,,132.01256340000145,-1.58,264.0,2026-05-28T12:43:33.943,2026-05-28T12:59:03.943,,-0.07343909999872267
132.3011101000011,132.3011101000011,0.000582255,613,2026-05-28T12:43:34.226,2026-05-28T12:59:04.226,,132.51251270000103,-1.53,265.0,2026-05-28T12:43:34.443,2026-05-28T12:59:04.443,,0.2114025999999285
132.5160848000014,132.5160848000014,0.000582381,614,2026-05-28T12:43:34.443,2026-05-28T12:59:04.443,,132.51251270000103,-1.53,265.0,2026-05-28T12:43:34.443,2026-05-28T12:59:04.443,,-0.003572100000383216
132.7310121999999,132.7310121999999,0.000582223,615,2026-05-28T12:43:34.663,2026-05-28T12:59:04.663,,132.51251270000103,-1.53,265.0,2026-05-28T12:43:34.443,2026-05-28T12:59:04.443,,-0.2184994999988703
132.94606900000144,132.94606900000144,0.000582318,616,2026-05-28T12:43:34.876,2026-05-28T12:59:04.876,,133.01238470000135,-1.61,266.0,2026-05-28T12:43:34.943,2026-05-28T12:59:04.943,,0.06631569999990461
133.16489590000128,133.16489590000128,0.000582443,617,2026-05-28T12:43:35.093,2026-05-28T12:59:05.093,,133.01238470000135,-1.61,266.0,2026-05-28T12:43:34.943,2026-05-28T12:59:04.943,,-0.15251119999993534
133.38004739999997,133.38004739999997,0.000582255,618,2026-05-28T12:43:35.309,2026-05-28T12:59:05.309,,133.51252510000086,-1.54,267.0,2026-05-28T12:43:35.443,2026-05-28T12:59:05.443,,0.13247770000089076
133.59499320000032,133.59499320000032,0.000582412,619,2026-05-28T12:43:35.527,2026-05-28T12:59:05.527,,133.51252510000086,-1.54,267.0,2026-05-28T12:43:35.443,2026-05-28T12:59:05.443,,-0.08246809999945981
133.80988799999977,133.80988799999977,0.000581951,620,2026-05-28T12:43:35.736,2026-05-28T12:59:05.736,,134.01252410000052,-1.57,268.0,2026-05-28T12:43:35.943,2026-05-28T12:59:05.943,,0.2026361000007455
134.0247870000003,134.0247870000003,0.000581826,621,2026-05-28T12:43:35.952,2026-05-28T12:59:05.952,,134.01252410000052,-1.57,268.0,2026-05-28T12:43:35.943,2026-05-28T12:59:05.943,,-0.012262899999768706
134.23971690000144,134.23971690000144,0.000581501,622,2026-05-28T12:43:36.172,2026-05-28T12:59:06.172,,134.01252410000052,-1.57,268.0,2026-05-28T12:43:35.943,2026-05-28T12:59:05.943,,-0.22719280000092112
134.45454640000025,134.45454640000025,0.000581553,623,2026-05-28T12:43:36.386,2026-05-28T12:59:06.386,,134.51257410000107,-1.53,269.0,2026-05-28T12:43:36.443,2026-05-28T12:59:06.443,,0.058027700000820914
134.6696292000015,134.6696292000015,0.000581208,624,2026-05-28T12:43:36.593,2026-05-28T12:59:06.593,,134.51257410000107,-1.53,269.0,2026-05-28T12:43:36.443,2026-05-28T12:59:06.443,,-0.15705510000043432
134.88470589999997,134.88470589999997,0.00058125,625,2026-05-28T12:43:36.809,2026-05-28T12:59:06.809,,135.01228450000053,-1.61,270.0,2026-05-28T12:43:36.943,2026-05-28T12:59:06.943,,0.12757860000056098
135.09980600000017,135.09980600000017,0.000581019,626,2026-05-28T12:43:37.030,2026-05-28T12:59:07.030,,135.01228450000053,-1.61,270.0,2026-05-28T12:43:36.943,2026-05-28T12:59:06.943,,-0.08752149999963876
135.31491180000012,135.31491180000012,0.000580862,627,2026-05-28T12:43:37.243,2026-05-28T12:59:07.243,,135.51248380000106,-1.6,271.0,2026-05-28T12:43:37.443,2026-05-28T12:59:07.443,,0.197572000000946
135.53018090000114,135.53018090000114,0.0005808,628,2026-05-28T12:43:37.462,2026-05-28T12:59:07.462,,135.51248380000106,-1.6,271.0,2026-05-28T12:43:37.443,2026-05-28T12:59:07.443,,-0.017697100000077626
135.7451875000006,135.7451875000006,0.000580611,629,2026-05-28T12:43:37.676,2026-05-28T12:59:07.676,,135.51248380000106,-1.6,271.0,2026-05-28T12:43:37.443,2026-05-28T12:59:07.443,,-0.2327036999995471
135.96021140000084,135.96021140000084,0.000580444,630,2026-05-28T12:43:37.892,2026-05-28T12:59:07.892,,136.01237880000008,-1.6,272.0,2026-05-28T12:43:37.943,2026-05-28T12:59:07.943,,0.052167399999234476
136.175374800001,136.175374800001,0.000580213,631,2026-05-28T12:43:38.102,2026-05-28T12:59:08.102,,136.01237880000008,-1.6,272.0,2026-05-28T12:43:37.943,2026-05-28T12:59:07.943,,-0.1629960000009305
136.3902049999997,136.3902049999997,0.000580046,632,2026-05-28T12:43:38.319,2026-05-28T12:59:08.319,,136.51239330000135,-1.58,273.0,2026-05-28T12:43:38.443,2026-05-28T12:59:08.443,,0.12218830000165326
136.6052305000012,136.6052305000012,0.00057991,633,2026-05-28T12:43:38.537,2026-05-28T12:59:08.537,,136.51239330000135,-1.58,273.0,2026-05-28T12:43:38.443,2026-05-28T12:59:08.443,,-0.09283719999984896
136.8200925000001,136.8200925000001,0.000579575,634,2026-05-28T12:43:38.743,2026-05-28T12:59:08.743,,137.0124262999998,-1.59,274.0,2026-05-28T12:43:38.943,2026-05-28T12:59:08.943,,0.19233379999968747
137.03515960000004,137.03515960000004,0.000579627,635,2026-05-28T12:43:38.967,2026-05-28T12:59:08.967,,137.0124262999998,-1.59,274.0,2026-05-28T12:43:38.943,2026-05-28T12:59:08.943,,-0.02273330000025453
137.2500611000014,137.2500611000014,0.000579459,636,2026-05-28T12:43:39.182,2026-05-28T12:59:09.182,,137.0124262999998,-1.59,274.0,2026-05-28T12:43:38.943,2026-05-28T12:59:08.943,,-0.23763480000161508
137.46508450000147,137.46508450000147,0.00057948,637,2026-05-28T12:43:39.394,2026-05-28T12:59:09.394,,137.512366500001,-1.64,275.0,2026-05-28T12:43:39.443,2026-05-28T12:59:09.443,,0.04728199999954086
137.67984640000032,137.67984640000032,0.000579302,638,2026-05-28T12:43:39.609,2026-05-28T12:59:09.609,,137.512366500001,-1.64,275.0,2026-05-28T12:43:39.443,2026-05-28T12:59:09.443,,-0.16747989999930724
137.8950788000002,137.8950788000002,0.00057903,639,2026-05-28T12:43:39.826,2026-05-28T12:59:09.826,,138.0124319000006,-1.66,276.0,2026-05-28T12:43:39.943,2026-05-28T12:59:09.943,,0.11735310000040045
138.11008779999975,138.11008779999975,0.000578727,640,2026-05-28T12:43:40.042,2026-05-28T12:59:10.042,,138.0124319000006,-1.66,276.0,2026-05-28T12:43:39.943,2026-05-28T12:59:09.943,,-0.09765589999915392
138.32526099999995,138.32526099999995,0.000578842,641,2026-05-28T12:43:40.253,2026-05-28T12:59:10.253,,138.5124751000003,-1.67,277.0,2026-05-28T12:43:40.443,2026-05-28T12:59:10.443,,0.18721410000034666
138.54021790000115,138.54021790000115,0.000579208,642,2026-05-28T12:43:40.472,2026-05-28T12:59:10.472,,138.5124751000003,-1.67,277.0,2026-05-28T12:43:40.443,2026-05-28T12:59:10.443,,-0.027742800000851275
138.7553828,138.7553828,0.000579261,643,2026-05-28T12:43:40.686,2026-05-28T12:59:10.686,,138.5124751000003,-1.67,277.0,2026-05-28T12:43:40.443,2026-05-28T12:59:10.443,,-0.24290769999970507
138.97041440000066,138.97041440000066,0.000579428,644,2026-05-28T12:43:40.902,2026-05-28T12:59:10.902,,139.012366500001,-1.69,278.0,2026-05-28T12:43:40.943,2026-05-28T12:59:10.943,,0.04195210000034422
139.18558459999986,139.18558459999986,0.00057947,645,2026-05-28T12:43:41.109,2026-05-28T12:59:11.109,,139.012366500001,-1.69,278.0,2026-05-28T12:43:40.943,2026-05-28T12:59:10.943,,-0.17321809999884863
139.40067950000048,139.40067950000048,0.000579533,646,2026-05-28T12:43:41.326,2026-05-28T12:59:11.326,,139.51241850000042,-1.65,279.0,2026-05-28T12:43:41.443,2026-05-28T12:59:11.443,,0.11173899999994319
139.61581680000018,139.61581680000018,0.000579281,647,2026-05-28T12:43:41.543,2026-05-28T12:59:11.543,,139.51241850000042,-1.65,279.0,2026-05-28T12:43:41.443,2026-05-28T12:59:11.443,,-0.10339829999975336
139.830879000001,139.830879000001,0.000579459,648,2026-05-28T12:43:41.763,2026-05-28T12:59:11.763,,140.01235319999978,-1.65,280.0,2026-05-28T12:43:41.943,2026-05-28T12:59:11.943,,0.18147419999877457
140.04575230000046,140.04575230000046,0.000579334,649,2026-05-28T12:43:41.976,2026-05-28T12:59:11.976,,140.01235319999978,-1.65,280.0,2026-05-28T12:43:41.943,2026-05-28T12:59:11.943,,-0.03339910000067903
140.26071539999975,140.26071539999975,0.000579083,650,2026-05-28T12:43:42.193,2026-05-28T12:59:12.193,,140.01235319999978,-1.65,280.0,2026-05-28T12:43:41.943,2026-05-28T12:59:11.943,,-0.2483621999999741
140.47574650000024,140.47574650000024,0.000578946,651,2026-05-28T12:43:42.403,2026-05-28T12:59:12.403,,140.51249559999997,-1.69,281.0,2026-05-28T12:43:42.443,2026-05-28T12:59:12.443,,0.03674909999972442
140.69097789999978,140.69097789999978,0.000578852,652,2026-05-28T12:43:42.619,2026-05-28T12:59:12.619,,140.51249559999997,-1.69,281.0,2026-05-28T12:43:42.443,2026-05-28T12:59:12.443,,-0.17848229999981413
140.9056429000011,140.9056429000011,0.000578915,653,2026-05-28T12:43:42.836,2026-05-28T12:59:12.836,,141.01231820000066,-1.7,282.0,2026-05-28T12:43:42.944,2026-05-28T12:59:12.944,,0.1066752999995515
141.12070910000148,141.12070910000148,0.000578967,654,2026-05-28T12:43:43.052,2026-05-28T12:59:13.052,,141.01231820000066,-1.7,282.0,2026-05-28T12:43:42.944,2026-05-28T12:59:12.944,,-0.10839090000081342
141.33569780000107,141.33569780000107,0.000578748,655,2026-05-28T12:43:43.268,2026-05-28T12:59:13.268,,141.51237550000042,-1.67,283.0,2026-05-28T12:43:43.443,2026-05-28T12:59:13.443,,0.17667769999934535
141.5506643000008,141.5506643000008,0.000578789,656,2026-05-28T12:43:43.478,2026-05-28T12:59:13.478,,141.51237550000042,-1.67,283.0,2026-05-28T12:43:43.443,2026-05-28T12:59:13.443,,-0.03828880000037316
141.76560229999995,141.76560229999995,0.00057859,657,2026-05-28T12:43:43.693,2026-05-28T12:59:13.693,,142.01243560000148,-1.67,284.0,2026-05-28T12:43:43.943,2026-05-28T12:59:13.943,,0.24683330000152637
141.98077680000097,141.98077680000097,0.000578685,658,2026-05-28T12:43:43.909,2026-05-28T12:59:13.909,,142.01243560000148,-1.67,284.0,2026-05-28T12:43:43.943,2026-05-28T12:59:13.943,,0.03165880000051402
142.1957837000009,142.1957837000009,0.000578685,659,2026-05-28T12:43:44.126,2026-05-28T12:59:14.126,,142.01243560000148,-1.67,284.0,2026-05-28T12:43:43.943,2026-05-28T12:59:13.943,,-0.1833480999994208
142.41085380000004,142.41085380000004,0.000578727,660,2026-05-28T12:43:44.343,2026-05-28T12:59:14.343,,142.5123515000014,-1.71,285.0,2026-05-28T12:43:44.443,2026-05-28T12:59:14.443,,0.10149770000134595
142.62596699999995,142.62596699999995,0.00057859,661,2026-05-28T12:43:44.552,2026-05-28T12:59:14.552,,142.5123515000014,-1.71,285.0,2026-05-28T12:43:44.443,2026-05-28T12:59:14.443,,-0.11361549999855924
142.84110920000057,142.84110920000057,0.000578685,662,2026-05-28T12:43:44.773,2026-05-28T12:59:14.773,,143.01239460000033,-1.66,286.0,2026-05-28T12:43:44.943,2026-05-28T12:59:14.943,,0.17128539999976056
143.05606350000016,143.05606350000016,0.000578559,663,2026-05-28T12:43:44.986,2026-05-28T12:59:14.986,,143.01239460000033,-1.66,286.0,2026-05-28T12:43:44.943,2026-05-28T12:59:14.943,,-0.04366889999982959
143.27095000000008,143.27095000000008,0.000578318,664,2026-05-28T12:43:45.202,2026-05-28T12:59:15.202,,143.51245580000068,-1.71,287.0,2026-05-28T12:43:45.443,2026-05-28T12:59:15.443,,0.24150580000059563
143.48603720000028,143.48603720000028,0.000578276,665,2026-05-28T12:43:45.409,2026-05-28T12:59:15.409,,143.51245580000068,-1.71,287.0,2026-05-28T12:43:45.443,2026-05-28T12:59:15.443,,0.02641860000039742
143.70103910000034,143.70103910000034,0.000578381,666,2026-05-28T12:43:45.626,2026-05-28T12:59:15.626,,143.51245580000068,-1.71,287.0,2026-05-28T12:43:45.443,2026-05-28T12:59:15.443,,-0.18858329999966372
143.9161124000002,143.9161124000002,0.000578381,667,2026-05-28T12:43:45.843,2026-05-28T12:59:15.843,,144.01237089999995,-1.74,288.0,2026-05-28T12:43:45.943,2026-05-28T12:59:15.943,,0.09625849999974889
144.13098060000084,144.13098060000084,0.000578549,668,2026-05-28T12:43:46.063,2026-05-28T12:59:16.063,,144.01237089999995,-1.74,288.0,2026-05-28T12:43:45.943,2026-05-28T12:59:15.943,,-0.11860970000088855
144.34609790000104,144.34609790000104,0.000578632,669,2026-05-28T12:43:46.276,2026-05-28T12:59:16.276,,144.51250660000005,-1.71,289.0,2026-05-28T12:43:46.443,2026-05-28T12:59:16.443,,0.16640869999901042
144.56110940000144,144.56110940000144,0.000578905,670,2026-05-28T12:43:46.493,2026-05-28T12:59:16.493,,144.51250660000005,-1.71,289.0,2026-05-28T12:43:46.443,2026-05-28T12:59:16.443,,-0.04860280000139028
144.77619740000046,144.77619740000046,0.000579208,671,2026-05-28T12:43:46.702,2026-05-28T12:59:16.702,,145.01250980000077,-1.73,290.0,2026-05-28T12:43:46.943,2026-05-28T12:59:16.943,,0.2363124000003154
144.99101599999995,144.99101599999995,0.000579187,672,2026-05-28T12:43:46.919,2026-05-28T12:59:16.919,,145.01250980000077,-1.73,290.0,2026-05-28T12:43:46.943,2026-05-28T12:59:16.943,,0.021493800000826013
145.2059774999998,145.2059774999998,0.000579365,673,2026-05-28T12:43:47.136,2026-05-28T12:59:17.136,,145.01250980000077,-1.73,290.0,2026-05-28T12:43:46.943,2026-05-28T12:59:16.943,,-0.1934676999990188
145.42109450000135,145.42109450000135,0.000579281,674,2026-05-28T12:43:47.352,2026-05-28T12:59:17.352,,145.51247870000043,-1.72,291.0,2026-05-28T12:43:47.443,2026-05-28T12:59:17.443,,0.09138419999908365
145.63614700000107,145.63614700000107,0.000579261,675,2026-05-28T12:43:47.568,2026-05-28T12:59:17.568,,145.51247870000043,-1.72,291.0,2026-05-28T12:43:47.443,2026-05-28T12:59:17.443,,-0.1236683000006451
145.85113360000105,145.85113360000105,0.000579292,676,2026-05-28T12:43:47.776,2026-05-28T12:59:17.776,,146.01250470000014,-1.71,292.0,2026-05-28T12:43:47.943,2026-05-28T12:59:17.943,,0.16137109999908716
146.0661340000006,146.0661340000006,0.000579219,677,2026-05-28T12:43:47.993,2026-05-28T12:59:17.993,,146.01250470000014,-1.71,292.0,2026-05-28T12:43:47.943,2026-05-28T12:59:17.943,,-0.053629300000466174
146.2812472000005,146.2812472000005,0.000579302,678,2026-05-28T12:43:48.209,2026-05-28T12:59:18.209,,146.51253440000073,-1.72,293.0,2026-05-28T12:43:48.443,2026-05-28T12:59:18.443,,0.2312872000002244
146.49629939999977,146.49629939999977,0.000579439,679,2026-05-28T12:43:48.426,2026-05-28T12:59:18.426,,146.51253440000073,-1.72,293.0,2026-05-28T12:43:48.443,2026-05-28T12:59:18.443,,0.01623500000096101
146.71124150000105,146.71124150000105,0.000579313,680,2026-05-28T12:43:48.643,2026-05-28T12:59:18.643,,146.51253440000073,-1.72,293.0,2026-05-28T12:43:48.443,2026-05-28T12:59:18.443,,-0.19870710000031977
146.92605999999978,146.92605999999978,0.000579041,681,2026-05-28T12:43:48.853,2026-05-28T12:59:18.853,,147.01238809999995,-1.81,294.0,2026-05-28T12:43:48.943,2026-05-28T12:59:18.943,,0.08632810000017344
147.14085479999994,147.14085479999994,0.000579041,682,2026-05-28T12:43:49.073,2026-05-28T12:59:19.073,,147.01238809999995,-1.81,294.0,2026-05-28T12:43:48.943,2026-05-28T12:59:18.943,,-0.12846669999998994
147.35594430000128,147.35594430000128,0.000578884,683,2026-05-28T12:43:49.286,2026-05-28T12:59:19.286,,147.5124520999998,-1.78,295.0,2026-05-28T12:43:49.443,2026-05-28T12:59:19.443,,0.15650779999850783
147.57085910000023,147.57085910000023,0.000578915,684,2026-05-28T12:43:49.503,2026-05-28T12:59:19.503,,147.5124520999998,-1.78,295.0,2026-05-28T12:43:49.443,2026-05-28T12:59:19.443,,-0.05840700000044308
147.7859438000014,147.7859438000014,0.000578831,685,2026-05-28T12:43:49.709,2026-05-28T12:59:19.709,,148.01230159999977,-1.77,296.0,2026-05-28T12:43:49.943,2026-05-28T12:59:19.943,,0.22635779999836814
148.0008744000006,148.0008744000006,0.000578925,686,2026-05-28T12:43:49.933,2026-05-28T12:59:19.933,,148.01230159999977,-1.77,296.0,2026-05-28T12:43:49.943,2026-05-28T12:59:19.943,,0.01142719999916153
148.2158623000014,148.2158623000014,0.000578737,687,2026-05-28T12:43:50.146,2026-05-28T12:59:20.146,,148.01230159999977,-1.77,296.0,2026-05-28T12:43:49.943,2026-05-28T12:59:19.943,,-0.20356070000161708
148.4307528999998,148.4307528999998,0.00057859,688,2026-05-28T12:43:50.361,2026-05-28T12:59:20.361,,148.5124663000006,-1.78,297.0,2026-05-28T12:43:50.443,2026-05-28T12:59:20.443,,0.08171340000080818
148.64578390000133,148.64578390000133,0.000578727,689,2026-05-28T12:43:50.576,2026-05-28T12:59:20.576,,148.5124663000006,-1.78,297.0,2026-05-28T12:43:50.443,2026-05-28T12:59:20.443,,-0.133317600000737
148.86074259999987,148.86074259999987,0.000578727,690,2026-05-28T12:43:50.793,2026-05-28T12:59:20.793,,149.0125177000009,-1.75,298.0,2026-05-28T12:43:50.943,2026-05-28T12:59:20.943,,0.15177510000103211
149.07572720000098,149.07572720000098,0.000578475,691,2026-05-28T12:43:51.002,2026-05-28T12:59:21.002,,149.0125177000009,-1.75,298.0,2026-05-28T12:43:50.943,2026-05-28T12:59:20.943,,-0.06320950000008452
149.29080539999995,149.29080539999995,0.000578549,692,2026-05-28T12:43:51.219,2026-05-28T12:59:21.219,,149.5124915000015,-1.79,299.0,2026-05-28T12:43:51.443,2026-05-28T12:59:21.443,,0.22168610000153421
149.5056783,149.5056783,0.000578392,693,2026-05-28T12:43:51.438,2026-05-28T12:59:21.438,,149.5124915000015,-1.79,299.0,2026-05-28T12:43:51.443,2026-05-28T12:59:21.443,,0.00681320000148844
149.72080170000118,149.72080170000118,0.000578402,694,2026-05-28T12:43:51.653,2026-05-28T12:59:21.653,,149.5124915000015,-1.79,299.0,2026-05-28T12:43:51.443,2026-05-28T12:59:21.443,,-0.20831019999968703
149.93583279999984,149.93583279999984,0.000578276,695,2026-05-28T12:43:51.868,2026-05-28T12:59:21.868,,150.01240340000004,-1.81,300.0,2026-05-28T12:43:51.943,2026-05-28T12:59:21.943,,0.07657060000019555
150.15090750000127,150.15090750000127,0.000578266,696,2026-05-28T12:43:52.076,2026-05-28T12:59:22.076,,150.01240340000004,-1.81,300.0,2026-05-28T12:43:51.943,2026-05-28T12:59:21.943,,-0.13850410000122793
150.36572909999995,150.36572909999995,0.000578119,697,2026-05-28T12:43:52.293,2026-05-28T12:59:22.293,,150.51242960000127,-1.78,301.0,2026-05-28T12:43:52.443,2026-05-28T12:59:22.443,,0.14670050000131596
150.58085720000054,150.58085720000054,0.000578214,698,2026-05-28T12:43:52.509,2026-05-28T12:59:22.509,,150.51242960000127,-1.78,301.0,2026-05-28T12:43:52.443,2026-05-28T12:59:22.443,,-0.06842759999926784
150.7958733000014,150.7958733000014,0.000578234,699,2026-05-28T12:43:52.726,2026-05-28T12:59:22.726,,151.01240120000148,-1.82,302.0,2026-05-28T12:43:52.943,2026-05-28T12:59:22.943,,0.21652790000007371
151.01092590000007,151.01092590000007,0.00057792,700,2026-05-28T12:43:52.943,2026-05-28T12:59:22.943,,151.01240120000148,-1.82,302.0,2026-05-28T12:43:52.943,2026-05-28T12:59:22.943,,0.001475300001402502
151.22590880000098,151.22590880000098,0.000577837,701,2026-05-28T12:43:53.153,2026-05-28T12:59:23.153,,151.01240120000148,-1.82,302.0,2026-05-28T12:43:52.943,2026-05-28T12:59:22.943,,-0.21350759999950242
151.4408968000007,151.4408968000007,0.000577795,702,2026-05-28T12:43:53.373,2026-05-28T12:59:23.373,,151.51242590000038,-1.82,303.0,2026-05-28T12:43:53.443,2026-05-28T12:59:23.443,,0.0715290999996796
151.6557666000008,151.6557666000008,0.000577617,703,2026-05-28T12:43:53.586,2026-05-28T12:59:23.586,,151.51242590000038,-1.82,303.0,2026-05-28T12:43:53.443,2026-05-28T12:59:23.443,,-0.1433407000004081
151.8707919999997,151.8707919999997,0.000577837,704,2026-05-28T12:43:53.802,2026-05-28T12:59:23.802,,152.0123996000002,-1.78,304.0,2026-05-28T12:43:53.943,2026-05-28T12:59:23.943,,0.14160760000049777
152.0855657000011,152.0855657000011,0.000577627,705,2026-05-28T12:43:54.009,2026-05-28T12:59:24.009,,152.0123996000002,-1.78,304.0,2026-05-28T12:43:53.943,2026-05-28T12:59:23.943,,-0.07316610000088986
152.30042630000025,152.30042630000025,0.000577617,706,2026-05-28T12:43:54.226,2026-05-28T12:59:24.226,,152.51258280000002,-1.79,305.0,2026-05-28T12:43:54.443,2026-05-28T12:59:24.443,,0.2121564999997645
152.51540279999972,152.51540279999972,0.000577669,707,2026-05-28T12:43:54.443,2026-05-28T12:59:24.443,,152.51258280000002,-1.79,305.0,2026-05-28T12:43:54.443,2026-05-28T12:59:24.443,,-0.0028199999997013947
152.73035830000117,152.73035830000117,0.000577711,708,2026-05-28T12:43:54.663,2026-05-28T12:59:24.663,,152.51258280000002,-1.79,305.0,2026-05-28T12:43:54.443,2026-05-28T12:59:24.443,,-0.21777550000115298
152.9453835000004,152.9453835000004,0.000577763,709,2026-05-28T12:43:54.876,2026-05-28T12:59:24.876,,153.01242079999975,-1.8,306.0,2026-05-28T12:43:54.943,2026-05-28T12:59:24.943,,0.06703729999935604
153.16026240000065,153.16026240000065,0.000577774,710,2026-05-28T12:43:55.092,2026-05-28T12:59:25.092,,153.01242079999975,-1.8,306.0,2026-05-28T12:43:54.943,2026-05-28T12:59:24.943,,-0.14784160000090196
153.37513800000124,153.37513800000124,0.000577784,711,2026-05-28T12:43:55.302,2026-05-28T12:59:25.302,,153.51231069999994,-1.8,307.0,2026-05-28T12:43:55.443,2026-05-28T12:59:25.443,,0.1371726999987004
153.59002660000078,153.59002660000078,0.000577826,712,2026-05-28T12:43:55.519,2026-05-28T12:59:25.519,,153.51231069999994,-1.8,307.0,2026-05-28T12:43:55.443,2026-05-28T12:59:25.443,,-0.07771590000083961
153.80475410000145,153.80475410000145,0.000577701,713,2026-05-28T12:43:55.736,2026-05-28T12:59:25.736,,154.01247110000077,-1.83,308.0,2026-05-28T12:43:55.943,2026-05-28T12:59:25.943,,0.20771699999932025
154.01969890000146,154.01969890000146,0.000577533,714,2026-05-28T12:43:55.943,2026-05-28T12:59:25.943,,154.01247110000077,-1.83,308.0,2026-05-28T12:43:55.943,2026-05-28T12:59:25.943,,-0.007227800000691786
154.23492220000117,154.23492220000117,0.000577177,715,2026-05-28T12:43:56.167,2026-05-28T12:59:26.167,,154.01247110000077,-1.83,308.0,2026-05-28T12:43:55.943,2026-05-28T12:59:25.943,,-0.22245110000039858
154.44986750000135,154.44986750000135,0.000576926,716,2026-05-28T12:43:56.376,2026-05-28T12:59:26.376,,154.51235880000058,-1.86,309.0,2026-05-28T12:43:56.443,2026-05-28T12:59:26.443,,0.062491299999237526
154.665098200001,154.665098200001,0.000576779,717,2026-05-28T12:43:56.593,2026-05-28T12:59:26.593,,154.51235880000058,-1.86,309.0,2026-05-28T12:43:56.443,2026-05-28T12:59:26.443,,-0.15273940000042785
154.88001600000098,154.88001600000098,0.000576758,718,2026-05-28T12:43:56.809,2026-05-28T12:59:26.809,,155.01244570000017,-1.86,310.0,2026-05-28T12:43:56.943,2026-05-28T12:59:26.943,,0.13242969999919296
155.09497490000103,155.09497490000103,0.000576413,719,2026-05-28T12:43:57.027,2026-05-28T12:59:27.027,,155.01244570000017,-1.86,310.0,2026-05-28T12:43:56.943,2026-05-28T12:59:26.943,,-0.08252920000086306
155.3098417000001,155.3098417000001,0.000576392,720,2026-05-28T12:43:57.236,2026-05-28T12:59:27.236,,155.51242100000127,-1.85,311.0,2026-05-28T12:43:57.443,2026-05-28T12:59:27.443,,0.20257930000116176
155.52492359999997,155.52492359999997,0.00057635,721,2026-05-28T12:43:57.453,2026-05-28T12:59:27.453,,155.51242100000127,-1.85,311.0,2026-05-28T12:43:57.443,2026-05-28T12:59:27.443,,-0.012502599998697406
155.7398248999998,155.7398248999998,0.000576308,722,2026-05-28T12:43:57.672,2026-05-28T12:59:27.672,,155.51242100000127,-1.85,311.0,2026-05-28T12:43:57.443,2026-05-28T12:59:27.443,,-0.22740389999853505
155.95475009999973,155.95475009999973,0.000576392,723,2026-05-28T12:43:57.886,2026-05-28T12:59:27.886,,156.01240880000114,-1.9,312.0,2026-05-28T12:43:57.943,2026-05-28T12:59:27.943,,0.05765870000141149
156.16980780000085,156.16980780000085,0.000576277,724,2026-05-28T12:43:58.093,2026-05-28T12:59:28.093,,156.01240880000114,-1.9,312.0,2026-05-28T12:43:57.943,2026-05-28T12:59:27.943,,-0.15739899999971385
156.3848863000003,156.3848863000003,0.000576486,725,2026-05-28T12:43:58.311,2026-05-28T12:59:28.311,,156.5124625999997,-1.89,313.0,2026-05-28T12:43:58.443,2026-05-28T12:59:28.443,,0.12757629999941855
156.59981490000064,156.59981490000064,0.000576507,726,2026-05-28T12:43:58.530,2026-05-28T12:59:28.530,,156.5124625999997,-1.89,313.0,2026-05-28T12:43:58.443,2026-05-28T12:59:28.443,,-0.08735230000092997
156.81483130000015,156.81483130000015,0.000576664,727,2026-05-28T12:43:58.743,2026-05-28T12:59:28.743,,157.0123734000008,-1.9,314.0,2026-05-28T12:43:58.943,2026-05-28T12:59:28.943,,0.19754210000064631
157.0298168999998,157.0298168999998,0.000576999,728,2026-05-28T12:43:58.962,2026-05-28T12:59:28.962,,157.0123734000008,-1.9,314.0,2026-05-28T12:43:58.943,2026-05-28T12:59:28.943,,-0.017443499998989864
157.24480850000145,157.24480850000145,0.000577701,729,2026-05-28T12:43:59.176,2026-05-28T12:59:29.176,,157.0123734000008,-1.9,314.0,2026-05-28T12:43:58.943,2026-05-28T12:59:28.943,,-0.23243510000065726
157.45978149999974,157.45978149999974,0.000578119,730,2026-05-28T12:43:59.388,2026-05-28T12:59:29.388,,157.51232020000134,-1.91,315.0,2026-05-28T12:43:59.443,2026-05-28T12:59:29.443,,0.05253870000160532
157.674911600001,157.674911600001,0.000578643,731,2026-05-28T12:43:59.602,2026-05-28T12:59:29.602,,157.51232020000134,-1.91,315.0,2026-05-28T12:43:59.443,2026-05-28T12:59:29.443,,-0.16259139999965555
157.88988229999995,157.88988229999995,0.00057859,732,2026-05-28T12:43:59.819,2026-05-28T12:59:29.819,,158.01244000000042,-1.88,316.0,2026-05-28T12:43:59.943,2026-05-28T12:59:29.943,,0.1225577000004705
158.10482279999997,158.10482279999997,0.000578842,733,2026-05-28T12:44:00.030,2026-05-28T12:59:30.030,,158.01244000000042,-1.88,316.0,2026-05-28T12:43:59.943,2026-05-28T12:59:29.943,,-0.09238279999954102
158.31977460000053,158.31977460000053,0.000578988,734,2026-05-28T12:44:00.243,2026-05-28T12:59:30.243,,158.5125504000007,-1.85,317.0,2026-05-28T12:44:00.443,2026-05-28T12:59:30.443,,0.19277580000016314
158.53462030000082,158.53462030000082,0.000579302,735,2026-05-28T12:44:00.467,2026-05-28T12:59:30.467,,158.5125504000007,-1.85,317.0,2026-05-28T12:44:00.443,2026-05-28T12:59:30.443,,-0.022069900000133202
158.74945210000078,158.74945210000078,0.000579616,736,2026-05-28T12:44:00.676,2026-05-28T12:59:30.676,,158.5125504000007,-1.85,317.0,2026-05-28T12:44:00.443,2026-05-28T12:59:30.443,,-0.23690170000008948
158.96453180000026,158.96453180000026,0.000579564,737,2026-05-28T12:44:00.895,2026-05-28T12:59:30.895,,159.01239460000033,-1.88,318.0,2026-05-28T12:44:00.943,2026-05-28T12:59:30.943,,0.04786280000007537
159.17945320000035,159.17945320000035,0.000579606,738,2026-05-28T12:44:01.109,2026-05-28T12:59:31.109,,159.01239460000033,-1.88,318.0,2026-05-28T12:44:00.943,2026-05-28T12:59:30.943,,-0.1670586000000185
159.39443420000134,159.39443420000134,0.000579669,739,2026-05-28T12:44:01.326,2026-05-28T12:59:31.326,,159.51227870000002,-1.9,319.0,2026-05-28T12:44:01.443,2026-05-28T12:59:31.443,,0.1178444999986823
159.60944970000128,159.60944970000128,0.0005797,740,2026-05-28T12:44:01.540,2026-05-28T12:59:31.540,,159.51227870000002,-1.9,319.0,2026-05-28T12:44:01.443,2026-05-28T12:59:31.443,,-0.09717100000125356
159.8244052000009,159.8244052000009,0.000579491,741,2026-05-28T12:44:01.753,2026-05-28T12:59:31.753,,160.0123464999997,-1.93,320.0,2026-05-28T12:44:01.943,2026-05-28T12:59:31.943,,0.1879412999987835
160.03936290000092,160.03936290000092,0.000579763,742,2026-05-28T12:44:01.971,2026-05-28T12:59:31.971,,160.0123464999997,-1.93,320.0,2026-05-28T12:44:01.943,2026-05-28T12:59:31.943,,-0.027016400001230068
160.25445840000066,160.25445840000066,0.000579742,743,2026-05-28T12:44:02.186,2026-05-28T12:59:32.186,,160.0123464999997,-1.93,320.0,2026-05-28T12:44:01.943,2026-05-28T12:59:31.943,,-0.24211190000096394
160.46956610000052,160.46956610000052,0.000579962,744,2026-05-28T12:44:02.393,2026-05-28T12:59:32.393,,160.5122777000015,-1.9,321.0,2026-05-28T12:44:02.443,2026-05-28T12:59:32.443,,0.04271160000098462
160.68453030000092,160.68453030000092,0.000579878,745,2026-05-28T12:44:02.609,2026-05-28T12:59:32.609,,160.5122777000015,-1.9,321.0,2026-05-28T12:44:02.443,2026-05-28T12:59:32.443,,-0.17225259999941045
160.89947530000063,160.89947530000063,0.000580088,746,2026-05-28T12:44:02.826,2026-05-28T12:59:32.826,,161.0124446000009,-1.97,322.0,2026-05-28T12:44:02.943,2026-05-28T12:59:32.943,,0.11296930000025895
161.11442069999976,161.11442069999976,0.000580004,747,2026-05-28T12:44:03.043,2026-05-28T12:59:33.043,,161.0124446000009,-1.97,322.0,2026-05-28T12:44:02.943,2026-05-28T12:59:32.943,,-0.10197609999886481
161.32948899999974,161.32948899999974,0.000580224,748,2026-05-28T12:44:03.262,2026-05-28T12:59:33.262,,161.51241070000106,-1.94,323.0,2026-05-28T12:44:03.444,2026-05-28T12:59:33.444,,0.1829217000013159
161.54436830000122,161.54436830000122,0.00058036,749,2026-05-28T12:44:03.476,2026-05-28T12:59:33.476,,161.51241070000106,-1.94,323.0,2026-05-28T12:44:03.444,2026-05-28T12:59:33.444,,-0.031957600000168895
161.7594226000001,161.7594226000001,0.00058059,750,2026-05-28T12:44:03.686,2026-05-28T12:59:33.686,,161.51241070000106,-1.94,323.0,2026-05-28T12:44:03.444,2026-05-28T12:59:33.444,,-0.24701189999905182
161.97423870000057,161.97423870000057,0.000580789,751,2026-05-28T12:44:03.903,2026-05-28T12:59:33.903,,162.01244740000038,-1.97,324.0,2026-05-28T12:44:03.943,2026-05-28T12:59:33.943,,0.03820869999981369
162.18931540000085,162.18931540000085,0.000580716,752,2026-05-28T12:44:04.119,2026-05-28T12:59:34.119,,162.01244740000038,-1.97,324.0,2026-05-28T12:44:03.943,2026-05-28T12:59:33.943,,-0.17686800000046787
162.40427009999985,162.40427009999985,0.000580632,753,2026-05-28T12:44:04.336,2026-05-28T12:59:34.336,,162.5123902000014,-1.98,325.0,2026-05-28T12:44:04.443,2026-05-28T12:59:34.443,,0.1081201000015426
162.61939020000136,162.61939020000136,0.000580622,754,2026-05-28T12:44:04.546,2026-05-28T12:59:34.546,,162.5123902000014,-1.98,325.0,2026-05-28T12:44:04.443,2026-05-28T12:59:34.443,,-0.1069999999999709
162.83421650000128,162.83421650000128,0.000580433,755,2026-05-28T12:44:04.766,2026-05-28T12:59:34.766,,163.01235310000084,-1.97,326.0,2026-05-28T12:44:04.943,2026-05-28T12:59:34.943,,0.17813659999956144
163.04906740000115,163.04906740000115,0.000580349,756,2026-05-28T12:44:04.976,2026-05-28T12:59:34.976,,163.01235310000084,-1.97,326.0,2026-05-28T12:44:04.943,2026-05-28T12:59:34.943,,-0.036714300000312505
163.26410340000075,163.26410340000075,0.000580067,757,2026-05-28T12:44:05.195,2026-05-28T12:59:35.195,,163.51234600000134,-1.92,327.0,2026-05-28T12:44:05.443,2026-05-28T12:59:35.443,,0.2482426000005944
163.47923390000142,163.47923390000142,0.000579983,758,2026-05-28T12:44:05.409,2026-05-28T12:59:35.409,,163.51234600000134,-1.92,327.0,2026-05-28T12:44:05.443,2026-05-28T12:59:35.443,,0.033112099999925704
163.69407430000138,163.69407430000138,0.000579679,759,2026-05-28T12:44:05.626,2026-05-28T12:59:35.626,,163.51234600000134,-1.92,327.0,2026-05-28T12:44:05.443,2026-05-28T12:59:35.443,,-0.1817283000000316
163.90913660000115,163.90913660000115,0.000579575,760,2026-05-28T12:44:05.836,2026-05-28T12:59:35.836,,164.0124289000014,-1.98,328.0,2026-05-28T12:44:05.943,2026-05-28T12:59:35.943,,0.10329230000024836
164.12414100000024,164.12414100000024,0.000579376,761,2026-05-28T12:44:06.052,2026-05-28T12:59:36.052,,164.0124289000014,-1.98,328.0,2026-05-28T12:44:05.943,2026-05-28T12:59:35.943,,-0.11171209999884013
164.33906370000113,164.33906370000113,0.000579198,762,2026-05-28T12:44:06.261,2026-05-28T12:59:36.261,,164.5125235000014,-2.01,329.0,2026-05-28T12:44:06.443,2026-05-28T12:59:36.443,,0.1734598000002734
164.55414010000095,164.55414010000095,0.000578915,763,2026-05-28T12:44:06.486,2026-05-28T12:59:36.486,,164.5125235000014,-2.01,329.0,2026-05-28T12:44:06.443,2026-05-28T12:59:36.443,,-0.041616599999542814
164.76896070000112,164.76896070000112,0.000578559,764,2026-05-28T12:44:06.693,2026-05-28T12:59:36.693,,165.01226570000108,-1.97,330.0,2026-05-28T12:44:06.943,2026-05-28T12:59:36.943,,0.2433049999999639
164.98392960000092,164.98392960000092,0.00057857,765,2026-05-28T12:44:06.909,2026-05-28T12:59:36.909,,165.01226570000108,-1.97,330.0,2026-05-28T12:44:06.943,2026-05-28T12:59:36.943,,0.028336100000160513
165.1987205000005,165.1987205000005,0.000578444,766,2026-05-28T12:44:07.126,2026-05-28T12:59:37.126,,165.01226570000108,-1.97,330.0,2026-05-28T12:44:06.943,2026-05-28T12:59:36.943,,-0.18645479999941017
165.4140451000003,165.4140451000003,0.000578475,767,2026-05-28T12:44:07.343,2026-05-28T12:59:37.343,,165.51229150000108,-2.0,331.0,2026-05-28T12:44:07.443,2026-05-28T12:59:37.443,,0.09824640000078944
165.6289125000003,165.6289125000003,0.000578297,768,2026-05-28T12:44:07.561,2026-05-28T12:59:37.561,,165.51229150000108,-2.0,331.0,2026-05-28T12:44:07.443,2026-05-28T12:59:37.443,,-0.11662099999921338
165.84398080000028,165.84398080000028,0.00057835,769,2026-05-28T12:44:07.776,2026-05-28T12:59:37.776,,166.01252279999972,-2.03,332.0,2026-05-28T12:44:07.943,2026-05-28T12:59:37.943,,0.16854199999943376
166.05908869999985,166.05908869999985,0.000578214,770,2026-05-28T12:44:07.986,2026-05-28T12:59:37.986,,166.01252279999972,-2.03,332.0,2026-05-28T12:44:07.943,2026-05-28T12:59:37.943,,-0.04656590000013239
166.27408220000143,166.27408220000143,0.000578172,771,2026-05-28T12:44:08.203,2026-05-28T12:59:38.203,,166.51262730000053,-1.98,333.0,2026-05-28T12:44:08.443,2026-05-28T12:59:38.443,,0.23854509999910078
166.4891322000003,166.4891322000003,0.000578203,772,2026-05-28T12:44:08.419,2026-05-28T12:59:38.419,,166.51262730000053,-1.98,333.0,2026-05-28T12:44:08.443,2026-05-28T12:59:38.443,,0.023495100000218372
166.70418960000097,166.70418960000097,0.000578214,773,2026-05-28T12:44:08.636,2026-05-28T12:59:38.636,,166.51262730000053,-1.98,333.0,2026-05-28T12:44:08.443,2026-05-28T12:59:38.443,,-0.1915623000004416
166.91919690000032,166.91919690000032,0.000578308,774,2026-05-28T12:44:08.843,2026-05-28T12:59:38.843,,167.01231150000058,-1.96,334.0,2026-05-28T12:44:08.943,2026-05-28T12:59:38.943,,0.09311460000026273
167.13416510000025,167.13416510000025,0.000578098,775,2026-05-28T12:44:09.066,2026-05-28T12:59:39.066,,167.01231150000058,-1.96,334.0,2026-05-28T12:44:08.943,2026-05-28T12:59:38.943,,-0.1218535999996675
167.34910339999988,167.34910339999988,0.000577899,776,2026-05-28T12:44:09.276,2026-05-28T12:59:39.276,,167.5122244000013,-1.97,335.0,2026-05-28T12:44:09.444,2026-05-28T12:59:39.444,,0.16312100000141072
167.56410660000074,167.56410660000074,0.000578056,777,2026-05-28T12:44:09.493,2026-05-28T12:59:39.493,,167.5122244000013,-1.97,335.0,2026-05-28T12:44:09.444,2026-05-28T12:59:39.444,,-0.051882199999454315
167.7791285000003,167.7791285000003,0.000578161,778,2026-05-28T12:44:09.709,2026-05-28T12:59:39.709,,168.01243150000118,-1.97,336.0,2026-05-28T12:44:09.943,2026-05-28T12:59:39.943,,0.23330300000088755
167.9941705000001,167.9941705000001,0.000578109,779,2026-05-28T12:44:09.926,2026-05-28T12:59:39.926,,168.01243150000118,-1.97,336.0,2026-05-28T12:44:09.943,2026-05-28T12:59:39.943,,0.018261000001075445
168.20917700000064,168.20917700000064,0.00057836,780,2026-05-28T12:44:10.141,2026-05-28T12:59:40.141,,168.01243150000118,-1.97,336.0,2026-05-28T12:44:09.943,2026-05-28T12:59:39.943,,-0.19674549999945157
168.4241275000004,168.4241275000004,0.000578287,781,2026-05-28T12:44:10.353,2026-05-28T12:59:40.353,,168.51244399999996,-1.99,337.0,2026-05-28T12:44:10.443,2026-05-28T12:59:40.443,,0.08831649999956426
168.63915720000114,168.63915720000114,0.000578549,782,2026-05-28T12:44:10.571,2026-05-28T12:59:40.571,,168.51244399999996,-1.99,337.0,2026-05-28T12:44:10.443,2026-05-28T12:59:40.443,,-0.12671320000117703
168.85403510000106,168.85403510000106,0.000578674,783,2026-05-28T12:44:10.778,2026-05-28T12:59:40.778,,169.01229960000092,-2.0,338.0,2026-05-28T12:44:10.944,2026-05-28T12:59:40.944,,0.15826449999985925
169.06894380000085,169.06894380000085,0.000578946,784,2026-05-28T12:44:10.993,2026-05-28T12:59:40.993,,169.01229960000092,-2.0,338.0,2026-05-28T12:44:10.944,2026-05-28T12:59:40.944,,-0.05664419999993697
169.28385979999985,169.28385979999985,0.000579344,785,2026-05-28T12:44:11.209,2026-05-28T12:59:41.209,,169.51234029999978,-2.01,339.0,2026-05-28T12:44:11.444,2026-05-28T12:59:41.444,,0.22848049999993236
169.49893080000038,169.49893080000038,0.000579543,786,2026-05-28T12:44:11.431,2026-05-28T12:59:41.431,,169.51234029999978,-2.01,339.0,2026-05-28T12:44:11.444,2026-05-28T12:59:41.444,,0.013409499999397667
169.71389970000018,169.71389970000018,0.000579889,787,2026-05-28T12:44:11.645,2026-05-28T12:59:41.645,,169.51234029999978,-2.01,339.0,2026-05-28T12:44:11.444,2026-05-28T12:59:41.444,,-0.20155940000040573
169.9289617000013,169.9289617000013,0.00058015,788,2026-05-28T12:44:11.859,2026-05-28T12:59:41.859,,170.01291370000035,-2.09,340.0,2026-05-28T12:44:11.943,2026-05-28T12:59:41.943,,0.08395199999904435
170.14379820000067,170.14379820000067,0.000580391,789,2026-05-28T12:44:12.076,2026-05-28T12:59:42.076,,170.01291370000035,-2.09,340.0,2026-05-28T12:44:11.943,2026-05-28T12:59:41.943,,-0.13088450000032026
170.3587889999999,170.3587889999999,0.000580779,790,2026-05-28T12:44:12.291,2026-05-28T12:59:42.291,,170.51244600000064,-2.05,341.0,2026-05-28T12:44:12.443,2026-05-28T12:59:42.443,,0.15365700000074867
170.57377610000003,170.57377610000003,0.000580957,791,2026-05-28T12:44:12.505,2026-05-28T12:59:42.505,,170.51244600000064,-2.05,341.0,2026-05-28T12:44:12.443,2026-05-28T12:59:42.443,,-0.061330099999395316
170.7886825000005,170.7886825000005,0.000581344,792,2026-05-28T12:44:12.721,2026-05-28T12:59:42.721,,171.0126264999999,-2.08,342.0,2026-05-28T12:44:12.943,2026-05-28T12:59:42.943,,0.22394399999939196
171.00352420000127,171.00352420000127,0.000581669,793,2026-05-28T12:44:12.935,2026-05-28T12:59:42.935,,171.0126264999999,-2.08,342.0,2026-05-28T12:44:12.943,2026-05-28T12:59:42.943,,0.00910229999863077
171.21849910000128,171.21849910000128,0.00058215,794,2026-05-28T12:44:13.143,2026-05-28T12:59:43.143,,171.0126264999999,-2.08,342.0,2026-05-28T12:44:12.943,2026-05-28T12:59:42.943,,-0.20587260000138485
171.43533770000067,171.43533770000067,0.000582621,795,2026-05-28T12:44:13.361,2026-05-28T12:59:43.361,,171.51229220000096,-2.03,343.0,2026-05-28T12:44:13.444,2026-05-28T12:59:43.444,,0.07695450000028359
171.65031930000077,171.65031930000077,0.000582726,796,2026-05-28T12:44:13.577,2026-05-28T12:59:43.577,,171.51229220000096,-2.03,343.0,2026-05-28T12:44:13.444,2026-05-28T12:59:43.444,,-0.13802709999981744
171.86527820000083,171.86527820000083,0.000582841,797,2026-05-28T12:44:13.797,2026-05-28T12:59:43.797,,172.0126753000004,-2.02,344.0,2026-05-28T12:44:13.935,2026-05-28T12:59:43.935,,0.14739709999957995
172.0802994000005,172.0802994000005,0.000582852,798,2026-05-28T12:44:14.010,2026-05-28T12:59:44.010,,172.0126753000004,-2.02,344.0,2026-05-28T12:44:13.935,2026-05-28T12:59:43.935,,-0.06762410000010277
172.29533100000117,172.29533100000117,0.000583019,799,2026-05-28T12:44:14.226,2026-05-28T12:59:44.226,,172.51269460000003,-2.06,345.0,2026-05-28T12:44:14.445,2026-05-28T12:59:44.445,,0.2173635999988619
172.5101222000012,172.5101222000012,0.000582883,800,2026-05-28T12:44:14.442,2026-05-28T12:59:44.442,,172.51269460000003,-2.06,345.0,2026-05-28T12:44:14.445,2026-05-28T12:59:44.445,,0.0025723999988258583
172.72513140000046,172.72513140000046,0.000583134,801,2026-05-28T12:44:14.657,2026-05-28T12:59:44.657,,172.51269460000003,-2.06,345.0,2026-05-28T12:44:14.445,2026-05-28T12:59:44.445,,-0.2124368000004324
172.93988320000062,172.93988320000062,0.000583103,802,2026-05-28T12:44:14.871,2026-05-28T12:59:44.871,,173.01265450000028,-2.03,346.0,2026-05-28T12:44:14.944,2026-05-28T12:59:44.944,,0.07277129999965837
173.1550275999998,173.1550275999998,0.000583103,803,2026-05-28T12:44:15.087,2026-05-28T12:59:45.087,,173.01265450000028,-2.03,346.0,2026-05-28T12:44:14.944,2026-05-28T12:59:44.944,,-0.1423730999995314
173.37000970000008,173.37000970000008,0.000583145,804,2026-05-28T12:44:15.302,2026-05-28T12:59:45.302,,173.51256130000002,-2.11,347.0,2026-05-28T12:44:15.444,2026-05-28T12:59:45.444,,0.1425515999999334
173.58505700000023,173.58505700000023,0.000583323,805,2026-05-28T12:44:15.514,2026-05-28T12:59:45.514,,173.51256130000002,-2.11,347.0,2026-05-28T12:44:15.444,2026-05-28T12:59:45.444,,-0.07249570000021777
173.7998750000006,173.7998750000006,0.000583511,806,2026-05-28T12:44:15.730,2026-05-28T12:59:45.730,,174.01273469999978,-2.09,348.0,2026-05-28T12:44:15.941,2026-05-28T12:59:45.941,,0.21285969999917143
174.01481510000121,174.01481510000121,0.000583407,807,2026-05-28T12:44:15.941,2026-05-28T12:59:45.941,,174.01273469999978,-2.09,348.0,2026-05-28T12:44:15.941,2026-05-28T12:59:45.941,,-0.002080400001432281
174.22980760000064,174.22980760000064,0.000582736,808,2026-05-28T12:44:16.161,2026-05-28T12:59:46.161,,174.01273469999978,-2.09,348.0,2026-05-28T12:44:15.941,2026-05-28T12:59:45.941,,-0.21707290000085777
174.44481520000045,174.44481520000045,0.00058236,809,2026-05-28T12:44:16.377,2026-05-28T12:59:46.377,,174.5123820000008,-2.1,349.0,2026-05-28T12:44:16.444,2026-05-28T12:59:46.444,,0.06756680000034976
174.65980020000097,174.65980020000097,0.000582558,810,2026-05-28T12:44:16.588,2026-05-28T12:59:46.588,,174.5123820000008,-2.1,349.0,2026-05-28T12:44:16.444,2026-05-28T12:59:46.444,,-0.1474182000001747
174.87488170000142,174.87488170000142,0.000582852,811,2026-05-28T12:44:16.805,2026-05-28T12:59:46.805,,175.01265520000015,-2.07,350.0,2026-05-28T12:44:16.936,2026-05-28T12:59:46.936,,0.13777349999872968
175.0897504000004,175.0897504000004,0.000582768,812,2026-05-28T12:44:17.021,2026-05-28T12:59:47.021,,175.01265520000015,-2.07,350.0,2026-05-28T12:44:16.936,2026-05-28T12:59:46.936,,-0.07709520000025805
175.30494550000003,175.30494550000003,0.000583019,813,2026-05-28T12:44:17.234,2026-05-28T12:59:47.234,,175.51251800000136,-2.11,351.0,2026-05-28T12:44:17.441,2026-05-28T12:59:47.441,,0.20757250000133354
175.51988780000102,175.51988780000102,0.000583197,814,2026-05-28T12:44:17.451,2026-05-28T12:59:47.451,,175.51251800000136,-2.11,351.0,2026-05-28T12:44:17.441,2026-05-28T12:59:47.441,,-0.00736979999965115
175.73491340000146,175.73491340000146,0.000583187,815,2026-05-28T12:44:17.665,2026-05-28T12:59:47.665,,175.51251800000136,-2.11,351.0,2026-05-28T12:44:17.441,2026-05-28T12:59:47.441,,-0.22239540000009583
175.94970699999976,175.94970699999976,0.000583145,816,2026-05-28T12:44:17.881,2026-05-28T12:59:47.881,,176.0122897000001,-2.11,352.0,2026-05-28T12:44:17.936,2026-05-28T12:59:47.936,,0.06258270000034827
176.16489890000048,176.16489890000048,0.000583522,817,2026-05-28T12:44:18.097,2026-05-28T12:59:48.097,,176.0122897000001,-2.11,352.0,2026-05-28T12:44:17.936,2026-05-28T12:59:47.936,,-0.15260920000037004
176.37988899999982,176.37988899999982,0.000583679,818,2026-05-28T12:44:18.311,2026-05-28T12:59:48.311,,176.51270470000054,-2.08,353.0,2026-05-28T12:44:18.444,2026-05-28T12:59:48.444,,0.13281570000071952
176.5949658999998,176.5949658999998,0.000583857,819,2026-05-28T12:44:18.527,2026-05-28T12:59:48.527,,176.51270470000054,-2.08,353.0,2026-05-28T12:44:18.444,2026-05-28T12:59:48.444,,-0.08226119999926595
176.8100871000006,176.8100871000006,0.000583825,820,2026-05-28T12:44:18.740,2026-05-28T12:59:48.740,,177.01270939999995,-2.19,354.0,2026-05-28T12:44:18.945,2026-05-28T12:59:48.945,,0.2026222999993479
177.02498630000082,177.02498630000082,0.000583836,821,2026-05-28T12:44:18.948,2026-05-28T12:59:48.948,,177.01270939999995,-2.19,354.0,2026-05-28T12:44:18.945,2026-05-28T12:59:48.945,,-0.012276900000870228
177.2399361000007,177.2399361000007,0.000583972,822,2026-05-28T12:44:19.172,2026-05-28T12:59:49.172,,177.01270939999995,-2.19,354.0,2026-05-28T12:44:18.945,2026-05-28T12:59:48.945,,-0.22722670000075595
177.45488149999983,177.45488149999983,0.000584108,823,2026-05-28T12:44:19.384,2026-05-28T12:59:49.384,,177.51275730000089,-2.11,355.0,2026-05-28T12:44:19.442,2026-05-28T12:59:49.442,,0.05787580000105663
177.6699593000012,177.6699593000012,0.000584276,824,2026-05-28T12:44:19.595,2026-05-28T12:59:49.595,,177.51275730000089,-2.11,355.0,2026-05-28T12:44:19.442,2026-05-28T12:59:49.442,,-0.15720200000032492
177.88486550000016,177.88486550000016,0.000584537,825,2026-05-28T12:44:19.817,2026-05-28T12:59:49.817,,178.0126450000007,-2.15,356.0,2026-05-28T12:44:19.942,2026-05-28T12:59:49.942,,0.1277795000005426
178.0997922000006,178.0997922000006,0.000584998,826,2026-05-28T12:44:20.032,2026-05-28T12:59:50.032,,178.0126450000007,-2.15,356.0,2026-05-28T12:44:19.942,2026-05-28T12:59:49.942,,-0.08714719999989029
178.3146753000001,178.3146753000001,0.000585186,827,2026-05-28T12:44:20.245,2026-05-28T12:59:50.245,,178.51232690000143,-2.11,357.0,2026-05-28T12:44:20.442,2026-05-28T12:59:50.442,,0.1976516000013362
178.52972170000066,178.52972170000066,0.000585239,828,2026-05-28T12:44:20.452,2026-05-28T12:59:50.452,,178.51232690000143,-2.11,357.0,2026-05-28T12:44:20.442,2026-05-28T12:59:50.442,,-0.017394799999237875
178.74477339999976,178.74477339999976,0.000585323,829,2026-05-28T12:44:20.677,2026-05-28T12:59:50.677,,178.51232690000143,-2.11,357.0,2026-05-28T12:44:20.442,2026-05-28T12:59:50.442,,-0.232446499998332
178.96000930000082,178.96000930000082,0.000585783,830,2026-05-28T12:44:20.887,2026-05-28T12:59:50.887,,179.01229220000096,-2.16,358.0,2026-05-28T12:44:20.943,2026-05-28T12:59:50.943,,0.05228290000013658
179.17502410000088,179.17502410000088,0.000585846,831,2026-05-28T12:44:21.101,2026-05-28T12:59:51.101,,179.01229220000096,-2.16,358.0,2026-05-28T12:44:20.943,2026-05-28T12:59:50.943,,-0.1627318999999261
179.3901937999999,179.3901937999999,0.00058615,832,2026-05-28T12:44:21.321,2026-05-28T12:59:51.321,,179.5124106000003,-2.15,359.0,2026-05-28T12:44:21.441,2026-05-28T12:59:51.441,,0.1222168000003876
179.60540680000122,179.60540680000122,0.000585846,833,2026-05-28T12:44:21.531,2026-05-28T12:59:51.531,,179.5124106000003,-2.15,359.0,2026-05-28T12:44:21.441,2026-05-28T12:59:51.441,,-0.09299620000092546
179.8204053999998,179.8204053999998,0.000585825,834,2026-05-28T12:44:21.747,2026-05-28T12:59:51.747,,179.5124106000003,-2.15,359.0,2026-05-28T12:44:21.441,2026-05-28T12:59:51.441,,-0.30799479999950563
180.03545360000135,180.03545360000135,0.000585689,835,2026-05-28T12:44:21.968,2026-05-28T12:59:51.968,,179.5124106000003,-2.15,359.0,2026-05-28T12:44:21.441,2026-05-28T12:59:51.441,,-0.5230430000010529
