tiempo_s,tiempo_multimetro_s,voltaje_V,indice_multimetro,fecha_hora_corregida_hp,fecha_hora_pc_sin_corregir_hp,error_hp,tiempo_balanza_s,masa_g,indice_balanza,fecha_hora_corregida_balanza,fecha_hora_pc_sin_corregir_balanza,error_balanza,delta_t_balanza_multimetro_s
0.415347400000428,0.415347400000428,0.001618102,0,2026-05-28T10:29:18.150,2026-05-28T10:44:48.150,,,,,,,,
0.6312174000004234,0.6312174000004234,0.001617243,1,2026-05-28T10:29:18.367,2026-05-28T10:44:48.367,,1.4206370000001698,,0.0,2026-05-28T10:29:19.157,2026-05-28T10:44:49.157,Error desde Arduino: HX711 not found.,0.7894195999997464
0.8464533000005758,0.8464533000005758,0.00161739,2,2026-05-28T10:29:18.584,2026-05-28T10:44:48.584,,1.4206370000001698,,0.0,2026-05-28T10:29:19.157,2026-05-28T10:44:49.157,Error desde Arduino: HX711 not found.,0.574183699999594
1.0612882000004902,1.0612882000004902,0.00161739,3,2026-05-28T10:29:18.800,2026-05-28T10:44:48.800,,1.4206370000001698,,0.0,2026-05-28T10:29:19.157,2026-05-28T10:44:49.157,Error desde Arduino: HX711 not found.,0.3593487999996796
1.2763396999998804,1.2763396999998804,0.001617138,4,2026-05-28T10:29:19.014,2026-05-28T10:44:49.014,,1.4206370000001698,,0.0,2026-05-28T10:29:19.157,2026-05-28T10:44:49.157,Error desde Arduino: HX711 not found.,0.1442973000002894
1.4913687000007485,1.4913687000007485,0.001616573,5,2026-05-28T10:29:19.230,2026-05-28T10:44:49.230,,1.4206370000001698,,0.0,2026-05-28T10:29:19.157,2026-05-28T10:44:49.157,Error desde Arduino: HX711 not found.,-0.07073170000057871
1.7152117000005092,1.7152117000005092,0.001616102,6,2026-05-28T10:29:19.447,2026-05-28T10:44:49.447,,1.4206370000001698,,0.0,2026-05-28T10:29:19.157,2026-05-28T10:44:49.157,Error desde Arduino: HX711 not found.,-0.29457470000033936
1.9647234000003664,1.9647234000003664,0.001615893,7,2026-05-28T10:29:19.697,2026-05-28T10:44:49.697,,2.4118459999999686,0.05,1.0,2026-05-28T10:29:20.150,2026-05-28T10:44:50.150,,0.44712259999960224
2.215265400000135,2.215265400000135,0.001615212,8,2026-05-28T10:29:19.949,2026-05-28T10:44:49.949,,2.4118459999999686,0.05,1.0,2026-05-28T10:29:20.150,2026-05-28T10:44:50.150,,0.1965805999998338
2.4650025000000824,2.4650025000000824,0.001605077,9,2026-05-28T10:29:20.197,2026-05-28T10:44:50.197,,2.4348789000005127,,2.0,2026-05-28T10:29:20.164,2026-05-28T10:44:50.164,Error desde Arduino: HX711 not found.,-0.030123599999569706
2.7147095000000263,2.7147095000000263,0.001602638,10,2026-05-28T10:29:20.451,2026-05-28T10:44:50.451,,2.4348789000005127,,2.0,2026-05-28T10:29:20.164,2026-05-28T10:44:50.164,Error desde Arduino: HX711 not found.,-0.27983059999951365
2.9647571000004973,2.9647571000004973,0.001599822,11,2026-05-28T10:29:20.697,2026-05-28T10:44:50.697,,3.4274959000003946,15.75,3.0,2026-05-28T10:29:21.164,2026-05-28T10:44:51.164,,0.4627387999998973
3.2147584000003917,3.2147584000003917,0.001591247,12,2026-05-28T10:29:20.947,2026-05-28T10:44:50.947,,3.4274959000003946,15.75,3.0,2026-05-28T10:29:21.164,2026-05-28T10:44:51.164,,0.2127375000000029
3.464773600000626,3.464773600000626,0.001526638,13,2026-05-28T10:29:21.197,2026-05-28T10:44:51.197,,3.4508395000002565,,4.0,2026-05-28T10:29:21.189,2026-05-28T10:44:51.189,Error desde Arduino: HX711 not found.,-0.013934100000369654
3.7146809000005305,3.7146809000005305,0.001399451,14,2026-05-28T10:29:21.447,2026-05-28T10:44:51.447,,3.4508395000002565,,4.0,2026-05-28T10:29:21.189,2026-05-28T10:44:51.189,Error desde Arduino: HX711 not found.,-0.263841400000274
3.965072400000281,3.965072400000281,0.001211697,15,2026-05-28T10:29:21.697,2026-05-28T10:44:51.697,,4.443291500000669,17.85,5.0,2026-05-28T10:29:22.182,2026-05-28T10:44:52.182,,0.4782191000003877
4.215095399999882,4.215095399999882,0.001076239,16,2026-05-28T10:29:21.947,2026-05-28T10:44:51.947,,4.443291500000669,17.85,5.0,2026-05-28T10:29:22.182,2026-05-28T10:44:52.182,,0.22819610000078683
4.464750900000581,4.464750900000581,0.000936374,17,2026-05-28T10:29:22.197,2026-05-28T10:44:52.197,,4.466652900000554,,6.0,2026-05-28T10:29:22.197,2026-05-28T10:44:52.197,Error desde Arduino: HX711 not found.,0.0019019999999727588
4.715017400000761,4.715017400000761,0.000830755,18,2026-05-28T10:29:22.447,2026-05-28T10:44:52.447,,4.466652900000554,,6.0,2026-05-28T10:29:22.197,2026-05-28T10:44:52.197,Error desde Arduino: HX711 not found.,-0.24836450000020704
4.964675300000636,4.964675300000636,0.000773202,19,2026-05-28T10:29:22.697,2026-05-28T10:44:52.697,,5.458967399999892,17.46,7.0,2026-05-28T10:29:23.197,2026-05-28T10:44:53.197,,0.4942920999992566
5.21478340000067,5.21478340000067,0.000612586,20,2026-05-28T10:29:22.947,2026-05-28T10:44:52.947,,5.458967399999892,17.46,7.0,2026-05-28T10:29:23.197,2026-05-28T10:44:53.197,,0.24418399999922258
5.465101900000263,5.465101900000263,0.000466396,21,2026-05-28T10:29:23.203,2026-05-28T10:44:53.203,,5.458967399999892,17.46,7.0,2026-05-28T10:29:23.197,2026-05-28T10:44:53.197,,-0.00613450000037119
5.714553100000558,5.714553100000558,0.000326049,22,2026-05-28T10:29:23.447,2026-05-28T10:44:53.447,,5.482333700000709,,8.0,2026-05-28T10:29:23.213,2026-05-28T10:44:53.213,Error desde Arduino: HX711 not found.,-0.23221939999984897
5.965272400000686,5.965272400000686,7.1823e-05,23,2026-05-28T10:29:23.700,2026-05-28T10:44:53.700,,5.482333700000709,,8.0,2026-05-28T10:29:23.213,2026-05-28T10:44:53.213,Error desde Arduino: HX711 not found.,-0.48293869999997696
6.215037200000552,6.215037200000552,8.2889e-05,24,2026-05-28T10:29:23.949,2026-05-28T10:44:53.949,,6.473525500000505,8.24,9.0,2026-05-28T10:29:24.207,2026-05-28T10:44:54.207,,0.2584882999999536
6.465038600000298,6.465038600000298,6.6828e-05,25,2026-05-28T10:29:24.197,2026-05-28T10:44:54.197,,6.473525500000505,8.24,9.0,2026-05-28T10:29:24.207,2026-05-28T10:44:54.207,,0.008486900000207243
6.743377400000099,6.743377400000099,0.000131176,26,2026-05-28T10:29:24.480,2026-05-28T10:44:54.480,,6.4965172000001985,,10.0,2026-05-28T10:29:24.234,2026-05-28T10:44:54.234,Error desde Arduino: HX711 not found.,-0.24686019999990094
6.965622900000199,6.965622900000199,0.000100929,27,2026-05-28T10:29:24.697,2026-05-28T10:44:54.697,,6.4965172000001985,,10.0,2026-05-28T10:29:24.234,2026-05-28T10:44:54.234,Error desde Arduino: HX711 not found.,-0.46910570000000007
7.214693100000659,7.214693100000659,1.7673e-05,28,2026-05-28T10:29:24.947,2026-05-28T10:44:54.947,,7.488158900000599,7.2,11.0,2026-05-28T10:29:25.223,2026-05-28T10:44:55.223,,0.2734657999999399
7.4648259000005055,7.4648259000005055,-0.000125271,29,2026-05-28T10:29:25.197,2026-05-28T10:44:55.197,,7.488158900000599,7.2,11.0,2026-05-28T10:29:25.223,2026-05-28T10:44:55.223,,0.023333000000093307
7.715239300000576,7.715239300000576,-0.000237004,30,2026-05-28T10:29:25.447,2026-05-28T10:44:55.447,,7.511253500000748,,12.0,2026-05-28T10:29:25.247,2026-05-28T10:44:55.247,Error desde Arduino: HX711 not found.,-0.20398579999982758
7.965216600000531,7.965216600000531,-0.000342414,31,2026-05-28T10:29:25.697,2026-05-28T10:44:55.697,,7.511253500000748,,12.0,2026-05-28T10:29:25.247,2026-05-28T10:44:55.247,Error desde Arduino: HX711 not found.,-0.45396309999978257
8.214619400000629,8.214619400000629,-0.000441468,32,2026-05-28T10:29:25.953,2026-05-28T10:44:55.953,,8.502672800000255,2.7,13.0,2026-05-28T10:29:26.239,2026-05-28T10:44:56.239,,0.288053399999626
8.465155200000481,8.465155200000481,-0.000526681,33,2026-05-28T10:29:26.197,2026-05-28T10:44:56.197,,8.502672800000255,2.7,13.0,2026-05-28T10:29:26.239,2026-05-28T10:44:56.239,,0.037517599999773665
8.715490800000225,8.715490800000225,-0.000596735,34,2026-05-28T10:29:26.447,2026-05-28T10:44:56.447,,8.53707410000061,,15.0,2026-05-28T10:29:26.276,2026-05-28T10:44:56.276,Error desde Arduino: HX711 not found.,-0.17841669999961596
8.965150100000756,8.965150100000756,-0.000649261,35,2026-05-28T10:29:26.704,2026-05-28T10:44:56.704,,8.53707410000061,,15.0,2026-05-28T10:29:26.276,2026-05-28T10:44:56.276,Error desde Arduino: HX711 not found.,-0.42807600000014645
9.215182500000083,9.215182500000083,-0.000682346,36,2026-05-28T10:29:26.947,2026-05-28T10:44:56.947,,9.529350400000112,-3.55,16.0,2026-05-28T10:29:27.268,2026-05-28T10:44:57.268,,0.3141679000000295
9.465336799999932,9.465336799999932,-0.000688649,37,2026-05-28T10:29:27.197,2026-05-28T10:44:57.197,,9.529350400000112,-3.55,16.0,2026-05-28T10:29:27.268,2026-05-28T10:44:57.268,,0.0640136000001803
9.71520910000072,9.71520910000072,-0.000733271,38,2026-05-28T10:29:27.454,2026-05-28T10:44:57.454,,9.552461799999946,,17.0,2026-05-28T10:29:27.290,2026-05-28T10:44:57.290,Error desde Arduino: HX711 not found.,-0.16274730000077398
9.964735000000474,9.964735000000474,-0.000779202,39,2026-05-28T10:29:27.697,2026-05-28T10:44:57.697,,9.552461799999946,,17.0,2026-05-28T10:29:27.290,2026-05-28T10:44:57.290,Error desde Arduino: HX711 not found.,-0.41227320000052714
10.214705000000322,10.214705000000322,-0.000830336,40,2026-05-28T10:29:27.950,2026-05-28T10:44:57.950,,10.544914500000232,-5.28,18.0,2026-05-28T10:29:28.280,2026-05-28T10:44:58.280,,0.3302094999999099
10.464932200000476,10.464932200000476,-0.000869461,41,2026-05-28T10:29:28.203,2026-05-28T10:44:58.203,,10.544914500000232,-5.28,18.0,2026-05-28T10:29:28.280,2026-05-28T10:44:58.280,,0.07998229999975592
10.714787100000649,10.714787100000649,-0.000912408,42,2026-05-28T10:29:28.448,2026-05-28T10:44:58.448,,10.568059400000493,,19.0,2026-05-28T10:29:28.297,2026-05-28T10:44:58.297,Error desde Arduino: HX711 not found.,-0.1467277000001559
10.964907600000515,10.964907600000515,-0.000939462,43,2026-05-28T10:29:28.700,2026-05-28T10:44:58.700,,10.568059400000493,,19.0,2026-05-28T10:29:28.297,2026-05-28T10:44:58.297,Error desde Arduino: HX711 not found.,-0.3968482000000222
11.215338599999995,11.215338599999995,-0.000959774,44,2026-05-28T10:29:28.954,2026-05-28T10:44:58.954,,11.560463900000286,-6.87,20.0,2026-05-28T10:29:29.297,2026-05-28T10:44:59.297,,0.34512530000029074
11.465045900000405,11.465045900000405,-0.000976138,45,2026-05-28T10:29:29.197,2026-05-28T10:44:59.197,,11.560463900000286,-6.87,20.0,2026-05-28T10:29:29.297,2026-05-28T10:44:59.297,,0.09541799999988143
11.71509640000022,11.71509640000022,-0.00098394,46,2026-05-28T10:29:29.447,2026-05-28T10:44:59.447,,11.583698500000537,,21.0,2026-05-28T10:29:29.313,2026-05-28T10:44:59.313,Error desde Arduino: HX711 not found.,-0.13139789999968343
11.96514550000029,11.96514550000029,-0.000994085,47,2026-05-28T10:29:29.704,2026-05-28T10:44:59.704,,11.583698500000537,,21.0,2026-05-28T10:29:29.313,2026-05-28T10:44:59.313,Error desde Arduino: HX711 not found.,-0.38144699999975273
12.215094000000136,12.215094000000136,-0.001005371,48,2026-05-28T10:29:29.947,2026-05-28T10:44:59.947,,12.575900400000137,-9.75,22.0,2026-05-28T10:29:30.314,2026-05-28T10:45:00.314,,0.3608064000000013
12.46514340000067,12.46514340000067,-0.001018103,49,2026-05-28T10:29:30.197,2026-05-28T10:45:00.197,,12.575900400000137,-9.75,22.0,2026-05-28T10:29:30.314,2026-05-28T10:45:00.314,,0.11075699999946664
12.715223600000172,12.715223600000172,-0.001026981,50,2026-05-28T10:29:30.454,2026-05-28T10:45:00.454,,12.611185600000681,,24.0,2026-05-28T10:29:30.347,2026-05-28T10:45:00.347,Error desde Arduino: HX711 not found.,-0.10403799999949115
12.965194500000507,12.965194500000507,-0.001048098,51,2026-05-28T10:29:30.697,2026-05-28T10:45:00.697,,12.611185600000681,,24.0,2026-05-28T10:29:30.347,2026-05-28T10:45:00.347,Error desde Arduino: HX711 not found.,-0.3540088999998261
13.215276599999925,13.215276599999925,-0.001066452,52,2026-05-28T10:29:30.950,2026-05-28T10:45:00.950,,13.604739100000188,-15.06,25.0,2026-05-28T10:29:31.340,2026-05-28T10:45:01.340,,0.3894625000002634
13.46516690000044,13.46516690000044,-0.001081267,53,2026-05-28T10:29:31.203,2026-05-28T10:45:01.203,,13.604739100000188,-15.06,25.0,2026-05-28T10:29:31.340,2026-05-28T10:45:01.340,,0.13957219999974768
13.715190700000676,13.715190700000676,-0.001115471,54,2026-05-28T10:29:31.447,2026-05-28T10:45:01.447,,13.628088800000114,,26.0,2026-05-28T10:29:31.366,2026-05-28T10:45:01.366,Error desde Arduino: HX711 not found.,-0.08710190000056173
13.965085000000727,13.965085000000727,-0.001145708,55,2026-05-28T10:29:31.700,2026-05-28T10:45:01.700,,13.628088800000114,,26.0,2026-05-28T10:29:31.366,2026-05-28T10:45:01.366,Error desde Arduino: HX711 not found.,-0.3369962000006126
14.215539400000125,14.215539400000125,-0.001166229,56,2026-05-28T10:29:31.954,2026-05-28T10:45:01.954,,14.621399200000269,-18.2,27.0,2026-05-28T10:29:32.360,2026-05-28T10:45:02.360,,0.4058598000001439
14.46519250000074,14.46519250000074,-0.001176521,57,2026-05-28T10:29:32.202,2026-05-28T10:45:02.202,,14.621399200000269,-18.2,27.0,2026-05-28T10:29:32.360,2026-05-28T10:45:02.360,,0.15620669999952952
14.715011000000231,14.715011000000231,-0.00117539,58,2026-05-28T10:29:32.450,2026-05-28T10:45:02.450,,14.644568700000491,,28.0,2026-05-28T10:29:32.380,2026-05-28T10:45:02.380,Error desde Arduino: HX711 not found.,-0.0704422999997405
14.965058499999941,14.965058499999941,-0.001190215,59,2026-05-28T10:29:32.703,2026-05-28T10:45:02.703,,14.644568700000491,,28.0,2026-05-28T10:29:32.380,2026-05-28T10:45:02.380,Error desde Arduino: HX711 not found.,-0.32048979999945004
15.215161300000545,15.215161300000545,-0.001199146,60,2026-05-28T10:29:32.947,2026-05-28T10:45:02.947,,15.637944200000675,-19.62,29.0,2026-05-28T10:29:33.376,2026-05-28T10:45:03.376,,0.4227829000001293
15.464922600000136,15.464922600000136,-0.001211175,61,2026-05-28T10:29:33.200,2026-05-28T10:45:03.200,,15.637944200000675,-19.62,29.0,2026-05-28T10:29:33.376,2026-05-28T10:45:03.376,,0.17302160000053846
15.71508040000026,15.71508040000026,-0.001227121,62,2026-05-28T10:29:33.453,2026-05-28T10:45:03.453,,15.66126770000028,,30.0,2026-05-28T10:29:33.397,2026-05-28T10:45:03.397,Error desde Arduino: HX711 not found.,-0.053812699999980396
15.96556370000053,15.96556370000053,-0.001240899,63,2026-05-28T10:29:33.697,2026-05-28T10:45:03.697,,15.66126770000028,,30.0,2026-05-28T10:29:33.397,2026-05-28T10:45:03.397,Error desde Arduino: HX711 not found.,-0.3042960000002495
16.215298900000562,16.215298900000562,-0.001258897,64,2026-05-28T10:29:33.947,2026-05-28T10:45:03.947,,16.654637200000252,-20.87,31.0,2026-05-28T10:29:34.393,2026-05-28T10:45:04.393,,0.4393382999996902
16.465104500000052,16.465104500000052,-0.001265053,65,2026-05-28T10:29:34.203,2026-05-28T10:45:04.203,,16.654637200000252,-20.87,31.0,2026-05-28T10:29:34.393,2026-05-28T10:45:04.393,,0.18953270000019984
16.71548299999995,16.71548299999995,-0.001280213,66,2026-05-28T10:29:34.447,2026-05-28T10:45:04.447,,16.691394800000126,,33.0,2026-05-28T10:29:34.430,2026-05-28T10:45:04.430,Error desde Arduino: HX711 not found.,-0.0240881999998237
16.965187300000252,16.965187300000252,-0.00129976,67,2026-05-28T10:29:34.697,2026-05-28T10:45:04.697,,16.691394800000126,,33.0,2026-05-28T10:29:34.430,2026-05-28T10:45:04.430,Error desde Arduino: HX711 not found.,-0.2737925000001269
17.21519100000023,17.21519100000023,-0.00132918,68,2026-05-28T10:29:34.954,2026-05-28T10:45:04.954,,17.684596400000373,-22.75,34.0,2026-05-28T10:29:35.416,2026-05-28T10:45:05.416,,0.4694054000001415
17.46520910000072,17.46520910000072,-0.001344613,69,2026-05-28T10:29:35.197,2026-05-28T10:45:05.197,,17.684596400000373,-22.75,34.0,2026-05-28T10:29:35.416,2026-05-28T10:45:05.416,,0.2193872999996529
17.715360400000463,17.715360400000463,-0.001358694,70,2026-05-28T10:29:35.450,2026-05-28T10:45:05.450,,17.707977000000028,,35.0,2026-05-28T10:29:35.446,2026-05-28T10:45:05.446,Error desde Arduino: HX711 not found.,-0.007383400000435358
17.96504880000066,17.96504880000066,-0.001364107,71,2026-05-28T10:29:35.697,2026-05-28T10:45:05.697,,17.707977000000028,,35.0,2026-05-28T10:29:35.446,2026-05-28T10:45:05.446,Error desde Arduino: HX711 not found.,-0.2570718000006309
18.21512359999997,18.21512359999997,-0.001376598,72,2026-05-28T10:29:35.947,2026-05-28T10:45:05.947,,18.701403000000028,-27.93,36.0,2026-05-28T10:29:36.439,2026-05-28T10:45:06.439,,0.48627940000005765
18.465095399999882,18.465095399999882,-0.001392166,73,2026-05-28T10:29:36.197,2026-05-28T10:45:06.197,,18.701403000000028,-27.93,36.0,2026-05-28T10:29:36.439,2026-05-28T10:45:06.439,,0.2363076000001456
18.71514019999995,18.71514019999995,-0.001407002,74,2026-05-28T10:29:36.447,2026-05-28T10:45:06.447,,18.724689900000158,,37.0,2026-05-28T10:29:36.463,2026-05-28T10:45:06.463,Error desde Arduino: HX711 not found.,0.00954970000020694
18.96501740000076,18.96501740000076,-0.001427837,75,2026-05-28T10:29:36.697,2026-05-28T10:45:06.697,,18.724689900000158,,37.0,2026-05-28T10:29:36.463,2026-05-28T10:45:06.463,Error desde Arduino: HX711 not found.,-0.24032750000060332
19.21517550000044,19.21517550000044,-0.001456325,76,2026-05-28T10:29:36.947,2026-05-28T10:45:06.947,,18.724689900000158,,37.0,2026-05-28T10:29:36.463,2026-05-28T10:45:06.463,Error desde Arduino: HX711 not found.,-0.49048560000028374
19.465222300000278,19.465222300000278,-0.001463015,77,2026-05-28T10:29:37.197,2026-05-28T10:45:07.197,,19.718220100000508,-27.5,38.0,2026-05-28T10:29:37.457,2026-05-28T10:45:07.457,,0.2529978000002302
19.71527630000037,19.71527630000037,-0.001497586,78,2026-05-28T10:29:37.447,2026-05-28T10:45:07.447,,19.718220100000508,-27.5,38.0,2026-05-28T10:29:37.457,2026-05-28T10:45:07.457,,0.002943800000139163
19.96522020000066,19.96522020000066,-0.001526116,79,2026-05-28T10:29:37.697,2026-05-28T10:45:07.697,,19.7414088000005,,39.0,2026-05-28T10:29:37.480,2026-05-28T10:45:07.480,Error desde Arduino: HX711 not found.,-0.22381140000015876
20.21544610000001,20.21544610000001,-0.001550877,80,2026-05-28T10:29:37.947,2026-05-28T10:45:07.947,,19.7414088000005,,39.0,2026-05-28T10:29:37.480,2026-05-28T10:45:07.480,Error desde Arduino: HX711 not found.,-0.47403729999950883
20.465116500000477,20.465116500000477,-0.001554992,81,2026-05-28T10:29:38.197,2026-05-28T10:45:08.197,,20.734804000000622,-28.2,40.0,2026-05-28T10:29:38.473,2026-05-28T10:45:08.473,,0.2696875000001455
20.714985600000546,20.714985600000546,-0.001556604,82,2026-05-28T10:29:38.450,2026-05-28T10:45:08.450,,20.734804000000622,-28.2,40.0,2026-05-28T10:29:38.473,2026-05-28T10:45:08.473,,0.019818400000076508
20.974718200000098,20.974718200000098,-0.001587385,83,2026-05-28T10:29:38.713,2026-05-28T10:45:08.713,,21.013325500000064,-28.49,42.0,2026-05-28T10:29:38.747,2026-05-28T10:45:08.747,,0.038607299999966926
21.229595200000404,21.229595200000404,-0.001611277,84,2026-05-28T10:29:38.968,2026-05-28T10:45:08.968,,21.013325500000064,-28.49,42.0,2026-05-28T10:29:38.747,2026-05-28T10:45:08.747,,-0.21626970000033907
21.46477279999999,21.46477279999999,-0.001640478,85,2026-05-28T10:29:39.198,2026-05-28T10:45:09.198,,21.513465500000166,-27.95,43.0,2026-05-28T10:29:39.247,2026-05-28T10:45:09.247,,0.04869270000017423
21.714868000000024,21.714868000000024,-0.001665092,86,2026-05-28T10:29:39.447,2026-05-28T10:45:09.447,,21.513465500000166,-27.95,43.0,2026-05-28T10:29:39.247,2026-05-28T10:45:09.247,,-0.20140249999985826
21.965218400000595,21.965218400000595,-0.001684021,87,2026-05-28T10:29:39.697,2026-05-28T10:45:09.697,,22.01324240000031,-32.9,44.0,2026-05-28T10:29:39.747,2026-05-28T10:45:09.747,,0.04802399999971385
22.214769200000774,22.214769200000774,-0.001696972,88,2026-05-28T10:29:39.953,2026-05-28T10:45:09.953,,22.01324240000031,-32.9,44.0,2026-05-28T10:29:39.747,2026-05-28T10:45:09.747,,-0.2015268000004653
22.465161900000567,22.465161900000567,-0.001730549,89,2026-05-28T10:29:40.197,2026-05-28T10:45:10.197,,22.51327020000008,-30.13,45.0,2026-05-28T10:29:40.250,2026-05-28T10:45:10.250,,0.04810829999951238
22.71468360000017,22.71468360000017,-0.001741155,90,2026-05-28T10:29:40.447,2026-05-28T10:45:10.447,,22.51327020000008,-30.13,45.0,2026-05-28T10:29:40.250,2026-05-28T10:45:10.250,,-0.20141340000009222
22.964740000000347,22.964740000000347,-0.001755781,91,2026-05-28T10:29:40.703,2026-05-28T10:45:10.703,,23.013668500000676,-31.24,46.0,2026-05-28T10:29:40.747,2026-05-28T10:45:10.747,,0.04892850000032922
23.215389400000277,23.215389400000277,-0.001760817,92,2026-05-28T10:29:40.947,2026-05-28T10:45:10.947,,23.013668500000676,-31.24,46.0,2026-05-28T10:29:40.747,2026-05-28T10:45:10.747,,-0.20172089999960008
23.464836600000126,23.464836600000126,-0.001769015,93,2026-05-28T10:29:41.200,2026-05-28T10:45:11.200,,23.513730200000282,-33.21,47.0,2026-05-28T10:29:41.247,2026-05-28T10:45:11.247,,0.04889360000015586
23.715031900000213,23.715031900000213,-0.001783233,94,2026-05-28T10:29:41.447,2026-05-28T10:45:11.447,,23.513730200000282,-33.21,47.0,2026-05-28T10:29:41.247,2026-05-28T10:45:11.247,,-0.20130169999993086
23.96523200000047,23.96523200000047,-0.001804193,95,2026-05-28T10:29:41.697,2026-05-28T10:45:11.697,,24.01363290000063,-31.12,48.0,2026-05-28T10:29:41.747,2026-05-28T10:45:11.747,,0.04840090000016062
24.215131400000246,24.215131400000246,-0.001821091,96,2026-05-28T10:29:41.950,2026-05-28T10:45:11.950,,24.01363290000063,-31.12,48.0,2026-05-28T10:29:41.747,2026-05-28T10:45:11.747,,-0.2014984999996159
24.46476090000033,24.46476090000033,-0.00183398,97,2026-05-28T10:29:42.203,2026-05-28T10:45:12.203,,24.513727200000176,-30.99,49.0,2026-05-28T10:29:42.247,2026-05-28T10:45:12.247,,0.04896629999984725
24.715202899999895,24.715202899999895,-0.001860699,98,2026-05-28T10:29:42.448,2026-05-28T10:45:12.448,,24.513727200000176,-30.99,49.0,2026-05-28T10:29:42.247,2026-05-28T10:45:12.247,,-0.20147569999971893
24.965326300000015,24.965326300000015,-0.001880769,99,2026-05-28T10:29:42.704,2026-05-28T10:45:12.704,,25.01385389999996,-33.96,50.0,2026-05-28T10:29:42.749,2026-05-28T10:45:12.749,,0.04852759999994305
25.215253200000006,25.215253200000006,-0.001890171,100,2026-05-28T10:29:42.950,2026-05-28T10:45:12.950,,25.01385389999996,-33.96,50.0,2026-05-28T10:29:42.749,2026-05-28T10:45:12.749,,-0.20139930000004824
25.46467500000017,25.46467500000017,-0.001902902,101,2026-05-28T10:29:43.197,2026-05-28T10:45:13.197,,25.513517100000172,-34.1,51.0,2026-05-28T10:29:43.252,2026-05-28T10:45:13.252,,0.048842100000001665
25.715168700000504,25.715168700000504,-0.001924679,102,2026-05-28T10:29:43.453,2026-05-28T10:45:13.453,,25.513517100000172,-34.1,51.0,2026-05-28T10:29:43.252,2026-05-28T10:45:13.252,,-0.2016516000003321
25.965264500000558,25.965264500000558,-0.001940866,103,2026-05-28T10:29:43.704,2026-05-28T10:45:13.704,,26.013583900000413,-35.17,52.0,2026-05-28T10:29:43.747,2026-05-28T10:45:13.747,,0.048319399999854795
26.215121100000033,26.215121100000033,-0.001955167,104,2026-05-28T10:29:43.947,2026-05-28T10:45:13.947,,26.013583900000413,-35.17,52.0,2026-05-28T10:29:43.747,2026-05-28T10:45:13.747,,-0.2015371999996205
26.465042600000743,26.465042600000743,-0.001974505,105,2026-05-28T10:29:44.197,2026-05-28T10:45:14.197,,26.51375520000056,-38.23,53.0,2026-05-28T10:29:44.247,2026-05-28T10:45:14.247,,0.04871259999981703
26.71587570000065,26.71587570000065,-0.002000554,106,2026-05-28T10:29:44.447,2026-05-28T10:45:14.447,,26.51375520000056,-38.23,53.0,2026-05-28T10:29:44.247,2026-05-28T10:45:14.247,,-0.20212050000009185
26.964773100000457,26.964773100000457,-0.002027471,107,2026-05-28T10:29:44.697,2026-05-28T10:45:14.697,,27.01374450000003,-34.03,54.0,2026-05-28T10:29:44.747,2026-05-28T10:45:14.747,,0.048971399999572895
27.215089199999966,27.215089199999966,-0.002038142,108,2026-05-28T10:29:44.953,2026-05-28T10:45:14.953,,27.01374450000003,-34.03,54.0,2026-05-28T10:29:44.747,2026-05-28T10:45:14.747,,-0.20134469999993598
27.464786999999887,27.464786999999887,-0.002046968,109,2026-05-28T10:29:45.203,2026-05-28T10:45:15.203,,27.513632700000016,-37.77,55.0,2026-05-28T10:29:45.250,2026-05-28T10:45:15.250,,0.048845700000129
27.715139400000226,27.715139400000226,-0.002062725,110,2026-05-28T10:29:45.447,2026-05-28T10:45:15.447,,27.513632700000016,-37.77,55.0,2026-05-28T10:29:45.250,2026-05-28T10:45:15.250,,-0.2015067000002091
27.965161900000567,27.965161900000567,-0.002084282,111,2026-05-28T10:29:45.704,2026-05-28T10:45:15.704,,28.013742500000262,-37.42,56.0,2026-05-28T10:29:45.747,2026-05-28T10:45:15.747,,0.04858059999969555
28.21518990000004,28.21518990000004,-0.002089423,112,2026-05-28T10:29:45.954,2026-05-28T10:45:15.954,,28.013742500000262,-37.42,56.0,2026-05-28T10:29:45.747,2026-05-28T10:45:15.747,,-0.201447399999779
28.464980100000503,28.464980100000503,-0.002103295,113,2026-05-28T10:29:46.200,2026-05-28T10:45:16.200,,28.513710600000195,-36.62,57.0,2026-05-28T10:29:46.247,2026-05-28T10:45:16.247,,0.048730499999692256
28.715192399999978,28.715192399999978,-0.002120215,114,2026-05-28T10:29:46.454,2026-05-28T10:45:16.454,,28.513710600000195,-36.62,57.0,2026-05-28T10:29:46.247,2026-05-28T10:45:16.247,,-0.2014817999997831
28.965133900000183,28.965133900000183,-0.002138254,115,2026-05-28T10:29:46.697,2026-05-28T10:45:16.697,,29.013730900000155,-40.18,58.0,2026-05-28T10:29:46.750,2026-05-28T10:45:16.750,,0.04859699999997247
29.215243000000555,29.215243000000555,-0.002145949,116,2026-05-28T10:29:46.947,2026-05-28T10:45:16.947,,29.013730900000155,-40.18,58.0,2026-05-28T10:29:46.750,2026-05-28T10:45:16.750,,-0.2015121000004001
29.464904800000113,29.464904800000113,-0.002155979,117,2026-05-28T10:29:47.203,2026-05-28T10:45:17.203,,29.513736100000642,-37.18,59.0,2026-05-28T10:29:47.247,2026-05-28T10:45:17.247,,0.048831300000529154
29.715159500000482,29.715159500000482,-0.002170804,118,2026-05-28T10:29:47.447,2026-05-28T10:45:17.447,,29.513736100000642,-37.18,59.0,2026-05-28T10:29:47.247,2026-05-28T10:45:17.247,,-0.2014233999998396
29.96518390000074,29.96518390000074,-0.002179641,119,2026-05-28T10:29:47.700,2026-05-28T10:45:17.700,,30.013732000000346,-36.47,60.0,2026-05-28T10:29:47.747,2026-05-28T10:45:17.747,,0.048548099999607075
30.21508240000003,30.21508240000003,-0.002196037,120,2026-05-28T10:29:47.953,2026-05-28T10:45:17.953,,30.013732000000346,-36.47,60.0,2026-05-28T10:29:47.747,2026-05-28T10:45:17.747,,-0.20135039999968285
30.46517010000025,30.46517010000025,-0.002213542,121,2026-05-28T10:29:48.197,2026-05-28T10:45:18.197,,30.513736200000494,-39.69,61.0,2026-05-28T10:29:48.250,2026-05-28T10:45:18.250,,0.04856610000024375
30.715100000000348,30.715100000000348,-0.002228681,122,2026-05-28T10:29:48.447,2026-05-28T10:45:18.447,,30.513736200000494,-39.69,61.0,2026-05-28T10:29:48.250,2026-05-28T10:45:18.250,,-0.20136379999985365
30.965175300000737,30.965175300000737,-0.00224425,123,2026-05-28T10:29:48.704,2026-05-28T10:45:18.704,,31.013830900000357,-38.31,62.0,2026-05-28T10:29:48.747,2026-05-28T10:45:18.747,,0.04865559999961988
31.21507440000005,31.21507440000005,-0.002251704,124,2026-05-28T10:29:48.947,2026-05-28T10:45:18.947,,31.013830900000357,-38.31,62.0,2026-05-28T10:29:48.747,2026-05-28T10:45:18.747,,-0.20124349999969127
31.465000000000146,31.465000000000146,-0.002252898,125,2026-05-28T10:29:49.200,2026-05-28T10:45:19.200,,31.513827400000082,-37.93,63.0,2026-05-28T10:29:49.247,2026-05-28T10:45:19.247,,0.04882739999993646
31.7152587999999,31.7152587999999,-0.002265346,126,2026-05-28T10:29:49.454,2026-05-28T10:45:19.454,,31.513827400000082,-37.93,63.0,2026-05-28T10:29:49.247,2026-05-28T10:45:19.247,,-0.2014313999998194
31.965149100000417,31.965149100000417,-0.002270351,127,2026-05-28T10:29:49.697,2026-05-28T10:45:19.697,,32.01396230000046,-41.86,64.0,2026-05-28T10:29:49.750,2026-05-28T10:45:19.750,,0.048813200000040524
32.21539530000064,32.21539530000064,-0.002290903,128,2026-05-28T10:29:49.950,2026-05-28T10:45:19.950,,32.01396230000046,-41.86,64.0,2026-05-28T10:29:49.750,2026-05-28T10:45:19.750,,-0.20143300000017916
32.46504390000064,32.46504390000064,-0.002290348,129,2026-05-28T10:29:50.203,2026-05-28T10:45:20.203,,32.513826500000505,-38.88,65.0,2026-05-28T10:29:50.247,2026-05-28T10:45:20.247,,0.04878259999986767
32.715251600000556,32.715251600000556,-0.002298127,130,2026-05-28T10:29:50.447,2026-05-28T10:45:20.447,,32.513826500000505,-38.88,65.0,2026-05-28T10:29:50.247,2026-05-28T10:45:20.247,,-0.20142510000005132
32.965068900000006,32.965068900000006,-0.002309162,131,2026-05-28T10:29:50.700,2026-05-28T10:45:20.700,,33.01374940000005,-41.45,66.0,2026-05-28T10:29:50.747,2026-05-28T10:45:20.747,,0.04868050000004587
33.2153059000002,33.2153059000002,-0.002297363,132,2026-05-28T10:29:50.954,2026-05-28T10:45:20.954,,33.01374940000005,-41.45,66.0,2026-05-28T10:29:50.747,2026-05-28T10:45:20.747,,-0.20155650000015157
33.4653272000005,33.4653272000005,-0.002307581,133,2026-05-28T10:29:51.197,2026-05-28T10:45:21.197,,33.513619900000776,-41.28,67.0,2026-05-28T10:29:51.250,2026-05-28T10:45:21.250,,0.048292700000274635
33.71511950000058,33.71511950000058,-0.002325516,134,2026-05-28T10:29:51.447,2026-05-28T10:45:21.447,,33.513619900000776,-41.28,67.0,2026-05-28T10:29:51.250,2026-05-28T10:45:21.250,,-0.20149959999980638
33.965471500000604,33.965471500000604,-0.002324877,135,2026-05-28T10:29:51.703,2026-05-28T10:45:21.703,,34.01372140000058,-40.39,68.0,2026-05-28T10:29:51.747,2026-05-28T10:45:21.747,,0.04824989999997342
34.21516830000019,34.21516830000019,-0.002337567,136,2026-05-28T10:29:51.947,2026-05-28T10:45:21.947,,34.01372140000058,-40.39,68.0,2026-05-28T10:29:51.747,2026-05-28T10:45:21.747,,-0.20144689999960974
34.4652188,34.4652188,-0.002344288,137,2026-05-28T10:29:52.200,2026-05-28T10:45:22.200,,34.513745900000686,-43.8,69.0,2026-05-28T10:29:52.247,2026-05-28T10:45:22.247,,0.048527100000683276
34.715329500000735,34.715329500000735,-0.0023539,138,2026-05-28T10:29:52.454,2026-05-28T10:45:22.454,,34.513745900000686,-43.8,69.0,2026-05-28T10:29:52.247,2026-05-28T10:45:22.247,,-0.20158360000004905
34.96526660000018,34.96526660000018,-0.002368013,139,2026-05-28T10:29:52.697,2026-05-28T10:45:22.697,,35.01359540000067,-40.99,70.0,2026-05-28T10:29:52.750,2026-05-28T10:45:22.750,,0.048328800000490446
35.219180699999924,35.219180699999924,-0.002377289,140,2026-05-28T10:29:52.957,2026-05-28T10:45:22.957,,35.01359540000067,-40.99,70.0,2026-05-28T10:29:52.750,2026-05-28T10:45:22.750,,-0.20558529999925668
35.46481600000061,35.46481600000061,-0.002387298,141,2026-05-28T10:29:53.203,2026-05-28T10:45:23.203,,35.51386739999998,-40.51,71.0,2026-05-28T10:29:53.247,2026-05-28T10:45:23.247,,0.049051399999370915
35.71587980000004,35.71587980000004,-0.002398899,142,2026-05-28T10:29:53.447,2026-05-28T10:45:23.447,,35.51386739999998,-40.51,71.0,2026-05-28T10:29:53.247,2026-05-28T10:45:23.247,,-0.20201240000005782
35.964786400000776,35.964786400000776,-0.002407044,143,2026-05-28T10:29:53.700,2026-05-28T10:45:23.700,,36.01374380000016,-42.83,72.0,2026-05-28T10:29:53.747,2026-05-28T10:45:23.747,,0.04895739999938087
36.215105700000095,36.215105700000095,-0.00241497,144,2026-05-28T10:29:53.947,2026-05-28T10:45:23.947,,36.01374380000016,-42.83,72.0,2026-05-28T10:29:53.747,2026-05-28T10:45:23.747,,-0.20136189999993803
36.46534260000044,36.46534260000044,-0.002428078,145,2026-05-28T10:29:54.198,2026-05-28T10:45:24.198,,36.51369539999996,-42.17,73.0,2026-05-28T10:29:54.250,2026-05-28T10:45:24.250,,0.04835279999952036
36.715158100000735,36.715158100000735,-0.002444809,146,2026-05-28T10:29:54.447,2026-05-28T10:45:24.447,,36.51369539999996,-42.17,73.0,2026-05-28T10:29:54.250,2026-05-28T10:45:24.250,,-0.20146270000077493
36.965213000000404,36.965213000000404,-0.002458555,147,2026-05-28T10:29:54.704,2026-05-28T10:45:24.704,,37.0138108000001,-41.88,74.0,2026-05-28T10:29:54.747,2026-05-28T10:45:24.747,,0.0485977999996976
37.21526610000001,37.21526610000001,-0.002467675,148,2026-05-28T10:29:54.954,2026-05-28T10:45:24.954,,37.0138108000001,-41.88,74.0,2026-05-28T10:29:54.747,2026-05-28T10:45:24.747,,-0.20145529999990686
37.46543060000022,37.46543060000022,-0.002482489,149,2026-05-28T10:29:55.204,2026-05-28T10:45:25.204,,37.51367890000074,-45.08,75.0,2026-05-28T10:29:55.247,2026-05-28T10:45:25.247,,0.04824830000052316
37.71512750000056,37.71512750000056,-0.002488583,150,2026-05-28T10:29:55.454,2026-05-28T10:45:25.454,,37.51367890000074,-45.08,75.0,2026-05-28T10:29:55.247,2026-05-28T10:45:25.247,,-0.20144859999982145
37.9652171000007,37.9652171000007,-0.002502738,151,2026-05-28T10:29:55.700,2026-05-28T10:45:25.700,,38.01382080000076,-41.76,76.0,2026-05-28T10:29:55.750,2026-05-28T10:45:25.750,,0.04860370000005787
38.21554940000078,38.21554940000078,-0.002533487,152,2026-05-28T10:29:55.950,2026-05-28T10:45:25.950,,38.01382080000076,-41.76,76.0,2026-05-28T10:29:55.750,2026-05-28T10:45:25.750,,-0.20172860000002402
38.464972700000544,38.464972700000544,-0.002536639,153,2026-05-28T10:29:56.203,2026-05-28T10:45:26.203,,38.51367310000023,-45.58,77.0,2026-05-28T10:29:56.247,2026-05-28T10:45:26.247,,0.04870039999968867
38.71525970000039,38.71525970000039,-0.002534545,154,2026-05-28T10:29:56.447,2026-05-28T10:45:26.447,,38.51367310000023,-45.58,77.0,2026-05-28T10:29:56.247,2026-05-28T10:45:26.247,,-0.20158660000015516
38.96486679999998,38.96486679999998,-0.002547622,155,2026-05-28T10:29:56.702,2026-05-28T10:45:26.702,,39.013609100000394,-43.98,78.0,2026-05-28T10:29:56.747,2026-05-28T10:45:26.747,,0.0487423000004128
39.215042100000574,39.215042100000574,-0.002564227,156,2026-05-28T10:29:56.947,2026-05-28T10:45:26.947,,39.013609100000394,-43.98,78.0,2026-05-28T10:29:56.747,2026-05-28T10:45:26.747,,-0.20143300000017916
39.46512400000029,39.46512400000029,-0.002569399,157,2026-05-28T10:29:57.201,2026-05-28T10:45:27.201,,39.513728200000514,-42.89,79.0,2026-05-28T10:29:57.247,2026-05-28T10:45:27.247,,0.04860420000022714
39.71508679999988,39.71508679999988,-0.002583261,158,2026-05-28T10:29:57.453,2026-05-28T10:45:27.453,,39.513728200000514,-42.89,79.0,2026-05-28T10:29:57.247,2026-05-28T10:45:27.247,,-0.20135859999936656
39.96515140000065,39.96515140000065,-0.00258681,159,2026-05-28T10:29:57.702,2026-05-28T10:45:27.702,,40.013739500000156,-46.35,80.0,2026-05-28T10:29:57.750,2026-05-28T10:45:27.750,,0.048588099999506085
40.21522260000074,40.21522260000074,-0.002595322,160,2026-05-28T10:29:57.947,2026-05-28T10:45:27.947,,40.013739500000156,-46.35,80.0,2026-05-28T10:29:57.750,2026-05-28T10:45:27.750,,-0.201483100000587
40.465099300000475,40.465099300000475,-0.002603258,161,2026-05-28T10:29:58.204,2026-05-28T10:45:28.204,,40.513726099999985,-44.2,81.0,2026-05-28T10:29:58.247,2026-05-28T10:45:28.247,,0.048626799999510695
40.71524610000051,40.71524610000051,-0.002611382,162,2026-05-28T10:29:58.447,2026-05-28T10:45:28.447,,40.513726099999985,-44.2,81.0,2026-05-28T10:29:58.247,2026-05-28T10:45:28.247,,-0.20152000000052794
40.96490580000045,40.96490580000045,-0.002622952,163,2026-05-28T10:29:58.700,2026-05-28T10:45:28.700,,41.01360509999995,-43.45,82.0,2026-05-28T10:29:58.747,2026-05-28T10:45:28.747,,0.04869929999949818
41.2152973000002,41.2152973000002,-0.0026296,164,2026-05-28T10:29:58.947,2026-05-28T10:45:28.947,,41.01360509999995,-43.45,82.0,2026-05-28T10:29:58.747,2026-05-28T10:45:28.747,,-0.20169220000025234
41.465113199999905,41.465113199999905,-0.002637096,165,2026-05-28T10:29:59.197,2026-05-28T10:45:29.197,,41.51366440000038,-47.11,83.0,2026-05-28T10:29:59.247,2026-05-28T10:45:29.247,,0.04855120000047464
41.71506180000051,41.71506180000051,-0.00264119,166,2026-05-28T10:29:59.447,2026-05-28T10:45:29.447,,41.51366440000038,-47.11,83.0,2026-05-28T10:29:59.247,2026-05-28T10:45:29.247,,-0.20139740000013262
41.96511140000075,41.96511140000075,-0.0026579,167,2026-05-28T10:29:59.697,2026-05-28T10:45:29.697,,42.01382680000006,-43.95,84.0,2026-05-28T10:29:59.747,2026-05-28T10:45:29.747,,0.04871539999930974
42.215215799999896,42.215215799999896,-0.002683833,168,2026-05-28T10:29:59.947,2026-05-28T10:45:29.947,,42.01382680000006,-43.95,84.0,2026-05-28T10:29:59.747,2026-05-28T10:45:29.747,,-0.2013889999998355
42.464854200000445,42.464854200000445,-0.002686524,169,2026-05-28T10:30:00.197,2026-05-28T10:45:30.197,,42.513687100000425,-46.66,85.0,2026-05-28T10:30:00.247,2026-05-28T10:45:30.247,,0.04883289999997942
42.715031000000636,42.715031000000636,-0.002696564,170,2026-05-28T10:30:00.447,2026-05-28T10:45:30.447,,42.513687100000425,-46.66,85.0,2026-05-28T10:30:00.247,2026-05-28T10:45:30.247,,-0.20134390000021085
42.96553130000029,42.96553130000029,-0.002706061,171,2026-05-28T10:30:00.697,2026-05-28T10:45:30.697,,43.01353720000043,-46.38,86.0,2026-05-28T10:30:00.747,2026-05-28T10:45:30.747,,0.048005900000134716
43.2150872000002,43.2150872000002,-0.002711254,172,2026-05-28T10:30:00.947,2026-05-28T10:45:30.947,,43.01353720000043,-46.38,86.0,2026-05-28T10:30:00.747,2026-05-28T10:45:30.747,,-0.20154999999977008
43.46513200000027,43.46513200000027,-0.002723001,173,2026-05-28T10:30:01.197,2026-05-28T10:45:31.197,,43.51376920000075,-44.99,87.0,2026-05-28T10:30:01.247,2026-05-28T10:45:31.247,,0.04863720000048488
43.71538270000019,43.71538270000019,-0.002721776,174,2026-05-28T10:30:01.447,2026-05-28T10:45:31.447,,43.51376920000075,-44.99,87.0,2026-05-28T10:30:01.247,2026-05-28T10:45:31.247,,-0.20161349999943923
43.9649202999999,43.9649202999999,-0.002731523,175,2026-05-28T10:30:01.697,2026-05-28T10:45:31.697,,44.013681800000086,-48.04,88.0,2026-05-28T10:30:01.747,2026-05-28T10:45:31.747,,0.04876150000018242
44.215181000000484,44.215181000000484,-0.002741208,176,2026-05-28T10:30:01.947,2026-05-28T10:45:31.947,,44.013681800000086,-48.04,88.0,2026-05-28T10:30:01.747,2026-05-28T10:45:31.747,,-0.20149920000039856
44.46510060000037,44.46510060000037,-0.002760472,177,2026-05-28T10:30:02.197,2026-05-28T10:45:32.197,,44.513650800000505,-45.98,89.0,2026-05-28T10:30:02.247,2026-05-28T10:45:32.247,,0.0485502000001361
44.7156829000005,44.7156829000005,-0.002774889,178,2026-05-28T10:30:02.454,2026-05-28T10:45:32.454,,44.513650800000505,-45.98,89.0,2026-05-28T10:30:02.247,2026-05-28T10:45:32.247,,-0.20203209999999672
44.96507400000064,44.96507400000064,-0.002782134,179,2026-05-28T10:30:02.697,2026-05-28T10:45:32.697,,45.01361220000035,-45.74,90.0,2026-05-28T10:30:02.750,2026-05-28T10:45:32.750,,0.04853819999971165
45.21502270000019,45.21502270000019,-0.00278917,180,2026-05-28T10:30:02.947,2026-05-28T10:45:32.947,,45.01361220000035,-45.74,90.0,2026-05-28T10:30:02.750,2026-05-28T10:45:32.750,,-0.20141049999983807
45.46521759999996,45.46521759999996,-0.002790928,181,2026-05-28T10:30:03.204,2026-05-28T10:45:33.204,,45.51389980000022,-46.73,91.0,2026-05-28T10:30:03.247,2026-05-28T10:45:33.247,,0.04868220000025758
45.715176800000336,45.715176800000336,-0.002798215,182,2026-05-28T10:30:03.447,2026-05-28T10:45:33.447,,45.51389980000022,-46.73,91.0,2026-05-28T10:30:03.247,2026-05-28T10:45:33.247,,-0.20127700000011828
45.96504580000055,45.96504580000055,-0.002811753,183,2026-05-28T10:30:03.700,2026-05-28T10:45:33.700,,46.01367460000074,-46.1,92.0,2026-05-28T10:30:03.747,2026-05-28T10:45:33.747,,0.048628800000187766
46.21509530000003,46.21509530000003,-0.002823835,184,2026-05-28T10:30:03.953,2026-05-28T10:45:33.953,,46.01367460000074,-46.1,92.0,2026-05-28T10:30:03.747,2026-05-28T10:45:33.747,,-0.20142069999928935
46.4652759999999,46.4652759999999,-0.002831164,185,2026-05-28T10:30:04.197,2026-05-28T10:45:34.197,,46.51379170000018,-48.36,93.0,2026-05-28T10:30:04.250,2026-05-28T10:45:34.250,,0.04851570000028005
46.715198599999894,46.715198599999894,-0.002837268,186,2026-05-28T10:30:04.450,2026-05-28T10:45:34.450,,46.51379170000018,-48.36,93.0,2026-05-28T10:30:04.250,2026-05-28T10:45:34.250,,-0.20140689999971073
46.96512060000077,46.96512060000077,-0.002857317,187,2026-05-28T10:30:04.697,2026-05-28T10:45:34.697,,47.01371689999996,-47.72,94.0,2026-05-28T10:30:04.750,2026-05-28T10:45:34.750,,0.048596299999189796
47.21538779999992,47.21538779999992,-0.002869242,188,2026-05-28T10:30:04.947,2026-05-28T10:45:34.947,,47.01371689999996,-47.72,94.0,2026-05-28T10:30:04.750,2026-05-28T10:45:34.750,,-0.2016708999999537
47.46520170000076,47.46520170000076,-0.002881816,189,2026-05-28T10:30:05.204,2026-05-28T10:45:35.204,,47.5135764000006,-47.46,95.0,2026-05-28T10:30:05.247,2026-05-28T10:45:35.247,,0.04837469999984023
47.7150642000006,47.7150642000006,-0.00289415,190,2026-05-28T10:30:05.447,2026-05-28T10:45:35.447,,47.5135764000006,-47.46,95.0,2026-05-28T10:30:05.247,2026-05-28T10:45:35.247,,-0.20148779999999533
47.964794900000015,47.964794900000015,-0.002908944,191,2026-05-28T10:30:05.700,2026-05-28T10:45:35.700,,48.01367150000078,-49.71,96.0,2026-05-28T10:30:05.747,2026-05-28T10:45:35.747,,0.04887660000076721
48.215114800000265,48.215114800000265,-0.002935296,192,2026-05-28T10:30:05.947,2026-05-28T10:45:35.947,,48.01367150000078,-49.71,96.0,2026-05-28T10:30:05.747,2026-05-28T10:45:35.747,,-0.2014432999994824
48.46516210000027,48.46516210000027,-0.002967637,193,2026-05-28T10:30:06.197,2026-05-28T10:45:36.197,,48.513696200000595,-47.45,97.0,2026-05-28T10:30:06.247,2026-05-28T10:45:36.247,,0.04853410000032454
48.71495870000035,48.71495870000035,-0.002987917,194,2026-05-28T10:30:06.450,2026-05-28T10:45:36.450,,48.513696200000595,-47.45,97.0,2026-05-28T10:30:06.247,2026-05-28T10:45:36.247,,-0.20126249999975698
48.96500730000025,48.96500730000025,-0.003018939,195,2026-05-28T10:30:06.703,2026-05-28T10:45:36.703,,49.01359030000003,-47.52,98.0,2026-05-28T10:30:06.748,2026-05-28T10:45:36.748,,0.04858299999978044
49.215057700000216,49.215057700000216,-0.00302833,196,2026-05-28T10:30:06.949,2026-05-28T10:45:36.949,,49.01359030000003,-47.52,98.0,2026-05-28T10:30:06.748,2026-05-28T10:45:36.748,,-0.20146740000018326
49.46933360000003,49.46933360000003,-0.003031838,197,2026-05-28T10:30:07.200,2026-05-28T10:45:37.200,,49.51322430000073,-48.38,99.0,2026-05-28T10:30:07.250,2026-05-28T10:45:37.250,,0.043890700000702054
49.71482780000042,49.71482780000042,-0.003104948,198,2026-05-28T10:30:07.453,2026-05-28T10:45:37.453,,49.51322430000073,-48.38,99.0,2026-05-28T10:30:07.250,2026-05-28T10:45:37.250,,-0.20160349999969185
49.9651072000006,49.9651072000006,-0.003138954,199,2026-05-28T10:30:07.697,2026-05-28T10:45:37.697,,50.013790800000606,-47.64,100.0,2026-05-28T10:30:07.751,2026-05-28T10:45:37.751,,0.048683600000003935
50.21532980000029,50.21532980000029,-0.003159632,200,2026-05-28T10:30:07.952,2026-05-28T10:45:37.952,,50.013790800000606,-47.64,100.0,2026-05-28T10:30:07.751,2026-05-28T10:45:37.751,,-0.20153899999968417
50.46500540000034,50.46500540000034,-0.003210106,201,2026-05-28T10:30:08.203,2026-05-28T10:45:38.203,,50.51362920000065,-51.1,101.0,2026-05-28T10:30:08.247,2026-05-28T10:45:38.247,,0.04862380000031408
50.71518540000034,50.71518540000034,-0.00324295,202,2026-05-28T10:30:08.447,2026-05-28T10:45:38.447,,50.51362920000065,-51.1,101.0,2026-05-28T10:30:08.247,2026-05-28T10:45:38.247,,-0.20155619999968621
50.96512990000065,50.96512990000065,-0.003261199,203,2026-05-28T10:30:08.700,2026-05-28T10:45:38.700,,51.013657200000125,-48.36,102.0,2026-05-28T10:30:08.747,2026-05-28T10:45:38.747,,0.04852729999947769
51.21528380000018,51.21528380000018,-0.003289729,204,2026-05-28T10:30:08.954,2026-05-28T10:45:38.954,,51.013657200000125,-48.36,102.0,2026-05-28T10:30:08.747,2026-05-28T10:45:38.747,,-0.20162660000005417
51.46511970000029,51.46511970000029,-0.00327883,205,2026-05-28T10:30:09.204,2026-05-28T10:45:39.204,,51.51347690000057,-50.08,103.0,2026-05-28T10:30:09.247,2026-05-28T10:45:39.247,,0.04835720000028232
51.715104700000666,51.715104700000666,-0.003299204,206,2026-05-28T10:30:09.447,2026-05-28T10:45:39.447,,51.51347690000057,-50.08,103.0,2026-05-28T10:30:09.247,2026-05-28T10:45:39.247,,-0.2016278000000966
51.96545760000026,51.96545760000026,-0.003346601,207,2026-05-28T10:30:09.697,2026-05-28T10:45:39.697,,52.01376230000005,-50.08,104.0,2026-05-28T10:30:09.747,2026-05-28T10:45:39.747,,0.04830469999978959
52.21514970000044,52.21514970000044,-0.003353783,208,2026-05-28T10:30:09.947,2026-05-28T10:45:39.947,,52.01376230000005,-50.08,104.0,2026-05-28T10:30:09.747,2026-05-28T10:45:39.747,,-0.20138740000038524
52.46485890000076,52.46485890000076,-0.003355018,209,2026-05-28T10:30:10.197,2026-05-28T10:45:40.197,,52.51365380000061,-49.07,105.0,2026-05-28T10:30:10.247,2026-05-28T10:45:40.247,,0.048794899999847985
52.71532240000033,52.71532240000033,-0.003351825,210,2026-05-28T10:30:10.454,2026-05-28T10:45:40.454,,52.51365380000061,-49.07,105.0,2026-05-28T10:30:10.247,2026-05-28T10:45:40.247,,-0.20166859999972075
52.96514860000025,52.96514860000025,-0.003348558,211,2026-05-28T10:30:10.697,2026-05-28T10:45:40.697,,53.013751700000284,-51.42,106.0,2026-05-28T10:30:10.747,2026-05-28T10:45:40.747,,0.04860310000003665
53.215144200000395,53.215144200000395,-0.003356233,212,2026-05-28T10:30:10.947,2026-05-28T10:45:40.947,,53.013751700000284,-51.42,106.0,2026-05-28T10:30:10.747,2026-05-28T10:45:40.747,,-0.20139250000011089
53.46509270000024,53.46509270000024,-0.003390553,213,2026-05-28T10:30:11.197,2026-05-28T10:45:41.197,,53.51354890000039,-49.8,107.0,2026-05-28T10:30:11.247,2026-05-28T10:45:41.247,,0.048456200000146055
53.715310300000056,53.715310300000056,-0.003398112,214,2026-05-28T10:30:11.450,2026-05-28T10:45:41.450,,53.51354890000039,-49.8,107.0,2026-05-28T10:30:11.247,2026-05-28T10:45:41.247,,-0.20176139999966836
53.96513279999999,53.96513279999999,-0.003396761,215,2026-05-28T10:30:11.704,2026-05-28T10:45:41.704,,54.01380640000025,-49.54,108.0,2026-05-28T10:30:11.747,2026-05-28T10:45:41.747,,0.048673600000256556
54.21516950000023,54.21516950000023,-0.003390521,216,2026-05-28T10:30:11.947,2026-05-28T10:45:41.947,,54.01380640000025,-49.54,108.0,2026-05-28T10:30:11.747,2026-05-28T10:45:41.747,,-0.20136309999998048
54.46541750000051,54.46541750000051,-0.003395505,217,2026-05-28T10:30:12.197,2026-05-28T10:45:42.197,,54.51364020000074,-52.35,109.0,2026-05-28T10:30:12.247,2026-05-28T10:45:42.247,,0.048222700000223995
54.715219000000616,54.715219000000616,-0.00339094,218,2026-05-28T10:30:12.447,2026-05-28T10:45:42.447,,54.51364020000074,-52.35,109.0,2026-05-28T10:30:12.247,2026-05-28T10:45:42.247,,-0.20157879999987927
54.96511400000054,54.96511400000054,-0.003411995,219,2026-05-28T10:30:12.697,2026-05-28T10:45:42.697,,55.01336410000022,-50.02,110.0,2026-05-28T10:30:12.747,2026-05-28T10:45:42.747,,0.04825009999967733
55.21490880000056,55.21490880000056,-0.003432411,220,2026-05-28T10:30:12.947,2026-05-28T10:45:42.947,,55.01336410000022,-50.02,110.0,2026-05-28T10:30:12.747,2026-05-28T10:45:42.747,,-0.20154470000034053
55.465342899999996,55.465342899999996,-0.003434034,221,2026-05-28T10:30:13.204,2026-05-28T10:45:43.204,,55.513540200000534,-52.87,111.0,2026-05-28T10:30:13.247,2026-05-28T10:45:43.247,,0.048197300000538235
55.71500820000074,55.71500820000074,-0.003427825,222,2026-05-28T10:30:13.447,2026-05-28T10:45:43.447,,55.513540200000534,-52.87,111.0,2026-05-28T10:30:13.247,2026-05-28T10:45:43.247,,-0.20146800000020448
55.96482450000076,55.96482450000076,-0.00344286,223,2026-05-28T10:30:13.697,2026-05-28T10:45:43.697,,56.01357050000024,-51.23,112.0,2026-05-28T10:30:13.747,2026-05-28T10:45:43.747,,0.04874599999948259
56.215189000000464,56.215189000000464,-0.003457905,224,2026-05-28T10:30:13.947,2026-05-28T10:45:43.947,,56.01357050000024,-51.23,112.0,2026-05-28T10:30:13.747,2026-05-28T10:45:43.747,,-0.2016185000002224
56.46513480000067,56.46513480000067,-0.003472604,225,2026-05-28T10:30:14.197,2026-05-28T10:45:44.197,,56.5135135999999,-50.35,113.0,2026-05-28T10:30:14.247,2026-05-28T10:45:44.247,,0.04837879999922734
56.715032600000086,56.715032600000086,-0.003462658,226,2026-05-28T10:30:14.447,2026-05-28T10:45:44.447,,56.5135135999999,-50.35,113.0,2026-05-28T10:30:14.247,2026-05-28T10:45:44.247,,-0.2015190000001894
56.965001000000484,56.965001000000484,-0.003454345,227,2026-05-28T10:30:14.697,2026-05-28T10:45:44.697,,57.01374240000041,-51.23,114.0,2026-05-28T10:30:14.747,2026-05-28T10:45:44.747,,0.048741399999926216
57.21533129999989,57.21533129999989,-0.003473463,228,2026-05-28T10:30:14.947,2026-05-28T10:45:44.947,,57.01374240000041,-51.23,114.0,2026-05-28T10:30:14.747,2026-05-28T10:45:44.747,,-0.2015888999994786
57.46486980000009,57.46486980000009,-0.003485901,229,2026-05-28T10:30:15.197,2026-05-28T10:45:45.197,,57.513735100000304,-50.97,115.0,2026-05-28T10:30:15.247,2026-05-28T10:45:45.247,,0.04886530000021594
57.71510320000016,57.71510320000016,-0.003499386,230,2026-05-28T10:30:15.447,2026-05-28T10:45:45.447,,57.513735100000304,-50.97,115.0,2026-05-28T10:30:15.247,2026-05-28T10:45:45.247,,-0.20136809999985417
57.965027300000656,57.965027300000656,-0.003502977,231,2026-05-28T10:30:15.697,2026-05-28T10:45:45.697,,58.01337370000056,-53.27,116.0,2026-05-28T10:30:15.747,2026-05-28T10:45:45.747,,0.048346399999900314
58.21486840000034,58.21486840000034,-0.003502548,232,2026-05-28T10:30:15.947,2026-05-28T10:45:45.947,,58.01337370000056,-53.27,116.0,2026-05-28T10:30:15.747,2026-05-28T10:45:45.747,,-0.20149469999978464
58.46512690000054,58.46512690000054,-0.003502715,233,2026-05-28T10:30:16.196,2026-05-28T10:45:46.196,,58.51360210000075,-51.86,117.0,2026-05-28T10:30:16.247,2026-05-28T10:45:46.247,,0.04847520000021177
58.715126500000224,58.715126500000224,-0.003514337,234,2026-05-28T10:30:16.448,2026-05-28T10:45:46.448,,58.51360210000075,-51.86,117.0,2026-05-28T10:30:16.247,2026-05-28T10:45:46.247,,-0.20152439999947092
58.96517420000055,58.96517420000055,-0.00350661,235,2026-05-28T10:30:16.697,2026-05-28T10:45:46.697,,59.01355220000005,-52.8,118.0,2026-05-28T10:30:16.747,2026-05-28T10:45:46.747,,0.04837799999950221
59.21529390000069,59.21529390000069,-0.003545484,236,2026-05-28T10:30:16.947,2026-05-28T10:45:46.947,,59.01355220000005,-52.8,118.0,2026-05-28T10:30:16.747,2026-05-28T10:45:46.747,,-0.20174170000063896
59.465227000000596,59.465227000000596,-0.003555996,237,2026-05-28T10:30:17.197,2026-05-28T10:45:47.197,,59.51338990000022,-53.32,119.0,2026-05-28T10:30:17.247,2026-05-28T10:45:47.247,,0.04816289999962464
59.714918300000136,59.714918300000136,-0.003563586,238,2026-05-28T10:30:17.447,2026-05-28T10:45:47.447,,59.51338990000022,-53.32,119.0,2026-05-28T10:30:17.247,2026-05-28T10:45:47.247,,-0.20152839999991556
59.96512510000048,59.96512510000048,-0.003562288,239,2026-05-28T10:30:17.697,2026-05-28T10:45:47.697,,60.013655100000506,-52.36,120.0,2026-05-28T10:30:17.747,2026-05-28T10:45:47.747,,0.04853000000002794
60.215146400000776,60.215146400000776,-0.003565984,240,2026-05-28T10:30:17.947,2026-05-28T10:45:47.947,,60.013655100000506,-52.36,120.0,2026-05-28T10:30:17.747,2026-05-28T10:45:47.747,,-0.2014913000002707
60.46514400000069,60.46514400000069,-0.003572988,241,2026-05-28T10:30:18.197,2026-05-28T10:45:48.197,,60.51359020000018,-54.54,121.0,2026-05-28T10:30:18.247,2026-05-28T10:45:48.247,,0.04844619999948918
60.715197600000465,60.715197600000465,-0.003583824,242,2026-05-28T10:30:18.447,2026-05-28T10:45:48.447,,60.51359020000018,-54.54,121.0,2026-05-28T10:30:18.247,2026-05-28T10:45:48.247,,-0.20160740000028454
60.96574409999994,60.96574409999994,-0.003587311,243,2026-05-28T10:30:18.697,2026-05-28T10:45:48.697,,61.01371660000041,-52.74,122.0,2026-05-28T10:30:18.747,2026-05-28T10:45:48.747,,0.047972500000469154
61.215168200000335,61.215168200000335,-0.003607162,244,2026-05-28T10:30:18.954,2026-05-28T10:45:48.954,,61.01371660000041,-52.74,122.0,2026-05-28T10:30:18.747,2026-05-28T10:45:48.747,,-0.20145159999992757
61.4649859000001,61.4649859000001,-0.003606628,245,2026-05-28T10:30:19.203,2026-05-28T10:45:49.203,,61.51360300000033,-52.84,123.0,2026-05-28T10:30:19.250,2026-05-28T10:45:49.250,,0.048617100000228675
61.71531070000037,61.71531070000037,-0.003618762,246,2026-05-28T10:30:19.447,2026-05-28T10:45:49.447,,61.51360300000033,-52.84,123.0,2026-05-28T10:30:19.250,2026-05-28T10:45:49.250,,-0.20170770000004268
61.96506630000022,61.96506630000022,-0.003619139,247,2026-05-28T10:30:19.704,2026-05-28T10:45:49.704,,62.01371930000005,-55.01,124.0,2026-05-28T10:30:19.747,2026-05-28T10:45:49.747,,0.04865299999983108
62.21514710000065,62.21514710000065,-0.003624123,248,2026-05-28T10:30:19.947,2026-05-28T10:45:49.947,,62.01371930000005,-55.01,124.0,2026-05-28T10:30:19.747,2026-05-28T10:45:49.747,,-0.20142780000060156
62.46506020000015,62.46506020000015,-0.003619244,249,2026-05-28T10:30:20.202,2026-05-28T10:45:50.202,,62.513610200000585,-52.44,125.0,2026-05-28T10:30:20.247,2026-05-28T10:45:50.247,,0.04855000000043219
62.71573630000057,62.71573630000057,-0.003625955,250,2026-05-28T10:30:20.447,2026-05-28T10:45:50.447,,62.513610200000585,-52.44,125.0,2026-05-28T10:30:20.247,2026-05-28T10:45:50.247,,-0.20212609999998676
62.964928899999904,62.964928899999904,-0.003622563,251,2026-05-28T10:30:20.697,2026-05-28T10:45:50.697,,63.013686600000256,-55.9,126.0,2026-05-28T10:30:20.750,2026-05-28T10:45:50.750,,0.04875770000035118
63.21513390000018,63.21513390000018,-0.003622542,252,2026-05-28T10:30:20.950,2026-05-28T10:45:50.950,,63.013686600000256,-55.9,126.0,2026-05-28T10:30:20.750,2026-05-28T10:45:50.750,,-0.20144729999992705
63.46524050000062,63.46524050000062,-0.00364524,253,2026-05-28T10:30:21.197,2026-05-28T10:45:51.197,,63.513540800000555,-53.51,127.0,2026-05-28T10:30:21.247,2026-05-28T10:45:51.247,,0.048300299999937124
63.71505720000005,63.71505720000005,-0.003662976,254,2026-05-28T10:30:21.447,2026-05-28T10:45:51.447,,63.513540800000555,-53.51,127.0,2026-05-28T10:30:21.247,2026-05-28T10:45:51.247,,-0.2015163999994911
63.96481970000059,63.96481970000059,-0.003686868,255,2026-05-28T10:30:21.697,2026-05-28T10:45:51.697,,64.01373599999988,-53.28,128.0,2026-05-28T10:30:21.747,2026-05-28T10:45:51.747,,0.04891629999929137
64.2151072000006,64.2151072000006,-0.003678366,256,2026-05-28T10:30:21.947,2026-05-28T10:45:51.947,,64.01373599999988,-53.28,128.0,2026-05-28T10:30:21.747,2026-05-28T10:45:51.747,,-0.20137120000072173
64.46526300000005,64.46526300000005,-0.003679958,257,2026-05-28T10:30:22.204,2026-05-28T10:45:52.204,,64.51357600000028,-53.88,129.0,2026-05-28T10:30:22.247,2026-05-28T10:45:52.247,,0.04831300000023475
64.71497369999997,64.71497369999997,-0.00368737,258,2026-05-28T10:30:22.450,2026-05-28T10:45:52.450,,64.51357600000028,-53.88,129.0,2026-05-28T10:30:22.247,2026-05-28T10:45:52.247,,-0.20139769999968848
64.96507939999992,64.96507939999992,-0.003693987,259,2026-05-28T10:30:22.697,2026-05-28T10:45:52.697,,65.01370430000043,-53.62,130.0,2026-05-28T10:30:22.747,2026-05-28T10:45:52.747,,0.04862490000050457
65.21532630000002,65.21532630000002,-0.003693265,260,2026-05-28T10:30:22.947,2026-05-28T10:45:52.947,,65.01370430000043,-53.62,130.0,2026-05-28T10:30:22.747,2026-05-28T10:45:52.747,,-0.2016219999995883
65.46486660000028,65.46486660000028,-0.003721198,261,2026-05-28T10:30:23.197,2026-05-28T10:45:53.197,,65.51370540000062,-56.45,131.0,2026-05-28T10:30:23.247,2026-05-28T10:45:53.247,,0.04883880000033969
65.7151543,65.7151543,-0.003746891,262,2026-05-28T10:30:23.447,2026-05-28T10:45:53.447,,65.51370540000062,-56.45,131.0,2026-05-28T10:30:23.247,2026-05-28T10:45:53.247,,-0.20144889999937732
65.96502400000008,65.96502400000008,-0.003789932,263,2026-05-28T10:30:23.697,2026-05-28T10:45:53.697,,66.01336900000024,-54.19,132.0,2026-05-28T10:30:23.747,2026-05-28T10:45:53.747,,0.04834500000015396
66.2149414000005,66.2149414000005,-0.004023586,264,2026-05-28T10:30:23.950,2026-05-28T10:45:53.950,,66.01336900000024,-54.19,132.0,2026-05-28T10:30:23.747,2026-05-28T10:45:53.747,,-0.20157240000025922
66.46502340000006,66.46502340000006,-0.004215624,265,2026-05-28T10:30:24.204,2026-05-28T10:45:54.204,,66.51370029999998,-56.45,133.0,2026-05-28T10:30:24.247,2026-05-28T10:45:54.247,,0.04867689999991853
66.71520310000051,66.71520310000051,-0.004329148,266,2026-05-28T10:30:24.447,2026-05-28T10:45:54.447,,66.51370029999998,-56.45,133.0,2026-05-28T10:30:24.247,2026-05-28T10:45:54.247,,-0.2015028000005259
66.96478260000004,66.96478260000004,-0.004388752,267,2026-05-28T10:30:24.700,2026-05-28T10:45:54.700,,67.01372410000022,-55.15,134.0,2026-05-28T10:30:24.747,2026-05-28T10:45:54.747,,0.048941500000182714
67.21511900000041,67.21511900000041,-0.004448807,268,2026-05-28T10:30:24.947,2026-05-28T10:45:54.947,,67.01372410000022,-55.15,134.0,2026-05-28T10:30:24.747,2026-05-28T10:45:54.747,,-0.20139490000019578
67.4649616000006,67.4649616000006,-0.004471547,269,2026-05-28T10:30:25.197,2026-05-28T10:45:55.197,,67.51351729999988,-54.48,135.0,2026-05-28T10:30:25.247,2026-05-28T10:45:55.247,,0.048555699999269564
67.71485870000015,67.71485870000015,-0.004491283,270,2026-05-28T10:30:25.450,2026-05-28T10:45:55.450,,67.51351729999988,-54.48,135.0,2026-05-28T10:30:25.247,2026-05-28T10:45:55.247,,-0.201341400000274
67.96502920000057,67.96502920000057,-0.0044968,271,2026-05-28T10:30:25.703,2026-05-28T10:45:55.703,,68.01369530000011,-55.94,136.0,2026-05-28T10:30:25.747,2026-05-28T10:45:55.747,,0.04866609999953653
68.21516410000004,68.21516410000004,-0.004504003,272,2026-05-28T10:30:25.954,2026-05-28T10:45:55.954,,68.01369530000011,-55.94,136.0,2026-05-28T10:30:25.747,2026-05-28T10:45:55.747,,-0.20146879999992962
68.46480520000023,68.46480520000023,-0.004513929,273,2026-05-28T10:30:26.200,2026-05-28T10:45:56.200,,68.51369120000072,-54.81,137.0,2026-05-28T10:30:26.247,2026-05-28T10:45:56.247,,0.04888600000049337
68.71511310000005,68.71511310000005,-0.004528743,274,2026-05-28T10:30:26.447,2026-05-28T10:45:56.447,,68.51369120000072,-54.81,137.0,2026-05-28T10:30:26.247,2026-05-28T10:45:56.247,,-0.2014218999993318
68.96506099999988,68.96506099999988,-0.004528827,275,2026-05-28T10:30:26.697,2026-05-28T10:45:56.697,,69.01371680000011,-57.14,138.0,2026-05-28T10:30:26.747,2026-05-28T10:45:56.747,,0.048655800000233285
69.2150599000006,69.2150599000006,-0.004536763,276,2026-05-28T10:30:26.950,2026-05-28T10:45:56.950,,69.01371680000011,-57.14,138.0,2026-05-28T10:30:26.747,2026-05-28T10:45:56.747,,-0.20134310000048572
69.46504150000055,69.46504150000055,-0.004545296,277,2026-05-28T10:30:27.204,2026-05-28T10:45:57.204,,69.51388740000039,-56.42,139.0,2026-05-28T10:30:27.247,2026-05-28T10:45:57.247,,0.04884589999983291
69.71525760000077,69.71525760000077,-0.004548175,278,2026-05-28T10:30:27.447,2026-05-28T10:45:57.447,,69.51388740000039,-56.42,139.0,2026-05-28T10:30:27.247,2026-05-28T10:45:57.247,,-0.2013702000003832
69.96525110000039,69.96525110000039,-0.004558509,279,2026-05-28T10:30:27.697,2026-05-28T10:45:57.697,,70.01376950000031,-56.75,140.0,2026-05-28T10:30:27.747,2026-05-28T10:45:57.747,,0.0485183999999208
70.21516130000055,70.21516130000055,-0.004569062,280,2026-05-28T10:30:27.947,2026-05-28T10:45:57.947,,70.01376950000031,-56.75,140.0,2026-05-28T10:30:27.747,2026-05-28T10:45:57.747,,-0.2013918000002377
70.46498180000071,70.46498180000071,-0.004580359,281,2026-05-28T10:30:28.197,2026-05-28T10:45:58.197,,70.51374459999988,-56.83,141.0,2026-05-28T10:30:28.247,2026-05-28T10:45:58.247,,0.04876279999916733
70.71533110000018,70.71533110000018,-0.004582516,282,2026-05-28T10:30:28.447,2026-05-28T10:45:58.447,,70.51374459999988,-56.83,141.0,2026-05-28T10:30:28.247,2026-05-28T10:45:58.247,,-0.2015865000003032
70.9650246000001,70.9650246000001,-0.004585605,283,2026-05-28T10:30:28.697,2026-05-28T10:45:58.697,,71.01368840000032,-56.25,142.0,2026-05-28T10:30:28.747,2026-05-28T10:45:58.747,,0.04866380000021309
71.21513050000067,71.21513050000067,-0.004592117,284,2026-05-28T10:30:28.947,2026-05-28T10:45:58.947,,71.01368840000032,-56.25,142.0,2026-05-28T10:30:28.747,2026-05-28T10:45:58.747,,-0.20144210000034946
71.46492149999995,71.46492149999995,-0.004602021,285,2026-05-28T10:30:29.197,2026-05-28T10:45:59.197,,71.51360300000033,-58.14,143.0,2026-05-28T10:30:29.247,2026-05-28T10:45:59.247,,0.0486815000003844
71.71574370000053,71.71574370000053,-0.004606419,286,2026-05-28T10:30:29.447,2026-05-28T10:45:59.447,,71.51360300000033,-58.14,143.0,2026-05-28T10:30:29.247,2026-05-28T10:45:59.247,,-0.2021407000002
71.96515410000029,71.96515410000029,-0.004610251,287,2026-05-28T10:30:29.697,2026-05-28T10:45:59.697,,72.01367890000074,-56.49,144.0,2026-05-28T10:30:29.747,2026-05-28T10:45:59.747,,0.04852480000045034
72.2149502000002,72.2149502000002,-0.004614323,288,2026-05-28T10:30:29.953,2026-05-28T10:45:59.953,,72.01367890000074,-56.49,144.0,2026-05-28T10:30:29.747,2026-05-28T10:45:59.747,,-0.20127129999946192
72.46518180000021,72.46518180000021,-0.004622155,289,2026-05-28T10:30:30.197,2026-05-28T10:46:00.197,,72.51355550000062,-57.8,145.0,2026-05-28T10:30:30.250,2026-05-28T10:46:00.250,,0.04837370000041119
72.71512770000027,72.71512770000027,-0.004626416,290,2026-05-28T10:30:30.448,2026-05-28T10:46:00.448,,72.51355550000062,-57.8,145.0,2026-05-28T10:30:30.250,2026-05-28T10:46:00.250,,-0.20157219999964582
72.96499160000076,72.96499160000076,-0.004629222,291,2026-05-28T10:30:30.703,2026-05-28T10:46:00.703,,73.01367430000028,-57.87,146.0,2026-05-28T10:30:30.749,2026-05-28T10:46:00.749,,0.048682699999517354
73.21520180000061,73.21520180000061,-0.004634478,292,2026-05-28T10:30:30.950,2026-05-28T10:46:00.950,,73.01367430000028,-57.87,146.0,2026-05-28T10:30:30.749,2026-05-28T10:46:00.749,,-0.20152750000033848
73.46537410000019,73.46537410000019,-0.004640089,293,2026-05-28T10:30:31.200,2026-05-28T10:46:01.200,,73.51348080000025,-57.53,147.0,2026-05-28T10:30:31.252,2026-05-28T10:46:01.252,,0.04810670000006212
73.71509930000047,73.71509930000047,-0.004648423,294,2026-05-28T10:30:31.454,2026-05-28T10:46:01.454,,73.51348080000025,-57.53,147.0,2026-05-28T10:30:31.252,2026-05-28T10:46:01.252,,-0.2016185000002224
73.96499060000042,73.96499060000042,-0.004665185,295,2026-05-28T10:30:31.703,2026-05-28T10:46:01.703,,74.01366700000017,-58.55,148.0,2026-05-28T10:30:31.747,2026-05-28T10:46:01.747,,0.048676399999749265
74.2151973,74.2151973,-0.004676702,296,2026-05-28T10:30:31.947,2026-05-28T10:46:01.947,,74.01366700000017,-58.55,148.0,2026-05-28T10:30:31.747,2026-05-28T10:46:01.747,,-0.2015302999998312
74.46514560000014,74.46514560000014,-0.004688208,297,2026-05-28T10:30:32.196,2026-05-28T10:46:02.196,,74.51368300000013,-57.48,149.0,2026-05-28T10:30:32.250,2026-05-28T10:46:02.250,,0.04853739999998652
74.71526369999992,74.71526369999992,-0.004694291,298,2026-05-28T10:30:32.447,2026-05-28T10:46:02.447,,74.51368300000013,-57.48,149.0,2026-05-28T10:30:32.250,2026-05-28T10:46:02.250,,-0.2015806999997949
74.9650259,74.9650259,-0.004696689,299,2026-05-28T10:30:32.703,2026-05-28T10:46:02.703,,75.01381829999991,-58.74,150.0,2026-05-28T10:30:32.747,2026-05-28T10:46:02.747,,0.04879239999991114
75.21531250000044,75.21531250000044,-0.004696092,300,2026-05-28T10:30:32.947,2026-05-28T10:46:02.947,,75.01381829999991,-58.74,150.0,2026-05-28T10:30:32.747,2026-05-28T10:46:02.747,,-0.20149420000052487
75.46498780000002,75.46498780000002,-0.00470563,301,2026-05-28T10:30:33.200,2026-05-28T10:46:03.200,,75.51372040000024,-58.02,151.0,2026-05-28T10:30:33.247,2026-05-28T10:46:03.247,,0.04873260000022128
75.71508030000041,75.71508030000041,-0.004710478,302,2026-05-28T10:30:33.454,2026-05-28T10:46:03.454,,75.51372040000024,-58.02,151.0,2026-05-28T10:30:33.247,2026-05-28T10:46:03.247,,-0.20135990000017046
75.96500809999998,75.96500809999998,-0.004718623,303,2026-05-28T10:30:33.697,2026-05-28T10:46:03.697,,76.01343580000048,-58.63,152.0,2026-05-28T10:30:33.747,2026-05-28T10:46:03.747,,0.04842770000050223
76.2149543000005,76.2149543000005,-0.004726161,304,2026-05-28T10:30:33.950,2026-05-28T10:46:03.950,,76.01343580000048,-58.63,152.0,2026-05-28T10:30:33.747,2026-05-28T10:46:03.747,,-0.20151850000002014
76.4650571000002,76.4650571000002,-0.004732715,305,2026-05-28T10:30:34.203,2026-05-28T10:46:04.203,,76.5137795999999,-58.67,153.0,2026-05-28T10:30:34.247,2026-05-28T10:46:04.247,,0.048722499999712454
76.71522610000011,76.71522610000011,-0.004733459,306,2026-05-28T10:30:34.447,2026-05-28T10:46:04.447,,76.5137795999999,-58.67,153.0,2026-05-28T10:30:34.247,2026-05-28T10:46:04.247,,-0.20144650000020192
76.96484790000068,76.96484790000068,-0.004733406,307,2026-05-28T10:30:34.697,2026-05-28T10:46:04.697,,77.01368910000019,-57.83,154.0,2026-05-28T10:30:34.747,2026-05-28T10:46:04.747,,0.048841199999515084
77.21537830000034,77.21537830000034,-0.00473528,308,2026-05-28T10:30:34.954,2026-05-28T10:46:04.954,,77.01368910000019,-57.83,154.0,2026-05-28T10:30:34.747,2026-05-28T10:46:04.747,,-0.20168920000014623
77.46507190000011,77.46507190000011,-0.004740065,309,2026-05-28T10:30:35.204,2026-05-28T10:46:05.204,,77.51365470000019,-59.68,155.0,2026-05-28T10:30:35.247,2026-05-28T10:46:05.247,,0.04858280000007653
77.72309060000043,77.72309060000043,-0.004747603,310,2026-05-28T10:30:35.456,2026-05-28T10:46:05.456,,77.51365470000019,-59.68,155.0,2026-05-28T10:30:35.247,2026-05-28T10:46:05.247,,-0.20943590000024415
77.96492360000047,77.96492360000047,-0.00475756,311,2026-05-28T10:30:35.703,2026-05-28T10:46:05.703,,78.01378790000035,-58.36,156.0,2026-05-28T10:30:35.750,2026-05-28T10:46:05.750,,0.0488642999998774
78.2151829000004,78.2151829000004,-0.004767768,312,2026-05-28T10:30:35.947,2026-05-28T10:46:05.947,,78.01378790000035,-58.36,156.0,2026-05-28T10:30:35.750,2026-05-28T10:46:05.750,,-0.20139500000004773
78.46504390000064,78.46504390000064,-0.00477383,313,2026-05-28T10:30:36.204,2026-05-28T10:46:06.204,,78.51374329999999,-59.75,157.0,2026-05-28T10:30:36.247,2026-05-28T10:46:06.247,,0.048699399999350135
78.71521600000051,78.71521600000051,-0.004777934,314,2026-05-28T10:30:36.447,2026-05-28T10:46:06.447,,78.51374329999999,-59.75,157.0,2026-05-28T10:30:36.247,2026-05-28T10:46:06.247,,-0.2014727000005223
78.96576330000062,78.96576330000062,-0.004780981,315,2026-05-28T10:30:36.700,2026-05-28T10:46:06.700,,79.01365010000063,-59.53,158.0,2026-05-28T10:30:36.747,2026-05-28T10:46:06.747,,0.04788680000001477
79.21515610000006,79.21515610000006,-0.004790309,316,2026-05-28T10:30:36.947,2026-05-28T10:46:06.947,,79.01365010000063,-59.53,158.0,2026-05-28T10:30:36.747,2026-05-28T10:46:06.747,,-0.20150599999942642
79.46496970000044,79.46496970000044,-0.004801659,317,2026-05-28T10:30:37.197,2026-05-28T10:46:07.197,,79.51374720000058,-59.98,159.0,2026-05-28T10:30:37.250,2026-05-28T10:46:07.250,,0.04877750000014203
79.71532210000078,79.71532210000078,-0.004815573,318,2026-05-28T10:30:37.450,2026-05-28T10:46:07.450,,79.51374720000058,-59.98,159.0,2026-05-28T10:30:37.250,2026-05-28T10:46:07.250,,-0.20157490000019607
79.96499350000067,79.96499350000067,-0.004824085,319,2026-05-28T10:30:37.703,2026-05-28T10:46:07.703,,80.01378449999993,-59.97,160.0,2026-05-28T10:30:37.747,2026-05-28T10:46:07.747,,0.04879099999925529
80.21527240000069,80.21527240000069,-0.004830587,320,2026-05-28T10:30:37.947,2026-05-28T10:46:07.947,,80.01378449999993,-59.97,160.0,2026-05-28T10:30:37.747,2026-05-28T10:46:07.747,,-0.20148790000075678
80.46507170000041,80.46507170000041,-0.004839894,321,2026-05-28T10:30:38.200,2026-05-28T10:46:08.200,,80.51364439999998,-59.36,161.0,2026-05-28T10:30:38.247,2026-05-28T10:46:08.247,,0.0485726999995677
80.7157674,80.7157674,-0.004845286,322,2026-05-28T10:30:38.454,2026-05-28T10:46:08.454,,80.51364439999998,-59.36,161.0,2026-05-28T10:30:38.247,2026-05-28T10:46:08.247,,-0.2021230000000287
80.96502240000063,80.96502240000063,-0.00484849,323,2026-05-28T10:30:38.704,2026-05-28T10:46:08.704,,81.01378340000065,-61.36,162.0,2026-05-28T10:30:38.750,2026-05-28T10:46:08.750,,0.048761000000013155
81.21523960000013,81.21523960000013,-0.00485206,324,2026-05-28T10:30:38.947,2026-05-28T10:46:08.947,,81.01378340000065,-61.36,162.0,2026-05-28T10:30:38.750,2026-05-28T10:46:08.750,,-0.20145619999948394
81.46521380000013,81.46521380000013,-0.00485451,325,2026-05-28T10:30:39.203,2026-05-28T10:46:09.203,,81.51364170000033,-59.44,163.0,2026-05-28T10:30:39.247,2026-05-28T10:46:09.247,,0.04842790000020614
81.71488050000062,81.71488050000062,-0.004855358,326,2026-05-28T10:30:39.447,2026-05-28T10:46:09.447,,81.51364170000033,-59.44,163.0,2026-05-28T10:30:39.247,2026-05-28T10:46:09.247,,-0.20123880000028294
81.96514600000046,81.96514600000046,-0.004856792,327,2026-05-28T10:30:39.700,2026-05-28T10:46:09.700,,82.01351020000038,-61.32,164.0,2026-05-28T10:30:39.747,2026-05-28T10:46:09.747,,0.048364199999923585
82.21488090000003,82.21488090000003,-0.004863545,328,2026-05-28T10:30:39.947,2026-05-28T10:46:09.947,,82.01351020000038,-61.32,164.0,2026-05-28T10:30:39.747,2026-05-28T10:46:09.747,,-0.20137069999964297
82.46531279999999,82.46531279999999,-0.004874465,329,2026-05-28T10:30:40.197,2026-05-28T10:46:10.197,,82.51357580000058,-61.09,165.0,2026-05-28T10:30:40.250,2026-05-28T10:46:10.250,,0.04826300000058836
82.71501500000068,82.71501500000068,-0.004890463,330,2026-05-28T10:30:40.446,2026-05-28T10:46:10.446,,82.51357580000058,-61.09,165.0,2026-05-28T10:30:40.250,2026-05-28T10:46:10.250,,-0.2014392000000953
82.96506090000003,82.96506090000003,-0.004898745,331,2026-05-28T10:30:40.703,2026-05-28T10:46:10.703,,83.01363670000046,-61.29,166.0,2026-05-28T10:30:40.747,2026-05-28T10:46:10.747,,0.048575800000435265
83.21513820000018,83.21513820000018,-0.004900671,332,2026-05-28T10:30:40.947,2026-05-28T10:46:10.947,,83.01363670000046,-61.29,166.0,2026-05-28T10:30:40.747,2026-05-28T10:46:10.747,,-0.201501499999722
83.46492750000016,83.46492750000016,-0.004901907,333,2026-05-28T10:30:41.200,2026-05-28T10:46:11.200,,83.51366020000023,-61.5,167.0,2026-05-28T10:30:41.247,2026-05-28T10:46:11.247,,0.04873270000007324
83.71506250000039,83.71506250000039,-0.004901886,334,2026-05-28T10:30:41.453,2026-05-28T10:46:11.453,,83.51366020000023,-61.5,167.0,2026-05-28T10:30:41.247,2026-05-28T10:46:11.247,,-0.20140230000015436
83.96503500000017,83.96503500000017,-0.004911528,335,2026-05-28T10:30:41.697,2026-05-28T10:46:11.697,,84.01354450000053,-60.76,168.0,2026-05-28T10:30:41.750,2026-05-28T10:46:11.750,,0.048509500000363914
84.21495230000073,84.21495230000073,-0.004934384,336,2026-05-28T10:30:41.950,2026-05-28T10:46:11.950,,84.01354450000053,-60.76,168.0,2026-05-28T10:30:41.750,2026-05-28T10:46:11.750,,-0.2014078000001973
84.46503230000053,84.46503230000053,-0.004944163,337,2026-05-28T10:30:42.204,2026-05-28T10:46:12.204,,84.5136665,-62.35,169.0,2026-05-28T10:30:42.247,2026-05-28T10:46:12.247,,0.048634199999469274
84.71510510000007,84.71510510000007,-0.004949565,338,2026-05-28T10:30:42.447,2026-05-28T10:46:12.447,,84.5136665,-62.35,169.0,2026-05-28T10:30:42.247,2026-05-28T10:46:12.247,,-0.20143860000007408
84.96481780000067,84.96481780000067,-0.004953072,339,2026-05-28T10:30:42.700,2026-05-28T10:46:12.700,,85.01352279999992,-61.2,170.0,2026-05-28T10:30:42.747,2026-05-28T10:46:12.747,,0.04870499999924505
85.21499850000055,85.21499850000055,-0.004953313,340,2026-05-28T10:30:42.947,2026-05-28T10:46:12.947,,85.01352279999992,-61.2,170.0,2026-05-28T10:30:42.747,2026-05-28T10:46:12.747,,-0.20147570000062842
85.46501500000068,85.46501500000068,-0.004951219,341,2026-05-28T10:30:43.204,2026-05-28T10:46:13.204,,85.5136564000004,-62.59,171.0,2026-05-28T10:30:43.247,2026-05-28T10:46:13.247,,0.048641399999723944
85.71515390000059,85.71515390000059,-0.00494833,342,2026-05-28T10:30:43.447,2026-05-28T10:46:13.447,,85.5136564000004,-62.59,171.0,2026-05-28T10:30:43.247,2026-05-28T10:46:13.247,,-0.20149750000018685
85.96507340000062,85.96507340000062,-0.004951481,343,2026-05-28T10:30:43.697,2026-05-28T10:46:13.697,,86.01348469999994,-61.57,172.0,2026-05-28T10:30:43.750,2026-05-28T10:46:13.750,,0.048411299999315816
86.21502469999996,86.21502469999996,-0.004955868,344,2026-05-28T10:30:43.947,2026-05-28T10:46:13.947,,86.01348469999994,-61.57,172.0,2026-05-28T10:30:43.750,2026-05-28T10:46:13.750,,-0.2015400000000227
86.46496990000014,86.46496990000014,-0.004958297,345,2026-05-28T10:30:44.203,2026-05-28T10:46:14.203,,86.5135780999999,-61.46,173.0,2026-05-28T10:30:44.247,2026-05-28T10:46:14.247,,0.04860819999976229
86.71504660000028,86.71504660000028,-0.004960799,346,2026-05-28T10:30:44.447,2026-05-28T10:46:14.447,,86.5135780999999,-61.46,173.0,2026-05-28T10:30:44.247,2026-05-28T10:46:14.247,,-0.20146850000037375
86.96514960000059,86.96514960000059,-0.004963553,347,2026-05-28T10:30:44.700,2026-05-28T10:46:14.700,,87.01351400000021,-62.25,174.0,2026-05-28T10:30:44.747,2026-05-28T10:46:14.747,,0.048364399999627494
87.2148889,87.2148889,-0.004971122,348,2026-05-28T10:30:44.949,2026-05-28T10:46:14.949,,87.01351400000021,-62.25,174.0,2026-05-28T10:30:44.747,2026-05-28T10:46:14.747,,-0.20137489999979152
87.46501770000032,87.46501770000032,-0.004982168,349,2026-05-28T10:30:45.197,2026-05-28T10:46:15.197,,87.51372150000043,-61.39,175.0,2026-05-28T10:30:45.247,2026-05-28T10:46:15.247,,0.048703800000112096
87.71521750000011,87.71521750000011,-0.004981351,350,2026-05-28T10:30:45.450,2026-05-28T10:46:15.450,,87.51372150000043,-61.39,175.0,2026-05-28T10:30:45.247,2026-05-28T10:46:15.247,,-0.20149599999967904
87.96563960000003,87.96563960000003,-0.004981613,351,2026-05-28T10:30:45.697,2026-05-28T10:46:15.697,,88.01351270000032,-63.59,176.0,2026-05-28T10:30:45.748,2026-05-28T10:46:15.748,,0.047873100000288105
88.21504000000004,88.21504000000004,-0.0049831,352,2026-05-28T10:30:45.948,2026-05-28T10:46:15.948,,88.01351270000032,-63.59,176.0,2026-05-28T10:30:45.748,2026-05-28T10:46:15.748,,-0.20152729999972507
88.46511570000075,88.46511570000075,-0.004995129,353,2026-05-28T10:30:46.197,2026-05-28T10:46:16.197,,88.51361380000071,-62.69,177.0,2026-05-28T10:30:46.249,2026-05-28T10:46:16.249,,0.04849809999996069
88.71508880000056,88.71508880000056,-0.005004992,354,2026-05-28T10:30:46.449,2026-05-28T10:46:16.449,,88.51361380000071,-62.69,177.0,2026-05-28T10:30:46.249,2026-05-28T10:46:16.249,,-0.20147499999984575
88.96503819999998,88.96503819999998,-0.005019482,355,2026-05-28T10:30:46.697,2026-05-28T10:46:16.697,,89.01361350000025,-63.77,178.0,2026-05-28T10:30:46.749,2026-05-28T10:46:16.749,,0.048575300000266
89.21503800000028,89.21503800000028,-0.005022801,356,2026-05-28T10:30:46.953,2026-05-28T10:46:16.953,,89.01361350000025,-63.77,178.0,2026-05-28T10:30:46.749,2026-05-28T10:46:16.749,,-0.2014245000000301
89.46498400000019,89.46498400000019,-0.005022675,357,2026-05-28T10:30:47.203,2026-05-28T10:46:17.203,,89.51362730000073,-62.74,179.0,2026-05-28T10:30:47.250,2026-05-28T10:46:17.250,,0.04864330000054906
89.71580210000047,89.71580210000047,-0.005029983,358,2026-05-28T10:30:47.450,2026-05-28T10:46:17.450,,89.51362730000073,-62.74,179.0,2026-05-28T10:30:47.250,2026-05-28T10:46:17.250,,-0.20217479999973875
89.96495620000042,89.96495620000042,-0.005040652,359,2026-05-28T10:30:47.697,2026-05-28T10:46:17.697,,90.01361300000008,-62.45,180.0,2026-05-28T10:30:47.750,2026-05-28T10:46:17.750,,0.048656799999662326
90.21503520000078,90.21503520000078,-0.005040778,360,2026-05-28T10:30:47.950,2026-05-28T10:46:17.950,,90.01361300000008,-62.45,180.0,2026-05-28T10:30:47.750,2026-05-28T10:46:17.750,,-0.20142220000070665
90.4651386000005,90.4651386000005,-0.005040306,361,2026-05-28T10:30:48.200,2026-05-28T10:46:18.200,,90.51347560000067,-64.67,181.0,2026-05-28T10:30:48.251,2026-05-28T10:46:18.251,,0.04833700000017416
90.71496400000069,90.71496400000069,-0.005044222,362,2026-05-28T10:30:48.454,2026-05-28T10:46:18.454,,90.51347560000067,-64.67,181.0,2026-05-28T10:30:48.251,2026-05-28T10:46:18.251,,-0.20148840000001655
90.96508400000039,90.96508400000039,-0.005053394,363,2026-05-28T10:30:48.696,2026-05-28T10:46:18.696,,91.01335259999996,-63.11,182.0,2026-05-28T10:30:48.751,2026-05-28T10:46:18.751,,0.04826859999957378
91.21474390000003,91.21474390000003,-0.005066973,364,2026-05-28T10:30:48.951,2026-05-28T10:46:18.951,,91.01335259999996,-63.11,182.0,2026-05-28T10:30:48.751,2026-05-28T10:46:18.751,,-0.20139130000006844
91.46530560000065,91.46530560000065,-0.005075841,365,2026-05-28T10:30:49.204,2026-05-28T10:46:19.204,,91.51360690000001,-65.18,183.0,2026-05-28T10:30:49.252,2026-05-28T10:46:19.252,,0.048301299999366165
91.71513090000008,91.71513090000008,-0.005076354,366,2026-05-28T10:30:49.452,2026-05-28T10:46:19.452,,91.51360690000001,-65.18,183.0,2026-05-28T10:30:49.252,2026-05-28T10:46:19.252,,-0.2015240000000631
91.99299570000039,91.99299570000039,-0.005071213,367,2026-05-28T10:30:49.730,2026-05-28T10:46:19.730,,92.01314820000061,-63.45,184.0,2026-05-28T10:30:49.746,2026-05-28T10:46:19.746,,0.020152500000222062
92.21489740000015,92.21489740000015,-0.005074825,368,2026-05-28T10:30:49.953,2026-05-28T10:46:19.953,,92.01314820000061,-63.45,184.0,2026-05-28T10:30:49.746,2026-05-28T10:46:19.746,,-0.20174919999954
92.46497320000071,92.46497320000071,-0.005080573,369,2026-05-28T10:30:50.197,2026-05-28T10:46:20.197,,92.51357350000035,-65.51,185.0,2026-05-28T10:30:50.250,2026-05-28T10:46:20.250,,0.048600299999634444
92.71510130000024,92.71510130000024,-0.005094341,370,2026-05-28T10:30:50.447,2026-05-28T10:46:20.447,,92.51357350000035,-65.51,185.0,2026-05-28T10:30:50.250,2026-05-28T10:46:20.250,,-0.20152779999989434
92.96510990000024,92.96510990000024,-0.005125656,371,2026-05-28T10:30:50.704,2026-05-28T10:46:20.704,,93.01391740000054,-63.73,186.0,2026-05-28T10:30:50.747,2026-05-28T10:46:20.747,,0.04880750000029366
93.21514220000063,93.21514220000063,-0.005145025,372,2026-05-28T10:30:50.947,2026-05-28T10:46:20.947,,93.01391740000054,-63.73,186.0,2026-05-28T10:30:50.747,2026-05-28T10:46:20.747,,-0.2012248000000909
93.46507270000075,93.46507270000075,-0.00513911,373,2026-05-28T10:30:51.200,2026-05-28T10:46:21.200,,93.51380390000031,-63.67,187.0,2026-05-28T10:30:51.247,2026-05-28T10:46:21.247,,0.04873119999956543
93.71516650000012,93.71516650000012,-0.00513645,374,2026-05-28T10:30:51.454,2026-05-28T10:46:21.454,,93.51380390000031,-63.67,187.0,2026-05-28T10:30:51.247,2026-05-28T10:46:21.247,,-0.2013625999998112
93.96509930000047,93.96509930000047,-0.005128451,375,2026-05-28T10:30:51.703,2026-05-28T10:46:21.703,,94.01354760000049,-65.79,188.0,2026-05-28T10:30:51.750,2026-05-28T10:46:21.750,,0.04844830000001821
94.2150431,94.2150431,-0.005126033,376,2026-05-28T10:30:51.947,2026-05-28T10:46:21.947,,94.01354760000049,-65.79,188.0,2026-05-28T10:30:51.750,2026-05-28T10:46:21.750,,-0.20149549999950978
94.46506750000026,94.46506750000026,-0.005126797,377,2026-05-28T10:30:52.203,2026-05-28T10:46:22.203,,94.51359339999999,-64.23,189.0,2026-05-28T10:30:52.247,2026-05-28T10:46:22.247,,0.04852589999973134
94.71496630000001,94.71496630000001,-0.005129886,378,2026-05-28T10:30:52.447,2026-05-28T10:46:22.447,,94.51359339999999,-64.23,189.0,2026-05-28T10:30:52.247,2026-05-28T10:46:22.247,,-0.20137290000002395
94.96502170000076,94.96502170000076,-0.005134681,379,2026-05-28T10:30:52.700,2026-05-28T10:46:22.700,,95.01351729999988,-65.85,190.0,2026-05-28T10:30:52.747,2026-05-28T10:46:22.747,,0.04849559999911435
95.2151528000004,95.2151528000004,-0.005133519,380,2026-05-28T10:30:52.947,2026-05-28T10:46:22.947,,95.01351729999988,-65.85,190.0,2026-05-28T10:30:52.747,2026-05-28T10:46:22.747,,-0.20163550000052055
95.46496430000025,95.46496430000025,-0.005148229,381,2026-05-28T10:30:53.203,2026-05-28T10:46:23.203,,95.51346400000057,-64.57,191.0,2026-05-28T10:30:53.247,2026-05-28T10:46:23.247,,0.048499700000320445
95.71477870000035,95.71477870000035,-0.005155673,382,2026-05-28T10:30:53.450,2026-05-28T10:46:23.450,,95.51346400000057,-64.57,191.0,2026-05-28T10:30:53.247,2026-05-28T10:46:23.247,,-0.20131469999978435
95.96495959999993,95.96495959999993,-0.005156322,383,2026-05-28T10:30:53.697,2026-05-28T10:46:23.697,,96.0136065000006,-65.26,192.0,2026-05-28T10:30:53.748,2026-05-28T10:46:23.748,,0.048646900000676396
96.21508840000024,96.21508840000024,-0.005168572,384,2026-05-28T10:30:53.949,2026-05-28T10:46:23.949,,96.0136065000006,-65.26,192.0,2026-05-28T10:30:53.748,2026-05-28T10:46:23.748,,-0.20148189999963506
96.46469620000062,96.46469620000062,-0.00516475,385,2026-05-28T10:30:54.200,2026-05-28T10:46:24.200,,96.51358479999999,-64.75,193.0,2026-05-28T10:30:54.250,2026-05-28T10:46:24.250,,0.04888859999937267
96.71500379999998,96.71500379999998,-0.005198053,386,2026-05-28T10:30:54.453,2026-05-28T10:46:24.453,,96.51358479999999,-64.75,193.0,2026-05-28T10:30:54.250,2026-05-28T10:46:24.250,,-0.20141899999998714
96.96537780000017,96.96537780000017,-0.005195017,387,2026-05-28T10:30:54.697,2026-05-28T10:46:24.697,,97.01359950000005,-65.64,194.0,2026-05-28T10:30:54.752,2026-05-28T10:46:24.752,,0.04822169999988546
97.21503250000023,97.21503250000023,-0.005191436,388,2026-05-28T10:30:54.953,2026-05-28T10:46:24.953,,97.01359950000005,-65.64,194.0,2026-05-28T10:30:54.752,2026-05-28T10:46:24.752,,-0.20143300000017916
97.46511240000018,97.46511240000018,-0.005186861,389,2026-05-28T10:30:55.197,2026-05-28T10:46:25.197,,97.51358320000054,-66.33,195.0,2026-05-28T10:30:55.247,2026-05-28T10:46:25.247,,0.048470800000359304
97.71520380000038,97.71520380000038,-0.005182642,390,2026-05-28T10:30:55.447,2026-05-28T10:46:25.447,,97.51358320000054,-66.33,195.0,2026-05-28T10:30:55.247,2026-05-28T10:46:25.247,,-0.20162059999984194
97.96514690000004,97.96514690000004,-0.005188055,391,2026-05-28T10:30:55.697,2026-05-28T10:46:25.697,,98.01375450000069,-65.37,196.0,2026-05-28T10:30:55.747,2026-05-28T10:46:25.747,,0.048607600000650564
98.21503200000006,98.21503200000006,-0.005212366,392,2026-05-28T10:30:55.946,2026-05-28T10:46:25.946,,98.01375450000069,-65.37,196.0,2026-05-28T10:30:55.747,2026-05-28T10:46:25.747,,-0.20127749999937805
98.46507850000035,98.46507850000035,-0.005224081,393,2026-05-28T10:30:56.197,2026-05-28T10:46:26.197,,98.5135766000003,-66.41,197.0,2026-05-28T10:30:56.247,2026-05-28T10:46:26.247,,0.04849809999996069
98.7157971000006,98.7157971000006,-0.00522785,394,2026-05-28T10:30:56.454,2026-05-28T10:46:26.454,,98.5135766000003,-66.41,197.0,2026-05-28T10:30:56.247,2026-05-28T10:46:26.247,,-0.20222050000029412
98.9650771000006,98.9650771000006,-0.005225453,395,2026-05-28T10:30:56.703,2026-05-28T10:46:26.703,,99.01360520000071,-65.69,198.0,2026-05-28T10:30:56.750,2026-05-28T10:46:26.750,,0.04852810000011232
99.21490050000011,99.21490050000011,-0.005211549,396,2026-05-28T10:30:56.947,2026-05-28T10:46:26.947,,99.01360520000071,-65.69,198.0,2026-05-28T10:30:56.750,2026-05-28T10:46:26.750,,-0.20129529999940132
99.46508320000066,99.46508320000066,-0.005217129,397,2026-05-28T10:30:57.204,2026-05-28T10:46:27.204,,99.51344410000002,-66.98,199.0,2026-05-28T10:30:57.247,2026-05-28T10:46:27.247,,0.048360899999352114
99.71489490000022,99.71489490000022,-0.005221108,398,2026-05-28T10:30:57.447,2026-05-28T10:46:27.447,,99.51344410000002,-66.98,199.0,2026-05-28T10:30:57.247,2026-05-28T10:46:27.247,,-0.20145080000020243
99.96489180000026,99.96489180000026,-0.005242005,399,2026-05-28T10:30:57.700,2026-05-28T10:46:27.700,,100.01362380000046,-66.57,200.0,2026-05-28T10:30:57.746,2026-05-28T10:46:27.746,,0.04873200000020006
100.21491800000058,100.21491800000058,-0.005233713,400,2026-05-28T10:30:57.953,2026-05-28T10:46:27.953,,100.01362380000046,-66.57,200.0,2026-05-28T10:30:57.746,2026-05-28T10:46:27.746,,-0.20129420000012033
100.46547600000031,100.46547600000031,-0.005224301,401,2026-05-28T10:30:58.197,2026-05-28T10:46:28.197,,100.51334690000022,-67.26,201.0,2026-05-28T10:30:58.246,2026-05-28T10:46:28.246,,0.047870899999907124
100.71478540000044,100.71478540000044,-0.00522272,402,2026-05-28T10:30:58.450,2026-05-28T10:46:28.450,,100.51334690000022,-67.26,201.0,2026-05-28T10:30:58.246,2026-05-28T10:46:28.246,,-0.20143850000022212
100.96496509999997,100.96496509999997,-0.005232132,403,2026-05-28T10:30:58.703,2026-05-28T10:46:28.703,,101.01337169999988,-66.72,202.0,2026-05-28T10:30:58.747,2026-05-28T10:46:28.747,,0.048406599999907485
101.21507120000024,101.21507120000024,-0.005246005,404,2026-05-28T10:30:58.947,2026-05-28T10:46:28.947,,101.01337169999988,-66.72,202.0,2026-05-28T10:30:58.747,2026-05-28T10:46:28.747,,-0.20169950000035897
101.46513159999995,101.46513159999995,-0.005268724,405,2026-05-28T10:30:59.200,2026-05-28T10:46:29.200,,101.51349140000002,-66.73,203.0,2026-05-28T10:30:59.247,2026-05-28T10:46:29.247,,0.04835980000007112
101.71490620000077,101.71490620000077,-0.005271143,406,2026-05-28T10:30:59.453,2026-05-28T10:46:29.453,,101.51349140000002,-66.73,203.0,2026-05-28T10:30:59.247,2026-05-28T10:46:29.247,,-0.20141480000074807
101.96472960000028,101.96472960000028,-0.00527799,407,2026-05-28T10:30:59.696,2026-05-28T10:46:29.696,,102.01351150000028,-66.88,204.0,2026-05-28T10:30:59.750,2026-05-28T10:46:29.750,,0.048781899999994494
102.21490900000026,102.21490900000026,-0.005300259,408,2026-05-28T10:30:59.947,2026-05-28T10:46:29.947,,102.01351150000028,-66.88,204.0,2026-05-28T10:30:59.750,2026-05-28T10:46:29.750,,-0.20139749999998457
102.46512940000048,102.46512940000048,-0.005300353,409,2026-05-28T10:31:00.197,2026-05-28T10:46:30.197,,102.51359240000056,-67.18,205.0,2026-05-28T10:31:00.247,2026-05-28T10:46:30.247,,0.04846300000008341
102.7150400999999,102.7150400999999,-0.005287894,410,2026-05-28T10:31:00.447,2026-05-28T10:46:30.447,,102.51359240000056,-67.18,205.0,2026-05-28T10:31:00.247,2026-05-28T10:46:30.247,,-0.20144769999933487
102.96512940000048,102.96512940000048,-0.005306918,411,2026-05-28T10:31:00.697,2026-05-28T10:46:30.697,,103.01364240000021,-68.14,206.0,2026-05-28T10:31:00.747,2026-05-28T10:46:30.747,,0.0485129999997298
103.2150672000007,103.2150672000007,-0.005304185,412,2026-05-28T10:31:00.946,2026-05-28T10:46:30.946,,103.01364240000021,-68.14,206.0,2026-05-28T10:31:00.747,2026-05-28T10:46:30.747,,-0.20142480000049545
103.46493060000012,103.46493060000012,-0.005308792,413,2026-05-28T10:31:01.196,2026-05-28T10:46:31.196,,103.51378680000016,-67.16,207.0,2026-05-28T10:31:01.247,2026-05-28T10:46:31.247,,0.048856200000045646
103.71520500000042,103.71520500000042,-0.005325952,414,2026-05-28T10:31:01.450,2026-05-28T10:46:31.450,,103.51378680000016,-67.16,207.0,2026-05-28T10:31:01.247,2026-05-28T10:46:31.247,,-0.201418200000262
103.96501040000021,103.96501040000021,-0.005345227,415,2026-05-28T10:31:01.703,2026-05-28T10:46:31.703,,104.01346460000059,-68.48,208.0,2026-05-28T10:31:01.747,2026-05-28T10:46:31.747,,0.04845420000037848
104.2150873999999,104.2150873999999,-0.005343552,416,2026-05-28T10:31:01.946,2026-05-28T10:46:31.946,,104.01346460000059,-68.48,208.0,2026-05-28T10:31:01.747,2026-05-28T10:46:31.747,,-0.20162279999931343
104.4651543,104.4651543,-0.005338233,417,2026-05-28T10:31:02.197,2026-05-28T10:46:32.197,,104.51367860000028,-67.34,209.0,2026-05-28T10:31:02.247,2026-05-28T10:46:32.247,,0.04852430000028107
104.71508660000018,104.71508660000018,-0.005335605,418,2026-05-28T10:31:02.446,2026-05-28T10:46:32.446,,104.51367860000028,-67.34,209.0,2026-05-28T10:31:02.247,2026-05-28T10:46:32.247,,-0.20140799999990122
104.96503130000019,104.96503130000019,-0.005323795,419,2026-05-28T10:31:02.697,2026-05-28T10:46:32.697,,105.01367879999998,-68.4,210.0,2026-05-28T10:31:02.747,2026-05-28T10:46:32.747,,0.048647499999788124
105.21517459999995,105.21517459999995,-0.005341175,420,2026-05-28T10:31:02.950,2026-05-28T10:46:32.950,,105.01367879999998,-68.4,210.0,2026-05-28T10:31:02.747,2026-05-28T10:46:32.747,,-0.20149579999997513
105.46510480000052,105.46510480000052,-0.005348462,421,2026-05-28T10:31:03.204,2026-05-28T10:46:33.204,,105.5135022000004,-68.29,211.0,2026-05-28T10:31:03.246,2026-05-28T10:46:33.246,,0.04839739999988524
105.71484300000066,105.71484300000066,-0.005358754,422,2026-05-28T10:31:03.447,2026-05-28T10:46:33.447,,105.5135022000004,-68.29,211.0,2026-05-28T10:31:03.246,2026-05-28T10:46:33.246,,-0.20134080000025278
105.96537050000006,105.96537050000006,-0.005352168,423,2026-05-28T10:31:03.697,2026-05-28T10:46:33.697,,106.01355240000066,-68.73,212.0,2026-05-28T10:31:03.747,2026-05-28T10:46:33.747,,0.04818190000059985
106.21489500000007,106.21489500000007,-0.00534151,424,2026-05-28T10:31:03.947,2026-05-28T10:46:33.947,,106.01355240000066,-68.73,212.0,2026-05-28T10:31:03.747,2026-05-28T10:46:33.747,,-0.20134259999940696
106.46497160000035,106.46497160000035,-0.005345447,425,2026-05-28T10:31:04.197,2026-05-28T10:46:34.197,,106.51355010000043,-68.46,213.0,2026-05-28T10:31:04.250,2026-05-28T10:46:34.250,,0.04857850000007602
106.71519740000076,106.71519740000076,-0.005369904,426,2026-05-28T10:31:04.450,2026-05-28T10:46:34.450,,106.51355010000043,-68.46,213.0,2026-05-28T10:31:04.250,2026-05-28T10:46:34.250,,-0.2016473000003316
106.96499700000004,106.96499700000004,-0.005404768,427,2026-05-28T10:31:04.703,2026-05-28T10:46:34.703,,107.0135478000002,-68.24,214.0,2026-05-28T10:31:04.746,2026-05-28T10:46:34.746,,0.048550800000157324
107.2150185999999,107.2150185999999,-0.005482464,428,2026-05-28T10:31:04.946,2026-05-28T10:46:34.946,,107.0135478000002,-68.24,214.0,2026-05-28T10:31:04.746,2026-05-28T10:46:34.746,,-0.2014707999996972
107.46519239999998,107.46519239999998,-0.005538499,429,2026-05-28T10:31:05.197,2026-05-28T10:46:35.197,,107.51354460000039,-69.42,215.0,2026-05-28T10:31:05.247,2026-05-28T10:46:35.247,,0.04835220000040863
107.71551650000038,107.71551650000038,-0.005494306,430,2026-05-28T10:31:05.447,2026-05-28T10:46:35.447,,107.51354460000039,-69.42,215.0,2026-05-28T10:31:05.247,2026-05-28T10:46:35.247,,-0.20197189999998955
107.9649417999999,107.9649417999999,-0.005487249,431,2026-05-28T10:31:05.697,2026-05-28T10:46:35.697,,108.01328869999998,-68.53,216.0,2026-05-28T10:31:05.746,2026-05-28T10:46:35.746,,0.04834690000006958
108.21488500000032,108.21488500000032,-0.005482485,432,2026-05-28T10:31:05.946,2026-05-28T10:46:35.946,,108.01328869999998,-68.53,216.0,2026-05-28T10:31:05.746,2026-05-28T10:46:35.746,,-0.20159630000034667
108.46511200000077,108.46511200000077,-0.005511874,433,2026-05-28T10:31:06.197,2026-05-28T10:46:36.197,,108.51357290000033,-69.71,217.0,2026-05-28T10:31:06.247,2026-05-28T10:46:36.247,,0.048460899999554385
108.71491490000062,108.71491490000062,-0.00549284,434,2026-05-28T10:31:06.446,2026-05-28T10:46:36.446,,108.51357290000033,-69.71,217.0,2026-05-28T10:31:06.247,2026-05-28T10:46:36.247,,-0.20134200000029523
108.96480690000044,108.96480690000044,-0.005462781,435,2026-05-28T10:31:06.699,2026-05-28T10:46:36.699,,109.01340800000071,-68.84,218.0,2026-05-28T10:31:06.747,2026-05-28T10:46:36.747,,0.04860110000026907
109.21483140000055,109.21483140000055,-0.00541595,436,2026-05-28T10:31:06.947,2026-05-28T10:46:36.947,,109.01340800000071,-68.84,218.0,2026-05-28T10:31:06.747,2026-05-28T10:46:36.747,,-0.2014233999998396
109.46525270000075,109.46525270000075,-0.005400392,437,2026-05-28T10:31:07.201,2026-05-28T10:46:37.201,,109.51354510000056,-69.44,219.0,2026-05-28T10:31:07.247,2026-05-28T10:46:37.247,,0.04829239999980928
109.71506250000039,109.71506250000039,-0.005413176,438,2026-05-28T10:31:07.447,2026-05-28T10:46:37.447,,109.51354510000056,-69.44,219.0,2026-05-28T10:31:07.247,2026-05-28T10:46:37.247,,-0.20151739999982965
109.96488130000034,109.96488130000034,-0.005420347,439,2026-05-28T10:31:07.697,2026-05-28T10:46:37.697,,110.01359930000035,-69.01,220.0,2026-05-28T10:31:07.750,2026-05-28T10:46:37.750,,0.04871800000000803
110.21520810000038,110.21520810000038,-0.005413249,440,2026-05-28T10:31:07.947,2026-05-28T10:46:37.947,,110.01359930000035,-69.01,220.0,2026-05-28T10:31:07.750,2026-05-28T10:46:37.750,,-0.2016088000000309
110.46500710000055,110.46500710000055,-0.005438575,441,2026-05-28T10:31:08.203,2026-05-28T10:46:38.203,,110.51358410000012,-69.87,221.0,2026-05-28T10:31:08.246,2026-05-28T10:46:38.246,,0.048576999999568216
110.71500800000013,110.71500800000013,-0.005449443,442,2026-05-28T10:31:08.446,2026-05-28T10:46:38.446,,110.51358410000012,-69.87,221.0,2026-05-28T10:31:08.246,2026-05-28T10:46:38.246,,-0.20142390000000887
110.96474760000001,110.96474760000001,-0.005449527,443,2026-05-28T10:31:08.700,2026-05-28T10:46:38.700,,111.0136123000002,-69.85,222.0,2026-05-28T10:31:08.746,2026-05-28T10:46:38.746,,0.048864700000194716
111.21505610000077,111.21505610000077,-0.005475366,444,2026-05-28T10:31:08.953,2026-05-28T10:46:38.953,,111.0136123000002,-69.85,222.0,2026-05-28T10:31:08.746,2026-05-28T10:46:38.746,,-0.20144380000056117
111.46500900000046,111.46500900000046,-0.005489668,445,2026-05-28T10:31:09.203,2026-05-28T10:46:39.203,,111.51349410000057,-70.3,223.0,2026-05-28T10:31:09.250,2026-05-28T10:46:39.250,,0.048485100000107195
111.71505210000032,111.71505210000032,-0.005526772,446,2026-05-28T10:31:09.447,2026-05-28T10:46:39.447,,111.51349410000057,-70.3,223.0,2026-05-28T10:31:09.250,2026-05-28T10:46:39.250,,-0.20155799999974988
111.96505650000017,111.96505650000017,-0.005606741,447,2026-05-28T10:31:09.703,2026-05-28T10:46:39.703,,112.01353090000066,-70.29,224.0,2026-05-28T10:31:09.747,2026-05-28T10:46:39.747,,0.04847440000048664
112.21500120000019,112.21500120000019,-0.005662576,448,2026-05-28T10:31:09.946,2026-05-28T10:46:39.946,,112.01353090000066,-70.29,224.0,2026-05-28T10:31:09.747,2026-05-28T10:46:39.747,,-0.20147029999952792
112.46500180000021,112.46500180000021,-0.005690153,449,2026-05-28T10:31:10.200,2026-05-28T10:46:40.200,,112.51364270000067,-69.83,225.0,2026-05-28T10:31:10.247,2026-05-28T10:46:40.247,,0.04864090000046417
112.71500000000015,112.71500000000015,-0.00570992,450,2026-05-28T10:31:10.453,2026-05-28T10:46:40.453,,112.51364270000067,-69.83,225.0,2026-05-28T10:31:10.247,2026-05-28T10:46:40.247,,-0.20135729999947216
112.96505479999996,112.96505479999996,-0.005736639,451,2026-05-28T10:31:10.697,2026-05-28T10:46:40.697,,113.01340470000014,-71.21,226.0,2026-05-28T10:31:10.750,2026-05-28T10:46:40.750,,0.048349900000175694
113.21486900000036,113.21486900000036,-0.00572886,452,2026-05-28T10:31:10.947,2026-05-28T10:46:40.947,,113.01340470000014,-71.21,226.0,2026-05-28T10:31:10.750,2026-05-28T10:46:40.750,,-0.2014643000002252
113.46505040000011,113.46505040000011,-0.005678134,453,2026-05-28T10:31:11.203,2026-05-28T10:46:41.203,,113.51344440000048,-69.96,227.0,2026-05-28T10:31:11.246,2026-05-28T10:46:41.246,,0.04839400000037131
113.71496800000023,113.71496800000023,-0.005651216,454,2026-05-28T10:31:11.446,2026-05-28T10:46:41.446,,113.51344440000048,-69.96,227.0,2026-05-28T10:31:11.246,2026-05-28T10:46:41.246,,-0.20152359999974578
113.96505460000026,113.96505460000026,-0.005640024,455,2026-05-28T10:31:11.700,2026-05-28T10:46:41.700,,114.01353139999992,-71.32,228.0,2026-05-28T10:31:11.746,2026-05-28T10:46:41.746,,0.048476799999662035
114.21504960000038,114.21504960000038,-0.005659833,456,2026-05-28T10:31:11.953,2026-05-28T10:46:41.953,,114.01353139999992,-71.32,228.0,2026-05-28T10:31:11.746,2026-05-28T10:46:41.746,,-0.20151820000046428
114.4649159999999,114.4649159999999,-0.005655739,457,2026-05-28T10:31:12.197,2026-05-28T10:46:42.197,,114.51350120000006,-70.53,229.0,2026-05-28T10:31:12.250,2026-05-28T10:46:42.250,,0.04858520000016142
114.71517459999995,114.71517459999995,-0.005658482,458,2026-05-28T10:31:12.454,2026-05-28T10:46:42.454,,114.51350120000006,-70.53,229.0,2026-05-28T10:31:12.250,2026-05-28T10:46:42.250,,-0.20167339999989053
114.9653971000007,114.9653971000007,-0.005614394,459,2026-05-28T10:31:12.704,2026-05-28T10:46:42.704,,115.0135995999999,-70.96,230.0,2026-05-28T10:31:12.746,2026-05-28T10:46:42.746,,0.04820249999920634
115.2149900000004,115.2149900000004,-0.005617818,460,2026-05-28T10:31:12.946,2026-05-28T10:46:42.946,,115.0135995999999,-70.96,230.0,2026-05-28T10:31:12.746,2026-05-28T10:46:42.746,,-0.20139040000049135
115.46491380000043,115.46491380000043,-0.005668208,461,2026-05-28T10:31:13.200,2026-05-28T10:46:43.200,,115.5134721000004,-70.77,231.0,2026-05-28T10:31:13.246,2026-05-28T10:46:43.246,,0.04855829999996786
115.71516599999995,115.71516599999995,-0.005680573,462,2026-05-28T10:31:13.454,2026-05-28T10:46:43.454,,115.5134721000004,-70.77,231.0,2026-05-28T10:31:13.246,2026-05-28T10:46:43.246,,-0.20169389999955456
115.96493379999993,115.96493379999993,-0.005692404,463,2026-05-28T10:31:13.697,2026-05-28T10:46:43.697,,116.01367030000074,-71.57,232.0,2026-05-28T10:31:13.750,2026-05-28T10:46:43.750,,0.048736500000813976
116.21495959999993,116.21495959999993,-0.005736011,464,2026-05-28T10:31:13.947,2026-05-28T10:46:43.947,,116.01367030000074,-71.57,232.0,2026-05-28T10:31:13.750,2026-05-28T10:46:43.750,,-0.2012892999991891
116.46501330000046,116.46501330000046,-0.005737717,465,2026-05-28T10:31:14.203,2026-05-28T10:46:44.203,,116.51359000000048,-71.51,233.0,2026-05-28T10:31:14.246,2026-05-28T10:46:44.246,,0.04857670000001235
116.71548280000025,116.71548280000025,-0.005710318,466,2026-05-28T10:31:14.447,2026-05-28T10:46:44.447,,116.51359000000048,-71.51,233.0,2026-05-28T10:31:14.246,2026-05-28T10:46:44.246,,-0.2018927999997686
116.96505380000053,116.96505380000053,-0.005751454,467,2026-05-28T10:31:14.700,2026-05-28T10:46:44.700,,117.01370510000015,-71.18,234.0,2026-05-28T10:31:14.746,2026-05-28T10:46:44.746,,0.04865129999961937
117.21495810000033,117.21495810000033,-0.005771022,468,2026-05-28T10:31:14.946,2026-05-28T10:46:44.946,,117.01370510000015,-71.18,234.0,2026-05-28T10:31:14.746,2026-05-28T10:46:44.746,,-0.20125300000017887
117.4650442000002,117.4650442000002,-0.005761923,469,2026-05-28T10:31:15.204,2026-05-28T10:46:45.204,,117.51358820000041,-71.74,235.0,2026-05-28T10:31:15.246,2026-05-28T10:46:45.246,,0.04854400000021997
117.7150074000001,117.7150074000001,-0.005741654,470,2026-05-28T10:31:15.450,2026-05-28T10:46:45.450,,117.51358820000041,-71.74,235.0,2026-05-28T10:31:15.246,2026-05-28T10:46:45.246,,-0.20141919999969105
117.96490150000045,117.96490150000045,-0.005755327,471,2026-05-28T10:31:15.697,2026-05-28T10:46:45.697,,118.01340720000007,-71.44,236.0,2026-05-28T10:31:15.747,2026-05-28T10:46:45.747,,0.048505699999623175
118.21495370000048,118.21495370000048,-0.005750689,472,2026-05-28T10:31:15.946,2026-05-28T10:46:45.946,,118.01340720000007,-71.44,236.0,2026-05-28T10:31:15.747,2026-05-28T10:46:45.747,,-0.2015465000004042
118.46540490000007,118.46540490000007,-0.00576719,473,2026-05-28T10:31:16.197,2026-05-28T10:46:46.197,,118.51360670000031,-72.53,237.0,2026-05-28T10:31:16.246,2026-05-28T10:46:46.246,,0.048201800000242656
118.71507360000032,118.71507360000032,-0.005770132,474,2026-05-28T10:31:16.446,2026-05-28T10:46:46.446,,118.51360670000031,-72.53,237.0,2026-05-28T10:31:16.246,2026-05-28T10:46:46.246,,-0.201466900000014
118.96489680000013,118.96489680000013,-0.005757484,475,2026-05-28T10:31:16.697,2026-05-28T10:46:46.697,,119.01350110000021,-71.92,238.0,2026-05-28T10:31:16.746,2026-05-28T10:46:46.746,,0.04860430000007909
119.21512080000048,119.21512080000048,-0.00578548,476,2026-05-28T10:31:16.954,2026-05-28T10:46:46.954,,119.01350110000021,-71.92,238.0,2026-05-28T10:31:16.746,2026-05-28T10:46:46.746,,-0.20161970000026486
119.46494250000069,119.46494250000069,-0.00577545,477,2026-05-28T10:31:17.197,2026-05-28T10:46:47.197,,119.51377570000022,-72.52,239.0,2026-05-28T10:31:17.246,2026-05-28T10:46:47.246,,0.04883319999953528
119.7151956000007,119.7151956000007,-0.005745067,478,2026-05-28T10:31:17.450,2026-05-28T10:46:47.450,,119.51377570000022,-72.52,239.0,2026-05-28T10:31:17.246,2026-05-28T10:46:47.246,,-0.20141990000047372
119.96481519999998,119.96481519999998,-0.005764907,479,2026-05-28T10:31:17.703,2026-05-28T10:46:47.703,,120.01352470000074,-72.08,240.0,2026-05-28T10:31:17.748,2026-05-28T10:46:47.748,,0.04870950000076846
120.2149958,120.2149958,-0.005768666,480,2026-05-28T10:31:17.949,2026-05-28T10:46:47.949,,120.01352470000074,-72.08,240.0,2026-05-28T10:31:17.748,2026-05-28T10:46:47.748,,-0.20147109999925306
120.4745195000005,120.4745195000005,-0.005725101,481,2026-05-28T10:31:18.213,2026-05-28T10:46:48.213,,120.5131248000007,-72.83,241.0,2026-05-28T10:31:18.250,2026-05-28T10:46:48.250,,0.03860530000019935
120.71471060000022,120.71471060000022,-0.005730095,482,2026-05-28T10:31:18.453,2026-05-28T10:46:48.453,,120.5131248000007,-72.83,241.0,2026-05-28T10:31:18.250,2026-05-28T10:46:48.250,,-0.20158579999952053
120.96511510000073,120.96511510000073,-0.005752427,483,2026-05-28T10:31:18.697,2026-05-28T10:46:48.697,,121.0135350999999,-72.07,242.0,2026-05-28T10:31:18.752,2026-05-28T10:46:48.752,,0.048419999999168795
121.21492670000043,121.21492670000043,-0.005778706,484,2026-05-28T10:31:18.953,2026-05-28T10:46:48.953,,121.0135350999999,-72.07,242.0,2026-05-28T10:31:18.752,2026-05-28T10:46:48.752,,-0.2013916000005338
121.46489030000066,121.46489030000066,-0.005806807,485,2026-05-28T10:31:19.197,2026-05-28T10:46:49.197,,121.51341410000077,-73.22,243.0,2026-05-28T10:31:19.250,2026-05-28T10:46:49.250,,0.048523800000111805
121.71488709999994,121.71488709999994,-0.005814304,486,2026-05-28T10:31:19.446,2026-05-28T10:46:49.446,,121.51341410000077,-73.22,243.0,2026-05-28T10:31:19.250,2026-05-28T10:46:49.250,,-0.20147299999916868
121.96494020000046,121.96494020000046,-0.005791657,487,2026-05-28T10:31:19.703,2026-05-28T10:46:49.703,,122.01358250000067,-72.96,244.0,2026-05-28T10:31:19.746,2026-05-28T10:46:49.746,,0.048642300000210525
122.2148872000007,122.2148872000007,-0.005809173,488,2026-05-28T10:31:19.946,2026-05-28T10:46:49.946,,122.01358250000067,-72.96,244.0,2026-05-28T10:31:19.746,2026-05-28T10:46:49.746,,-0.20130470000003697
122.46496430000025,122.46496430000025,-0.005812136,489,2026-05-28T10:31:20.200,2026-05-28T10:46:50.200,,122.51361070000075,-72.88,245.0,2026-05-28T10:31:20.246,2026-05-28T10:46:50.246,,0.04864640000050713
122.7151629,122.7151629,-0.005796557,490,2026-05-28T10:31:20.454,2026-05-28T10:46:50.454,,122.51361070000075,-72.88,245.0,2026-05-28T10:31:20.246,2026-05-28T10:46:50.246,,-0.20155219999924157
122.96496120000029,122.96496120000029,-0.005786234,491,2026-05-28T10:31:20.696,2026-05-28T10:46:50.696,,123.01349990000017,-73.12,246.0,2026-05-28T10:31:20.750,2026-05-28T10:46:50.750,,0.04853869999988092
123.21498580000025,123.21498580000025,-0.005766991,492,2026-05-28T10:31:20.946,2026-05-28T10:46:50.946,,123.01349990000017,-73.12,246.0,2026-05-28T10:31:20.750,2026-05-28T10:46:50.750,,-0.2014859000000797
123.46496350000052,123.46496350000052,-0.005792673,493,2026-05-28T10:31:21.203,2026-05-28T10:46:51.203,,123.51348260000032,-73.21,247.0,2026-05-28T10:31:21.247,2026-05-28T10:46:51.247,,0.04851909999979398
123.71501059999991,123.71501059999991,-0.005797343,494,2026-05-28T10:31:21.446,2026-05-28T10:46:51.446,,123.51348260000032,-73.21,247.0,2026-05-28T10:31:21.247,2026-05-28T10:46:51.247,,-0.20152799999959825
123.9656087000003,123.9656087000003,-0.005816073,495,2026-05-28T10:31:21.704,2026-05-28T10:46:51.704,,124.0135377000006,-73.63,248.0,2026-05-28T10:31:21.746,2026-05-28T10:46:51.746,,0.047929000000294764
124.21480229999997,124.21480229999997,-0.005823957,496,2026-05-28T10:31:21.953,2026-05-28T10:46:51.953,,124.0135377000006,-73.63,248.0,2026-05-28T10:31:21.746,2026-05-28T10:46:51.746,,-0.20126459999937651
124.46487870000055,124.46487870000055,-0.005821025,497,2026-05-28T10:31:22.197,2026-05-28T10:46:52.197,,124.5134164000001,-73.18,249.0,2026-05-28T10:31:22.250,2026-05-28T10:46:52.250,,0.04853769999954238
124.71510020000005,124.71510020000005,-0.005819643,498,2026-05-28T10:31:22.446,2026-05-28T10:46:52.446,,124.5134164000001,-73.18,249.0,2026-05-28T10:31:22.250,2026-05-28T10:46:52.250,,-0.20168379999995523
124.96490210000047,124.96490210000047,-0.005815277,499,2026-05-28T10:31:22.703,2026-05-28T10:46:52.703,,125.01355330000024,-73.57,250.0,2026-05-28T10:31:22.746,2026-05-28T10:46:52.746,,0.048651199999767414
125.21504770000047,125.21504770000047,-0.005811791,500,2026-05-28T10:31:22.947,2026-05-28T10:46:52.947,,125.01355330000024,-73.57,250.0,2026-05-28T10:31:22.746,2026-05-28T10:46:52.746,,-0.20149440000022878
125.46471819999988,125.46471819999988,-0.005801981,501,2026-05-28T10:31:23.200,2026-05-28T10:46:53.200,,125.51353019999988,-73.53,251.0,2026-05-28T10:31:23.246,2026-05-28T10:46:53.246,,0.04881199999999808
125.71536760000072,125.71536760000072,-0.005798316,502,2026-05-28T10:31:23.454,2026-05-28T10:46:53.454,,125.51353019999988,-73.53,251.0,2026-05-28T10:31:23.246,2026-05-28T10:46:53.246,,-0.20183740000084072
125.96497720000025,125.96497720000025,-0.005808849,503,2026-05-28T10:31:23.696,2026-05-28T10:46:53.696,,126.01359200000024,-74.37,252.0,2026-05-28T10:31:23.750,2026-05-28T10:46:53.750,,0.04861479999999574
126.21492519999993,126.21492519999993,-0.005809969,504,2026-05-28T10:31:23.946,2026-05-28T10:46:53.946,,126.01359200000024,-74.37,252.0,2026-05-28T10:31:23.750,2026-05-28T10:46:53.750,,-0.2013331999996808
126.46500139999989,126.46500139999989,-0.00581511,505,2026-05-28T10:31:24.196,2026-05-28T10:46:54.196,,126.51367850000042,-73.78,253.0,2026-05-28T10:31:24.246,2026-05-28T10:46:54.246,,0.048677100000531937
126.71494830000029,126.71494830000029,-0.005813885,506,2026-05-28T10:31:24.446,2026-05-28T10:46:54.446,,126.51367850000042,-73.78,253.0,2026-05-28T10:31:24.246,2026-05-28T10:46:54.246,,-0.2012697999998636
126.96509330000026,126.96509330000026,-0.005817727,507,2026-05-28T10:31:24.697,2026-05-28T10:46:54.697,,127.01355480000075,-74.48,254.0,2026-05-28T10:31:24.746,2026-05-28T10:46:54.746,,0.0484615000004851
127.21499850000055,127.21499850000055,-0.00581221,508,2026-05-28T10:31:24.946,2026-05-28T10:46:54.946,,127.01355480000075,-74.48,254.0,2026-05-28T10:31:24.746,2026-05-28T10:46:54.746,,-0.20144369999979972
127.46517490000042,127.46517490000042,-0.005786025,509,2026-05-28T10:31:25.197,2026-05-28T10:46:55.197,,127.51346689999991,-74.0,255.0,2026-05-28T10:31:25.246,2026-05-28T10:46:55.246,,0.048291999999491964
127.71471139999994,127.71471139999994,-0.005817141,510,2026-05-28T10:31:25.450,2026-05-28T10:46:55.450,,127.51346689999991,-74.0,255.0,2026-05-28T10:31:25.246,2026-05-28T10:46:55.246,,-0.2012445000000298
127.9649143000006,127.9649143000006,-0.005822763,511,2026-05-28T10:31:25.703,2026-05-28T10:46:55.703,,128.01352060000045,-74.52,256.0,2026-05-28T10:31:25.746,2026-05-28T10:46:55.746,,0.04860629999984667
128.2151383999999,128.2151383999999,-0.005823569,512,2026-05-28T10:31:25.953,2026-05-28T10:46:55.953,,128.01352060000045,-74.52,256.0,2026-05-28T10:31:25.746,2026-05-28T10:46:55.746,,-0.20161779999943974
128.46467960000064,128.46467960000064,-0.005823014,513,2026-05-28T10:31:26.197,2026-05-28T10:46:56.197,,128.51346620000004,-74.51,257.0,2026-05-28T10:31:26.246,2026-05-28T10:46:56.246,,0.048786599999402824
128.71493940000073,128.71493940000073,-0.005826061,514,2026-05-28T10:31:26.446,2026-05-28T10:46:56.446,,128.51346620000004,-74.51,257.0,2026-05-28T10:31:26.246,2026-05-28T10:46:56.246,,-0.20147320000069158
128.96496950000073,128.96496950000073,-0.00582515,515,2026-05-28T10:31:26.697,2026-05-28T10:46:56.697,,129.0134619999999,-74.84,258.0,2026-05-28T10:31:26.746,2026-05-28T10:46:56.746,,0.04849249999915628
129.21498800000063,129.21498800000063,-0.005827181,516,2026-05-28T10:31:26.946,2026-05-28T10:46:56.946,,129.0134619999999,-74.84,258.0,2026-05-28T10:31:26.746,2026-05-28T10:46:56.746,,-0.20152600000074017
129.46494040000016,129.46494040000016,-0.005824637,517,2026-05-28T10:31:27.197,2026-05-28T10:46:57.197,,129.51347910000004,-74.73,259.0,2026-05-28T10:31:27.250,2026-05-28T10:46:57.250,,0.04853869999988092
129.71485870000015,129.71485870000015,-0.005822219,518,2026-05-28T10:31:27.446,2026-05-28T10:46:57.446,,129.51347910000004,-74.73,259.0,2026-05-28T10:31:27.250,2026-05-28T10:46:57.250,,-0.20137960000010935
129.96507900000051,129.96507900000051,-0.005808074,519,2026-05-28T10:31:27.703,2026-05-28T10:46:57.703,,130.01345840000067,-74.74,260.0,2026-05-28T10:31:27.746,2026-05-28T10:46:57.746,,0.04837940000015806
130.21502340000006,130.21502340000006,-0.005819507,520,2026-05-28T10:31:27.946,2026-05-28T10:46:57.946,,130.01345840000067,-74.74,260.0,2026-05-28T10:31:27.746,2026-05-28T10:46:57.746,,-0.20156499999939115
130.46488040000077,130.46488040000077,-0.005823601,521,2026-05-28T10:31:28.200,2026-05-28T10:46:58.200,,130.51338570000007,-74.92,261.0,2026-05-28T10:31:28.246,2026-05-28T10:46:58.246,,0.04850529999930586
130.7148788000004,130.7148788000004,-0.005825161,522,2026-05-28T10:31:28.453,2026-05-28T10:46:58.453,,130.51338570000007,-74.92,261.0,2026-05-28T10:31:28.246,2026-05-28T10:46:58.246,,-0.20149310000033438
130.96490200000062,130.96490200000062,-0.005823381,523,2026-05-28T10:31:28.697,2026-05-28T10:46:58.697,,131.01382880000074,-75.06,262.0,2026-05-28T10:31:28.746,2026-05-28T10:46:58.746,,0.04892680000011751
131.21522390000064,131.21522390000064,-0.005818743,524,2026-05-28T10:31:28.950,2026-05-28T10:46:58.950,,131.01382880000074,-75.06,262.0,2026-05-28T10:31:28.746,2026-05-28T10:46:58.746,,-0.20139509999989968
131.46487479999996,131.46487479999996,-0.005809749,525,2026-05-28T10:31:29.203,2026-05-28T10:46:59.203,,131.51348440000038,-75.34,263.0,2026-05-28T10:31:29.246,2026-05-28T10:46:59.246,,0.04860960000041814
131.71495420000065,131.71495420000065,-0.005820784,526,2026-05-28T10:31:29.446,2026-05-28T10:46:59.446,,131.51348440000038,-75.34,263.0,2026-05-28T10:31:29.246,2026-05-28T10:46:59.246,,-0.20146980000026815
131.9650270000002,131.9650270000002,-0.005824323,527,2026-05-28T10:31:29.697,2026-05-28T10:46:59.697,,132.0135379000003,-75.03,264.0,2026-05-28T10:31:29.746,2026-05-28T10:46:59.746,,0.04851090000011027
132.2148984000005,132.2148984000005,-0.005818094,528,2026-05-28T10:31:29.946,2026-05-28T10:46:59.946,,132.0135379000003,-75.03,264.0,2026-05-28T10:31:29.746,2026-05-28T10:46:59.746,,-0.20136050000019168
132.46489930000007,132.46489930000007,-0.005812744,529,2026-05-28T10:31:30.199,2026-05-28T10:47:00.199,,132.5134705999999,-75.53,265.0,2026-05-28T10:31:30.246,2026-05-28T10:47:00.246,,0.04857129999982135
132.71492220000073,132.71492220000073,-0.00582002,530,2026-05-28T10:31:30.446,2026-05-28T10:47:00.446,,132.5134705999999,-75.53,265.0,2026-05-28T10:31:30.246,2026-05-28T10:47:00.246,,-0.20145160000083706
132.9652145,132.9652145,-0.005820533,531,2026-05-28T10:31:30.701,2026-05-28T10:47:00.701,,133.01379410000027,-75.37,266.0,2026-05-28T10:31:30.746,2026-05-28T10:47:00.746,,0.04857960000026651
133.21517360000053,133.21517360000053,-0.005813686,532,2026-05-28T10:31:30.950,2026-05-28T10:47:00.950,,133.01379410000027,-75.37,266.0,2026-05-28T10:31:30.746,2026-05-28T10:47:00.746,,-0.2013795000002574
133.46484430000055,133.46484430000055,-0.005811341,533,2026-05-28T10:31:31.203,2026-05-28T10:47:01.203,,133.51356250000026,-76.02,267.0,2026-05-28T10:31:31.246,2026-05-28T10:47:01.246,,0.04871819999971194
133.7150658999999,133.7150658999999,-0.005797908,534,2026-05-28T10:31:31.446,2026-05-28T10:47:01.446,,133.51356250000026,-76.02,267.0,2026-05-28T10:31:31.246,2026-05-28T10:47:01.246,,-0.20150339999963762
133.96514480000042,133.96514480000042,-0.005799384,535,2026-05-28T10:31:31.700,2026-05-28T10:47:01.700,,134.01345149999997,-75.76,268.0,2026-05-28T10:31:31.746,2026-05-28T10:47:01.746,,0.04830669999955717
134.2148930000003,134.2148930000003,-0.005814544,536,2026-05-28T10:31:31.946,2026-05-28T10:47:01.946,,134.01345149999997,-75.76,268.0,2026-05-28T10:31:31.746,2026-05-28T10:47:01.746,,-0.20144150000032823
134.46478910000042,134.46478910000042,-0.005820732,537,2026-05-28T10:31:32.196,2026-05-28T10:47:02.196,,134.51384890000008,-76.18,269.0,2026-05-28T10:31:32.246,2026-05-28T10:47:02.246,,0.04905979999966803
134.72725300000002,134.72725300000002,-0.005823391,538,2026-05-28T10:31:32.466,2026-05-28T10:47:02.466,,134.51384890000008,-76.18,269.0,2026-05-28T10:31:32.246,2026-05-28T10:47:02.246,,-0.21340409999993426
134.96468230000028,134.96468230000028,-0.005813455,539,2026-05-28T10:31:32.703,2026-05-28T10:47:02.703,,135.0134736,-75.87,270.0,2026-05-28T10:31:32.746,2026-05-28T10:47:02.746,,0.04879129999972065
135.21488959999988,135.21488959999988,-0.005820994,540,2026-05-28T10:31:32.947,2026-05-28T10:47:02.947,,135.0134736,-75.87,270.0,2026-05-28T10:31:32.746,2026-05-28T10:47:02.746,,-0.20141599999988102
135.46486280000045,135.46486280000045,-0.005825286,541,2026-05-28T10:31:33.196,2026-05-28T10:47:03.196,,135.51347400000031,-76.38,271.0,2026-05-28T10:31:33.246,2026-05-28T10:47:03.246,,0.048611199999868404
135.7149397000003,135.7149397000003,-0.005826208,542,2026-05-28T10:31:33.446,2026-05-28T10:47:03.446,,135.51347400000031,-76.38,271.0,2026-05-28T10:31:33.246,2026-05-28T10:47:03.246,,-0.20146569999997155
135.96478560000014,135.96478560000014,-0.005825506,543,2026-05-28T10:31:33.697,2026-05-28T10:47:03.697,,136.0134908,-76.17,272.0,2026-05-28T10:31:33.746,2026-05-28T10:47:03.746,,0.04870519999985845
136.2149371000005,136.2149371000005,-0.005827108,544,2026-05-28T10:31:33.953,2026-05-28T10:47:03.953,,136.0134908,-76.17,272.0,2026-05-28T10:31:33.746,2026-05-28T10:47:03.746,,-0.201446300000498
136.46497790000012,136.46497790000012,-0.005826658,545,2026-05-28T10:31:34.203,2026-05-28T10:47:04.203,,136.51343410000027,-76.83,273.0,2026-05-28T10:31:34.250,2026-05-28T10:47:04.250,,0.048456200000146055
136.7149374999999,136.7149374999999,-0.005827642,546,2026-05-28T10:31:34.446,2026-05-28T10:47:04.446,,136.51343410000027,-76.83,273.0,2026-05-28T10:31:34.250,2026-05-28T10:47:04.250,,-0.20150339999963762
136.96488190000036,136.96488190000036,-0.005827569,547,2026-05-28T10:31:34.703,2026-05-28T10:47:04.703,,137.0134324999999,-76.65,274.0,2026-05-28T10:31:34.746,2026-05-28T10:47:04.746,,0.04855059999954392
137.21510660000058,137.21510660000058,-0.005825632,548,2026-05-28T10:31:34.946,2026-05-28T10:47:04.946,,137.0134324999999,-76.65,274.0,2026-05-28T10:31:34.746,2026-05-28T10:47:04.746,,-0.2016741000006732
137.4649100000006,137.4649100000006,-0.005825579,549,2026-05-28T10:31:35.200,2026-05-28T10:47:05.200,,137.51348720000078,-76.67,275.0,2026-05-28T10:31:35.246,2026-05-28T10:47:05.246,,0.04857720000018162
137.71477420000065,137.71477420000065,-0.00582716,550,2026-05-28T10:31:35.446,2026-05-28T10:47:05.446,,137.51348720000078,-76.67,275.0,2026-05-28T10:31:35.246,2026-05-28T10:47:05.246,,-0.20128699999986566
137.96490350000022,137.96490350000022,-0.005827946,551,2026-05-28T10:31:35.697,2026-05-28T10:47:05.697,,138.01342740000018,-76.83,276.0,2026-05-28T10:31:35.750,2026-05-28T10:47:05.750,,0.04852389999996376
138.2148170999999,138.2148170999999,-0.005827925,552,2026-05-28T10:31:35.946,2026-05-28T10:47:05.946,,138.01342740000018,-76.83,276.0,2026-05-28T10:31:35.750,2026-05-28T10:47:05.750,,-0.20138969999970868
138.46474660000058,138.46474660000058,-0.005828972,553,2026-05-28T10:31:36.203,2026-05-28T10:47:06.203,,138.51344870000048,-77.28,277.0,2026-05-28T10:31:36.246,2026-05-28T10:47:06.246,,0.04870209999990038
138.71492949999993,138.71492949999993,-0.005830008,554,2026-05-28T10:31:36.446,2026-05-28T10:47:06.446,,138.51344870000048,-77.28,277.0,2026-05-28T10:31:36.246,2026-05-28T10:47:06.246,,-0.20148079999944457
138.96501870000066,138.96501870000066,-0.00583094,555,2026-05-28T10:31:36.700,2026-05-28T10:47:06.700,,139.01350010000078,-77.07,278.0,2026-05-28T10:31:36.746,2026-05-28T10:47:06.746,,0.048481400000127906
139.21481960000074,139.21481960000074,-0.00583072,556,2026-05-28T10:31:36.953,2026-05-28T10:47:06.953,,139.01350010000078,-77.07,278.0,2026-05-28T10:31:36.746,2026-05-28T10:47:06.746,,-0.20131949999995413
139.4649242000005,139.4649242000005,-0.005832332,557,2026-05-28T10:31:37.197,2026-05-28T10:47:07.197,,139.51363990000027,-77.18,279.0,2026-05-28T10:31:37.250,2026-05-28T10:47:07.250,,0.0487156999997751
139.7150715000007,139.7150715000007,-0.005831484,558,2026-05-28T10:31:37.450,2026-05-28T10:47:07.450,,139.51363990000027,-77.18,279.0,2026-05-28T10:31:37.250,2026-05-28T10:47:07.250,,-0.2014316000004328
139.96521610000036,139.96521610000036,-0.005830123,559,2026-05-28T10:31:37.696,2026-05-28T10:47:07.696,,140.01365720000013,-77.23,280.0,2026-05-28T10:31:37.747,2026-05-28T10:47:07.747,,0.04844109999976354
140.21501970000008,140.21501970000008,-0.005829841,560,2026-05-28T10:31:37.946,2026-05-28T10:47:07.946,,140.01365720000013,-77.23,280.0,2026-05-28T10:31:37.747,2026-05-28T10:47:07.747,,-0.20136249999995925
140.46468559999994,140.46468559999994,-0.005830239,561,2026-05-28T10:31:38.197,2026-05-28T10:47:08.197,,140.5136175000007,-77.38,281.0,2026-05-28T10:31:38.246,2026-05-28T10:47:08.246,,0.04893190000075265
140.71514470000056,140.71514470000056,-0.005831024,562,2026-05-28T10:31:38.446,2026-05-28T10:47:08.446,,140.5136175000007,-77.38,281.0,2026-05-28T10:31:38.246,2026-05-28T10:47:08.246,,-0.20152719999987312
140.96494470000016,140.96494470000016,-0.00583161,563,2026-05-28T10:31:38.697,2026-05-28T10:47:08.697,,141.01358980000077,-77.8,282.0,2026-05-28T10:31:38.746,2026-05-28T10:47:08.746,,0.04864510000061273
141.21506279999994,141.21506279999994,-0.005828155,564,2026-05-28T10:31:38.953,2026-05-28T10:47:08.953,,141.01358980000077,-77.8,282.0,2026-05-28T10:31:38.746,2026-05-28T10:47:08.746,,-0.20147299999916868
141.46481200000017,141.46481200000017,-0.005831662,565,2026-05-28T10:31:39.197,2026-05-28T10:47:09.197,,141.51337480000075,-77.59,283.0,2026-05-28T10:31:39.250,2026-05-28T10:47:09.250,,0.048562800000581774
141.7148627000006,141.7148627000006,-0.005831547,566,2026-05-28T10:31:39.446,2026-05-28T10:47:09.446,,141.51337480000075,-77.59,283.0,2026-05-28T10:31:39.250,2026-05-28T10:47:09.250,,-0.2014878999998473
141.9652784,141.9652784,-0.005834248,567,2026-05-28T10:31:39.704,2026-05-28T10:47:09.704,,142.01355970000077,-77.83,284.0,2026-05-28T10:31:39.746,2026-05-28T10:47:09.746,,0.0482813000007809
142.21508320000066,142.21508320000066,-0.005835086,568,2026-05-28T10:31:39.946,2026-05-28T10:47:09.946,,142.01355970000077,-77.83,284.0,2026-05-28T10:31:39.746,2026-05-28T10:47:09.746,,-0.20152349999989383
142.46488660000068,142.46488660000068,-0.005835452,569,2026-05-28T10:31:40.200,2026-05-28T10:47:10.200,,142.5134195999999,-77.71,285.0,2026-05-28T10:31:40.247,2026-05-28T10:47:10.247,,0.04853299999922456
142.71492800000033,142.71492800000033,-0.005835096,570,2026-05-28T10:31:40.446,2026-05-28T10:47:10.446,,142.5134195999999,-77.71,285.0,2026-05-28T10:31:40.247,2026-05-28T10:47:10.247,,-0.2015084000004208
142.96478000000025,142.96478000000025,-0.005835965,571,2026-05-28T10:31:40.696,2026-05-28T10:47:10.696,,143.01335879999988,-78.39,286.0,2026-05-28T10:31:40.750,2026-05-28T10:47:10.750,,0.04857879999963188
143.21493460000056,143.21493460000056,-0.005836803,572,2026-05-28T10:31:40.950,2026-05-28T10:47:10.950,,143.01335879999988,-78.39,286.0,2026-05-28T10:31:40.750,2026-05-28T10:47:10.750,,-0.20157580000068265
143.4649739000006,143.4649739000006,-0.005838855,573,2026-05-28T10:31:41.203,2026-05-28T10:47:11.203,,143.51330570000027,-78.32,287.0,2026-05-28T10:31:41.249,2026-05-28T10:47:11.249,,0.048331799999687064
143.71547550000014,143.71547550000014,-0.005838907,574,2026-05-28T10:31:41.450,2026-05-28T10:47:11.450,,143.51330570000027,-78.32,287.0,2026-05-28T10:31:41.249,2026-05-28T10:47:11.249,,-0.20216979999986506
143.96514600000046,143.96514600000046,-0.005838374,575,2026-05-28T10:31:41.697,2026-05-28T10:47:11.697,,144.01330260000032,-78.32,288.0,2026-05-28T10:31:41.751,2026-05-28T10:47:11.751,,0.04815659999985655
144.21482910000032,144.21482910000032,-0.005839033,576,2026-05-28T10:31:41.952,2026-05-28T10:47:11.952,,144.01330260000032,-78.32,288.0,2026-05-28T10:31:41.751,2026-05-28T10:47:11.751,,-0.20152649999999994
144.46507890000066,144.46507890000066,-0.005838499,577,2026-05-28T10:31:42.197,2026-05-28T10:47:12.197,,144.51340770000024,-77.79,289.0,2026-05-28T10:31:42.246,2026-05-28T10:47:12.246,,0.04832879999958095
144.71490660000018,144.71490660000018,-0.005840897,578,2026-05-28T10:31:42.453,2026-05-28T10:47:12.453,,144.51340770000024,-77.79,289.0,2026-05-28T10:31:42.246,2026-05-28T10:47:12.246,,-0.2014988999999332
144.96477820000018,144.96477820000018,-0.005844111,579,2026-05-28T10:31:42.696,2026-05-28T10:47:12.696,,145.0135009000005,-79.02,290.0,2026-05-28T10:31:42.750,2026-05-28T10:47:12.750,,0.04872270000032586
145.21497060000002,145.21497060000002,-0.005844258,580,2026-05-28T10:31:42.950,2026-05-28T10:47:12.950,,145.0135009000005,-79.02,290.0,2026-05-28T10:31:42.750,2026-05-28T10:47:12.750,,-0.2014696999995067
145.46499330000006,145.46499330000006,-0.005843012,581,2026-05-28T10:31:43.203,2026-05-28T10:47:13.203,,145.51340130000062,-78.54,291.0,2026-05-28T10:31:43.246,2026-05-28T10:47:13.246,,0.048408000000563334
145.71492639999997,145.71492639999997,-0.005843106,582,2026-05-28T10:31:43.453,2026-05-28T10:47:13.453,,145.51340130000062,-78.54,291.0,2026-05-28T10:31:43.246,2026-05-28T10:47:13.246,,-0.2015250999993441
145.9651429000005,145.9651429000005,-0.005844352,583,2026-05-28T10:31:43.700,2026-05-28T10:47:13.700,,146.01340010000058,-80.26,292.0,2026-05-28T10:31:43.746,2026-05-28T10:47:13.746,,0.04825720000008005
146.2149685000004,146.2149685000004,-0.005845975,584,2026-05-28T10:31:43.953,2026-05-28T10:47:13.953,,146.01340010000058,-80.26,292.0,2026-05-28T10:31:43.746,2026-05-28T10:47:13.746,,-0.20156839999981457
146.46492410000064,146.46492410000064,-0.005848393,585,2026-05-28T10:31:44.196,2026-05-28T10:47:14.196,,146.51355650000005,-79.1,293.0,2026-05-28T10:31:44.250,2026-05-28T10:47:14.250,,0.04863239999940561
146.71492280000075,146.71492280000075,-0.005849723,586,2026-05-28T10:31:44.446,2026-05-28T10:47:14.446,,146.51355650000005,-79.1,293.0,2026-05-28T10:31:44.250,2026-05-28T10:47:14.250,,-0.2013663000007
146.96496300000035,146.96496300000035,-0.005851576,587,2026-05-28T10:31:44.703,2026-05-28T10:47:14.703,,147.01351740000064,-79.86,294.0,2026-05-28T10:31:44.746,2026-05-28T10:47:14.746,,0.04855440000028466
147.21487049999996,147.21487049999996,-0.005848267,588,2026-05-28T10:31:44.946,2026-05-28T10:47:14.946,,147.01351740000064,-79.86,294.0,2026-05-28T10:31:44.746,2026-05-28T10:47:14.746,,-0.2013530999993236
147.46492020000005,147.46492020000005,-0.005842718,589,2026-05-28T10:31:45.200,2026-05-28T10:47:15.200,,147.51344580000023,-82.32,295.0,2026-05-28T10:31:45.246,2026-05-28T10:47:15.246,,0.04852560000017547
147.71486929999992,147.71486929999992,-0.005846707,590,2026-05-28T10:31:45.453,2026-05-28T10:47:15.453,,147.51344580000023,-82.32,295.0,2026-05-28T10:31:45.246,2026-05-28T10:47:15.246,,-0.20142349999969156
147.9650018000002,147.9650018000002,-0.005857544,591,2026-05-28T10:31:45.703,2026-05-28T10:47:15.703,,148.01352889999998,-82.81,296.0,2026-05-28T10:31:45.750,2026-05-28T10:47:15.750,,0.04852709999977378
148.21517420000055,148.21517420000055,-0.005864181,592,2026-05-28T10:31:45.946,2026-05-28T10:47:15.946,,148.01352889999998,-82.81,296.0,2026-05-28T10:31:45.750,2026-05-28T10:47:15.750,,-0.20164530000056402
148.4648898000005,148.4648898000005,-0.005865909,593,2026-05-28T10:31:46.203,2026-05-28T10:47:16.203,,148.51335590000053,-81.65,297.0,2026-05-28T10:31:46.246,2026-05-28T10:47:16.246,,0.04846610000004148
148.71503770000072,148.71503770000072,-0.0058666,594,2026-05-28T10:31:46.446,2026-05-28T10:47:16.446,,148.51335590000053,-81.65,297.0,2026-05-28T10:31:46.246,2026-05-28T10:47:16.246,,-0.20168180000018765
148.96495310000046,148.96495310000046,-0.0058675,595,2026-05-28T10:31:46.700,2026-05-28T10:47:16.700,,149.01351000000068,-89.6,298.0,2026-05-28T10:31:46.746,2026-05-28T10:47:16.746,,0.0485569000002215
149.21489030000066,149.21489030000066,-0.005868474,596,2026-05-28T10:31:46.953,2026-05-28T10:47:16.953,,149.01351000000068,-89.6,298.0,2026-05-28T10:31:46.746,2026-05-28T10:47:16.746,,-0.20138029999998253
149.4648089000002,149.4648089000002,-0.005869019,597,2026-05-28T10:31:47.196,2026-05-28T10:47:17.196,,149.51332989999992,-86.16,299.0,2026-05-28T10:31:47.250,2026-05-28T10:47:17.250,,0.0485209999997096
149.71475720000035,149.71475720000035,-0.005869888,598,2026-05-28T10:31:47.446,2026-05-28T10:47:17.446,,149.51332989999992,-86.16,299.0,2026-05-28T10:31:47.250,2026-05-28T10:47:17.250,,-0.2014273000004323
149.9648299999999,149.9648299999999,-0.005870432,599,2026-05-28T10:31:47.696,2026-05-28T10:47:17.696,,150.0134119000004,-88.18,300.0,2026-05-28T10:31:47.746,2026-05-28T10:47:17.746,,0.048581900000499445
150.21470190000036,150.21470190000036,-0.005870882,600,2026-05-28T10:31:47.946,2026-05-28T10:47:17.946,,150.0134119000004,-88.18,300.0,2026-05-28T10:31:47.746,2026-05-28T10:47:17.746,,-0.20128999999997177
150.46509650000007,150.46509650000007,-0.005871406,601,2026-05-28T10:31:48.197,2026-05-28T10:47:18.197,,150.51355240000066,-87.14,301.0,2026-05-28T10:31:48.246,2026-05-28T10:47:18.246,,0.04845590000059019
150.7150259,150.7150259,-0.005871458,602,2026-05-28T10:31:48.446,2026-05-28T10:47:18.446,,150.51355240000066,-87.14,301.0,2026-05-28T10:31:48.246,2026-05-28T10:47:18.246,,-0.20147349999933795
150.96520400000009,150.96520400000009,-0.005871406,603,2026-05-28T10:31:48.696,2026-05-28T10:47:18.696,,151.0137254000001,-87.78,302.0,2026-05-28T10:31:48.746,2026-05-28T10:47:18.746,,0.048521400000026915
151.21512150000035,151.21512150000035,-0.005871803,604,2026-05-28T10:31:48.950,2026-05-28T10:47:18.950,,151.0137254000001,-87.78,302.0,2026-05-28T10:31:48.746,2026-05-28T10:47:18.746,,-0.20139610000023822
151.46516790000078,151.46516790000078,-0.005871814,605,2026-05-28T10:31:49.196,2026-05-28T10:47:19.196,,151.5133781000004,-87.6,303.0,2026-05-28T10:31:49.246,2026-05-28T10:47:19.246,,0.04821019999963028
151.71511760000067,151.71511760000067,-0.005871762,606,2026-05-28T10:31:49.446,2026-05-28T10:47:19.446,,151.5133781000004,-87.6,303.0,2026-05-28T10:31:49.246,2026-05-28T10:47:19.246,,-0.20173950000025798
151.96505140000045,151.96505140000045,-0.005871479,607,2026-05-28T10:31:49.696,2026-05-28T10:47:19.696,,152.01354640000045,-88.2,304.0,2026-05-28T10:31:49.746,2026-05-28T10:47:19.746,,0.04849500000000262
152.21480150000025,152.21480150000025,-0.005871249,608,2026-05-28T10:31:49.946,2026-05-28T10:47:19.946,,152.01354640000045,-88.2,304.0,2026-05-28T10:31:49.746,2026-05-28T10:47:19.746,,-0.2012550999997984
152.4649425000007,152.4649425000007,-0.005871542,609,2026-05-28T10:31:50.196,2026-05-28T10:47:20.196,,152.51345440000023,-89.56,305.0,2026-05-28T10:31:50.246,2026-05-28T10:47:20.246,,0.04851189999953931
152.71538490000057,152.71538490000057,-0.00587083,610,2026-05-28T10:31:50.454,2026-05-28T10:47:20.454,,152.51345440000023,-89.56,305.0,2026-05-28T10:31:50.246,2026-05-28T10:47:20.246,,-0.20193050000034418
152.96496920000027,152.96496920000027,-0.005871311,611,2026-05-28T10:31:50.696,2026-05-28T10:47:20.696,,153.01341150000007,-88.02,306.0,2026-05-28T10:31:50.750,2026-05-28T10:47:20.750,,0.04844229999980598
153.2147672000001,153.2147672000001,-0.005871228,612,2026-05-28T10:31:50.946,2026-05-28T10:47:20.946,,153.01341150000007,-88.02,306.0,2026-05-28T10:31:50.750,2026-05-28T10:47:20.750,,-0.2013557000000219
153.46493940000073,153.46493940000073,-0.005870568,613,2026-05-28T10:31:51.203,2026-05-28T10:47:21.203,,153.51342430000022,-89.52,307.0,2026-05-28T10:31:51.246,2026-05-28T10:47:21.246,,0.04848489999949379
153.7149373000002,153.7149373000002,-0.005870882,614,2026-05-28T10:31:51.446,2026-05-28T10:47:21.446,,153.51342430000022,-89.52,307.0,2026-05-28T10:31:51.246,2026-05-28T10:47:21.246,,-0.20151299999997718
153.9650803000004,153.9650803000004,-0.005870558,615,2026-05-28T10:31:51.700,2026-05-28T10:47:21.700,,154.0133934000005,-88.33,308.0,2026-05-28T10:31:51.746,2026-05-28T10:47:21.746,,0.048313100000086706
154.2147670000004,154.2147670000004,-0.005870694,616,2026-05-28T10:31:51.946,2026-05-28T10:47:21.946,,154.0133934000005,-88.33,308.0,2026-05-28T10:31:51.746,2026-05-28T10:47:21.746,,-0.20137359999989712
154.46518490000017,154.46518490000017,-0.005870338,617,2026-05-28T10:31:52.197,2026-05-28T10:47:22.197,,154.51342010000008,-88.8,309.0,2026-05-28T10:31:52.250,2026-05-28T10:47:22.250,,0.04823519999990822
154.71486790000017,154.71486790000017,-0.005870558,618,2026-05-28T10:31:52.446,2026-05-28T10:47:22.446,,154.51342010000008,-88.8,309.0,2026-05-28T10:31:52.250,2026-05-28T10:47:22.250,,-0.20144780000009632
154.96493920000012,154.96493920000012,-0.00587083,619,2026-05-28T10:31:52.696,2026-05-28T10:47:22.696,,155.01339370000005,-88.99,310.0,2026-05-28T10:31:52.746,2026-05-28T10:47:22.746,,0.04845449999993434
155.21501100000023,155.21501100000023,-0.005870809,620,2026-05-28T10:31:52.946,2026-05-28T10:47:22.946,,155.01339370000005,-88.99,310.0,2026-05-28T10:31:52.746,2026-05-28T10:47:22.746,,-0.20161730000017997
155.4649575000003,155.4649575000003,-0.005870882,621,2026-05-28T10:31:53.200,2026-05-28T10:47:23.200,,155.51348380000036,-88.91,311.0,2026-05-28T10:31:53.246,2026-05-28T10:47:23.246,,0.04852630000004865
155.71471050000036,155.71471050000036,-0.005871039,622,2026-05-28T10:31:53.453,2026-05-28T10:47:23.453,,155.51348380000036,-88.91,311.0,2026-05-28T10:31:53.246,2026-05-28T10:47:23.246,,-0.20122670000000653
155.96480109999993,155.96480109999993,-0.005871311,623,2026-05-28T10:31:53.703,2026-05-28T10:47:23.703,,156.01333290000002,-88.89,312.0,2026-05-28T10:31:53.750,2026-05-28T10:47:23.750,,0.04853180000009161
156.21475980000014,156.21475980000014,-0.005871343,624,2026-05-28T10:31:53.946,2026-05-28T10:47:23.946,,156.01333290000002,-88.89,312.0,2026-05-28T10:31:53.750,2026-05-28T10:47:23.750,,-0.20142690000011498
156.4648046000002,156.4648046000002,-0.00587151,625,2026-05-28T10:31:54.201,2026-05-28T10:47:24.201,,156.51340720000007,-88.84,313.0,2026-05-28T10:31:54.246,2026-05-28T10:47:24.246,,0.04860259999986738
156.71475350000037,156.71475350000037,-0.005871783,626,2026-05-28T10:31:54.446,2026-05-28T10:47:24.446,,156.51340720000007,-88.84,313.0,2026-05-28T10:31:54.246,2026-05-28T10:47:24.246,,-0.20134630000029574
156.96496640000078,156.96496640000078,-0.00587151,627,2026-05-28T10:31:54.703,2026-05-28T10:47:24.703,,157.01348130000042,-88.83,314.0,2026-05-28T10:31:54.746,2026-05-28T10:47:24.746,,0.04851489999964542
157.2149201000002,157.2149201000002,-0.005871657,628,2026-05-28T10:31:54.946,2026-05-28T10:47:24.946,,157.01348130000042,-88.83,314.0,2026-05-28T10:31:54.746,2026-05-28T10:47:24.746,,-0.20143879999977798
157.46529520000058,157.46529520000058,-0.005871898,629,2026-05-28T10:31:55.196,2026-05-28T10:47:25.196,,157.51333280000017,-89.04,315.0,2026-05-28T10:31:55.250,2026-05-28T10:47:25.250,,0.048037599999588565
157.7148029,157.7148029,-0.005872233,630,2026-05-28T10:31:55.446,2026-05-28T10:47:25.446,,157.51333280000017,-89.04,315.0,2026-05-28T10:31:55.250,2026-05-28T10:47:25.250,,-0.20147009999982401
157.96482680000008,157.96482680000008,-0.005872306,631,2026-05-28T10:31:55.703,2026-05-28T10:47:25.703,,158.01343590000033,-88.86,316.0,2026-05-28T10:31:55.746,2026-05-28T10:47:25.746,,0.04860910000024887
158.21492020000005,158.21492020000005,-0.00587239,632,2026-05-28T10:31:55.946,2026-05-28T10:47:25.946,,158.01343590000033,-88.86,316.0,2026-05-28T10:31:55.746,2026-05-28T10:47:25.746,,-0.20148429999971995
158.46482450000076,158.46482450000076,-0.005872505,633,2026-05-28T10:31:56.200,2026-05-28T10:47:26.200,,158.5133783000001,-89.01,317.0,2026-05-28T10:31:56.246,2026-05-28T10:47:26.246,,0.04855379999935394
158.71491240000069,158.71491240000069,-0.005872358,634,2026-05-28T10:31:56.446,2026-05-28T10:47:26.446,,158.5133783000001,-89.01,317.0,2026-05-28T10:31:56.246,2026-05-28T10:47:26.246,,-0.20153410000057193
158.96485160000066,158.96485160000066,-0.005872421,635,2026-05-28T10:31:56.696,2026-05-28T10:47:26.696,,159.01330810000036,-88.85,318.0,2026-05-28T10:31:56.750,2026-05-28T10:47:26.750,,0.04845649999970192
159.21485350000057,159.21485350000057,-0.005872463,636,2026-05-28T10:31:56.946,2026-05-28T10:47:26.946,,159.01330810000036,-88.85,318.0,2026-05-28T10:31:56.750,2026-05-28T10:47:26.750,,-0.2015454000002137
159.46471950000068,159.46471950000068,-0.00587283,637,2026-05-28T10:31:57.203,2026-05-28T10:47:27.203,,159.51340040000014,-89.11,319.0,2026-05-28T10:31:57.246,2026-05-28T10:47:27.246,,0.048680899999453686
159.71487530000013,159.71487530000013,-0.00587283,638,2026-05-28T10:31:57.453,2026-05-28T10:47:27.453,,159.51340040000014,-89.11,319.0,2026-05-28T10:31:57.246,2026-05-28T10:47:27.246,,-0.2014748999999938
159.9654089000005,159.9654089000005,-0.005872966,639,2026-05-28T10:31:57.700,2026-05-28T10:47:27.700,,160.01334530000076,-89.02,320.0,2026-05-28T10:31:57.746,2026-05-28T10:47:27.746,,0.04793640000025334
160.2147943,160.2147943,-0.005873081,640,2026-05-28T10:31:57.953,2026-05-28T10:47:27.953,,160.01334530000076,-89.02,320.0,2026-05-28T10:31:57.746,2026-05-28T10:47:27.746,,-0.20144899999922927
160.4647384,160.4647384,-0.005873028,641,2026-05-28T10:31:58.196,2026-05-28T10:47:28.196,,160.51361220000035,-89.01,321.0,2026-05-28T10:31:58.246,2026-05-28T10:47:28.246,,0.04887380000036501
160.7150846000004,160.7150846000004,-0.005873091,642,2026-05-28T10:31:58.450,2026-05-28T10:47:28.450,,160.51361220000035,-89.01,321.0,2026-05-28T10:31:58.246,2026-05-28T10:47:28.246,,-0.20147240000005695
160.9647646000003,160.9647646000003,-0.005873165,643,2026-05-28T10:31:58.703,2026-05-28T10:47:28.703,,161.01346379999995,-89.04,322.0,2026-05-28T10:31:58.746,2026-05-28T10:47:28.746,,0.048699199999646225
161.21490249999988,161.21490249999988,-0.005873311,644,2026-05-28T10:31:58.946,2026-05-28T10:47:28.946,,161.01346379999995,-89.04,322.0,2026-05-28T10:31:58.746,2026-05-28T10:47:28.746,,-0.20143869999992603
161.4650529999999,161.4650529999999,-0.005873384,645,2026-05-28T10:31:59.196,2026-05-28T10:47:29.196,,161.5133966000003,-89.06,323.0,2026-05-28T10:31:59.246,2026-05-28T10:47:29.246,,0.048343600000407605
161.71540200000072,161.71540200000072,-0.0058735,646,2026-05-28T10:31:59.446,2026-05-28T10:47:29.446,,161.5133966000003,-89.06,323.0,2026-05-28T10:31:59.246,2026-05-28T10:47:29.246,,-0.20200540000041656
161.9648133999999,161.9648133999999,-0.005873688,647,2026-05-28T10:31:59.696,2026-05-28T10:47:29.696,,162.01371199999994,-89.22,324.0,2026-05-28T10:31:59.746,2026-05-28T10:47:29.746,,0.048898600000029546
162.2151328,162.2151328,-0.005873939,648,2026-05-28T10:31:59.946,2026-05-28T10:47:29.946,,162.01371199999994,-89.22,324.0,2026-05-28T10:31:59.746,2026-05-28T10:47:29.746,,-0.2014208000000508
162.4649573000006,162.4649573000006,-0.005873887,649,2026-05-28T10:32:00.196,2026-05-28T10:47:30.196,,162.5133691000001,-89.08,325.0,2026-05-28T10:32:00.246,2026-05-28T10:47:30.246,,0.04841179999948508
162.7148999000001,162.7148999000001,-0.005874002,650,2026-05-28T10:32:00.446,2026-05-28T10:47:30.446,,162.5133691000001,-89.08,325.0,2026-05-28T10:32:00.246,2026-05-28T10:47:30.246,,-0.20153080000000045
162.97203450000052,162.97203450000052,-0.00587417,651,2026-05-28T10:32:00.707,2026-05-28T10:47:30.707,,163.01359670000056,-89.15,326.0,2026-05-28T10:32:00.746,2026-05-28T10:47:30.746,,0.04156220000004396
163.21490200000062,163.21490200000062,-0.005874201,652,2026-05-28T10:32:00.953,2026-05-28T10:47:30.953,,163.01359670000056,-89.15,326.0,2026-05-28T10:32:00.746,2026-05-28T10:47:30.746,,-0.2013053000000582
163.4655975000005,163.4655975000005,-0.005874201,653,2026-05-28T10:32:01.204,2026-05-28T10:47:31.204,,163.51356590000069,-89.06,327.0,2026-05-28T10:32:01.246,2026-05-28T10:47:31.246,,0.04796840000017255
163.71498240000074,163.71498240000074,-0.005874201,654,2026-05-28T10:32:01.453,2026-05-28T10:47:31.453,,163.51356590000069,-89.06,327.0,2026-05-28T10:32:01.246,2026-05-28T10:47:31.246,,-0.2014165000000503
163.96478490000027,163.96478490000027,-0.005874369,655,2026-05-28T10:32:01.696,2026-05-28T10:47:31.696,,164.0135476000005,-89.14,328.0,2026-05-28T10:32:01.750,2026-05-28T10:47:31.750,,0.04876270000022487
164.21515249999993,164.21515249999993,-0.005874473,656,2026-05-28T10:32:01.950,2026-05-28T10:47:31.950,,164.0135476000005,-89.14,328.0,2026-05-28T10:32:01.750,2026-05-28T10:47:31.750,,-0.2016048999994382
164.4652317,164.4652317,-0.005874494,657,2026-05-28T10:32:02.203,2026-05-28T10:47:32.203,,164.5134452000002,-89.19,329.0,2026-05-28T10:32:02.246,2026-05-28T10:47:32.246,,0.04821350000020175
164.71482950000063,164.71482950000063,-0.005874766,658,2026-05-28T10:32:02.446,2026-05-28T10:47:32.446,,164.5134452000002,-89.19,329.0,2026-05-28T10:32:02.246,2026-05-28T10:47:32.246,,-0.20138430000042717
164.96511940000073,164.96511940000073,-0.005874641,659,2026-05-28T10:32:02.696,2026-05-28T10:47:32.696,,165.01337390000026,-89.11,330.0,2026-05-28T10:32:02.746,2026-05-28T10:47:32.746,,0.0482544999995298
165.21477610000056,165.21477610000056,-0.005874892,660,2026-05-28T10:32:02.946,2026-05-28T10:47:32.946,,165.01337390000026,-89.11,330.0,2026-05-28T10:32:02.746,2026-05-28T10:47:32.746,,-0.2014022000003024
165.46482780000042,165.46482780000042,-0.005874923,661,2026-05-28T10:32:03.196,2026-05-28T10:47:33.196,,165.5137553000004,-89.21,331.0,2026-05-28T10:32:03.246,2026-05-28T10:47:33.246,,0.04892749999999069
165.7151485000004,165.7151485000004,-0.00587485,662,2026-05-28T10:32:03.446,2026-05-28T10:47:33.446,,165.5137553000004,-89.21,331.0,2026-05-28T10:32:03.246,2026-05-28T10:47:33.246,,-0.20139319999998406
165.9649718999999,165.9649718999999,-0.005875238,663,2026-05-28T10:32:03.703,2026-05-28T10:47:33.703,,166.01347410000017,-89.16,332.0,2026-05-28T10:32:03.746,2026-05-28T10:47:33.746,,0.04850220000025729
166.21479770000042,166.21479770000042,-0.005875091,664,2026-05-28T10:32:03.946,2026-05-28T10:47:33.946,,166.01347410000017,-89.16,332.0,2026-05-28T10:32:03.746,2026-05-28T10:47:33.746,,-0.20132360000025074
166.4650345,166.4650345,-0.005875133,665,2026-05-28T10:32:04.197,2026-05-28T10:47:34.197,,166.5139282,-89.16,333.0,2026-05-28T10:32:04.246,2026-05-28T10:47:34.246,,0.04889370000000781
166.7152919,166.7152919,-0.005875154,666,2026-05-28T10:32:04.446,2026-05-28T10:47:34.446,,166.5139282,-89.16,333.0,2026-05-28T10:32:04.246,2026-05-28T10:47:34.246,,-0.2013637000000017
166.9647990000003,166.9647990000003,-0.005875049,667,2026-05-28T10:32:04.696,2026-05-28T10:47:34.696,,167.0134048,-89.16,334.0,2026-05-28T10:32:04.747,2026-05-28T10:47:34.747,,0.0486057999996774
167.21473590000005,167.21473590000005,-0.005875175,668,2026-05-28T10:32:04.953,2026-05-28T10:47:34.953,,167.0134048,-89.16,334.0,2026-05-28T10:32:04.747,2026-05-28T10:47:34.747,,-0.20133110000006127
167.46479520000048,167.46479520000048,-0.005875468,669,2026-05-28T10:32:05.203,2026-05-28T10:47:35.203,,167.51337680000051,-89.18,335.0,2026-05-28T10:32:05.250,2026-05-28T10:47:35.250,,0.048581600000034086
167.7149900000004,167.7149900000004,-0.005875531,670,2026-05-28T10:32:05.451,2026-05-28T10:47:35.451,,167.51337680000051,-89.18,335.0,2026-05-28T10:32:05.250,2026-05-28T10:47:35.250,,-0.20161319999988336
167.9647943,167.9647943,-0.005875562,671,2026-05-28T10:32:05.703,2026-05-28T10:47:35.703,,168.01342900000054,-89.13,336.0,2026-05-28T10:32:05.746,2026-05-28T10:47:35.746,,0.04863470000054804
168.21488580000005,168.21488580000005,-0.005875468,672,2026-05-28T10:32:05.953,2026-05-28T10:47:35.953,,168.01342900000054,-89.13,336.0,2026-05-28T10:32:05.746,2026-05-28T10:47:35.746,,-0.20145679999950517
168.46484050000072,168.46484050000072,-0.005875478,673,2026-05-28T10:32:06.200,2026-05-28T10:47:36.200,,168.5133951000007,-89.23,337.0,2026-05-28T10:32:06.246,2026-05-28T10:47:36.246,,0.04855459999998857
168.71476560000065,168.71476560000065,-0.005875751,674,2026-05-28T10:32:06.453,2026-05-28T10:47:36.453,,168.5133951000007,-89.23,337.0,2026-05-28T10:32:06.246,2026-05-28T10:47:36.246,,-0.20137049999993906
168.96537540000008,168.96537540000008,-0.00587595,675,2026-05-28T10:32:06.696,2026-05-28T10:47:36.696,,169.01331750000008,-89.2,338.0,2026-05-28T10:32:06.750,2026-05-28T10:47:36.750,,0.04794210000000021
169.21468929999992,169.21468929999992,-0.005875866,676,2026-05-28T10:32:06.948,2026-05-28T10:47:36.948,,169.01331750000008,-89.2,338.0,2026-05-28T10:32:06.750,2026-05-28T10:47:36.750,,-0.20137179999983346
169.4647599,169.4647599,-0.005876075,677,2026-05-28T10:32:07.203,2026-05-28T10:47:37.203,,169.51336450000053,-89.15,339.0,2026-05-28T10:32:07.246,2026-05-28T10:47:37.246,,0.04860460000054445
169.7150070000007,169.7150070000007,-0.005876169,678,2026-05-28T10:32:07.446,2026-05-28T10:47:37.446,,169.51336450000053,-89.15,339.0,2026-05-28T10:32:07.246,2026-05-28T10:47:37.246,,-0.20164250000016182
169.96481120000044,169.96481120000044,-0.005876148,679,2026-05-28T10:32:07.700,2026-05-28T10:47:37.700,,170.0133962,-89.25,340.0,2026-05-28T10:32:07.746,2026-05-28T10:47:37.746,,0.04858499999954802
170.2148111000006,170.2148111000006,-0.005876138,680,2026-05-28T10:32:07.953,2026-05-28T10:47:37.953,,170.0133962,-89.25,340.0,2026-05-28T10:32:07.746,2026-05-28T10:47:37.746,,-0.20141490000060003
170.46483480000006,170.46483480000006,-0.005876222,681,2026-05-28T10:32:08.196,2026-05-28T10:47:38.196,,170.5133919,-89.2,341.0,2026-05-28T10:32:08.250,2026-05-28T10:47:38.250,,0.04855709999992541
170.71518540000034,170.71518540000034,-0.005875897,682,2026-05-28T10:32:08.446,2026-05-28T10:47:38.446,,170.5133919,-89.2,341.0,2026-05-28T10:32:08.250,2026-05-28T10:47:38.250,,-0.201793500000349
170.96524279999994,170.96524279999994,-0.005876117,683,2026-05-28T10:32:08.704,2026-05-28T10:47:38.704,,171.0133882,-89.18,342.0,2026-05-28T10:32:08.746,2026-05-28T10:47:38.746,,0.04814540000006673
171.21492579999995,171.21492579999995,-0.00587596,684,2026-05-28T10:32:08.946,2026-05-28T10:47:38.946,,171.0133882,-89.18,342.0,2026-05-28T10:32:08.746,2026-05-28T10:47:38.746,,-0.2015375999999378
171.46487359999992,171.46487359999992,-0.005876033,685,2026-05-28T10:32:09.200,2026-05-28T10:47:39.200,,171.51330030000008,-89.24,343.0,2026-05-28T10:32:09.246,2026-05-28T10:47:39.246,,0.04842670000016369
171.71467060000032,171.71467060000032,-0.005876107,686,2026-05-28T10:32:09.453,2026-05-28T10:47:39.453,,171.51330030000008,-89.24,343.0,2026-05-28T10:32:09.246,2026-05-28T10:47:39.246,,-0.20137030000023515
171.96482770000057,171.96482770000057,-0.00587619,687,2026-05-28T10:32:09.696,2026-05-28T10:47:39.696,,172.0133620000006,-89.17,344.0,2026-05-28T10:32:09.750,2026-05-28T10:47:39.750,,0.04853430000002845
172.21487290000005,172.21487290000005,-0.005876337,688,2026-05-28T10:32:09.946,2026-05-28T10:47:39.946,,172.0133620000006,-89.17,344.0,2026-05-28T10:32:09.750,2026-05-28T10:47:39.750,,-0.20151089999944816
172.46567060000052,172.46567060000052,-0.005876326,689,2026-05-28T10:32:10.196,2026-05-28T10:47:40.196,,172.51332450000064,-89.23,345.0,2026-05-28T10:32:10.246,2026-05-28T10:47:40.246,,0.047653900000113936
172.71482430000015,172.71482430000015,-0.005876222,690,2026-05-28T10:32:10.446,2026-05-28T10:47:40.446,,172.51332450000064,-89.23,345.0,2026-05-28T10:32:10.246,2026-05-28T10:47:40.246,,-0.2014997999995103
172.96479940000063,172.96479940000063,-0.005876159,691,2026-05-28T10:32:10.700,2026-05-28T10:47:40.700,,173.0134435,-89.17,346.0,2026-05-28T10:32:10.746,2026-05-28T10:47:40.746,,0.0486440999993647
173.21486640000057,173.21486640000057,-0.00587641,692,2026-05-28T10:32:10.953,2026-05-28T10:47:40.953,,173.0134435,-89.17,346.0,2026-05-28T10:32:10.746,2026-05-28T10:47:40.746,,-0.20142290000057983
173.46483420000004,173.46483420000004,-0.005876452,693,2026-05-28T10:32:11.203,2026-05-28T10:47:41.203,,173.5132932000006,-89.22,347.0,2026-05-28T10:32:11.250,2026-05-28T10:47:41.250,,0.04845900000054826
173.71481949999998,173.71481949999998,-0.005876295,694,2026-05-28T10:32:11.446,2026-05-28T10:47:41.446,,173.5132932000006,-89.22,347.0,2026-05-28T10:32:11.250,2026-05-28T10:47:41.250,,-0.20152629999938654
173.96461220000037,173.96461220000037,-0.00587662,695,2026-05-28T10:32:11.703,2026-05-28T10:47:41.703,,174.01341709999997,-89.14,348.0,2026-05-28T10:32:11.746,2026-05-28T10:47:41.746,,0.048804899999595364
174.21479380000073,174.21479380000073,-0.00587663,696,2026-05-28T10:32:11.953,2026-05-28T10:47:41.953,,174.01341709999997,-89.14,348.0,2026-05-28T10:32:11.746,2026-05-28T10:47:41.746,,-0.20137670000076469
174.46510780000062,174.46510780000062,-0.005876567,697,2026-05-28T10:32:12.200,2026-05-28T10:47:42.200,,174.51352190000034,-89.26,349.0,2026-05-28T10:32:12.246,2026-05-28T10:47:42.246,,0.04841409999971802
174.71485900000062,174.71485900000062,-0.005876766,698,2026-05-28T10:32:12.453,2026-05-28T10:47:42.453,,174.51352190000034,-89.26,349.0,2026-05-28T10:32:12.246,2026-05-28T10:47:42.246,,-0.2013371000002735
174.96537059999991,174.96537059999991,-0.005876934,699,2026-05-28T10:32:12.704,2026-05-28T10:47:42.704,,175.01336710000032,-89.12,350.0,2026-05-28T10:32:12.750,2026-05-28T10:47:42.750,,0.04799650000040856
175.2148188000001,175.2148188000001,-0.005876871,700,2026-05-28T10:32:12.950,2026-05-28T10:47:42.950,,175.01336710000032,-89.12,350.0,2026-05-28T10:32:12.750,2026-05-28T10:47:42.750,,-0.20145169999977952
175.46523270000034,175.46523270000034,-0.005876881,701,2026-05-28T10:32:13.204,2026-05-28T10:47:43.204,,175.5134603000006,-89.18,351.0,2026-05-28T10:32:13.246,2026-05-28T10:47:43.246,,0.04822760000024573
175.7148541000006,175.7148541000006,-0.005877195,702,2026-05-28T10:32:13.446,2026-05-28T10:47:43.446,,175.5134603000006,-89.18,351.0,2026-05-28T10:32:13.246,2026-05-28T10:47:43.246,,-0.20139380000000529
175.96516090000023,175.96516090000023,-0.005877269,703,2026-05-28T10:32:13.696,2026-05-28T10:47:43.696,,176.01334110000062,-89.15,352.0,2026-05-28T10:32:13.746,2026-05-28T10:47:43.746,,0.04818020000038814
176.2148511000005,176.2148511000005,-0.00587751,704,2026-05-28T10:32:13.946,2026-05-28T10:47:43.946,,176.01334110000062,-89.15,352.0,2026-05-28T10:32:13.746,2026-05-28T10:47:43.746,,-0.20150999999987107
176.46488050000062,176.46488050000062,-0.00587751,705,2026-05-28T10:32:14.196,2026-05-28T10:47:44.196,,176.51343280000037,-89.18,353.0,2026-05-28T10:32:14.246,2026-05-28T10:47:44.246,,0.04855229999975563
176.7385549999999,176.7385549999999,-0.005877593,706,2026-05-28T10:32:14.477,2026-05-28T10:47:44.477,,176.51343280000037,-89.18,353.0,2026-05-28T10:32:14.246,2026-05-28T10:47:44.246,,-0.2251221999995323
176.9650212000006,176.9650212000006,-0.005877478,707,2026-05-28T10:32:14.696,2026-05-28T10:47:44.696,,177.0136038999999,-89.21,354.0,2026-05-28T10:32:14.746,2026-05-28T10:47:44.746,,0.04858269999931508
177.21502200000032,177.21502200000032,-0.005877604,708,2026-05-28T10:32:14.946,2026-05-28T10:47:44.946,,177.0136038999999,-89.21,354.0,2026-05-28T10:32:14.746,2026-05-28T10:47:44.746,,-0.20141810000041005
177.46477959999993,177.46477959999993,-0.005877771,709,2026-05-28T10:32:15.203,2026-05-28T10:47:45.203,,177.5133667,-89.2,355.0,2026-05-28T10:32:15.246,2026-05-28T10:47:45.246,,0.048587100000077044
177.71492600000056,177.71492600000056,-0.005877729,710,2026-05-28T10:32:15.446,2026-05-28T10:47:45.446,,177.5133667,-89.2,355.0,2026-05-28T10:32:15.246,2026-05-28T10:47:45.246,,-0.20155930000055378
177.9653616000005,177.9653616000005,-0.005877918,711,2026-05-28T10:32:15.696,2026-05-28T10:47:45.696,,178.01379970000016,-89.18,356.0,2026-05-28T10:32:15.746,2026-05-28T10:47:45.746,,0.048438099999657425
178.21530110000003,178.21530110000003,-0.005877782,712,2026-05-28T10:32:15.946,2026-05-28T10:47:45.946,,178.01379970000016,-89.18,356.0,2026-05-28T10:32:15.746,2026-05-28T10:47:45.746,,-0.20150139999987005
178.4648474000005,178.4648474000005,-0.005877572,713,2026-05-28T10:32:16.196,2026-05-28T10:47:46.196,,178.51365200000055,-89.19,357.0,2026-05-28T10:32:16.246,2026-05-28T10:47:46.246,,0.0488046000000395
178.71532920000027,178.71532920000027,-0.00587775,714,2026-05-28T10:32:16.454,2026-05-28T10:47:46.454,,178.51365200000055,-89.19,357.0,2026-05-28T10:32:16.246,2026-05-28T10:47:46.246,,-0.20167719999972178
178.96474920000037,178.96474920000037,-0.005877792,715,2026-05-28T10:32:16.696,2026-05-28T10:47:46.696,,179.0132523000002,-89.14,358.0,2026-05-28T10:32:16.750,2026-05-28T10:47:46.750,,0.048503099999834376
179.21487120000074,179.21487120000074,-0.005877729,716,2026-05-28T10:32:16.946,2026-05-28T10:47:46.946,,179.0132523000002,-89.14,358.0,2026-05-28T10:32:16.750,2026-05-28T10:47:46.750,,-0.20161890000053972
179.4648033000003,179.4648033000003,-0.005877834,717,2026-05-28T10:32:17.203,2026-05-28T10:47:47.203,,179.51335330000074,-89.16,359.0,2026-05-28T10:32:17.246,2026-05-28T10:47:47.246,,0.04855000000043219
179.71538349999992,179.71538349999992,-0.005877813,718,2026-05-28T10:32:17.446,2026-05-28T10:47:47.446,,179.51335330000074,-89.16,359.0,2026-05-28T10:32:17.246,2026-05-28T10:47:47.246,,-0.2020301999991716
179.96479650000038,179.96479650000038,-0.005877886,719,2026-05-28T10:32:17.700,2026-05-28T10:47:47.700,,180.01329890000034,-89.16,360.0,2026-05-28T10:32:17.746,2026-05-28T10:47:47.746,,0.0485023999999612
180.2147173000003,180.2147173000003,-0.005877907,720,2026-05-28T10:32:17.946,2026-05-28T10:47:47.946,,180.01329890000034,-89.16,360.0,2026-05-28T10:32:17.746,2026-05-28T10:47:47.746,,-0.2014183999999659
180.46496750000006,180.46496750000006,-0.00587797,721,2026-05-28T10:32:18.201,2026-05-28T10:47:48.201,,180.51364040000044,-89.13,361.0,2026-05-28T10:32:18.246,2026-05-28T10:47:48.246,,0.04867290000038338
180.71516510000038,180.71516510000038,-0.00587797,722,2026-05-28T10:32:18.446,2026-05-28T10:47:48.446,,180.51364040000044,-89.13,361.0,2026-05-28T10:32:18.246,2026-05-28T10:47:48.246,,-0.20152469999993627
180.96485209999992,180.96485209999992,-0.005878138,723,2026-05-28T10:32:18.703,2026-05-28T10:47:48.703,,181.01339700000062,-89.14,362.0,2026-05-28T10:32:18.746,2026-05-28T10:47:48.746,,0.04854490000070655
181.21491229999992,181.21491229999992,-0.005878127,724,2026-05-28T10:32:18.946,2026-05-28T10:47:48.946,,181.01339700000062,-89.14,362.0,2026-05-28T10:32:18.746,2026-05-28T10:47:48.746,,-0.20151529999930062
181.46548260000054,181.46548260000054,-0.00587818,725,2026-05-28T10:32:19.196,2026-05-28T10:47:49.196,,181.5138695000005,-89.17,363.0,2026-05-28T10:32:19.246,2026-05-28T10:47:49.246,,0.04838689999996859
181.71529290000035,181.71529290000035,-0.005878242,726,2026-05-28T10:32:19.446,2026-05-28T10:47:49.446,,181.5138695000005,-89.17,363.0,2026-05-28T10:32:19.246,2026-05-28T10:47:49.246,,-0.2014233999998396
181.96483110000008,181.96483110000008,-0.005878159,727,2026-05-28T10:32:19.696,2026-05-28T10:47:49.696,,182.01338020000003,-89.15,364.0,2026-05-28T10:32:19.746,2026-05-28T10:47:49.746,,0.04854909999994561
182.21491060000062,182.21491060000062,-0.005877865,728,2026-05-28T10:32:19.946,2026-05-28T10:47:49.946,,182.01338020000003,-89.15,364.0,2026-05-28T10:32:19.746,2026-05-28T10:47:49.746,,-0.20153040000059264
182.46485950000078,182.46485950000078,-0.005877803,729,2026-05-28T10:32:20.196,2026-05-28T10:47:50.196,,182.5134109999999,-89.17,365.0,2026-05-28T10:32:20.246,2026-05-28T10:47:50.246,,0.048551499999121006
182.71485610000036,182.71485610000036,-0.005877771,730,2026-05-28T10:32:20.446,2026-05-28T10:47:50.446,,182.5134109999999,-89.17,365.0,2026-05-28T10:32:20.246,2026-05-28T10:47:50.246,,-0.20144510000045557
182.96502730000066,182.96502730000066,-0.005877834,731,2026-05-28T10:32:20.697,2026-05-28T10:47:50.697,,183.01349090000076,-89.16,366.0,2026-05-28T10:32:20.746,2026-05-28T10:47:50.746,,0.048463600000104634
183.21481870000025,183.21481870000025,-0.005877991,732,2026-05-28T10:32:20.946,2026-05-28T10:47:50.946,,183.01349090000076,-89.16,366.0,2026-05-28T10:32:20.746,2026-05-28T10:47:50.746,,-0.2013277999994898
183.46525790000123,183.46525790000123,-0.005878064,733,2026-05-28T10:32:21.196,2026-05-28T10:47:51.196,,183.5134281999999,-89.11,367.0,2026-05-28T10:32:21.246,2026-05-28T10:47:51.246,,0.04817029999867373
183.71482389999983,183.71482389999983,-0.00587797,734,2026-05-28T10:32:21.446,2026-05-28T10:47:51.446,,183.5134281999999,-89.11,367.0,2026-05-28T10:32:21.246,2026-05-28T10:47:51.246,,-0.2013956999999209
183.96541849999994,183.96541849999994,-0.005877886,735,2026-05-28T10:32:21.696,2026-05-28T10:47:51.696,,184.01340680000067,-89.15,368.0,2026-05-28T10:32:21.746,2026-05-28T10:47:51.746,,0.04798830000072485
184.21470129999943,184.21470129999943,-0.005877865,736,2026-05-28T10:32:21.946,2026-05-28T10:47:51.946,,184.01340680000067,-89.15,368.0,2026-05-28T10:32:21.746,2026-05-28T10:47:51.746,,-0.2012944999987667
184.46510409999973,184.46510409999973,-0.005877897,737,2026-05-28T10:32:22.196,2026-05-28T10:47:52.196,,184.51333460000023,-89.18,369.0,2026-05-28T10:32:22.246,2026-05-28T10:47:52.246,,0.04823050000049989
184.714876,184.714876,-0.005878054,738,2026-05-28T10:32:22.448,2026-05-28T10:47:52.448,,184.51333460000023,-89.18,369.0,2026-05-28T10:32:22.246,2026-05-28T10:47:52.246,,-0.20154139999976906
184.96531850000065,184.96531850000065,-0.005878075,739,2026-05-28T10:32:22.696,2026-05-28T10:47:52.696,,185.0138423999997,-89.13,370.0,2026-05-28T10:32:22.749,2026-05-28T10:47:52.749,,0.048523899999054265
185.21510130000024,185.21510130000024,-0.005877991,740,2026-05-28T10:32:22.946,2026-05-28T10:47:52.946,,185.0138423999997,-89.13,370.0,2026-05-28T10:32:22.749,2026-05-28T10:47:52.749,,-0.20125890000053914
185.46514990000105,185.46514990000105,-0.005877928,741,2026-05-28T10:32:23.196,2026-05-28T10:47:53.196,,185.51337330000024,-89.13,371.0,2026-05-28T10:32:23.246,2026-05-28T10:47:53.246,,0.04822339999918768
185.7147259000012,185.7147259000012,-0.005877782,742,2026-05-28T10:32:23.446,2026-05-28T10:47:53.446,,185.51337330000024,-89.13,371.0,2026-05-28T10:32:23.246,2026-05-28T10:47:53.246,,-0.20135260000097333
185.9651470000008,185.9651470000008,-0.005877845,743,2026-05-28T10:32:23.696,2026-05-28T10:47:53.696,,186.01327459999993,-89.09,372.0,2026-05-28T10:32:23.746,2026-05-28T10:47:53.746,,0.04812759999913396
186.21477989999948,186.21477989999948,-0.005877981,744,2026-05-28T10:32:23.946,2026-05-28T10:47:53.946,,186.01327459999993,-89.09,372.0,2026-05-28T10:32:23.746,2026-05-28T10:47:53.746,,-0.20150529999955324
186.46477140000025,186.46477140000025,-0.005878075,745,2026-05-28T10:32:24.196,2026-05-28T10:47:54.196,,186.5133894999999,-89.09,373.0,2026-05-28T10:32:24.246,2026-05-28T10:47:54.246,,0.048618099999657716
186.71481270000004,186.71481270000004,-0.005878242,746,2026-05-28T10:32:24.453,2026-05-28T10:47:54.453,,186.5133894999999,-89.09,373.0,2026-05-28T10:32:24.246,2026-05-28T10:47:54.246,,-0.2014232000001357
186.96569350000027,186.96569350000027,-0.005878085,747,2026-05-28T10:32:24.696,2026-05-28T10:47:54.696,,187.01346379999995,-89.16,374.0,2026-05-28T10:32:24.750,2026-05-28T10:47:54.750,,0.04777029999968363
187.2149843999996,187.2149843999996,-0.005878284,748,2026-05-28T10:32:24.946,2026-05-28T10:47:54.946,,187.01346379999995,-89.16,374.0,2026-05-28T10:32:24.750,2026-05-28T10:47:54.750,,-0.20152059999963967
187.46476880000046,187.46476880000046,-0.005878326,749,2026-05-28T10:32:25.203,2026-05-28T10:47:55.203,,187.51336140000058,-89.15,375.0,2026-05-28T10:32:25.246,2026-05-28T10:47:55.246,,0.04859260000012
187.71511610000016,187.71511610000016,-0.005877949,750,2026-05-28T10:32:25.446,2026-05-28T10:47:55.446,,187.51336140000058,-89.15,375.0,2026-05-28T10:32:25.246,2026-05-28T10:47:55.246,,-0.20175469999958295
187.9653040000012,187.9653040000012,-0.005878064,751,2026-05-28T10:32:25.696,2026-05-28T10:47:55.696,,188.01344340000105,-89.16,376.0,2026-05-28T10:32:25.746,2026-05-28T10:47:55.746,,0.048139399999854504
188.21483090000038,188.21483090000038,-0.005877897,752,2026-05-28T10:32:25.953,2026-05-28T10:47:55.953,,188.01344340000105,-89.16,376.0,2026-05-28T10:32:25.746,2026-05-28T10:47:55.746,,-0.2013874999993277
188.46485949999987,188.46485949999987,-0.005877855,753,2026-05-28T10:32:26.196,2026-05-28T10:47:56.196,,188.51340660000096,-89.12,377.0,2026-05-28T10:32:26.250,2026-05-28T10:47:56.250,,0.04854710000108753
188.71517669999957,188.71517669999957,-0.005877625,754,2026-05-28T10:32:26.446,2026-05-28T10:47:56.446,,188.51340660000096,-89.12,377.0,2026-05-28T10:32:26.250,2026-05-28T10:47:56.250,,-0.20177009999861184
188.96471360000032,188.96471360000032,-0.005877834,755,2026-05-28T10:32:26.703,2026-05-28T10:47:56.703,,189.0134102000011,-89.12,378.0,2026-05-28T10:32:26.746,2026-05-28T10:47:56.746,,0.04869660000076692
189.2147986,189.2147986,-0.005877813,756,2026-05-28T10:32:26.946,2026-05-28T10:47:56.946,,189.0134102000011,-89.12,378.0,2026-05-28T10:32:26.746,2026-05-28T10:47:56.746,,-0.2013883999989048
189.46500180000112,189.46500180000112,-0.005877876,757,2026-05-28T10:32:27.200,2026-05-28T10:47:57.200,,189.51335430000108,-89.12,379.0,2026-05-28T10:32:27.246,2026-05-28T10:47:57.246,,0.04835249999996449
189.71482990000004,189.71482990000004,-0.005877981,758,2026-05-28T10:32:27.453,2026-05-28T10:47:57.453,,189.51335430000108,-89.12,379.0,2026-05-28T10:32:27.246,2026-05-28T10:47:57.246,,-0.20147559999895748
189.9648201,189.9648201,-0.005877991,759,2026-05-28T10:32:27.696,2026-05-28T10:47:57.696,,189.51335430000108,-89.12,379.0,2026-05-28T10:32:27.246,2026-05-28T10:47:57.246,,-0.451465799998914
