sensor,indice_balanza,masa_g,error,tiempo_s,fecha_hora_corregida,fecha_hora_pc_sin_corregir,correccion_reloj_s,indice_multimetro,voltaje_V
multimetro,,,,0.415347400000428,2026-05-28T10:29:18.150,2026-05-28T10:44:48.150,-930,0.0,0.001618102
multimetro,,,,0.6312174000004234,2026-05-28T10:29:18.367,2026-05-28T10:44:48.367,-930,1.0,0.001617243
multimetro,,,,0.8464533000005758,2026-05-28T10:29:18.584,2026-05-28T10:44:48.584,-930,2.0,0.00161739
multimetro,,,,1.0612882000004902,2026-05-28T10:29:18.800,2026-05-28T10:44:48.800,-930,3.0,0.00161739
multimetro,,,,1.2763396999998804,2026-05-28T10:29:19.014,2026-05-28T10:44:49.014,-930,4.0,0.001617138
balanza,0.0,,Error desde Arduino: HX711 not found.,1.4206370000001698,2026-05-28T10:29:19.157,2026-05-28T10:44:49.157,-930,,
multimetro,,,,1.4913687000007485,2026-05-28T10:29:19.230,2026-05-28T10:44:49.230,-930,5.0,0.001616573
multimetro,,,,1.7152117000005092,2026-05-28T10:29:19.447,2026-05-28T10:44:49.447,-930,6.0,0.001616102
multimetro,,,,1.9647234000003664,2026-05-28T10:29:19.697,2026-05-28T10:44:49.697,-930,7.0,0.001615893
multimetro,,,,2.215265400000135,2026-05-28T10:29:19.949,2026-05-28T10:44:49.949,-930,8.0,0.001615212
balanza,1.0,0.05,,2.4118459999999686,2026-05-28T10:29:20.150,2026-05-28T10:44:50.150,-930,,
balanza,2.0,,Error desde Arduino: HX711 not found.,2.4348789000005127,2026-05-28T10:29:20.164,2026-05-28T10:44:50.164,-930,,
multimetro,,,,2.4650025000000824,2026-05-28T10:29:20.197,2026-05-28T10:44:50.197,-930,9.0,0.001605077
multimetro,,,,2.7147095000000263,2026-05-28T10:29:20.451,2026-05-28T10:44:50.451,-930,10.0,0.001602638
multimetro,,,,2.9647571000004973,2026-05-28T10:29:20.697,2026-05-28T10:44:50.697,-930,11.0,0.001599822
multimetro,,,,3.2147584000003917,2026-05-28T10:29:20.947,2026-05-28T10:44:50.947,-930,12.0,0.001591247
balanza,3.0,15.75,,3.4274959000003946,2026-05-28T10:29:21.164,2026-05-28T10:44:51.164,-930,,
balanza,4.0,,Error desde Arduino: HX711 not found.,3.4508395000002565,2026-05-28T10:29:21.189,2026-05-28T10:44:51.189,-930,,
multimetro,,,,3.464773600000626,2026-05-28T10:29:21.197,2026-05-28T10:44:51.197,-930,13.0,0.001526638
multimetro,,,,3.7146809000005305,2026-05-28T10:29:21.447,2026-05-28T10:44:51.447,-930,14.0,0.001399451
multimetro,,,,3.965072400000281,2026-05-28T10:29:21.697,2026-05-28T10:44:51.697,-930,15.0,0.001211697
multimetro,,,,4.215095399999882,2026-05-28T10:29:21.947,2026-05-28T10:44:51.947,-930,16.0,0.001076239
balanza,5.0,17.85,,4.443291500000669,2026-05-28T10:29:22.182,2026-05-28T10:44:52.182,-930,,
multimetro,,,,4.464750900000581,2026-05-28T10:29:22.197,2026-05-28T10:44:52.197,-930,17.0,0.000936374
balanza,6.0,,Error desde Arduino: HX711 not found.,4.466652900000554,2026-05-28T10:29:22.197,2026-05-28T10:44:52.197,-930,,
multimetro,,,,4.715017400000761,2026-05-28T10:29:22.447,2026-05-28T10:44:52.447,-930,18.0,0.000830755
multimetro,,,,4.964675300000636,2026-05-28T10:29:22.697,2026-05-28T10:44:52.697,-930,19.0,0.000773202
multimetro,,,,5.21478340000067,2026-05-28T10:29:22.947,2026-05-28T10:44:52.947,-930,20.0,0.000612586
balanza,7.0,17.46,,5.458967399999892,2026-05-28T10:29:23.197,2026-05-28T10:44:53.197,-930,,
multimetro,,,,5.465101900000263,2026-05-28T10:29:23.203,2026-05-28T10:44:53.203,-930,21.0,0.000466396
balanza,8.0,,Error desde Arduino: HX711 not found.,5.482333700000709,2026-05-28T10:29:23.213,2026-05-28T10:44:53.213,-930,,
multimetro,,,,5.714553100000558,2026-05-28T10:29:23.447,2026-05-28T10:44:53.447,-930,22.0,0.000326049
multimetro,,,,5.965272400000686,2026-05-28T10:29:23.700,2026-05-28T10:44:53.700,-930,23.0,7.1823e-05
multimetro,,,,6.215037200000552,2026-05-28T10:29:23.949,2026-05-28T10:44:53.949,-930,24.0,8.2889e-05
multimetro,,,,6.465038600000298,2026-05-28T10:29:24.197,2026-05-28T10:44:54.197,-930,25.0,6.6828e-05
balanza,9.0,8.24,,6.473525500000505,2026-05-28T10:29:24.207,2026-05-28T10:44:54.207,-930,,
balanza,10.0,,Error desde Arduino: HX711 not found.,6.4965172000001985,2026-05-28T10:29:24.234,2026-05-28T10:44:54.234,-930,,
multimetro,,,,6.743377400000099,2026-05-28T10:29:24.480,2026-05-28T10:44:54.480,-930,26.0,0.000131176
multimetro,,,,6.965622900000199,2026-05-28T10:29:24.697,2026-05-28T10:44:54.697,-930,27.0,0.000100929
multimetro,,,,7.214693100000659,2026-05-28T10:29:24.947,2026-05-28T10:44:54.947,-930,28.0,1.7673e-05
multimetro,,,,7.4648259000005055,2026-05-28T10:29:25.197,2026-05-28T10:44:55.197,-930,29.0,-0.000125271
balanza,11.0,7.2,,7.488158900000599,2026-05-28T10:29:25.223,2026-05-28T10:44:55.223,-930,,
balanza,12.0,,Error desde Arduino: HX711 not found.,7.511253500000748,2026-05-28T10:29:25.247,2026-05-28T10:44:55.247,-930,,
multimetro,,,,7.715239300000576,2026-05-28T10:29:25.447,2026-05-28T10:44:55.447,-930,30.0,-0.000237004
multimetro,,,,7.965216600000531,2026-05-28T10:29:25.697,2026-05-28T10:44:55.697,-930,31.0,-0.000342414
multimetro,,,,8.214619400000629,2026-05-28T10:29:25.953,2026-05-28T10:44:55.953,-930,32.0,-0.000441468
multimetro,,,,8.465155200000481,2026-05-28T10:29:26.197,2026-05-28T10:44:56.197,-930,33.0,-0.000526681
balanza,13.0,2.7,,8.502672800000255,2026-05-28T10:29:26.239,2026-05-28T10:44:56.239,-930,,
balanza,14.0,2.77,,8.513739800000621,2026-05-28T10:29:26.250,2026-05-28T10:44:56.250,-930,,
balanza,15.0,,Error desde Arduino: HX711 not found.,8.53707410000061,2026-05-28T10:29:26.276,2026-05-28T10:44:56.276,-930,,
multimetro,,,,8.715490800000225,2026-05-28T10:29:26.447,2026-05-28T10:44:56.447,-930,34.0,-0.000596735
multimetro,,,,8.965150100000756,2026-05-28T10:29:26.704,2026-05-28T10:44:56.704,-930,35.0,-0.000649261
multimetro,,,,9.215182500000083,2026-05-28T10:29:26.947,2026-05-28T10:44:56.947,-930,36.0,-0.000682346
multimetro,,,,9.465336799999932,2026-05-28T10:29:27.197,2026-05-28T10:44:57.197,-930,37.0,-0.000688649
balanza,16.0,-3.55,,9.529350400000112,2026-05-28T10:29:27.268,2026-05-28T10:44:57.268,-930,,
balanza,17.0,,Error desde Arduino: HX711 not found.,9.552461799999946,2026-05-28T10:29:27.290,2026-05-28T10:44:57.290,-930,,
multimetro,,,,9.71520910000072,2026-05-28T10:29:27.454,2026-05-28T10:44:57.454,-930,38.0,-0.000733271
multimetro,,,,9.964735000000474,2026-05-28T10:29:27.697,2026-05-28T10:44:57.697,-930,39.0,-0.000779202
multimetro,,,,10.214705000000322,2026-05-28T10:29:27.950,2026-05-28T10:44:57.950,-930,40.0,-0.000830336
multimetro,,,,10.464932200000476,2026-05-28T10:29:28.203,2026-05-28T10:44:58.203,-930,41.0,-0.000869461
balanza,18.0,-5.28,,10.544914500000232,2026-05-28T10:29:28.280,2026-05-28T10:44:58.280,-930,,
balanza,19.0,,Error desde Arduino: HX711 not found.,10.568059400000493,2026-05-28T10:29:28.297,2026-05-28T10:44:58.297,-930,,
multimetro,,,,10.714787100000649,2026-05-28T10:29:28.448,2026-05-28T10:44:58.448,-930,42.0,-0.000912408
multimetro,,,,10.964907600000515,2026-05-28T10:29:28.700,2026-05-28T10:44:58.700,-930,43.0,-0.000939462
multimetro,,,,11.215338599999995,2026-05-28T10:29:28.954,2026-05-28T10:44:58.954,-930,44.0,-0.000959774
multimetro,,,,11.465045900000405,2026-05-28T10:29:29.197,2026-05-28T10:44:59.197,-930,45.0,-0.000976138
balanza,20.0,-6.87,,11.560463900000286,2026-05-28T10:29:29.297,2026-05-28T10:44:59.297,-930,,
balanza,21.0,,Error desde Arduino: HX711 not found.,11.583698500000537,2026-05-28T10:29:29.313,2026-05-28T10:44:59.313,-930,,
multimetro,,,,11.71509640000022,2026-05-28T10:29:29.447,2026-05-28T10:44:59.447,-930,46.0,-0.00098394
multimetro,,,,11.96514550000029,2026-05-28T10:29:29.704,2026-05-28T10:44:59.704,-930,47.0,-0.000994085
multimetro,,,,12.215094000000136,2026-05-28T10:29:29.947,2026-05-28T10:44:59.947,-930,48.0,-0.001005371
multimetro,,,,12.46514340000067,2026-05-28T10:29:30.197,2026-05-28T10:45:00.197,-930,49.0,-0.001018103
balanza,22.0,-9.75,,12.575900400000137,2026-05-28T10:29:30.314,2026-05-28T10:45:00.314,-930,,
balanza,23.0,-9.07,,12.588083900000129,2026-05-28T10:29:30.327,2026-05-28T10:45:00.327,-930,,
balanza,24.0,,Error desde Arduino: HX711 not found.,12.611185600000681,2026-05-28T10:29:30.347,2026-05-28T10:45:00.347,-930,,
multimetro,,,,12.715223600000172,2026-05-28T10:29:30.454,2026-05-28T10:45:00.454,-930,50.0,-0.001026981
multimetro,,,,12.965194500000507,2026-05-28T10:29:30.697,2026-05-28T10:45:00.697,-930,51.0,-0.001048098
multimetro,,,,13.215276599999925,2026-05-28T10:29:30.950,2026-05-28T10:45:00.950,-930,52.0,-0.001066452
multimetro,,,,13.46516690000044,2026-05-28T10:29:31.203,2026-05-28T10:45:01.203,-930,53.0,-0.001081267
balanza,25.0,-15.06,,13.604739100000188,2026-05-28T10:29:31.340,2026-05-28T10:45:01.340,-930,,
balanza,26.0,,Error desde Arduino: HX711 not found.,13.628088800000114,2026-05-28T10:29:31.366,2026-05-28T10:45:01.366,-930,,
multimetro,,,,13.715190700000676,2026-05-28T10:29:31.447,2026-05-28T10:45:01.447,-930,54.0,-0.001115471
multimetro,,,,13.965085000000727,2026-05-28T10:29:31.700,2026-05-28T10:45:01.700,-930,55.0,-0.001145708
multimetro,,,,14.215539400000125,2026-05-28T10:29:31.954,2026-05-28T10:45:01.954,-930,56.0,-0.001166229
multimetro,,,,14.46519250000074,2026-05-28T10:29:32.202,2026-05-28T10:45:02.202,-930,57.0,-0.001176521
balanza,27.0,-18.2,,14.621399200000269,2026-05-28T10:29:32.360,2026-05-28T10:45:02.360,-930,,
balanza,28.0,,Error desde Arduino: HX711 not found.,14.644568700000491,2026-05-28T10:29:32.380,2026-05-28T10:45:02.380,-930,,
multimetro,,,,14.715011000000231,2026-05-28T10:29:32.450,2026-05-28T10:45:02.450,-930,58.0,-0.00117539
multimetro,,,,14.965058499999941,2026-05-28T10:29:32.703,2026-05-28T10:45:02.703,-930,59.0,-0.001190215
multimetro,,,,15.215161300000545,2026-05-28T10:29:32.947,2026-05-28T10:45:02.947,-930,60.0,-0.001199146
multimetro,,,,15.464922600000136,2026-05-28T10:29:33.200,2026-05-28T10:45:03.200,-930,61.0,-0.001211175
balanza,29.0,-19.62,,15.637944200000675,2026-05-28T10:29:33.376,2026-05-28T10:45:03.376,-930,,
balanza,30.0,,Error desde Arduino: HX711 not found.,15.66126770000028,2026-05-28T10:29:33.397,2026-05-28T10:45:03.397,-930,,
multimetro,,,,15.71508040000026,2026-05-28T10:29:33.453,2026-05-28T10:45:03.453,-930,62.0,-0.001227121
multimetro,,,,15.96556370000053,2026-05-28T10:29:33.697,2026-05-28T10:45:03.697,-930,63.0,-0.001240899
multimetro,,,,16.215298900000562,2026-05-28T10:29:33.947,2026-05-28T10:45:03.947,-930,64.0,-0.001258897
multimetro,,,,16.465104500000052,2026-05-28T10:29:34.203,2026-05-28T10:45:04.203,-930,65.0,-0.001265053
balanza,31.0,-20.87,,16.654637200000252,2026-05-28T10:29:34.393,2026-05-28T10:45:04.393,-930,,
balanza,32.0,-18.81,,16.667886199999884,2026-05-28T10:29:34.397,2026-05-28T10:45:04.397,-930,,
balanza,33.0,,Error desde Arduino: HX711 not found.,16.691394800000126,2026-05-28T10:29:34.430,2026-05-28T10:45:04.430,-930,,
multimetro,,,,16.71548299999995,2026-05-28T10:29:34.447,2026-05-28T10:45:04.447,-930,66.0,-0.001280213
multimetro,,,,16.965187300000252,2026-05-28T10:29:34.697,2026-05-28T10:45:04.697,-930,67.0,-0.00129976
multimetro,,,,17.21519100000023,2026-05-28T10:29:34.954,2026-05-28T10:45:04.954,-930,68.0,-0.00132918
multimetro,,,,17.46520910000072,2026-05-28T10:29:35.197,2026-05-28T10:45:05.197,-930,69.0,-0.001344613
balanza,34.0,-22.75,,17.684596400000373,2026-05-28T10:29:35.416,2026-05-28T10:45:05.416,-930,,
balanza,35.0,,Error desde Arduino: HX711 not found.,17.707977000000028,2026-05-28T10:29:35.446,2026-05-28T10:45:05.446,-930,,
multimetro,,,,17.715360400000463,2026-05-28T10:29:35.450,2026-05-28T10:45:05.450,-930,70.0,-0.001358694
multimetro,,,,17.96504880000066,2026-05-28T10:29:35.697,2026-05-28T10:45:05.697,-930,71.0,-0.001364107
multimetro,,,,18.21512359999997,2026-05-28T10:29:35.947,2026-05-28T10:45:05.947,-930,72.0,-0.001376598
multimetro,,,,18.465095399999882,2026-05-28T10:29:36.197,2026-05-28T10:45:06.197,-930,73.0,-0.001392166
balanza,36.0,-27.93,,18.701403000000028,2026-05-28T10:29:36.439,2026-05-28T10:45:06.439,-930,,
multimetro,,,,18.71514019999995,2026-05-28T10:29:36.447,2026-05-28T10:45:06.447,-930,74.0,-0.001407002
balanza,37.0,,Error desde Arduino: HX711 not found.,18.724689900000158,2026-05-28T10:29:36.463,2026-05-28T10:45:06.463,-930,,
multimetro,,,,18.96501740000076,2026-05-28T10:29:36.697,2026-05-28T10:45:06.697,-930,75.0,-0.001427837
multimetro,,,,19.21517550000044,2026-05-28T10:29:36.947,2026-05-28T10:45:06.947,-930,76.0,-0.001456325
multimetro,,,,19.465222300000278,2026-05-28T10:29:37.197,2026-05-28T10:45:07.197,-930,77.0,-0.001463015
multimetro,,,,19.71527630000037,2026-05-28T10:29:37.447,2026-05-28T10:45:07.447,-930,78.0,-0.001497586
balanza,38.0,-27.5,,19.718220100000508,2026-05-28T10:29:37.457,2026-05-28T10:45:07.457,-930,,
balanza,39.0,,Error desde Arduino: HX711 not found.,19.7414088000005,2026-05-28T10:29:37.480,2026-05-28T10:45:07.480,-930,,
multimetro,,,,19.96522020000066,2026-05-28T10:29:37.697,2026-05-28T10:45:07.697,-930,79.0,-0.001526116
multimetro,,,,20.21544610000001,2026-05-28T10:29:37.947,2026-05-28T10:45:07.947,-930,80.0,-0.001550877
multimetro,,,,20.465116500000477,2026-05-28T10:29:38.197,2026-05-28T10:45:08.197,-930,81.0,-0.001554992
multimetro,,,,20.714985600000546,2026-05-28T10:29:38.450,2026-05-28T10:45:08.450,-930,82.0,-0.001556604
balanza,40.0,-28.2,,20.734804000000622,2026-05-28T10:29:38.473,2026-05-28T10:45:08.473,-930,,
balanza,41.0,-26.45,,20.747867600000063,2026-05-28T10:29:38.480,2026-05-28T10:45:08.480,-930,,
multimetro,,,,20.974718200000098,2026-05-28T10:29:38.713,2026-05-28T10:45:08.713,-930,83.0,-0.001587385
balanza,42.0,-28.49,,21.013325500000064,2026-05-28T10:29:38.747,2026-05-28T10:45:08.747,-930,,
multimetro,,,,21.229595200000404,2026-05-28T10:29:38.968,2026-05-28T10:45:08.968,-930,84.0,-0.001611277
multimetro,,,,21.46477279999999,2026-05-28T10:29:39.198,2026-05-28T10:45:09.198,-930,85.0,-0.001640478
balanza,43.0,-27.95,,21.513465500000166,2026-05-28T10:29:39.247,2026-05-28T10:45:09.247,-930,,
multimetro,,,,21.714868000000024,2026-05-28T10:29:39.447,2026-05-28T10:45:09.447,-930,86.0,-0.001665092
multimetro,,,,21.965218400000595,2026-05-28T10:29:39.697,2026-05-28T10:45:09.697,-930,87.0,-0.001684021
balanza,44.0,-32.9,,22.01324240000031,2026-05-28T10:29:39.747,2026-05-28T10:45:09.747,-930,,
multimetro,,,,22.214769200000774,2026-05-28T10:29:39.953,2026-05-28T10:45:09.953,-930,88.0,-0.001696972
multimetro,,,,22.465161900000567,2026-05-28T10:29:40.197,2026-05-28T10:45:10.197,-930,89.0,-0.001730549
balanza,45.0,-30.13,,22.51327020000008,2026-05-28T10:29:40.250,2026-05-28T10:45:10.250,-930,,
multimetro,,,,22.71468360000017,2026-05-28T10:29:40.447,2026-05-28T10:45:10.447,-930,90.0,-0.001741155
multimetro,,,,22.964740000000347,2026-05-28T10:29:40.703,2026-05-28T10:45:10.703,-930,91.0,-0.001755781
balanza,46.0,-31.24,,23.013668500000676,2026-05-28T10:29:40.747,2026-05-28T10:45:10.747,-930,,
multimetro,,,,23.215389400000277,2026-05-28T10:29:40.947,2026-05-28T10:45:10.947,-930,92.0,-0.001760817
multimetro,,,,23.464836600000126,2026-05-28T10:29:41.200,2026-05-28T10:45:11.200,-930,93.0,-0.001769015
balanza,47.0,-33.21,,23.513730200000282,2026-05-28T10:29:41.247,2026-05-28T10:45:11.247,-930,,
multimetro,,,,23.715031900000213,2026-05-28T10:29:41.447,2026-05-28T10:45:11.447,-930,94.0,-0.001783233
multimetro,,,,23.96523200000047,2026-05-28T10:29:41.697,2026-05-28T10:45:11.697,-930,95.0,-0.001804193
balanza,48.0,-31.12,,24.01363290000063,2026-05-28T10:29:41.747,2026-05-28T10:45:11.747,-930,,
multimetro,,,,24.215131400000246,2026-05-28T10:29:41.950,2026-05-28T10:45:11.950,-930,96.0,-0.001821091
multimetro,,,,24.46476090000033,2026-05-28T10:29:42.203,2026-05-28T10:45:12.203,-930,97.0,-0.00183398
balanza,49.0,-30.99,,24.513727200000176,2026-05-28T10:29:42.247,2026-05-28T10:45:12.247,-930,,
multimetro,,,,24.715202899999895,2026-05-28T10:29:42.448,2026-05-28T10:45:12.448,-930,98.0,-0.001860699
multimetro,,,,24.965326300000015,2026-05-28T10:29:42.704,2026-05-28T10:45:12.704,-930,99.0,-0.001880769
balanza,50.0,-33.96,,25.01385389999996,2026-05-28T10:29:42.749,2026-05-28T10:45:12.749,-930,,
multimetro,,,,25.215253200000006,2026-05-28T10:29:42.950,2026-05-28T10:45:12.950,-930,100.0,-0.001890171
multimetro,,,,25.46467500000017,2026-05-28T10:29:43.197,2026-05-28T10:45:13.197,-930,101.0,-0.001902902
balanza,51.0,-34.1,,25.513517100000172,2026-05-28T10:29:43.252,2026-05-28T10:45:13.252,-930,,
multimetro,,,,25.715168700000504,2026-05-28T10:29:43.453,2026-05-28T10:45:13.453,-930,102.0,-0.001924679
multimetro,,,,25.965264500000558,2026-05-28T10:29:43.704,2026-05-28T10:45:13.704,-930,103.0,-0.001940866
balanza,52.0,-35.17,,26.013583900000413,2026-05-28T10:29:43.747,2026-05-28T10:45:13.747,-930,,
multimetro,,,,26.215121100000033,2026-05-28T10:29:43.947,2026-05-28T10:45:13.947,-930,104.0,-0.001955167
multimetro,,,,26.465042600000743,2026-05-28T10:29:44.197,2026-05-28T10:45:14.197,-930,105.0,-0.001974505
balanza,53.0,-38.23,,26.51375520000056,2026-05-28T10:29:44.247,2026-05-28T10:45:14.247,-930,,
multimetro,,,,26.71587570000065,2026-05-28T10:29:44.447,2026-05-28T10:45:14.447,-930,106.0,-0.002000554
multimetro,,,,26.964773100000457,2026-05-28T10:29:44.697,2026-05-28T10:45:14.697,-930,107.0,-0.002027471
balanza,54.0,-34.03,,27.01374450000003,2026-05-28T10:29:44.747,2026-05-28T10:45:14.747,-930,,
multimetro,,,,27.215089199999966,2026-05-28T10:29:44.953,2026-05-28T10:45:14.953,-930,108.0,-0.002038142
multimetro,,,,27.464786999999887,2026-05-28T10:29:45.203,2026-05-28T10:45:15.203,-930,109.0,-0.002046968
balanza,55.0,-37.77,,27.513632700000016,2026-05-28T10:29:45.250,2026-05-28T10:45:15.250,-930,,
multimetro,,,,27.715139400000226,2026-05-28T10:29:45.447,2026-05-28T10:45:15.447,-930,110.0,-0.002062725
multimetro,,,,27.965161900000567,2026-05-28T10:29:45.704,2026-05-28T10:45:15.704,-930,111.0,-0.002084282
balanza,56.0,-37.42,,28.013742500000262,2026-05-28T10:29:45.747,2026-05-28T10:45:15.747,-930,,
multimetro,,,,28.21518990000004,2026-05-28T10:29:45.954,2026-05-28T10:45:15.954,-930,112.0,-0.002089423
multimetro,,,,28.464980100000503,2026-05-28T10:29:46.200,2026-05-28T10:45:16.200,-930,113.0,-0.002103295
balanza,57.0,-36.62,,28.513710600000195,2026-05-28T10:29:46.247,2026-05-28T10:45:16.247,-930,,
multimetro,,,,28.715192399999978,2026-05-28T10:29:46.454,2026-05-28T10:45:16.454,-930,114.0,-0.002120215
multimetro,,,,28.965133900000183,2026-05-28T10:29:46.697,2026-05-28T10:45:16.697,-930,115.0,-0.002138254
balanza,58.0,-40.18,,29.013730900000155,2026-05-28T10:29:46.750,2026-05-28T10:45:16.750,-930,,
multimetro,,,,29.215243000000555,2026-05-28T10:29:46.947,2026-05-28T10:45:16.947,-930,116.0,-0.002145949
multimetro,,,,29.464904800000113,2026-05-28T10:29:47.203,2026-05-28T10:45:17.203,-930,117.0,-0.002155979
balanza,59.0,-37.18,,29.513736100000642,2026-05-28T10:29:47.247,2026-05-28T10:45:17.247,-930,,
multimetro,,,,29.715159500000482,2026-05-28T10:29:47.447,2026-05-28T10:45:17.447,-930,118.0,-0.002170804
multimetro,,,,29.96518390000074,2026-05-28T10:29:47.700,2026-05-28T10:45:17.700,-930,119.0,-0.002179641
balanza,60.0,-36.47,,30.013732000000346,2026-05-28T10:29:47.747,2026-05-28T10:45:17.747,-930,,
multimetro,,,,30.21508240000003,2026-05-28T10:29:47.953,2026-05-28T10:45:17.953,-930,120.0,-0.002196037
multimetro,,,,30.46517010000025,2026-05-28T10:29:48.197,2026-05-28T10:45:18.197,-930,121.0,-0.002213542
balanza,61.0,-39.69,,30.513736200000494,2026-05-28T10:29:48.250,2026-05-28T10:45:18.250,-930,,
multimetro,,,,30.715100000000348,2026-05-28T10:29:48.447,2026-05-28T10:45:18.447,-930,122.0,-0.002228681
multimetro,,,,30.965175300000737,2026-05-28T10:29:48.704,2026-05-28T10:45:18.704,-930,123.0,-0.00224425
balanza,62.0,-38.31,,31.013830900000357,2026-05-28T10:29:48.747,2026-05-28T10:45:18.747,-930,,
multimetro,,,,31.21507440000005,2026-05-28T10:29:48.947,2026-05-28T10:45:18.947,-930,124.0,-0.002251704
multimetro,,,,31.465000000000146,2026-05-28T10:29:49.200,2026-05-28T10:45:19.200,-930,125.0,-0.002252898
balanza,63.0,-37.93,,31.513827400000082,2026-05-28T10:29:49.247,2026-05-28T10:45:19.247,-930,,
multimetro,,,,31.7152587999999,2026-05-28T10:29:49.454,2026-05-28T10:45:19.454,-930,126.0,-0.002265346
multimetro,,,,31.965149100000417,2026-05-28T10:29:49.697,2026-05-28T10:45:19.697,-930,127.0,-0.002270351
balanza,64.0,-41.86,,32.01396230000046,2026-05-28T10:29:49.750,2026-05-28T10:45:19.750,-930,,
multimetro,,,,32.21539530000064,2026-05-28T10:29:49.950,2026-05-28T10:45:19.950,-930,128.0,-0.002290903
multimetro,,,,32.46504390000064,2026-05-28T10:29:50.203,2026-05-28T10:45:20.203,-930,129.0,-0.002290348
balanza,65.0,-38.88,,32.513826500000505,2026-05-28T10:29:50.247,2026-05-28T10:45:20.247,-930,,
multimetro,,,,32.715251600000556,2026-05-28T10:29:50.447,2026-05-28T10:45:20.447,-930,130.0,-0.002298127
multimetro,,,,32.965068900000006,2026-05-28T10:29:50.700,2026-05-28T10:45:20.700,-930,131.0,-0.002309162
balanza,66.0,-41.45,,33.01374940000005,2026-05-28T10:29:50.747,2026-05-28T10:45:20.747,-930,,
multimetro,,,,33.2153059000002,2026-05-28T10:29:50.954,2026-05-28T10:45:20.954,-930,132.0,-0.002297363
multimetro,,,,33.4653272000005,2026-05-28T10:29:51.197,2026-05-28T10:45:21.197,-930,133.0,-0.002307581
balanza,67.0,-41.28,,33.513619900000776,2026-05-28T10:29:51.250,2026-05-28T10:45:21.250,-930,,
multimetro,,,,33.71511950000058,2026-05-28T10:29:51.447,2026-05-28T10:45:21.447,-930,134.0,-0.002325516
multimetro,,,,33.965471500000604,2026-05-28T10:29:51.703,2026-05-28T10:45:21.703,-930,135.0,-0.002324877
balanza,68.0,-40.39,,34.01372140000058,2026-05-28T10:29:51.747,2026-05-28T10:45:21.747,-930,,
multimetro,,,,34.21516830000019,2026-05-28T10:29:51.947,2026-05-28T10:45:21.947,-930,136.0,-0.002337567
multimetro,,,,34.4652188,2026-05-28T10:29:52.200,2026-05-28T10:45:22.200,-930,137.0,-0.002344288
balanza,69.0,-43.8,,34.513745900000686,2026-05-28T10:29:52.247,2026-05-28T10:45:22.247,-930,,
multimetro,,,,34.715329500000735,2026-05-28T10:29:52.454,2026-05-28T10:45:22.454,-930,138.0,-0.0023539
multimetro,,,,34.96526660000018,2026-05-28T10:29:52.697,2026-05-28T10:45:22.697,-930,139.0,-0.002368013
balanza,70.0,-40.99,,35.01359540000067,2026-05-28T10:29:52.750,2026-05-28T10:45:22.750,-930,,
multimetro,,,,35.219180699999924,2026-05-28T10:29:52.957,2026-05-28T10:45:22.957,-930,140.0,-0.002377289
multimetro,,,,35.46481600000061,2026-05-28T10:29:53.203,2026-05-28T10:45:23.203,-930,141.0,-0.002387298
balanza,71.0,-40.51,,35.51386739999998,2026-05-28T10:29:53.247,2026-05-28T10:45:23.247,-930,,
multimetro,,,,35.71587980000004,2026-05-28T10:29:53.447,2026-05-28T10:45:23.447,-930,142.0,-0.002398899
multimetro,,,,35.964786400000776,2026-05-28T10:29:53.700,2026-05-28T10:45:23.700,-930,143.0,-0.002407044
balanza,72.0,-42.83,,36.01374380000016,2026-05-28T10:29:53.747,2026-05-28T10:45:23.747,-930,,
multimetro,,,,36.215105700000095,2026-05-28T10:29:53.947,2026-05-28T10:45:23.947,-930,144.0,-0.00241497
multimetro,,,,36.46534260000044,2026-05-28T10:29:54.198,2026-05-28T10:45:24.198,-930,145.0,-0.002428078
balanza,73.0,-42.17,,36.51369539999996,2026-05-28T10:29:54.250,2026-05-28T10:45:24.250,-930,,
multimetro,,,,36.715158100000735,2026-05-28T10:29:54.447,2026-05-28T10:45:24.447,-930,146.0,-0.002444809
multimetro,,,,36.965213000000404,2026-05-28T10:29:54.704,2026-05-28T10:45:24.704,-930,147.0,-0.002458555
balanza,74.0,-41.88,,37.0138108000001,2026-05-28T10:29:54.747,2026-05-28T10:45:24.747,-930,,
multimetro,,,,37.21526610000001,2026-05-28T10:29:54.954,2026-05-28T10:45:24.954,-930,148.0,-0.002467675
multimetro,,,,37.46543060000022,2026-05-28T10:29:55.204,2026-05-28T10:45:25.204,-930,149.0,-0.002482489
balanza,75.0,-45.08,,37.51367890000074,2026-05-28T10:29:55.247,2026-05-28T10:45:25.247,-930,,
multimetro,,,,37.71512750000056,2026-05-28T10:29:55.454,2026-05-28T10:45:25.454,-930,150.0,-0.002488583
multimetro,,,,37.9652171000007,2026-05-28T10:29:55.700,2026-05-28T10:45:25.700,-930,151.0,-0.002502738
balanza,76.0,-41.76,,38.01382080000076,2026-05-28T10:29:55.750,2026-05-28T10:45:25.750,-930,,
multimetro,,,,38.21554940000078,2026-05-28T10:29:55.950,2026-05-28T10:45:25.950,-930,152.0,-0.002533487
multimetro,,,,38.464972700000544,2026-05-28T10:29:56.203,2026-05-28T10:45:26.203,-930,153.0,-0.002536639
balanza,77.0,-45.58,,38.51367310000023,2026-05-28T10:29:56.247,2026-05-28T10:45:26.247,-930,,
multimetro,,,,38.71525970000039,2026-05-28T10:29:56.447,2026-05-28T10:45:26.447,-930,154.0,-0.002534545
multimetro,,,,38.96486679999998,2026-05-28T10:29:56.702,2026-05-28T10:45:26.702,-930,155.0,-0.002547622
balanza,78.0,-43.98,,39.013609100000394,2026-05-28T10:29:56.747,2026-05-28T10:45:26.747,-930,,
multimetro,,,,39.215042100000574,2026-05-28T10:29:56.947,2026-05-28T10:45:26.947,-930,156.0,-0.002564227
multimetro,,,,39.46512400000029,2026-05-28T10:29:57.201,2026-05-28T10:45:27.201,-930,157.0,-0.002569399
balanza,79.0,-42.89,,39.513728200000514,2026-05-28T10:29:57.247,2026-05-28T10:45:27.247,-930,,
multimetro,,,,39.71508679999988,2026-05-28T10:29:57.453,2026-05-28T10:45:27.453,-930,158.0,-0.002583261
multimetro,,,,39.96515140000065,2026-05-28T10:29:57.702,2026-05-28T10:45:27.702,-930,159.0,-0.00258681
balanza,80.0,-46.35,,40.013739500000156,2026-05-28T10:29:57.750,2026-05-28T10:45:27.750,-930,,
multimetro,,,,40.21522260000074,2026-05-28T10:29:57.947,2026-05-28T10:45:27.947,-930,160.0,-0.002595322
multimetro,,,,40.465099300000475,2026-05-28T10:29:58.204,2026-05-28T10:45:28.204,-930,161.0,-0.002603258
balanza,81.0,-44.2,,40.513726099999985,2026-05-28T10:29:58.247,2026-05-28T10:45:28.247,-930,,
multimetro,,,,40.71524610000051,2026-05-28T10:29:58.447,2026-05-28T10:45:28.447,-930,162.0,-0.002611382
multimetro,,,,40.96490580000045,2026-05-28T10:29:58.700,2026-05-28T10:45:28.700,-930,163.0,-0.002622952
balanza,82.0,-43.45,,41.01360509999995,2026-05-28T10:29:58.747,2026-05-28T10:45:28.747,-930,,
multimetro,,,,41.2152973000002,2026-05-28T10:29:58.947,2026-05-28T10:45:28.947,-930,164.0,-0.0026296
multimetro,,,,41.465113199999905,2026-05-28T10:29:59.197,2026-05-28T10:45:29.197,-930,165.0,-0.002637096
balanza,83.0,-47.11,,41.51366440000038,2026-05-28T10:29:59.247,2026-05-28T10:45:29.247,-930,,
multimetro,,,,41.71506180000051,2026-05-28T10:29:59.447,2026-05-28T10:45:29.447,-930,166.0,-0.00264119
multimetro,,,,41.96511140000075,2026-05-28T10:29:59.697,2026-05-28T10:45:29.697,-930,167.0,-0.0026579
balanza,84.0,-43.95,,42.01382680000006,2026-05-28T10:29:59.747,2026-05-28T10:45:29.747,-930,,
multimetro,,,,42.215215799999896,2026-05-28T10:29:59.947,2026-05-28T10:45:29.947,-930,168.0,-0.002683833
multimetro,,,,42.464854200000445,2026-05-28T10:30:00.197,2026-05-28T10:45:30.197,-930,169.0,-0.002686524
balanza,85.0,-46.66,,42.513687100000425,2026-05-28T10:30:00.247,2026-05-28T10:45:30.247,-930,,
multimetro,,,,42.715031000000636,2026-05-28T10:30:00.447,2026-05-28T10:45:30.447,-930,170.0,-0.002696564
multimetro,,,,42.96553130000029,2026-05-28T10:30:00.697,2026-05-28T10:45:30.697,-930,171.0,-0.002706061
balanza,86.0,-46.38,,43.01353720000043,2026-05-28T10:30:00.747,2026-05-28T10:45:30.747,-930,,
multimetro,,,,43.2150872000002,2026-05-28T10:30:00.947,2026-05-28T10:45:30.947,-930,172.0,-0.002711254
multimetro,,,,43.46513200000027,2026-05-28T10:30:01.197,2026-05-28T10:45:31.197,-930,173.0,-0.002723001
balanza,87.0,-44.99,,43.51376920000075,2026-05-28T10:30:01.247,2026-05-28T10:45:31.247,-930,,
multimetro,,,,43.71538270000019,2026-05-28T10:30:01.447,2026-05-28T10:45:31.447,-930,174.0,-0.002721776
multimetro,,,,43.9649202999999,2026-05-28T10:30:01.697,2026-05-28T10:45:31.697,-930,175.0,-0.002731523
balanza,88.0,-48.04,,44.013681800000086,2026-05-28T10:30:01.747,2026-05-28T10:45:31.747,-930,,
multimetro,,,,44.215181000000484,2026-05-28T10:30:01.947,2026-05-28T10:45:31.947,-930,176.0,-0.002741208
multimetro,,,,44.46510060000037,2026-05-28T10:30:02.197,2026-05-28T10:45:32.197,-930,177.0,-0.002760472
balanza,89.0,-45.98,,44.513650800000505,2026-05-28T10:30:02.247,2026-05-28T10:45:32.247,-930,,
multimetro,,,,44.7156829000005,2026-05-28T10:30:02.454,2026-05-28T10:45:32.454,-930,178.0,-0.002774889
multimetro,,,,44.96507400000064,2026-05-28T10:30:02.697,2026-05-28T10:45:32.697,-930,179.0,-0.002782134
balanza,90.0,-45.74,,45.01361220000035,2026-05-28T10:30:02.750,2026-05-28T10:45:32.750,-930,,
multimetro,,,,45.21502270000019,2026-05-28T10:30:02.947,2026-05-28T10:45:32.947,-930,180.0,-0.00278917
multimetro,,,,45.46521759999996,2026-05-28T10:30:03.204,2026-05-28T10:45:33.204,-930,181.0,-0.002790928
balanza,91.0,-46.73,,45.51389980000022,2026-05-28T10:30:03.247,2026-05-28T10:45:33.247,-930,,
multimetro,,,,45.715176800000336,2026-05-28T10:30:03.447,2026-05-28T10:45:33.447,-930,182.0,-0.002798215
multimetro,,,,45.96504580000055,2026-05-28T10:30:03.700,2026-05-28T10:45:33.700,-930,183.0,-0.002811753
balanza,92.0,-46.1,,46.01367460000074,2026-05-28T10:30:03.747,2026-05-28T10:45:33.747,-930,,
multimetro,,,,46.21509530000003,2026-05-28T10:30:03.953,2026-05-28T10:45:33.953,-930,184.0,-0.002823835
multimetro,,,,46.4652759999999,2026-05-28T10:30:04.197,2026-05-28T10:45:34.197,-930,185.0,-0.002831164
balanza,93.0,-48.36,,46.51379170000018,2026-05-28T10:30:04.250,2026-05-28T10:45:34.250,-930,,
multimetro,,,,46.715198599999894,2026-05-28T10:30:04.450,2026-05-28T10:45:34.450,-930,186.0,-0.002837268
multimetro,,,,46.96512060000077,2026-05-28T10:30:04.697,2026-05-28T10:45:34.697,-930,187.0,-0.002857317
balanza,94.0,-47.72,,47.01371689999996,2026-05-28T10:30:04.750,2026-05-28T10:45:34.750,-930,,
multimetro,,,,47.21538779999992,2026-05-28T10:30:04.947,2026-05-28T10:45:34.947,-930,188.0,-0.002869242
multimetro,,,,47.46520170000076,2026-05-28T10:30:05.204,2026-05-28T10:45:35.204,-930,189.0,-0.002881816
balanza,95.0,-47.46,,47.5135764000006,2026-05-28T10:30:05.247,2026-05-28T10:45:35.247,-930,,
multimetro,,,,47.7150642000006,2026-05-28T10:30:05.447,2026-05-28T10:45:35.447,-930,190.0,-0.00289415
multimetro,,,,47.964794900000015,2026-05-28T10:30:05.700,2026-05-28T10:45:35.700,-930,191.0,-0.002908944
balanza,96.0,-49.71,,48.01367150000078,2026-05-28T10:30:05.747,2026-05-28T10:45:35.747,-930,,
multimetro,,,,48.215114800000265,2026-05-28T10:30:05.947,2026-05-28T10:45:35.947,-930,192.0,-0.002935296
multimetro,,,,48.46516210000027,2026-05-28T10:30:06.197,2026-05-28T10:45:36.197,-930,193.0,-0.002967637
balanza,97.0,-47.45,,48.513696200000595,2026-05-28T10:30:06.247,2026-05-28T10:45:36.247,-930,,
multimetro,,,,48.71495870000035,2026-05-28T10:30:06.450,2026-05-28T10:45:36.450,-930,194.0,-0.002987917
multimetro,,,,48.96500730000025,2026-05-28T10:30:06.703,2026-05-28T10:45:36.703,-930,195.0,-0.003018939
balanza,98.0,-47.52,,49.01359030000003,2026-05-28T10:30:06.748,2026-05-28T10:45:36.748,-930,,
multimetro,,,,49.215057700000216,2026-05-28T10:30:06.949,2026-05-28T10:45:36.949,-930,196.0,-0.00302833
multimetro,,,,49.46933360000003,2026-05-28T10:30:07.200,2026-05-28T10:45:37.200,-930,197.0,-0.003031838
balanza,99.0,-48.38,,49.51322430000073,2026-05-28T10:30:07.250,2026-05-28T10:45:37.250,-930,,
multimetro,,,,49.71482780000042,2026-05-28T10:30:07.453,2026-05-28T10:45:37.453,-930,198.0,-0.003104948
multimetro,,,,49.9651072000006,2026-05-28T10:30:07.697,2026-05-28T10:45:37.697,-930,199.0,-0.003138954
balanza,100.0,-47.64,,50.013790800000606,2026-05-28T10:30:07.751,2026-05-28T10:45:37.751,-930,,
multimetro,,,,50.21532980000029,2026-05-28T10:30:07.952,2026-05-28T10:45:37.952,-930,200.0,-0.003159632
multimetro,,,,50.46500540000034,2026-05-28T10:30:08.203,2026-05-28T10:45:38.203,-930,201.0,-0.003210106
balanza,101.0,-51.1,,50.51362920000065,2026-05-28T10:30:08.247,2026-05-28T10:45:38.247,-930,,
multimetro,,,,50.71518540000034,2026-05-28T10:30:08.447,2026-05-28T10:45:38.447,-930,202.0,-0.00324295
multimetro,,,,50.96512990000065,2026-05-28T10:30:08.700,2026-05-28T10:45:38.700,-930,203.0,-0.003261199
balanza,102.0,-48.36,,51.013657200000125,2026-05-28T10:30:08.747,2026-05-28T10:45:38.747,-930,,
multimetro,,,,51.21528380000018,2026-05-28T10:30:08.954,2026-05-28T10:45:38.954,-930,204.0,-0.003289729
multimetro,,,,51.46511970000029,2026-05-28T10:30:09.204,2026-05-28T10:45:39.204,-930,205.0,-0.00327883
balanza,103.0,-50.08,,51.51347690000057,2026-05-28T10:30:09.247,2026-05-28T10:45:39.247,-930,,
multimetro,,,,51.715104700000666,2026-05-28T10:30:09.447,2026-05-28T10:45:39.447,-930,206.0,-0.003299204
multimetro,,,,51.96545760000026,2026-05-28T10:30:09.697,2026-05-28T10:45:39.697,-930,207.0,-0.003346601
balanza,104.0,-50.08,,52.01376230000005,2026-05-28T10:30:09.747,2026-05-28T10:45:39.747,-930,,
multimetro,,,,52.21514970000044,2026-05-28T10:30:09.947,2026-05-28T10:45:39.947,-930,208.0,-0.003353783
multimetro,,,,52.46485890000076,2026-05-28T10:30:10.197,2026-05-28T10:45:40.197,-930,209.0,-0.003355018
balanza,105.0,-49.07,,52.51365380000061,2026-05-28T10:30:10.247,2026-05-28T10:45:40.247,-930,,
multimetro,,,,52.71532240000033,2026-05-28T10:30:10.454,2026-05-28T10:45:40.454,-930,210.0,-0.003351825
multimetro,,,,52.96514860000025,2026-05-28T10:30:10.697,2026-05-28T10:45:40.697,-930,211.0,-0.003348558
balanza,106.0,-51.42,,53.013751700000284,2026-05-28T10:30:10.747,2026-05-28T10:45:40.747,-930,,
multimetro,,,,53.215144200000395,2026-05-28T10:30:10.947,2026-05-28T10:45:40.947,-930,212.0,-0.003356233
multimetro,,,,53.46509270000024,2026-05-28T10:30:11.197,2026-05-28T10:45:41.197,-930,213.0,-0.003390553
balanza,107.0,-49.8,,53.51354890000039,2026-05-28T10:30:11.247,2026-05-28T10:45:41.247,-930,,
multimetro,,,,53.715310300000056,2026-05-28T10:30:11.450,2026-05-28T10:45:41.450,-930,214.0,-0.003398112
multimetro,,,,53.96513279999999,2026-05-28T10:30:11.704,2026-05-28T10:45:41.704,-930,215.0,-0.003396761
balanza,108.0,-49.54,,54.01380640000025,2026-05-28T10:30:11.747,2026-05-28T10:45:41.747,-930,,
multimetro,,,,54.21516950000023,2026-05-28T10:30:11.947,2026-05-28T10:45:41.947,-930,216.0,-0.003390521
multimetro,,,,54.46541750000051,2026-05-28T10:30:12.197,2026-05-28T10:45:42.197,-930,217.0,-0.003395505
balanza,109.0,-52.35,,54.51364020000074,2026-05-28T10:30:12.247,2026-05-28T10:45:42.247,-930,,
multimetro,,,,54.715219000000616,2026-05-28T10:30:12.447,2026-05-28T10:45:42.447,-930,218.0,-0.00339094
multimetro,,,,54.96511400000054,2026-05-28T10:30:12.697,2026-05-28T10:45:42.697,-930,219.0,-0.003411995
balanza,110.0,-50.02,,55.01336410000022,2026-05-28T10:30:12.747,2026-05-28T10:45:42.747,-930,,
multimetro,,,,55.21490880000056,2026-05-28T10:30:12.947,2026-05-28T10:45:42.947,-930,220.0,-0.003432411
multimetro,,,,55.465342899999996,2026-05-28T10:30:13.204,2026-05-28T10:45:43.204,-930,221.0,-0.003434034
balanza,111.0,-52.87,,55.513540200000534,2026-05-28T10:30:13.247,2026-05-28T10:45:43.247,-930,,
multimetro,,,,55.71500820000074,2026-05-28T10:30:13.447,2026-05-28T10:45:43.447,-930,222.0,-0.003427825
multimetro,,,,55.96482450000076,2026-05-28T10:30:13.697,2026-05-28T10:45:43.697,-930,223.0,-0.00344286
balanza,112.0,-51.23,,56.01357050000024,2026-05-28T10:30:13.747,2026-05-28T10:45:43.747,-930,,
multimetro,,,,56.215189000000464,2026-05-28T10:30:13.947,2026-05-28T10:45:43.947,-930,224.0,-0.003457905
multimetro,,,,56.46513480000067,2026-05-28T10:30:14.197,2026-05-28T10:45:44.197,-930,225.0,-0.003472604
balanza,113.0,-50.35,,56.5135135999999,2026-05-28T10:30:14.247,2026-05-28T10:45:44.247,-930,,
multimetro,,,,56.715032600000086,2026-05-28T10:30:14.447,2026-05-28T10:45:44.447,-930,226.0,-0.003462658
multimetro,,,,56.965001000000484,2026-05-28T10:30:14.697,2026-05-28T10:45:44.697,-930,227.0,-0.003454345
balanza,114.0,-51.23,,57.01374240000041,2026-05-28T10:30:14.747,2026-05-28T10:45:44.747,-930,,
multimetro,,,,57.21533129999989,2026-05-28T10:30:14.947,2026-05-28T10:45:44.947,-930,228.0,-0.003473463
multimetro,,,,57.46486980000009,2026-05-28T10:30:15.197,2026-05-28T10:45:45.197,-930,229.0,-0.003485901
balanza,115.0,-50.97,,57.513735100000304,2026-05-28T10:30:15.247,2026-05-28T10:45:45.247,-930,,
multimetro,,,,57.71510320000016,2026-05-28T10:30:15.447,2026-05-28T10:45:45.447,-930,230.0,-0.003499386
multimetro,,,,57.965027300000656,2026-05-28T10:30:15.697,2026-05-28T10:45:45.697,-930,231.0,-0.003502977
balanza,116.0,-53.27,,58.01337370000056,2026-05-28T10:30:15.747,2026-05-28T10:45:45.747,-930,,
multimetro,,,,58.21486840000034,2026-05-28T10:30:15.947,2026-05-28T10:45:45.947,-930,232.0,-0.003502548
multimetro,,,,58.46512690000054,2026-05-28T10:30:16.196,2026-05-28T10:45:46.196,-930,233.0,-0.003502715
balanza,117.0,-51.86,,58.51360210000075,2026-05-28T10:30:16.247,2026-05-28T10:45:46.247,-930,,
multimetro,,,,58.715126500000224,2026-05-28T10:30:16.448,2026-05-28T10:45:46.448,-930,234.0,-0.003514337
multimetro,,,,58.96517420000055,2026-05-28T10:30:16.697,2026-05-28T10:45:46.697,-930,235.0,-0.00350661
balanza,118.0,-52.8,,59.01355220000005,2026-05-28T10:30:16.747,2026-05-28T10:45:46.747,-930,,
multimetro,,,,59.21529390000069,2026-05-28T10:30:16.947,2026-05-28T10:45:46.947,-930,236.0,-0.003545484
multimetro,,,,59.465227000000596,2026-05-28T10:30:17.197,2026-05-28T10:45:47.197,-930,237.0,-0.003555996
balanza,119.0,-53.32,,59.51338990000022,2026-05-28T10:30:17.247,2026-05-28T10:45:47.247,-930,,
multimetro,,,,59.714918300000136,2026-05-28T10:30:17.447,2026-05-28T10:45:47.447,-930,238.0,-0.003563586
multimetro,,,,59.96512510000048,2026-05-28T10:30:17.697,2026-05-28T10:45:47.697,-930,239.0,-0.003562288
balanza,120.0,-52.36,,60.013655100000506,2026-05-28T10:30:17.747,2026-05-28T10:45:47.747,-930,,
multimetro,,,,60.215146400000776,2026-05-28T10:30:17.947,2026-05-28T10:45:47.947,-930,240.0,-0.003565984
multimetro,,,,60.46514400000069,2026-05-28T10:30:18.197,2026-05-28T10:45:48.197,-930,241.0,-0.003572988
balanza,121.0,-54.54,,60.51359020000018,2026-05-28T10:30:18.247,2026-05-28T10:45:48.247,-930,,
multimetro,,,,60.715197600000465,2026-05-28T10:30:18.447,2026-05-28T10:45:48.447,-930,242.0,-0.003583824
multimetro,,,,60.96574409999994,2026-05-28T10:30:18.697,2026-05-28T10:45:48.697,-930,243.0,-0.003587311
balanza,122.0,-52.74,,61.01371660000041,2026-05-28T10:30:18.747,2026-05-28T10:45:48.747,-930,,
multimetro,,,,61.215168200000335,2026-05-28T10:30:18.954,2026-05-28T10:45:48.954,-930,244.0,-0.003607162
multimetro,,,,61.4649859000001,2026-05-28T10:30:19.203,2026-05-28T10:45:49.203,-930,245.0,-0.003606628
balanza,123.0,-52.84,,61.51360300000033,2026-05-28T10:30:19.250,2026-05-28T10:45:49.250,-930,,
multimetro,,,,61.71531070000037,2026-05-28T10:30:19.447,2026-05-28T10:45:49.447,-930,246.0,-0.003618762
multimetro,,,,61.96506630000022,2026-05-28T10:30:19.704,2026-05-28T10:45:49.704,-930,247.0,-0.003619139
balanza,124.0,-55.01,,62.01371930000005,2026-05-28T10:30:19.747,2026-05-28T10:45:49.747,-930,,
multimetro,,,,62.21514710000065,2026-05-28T10:30:19.947,2026-05-28T10:45:49.947,-930,248.0,-0.003624123
multimetro,,,,62.46506020000015,2026-05-28T10:30:20.202,2026-05-28T10:45:50.202,-930,249.0,-0.003619244
balanza,125.0,-52.44,,62.513610200000585,2026-05-28T10:30:20.247,2026-05-28T10:45:50.247,-930,,
multimetro,,,,62.71573630000057,2026-05-28T10:30:20.447,2026-05-28T10:45:50.447,-930,250.0,-0.003625955
multimetro,,,,62.964928899999904,2026-05-28T10:30:20.697,2026-05-28T10:45:50.697,-930,251.0,-0.003622563
balanza,126.0,-55.9,,63.013686600000256,2026-05-28T10:30:20.750,2026-05-28T10:45:50.750,-930,,
multimetro,,,,63.21513390000018,2026-05-28T10:30:20.950,2026-05-28T10:45:50.950,-930,252.0,-0.003622542
multimetro,,,,63.46524050000062,2026-05-28T10:30:21.197,2026-05-28T10:45:51.197,-930,253.0,-0.00364524
balanza,127.0,-53.51,,63.513540800000555,2026-05-28T10:30:21.247,2026-05-28T10:45:51.247,-930,,
multimetro,,,,63.71505720000005,2026-05-28T10:30:21.447,2026-05-28T10:45:51.447,-930,254.0,-0.003662976
multimetro,,,,63.96481970000059,2026-05-28T10:30:21.697,2026-05-28T10:45:51.697,-930,255.0,-0.003686868
balanza,128.0,-53.28,,64.01373599999988,2026-05-28T10:30:21.747,2026-05-28T10:45:51.747,-930,,
multimetro,,,,64.2151072000006,2026-05-28T10:30:21.947,2026-05-28T10:45:51.947,-930,256.0,-0.003678366
multimetro,,,,64.46526300000005,2026-05-28T10:30:22.204,2026-05-28T10:45:52.204,-930,257.0,-0.003679958
balanza,129.0,-53.88,,64.51357600000028,2026-05-28T10:30:22.247,2026-05-28T10:45:52.247,-930,,
multimetro,,,,64.71497369999997,2026-05-28T10:30:22.450,2026-05-28T10:45:52.450,-930,258.0,-0.00368737
multimetro,,,,64.96507939999992,2026-05-28T10:30:22.697,2026-05-28T10:45:52.697,-930,259.0,-0.003693987
balanza,130.0,-53.62,,65.01370430000043,2026-05-28T10:30:22.747,2026-05-28T10:45:52.747,-930,,
multimetro,,,,65.21532630000002,2026-05-28T10:30:22.947,2026-05-28T10:45:52.947,-930,260.0,-0.003693265
multimetro,,,,65.46486660000028,2026-05-28T10:30:23.197,2026-05-28T10:45:53.197,-930,261.0,-0.003721198
balanza,131.0,-56.45,,65.51370540000062,2026-05-28T10:30:23.247,2026-05-28T10:45:53.247,-930,,
multimetro,,,,65.7151543,2026-05-28T10:30:23.447,2026-05-28T10:45:53.447,-930,262.0,-0.003746891
multimetro,,,,65.96502400000008,2026-05-28T10:30:23.697,2026-05-28T10:45:53.697,-930,263.0,-0.003789932
balanza,132.0,-54.19,,66.01336900000024,2026-05-28T10:30:23.747,2026-05-28T10:45:53.747,-930,,
multimetro,,,,66.2149414000005,2026-05-28T10:30:23.950,2026-05-28T10:45:53.950,-930,264.0,-0.004023586
multimetro,,,,66.46502340000006,2026-05-28T10:30:24.204,2026-05-28T10:45:54.204,-930,265.0,-0.004215624
balanza,133.0,-56.45,,66.51370029999998,2026-05-28T10:30:24.247,2026-05-28T10:45:54.247,-930,,
multimetro,,,,66.71520310000051,2026-05-28T10:30:24.447,2026-05-28T10:45:54.447,-930,266.0,-0.004329148
multimetro,,,,66.96478260000004,2026-05-28T10:30:24.700,2026-05-28T10:45:54.700,-930,267.0,-0.004388752
balanza,134.0,-55.15,,67.01372410000022,2026-05-28T10:30:24.747,2026-05-28T10:45:54.747,-930,,
multimetro,,,,67.21511900000041,2026-05-28T10:30:24.947,2026-05-28T10:45:54.947,-930,268.0,-0.004448807
multimetro,,,,67.4649616000006,2026-05-28T10:30:25.197,2026-05-28T10:45:55.197,-930,269.0,-0.004471547
balanza,135.0,-54.48,,67.51351729999988,2026-05-28T10:30:25.247,2026-05-28T10:45:55.247,-930,,
multimetro,,,,67.71485870000015,2026-05-28T10:30:25.450,2026-05-28T10:45:55.450,-930,270.0,-0.004491283
multimetro,,,,67.96502920000057,2026-05-28T10:30:25.703,2026-05-28T10:45:55.703,-930,271.0,-0.0044968
balanza,136.0,-55.94,,68.01369530000011,2026-05-28T10:30:25.747,2026-05-28T10:45:55.747,-930,,
multimetro,,,,68.21516410000004,2026-05-28T10:30:25.954,2026-05-28T10:45:55.954,-930,272.0,-0.004504003
multimetro,,,,68.46480520000023,2026-05-28T10:30:26.200,2026-05-28T10:45:56.200,-930,273.0,-0.004513929
balanza,137.0,-54.81,,68.51369120000072,2026-05-28T10:30:26.247,2026-05-28T10:45:56.247,-930,,
multimetro,,,,68.71511310000005,2026-05-28T10:30:26.447,2026-05-28T10:45:56.447,-930,274.0,-0.004528743
multimetro,,,,68.96506099999988,2026-05-28T10:30:26.697,2026-05-28T10:45:56.697,-930,275.0,-0.004528827
balanza,138.0,-57.14,,69.01371680000011,2026-05-28T10:30:26.747,2026-05-28T10:45:56.747,-930,,
multimetro,,,,69.2150599000006,2026-05-28T10:30:26.950,2026-05-28T10:45:56.950,-930,276.0,-0.004536763
multimetro,,,,69.46504150000055,2026-05-28T10:30:27.204,2026-05-28T10:45:57.204,-930,277.0,-0.004545296
balanza,139.0,-56.42,,69.51388740000039,2026-05-28T10:30:27.247,2026-05-28T10:45:57.247,-930,,
multimetro,,,,69.71525760000077,2026-05-28T10:30:27.447,2026-05-28T10:45:57.447,-930,278.0,-0.004548175
multimetro,,,,69.96525110000039,2026-05-28T10:30:27.697,2026-05-28T10:45:57.697,-930,279.0,-0.004558509
balanza,140.0,-56.75,,70.01376950000031,2026-05-28T10:30:27.747,2026-05-28T10:45:57.747,-930,,
multimetro,,,,70.21516130000055,2026-05-28T10:30:27.947,2026-05-28T10:45:57.947,-930,280.0,-0.004569062
multimetro,,,,70.46498180000071,2026-05-28T10:30:28.197,2026-05-28T10:45:58.197,-930,281.0,-0.004580359
balanza,141.0,-56.83,,70.51374459999988,2026-05-28T10:30:28.247,2026-05-28T10:45:58.247,-930,,
multimetro,,,,70.71533110000018,2026-05-28T10:30:28.447,2026-05-28T10:45:58.447,-930,282.0,-0.004582516
multimetro,,,,70.9650246000001,2026-05-28T10:30:28.697,2026-05-28T10:45:58.697,-930,283.0,-0.004585605
balanza,142.0,-56.25,,71.01368840000032,2026-05-28T10:30:28.747,2026-05-28T10:45:58.747,-930,,
multimetro,,,,71.21513050000067,2026-05-28T10:30:28.947,2026-05-28T10:45:58.947,-930,284.0,-0.004592117
multimetro,,,,71.46492149999995,2026-05-28T10:30:29.197,2026-05-28T10:45:59.197,-930,285.0,-0.004602021
balanza,143.0,-58.14,,71.51360300000033,2026-05-28T10:30:29.247,2026-05-28T10:45:59.247,-930,,
multimetro,,,,71.71574370000053,2026-05-28T10:30:29.447,2026-05-28T10:45:59.447,-930,286.0,-0.004606419
multimetro,,,,71.96515410000029,2026-05-28T10:30:29.697,2026-05-28T10:45:59.697,-930,287.0,-0.004610251
balanza,144.0,-56.49,,72.01367890000074,2026-05-28T10:30:29.747,2026-05-28T10:45:59.747,-930,,
multimetro,,,,72.2149502000002,2026-05-28T10:30:29.953,2026-05-28T10:45:59.953,-930,288.0,-0.004614323
multimetro,,,,72.46518180000021,2026-05-28T10:30:30.197,2026-05-28T10:46:00.197,-930,289.0,-0.004622155
balanza,145.0,-57.8,,72.51355550000062,2026-05-28T10:30:30.250,2026-05-28T10:46:00.250,-930,,
multimetro,,,,72.71512770000027,2026-05-28T10:30:30.448,2026-05-28T10:46:00.448,-930,290.0,-0.004626416
multimetro,,,,72.96499160000076,2026-05-28T10:30:30.703,2026-05-28T10:46:00.703,-930,291.0,-0.004629222
balanza,146.0,-57.87,,73.01367430000028,2026-05-28T10:30:30.749,2026-05-28T10:46:00.749,-930,,
multimetro,,,,73.21520180000061,2026-05-28T10:30:30.950,2026-05-28T10:46:00.950,-930,292.0,-0.004634478
multimetro,,,,73.46537410000019,2026-05-28T10:30:31.200,2026-05-28T10:46:01.200,-930,293.0,-0.004640089
balanza,147.0,-57.53,,73.51348080000025,2026-05-28T10:30:31.252,2026-05-28T10:46:01.252,-930,,
multimetro,,,,73.71509930000047,2026-05-28T10:30:31.454,2026-05-28T10:46:01.454,-930,294.0,-0.004648423
multimetro,,,,73.96499060000042,2026-05-28T10:30:31.703,2026-05-28T10:46:01.703,-930,295.0,-0.004665185
balanza,148.0,-58.55,,74.01366700000017,2026-05-28T10:30:31.747,2026-05-28T10:46:01.747,-930,,
multimetro,,,,74.2151973,2026-05-28T10:30:31.947,2026-05-28T10:46:01.947,-930,296.0,-0.004676702
multimetro,,,,74.46514560000014,2026-05-28T10:30:32.196,2026-05-28T10:46:02.196,-930,297.0,-0.004688208
balanza,149.0,-57.48,,74.51368300000013,2026-05-28T10:30:32.250,2026-05-28T10:46:02.250,-930,,
multimetro,,,,74.71526369999992,2026-05-28T10:30:32.447,2026-05-28T10:46:02.447,-930,298.0,-0.004694291
multimetro,,,,74.9650259,2026-05-28T10:30:32.703,2026-05-28T10:46:02.703,-930,299.0,-0.004696689
balanza,150.0,-58.74,,75.01381829999991,2026-05-28T10:30:32.747,2026-05-28T10:46:02.747,-930,,
multimetro,,,,75.21531250000044,2026-05-28T10:30:32.947,2026-05-28T10:46:02.947,-930,300.0,-0.004696092
multimetro,,,,75.46498780000002,2026-05-28T10:30:33.200,2026-05-28T10:46:03.200,-930,301.0,-0.00470563
balanza,151.0,-58.02,,75.51372040000024,2026-05-28T10:30:33.247,2026-05-28T10:46:03.247,-930,,
multimetro,,,,75.71508030000041,2026-05-28T10:30:33.454,2026-05-28T10:46:03.454,-930,302.0,-0.004710478
multimetro,,,,75.96500809999998,2026-05-28T10:30:33.697,2026-05-28T10:46:03.697,-930,303.0,-0.004718623
balanza,152.0,-58.63,,76.01343580000048,2026-05-28T10:30:33.747,2026-05-28T10:46:03.747,-930,,
multimetro,,,,76.2149543000005,2026-05-28T10:30:33.950,2026-05-28T10:46:03.950,-930,304.0,-0.004726161
multimetro,,,,76.4650571000002,2026-05-28T10:30:34.203,2026-05-28T10:46:04.203,-930,305.0,-0.004732715
balanza,153.0,-58.67,,76.5137795999999,2026-05-28T10:30:34.247,2026-05-28T10:46:04.247,-930,,
multimetro,,,,76.71522610000011,2026-05-28T10:30:34.447,2026-05-28T10:46:04.447,-930,306.0,-0.004733459
multimetro,,,,76.96484790000068,2026-05-28T10:30:34.697,2026-05-28T10:46:04.697,-930,307.0,-0.004733406
balanza,154.0,-57.83,,77.01368910000019,2026-05-28T10:30:34.747,2026-05-28T10:46:04.747,-930,,
multimetro,,,,77.21537830000034,2026-05-28T10:30:34.954,2026-05-28T10:46:04.954,-930,308.0,-0.00473528
multimetro,,,,77.46507190000011,2026-05-28T10:30:35.204,2026-05-28T10:46:05.204,-930,309.0,-0.004740065
balanza,155.0,-59.68,,77.51365470000019,2026-05-28T10:30:35.247,2026-05-28T10:46:05.247,-930,,
multimetro,,,,77.72309060000043,2026-05-28T10:30:35.456,2026-05-28T10:46:05.456,-930,310.0,-0.004747603
multimetro,,,,77.96492360000047,2026-05-28T10:30:35.703,2026-05-28T10:46:05.703,-930,311.0,-0.00475756
balanza,156.0,-58.36,,78.01378790000035,2026-05-28T10:30:35.750,2026-05-28T10:46:05.750,-930,,
multimetro,,,,78.2151829000004,2026-05-28T10:30:35.947,2026-05-28T10:46:05.947,-930,312.0,-0.004767768
multimetro,,,,78.46504390000064,2026-05-28T10:30:36.204,2026-05-28T10:46:06.204,-930,313.0,-0.00477383
balanza,157.0,-59.75,,78.51374329999999,2026-05-28T10:30:36.247,2026-05-28T10:46:06.247,-930,,
multimetro,,,,78.71521600000051,2026-05-28T10:30:36.447,2026-05-28T10:46:06.447,-930,314.0,-0.004777934
multimetro,,,,78.96576330000062,2026-05-28T10:30:36.700,2026-05-28T10:46:06.700,-930,315.0,-0.004780981
balanza,158.0,-59.53,,79.01365010000063,2026-05-28T10:30:36.747,2026-05-28T10:46:06.747,-930,,
multimetro,,,,79.21515610000006,2026-05-28T10:30:36.947,2026-05-28T10:46:06.947,-930,316.0,-0.004790309
multimetro,,,,79.46496970000044,2026-05-28T10:30:37.197,2026-05-28T10:46:07.197,-930,317.0,-0.004801659
balanza,159.0,-59.98,,79.51374720000058,2026-05-28T10:30:37.250,2026-05-28T10:46:07.250,-930,,
multimetro,,,,79.71532210000078,2026-05-28T10:30:37.450,2026-05-28T10:46:07.450,-930,318.0,-0.004815573
multimetro,,,,79.96499350000067,2026-05-28T10:30:37.703,2026-05-28T10:46:07.703,-930,319.0,-0.004824085
balanza,160.0,-59.97,,80.01378449999993,2026-05-28T10:30:37.747,2026-05-28T10:46:07.747,-930,,
multimetro,,,,80.21527240000069,2026-05-28T10:30:37.947,2026-05-28T10:46:07.947,-930,320.0,-0.004830587
multimetro,,,,80.46507170000041,2026-05-28T10:30:38.200,2026-05-28T10:46:08.200,-930,321.0,-0.004839894
balanza,161.0,-59.36,,80.51364439999998,2026-05-28T10:30:38.247,2026-05-28T10:46:08.247,-930,,
multimetro,,,,80.7157674,2026-05-28T10:30:38.454,2026-05-28T10:46:08.454,-930,322.0,-0.004845286
multimetro,,,,80.96502240000063,2026-05-28T10:30:38.704,2026-05-28T10:46:08.704,-930,323.0,-0.00484849
balanza,162.0,-61.36,,81.01378340000065,2026-05-28T10:30:38.750,2026-05-28T10:46:08.750,-930,,
multimetro,,,,81.21523960000013,2026-05-28T10:30:38.947,2026-05-28T10:46:08.947,-930,324.0,-0.00485206
multimetro,,,,81.46521380000013,2026-05-28T10:30:39.203,2026-05-28T10:46:09.203,-930,325.0,-0.00485451
balanza,163.0,-59.44,,81.51364170000033,2026-05-28T10:30:39.247,2026-05-28T10:46:09.247,-930,,
multimetro,,,,81.71488050000062,2026-05-28T10:30:39.447,2026-05-28T10:46:09.447,-930,326.0,-0.004855358
multimetro,,,,81.96514600000046,2026-05-28T10:30:39.700,2026-05-28T10:46:09.700,-930,327.0,-0.004856792
balanza,164.0,-61.32,,82.01351020000038,2026-05-28T10:30:39.747,2026-05-28T10:46:09.747,-930,,
multimetro,,,,82.21488090000003,2026-05-28T10:30:39.947,2026-05-28T10:46:09.947,-930,328.0,-0.004863545
multimetro,,,,82.46531279999999,2026-05-28T10:30:40.197,2026-05-28T10:46:10.197,-930,329.0,-0.004874465
balanza,165.0,-61.09,,82.51357580000058,2026-05-28T10:30:40.250,2026-05-28T10:46:10.250,-930,,
multimetro,,,,82.71501500000068,2026-05-28T10:30:40.446,2026-05-28T10:46:10.446,-930,330.0,-0.004890463
multimetro,,,,82.96506090000003,2026-05-28T10:30:40.703,2026-05-28T10:46:10.703,-930,331.0,-0.004898745
balanza,166.0,-61.29,,83.01363670000046,2026-05-28T10:30:40.747,2026-05-28T10:46:10.747,-930,,
multimetro,,,,83.21513820000018,2026-05-28T10:30:40.947,2026-05-28T10:46:10.947,-930,332.0,-0.004900671
multimetro,,,,83.46492750000016,2026-05-28T10:30:41.200,2026-05-28T10:46:11.200,-930,333.0,-0.004901907
balanza,167.0,-61.5,,83.51366020000023,2026-05-28T10:30:41.247,2026-05-28T10:46:11.247,-930,,
multimetro,,,,83.71506250000039,2026-05-28T10:30:41.453,2026-05-28T10:46:11.453,-930,334.0,-0.004901886
multimetro,,,,83.96503500000017,2026-05-28T10:30:41.697,2026-05-28T10:46:11.697,-930,335.0,-0.004911528
balanza,168.0,-60.76,,84.01354450000053,2026-05-28T10:30:41.750,2026-05-28T10:46:11.750,-930,,
multimetro,,,,84.21495230000073,2026-05-28T10:30:41.950,2026-05-28T10:46:11.950,-930,336.0,-0.004934384
multimetro,,,,84.46503230000053,2026-05-28T10:30:42.204,2026-05-28T10:46:12.204,-930,337.0,-0.004944163
balanza,169.0,-62.35,,84.5136665,2026-05-28T10:30:42.247,2026-05-28T10:46:12.247,-930,,
multimetro,,,,84.71510510000007,2026-05-28T10:30:42.447,2026-05-28T10:46:12.447,-930,338.0,-0.004949565
multimetro,,,,84.96481780000067,2026-05-28T10:30:42.700,2026-05-28T10:46:12.700,-930,339.0,-0.004953072
balanza,170.0,-61.2,,85.01352279999992,2026-05-28T10:30:42.747,2026-05-28T10:46:12.747,-930,,
multimetro,,,,85.21499850000055,2026-05-28T10:30:42.947,2026-05-28T10:46:12.947,-930,340.0,-0.004953313
multimetro,,,,85.46501500000068,2026-05-28T10:30:43.204,2026-05-28T10:46:13.204,-930,341.0,-0.004951219
balanza,171.0,-62.59,,85.5136564000004,2026-05-28T10:30:43.247,2026-05-28T10:46:13.247,-930,,
multimetro,,,,85.71515390000059,2026-05-28T10:30:43.447,2026-05-28T10:46:13.447,-930,342.0,-0.00494833
multimetro,,,,85.96507340000062,2026-05-28T10:30:43.697,2026-05-28T10:46:13.697,-930,343.0,-0.004951481
balanza,172.0,-61.57,,86.01348469999994,2026-05-28T10:30:43.750,2026-05-28T10:46:13.750,-930,,
multimetro,,,,86.21502469999996,2026-05-28T10:30:43.947,2026-05-28T10:46:13.947,-930,344.0,-0.004955868
multimetro,,,,86.46496990000014,2026-05-28T10:30:44.203,2026-05-28T10:46:14.203,-930,345.0,-0.004958297
balanza,173.0,-61.46,,86.5135780999999,2026-05-28T10:30:44.247,2026-05-28T10:46:14.247,-930,,
multimetro,,,,86.71504660000028,2026-05-28T10:30:44.447,2026-05-28T10:46:14.447,-930,346.0,-0.004960799
multimetro,,,,86.96514960000059,2026-05-28T10:30:44.700,2026-05-28T10:46:14.700,-930,347.0,-0.004963553
balanza,174.0,-62.25,,87.01351400000021,2026-05-28T10:30:44.747,2026-05-28T10:46:14.747,-930,,
multimetro,,,,87.2148889,2026-05-28T10:30:44.949,2026-05-28T10:46:14.949,-930,348.0,-0.004971122
multimetro,,,,87.46501770000032,2026-05-28T10:30:45.197,2026-05-28T10:46:15.197,-930,349.0,-0.004982168
balanza,175.0,-61.39,,87.51372150000043,2026-05-28T10:30:45.247,2026-05-28T10:46:15.247,-930,,
multimetro,,,,87.71521750000011,2026-05-28T10:30:45.450,2026-05-28T10:46:15.450,-930,350.0,-0.004981351
multimetro,,,,87.96563960000003,2026-05-28T10:30:45.697,2026-05-28T10:46:15.697,-930,351.0,-0.004981613
balanza,176.0,-63.59,,88.01351270000032,2026-05-28T10:30:45.748,2026-05-28T10:46:15.748,-930,,
multimetro,,,,88.21504000000004,2026-05-28T10:30:45.948,2026-05-28T10:46:15.948,-930,352.0,-0.0049831
multimetro,,,,88.46511570000075,2026-05-28T10:30:46.197,2026-05-28T10:46:16.197,-930,353.0,-0.004995129
balanza,177.0,-62.69,,88.51361380000071,2026-05-28T10:30:46.249,2026-05-28T10:46:16.249,-930,,
multimetro,,,,88.71508880000056,2026-05-28T10:30:46.449,2026-05-28T10:46:16.449,-930,354.0,-0.005004992
multimetro,,,,88.96503819999998,2026-05-28T10:30:46.697,2026-05-28T10:46:16.697,-930,355.0,-0.005019482
balanza,178.0,-63.77,,89.01361350000025,2026-05-28T10:30:46.749,2026-05-28T10:46:16.749,-930,,
multimetro,,,,89.21503800000028,2026-05-28T10:30:46.953,2026-05-28T10:46:16.953,-930,356.0,-0.005022801
multimetro,,,,89.46498400000019,2026-05-28T10:30:47.203,2026-05-28T10:46:17.203,-930,357.0,-0.005022675
balanza,179.0,-62.74,,89.51362730000073,2026-05-28T10:30:47.250,2026-05-28T10:46:17.250,-930,,
multimetro,,,,89.71580210000047,2026-05-28T10:30:47.450,2026-05-28T10:46:17.450,-930,358.0,-0.005029983
multimetro,,,,89.96495620000042,2026-05-28T10:30:47.697,2026-05-28T10:46:17.697,-930,359.0,-0.005040652
balanza,180.0,-62.45,,90.01361300000008,2026-05-28T10:30:47.750,2026-05-28T10:46:17.750,-930,,
multimetro,,,,90.21503520000078,2026-05-28T10:30:47.950,2026-05-28T10:46:17.950,-930,360.0,-0.005040778
multimetro,,,,90.4651386000005,2026-05-28T10:30:48.200,2026-05-28T10:46:18.200,-930,361.0,-0.005040306
balanza,181.0,-64.67,,90.51347560000067,2026-05-28T10:30:48.251,2026-05-28T10:46:18.251,-930,,
multimetro,,,,90.71496400000069,2026-05-28T10:30:48.454,2026-05-28T10:46:18.454,-930,362.0,-0.005044222
multimetro,,,,90.96508400000039,2026-05-28T10:30:48.696,2026-05-28T10:46:18.696,-930,363.0,-0.005053394
balanza,182.0,-63.11,,91.01335259999996,2026-05-28T10:30:48.751,2026-05-28T10:46:18.751,-930,,
multimetro,,,,91.21474390000003,2026-05-28T10:30:48.951,2026-05-28T10:46:18.951,-930,364.0,-0.005066973
multimetro,,,,91.46530560000065,2026-05-28T10:30:49.204,2026-05-28T10:46:19.204,-930,365.0,-0.005075841
balanza,183.0,-65.18,,91.51360690000001,2026-05-28T10:30:49.252,2026-05-28T10:46:19.252,-930,,
multimetro,,,,91.71513090000008,2026-05-28T10:30:49.452,2026-05-28T10:46:19.452,-930,366.0,-0.005076354
multimetro,,,,91.99299570000039,2026-05-28T10:30:49.730,2026-05-28T10:46:19.730,-930,367.0,-0.005071213
balanza,184.0,-63.45,,92.01314820000061,2026-05-28T10:30:49.746,2026-05-28T10:46:19.746,-930,,
multimetro,,,,92.21489740000015,2026-05-28T10:30:49.953,2026-05-28T10:46:19.953,-930,368.0,-0.005074825
multimetro,,,,92.46497320000071,2026-05-28T10:30:50.197,2026-05-28T10:46:20.197,-930,369.0,-0.005080573
balanza,185.0,-65.51,,92.51357350000035,2026-05-28T10:30:50.250,2026-05-28T10:46:20.250,-930,,
multimetro,,,,92.71510130000024,2026-05-28T10:30:50.447,2026-05-28T10:46:20.447,-930,370.0,-0.005094341
multimetro,,,,92.96510990000024,2026-05-28T10:30:50.704,2026-05-28T10:46:20.704,-930,371.0,-0.005125656
balanza,186.0,-63.73,,93.01391740000054,2026-05-28T10:30:50.747,2026-05-28T10:46:20.747,-930,,
multimetro,,,,93.21514220000063,2026-05-28T10:30:50.947,2026-05-28T10:46:20.947,-930,372.0,-0.005145025
multimetro,,,,93.46507270000075,2026-05-28T10:30:51.200,2026-05-28T10:46:21.200,-930,373.0,-0.00513911
balanza,187.0,-63.67,,93.51380390000031,2026-05-28T10:30:51.247,2026-05-28T10:46:21.247,-930,,
multimetro,,,,93.71516650000012,2026-05-28T10:30:51.454,2026-05-28T10:46:21.454,-930,374.0,-0.00513645
multimetro,,,,93.96509930000047,2026-05-28T10:30:51.703,2026-05-28T10:46:21.703,-930,375.0,-0.005128451
balanza,188.0,-65.79,,94.01354760000049,2026-05-28T10:30:51.750,2026-05-28T10:46:21.750,-930,,
multimetro,,,,94.2150431,2026-05-28T10:30:51.947,2026-05-28T10:46:21.947,-930,376.0,-0.005126033
multimetro,,,,94.46506750000026,2026-05-28T10:30:52.203,2026-05-28T10:46:22.203,-930,377.0,-0.005126797
balanza,189.0,-64.23,,94.51359339999999,2026-05-28T10:30:52.247,2026-05-28T10:46:22.247,-930,,
multimetro,,,,94.71496630000001,2026-05-28T10:30:52.447,2026-05-28T10:46:22.447,-930,378.0,-0.005129886
multimetro,,,,94.96502170000076,2026-05-28T10:30:52.700,2026-05-28T10:46:22.700,-930,379.0,-0.005134681
balanza,190.0,-65.85,,95.01351729999988,2026-05-28T10:30:52.747,2026-05-28T10:46:22.747,-930,,
multimetro,,,,95.2151528000004,2026-05-28T10:30:52.947,2026-05-28T10:46:22.947,-930,380.0,-0.005133519
multimetro,,,,95.46496430000025,2026-05-28T10:30:53.203,2026-05-28T10:46:23.203,-930,381.0,-0.005148229
balanza,191.0,-64.57,,95.51346400000057,2026-05-28T10:30:53.247,2026-05-28T10:46:23.247,-930,,
multimetro,,,,95.71477870000035,2026-05-28T10:30:53.450,2026-05-28T10:46:23.450,-930,382.0,-0.005155673
multimetro,,,,95.96495959999993,2026-05-28T10:30:53.697,2026-05-28T10:46:23.697,-930,383.0,-0.005156322
balanza,192.0,-65.26,,96.0136065000006,2026-05-28T10:30:53.748,2026-05-28T10:46:23.748,-930,,
multimetro,,,,96.21508840000024,2026-05-28T10:30:53.949,2026-05-28T10:46:23.949,-930,384.0,-0.005168572
multimetro,,,,96.46469620000062,2026-05-28T10:30:54.200,2026-05-28T10:46:24.200,-930,385.0,-0.00516475
balanza,193.0,-64.75,,96.51358479999999,2026-05-28T10:30:54.250,2026-05-28T10:46:24.250,-930,,
multimetro,,,,96.71500379999998,2026-05-28T10:30:54.453,2026-05-28T10:46:24.453,-930,386.0,-0.005198053
multimetro,,,,96.96537780000017,2026-05-28T10:30:54.697,2026-05-28T10:46:24.697,-930,387.0,-0.005195017
balanza,194.0,-65.64,,97.01359950000005,2026-05-28T10:30:54.752,2026-05-28T10:46:24.752,-930,,
multimetro,,,,97.21503250000023,2026-05-28T10:30:54.953,2026-05-28T10:46:24.953,-930,388.0,-0.005191436
multimetro,,,,97.46511240000018,2026-05-28T10:30:55.197,2026-05-28T10:46:25.197,-930,389.0,-0.005186861
balanza,195.0,-66.33,,97.51358320000054,2026-05-28T10:30:55.247,2026-05-28T10:46:25.247,-930,,
multimetro,,,,97.71520380000038,2026-05-28T10:30:55.447,2026-05-28T10:46:25.447,-930,390.0,-0.005182642
multimetro,,,,97.96514690000004,2026-05-28T10:30:55.697,2026-05-28T10:46:25.697,-930,391.0,-0.005188055
balanza,196.0,-65.37,,98.01375450000069,2026-05-28T10:30:55.747,2026-05-28T10:46:25.747,-930,,
multimetro,,,,98.21503200000006,2026-05-28T10:30:55.946,2026-05-28T10:46:25.946,-930,392.0,-0.005212366
multimetro,,,,98.46507850000035,2026-05-28T10:30:56.197,2026-05-28T10:46:26.197,-930,393.0,-0.005224081
balanza,197.0,-66.41,,98.5135766000003,2026-05-28T10:30:56.247,2026-05-28T10:46:26.247,-930,,
multimetro,,,,98.7157971000006,2026-05-28T10:30:56.454,2026-05-28T10:46:26.454,-930,394.0,-0.00522785
multimetro,,,,98.9650771000006,2026-05-28T10:30:56.703,2026-05-28T10:46:26.703,-930,395.0,-0.005225453
balanza,198.0,-65.69,,99.01360520000071,2026-05-28T10:30:56.750,2026-05-28T10:46:26.750,-930,,
multimetro,,,,99.21490050000011,2026-05-28T10:30:56.947,2026-05-28T10:46:26.947,-930,396.0,-0.005211549
multimetro,,,,99.46508320000066,2026-05-28T10:30:57.204,2026-05-28T10:46:27.204,-930,397.0,-0.005217129
balanza,199.0,-66.98,,99.51344410000002,2026-05-28T10:30:57.247,2026-05-28T10:46:27.247,-930,,
multimetro,,,,99.71489490000022,2026-05-28T10:30:57.447,2026-05-28T10:46:27.447,-930,398.0,-0.005221108
multimetro,,,,99.96489180000026,2026-05-28T10:30:57.700,2026-05-28T10:46:27.700,-930,399.0,-0.005242005
balanza,200.0,-66.57,,100.01362380000046,2026-05-28T10:30:57.746,2026-05-28T10:46:27.746,-930,,
multimetro,,,,100.21491800000058,2026-05-28T10:30:57.953,2026-05-28T10:46:27.953,-930,400.0,-0.005233713
multimetro,,,,100.46547600000031,2026-05-28T10:30:58.197,2026-05-28T10:46:28.197,-930,401.0,-0.005224301
balanza,201.0,-67.26,,100.51334690000022,2026-05-28T10:30:58.246,2026-05-28T10:46:28.246,-930,,
multimetro,,,,100.71478540000044,2026-05-28T10:30:58.450,2026-05-28T10:46:28.450,-930,402.0,-0.00522272
multimetro,,,,100.96496509999997,2026-05-28T10:30:58.703,2026-05-28T10:46:28.703,-930,403.0,-0.005232132
balanza,202.0,-66.72,,101.01337169999988,2026-05-28T10:30:58.747,2026-05-28T10:46:28.747,-930,,
multimetro,,,,101.21507120000024,2026-05-28T10:30:58.947,2026-05-28T10:46:28.947,-930,404.0,-0.005246005
multimetro,,,,101.46513159999995,2026-05-28T10:30:59.200,2026-05-28T10:46:29.200,-930,405.0,-0.005268724
balanza,203.0,-66.73,,101.51349140000002,2026-05-28T10:30:59.247,2026-05-28T10:46:29.247,-930,,
multimetro,,,,101.71490620000077,2026-05-28T10:30:59.453,2026-05-28T10:46:29.453,-930,406.0,-0.005271143
multimetro,,,,101.96472960000028,2026-05-28T10:30:59.696,2026-05-28T10:46:29.696,-930,407.0,-0.00527799
balanza,204.0,-66.88,,102.01351150000028,2026-05-28T10:30:59.750,2026-05-28T10:46:29.750,-930,,
multimetro,,,,102.21490900000026,2026-05-28T10:30:59.947,2026-05-28T10:46:29.947,-930,408.0,-0.005300259
multimetro,,,,102.46512940000048,2026-05-28T10:31:00.197,2026-05-28T10:46:30.197,-930,409.0,-0.005300353
balanza,205.0,-67.18,,102.51359240000056,2026-05-28T10:31:00.247,2026-05-28T10:46:30.247,-930,,
multimetro,,,,102.7150400999999,2026-05-28T10:31:00.447,2026-05-28T10:46:30.447,-930,410.0,-0.005287894
multimetro,,,,102.96512940000048,2026-05-28T10:31:00.697,2026-05-28T10:46:30.697,-930,411.0,-0.005306918
balanza,206.0,-68.14,,103.01364240000021,2026-05-28T10:31:00.747,2026-05-28T10:46:30.747,-930,,
multimetro,,,,103.2150672000007,2026-05-28T10:31:00.946,2026-05-28T10:46:30.946,-930,412.0,-0.005304185
multimetro,,,,103.46493060000012,2026-05-28T10:31:01.196,2026-05-28T10:46:31.196,-930,413.0,-0.005308792
balanza,207.0,-67.16,,103.51378680000016,2026-05-28T10:31:01.247,2026-05-28T10:46:31.247,-930,,
multimetro,,,,103.71520500000042,2026-05-28T10:31:01.450,2026-05-28T10:46:31.450,-930,414.0,-0.005325952
multimetro,,,,103.96501040000021,2026-05-28T10:31:01.703,2026-05-28T10:46:31.703,-930,415.0,-0.005345227
balanza,208.0,-68.48,,104.01346460000059,2026-05-28T10:31:01.747,2026-05-28T10:46:31.747,-930,,
multimetro,,,,104.2150873999999,2026-05-28T10:31:01.946,2026-05-28T10:46:31.946,-930,416.0,-0.005343552
multimetro,,,,104.4651543,2026-05-28T10:31:02.197,2026-05-28T10:46:32.197,-930,417.0,-0.005338233
balanza,209.0,-67.34,,104.51367860000028,2026-05-28T10:31:02.247,2026-05-28T10:46:32.247,-930,,
multimetro,,,,104.71508660000018,2026-05-28T10:31:02.446,2026-05-28T10:46:32.446,-930,418.0,-0.005335605
multimetro,,,,104.96503130000019,2026-05-28T10:31:02.697,2026-05-28T10:46:32.697,-930,419.0,-0.005323795
balanza,210.0,-68.4,,105.01367879999998,2026-05-28T10:31:02.747,2026-05-28T10:46:32.747,-930,,
multimetro,,,,105.21517459999995,2026-05-28T10:31:02.950,2026-05-28T10:46:32.950,-930,420.0,-0.005341175
multimetro,,,,105.46510480000052,2026-05-28T10:31:03.204,2026-05-28T10:46:33.204,-930,421.0,-0.005348462
balanza,211.0,-68.29,,105.5135022000004,2026-05-28T10:31:03.246,2026-05-28T10:46:33.246,-930,,
multimetro,,,,105.71484300000066,2026-05-28T10:31:03.447,2026-05-28T10:46:33.447,-930,422.0,-0.005358754
multimetro,,,,105.96537050000006,2026-05-28T10:31:03.697,2026-05-28T10:46:33.697,-930,423.0,-0.005352168
balanza,212.0,-68.73,,106.01355240000066,2026-05-28T10:31:03.747,2026-05-28T10:46:33.747,-930,,
multimetro,,,,106.21489500000007,2026-05-28T10:31:03.947,2026-05-28T10:46:33.947,-930,424.0,-0.00534151
multimetro,,,,106.46497160000035,2026-05-28T10:31:04.197,2026-05-28T10:46:34.197,-930,425.0,-0.005345447
balanza,213.0,-68.46,,106.51355010000043,2026-05-28T10:31:04.250,2026-05-28T10:46:34.250,-930,,
multimetro,,,,106.71519740000076,2026-05-28T10:31:04.450,2026-05-28T10:46:34.450,-930,426.0,-0.005369904
multimetro,,,,106.96499700000004,2026-05-28T10:31:04.703,2026-05-28T10:46:34.703,-930,427.0,-0.005404768
balanza,214.0,-68.24,,107.0135478000002,2026-05-28T10:31:04.746,2026-05-28T10:46:34.746,-930,,
multimetro,,,,107.2150185999999,2026-05-28T10:31:04.946,2026-05-28T10:46:34.946,-930,428.0,-0.005482464
multimetro,,,,107.46519239999998,2026-05-28T10:31:05.197,2026-05-28T10:46:35.197,-930,429.0,-0.005538499
balanza,215.0,-69.42,,107.51354460000039,2026-05-28T10:31:05.247,2026-05-28T10:46:35.247,-930,,
multimetro,,,,107.71551650000038,2026-05-28T10:31:05.447,2026-05-28T10:46:35.447,-930,430.0,-0.005494306
multimetro,,,,107.9649417999999,2026-05-28T10:31:05.697,2026-05-28T10:46:35.697,-930,431.0,-0.005487249
balanza,216.0,-68.53,,108.01328869999998,2026-05-28T10:31:05.746,2026-05-28T10:46:35.746,-930,,
multimetro,,,,108.21488500000032,2026-05-28T10:31:05.946,2026-05-28T10:46:35.946,-930,432.0,-0.005482485
multimetro,,,,108.46511200000077,2026-05-28T10:31:06.197,2026-05-28T10:46:36.197,-930,433.0,-0.005511874
balanza,217.0,-69.71,,108.51357290000033,2026-05-28T10:31:06.247,2026-05-28T10:46:36.247,-930,,
multimetro,,,,108.71491490000062,2026-05-28T10:31:06.446,2026-05-28T10:46:36.446,-930,434.0,-0.00549284
multimetro,,,,108.96480690000044,2026-05-28T10:31:06.699,2026-05-28T10:46:36.699,-930,435.0,-0.005462781
balanza,218.0,-68.84,,109.01340800000071,2026-05-28T10:31:06.747,2026-05-28T10:46:36.747,-930,,
multimetro,,,,109.21483140000055,2026-05-28T10:31:06.947,2026-05-28T10:46:36.947,-930,436.0,-0.00541595
multimetro,,,,109.46525270000075,2026-05-28T10:31:07.201,2026-05-28T10:46:37.201,-930,437.0,-0.005400392
balanza,219.0,-69.44,,109.51354510000056,2026-05-28T10:31:07.247,2026-05-28T10:46:37.247,-930,,
multimetro,,,,109.71506250000039,2026-05-28T10:31:07.447,2026-05-28T10:46:37.447,-930,438.0,-0.005413176
multimetro,,,,109.96488130000034,2026-05-28T10:31:07.697,2026-05-28T10:46:37.697,-930,439.0,-0.005420347
balanza,220.0,-69.01,,110.01359930000035,2026-05-28T10:31:07.750,2026-05-28T10:46:37.750,-930,,
multimetro,,,,110.21520810000038,2026-05-28T10:31:07.947,2026-05-28T10:46:37.947,-930,440.0,-0.005413249
multimetro,,,,110.46500710000055,2026-05-28T10:31:08.203,2026-05-28T10:46:38.203,-930,441.0,-0.005438575
balanza,221.0,-69.87,,110.51358410000012,2026-05-28T10:31:08.246,2026-05-28T10:46:38.246,-930,,
multimetro,,,,110.71500800000013,2026-05-28T10:31:08.446,2026-05-28T10:46:38.446,-930,442.0,-0.005449443
multimetro,,,,110.96474760000001,2026-05-28T10:31:08.700,2026-05-28T10:46:38.700,-930,443.0,-0.005449527
balanza,222.0,-69.85,,111.0136123000002,2026-05-28T10:31:08.746,2026-05-28T10:46:38.746,-930,,
multimetro,,,,111.21505610000077,2026-05-28T10:31:08.953,2026-05-28T10:46:38.953,-930,444.0,-0.005475366
multimetro,,,,111.46500900000046,2026-05-28T10:31:09.203,2026-05-28T10:46:39.203,-930,445.0,-0.005489668
balanza,223.0,-70.3,,111.51349410000057,2026-05-28T10:31:09.250,2026-05-28T10:46:39.250,-930,,
multimetro,,,,111.71505210000032,2026-05-28T10:31:09.447,2026-05-28T10:46:39.447,-930,446.0,-0.005526772
multimetro,,,,111.96505650000017,2026-05-28T10:31:09.703,2026-05-28T10:46:39.703,-930,447.0,-0.005606741
balanza,224.0,-70.29,,112.01353090000066,2026-05-28T10:31:09.747,2026-05-28T10:46:39.747,-930,,
multimetro,,,,112.21500120000019,2026-05-28T10:31:09.946,2026-05-28T10:46:39.946,-930,448.0,-0.005662576
multimetro,,,,112.46500180000021,2026-05-28T10:31:10.200,2026-05-28T10:46:40.200,-930,449.0,-0.005690153
balanza,225.0,-69.83,,112.51364270000067,2026-05-28T10:31:10.247,2026-05-28T10:46:40.247,-930,,
multimetro,,,,112.71500000000015,2026-05-28T10:31:10.453,2026-05-28T10:46:40.453,-930,450.0,-0.00570992
multimetro,,,,112.96505479999996,2026-05-28T10:31:10.697,2026-05-28T10:46:40.697,-930,451.0,-0.005736639
balanza,226.0,-71.21,,113.01340470000014,2026-05-28T10:31:10.750,2026-05-28T10:46:40.750,-930,,
multimetro,,,,113.21486900000036,2026-05-28T10:31:10.947,2026-05-28T10:46:40.947,-930,452.0,-0.00572886
multimetro,,,,113.46505040000011,2026-05-28T10:31:11.203,2026-05-28T10:46:41.203,-930,453.0,-0.005678134
balanza,227.0,-69.96,,113.51344440000048,2026-05-28T10:31:11.246,2026-05-28T10:46:41.246,-930,,
multimetro,,,,113.71496800000023,2026-05-28T10:31:11.446,2026-05-28T10:46:41.446,-930,454.0,-0.005651216
multimetro,,,,113.96505460000026,2026-05-28T10:31:11.700,2026-05-28T10:46:41.700,-930,455.0,-0.005640024
balanza,228.0,-71.32,,114.01353139999992,2026-05-28T10:31:11.746,2026-05-28T10:46:41.746,-930,,
multimetro,,,,114.21504960000038,2026-05-28T10:31:11.953,2026-05-28T10:46:41.953,-930,456.0,-0.005659833
multimetro,,,,114.4649159999999,2026-05-28T10:31:12.197,2026-05-28T10:46:42.197,-930,457.0,-0.005655739
balanza,229.0,-70.53,,114.51350120000006,2026-05-28T10:31:12.250,2026-05-28T10:46:42.250,-930,,
multimetro,,,,114.71517459999995,2026-05-28T10:31:12.454,2026-05-28T10:46:42.454,-930,458.0,-0.005658482
multimetro,,,,114.9653971000007,2026-05-28T10:31:12.704,2026-05-28T10:46:42.704,-930,459.0,-0.005614394
balanza,230.0,-70.96,,115.0135995999999,2026-05-28T10:31:12.746,2026-05-28T10:46:42.746,-930,,
multimetro,,,,115.2149900000004,2026-05-28T10:31:12.946,2026-05-28T10:46:42.946,-930,460.0,-0.005617818
multimetro,,,,115.46491380000043,2026-05-28T10:31:13.200,2026-05-28T10:46:43.200,-930,461.0,-0.005668208
balanza,231.0,-70.77,,115.5134721000004,2026-05-28T10:31:13.246,2026-05-28T10:46:43.246,-930,,
multimetro,,,,115.71516599999995,2026-05-28T10:31:13.454,2026-05-28T10:46:43.454,-930,462.0,-0.005680573
multimetro,,,,115.96493379999993,2026-05-28T10:31:13.697,2026-05-28T10:46:43.697,-930,463.0,-0.005692404
balanza,232.0,-71.57,,116.01367030000074,2026-05-28T10:31:13.750,2026-05-28T10:46:43.750,-930,,
multimetro,,,,116.21495959999993,2026-05-28T10:31:13.947,2026-05-28T10:46:43.947,-930,464.0,-0.005736011
multimetro,,,,116.46501330000046,2026-05-28T10:31:14.203,2026-05-28T10:46:44.203,-930,465.0,-0.005737717
balanza,233.0,-71.51,,116.51359000000048,2026-05-28T10:31:14.246,2026-05-28T10:46:44.246,-930,,
multimetro,,,,116.71548280000025,2026-05-28T10:31:14.447,2026-05-28T10:46:44.447,-930,466.0,-0.005710318
multimetro,,,,116.96505380000053,2026-05-28T10:31:14.700,2026-05-28T10:46:44.700,-930,467.0,-0.005751454
balanza,234.0,-71.18,,117.01370510000015,2026-05-28T10:31:14.746,2026-05-28T10:46:44.746,-930,,
multimetro,,,,117.21495810000033,2026-05-28T10:31:14.946,2026-05-28T10:46:44.946,-930,468.0,-0.005771022
multimetro,,,,117.4650442000002,2026-05-28T10:31:15.204,2026-05-28T10:46:45.204,-930,469.0,-0.005761923
balanza,235.0,-71.74,,117.51358820000041,2026-05-28T10:31:15.246,2026-05-28T10:46:45.246,-930,,
multimetro,,,,117.7150074000001,2026-05-28T10:31:15.450,2026-05-28T10:46:45.450,-930,470.0,-0.005741654
multimetro,,,,117.96490150000045,2026-05-28T10:31:15.697,2026-05-28T10:46:45.697,-930,471.0,-0.005755327
balanza,236.0,-71.44,,118.01340720000007,2026-05-28T10:31:15.747,2026-05-28T10:46:45.747,-930,,
multimetro,,,,118.21495370000048,2026-05-28T10:31:15.946,2026-05-28T10:46:45.946,-930,472.0,-0.005750689
multimetro,,,,118.46540490000007,2026-05-28T10:31:16.197,2026-05-28T10:46:46.197,-930,473.0,-0.00576719
balanza,237.0,-72.53,,118.51360670000031,2026-05-28T10:31:16.246,2026-05-28T10:46:46.246,-930,,
multimetro,,,,118.71507360000032,2026-05-28T10:31:16.446,2026-05-28T10:46:46.446,-930,474.0,-0.005770132
multimetro,,,,118.96489680000013,2026-05-28T10:31:16.697,2026-05-28T10:46:46.697,-930,475.0,-0.005757484
balanza,238.0,-71.92,,119.01350110000021,2026-05-28T10:31:16.746,2026-05-28T10:46:46.746,-930,,
multimetro,,,,119.21512080000048,2026-05-28T10:31:16.954,2026-05-28T10:46:46.954,-930,476.0,-0.00578548
multimetro,,,,119.46494250000069,2026-05-28T10:31:17.197,2026-05-28T10:46:47.197,-930,477.0,-0.00577545
balanza,239.0,-72.52,,119.51377570000022,2026-05-28T10:31:17.246,2026-05-28T10:46:47.246,-930,,
multimetro,,,,119.7151956000007,2026-05-28T10:31:17.450,2026-05-28T10:46:47.450,-930,478.0,-0.005745067
multimetro,,,,119.96481519999998,2026-05-28T10:31:17.703,2026-05-28T10:46:47.703,-930,479.0,-0.005764907
balanza,240.0,-72.08,,120.01352470000074,2026-05-28T10:31:17.748,2026-05-28T10:46:47.748,-930,,
multimetro,,,,120.2149958,2026-05-28T10:31:17.949,2026-05-28T10:46:47.949,-930,480.0,-0.005768666
multimetro,,,,120.4745195000005,2026-05-28T10:31:18.213,2026-05-28T10:46:48.213,-930,481.0,-0.005725101
balanza,241.0,-72.83,,120.5131248000007,2026-05-28T10:31:18.250,2026-05-28T10:46:48.250,-930,,
multimetro,,,,120.71471060000022,2026-05-28T10:31:18.453,2026-05-28T10:46:48.453,-930,482.0,-0.005730095
multimetro,,,,120.96511510000073,2026-05-28T10:31:18.697,2026-05-28T10:46:48.697,-930,483.0,-0.005752427
balanza,242.0,-72.07,,121.0135350999999,2026-05-28T10:31:18.752,2026-05-28T10:46:48.752,-930,,
multimetro,,,,121.21492670000043,2026-05-28T10:31:18.953,2026-05-28T10:46:48.953,-930,484.0,-0.005778706
multimetro,,,,121.46489030000066,2026-05-28T10:31:19.197,2026-05-28T10:46:49.197,-930,485.0,-0.005806807
balanza,243.0,-73.22,,121.51341410000077,2026-05-28T10:31:19.250,2026-05-28T10:46:49.250,-930,,
multimetro,,,,121.71488709999994,2026-05-28T10:31:19.446,2026-05-28T10:46:49.446,-930,486.0,-0.005814304
multimetro,,,,121.96494020000046,2026-05-28T10:31:19.703,2026-05-28T10:46:49.703,-930,487.0,-0.005791657
balanza,244.0,-72.96,,122.01358250000067,2026-05-28T10:31:19.746,2026-05-28T10:46:49.746,-930,,
multimetro,,,,122.2148872000007,2026-05-28T10:31:19.946,2026-05-28T10:46:49.946,-930,488.0,-0.005809173
multimetro,,,,122.46496430000025,2026-05-28T10:31:20.200,2026-05-28T10:46:50.200,-930,489.0,-0.005812136
balanza,245.0,-72.88,,122.51361070000075,2026-05-28T10:31:20.246,2026-05-28T10:46:50.246,-930,,
multimetro,,,,122.7151629,2026-05-28T10:31:20.454,2026-05-28T10:46:50.454,-930,490.0,-0.005796557
multimetro,,,,122.96496120000029,2026-05-28T10:31:20.696,2026-05-28T10:46:50.696,-930,491.0,-0.005786234
balanza,246.0,-73.12,,123.01349990000017,2026-05-28T10:31:20.750,2026-05-28T10:46:50.750,-930,,
multimetro,,,,123.21498580000025,2026-05-28T10:31:20.946,2026-05-28T10:46:50.946,-930,492.0,-0.005766991
multimetro,,,,123.46496350000052,2026-05-28T10:31:21.203,2026-05-28T10:46:51.203,-930,493.0,-0.005792673
balanza,247.0,-73.21,,123.51348260000032,2026-05-28T10:31:21.247,2026-05-28T10:46:51.247,-930,,
multimetro,,,,123.71501059999991,2026-05-28T10:31:21.446,2026-05-28T10:46:51.446,-930,494.0,-0.005797343
multimetro,,,,123.9656087000003,2026-05-28T10:31:21.704,2026-05-28T10:46:51.704,-930,495.0,-0.005816073
balanza,248.0,-73.63,,124.0135377000006,2026-05-28T10:31:21.746,2026-05-28T10:46:51.746,-930,,
multimetro,,,,124.21480229999997,2026-05-28T10:31:21.953,2026-05-28T10:46:51.953,-930,496.0,-0.005823957
multimetro,,,,124.46487870000055,2026-05-28T10:31:22.197,2026-05-28T10:46:52.197,-930,497.0,-0.005821025
balanza,249.0,-73.18,,124.5134164000001,2026-05-28T10:31:22.250,2026-05-28T10:46:52.250,-930,,
multimetro,,,,124.71510020000005,2026-05-28T10:31:22.446,2026-05-28T10:46:52.446,-930,498.0,-0.005819643
multimetro,,,,124.96490210000047,2026-05-28T10:31:22.703,2026-05-28T10:46:52.703,-930,499.0,-0.005815277
balanza,250.0,-73.57,,125.01355330000024,2026-05-28T10:31:22.746,2026-05-28T10:46:52.746,-930,,
multimetro,,,,125.21504770000047,2026-05-28T10:31:22.947,2026-05-28T10:46:52.947,-930,500.0,-0.005811791
multimetro,,,,125.46471819999988,2026-05-28T10:31:23.200,2026-05-28T10:46:53.200,-930,501.0,-0.005801981
balanza,251.0,-73.53,,125.51353019999988,2026-05-28T10:31:23.246,2026-05-28T10:46:53.246,-930,,
multimetro,,,,125.71536760000072,2026-05-28T10:31:23.454,2026-05-28T10:46:53.454,-930,502.0,-0.005798316
multimetro,,,,125.96497720000025,2026-05-28T10:31:23.696,2026-05-28T10:46:53.696,-930,503.0,-0.005808849
balanza,252.0,-74.37,,126.01359200000024,2026-05-28T10:31:23.750,2026-05-28T10:46:53.750,-930,,
multimetro,,,,126.21492519999993,2026-05-28T10:31:23.946,2026-05-28T10:46:53.946,-930,504.0,-0.005809969
multimetro,,,,126.46500139999989,2026-05-28T10:31:24.196,2026-05-28T10:46:54.196,-930,505.0,-0.00581511
balanza,253.0,-73.78,,126.51367850000042,2026-05-28T10:31:24.246,2026-05-28T10:46:54.246,-930,,
multimetro,,,,126.71494830000029,2026-05-28T10:31:24.446,2026-05-28T10:46:54.446,-930,506.0,-0.005813885
multimetro,,,,126.96509330000026,2026-05-28T10:31:24.697,2026-05-28T10:46:54.697,-930,507.0,-0.005817727
balanza,254.0,-74.48,,127.01355480000075,2026-05-28T10:31:24.746,2026-05-28T10:46:54.746,-930,,
multimetro,,,,127.21499850000055,2026-05-28T10:31:24.946,2026-05-28T10:46:54.946,-930,508.0,-0.00581221
multimetro,,,,127.46517490000042,2026-05-28T10:31:25.197,2026-05-28T10:46:55.197,-930,509.0,-0.005786025
balanza,255.0,-74.0,,127.51346689999991,2026-05-28T10:31:25.246,2026-05-28T10:46:55.246,-930,,
multimetro,,,,127.71471139999994,2026-05-28T10:31:25.450,2026-05-28T10:46:55.450,-930,510.0,-0.005817141
multimetro,,,,127.9649143000006,2026-05-28T10:31:25.703,2026-05-28T10:46:55.703,-930,511.0,-0.005822763
balanza,256.0,-74.52,,128.01352060000045,2026-05-28T10:31:25.746,2026-05-28T10:46:55.746,-930,,
multimetro,,,,128.2151383999999,2026-05-28T10:31:25.953,2026-05-28T10:46:55.953,-930,512.0,-0.005823569
multimetro,,,,128.46467960000064,2026-05-28T10:31:26.197,2026-05-28T10:46:56.197,-930,513.0,-0.005823014
balanza,257.0,-74.51,,128.51346620000004,2026-05-28T10:31:26.246,2026-05-28T10:46:56.246,-930,,
multimetro,,,,128.71493940000073,2026-05-28T10:31:26.446,2026-05-28T10:46:56.446,-930,514.0,-0.005826061
multimetro,,,,128.96496950000073,2026-05-28T10:31:26.697,2026-05-28T10:46:56.697,-930,515.0,-0.00582515
balanza,258.0,-74.84,,129.0134619999999,2026-05-28T10:31:26.746,2026-05-28T10:46:56.746,-930,,
multimetro,,,,129.21498800000063,2026-05-28T10:31:26.946,2026-05-28T10:46:56.946,-930,516.0,-0.005827181
multimetro,,,,129.46494040000016,2026-05-28T10:31:27.197,2026-05-28T10:46:57.197,-930,517.0,-0.005824637
balanza,259.0,-74.73,,129.51347910000004,2026-05-28T10:31:27.250,2026-05-28T10:46:57.250,-930,,
multimetro,,,,129.71485870000015,2026-05-28T10:31:27.446,2026-05-28T10:46:57.446,-930,518.0,-0.005822219
multimetro,,,,129.96507900000051,2026-05-28T10:31:27.703,2026-05-28T10:46:57.703,-930,519.0,-0.005808074
balanza,260.0,-74.74,,130.01345840000067,2026-05-28T10:31:27.746,2026-05-28T10:46:57.746,-930,,
multimetro,,,,130.21502340000006,2026-05-28T10:31:27.946,2026-05-28T10:46:57.946,-930,520.0,-0.005819507
multimetro,,,,130.46488040000077,2026-05-28T10:31:28.200,2026-05-28T10:46:58.200,-930,521.0,-0.005823601
balanza,261.0,-74.92,,130.51338570000007,2026-05-28T10:31:28.246,2026-05-28T10:46:58.246,-930,,
multimetro,,,,130.7148788000004,2026-05-28T10:31:28.453,2026-05-28T10:46:58.453,-930,522.0,-0.005825161
multimetro,,,,130.96490200000062,2026-05-28T10:31:28.697,2026-05-28T10:46:58.697,-930,523.0,-0.005823381
balanza,262.0,-75.06,,131.01382880000074,2026-05-28T10:31:28.746,2026-05-28T10:46:58.746,-930,,
multimetro,,,,131.21522390000064,2026-05-28T10:31:28.950,2026-05-28T10:46:58.950,-930,524.0,-0.005818743
multimetro,,,,131.46487479999996,2026-05-28T10:31:29.203,2026-05-28T10:46:59.203,-930,525.0,-0.005809749
balanza,263.0,-75.34,,131.51348440000038,2026-05-28T10:31:29.246,2026-05-28T10:46:59.246,-930,,
multimetro,,,,131.71495420000065,2026-05-28T10:31:29.446,2026-05-28T10:46:59.446,-930,526.0,-0.005820784
multimetro,,,,131.9650270000002,2026-05-28T10:31:29.697,2026-05-28T10:46:59.697,-930,527.0,-0.005824323
balanza,264.0,-75.03,,132.0135379000003,2026-05-28T10:31:29.746,2026-05-28T10:46:59.746,-930,,
multimetro,,,,132.2148984000005,2026-05-28T10:31:29.946,2026-05-28T10:46:59.946,-930,528.0,-0.005818094
multimetro,,,,132.46489930000007,2026-05-28T10:31:30.199,2026-05-28T10:47:00.199,-930,529.0,-0.005812744
balanza,265.0,-75.53,,132.5134705999999,2026-05-28T10:31:30.246,2026-05-28T10:47:00.246,-930,,
multimetro,,,,132.71492220000073,2026-05-28T10:31:30.446,2026-05-28T10:47:00.446,-930,530.0,-0.00582002
multimetro,,,,132.9652145,2026-05-28T10:31:30.701,2026-05-28T10:47:00.701,-930,531.0,-0.005820533
balanza,266.0,-75.37,,133.01379410000027,2026-05-28T10:31:30.746,2026-05-28T10:47:00.746,-930,,
multimetro,,,,133.21517360000053,2026-05-28T10:31:30.950,2026-05-28T10:47:00.950,-930,532.0,-0.005813686
multimetro,,,,133.46484430000055,2026-05-28T10:31:31.203,2026-05-28T10:47:01.203,-930,533.0,-0.005811341
balanza,267.0,-76.02,,133.51356250000026,2026-05-28T10:31:31.246,2026-05-28T10:47:01.246,-930,,
multimetro,,,,133.7150658999999,2026-05-28T10:31:31.446,2026-05-28T10:47:01.446,-930,534.0,-0.005797908
multimetro,,,,133.96514480000042,2026-05-28T10:31:31.700,2026-05-28T10:47:01.700,-930,535.0,-0.005799384
balanza,268.0,-75.76,,134.01345149999997,2026-05-28T10:31:31.746,2026-05-28T10:47:01.746,-930,,
multimetro,,,,134.2148930000003,2026-05-28T10:31:31.946,2026-05-28T10:47:01.946,-930,536.0,-0.005814544
multimetro,,,,134.46478910000042,2026-05-28T10:31:32.196,2026-05-28T10:47:02.196,-930,537.0,-0.005820732
balanza,269.0,-76.18,,134.51384890000008,2026-05-28T10:31:32.246,2026-05-28T10:47:02.246,-930,,
multimetro,,,,134.72725300000002,2026-05-28T10:31:32.466,2026-05-28T10:47:02.466,-930,538.0,-0.005823391
multimetro,,,,134.96468230000028,2026-05-28T10:31:32.703,2026-05-28T10:47:02.703,-930,539.0,-0.005813455
balanza,270.0,-75.87,,135.0134736,2026-05-28T10:31:32.746,2026-05-28T10:47:02.746,-930,,
multimetro,,,,135.21488959999988,2026-05-28T10:31:32.947,2026-05-28T10:47:02.947,-930,540.0,-0.005820994
multimetro,,,,135.46486280000045,2026-05-28T10:31:33.196,2026-05-28T10:47:03.196,-930,541.0,-0.005825286
balanza,271.0,-76.38,,135.51347400000031,2026-05-28T10:31:33.246,2026-05-28T10:47:03.246,-930,,
multimetro,,,,135.7149397000003,2026-05-28T10:31:33.446,2026-05-28T10:47:03.446,-930,542.0,-0.005826208
multimetro,,,,135.96478560000014,2026-05-28T10:31:33.697,2026-05-28T10:47:03.697,-930,543.0,-0.005825506
balanza,272.0,-76.17,,136.0134908,2026-05-28T10:31:33.746,2026-05-28T10:47:03.746,-930,,
multimetro,,,,136.2149371000005,2026-05-28T10:31:33.953,2026-05-28T10:47:03.953,-930,544.0,-0.005827108
multimetro,,,,136.46497790000012,2026-05-28T10:31:34.203,2026-05-28T10:47:04.203,-930,545.0,-0.005826658
balanza,273.0,-76.83,,136.51343410000027,2026-05-28T10:31:34.250,2026-05-28T10:47:04.250,-930,,
multimetro,,,,136.7149374999999,2026-05-28T10:31:34.446,2026-05-28T10:47:04.446,-930,546.0,-0.005827642
multimetro,,,,136.96488190000036,2026-05-28T10:31:34.703,2026-05-28T10:47:04.703,-930,547.0,-0.005827569
balanza,274.0,-76.65,,137.0134324999999,2026-05-28T10:31:34.746,2026-05-28T10:47:04.746,-930,,
multimetro,,,,137.21510660000058,2026-05-28T10:31:34.946,2026-05-28T10:47:04.946,-930,548.0,-0.005825632
multimetro,,,,137.4649100000006,2026-05-28T10:31:35.200,2026-05-28T10:47:05.200,-930,549.0,-0.005825579
balanza,275.0,-76.67,,137.51348720000078,2026-05-28T10:31:35.246,2026-05-28T10:47:05.246,-930,,
multimetro,,,,137.71477420000065,2026-05-28T10:31:35.446,2026-05-28T10:47:05.446,-930,550.0,-0.00582716
multimetro,,,,137.96490350000022,2026-05-28T10:31:35.697,2026-05-28T10:47:05.697,-930,551.0,-0.005827946
balanza,276.0,-76.83,,138.01342740000018,2026-05-28T10:31:35.750,2026-05-28T10:47:05.750,-930,,
multimetro,,,,138.2148170999999,2026-05-28T10:31:35.946,2026-05-28T10:47:05.946,-930,552.0,-0.005827925
multimetro,,,,138.46474660000058,2026-05-28T10:31:36.203,2026-05-28T10:47:06.203,-930,553.0,-0.005828972
balanza,277.0,-77.28,,138.51344870000048,2026-05-28T10:31:36.246,2026-05-28T10:47:06.246,-930,,
multimetro,,,,138.71492949999993,2026-05-28T10:31:36.446,2026-05-28T10:47:06.446,-930,554.0,-0.005830008
multimetro,,,,138.96501870000066,2026-05-28T10:31:36.700,2026-05-28T10:47:06.700,-930,555.0,-0.00583094
balanza,278.0,-77.07,,139.01350010000078,2026-05-28T10:31:36.746,2026-05-28T10:47:06.746,-930,,
multimetro,,,,139.21481960000074,2026-05-28T10:31:36.953,2026-05-28T10:47:06.953,-930,556.0,-0.00583072
multimetro,,,,139.4649242000005,2026-05-28T10:31:37.197,2026-05-28T10:47:07.197,-930,557.0,-0.005832332
balanza,279.0,-77.18,,139.51363990000027,2026-05-28T10:31:37.250,2026-05-28T10:47:07.250,-930,,
multimetro,,,,139.7150715000007,2026-05-28T10:31:37.450,2026-05-28T10:47:07.450,-930,558.0,-0.005831484
multimetro,,,,139.96521610000036,2026-05-28T10:31:37.696,2026-05-28T10:47:07.696,-930,559.0,-0.005830123
balanza,280.0,-77.23,,140.01365720000013,2026-05-28T10:31:37.747,2026-05-28T10:47:07.747,-930,,
multimetro,,,,140.21501970000008,2026-05-28T10:31:37.946,2026-05-28T10:47:07.946,-930,560.0,-0.005829841
multimetro,,,,140.46468559999994,2026-05-28T10:31:38.197,2026-05-28T10:47:08.197,-930,561.0,-0.005830239
balanza,281.0,-77.38,,140.5136175000007,2026-05-28T10:31:38.246,2026-05-28T10:47:08.246,-930,,
multimetro,,,,140.71514470000056,2026-05-28T10:31:38.446,2026-05-28T10:47:08.446,-930,562.0,-0.005831024
multimetro,,,,140.96494470000016,2026-05-28T10:31:38.697,2026-05-28T10:47:08.697,-930,563.0,-0.00583161
balanza,282.0,-77.8,,141.01358980000077,2026-05-28T10:31:38.746,2026-05-28T10:47:08.746,-930,,
multimetro,,,,141.21506279999994,2026-05-28T10:31:38.953,2026-05-28T10:47:08.953,-930,564.0,-0.005828155
multimetro,,,,141.46481200000017,2026-05-28T10:31:39.197,2026-05-28T10:47:09.197,-930,565.0,-0.005831662
balanza,283.0,-77.59,,141.51337480000075,2026-05-28T10:31:39.250,2026-05-28T10:47:09.250,-930,,
multimetro,,,,141.7148627000006,2026-05-28T10:31:39.446,2026-05-28T10:47:09.446,-930,566.0,-0.005831547
multimetro,,,,141.9652784,2026-05-28T10:31:39.704,2026-05-28T10:47:09.704,-930,567.0,-0.005834248
balanza,284.0,-77.83,,142.01355970000077,2026-05-28T10:31:39.746,2026-05-28T10:47:09.746,-930,,
multimetro,,,,142.21508320000066,2026-05-28T10:31:39.946,2026-05-28T10:47:09.946,-930,568.0,-0.005835086
multimetro,,,,142.46488660000068,2026-05-28T10:31:40.200,2026-05-28T10:47:10.200,-930,569.0,-0.005835452
balanza,285.0,-77.71,,142.5134195999999,2026-05-28T10:31:40.247,2026-05-28T10:47:10.247,-930,,
multimetro,,,,142.71492800000033,2026-05-28T10:31:40.446,2026-05-28T10:47:10.446,-930,570.0,-0.005835096
multimetro,,,,142.96478000000025,2026-05-28T10:31:40.696,2026-05-28T10:47:10.696,-930,571.0,-0.005835965
balanza,286.0,-78.39,,143.01335879999988,2026-05-28T10:31:40.750,2026-05-28T10:47:10.750,-930,,
multimetro,,,,143.21493460000056,2026-05-28T10:31:40.950,2026-05-28T10:47:10.950,-930,572.0,-0.005836803
multimetro,,,,143.4649739000006,2026-05-28T10:31:41.203,2026-05-28T10:47:11.203,-930,573.0,-0.005838855
balanza,287.0,-78.32,,143.51330570000027,2026-05-28T10:31:41.249,2026-05-28T10:47:11.249,-930,,
multimetro,,,,143.71547550000014,2026-05-28T10:31:41.450,2026-05-28T10:47:11.450,-930,574.0,-0.005838907
multimetro,,,,143.96514600000046,2026-05-28T10:31:41.697,2026-05-28T10:47:11.697,-930,575.0,-0.005838374
balanza,288.0,-78.32,,144.01330260000032,2026-05-28T10:31:41.751,2026-05-28T10:47:11.751,-930,,
multimetro,,,,144.21482910000032,2026-05-28T10:31:41.952,2026-05-28T10:47:11.952,-930,576.0,-0.005839033
multimetro,,,,144.46507890000066,2026-05-28T10:31:42.197,2026-05-28T10:47:12.197,-930,577.0,-0.005838499
balanza,289.0,-77.79,,144.51340770000024,2026-05-28T10:31:42.246,2026-05-28T10:47:12.246,-930,,
multimetro,,,,144.71490660000018,2026-05-28T10:31:42.453,2026-05-28T10:47:12.453,-930,578.0,-0.005840897
multimetro,,,,144.96477820000018,2026-05-28T10:31:42.696,2026-05-28T10:47:12.696,-930,579.0,-0.005844111
balanza,290.0,-79.02,,145.0135009000005,2026-05-28T10:31:42.750,2026-05-28T10:47:12.750,-930,,
multimetro,,,,145.21497060000002,2026-05-28T10:31:42.950,2026-05-28T10:47:12.950,-930,580.0,-0.005844258
multimetro,,,,145.46499330000006,2026-05-28T10:31:43.203,2026-05-28T10:47:13.203,-930,581.0,-0.005843012
balanza,291.0,-78.54,,145.51340130000062,2026-05-28T10:31:43.246,2026-05-28T10:47:13.246,-930,,
multimetro,,,,145.71492639999997,2026-05-28T10:31:43.453,2026-05-28T10:47:13.453,-930,582.0,-0.005843106
multimetro,,,,145.9651429000005,2026-05-28T10:31:43.700,2026-05-28T10:47:13.700,-930,583.0,-0.005844352
balanza,292.0,-80.26,,146.01340010000058,2026-05-28T10:31:43.746,2026-05-28T10:47:13.746,-930,,
multimetro,,,,146.2149685000004,2026-05-28T10:31:43.953,2026-05-28T10:47:13.953,-930,584.0,-0.005845975
multimetro,,,,146.46492410000064,2026-05-28T10:31:44.196,2026-05-28T10:47:14.196,-930,585.0,-0.005848393
balanza,293.0,-79.1,,146.51355650000005,2026-05-28T10:31:44.250,2026-05-28T10:47:14.250,-930,,
multimetro,,,,146.71492280000075,2026-05-28T10:31:44.446,2026-05-28T10:47:14.446,-930,586.0,-0.005849723
multimetro,,,,146.96496300000035,2026-05-28T10:31:44.703,2026-05-28T10:47:14.703,-930,587.0,-0.005851576
balanza,294.0,-79.86,,147.01351740000064,2026-05-28T10:31:44.746,2026-05-28T10:47:14.746,-930,,
multimetro,,,,147.21487049999996,2026-05-28T10:31:44.946,2026-05-28T10:47:14.946,-930,588.0,-0.005848267
multimetro,,,,147.46492020000005,2026-05-28T10:31:45.200,2026-05-28T10:47:15.200,-930,589.0,-0.005842718
balanza,295.0,-82.32,,147.51344580000023,2026-05-28T10:31:45.246,2026-05-28T10:47:15.246,-930,,
multimetro,,,,147.71486929999992,2026-05-28T10:31:45.453,2026-05-28T10:47:15.453,-930,590.0,-0.005846707
multimetro,,,,147.9650018000002,2026-05-28T10:31:45.703,2026-05-28T10:47:15.703,-930,591.0,-0.005857544
balanza,296.0,-82.81,,148.01352889999998,2026-05-28T10:31:45.750,2026-05-28T10:47:15.750,-930,,
multimetro,,,,148.21517420000055,2026-05-28T10:31:45.946,2026-05-28T10:47:15.946,-930,592.0,-0.005864181
multimetro,,,,148.4648898000005,2026-05-28T10:31:46.203,2026-05-28T10:47:16.203,-930,593.0,-0.005865909
balanza,297.0,-81.65,,148.51335590000053,2026-05-28T10:31:46.246,2026-05-28T10:47:16.246,-930,,
multimetro,,,,148.71503770000072,2026-05-28T10:31:46.446,2026-05-28T10:47:16.446,-930,594.0,-0.0058666
multimetro,,,,148.96495310000046,2026-05-28T10:31:46.700,2026-05-28T10:47:16.700,-930,595.0,-0.0058675
balanza,298.0,-89.6,,149.01351000000068,2026-05-28T10:31:46.746,2026-05-28T10:47:16.746,-930,,
multimetro,,,,149.21489030000066,2026-05-28T10:31:46.953,2026-05-28T10:47:16.953,-930,596.0,-0.005868474
multimetro,,,,149.4648089000002,2026-05-28T10:31:47.196,2026-05-28T10:47:17.196,-930,597.0,-0.005869019
balanza,299.0,-86.16,,149.51332989999992,2026-05-28T10:31:47.250,2026-05-28T10:47:17.250,-930,,
multimetro,,,,149.71475720000035,2026-05-28T10:31:47.446,2026-05-28T10:47:17.446,-930,598.0,-0.005869888
multimetro,,,,149.9648299999999,2026-05-28T10:31:47.696,2026-05-28T10:47:17.696,-930,599.0,-0.005870432
balanza,300.0,-88.18,,150.0134119000004,2026-05-28T10:31:47.746,2026-05-28T10:47:17.746,-930,,
multimetro,,,,150.21470190000036,2026-05-28T10:31:47.946,2026-05-28T10:47:17.946,-930,600.0,-0.005870882
multimetro,,,,150.46509650000007,2026-05-28T10:31:48.197,2026-05-28T10:47:18.197,-930,601.0,-0.005871406
balanza,301.0,-87.14,,150.51355240000066,2026-05-28T10:31:48.246,2026-05-28T10:47:18.246,-930,,
multimetro,,,,150.7150259,2026-05-28T10:31:48.446,2026-05-28T10:47:18.446,-930,602.0,-0.005871458
multimetro,,,,150.96520400000009,2026-05-28T10:31:48.696,2026-05-28T10:47:18.696,-930,603.0,-0.005871406
balanza,302.0,-87.78,,151.0137254000001,2026-05-28T10:31:48.746,2026-05-28T10:47:18.746,-930,,
multimetro,,,,151.21512150000035,2026-05-28T10:31:48.950,2026-05-28T10:47:18.950,-930,604.0,-0.005871803
multimetro,,,,151.46516790000078,2026-05-28T10:31:49.196,2026-05-28T10:47:19.196,-930,605.0,-0.005871814
balanza,303.0,-87.6,,151.5133781000004,2026-05-28T10:31:49.246,2026-05-28T10:47:19.246,-930,,
multimetro,,,,151.71511760000067,2026-05-28T10:31:49.446,2026-05-28T10:47:19.446,-930,606.0,-0.005871762
multimetro,,,,151.96505140000045,2026-05-28T10:31:49.696,2026-05-28T10:47:19.696,-930,607.0,-0.005871479
balanza,304.0,-88.2,,152.01354640000045,2026-05-28T10:31:49.746,2026-05-28T10:47:19.746,-930,,
multimetro,,,,152.21480150000025,2026-05-28T10:31:49.946,2026-05-28T10:47:19.946,-930,608.0,-0.005871249
multimetro,,,,152.4649425000007,2026-05-28T10:31:50.196,2026-05-28T10:47:20.196,-930,609.0,-0.005871542
balanza,305.0,-89.56,,152.51345440000023,2026-05-28T10:31:50.246,2026-05-28T10:47:20.246,-930,,
multimetro,,,,152.71538490000057,2026-05-28T10:31:50.454,2026-05-28T10:47:20.454,-930,610.0,-0.00587083
multimetro,,,,152.96496920000027,2026-05-28T10:31:50.696,2026-05-28T10:47:20.696,-930,611.0,-0.005871311
balanza,306.0,-88.02,,153.01341150000007,2026-05-28T10:31:50.750,2026-05-28T10:47:20.750,-930,,
multimetro,,,,153.2147672000001,2026-05-28T10:31:50.946,2026-05-28T10:47:20.946,-930,612.0,-0.005871228
multimetro,,,,153.46493940000073,2026-05-28T10:31:51.203,2026-05-28T10:47:21.203,-930,613.0,-0.005870568
balanza,307.0,-89.52,,153.51342430000022,2026-05-28T10:31:51.246,2026-05-28T10:47:21.246,-930,,
multimetro,,,,153.7149373000002,2026-05-28T10:31:51.446,2026-05-28T10:47:21.446,-930,614.0,-0.005870882
multimetro,,,,153.9650803000004,2026-05-28T10:31:51.700,2026-05-28T10:47:21.700,-930,615.0,-0.005870558
balanza,308.0,-88.33,,154.0133934000005,2026-05-28T10:31:51.746,2026-05-28T10:47:21.746,-930,,
multimetro,,,,154.2147670000004,2026-05-28T10:31:51.946,2026-05-28T10:47:21.946,-930,616.0,-0.005870694
multimetro,,,,154.46518490000017,2026-05-28T10:31:52.197,2026-05-28T10:47:22.197,-930,617.0,-0.005870338
balanza,309.0,-88.8,,154.51342010000008,2026-05-28T10:31:52.250,2026-05-28T10:47:22.250,-930,,
multimetro,,,,154.71486790000017,2026-05-28T10:31:52.446,2026-05-28T10:47:22.446,-930,618.0,-0.005870558
multimetro,,,,154.96493920000012,2026-05-28T10:31:52.696,2026-05-28T10:47:22.696,-930,619.0,-0.00587083
balanza,310.0,-88.99,,155.01339370000005,2026-05-28T10:31:52.746,2026-05-28T10:47:22.746,-930,,
multimetro,,,,155.21501100000023,2026-05-28T10:31:52.946,2026-05-28T10:47:22.946,-930,620.0,-0.005870809
multimetro,,,,155.4649575000003,2026-05-28T10:31:53.200,2026-05-28T10:47:23.200,-930,621.0,-0.005870882
balanza,311.0,-88.91,,155.51348380000036,2026-05-28T10:31:53.246,2026-05-28T10:47:23.246,-930,,
multimetro,,,,155.71471050000036,2026-05-28T10:31:53.453,2026-05-28T10:47:23.453,-930,622.0,-0.005871039
multimetro,,,,155.96480109999993,2026-05-28T10:31:53.703,2026-05-28T10:47:23.703,-930,623.0,-0.005871311
balanza,312.0,-88.89,,156.01333290000002,2026-05-28T10:31:53.750,2026-05-28T10:47:23.750,-930,,
multimetro,,,,156.21475980000014,2026-05-28T10:31:53.946,2026-05-28T10:47:23.946,-930,624.0,-0.005871343
multimetro,,,,156.4648046000002,2026-05-28T10:31:54.201,2026-05-28T10:47:24.201,-930,625.0,-0.00587151
balanza,313.0,-88.84,,156.51340720000007,2026-05-28T10:31:54.246,2026-05-28T10:47:24.246,-930,,
multimetro,,,,156.71475350000037,2026-05-28T10:31:54.446,2026-05-28T10:47:24.446,-930,626.0,-0.005871783
multimetro,,,,156.96496640000078,2026-05-28T10:31:54.703,2026-05-28T10:47:24.703,-930,627.0,-0.00587151
balanza,314.0,-88.83,,157.01348130000042,2026-05-28T10:31:54.746,2026-05-28T10:47:24.746,-930,,
multimetro,,,,157.2149201000002,2026-05-28T10:31:54.946,2026-05-28T10:47:24.946,-930,628.0,-0.005871657
multimetro,,,,157.46529520000058,2026-05-28T10:31:55.196,2026-05-28T10:47:25.196,-930,629.0,-0.005871898
balanza,315.0,-89.04,,157.51333280000017,2026-05-28T10:31:55.250,2026-05-28T10:47:25.250,-930,,
multimetro,,,,157.7148029,2026-05-28T10:31:55.446,2026-05-28T10:47:25.446,-930,630.0,-0.005872233
multimetro,,,,157.96482680000008,2026-05-28T10:31:55.703,2026-05-28T10:47:25.703,-930,631.0,-0.005872306
balanza,316.0,-88.86,,158.01343590000033,2026-05-28T10:31:55.746,2026-05-28T10:47:25.746,-930,,
multimetro,,,,158.21492020000005,2026-05-28T10:31:55.946,2026-05-28T10:47:25.946,-930,632.0,-0.00587239
multimetro,,,,158.46482450000076,2026-05-28T10:31:56.200,2026-05-28T10:47:26.200,-930,633.0,-0.005872505
balanza,317.0,-89.01,,158.5133783000001,2026-05-28T10:31:56.246,2026-05-28T10:47:26.246,-930,,
multimetro,,,,158.71491240000069,2026-05-28T10:31:56.446,2026-05-28T10:47:26.446,-930,634.0,-0.005872358
multimetro,,,,158.96485160000066,2026-05-28T10:31:56.696,2026-05-28T10:47:26.696,-930,635.0,-0.005872421
balanza,318.0,-88.85,,159.01330810000036,2026-05-28T10:31:56.750,2026-05-28T10:47:26.750,-930,,
multimetro,,,,159.21485350000057,2026-05-28T10:31:56.946,2026-05-28T10:47:26.946,-930,636.0,-0.005872463
multimetro,,,,159.46471950000068,2026-05-28T10:31:57.203,2026-05-28T10:47:27.203,-930,637.0,-0.00587283
balanza,319.0,-89.11,,159.51340040000014,2026-05-28T10:31:57.246,2026-05-28T10:47:27.246,-930,,
multimetro,,,,159.71487530000013,2026-05-28T10:31:57.453,2026-05-28T10:47:27.453,-930,638.0,-0.00587283
multimetro,,,,159.9654089000005,2026-05-28T10:31:57.700,2026-05-28T10:47:27.700,-930,639.0,-0.005872966
balanza,320.0,-89.02,,160.01334530000076,2026-05-28T10:31:57.746,2026-05-28T10:47:27.746,-930,,
multimetro,,,,160.2147943,2026-05-28T10:31:57.953,2026-05-28T10:47:27.953,-930,640.0,-0.005873081
multimetro,,,,160.4647384,2026-05-28T10:31:58.196,2026-05-28T10:47:28.196,-930,641.0,-0.005873028
balanza,321.0,-89.01,,160.51361220000035,2026-05-28T10:31:58.246,2026-05-28T10:47:28.246,-930,,
multimetro,,,,160.7150846000004,2026-05-28T10:31:58.450,2026-05-28T10:47:28.450,-930,642.0,-0.005873091
multimetro,,,,160.9647646000003,2026-05-28T10:31:58.703,2026-05-28T10:47:28.703,-930,643.0,-0.005873165
balanza,322.0,-89.04,,161.01346379999995,2026-05-28T10:31:58.746,2026-05-28T10:47:28.746,-930,,
multimetro,,,,161.21490249999988,2026-05-28T10:31:58.946,2026-05-28T10:47:28.946,-930,644.0,-0.005873311
multimetro,,,,161.4650529999999,2026-05-28T10:31:59.196,2026-05-28T10:47:29.196,-930,645.0,-0.005873384
balanza,323.0,-89.06,,161.5133966000003,2026-05-28T10:31:59.246,2026-05-28T10:47:29.246,-930,,
multimetro,,,,161.71540200000072,2026-05-28T10:31:59.446,2026-05-28T10:47:29.446,-930,646.0,-0.0058735
multimetro,,,,161.9648133999999,2026-05-28T10:31:59.696,2026-05-28T10:47:29.696,-930,647.0,-0.005873688
balanza,324.0,-89.22,,162.01371199999994,2026-05-28T10:31:59.746,2026-05-28T10:47:29.746,-930,,
multimetro,,,,162.2151328,2026-05-28T10:31:59.946,2026-05-28T10:47:29.946,-930,648.0,-0.005873939
multimetro,,,,162.4649573000006,2026-05-28T10:32:00.196,2026-05-28T10:47:30.196,-930,649.0,-0.005873887
balanza,325.0,-89.08,,162.5133691000001,2026-05-28T10:32:00.246,2026-05-28T10:47:30.246,-930,,
multimetro,,,,162.7148999000001,2026-05-28T10:32:00.446,2026-05-28T10:47:30.446,-930,650.0,-0.005874002
multimetro,,,,162.97203450000052,2026-05-28T10:32:00.707,2026-05-28T10:47:30.707,-930,651.0,-0.00587417
balanza,326.0,-89.15,,163.01359670000056,2026-05-28T10:32:00.746,2026-05-28T10:47:30.746,-930,,
multimetro,,,,163.21490200000062,2026-05-28T10:32:00.953,2026-05-28T10:47:30.953,-930,652.0,-0.005874201
multimetro,,,,163.4655975000005,2026-05-28T10:32:01.204,2026-05-28T10:47:31.204,-930,653.0,-0.005874201
balanza,327.0,-89.06,,163.51356590000069,2026-05-28T10:32:01.246,2026-05-28T10:47:31.246,-930,,
multimetro,,,,163.71498240000074,2026-05-28T10:32:01.453,2026-05-28T10:47:31.453,-930,654.0,-0.005874201
multimetro,,,,163.96478490000027,2026-05-28T10:32:01.696,2026-05-28T10:47:31.696,-930,655.0,-0.005874369
balanza,328.0,-89.14,,164.0135476000005,2026-05-28T10:32:01.750,2026-05-28T10:47:31.750,-930,,
multimetro,,,,164.21515249999993,2026-05-28T10:32:01.950,2026-05-28T10:47:31.950,-930,656.0,-0.005874473
multimetro,,,,164.4652317,2026-05-28T10:32:02.203,2026-05-28T10:47:32.203,-930,657.0,-0.005874494
balanza,329.0,-89.19,,164.5134452000002,2026-05-28T10:32:02.246,2026-05-28T10:47:32.246,-930,,
multimetro,,,,164.71482950000063,2026-05-28T10:32:02.446,2026-05-28T10:47:32.446,-930,658.0,-0.005874766
multimetro,,,,164.96511940000073,2026-05-28T10:32:02.696,2026-05-28T10:47:32.696,-930,659.0,-0.005874641
balanza,330.0,-89.11,,165.01337390000026,2026-05-28T10:32:02.746,2026-05-28T10:47:32.746,-930,,
multimetro,,,,165.21477610000056,2026-05-28T10:32:02.946,2026-05-28T10:47:32.946,-930,660.0,-0.005874892
multimetro,,,,165.46482780000042,2026-05-28T10:32:03.196,2026-05-28T10:47:33.196,-930,661.0,-0.005874923
balanza,331.0,-89.21,,165.5137553000004,2026-05-28T10:32:03.246,2026-05-28T10:47:33.246,-930,,
multimetro,,,,165.7151485000004,2026-05-28T10:32:03.446,2026-05-28T10:47:33.446,-930,662.0,-0.00587485
multimetro,,,,165.9649718999999,2026-05-28T10:32:03.703,2026-05-28T10:47:33.703,-930,663.0,-0.005875238
balanza,332.0,-89.16,,166.01347410000017,2026-05-28T10:32:03.746,2026-05-28T10:47:33.746,-930,,
multimetro,,,,166.21479770000042,2026-05-28T10:32:03.946,2026-05-28T10:47:33.946,-930,664.0,-0.005875091
multimetro,,,,166.4650345,2026-05-28T10:32:04.197,2026-05-28T10:47:34.197,-930,665.0,-0.005875133
balanza,333.0,-89.16,,166.5139282,2026-05-28T10:32:04.246,2026-05-28T10:47:34.246,-930,,
multimetro,,,,166.7152919,2026-05-28T10:32:04.446,2026-05-28T10:47:34.446,-930,666.0,-0.005875154
multimetro,,,,166.9647990000003,2026-05-28T10:32:04.696,2026-05-28T10:47:34.696,-930,667.0,-0.005875049
balanza,334.0,-89.16,,167.0134048,2026-05-28T10:32:04.747,2026-05-28T10:47:34.747,-930,,
multimetro,,,,167.21473590000005,2026-05-28T10:32:04.953,2026-05-28T10:47:34.953,-930,668.0,-0.005875175
multimetro,,,,167.46479520000048,2026-05-28T10:32:05.203,2026-05-28T10:47:35.203,-930,669.0,-0.005875468
balanza,335.0,-89.18,,167.51337680000051,2026-05-28T10:32:05.250,2026-05-28T10:47:35.250,-930,,
multimetro,,,,167.7149900000004,2026-05-28T10:32:05.451,2026-05-28T10:47:35.451,-930,670.0,-0.005875531
multimetro,,,,167.9647943,2026-05-28T10:32:05.703,2026-05-28T10:47:35.703,-930,671.0,-0.005875562
balanza,336.0,-89.13,,168.01342900000054,2026-05-28T10:32:05.746,2026-05-28T10:47:35.746,-930,,
multimetro,,,,168.21488580000005,2026-05-28T10:32:05.953,2026-05-28T10:47:35.953,-930,672.0,-0.005875468
multimetro,,,,168.46484050000072,2026-05-28T10:32:06.200,2026-05-28T10:47:36.200,-930,673.0,-0.005875478
balanza,337.0,-89.23,,168.5133951000007,2026-05-28T10:32:06.246,2026-05-28T10:47:36.246,-930,,
multimetro,,,,168.71476560000065,2026-05-28T10:32:06.453,2026-05-28T10:47:36.453,-930,674.0,-0.005875751
multimetro,,,,168.96537540000008,2026-05-28T10:32:06.696,2026-05-28T10:47:36.696,-930,675.0,-0.00587595
balanza,338.0,-89.2,,169.01331750000008,2026-05-28T10:32:06.750,2026-05-28T10:47:36.750,-930,,
multimetro,,,,169.21468929999992,2026-05-28T10:32:06.948,2026-05-28T10:47:36.948,-930,676.0,-0.005875866
multimetro,,,,169.4647599,2026-05-28T10:32:07.203,2026-05-28T10:47:37.203,-930,677.0,-0.005876075
balanza,339.0,-89.15,,169.51336450000053,2026-05-28T10:32:07.246,2026-05-28T10:47:37.246,-930,,
multimetro,,,,169.7150070000007,2026-05-28T10:32:07.446,2026-05-28T10:47:37.446,-930,678.0,-0.005876169
multimetro,,,,169.96481120000044,2026-05-28T10:32:07.700,2026-05-28T10:47:37.700,-930,679.0,-0.005876148
balanza,340.0,-89.25,,170.0133962,2026-05-28T10:32:07.746,2026-05-28T10:47:37.746,-930,,
multimetro,,,,170.2148111000006,2026-05-28T10:32:07.953,2026-05-28T10:47:37.953,-930,680.0,-0.005876138
multimetro,,,,170.46483480000006,2026-05-28T10:32:08.196,2026-05-28T10:47:38.196,-930,681.0,-0.005876222
balanza,341.0,-89.2,,170.5133919,2026-05-28T10:32:08.250,2026-05-28T10:47:38.250,-930,,
multimetro,,,,170.71518540000034,2026-05-28T10:32:08.446,2026-05-28T10:47:38.446,-930,682.0,-0.005875897
multimetro,,,,170.96524279999994,2026-05-28T10:32:08.704,2026-05-28T10:47:38.704,-930,683.0,-0.005876117
balanza,342.0,-89.18,,171.0133882,2026-05-28T10:32:08.746,2026-05-28T10:47:38.746,-930,,
multimetro,,,,171.21492579999995,2026-05-28T10:32:08.946,2026-05-28T10:47:38.946,-930,684.0,-0.00587596
multimetro,,,,171.46487359999992,2026-05-28T10:32:09.200,2026-05-28T10:47:39.200,-930,685.0,-0.005876033
balanza,343.0,-89.24,,171.51330030000008,2026-05-28T10:32:09.246,2026-05-28T10:47:39.246,-930,,
multimetro,,,,171.71467060000032,2026-05-28T10:32:09.453,2026-05-28T10:47:39.453,-930,686.0,-0.005876107
multimetro,,,,171.96482770000057,2026-05-28T10:32:09.696,2026-05-28T10:47:39.696,-930,687.0,-0.00587619
balanza,344.0,-89.17,,172.0133620000006,2026-05-28T10:32:09.750,2026-05-28T10:47:39.750,-930,,
multimetro,,,,172.21487290000005,2026-05-28T10:32:09.946,2026-05-28T10:47:39.946,-930,688.0,-0.005876337
multimetro,,,,172.46567060000052,2026-05-28T10:32:10.196,2026-05-28T10:47:40.196,-930,689.0,-0.005876326
balanza,345.0,-89.23,,172.51332450000064,2026-05-28T10:32:10.246,2026-05-28T10:47:40.246,-930,,
multimetro,,,,172.71482430000015,2026-05-28T10:32:10.446,2026-05-28T10:47:40.446,-930,690.0,-0.005876222
multimetro,,,,172.96479940000063,2026-05-28T10:32:10.700,2026-05-28T10:47:40.700,-930,691.0,-0.005876159
balanza,346.0,-89.17,,173.0134435,2026-05-28T10:32:10.746,2026-05-28T10:47:40.746,-930,,
multimetro,,,,173.21486640000057,2026-05-28T10:32:10.953,2026-05-28T10:47:40.953,-930,692.0,-0.00587641
multimetro,,,,173.46483420000004,2026-05-28T10:32:11.203,2026-05-28T10:47:41.203,-930,693.0,-0.005876452
balanza,347.0,-89.22,,173.5132932000006,2026-05-28T10:32:11.250,2026-05-28T10:47:41.250,-930,,
multimetro,,,,173.71481949999998,2026-05-28T10:32:11.446,2026-05-28T10:47:41.446,-930,694.0,-0.005876295
multimetro,,,,173.96461220000037,2026-05-28T10:32:11.703,2026-05-28T10:47:41.703,-930,695.0,-0.00587662
balanza,348.0,-89.14,,174.01341709999997,2026-05-28T10:32:11.746,2026-05-28T10:47:41.746,-930,,
multimetro,,,,174.21479380000073,2026-05-28T10:32:11.953,2026-05-28T10:47:41.953,-930,696.0,-0.00587663
multimetro,,,,174.46510780000062,2026-05-28T10:32:12.200,2026-05-28T10:47:42.200,-930,697.0,-0.005876567
balanza,349.0,-89.26,,174.51352190000034,2026-05-28T10:32:12.246,2026-05-28T10:47:42.246,-930,,
multimetro,,,,174.71485900000062,2026-05-28T10:32:12.453,2026-05-28T10:47:42.453,-930,698.0,-0.005876766
multimetro,,,,174.96537059999991,2026-05-28T10:32:12.704,2026-05-28T10:47:42.704,-930,699.0,-0.005876934
balanza,350.0,-89.12,,175.01336710000032,2026-05-28T10:32:12.750,2026-05-28T10:47:42.750,-930,,
multimetro,,,,175.2148188000001,2026-05-28T10:32:12.950,2026-05-28T10:47:42.950,-930,700.0,-0.005876871
multimetro,,,,175.46523270000034,2026-05-28T10:32:13.204,2026-05-28T10:47:43.204,-930,701.0,-0.005876881
balanza,351.0,-89.18,,175.5134603000006,2026-05-28T10:32:13.246,2026-05-28T10:47:43.246,-930,,
multimetro,,,,175.7148541000006,2026-05-28T10:32:13.446,2026-05-28T10:47:43.446,-930,702.0,-0.005877195
multimetro,,,,175.96516090000023,2026-05-28T10:32:13.696,2026-05-28T10:47:43.696,-930,703.0,-0.005877269
balanza,352.0,-89.15,,176.01334110000062,2026-05-28T10:32:13.746,2026-05-28T10:47:43.746,-930,,
multimetro,,,,176.2148511000005,2026-05-28T10:32:13.946,2026-05-28T10:47:43.946,-930,704.0,-0.00587751
multimetro,,,,176.46488050000062,2026-05-28T10:32:14.196,2026-05-28T10:47:44.196,-930,705.0,-0.00587751
balanza,353.0,-89.18,,176.51343280000037,2026-05-28T10:32:14.246,2026-05-28T10:47:44.246,-930,,
multimetro,,,,176.7385549999999,2026-05-28T10:32:14.477,2026-05-28T10:47:44.477,-930,706.0,-0.005877593
multimetro,,,,176.9650212000006,2026-05-28T10:32:14.696,2026-05-28T10:47:44.696,-930,707.0,-0.005877478
balanza,354.0,-89.21,,177.0136038999999,2026-05-28T10:32:14.746,2026-05-28T10:47:44.746,-930,,
multimetro,,,,177.21502200000032,2026-05-28T10:32:14.946,2026-05-28T10:47:44.946,-930,708.0,-0.005877604
multimetro,,,,177.46477959999993,2026-05-28T10:32:15.203,2026-05-28T10:47:45.203,-930,709.0,-0.005877771
balanza,355.0,-89.2,,177.5133667,2026-05-28T10:32:15.246,2026-05-28T10:47:45.246,-930,,
multimetro,,,,177.71492600000056,2026-05-28T10:32:15.446,2026-05-28T10:47:45.446,-930,710.0,-0.005877729
multimetro,,,,177.9653616000005,2026-05-28T10:32:15.696,2026-05-28T10:47:45.696,-930,711.0,-0.005877918
balanza,356.0,-89.18,,178.01379970000016,2026-05-28T10:32:15.746,2026-05-28T10:47:45.746,-930,,
multimetro,,,,178.21530110000003,2026-05-28T10:32:15.946,2026-05-28T10:47:45.946,-930,712.0,-0.005877782
multimetro,,,,178.4648474000005,2026-05-28T10:32:16.196,2026-05-28T10:47:46.196,-930,713.0,-0.005877572
balanza,357.0,-89.19,,178.51365200000055,2026-05-28T10:32:16.246,2026-05-28T10:47:46.246,-930,,
multimetro,,,,178.71532920000027,2026-05-28T10:32:16.454,2026-05-28T10:47:46.454,-930,714.0,-0.00587775
multimetro,,,,178.96474920000037,2026-05-28T10:32:16.696,2026-05-28T10:47:46.696,-930,715.0,-0.005877792
balanza,358.0,-89.14,,179.0132523000002,2026-05-28T10:32:16.750,2026-05-28T10:47:46.750,-930,,
multimetro,,,,179.21487120000074,2026-05-28T10:32:16.946,2026-05-28T10:47:46.946,-930,716.0,-0.005877729
multimetro,,,,179.4648033000003,2026-05-28T10:32:17.203,2026-05-28T10:47:47.203,-930,717.0,-0.005877834
balanza,359.0,-89.16,,179.51335330000074,2026-05-28T10:32:17.246,2026-05-28T10:47:47.246,-930,,
multimetro,,,,179.71538349999992,2026-05-28T10:32:17.446,2026-05-28T10:47:47.446,-930,718.0,-0.005877813
multimetro,,,,179.96479650000038,2026-05-28T10:32:17.700,2026-05-28T10:47:47.700,-930,719.0,-0.005877886
balanza,360.0,-89.16,,180.01329890000034,2026-05-28T10:32:17.746,2026-05-28T10:47:47.746,-930,,
multimetro,,,,180.2147173000003,2026-05-28T10:32:17.946,2026-05-28T10:47:47.946,-930,720.0,-0.005877907
multimetro,,,,180.46496750000006,2026-05-28T10:32:18.201,2026-05-28T10:47:48.201,-930,721.0,-0.00587797
balanza,361.0,-89.13,,180.51364040000044,2026-05-28T10:32:18.246,2026-05-28T10:47:48.246,-930,,
multimetro,,,,180.71516510000038,2026-05-28T10:32:18.446,2026-05-28T10:47:48.446,-930,722.0,-0.00587797
multimetro,,,,180.96485209999992,2026-05-28T10:32:18.703,2026-05-28T10:47:48.703,-930,723.0,-0.005878138
balanza,362.0,-89.14,,181.01339700000062,2026-05-28T10:32:18.746,2026-05-28T10:47:48.746,-930,,
multimetro,,,,181.21491229999992,2026-05-28T10:32:18.946,2026-05-28T10:47:48.946,-930,724.0,-0.005878127
multimetro,,,,181.46548260000054,2026-05-28T10:32:19.196,2026-05-28T10:47:49.196,-930,725.0,-0.00587818
balanza,363.0,-89.17,,181.5138695000005,2026-05-28T10:32:19.246,2026-05-28T10:47:49.246,-930,,
multimetro,,,,181.71529290000035,2026-05-28T10:32:19.446,2026-05-28T10:47:49.446,-930,726.0,-0.005878242
multimetro,,,,181.96483110000008,2026-05-28T10:32:19.696,2026-05-28T10:47:49.696,-930,727.0,-0.005878159
balanza,364.0,-89.15,,182.01338020000003,2026-05-28T10:32:19.746,2026-05-28T10:47:49.746,-930,,
multimetro,,,,182.21491060000062,2026-05-28T10:32:19.946,2026-05-28T10:47:49.946,-930,728.0,-0.005877865
multimetro,,,,182.46485950000078,2026-05-28T10:32:20.196,2026-05-28T10:47:50.196,-930,729.0,-0.005877803
balanza,365.0,-89.17,,182.5134109999999,2026-05-28T10:32:20.246,2026-05-28T10:47:50.246,-930,,
multimetro,,,,182.71485610000036,2026-05-28T10:32:20.446,2026-05-28T10:47:50.446,-930,730.0,-0.005877771
multimetro,,,,182.96502730000066,2026-05-28T10:32:20.697,2026-05-28T10:47:50.697,-930,731.0,-0.005877834
balanza,366.0,-89.16,,183.01349090000076,2026-05-28T10:32:20.746,2026-05-28T10:47:50.746,-930,,
multimetro,,,,183.21481870000025,2026-05-28T10:32:20.946,2026-05-28T10:47:50.946,-930,732.0,-0.005877991
multimetro,,,,183.46525790000123,2026-05-28T10:32:21.196,2026-05-28T10:47:51.196,-930,733.0,-0.005878064
balanza,367.0,-89.11,,183.5134281999999,2026-05-28T10:32:21.246,2026-05-28T10:47:51.246,-930,,
multimetro,,,,183.71482389999983,2026-05-28T10:32:21.446,2026-05-28T10:47:51.446,-930,734.0,-0.00587797
multimetro,,,,183.96541849999994,2026-05-28T10:32:21.696,2026-05-28T10:47:51.696,-930,735.0,-0.005877886
balanza,368.0,-89.15,,184.01340680000067,2026-05-28T10:32:21.746,2026-05-28T10:47:51.746,-930,,
multimetro,,,,184.21470129999943,2026-05-28T10:32:21.946,2026-05-28T10:47:51.946,-930,736.0,-0.005877865
multimetro,,,,184.46510409999973,2026-05-28T10:32:22.196,2026-05-28T10:47:52.196,-930,737.0,-0.005877897
balanza,369.0,-89.18,,184.51333460000023,2026-05-28T10:32:22.246,2026-05-28T10:47:52.246,-930,,
multimetro,,,,184.714876,2026-05-28T10:32:22.448,2026-05-28T10:47:52.448,-930,738.0,-0.005878054
multimetro,,,,184.96531850000065,2026-05-28T10:32:22.696,2026-05-28T10:47:52.696,-930,739.0,-0.005878075
balanza,370.0,-89.13,,185.0138423999997,2026-05-28T10:32:22.749,2026-05-28T10:47:52.749,-930,,
multimetro,,,,185.21510130000024,2026-05-28T10:32:22.946,2026-05-28T10:47:52.946,-930,740.0,-0.005877991
multimetro,,,,185.46514990000105,2026-05-28T10:32:23.196,2026-05-28T10:47:53.196,-930,741.0,-0.005877928
balanza,371.0,-89.13,,185.51337330000024,2026-05-28T10:32:23.246,2026-05-28T10:47:53.246,-930,,
multimetro,,,,185.7147259000012,2026-05-28T10:32:23.446,2026-05-28T10:47:53.446,-930,742.0,-0.005877782
multimetro,,,,185.9651470000008,2026-05-28T10:32:23.696,2026-05-28T10:47:53.696,-930,743.0,-0.005877845
balanza,372.0,-89.09,,186.01327459999993,2026-05-28T10:32:23.746,2026-05-28T10:47:53.746,-930,,
multimetro,,,,186.21477989999948,2026-05-28T10:32:23.946,2026-05-28T10:47:53.946,-930,744.0,-0.005877981
multimetro,,,,186.46477140000025,2026-05-28T10:32:24.196,2026-05-28T10:47:54.196,-930,745.0,-0.005878075
balanza,373.0,-89.09,,186.5133894999999,2026-05-28T10:32:24.246,2026-05-28T10:47:54.246,-930,,
multimetro,,,,186.71481270000004,2026-05-28T10:32:24.453,2026-05-28T10:47:54.453,-930,746.0,-0.005878242
multimetro,,,,186.96569350000027,2026-05-28T10:32:24.696,2026-05-28T10:47:54.696,-930,747.0,-0.005878085
balanza,374.0,-89.16,,187.01346379999995,2026-05-28T10:32:24.750,2026-05-28T10:47:54.750,-930,,
multimetro,,,,187.2149843999996,2026-05-28T10:32:24.946,2026-05-28T10:47:54.946,-930,748.0,-0.005878284
multimetro,,,,187.46476880000046,2026-05-28T10:32:25.203,2026-05-28T10:47:55.203,-930,749.0,-0.005878326
balanza,375.0,-89.15,,187.51336140000058,2026-05-28T10:32:25.246,2026-05-28T10:47:55.246,-930,,
multimetro,,,,187.71511610000016,2026-05-28T10:32:25.446,2026-05-28T10:47:55.446,-930,750.0,-0.005877949
multimetro,,,,187.9653040000012,2026-05-28T10:32:25.696,2026-05-28T10:47:55.696,-930,751.0,-0.005878064
balanza,376.0,-89.16,,188.01344340000105,2026-05-28T10:32:25.746,2026-05-28T10:47:55.746,-930,,
multimetro,,,,188.21483090000038,2026-05-28T10:32:25.953,2026-05-28T10:47:55.953,-930,752.0,-0.005877897
multimetro,,,,188.46485949999987,2026-05-28T10:32:26.196,2026-05-28T10:47:56.196,-930,753.0,-0.005877855
balanza,377.0,-89.12,,188.51340660000096,2026-05-28T10:32:26.250,2026-05-28T10:47:56.250,-930,,
multimetro,,,,188.71517669999957,2026-05-28T10:32:26.446,2026-05-28T10:47:56.446,-930,754.0,-0.005877625
multimetro,,,,188.96471360000032,2026-05-28T10:32:26.703,2026-05-28T10:47:56.703,-930,755.0,-0.005877834
balanza,378.0,-89.12,,189.0134102000011,2026-05-28T10:32:26.746,2026-05-28T10:47:56.746,-930,,
multimetro,,,,189.2147986,2026-05-28T10:32:26.946,2026-05-28T10:47:56.946,-930,756.0,-0.005877813
multimetro,,,,189.46500180000112,2026-05-28T10:32:27.200,2026-05-28T10:47:57.200,-930,757.0,-0.005877876
balanza,379.0,-89.12,,189.51335430000108,2026-05-28T10:32:27.246,2026-05-28T10:47:57.246,-930,,
multimetro,,,,189.71482990000004,2026-05-28T10:32:27.453,2026-05-28T10:47:57.453,-930,758.0,-0.005877981
multimetro,,,,189.9648201,2026-05-28T10:32:27.696,2026-05-28T10:47:57.696,-930,759.0,-0.005877991
