tiempo_s,tiempo_multimetro_s,voltaje_V,indice_multimetro,fecha_hora_corregida_hp,fecha_hora_pc_sin_corregir_hp,error_hp,tiempo_balanza_s,masa_g,indice_balanza,fecha_hora_corregida_balanza,fecha_hora_pc_sin_corregir_balanza,error_balanza,delta_t_balanza_multimetro_s
0.41537140000036743,0.41537140000036743,0.000763267,0,2026-05-28T12:18:32.959,2026-05-28T12:34:02.959,,,,,,,,
0.6312005999989196,0.6312005999989196,0.000763445,1,2026-05-28T12:18:33.176,2026-05-28T12:34:03.176,,1.432229099998949,,0.0,2026-05-28T12:18:33.971,2026-05-28T12:34:03.971,Error desde Arduino: HX711 not found.,0.8010285000000295
0.8462674999991577,0.8462674999991577,0.00076357,2,2026-05-28T12:18:33.387,2026-05-28T12:34:03.387,,1.432229099998949,,0.0,2026-05-28T12:18:33.971,2026-05-28T12:34:03.971,Error desde Arduino: HX711 not found.,0.5859615999997914
1.0610839999990276,1.0610839999990276,0.000763162,3,2026-05-28T12:18:33.597,2026-05-28T12:34:03.597,,1.432229099998949,,0.0,2026-05-28T12:18:33.971,2026-05-28T12:34:03.971,Error desde Arduino: HX711 not found.,0.3711450999999215
1.2761465000003227,1.2761465000003227,0.000763235,4,2026-05-28T12:18:33.814,2026-05-28T12:34:03.814,,1.432229099998949,,0.0,2026-05-28T12:18:33.971,2026-05-28T12:34:03.971,Error desde Arduino: HX711 not found.,0.1560825999986264
1.4910686000002897,1.4910686000002897,0.000762942,5,2026-05-28T12:18:34.032,2026-05-28T12:34:04.032,,1.432229099998949,,0.0,2026-05-28T12:18:33.971,2026-05-28T12:34:03.971,Error desde Arduino: HX711 not found.,-0.05883950000134064
1.7061519999988377,1.7061519999988377,0.000762848,6,2026-05-28T12:18:34.248,2026-05-28T12:34:04.248,,1.432229099998949,,0.0,2026-05-28T12:18:33.971,2026-05-28T12:34:03.971,Error desde Arduino: HX711 not found.,-0.2739228999998886
1.9209128000002238,1.9209128000002238,0.000763026,7,2026-05-28T12:18:34.458,2026-05-28T12:34:04.458,,1.432229099998949,,0.0,2026-05-28T12:18:33.971,2026-05-28T12:34:03.971,Error desde Arduino: HX711 not found.,-0.4886837000012747
2.135956099999021,2.135956099999021,0.000762785,8,2026-05-28T12:18:34.674,2026-05-28T12:34:04.674,,2.4234877999988385,0.02,1.0,2026-05-28T12:18:34.966,2026-05-28T12:34:04.966,,0.28753169999981765
2.350924700000178,2.350924700000178,0.000762733,9,2026-05-28T12:18:34.896,2026-05-28T12:34:04.896,,2.4234877999988385,0.02,1.0,2026-05-28T12:18:34.966,2026-05-28T12:34:04.966,,0.07256309999866062
2.5663262999987637,2.5663262999987637,0.000762178,10,2026-05-28T12:18:35.107,2026-05-28T12:34:05.107,,2.4466374999992695,,2.0,2026-05-28T12:18:34.986,2026-05-28T12:34:04.986,Error desde Arduino: HX711 not found.,-0.11968879999949422
2.781437800000276,2.781437800000276,0.000762031,11,2026-05-28T12:18:35.323,2026-05-28T12:34:05.323,,2.4466374999992695,,2.0,2026-05-28T12:18:34.986,2026-05-28T12:34:04.986,Error desde Arduino: HX711 not found.,-0.3348003000010067
2.9964978999996674,2.9964978999996674,0.000760618,12,2026-05-28T12:18:35.542,2026-05-28T12:34:05.542,,3.4390204999999696,14.31,3.0,2026-05-28T12:18:35.984,2026-05-28T12:34:05.984,,0.4425226000003022
3.2115206999988004,3.2115206999988004,0.000758943,13,2026-05-28T12:18:35.753,2026-05-28T12:34:05.753,,3.4390204999999696,14.31,3.0,2026-05-28T12:18:35.984,2026-05-28T12:34:05.984,,0.2274998000011692
3.4265553999994154,3.4265553999994154,0.000757644,14,2026-05-28T12:18:35.964,2026-05-28T12:34:05.964,,3.4390204999999696,14.31,3.0,2026-05-28T12:18:35.984,2026-05-28T12:34:05.984,,0.01246510000055423
3.6416422000002058,3.6416422000002058,0.000755896,15,2026-05-28T12:18:36.184,2026-05-28T12:34:06.184,,3.4622397999992245,,4.0,2026-05-28T12:18:36.004,2026-05-28T12:34:06.004,Error desde Arduino: HX711 not found.,-0.1794024000009813
3.8565435000000434,3.8565435000000434,0.000752326,16,2026-05-28T12:18:36.397,2026-05-28T12:34:06.397,,3.4622397999992245,,4.0,2026-05-28T12:18:36.004,2026-05-28T12:34:06.004,Error desde Arduino: HX711 not found.,-0.39430370000081894
4.071639300000243,4.071639300000243,0.000745845,17,2026-05-28T12:18:36.613,2026-05-28T12:34:06.613,,4.454592000000048,31.1,5.0,2026-05-28T12:18:36.990,2026-05-28T12:34:06.990,,0.3829526999998052
4.28664149999895,4.28664149999895,0.000734716,18,2026-05-28T12:18:36.824,2026-05-28T12:34:06.824,,4.454592000000048,31.1,5.0,2026-05-28T12:18:36.990,2026-05-28T12:34:06.990,,0.16795050000109768
4.5015284000000975,4.5015284000000975,0.000709567,19,2026-05-28T12:18:37.040,2026-05-28T12:34:07.040,,4.4898350999992545,,7.0,2026-05-28T12:18:37.030,2026-05-28T12:34:07.030,Error desde Arduino: HX711 not found.,-0.01169330000084301
4.7164558000004035,4.7164558000004035,0.000673206,20,2026-05-28T12:18:37.257,2026-05-28T12:34:07.257,,4.4898350999992545,,7.0,2026-05-28T12:18:37.030,2026-05-28T12:34:07.030,Error desde Arduino: HX711 not found.,-0.2266207000011491
4.931544900000517,4.931544900000517,0.000637368,21,2026-05-28T12:18:37.473,2026-05-28T12:34:07.473,,4.4898350999992545,,7.0,2026-05-28T12:18:37.030,2026-05-28T12:34:07.030,Error desde Arduino: HX711 not found.,-0.4417098000012629
5.146620899999107,5.146620899999107,0.000603686,22,2026-05-28T12:18:37.684,2026-05-28T12:34:07.684,,5.4821880999988934,31.06,8.0,2026-05-28T12:18:38.027,2026-05-28T12:34:08.027,,0.3355671999997867
5.361676099999386,5.361676099999386,0.000575774,23,2026-05-28T12:18:37.906,2026-05-28T12:34:07.906,,5.4821880999988934,31.06,8.0,2026-05-28T12:18:38.027,2026-05-28T12:34:08.027,,0.12051199999950768
5.576670999998896,5.576670999998896,0.000554835,24,2026-05-28T12:18:38.118,2026-05-28T12:34:08.118,,5.505437699999675,,9.0,2026-05-28T12:18:38.047,2026-05-28T12:34:08.047,Error desde Arduino: HX711 not found.,-0.07123329999922134
5.791617299999416,5.791617299999416,0.00053045,25,2026-05-28T12:18:38.333,2026-05-28T12:34:08.333,,5.505437699999675,,9.0,2026-05-28T12:18:38.047,2026-05-28T12:34:08.047,Error desde Arduino: HX711 not found.,-0.2861795999997412
6.006567299999006,6.006567299999006,0.000502957,26,2026-05-28T12:18:38.544,2026-05-28T12:34:08.544,,6.49779529999978,33.21,10.0,2026-05-28T12:18:39.036,2026-05-28T12:34:09.036,,0.49122800000077405
6.221790300000066,6.221790300000066,0.000493754,27,2026-05-28T12:18:38.767,2026-05-28T12:34:08.767,,6.49779529999978,33.21,10.0,2026-05-28T12:18:39.036,2026-05-28T12:34:09.036,,0.2760049999997136
6.436800899999071,6.436800899999071,0.000476688,28,2026-05-28T12:18:38.980,2026-05-28T12:34:08.980,,6.49779529999978,33.21,10.0,2026-05-28T12:18:39.036,2026-05-28T12:34:09.036,,0.06099440000070899
6.6518304999990505,6.6518304999990505,0.00045198,29,2026-05-28T12:18:39.196,2026-05-28T12:34:09.196,,6.521058500000436,,11.0,2026-05-28T12:18:39.063,2026-05-28T12:34:09.063,Error desde Arduino: HX711 not found.,-0.13077199999861477
6.866872999999032,6.866872999999032,0.000432516,30,2026-05-28T12:18:39.412,2026-05-28T12:34:09.412,,6.521058500000436,,11.0,2026-05-28T12:18:39.063,2026-05-28T12:34:09.063,Error desde Arduino: HX711 not found.,-0.34581449999859615
7.08205210000051,7.08205210000051,0.000419555,31,2026-05-28T12:18:39.621,2026-05-28T12:34:09.621,,7.513457600000038,29.03,12.0,2026-05-28T12:18:40.059,2026-05-28T12:34:10.059,,0.4314054999995278
7.297021099999256,7.297021099999256,0.000400301,32,2026-05-28T12:18:39.840,2026-05-28T12:34:09.840,,7.513457600000038,29.03,12.0,2026-05-28T12:18:40.059,2026-05-28T12:34:10.059,,0.21643650000078196
7.5120241999993596,7.5120241999993596,0.000381131,33,2026-05-28T12:18:40.057,2026-05-28T12:34:10.057,,7.513457600000038,29.03,12.0,2026-05-28T12:18:40.059,2026-05-28T12:34:10.059,,0.0014334000006783754
7.727041799998915,7.727041799998915,0.000359867,34,2026-05-28T12:18:40.270,2026-05-28T12:34:10.270,,7.536560499998814,,13.0,2026-05-28T12:18:40.078,2026-05-28T12:34:10.078,Error desde Arduino: HX711 not found.,-0.19048130000010133
7.941866699999082,7.941866699999082,0.000342058,35,2026-05-28T12:18:40.482,2026-05-28T12:34:10.482,,7.536560499998814,,13.0,2026-05-28T12:18:40.078,2026-05-28T12:34:10.078,Error desde Arduino: HX711 not found.,-0.4053062000002683
8.15694590000021,8.15694590000021,0.00031805,36,2026-05-28T12:18:40.697,2026-05-28T12:34:10.697,,8.528967000000193,28.92,14.0,2026-05-28T12:18:41.071,2026-05-28T12:34:11.071,,0.37202109999998356
8.372040599999309,8.372040599999309,0.000295834,37,2026-05-28T12:18:40.909,2026-05-28T12:34:10.909,,8.528967000000193,28.92,14.0,2026-05-28T12:18:41.071,2026-05-28T12:34:11.071,,0.15692640000088431
8.587120399999549,8.587120399999549,0.000270078,38,2026-05-28T12:18:41.130,2026-05-28T12:34:11.130,,8.552066399999603,,15.0,2026-05-28T12:18:41.090,2026-05-28T12:34:11.090,Error desde Arduino: HX711 not found.,-0.03505399999994552
8.802155699999275,8.802155699999275,0.000241799,39,2026-05-28T12:18:41.342,2026-05-28T12:34:11.342,,8.552066399999603,,15.0,2026-05-28T12:18:41.090,2026-05-28T12:34:11.090,Error desde Arduino: HX711 not found.,-0.2500892999996722
9.017578299999514,9.017578299999514,0.000221268,40,2026-05-28T12:18:41.563,2026-05-28T12:34:11.563,,8.552066399999603,,15.0,2026-05-28T12:18:41.090,2026-05-28T12:34:11.090,Error desde Arduino: HX711 not found.,-0.4655118999999104
9.232498600000326,9.232498600000326,0.000198475,41,2026-05-28T12:18:41.774,2026-05-28T12:34:11.774,,9.544563299999936,27.01,16.0,2026-05-28T12:18:42.087,2026-05-28T12:34:12.087,,0.31206469999960973
9.447552300000098,9.447552300000098,0.000179462,42,2026-05-28T12:18:41.985,2026-05-28T12:34:11.985,,9.544563299999936,27.01,16.0,2026-05-28T12:18:42.087,2026-05-28T12:34:12.087,,0.09701099999983853
9.66249599999901,9.66249599999901,0.000155162,43,2026-05-28T12:18:42.200,2026-05-28T12:34:12.200,,9.567748100000244,,17.0,2026-05-28T12:18:42.107,2026-05-28T12:34:12.107,Error desde Arduino: HX711 not found.,-0.0947478999987652
9.87749950000034,9.87749950000034,0.000133081,44,2026-05-28T12:18:42.417,2026-05-28T12:34:12.417,,9.567748100000244,,17.0,2026-05-28T12:18:42.107,2026-05-28T12:34:12.107,Error desde Arduino: HX711 not found.,-0.3097514000000956
10.092316399999618,10.092316399999618,0.000114476,45,2026-05-28T12:18:42.632,2026-05-28T12:34:12.632,,10.560162699999637,26.47,18.0,2026-05-28T12:18:43.098,2026-05-28T12:34:13.098,,0.46784630000001926
10.307364000000234,10.307364000000234,9.3725e-05,46,2026-05-28T12:18:42.848,2026-05-28T12:34:12.848,,10.560162699999637,26.47,18.0,2026-05-28T12:18:43.098,2026-05-28T12:34:13.098,,0.25279869999940274
10.522369000000253,10.522369000000253,7.4074e-05,47,2026-05-28T12:18:43.067,2026-05-28T12:34:13.067,,10.560162699999637,26.47,18.0,2026-05-28T12:18:43.098,2026-05-28T12:34:13.098,,0.037793699999383534
10.737625300000218,10.737625300000218,5.3689e-05,48,2026-05-28T12:18:43.281,2026-05-28T12:34:13.281,,10.58328149999943,,19.0,2026-05-28T12:18:43.128,2026-05-28T12:34:13.128,Error desde Arduino: HX711 not found.,-0.15434380000078818
10.952772399999958,10.952772399999958,3.2613e-05,49,2026-05-28T12:18:43.490,2026-05-28T12:34:13.490,,10.58328149999943,,19.0,2026-05-28T12:18:43.128,2026-05-28T12:34:13.128,Error desde Arduino: HX711 not found.,-0.3694909000005282
11.167817999999897,11.167817999999897,1.2553e-05,50,2026-05-28T12:18:43.712,2026-05-28T12:34:13.712,,11.575812099999894,25.04,20.0,2026-05-28T12:18:44.113,2026-05-28T12:34:14.113,,0.40799409999999625
11.383027300000322,11.383027300000322,-6.062e-06,51,2026-05-28T12:18:43.923,2026-05-28T12:34:13.923,,11.575812099999894,25.04,20.0,2026-05-28T12:18:44.113,2026-05-28T12:34:14.113,,0.192784799999572
11.597886600000493,11.597886600000493,-2.6876e-05,52,2026-05-28T12:18:44.140,2026-05-28T12:34:14.140,,11.588032599998769,25.25,21.0,2026-05-28T12:18:44.130,2026-05-28T12:34:14.130,,-0.009854000001723762
11.813172699999996,11.813172699999996,-4.8391e-05,53,2026-05-28T12:18:44.356,2026-05-28T12:34:14.356,,11.611415600000328,,22.0,2026-05-28T12:18:44.157,2026-05-28T12:34:14.157,Error desde Arduino: HX711 not found.,-0.20175709999966784
12.02802729999894,12.02802729999894,-7.0116e-05,54,2026-05-28T12:18:44.573,2026-05-28T12:34:14.573,,11.611415600000328,,22.0,2026-05-28T12:18:44.157,2026-05-28T12:34:14.157,Error desde Arduino: HX711 not found.,-0.4166116999986116
12.243171099999017,12.243171099999017,-8.7831e-05,55,2026-05-28T12:18:44.787,2026-05-28T12:34:14.787,,12.603745700000218,24.85,23.0,2026-05-28T12:18:45.147,2026-05-28T12:34:15.147,,0.36057460000120045
12.458196499999758,12.458196499999758,-0.000103473,56,2026-05-28T12:18:44.997,2026-05-28T12:34:14.997,,12.603745700000218,24.85,23.0,2026-05-28T12:18:45.147,2026-05-28T12:34:15.147,,0.14554920000045968
12.67312850000053,12.67312850000053,-0.000118528,57,2026-05-28T12:18:45.213,2026-05-28T12:34:15.213,,12.626829799999541,,24.0,2026-05-28T12:18:45.166,2026-05-28T12:34:15.166,Error desde Arduino: HX711 not found.,-0.0462987000009889
12.887974999999642,12.887974999999642,-0.000143551,58,2026-05-28T12:18:45.430,2026-05-28T12:34:15.430,,12.626829799999541,,24.0,2026-05-28T12:18:45.166,2026-05-28T12:34:15.166,Error desde Arduino: HX711 not found.,-0.2611452000001009
13.102995100000044,13.102995100000044,-0.000166176,59,2026-05-28T12:18:45.647,2026-05-28T12:34:15.647,,12.626829799999541,,24.0,2026-05-28T12:18:45.166,2026-05-28T12:34:15.166,Error desde Arduino: HX711 not found.,-0.4761653000005026
13.318010200000572,13.318010200000572,-0.000185011,60,2026-05-28T12:18:45.863,2026-05-28T12:34:15.863,,13.619281899998896,23.61,25.0,2026-05-28T12:18:46.163,2026-05-28T12:34:16.163,,0.30127169999832404
13.533027999999831,13.533027999999831,-0.000204139,61,2026-05-28T12:18:46.073,2026-05-28T12:34:16.073,,13.619281899998896,23.61,25.0,2026-05-28T12:18:46.163,2026-05-28T12:34:16.163,,0.08625389999906474
13.747922599999583,13.747922599999583,-0.000224775,62,2026-05-28T12:18:46.290,2026-05-28T12:34:16.290,,13.642534499998874,,26.0,2026-05-28T12:18:46.180,2026-05-28T12:34:16.180,Error desde Arduino: HX711 not found.,-0.10538810000070953
13.963126999999076,13.963126999999076,-0.000239799,63,2026-05-28T12:18:46.506,2026-05-28T12:34:16.506,,13.642534499998874,,26.0,2026-05-28T12:18:46.180,2026-05-28T12:34:16.180,Error desde Arduino: HX711 not found.,-0.32059250000020256
14.17826199999945,14.17826199999945,-0.000256698,64,2026-05-28T12:18:46.723,2026-05-28T12:34:16.723,,14.634898500000418,22.57,27.0,2026-05-28T12:18:47.180,2026-05-28T12:34:17.180,,0.4566365000009682
14.393588999999338,14.393588999999338,-0.00027302,65,2026-05-28T12:18:46.930,2026-05-28T12:34:16.930,,14.634898500000418,22.57,27.0,2026-05-28T12:18:47.180,2026-05-28T12:34:17.180,,0.24130950000107987
14.608870199999728,14.608870199999728,-0.000289238,66,2026-05-28T12:18:47.147,2026-05-28T12:34:17.147,,14.634898500000418,22.57,27.0,2026-05-28T12:18:47.180,2026-05-28T12:34:17.180,,0.02602830000068934
14.823765499999354,14.823765499999354,-0.000309381,67,2026-05-28T12:18:47.368,2026-05-28T12:34:17.368,,14.658229200000278,,28.0,2026-05-28T12:18:47.199,2026-05-28T12:34:17.199,Error desde Arduino: HX711 not found.,-0.1655362999990757
15.038869599999089,15.038869599999089,-0.000329232,68,2026-05-28T12:18:47.580,2026-05-28T12:34:17.580,,14.658229200000278,,28.0,2026-05-28T12:18:47.199,2026-05-28T12:34:17.199,Error desde Arduino: HX711 not found.,-0.3806403999988106
15.253903299999365,15.253903299999365,-0.000351983,69,2026-05-28T12:18:47.797,2026-05-28T12:34:17.797,,15.650395799999387,21.14,29.0,2026-05-28T12:18:48.190,2026-05-28T12:34:18.190,,0.3964925000000221
15.468974499999604,15.468974499999604,-0.000370724,70,2026-05-28T12:18:48.013,2026-05-28T12:34:18.013,,15.650395799999387,21.14,29.0,2026-05-28T12:18:48.190,2026-05-28T12:34:18.190,,0.18142129999978351
15.684141899999304,15.684141899999304,-0.000391485,71,2026-05-28T12:18:48.223,2026-05-28T12:34:18.223,,15.673498300000574,,30.0,2026-05-28T12:18:48.213,2026-05-28T12:34:18.213,Error desde Arduino: HX711 not found.,-0.01064359999872977
15.89926000000014,15.89926000000014,-0.000411608,72,2026-05-28T12:18:48.444,2026-05-28T12:34:18.444,,15.673498300000574,,30.0,2026-05-28T12:18:48.213,2026-05-28T12:34:18.213,Error desde Arduino: HX711 not found.,-0.2257616999995662
16.1142918000005,16.1142918000005,-0.000431344,73,2026-05-28T12:18:48.659,2026-05-28T12:34:18.659,,15.673498300000574,,30.0,2026-05-28T12:18:48.213,2026-05-28T12:34:18.213,Error desde Arduino: HX711 not found.,-0.440793499999927
16.329353099999935,16.329353099999935,-0.000448975,74,2026-05-28T12:18:48.874,2026-05-28T12:34:18.874,,16.666148399999656,19.93,31.0,2026-05-28T12:18:49.211,2026-05-28T12:34:19.211,,0.33679529999972146
16.544303499998932,16.544303499998932,-0.000466041,75,2026-05-28T12:18:49.089,2026-05-28T12:34:19.089,,16.666148399999656,19.93,31.0,2026-05-28T12:18:49.211,2026-05-28T12:34:19.211,,0.12184490000072401
16.759757899999386,16.759757899999386,-0.000483337,76,2026-05-28T12:18:49.301,2026-05-28T12:34:19.301,,16.689276999999493,,32.0,2026-05-28T12:18:49.230,2026-05-28T12:34:19.230,Error desde Arduino: HX711 not found.,-0.07048089999989315
16.974785299998985,16.974785299998985,-0.000502245,77,2026-05-28T12:18:49.513,2026-05-28T12:34:19.513,,16.689276999999493,,32.0,2026-05-28T12:18:49.230,2026-05-28T12:34:19.230,Error desde Arduino: HX711 not found.,-0.285508299999492
17.18967899999916,17.18967899999916,-0.000520085,78,2026-05-28T12:18:49.730,2026-05-28T12:34:19.730,,17.681608799999594,20.05,33.0,2026-05-28T12:18:50.226,2026-05-28T12:34:20.226,,0.4919298000004346
17.40504999999939,17.40504999999939,-0.00053669,79,2026-05-28T12:18:49.947,2026-05-28T12:34:19.947,,17.681608799999594,20.05,33.0,2026-05-28T12:18:50.226,2026-05-28T12:34:20.226,,0.2765588000002026
17.61992939999982,17.61992939999982,-0.00055563,80,2026-05-28T12:18:50.165,2026-05-28T12:34:20.165,,17.681608799999594,20.05,33.0,2026-05-28T12:18:50.226,2026-05-28T12:34:20.226,,0.06167939999977534
17.834926600000472,17.834926600000472,-0.000574601,81,2026-05-28T12:18:50.380,2026-05-28T12:34:20.380,,17.704714199999216,,34.0,2026-05-28T12:18:50.250,2026-05-28T12:34:20.250,Error desde Arduino: HX711 not found.,-0.13021240000125545
18.049952999999732,18.049952999999732,-0.00059217,82,2026-05-28T12:18:50.595,2026-05-28T12:34:20.595,,17.704714199999216,,34.0,2026-05-28T12:18:50.250,2026-05-28T12:34:20.250,Error desde Arduino: HX711 not found.,-0.34523880000051577
18.26494730000013,18.26494730000013,-0.000610303,83,2026-05-28T12:18:50.809,2026-05-28T12:34:20.809,,18.697142499999245,19.24,35.0,2026-05-28T12:18:51.240,2026-05-28T12:34:21.240,,0.43219519999911427
18.48001909999948,18.48001909999948,-0.000628699,84,2026-05-28T12:18:51.025,2026-05-28T12:34:21.025,,18.697142499999245,19.24,35.0,2026-05-28T12:18:51.240,2026-05-28T12:34:21.240,,0.21712339999976393
18.69517160000032,18.69517160000032,-0.000645419,85,2026-05-28T12:18:51.240,2026-05-28T12:34:21.240,,18.697142499999245,19.24,35.0,2026-05-28T12:18:51.240,2026-05-28T12:34:21.240,,0.0019708999989234144
18.91017280000051,18.91017280000051,-0.00066215,86,2026-05-28T12:18:51.447,2026-05-28T12:34:21.447,,18.720411899999817,,36.0,2026-05-28T12:18:51.263,2026-05-28T12:34:21.263,Error desde Arduino: HX711 not found.,-0.18976090000069235
19.12540210000043,19.12540210000043,-0.000678901,87,2026-05-28T12:18:51.670,2026-05-28T12:34:21.670,,18.720411899999817,,36.0,2026-05-28T12:18:51.263,2026-05-28T12:34:21.263,Error desde Arduino: HX711 not found.,-0.40499020000061137
19.34048299999995,19.34048299999995,-0.000696417,88,2026-05-28T12:18:51.886,2026-05-28T12:34:21.886,,19.712814000000435,17.55,37.0,2026-05-28T12:18:52.251,2026-05-28T12:34:22.251,,0.3723310000004858
19.55559270000049,19.55559270000049,-0.000712467,89,2026-05-28T12:18:52.099,2026-05-28T12:34:22.099,,19.712814000000435,17.55,37.0,2026-05-28T12:18:52.251,2026-05-28T12:34:22.251,,0.1572212999999465
19.770682899999883,19.770682899999883,-0.000731187,90,2026-05-28T12:18:52.315,2026-05-28T12:34:22.315,,19.735857499999838,,38.0,2026-05-28T12:18:52.281,2026-05-28T12:34:22.281,Error desde Arduino: HX711 not found.,-0.03482540000004519
19.98550189999878,19.98550189999878,-0.000745311,91,2026-05-28T12:18:52.530,2026-05-28T12:34:22.530,,19.735857499999838,,38.0,2026-05-28T12:18:52.281,2026-05-28T12:34:22.281,Error desde Arduino: HX711 not found.,-0.2496443999989424
20.200696199999584,20.200696199999584,-0.000762502,92,2026-05-28T12:18:52.744,2026-05-28T12:34:22.744,,19.735857499999838,,38.0,2026-05-28T12:18:52.281,2026-05-28T12:34:22.281,Error desde Arduino: HX711 not found.,-0.4648386999997456
20.415696000000025,20.415696000000025,-0.000780259,93,2026-05-28T12:18:52.954,2026-05-28T12:34:22.954,,20.728308300000208,16.37,39.0,2026-05-28T12:18:53.264,2026-05-28T12:34:23.264,,0.3126123000001826
20.63065800000004,20.63065800000004,-0.000798068,94,2026-05-28T12:18:53.174,2026-05-28T12:34:23.174,,20.728308300000208,16.37,39.0,2026-05-28T12:18:53.264,2026-05-28T12:34:23.264,,0.0976503000001685
20.84566569999879,20.84566569999879,-0.000814705,95,2026-05-28T12:18:53.390,2026-05-28T12:34:23.390,,20.751489299998866,,40.0,2026-05-28T12:18:53.296,2026-05-28T12:34:23.296,Error desde Arduino: HX711 not found.,-0.09417639999992389
21.060680999999022,21.060680999999022,-0.000832241,96,2026-05-28T12:18:53.598,2026-05-28T12:34:23.598,,20.751489299998866,,40.0,2026-05-28T12:18:53.296,2026-05-28T12:34:23.296,Error desde Arduino: HX711 not found.,-0.30919170000015583
21.27568539999993,21.27568539999993,-0.000849422,97,2026-05-28T12:18:53.820,2026-05-28T12:34:23.820,,21.743950099998983,15.44,41.0,2026-05-28T12:18:54.280,2026-05-28T12:34:24.280,,0.46826469999905385
21.490822699999626,21.490822699999626,-0.000866551,98,2026-05-28T12:18:54.035,2026-05-28T12:34:24.035,,21.743950099998983,15.44,41.0,2026-05-28T12:18:54.280,2026-05-28T12:34:24.280,,0.2531273999993573
21.70600899999954,21.70600899999954,-0.000883899,99,2026-05-28T12:18:54.251,2026-05-28T12:34:24.251,,21.743950099998983,15.44,41.0,2026-05-28T12:18:54.280,2026-05-28T12:34:24.280,,0.037941099999443395
21.92111440000008,21.92111440000008,-0.000899688,100,2026-05-28T12:18:54.461,2026-05-28T12:34:24.461,,21.77937600000041,,43.0,2026-05-28T12:18:54.321,2026-05-28T12:34:24.321,Error desde Arduino: HX711 not found.,-0.1417383999996673
22.136219599999094,22.136219599999094,-0.000917193,101,2026-05-28T12:18:54.676,2026-05-28T12:34:24.676,,21.77937600000041,,43.0,2026-05-28T12:18:54.321,2026-05-28T12:34:24.321,Error desde Arduino: HX711 not found.,-0.3568435999986832
22.3515668,22.3515668,-0.000929945,102,2026-05-28T12:18:54.888,2026-05-28T12:34:24.888,,22.771677900000213,15.11,44.0,2026-05-28T12:18:55.317,2026-05-28T12:34:25.317,,0.4201111000002129
22.566455099999075,22.566455099999075,-0.000944812,103,2026-05-28T12:18:55.109,2026-05-28T12:34:25.109,,22.771677900000213,15.11,44.0,2026-05-28T12:18:55.317,2026-05-28T12:34:25.317,,0.20522280000113824
22.781529699999737,22.781529699999737,-0.000960433,104,2026-05-28T12:18:55.318,2026-05-28T12:34:25.318,,22.771677900000213,15.11,44.0,2026-05-28T12:18:55.317,2026-05-28T12:34:25.317,,-0.009851799999523791
22.99670750000041,22.99670750000041,-0.000977572,105,2026-05-28T12:18:55.535,2026-05-28T12:34:25.535,,22.79468149999957,,45.0,2026-05-28T12:18:55.335,2026-05-28T12:34:25.335,Error desde Arduino: HX711 not found.,-0.20202600000084203
23.211489299999812,23.211489299999812,-0.000995467,106,2026-05-28T12:18:55.756,2026-05-28T12:34:25.756,,22.79468149999957,,45.0,2026-05-28T12:18:55.335,2026-05-28T12:34:25.335,Error desde Arduino: HX711 not found.,-0.4168078000002424
23.42665239999951,23.42665239999951,-0.001014187,107,2026-05-28T12:18:55.971,2026-05-28T12:34:25.971,,23.787428100000398,14.17,46.0,2026-05-28T12:18:56.331,2026-05-28T12:34:26.331,,0.360775700000886
23.641756900000473,23.641756900000473,-0.001031242,108,2026-05-28T12:18:56.185,2026-05-28T12:34:26.185,,23.787428100000398,14.17,46.0,2026-05-28T12:18:56.331,2026-05-28T12:34:26.331,,0.14567119999992428
23.85695779999878,23.85695779999878,-0.001047481,109,2026-05-28T12:18:56.401,2026-05-28T12:34:26.401,,23.81044119999933,,47.0,2026-05-28T12:18:56.351,2026-05-28T12:34:26.351,Error desde Arduino: HX711 not found.,-0.04651659999944968
24.071930599999178,24.071930599999178,-0.001062808,110,2026-05-28T12:18:56.608,2026-05-28T12:34:26.608,,23.81044119999933,,47.0,2026-05-28T12:18:56.351,2026-05-28T12:34:26.351,Error desde Arduino: HX711 not found.,-0.2614893999998458
24.28714670000045,24.28714670000045,-0.001079843,111,2026-05-28T12:18:56.823,2026-05-28T12:34:26.823,,23.81044119999933,,47.0,2026-05-28T12:18:56.351,2026-05-28T12:34:26.351,Error desde Arduino: HX711 not found.,-0.4767055000011169
24.502197499999966,24.502197499999966,-0.001098228,112,2026-05-28T12:18:57.042,2026-05-28T12:34:27.042,,24.802910299998985,13.02,48.0,2026-05-28T12:18:57.343,2026-05-28T12:34:27.343,,0.3007127999990189
24.71743769999921,24.71743769999921,-0.001115785,113,2026-05-28T12:18:57.255,2026-05-28T12:34:27.255,,24.802910299998985,13.02,48.0,2026-05-28T12:18:57.343,2026-05-28T12:34:27.343,,0.08547259999977541
24.93246089999957,24.93246089999957,-0.001131511,114,2026-05-28T12:18:57.475,2026-05-28T12:34:27.475,,24.82625460000054,,49.0,2026-05-28T12:18:57.363,2026-05-28T12:34:27.363,Error desde Arduino: HX711 not found.,-0.1062062999990303
25.14775659999941,25.14775659999941,-0.001147069,115,2026-05-28T12:18:57.685,2026-05-28T12:34:27.685,,24.82625460000054,,49.0,2026-05-28T12:18:57.363,2026-05-28T12:34:27.363,Error desde Arduino: HX711 not found.,-0.32150199999887263
25.362699499999508,25.362699499999508,-0.001164135,116,2026-05-28T12:18:57.901,2026-05-28T12:34:27.901,,25.81853659999979,12.13,50.0,2026-05-28T12:18:58.364,2026-05-28T12:34:28.364,,0.45583710000028077
25.577924299999722,25.577924299999722,-0.001180939,117,2026-05-28T12:18:58.118,2026-05-28T12:34:28.118,,25.81853659999979,12.13,50.0,2026-05-28T12:18:58.364,2026-05-28T12:34:28.364,,0.24061230000006617
25.79356109999935,25.79356109999935,-0.0011979,118,2026-05-28T12:18:58.338,2026-05-28T12:34:28.338,,25.81853659999979,12.13,50.0,2026-05-28T12:18:58.364,2026-05-28T12:34:28.364,,0.024975500000437023
26.008669999999256,26.008669999999256,-0.001214693,119,2026-05-28T12:18:58.548,2026-05-28T12:34:28.548,,25.841683299999204,,51.0,2026-05-28T12:18:58.381,2026-05-28T12:34:28.381,Error desde Arduino: HX711 not found.,-0.16698670000005222
26.223875899999257,26.223875899999257,-0.001231037,120,2026-05-28T12:18:58.765,2026-05-28T12:34:28.765,,25.841683299999204,,51.0,2026-05-28T12:18:58.381,2026-05-28T12:34:28.381,Error desde Arduino: HX711 not found.,-0.38219260000005306
26.43886720000046,26.43886720000046,-0.001246176,121,2026-05-28T12:18:58.982,2026-05-28T12:34:28.982,,26.834075400000074,11.7,52.0,2026-05-28T12:18:59.371,2026-05-28T12:34:29.371,,0.3952081999996153
26.654013600000326,26.654013600000326,-0.001261577,122,2026-05-28T12:18:59.197,2026-05-28T12:34:29.197,,26.834075400000074,11.7,52.0,2026-05-28T12:18:59.371,2026-05-28T12:34:29.371,,0.18006179999974847
26.869121599998834,26.869121599998834,-0.001277219,123,2026-05-28T12:18:59.411,2026-05-28T12:34:29.411,,26.85720079999919,,53.0,2026-05-28T12:18:59.401,2026-05-28T12:34:29.401,Error desde Arduino: HX711 not found.,-0.01192079999964335
27.084280499999295,27.084280499999295,-0.001292484,124,2026-05-28T12:18:59.630,2026-05-28T12:34:29.630,,26.85720079999919,,53.0,2026-05-28T12:18:59.401,2026-05-28T12:34:29.401,Error desde Arduino: HX711 not found.,-0.2270797000001039
27.29926129999876,27.29926129999876,-0.001308576,125,2026-05-28T12:18:59.838,2026-05-28T12:34:29.838,,26.85720079999919,,53.0,2026-05-28T12:18:59.401,2026-05-28T12:34:29.401,Error desde Arduino: HX711 not found.,-0.4420604999995703
27.514410800000405,27.514410800000405,-0.001324312,126,2026-05-28T12:19:00.058,2026-05-28T12:34:30.058,,27.84961949999888,10.62,54.0,2026-05-28T12:19:00.394,2026-05-28T12:34:30.394,,0.3352086999984749
27.72956449999947,27.72956449999947,-0.001338938,127,2026-05-28T12:19:00.268,2026-05-28T12:34:30.268,,27.84961949999888,10.62,54.0,2026-05-28T12:19:00.394,2026-05-28T12:34:30.394,,0.12005499999941094
27.944817600000533,27.944817600000533,-0.001354695,128,2026-05-28T12:19:00.485,2026-05-28T12:34:30.485,,27.87288499999886,,55.0,2026-05-28T12:19:00.414,2026-05-28T12:34:30.414,Error desde Arduino: HX711 not found.,-0.07193260000167356
28.16004299999986,28.16004299999986,-0.001370075,129,2026-05-28T12:19:00.701,2026-05-28T12:34:30.701,,27.87288499999886,,55.0,2026-05-28T12:19:00.414,2026-05-28T12:34:30.414,Error desde Arduino: HX711 not found.,-0.2871580000009999
28.37498869999945,28.37498869999945,-0.001386219,130,2026-05-28T12:19:00.911,2026-05-28T12:34:30.911,,28.864110999998957,9.78,56.0,2026-05-28T12:19:01.407,2026-05-28T12:34:31.407,,0.48912229999950796
28.59042749999935,28.59042749999935,-0.001401798,131,2026-05-28T12:19:01.135,2026-05-28T12:34:31.135,,28.864110999998957,9.78,56.0,2026-05-28T12:19:01.407,2026-05-28T12:34:31.407,,0.2736834999996063
28.805362799999784,28.805362799999784,-0.001415807,132,2026-05-28T12:19:01.345,2026-05-28T12:34:31.345,,28.864110999998957,9.78,56.0,2026-05-28T12:19:01.407,2026-05-28T12:34:31.407,,0.05874819999917236
29.020615100000214,29.020615100000214,-0.001431292,133,2026-05-28T12:19:01.565,2026-05-28T12:34:31.565,,28.8873222000002,,57.0,2026-05-28T12:19:01.432,2026-05-28T12:34:31.432,Error desde Arduino: HX711 not found.,-0.13329290000001492
29.2355220999998,29.2355220999998,-0.001447132,134,2026-05-28T12:19:01.771,2026-05-28T12:34:31.771,,28.8873222000002,,57.0,2026-05-28T12:19:01.432,2026-05-28T12:34:31.432,Error desde Arduino: HX711 not found.,-0.34819989999959944
29.450838999999178,29.450838999999178,-0.001462764,135,2026-05-28T12:19:01.988,2026-05-28T12:34:31.988,,29.878642100000434,9.71,58.0,2026-05-28T12:19:02.415,2026-05-28T12:34:32.415,,0.4278031000012561
29.665903699999035,29.665903699999035,-0.001478783,136,2026-05-28T12:19:02.208,2026-05-28T12:34:32.208,,29.878642100000434,9.71,58.0,2026-05-28T12:19:02.415,2026-05-28T12:34:32.415,,0.212738400001399
29.88095439999961,29.88095439999961,-0.00149411,137,2026-05-28T12:19:02.425,2026-05-28T12:34:32.425,,29.878642100000434,9.71,58.0,2026-05-28T12:19:02.415,2026-05-28T12:34:32.415,,-0.0023122999991755933
30.096048499999597,30.096048499999597,-0.001509679,138,2026-05-28T12:19:02.633,2026-05-28T12:34:32.633,,29.901864499999647,,59.0,2026-05-28T12:19:02.446,2026-05-28T12:34:32.446,Error desde Arduino: HX711 not found.,-0.19418399999995017
30.311130399999456,30.311130399999456,-0.001525111,139,2026-05-28T12:19:02.852,2026-05-28T12:34:32.852,,29.901864499999647,,59.0,2026-05-28T12:19:02.446,2026-05-28T12:34:32.446,Error desde Arduino: HX711 not found.,-0.40926589999980933
30.526305899998988,30.526305899998988,-0.001540764,140,2026-05-28T12:19:03.070,2026-05-28T12:34:33.070,,30.893127899998944,8.35,60.0,2026-05-28T12:19:03.438,2026-05-28T12:34:33.438,,0.36682199999995646
30.741545299999416,30.741545299999416,-0.001556405,141,2026-05-28T12:19:03.281,2026-05-28T12:34:33.281,,30.893127899998944,8.35,60.0,2026-05-28T12:19:03.438,2026-05-28T12:34:33.438,,0.1515825999995286
30.95681700000023,30.95681700000023,-0.001572079,142,2026-05-28T12:19:03.502,2026-05-28T12:34:33.502,,30.916317999999592,,61.0,2026-05-28T12:19:03.458,2026-05-28T12:34:33.458,Error desde Arduino: HX711 not found.,-0.04049900000063644
31.171653600000354,31.171653600000354,-0.001587134,143,2026-05-28T12:19:03.717,2026-05-28T12:34:33.717,,30.916317999999592,,61.0,2026-05-28T12:19:03.458,2026-05-28T12:34:33.458,Error desde Arduino: HX711 not found.,-0.2553356000007625
31.38694050000049,31.38694050000049,-0.00160242,144,2026-05-28T12:19:03.931,2026-05-28T12:34:33.931,,30.916317999999592,,61.0,2026-05-28T12:19:03.458,2026-05-28T12:34:33.458,Error desde Arduino: HX711 not found.,-0.4706225000008999
31.626958299999387,31.626958299999387,-0.001617695,145,2026-05-28T12:19:04.172,2026-05-28T12:34:34.172,,31.90757769999982,6.64,62.0,2026-05-28T12:19:04.447,2026-05-28T12:34:34.447,,0.2806194000004325
31.841727299999548,31.841727299999548,-0.00163451,146,2026-05-28T12:19:04.380,2026-05-28T12:34:34.380,,31.90757769999982,6.64,62.0,2026-05-28T12:19:04.447,2026-05-28T12:34:34.447,,0.0658504000002722
32.05697609999879,32.05697609999879,-0.001648948,147,2026-05-28T12:19:04.597,2026-05-28T12:34:34.597,,31.930864699999802,,63.0,2026-05-28T12:19:04.473,2026-05-28T12:34:34.473,Error desde Arduino: HX711 not found.,-0.12611139999899024
32.2719933999997,32.2719933999997,-0.001662213,148,2026-05-28T12:19:04.813,2026-05-28T12:34:34.813,,31.930864699999802,,63.0,2026-05-28T12:19:04.473,2026-05-28T12:34:34.473,Error desde Arduino: HX711 not found.,-0.34112869999989925
32.487323299999844,32.487323299999844,-0.001674483,149,2026-05-28T12:19:05.030,2026-05-28T12:34:35.030,,32.922094800000195,7.42,64.0,2026-05-28T12:19:05.463,2026-05-28T12:34:35.463,,0.4347715000003518
32.702545799998916,32.702545799998916,-0.001683309,150,2026-05-28T12:19:05.247,2026-05-28T12:34:35.247,,32.922094800000195,7.42,64.0,2026-05-28T12:19:05.463,2026-05-28T12:34:35.463,,0.21954900000127964
32.917828499999814,32.917828499999814,-0.001690335,151,2026-05-28T12:19:05.463,2026-05-28T12:34:35.463,,32.922094800000195,7.42,64.0,2026-05-28T12:19:05.463,2026-05-28T12:34:35.463,,0.004266300000381307
33.13330959999985,33.13330959999985,-0.0017045,152,2026-05-28T12:19:05.678,2026-05-28T12:34:35.678,,32.94528949999949,,65.0,2026-05-28T12:19:05.490,2026-05-28T12:34:35.490,Error desde Arduino: HX711 not found.,-0.18802010000035807
33.34838800000034,33.34838800000034,-0.001715315,153,2026-05-28T12:19:05.893,2026-05-28T12:34:35.893,,32.94528949999949,,65.0,2026-05-28T12:19:05.490,2026-05-28T12:34:35.490,Error desde Arduino: HX711 not found.,-0.40309850000085135
33.56323169999996,33.56323169999996,-0.00173324,154,2026-05-28T12:19:06.107,2026-05-28T12:34:36.107,,33.93515370000023,5.28,66.0,2026-05-28T12:19:06.480,2026-05-28T12:34:36.480,,0.37192200000026787
33.77834230000008,33.77834230000008,-0.001746599,155,2026-05-28T12:19:06.323,2026-05-28T12:34:36.323,,33.93515370000023,5.28,66.0,2026-05-28T12:19:06.480,2026-05-28T12:34:36.480,,0.15681140000015148
33.99353700000029,33.99353700000029,-0.001757875,156,2026-05-28T12:19:06.530,2026-05-28T12:34:36.530,,33.95842579999953,,67.0,2026-05-28T12:19:06.501,2026-05-28T12:34:36.501,Error desde Arduino: HX711 not found.,-0.03511120000075607
34.20876099999987,34.20876099999987,-0.001764408,157,2026-05-28T12:19:06.747,2026-05-28T12:34:36.747,,33.95842579999953,,67.0,2026-05-28T12:19:06.501,2026-05-28T12:34:36.501,Error desde Arduino: HX711 not found.,-0.25033520000033604
34.42391419999876,34.42391419999876,-0.001779118,158,2026-05-28T12:19:06.963,2026-05-28T12:34:36.963,,33.95842579999953,,67.0,2026-05-28T12:19:06.501,2026-05-28T12:34:36.501,Error desde Arduino: HX711 not found.,-0.46548839999923075
34.63899130000027,34.63899130000027,-0.001796425,159,2026-05-28T12:19:07.180,2026-05-28T12:34:37.180,,34.949684699999125,5.75,68.0,2026-05-28T12:19:07.490,2026-05-28T12:34:37.490,,0.31069339999885415
34.85411419999946,34.85411419999946,-0.001810245,160,2026-05-28T12:19:07.397,2026-05-28T12:34:37.397,,34.949684699999125,5.75,68.0,2026-05-28T12:19:07.490,2026-05-28T12:34:37.490,,0.09557049999966694
35.06923219999953,35.06923219999953,-0.001825866,161,2026-05-28T12:19:07.613,2026-05-28T12:34:37.613,,34.972828500000105,,69.0,2026-05-28T12:19:07.513,2026-05-28T12:34:37.513,Error desde Arduino: HX711 not found.,-0.09640369999942777
35.284524099999544,35.284524099999544,-0.001840555,162,2026-05-28T12:19:07.829,2026-05-28T12:34:37.829,,34.972828500000105,,69.0,2026-05-28T12:19:07.513,2026-05-28T12:34:37.513,Error desde Arduino: HX711 not found.,-0.31169559999943885
35.499481599999854,35.499481599999854,-0.001849402,163,2026-05-28T12:19:08.040,2026-05-28T12:34:38.040,,35.96405579999919,3.82,70.0,2026-05-28T12:19:08.509,2026-05-28T12:34:38.509,,0.46457419999933336
35.71466049999981,35.71466049999981,-0.001862185,164,2026-05-28T12:19:08.256,2026-05-28T12:34:38.256,,35.96405579999919,3.82,70.0,2026-05-28T12:19:08.509,2026-05-28T12:34:38.509,,0.24939529999937804
35.929703800000425,35.929703800000425,-0.001877398,165,2026-05-28T12:19:08.473,2026-05-28T12:34:38.473,,35.96405579999919,3.82,70.0,2026-05-28T12:19:08.509,2026-05-28T12:34:38.509,,0.03435199999876204
36.1449094999989,36.1449094999989,-0.001889082,166,2026-05-28T12:19:08.689,2026-05-28T12:34:38.689,,35.98735300000044,,71.0,2026-05-28T12:19:08.530,2026-05-28T12:34:38.530,Error desde Arduino: HX711 not found.,-0.15755649999846355
36.360105300000214,36.360105300000214,-0.001902127,167,2026-05-28T12:19:08.897,2026-05-28T12:34:38.897,,35.98735300000044,,71.0,2026-05-28T12:19:08.530,2026-05-28T12:34:38.530,Error desde Arduino: HX711 not found.,-0.37275229999977455
36.57516129999931,36.57516129999931,-0.001914932,168,2026-05-28T12:19:09.113,2026-05-28T12:34:39.113,,36.978599300000496,3.38,72.0,2026-05-28T12:19:09.523,2026-05-28T12:34:39.523,,0.4034380000011879
36.79037489999973,36.79037489999973,-0.00192737,169,2026-05-28T12:19:09.330,2026-05-28T12:34:39.330,,36.978599300000496,3.38,72.0,2026-05-28T12:19:09.523,2026-05-28T12:34:39.523,,0.18822440000076313
37.005455799999254,37.005455799999254,-0.001940897,170,2026-05-28T12:19:09.547,2026-05-28T12:34:39.547,,37.00175709999894,,73.0,2026-05-28T12:19:09.547,2026-05-28T12:34:39.547,Error desde Arduino: HX711 not found.,-0.0036987000003136927
37.22056870000051,37.22056870000051,-0.001954434,171,2026-05-28T12:19:09.763,2026-05-28T12:34:39.763,,37.00175709999894,,73.0,2026-05-28T12:19:09.547,2026-05-28T12:34:39.547,Error desde Arduino: HX711 not found.,-0.21881160000157251
37.43576269999903,37.43576269999903,-0.001968265,172,2026-05-28T12:19:09.980,2026-05-28T12:34:39.980,,37.00175709999894,,73.0,2026-05-28T12:19:09.547,2026-05-28T12:34:39.547,Error desde Arduino: HX711 not found.,-0.43400560000009136
37.65090070000042,37.65090070000042,-0.001981509,173,2026-05-28T12:19:10.196,2026-05-28T12:34:40.196,,37.99307419999968,2.93,74.0,2026-05-28T12:19:10.534,2026-05-28T12:34:40.534,,0.3421734999992623
37.865906999999424,37.865906999999424,-0.001994827,174,2026-05-28T12:19:10.407,2026-05-28T12:34:40.407,,37.99307419999968,2.93,74.0,2026-05-28T12:19:10.534,2026-05-28T12:34:40.534,,0.12716720000025816
38.081117199999426,38.081117199999426,-0.002004637,175,2026-05-28T12:19:10.626,2026-05-28T12:34:40.626,,38.027497699999,,76.0,2026-05-28T12:19:10.563,2026-05-28T12:34:40.563,Error desde Arduino: HX711 not found.,-0.053619500000422704
38.296094999999696,38.296094999999696,-0.002017462,176,2026-05-28T12:19:10.839,2026-05-28T12:34:40.839,,38.027497699999,,76.0,2026-05-28T12:19:10.563,2026-05-28T12:34:40.563,Error desde Arduino: HX711 not found.,-0.2685973000006925
38.511245300000155,38.511245300000155,-0.002030591,177,2026-05-28T12:19:11.051,2026-05-28T12:34:41.051,,38.027497699999,,76.0,2026-05-28T12:19:10.563,2026-05-28T12:34:40.563,Error desde Arduino: HX711 not found.,-0.483747600001152
38.726532299999235,38.726532299999235,-0.002044037,178,2026-05-28T12:19:11.272,2026-05-28T12:34:41.272,,39.01875859999927,1.55,77.0,2026-05-28T12:19:11.563,2026-05-28T12:34:41.563,,0.29222630000003846
38.94172509999953,38.94172509999953,-0.002056893,179,2026-05-28T12:19:11.484,2026-05-28T12:34:41.484,,39.01875859999927,1.55,77.0,2026-05-28T12:19:11.563,2026-05-28T12:34:41.563,,0.07703349999974307
39.156944999998814,39.156944999998814,-0.002070818,180,2026-05-28T12:19:11.701,2026-05-28T12:34:41.701,,39.0420224999998,,78.0,2026-05-28T12:19:11.585,2026-05-28T12:34:41.585,Error desde Arduino: HX711 not found.,-0.11492249999901105
39.371941600000355,39.371941600000355,-0.002083434,181,2026-05-28T12:19:11.917,2026-05-28T12:34:41.917,,39.0420224999998,,78.0,2026-05-28T12:19:11.585,2026-05-28T12:34:41.585,Error desde Arduino: HX711 not found.,-0.32991910000055213
39.58700709999903,39.58700709999903,-0.002097212,182,2026-05-28T12:19:12.131,2026-05-28T12:34:42.131,,40.033284499999354,1.5,79.0,2026-05-28T12:19:12.577,2026-05-28T12:34:42.577,,0.44627740000032645
39.80206569999973,39.80206569999973,-0.002109672,183,2026-05-28T12:19:12.347,2026-05-28T12:34:42.347,,40.033284499999354,1.5,79.0,2026-05-28T12:19:12.577,2026-05-28T12:34:42.577,,0.23121879999962403
40.017375999999786,40.017375999999786,-0.002121356,184,2026-05-28T12:19:12.561,2026-05-28T12:34:42.561,,40.033284499999354,1.5,79.0,2026-05-28T12:19:12.577,2026-05-28T12:34:42.577,,0.01590849999956845
40.23235100000056,40.23235100000056,-0.002134234,185,2026-05-28T12:19:12.778,2026-05-28T12:34:42.778,,40.0563504999991,,80.0,2026-05-28T12:19:12.597,2026-05-28T12:34:42.597,Error desde Arduino: HX711 not found.,-0.1760005000014644
40.447591099999045,40.447591099999045,-0.002146714,186,2026-05-28T12:19:12.984,2026-05-28T12:34:42.984,,40.0563504999991,,80.0,2026-05-28T12:19:12.597,2026-05-28T12:34:42.597,Error desde Arduino: HX711 not found.,-0.3912405999999464
40.66254019999906,40.66254019999906,-0.002158796,187,2026-05-28T12:19:13.201,2026-05-28T12:34:43.201,,41.04774460000044,0.69,81.0,2026-05-28T12:19:13.590,2026-05-28T12:34:43.590,,0.3852044000013848
40.877887499998906,40.877887499998906,-0.002171548,188,2026-05-28T12:19:13.422,2026-05-28T12:34:43.422,,41.04774460000044,0.69,81.0,2026-05-28T12:19:13.590,2026-05-28T12:34:43.590,,0.1698571000015363
41.093115199999374,41.093115199999374,-0.002183672,189,2026-05-28T12:19:13.634,2026-05-28T12:34:43.634,,41.07091480000054,,82.0,2026-05-28T12:19:13.613,2026-05-28T12:34:43.613,Error desde Arduino: HX711 not found.,-0.022200399998837383
41.30810779999956,41.30810779999956,-0.002195283,190,2026-05-28T12:19:13.853,2026-05-28T12:34:43.853,,41.07091480000054,,82.0,2026-05-28T12:19:13.613,2026-05-28T12:34:43.613,Error desde Arduino: HX711 not found.,-0.23719299999902432
41.523642799998925,41.523642799998925,-0.002205313,191,2026-05-28T12:19:14.063,2026-05-28T12:34:44.063,,41.07091480000054,,82.0,2026-05-28T12:19:13.613,2026-05-28T12:34:43.613,Error desde Arduino: HX711 not found.,-0.45272799999838753
41.73865839999962,41.73865839999962,-0.002218442,192,2026-05-28T12:19:14.284,2026-05-28T12:34:44.284,,42.06315969999923,-0.11,83.0,2026-05-28T12:19:14.607,2026-05-28T12:34:44.607,,0.32450129999961064
41.95386320000034,41.95386320000034,-0.002232325,193,2026-05-28T12:19:14.499,2026-05-28T12:34:44.499,,42.06315969999923,-0.11,83.0,2026-05-28T12:19:14.607,2026-05-28T12:34:44.607,,0.1092964999988908
42.168993400000545,42.168993400000545,-0.002246051,194,2026-05-28T12:19:14.713,2026-05-28T12:34:44.713,,42.08650560000024,,84.0,2026-05-28T12:19:14.630,2026-05-28T12:34:44.630,Error desde Arduino: HX711 not found.,-0.0824878000003082
42.38406690000011,42.38406690000011,-0.002259389,195,2026-05-28T12:19:14.923,2026-05-28T12:34:44.923,,42.08650560000024,,84.0,2026-05-28T12:19:14.630,2026-05-28T12:34:44.630,Error desde Arduino: HX711 not found.,-0.29756129999987024
42.599171099998784,42.599171099998784,-0.002271398,196,2026-05-28T12:19:15.140,2026-05-28T12:34:45.140,,43.07854599999882,-0.69,85.0,2026-05-28T12:19:15.624,2026-05-28T12:34:45.624,,0.4793749000000389
42.81427040000017,42.81427040000017,-0.002284569,197,2026-05-28T12:19:15.359,2026-05-28T12:34:45.359,,43.07854599999882,-0.69,85.0,2026-05-28T12:19:15.624,2026-05-28T12:34:45.624,,0.2642755999986548
43.029368699999395,43.029368699999395,-0.00229818,198,2026-05-28T12:19:15.573,2026-05-28T12:34:45.573,,43.07854599999882,-0.69,85.0,2026-05-28T12:19:15.624,2026-05-28T12:34:45.624,,0.049177299999428215
43.24434949999886,43.24434949999886,-0.00231157,199,2026-05-28T12:19:15.780,2026-05-28T12:34:45.780,,43.10160609999912,,86.0,2026-05-28T12:19:15.646,2026-05-28T12:34:45.646,Error desde Arduino: HX711 not found.,-0.14274339999974472
43.45955060000051,43.45955060000051,-0.002324699,200,2026-05-28T12:19:16.001,2026-05-28T12:34:46.001,,43.10160609999912,,86.0,2026-05-28T12:19:15.646,2026-05-28T12:34:45.646,Error desde Arduino: HX711 not found.,-0.35794450000139477
43.67465599999923,43.67465599999923,-0.002337986,201,2026-05-28T12:19:16.213,2026-05-28T12:34:46.213,,44.09398460000011,-1.05,87.0,2026-05-28T12:19:16.634,2026-05-28T12:34:46.634,,0.4193286000008811
43.88979019999897,43.88979019999897,-0.002350874,202,2026-05-28T12:19:16.434,2026-05-28T12:34:46.434,,44.09398460000011,-1.05,87.0,2026-05-28T12:19:16.634,2026-05-28T12:34:46.634,,0.20419440000114264
44.105019299999185,44.105019299999185,-0.0023635,203,2026-05-28T12:19:16.647,2026-05-28T12:34:46.647,,44.09398460000011,-1.05,87.0,2026-05-28T12:19:16.634,2026-05-28T12:34:46.634,,-0.011034699999072473
44.32023669999944,44.32023669999944,-0.002376336,204,2026-05-28T12:19:16.863,2026-05-28T12:34:46.863,,44.11702669999977,,88.0,2026-05-28T12:19:16.656,2026-05-28T12:34:46.656,Error desde Arduino: HX711 not found.,-0.2032099999996717
44.53536039999926,44.53536039999926,-0.002388335,205,2026-05-28T12:19:17.080,2026-05-28T12:34:47.080,,44.11702669999977,,88.0,2026-05-28T12:19:16.656,2026-05-28T12:34:46.656,Error desde Arduino: HX711 not found.,-0.41833369999949355
44.750548300000446,44.750548300000446,-0.002401181,206,2026-05-28T12:19:17.289,2026-05-28T12:34:47.289,,45.109516200000144,-2.42,89.0,2026-05-28T12:19:17.647,2026-05-28T12:34:47.647,,0.3589678999996977
44.96554669999932,44.96554669999932,-0.002414436,207,2026-05-28T12:19:17.507,2026-05-28T12:34:47.507,,45.109516200000144,-2.42,89.0,2026-05-28T12:19:17.647,2026-05-28T12:34:47.647,,0.14396950000082143
45.180656099999396,45.180656099999396,-0.002427167,208,2026-05-28T12:19:17.723,2026-05-28T12:34:47.723,,45.1325925000001,,90.0,2026-05-28T12:19:17.673,2026-05-28T12:34:47.673,Error desde Arduino: HX711 not found.,-0.04806359999929555
45.39573949999976,45.39573949999976,-0.002439815,209,2026-05-28T12:19:17.940,2026-05-28T12:34:47.940,,45.1325925000001,,90.0,2026-05-28T12:19:17.673,2026-05-28T12:34:47.673,Error desde Arduino: HX711 not found.,-0.2631469999996625
45.610673600000155,45.610673600000155,-0.002453561,210,2026-05-28T12:19:18.147,2026-05-28T12:34:48.147,,45.1325925000001,,90.0,2026-05-28T12:19:17.673,2026-05-28T12:34:47.673,Error desde Arduino: HX711 not found.,-0.478081100000054
45.825899199999185,45.825899199999185,-0.00246735,211,2026-05-28T12:19:18.363,2026-05-28T12:34:48.363,,46.12493899999936,-2.93,91.0,2026-05-28T12:19:18.668,2026-05-28T12:34:48.668,,0.2990398000001733
46.04084359999979,46.04084359999979,-0.002480908,212,2026-05-28T12:19:18.580,2026-05-28T12:34:48.580,,46.12493899999936,-2.93,91.0,2026-05-28T12:19:18.668,2026-05-28T12:34:48.668,,0.08409539999956905
46.256067299998904,46.256067299998904,-0.002494079,213,2026-05-28T12:19:18.797,2026-05-28T12:34:48.797,,46.14813890000005,,92.0,2026-05-28T12:19:18.690,2026-05-28T12:34:48.690,Error desde Arduino: HX711 not found.,-0.10792839999885473
46.47120890000042,46.47120890000042,-0.002507763,214,2026-05-28T12:19:19.013,2026-05-28T12:34:49.013,,46.14813890000005,,92.0,2026-05-28T12:19:18.690,2026-05-28T12:34:48.690,Error desde Arduino: HX711 not found.,-0.3230700000003708
46.68643119999979,46.68643119999979,-0.002521018,215,2026-05-28T12:19:19.230,2026-05-28T12:34:49.230,,47.14047649999884,-3.44,93.0,2026-05-28T12:19:19.685,2026-05-28T12:34:49.685,,0.4540452999990521
46.90142259999993,46.90142259999993,-0.002534315,216,2026-05-28T12:19:19.447,2026-05-28T12:34:49.447,,47.14047649999884,-3.44,93.0,2026-05-28T12:19:19.685,2026-05-28T12:34:49.685,,0.23905389999890758
47.11660169999959,47.11660169999959,-0.002547056,217,2026-05-28T12:19:19.656,2026-05-28T12:34:49.656,,47.14047649999884,-3.44,93.0,2026-05-28T12:19:19.685,2026-05-28T12:34:49.685,,0.023874799999248353
47.33152589999918,47.33152589999918,-0.002559965,218,2026-05-28T12:19:19.873,2026-05-28T12:34:49.873,,47.16352569999981,,94.0,2026-05-28T12:19:19.707,2026-05-28T12:34:49.707,Error desde Arduino: HX711 not found.,-0.16800019999936922
47.54655019999882,47.54655019999882,-0.002573597,219,2026-05-28T12:19:20.091,2026-05-28T12:34:50.091,,47.16352569999981,,94.0,2026-05-28T12:19:19.707,2026-05-28T12:34:49.707,Error desde Arduino: HX711 not found.,-0.38302449999901
47.76164059999974,47.76164059999974,-0.002587511,220,2026-05-28T12:19:20.306,2026-05-28T12:34:50.306,,48.15594169999895,-4.43,95.0,2026-05-28T12:19:20.697,2026-05-28T12:34:50.697,,0.39430109999921115
47.976836300000286,47.976836300000286,-0.002601258,221,2026-05-28T12:19:20.513,2026-05-28T12:34:50.513,,48.15594169999895,-4.43,95.0,2026-05-28T12:19:20.697,2026-05-28T12:34:50.697,,0.1791053999986616
48.19191370000044,48.19191370000044,-0.002615392,222,2026-05-28T12:19:20.730,2026-05-28T12:34:50.730,,48.17926679999982,,96.0,2026-05-28T12:19:20.723,2026-05-28T12:34:50.723,Error desde Arduino: HX711 not found.,-0.012646900000618189
48.406862899999396,48.406862899999396,-0.002629265,223,2026-05-28T12:19:20.947,2026-05-28T12:34:50.947,,48.17926679999982,,96.0,2026-05-28T12:19:20.723,2026-05-28T12:34:50.723,Error desde Arduino: HX711 not found.,-0.2275960999995732
48.62208719999944,48.62208719999944,-0.002642499,224,2026-05-28T12:19:21.163,2026-05-28T12:34:51.163,,48.17926679999982,,96.0,2026-05-28T12:19:20.723,2026-05-28T12:34:50.723,Error desde Arduino: HX711 not found.,-0.44282039999961853
48.83704450000005,48.83704450000005,-0.002655513,225,2026-05-28T12:19:21.380,2026-05-28T12:34:51.380,,49.17138580000028,-5.0,97.0,2026-05-28T12:19:21.713,2026-05-28T12:34:51.713,,0.3343413000002329
49.05218740000055,49.05218740000055,-0.002668338,226,2026-05-28T12:19:21.597,2026-05-28T12:34:51.597,,49.17138580000028,-5.0,97.0,2026-05-28T12:19:21.713,2026-05-28T12:34:51.713,,0.11919839999973192
49.267384499999025,49.267384499999025,-0.002681163,227,2026-05-28T12:19:21.807,2026-05-28T12:34:51.807,,49.19449039999927,,98.0,2026-05-28T12:19:21.730,2026-05-28T12:34:51.730,Error desde Arduino: HX711 not found.,-0.0728940999997576
49.48265629999878,49.48265629999878,-0.002693947,228,2026-05-28T12:19:22.024,2026-05-28T12:34:52.024,,49.19449039999927,,98.0,2026-05-28T12:19:21.730,2026-05-28T12:34:51.730,Error desde Arduino: HX711 not found.,-0.2881658999995125
49.69771589999982,49.69771589999982,-0.002706731,229,2026-05-28T12:19:22.242,2026-05-28T12:34:52.242,,50.18686720000005,-5.27,99.0,2026-05-28T12:19:22.732,2026-05-28T12:34:52.732,,0.48915130000023055
49.91283999999905,49.91283999999905,-0.002718478,230,2026-05-28T12:19:22.458,2026-05-28T12:34:52.458,,50.18686720000005,-5.27,99.0,2026-05-28T12:19:22.732,2026-05-28T12:34:52.732,,0.2740272000010009
50.12798499999917,50.12798499999917,-0.002730759,231,2026-05-28T12:19:22.673,2026-05-28T12:34:52.673,,50.18686720000005,-5.27,99.0,2026-05-28T12:19:22.732,2026-05-28T12:34:52.732,,0.0588822000008804
50.343136600000435,50.343136600000435,-0.002743103,232,2026-05-28T12:19:22.880,2026-05-28T12:34:52.880,,50.210165999998935,,100.0,2026-05-28T12:19:22.746,2026-05-28T12:34:52.746,Error desde Arduino: HX711 not found.,-0.1329706000014994
50.55819960000008,50.55819960000008,-0.002757205,233,2026-05-28T12:19:23.097,2026-05-28T12:34:53.097,,50.210165999998935,,100.0,2026-05-28T12:19:22.746,2026-05-28T12:34:52.746,Error desde Arduino: HX711 not found.,-0.3480336000011448
50.7731191999992,50.7731191999992,-0.002770764,234,2026-05-28T12:19:23.317,2026-05-28T12:34:53.317,,51.202309099999184,-6.27,101.0,2026-05-28T12:19:23.747,2026-05-28T12:34:53.747,,0.429189899999983
50.98828449999928,50.98828449999928,-0.002783275,235,2026-05-28T12:19:23.533,2026-05-28T12:34:53.533,,51.202309099999184,-6.27,101.0,2026-05-28T12:19:23.747,2026-05-28T12:34:53.747,,0.21402459999990242
51.20323540000027,51.20323540000027,-0.002795891,236,2026-05-28T12:19:23.748,2026-05-28T12:34:53.748,,51.202309099999184,-6.27,101.0,2026-05-28T12:19:23.747,2026-05-28T12:34:53.747,,-0.0009263000010832911
51.41832810000051,51.41832810000051,-0.002808183,237,2026-05-28T12:19:23.963,2026-05-28T12:34:53.963,,51.5123339999991,-6.2,103.0,2026-05-28T12:19:24.056,2026-05-28T12:34:54.056,,0.09400589999859221
51.633453200000076,51.633453200000076,-0.002819961,238,2026-05-28T12:19:24.174,2026-05-28T12:34:54.174,,51.5123339999991,-6.2,103.0,2026-05-28T12:19:24.056,2026-05-28T12:34:54.056,,-0.12111920000097598
51.848519499999384,51.848519499999384,-0.002832923,239,2026-05-28T12:19:24.390,2026-05-28T12:34:54.390,,52.012603400000444,-6.43,104.0,2026-05-28T12:19:24.556,2026-05-28T12:34:54.556,,0.1640839000010601
52.06375180000032,52.06375180000032,-0.002845539,240,2026-05-28T12:19:24.607,2026-05-28T12:34:54.607,,52.012603400000444,-6.43,104.0,2026-05-28T12:19:24.556,2026-05-28T12:34:54.556,,-0.05114839999987453
52.27892409999913,52.27892409999913,-0.002858364,241,2026-05-28T12:19:24.818,2026-05-28T12:34:54.818,,52.512377499999275,-6.47,105.0,2026-05-28T12:19:25.049,2026-05-28T12:34:55.049,,0.23345340000014403
52.49399230000017,52.49399230000017,-0.002870143,242,2026-05-28T12:19:25.034,2026-05-28T12:34:55.034,,52.512377499999275,-6.47,105.0,2026-05-28T12:19:25.049,2026-05-28T12:34:55.049,,0.018385199999102042
52.70925089999946,52.70925089999946,-0.002882267,243,2026-05-28T12:19:25.251,2026-05-28T12:34:55.251,,52.512377499999275,-6.47,105.0,2026-05-28T12:19:25.049,2026-05-28T12:34:55.049,,-0.19687340000018594
52.92428739999923,52.92428739999923,-0.00289504,244,2026-05-28T12:19:25.467,2026-05-28T12:34:55.467,,53.01256859999921,-7.44,106.0,2026-05-28T12:19:25.556,2026-05-28T12:34:55.556,,0.08828119999998307
53.13945919999969,53.13945919999969,-0.002906975,245,2026-05-28T12:19:25.684,2026-05-28T12:34:55.684,,53.01256859999921,-7.44,106.0,2026-05-28T12:19:25.556,2026-05-28T12:34:55.556,,-0.12689060000047903
53.35464049999973,53.35464049999973,-0.002918785,246,2026-05-28T12:19:25.899,2026-05-28T12:34:55.899,,53.51217279999946,-7.24,107.0,2026-05-28T12:19:26.055,2026-05-28T12:34:56.055,,0.15753229999972973
53.56966130000001,53.56966130000001,-0.002931673,247,2026-05-28T12:19:26.115,2026-05-28T12:34:56.115,,53.51217279999946,-7.24,107.0,2026-05-28T12:19:26.055,2026-05-28T12:34:56.055,,-0.05748850000054517
53.78480320000017,53.78480320000017,-0.002944174,248,2026-05-28T12:19:26.329,2026-05-28T12:34:56.329,,54.012586299999384,-7.76,108.0,2026-05-28T12:19:26.556,2026-05-28T12:34:56.556,,0.22778309999921476
53.999901899998804,53.999901899998804,-0.00295634,249,2026-05-28T12:19:26.544,2026-05-28T12:34:56.544,,54.012586299999384,-7.76,108.0,2026-05-28T12:19:26.556,2026-05-28T12:34:56.556,,0.012684400000580354
54.214985499998875,54.214985499998875,-0.002968391,250,2026-05-28T12:19:26.756,2026-05-28T12:34:56.756,,54.012586299999384,-7.76,108.0,2026-05-28T12:19:26.556,2026-05-28T12:34:56.556,,-0.20239919999949052
54.43004219999966,54.43004219999966,-0.002980798,251,2026-05-28T12:19:26.972,2026-05-28T12:34:56.972,,54.51223779999964,-8.07,109.0,2026-05-28T12:19:27.056,2026-05-28T12:34:57.056,,0.08219559999997728
54.64517650000016,54.64517650000016,-0.002993319,252,2026-05-28T12:19:27.190,2026-05-28T12:34:57.190,,54.51223779999964,-8.07,109.0,2026-05-28T12:19:27.056,2026-05-28T12:34:57.056,,-0.13293870000052266
54.860407699999996,54.860407699999996,-0.003006448,253,2026-05-28T12:19:27.397,2026-05-28T12:34:57.397,,55.01230629999918,-7.89,110.0,2026-05-28T12:19:27.556,2026-05-28T12:34:57.556,,0.15189859999918554
55.07553639999969,55.07553639999969,-0.003019421,254,2026-05-28T12:19:27.613,2026-05-28T12:34:57.613,,55.01230629999918,-7.89,110.0,2026-05-28T12:19:27.556,2026-05-28T12:34:57.556,,-0.06323010000050999
55.29059690000031,55.29059690000031,-0.003031859,255,2026-05-28T12:19:27.836,2026-05-28T12:34:57.836,,55.51272699999936,-8.72,111.0,2026-05-28T12:19:28.051,2026-05-28T12:34:58.051,,0.22213009999904898
55.50578449999921,55.50578449999921,-0.003044904,256,2026-05-28T12:19:28.051,2026-05-28T12:34:58.051,,55.51272699999936,-8.72,111.0,2026-05-28T12:19:28.051,2026-05-28T12:34:58.051,,0.006942500000150176
55.72102660000019,55.72102660000019,-0.003057185,257,2026-05-28T12:19:28.266,2026-05-28T12:34:58.266,,55.51272699999936,-8.72,111.0,2026-05-28T12:19:28.051,2026-05-28T12:34:58.051,,-0.20829960000082792
55.936095099999875,55.936095099999875,-0.003069832,258,2026-05-28T12:19:28.480,2026-05-28T12:34:58.480,,56.012596000000485,-9.27,112.0,2026-05-28T12:19:28.555,2026-05-28T12:34:58.555,,0.07650090000061027
56.151133800000025,56.151133800000025,-0.003082344,259,2026-05-28T12:19:28.696,2026-05-28T12:34:58.696,,56.012596000000485,-9.27,112.0,2026-05-28T12:19:28.555,2026-05-28T12:34:58.555,,-0.13853779999953986
56.36625809999896,56.36625809999896,-0.003095002,260,2026-05-28T12:19:28.911,2026-05-28T12:34:58.911,,56.512159699999756,-9.14,113.0,2026-05-28T12:19:29.056,2026-05-28T12:34:59.056,,0.14590160000079777
56.58147579999968,56.58147579999968,-0.003106518,261,2026-05-28T12:19:29.117,2026-05-28T12:34:59.117,,56.512159699999756,-9.14,113.0,2026-05-28T12:19:29.056,2026-05-28T12:34:59.056,,-0.06931609999992361
56.79652739999983,56.79652739999983,-0.003117533,262,2026-05-28T12:19:29.334,2026-05-28T12:34:59.334,,57.012474799999836,-9.94,114.0,2026-05-28T12:19:29.556,2026-05-28T12:34:59.556,,0.21594740000000456
57.01164219999919,57.01164219999919,-0.00312907,263,2026-05-28T12:19:29.556,2026-05-28T12:34:59.556,,57.012474799999836,-9.94,114.0,2026-05-28T12:19:29.556,2026-05-28T12:34:59.556,,0.0008326000006491086
57.226677499998914,57.226677499998914,-0.003141435,264,2026-05-28T12:19:29.772,2026-05-28T12:34:59.772,,57.012474799999836,-9.94,114.0,2026-05-28T12:19:29.556,2026-05-28T12:34:59.556,,-0.2142026999990776
57.44176779999907,57.44176779999907,-0.003154208,265,2026-05-28T12:19:29.987,2026-05-28T12:34:59.987,,57.51223629999913,-9.76,115.0,2026-05-28T12:19:30.056,2026-05-28T12:35:00.056,,0.07046850000006089
57.657126099999005,57.657126099999005,-0.003166207,266,2026-05-28T12:19:30.201,2026-05-28T12:35:00.201,,57.51223629999913,-9.76,115.0,2026-05-28T12:19:30.056,2026-05-28T12:35:00.056,,-0.1448897999998735
57.872374200000195,57.872374200000195,-0.003177996,267,2026-05-28T12:19:30.417,2026-05-28T12:35:00.417,,58.013508,-10.24,116.0,2026-05-28T12:19:30.556,2026-05-28T12:35:00.556,,0.1411337999998068
58.08764369999881,58.08764369999881,-0.003189648,268,2026-05-28T12:19:30.633,2026-05-28T12:35:00.633,,58.013508,-10.24,116.0,2026-05-28T12:19:30.556,2026-05-28T12:35:00.556,,-0.07413569999880565
58.30259029999979,58.30259029999979,-0.003202453,269,2026-05-28T12:19:30.846,2026-05-28T12:35:00.846,,58.51306730000033,-10.14,117.0,2026-05-28T12:19:31.051,2026-05-28T12:35:01.051,,0.21047700000053737
58.51763469999969,58.51763469999969,-0.003214661,270,2026-05-28T12:19:31.063,2026-05-28T12:35:01.063,,58.51306730000033,-10.14,117.0,2026-05-28T12:19:31.051,2026-05-28T12:35:01.051,,-0.004567399999359623
58.73271720000048,58.73271720000048,-0.003226115,271,2026-05-28T12:19:31.272,2026-05-28T12:35:01.272,,58.51306730000033,-10.14,117.0,2026-05-28T12:19:31.051,2026-05-28T12:35:01.051,,-0.2196499000001495
58.947900400000435,58.947900400000435,-0.003237579,272,2026-05-28T12:19:31.489,2026-05-28T12:35:01.489,,59.01366589999998,-11.41,118.0,2026-05-28T12:19:31.556,2026-05-28T12:35:01.556,,0.06576549999954295
59.16296449999936,59.16296449999936,-0.003249085,273,2026-05-28T12:19:31.701,2026-05-28T12:35:01.701,,59.01366589999998,-11.41,118.0,2026-05-28T12:19:31.556,2026-05-28T12:35:01.556,,-0.14929859999938344
59.378009199999724,59.378009199999724,-0.003261031,274,2026-05-28T12:19:31.922,2026-05-28T12:35:01.922,,59.513663100000485,-11.23,119.0,2026-05-28T12:19:32.056,2026-05-28T12:35:02.056,,0.1356539000007615
59.593076799999835,59.593076799999835,-0.003273386,275,2026-05-28T12:19:32.138,2026-05-28T12:35:02.138,,59.513663100000485,-11.23,119.0,2026-05-28T12:19:32.056,2026-05-28T12:35:02.056,,-0.07941369999934977
59.80841650000002,59.80841650000002,-0.003284651,276,2026-05-28T12:19:32.351,2026-05-28T12:35:02.351,,60.01334879999922,-11.3,120.0,2026-05-28T12:19:32.556,2026-05-28T12:35:02.556,,0.20493229999920004
60.02356340000006,60.02356340000006,-0.003296649,277,2026-05-28T12:19:32.567,2026-05-28T12:35:02.567,,60.01334879999922,-11.3,120.0,2026-05-28T12:19:32.556,2026-05-28T12:35:02.556,,-0.010214600000836072
60.23874799999976,60.23874799999976,-0.003308794,278,2026-05-28T12:19:32.783,2026-05-28T12:35:02.783,,60.01334879999922,-11.3,120.0,2026-05-28T12:19:32.556,2026-05-28T12:35:02.556,,-0.22539920000053826
60.45422680000047,60.45422680000047,-0.003320374,279,2026-05-28T12:19:32.996,2026-05-28T12:35:02.996,,60.51323109999976,-12.02,121.0,2026-05-28T12:19:33.056,2026-05-28T12:35:03.056,,0.05900429999928747
60.669356500000504,60.669356500000504,-0.003332487,280,2026-05-28T12:19:33.213,2026-05-28T12:35:03.213,,60.51323109999976,-12.02,121.0,2026-05-28T12:19:33.056,2026-05-28T12:35:03.056,,-0.1561254000007466
60.88459580000017,60.88459580000017,-0.003344747,281,2026-05-28T12:19:33.430,2026-05-28T12:35:03.430,,61.01372629999969,-12.19,122.0,2026-05-28T12:19:33.556,2026-05-28T12:35:03.556,,0.1291304999995191
61.09961680000015,61.09961680000015,-0.003356924,282,2026-05-28T12:19:33.644,2026-05-28T12:35:03.644,,61.01372629999969,-12.19,122.0,2026-05-28T12:19:33.556,2026-05-28T12:35:03.556,,-0.08589050000045972
61.31474359999993,61.31474359999993,-0.003369058,283,2026-05-28T12:19:33.851,2026-05-28T12:35:03.851,,61.51364199999989,-12.42,123.0,2026-05-28T12:19:34.056,2026-05-28T12:35:04.056,,0.19889839999996184
61.529864899999666,61.529864899999666,-0.003381088,284,2026-05-28T12:19:34.067,2026-05-28T12:35:04.067,,61.51364199999989,-12.42,123.0,2026-05-28T12:19:34.056,2026-05-28T12:35:04.056,,-0.01622289999977511
61.74498329999915,61.74498329999915,-0.003393003,285,2026-05-28T12:19:34.284,2026-05-28T12:35:04.284,,61.51364199999989,-12.42,123.0,2026-05-28T12:19:34.056,2026-05-28T12:35:04.056,,-0.2313412999992579
61.960006299999804,61.960006299999804,-0.003405011,286,2026-05-28T12:19:34.505,2026-05-28T12:35:04.505,,62.01359860000048,-13.18,124.0,2026-05-28T12:19:34.556,2026-05-28T12:35:04.556,,0.053592300000673276
62.17522669999926,62.17522669999926,-0.00341723,287,2026-05-28T12:19:34.717,2026-05-28T12:35:04.717,,62.01359860000048,-13.18,124.0,2026-05-28T12:19:34.556,2026-05-28T12:35:04.556,,-0.16162809999877936
62.39046909999888,62.39046909999888,-0.003429322,288,2026-05-28T12:19:34.934,2026-05-28T12:35:04.934,,62.513769899998806,-13.33,125.0,2026-05-28T12:19:35.056,2026-05-28T12:35:05.056,,0.12330079999992449
62.60574309999902,62.60574309999902,-0.003441184,289,2026-05-28T12:19:35.151,2026-05-28T12:35:05.151,,62.513769899998806,-13.33,125.0,2026-05-28T12:19:35.056,2026-05-28T12:35:05.056,,-0.09197320000021136
62.821000699999786,62.821000699999786,-0.003453047,290,2026-05-28T12:19:35.366,2026-05-28T12:35:05.366,,63.0133967999991,-13.01,126.0,2026-05-28T12:19:35.556,2026-05-28T12:35:05.556,,0.19239609999931417
63.036089600000196,63.036089600000196,-0.003465213,291,2026-05-28T12:19:35.581,2026-05-28T12:35:05.581,,63.0133967999991,-13.01,126.0,2026-05-28T12:19:35.556,2026-05-28T12:35:05.556,,-0.022692800001095748
63.25135860000046,63.25135860000046,-0.003477305,292,2026-05-28T12:19:35.796,2026-05-28T12:35:05.796,,63.0133967999991,-13.01,126.0,2026-05-28T12:19:35.556,2026-05-28T12:35:05.556,,-0.23796180000135791
63.4665229000002,63.4665229000002,-0.003489481,293,2026-05-28T12:19:36.006,2026-05-28T12:35:06.006,,63.51321470000039,-13.27,127.0,2026-05-28T12:19:36.057,2026-05-28T12:35:06.057,,0.04669180000018969
63.68179239999881,63.68179239999881,-0.003501731,294,2026-05-28T12:19:36.222,2026-05-28T12:35:06.222,,63.51321470000039,-13.27,127.0,2026-05-28T12:19:36.057,2026-05-28T12:35:06.057,,-0.16857769999842276
63.89677739999934,63.89677739999934,-0.00351375,295,2026-05-28T12:19:36.439,2026-05-28T12:35:06.439,,64.01334390000011,-14.16,128.0,2026-05-28T12:19:36.556,2026-05-28T12:35:06.556,,0.11656650000077207
64.1118805999995,64.1118805999995,-0.003525916,296,2026-05-28T12:19:36.651,2026-05-28T12:35:06.651,,64.01334390000011,-14.16,128.0,2026-05-28T12:19:36.556,2026-05-28T12:35:06.556,,-0.09853669999938575
64.32728189999943,64.32728189999943,-0.003538166,297,2026-05-28T12:19:36.863,2026-05-28T12:35:06.863,,64.51341630000024,-14.48,129.0,2026-05-28T12:19:37.051,2026-05-28T12:35:07.051,,0.18613440000081027
64.54236859999946,64.54236859999946,-0.003550363,298,2026-05-28T12:19:37.080,2026-05-28T12:35:07.080,,64.51341630000024,-14.48,129.0,2026-05-28T12:19:37.051,2026-05-28T12:35:07.051,,-0.028952299999218667
64.7575925000001,64.7575925000001,-0.003562487,299,2026-05-28T12:19:37.296,2026-05-28T12:35:07.296,,64.51341630000024,-14.48,129.0,2026-05-28T12:19:37.051,2026-05-28T12:35:07.051,,-0.24417619999985618
64.97252219999973,64.97252219999973,-0.003574569,300,2026-05-28T12:19:37.513,2026-05-28T12:35:07.513,,65.01337029999922,-15.16,130.0,2026-05-28T12:19:37.557,2026-05-28T12:35:07.557,,0.04084809999949357
65.18774800000028,65.18774800000028,-0.003586473,301,2026-05-28T12:19:37.733,2026-05-28T12:35:07.733,,65.01337029999922,-15.16,130.0,2026-05-28T12:19:37.557,2026-05-28T12:35:07.557,,-0.17437770000105957
65.40270719999899,65.40270719999899,-0.003598555,302,2026-05-28T12:19:37.947,2026-05-28T12:35:07.947,,65.51338679999935,-14.93,131.0,2026-05-28T12:19:38.056,2026-05-28T12:35:08.056,,0.11067960000036692
65.61779229999956,65.61779229999956,-0.003610721,303,2026-05-28T12:19:38.163,2026-05-28T12:35:08.163,,65.51338679999935,-14.93,131.0,2026-05-28T12:19:38.056,2026-05-28T12:35:08.056,,-0.10440550000021176
65.83292059999985,65.83292059999985,-0.003622489,304,2026-05-28T12:19:38.373,2026-05-28T12:35:08.373,,66.01373760000024,-15.47,132.0,2026-05-28T12:19:38.551,2026-05-28T12:35:08.551,,0.18081700000038836
66.04801339999904,66.04801339999904,-0.003634749,305,2026-05-28T12:19:38.593,2026-05-28T12:35:08.593,,66.01373760000024,-15.47,132.0,2026-05-28T12:19:38.551,2026-05-28T12:35:08.551,,-0.034275799998795264
66.26300079999965,66.26300079999965,-0.003646716,306,2026-05-28T12:19:38.807,2026-05-28T12:35:08.807,,66.01373760000024,-15.47,132.0,2026-05-28T12:19:38.551,2026-05-28T12:35:08.551,,-0.2492631999994046
66.4783066,66.4783066,-0.003658861,307,2026-05-28T12:19:39.023,2026-05-28T12:35:09.023,,66.51330169999892,-15.91,133.0,2026-05-28T12:19:39.058,2026-05-28T12:35:09.058,,0.03499509999892325
66.69347329999982,66.69347329999982,-0.003670566,308,2026-05-28T12:19:39.238,2026-05-28T12:35:09.238,,66.51330169999892,-15.91,133.0,2026-05-28T12:19:39.058,2026-05-28T12:35:09.058,,-0.1801716000009037
66.9085656999996,66.9085656999996,-0.003682554,309,2026-05-28T12:19:39.446,2026-05-28T12:35:09.446,,67.01339050000024,-15.97,134.0,2026-05-28T12:19:39.556,2026-05-28T12:35:09.556,,0.10482480000064243
67.12393729999894,67.12393729999894,-0.003694678,310,2026-05-28T12:19:39.663,2026-05-28T12:35:09.663,,67.01339050000024,-15.97,134.0,2026-05-28T12:19:39.556,2026-05-28T12:35:09.556,,-0.11054679999870132
67.33891289999883,67.33891289999883,-0.003707158,311,2026-05-28T12:19:39.880,2026-05-28T12:35:09.880,,67.51341469999898,-16.28,135.0,2026-05-28T12:19:40.051,2026-05-28T12:35:10.051,,0.1745018000001437
67.55406159999984,67.55406159999984,-0.003718884,312,2026-05-28T12:19:40.096,2026-05-28T12:35:10.096,,67.51341469999898,-16.28,135.0,2026-05-28T12:19:40.051,2026-05-28T12:35:10.051,,-0.04064690000086557
67.76922159999958,67.76922159999958,-0.003730789,313,2026-05-28T12:19:40.313,2026-05-28T12:35:10.313,,68.01333449999947,-16.65,136.0,2026-05-28T12:19:40.558,2026-05-28T12:35:10.558,,0.24411289999989094
67.98429020000003,67.98429020000003,-0.003742954,314,2026-05-28T12:19:40.530,2026-05-28T12:35:10.530,,68.01333449999947,-16.65,136.0,2026-05-28T12:19:40.558,2026-05-28T12:35:10.558,,0.029044299999441137
68.19938480000019,68.19938480000019,-0.003755309,315,2026-05-28T12:19:40.744,2026-05-28T12:35:10.744,,68.01333449999947,-16.65,136.0,2026-05-28T12:19:40.558,2026-05-28T12:35:10.558,,-0.18605030000071565
68.41448110000056,68.41448110000056,-0.003767506,316,2026-05-28T12:19:40.956,2026-05-28T12:35:10.956,,68.51352079999924,-16.84,137.0,2026-05-28T12:19:41.056,2026-05-28T12:35:11.056,,0.09903969999868423
68.62961929999983,68.62961929999983,-0.003779599,317,2026-05-28T12:19:41.173,2026-05-28T12:35:11.173,,68.51352079999924,-16.84,137.0,2026-05-28T12:19:41.056,2026-05-28T12:35:11.056,,-0.11609850000058941
68.84489839999878,68.84489839999878,-0.00379167,318,2026-05-28T12:19:41.389,2026-05-28T12:35:11.389,,69.01357749999988,-17.06,138.0,2026-05-28T12:19:41.556,2026-05-28T12:35:11.556,,0.16867910000109987
69.06003930000043,69.06003930000043,-0.003803972,319,2026-05-28T12:19:41.597,2026-05-28T12:35:11.597,,69.01357749999988,-17.06,138.0,2026-05-28T12:19:41.556,2026-05-28T12:35:11.556,,-0.04646180000054301
69.27527240000018,69.27527240000018,-0.003816107,320,2026-05-28T12:19:41.813,2026-05-28T12:35:11.813,,69.51360269999896,-18.1,139.0,2026-05-28T12:19:42.049,2026-05-28T12:35:12.049,,0.23833029999877908
69.49048289999882,69.49048289999882,-0.003828576,321,2026-05-28T12:19:42.036,2026-05-28T12:35:12.036,,69.51360269999896,-18.1,139.0,2026-05-28T12:19:42.049,2026-05-28T12:35:12.049,,0.023119800000131363
69.7054877999999,69.7054877999999,-0.003840669,322,2026-05-28T12:19:42.247,2026-05-28T12:35:12.247,,69.51360269999896,-18.1,139.0,2026-05-28T12:19:42.049,2026-05-28T12:35:12.049,,-0.19188510000094539
69.92097710000053,69.92097710000053,-0.003852646,323,2026-05-28T12:19:42.463,2026-05-28T12:35:12.463,,70.01353969999946,-18.15,140.0,2026-05-28T12:19:42.556,2026-05-28T12:35:12.556,,0.09256259999892791
70.13605769999958,70.13605769999958,-0.003864728,324,2026-05-28T12:19:42.680,2026-05-28T12:35:12.680,,70.01353969999946,-18.15,140.0,2026-05-28T12:19:42.556,2026-05-28T12:35:12.556,,-0.12251800000012736
70.35110919999897,70.35110919999897,-0.003876884,325,2026-05-28T12:19:42.896,2026-05-28T12:35:12.896,,70.51349359999949,-18.2,141.0,2026-05-28T12:19:43.057,2026-05-28T12:35:13.057,,0.16238440000051924
70.56622769999922,70.56622769999922,-0.003888966,326,2026-05-28T12:19:43.107,2026-05-28T12:35:13.107,,70.51349359999949,-18.2,141.0,2026-05-28T12:19:43.057,2026-05-28T12:35:13.057,,-0.052734099999725004
70.78138899999976,70.78138899999976,-0.003901257,327,2026-05-28T12:19:43.323,2026-05-28T12:35:13.323,,71.01371549999931,-18.31,142.0,2026-05-28T12:19:43.558,2026-05-28T12:35:13.558,,0.23232649999954447
70.99645330000021,70.99645330000021,-0.003913559,328,2026-05-28T12:19:43.541,2026-05-28T12:35:13.541,,71.01371549999931,-18.31,142.0,2026-05-28T12:19:43.558,2026-05-28T12:35:13.558,,0.017262199999095174
71.21142879999934,71.21142879999934,-0.003925788,329,2026-05-28T12:19:43.757,2026-05-28T12:35:13.757,,71.01371549999931,-18.31,142.0,2026-05-28T12:19:43.558,2026-05-28T12:35:13.558,,-0.19771330000003218
71.4265364999992,71.4265364999992,-0.003938058,330,2026-05-28T12:19:43.963,2026-05-28T12:35:13.963,,71.51368729999922,-18.72,143.0,2026-05-28T12:19:44.056,2026-05-28T12:35:14.056,,0.08715080000001763
71.64157440000054,71.64157440000054,-0.003950015,331,2026-05-28T12:19:44.180,2026-05-28T12:35:14.180,,71.51368729999922,-18.72,143.0,2026-05-28T12:19:44.056,2026-05-28T12:35:14.056,,-0.12788710000131687
71.85665250000056,71.85665250000056,-0.003961971,332,2026-05-28T12:19:44.396,2026-05-28T12:35:14.396,,72.0133308000004,-19.32,144.0,2026-05-28T12:19:44.558,2026-05-28T12:35:14.558,,0.1566782999998395
72.07180949999929,72.07180949999929,-0.003974158,333,2026-05-28T12:19:44.617,2026-05-28T12:35:14.617,,72.0133308000004,-19.32,144.0,2026-05-28T12:19:44.558,2026-05-28T12:35:14.558,,-0.05847869999888644
72.28688519999923,72.28688519999923,-0.003986418,334,2026-05-28T12:19:44.831,2026-05-28T12:35:14.831,,72.51334499999939,-19.72,145.0,2026-05-28T12:19:45.055,2026-05-28T12:35:15.055,,0.22645980000015697
72.50179930000013,72.50179930000013,-0.003998322,335,2026-05-28T12:19:45.047,2026-05-28T12:35:15.047,,72.51334499999939,-19.72,145.0,2026-05-28T12:19:45.055,2026-05-28T12:35:15.055,,0.01154569999926025
72.71718969999893,72.71718969999893,-0.004010384,336,2026-05-28T12:19:45.262,2026-05-28T12:35:15.262,,72.51334499999939,-19.72,145.0,2026-05-28T12:19:45.055,2026-05-28T12:35:15.055,,-0.2038446999995358
72.93211659999906,72.93211659999906,-0.004022612,337,2026-05-28T12:19:45.477,2026-05-28T12:35:15.477,,73.01361299999917,-19.89,146.0,2026-05-28T12:19:45.556,2026-05-28T12:35:15.556,,0.0814964000001055
73.14725969999927,73.14725969999927,-0.004034453,338,2026-05-28T12:19:45.690,2026-05-28T12:35:15.690,,73.01361299999917,-19.89,146.0,2026-05-28T12:19:45.556,2026-05-28T12:35:15.556,,-0.13364670000009937
73.36227920000056,73.36227920000056,-0.004046975,339,2026-05-28T12:19:45.906,2026-05-28T12:35:15.906,,73.51345009999932,-20.21,147.0,2026-05-28T12:19:46.056,2026-05-28T12:35:16.056,,0.15117089999876043
73.57746190000034,73.57746190000034,-0.00405912,340,2026-05-28T12:19:46.113,2026-05-28T12:35:16.113,,73.51345009999932,-20.21,147.0,2026-05-28T12:19:46.056,2026-05-28T12:35:16.056,,-0.06401180000102613
73.79254419999961,73.79254419999961,-0.004071338,341,2026-05-28T12:19:46.338,2026-05-28T12:35:16.338,,74.01351869999962,-20.93,148.0,2026-05-28T12:19:46.555,2026-05-28T12:35:16.555,,0.22097450000001118
74.00744089999898,74.00744089999898,-0.004083682,342,2026-05-28T12:19:46.551,2026-05-28T12:35:16.551,,74.01351869999962,-20.93,148.0,2026-05-28T12:19:46.555,2026-05-28T12:35:16.555,,0.0060778000006393995
74.22278589999951,74.22278589999951,-0.004095754,343,2026-05-28T12:19:46.767,2026-05-28T12:35:16.767,,74.01351869999962,-20.93,148.0,2026-05-28T12:19:46.555,2026-05-28T12:35:16.555,,-0.20926719999988563
74.43767630000002,74.43767630000002,-0.004108234,344,2026-05-28T12:19:46.982,2026-05-28T12:35:16.982,,74.51361050000014,-20.8,149.0,2026-05-28T12:19:47.056,2026-05-28T12:35:17.056,,0.07593420000011974
74.65275029999975,74.65275029999975,-0.00412041,345,2026-05-28T12:19:47.197,2026-05-28T12:35:17.197,,74.51361050000014,-20.8,149.0,2026-05-28T12:19:47.056,2026-05-28T12:35:17.056,,-0.13913979999961157
74.86797970000043,74.86797970000043,-0.004132819,346,2026-05-28T12:19:47.413,2026-05-28T12:35:17.413,,75.01366959999905,-20.89,150.0,2026-05-28T12:19:47.556,2026-05-28T12:35:17.556,,0.14568989999861515
75.08313780000026,75.08313780000026,-0.004145058,347,2026-05-28T12:19:47.623,2026-05-28T12:35:17.623,,75.01366959999905,-20.89,150.0,2026-05-28T12:19:47.556,2026-05-28T12:35:17.556,,-0.06946820000121079
75.29812250000032,75.29812250000032,-0.00415714,348,2026-05-28T12:19:47.843,2026-05-28T12:35:17.843,,75.51409289999901,-21.38,151.0,2026-05-28T12:19:48.051,2026-05-28T12:35:18.051,,0.21597039999869594
75.51365350000015,75.51365350000015,-0.004169327,349,2026-05-28T12:19:48.051,2026-05-28T12:35:18.051,,75.51409289999901,-21.38,151.0,2026-05-28T12:19:48.051,2026-05-28T12:35:18.051,,0.0004393999988678843
75.72873260000051,75.72873260000051,-0.004181838,350,2026-05-28T12:19:48.272,2026-05-28T12:35:18.272,,75.51409289999901,-21.38,151.0,2026-05-28T12:19:48.051,2026-05-28T12:35:18.051,,-0.21463970000149857
75.94386300000042,75.94386300000042,-0.004194067,351,2026-05-28T12:19:48.484,2026-05-28T12:35:18.484,,76.01360100000056,-22.04,152.0,2026-05-28T12:19:48.556,2026-05-28T12:35:18.556,,0.06973800000014307
76.15903350000008,76.15903350000008,-0.004206327,352,2026-05-28T12:19:48.701,2026-05-28T12:35:18.701,,76.01360100000056,-22.04,152.0,2026-05-28T12:19:48.556,2026-05-28T12:35:18.556,,-0.14543249999951513
76.37406089999968,76.37406089999968,-0.004218451,353,2026-05-28T12:19:48.918,2026-05-28T12:35:18.918,,76.51337469999999,-22.67,153.0,2026-05-28T12:19:49.056,2026-05-28T12:35:19.056,,0.13931380000030913
76.58925850000014,76.58925850000014,-0.004230523,354,2026-05-28T12:19:49.134,2026-05-28T12:35:19.134,,76.51337469999999,-22.67,153.0,2026-05-28T12:19:49.056,2026-05-28T12:35:19.056,,-0.07588380000015604
76.8044035999992,76.8044035999992,-0.004243013,355,2026-05-28T12:19:49.346,2026-05-28T12:35:19.346,,77.01317339999878,-22.86,154.0,2026-05-28T12:19:49.551,2026-05-28T12:35:19.551,,0.20876979999957257
77.01951899999949,77.01951899999949,-0.004255116,356,2026-05-28T12:19:49.563,2026-05-28T12:35:19.563,,77.01317339999878,-22.86,154.0,2026-05-28T12:19:49.551,2026-05-28T12:35:19.551,,-0.006345600000713603
77.23735990000023,77.23735990000023,-0.004267345,357,2026-05-28T12:19:49.782,2026-05-28T12:35:19.782,,77.01317339999878,-22.86,154.0,2026-05-28T12:19:49.551,2026-05-28T12:35:19.551,,-0.22418650000145135
77.45267319999948,77.45267319999948,-0.004279804,358,2026-05-28T12:19:49.996,2026-05-28T12:35:19.996,,77.51331439999922,-22.4,155.0,2026-05-28T12:19:50.057,2026-05-28T12:35:20.057,,0.06064119999973627
77.66799790000005,77.66799790000005,-0.004292315,359,2026-05-28T12:19:50.213,2026-05-28T12:35:20.213,,77.51331439999922,-22.4,155.0,2026-05-28T12:19:50.057,2026-05-28T12:35:20.057,,-0.15468350000082864
77.88325459999942,77.88325459999942,-0.004304575,360,2026-05-28T12:19:50.423,2026-05-28T12:35:20.423,,78.01348750000034,-23.42,156.0,2026-05-28T12:19:50.556,2026-05-28T12:35:20.556,,0.13023290000091947
78.09853639999892,78.09853639999892,-0.00431694,361,2026-05-28T12:19:50.644,2026-05-28T12:35:20.644,,78.01348750000034,-23.42,156.0,2026-05-28T12:19:50.556,2026-05-28T12:35:20.556,,-0.08504889999858278
78.31371089999993,78.31371089999993,-0.004329284,362,2026-05-28T12:19:50.859,2026-05-28T12:35:20.859,,78.51353729999937,-23.26,157.0,2026-05-28T12:19:51.056,2026-05-28T12:35:21.056,,0.19982639999943785
78.52884199999971,78.52884199999971,-0.004341837,363,2026-05-28T12:19:51.073,2026-05-28T12:35:21.073,,78.51353729999937,-23.26,157.0,2026-05-28T12:19:51.056,2026-05-28T12:35:21.056,,-0.015304700000342564
78.74392210000042,78.74392210000042,-0.004354548,364,2026-05-28T12:19:51.280,2026-05-28T12:35:21.280,,78.51353729999937,-23.26,157.0,2026-05-28T12:19:51.056,2026-05-28T12:35:21.056,,-0.23038480000104755
78.95897270000023,78.95897270000023,-0.004367101,365,2026-05-28T12:19:51.496,2026-05-28T12:35:21.496,,79.01376479999999,-23.57,158.0,2026-05-28T12:19:51.556,2026-05-28T12:35:21.556,,0.05479209999975865
79.17417310000019,79.17417310000019,-0.004379623,366,2026-05-28T12:19:51.713,2026-05-28T12:35:21.713,,79.01376479999999,-23.57,158.0,2026-05-28T12:19:51.556,2026-05-28T12:35:21.556,,-0.16040830000019923
79.38925410000047,79.38925410000047,-0.004392427,367,2026-05-28T12:19:51.934,2026-05-28T12:35:21.934,,79.5136853999993,-23.91,159.0,2026-05-28T12:19:52.056,2026-05-28T12:35:22.056,,0.1244312999988324
79.60432459999902,79.60432459999902,-0.004405169,368,2026-05-28T12:19:52.147,2026-05-28T12:35:22.147,,79.5136853999993,-23.91,159.0,2026-05-28T12:19:52.056,2026-05-28T12:35:22.056,,-0.09063919999971404
79.81949109999914,79.81949109999914,-0.004418047,369,2026-05-28T12:19:52.363,2026-05-28T12:35:22.363,,80.01358299999993,-24.45,160.0,2026-05-28T12:19:52.556,2026-05-28T12:35:22.556,,0.19409190000078524
80.03469419999965,80.03469419999965,-0.004430694,370,2026-05-28T12:19:52.580,2026-05-28T12:35:22.580,,80.01358299999993,-24.45,160.0,2026-05-28T12:19:52.556,2026-05-28T12:35:22.556,,-0.021111199999722885
80.24965130000055,80.24965130000055,-0.004443457,371,2026-05-28T12:19:52.790,2026-05-28T12:35:22.790,,80.01358299999993,-24.45,160.0,2026-05-28T12:19:52.556,2026-05-28T12:35:22.556,,-0.23606830000062473
80.46499380000023,80.46499380000023,-0.00445645,372,2026-05-28T12:19:53.006,2026-05-28T12:35:23.006,,80.51374469999973,-25.16,161.0,2026-05-28T12:19:53.056,2026-05-28T12:35:23.056,,0.04875089999950433
80.68011689999912,80.68011689999912,-0.004469181,373,2026-05-28T12:19:53.225,2026-05-28T12:35:23.225,,80.51374469999973,-25.16,161.0,2026-05-28T12:19:53.056,2026-05-28T12:35:23.056,,-0.1663721999993868
80.8953934000001,80.8953934000001,-0.004482205,374,2026-05-28T12:19:53.440,2026-05-28T12:35:23.440,,81.01342289999957,-25.81,162.0,2026-05-28T12:19:53.551,2026-05-28T12:35:23.551,,0.11802949999946577
81.11045960000047,81.11045960000047,-0.004494957,375,2026-05-28T12:19:53.646,2026-05-28T12:35:23.646,,81.01342289999957,-25.81,162.0,2026-05-28T12:19:53.551,2026-05-28T12:35:23.551,,-0.09703670000089915
81.32560509999894,81.32560509999894,-0.00450795,376,2026-05-28T12:19:53.867,2026-05-28T12:35:23.867,,81.51327579999997,-25.72,163.0,2026-05-28T12:19:54.056,2026-05-28T12:35:24.056,,0.18767070000103558
81.54115129999991,81.54115129999991,-0.004521048,377,2026-05-28T12:19:54.084,2026-05-28T12:35:24.084,,81.51327579999997,-25.72,163.0,2026-05-28T12:19:54.056,2026-05-28T12:35:24.056,,-0.027875499999936437
81.75615449999896,81.75615449999896,-0.004533727,378,2026-05-28T12:19:54.301,2026-05-28T12:35:24.301,,81.51327579999997,-25.72,163.0,2026-05-28T12:19:54.056,2026-05-28T12:35:24.056,,-0.24287869999898248
81.97137750000002,81.97137750000002,-0.004546647,379,2026-05-28T12:19:54.517,2026-05-28T12:35:24.517,,82.01355409999996,-25.97,164.0,2026-05-28T12:19:54.557,2026-05-28T12:35:24.557,,0.04217659999994794
82.18631169999935,82.18631169999935,-0.00455964,380,2026-05-28T12:19:54.731,2026-05-28T12:35:24.731,,82.01355409999996,-25.97,164.0,2026-05-28T12:19:54.557,2026-05-28T12:35:24.557,,-0.172757599999386
82.40145459999985,82.40145459999985,-0.004572423,381,2026-05-28T12:19:54.946,2026-05-28T12:35:24.946,,82.51335689999905,-26.08,165.0,2026-05-28T12:19:55.051,2026-05-28T12:35:25.051,,0.1119022999992012
82.61656360000052,82.61656360000052,-0.004585458,382,2026-05-28T12:19:55.156,2026-05-28T12:35:25.156,,82.51335689999905,-26.08,165.0,2026-05-28T12:19:55.051,2026-05-28T12:35:25.051,,-0.10320670000146492
82.83162660000016,82.83162660000016,-0.004598252,383,2026-05-28T12:19:55.377,2026-05-28T12:35:25.377,,83.01346659999945,-26.52,166.0,2026-05-28T12:19:55.556,2026-05-28T12:35:25.556,,0.18183999999928346
83.0467551999991,83.0467551999991,-0.004611371,384,2026-05-28T12:19:55.590,2026-05-28T12:35:25.590,,83.01346659999945,-26.52,166.0,2026-05-28T12:19:55.556,2026-05-28T12:35:25.556,,-0.033288599999650614
83.26168159999906,83.26168159999906,-0.004624406,385,2026-05-28T12:19:55.801,2026-05-28T12:35:25.801,,83.01346659999945,-26.52,166.0,2026-05-28T12:19:55.556,2026-05-28T12:35:25.556,,-0.24821499999961816
83.4768841999994,83.4768841999994,-0.004637556,386,2026-05-28T12:19:56.022,2026-05-28T12:35:26.022,,83.51331740000023,-26.78,167.0,2026-05-28T12:19:56.057,2026-05-28T12:35:26.057,,0.03643320000082895
83.69214420000026,83.69214420000026,-0.004650779,387,2026-05-28T12:19:56.237,2026-05-28T12:35:26.237,,83.51331740000023,-26.78,167.0,2026-05-28T12:19:56.057,2026-05-28T12:35:26.057,,-0.17882680000002438
83.90754019999986,83.90754019999986,-0.004663908,388,2026-05-28T12:19:56.451,2026-05-28T12:35:26.451,,84.01317500000005,-27.03,168.0,2026-05-28T12:19:56.551,2026-05-28T12:35:26.551,,0.10563480000018899
84.12262199999896,84.12262199999896,-0.004676932,389,2026-05-28T12:19:56.668,2026-05-28T12:35:26.668,,84.01317500000005,-27.03,168.0,2026-05-28T12:19:56.551,2026-05-28T12:35:26.551,,-0.10944699999890872
84.33807390000038,84.33807390000038,-0.004690323,390,2026-05-28T12:19:56.880,2026-05-28T12:35:26.880,,84.51356920000035,-27.3,169.0,2026-05-28T12:19:57.056,2026-05-28T12:35:27.056,,0.17549529999996594
84.55297729999984,84.55297729999984,-0.004703348,391,2026-05-28T12:19:57.098,2026-05-28T12:35:27.098,,84.51356920000035,-27.3,169.0,2026-05-28T12:19:57.056,2026-05-28T12:35:27.056,,-0.03940809999949124
84.76810119999936,84.76810119999936,-0.004716477,392,2026-05-28T12:19:57.313,2026-05-28T12:35:27.313,,85.01338179999948,-27.72,170.0,2026-05-28T12:19:57.558,2026-05-28T12:35:27.558,,0.24528060000011465
84.98334090000026,84.98334090000026,-0.004729669,393,2026-05-28T12:19:57.527,2026-05-28T12:35:27.527,,85.01338179999948,-27.72,170.0,2026-05-28T12:19:57.558,2026-05-28T12:35:27.558,,0.030040899999221438
85.19839879999927,85.19839879999927,-0.004742808,394,2026-05-28T12:19:57.737,2026-05-28T12:35:27.737,,85.01338179999948,-27.72,170.0,2026-05-28T12:19:57.558,2026-05-28T12:35:27.558,,-0.18501699999978882
85.41346840000006,85.41346840000006,-0.004756042,395,2026-05-28T12:19:57.951,2026-05-28T12:35:27.951,,85.51356329999908,-28.11,171.0,2026-05-28T12:19:58.051,2026-05-28T12:35:28.051,,0.10009489999902144
85.62849079999978,85.62849079999978,-0.004769098,396,2026-05-28T12:19:58.173,2026-05-28T12:35:28.173,,85.51356329999908,-28.11,171.0,2026-05-28T12:19:58.051,2026-05-28T12:35:28.051,,-0.11492750000070373
85.8436301999991,85.8436301999991,-0.004782698,397,2026-05-28T12:19:58.384,2026-05-28T12:35:28.384,,86.01377929999944,-28.42,172.0,2026-05-28T12:19:58.556,2026-05-28T12:35:28.556,,0.17014910000034433
86.05869669999993,86.05869669999993,-0.004796005,398,2026-05-28T12:19:58.596,2026-05-28T12:35:28.596,,86.01377929999944,-28.42,172.0,2026-05-28T12:19:58.556,2026-05-28T12:35:28.556,,-0.04491740000048594
86.27369220000037,86.27369220000037,-0.004809553,399,2026-05-28T12:19:58.813,2026-05-28T12:35:28.813,,86.51360100000056,-28.3,173.0,2026-05-28T12:19:59.059,2026-05-28T12:35:29.059,,0.23990880000019388
86.48869889999878,86.48869889999878,-0.004823101,400,2026-05-28T12:19:59.034,2026-05-28T12:35:29.034,,86.51360100000056,-28.3,173.0,2026-05-28T12:19:59.059,2026-05-28T12:35:29.059,,0.024902100001781946
86.70381989999987,86.70381989999987,-0.004837015,401,2026-05-28T12:19:59.246,2026-05-28T12:35:29.246,,86.51360100000056,-28.3,173.0,2026-05-28T12:19:59.059,2026-05-28T12:35:29.059,,-0.19021889999930863
86.91879999999946,86.91879999999946,-0.004850668,402,2026-05-28T12:19:59.463,2026-05-28T12:35:29.463,,87.01361700000052,-28.82,174.0,2026-05-28T12:19:59.556,2026-05-28T12:35:29.556,,0.09481700000105775
87.13428799999929,87.13428799999929,-0.0048641,403,2026-05-28T12:19:59.679,2026-05-28T12:35:29.679,,87.01361700000052,-28.82,174.0,2026-05-28T12:19:59.556,2026-05-28T12:35:29.556,,-0.12067099999876518
87.3494241999997,87.3494241999997,-0.00487791,404,2026-05-28T12:19:59.889,2026-05-28T12:35:29.889,,87.51320619999933,-29.27,175.0,2026-05-28T12:20:00.056,2026-05-28T12:35:30.056,,0.16378199999962817
87.56433319999996,87.56433319999996,-0.004892107,405,2026-05-28T12:20:00.106,2026-05-28T12:35:30.106,,87.51320619999933,-29.27,175.0,2026-05-28T12:20:00.056,2026-05-28T12:35:30.056,,-0.051127000000633416
87.77936249999948,87.77936249999948,-0.004906147,406,2026-05-28T12:20:00.323,2026-05-28T12:35:30.323,,88.01362359999985,-29.55,176.0,2026-05-28T12:20:00.549,2026-05-28T12:35:30.549,,0.23426110000036715
87.99447789999977,87.99447789999977,-0.004920438,407,2026-05-28T12:20:00.540,2026-05-28T12:35:30.540,,88.01362359999985,-29.55,176.0,2026-05-28T12:20:00.549,2026-05-28T12:35:30.549,,0.01914570000008098
88.20959249999942,88.20959249999942,-0.004935064,408,2026-05-28T12:20:00.749,2026-05-28T12:35:30.749,,88.01362359999985,-29.55,176.0,2026-05-28T12:20:00.549,2026-05-28T12:35:30.549,,-0.19596889999957057
88.4246791000005,88.4246791000005,-0.004949795,409,2026-05-28T12:20:00.963,2026-05-28T12:35:30.963,,88.51363999999921,-30.07,177.0,2026-05-28T12:20:01.056,2026-05-28T12:35:31.056,,0.08896089999871037
88.63988479999898,88.63988479999898,-0.00496483,410,2026-05-28T12:20:01.180,2026-05-28T12:35:31.180,,88.51363999999921,-30.07,177.0,2026-05-28T12:20:01.056,2026-05-28T12:35:31.056,,-0.12624479999976757
88.8550168999991,88.8550168999991,-0.004980105,411,2026-05-28T12:20:01.396,2026-05-28T12:35:31.396,,89.01362340000014,-30.54,178.0,2026-05-28T12:20:01.552,2026-05-28T12:35:31.552,,0.15860650000104215
89.0702812999989,89.0702812999989,-0.004995799,412,2026-05-28T12:20:01.613,2026-05-28T12:35:31.613,,89.01362340000014,-30.54,178.0,2026-05-28T12:20:01.552,2026-05-28T12:35:31.552,,-0.056657899998754147
89.28545619999932,89.28545619999932,-0.005012384,413,2026-05-28T12:20:01.831,2026-05-28T12:35:31.831,,89.51349339999979,-30.98,179.0,2026-05-28T12:20:02.058,2026-05-28T12:35:32.058,,0.22803720000047178
89.5006902999994,89.5006902999994,-0.005030193,414,2026-05-28T12:20:02.046,2026-05-28T12:35:32.046,,89.51349339999979,-30.98,179.0,2026-05-28T12:20:02.058,2026-05-28T12:35:32.058,,0.012803100000382983
89.71575999999914,89.71575999999914,-0.005049572,415,2026-05-28T12:20:02.256,2026-05-28T12:35:32.256,,89.51349339999979,-30.98,179.0,2026-05-28T12:20:02.058,2026-05-28T12:35:32.058,,-0.20226659999934782
89.9309073000004,89.9309073000004,-0.005070491,416,2026-05-28T12:20:02.473,2026-05-28T12:35:32.473,,90.01334879999922,-30.48,180.0,2026-05-28T12:20:02.557,2026-05-28T12:35:32.557,,0.08244149999882211
90.14589179999894,90.14589179999894,-0.005094006,417,2026-05-28T12:20:02.690,2026-05-28T12:35:32.690,,90.01334879999922,-30.48,180.0,2026-05-28T12:20:02.557,2026-05-28T12:35:32.557,,-0.13254299999971408
90.36092610000014,90.36092610000014,-0.005120966,418,2026-05-28T12:20:02.896,2026-05-28T12:35:32.896,,90.51376489999893,-30.87,181.0,2026-05-28T12:20:03.059,2026-05-28T12:35:33.059,,0.1528387999987899
90.57600830000047,90.57600830000047,-0.005151244,419,2026-05-28T12:20:03.113,2026-05-28T12:35:33.113,,90.51376489999893,-30.87,181.0,2026-05-28T12:20:03.059,2026-05-28T12:35:33.059,,-0.06224340000153461
90.79108040000028,90.79108040000028,-0.005185217,420,2026-05-28T12:20:03.336,2026-05-28T12:35:33.336,,91.01331439999922,-32.01,182.0,2026-05-28T12:20:03.559,2026-05-28T12:35:33.559,,0.22223399999893445
91.00631950000025,91.00631950000025,-0.005223296,421,2026-05-28T12:20:03.546,2026-05-28T12:35:33.546,,91.01331439999922,-32.01,182.0,2026-05-28T12:20:03.559,2026-05-28T12:35:33.559,,0.00699489999897196
91.22131189999891,91.22131189999891,-0.005265322,422,2026-05-28T12:20:03.767,2026-05-28T12:35:33.767,,91.01331439999922,-32.01,182.0,2026-05-28T12:20:03.559,2026-05-28T12:35:33.559,,-0.20799749999969208
91.43638680000004,91.43638680000004,-0.005311064,423,2026-05-28T12:20:03.981,2026-05-28T12:35:33.981,,91.51337869999952,-33.21,183.0,2026-05-28T12:20:04.056,2026-05-28T12:35:34.056,,0.0769918999994843
91.65146649999951,91.65146649999951,-0.005359612,424,2026-05-28T12:20:04.196,2026-05-28T12:35:34.196,,91.51337869999952,-33.21,183.0,2026-05-28T12:20:04.056,2026-05-28T12:35:34.056,,-0.13808779999999388
91.86660660000052,91.86660660000052,-0.005409616,425,2026-05-28T12:20:04.407,2026-05-28T12:35:34.407,,92.01320699999997,-34.77,184.0,2026-05-28T12:20:04.556,2026-05-28T12:35:34.556,,0.14660039999944274
92.08186410000053,92.08186410000053,-0.005459619,426,2026-05-28T12:20:04.627,2026-05-28T12:35:34.627,,92.01320699999997,-34.77,184.0,2026-05-28T12:20:04.556,2026-05-28T12:35:34.556,,-0.06865710000056424
92.29707339999914,92.29707339999914,-0.005508503,427,2026-05-28T12:20:04.838,2026-05-28T12:35:34.838,,92.51344830000016,-35.2,185.0,2026-05-28T12:20:05.051,2026-05-28T12:35:35.051,,0.21637490000102844
92.51220540000031,92.51220540000031,-0.005554811,428,2026-05-28T12:20:05.051,2026-05-28T12:35:35.051,,92.51344830000016,-35.2,185.0,2026-05-28T12:20:05.051,2026-05-28T12:35:35.051,,0.001242899999851943
92.72743509999964,92.72743509999964,-0.005597674,429,2026-05-28T12:20:05.272,2026-05-28T12:35:35.272,,92.51344830000016,-35.2,185.0,2026-05-28T12:20:05.051,2026-05-28T12:35:35.051,,-0.2139867999994749
92.94255229999908,92.94255229999908,-0.005636977,430,2026-05-28T12:20:05.488,2026-05-28T12:35:35.488,,93.01345519999995,-36.52,186.0,2026-05-28T12:20:05.556,2026-05-28T12:35:35.556,,0.07090290000087407
93.15768219999882,93.15768219999882,-0.005672742,431,2026-05-28T12:20:05.701,2026-05-28T12:35:35.701,,93.01345519999995,-36.52,186.0,2026-05-28T12:20:05.556,2026-05-28T12:35:35.556,,-0.1442269999988639
93.37285990000055,93.37285990000055,-0.005704256,432,2026-05-28T12:20:05.917,2026-05-28T12:35:35.917,,93.51357329999882,-39.58,187.0,2026-05-28T12:20:06.056,2026-05-28T12:35:36.056,,0.14071339999827615
93.58774850000009,93.58774850000009,-0.005731655,433,2026-05-28T12:20:06.132,2026-05-28T12:35:36.132,,93.51357329999882,-39.58,187.0,2026-05-28T12:20:06.056,2026-05-28T12:35:36.056,,-0.07417520000126387
93.80282369999986,93.80282369999986,-0.005755306,434,2026-05-28T12:20:06.348,2026-05-28T12:35:36.348,,94.01336499999888,-40.55,188.0,2026-05-28T12:20:06.556,2026-05-28T12:35:36.556,,0.21054129999902216
94.01788699999997,94.01788699999997,-0.005775189,435,2026-05-28T12:20:06.563,2026-05-28T12:35:36.563,,94.01336499999888,-40.55,188.0,2026-05-28T12:20:06.556,2026-05-28T12:35:36.556,,-0.0045220000010886
94.23296870000013,94.23296870000013,-0.005792244,436,2026-05-28T12:20:06.777,2026-05-28T12:35:36.777,,94.01336499999888,-40.55,188.0,2026-05-28T12:20:06.556,2026-05-28T12:35:36.556,,-0.21960370000124385
94.44804049999948,94.44804049999948,-0.005806347,437,2026-05-28T12:20:06.984,2026-05-28T12:35:36.984,,94.5133066999988,-42.28,189.0,2026-05-28T12:20:07.057,2026-05-28T12:35:37.057,,0.06526619999931427
94.66316589999951,94.66316589999951,-0.005818743,438,2026-05-28T12:20:07.205,2026-05-28T12:35:37.205,,94.5133066999988,-42.28,189.0,2026-05-28T12:20:07.057,2026-05-28T12:35:37.057,,-0.14985920000071928
94.87851539999974,94.87851539999974,-0.005828752,439,2026-05-28T12:20:07.422,2026-05-28T12:35:37.422,,95.01355630000035,-43.08,190.0,2026-05-28T12:20:07.556,2026-05-28T12:35:37.556,,0.13504090000060387
95.09358969999994,95.09358969999994,-0.005837243,440,2026-05-28T12:20:07.638,2026-05-28T12:35:37.638,,95.01355630000035,-43.08,190.0,2026-05-28T12:20:07.556,2026-05-28T12:35:37.556,,-0.0800333999995928
95.3087429999996,95.3087429999996,-0.005844917,441,2026-05-28T12:20:07.851,2026-05-28T12:35:37.851,,95.51363689999926,-43.52,191.0,2026-05-28T12:20:08.056,2026-05-28T12:35:38.056,,0.2048938999996608
95.52401920000011,95.52401920000011,-0.005851241,442,2026-05-28T12:20:08.067,2026-05-28T12:35:38.067,,95.51363689999926,-43.52,191.0,2026-05-28T12:20:08.056,2026-05-28T12:35:38.056,,-0.010382300000856048
95.73918749999939,95.73918749999939,-0.005856633,443,2026-05-28T12:20:08.284,2026-05-28T12:35:38.284,,95.51363689999926,-43.52,191.0,2026-05-28T12:20:08.056,2026-05-28T12:35:38.056,,-0.22555060000013327
95.95416230000046,95.95416230000046,-0.00586103,444,2026-05-28T12:20:08.499,2026-05-28T12:35:38.499,,96.01350090000051,-43.71,192.0,2026-05-28T12:20:08.557,2026-05-28T12:35:38.557,,0.059338600000046426
96.16918219999934,96.16918219999934,-0.005865145,445,2026-05-28T12:20:08.714,2026-05-28T12:35:38.714,,96.01350090000051,-43.71,192.0,2026-05-28T12:20:08.557,2026-05-28T12:35:38.557,,-0.1556812999988324
96.38413169999876,96.38413169999876,-0.005868411,446,2026-05-28T12:20:08.929,2026-05-28T12:35:38.929,,96.51330249999955,-43.81,193.0,2026-05-28T12:20:09.051,2026-05-28T12:35:39.051,,0.12917080000079295
96.59929229999943,96.59929229999943,-0.005871458,447,2026-05-28T12:20:09.144,2026-05-28T12:35:39.144,,96.51330249999955,-43.81,193.0,2026-05-28T12:20:09.051,2026-05-28T12:35:39.051,,-0.08598979999987932
96.81443559999934,96.81443559999934,-0.00587418,448,2026-05-28T12:20:09.356,2026-05-28T12:35:39.356,,97.01347030000034,-43.9,194.0,2026-05-28T12:20:09.556,2026-05-28T12:35:39.556,,0.19903470000099333
97.02932030000011,97.02932030000011,-0.005876347,449,2026-05-28T12:20:09.573,2026-05-28T12:35:39.573,,97.01347030000034,-43.9,194.0,2026-05-28T12:20:09.556,2026-05-28T12:35:39.556,,-0.01584999999977299
97.24421859999893,97.24421859999893,-0.005878368,450,2026-05-28T12:20:09.780,2026-05-28T12:35:39.780,,97.01347030000034,-43.9,194.0,2026-05-28T12:20:09.556,2026-05-28T12:35:39.556,,-0.23074829999859503
97.45935459999964,97.45935459999964,-0.005880022,451,2026-05-28T12:20:09.996,2026-05-28T12:35:39.996,,97.51323969999976,-43.91,195.0,2026-05-28T12:20:10.056,2026-05-28T12:35:40.056,,0.053885100000115926
97.67455349999909,97.67455349999909,-0.005881373,452,2026-05-28T12:20:10.213,2026-05-28T12:35:40.213,,97.51323969999976,-43.91,195.0,2026-05-28T12:20:10.056,2026-05-28T12:35:40.056,,-0.16131379999933415
97.88963800000056,97.88963800000056,-0.005882483,453,2026-05-28T12:20:10.434,2026-05-28T12:35:40.434,,98.0135207000003,-44.06,196.0,2026-05-28T12:20:10.551,2026-05-28T12:35:40.551,,0.12388269999974
98.1047939,98.1047939,-0.005883456,454,2026-05-28T12:20:10.650,2026-05-28T12:35:40.650,,98.0135207000003,-44.06,196.0,2026-05-28T12:20:10.551,2026-05-28T12:35:40.551,,-0.09127319999970496
98.32001490000039,98.32001490000039,-0.005884346,455,2026-05-28T12:20:10.865,2026-05-28T12:35:40.865,,98.51346629999898,-44.07,197.0,2026-05-28T12:20:11.056,2026-05-28T12:35:41.056,,0.19345139999859384
98.53509329999906,98.53509329999906,-0.005885037,456,2026-05-28T12:20:11.080,2026-05-28T12:35:41.080,,98.51346629999898,-44.07,197.0,2026-05-28T12:20:11.056,2026-05-28T12:35:41.056,,-0.021627000000080443
98.75016229999892,98.75016229999892,-0.005885948,457,2026-05-28T12:20:11.294,2026-05-28T12:35:41.294,,98.51346629999898,-44.07,197.0,2026-05-28T12:20:11.056,2026-05-28T12:35:41.056,,-0.23669599999993807
98.96531510000023,98.96531510000023,-0.005886534,458,2026-05-28T12:20:11.501,2026-05-28T12:35:41.501,,99.01343719999932,-44.04,198.0,2026-05-28T12:20:11.556,2026-05-28T12:35:41.556,,0.048122099999091006
99.1803691999994,99.1803691999994,-0.005887299,459,2026-05-28T12:20:11.717,2026-05-28T12:35:41.717,,99.01343719999932,-44.04,198.0,2026-05-28T12:20:11.556,2026-05-28T12:35:41.556,,-0.166932000000088
99.39545949999956,99.39545949999956,-0.005887707,460,2026-05-28T12:20:11.941,2026-05-28T12:35:41.941,,99.51357449999887,-44.05,199.0,2026-05-28T12:20:12.056,2026-05-28T12:35:42.056,,0.11811499999930675
99.61057660000006,99.61057660000006,-0.005888189,461,2026-05-28T12:20:12.146,2026-05-28T12:35:42.146,,99.51357449999887,-44.05,199.0,2026-05-28T12:20:12.056,2026-05-28T12:35:42.056,,-0.09700210000119114
99.82571879999887,99.82571879999887,-0.005888607,462,2026-05-28T12:20:12.363,2026-05-28T12:35:42.363,,100.0134851999992,-44.17,200.0,2026-05-28T12:20:12.556,2026-05-28T12:35:42.556,,0.18776640000032785
100.04078769999978,100.04078769999978,-0.005888953,463,2026-05-28T12:20:12.580,2026-05-28T12:35:42.580,,100.0134851999992,-44.17,200.0,2026-05-28T12:20:12.556,2026-05-28T12:35:42.556,,-0.027302500000587315
100.25568829999975,100.25568829999975,-0.005889466,464,2026-05-28T12:20:12.798,2026-05-28T12:35:42.798,,100.0134851999992,-44.17,200.0,2026-05-28T12:20:12.556,2026-05-28T12:35:42.556,,-0.24220310000055179
100.47104639999998,100.47104639999998,-0.00588955,465,2026-05-28T12:20:13.013,2026-05-28T12:35:43.013,,100.51342549999936,-44.12,201.0,2026-05-28T12:20:13.056,2026-05-28T12:35:43.056,,0.04237909999937983
100.68605240000034,100.68605240000034,-0.005889644,466,2026-05-28T12:20:13.231,2026-05-28T12:35:43.231,,100.51342549999936,-44.12,201.0,2026-05-28T12:20:13.056,2026-05-28T12:35:43.056,,-0.1726269000009779
100.90108019999934,100.90108019999934,-0.00588977,467,2026-05-28T12:20:13.446,2026-05-28T12:35:43.446,,101.01368279999951,-44.19,202.0,2026-05-28T12:20:13.556,2026-05-28T12:35:43.556,,0.11260260000017297
101.11625549999917,101.11625549999917,-0.00589022,468,2026-05-28T12:20:13.656,2026-05-28T12:35:43.656,,101.01368279999951,-44.19,202.0,2026-05-28T12:20:13.556,2026-05-28T12:35:43.556,,-0.10257269999965501
101.3312453999988,101.3312453999988,-0.005890251,469,2026-05-28T12:20:13.876,2026-05-28T12:35:43.876,,101.51339559999906,-44.16,203.0,2026-05-28T12:20:14.056,2026-05-28T12:35:44.056,,0.18215020000025106
101.54628009999942,101.54628009999942,-0.00589044,470,2026-05-28T12:20:14.089,2026-05-28T12:35:44.089,,101.51339559999906,-44.16,203.0,2026-05-28T12:20:14.056,2026-05-28T12:35:44.056,,-0.032884500000363914
101.76137290000042,101.76137290000042,-0.005890597,471,2026-05-28T12:20:14.306,2026-05-28T12:35:44.306,,101.51339559999906,-44.16,203.0,2026-05-28T12:20:14.056,2026-05-28T12:35:44.056,,-0.24797730000136653
101.97648610000033,101.97648610000033,-0.00589067,472,2026-05-28T12:20:14.514,2026-05-28T12:35:44.514,,102.0134337999989,-44.15,204.0,2026-05-28T12:20:14.550,2026-05-28T12:35:44.550,,0.03694769999856362
102.1916272999988,102.1916272999988,-0.005890534,473,2026-05-28T12:20:14.736,2026-05-28T12:35:44.736,,102.0134337999989,-44.15,204.0,2026-05-28T12:20:14.550,2026-05-28T12:35:44.550,,-0.17819349999990663
102.40668170000026,102.40668170000026,-0.005890544,474,2026-05-28T12:20:14.946,2026-05-28T12:35:44.946,,102.51353849999941,-44.14,205.0,2026-05-28T12:20:15.056,2026-05-28T12:35:45.056,,0.1068567999991501
102.62183530000038,102.62183530000038,-0.005890806,475,2026-05-28T12:20:15.163,2026-05-28T12:35:45.163,,102.51353849999941,-44.14,205.0,2026-05-28T12:20:15.056,2026-05-28T12:35:45.056,,-0.10829680000097142
102.83696620000046,102.83696620000046,-0.005890817,476,2026-05-28T12:20:15.380,2026-05-28T12:35:45.380,,103.01339000000007,-44.16,206.0,2026-05-28T12:20:15.556,2026-05-28T12:35:45.556,,0.17642379999961122
103.05206220000036,103.05206220000036,-0.005890995,477,2026-05-28T12:20:15.596,2026-05-28T12:35:45.596,,103.01339000000007,-44.16,206.0,2026-05-28T12:20:15.556,2026-05-28T12:35:45.556,,-0.03867220000029192
103.2673823999994,103.2673823999994,-0.00589089,478,2026-05-28T12:20:15.812,2026-05-28T12:35:45.812,,103.51333560000057,-44.16,207.0,2026-05-28T12:20:16.050,2026-05-28T12:35:46.050,,0.24595320000116772
103.4824850999994,103.4824850999994,-0.00589112,479,2026-05-28T12:20:16.023,2026-05-28T12:35:46.023,,103.51333560000057,-44.16,207.0,2026-05-28T12:20:16.050,2026-05-28T12:35:46.050,,0.03085050000117917
103.69751349999933,103.69751349999933,-0.005891152,480,2026-05-28T12:20:16.243,2026-05-28T12:35:46.243,,103.51333560000057,-44.16,207.0,2026-05-28T12:20:16.050,2026-05-28T12:35:46.050,,-0.18417789999875822
103.91260059999877,103.91260059999877,-0.00589112,481,2026-05-28T12:20:16.456,2026-05-28T12:35:46.456,,104.0137068999993,-44.15,208.0,2026-05-28T12:20:16.556,2026-05-28T12:35:46.556,,0.10110630000053789
104.12841010000011,104.12841010000011,-0.005891309,482,2026-05-28T12:20:16.673,2026-05-28T12:35:46.673,,104.0137068999993,-44.15,208.0,2026-05-28T12:20:16.556,2026-05-28T12:35:46.556,,-0.11470320000080392
104.34342629999992,104.34342629999992,-0.005891036,483,2026-05-28T12:20:16.880,2026-05-28T12:35:46.880,,104.51358559999971,-44.16,209.0,2026-05-28T12:20:17.056,2026-05-28T12:35:47.056,,0.17015929999979562
104.55855279999923,104.55855279999923,-0.005890942,484,2026-05-28T12:20:17.096,2026-05-28T12:35:47.096,,104.51358559999971,-44.16,209.0,2026-05-28T12:20:17.056,2026-05-28T12:35:47.056,,-0.044967199999518925
104.77376729999924,104.77376729999924,-0.005890858,485,2026-05-28T12:20:17.313,2026-05-28T12:35:47.313,,105.01375869999902,-44.17,210.0,2026-05-28T12:20:17.559,2026-05-28T12:35:47.559,,0.2399913999997807
104.98880269999972,104.98880269999972,-0.005890743,486,2026-05-28T12:20:17.534,2026-05-28T12:35:47.534,,105.01375869999902,-44.17,210.0,2026-05-28T12:20:17.559,2026-05-28T12:35:47.559,,0.024955999999292544
105.20383889999903,105.20383889999903,-0.005890555,487,2026-05-28T12:20:17.746,2026-05-28T12:35:47.746,,105.01375869999902,-44.17,210.0,2026-05-28T12:20:17.559,2026-05-28T12:35:47.559,,-0.19008020000001125
105.41898749999928,105.41898749999928,-0.005890649,488,2026-05-28T12:20:17.963,2026-05-28T12:35:47.963,,105.5136435000004,-44.18,211.0,2026-05-28T12:20:18.051,2026-05-28T12:35:48.051,,0.09465600000112318
105.63411409999935,105.63411409999935,-0.005890628,489,2026-05-28T12:20:18.179,2026-05-28T12:35:48.179,,105.5136435000004,-44.18,211.0,2026-05-28T12:20:18.051,2026-05-28T12:35:48.051,,-0.12047059999895282
105.84926579999956,105.84926579999956,-0.005890974,490,2026-05-28T12:20:18.393,2026-05-28T12:35:48.393,,106.01335639999888,-44.16,212.0,2026-05-28T12:20:18.556,2026-05-28T12:35:48.556,,0.16409059999932651
106.06457810000029,106.06457810000029,-0.005891089,491,2026-05-28T12:20:18.610,2026-05-28T12:35:48.610,,106.01335639999888,-44.16,212.0,2026-05-28T12:20:18.556,2026-05-28T12:35:48.556,,-0.051221700001406134
106.2795301999995,106.2795301999995,-0.005891015,492,2026-05-28T12:20:18.825,2026-05-28T12:35:48.825,,106.51369469999918,-44.14,213.0,2026-05-28T12:20:19.050,2026-05-28T12:35:49.050,,0.2341644999996788
106.49472979999882,106.49472979999882,-0.005891047,493,2026-05-28T12:20:19.040,2026-05-28T12:35:49.040,,106.51369469999918,-44.14,213.0,2026-05-28T12:20:19.050,2026-05-28T12:35:49.050,,0.018964900000355556
106.70988709999983,106.70988709999983,-0.00589089,494,2026-05-28T12:20:19.246,2026-05-28T12:35:49.246,,106.51369469999918,-44.14,213.0,2026-05-28T12:20:19.050,2026-05-28T12:35:49.050,,-0.19619240000065474
106.92498569999952,106.92498569999952,-0.005890942,495,2026-05-28T12:20:19.463,2026-05-28T12:35:49.463,,107.01336590000028,-44.15,214.0,2026-05-28T12:20:19.558,2026-05-28T12:35:49.558,,0.0883802000007563
107.14018260000012,107.14018260000012,-0.005890827,496,2026-05-28T12:20:19.680,2026-05-28T12:35:49.680,,107.01336590000028,-44.15,214.0,2026-05-28T12:20:19.558,2026-05-28T12:35:49.558,,-0.1268166999998357
107.35520820000056,107.35520820000056,-0.005890806,497,2026-05-28T12:20:19.896,2026-05-28T12:35:49.896,,107.51320569999916,-44.09,215.0,2026-05-28T12:20:20.056,2026-05-28T12:35:50.056,,0.1579974999986007
107.5702667000005,107.5702667000005,-0.005890848,498,2026-05-28T12:20:20.113,2026-05-28T12:35:50.113,,107.51320569999916,-44.09,215.0,2026-05-28T12:20:20.056,2026-05-28T12:35:50.056,,-0.05706100000134029
107.78537270000015,107.78537270000015,-0.005890817,499,2026-05-28T12:20:20.331,2026-05-28T12:35:50.331,,108.01372129999982,-44.13,216.0,2026-05-28T12:20:20.559,2026-05-28T12:35:50.559,,0.22834859999966284
108.00048740000057,108.00048740000057,-0.005890743,500,2026-05-28T12:20:20.546,2026-05-28T12:35:50.546,,108.01372129999982,-44.13,216.0,2026-05-28T12:20:20.559,2026-05-28T12:35:50.559,,0.013233899999249843
108.2158447999991,108.2158447999991,-0.005890576,501,2026-05-28T12:20:20.756,2026-05-28T12:35:50.756,,108.01372129999982,-44.13,216.0,2026-05-28T12:20:20.559,2026-05-28T12:35:50.559,,-0.20212349999928847
108.43096630000036,108.43096630000036,-0.00589044,502,2026-05-28T12:20:20.973,2026-05-28T12:35:50.973,,108.51360039999963,-44.15,217.0,2026-05-28T12:20:21.056,2026-05-28T12:35:51.056,,0.08263409999926807
108.64601810000022,108.64601810000022,-0.00589044,503,2026-05-28T12:20:21.191,2026-05-28T12:35:51.191,,108.51360039999963,-44.15,217.0,2026-05-28T12:20:21.056,2026-05-28T12:35:51.056,,-0.1324177000005875
108.86130889999913,108.86130889999913,-0.005890283,504,2026-05-28T12:20:21.406,2026-05-28T12:35:51.406,,109.01349119999941,-44.16,218.0,2026-05-28T12:20:21.552,2026-05-28T12:35:51.552,,0.15218230000027688
109.07640910000009,109.07640910000009,-0.005890576,505,2026-05-28T12:20:21.613,2026-05-28T12:35:51.613,,109.01349119999941,-44.16,218.0,2026-05-28T12:20:21.552,2026-05-28T12:35:51.552,,-0.06291790000068431
109.29149859999961,109.29149859999961,-0.00589067,506,2026-05-28T12:20:21.837,2026-05-28T12:35:51.837,,109.51306449999902,-44.15,219.0,2026-05-28T12:20:22.056,2026-05-28T12:35:52.056,,0.2215658999994048
109.50660339999922,109.50660339999922,-0.005890733,507,2026-05-28T12:20:22.046,2026-05-28T12:35:52.046,,109.51306449999902,-44.15,219.0,2026-05-28T12:20:22.056,2026-05-28T12:35:52.056,,0.0064610999997967156
109.72170829999959,109.72170829999959,-0.005890722,508,2026-05-28T12:20:22.263,2026-05-28T12:35:52.263,,109.51306449999902,-44.15,219.0,2026-05-28T12:20:22.056,2026-05-28T12:35:52.056,,-0.2086438000005728
109.9368744000003,109.9368744000003,-0.005890649,509,2026-05-28T12:20:22.480,2026-05-28T12:35:52.480,,110.01359199999933,-44.15,220.0,2026-05-28T12:20:22.555,2026-05-28T12:35:52.555,,0.07671759999902861
110.15189079999982,110.15189079999982,-0.005890639,510,2026-05-28T12:20:22.696,2026-05-28T12:35:52.696,,110.01359199999933,-44.15,220.0,2026-05-28T12:20:22.555,2026-05-28T12:35:52.555,,-0.13829880000048433
110.36714539999957,110.36714539999957,-0.005890628,511,2026-05-28T12:20:22.906,2026-05-28T12:35:52.906,,110.51333700000032,-44.17,221.0,2026-05-28T12:20:23.051,2026-05-28T12:35:53.051,,0.1461916000007477
110.58219970000027,110.58219970000027,-0.005890555,512,2026-05-28T12:20:23.123,2026-05-28T12:35:53.123,,110.51333700000032,-44.17,221.0,2026-05-28T12:20:23.051,2026-05-28T12:35:53.051,,-0.0688626999999542
110.79732919999879,110.79732919999879,-0.005890523,513,2026-05-28T12:20:23.342,2026-05-28T12:35:53.342,,111.01345000000038,-44.13,222.0,2026-05-28T12:20:23.556,2026-05-28T12:35:53.556,,0.2161208000015904
111.01241239999945,111.01241239999945,-0.005890649,514,2026-05-28T12:20:23.556,2026-05-28T12:35:53.556,,111.01345000000038,-44.13,222.0,2026-05-28T12:20:23.556,2026-05-28T12:35:53.556,,0.0010376000009273412
111.22776220000014,111.22776220000014,-0.005890492,515,2026-05-28T12:20:23.773,2026-05-28T12:35:53.773,,111.01345000000038,-44.13,222.0,2026-05-28T12:20:23.556,2026-05-28T12:35:53.556,,-0.21431219999976747
111.44287669999903,111.44287669999903,-0.005890335,516,2026-05-28T12:20:23.980,2026-05-28T12:35:53.980,,111.5133036999996,-44.12,223.0,2026-05-28T12:20:24.056,2026-05-28T12:35:54.056,,0.07042700000056357
111.6580586,111.6580586,-0.005890188,517,2026-05-28T12:20:24.201,2026-05-28T12:35:54.201,,111.5133036999996,-44.12,223.0,2026-05-28T12:20:24.056,2026-05-28T12:35:54.056,,-0.14475490000040736
111.87317319999966,111.87317319999966,-0.005890356,518,2026-05-28T12:20:24.418,2026-05-28T12:35:54.418,,112.01339129999906,-44.17,224.0,2026-05-28T12:20:24.558,2026-05-28T12:35:54.558,,0.1402180999994016
112.08836899999915,112.08836899999915,-0.005890398,519,2026-05-28T12:20:24.633,2026-05-28T12:35:54.633,,112.01339129999906,-44.17,224.0,2026-05-28T12:20:24.558,2026-05-28T12:35:54.558,,-0.07497770000009041
112.30343290000019,112.30343290000019,-0.005890482,520,2026-05-28T12:20:24.848,2026-05-28T12:35:54.848,,112.51350129999992,-44.12,225.0,2026-05-28T12:20:25.056,2026-05-28T12:35:55.056,,0.21006839999972726
112.51841609999974,112.51841609999974,-0.005890408,521,2026-05-28T12:20:25.064,2026-05-28T12:35:55.064,,112.51350129999992,-44.12,225.0,2026-05-28T12:20:25.056,2026-05-28T12:35:55.056,,-0.004914799999824027
112.73350759999994,112.73350759999994,-0.005890335,522,2026-05-28T12:20:25.273,2026-05-28T12:35:55.273,,112.51350129999992,-44.12,225.0,2026-05-28T12:20:25.056,2026-05-28T12:35:55.056,,-0.22000630000002275
112.9485738000003,112.9485738000003,-0.005890209,523,2026-05-28T12:20:25.489,2026-05-28T12:35:55.489,,113.0136096999995,-44.13,226.0,2026-05-28T12:20:25.556,2026-05-28T12:35:55.556,,0.06503589999920223
113.16372129999945,113.16372129999945,-0.005890377,524,2026-05-28T12:20:25.705,2026-05-28T12:35:55.705,,113.0136096999995,-44.13,226.0,2026-05-28T12:20:25.556,2026-05-28T12:35:55.556,,-0.1501115999999456
113.37878789999922,113.37878789999922,-0.005890324,525,2026-05-28T12:20:25.922,2026-05-28T12:35:55.922,,113.5135797999992,-44.08,227.0,2026-05-28T12:20:26.056,2026-05-28T12:35:56.056,,0.13479189999998198
113.5939242000004,113.5939242000004,-0.005890147,526,2026-05-28T12:20:26.134,2026-05-28T12:35:56.134,,113.5135797999992,-44.08,227.0,2026-05-28T12:20:26.056,2026-05-28T12:35:56.056,,-0.08034440000119503
113.80899159999899,113.80899159999899,-0.005890576,527,2026-05-28T12:20:26.347,2026-05-28T12:35:56.347,,114.01360790000035,-44.1,228.0,2026-05-28T12:20:26.551,2026-05-28T12:35:56.551,,0.2046163000013621
114.0241477999989,114.0241477999989,-0.005890366,528,2026-05-28T12:20:26.568,2026-05-28T12:35:56.568,,114.01360790000035,-44.1,228.0,2026-05-28T12:20:26.551,2026-05-28T12:35:56.551,,-0.010539899998548208
114.23923959999956,114.23923959999956,-0.005890377,529,2026-05-28T12:20:26.784,2026-05-28T12:35:56.784,,114.01360790000035,-44.1,228.0,2026-05-28T12:20:26.551,2026-05-28T12:35:56.551,,-0.2256316999992123
114.45426860000043,114.45426860000043,-0.005890377,530,2026-05-28T12:20:26.996,2026-05-28T12:35:56.996,,114.51363029999993,-44.16,229.0,2026-05-28T12:20:27.057,2026-05-28T12:35:57.057,,0.05936169999949925
114.66951909999989,114.66951909999989,-0.005890324,531,2026-05-28T12:20:27.213,2026-05-28T12:35:57.213,,114.51363029999993,-44.16,229.0,2026-05-28T12:20:27.057,2026-05-28T12:35:57.057,,-0.15588879999995697
114.88463219999903,114.88463219999903,-0.005890356,532,2026-05-28T12:20:27.430,2026-05-28T12:35:57.430,,115.01349289999962,-44.11,230.0,2026-05-28T12:20:27.556,2026-05-28T12:35:57.556,,0.1288607000005868
115.09978020000017,115.09978020000017,-0.005890345,533,2026-05-28T12:20:27.644,2026-05-28T12:35:57.644,,115.01349289999962,-44.11,230.0,2026-05-28T12:20:27.556,2026-05-28T12:35:57.556,,-0.0862873000005493
115.31498599999941,115.31498599999941,-0.005890492,534,2026-05-28T12:20:27.851,2026-05-28T12:35:57.851,,115.51346889999877,-44.08,231.0,2026-05-28T12:20:28.056,2026-05-28T12:35:58.056,,0.19848289999936242
115.53012479999961,115.53012479999961,-0.005890482,535,2026-05-28T12:20:28.074,2026-05-28T12:35:58.074,,115.51346889999877,-44.08,231.0,2026-05-28T12:20:28.056,2026-05-28T12:35:58.056,,-0.01665590000084194
115.74519979999968,115.74519979999968,-0.005890502,536,2026-05-28T12:20:28.291,2026-05-28T12:35:58.291,,115.51346889999877,-44.08,231.0,2026-05-28T12:20:28.056,2026-05-28T12:35:58.056,,-0.2317309000009118
115.9603705999998,115.9603705999998,-0.005890461,537,2026-05-28T12:20:28.496,2026-05-28T12:35:58.496,,116.01331779999964,-44.05,232.0,2026-05-28T12:20:28.556,2026-05-28T12:35:58.556,,0.05294719999983499
116.17543440000009,116.17543440000009,-0.00589045,538,2026-05-28T12:20:28.713,2026-05-28T12:35:58.713,,116.01331779999964,-44.05,232.0,2026-05-28T12:20:28.556,2026-05-28T12:35:58.556,,-0.16211660000044503
116.39057289999982,116.39057289999982,-0.005890345,539,2026-05-28T12:20:28.936,2026-05-28T12:35:58.936,,116.51371440000003,-44.16,233.0,2026-05-28T12:20:29.056,2026-05-28T12:35:59.056,,0.12314150000020163
116.60574909999923,116.60574909999923,-0.005890618,540,2026-05-28T12:20:29.150,2026-05-28T12:35:59.150,,116.51371440000003,-44.16,233.0,2026-05-28T12:20:29.056,2026-05-28T12:35:59.056,,-0.09203469999920344
116.82088619999922,116.82088619999922,-0.005890743,541,2026-05-28T12:20:29.363,2026-05-28T12:35:59.363,,117.01351470000009,-44.1,234.0,2026-05-28T12:20:29.550,2026-05-28T12:35:59.550,,0.19262850000086473
117.03605760000028,117.03605760000028,-0.00589067,542,2026-05-28T12:20:29.581,2026-05-28T12:35:59.581,,117.01351470000009,-44.1,234.0,2026-05-28T12:20:29.550,2026-05-28T12:35:59.550,,-0.022542900000189547
117.25132379999923,117.25132379999923,-0.00589066,543,2026-05-28T12:20:29.796,2026-05-28T12:35:59.796,,117.01351470000009,-44.1,234.0,2026-05-28T12:20:29.550,2026-05-28T12:35:59.550,,-0.23780909999914002
117.46644860000015,117.46644860000015,-0.005890911,544,2026-05-28T12:20:30.006,2026-05-28T12:36:00.006,,117.51345169999877,-44.08,235.0,2026-05-28T12:20:30.057,2026-05-28T12:36:00.057,,0.04700309999861929
117.68154309999954,117.68154309999954,-0.005891057,545,2026-05-28T12:20:30.227,2026-05-28T12:36:00.227,,117.51345169999877,-44.08,235.0,2026-05-28T12:20:30.057,2026-05-28T12:36:00.057,,-0.16809140000077605
117.89665679999962,117.89665679999962,-0.005891099,546,2026-05-28T12:20:30.441,2026-05-28T12:36:00.441,,118.01333569999952,-44.08,236.0,2026-05-28T12:20:30.556,2026-05-28T12:36:00.556,,0.11667889999989711
118.11162499999955,118.11162499999955,-0.005890995,547,2026-05-28T12:20:30.656,2026-05-28T12:36:00.656,,118.01333569999952,-44.08,236.0,2026-05-28T12:20:30.556,2026-05-28T12:36:00.556,,-0.09828930000003311
118.32674279999992,118.32674279999992,-0.005891057,548,2026-05-28T12:20:30.863,2026-05-28T12:36:00.863,,118.51327569999921,-44.13,237.0,2026-05-28T12:20:31.056,2026-05-28T12:36:01.056,,0.18653289999929257
118.54182190000029,118.54182190000029,-0.005891131,549,2026-05-28T12:20:31.080,2026-05-28T12:36:01.080,,118.51327569999921,-44.13,237.0,2026-05-28T12:20:31.056,2026-05-28T12:36:01.056,,-0.028546200001073885
118.75698499999999,118.75698499999999,-0.005890921,550,2026-05-28T12:20:31.301,2026-05-28T12:36:01.301,,118.51327569999921,-44.13,237.0,2026-05-28T12:20:31.056,2026-05-28T12:36:01.056,,-0.2437093000007735
118.97226919999957,118.97226919999957,-0.005890984,551,2026-05-28T12:20:31.513,2026-05-28T12:36:01.513,,119.01362789999985,-44.06,238.0,2026-05-28T12:20:31.559,2026-05-28T12:36:01.559,,0.04135870000027353
119.18733020000036,119.18733020000036,-0.005891193,552,2026-05-28T12:20:31.733,2026-05-28T12:36:01.733,,119.01362789999985,-44.06,238.0,2026-05-28T12:20:31.559,2026-05-28T12:36:01.559,,-0.1737023000005138
119.40244979999989,119.40244979999989,-0.005891057,553,2026-05-28T12:20:31.946,2026-05-28T12:36:01.946,,119.51340609999897,-44.1,239.0,2026-05-28T12:20:32.056,2026-05-28T12:36:02.056,,0.11095629999908851
119.61757469999975,119.61757469999975,-0.005891246,554,2026-05-28T12:20:32.163,2026-05-28T12:36:02.163,,119.51340609999897,-44.1,239.0,2026-05-28T12:20:32.056,2026-05-28T12:36:02.056,,-0.10416860000077577
119.83267599999999,119.83267599999999,-0.005891141,555,2026-05-28T12:20:32.373,2026-05-28T12:36:02.373,,120.01358380000056,-44.11,240.0,2026-05-28T12:20:32.556,2026-05-28T12:36:02.556,,0.1809078000005684
120.04789789999995,120.04789789999995,-0.005891193,556,2026-05-28T12:20:32.589,2026-05-28T12:36:02.589,,120.01358380000056,-44.11,240.0,2026-05-28T12:20:32.556,2026-05-28T12:36:02.556,,-0.034314099999392056
120.26290619999963,120.26290619999963,-0.005891057,557,2026-05-28T12:20:32.808,2026-05-28T12:36:02.808,,120.01358380000056,-44.11,240.0,2026-05-28T12:20:32.556,2026-05-28T12:36:02.556,,-0.24932239999907324
120.4781669999993,120.4781669999993,-0.005891026,558,2026-05-28T12:20:33.023,2026-05-28T12:36:03.023,,120.51361019999968,-44.07,241.0,2026-05-28T12:20:33.058,2026-05-28T12:36:03.058,,0.0354432000003726
120.69332529999883,120.69332529999883,-0.005890911,559,2026-05-28T12:20:33.238,2026-05-28T12:36:03.238,,120.51361019999968,-44.07,241.0,2026-05-28T12:20:33.058,2026-05-28T12:36:03.058,,-0.17971509999915725
120.90828209999927,120.90828209999927,-0.005890858,560,2026-05-28T12:20:33.447,2026-05-28T12:36:03.447,,121.01357800000005,-44.09,242.0,2026-05-28T12:20:33.558,2026-05-28T12:36:03.558,,0.10529590000078315
121.12365250000039,121.12365250000039,-0.005891015,561,2026-05-28T12:20:33.667,2026-05-28T12:36:03.667,,121.01357800000005,-44.09,242.0,2026-05-28T12:20:33.558,2026-05-28T12:36:03.558,,-0.11007450000033714
121.3389358000004,121.3389358000004,-0.005890963,562,2026-05-28T12:20:33.884,2026-05-28T12:36:03.884,,121.51337810000041,-44.03,243.0,2026-05-28T12:20:34.058,2026-05-28T12:36:04.058,,0.1744423000000097
121.5538274999999,121.5538274999999,-0.005890932,563,2026-05-28T12:20:34.099,2026-05-28T12:36:04.099,,121.51337810000041,-44.03,243.0,2026-05-28T12:20:34.058,2026-05-28T12:36:04.058,,-0.04044939999948838
121.76887030000034,121.76887030000034,-0.005890796,564,2026-05-28T12:20:34.314,2026-05-28T12:36:04.314,,122.01333840000007,-44.04,244.0,2026-05-28T12:20:34.558,2026-05-28T12:36:04.558,,0.24446809999972174
121.98398449999877,121.98398449999877,-0.005890984,565,2026-05-28T12:20:34.529,2026-05-28T12:36:04.529,,122.01333840000007,-44.04,244.0,2026-05-28T12:20:34.558,2026-05-28T12:36:04.558,,0.029353900001297006
122.1990640999993,122.1990640999993,-0.005891036,566,2026-05-28T12:20:34.744,2026-05-28T12:36:04.744,,122.01333840000007,-44.04,244.0,2026-05-28T12:20:34.558,2026-05-28T12:36:04.558,,-0.1857256999992387
122.41415509999933,122.41415509999933,-0.005890995,567,2026-05-28T12:20:34.956,2026-05-28T12:36:04.956,,122.51349499999924,-44.04,245.0,2026-05-28T12:20:35.056,2026-05-28T12:36:05.056,,0.09933989999990445
122.62926829999924,122.62926829999924,-0.005891068,568,2026-05-28T12:20:35.173,2026-05-28T12:36:05.173,,122.51349499999924,-44.04,245.0,2026-05-28T12:20:35.056,2026-05-28T12:36:05.056,,-0.11577330000000075
122.84445849999975,122.84445849999975,-0.005890974,569,2026-05-28T12:20:35.390,2026-05-28T12:36:05.390,,123.0135551000003,-44.07,246.0,2026-05-28T12:20:35.556,2026-05-28T12:36:05.556,,0.16909660000055737
123.0596301000005,123.0596301000005,-0.005890848,570,2026-05-28T12:20:35.596,2026-05-28T12:36:05.596,,123.0135551000003,-44.07,246.0,2026-05-28T12:20:35.556,2026-05-28T12:36:05.556,,-0.046075000000200816
123.27485929999966,123.27485929999966,-0.005891036,571,2026-05-28T12:20:35.813,2026-05-28T12:36:05.813,,123.51363859999947,-44.03,247.0,2026-05-28T12:20:36.050,2026-05-28T12:36:06.050,,0.23877929999980552
123.48992399999952,123.48992399999952,-0.005891099,572,2026-05-28T12:20:36.034,2026-05-28T12:36:06.034,,123.51363859999947,-44.03,247.0,2026-05-28T12:20:36.050,2026-05-28T12:36:06.050,,0.023714599999948405
123.70506869999917,123.70506869999917,-0.005890942,573,2026-05-28T12:20:36.250,2026-05-28T12:36:06.250,,123.51363859999947,-44.03,247.0,2026-05-28T12:20:36.050,2026-05-28T12:36:06.050,,-0.19143009999970673
123.92028690000006,123.92028690000006,-0.005890984,574,2026-05-28T12:20:36.466,2026-05-28T12:36:06.466,,124.0136636999996,-44.04,248.0,2026-05-28T12:20:36.556,2026-05-28T12:36:06.556,,0.09337679999953252
124.13539180000043,124.13539180000043,-0.005891089,575,2026-05-28T12:20:36.680,2026-05-28T12:36:06.680,,124.0136636999996,-44.04,248.0,2026-05-28T12:20:36.556,2026-05-28T12:36:06.556,,-0.121728100000837
124.35040379999919,124.35040379999919,-0.005891047,576,2026-05-28T12:20:36.889,2026-05-28T12:36:06.889,,124.51341909999974,-43.99,249.0,2026-05-28T12:20:37.056,2026-05-28T12:36:07.056,,0.1630153000005521
124.56571660000009,124.56571660000009,-0.005891319,577,2026-05-28T12:20:37.106,2026-05-28T12:36:07.106,,124.51341909999974,-43.99,249.0,2026-05-28T12:20:37.056,2026-05-28T12:36:07.056,,-0.05229750000034983
124.78067290000035,124.78067290000035,-0.005891141,578,2026-05-28T12:20:37.317,2026-05-28T12:36:07.317,,125.01336619999893,-44.06,250.0,2026-05-28T12:20:37.558,2026-05-28T12:36:07.558,,0.2326932999985729
124.9959502999991,124.9959502999991,-0.005890963,579,2026-05-28T12:20:37.534,2026-05-28T12:36:07.534,,125.01336619999893,-44.06,250.0,2026-05-28T12:20:37.558,2026-05-28T12:36:07.558,,0.017415899999832618
125.21094339999945,125.21094339999945,-0.00589112,580,2026-05-28T12:20:37.756,2026-05-28T12:36:07.756,,125.01336619999893,-44.06,250.0,2026-05-28T12:20:37.558,2026-05-28T12:36:07.558,,-0.1975772000005236
125.42611719999877,125.42611719999877,-0.005891078,581,2026-05-28T12:20:37.967,2026-05-28T12:36:07.967,,125.51340510000045,-43.97,251.0,2026-05-28T12:20:38.056,2026-05-28T12:36:08.056,,0.08728790000168374
125.64113829999951,125.64113829999951,-0.005890963,582,2026-05-28T12:20:38.180,2026-05-28T12:36:08.180,,125.51340510000045,-43.97,251.0,2026-05-28T12:20:38.056,2026-05-28T12:36:08.056,,-0.12773319999905652
125.85634489999939,125.85634489999939,-0.005890984,583,2026-05-28T12:20:38.396,2026-05-28T12:36:08.396,,126.01344160000008,-43.99,252.0,2026-05-28T12:20:38.556,2026-05-28T12:36:08.556,,0.1570967000006931
126.0717425999992,126.0717425999992,-0.005890911,584,2026-05-28T12:20:38.613,2026-05-28T12:36:08.613,,126.01344160000008,-43.99,252.0,2026-05-28T12:20:38.556,2026-05-28T12:36:08.556,,-0.058300999999119085
126.28658929999983,126.28658929999983,-0.005891057,585,2026-05-28T12:20:38.831,2026-05-28T12:36:08.831,,126.51341859999957,-44.04,253.0,2026-05-28T12:20:39.058,2026-05-28T12:36:09.058,,0.22682929999973567
126.50173079999877,126.50173079999877,-0.005891078,586,2026-05-28T12:20:39.046,2026-05-28T12:36:09.046,,126.51341859999957,-44.04,253.0,2026-05-28T12:20:39.058,2026-05-28T12:36:09.058,,0.011687800000800053
126.71698470000047,126.71698470000047,-0.005890932,587,2026-05-28T12:20:39.256,2026-05-28T12:36:09.256,,126.51341859999957,-44.04,253.0,2026-05-28T12:20:39.058,2026-05-28T12:36:09.058,,-0.2035661000008986
126.93232220000027,126.93232220000027,-0.005890942,588,2026-05-28T12:20:39.473,2026-05-28T12:36:09.473,,127.0133808999999,-44.03,254.0,2026-05-28T12:20:39.556,2026-05-28T12:36:09.556,,0.08105869999963033
127.14742130000013,127.14742130000013,-0.005891036,589,2026-05-28T12:20:39.689,2026-05-28T12:36:09.689,,127.0133808999999,-44.03,254.0,2026-05-28T12:20:39.556,2026-05-28T12:36:09.556,,-0.13404040000023087
127.36237849999998,127.36237849999998,-0.005890921,590,2026-05-28T12:20:39.906,2026-05-28T12:36:09.906,,127.51344419999987,-44.0,255.0,2026-05-28T12:20:40.056,2026-05-28T12:36:10.056,,0.15106569999989006
127.57733650000046,127.57733650000046,-0.005891246,591,2026-05-28T12:20:40.113,2026-05-28T12:36:10.113,,127.51344419999987,-44.0,255.0,2026-05-28T12:20:40.056,2026-05-28T12:36:10.056,,-0.06389230000058888
127.7926011999989,127.7926011999989,-0.005891256,592,2026-05-28T12:20:40.337,2026-05-28T12:36:10.337,,128.0136137999998,-44.02,256.0,2026-05-28T12:20:40.556,2026-05-28T12:36:10.556,,0.22101260000090406
128.00753499999882,128.00753499999882,-0.005890806,593,2026-05-28T12:20:40.546,2026-05-28T12:36:10.546,,128.0136137999998,-44.02,256.0,2026-05-28T12:20:40.556,2026-05-28T12:36:10.556,,0.006078800000977935
128.22275830000035,128.22275830000035,-0.005890953,594,2026-05-28T12:20:40.763,2026-05-28T12:36:10.763,,128.0136137999998,-44.02,256.0,2026-05-28T12:20:40.556,2026-05-28T12:36:10.556,,-0.20914450000054785
128.43804649999947,128.43804649999947,-0.005890858,595,2026-05-28T12:20:40.980,2026-05-28T12:36:10.980,,128.51349689999915,-44.02,257.0,2026-05-28T12:20:41.051,2026-05-28T12:36:11.051,,0.0754503999996814
128.65308899999945,128.65308899999945,-0.005890785,596,2026-05-28T12:20:41.196,2026-05-28T12:36:11.196,,128.51349689999915,-44.02,257.0,2026-05-28T12:20:41.051,2026-05-28T12:36:11.051,,-0.13959210000029998
128.8684104999993,128.8684104999993,-0.00589067,597,2026-05-28T12:20:41.413,2026-05-28T12:36:11.413,,129.01342829999885,-44.02,258.0,2026-05-28T12:20:41.556,2026-05-28T12:36:11.556,,0.14501779999955033
129.08350789999895,129.08350789999895,-0.005890869,598,2026-05-28T12:20:41.623,2026-05-28T12:36:11.623,,129.01342829999885,-44.02,258.0,2026-05-28T12:20:41.556,2026-05-28T12:36:11.556,,-0.07007960000009916
129.29884909999964,129.29884909999964,-0.005890691,599,2026-05-28T12:20:41.842,2026-05-28T12:36:11.842,,129.51359199999933,-43.99,259.0,2026-05-28T12:20:42.056,2026-05-28T12:36:12.056,,0.21474289999969187
129.51395090000005,129.51395090000005,-0.005890701,600,2026-05-28T12:20:42.056,2026-05-28T12:36:12.056,,129.51359199999933,-43.99,259.0,2026-05-28T12:20:42.056,2026-05-28T12:36:12.056,,-0.0003589000007195864
129.72891439999876,129.72891439999876,-0.00589068,601,2026-05-28T12:20:42.273,2026-05-28T12:36:12.273,,129.51359199999933,-43.99,259.0,2026-05-28T12:20:42.056,2026-05-28T12:36:12.056,,-0.2153223999994225
129.94404319999921,129.94404319999921,-0.005890733,602,2026-05-28T12:20:42.480,2026-05-28T12:36:12.480,,130.01358020000043,-44.02,260.0,2026-05-28T12:20:42.556,2026-05-28T12:36:12.556,,0.06953700000121898
130.15917119999904,130.15917119999904,-0.005890639,603,2026-05-28T12:20:42.696,2026-05-28T12:36:12.696,,130.01358020000043,-44.02,260.0,2026-05-28T12:20:42.556,2026-05-28T12:36:12.556,,-0.14559099999860337
130.37424949999877,130.37424949999877,-0.005890534,604,2026-05-28T12:20:42.913,2026-05-28T12:36:12.913,,130.5133167999993,-44.04,261.0,2026-05-28T12:20:43.056,2026-05-28T12:36:13.056,,0.13906730000053358
130.58918569999878,130.58918569999878,-0.00589067,605,2026-05-28T12:20:43.134,2026-05-28T12:36:13.134,,130.5133167999993,-44.04,261.0,2026-05-28T12:20:43.056,2026-05-28T12:36:13.056,,-0.07586889999947743
130.80421600000045,130.80421600000045,-0.005890869,606,2026-05-28T12:20:43.346,2026-05-28T12:36:13.346,,131.01362150000023,-43.99,262.0,2026-05-28T12:20:43.556,2026-05-28T12:36:13.556,,0.2094054999997752
131.0193629000005,131.0193629000005,-0.005891089,607,2026-05-28T12:20:43.563,2026-05-28T12:36:13.563,,131.01362150000023,-43.99,262.0,2026-05-28T12:20:43.556,2026-05-28T12:36:13.556,,-0.00574140000026091
131.2344178000003,131.2344178000003,-0.00589111,608,2026-05-28T12:20:43.779,2026-05-28T12:36:13.779,,131.01362150000023,-43.99,262.0,2026-05-28T12:20:43.556,2026-05-28T12:36:13.556,,-0.22079630000007455
131.44960569999967,131.44960569999967,-0.005890858,609,2026-05-28T12:20:43.990,2026-05-28T12:36:13.990,,131.51333580000028,-44.0,263.0,2026-05-28T12:20:44.056,2026-05-28T12:36:14.056,,0.06373010000061186
131.66483189999963,131.66483189999963,-0.005890963,610,2026-05-28T12:20:44.206,2026-05-28T12:36:14.206,,131.51333580000028,-44.0,263.0,2026-05-28T12:20:44.056,2026-05-28T12:36:14.056,,-0.1514960999993491
131.87964269999975,131.87964269999975,-0.005891005,611,2026-05-28T12:20:44.423,2026-05-28T12:36:14.423,,132.0132837000001,-43.94,264.0,2026-05-28T12:20:44.556,2026-05-28T12:36:14.556,,0.1336410000003525
132.09488229999988,132.09488229999988,-0.005890942,612,2026-05-28T12:20:44.640,2026-05-28T12:36:14.640,,132.0132837000001,-43.94,264.0,2026-05-28T12:20:44.556,2026-05-28T12:36:14.556,,-0.08159859999977925
132.31014060000052,132.31014060000052,-0.005890932,613,2026-05-28T12:20:44.849,2026-05-28T12:36:14.849,,132.5133007000004,-43.98,265.0,2026-05-28T12:20:45.051,2026-05-28T12:36:15.051,,0.20316009999987727
132.525372099999,132.525372099999,-0.005891015,614,2026-05-28T12:20:45.063,2026-05-28T12:36:15.063,,132.5133007000004,-43.98,265.0,2026-05-28T12:20:45.051,2026-05-28T12:36:15.051,,-0.012071399998603738
132.7403190999994,132.7403190999994,-0.005890995,615,2026-05-28T12:20:45.283,2026-05-28T12:36:15.283,,132.5133007000004,-43.98,265.0,2026-05-28T12:20:45.051,2026-05-28T12:36:15.051,,-0.22701839999899676
132.95551539999906,132.95551539999906,-0.005891026,616,2026-05-28T12:20:45.496,2026-05-28T12:36:15.496,,133.01353329999984,-43.96,266.0,2026-05-28T12:20:45.556,2026-05-28T12:36:15.556,,0.058017900000777445
133.1706591000002,133.1706591000002,-0.005890817,617,2026-05-28T12:20:45.713,2026-05-28T12:36:15.713,,133.01353329999984,-43.96,266.0,2026-05-28T12:20:45.556,2026-05-28T12:36:15.556,,-0.15712580000035814
133.38577909999913,133.38577909999913,-0.005890858,618,2026-05-28T12:20:45.930,2026-05-28T12:36:15.930,,133.5133267000001,-43.95,267.0,2026-05-28T12:20:46.056,2026-05-28T12:36:16.056,,0.1275476000009803
133.60078669999893,133.60078669999893,-0.005890911,619,2026-05-28T12:20:46.146,2026-05-28T12:36:16.146,,133.5133267000001,-43.95,267.0,2026-05-28T12:20:46.056,2026-05-28T12:36:16.056,,-0.0874599999988277
133.8159414999991,133.8159414999991,-0.005890785,620,2026-05-28T12:20:46.356,2026-05-28T12:36:16.356,,134.01349750000008,-43.97,268.0,2026-05-28T12:20:46.559,2026-05-28T12:36:16.559,,0.1975560000009864
134.03110389999893,134.03110389999893,-0.005890838,621,2026-05-28T12:20:46.576,2026-05-28T12:36:16.576,,134.01349750000008,-43.97,268.0,2026-05-28T12:20:46.559,2026-05-28T12:36:16.559,,-0.01760639999884006
134.24620829999913,134.24620829999913,-0.005890764,622,2026-05-28T12:20:46.784,2026-05-28T12:36:16.784,,134.01349750000008,-43.97,268.0,2026-05-28T12:20:46.559,2026-05-28T12:36:16.559,,-0.23271079999904032
134.46150999999918,134.46150999999918,-0.005890869,623,2026-05-28T12:20:47.005,2026-05-28T12:36:17.005,,134.51324810000006,-43.98,269.0,2026-05-28T12:20:47.056,2026-05-28T12:36:17.056,,0.05173810000087542
134.67644199999995,134.67644199999995,-0.005890806,624,2026-05-28T12:20:47.217,2026-05-28T12:36:17.217,,134.51324810000006,-43.98,269.0,2026-05-28T12:20:47.056,2026-05-28T12:36:17.056,,-0.16319389999989653
134.89150429999972,134.89150429999972,-0.005890806,625,2026-05-28T12:20:47.434,2026-05-28T12:36:17.434,,135.0134982999989,-43.97,270.0,2026-05-28T12:20:47.556,2026-05-28T12:36:17.556,,0.1219939999991766
135.1068381999994,135.1068381999994,-0.005890817,626,2026-05-28T12:20:47.651,2026-05-28T12:36:17.651,,135.0134982999989,-43.97,270.0,2026-05-28T12:20:47.556,2026-05-28T12:36:17.556,,-0.09333990000050107
135.32191579999926,135.32191579999926,-0.005890701,627,2026-05-28T12:20:47.867,2026-05-28T12:36:17.867,,135.513526499999,-43.92,271.0,2026-05-28T12:20:48.056,2026-05-28T12:36:18.056,,0.19161069999972824
135.53701569999976,135.53701569999976,-0.005890764,628,2026-05-28T12:20:48.080,2026-05-28T12:36:18.080,,135.513526499999,-43.92,271.0,2026-05-28T12:20:48.056,2026-05-28T12:36:18.056,,-0.023489200000767596
135.75207079999927,135.75207079999927,-0.005890607,629,2026-05-28T12:20:48.296,2026-05-28T12:36:18.296,,135.513526499999,-43.92,271.0,2026-05-28T12:20:48.056,2026-05-28T12:36:18.056,,-0.23854430000028515
135.96717460000036,135.96717460000036,-0.005890806,630,2026-05-28T12:20:48.512,2026-05-28T12:36:18.512,,136.01325779999934,-43.97,272.0,2026-05-28T12:20:48.556,2026-05-28T12:36:18.556,,0.04608319999897503
136.18230140000014,136.18230140000014,-0.005890565,631,2026-05-28T12:20:48.723,2026-05-28T12:36:18.723,,136.01325779999934,-43.97,272.0,2026-05-28T12:20:48.556,2026-05-28T12:36:18.556,,-0.16904360000080487
136.3974828999999,136.3974828999999,-0.005890576,632,2026-05-28T12:20:48.943,2026-05-28T12:36:18.943,,136.5135833000004,-43.93,273.0,2026-05-28T12:20:49.056,2026-05-28T12:36:19.056,,0.11610040000050503
136.61256440000034,136.61256440000034,-0.00589068,633,2026-05-28T12:20:49.156,2026-05-28T12:36:19.156,,136.5135833000004,-43.93,273.0,2026-05-28T12:20:49.056,2026-05-28T12:36:19.056,,-0.09898109999994631
136.82778449999932,136.82778449999932,-0.005890649,634,2026-05-28T12:20:49.373,2026-05-28T12:36:19.373,,137.0133750999994,-43.95,274.0,2026-05-28T12:20:49.556,2026-05-28T12:36:19.556,,0.18559060000006866
137.0427839999993,137.0427839999993,-0.005890597,635,2026-05-28T12:20:49.580,2026-05-28T12:36:19.580,,137.0133750999994,-43.95,274.0,2026-05-28T12:20:49.556,2026-05-28T12:36:19.556,,-0.02940889999990759
137.25806679999914,137.25806679999914,-0.005890817,636,2026-05-28T12:20:49.796,2026-05-28T12:36:19.796,,137.0133750999994,-43.95,274.0,2026-05-28T12:20:49.556,2026-05-28T12:36:19.556,,-0.24469169999974838
137.47294619999957,137.47294619999957,-0.005890827,637,2026-05-28T12:20:50.017,2026-05-28T12:36:20.017,,137.5135465000003,-43.94,275.0,2026-05-28T12:20:50.056,2026-05-28T12:36:20.056,,0.040600300000733114
137.68812889999936,137.68812889999936,-0.005890733,638,2026-05-28T12:20:50.233,2026-05-28T12:36:20.233,,137.5135465000003,-43.94,275.0,2026-05-28T12:20:50.056,2026-05-28T12:36:20.056,,-0.17458239999905345
137.9032757999994,137.9032757999994,-0.00589089,639,2026-05-28T12:20:50.446,2026-05-28T12:36:20.446,,138.01333700000032,-43.96,276.0,2026-05-28T12:20:50.556,2026-05-28T12:36:20.556,,0.11006120000092778
138.11816009999893,138.11816009999893,-0.005890785,640,2026-05-28T12:20:50.663,2026-05-28T12:36:20.663,,138.01333700000032,-43.96,276.0,2026-05-28T12:20:50.556,2026-05-28T12:36:20.556,,-0.10482309999861172
138.33325069999955,138.33325069999955,-0.005890754,641,2026-05-28T12:20:50.876,2026-05-28T12:36:20.876,,138.51317019999988,-43.94,277.0,2026-05-28T12:20:51.050,2026-05-28T12:36:21.050,,0.17991950000032375
138.54832119999992,138.54832119999992,-0.005890607,642,2026-05-28T12:20:51.090,2026-05-28T12:36:21.090,,138.51317019999988,-43.94,277.0,2026-05-28T12:20:51.050,2026-05-28T12:36:21.050,,-0.03515100000004168
138.76333929999964,138.76333929999964,-0.005890408,643,2026-05-28T12:20:51.306,2026-05-28T12:36:21.306,,138.51317019999988,-43.94,277.0,2026-05-28T12:20:51.050,2026-05-28T12:36:21.050,,-0.25016909999976633
138.97826050000003,138.97826050000003,-0.005890324,644,2026-05-28T12:20:51.523,2026-05-28T12:36:21.523,,139.01354080000056,-43.94,278.0,2026-05-28T12:20:51.556,2026-05-28T12:36:21.556,,0.0352803000005224
139.19342619999952,139.19342619999952,-0.005890366,645,2026-05-28T12:20:51.738,2026-05-28T12:36:21.738,,139.01354080000056,-43.94,278.0,2026-05-28T12:20:51.556,2026-05-28T12:36:21.556,,-0.17988539999896602
139.40849010000056,139.40849010000056,-0.005890304,646,2026-05-28T12:20:51.946,2026-05-28T12:36:21.946,,139.51343169999927,-43.91,279.0,2026-05-28T12:20:52.056,2026-05-28T12:36:22.056,,0.10494159999871044
139.62374350000027,139.62374350000027,-0.005890419,647,2026-05-28T12:20:52.167,2026-05-28T12:36:22.167,,139.51343169999927,-43.91,279.0,2026-05-28T12:20:52.056,2026-05-28T12:36:22.056,,-0.11031180000099994
139.83883909999895,139.83883909999895,-0.00589044,648,2026-05-28T12:20:52.382,2026-05-28T12:36:22.382,,140.01325309999993,-43.86,280.0,2026-05-28T12:20:52.556,2026-05-28T12:36:22.556,,0.17441400000097929
140.05393009999898,140.05393009999898,-0.005890335,649,2026-05-28T12:20:52.596,2026-05-28T12:36:22.596,,140.01325309999993,-43.86,280.0,2026-05-28T12:20:52.556,2026-05-28T12:36:22.556,,-0.04067699999905017
140.26905909999914,140.26905909999914,-0.005890304,650,2026-05-28T12:20:52.813,2026-05-28T12:36:22.813,,140.51327449999917,-43.91,281.0,2026-05-28T12:20:53.054,2026-05-28T12:36:23.054,,0.24421540000003006
140.4839747999995,140.4839747999995,-0.005890314,651,2026-05-28T12:20:53.029,2026-05-28T12:36:23.029,,140.51327449999917,-43.91,281.0,2026-05-28T12:20:53.054,2026-05-28T12:36:23.054,,0.02929969999968307
140.69911019999927,140.69911019999927,-0.005890408,652,2026-05-28T12:20:53.244,2026-05-28T12:36:23.244,,140.51327449999917,-43.91,281.0,2026-05-28T12:20:53.054,2026-05-28T12:36:23.054,,-0.18583570000009786
140.91419270000006,140.91419270000006,-0.005890482,653,2026-05-28T12:20:53.456,2026-05-28T12:36:23.456,,141.01348750000034,-43.89,282.0,2026-05-28T12:20:53.556,2026-05-28T12:36:23.556,,0.09929480000027979
141.12917620000007,141.12917620000007,-0.005890555,654,2026-05-28T12:20:53.673,2026-05-28T12:36:23.673,,141.01348750000034,-43.89,282.0,2026-05-28T12:20:53.556,2026-05-28T12:36:23.556,,-0.11568869999973685
141.34447089999958,141.34447089999958,-0.005890419,655,2026-05-28T12:20:53.890,2026-05-28T12:36:23.890,,141.51359179999963,-43.88,283.0,2026-05-28T12:20:54.056,2026-05-28T12:36:24.056,,0.16912090000005264
141.55958809999902,141.55958809999902,-0.005890461,656,2026-05-28T12:20:54.096,2026-05-28T12:36:24.096,,141.51359179999963,-43.88,283.0,2026-05-28T12:20:54.056,2026-05-28T12:36:24.056,,-0.0459962999993877
141.77465999999913,141.77465999999913,-0.005890722,657,2026-05-28T12:20:54.313,2026-05-28T12:36:24.313,,142.0133337999996,-43.86,284.0,2026-05-28T12:20:54.558,2026-05-28T12:36:24.558,,0.23867380000046978
141.98985689999972,141.98985689999972,-0.005890482,658,2026-05-28T12:20:54.534,2026-05-28T12:36:24.534,,142.0133337999996,-43.86,284.0,2026-05-28T12:20:54.558,2026-05-28T12:36:24.558,,0.023476899999877787
142.2047937999996,142.2047937999996,-0.005890544,659,2026-05-28T12:20:54.750,2026-05-28T12:36:24.750,,142.0133337999996,-43.86,284.0,2026-05-28T12:20:54.558,2026-05-28T12:36:24.558,,-0.1914600000000064
142.41986969999925,142.41986969999925,-0.005890471,660,2026-05-28T12:20:54.965,2026-05-28T12:36:24.965,,142.5134453999999,-43.92,285.0,2026-05-28T12:20:55.056,2026-05-28T12:36:25.056,,0.09357570000065607
142.63498029999937,142.63498029999937,-0.005890565,661,2026-05-28T12:20:55.180,2026-05-28T12:36:25.180,,142.5134453999999,-43.92,285.0,2026-05-28T12:20:55.056,2026-05-28T12:36:25.056,,-0.12153489999946032
142.85029629999917,142.85029629999917,-0.005890502,662,2026-05-28T12:20:55.390,2026-05-28T12:36:25.390,,143.01344479999898,-43.85,286.0,2026-05-28T12:20:55.556,2026-05-28T12:36:25.556,,0.16314849999980652
143.06523349999952,143.06523349999952,-0.005890712,663,2026-05-28T12:20:55.606,2026-05-28T12:36:25.606,,143.01344479999898,-43.85,286.0,2026-05-28T12:20:55.556,2026-05-28T12:36:25.556,,-0.05178870000054303
143.28028429999904,143.28028429999904,-0.005890963,664,2026-05-28T12:20:55.825,2026-05-28T12:36:25.825,,143.51356029999988,-43.93,287.0,2026-05-28T12:20:56.059,2026-05-28T12:36:26.059,,0.23327600000084203
143.49565169999914,143.49565169999914,-0.005890869,665,2026-05-28T12:20:56.040,2026-05-28T12:36:26.040,,143.51356029999988,-43.93,287.0,2026-05-28T12:20:56.059,2026-05-28T12:36:26.059,,0.01790860000073735
143.7106979,143.7106979,-0.005890722,666,2026-05-28T12:20:56.246,2026-05-28T12:36:26.246,,143.51356029999988,-43.93,287.0,2026-05-28T12:20:56.059,2026-05-28T12:36:26.059,,-0.1971376000001328
143.9259973999997,143.9259973999997,-0.005890586,667,2026-05-28T12:20:56.471,2026-05-28T12:36:26.471,,144.01348999999936,-43.88,288.0,2026-05-28T12:20:56.556,2026-05-28T12:36:26.556,,0.08749259999967762
144.1410388000004,144.1410388000004,-0.00589067,668,2026-05-28T12:20:56.684,2026-05-28T12:36:26.684,,144.01348999999936,-43.88,288.0,2026-05-28T12:20:56.556,2026-05-28T12:36:26.556,,-0.12754880000102276
144.35614449999957,144.35614449999957,-0.005890544,669,2026-05-28T12:20:56.901,2026-05-28T12:36:26.901,,144.5135821999993,-43.92,289.0,2026-05-28T12:20:57.056,2026-05-28T12:36:27.056,,0.15743769999971846
144.57135519999974,144.57135519999974,-0.005890691,670,2026-05-28T12:20:57.113,2026-05-28T12:36:27.113,,144.5135821999993,-43.92,289.0,2026-05-28T12:20:57.056,2026-05-28T12:36:27.056,,-0.05777300000045216
144.78643229999943,144.78643229999943,-0.005890555,671,2026-05-28T12:20:57.331,2026-05-28T12:36:27.331,,145.01314280000042,-43.89,290.0,2026-05-28T12:20:57.558,2026-05-28T12:36:27.558,,0.22671050000099058
145.00138569999945,145.00138569999945,-0.005890513,672,2026-05-28T12:20:57.546,2026-05-28T12:36:27.546,,145.01314280000042,-43.89,290.0,2026-05-28T12:20:57.558,2026-05-28T12:36:27.558,,0.011757100000977516
145.2165802999989,145.2165802999989,-0.005890366,673,2026-05-28T12:20:57.756,2026-05-28T12:36:27.756,,145.01314280000042,-43.89,290.0,2026-05-28T12:20:57.558,2026-05-28T12:36:27.558,,-0.20343749999847205
145.4316703000004,145.4316703000004,-0.00589044,674,2026-05-28T12:20:57.973,2026-05-28T12:36:27.973,,145.51340829999936,-43.93,291.0,2026-05-28T12:20:58.055,2026-05-28T12:36:28.055,,0.08173799999894982
145.64696000000004,145.64696000000004,-0.005890576,675,2026-05-28T12:20:58.189,2026-05-28T12:36:28.189,,145.51340829999936,-43.93,291.0,2026-05-28T12:20:58.055,2026-05-28T12:36:28.055,,-0.13355170000068028
145.86216760000025,145.86216760000025,-0.005890649,676,2026-05-28T12:20:58.406,2026-05-28T12:36:28.406,,146.0134839000002,-43.92,292.0,2026-05-28T12:20:58.556,2026-05-28T12:36:28.556,,0.1513162999999622
146.07726749999892,146.07726749999892,-0.005890482,677,2026-05-28T12:20:58.613,2026-05-28T12:36:28.613,,146.0134839000002,-43.92,292.0,2026-05-28T12:20:58.556,2026-05-28T12:36:28.556,,-0.06378359999871464
146.29232459999912,146.29232459999912,-0.005890649,678,2026-05-28T12:20:58.837,2026-05-28T12:36:28.837,,146.5133053999998,-43.82,293.0,2026-05-28T12:20:59.058,2026-05-28T12:36:29.058,,0.22098080000068876
146.50742080000055,146.50742080000055,-0.005890733,679,2026-05-28T12:20:59.046,2026-05-28T12:36:29.046,,146.5133053999998,-43.82,293.0,2026-05-28T12:20:59.058,2026-05-28T12:36:29.058,,0.0058845999992627185
146.72263489999932,146.72263489999932,-0.005890534,680,2026-05-28T12:20:59.263,2026-05-28T12:36:29.263,,146.5133053999998,-43.82,293.0,2026-05-28T12:20:59.058,2026-05-28T12:36:29.058,,-0.20932949999951234
146.93752920000043,146.93752920000043,-0.005890544,681,2026-05-28T12:20:59.480,2026-05-28T12:36:29.480,,147.0133367999988,-43.85,294.0,2026-05-28T12:20:59.550,2026-05-28T12:36:29.550,,0.07580759999837028
147.1527413999993,147.1527413999993,-0.005890576,682,2026-05-28T12:20:59.696,2026-05-28T12:36:29.696,,147.0133367999988,-43.85,294.0,2026-05-28T12:20:59.550,2026-05-28T12:36:29.550,,-0.13940460000048915
147.36771559999943,147.36771559999943,-0.005890775,683,2026-05-28T12:20:59.912,2026-05-28T12:36:29.912,,147.51354410000022,-43.88,295.0,2026-05-28T12:21:00.056,2026-05-28T12:36:30.056,,0.14582850000078906
147.5828872000002,147.5828872000002,-0.005890555,684,2026-05-28T12:21:00.123,2026-05-28T12:36:30.123,,147.51354410000022,-43.88,295.0,2026-05-28T12:21:00.056,2026-05-28T12:36:30.056,,-0.06934309999996913
147.79789840000012,147.79789840000012,-0.005890722,685,2026-05-28T12:21:00.343,2026-05-28T12:36:30.343,,148.01341630000024,-43.84,296.0,2026-05-28T12:21:00.556,2026-05-28T12:36:30.556,,0.2155179000001226
148.01306339999974,148.01306339999974,-0.005890722,686,2026-05-28T12:21:00.556,2026-05-28T12:36:30.556,,148.01341630000024,-43.84,296.0,2026-05-28T12:21:00.556,2026-05-28T12:36:30.556,,0.00035290000050736126
148.22815359999913,148.22815359999913,-0.005890858,687,2026-05-28T12:21:00.773,2026-05-28T12:36:30.773,,148.01341630000024,-43.84,296.0,2026-05-28T12:21:00.556,2026-05-28T12:36:30.556,,-0.21473729999888747
148.4432624000001,148.4432624000001,-0.005890921,688,2026-05-28T12:21:00.980,2026-05-28T12:36:30.980,,148.5133982999996,-43.9,297.0,2026-05-28T12:21:01.051,2026-05-28T12:36:31.051,,0.07013589999951364
148.6583515000002,148.6583515000002,-0.005891005,689,2026-05-28T12:21:01.196,2026-05-28T12:36:31.196,,148.5133982999996,-43.9,297.0,2026-05-28T12:21:01.051,2026-05-28T12:36:31.051,,-0.1449532000006002
148.87325659999988,148.87325659999988,-0.00589111,690,2026-05-28T12:21:01.413,2026-05-28T12:36:31.413,,149.01561989999936,-1295.64,298.0,2026-05-28T12:21:01.556,2026-05-28T12:36:31.556,,0.14236329999948794
149.08834399999978,149.08834399999978,-0.005890827,691,2026-05-28T12:21:01.633,2026-05-28T12:36:31.633,,149.01561989999936,-1295.64,298.0,2026-05-28T12:21:01.556,2026-05-28T12:36:31.556,,-0.07272410000041418
149.30348690000028,149.30348690000028,-0.005890974,692,2026-05-28T12:21:01.846,2026-05-28T12:36:31.846,,149.51342329999898,-43.84,299.0,2026-05-28T12:21:02.056,2026-05-28T12:36:32.056,,0.2099363999986963
149.51858449999963,149.51858449999963,-0.005890953,693,2026-05-28T12:21:02.063,2026-05-28T12:36:32.063,,149.51342329999898,-43.84,299.0,2026-05-28T12:21:02.056,2026-05-28T12:36:32.056,,-0.005161200000657118
149.73359859999982,149.73359859999982,-0.005891141,694,2026-05-28T12:21:02.273,2026-05-28T12:36:32.273,,149.51342329999898,-43.84,299.0,2026-05-28T12:21:02.056,2026-05-28T12:36:32.056,,-0.22017530000084662
149.94883730000038,149.94883730000038,-0.005891036,695,2026-05-28T12:21:02.489,2026-05-28T12:36:32.489,,150.01335429999926,-43.86,300.0,2026-05-28T12:21:02.551,2026-05-28T12:36:32.551,,0.0645169999988866
150.1639114999998,150.1639114999998,-0.005890932,696,2026-05-28T12:21:02.709,2026-05-28T12:36:32.709,,150.01335429999926,-43.86,300.0,2026-05-28T12:21:02.551,2026-05-28T12:36:32.551,,-0.15055720000054862
150.37890100000004,150.37890100000004,-0.005891005,697,2026-05-28T12:21:02.923,2026-05-28T12:36:32.923,,150.51329559999976,-43.88,301.0,2026-05-28T12:21:03.056,2026-05-28T12:36:33.056,,0.13439459999972314
150.59408090000034,150.59408090000034,-0.005890974,698,2026-05-28T12:21:03.138,2026-05-28T12:36:33.138,,150.51329559999976,-43.88,301.0,2026-05-28T12:21:03.056,2026-05-28T12:36:33.056,,-0.08078530000057071
150.80922199999986,150.80922199999986,-0.005890974,699,2026-05-28T12:21:03.346,2026-05-28T12:36:33.346,,151.01327839999976,-43.9,302.0,2026-05-28T12:21:03.556,2026-05-28T12:36:33.556,,0.20405639999989944
151.02444529999957,151.02444529999957,-0.005891214,700,2026-05-28T12:21:03.563,2026-05-28T12:36:33.563,,151.01327839999976,-43.9,302.0,2026-05-28T12:21:03.556,2026-05-28T12:36:33.556,,-0.011166899999807356
151.239646,151.239646,-0.005891141,701,2026-05-28T12:21:03.780,2026-05-28T12:36:33.780,,151.01327839999976,-43.9,302.0,2026-05-28T12:21:03.556,2026-05-28T12:36:33.556,,-0.2263676000002306
151.45486960000017,151.45486960000017,-0.005890984,702,2026-05-28T12:21:03.996,2026-05-28T12:36:33.996,,151.51328019999892,-43.84,303.0,2026-05-28T12:21:04.056,2026-05-28T12:36:34.056,,0.05841059999875142
151.6698852999998,151.6698852999998,-0.005891078,703,2026-05-28T12:21:04.215,2026-05-28T12:36:34.215,,151.51328019999892,-43.84,303.0,2026-05-28T12:21:04.056,2026-05-28T12:36:34.056,,-0.15660510000088834
151.88497209999878,151.88497209999878,-0.005890942,704,2026-05-28T12:21:04.430,2026-05-28T12:36:34.430,,152.01346809999995,-43.9,304.0,2026-05-28T12:21:04.550,2026-05-28T12:36:34.550,,0.1284960000011779
152.1000666,152.1000666,-0.005891026,705,2026-05-28T12:21:04.645,2026-05-28T12:36:34.645,,152.01346809999995,-43.9,304.0,2026-05-28T12:21:04.550,2026-05-28T12:36:34.550,,-0.08659850000003644
152.3151954999994,152.3151954999994,-0.005891057,706,2026-05-28T12:21:04.856,2026-05-28T12:36:34.856,,152.5135790000004,-43.85,305.0,2026-05-28T12:21:05.056,2026-05-28T12:36:35.056,,0.19838350000100036
152.5302847999992,152.5302847999992,-0.005890785,707,2026-05-28T12:21:05.073,2026-05-28T12:36:35.073,,152.5135790000004,-43.85,305.0,2026-05-28T12:21:05.056,2026-05-28T12:36:35.056,,-0.016705799998817383
152.7453585000003,152.7453585000003,-0.0058909,708,2026-05-28T12:21:05.289,2026-05-28T12:36:35.289,,152.5135790000004,-43.85,305.0,2026-05-28T12:21:05.056,2026-05-28T12:36:35.056,,-0.23177949999990233
152.9605608999991,152.9605608999991,-0.005891047,709,2026-05-28T12:21:05.506,2026-05-28T12:36:35.506,,153.0135224000005,-43.88,306.0,2026-05-28T12:21:05.556,2026-05-28T12:36:35.556,,0.05296150000140187
153.1757722000002,153.1757722000002,-0.005890995,710,2026-05-28T12:21:05.713,2026-05-28T12:36:35.713,,153.0135224000005,-43.88,306.0,2026-05-28T12:21:05.556,2026-05-28T12:36:35.556,,-0.16224979999969946
153.39098249999915,153.39098249999915,-0.005891078,711,2026-05-28T12:21:05.936,2026-05-28T12:36:35.936,,153.51354809999975,-43.81,307.0,2026-05-28T12:21:06.056,2026-05-28T12:36:36.056,,0.12256560000059835
153.6060295999996,153.6060295999996,-0.00589111,712,2026-05-28T12:21:06.146,2026-05-28T12:36:36.146,,153.51354809999975,-43.81,307.0,2026-05-28T12:21:06.056,2026-05-28T12:36:36.056,,-0.09248149999984889
153.82115469999917,153.82115469999917,-0.005891015,713,2026-05-28T12:21:06.366,2026-05-28T12:36:36.366,,154.01354659999924,-43.91,308.0,2026-05-28T12:21:06.556,2026-05-28T12:36:36.556,,0.1923919000000751
154.03638010000031,154.03638010000031,-0.00589112,714,2026-05-28T12:21:06.581,2026-05-28T12:36:36.581,,154.01354659999924,-43.91,308.0,2026-05-28T12:21:06.556,2026-05-28T12:36:36.556,,-0.022833500001070206
154.25145069999962,154.25145069999962,-0.00589134,715,2026-05-28T12:21:06.797,2026-05-28T12:36:36.797,,154.01354659999924,-43.91,308.0,2026-05-28T12:21:06.556,2026-05-28T12:36:36.556,,-0.2379041000003781
154.46657120000054,154.46657120000054,-0.005891204,716,2026-05-28T12:21:07.006,2026-05-28T12:36:37.006,,154.51355250000051,-43.88,309.0,2026-05-28T12:21:07.057,2026-05-28T12:36:37.057,,0.04698129999997036
154.6817106999988,154.6817106999988,-0.005891131,717,2026-05-28T12:21:07.222,2026-05-28T12:36:37.222,,154.51355250000051,-43.88,309.0,2026-05-28T12:21:07.057,2026-05-28T12:36:37.057,,-0.16815819999828818
154.89676709999912,154.89676709999912,-0.00589111,718,2026-05-28T12:21:07.434,2026-05-28T12:36:37.434,,155.0135453999992,-43.85,310.0,2026-05-28T12:21:07.550,2026-05-28T12:36:37.550,,0.11677830000007816
155.11188579999907,155.11188579999907,-0.005891036,719,2026-05-28T12:21:07.651,2026-05-28T12:36:37.651,,155.0135453999992,-43.85,310.0,2026-05-28T12:21:07.550,2026-05-28T12:36:37.550,,-0.09834039999986999
155.32693309999922,155.32693309999922,-0.005890743,720,2026-05-28T12:21:07.872,2026-05-28T12:36:37.872,,155.513565199999,-43.84,311.0,2026-05-28T12:21:08.056,2026-05-28T12:36:38.056,,0.1866320999997697
155.54215809999914,155.54215809999914,-0.005890775,721,2026-05-28T12:21:08.084,2026-05-28T12:36:38.084,,155.513565199999,-43.84,311.0,2026-05-28T12:21:08.056,2026-05-28T12:36:38.056,,-0.028592900000148802
155.75741819999894,155.75741819999894,-0.005890806,722,2026-05-28T12:21:08.300,2026-05-28T12:36:38.300,,155.513565199999,-43.84,311.0,2026-05-28T12:21:08.056,2026-05-28T12:36:38.056,,-0.2438529999999446
155.97238629999993,155.97238629999993,-0.005890743,723,2026-05-28T12:21:08.517,2026-05-28T12:36:38.517,,156.0132952999993,-43.87,312.0,2026-05-28T12:21:08.557,2026-05-28T12:36:38.557,,0.04090899999937392
156.18747350000012,156.18747350000012,-0.005890722,724,2026-05-28T12:21:08.732,2026-05-28T12:36:38.732,,156.0132952999993,-43.87,312.0,2026-05-28T12:21:08.557,2026-05-28T12:36:38.557,,-0.1741782000008243
156.40256709999994,156.40256709999994,-0.005890754,725,2026-05-28T12:21:08.948,2026-05-28T12:36:38.948,,156.513513599999,-43.86,313.0,2026-05-28T12:21:09.058,2026-05-28T12:36:39.058,,0.11094649999904505
156.6176188999998,156.6176188999998,-0.005890618,726,2026-05-28T12:21:09.162,2026-05-28T12:36:39.162,,156.513513599999,-43.86,313.0,2026-05-28T12:21:09.058,2026-05-28T12:36:39.058,,-0.10410530000081053
156.832900899999,156.832900899999,-0.005890691,727,2026-05-28T12:21:09.372,2026-05-28T12:36:39.372,,157.0135085999991,-43.82,314.0,2026-05-28T12:21:09.556,2026-05-28T12:36:39.556,,0.18060770000010962
157.0480496,157.0480496,-0.00589067,728,2026-05-28T12:21:09.593,2026-05-28T12:36:39.593,,157.0135085999991,-43.82,314.0,2026-05-28T12:21:09.556,2026-05-28T12:36:39.556,,-0.03454100000089966
157.2631507999995,157.2631507999995,-0.005890649,729,2026-05-28T12:21:09.806,2026-05-28T12:36:39.806,,157.0135085999991,-43.82,314.0,2026-05-28T12:21:09.556,2026-05-28T12:36:39.556,,-0.2496422000003804
157.47827700000016,157.47827700000016,-0.005890628,730,2026-05-28T12:21:10.022,2026-05-28T12:36:40.022,,157.51341390000016,-43.84,315.0,2026-05-28T12:21:10.056,2026-05-28T12:36:40.056,,0.035136899999997695
157.69333240000014,157.69333240000014,-0.005890722,731,2026-05-28T12:21:10.238,2026-05-28T12:36:40.238,,157.51341390000016,-43.84,315.0,2026-05-28T12:21:10.056,2026-05-28T12:36:40.056,,-0.17991849999998522
157.90844909999942,157.90844909999942,-0.005890806,732,2026-05-28T12:21:10.453,2026-05-28T12:36:40.453,,158.0135403000004,-43.88,316.0,2026-05-28T12:21:10.551,2026-05-28T12:36:40.551,,0.10509120000097028
158.12367549999908,158.12367549999908,-0.005890649,733,2026-05-28T12:21:10.667,2026-05-28T12:36:40.667,,158.0135403000004,-43.88,316.0,2026-05-28T12:21:10.551,2026-05-28T12:36:40.551,,-0.11013519999869459
158.33887490000052,158.33887490000052,-0.005890586,734,2026-05-28T12:21:10.880,2026-05-28T12:36:40.880,,158.51350400000047,-43.78,317.0,2026-05-28T12:21:11.056,2026-05-28T12:36:41.056,,0.17462909999994736
158.55401039999924,158.55401039999924,-0.005890701,735,2026-05-28T12:21:11.096,2026-05-28T12:36:41.096,,158.51350400000047,-43.78,317.0,2026-05-28T12:21:11.056,2026-05-28T12:36:41.056,,-0.04050639999877603
158.76917239999966,158.76917239999966,-0.005890544,736,2026-05-28T12:21:11.313,2026-05-28T12:36:41.313,,159.01324329999989,-43.83,318.0,2026-05-28T12:21:11.558,2026-05-28T12:36:41.558,,0.24407090000022436
158.98429769999893,158.98429769999893,-0.005890523,737,2026-05-28T12:21:11.529,2026-05-28T12:36:41.529,,159.01324329999989,-43.83,318.0,2026-05-28T12:21:11.558,2026-05-28T12:36:41.558,,0.028945600000952254
159.19926750000013,159.19926750000013,-0.005890429,738,2026-05-28T12:21:11.744,2026-05-28T12:36:41.744,,159.01324329999989,-43.83,318.0,2026-05-28T12:21:11.558,2026-05-28T12:36:41.558,,-0.18602420000024722
159.41441440000017,159.41441440000017,-0.005890324,739,2026-05-28T12:21:11.950,2026-05-28T12:36:41.950,,159.51344620000054,-43.83,319.0,2026-05-28T12:21:12.050,2026-05-28T12:36:42.050,,0.09903180000037537
159.62957280000046,159.62957280000046,-0.005890523,740,2026-05-28T12:21:12.174,2026-05-28T12:36:42.174,,159.51344620000054,-43.83,319.0,2026-05-28T12:21:12.050,2026-05-28T12:36:42.050,,-0.11612659999991592
159.84451049999916,159.84451049999916,-0.005890293,741,2026-05-28T12:21:12.389,2026-05-28T12:36:42.389,,160.01353050000034,-43.83,320.0,2026-05-28T12:21:12.556,2026-05-28T12:36:42.556,,0.16902000000118278
160.05986780000057,160.05986780000057,-0.005890628,742,2026-05-28T12:21:12.596,2026-05-28T12:36:42.596,,160.01353050000034,-43.83,320.0,2026-05-28T12:21:12.556,2026-05-28T12:36:42.556,,-0.04633730000023206
160.27506059999905,160.27506059999905,-0.005890754,743,2026-05-28T12:21:12.813,2026-05-28T12:36:42.813,,160.51368809999985,-43.84,321.0,2026-05-28T12:21:13.059,2026-05-28T12:36:43.059,,0.23862750000080268
160.4902719999991,160.4902719999991,-0.005890764,744,2026-05-28T12:21:13.035,2026-05-28T12:36:43.035,,160.51368809999985,-43.84,321.0,2026-05-28T12:21:13.059,2026-05-28T12:36:43.059,,0.023416100000758888
160.70527889999903,160.70527889999903,-0.005890649,745,2026-05-28T12:21:13.246,2026-05-28T12:36:43.246,,160.51368809999985,-43.84,321.0,2026-05-28T12:21:13.059,2026-05-28T12:36:43.059,,-0.19159079999917594
160.92035769999893,160.92035769999893,-0.005890649,746,2026-05-28T12:21:13.463,2026-05-28T12:36:43.463,,161.013278299999,-43.82,322.0,2026-05-28T12:21:13.556,2026-05-28T12:36:43.556,,0.09292060000007041
161.1353978999996,161.1353978999996,-0.005890764,747,2026-05-28T12:21:13.680,2026-05-28T12:36:43.680,,161.013278299999,-43.82,322.0,2026-05-28T12:21:13.556,2026-05-28T12:36:43.556,,-0.12211960000058752
161.3505822999996,161.3505822999996,-0.00589067,748,2026-05-28T12:21:13.896,2026-05-28T12:36:43.896,,161.5134010999991,-43.8,323.0,2026-05-28T12:21:14.056,2026-05-28T12:36:44.056,,0.16281879999951343
161.56562029999986,161.56562029999986,-0.005890796,749,2026-05-28T12:21:14.106,2026-05-28T12:36:44.106,,161.5134010999991,-43.8,323.0,2026-05-28T12:21:14.056,2026-05-28T12:36:44.056,,-0.05221920000076352
161.78075669999998,161.78075669999998,-0.005890796,750,2026-05-28T12:21:14.322,2026-05-28T12:36:44.322,,162.01336640000045,-43.84,324.0,2026-05-28T12:21:14.559,2026-05-28T12:36:44.559,,0.23260970000046655
161.99574659999962,161.99574659999962,-0.005890796,751,2026-05-28T12:21:14.541,2026-05-28T12:36:44.541,,162.01336640000045,-43.84,324.0,2026-05-28T12:21:14.559,2026-05-28T12:36:44.559,,0.017619800000829855
162.21092399999907,162.21092399999907,-0.005890576,752,2026-05-28T12:21:14.756,2026-05-28T12:36:44.756,,162.01336640000045,-43.84,324.0,2026-05-28T12:21:14.559,2026-05-28T12:36:44.559,,-0.19755759999861766
162.42623359999925,162.42623359999925,-0.005890534,753,2026-05-28T12:21:14.963,2026-05-28T12:36:44.963,,162.51359330000014,-43.82,325.0,2026-05-28T12:21:15.056,2026-05-28T12:36:45.056,,0.08735970000088855
162.64140360000056,162.64140360000056,-0.005890523,754,2026-05-28T12:21:15.186,2026-05-28T12:36:45.186,,162.51359330000014,-43.82,325.0,2026-05-28T12:21:15.056,2026-05-28T12:36:45.056,,-0.12781030000041937
162.85677199999918,162.85677199999918,-0.005890722,755,2026-05-28T12:21:15.396,2026-05-28T12:36:45.396,,163.0134866999997,-43.86,326.0,2026-05-28T12:21:15.556,2026-05-28T12:36:45.556,,0.15671470000052068
163.0716312000004,163.0716312000004,-0.005890691,756,2026-05-28T12:21:15.613,2026-05-28T12:36:45.613,,163.0134866999997,-43.86,326.0,2026-05-28T12:21:15.556,2026-05-28T12:36:45.556,,-0.05814450000070792
163.28676199999973,163.28676199999973,-0.005890649,757,2026-05-28T12:21:15.832,2026-05-28T12:36:45.832,,163.51332919999913,-43.78,327.0,2026-05-28T12:21:16.058,2026-05-28T12:36:46.058,,0.22656719999940833
163.50175689999924,163.50175689999924,-0.005890712,758,2026-05-28T12:21:16.046,2026-05-28T12:36:46.046,,163.51332919999913,-43.78,327.0,2026-05-28T12:21:16.058,2026-05-28T12:36:46.058,,0.01157229999989795
163.71690929999932,163.71690929999932,-0.005890838,759,2026-05-28T12:21:16.256,2026-05-28T12:36:46.256,,163.51332919999913,-43.78,327.0,2026-05-28T12:21:16.058,2026-05-28T12:36:46.058,,-0.20358010000018112
163.93208029999914,163.93208029999914,-0.005890817,760,2026-05-28T12:21:16.472,2026-05-28T12:36:46.472,,164.01348870000038,-43.75,328.0,2026-05-28T12:21:16.551,2026-05-28T12:36:46.551,,0.08140840000123717
164.14713519999896,164.14713519999896,-0.005890817,761,2026-05-28T12:21:16.692,2026-05-28T12:36:46.692,,164.01348870000038,-43.75,328.0,2026-05-28T12:21:16.551,2026-05-28T12:36:46.551,,-0.13364649999857647
164.3622149999992,164.3622149999992,-0.005890817,762,2026-05-28T12:21:16.906,2026-05-28T12:36:46.906,,164.51327110000057,-43.79,329.0,2026-05-28T12:21:17.056,2026-05-28T12:36:47.056,,0.1510561000013695
164.5777023999999,164.5777023999999,-0.005890691,763,2026-05-28T12:21:17.122,2026-05-28T12:36:47.122,,164.51327110000057,-43.79,329.0,2026-05-28T12:21:17.056,2026-05-28T12:36:47.056,,-0.06443129999934172
164.79281489999994,164.79281489999994,-0.005890754,764,2026-05-28T12:21:17.338,2026-05-28T12:36:47.338,,165.01401649999934,-43.82,330.0,2026-05-28T12:21:17.556,2026-05-28T12:36:47.556,,0.2212015999994037
165.00784910000039,165.00784910000039,-0.005890712,765,2026-05-28T12:21:17.546,2026-05-28T12:36:47.546,,165.01401649999934,-43.82,330.0,2026-05-28T12:21:17.556,2026-05-28T12:36:47.556,,0.00616739999895799
165.22309219999988,165.22309219999988,-0.005890806,766,2026-05-28T12:21:17.763,2026-05-28T12:36:47.763,,165.01401649999934,-43.82,330.0,2026-05-28T12:21:17.556,2026-05-28T12:36:47.556,,-0.20907570000053965
165.43817519999902,165.43817519999902,-0.005890565,767,2026-05-28T12:21:17.980,2026-05-28T12:36:47.980,,165.51333369999884,-43.81,331.0,2026-05-28T12:21:18.051,2026-05-28T12:36:48.051,,0.07515849999981583
165.65344670000013,165.65344670000013,-0.005890701,768,2026-05-28T12:21:18.199,2026-05-28T12:36:48.199,,165.51333369999884,-43.81,331.0,2026-05-28T12:21:18.051,2026-05-28T12:36:48.051,,-0.14011300000129268
165.8687702999996,165.8687702999996,-0.005890649,769,2026-05-28T12:21:18.413,2026-05-28T12:36:48.413,,166.01350449999882,-43.83,332.0,2026-05-28T12:21:18.559,2026-05-28T12:36:48.559,,0.14473419999922044
166.08389100000022,166.08389100000022,-0.00589068,770,2026-05-28T12:21:18.629,2026-05-28T12:36:48.629,,166.01350449999882,-43.83,332.0,2026-05-28T12:21:18.559,2026-05-28T12:36:48.559,,-0.07038650000140478
166.29922289999922,166.29922289999922,-0.00589066,771,2026-05-28T12:21:18.844,2026-05-28T12:36:48.844,,166.51391589999912,-43.8,333.0,2026-05-28T12:21:19.056,2026-05-28T12:36:49.056,,0.21469299999989744
166.51426749999882,166.51426749999882,-0.005890586,772,2026-05-28T12:21:19.056,2026-05-28T12:36:49.056,,166.51391589999912,-43.8,333.0,2026-05-28T12:21:19.056,2026-05-28T12:36:49.056,,-0.0003515999997034669
166.7292567000004,166.7292567000004,-0.005890345,773,2026-05-28T12:21:19.273,2026-05-28T12:36:49.273,,166.51391589999912,-43.8,333.0,2026-05-28T12:21:19.056,2026-05-28T12:36:49.056,,-0.21534080000128597
166.9446640999995,166.9446640999995,-0.005890419,774,2026-05-28T12:21:19.490,2026-05-28T12:36:49.490,,167.01344710000012,-43.75,334.0,2026-05-28T12:21:19.556,2026-05-28T12:36:49.556,,0.06878300000062154
167.15983269999924,167.15983269999924,-0.005890314,775,2026-05-28T12:21:19.696,2026-05-28T12:36:49.696,,167.01344710000012,-43.75,334.0,2026-05-28T12:21:19.556,2026-05-28T12:36:49.556,,-0.14638559999912104
167.37478759999976,167.37478759999976,-0.005890356,776,2026-05-28T12:21:19.913,2026-05-28T12:36:49.913,,167.51349370000025,-43.81,335.0,2026-05-28T12:21:20.057,2026-05-28T12:36:50.057,,0.13870610000049055
167.58996370000023,167.58996370000023,-0.005890555,777,2026-05-28T12:21:20.134,2026-05-28T12:36:50.134,,167.51349370000025,-43.81,335.0,2026-05-28T12:21:20.057,2026-05-28T12:36:50.057,,-0.07646999999997206
167.80500159999974,167.80500159999974,-0.005890429,778,2026-05-28T12:21:20.350,2026-05-28T12:36:50.350,,168.01347220000025,-43.81,336.0,2026-05-28T12:21:20.556,2026-05-28T12:36:50.556,,0.20847060000050988
168.02019219999966,168.02019219999966,-0.005890366,779,2026-05-28T12:21:20.565,2026-05-28T12:36:50.565,,168.01347220000025,-43.81,336.0,2026-05-28T12:21:20.556,2026-05-28T12:36:50.556,,-0.006719999999404536
168.23513079999975,168.23513079999975,-0.005890335,780,2026-05-28T12:21:20.779,2026-05-28T12:36:50.779,,168.01347220000025,-43.81,336.0,2026-05-28T12:21:20.556,2026-05-28T12:36:50.556,,-0.22165859999950044
168.4503636999998,168.4503636999998,-0.005890324,781,2026-05-28T12:21:20.989,2026-05-28T12:36:50.989,,168.51337169999897,-43.78,337.0,2026-05-28T12:21:21.056,2026-05-28T12:36:51.056,,0.06300799999917217
168.66538880000007,168.66538880000007,-0.005890345,782,2026-05-28T12:21:21.206,2026-05-28T12:36:51.206,,168.51337169999897,-43.78,337.0,2026-05-28T12:21:21.056,2026-05-28T12:36:51.056,,-0.15201710000110324
168.8805553000002,168.8805553000002,-0.005890597,783,2026-05-28T12:21:21.422,2026-05-28T12:36:51.422,,169.01349699999992,-43.82,338.0,2026-05-28T12:21:21.556,2026-05-28T12:36:51.556,,0.13294169999971928
169.09578429999965,169.09578429999965,-0.005890628,784,2026-05-28T12:21:21.634,2026-05-28T12:36:51.634,,169.01349699999992,-43.82,338.0,2026-05-28T12:21:21.556,2026-05-28T12:36:51.556,,-0.08228729999973439
169.31081350000022,169.31081350000022,-0.005890408,785,2026-05-28T12:21:21.855,2026-05-28T12:36:51.855,,169.51329179999993,-43.78,339.0,2026-05-28T12:21:22.056,2026-05-28T12:36:52.056,,0.20247829999971145
169.5259576999997,169.5259576999997,-0.005890429,786,2026-05-28T12:21:22.071,2026-05-28T12:36:52.071,,169.51329179999993,-43.78,339.0,2026-05-28T12:21:22.056,2026-05-28T12:36:52.056,,-0.01266589999977441
169.74113000000034,169.74113000000034,-0.005890523,787,2026-05-28T12:21:22.286,2026-05-28T12:36:52.286,,169.51329179999993,-43.78,339.0,2026-05-28T12:21:22.056,2026-05-28T12:36:52.056,,-0.22783820000040578
169.95633219999945,169.95633219999945,-0.005890345,788,2026-05-28T12:21:22.496,2026-05-28T12:36:52.496,,170.01339170000028,-43.81,340.0,2026-05-28T12:21:22.556,2026-05-28T12:36:52.556,,0.057059500000832486
170.17136369999935,170.17136369999935,-0.005890377,789,2026-05-28T12:21:22.713,2026-05-28T12:36:52.713,,170.01339170000028,-43.81,340.0,2026-05-28T12:21:22.556,2026-05-28T12:36:52.556,,-0.15797199999906297
170.38644159999967,170.38644159999967,-0.005890523,790,2026-05-28T12:21:22.932,2026-05-28T12:36:52.932,,170.5134829999988,-43.78,341.0,2026-05-28T12:21:23.056,2026-05-28T12:36:53.056,,0.12704139999914332
170.6016340999995,170.6016340999995,-0.005890241,791,2026-05-28T12:21:23.146,2026-05-28T12:36:53.146,,170.5134829999988,-43.78,341.0,2026-05-28T12:21:23.056,2026-05-28T12:36:53.056,,-0.08815110000068671
170.81697949999943,170.81697949999943,-0.00589023,792,2026-05-28T12:21:23.356,2026-05-28T12:36:53.356,,171.0134840999999,-43.8,342.0,2026-05-28T12:21:23.550,2026-05-28T12:36:53.550,,0.19650460000048042
171.0319744999997,171.0319744999997,-0.00589023,793,2026-05-28T12:21:23.572,2026-05-28T12:36:53.572,,171.0134840999999,-43.8,342.0,2026-05-28T12:21:23.550,2026-05-28T12:36:53.550,,-0.018490399999791407
171.24722379999912,171.24722379999912,-0.005890398,794,2026-05-28T12:21:23.789,2026-05-28T12:36:53.789,,171.0134840999999,-43.8,342.0,2026-05-28T12:21:23.550,2026-05-28T12:36:53.550,,-0.23373969999920519
171.46211310000035,171.46211310000035,-0.005890482,795,2026-05-28T12:21:24.006,2026-05-28T12:36:54.006,,171.51345319999928,-43.82,343.0,2026-05-28T12:21:24.056,2026-05-28T12:36:54.056,,0.051340099998924416
171.6773272999999,171.6773272999999,-0.005890618,796,2026-05-28T12:21:24.222,2026-05-28T12:36:54.222,,171.51345319999928,-43.82,343.0,2026-05-28T12:21:24.056,2026-05-28T12:36:54.056,,-0.1638741000006121
171.892928199999,171.892928199999,-0.005890628,797,2026-05-28T12:21:24.438,2026-05-28T12:36:54.438,,172.01350809999894,-43.78,344.0,2026-05-28T12:21:24.556,2026-05-28T12:36:54.556,,0.12057989999993879
172.10798629999954,172.10798629999954,-0.005890649,798,2026-05-28T12:21:24.646,2026-05-28T12:36:54.646,,172.01350809999894,-43.78,344.0,2026-05-28T12:21:24.556,2026-05-28T12:36:54.556,,-0.09447820000059437
172.32318990000022,172.32318990000022,-0.005890607,799,2026-05-28T12:21:24.867,2026-05-28T12:36:54.867,,172.51330579999922,-43.82,345.0,2026-05-28T12:21:25.050,2026-05-28T12:36:55.050,,0.19011589999900025
172.53822589999982,172.53822589999982,-0.00589066,800,2026-05-28T12:21:25.083,2026-05-28T12:36:55.083,,172.51330579999922,-43.82,345.0,2026-05-28T12:21:25.050,2026-05-28T12:36:55.050,,-0.024920100000599632
172.75343109999994,172.75343109999994,-0.005890639,801,2026-05-28T12:21:25.296,2026-05-28T12:36:55.296,,172.51330579999922,-43.82,345.0,2026-05-28T12:21:25.050,2026-05-28T12:36:55.050,,-0.2401253000007273
172.96842979999929,172.96842979999929,-0.005890743,802,2026-05-28T12:21:25.513,2026-05-28T12:36:55.513,,173.01355589999912,-43.81,346.0,2026-05-28T12:21:25.556,2026-05-28T12:36:55.556,,0.04512609999983397
173.1836291999989,173.1836291999989,-0.005890628,803,2026-05-28T12:21:25.722,2026-05-28T12:36:55.722,,173.01355589999912,-43.81,346.0,2026-05-28T12:21:25.556,2026-05-28T12:36:55.556,,-0.17007329999978538
173.39866839999922,173.39866839999922,-0.005890618,804,2026-05-28T12:21:25.943,2026-05-28T12:36:55.943,,173.51341610000054,-43.79,347.0,2026-05-28T12:21:26.056,2026-05-28T12:36:56.056,,0.11474770000131684
173.61379259999921,173.61379259999921,-0.005890712,805,2026-05-28T12:21:26.156,2026-05-28T12:36:56.156,,173.51341610000054,-43.79,347.0,2026-05-28T12:21:26.056,2026-05-28T12:36:56.056,,-0.10037649999867426
173.82885580000038,173.82885580000038,-0.005890607,806,2026-05-28T12:21:26.373,2026-05-28T12:36:56.373,,174.01358079999954,-43.81,348.0,2026-05-28T12:21:26.556,2026-05-28T12:36:56.556,,0.1847249999991618
174.04404189999877,174.04404189999877,-0.005890555,807,2026-05-28T12:21:26.589,2026-05-28T12:36:56.589,,174.01358079999954,-43.81,348.0,2026-05-28T12:21:26.556,2026-05-28T12:36:56.556,,-0.03046109999922919
174.2593171999997,174.2593171999997,-0.005890576,808,2026-05-28T12:21:26.796,2026-05-28T12:36:56.796,,174.01358079999954,-43.81,348.0,2026-05-28T12:21:26.556,2026-05-28T12:36:56.556,,-0.24573640000016894
174.47438539999894,174.47438539999894,-0.005890314,809,2026-05-28T12:21:27.013,2026-05-28T12:36:57.013,,174.51332600000023,-43.79,349.0,2026-05-28T12:21:27.056,2026-05-28T12:36:57.056,,0.03894060000129684
174.68974440000056,174.68974440000056,-0.005890387,810,2026-05-28T12:21:27.234,2026-05-28T12:36:57.234,,174.51332600000023,-43.79,349.0,2026-05-28T12:21:27.056,2026-05-28T12:36:57.056,,-0.1764184000003297
174.90476449999915,174.90476449999915,-0.005890105,811,2026-05-28T12:21:27.446,2026-05-28T12:36:57.446,,175.01339650000045,-43.74,350.0,2026-05-28T12:21:27.556,2026-05-28T12:36:57.556,,0.10863200000130746
175.12000459999945,175.12000459999945,-0.005890482,812,2026-05-28T12:21:27.663,2026-05-28T12:36:57.663,,175.01339650000045,-43.74,350.0,2026-05-28T12:21:27.556,2026-05-28T12:36:57.556,,-0.10660809999899357
175.33487609999975,175.33487609999975,-0.005890304,813,2026-05-28T12:21:27.880,2026-05-28T12:36:57.880,,175.5134665000005,-43.78,351.0,2026-05-28T12:21:28.056,2026-05-28T12:36:58.056,,0.17859040000075765
175.55003149999902,175.55003149999902,-0.005890188,814,2026-05-28T12:21:28.089,2026-05-28T12:36:58.089,,175.5134665000005,-43.78,351.0,2026-05-28T12:21:28.056,2026-05-28T12:36:58.056,,-0.03656499999851803
175.76510659999985,175.76510659999985,-0.005890304,815,2026-05-28T12:21:28.306,2026-05-28T12:36:58.306,,176.01331559999926,-43.76,352.0,2026-05-28T12:21:28.556,2026-05-28T12:36:58.556,,0.24820899999940593
175.98011889999907,175.98011889999907,-0.005890324,816,2026-05-28T12:21:28.525,2026-05-28T12:36:58.525,,176.01331559999926,-43.76,352.0,2026-05-28T12:21:28.556,2026-05-28T12:36:58.556,,0.033196700000189594
176.1952438999997,176.1952438999997,-0.005890345,817,2026-05-28T12:21:28.740,2026-05-28T12:36:58.740,,176.01331559999926,-43.76,352.0,2026-05-28T12:21:28.556,2026-05-28T12:36:58.556,,-0.18192830000043614
176.4102303999989,176.4102303999989,-0.005890262,818,2026-05-28T12:21:28.946,2026-05-28T12:36:58.946,,176.51351849999992,-43.74,353.0,2026-05-28T12:21:29.050,2026-05-28T12:36:59.050,,0.1032881000010093
176.6254289999997,176.6254289999997,-0.00589023,819,2026-05-28T12:21:29.163,2026-05-28T12:36:59.163,,176.51351849999992,-43.74,353.0,2026-05-28T12:21:29.050,2026-05-28T12:36:59.050,,-0.11191049999979441
176.8405246000002,176.8405246000002,-0.005890335,820,2026-05-28T12:21:29.384,2026-05-28T12:36:59.384,,177.01336509999965,-43.77,354.0,2026-05-28T12:21:29.556,2026-05-28T12:36:59.556,,0.17284049999943818
177.05572009999923,177.05572009999923,-0.00589022,821,2026-05-28T12:21:29.596,2026-05-28T12:36:59.596,,177.01336509999965,-43.77,354.0,2026-05-28T12:21:29.556,2026-05-28T12:36:59.556,,-0.04235499999958847
177.27066379999997,177.27066379999997,-0.00589023,822,2026-05-28T12:21:29.813,2026-05-28T12:36:59.813,,177.51352399999996,-43.74,355.0,2026-05-28T12:21:30.059,2026-05-28T12:37:00.059,,0.24286019999999553
177.4859689999994,177.4859689999994,-0.005890283,823,2026-05-28T12:21:30.031,2026-05-28T12:37:00.031,,177.51352399999996,-43.74,355.0,2026-05-28T12:21:30.059,2026-05-28T12:37:00.059,,0.02755500000057509
177.7009027999993,177.7009027999993,-0.005890272,824,2026-05-28T12:21:30.244,2026-05-28T12:37:00.244,,177.51352399999996,-43.74,355.0,2026-05-28T12:21:30.059,2026-05-28T12:37:00.059,,-0.18737879999935103
177.9161194999997,177.9161194999997,-0.005890314,825,2026-05-28T12:21:30.460,2026-05-28T12:37:00.460,,178.01350939999975,-43.74,356.0,2026-05-28T12:21:30.556,2026-05-28T12:37:00.556,,0.09738990000005288
178.1310985,178.1310985,-0.005890105,826,2026-05-28T12:21:30.667,2026-05-28T12:37:00.667,,178.01350939999975,-43.74,356.0,2026-05-28T12:21:30.556,2026-05-28T12:37:00.556,,-0.11758910000025935
178.34634449999976,178.34634449999976,-0.005890136,827,2026-05-28T12:21:30.884,2026-05-28T12:37:00.884,,178.5134763999995,-43.81,357.0,2026-05-28T12:21:31.056,2026-05-28T12:37:01.056,,0.1671318999997311
178.5612626000002,178.5612626000002,-0.005890304,828,2026-05-28T12:21:31.105,2026-05-28T12:37:01.105,,178.5134763999995,-43.81,357.0,2026-05-28T12:21:31.056,2026-05-28T12:37:01.056,,-0.047786200000700774
178.7764256999999,178.7764256999999,-0.005890167,829,2026-05-28T12:21:31.322,2026-05-28T12:37:01.322,,179.01345749999928,-43.81,358.0,2026-05-28T12:21:31.558,2026-05-28T12:37:01.558,,0.23703179999938584
178.99154029999954,178.99154029999954,-0.005890199,830,2026-05-28T12:21:31.536,2026-05-28T12:37:01.536,,179.01345749999928,-43.81,358.0,2026-05-28T12:21:31.558,2026-05-28T12:37:01.558,,0.021917199999734294
179.2067277999995,179.2067277999995,-0.005890105,831,2026-05-28T12:21:31.750,2026-05-28T12:37:01.750,,179.01345749999928,-43.81,358.0,2026-05-28T12:21:31.558,2026-05-28T12:37:01.558,,-0.19327030000022205
179.42193179999958,179.42193179999958,-0.00589022,832,2026-05-28T12:21:31.967,2026-05-28T12:37:01.967,,179.51345070000025,-43.79,359.0,2026-05-28T12:21:32.057,2026-05-28T12:37:02.057,,0.09151890000066487
179.6370852,179.6370852,-0.005890073,833,2026-05-28T12:21:32.180,2026-05-28T12:37:02.180,,179.51345070000025,-43.79,359.0,2026-05-28T12:21:32.057,2026-05-28T12:37:02.057,,-0.12363449999975273
179.85216860000037,179.85216860000037,-0.005890272,834,2026-05-28T12:21:32.397,2026-05-28T12:37:02.397,,179.51345070000025,-43.79,359.0,2026-05-28T12:21:32.057,2026-05-28T12:37:02.057,,-0.3387179000001197
180.06712599999992,180.06712599999992,-0.005889979,835,2026-05-28T12:21:32.612,2026-05-28T12:37:02.612,,179.51345070000025,-43.79,359.0,2026-05-28T12:21:32.057,2026-05-28T12:37:02.057,,-0.5536752999996679
