sensor,indice_balanza,masa_g,error,tiempo_s,fecha_hora_corregida,fecha_hora_pc_sin_corregir,correccion_reloj_s,indice_multimetro,voltaje_V
multimetro,,,,0.41535189999922295,2026-05-28T11:05:32.718,2026-05-28T11:21:02.718,-930,0.0,0.00103146
multimetro,,,,0.6319643999995606,2026-05-28T11:05:32.935,2026-05-28T11:21:02.935,-930,1.0,0.001030863
multimetro,,,,0.8469581999997899,2026-05-28T11:05:33.141,2026-05-28T11:21:03.141,-930,2.0,0.001031041
multimetro,,,,1.0621250999993208,2026-05-28T11:05:33.358,2026-05-28T11:21:03.358,-930,3.0,0.001030968
multimetro,,,,1.2811351000000286,2026-05-28T11:05:33.575,2026-05-28T11:21:03.575,-930,4.0,0.001029942
balanza,0.0,,Error desde Arduino: HX711 not found.,1.3771849000004295,2026-05-28T11:05:33.678,2026-05-28T11:21:03.678,-930,,
multimetro,,,,1.4963435999998183,2026-05-28T11:05:33.793,2026-05-28T11:21:03.793,-930,5.0,0.001031324
multimetro,,,,1.7112864999999147,2026-05-28T11:05:34.014,2026-05-28T11:21:04.014,-930,6.0,0.001021168
multimetro,,,,1.9262589999998454,2026-05-28T11:05:34.224,2026-05-28T11:21:04.224,-930,7.0,0.001002281
multimetro,,,,2.1412175000004936,2026-05-28T11:05:34.444,2026-05-28T11:21:04.444,-930,8.0,0.000966935
multimetro,,,,2.3563102999996772,2026-05-28T11:05:34.660,2026-05-28T11:21:04.660,-930,9.0,0.000893982
balanza,1.0,15.47,,2.3696459000002505,2026-05-28T11:05:34.672,2026-05-28T11:21:04.672,-930,,
balanza,2.0,,Error desde Arduino: HX711 not found.,2.392914300000484,2026-05-28T11:05:34.696,2026-05-28T11:21:04.696,-930,,
multimetro,,,,2.5712294000004476,2026-05-28T11:05:34.874,2026-05-28T11:21:04.874,-930,10.0,0.000747855
multimetro,,,,2.786216599999534,2026-05-28T11:05:35.087,2026-05-28T11:21:05.087,-930,11.0,0.000560855
multimetro,,,,3.001249099999768,2026-05-28T11:05:35.304,2026-05-28T11:21:05.304,-930,12.0,0.000408802
multimetro,,,,3.216501299999436,2026-05-28T11:05:35.510,2026-05-28T11:21:05.510,-930,13.0,0.000305853
balanza,3.0,14.24,,3.3854200999994646,2026-05-28T11:05:35.687,2026-05-28T11:21:05.687,-930,,
balanza,4.0,,Error desde Arduino: HX711 not found.,3.4084896000003937,2026-05-28T11:05:35.710,2026-05-28T11:21:05.710,-930,,
multimetro,,,,3.4314111000003322,2026-05-28T11:05:35.734,2026-05-28T11:21:05.734,-930,14.0,0.000193848
multimetro,,,,3.646421999999802,2026-05-28T11:05:35.945,2026-05-28T11:21:05.945,-930,15.0,4.9072e-05
multimetro,,,,3.8613050999992993,2026-05-28T11:05:36.157,2026-05-28T11:21:06.157,-930,16.0,-0.000102646
multimetro,,,,4.076448899999377,2026-05-28T11:05:36.378,2026-05-28T11:21:06.378,-930,17.0,-0.000257232
multimetro,,,,4.291448300000411,2026-05-28T11:05:36.592,2026-05-28T11:21:06.592,-930,18.0,-0.00042436
balanza,5.0,12.38,,4.401175799999692,2026-05-28T11:05:36.700,2026-05-28T11:21:06.700,-930,,
balanza,6.0,,Error desde Arduino: HX711 not found.,4.424278000000413,2026-05-28T11:05:36.727,2026-05-28T11:21:06.727,-930,,
multimetro,,,,4.506350999999995,2026-05-28T11:05:36.800,2026-05-28T11:21:06.800,-930,19.0,-0.000576633
multimetro,,,,4.721395299999131,2026-05-28T11:05:37.024,2026-05-28T11:21:07.024,-930,20.0,-0.000701181
multimetro,,,,4.936552899998787,2026-05-28T11:05:37.238,2026-05-28T11:21:07.238,-930,21.0,-0.00079433
multimetro,,,,5.151447099999132,2026-05-28T11:05:37.455,2026-05-28T11:21:07.455,-930,22.0,-0.00087144
multimetro,,,,5.366297599999598,2026-05-28T11:05:37.665,2026-05-28T11:21:07.665,-930,23.0,-0.000945242
balanza,7.0,10.77,,5.416801899998973,2026-05-28T11:05:37.720,2026-05-28T11:21:07.720,-930,,
balanza,8.0,,Error desde Arduino: HX711 not found.,5.439817000000403,2026-05-28T11:05:37.743,2026-05-28T11:21:07.743,-930,,
multimetro,,,,5.581433499999548,2026-05-28T11:05:37.885,2026-05-28T11:21:07.885,-930,24.0,-0.001008722
multimetro,,,,5.7967625000001135,2026-05-28T11:05:38.099,2026-05-28T11:21:08.099,-930,25.0,-0.001064557
multimetro,,,,6.011995900000329,2026-05-28T11:05:38.309,2026-05-28T11:21:08.309,-930,26.0,-0.001120392
multimetro,,,,6.227093800000148,2026-05-28T11:05:38.528,2026-05-28T11:21:08.528,-930,27.0,-0.001155309
balanza,9.0,11.35,,6.432529800000339,2026-05-28T11:05:38.736,2026-05-28T11:21:08.736,-930,,
multimetro,,,,6.442278000000442,2026-05-28T11:05:38.746,2026-05-28T11:21:08.746,-930,28.0,-0.001193995
balanza,10.0,,Error desde Arduino: HX711 not found.,6.457096799998908,2026-05-28T11:05:38.760,2026-05-28T11:21:08.760,-930,,
multimetro,,,,6.657410199999504,2026-05-28T11:05:38.952,2026-05-28T11:21:08.952,-930,29.0,-0.001246186
multimetro,,,,6.872607400000561,2026-05-28T11:05:39.172,2026-05-28T11:21:09.172,-930,30.0,-0.001287594
multimetro,,,,7.087791199999629,2026-05-28T11:05:39.389,2026-05-28T11:21:09.389,-930,31.0,-0.001324982
multimetro,,,,7.303092399999514,2026-05-28T11:05:39.605,2026-05-28T11:21:09.605,-930,32.0,-0.001347356
balanza,11.0,9.38,,7.448558699999921,2026-05-28T11:05:39.745,2026-05-28T11:21:09.745,-930,,
balanza,12.0,,Error desde Arduino: HX711 not found.,7.4717385999992985,2026-05-28T11:05:39.770,2026-05-28T11:21:09.770,-930,,
multimetro,,,,7.518271699998877,2026-05-28T11:05:39.820,2026-05-28T11:21:09.820,-930,33.0,-0.00137576
multimetro,,,,7.733266999999614,2026-05-28T11:05:40.029,2026-05-28T11:21:10.029,-930,34.0,-0.001386952
multimetro,,,,7.948241300000518,2026-05-28T11:05:40.246,2026-05-28T11:21:10.246,-930,35.0,-0.001395642
multimetro,,,,8.16331159999936,2026-05-28T11:05:40.462,2026-05-28T11:21:10.462,-930,36.0,-0.001404008
multimetro,,,,8.378566399998817,2026-05-28T11:05:40.678,2026-05-28T11:21:10.678,-930,37.0,-0.001408593
balanza,13.0,7.03,,8.463108399999328,2026-05-28T11:05:40.764,2026-05-28T11:21:10.764,-930,,
balanza,14.0,7.62,,8.474111499999708,2026-05-28T11:05:40.777,2026-05-28T11:21:10.777,-930,,
balanza,15.0,,Error desde Arduino: HX711 not found.,8.497452699999485,2026-05-28T11:05:40.801,2026-05-28T11:21:10.801,-930,,
multimetro,,,,8.593636600000536,2026-05-28T11:05:40.893,2026-05-28T11:21:10.893,-930,38.0,-0.001414226
multimetro,,,,8.80898100000013,2026-05-28T11:05:41.105,2026-05-28T11:21:11.105,-930,39.0,-0.001429041
multimetro,,,,9.02392669999972,2026-05-28T11:05:41.326,2026-05-28T11:21:11.326,-930,40.0,-0.001441332
multimetro,,,,9.239186900000277,2026-05-28T11:05:41.535,2026-05-28T11:21:11.535,-930,41.0,-0.001452336
multimetro,,,,9.454455499999312,2026-05-28T11:05:41.758,2026-05-28T11:21:11.758,-930,42.0,-0.001456367
balanza,16.0,7.8,,9.488731600000392,2026-05-28T11:05:41.791,2026-05-28T11:21:11.791,-930,,
balanza,17.0,,Error desde Arduino: HX711 not found.,9.5119397999988,2026-05-28T11:05:41.812,2026-05-28T11:21:11.812,-930,,
multimetro,,,,9.669778999999835,2026-05-28T11:05:41.970,2026-05-28T11:21:11.970,-930,43.0,-0.001470501
multimetro,,,,9.884721599999466,2026-05-28T11:05:42.182,2026-05-28T11:21:12.182,-930,44.0,-0.001487965
multimetro,,,,10.09986299999946,2026-05-28T11:05:42.401,2026-05-28T11:21:12.401,-930,45.0,-0.001510098
multimetro,,,,10.314928599998893,2026-05-28T11:05:42.611,2026-05-28T11:21:12.611,-930,46.0,-0.00153445
balanza,18.0,6.93,,10.503188499998942,2026-05-28T11:05:42.807,2026-05-28T11:21:12.807,-930,,
balanza,19.0,,Error desde Arduino: HX711 not found.,10.526436799998919,2026-05-28T11:05:42.828,2026-05-28T11:21:12.828,-930,,
multimetro,,,,10.52989080000043,2026-05-28T11:05:42.828,2026-05-28T11:21:12.828,-930,47.0,-0.001552071
multimetro,,,,10.744940000000497,2026-05-28T11:05:43.048,2026-05-28T11:21:13.048,-930,48.0,-0.001571555
multimetro,,,,10.96009210000011,2026-05-28T11:05:43.262,2026-05-28T11:21:13.262,-930,49.0,-0.001584098
multimetro,,,,11.175243300000147,2026-05-28T11:05:43.479,2026-05-28T11:21:13.479,-930,50.0,-0.001601499
multimetro,,,,11.39019559999906,2026-05-28T11:05:43.693,2026-05-28T11:21:13.693,-930,51.0,-0.001614586
balanza,20.0,5.28,,11.517706399999952,2026-05-28T11:05:43.815,2026-05-28T11:21:13.815,-930,,
balanza,21.0,,Error desde Arduino: HX711 not found.,11.540821999999025,2026-05-28T11:05:43.844,2026-05-28T11:21:13.844,-930,,
multimetro,,,,11.605376800000158,2026-05-28T11:05:43.908,2026-05-28T11:21:13.908,-930,52.0,-0.001627233
multimetro,,,,11.820526800000152,2026-05-28T11:05:44.124,2026-05-28T11:21:14.124,-930,53.0,-0.001635997
multimetro,,,,12.035626900000352,2026-05-28T11:05:44.338,2026-05-28T11:21:14.338,-930,54.0,-0.001648079
multimetro,,,,12.250940300000366,2026-05-28T11:05:44.545,2026-05-28T11:21:14.545,-930,55.0,-0.001661124
multimetro,,,,12.466013100000055,2026-05-28T11:05:44.770,2026-05-28T11:21:14.770,-930,56.0,-0.001671332
balanza,22.0,4.78,,12.53225029999885,2026-05-28T11:05:44.835,2026-05-28T11:21:14.835,-930,,
balanza,23.0,4.5,,12.543388899999627,2026-05-28T11:05:44.841,2026-05-28T11:21:14.841,-930,,
balanza,24.0,,Error desde Arduino: HX711 not found.,12.56656649999968,2026-05-28T11:05:44.870,2026-05-28T11:21:14.870,-930,,
multimetro,,,,12.681021899999905,2026-05-28T11:05:44.979,2026-05-28T11:21:14.979,-930,57.0,-0.001686901
multimetro,,,,12.896215099999608,2026-05-28T11:05:45.191,2026-05-28T11:21:15.191,-930,58.0,-0.001697904
multimetro,,,,13.111440000000584,2026-05-28T11:05:45.408,2026-05-28T11:21:15.408,-930,59.0,-0.001710688
multimetro,,,,13.326579099999435,2026-05-28T11:05:45.628,2026-05-28T11:21:15.628,-930,60.0,-0.001736475
multimetro,,,,13.54179970000041,2026-05-28T11:05:45.845,2026-05-28T11:21:15.845,-930,61.0,-0.001756367
balanza,25.0,4.69,,13.557808699999441,2026-05-28T11:05:45.859,2026-05-28T11:21:15.859,-930,,
balanza,26.0,,Error desde Arduino: HX711 not found.,13.581029999999373,2026-05-28T11:05:45.884,2026-05-28T11:21:15.884,-930,,
multimetro,,,,13.756808199999796,2026-05-28T11:05:46.060,2026-05-28T11:21:16.060,-930,62.0,-0.001770334
multimetro,,,,13.971842400000241,2026-05-28T11:05:46.275,2026-05-28T11:21:16.275,-930,63.0,-0.001780291
multimetro,,,,14.186775099999068,2026-05-28T11:05:46.488,2026-05-28T11:21:16.488,-930,64.0,-0.001791284
multimetro,,,,14.402167799999006,2026-05-28T11:05:46.705,2026-05-28T11:21:16.705,-930,65.0,-0.001802162
balanza,27.0,3.33,,14.57236279999961,2026-05-28T11:05:46.874,2026-05-28T11:21:16.874,-930,,
balanza,28.0,,Error desde Arduino: HX711 not found.,14.595644099999845,2026-05-28T11:05:46.891,2026-05-28T11:21:16.891,-930,,
multimetro,,,,14.617142799999783,2026-05-28T11:05:46.912,2026-05-28T11:21:16.912,-930,66.0,-0.001818055
multimetro,,,,14.832200599999851,2026-05-28T11:05:47.135,2026-05-28T11:21:17.135,-930,67.0,-0.001837246
multimetro,,,,15.047517699998934,2026-05-28T11:05:47.350,2026-05-28T11:21:17.350,-930,68.0,-0.001853045
multimetro,,,,15.2625881999993,2026-05-28T11:05:47.565,2026-05-28T11:21:17.565,-930,69.0,-0.001867284
multimetro,,,,15.477799099999174,2026-05-28T11:05:47.776,2026-05-28T11:21:17.776,-930,70.0,-0.001877701
balanza,29.0,2.71,,15.586911500000497,2026-05-28T11:05:47.888,2026-05-28T11:21:17.888,-930,,
balanza,30.0,,Error desde Arduino: HX711 not found.,15.609995200000412,2026-05-28T11:05:47.910,2026-05-28T11:21:17.910,-930,,
multimetro,,,,15.692897799999628,2026-05-28T11:05:47.991,2026-05-28T11:21:17.991,-930,71.0,-0.001896809
multimetro,,,,15.908022899999196,2026-05-28T11:05:48.212,2026-05-28T11:21:18.212,-930,72.0,-0.001926553
multimetro,,,,16.123062200000277,2026-05-28T11:05:48.424,2026-05-28T11:21:18.424,-930,73.0,-0.001955806
multimetro,,,,16.33819559999938,2026-05-28T11:05:48.641,2026-05-28T11:21:18.641,-930,74.0,-0.001975824
multimetro,,,,16.55330259999937,2026-05-28T11:05:48.855,2026-05-28T11:21:18.855,-930,75.0,-0.001983792
balanza,31.0,2.72,,16.60145299999931,2026-05-28T11:05:48.901,2026-05-28T11:21:18.901,-930,,
balanza,32.0,,Error desde Arduino: HX711 not found.,16.624636099999407,2026-05-28T11:05:48.924,2026-05-28T11:21:18.924,-930,,
multimetro,,,,16.768433299999742,2026-05-28T11:05:49.072,2026-05-28T11:21:19.072,-930,76.0,-0.001991602
multimetro,,,,16.98350550000032,2026-05-28T11:05:49.280,2026-05-28T11:21:19.280,-930,77.0,-0.002007317
multimetro,,,,17.198807900000247,2026-05-28T11:05:49.499,2026-05-28T11:21:19.499,-930,78.0,-0.002023713
multimetro,,,,17.413741599999412,2026-05-28T11:05:49.712,2026-05-28T11:21:19.712,-930,79.0,-0.002037346
balanza,33.0,1.62,,17.61586569999963,2026-05-28T11:05:49.918,2026-05-28T11:21:19.918,-930,,
multimetro,,,,17.6288943999989,2026-05-28T11:05:49.925,2026-05-28T11:21:19.925,-930,80.0,-0.002051575
balanza,34.0,,Error desde Arduino: HX711 not found.,17.639050899999347,2026-05-28T11:05:49.942,2026-05-28T11:21:19.942,-930,,
multimetro,,,,17.844125199999326,2026-05-28T11:05:50.147,2026-05-28T11:21:20.147,-930,81.0,-0.002070661
multimetro,,,,18.05923359999906,2026-05-28T11:05:50.363,2026-05-28T11:21:20.363,-930,82.0,-0.002082953
multimetro,,,,18.27441700000054,2026-05-28T11:05:50.575,2026-05-28T11:21:20.575,-930,83.0,-0.002094804
multimetro,,,,18.489520699999048,2026-05-28T11:05:50.791,2026-05-28T11:21:20.791,-930,84.0,-0.00211076
balanza,35.0,-0.19,,18.631461099999797,2026-05-28T11:05:50.934,2026-05-28T11:21:20.934,-930,,
balanza,36.0,,Error desde Arduino: HX711 not found.,18.654595699999845,2026-05-28T11:05:50.957,2026-05-28T11:21:20.957,-930,,
multimetro,,,,18.704654199998913,2026-05-28T11:05:51.008,2026-05-28T11:21:21.008,-930,85.0,-0.002123596
multimetro,,,,18.919667399999526,2026-05-28T11:05:51.218,2026-05-28T11:21:21.218,-930,86.0,-0.002127439
multimetro,,,,19.134748799999215,2026-05-28T11:05:51.438,2026-05-28T11:21:21.438,-930,87.0,-0.002130276
multimetro,,,,19.34986469999967,2026-05-28T11:05:51.651,2026-05-28T11:21:21.651,-930,88.0,-0.002135542
multimetro,,,,19.56493810000029,2026-05-28T11:05:51.868,2026-05-28T11:21:21.868,-930,89.0,-0.002142065
balanza,37.0,1.07,,19.645885300000373,2026-05-28T11:05:51.941,2026-05-28T11:21:21.941,-930,,
balanza,38.0,,Error desde Arduino: HX711 not found.,19.669056900000214,2026-05-28T11:05:51.968,2026-05-28T11:21:21.968,-930,,
multimetro,,,,19.780091799999354,2026-05-28T11:05:52.074,2026-05-28T11:21:22.074,-930,90.0,-0.002153257
multimetro,,,,19.995361299999786,2026-05-28T11:05:52.294,2026-05-28T11:21:22.294,-930,91.0,-0.002174364
multimetro,,,,20.21059520000017,2026-05-28T11:05:52.508,2026-05-28T11:21:22.508,-930,92.0,-0.002204664
multimetro,,,,20.4256422999988,2026-05-28T11:05:52.725,2026-05-28T11:21:22.725,-930,93.0,-0.002228535
multimetro,,,,20.641066299998784,2026-05-28T11:05:52.941,2026-05-28T11:21:22.941,-930,94.0,-0.002246176
balanza,39.0,-0.28,,20.66140649999943,2026-05-28T11:05:52.965,2026-05-28T11:21:22.965,-930,,
balanza,40.0,,Error desde Arduino: HX711 not found.,20.6845486000002,2026-05-28T11:05:52.984,2026-05-28T11:21:22.984,-930,,
multimetro,,,,20.855947000000015,2026-05-28T11:05:53.160,2026-05-28T11:21:23.160,-930,95.0,-0.002257033
multimetro,,,,21.071024799999577,2026-05-28T11:05:53.374,2026-05-28T11:21:23.374,-930,96.0,-0.002267618
multimetro,,,,21.286149999999907,2026-05-28T11:05:53.585,2026-05-28T11:21:23.585,-930,97.0,-0.0022641
multimetro,,,,21.50125180000032,2026-05-28T11:05:53.804,2026-05-28T11:21:23.804,-930,98.0,-0.002281669
balanza,41.0,-1.56,,21.676844300000084,2026-05-28T11:05:53.975,2026-05-28T11:21:23.975,-930,,
balanza,42.0,,Error desde Arduino: HX711 not found.,21.699876999999105,2026-05-28T11:05:54.002,2026-05-28T11:21:24.002,-930,,
multimetro,,,,21.716299499999877,2026-05-28T11:05:54.018,2026-05-28T11:21:24.018,-930,99.0,-0.002309267
multimetro,,,,21.931491299999834,2026-05-28T11:05:54.228,2026-05-28T11:21:24.228,-930,100.0,-0.00232961
multimetro,,,,22.146548700000494,2026-05-28T11:05:54.445,2026-05-28T11:21:24.445,-930,101.0,-0.002344508
multimetro,,,,22.361676499998794,2026-05-28T11:05:54.661,2026-05-28T11:21:24.661,-930,102.0,-0.002355198
multimetro,,,,22.576856399999087,2026-05-28T11:05:54.880,2026-05-28T11:21:24.880,-930,103.0,-0.002375436
balanza,43.0,-2.37,,22.692388800000117,2026-05-28T11:05:54.995,2026-05-28T11:21:24.995,-930,,
balanza,44.0,,Error desde Arduino: HX711 not found.,22.71558709999954,2026-05-28T11:05:55.019,2026-05-28T11:21:25.019,-930,,
multimetro,,,,22.79220549999991,2026-05-28T11:05:55.095,2026-05-28T11:21:25.095,-930,104.0,-0.002383592
multimetro,,,,23.007366399999228,2026-05-28T11:05:55.310,2026-05-28T11:21:25.310,-930,105.0,-0.002384806
multimetro,,,,23.222319599999537,2026-05-28T11:05:55.525,2026-05-28T11:21:25.525,-930,106.0,-0.0023918
multimetro,,,,23.43759460000001,2026-05-28T11:05:55.741,2026-05-28T11:21:25.741,-930,107.0,-0.002403202
multimetro,,,,23.652581199999986,2026-05-28T11:05:55.951,2026-05-28T11:21:25.951,-930,108.0,-0.002423775
balanza,45.0,-1.44,,23.707876799999212,2026-05-28T11:05:56.010,2026-05-28T11:21:26.010,-930,,
balanza,46.0,,Error desde Arduino: HX711 not found.,23.730900499998825,2026-05-28T11:05:56.034,2026-05-28T11:21:26.034,-930,,
multimetro,,,,23.86765149999883,2026-05-28T11:05:56.168,2026-05-28T11:21:26.168,-930,109.0,-0.002441458
multimetro,,,,24.08262669999931,2026-05-28T11:05:56.385,2026-05-28T11:21:26.385,-930,110.0,-0.002454556
multimetro,,,,24.297763000000486,2026-05-28T11:05:56.595,2026-05-28T11:21:26.595,-930,111.0,-0.002460272
multimetro,,,,24.512842599999203,2026-05-28T11:05:56.814,2026-05-28T11:21:26.814,-930,112.0,-0.002470386
balanza,47.0,-2.64,,24.723292700000457,2026-05-28T11:05:57.026,2026-05-28T11:21:27.026,-930,,
multimetro,,,,24.72784689999935,2026-05-28T11:05:57.031,2026-05-28T11:21:27.031,-930,113.0,-0.002482615
balanza,48.0,,Error desde Arduino: HX711 not found.,24.74651239999912,2026-05-28T11:05:57.049,2026-05-28T11:21:27.049,-930,,
multimetro,,,,24.942826500000592,2026-05-28T11:05:57.245,2026-05-28T11:21:27.245,-930,114.0,-0.002486028
multimetro,,,,25.157971000000543,2026-05-28T11:05:57.458,2026-05-28T11:21:27.458,-930,115.0,-0.002495535
multimetro,,,,25.373213799999576,2026-05-28T11:05:57.674,2026-05-28T11:21:27.674,-930,116.0,-0.00250257
multimetro,,,,25.588252100000318,2026-05-28T11:05:57.891,2026-05-28T11:21:27.891,-930,117.0,-0.002509868
balanza,49.0,-4.06,,25.738728099999207,2026-05-28T11:05:58.041,2026-05-28T11:21:28.041,-930,,
balanza,50.0,,Error desde Arduino: HX711 not found.,25.761850499999127,2026-05-28T11:05:58.058,2026-05-28T11:21:28.058,-930,,
multimetro,,,,25.80330419999882,2026-05-28T11:05:58.105,2026-05-28T11:21:28.105,-930,118.0,-0.002524672
multimetro,,,,26.0182762000004,2026-05-28T11:05:58.322,2026-05-28T11:21:28.322,-930,119.0,-0.002544564
multimetro,,,,26.23349059999964,2026-05-28T11:05:58.535,2026-05-28T11:21:28.535,-930,120.0,-0.00255471
multimetro,,,,26.448689299999387,2026-05-28T11:05:58.751,2026-05-28T11:21:28.751,-930,121.0,-0.002562625
multimetro,,,,26.663912699999855,2026-05-28T11:05:58.958,2026-05-28T11:21:28.958,-930,122.0,-0.002581596
balanza,51.0,-4.19,,26.754249999999956,2026-05-28T11:05:59.058,2026-05-28T11:21:29.058,-930,,
balanza,52.0,,Error desde Arduino: HX711 not found.,26.777336600000126,2026-05-28T11:05:59.074,2026-05-28T11:21:29.074,-930,,
multimetro,,,,26.87887310000042,2026-05-28T11:05:59.175,2026-05-28T11:21:29.175,-930,123.0,-0.002589312
multimetro,,,,27.093989400000282,2026-05-28T11:05:59.391,2026-05-28T11:21:29.391,-930,124.0,-0.002600808
multimetro,,,,27.309070899998915,2026-05-28T11:05:59.608,2026-05-28T11:21:29.608,-930,125.0,-0.002615591
multimetro,,,,27.524184399999285,2026-05-28T11:05:59.826,2026-05-28T11:21:29.826,-930,126.0,-0.002634081
multimetro,,,,27.739384000000427,2026-05-28T11:06:00.041,2026-05-28T11:21:30.041,-930,127.0,-0.002651136
balanza,53.0,-5.04,,27.769935399999667,2026-05-28T11:06:00.073,2026-05-28T11:21:30.073,-930,,
balanza,54.0,,Error desde Arduino: HX711 not found.,27.793102600000566,2026-05-28T11:06:00.091,2026-05-28T11:21:30.091,-930,,
multimetro,,,,27.95441469999969,2026-05-28T11:06:00.257,2026-05-28T11:21:30.257,-930,128.0,-0.002662538
multimetro,,,,28.169695799999317,2026-05-28T11:06:00.468,2026-05-28T11:21:30.468,-930,129.0,-0.002679666
multimetro,,,,28.384866700000202,2026-05-28T11:06:00.688,2026-05-28T11:21:30.688,-930,130.0,-0.002692795
multimetro,,,,28.599978799999008,2026-05-28T11:06:00.901,2026-05-28T11:21:30.901,-930,131.0,-0.002703851
balanza,55.0,-5.8,,28.785482400000546,2026-05-28T11:06:01.084,2026-05-28T11:21:31.084,-930,,
balanza,56.0,,Error desde Arduino: HX711 not found.,28.80872679999993,2026-05-28T11:06:01.108,2026-05-28T11:21:31.108,-930,,
multimetro,,,,28.814996600000086,2026-05-28T11:06:01.118,2026-05-28T11:21:31.118,-930,132.0,-0.00271696
multimetro,,,,29.03006160000041,2026-05-28T11:06:01.333,2026-05-28T11:21:31.333,-930,133.0,-0.002725649
multimetro,,,,29.245077699999456,2026-05-28T11:06:01.549,2026-05-28T11:21:31.549,-930,134.0,-0.002731764
multimetro,,,,29.460301699999036,2026-05-28T11:06:01.759,2026-05-28T11:21:31.759,-930,135.0,-0.002736842
multimetro,,,,29.675486199999796,2026-05-28T11:06:01.974,2026-05-28T11:21:31.974,-930,136.0,-0.002747594
balanza,57.0,-6.21,,29.800952999999936,2026-05-28T11:06:02.103,2026-05-28T11:21:32.103,-930,,
balanza,58.0,,Error desde Arduino: HX711 not found.,29.824040199999217,2026-05-28T11:06:02.127,2026-05-28T11:21:32.127,-930,,
multimetro,,,,29.890666999999667,2026-05-28T11:06:02.191,2026-05-28T11:21:32.191,-930,137.0,-0.002758828
multimetro,,,,30.105874900000344,2026-05-28T11:06:02.408,2026-05-28T11:21:32.408,-930,138.0,-0.002764681
multimetro,,,,30.32091450000007,2026-05-28T11:06:02.624,2026-05-28T11:21:32.624,-930,139.0,-0.002767581
multimetro,,,,30.536127999999735,2026-05-28T11:06:02.839,2026-05-28T11:21:32.839,-930,140.0,-0.002782835
multimetro,,,,30.75116639999942,2026-05-28T11:06:03.055,2026-05-28T11:21:33.055,-930,141.0,-0.00279965
balanza,59.0,-6.17,,30.81658040000002,2026-05-28T11:06:03.118,2026-05-28T11:21:33.118,-930,,
balanza,60.0,-6.17,,30.82870179999918,2026-05-28T11:06:03.129,2026-05-28T11:21:33.129,-930,,
balanza,61.0,,Error desde Arduino: HX711 not found.,30.85182899999927,2026-05-28T11:06:03.151,2026-05-28T11:21:33.151,-930,,
multimetro,,,,30.966424899999765,2026-05-28T11:06:03.269,2026-05-28T11:21:33.269,-930,142.0,-0.002814182
multimetro,,,,31.181412300000375,2026-05-28T11:06:03.485,2026-05-28T11:21:33.485,-930,143.0,-0.002832336
multimetro,,,,31.39660179999919,2026-05-28T11:06:03.691,2026-05-28T11:21:33.691,-930,144.0,-0.00284645
multimetro,,,,31.611686099999133,2026-05-28T11:06:03.908,2026-05-28T11:21:33.908,-930,145.0,-0.002867232
multimetro,,,,31.826725599999918,2026-05-28T11:06:04.130,2026-05-28T11:21:34.130,-930,146.0,-0.002881544
balanza,62.0,-6.78,,31.844254399999045,2026-05-28T11:06:04.148,2026-05-28T11:21:34.148,-930,,
balanza,63.0,,Error desde Arduino: HX711 not found.,31.867408899999646,2026-05-28T11:06:04.168,2026-05-28T11:21:34.168,-930,,
multimetro,,,,32.04189349999979,2026-05-28T11:06:04.345,2026-05-28T11:21:34.345,-930,147.0,-0.002892883
multimetro,,,,32.257074699999066,2026-05-28T11:06:04.558,2026-05-28T11:21:34.558,-930,148.0,-0.002905133
multimetro,,,,32.47226159999991,2026-05-28T11:06:04.775,2026-05-28T11:21:34.775,-930,149.0,-0.002917456
multimetro,,,,32.68729799999892,2026-05-28T11:06:04.991,2026-05-28T11:21:34.991,-930,150.0,-0.002924805
balanza,64.0,-8.0,,32.859768299998905,2026-05-28T11:06:05.158,2026-05-28T11:21:35.158,-930,,
balanza,65.0,,Error desde Arduino: HX711 not found.,32.882823500000086,2026-05-28T11:06:05.184,2026-05-28T11:21:35.184,-930,,
multimetro,,,,32.90254879999884,2026-05-28T11:06:05.201,2026-05-28T11:21:35.201,-930,151.0,-0.002926878
multimetro,,,,33.117614999999205,2026-05-28T11:06:05.418,2026-05-28T11:21:35.418,-930,152.0,-0.002935621
multimetro,,,,33.33265519999986,2026-05-28T11:06:05.634,2026-05-28T11:21:35.634,-930,153.0,-0.002951514
multimetro,,,,33.54787329999999,2026-05-28T11:06:05.851,2026-05-28T11:21:35.851,-930,154.0,-0.002971699
multimetro,,,,33.763041899999735,2026-05-28T11:06:06.058,2026-05-28T11:21:36.058,-930,155.0,-0.002982389
balanza,66.0,-8.29,,33.87520839999888,2026-05-28T11:06:06.174,2026-05-28T11:21:36.174,-930,,
balanza,67.0,,Error desde Arduino: HX711 not found.,33.898192700000436,2026-05-28T11:06:06.201,2026-05-28T11:21:36.201,-930,,
multimetro,,,,33.97813580000002,2026-05-28T11:06:06.274,2026-05-28T11:21:36.274,-930,156.0,-0.002988441
multimetro,,,,34.193185000000085,2026-05-28T11:06:06.491,2026-05-28T11:21:36.491,-930,157.0,-0.002995937
multimetro,,,,34.40823830000045,2026-05-28T11:06:06.708,2026-05-28T11:21:36.708,-930,158.0,-0.003004742
multimetro,,,,34.62341209999977,2026-05-28T11:06:06.924,2026-05-28T11:21:36.924,-930,159.0,-0.003017588
multimetro,,,,34.83860509999977,2026-05-28T11:06:07.141,2026-05-28T11:21:37.141,-930,160.0,-0.003029807
balanza,68.0,-8.33,,34.89070019999963,2026-05-28T11:06:07.194,2026-05-28T11:21:37.194,-930,,
balanza,69.0,-8.01,,34.9026801,2026-05-28T11:06:07.205,2026-05-28T11:21:37.205,-930,,
balanza,70.0,-9.07,,35.012758299999405,2026-05-28T11:06:07.308,2026-05-28T11:21:37.308,-930,,
multimetro,,,,35.053749299999254,2026-05-28T11:06:07.355,2026-05-28T11:21:37.355,-930,161.0,-0.003042977
multimetro,,,,35.26899749999939,2026-05-28T11:06:07.568,2026-05-28T11:21:37.568,-930,162.0,-0.00305128
multimetro,,,,35.483872099999644,2026-05-28T11:06:07.787,2026-05-28T11:21:37.787,-930,163.0,-0.003057981
balanza,71.0,-9.61,,35.5122838999996,2026-05-28T11:06:07.808,2026-05-28T11:21:37.808,-930,,
multimetro,,,,35.69894999999997,2026-05-28T11:06:08.001,2026-05-28T11:21:38.001,-930,164.0,-0.003066964
multimetro,,,,35.914243299999725,2026-05-28T11:06:08.217,2026-05-28T11:21:38.217,-930,165.0,-0.003075057
balanza,72.0,-9.09,,36.0123040999988,2026-05-28T11:06:08.308,2026-05-28T11:21:38.308,-930,,
multimetro,,,,36.12935099999959,2026-05-28T11:06:08.425,2026-05-28T11:21:38.425,-930,166.0,-0.003084333
multimetro,,,,36.3444070000005,2026-05-28T11:06:08.641,2026-05-28T11:21:38.641,-930,167.0,-0.003090604
balanza,73.0,-10.54,,36.513317999999344,2026-05-28T11:06:08.808,2026-05-28T11:21:38.808,-930,,
multimetro,,,,36.55953939999927,2026-05-28T11:06:08.858,2026-05-28T11:21:38.858,-930,168.0,-0.003104644
multimetro,,,,36.774746199998845,2026-05-28T11:06:09.075,2026-05-28T11:21:39.075,-930,169.0,-0.003121061
multimetro,,,,36.9899561000002,2026-05-28T11:06:09.291,2026-05-28T11:21:39.291,-930,170.0,-0.003131908
balanza,74.0,-9.79,,37.01249359999929,2026-05-28T11:06:09.316,2026-05-28T11:21:39.316,-930,,
multimetro,,,,37.205279699999664,2026-05-28T11:06:09.508,2026-05-28T11:21:39.508,-930,171.0,-0.003139865
multimetro,,,,37.42029430000002,2026-05-28T11:06:09.717,2026-05-28T11:21:39.717,-930,172.0,-0.003150146
balanza,75.0,-9.68,,37.512379100000544,2026-05-28T11:06:09.808,2026-05-28T11:21:39.808,-930,,
multimetro,,,,37.63555350000024,2026-05-28T11:06:09.939,2026-05-28T11:21:39.939,-930,173.0,-0.003158637
multimetro,,,,37.85045209999953,2026-05-28T11:06:10.151,2026-05-28T11:21:40.151,-930,174.0,-0.00315825
balanza,76.0,-10.33,,38.01348750000034,2026-05-28T11:06:10.308,2026-05-28T11:21:40.308,-930,,
multimetro,,,,38.065517900000486,2026-05-28T11:06:10.368,2026-05-28T11:21:40.368,-930,175.0,-0.003166207
multimetro,,,,38.28059939999912,2026-05-28T11:06:10.577,2026-05-28T11:21:40.577,-930,176.0,-0.003186738
multimetro,,,,38.49573860000055,2026-05-28T11:06:10.795,2026-05-28T11:21:40.795,-930,177.0,-0.003196129
balanza,77.0,-10.19,,38.51382770000055,2026-05-28T11:06:10.809,2026-05-28T11:21:40.809,-930,,
multimetro,,,,38.71079370000007,2026-05-28T11:06:11.012,2026-05-28T11:21:41.012,-930,178.0,-0.003199626
multimetro,,,,38.925869700000476,2026-05-28T11:06:11.229,2026-05-28T11:21:41.229,-930,179.0,-0.003196202
balanza,78.0,-10.57,,39.013310599999386,2026-05-28T11:06:11.308,2026-05-28T11:21:41.308,-930,,
multimetro,,,,39.140935499999614,2026-05-28T11:06:11.444,2026-05-28T11:21:41.444,-930,180.0,-0.003196265
multimetro,,,,39.356027699999686,2026-05-28T11:06:11.659,2026-05-28T11:21:41.659,-930,181.0,-0.003196935
balanza,79.0,-11.41,,39.51347700000042,2026-05-28T11:06:11.808,2026-05-28T11:21:41.808,-930,,
multimetro,,,,39.57132189999902,2026-05-28T11:06:11.874,2026-05-28T11:21:41.874,-930,182.0,-0.003215969
multimetro,,,,39.78646399999889,2026-05-28T11:06:12.084,2026-05-28T11:21:42.084,-930,183.0,-0.003232135
multimetro,,,,40.00161200000002,2026-05-28T11:06:12.304,2026-05-28T11:21:42.304,-930,184.0,-0.003241327
balanza,80.0,-12.11,,40.01377449999927,2026-05-28T11:06:12.309,2026-05-28T11:21:42.309,-930,,
multimetro,,,,40.21675800000048,2026-05-28T11:06:12.512,2026-05-28T11:21:42.512,-930,185.0,-0.003245944
multimetro,,,,40.43183449999924,2026-05-28T11:06:12.729,2026-05-28T11:21:42.729,-930,186.0,-0.003245389
balanza,81.0,-11.4,,40.5134180999994,2026-05-28T11:06:12.808,2026-05-28T11:21:42.808,-930,,
multimetro,,,,40.64688659999956,2026-05-28T11:06:12.945,2026-05-28T11:21:42.945,-930,187.0,-0.003253744
multimetro,,,,40.861860400000296,2026-05-28T11:06:13.162,2026-05-28T11:21:43.162,-930,188.0,-0.003261576
balanza,82.0,-11.81,,41.01332199999888,2026-05-28T11:06:13.308,2026-05-28T11:21:43.308,-930,,
multimetro,,,,41.07677650000005,2026-05-28T11:06:13.380,2026-05-28T11:21:43.380,-930,189.0,-0.003262947
multimetro,,,,41.292003299999124,2026-05-28T11:06:13.595,2026-05-28T11:21:43.595,-930,190.0,-0.00325811
multimetro,,,,41.506905799999004,2026-05-28T11:06:13.810,2026-05-28T11:21:43.810,-930,191.0,-0.003271229
balanza,83.0,-12.43,,41.51310129999911,2026-05-28T11:06:13.812,2026-05-28T11:21:43.812,-930,,
multimetro,,,,41.72205199999917,2026-05-28T11:06:14.025,2026-05-28T11:21:44.025,-930,192.0,-0.003289519
multimetro,,,,41.93713089999983,2026-05-28T11:06:14.241,2026-05-28T11:21:44.241,-930,193.0,-0.003303465
balanza,84.0,-11.78,,42.01357499999904,2026-05-28T11:06:14.308,2026-05-28T11:21:44.308,-930,,
multimetro,,,,42.15229609999915,2026-05-28T11:06:14.451,2026-05-28T11:21:44.451,-930,194.0,-0.003313338
multimetro,,,,42.36767239999972,2026-05-28T11:06:14.662,2026-05-28T11:21:44.662,-930,195.0,-0.003320918
balanza,85.0,-12.17,,42.51341709999906,2026-05-28T11:06:14.810,2026-05-28T11:21:44.810,-930,,
multimetro,,,,42.58277590000034,2026-05-28T11:06:14.883,2026-05-28T11:21:44.883,-930,196.0,-0.003330006
multimetro,,,,42.79812739999943,2026-05-28T11:06:15.095,2026-05-28T11:21:45.095,-930,197.0,-0.003335555
multimetro,,,,43.01335660000041,2026-05-28T11:06:15.315,2026-05-28T11:21:45.315,-930,198.0,-0.003345595
balanza,86.0,-13.46,,43.01381339999898,2026-05-28T11:06:15.315,2026-05-28T11:21:45.315,-930,,
multimetro,,,,43.2286965000003,2026-05-28T11:06:15.532,2026-05-28T11:21:45.532,-930,199.0,-0.003357814
multimetro,,,,43.443664000000354,2026-05-28T11:06:15.745,2026-05-28T11:21:45.745,-930,200.0,-0.003368734
balanza,87.0,-12.72,,43.513599599999,2026-05-28T11:06:15.808,2026-05-28T11:21:45.808,-930,,
multimetro,,,,43.6588928000001,2026-05-28T11:06:15.962,2026-05-28T11:21:45.962,-930,201.0,-0.003388804
multimetro,,,,43.87383899999986,2026-05-28T11:06:16.177,2026-05-28T11:21:46.177,-930,202.0,-0.003408404
balanza,88.0,-13.56,,44.0135367999992,2026-05-28T11:06:16.308,2026-05-28T11:21:46.308,-930,,
multimetro,,,,44.08889079999972,2026-05-28T11:06:16.392,2026-05-28T11:21:46.392,-930,203.0,-0.003426328
multimetro,,,,44.30401510000047,2026-05-28T11:06:16.607,2026-05-28T11:21:46.607,-930,204.0,-0.003444974
balanza,89.0,-13.38,,44.51340919999893,2026-05-28T11:06:16.812,2026-05-28T11:21:46.812,-930,,
multimetro,,,,44.51905099999931,2026-05-28T11:06:16.822,2026-05-28T11:21:46.822,-930,205.0,-0.0034538
multimetro,,,,44.7341892000004,2026-05-28T11:06:17.028,2026-05-28T11:21:47.028,-930,206.0,-0.003459831
multimetro,,,,44.94914880000033,2026-05-28T11:06:17.249,2026-05-28T11:21:47.249,-930,207.0,-0.003462637
balanza,90.0,-13.32,,45.013366099999985,2026-05-28T11:06:17.308,2026-05-28T11:21:47.308,-930,,
multimetro,,,,45.164463799999794,2026-05-28T11:06:17.462,2026-05-28T11:21:47.462,-930,208.0,-0.003470521
multimetro,,,,45.37934159999895,2026-05-28T11:06:17.683,2026-05-28T11:21:47.683,-930,209.0,-0.003474415
balanza,91.0,-14.9,,45.51336970000011,2026-05-28T11:06:17.808,2026-05-28T11:21:47.808,-930,,
multimetro,,,,45.59463279999909,2026-05-28T11:06:17.891,2026-05-28T11:21:47.891,-930,210.0,-0.003478876
multimetro,,,,45.809608800000206,2026-05-28T11:06:18.108,2026-05-28T11:21:48.108,-930,211.0,-0.003482404
balanza,92.0,-14.2,,46.01340379999965,2026-05-28T11:06:18.312,2026-05-28T11:21:48.312,-930,,
multimetro,,,,46.02487420000034,2026-05-28T11:06:18.324,2026-05-28T11:21:48.324,-930,212.0,-0.003487639
multimetro,,,,46.23983179999959,2026-05-28T11:06:18.542,2026-05-28T11:21:48.542,-930,213.0,-0.003495596
multimetro,,,,46.45506149999892,2026-05-28T11:06:18.758,2026-05-28T11:21:48.758,-930,214.0,-0.003507699
balanza,93.0,-13.8,,46.513424900000246,2026-05-28T11:06:18.811,2026-05-28T11:21:48.811,-930,,
multimetro,,,,46.670161399999415,2026-05-28T11:06:18.972,2026-05-28T11:21:48.972,-930,215.0,-0.003526262
multimetro,,,,46.885150399999475,2026-05-28T11:06:19.189,2026-05-28T11:21:49.189,-930,216.0,-0.003538647
balanza,94.0,-14.52,,47.0132236999998,2026-05-28T11:06:19.313,2026-05-28T11:21:49.313,-930,,
multimetro,,,,47.10019789999933,2026-05-28T11:06:19.401,2026-05-28T11:21:49.401,-930,217.0,-0.003547128
multimetro,,,,47.31538929999988,2026-05-28T11:06:19.618,2026-05-28T11:21:49.618,-930,218.0,-0.003546175
balanza,95.0,-14.77,,47.513676900000064,2026-05-28T11:06:19.815,2026-05-28T11:21:49.815,-930,,
multimetro,,,,47.53062940000018,2026-05-28T11:06:19.834,2026-05-28T11:21:49.834,-930,219.0,-0.00354962
multimetro,,,,47.74567919999936,2026-05-28T11:06:20.046,2026-05-28T11:21:50.046,-930,220.0,-0.003559503
multimetro,,,,47.96103860000039,2026-05-28T11:06:20.260,2026-05-28T11:21:50.260,-930,221.0,-0.003571973
balanza,96.0,-14.9,,48.01322529999925,2026-05-28T11:06:20.308,2026-05-28T11:21:50.308,-930,,
multimetro,,,,48.17598749999888,2026-05-28T11:06:20.475,2026-05-28T11:21:50.475,-930,222.0,-0.003576475
multimetro,,,,48.39138879999882,2026-05-28T11:06:20.691,2026-05-28T11:21:50.691,-930,223.0,-0.00357548
balanza,97.0,-15.43,,48.51329540000006,2026-05-28T11:06:20.808,2026-05-28T11:21:50.808,-930,,
multimetro,,,,48.60662109999976,2026-05-28T11:06:20.908,2026-05-28T11:21:50.908,-930,224.0,-0.003568895
multimetro,,,,48.821679999999105,2026-05-28T11:06:21.125,2026-05-28T11:21:51.125,-930,225.0,-0.003575407
balanza,98.0,-15.92,,49.01369209999939,2026-05-28T11:06:21.308,2026-05-28T11:21:51.308,-930,,
multimetro,,,,49.037083499999426,2026-05-28T11:06:21.341,2026-05-28T11:21:51.341,-930,226.0,-0.00358171
multimetro,,,,49.25215989999924,2026-05-28T11:06:21.551,2026-05-28T11:21:51.551,-930,227.0,-0.003594692
multimetro,,,,49.46725759999936,2026-05-28T11:06:21.768,2026-05-28T11:21:51.768,-930,228.0,-0.003606973
balanza,99.0,-15.82,,49.51340059999893,2026-05-28T11:06:21.817,2026-05-28T11:21:51.817,-930,,
multimetro,,,,49.68230279999989,2026-05-28T11:06:21.985,2026-05-28T11:21:51.985,-930,229.0,-0.003621913
multimetro,,,,49.897525599999426,2026-05-28T11:06:22.201,2026-05-28T11:21:52.201,-930,230.0,-0.003633818
balanza,100.0,-16.47,,50.0135539999992,2026-05-28T11:06:22.312,2026-05-28T11:21:52.312,-930,,
multimetro,,,,50.11259280000013,2026-05-28T11:06:22.412,2026-05-28T11:21:52.412,-930,231.0,-0.00364301
multimetro,,,,50.32762709999952,2026-05-28T11:06:22.631,2026-05-28T11:21:52.631,-930,232.0,-0.003659259
balanza,101.0,-15.92,,50.51369159999922,2026-05-28T11:06:22.808,2026-05-28T11:21:52.808,-930,,
multimetro,,,,50.54266069999903,2026-05-28T11:06:22.846,2026-05-28T11:21:52.846,-930,233.0,-0.003670462
multimetro,,,,50.75762939999913,2026-05-28T11:06:23.060,2026-05-28T11:21:53.060,-930,234.0,-0.003678178
multimetro,,,,50.97261339999932,2026-05-28T11:06:23.274,2026-05-28T11:21:53.274,-930,235.0,-0.003678995
balanza,102.0,-15.92,,51.01334610000049,2026-05-28T11:06:23.308,2026-05-28T11:21:53.308,-930,,
multimetro,,,,51.188136799999484,2026-05-28T11:06:23.491,2026-05-28T11:21:53.491,-930,236.0,-0.00369226
multimetro,,,,51.40339949999907,2026-05-28T11:06:23.705,2026-05-28T11:21:53.705,-930,237.0,-0.003699966
balanza,103.0,-18.02,,51.51369209999939,2026-05-28T11:06:23.808,2026-05-28T11:21:53.808,-930,,
multimetro,,,,51.618650099999286,2026-05-28T11:06:23.922,2026-05-28T11:21:53.922,-930,238.0,-0.003701463
multimetro,,,,51.83433039999909,2026-05-28T11:06:24.135,2026-05-28T11:21:54.135,-930,239.0,-0.00371366
balanza,104.0,-16.4,,52.0133079999996,2026-05-28T11:06:24.308,2026-05-28T11:21:54.308,-930,,
multimetro,,,,52.04938629999924,2026-05-28T11:06:24.349,2026-05-28T11:21:54.349,-930,240.0,-0.003723784
multimetro,,,,52.26447019999978,2026-05-28T11:06:24.562,2026-05-28T11:21:54.562,-930,241.0,-0.003734212
multimetro,,,,52.47955960000036,2026-05-28T11:06:24.778,2026-05-28T11:21:54.778,-930,242.0,-0.003751362
balanza,105.0,-16.63,,52.513578199999756,2026-05-28T11:06:24.817,2026-05-28T11:21:54.817,-930,,
multimetro,,,,52.69462070000009,2026-05-28T11:06:24.998,2026-05-28T11:21:54.998,-930,243.0,-0.003765025
multimetro,,,,52.93360649999886,2026-05-28T11:06:25.237,2026-05-28T11:21:55.237,-930,244.0,-0.003774866
balanza,106.0,-18.59,,53.01351160000013,2026-05-28T11:06:25.312,2026-05-28T11:21:55.312,-930,,
multimetro,,,,53.14854910000031,2026-05-28T11:06:25.451,2026-05-28T11:21:55.451,-930,245.0,-0.003776196
multimetro,,,,53.363683699999456,2026-05-28T11:06:25.658,2026-05-28T11:21:55.658,-930,246.0,-0.003782111
balanza,107.0,-17.01,,53.51339840000037,2026-05-28T11:06:25.808,2026-05-28T11:21:55.808,-930,,
multimetro,,,,53.57882160000008,2026-05-28T11:06:25.874,2026-05-28T11:21:55.874,-930,247.0,-0.003788571
multimetro,,,,53.79388800000015,2026-05-28T11:06:26.091,2026-05-28T11:21:56.091,-930,248.0,-0.003793984
multimetro,,,,54.00883749999957,2026-05-28T11:06:26.308,2026-05-28T11:21:56.308,-930,249.0,-0.003809877
balanza,108.0,-17.0,,54.013273200000185,2026-05-28T11:06:26.308,2026-05-28T11:21:56.308,-930,,
multimetro,,,,54.224053599999024,2026-05-28T11:06:26.525,2026-05-28T11:21:56.525,-930,250.0,-0.003825435
multimetro,,,,54.438909200000126,2026-05-28T11:06:26.741,2026-05-28T11:21:56.741,-930,251.0,-0.003839465
balanza,109.0,-18.24,,54.513397700000496,2026-05-28T11:06:26.812,2026-05-28T11:21:56.812,-930,,
multimetro,,,,54.65395249999892,2026-05-28T11:06:26.957,2026-05-28T11:21:56.957,-930,252.0,-0.003856907
multimetro,,,,54.86908989999938,2026-05-28T11:06:27.168,2026-05-28T11:21:57.168,-930,253.0,-0.003870706
balanza,110.0,-17.52,,55.0133253999993,2026-05-28T11:06:27.308,2026-05-28T11:21:57.308,-930,,
multimetro,,,,55.084185499999876,2026-05-28T11:06:27.388,2026-05-28T11:21:57.388,-930,254.0,-0.003885856
multimetro,,,,55.299404100000174,2026-05-28T11:06:27.601,2026-05-28T11:21:57.601,-930,255.0,-0.003891667
balanza,111.0,-18.3,,55.513290299999426,2026-05-28T11:06:27.817,2026-05-28T11:21:57.817,-930,,
multimetro,,,,55.514492399999654,2026-05-28T11:06:27.818,2026-05-28T11:21:57.818,-930,256.0,-0.003898294
multimetro,,,,55.72959429999901,2026-05-28T11:06:28.024,2026-05-28T11:21:58.024,-930,257.0,-0.00390221
multimetro,,,,55.94477569999981,2026-05-28T11:06:28.241,2026-05-28T11:21:58.241,-930,258.0,-0.003906628
balanza,112.0,-19.37,,56.01339089999965,2026-05-28T11:06:28.308,2026-05-28T11:21:58.308,-930,,
multimetro,,,,56.15972200000033,2026-05-28T11:06:28.458,2026-05-28T11:21:58.458,-930,259.0,-0.003904325
multimetro,,,,56.374853400000575,2026-05-28T11:06:28.674,2026-05-28T11:21:58.674,-930,260.0,-0.003909895
balanza,113.0,-18.67,,56.51324960000056,2026-05-28T11:06:28.816,2026-05-28T11:21:58.816,-930,,
multimetro,,,,56.59004809999897,2026-05-28T11:06:28.893,2026-05-28T11:21:58.893,-930,261.0,-0.003915779
multimetro,,,,56.80517829999917,2026-05-28T11:06:29.108,2026-05-28T11:21:59.108,-930,262.0,-0.003919611
balanza,114.0,-19.33,,57.01364209999883,2026-05-28T11:06:29.314,2026-05-28T11:21:59.314,-930,,
multimetro,,,,57.020240800000465,2026-05-28T11:06:29.323,2026-05-28T11:21:59.323,-930,263.0,-0.003923537
multimetro,,,,57.2353191000002,2026-05-28T11:06:29.538,2026-05-28T11:21:59.538,-930,264.0,-0.003932363
multimetro,,,,57.45045819999905,2026-05-28T11:06:29.745,2026-05-28T11:21:59.745,-930,265.0,-0.003939252
balanza,115.0,-19.48,,57.5133179000004,2026-05-28T11:06:29.811,2026-05-28T11:21:59.811,-930,,
multimetro,,,,57.665457299999616,2026-05-28T11:06:29.967,2026-05-28T11:21:59.967,-930,266.0,-0.003940791
multimetro,,,,57.88082050000048,2026-05-28T11:06:30.176,2026-05-28T11:22:00.176,-930,267.0,-0.003936634
balanza,116.0,-19.23,,58.01320940000005,2026-05-28T11:06:30.308,2026-05-28T11:22:00.308,-930,,
multimetro,,,,58.09604349999972,2026-05-28T11:06:30.391,2026-05-28T11:22:00.391,-930,268.0,-0.003944895
multimetro,,,,58.31129340000007,2026-05-28T11:06:30.611,2026-05-28T11:22:00.611,-930,269.0,-0.003954705
balanza,117.0,-19.64,,58.51377639999919,2026-05-28T11:06:30.812,2026-05-28T11:22:00.812,-930,,
multimetro,,,,58.526389599999675,2026-05-28T11:06:30.824,2026-05-28T11:22:00.824,-930,270.0,-0.003966693
multimetro,,,,58.74143389999881,2026-05-28T11:06:31.044,2026-05-28T11:22:01.044,-930,271.0,-0.003979351
multimetro,,,,58.9566020000002,2026-05-28T11:06:31.259,2026-05-28T11:22:01.259,-930,272.0,-0.003991245
balanza,118.0,-20.17,,59.01347329999953,2026-05-28T11:06:31.308,2026-05-28T11:22:01.308,-930,,
multimetro,,,,59.1716966999993,2026-05-28T11:06:31.474,2026-05-28T11:22:01.474,-930,273.0,-0.004000029
multimetro,,,,59.38682329999938,2026-05-28T11:06:31.687,2026-05-28T11:22:01.687,-930,274.0,-0.004009337
balanza,119.0,-19.83,,59.513275400000566,2026-05-28T11:06:31.816,2026-05-28T11:22:01.816,-930,,
multimetro,,,,59.601835699999356,2026-05-28T11:06:31.905,2026-05-28T11:22:01.905,-930,275.0,-0.004014896
multimetro,,,,59.81692089999888,2026-05-28T11:06:32.118,2026-05-28T11:22:02.118,-930,276.0,-0.004024141
balanza,120.0,-20.91,,60.01388969999971,2026-05-28T11:06:32.317,2026-05-28T11:22:02.317,-930,,
multimetro,,,,60.032032699999036,2026-05-28T11:06:32.336,2026-05-28T11:22:02.336,-930,277.0,-0.004032182
multimetro,,,,60.247160099999746,2026-05-28T11:06:32.541,2026-05-28T11:22:02.541,-930,278.0,-0.004042871
multimetro,,,,60.46223429999918,2026-05-28T11:06:32.760,2026-05-28T11:22:02.760,-930,279.0,-0.004046431
balanza,121.0,-20.19,,60.51330550000057,2026-05-28T11:06:32.812,2026-05-28T11:22:02.812,-930,,
multimetro,,,,60.67722759999924,2026-05-28T11:06:32.974,2026-05-28T11:22:02.974,-930,280.0,-0.004047446
multimetro,,,,60.89236329999949,2026-05-28T11:06:33.191,2026-05-28T11:22:03.191,-930,281.0,-0.004053069
balanza,122.0,-20.58,,61.013235200000054,2026-05-28T11:06:33.308,2026-05-28T11:22:03.308,-930,,
multimetro,,,,61.10759599999983,2026-05-28T11:06:33.408,2026-05-28T11:22:03.408,-930,282.0,-0.004061916
multimetro,,,,61.322959099999935,2026-05-28T11:06:33.625,2026-05-28T11:22:03.625,-930,283.0,-0.004064994
balanza,123.0,-21.16,,61.51377270000012,2026-05-28T11:06:33.808,2026-05-28T11:22:03.808,-930,,
multimetro,,,,61.53797359999953,2026-05-28T11:06:33.842,2026-05-28T11:22:03.842,-930,284.0,-0.004068355
multimetro,,,,61.75306509999973,2026-05-28T11:06:34.051,2026-05-28T11:22:04.051,-930,285.0,-0.004074301
multimetro,,,,61.968147199999294,2026-05-28T11:06:34.270,2026-05-28T11:22:04.270,-930,286.0,-0.004079913
balanza,124.0,-20.65,,62.01374720000058,2026-05-28T11:06:34.317,2026-05-28T11:22:04.317,-930,,
multimetro,,,,62.183326399999714,2026-05-28T11:06:34.484,2026-05-28T11:22:04.484,-930,287.0,-0.004088289
multimetro,,,,62.39845559999958,2026-05-28T11:06:34.699,2026-05-28T11:22:04.699,-930,288.0,-0.00409767
balanza,125.0,-21.38,,62.51362059999883,2026-05-28T11:06:34.812,2026-05-28T11:22:04.812,-930,,
multimetro,,,,62.61357029999999,2026-05-28T11:06:34.912,2026-05-28T11:22:04.912,-930,289.0,-0.004109543
multimetro,,,,62.8286866999988,2026-05-28T11:06:35.132,2026-05-28T11:22:05.132,-930,290.0,-0.004120672
balanza,126.0,-21.55,,63.013629400000355,2026-05-28T11:06:35.308,2026-05-28T11:22:05.308,-930,,
multimetro,,,,63.043950699999186,2026-05-28T11:06:35.346,2026-05-28T11:22:05.346,-930,291.0,-0.004131039
multimetro,,,,63.258966899998995,2026-05-28T11:06:35.562,2026-05-28T11:22:05.562,-930,292.0,-0.004140745
multimetro,,,,63.47419069999887,2026-05-28T11:06:35.777,2026-05-28T11:22:05.777,-930,293.0,-0.004147634
balanza,127.0,-21.35,,63.513657699999385,2026-05-28T11:06:35.808,2026-05-28T11:22:05.808,-930,,
multimetro,,,,63.689417399999,2026-05-28T11:06:35.993,2026-05-28T11:22:05.993,-930,294.0,-0.004152136
multimetro,,,,63.904526299998906,2026-05-28T11:06:36.207,2026-05-28T11:22:06.207,-930,295.0,-0.004157287
balanza,128.0,-22.04,,64.01370549999956,2026-05-28T11:06:36.312,2026-05-28T11:22:06.312,-930,,
multimetro,,,,64.11992049999935,2026-05-28T11:06:36.418,2026-05-28T11:22:06.418,-930,296.0,-0.004163966
multimetro,,,,64.3351247999999,2026-05-28T11:06:36.633,2026-05-28T11:22:06.633,-930,297.0,-0.004168039
balanza,129.0,-21.78,,64.51383270000042,2026-05-28T11:06:36.817,2026-05-28T11:22:06.817,-930,,
multimetro,,,,64.55027320000045,2026-05-28T11:06:36.849,2026-05-28T11:22:06.849,-930,298.0,-0.004172688
multimetro,,,,64.76551970000037,2026-05-28T11:06:37.062,2026-05-28T11:22:07.062,-930,299.0,-0.004181618
multimetro,,,,64.98068090000015,2026-05-28T11:06:37.284,2026-05-28T11:22:07.284,-930,300.0,-0.00419123
balanza,130.0,-22.16,,65.01345459999902,2026-05-28T11:06:37.308,2026-05-28T11:22:07.308,-930,,
multimetro,,,,65.19568780000009,2026-05-28T11:06:37.498,2026-05-28T11:22:07.498,-930,301.0,-0.004196203
multimetro,,,,65.41084520000004,2026-05-28T11:06:37.708,2026-05-28T11:22:07.708,-930,302.0,-0.004202464
balanza,131.0,-22.73,,65.51338709999982,2026-05-28T11:06:37.812,2026-05-28T11:22:07.812,-930,,
multimetro,,,,65.62601919999906,2026-05-28T11:06:37.924,2026-05-28T11:22:07.924,-930,303.0,-0.004211143
multimetro,,,,65.84109279999939,2026-05-28T11:06:38.143,2026-05-28T11:22:08.143,-930,304.0,-0.004219854
balanza,132.0,-22.57,,66.01352279999992,2026-05-28T11:06:38.308,2026-05-28T11:22:08.308,-930,,
multimetro,,,,66.05627149999964,2026-05-28T11:06:38.358,2026-05-28T11:22:08.358,-930,305.0,-0.004228355
multimetro,,,,66.2713120999997,2026-05-28T11:06:38.574,2026-05-28T11:22:08.574,-930,306.0,-0.004234166
multimetro,,,,66.48641899999893,2026-05-28T11:06:38.785,2026-05-28T11:22:08.785,-930,307.0,-0.004241307
balanza,133.0,-22.53,,66.51333089999935,2026-05-28T11:06:38.817,2026-05-28T11:22:08.817,-930,,
multimetro,,,,66.70153120000032,2026-05-28T11:06:39.004,2026-05-28T11:22:09.004,-930,308.0,-0.004251085
multimetro,,,,66.91676050000024,2026-05-28T11:06:39.218,2026-05-28T11:22:09.218,-930,309.0,-0.004260184
balanza,134.0,-22.96,,67.01347100000021,2026-05-28T11:06:39.308,2026-05-28T11:22:09.308,-930,,
multimetro,,,,67.13176930000009,2026-05-28T11:06:39.434,2026-05-28T11:22:09.434,-930,310.0,-0.004267868
multimetro,,,,67.3470526000001,2026-05-28T11:06:39.641,2026-05-28T11:22:09.641,-930,311.0,-0.00427236
balanza,135.0,-22.97,,67.5137706000005,2026-05-28T11:06:39.813,2026-05-28T11:22:09.813,-930,,
multimetro,,,,67.5622844999998,2026-05-28T11:06:39.858,2026-05-28T11:22:09.858,-930,312.0,-0.00427772
multimetro,,,,67.77735759999996,2026-05-28T11:06:40.075,2026-05-28T11:22:10.075,-930,313.0,-0.00428195
multimetro,,,,67.99254269999983,2026-05-28T11:06:40.291,2026-05-28T11:22:10.291,-930,314.0,-0.004287007
balanza,136.0,-23.21,,68.01376770000024,2026-05-28T11:06:40.317,2026-05-28T11:22:10.317,-930,,
multimetro,,,,68.20762730000024,2026-05-28T11:06:40.508,2026-05-28T11:22:10.508,-930,315.0,-0.004290933
multimetro,,,,68.42280430000028,2026-05-28T11:06:40.724,2026-05-28T11:22:10.724,-930,316.0,-0.00429622
balanza,137.0,-23.33,,68.51321639999878,2026-05-28T11:06:40.808,2026-05-28T11:22:10.808,-930,,
multimetro,,,,68.63780829999996,2026-05-28T11:06:40.941,2026-05-28T11:22:10.941,-930,317.0,-0.004305392
multimetro,,,,68.85297580000042,2026-05-28T11:06:41.151,2026-05-28T11:22:11.151,-930,318.0,-0.004316061
balanza,138.0,-23.46,,69.01322760000039,2026-05-28T11:06:41.312,2026-05-28T11:22:11.312,-930,,
multimetro,,,,69.06796819999909,2026-05-28T11:06:41.372,2026-05-28T11:22:11.372,-930,319.0,-0.004323348
multimetro,,,,69.28312240000014,2026-05-28T11:06:41.584,2026-05-28T11:22:11.584,-930,320.0,-0.004329096
multimetro,,,,69.49823610000021,2026-05-28T11:06:41.801,2026-05-28T11:22:11.801,-930,321.0,-0.004335869
balanza,139.0,-23.72,,69.51322959999925,2026-05-28T11:06:41.817,2026-05-28T11:22:11.817,-930,,
multimetro,,,,69.71346959999937,2026-05-28T11:06:42.014,2026-05-28T11:22:12.014,-930,322.0,-0.004345795
multimetro,,,,69.92840500000057,2026-05-28T11:06:42.224,2026-05-28T11:22:12.224,-930,323.0,-0.004358631
balanza,140.0,-23.39,,70.01371870000003,2026-05-28T11:06:42.315,2026-05-28T11:22:12.315,-930,,
multimetro,,,,70.14353649999975,2026-05-28T11:06:42.441,2026-05-28T11:22:12.441,-930,324.0,-0.004372262
multimetro,,,,70.3589121999994,2026-05-28T11:06:42.658,2026-05-28T11:22:12.658,-930,325.0,-0.004372524
balanza,141.0,-24.03,,70.51333179999892,2026-05-28T11:06:42.808,2026-05-28T11:22:12.808,-930,,
multimetro,,,,70.57395309999993,2026-05-28T11:06:42.874,2026-05-28T11:22:12.874,-930,326.0,-0.004371938
multimetro,,,,70.78916690000005,2026-05-28T11:06:43.091,2026-05-28T11:22:13.091,-930,327.0,-0.004374545
multimetro,,,,71.00425929999983,2026-05-28T11:06:43.308,2026-05-28T11:22:13.308,-930,328.0,-0.004378282
balanza,142.0,-24.11,,71.01330439999947,2026-05-28T11:06:43.308,2026-05-28T11:22:13.308,-930,,
multimetro,,,,71.21943099999953,2026-05-28T11:06:43.521,2026-05-28T11:22:13.521,-930,329.0,-0.004382251
multimetro,,,,71.4343788999995,2026-05-28T11:06:43.735,2026-05-28T11:22:13.735,-930,330.0,-0.004384889
balanza,143.0,-24.18,,71.51335350000045,2026-05-28T11:06:43.808,2026-05-28T11:22:13.808,-930,,
multimetro,,,,71.64949999999953,2026-05-28T11:06:43.951,2026-05-28T11:22:13.951,-930,331.0,-0.004390239
multimetro,,,,71.86465619999944,2026-05-28T11:06:44.168,2026-05-28T11:22:14.168,-930,332.0,-0.004395903
balanza,144.0,-24.51,,72.01369410000007,2026-05-28T11:06:44.308,2026-05-28T11:22:14.308,-930,,
multimetro,,,,72.07980979999957,2026-05-28T11:06:44.383,2026-05-28T11:22:14.383,-930,333.0,-0.004403263
multimetro,,,,72.29479439999886,2026-05-28T11:06:44.595,2026-05-28T11:22:14.595,-930,334.0,-0.004411147
multimetro,,,,72.51009460000023,2026-05-28T11:06:44.812,2026-05-28T11:22:14.812,-930,335.0,-0.004416298
balanza,145.0,-24.53,,72.51366330000019,2026-05-28T11:06:44.812,2026-05-28T11:22:14.812,-930,,
multimetro,,,,72.72533329999897,2026-05-28T11:06:45.029,2026-05-28T11:22:15.029,-930,336.0,-0.004431877
multimetro,,,,72.94044070000018,2026-05-28T11:06:45.244,2026-05-28T11:22:15.244,-930,337.0,-0.004435657
balanza,146.0,-25.05,,73.0133666999991,2026-05-28T11:06:45.308,2026-05-28T11:22:15.308,-930,,
multimetro,,,,73.15567759999976,2026-05-28T11:06:45.458,2026-05-28T11:22:15.458,-930,338.0,-0.004442179
multimetro,,,,73.37058679999973,2026-05-28T11:06:45.674,2026-05-28T11:22:15.674,-930,339.0,-0.004444336
balanza,147.0,-24.85,,73.51309039999978,2026-05-28T11:06:45.816,2026-05-28T11:22:15.816,-930,,
multimetro,,,,73.58573979999892,2026-05-28T11:06:45.884,2026-05-28T11:22:15.884,-930,340.0,-0.00444643
multimetro,,,,73.80068980000033,2026-05-28T11:06:46.103,2026-05-28T11:22:16.103,-930,341.0,-0.004452377
balanza,148.0,-24.77,,74.01373349999994,2026-05-28T11:06:46.308,2026-05-28T11:22:16.308,-930,,
multimetro,,,,74.01554769999893,2026-05-28T11:06:46.318,2026-05-28T11:22:16.318,-930,342.0,-0.004459706
multimetro,,,,74.23048029999882,2026-05-28T11:06:46.533,2026-05-28T11:22:16.533,-930,343.0,-0.004466218
multimetro,,,,74.44559939999999,2026-05-28T11:06:46.745,2026-05-28T11:22:16.745,-930,344.0,-0.004467998
balanza,149.0,-25.44,,74.51333369999884,2026-05-28T11:06:46.808,2026-05-28T11:22:16.808,-930,,
multimetro,,,,74.66065209999942,2026-05-28T11:06:46.962,2026-05-28T11:22:16.962,-930,345.0,-0.004470354
multimetro,,,,74.87580259999959,2026-05-28T11:06:47.179,2026-05-28T11:22:17.179,-930,346.0,-0.004480698
balanza,150.0,-25.69,,75.01373459999922,2026-05-28T11:06:47.308,2026-05-28T11:22:17.308,-930,,
multimetro,,,,75.0908273999994,2026-05-28T11:06:47.394,2026-05-28T11:22:17.394,-930,347.0,-0.004486875
multimetro,,,,75.3060876999989,2026-05-28T11:06:47.609,2026-05-28T11:22:17.609,-930,348.0,-0.004489178
balanza,151.0,-25.64,,75.51342459999978,2026-05-28T11:06:47.812,2026-05-28T11:22:17.812,-930,,
multimetro,,,,75.52117179999914,2026-05-28T11:06:47.824,2026-05-28T11:22:17.824,-930,349.0,-0.004492696
multimetro,,,,75.73633609999888,2026-05-28T11:06:48.038,2026-05-28T11:22:18.038,-930,350.0,-0.004496685
multimetro,,,,75.95158059999994,2026-05-28T11:06:48.255,2026-05-28T11:22:18.255,-930,351.0,-0.004504527
balanza,152.0,-25.87,,76.01332139999977,2026-05-28T11:06:48.308,2026-05-28T11:22:18.308,-930,,
multimetro,,,,76.16671859999951,2026-05-28T11:06:48.468,2026-05-28T11:22:18.468,-930,352.0,-0.004519813
multimetro,,,,76.38190419999955,2026-05-28T11:06:48.684,2026-05-28T11:22:18.684,-930,353.0,-0.004529832
balanza,153.0,-25.97,,76.51377610000054,2026-05-28T11:06:48.817,2026-05-28T11:22:18.817,-930,,
multimetro,,,,76.59699799999908,2026-05-28T11:06:48.901,2026-05-28T11:22:18.901,-930,354.0,-0.004539286
multimetro,,,,76.8122500999998,2026-05-28T11:06:49.108,2026-05-28T11:22:19.108,-930,355.0,-0.004549484
balanza,154.0,-26.49,,77.01421759999903,2026-05-28T11:06:49.317,2026-05-28T11:22:19.317,-930,,
multimetro,,,,77.02719009999964,2026-05-28T11:06:49.324,2026-05-28T11:22:19.324,-930,356.0,-0.004555441
multimetro,,,,77.24224829999912,2026-05-28T11:06:49.541,2026-05-28T11:22:19.541,-930,357.0,-0.004555724
multimetro,,,,77.4573079999991,2026-05-28T11:06:49.760,2026-05-28T11:22:19.760,-930,358.0,-0.004559619
balanza,155.0,-26.29,,77.51370829999905,2026-05-28T11:06:49.812,2026-05-28T11:22:19.812,-930,,
multimetro,,,,77.67245860000003,2026-05-28T11:06:49.974,2026-05-28T11:22:19.974,-930,359.0,-0.00456321
multimetro,,,,77.88760270000057,2026-05-28T11:06:50.191,2026-05-28T11:22:20.191,-930,360.0,-0.004572476
balanza,156.0,-26.56,,78.01366400000006,2026-05-28T11:06:50.308,2026-05-28T11:22:20.308,-930,,
multimetro,,,,78.10288009999931,2026-05-28T11:06:50.401,2026-05-28T11:22:20.401,-930,361.0,-0.004582181
multimetro,,,,78.3179457999995,2026-05-28T11:06:50.618,2026-05-28T11:22:20.618,-930,362.0,-0.004589363
balanza,157.0,-26.83,,78.51374039999973,2026-05-28T11:06:50.808,2026-05-28T11:22:20.808,-930,,
multimetro,,,,78.53295749999961,2026-05-28T11:06:50.834,2026-05-28T11:22:20.834,-930,363.0,-0.004601351
multimetro,,,,78.74829239999963,2026-05-28T11:06:51.051,2026-05-28T11:22:21.051,-930,364.0,-0.004608848
multimetro,,,,78.96335319999889,2026-05-28T11:06:51.265,2026-05-28T11:22:21.265,-930,365.0,-0.004604932
balanza,158.0,-26.96,,79.0133265000004,2026-05-28T11:06:51.308,2026-05-28T11:22:21.308,-930,,
multimetro,,,,79.17850349999935,2026-05-28T11:06:51.474,2026-05-28T11:22:21.474,-930,366.0,-0.00460445
multimetro,,,,79.393579399999,2026-05-28T11:06:51.691,2026-05-28T11:22:21.691,-930,367.0,-0.004608031
balanza,159.0,-27.1,,79.5137483999988,2026-05-28T11:06:51.808,2026-05-28T11:22:21.808,-930,,
multimetro,,,,79.60869019999882,2026-05-28T11:06:51.910,2026-05-28T11:22:21.910,-930,368.0,-0.004614208
multimetro,,,,79.82370330000049,2026-05-28T11:06:52.127,2026-05-28T11:22:22.127,-930,369.0,-0.004622029
balanza,160.0,-27.19,,80.0136438999998,2026-05-28T11:06:52.308,2026-05-28T11:22:22.308,-930,,
multimetro,,,,80.03886419999981,2026-05-28T11:06:52.342,2026-05-28T11:22:22.342,-930,370.0,-0.004623254
multimetro,,,,80.25395249999929,2026-05-28T11:06:52.557,2026-05-28T11:22:22.557,-930,371.0,-0.004626154
multimetro,,,,80.46894479999901,2026-05-28T11:06:52.772,2026-05-28T11:22:22.772,-930,372.0,-0.004637608
balanza,161.0,-27.14,,80.51329499999883,2026-05-28T11:06:52.808,2026-05-28T11:22:22.808,-930,,
multimetro,,,,80.68411620000006,2026-05-28T11:06:52.979,2026-05-28T11:22:22.979,-930,373.0,-0.004645523
multimetro,,,,80.8992089000003,2026-05-28T11:06:53.199,2026-05-28T11:22:23.199,-930,374.0,-0.004646225
balanza,162.0,-27.49,,81.0137182999988,2026-05-28T11:06:53.312,2026-05-28T11:22:23.312,-930,,
multimetro,,,,81.11441310000009,2026-05-28T11:06:53.412,2026-05-28T11:22:23.412,-930,375.0,-0.004653773
multimetro,,,,81.32938379999905,2026-05-28T11:06:53.633,2026-05-28T11:22:23.633,-930,376.0,-0.004667813
balanza,163.0,-27.13,,81.51363700000002,2026-05-28T11:06:53.808,2026-05-28T11:22:23.808,-930,,
multimetro,,,,81.54482900000039,2026-05-28T11:06:53.848,2026-05-28T11:22:23.848,-930,377.0,-0.00467934
multimetro,,,,81.7599541999989,2026-05-28T11:06:54.061,2026-05-28T11:22:24.061,-930,378.0,-0.00469873
multimetro,,,,81.97502340000028,2026-05-28T11:06:54.278,2026-05-28T11:22:24.278,-930,379.0,-0.004706897
balanza,164.0,-27.95,,82.01363610000044,2026-05-28T11:06:54.317,2026-05-28T11:22:24.317,-930,,
multimetro,,,,82.1900872999995,2026-05-28T11:06:54.494,2026-05-28T11:22:24.494,-930,380.0,-0.004711032
multimetro,,,,82.40525159999925,2026-05-28T11:06:54.709,2026-05-28T11:22:24.709,-930,381.0,-0.004720989
balanza,165.0,-27.6,,82.5137397999988,2026-05-28T11:06:54.812,2026-05-28T11:22:24.812,-930,,
multimetro,,,,82.62034270000004,2026-05-28T11:06:54.924,2026-05-28T11:22:24.924,-930,382.0,-0.004718026
multimetro,,,,82.83530710000014,2026-05-28T11:06:55.138,2026-05-28T11:22:25.138,-930,383.0,-0.004714571
balanza,166.0,-27.86,,83.01362820000031,2026-05-28T11:06:55.308,2026-05-28T11:22:25.308,-930,,
multimetro,,,,83.05034729999898,2026-05-28T11:06:55.353,2026-05-28T11:22:25.353,-930,384.0,-0.004719754
multimetro,,,,83.2654762000002,2026-05-28T11:06:55.568,2026-05-28T11:22:25.568,-930,385.0,-0.004730025
multimetro,,,,83.48087119999946,2026-05-28T11:06:55.784,2026-05-28T11:22:25.784,-930,386.0,-0.0047326
balanza,167.0,-28.02,,83.51380319999953,2026-05-28T11:06:55.817,2026-05-28T11:22:25.817,-930,,
multimetro,,,,83.69602499999928,2026-05-28T11:06:55.991,2026-05-28T11:22:25.991,-930,387.0,-0.004733166
multimetro,,,,83.91101799999888,2026-05-28T11:06:56.208,2026-05-28T11:22:26.208,-930,388.0,-0.00472992
balanza,168.0,-28.12,,84.01325759999963,2026-05-28T11:06:56.308,2026-05-28T11:22:26.308,-930,,
multimetro,,,,84.12597099999948,2026-05-28T11:06:56.424,2026-05-28T11:22:26.424,-930,389.0,-0.004733658
multimetro,,,,84.34139510000023,2026-05-28T11:06:56.641,2026-05-28T11:22:26.641,-930,390.0,-0.004736589
balanza,169.0,-28.7,,84.51370599999973,2026-05-28T11:06:56.812,2026-05-28T11:22:26.812,-930,,
multimetro,,,,84.5564820999989,2026-05-28T11:06:56.858,2026-05-28T11:22:26.858,-930,391.0,-0.004741594
multimetro,,,,84.77155309999944,2026-05-28T11:06:57.074,2026-05-28T11:22:27.074,-930,392.0,-0.00474397
multimetro,,,,84.98669820000032,2026-05-28T11:06:57.284,2026-05-28T11:22:27.284,-930,393.0,-0.004749059
balanza,170.0,-28.43,,85.01376879999953,2026-05-28T11:06:57.317,2026-05-28T11:22:27.317,-930,,
multimetro,,,,85.20176489999903,2026-05-28T11:06:57.501,2026-05-28T11:22:27.501,-930,394.0,-0.004757591
multimetro,,,,85.41687710000042,2026-05-28T11:06:57.720,2026-05-28T11:22:27.720,-930,395.0,-0.004772773
balanza,171.0,-28.6,,85.51361820000056,2026-05-28T11:06:57.808,2026-05-28T11:22:27.808,-930,,
multimetro,,,,85.63180909999937,2026-05-28T11:06:57.934,2026-05-28T11:22:27.934,-930,396.0,-0.004788718
multimetro,,,,85.84695929999907,2026-05-28T11:06:58.141,2026-05-28T11:22:28.141,-930,397.0,-0.004789001
balanza,172.0,-28.99,,86.01355169999988,2026-05-28T11:06:58.307,2026-05-28T11:22:28.307,-930,,
multimetro,,,,86.0619743999996,2026-05-28T11:06:58.357,2026-05-28T11:22:28.357,-930,398.0,-0.00479032
multimetro,,,,86.27707999999984,2026-05-28T11:06:58.575,2026-05-28T11:22:28.575,-930,399.0,-0.004795398
multimetro,,,,86.49230449999959,2026-05-28T11:06:58.791,2026-05-28T11:22:28.791,-930,400.0,-0.004804308
balanza,173.0,-28.79,,86.51368209999964,2026-05-28T11:06:58.817,2026-05-28T11:22:28.817,-930,,
multimetro,,,,86.70743889999903,2026-05-28T11:06:59.010,2026-05-28T11:22:29.010,-930,401.0,-0.004804161
multimetro,,,,86.92239779999909,2026-05-28T11:06:59.226,2026-05-28T11:22:29.226,-930,402.0,-0.004813395
balanza,174.0,-29.15,,87.01347030000034,2026-05-28T11:06:59.308,2026-05-28T11:22:29.308,-930,,
multimetro,,,,87.13747839999996,2026-05-28T11:06:59.441,2026-05-28T11:22:29.441,-930,403.0,-0.004819677
multimetro,,,,87.35256850000042,2026-05-28T11:06:59.651,2026-05-28T11:22:29.651,-930,404.0,-0.004826325
balanza,175.0,-29.46,,87.51341069999944,2026-05-28T11:06:59.808,2026-05-28T11:22:29.808,-930,,
multimetro,,,,87.56767129999935,2026-05-28T11:06:59.869,2026-05-28T11:22:29.869,-930,405.0,-0.004833906
multimetro,,,,87.7827142999995,2026-05-28T11:07:00.084,2026-05-28T11:22:30.084,-930,406.0,-0.004835623
multimetro,,,,87.99760310000056,2026-05-28T11:07:00.301,2026-05-28T11:22:30.301,-930,407.0,-0.00483756
balanza,176.0,-29.6,,88.01317530000051,2026-05-28T11:07:00.317,2026-05-28T11:22:30.317,-930,,
multimetro,,,,88.21269709999979,2026-05-28T11:07:00.516,2026-05-28T11:22:30.516,-930,408.0,-0.004846208
multimetro,,,,88.42769039999985,2026-05-28T11:07:00.731,2026-05-28T11:22:30.731,-930,409.0,-0.004851024
balanza,177.0,-29.67,,88.51326929999959,2026-05-28T11:07:00.808,2026-05-28T11:22:30.808,-930,,
multimetro,,,,88.64281839999967,2026-05-28T11:07:00.945,2026-05-28T11:22:30.945,-930,410.0,-0.004858447
multimetro,,,,88.85790289999932,2026-05-28T11:07:01.161,2026-05-28T11:22:31.161,-930,411.0,-0.004858101
balanza,178.0,-29.75,,89.01368729999922,2026-05-28T11:07:01.308,2026-05-28T11:22:31.308,-930,,
multimetro,,,,89.07307120000041,2026-05-28T11:07:01.376,2026-05-28T11:22:31.376,-930,412.0,-0.004864802
multimetro,,,,89.28827459999957,2026-05-28T11:07:01.591,2026-05-28T11:22:31.591,-930,413.0,-0.00487167
multimetro,,,,89.50346159999935,2026-05-28T11:07:01.806,2026-05-28T11:22:31.806,-930,414.0,-0.004882339
balanza,179.0,-29.76,,89.51348169999983,2026-05-28T11:07:01.810,2026-05-28T11:22:31.810,-930,,
multimetro,,,,89.71842889999971,2026-05-28T11:07:02.013,2026-05-28T11:22:32.013,-930,415.0,-0.00489708
multimetro,,,,89.93342389999998,2026-05-28T11:07:02.229,2026-05-28T11:22:32.229,-930,416.0,-0.004899844
balanza,180.0,-30.14,,90.01382879999983,2026-05-28T11:07:02.317,2026-05-28T11:22:32.317,-930,,
multimetro,,,,90.1483274000002,2026-05-28T11:07:02.451,2026-05-28T11:22:32.451,-930,417.0,-0.004909947
multimetro,,,,90.36358160000054,2026-05-28T11:07:02.658,2026-05-28T11:22:32.658,-930,418.0,-0.004934049
balanza,181.0,-30.02,,90.51373799999965,2026-05-28T11:07:02.808,2026-05-28T11:22:32.808,-930,,
multimetro,,,,90.5785407000003,2026-05-28T11:07:02.880,2026-05-28T11:22:32.880,-930,419.0,-0.004942624
multimetro,,,,90.7937466000003,2026-05-28T11:07:03.091,2026-05-28T11:22:33.091,-930,420.0,-0.004942864
multimetro,,,,91.00896119999925,2026-05-28T11:07:03.309,2026-05-28T11:22:33.309,-930,421.0,-0.004943398
balanza,182.0,-30.26,,91.01325039999938,2026-05-28T11:07:03.309,2026-05-28T11:22:33.309,-930,,
multimetro,,,,91.22404920000008,2026-05-28T11:07:03.524,2026-05-28T11:22:33.524,-930,422.0,-0.004938017
multimetro,,,,91.43925089999902,2026-05-28T11:07:03.741,2026-05-28T11:22:33.741,-930,423.0,-0.004935734
balanza,183.0,-30.45,,91.51345330000004,2026-05-28T11:07:03.812,2026-05-28T11:22:33.812,-930,,
multimetro,,,,91.65419479999946,2026-05-28T11:07:03.957,2026-05-28T11:22:33.957,-930,424.0,-0.004941545
multimetro,,,,91.86939259999963,2026-05-28T11:07:04.168,2026-05-28T11:22:34.168,-930,425.0,-0.004954517
balanza,184.0,-30.59,,92.01391320000039,2026-05-28T11:07:04.317,2026-05-28T11:22:34.317,-930,,
multimetro,,,,92.08464110000023,2026-05-28T11:07:04.388,2026-05-28T11:22:34.388,-930,426.0,-0.00497665
multimetro,,,,92.30003769999894,2026-05-28T11:07:04.601,2026-05-28T11:22:34.601,-930,427.0,-0.00498466
balanza,185.0,-30.85,,92.51310290000038,2026-05-28T11:07:04.816,2026-05-28T11:22:34.816,-930,,
multimetro,,,,92.51508180000019,2026-05-28T11:07:04.817,2026-05-28T11:22:34.817,-930,428.0,-0.005010248
multimetro,,,,92.73024409999925,2026-05-28T11:07:05.024,2026-05-28T11:22:35.024,-930,429.0,-0.005016729
multimetro,,,,92.94558340000003,2026-05-28T11:07:05.241,2026-05-28T11:22:35.241,-930,430.0,-0.005015022
balanza,186.0,-30.65,,93.01359550000052,2026-05-28T11:07:05.308,2026-05-28T11:22:35.308,-930,,
multimetro,,,,93.16062979999879,2026-05-28T11:07:05.458,2026-05-28T11:22:35.458,-930,431.0,-0.005011169
multimetro,,,,93.375845999999,2026-05-28T11:07:05.676,2026-05-28T11:22:35.676,-930,432.0,-0.005016969
balanza,187.0,-31.06,,93.51373930000045,2026-05-28T11:07:05.808,2026-05-28T11:22:35.808,-930,,
multimetro,,,,93.5909073999992,2026-05-28T11:07:05.891,2026-05-28T11:22:35.891,-930,433.0,-0.005034915
multimetro,,,,93.80610259999958,2026-05-28T11:07:06.108,2026-05-28T11:22:36.108,-930,434.0,-0.005024644
balanza,188.0,-31.17,,94.0137235000002,2026-05-28T11:07:06.308,2026-05-28T11:22:36.308,-930,,
multimetro,,,,94.02113780000036,2026-05-28T11:07:06.324,2026-05-28T11:22:36.324,-930,435.0,-0.005008133
multimetro,,,,94.23628590000044,2026-05-28T11:07:06.534,2026-05-28T11:22:36.534,-930,436.0,-0.005000301
multimetro,,,,94.45139459999882,2026-05-28T11:07:06.755,2026-05-28T11:22:36.755,-930,437.0,-0.005000951
balanza,189.0,-31.26,,94.51368039999943,2026-05-28T11:07:06.808,2026-05-28T11:22:36.808,-930,,
multimetro,,,,94.6664583999991,2026-05-28T11:07:06.968,2026-05-28T11:22:36.968,-930,438.0,-0.005007903
multimetro,,,,94.88167239999893,2026-05-28T11:07:07.184,2026-05-28T11:22:37.184,-930,439.0,-0.005025083
balanza,190.0,-31.25,,95.01346989999911,2026-05-28T11:07:07.312,2026-05-28T11:22:37.312,-930,,
multimetro,,,,95.09683880000011,2026-05-28T11:07:07.400,2026-05-28T11:22:37.400,-930,440.0,-0.005038851
multimetro,,,,95.31197579999935,2026-05-28T11:07:07.615,2026-05-28T11:22:37.615,-930,441.0,-0.005054043
balanza,191.0,-31.42,,95.51321459999963,2026-05-28T11:07:07.810,2026-05-28T11:22:37.810,-930,,
multimetro,,,,95.52715410000019,2026-05-28T11:07:07.829,2026-05-28T11:22:37.829,-930,442.0,-0.005080133
multimetro,,,,95.7423519999993,2026-05-28T11:07:08.045,2026-05-28T11:22:38.045,-930,443.0,-0.005101858
multimetro,,,,95.95738059999894,2026-05-28T11:07:08.260,2026-05-28T11:22:38.260,-930,444.0,-0.005116464
balanza,192.0,-31.81,,96.01332249999905,2026-05-28T11:07:08.308,2026-05-28T11:22:38.308,-930,,
multimetro,,,,96.17254839999987,2026-05-28T11:07:08.474,2026-05-28T11:22:38.474,-930,445.0,-0.005120055
multimetro,,,,96.38760739999998,2026-05-28T11:07:08.691,2026-05-28T11:22:38.691,-930,446.0,-0.005131634
balanza,193.0,-31.32,,96.51364089999879,2026-05-28T11:07:08.808,2026-05-28T11:22:38.808,-930,,
multimetro,,,,96.60288760000003,2026-05-28T11:07:08.905,2026-05-28T11:22:38.905,-930,447.0,-0.005140052
multimetro,,,,96.81781989999945,2026-05-28T11:07:09.112,2026-05-28T11:22:39.112,-930,448.0,-0.005152113
balanza,194.0,-31.79,,97.01361410000027,2026-05-28T11:07:09.308,2026-05-28T11:22:39.308,-930,,
multimetro,,,,97.03305759999967,2026-05-28T11:07:09.335,2026-05-28T11:22:39.335,-930,449.0,-0.005161463
multimetro,,,,97.24801479999951,2026-05-28T11:07:09.551,2026-05-28T11:22:39.551,-930,450.0,-0.005165766
multimetro,,,,97.46309250000013,2026-05-28T11:07:09.758,2026-05-28T11:22:39.758,-930,451.0,-0.005167713
balanza,195.0,-32.12,,97.5136967999988,2026-05-28T11:07:09.808,2026-05-28T11:22:39.808,-930,,
multimetro,,,,97.67846409999947,2026-05-28T11:07:09.974,2026-05-28T11:22:39.974,-930,452.0,-0.005160175
multimetro,,,,97.89351329999954,2026-05-28T11:07:10.195,2026-05-28T11:22:40.195,-930,453.0,-0.0051545
balanza,196.0,-32.27,,98.013573799999,2026-05-28T11:07:10.308,2026-05-28T11:22:40.308,-930,,
multimetro,,,,98.1088878999999,2026-05-28T11:07:10.408,2026-05-28T11:22:40.408,-930,454.0,-0.005160175
multimetro,,,,98.32382320000033,2026-05-28T11:07:10.624,2026-05-28T11:22:40.624,-930,455.0,-0.005165012
balanza,197.0,-32.34,,98.51366659999985,2026-05-28T11:07:10.808,2026-05-28T11:22:40.808,-930,,
multimetro,,,,98.53908659999979,2026-05-28T11:07:10.841,2026-05-28T11:22:40.841,-930,456.0,-0.005162677
multimetro,,,,98.75392029999966,2026-05-28T11:07:11.057,2026-05-28T11:22:41.057,-930,457.0,-0.005164268
multimetro,,,,98.96910269999898,2026-05-28T11:07:11.270,2026-05-28T11:22:41.270,-930,458.0,-0.005159787
balanza,198.0,-32.27,,99.01330570000027,2026-05-28T11:07:11.312,2026-05-28T11:22:41.312,-930,,
multimetro,,,,99.18417629999931,2026-05-28T11:07:11.484,2026-05-28T11:22:41.484,-930,459.0,-0.005157463
multimetro,,,,99.39927429999989,2026-05-28T11:07:11.701,2026-05-28T11:22:41.701,-930,460.0,-0.005173628
balanza,199.0,-32.17,,99.5137608999994,2026-05-28T11:07:11.808,2026-05-28T11:22:41.808,-930,,
multimetro,,,,99.61457449999943,2026-05-28T11:07:11.918,2026-05-28T11:22:41.918,-930,461.0,-0.005188693
multimetro,,,,99.82971569999972,2026-05-28T11:07:12.124,2026-05-28T11:22:42.124,-930,462.0,-0.005196232
balanza,200.0,-32.57,,100.01359339999908,2026-05-28T11:07:12.308,2026-05-28T11:22:42.308,-930,,
multimetro,,,,100.04492980000032,2026-05-28T11:07:12.341,2026-05-28T11:22:42.341,-930,463.0,-0.005197362
multimetro,,,,100.25998749999962,2026-05-28T11:07:12.558,2026-05-28T11:22:42.558,-930,464.0,-0.005199174
multimetro,,,,100.47546990000046,2026-05-28T11:07:12.779,2026-05-28T11:22:42.779,-930,465.0,-0.005209266
balanza,201.0,-32.44,,100.5133937999999,2026-05-28T11:07:12.817,2026-05-28T11:22:42.817,-930,,
multimetro,,,,100.69049339999947,2026-05-28T11:07:12.994,2026-05-28T11:22:42.994,-930,466.0,-0.005218291
multimetro,,,,100.90575489999901,2026-05-28T11:07:13.209,2026-05-28T11:22:43.209,-930,467.0,-0.005211633
balanza,202.0,-33.02,,101.01365470000019,2026-05-28T11:07:13.308,2026-05-28T11:22:43.308,-930,,
multimetro,,,,101.12087219999921,2026-05-28T11:07:13.424,2026-05-28T11:22:43.424,-930,468.0,-0.005224804
multimetro,,,,101.3359922999989,2026-05-28T11:07:13.634,2026-05-28T11:22:43.634,-930,469.0,-0.005243743
balanza,203.0,-32.82,,101.51352670000051,2026-05-28T11:07:13.808,2026-05-28T11:22:43.808,-930,,
multimetro,,,,101.57510509999884,2026-05-28T11:07:13.874,2026-05-28T11:22:43.874,-930,470.0,-0.0052586
multimetro,,,,101.79587489999903,2026-05-28T11:07:14.095,2026-05-28T11:22:44.095,-930,471.0,-0.005268368
multimetro,,,,102.01101849999941,2026-05-28T11:07:14.308,2026-05-28T11:22:44.308,-930,472.0,-0.005273415
balanza,204.0,-33.05,,102.0133124999993,2026-05-28T11:07:14.308,2026-05-28T11:22:44.308,-930,,
multimetro,,,,102.22616310000012,2026-05-28T11:07:14.524,2026-05-28T11:22:44.524,-930,473.0,-0.005275038
multimetro,,,,102.4413913999997,2026-05-28T11:07:14.741,2026-05-28T11:22:44.741,-930,474.0,-0.005277456
balanza,205.0,-33.14,,102.51355599999988,2026-05-28T11:07:14.808,2026-05-28T11:22:44.808,-930,,
multimetro,,,,102.65667209999992,2026-05-28T11:07:14.960,2026-05-28T11:22:44.960,-930,475.0,-0.00528289
multimetro,,,,102.87178159999894,2026-05-28T11:07:15.174,2026-05-28T11:22:45.174,-930,476.0,-0.005288418
balanza,206.0,-33.38,,103.01373149999927,2026-05-28T11:07:15.308,2026-05-28T11:22:45.308,-930,,
multimetro,,,,103.0869705999994,2026-05-28T11:07:15.390,2026-05-28T11:22:45.390,-930,477.0,-0.005295119
multimetro,,,,103.30238169999939,2026-05-28T11:07:15.601,2026-05-28T11:22:45.601,-930,478.0,-0.005299087
balanza,207.0,-33.57,,103.51343040000029,2026-05-28T11:07:15.808,2026-05-28T11:22:45.808,-930,,
multimetro,,,,103.51740529999915,2026-05-28T11:07:15.818,2026-05-28T11:22:45.818,-930,479.0,-0.005296542
multimetro,,,,103.73254699999961,2026-05-28T11:07:16.034,2026-05-28T11:22:46.034,-930,480.0,-0.005290658
multimetro,,,,103.94758999999976,2026-05-28T11:07:16.251,2026-05-28T11:22:46.251,-930,481.0,-0.005284701
balanza,208.0,-33.91,,104.01344040000004,2026-05-28T11:07:16.307,2026-05-28T11:22:46.307,-930,,
multimetro,,,,104.16276839999955,2026-05-28T11:07:16.458,2026-05-28T11:22:46.458,-930,482.0,-0.005276765
multimetro,,,,104.37800029999926,2026-05-28T11:07:16.674,2026-05-28T11:22:46.674,-930,483.0,-0.00527844
balanza,209.0,-33.76,,104.513629699999,2026-05-28T11:07:16.808,2026-05-28T11:22:46.808,-930,,
multimetro,,,,104.59291929999927,2026-05-28T11:07:16.891,2026-05-28T11:22:46.891,-930,484.0,-0.005302416
multimetro,,,,104.80809409999893,2026-05-28T11:07:17.112,2026-05-28T11:22:47.112,-930,485.0,-0.005313933
balanza,210.0,-33.87,,105.01357859999916,2026-05-28T11:07:17.312,2026-05-28T11:22:47.312,-930,,
multimetro,,,,105.02317159999984,2026-05-28T11:07:17.324,2026-05-28T11:22:47.324,-930,486.0,-0.005322811
multimetro,,,,105.23833439999908,2026-05-28T11:07:17.541,2026-05-28T11:22:47.541,-930,487.0,-0.005330067
multimetro,,,,105.45352309999907,2026-05-28T11:07:17.755,2026-05-28T11:22:47.755,-930,488.0,-0.005333804
balanza,211.0,-33.97,,105.51377250000041,2026-05-28T11:07:17.808,2026-05-28T11:22:47.808,-930,,
multimetro,,,,105.66873699999996,2026-05-28T11:07:17.972,2026-05-28T11:22:47.972,-930,489.0,-0.005335783
multimetro,,,,105.88381289999961,2026-05-28T11:07:18.179,2026-05-28T11:22:48.179,-930,490.0,-0.005345101
balanza,212.0,-34.19,,106.01359909999883,2026-05-28T11:07:18.308,2026-05-28T11:22:48.308,-930,,
multimetro,,,,106.09901009999885,2026-05-28T11:07:18.401,2026-05-28T11:22:48.401,-930,491.0,-0.005354608
multimetro,,,,106.3142398,2026-05-28T11:07:18.618,2026-05-28T11:22:48.618,-930,492.0,-0.00536
balanza,213.0,-34.13,,106.5137309999991,2026-05-28T11:07:18.812,2026-05-28T11:22:48.812,-930,,
multimetro,,,,106.52940180000041,2026-05-28T11:07:18.824,2026-05-28T11:22:48.824,-930,493.0,-0.00536581
multimetro,,,,106.74460910000016,2026-05-28T11:07:19.041,2026-05-28T11:22:49.041,-930,494.0,-0.005371024
multimetro,,,,106.95966729999964,2026-05-28T11:07:19.259,2026-05-28T11:22:49.259,-930,495.0,-0.005376542
balanza,214.0,-34.33,,107.01365359999909,2026-05-28T11:07:19.308,2026-05-28T11:22:49.308,-930,,
multimetro,,,,107.17481930000031,2026-05-28T11:07:19.477,2026-05-28T11:22:49.477,-930,496.0,-0.005380227
multimetro,,,,107.38993029999983,2026-05-28T11:07:19.692,2026-05-28T11:22:49.692,-930,497.0,-0.005381505
balanza,215.0,-34.42,,107.51359029999912,2026-05-28T11:07:19.808,2026-05-28T11:22:49.808,-930,,
multimetro,,,,107.6051054999989,2026-05-28T11:07:19.908,2026-05-28T11:22:49.908,-930,498.0,-0.00538252
multimetro,,,,107.82013939999888,2026-05-28T11:07:20.118,2026-05-28T11:22:50.118,-930,499.0,-0.005385818
balanza,216.0,-34.48,,108.01364699999976,2026-05-28T11:07:20.312,2026-05-28T11:22:50.312,-930,,
multimetro,,,,108.03533249999964,2026-05-28T11:07:20.334,2026-05-28T11:22:50.334,-930,500.0,-0.005390529
multimetro,,,,108.25043430000005,2026-05-28T11:07:20.553,2026-05-28T11:22:50.553,-930,501.0,-0.005394675
multimetro,,,,108.46549169999889,2026-05-28T11:07:20.768,2026-05-28T11:22:50.768,-930,502.0,-0.005397597
balanza,217.0,-34.52,,108.51387359999899,2026-05-28T11:07:20.808,2026-05-28T11:22:50.808,-930,,
multimetro,,,,108.68055850000019,2026-05-28T11:07:20.984,2026-05-28T11:22:50.984,-930,503.0,-0.005396686
multimetro,,,,108.89575809999951,2026-05-28T11:07:21.193,2026-05-28T11:22:51.193,-930,504.0,-0.005402109
balanza,218.0,-34.68,,109.01363870000023,2026-05-28T11:07:21.308,2026-05-28T11:22:51.308,-930,,
multimetro,,,,109.11085420000018,2026-05-28T11:07:21.408,2026-05-28T11:22:51.408,-930,505.0,-0.005406946
multimetro,,,,109.32590510000045,2026-05-28T11:07:21.624,2026-05-28T11:22:51.624,-930,506.0,-0.005413081
balanza,219.0,-34.79,,109.51378329999898,2026-05-28T11:07:21.817,2026-05-28T11:22:51.817,-930,,
multimetro,,,,109.54109590000007,2026-05-28T11:07:21.841,2026-05-28T11:22:51.841,-930,507.0,-0.00542264
multimetro,,,,109.7561781000004,2026-05-28T11:07:22.058,2026-05-28T11:22:52.058,-930,508.0,-0.005421049
multimetro,,,,109.97127349999937,2026-05-28T11:07:22.274,2026-05-28T11:22:52.274,-930,509.0,-0.005421206
balanza,220.0,-34.78,,110.01333349999913,2026-05-28T11:07:22.308,2026-05-28T11:22:52.308,-930,,
multimetro,,,,110.18642189999991,2026-05-28T11:07:22.484,2026-05-28T11:22:52.484,-930,510.0,-0.005428776
multimetro,,,,110.40158410000004,2026-05-28T11:07:22.701,2026-05-28T11:22:52.701,-930,511.0,-0.005432053
balanza,221.0,-34.75,,110.5134865,2026-05-28T11:07:22.808,2026-05-28T11:22:52.808,-930,,
multimetro,,,,110.61664500000006,2026-05-28T11:07:22.918,2026-05-28T11:22:52.918,-930,512.0,-0.005437957
multimetro,,,,110.83182399999896,2026-05-28T11:07:23.134,2026-05-28T11:22:53.134,-930,513.0,-0.005440732
balanza,222.0,-35.31,,111.0135795999995,2026-05-28T11:07:23.312,2026-05-28T11:22:53.312,-930,,
multimetro,,,,111.0471722000002,2026-05-28T11:07:23.341,2026-05-28T11:22:53.341,-930,514.0,-0.005443852
multimetro,,,,111.26223860000027,2026-05-28T11:07:23.558,2026-05-28T11:22:53.558,-930,515.0,-0.00545005
multimetro,,,,111.47756399999889,2026-05-28T11:07:23.774,2026-05-28T11:22:53.774,-930,516.0,-0.005456437
balanza,223.0,-35.15,,111.51327069999934,2026-05-28T11:07:23.808,2026-05-28T11:22:53.808,-930,,
multimetro,,,,111.6925171999992,2026-05-28T11:07:23.996,2026-05-28T11:22:53.996,-930,517.0,-0.00545719
multimetro,,,,111.90760860000046,2026-05-28T11:07:24.211,2026-05-28T11:22:54.211,-930,518.0,-0.005462582
balanza,224.0,-35.31,,112.01333859999977,2026-05-28T11:07:24.308,2026-05-28T11:22:54.308,-930,,
multimetro,,,,112.12265709999883,2026-05-28T11:07:24.424,2026-05-28T11:22:54.424,-930,519.0,-0.005467786
multimetro,,,,112.33770449999975,2026-05-28T11:07:24.641,2026-05-28T11:22:54.641,-930,520.0,-0.005472738
balanza,225.0,-35.57,,112.5134280000002,2026-05-28T11:07:24.808,2026-05-28T11:22:54.808,-930,,
multimetro,,,,112.55281239999931,2026-05-28T11:07:24.851,2026-05-28T11:22:54.851,-930,521.0,-0.005475198
multimetro,,,,112.76777129999937,2026-05-28T11:07:25.071,2026-05-28T11:22:55.071,-930,522.0,-0.00547278
multimetro,,,,112.98280759999943,2026-05-28T11:07:25.284,2026-05-28T11:22:55.284,-930,523.0,-0.005472675
balanza,226.0,-35.59,,113.01351239999894,2026-05-28T11:07:25.317,2026-05-28T11:22:55.317,-930,,
multimetro,,,,113.19793140000002,2026-05-28T11:07:25.501,2026-05-28T11:22:55.501,-930,524.0,-0.005475492
multimetro,,,,113.41293819999919,2026-05-28T11:07:25.711,2026-05-28T11:22:55.711,-930,525.0,-0.005478737
balanza,227.0,-35.46,,113.51351690000047,2026-05-28T11:07:25.812,2026-05-28T11:22:55.812,-930,,
multimetro,,,,113.6280313999996,2026-05-28T11:07:25.924,2026-05-28T11:22:55.924,-930,526.0,-0.005486799
multimetro,,,,113.84326669999973,2026-05-28T11:07:26.141,2026-05-28T11:22:56.141,-930,527.0,-0.005486987
balanza,228.0,-35.82,,114.01351309999882,2026-05-28T11:07:26.314,2026-05-28T11:22:56.314,-930,,
multimetro,,,,114.05836099999942,2026-05-28T11:07:26.362,2026-05-28T11:22:56.362,-930,528.0,-0.005487542
multimetro,,,,114.27370630000041,2026-05-28T11:07:26.577,2026-05-28T11:22:56.577,-930,529.0,-0.005497415
multimetro,,,,114.48854249999931,2026-05-28T11:07:26.792,2026-05-28T11:22:56.792,-930,530.0,-0.005502608
balanza,229.0,-35.61,,114.51360699999896,2026-05-28T11:07:26.816,2026-05-28T11:22:56.816,-930,,
multimetro,,,,114.7037137999996,2026-05-28T11:07:27.001,2026-05-28T11:22:57.001,-930,531.0,-0.005504304
multimetro,,,,114.91878279999946,2026-05-28T11:07:27.222,2026-05-28T11:22:57.222,-930,532.0,-0.005498703
balanza,230.0,-35.63,,115.01361919999908,2026-05-28T11:07:27.308,2026-05-28T11:22:57.308,-930,,
multimetro,,,,115.13404160000027,2026-05-28T11:07:27.429,2026-05-28T11:22:57.429,-930,533.0,-0.005503697
multimetro,,,,115.34899869999936,2026-05-28T11:07:27.649,2026-05-28T11:22:57.649,-930,534.0,-0.005512439
balanza,231.0,-36.05,,115.51378939999995,2026-05-28T11:07:27.808,2026-05-28T11:22:57.808,-930,,
multimetro,,,,115.56410820000019,2026-05-28T11:07:27.862,2026-05-28T11:22:57.862,-930,535.0,-0.005517737
multimetro,,,,115.77917909999996,2026-05-28T11:07:28.083,2026-05-28T11:22:58.083,-930,536.0,-0.00552025
multimetro,,,,115.99435339999945,2026-05-28T11:07:28.297,2026-05-28T11:22:58.297,-930,537.0,-0.005518617
balanza,232.0,-36.12,,116.01371900000049,2026-05-28T11:07:28.317,2026-05-28T11:22:58.317,-930,,
multimetro,,,,116.20945589999974,2026-05-28T11:07:28.512,2026-05-28T11:22:58.512,-930,538.0,-0.005518282
multimetro,,,,116.42448820000027,2026-05-28T11:07:28.727,2026-05-28T11:22:58.727,-930,539.0,-0.005528531
balanza,233.0,-36.52,,116.5136638999993,2026-05-28T11:07:28.808,2026-05-28T11:22:58.808,-930,,
multimetro,,,,116.63971769999989,2026-05-28T11:07:28.943,2026-05-28T11:22:58.943,-930,540.0,-0.005535756
multimetro,,,,116.85481160000018,2026-05-28T11:07:29.158,2026-05-28T11:22:59.158,-930,541.0,-0.005543252
balanza,234.0,-36.16,,117.01379139999881,2026-05-28T11:07:29.317,2026-05-28T11:22:59.317,-930,,
multimetro,,,,117.07016769999973,2026-05-28T11:07:29.367,2026-05-28T11:22:59.367,-930,542.0,-0.005552539
multimetro,,,,117.28515739999966,2026-05-28T11:07:29.584,2026-05-28T11:22:59.584,-930,543.0,-0.005564526
multimetro,,,,117.50028170000041,2026-05-28T11:07:29.804,2026-05-28T11:22:59.804,-930,544.0,-0.005579959
balanza,235.0,-36.23,,117.51326349999908,2026-05-28T11:07:29.817,2026-05-28T11:22:59.817,-930,,
multimetro,,,,117.7153230999993,2026-05-28T11:07:30.018,2026-05-28T11:23:00.018,-930,545.0,-0.005606332
multimetro,,,,117.93026119999922,2026-05-28T11:07:30.232,2026-05-28T11:23:00.232,-930,546.0,-0.005641081
balanza,236.0,-35.71,,118.0136335999996,2026-05-28T11:07:30.308,2026-05-28T11:23:00.308,-930,,
multimetro,,,,118.14512280000054,2026-05-28T11:07:30.448,2026-05-28T11:23:00.448,-930,547.0,-0.005679369
multimetro,,,,118.36030930000015,2026-05-28T11:07:30.662,2026-05-28T11:23:00.662,-930,548.0,-0.00571705
balanza,237.0,-36.0,,118.51357800000005,2026-05-28T11:07:30.808,2026-05-28T11:23:00.808,-930,,
multimetro,,,,118.57538199999908,2026-05-28T11:07:30.874,2026-05-28T11:23:00.874,-930,549.0,-0.005747789
multimetro,,,,118.79054050000013,2026-05-28T11:07:31.091,2026-05-28T11:23:01.091,-930,550.0,-0.005771252
multimetro,,,,119.00557780000054,2026-05-28T11:07:31.308,2026-05-28T11:23:01.308,-930,551.0,-0.00579061
balanza,238.0,-35.65,,119.01367620000019,2026-05-28T11:07:31.308,2026-05-28T11:23:01.308,-930,,
multimetro,,,,119.22178820000045,2026-05-28T11:07:31.524,2026-05-28T11:23:01.524,-930,552.0,-0.005803781
multimetro,,,,119.43727129999934,2026-05-28T11:07:31.741,2026-05-28T11:23:01.741,-930,553.0,-0.005814419
balanza,239.0,-36.86,,119.51371979999931,2026-05-28T11:07:31.808,2026-05-28T11:23:01.808,-930,,
multimetro,,,,119.65239180000026,2026-05-28T11:07:31.955,2026-05-28T11:23:01.955,-930,554.0,-0.005824281
multimetro,,,,119.86765939999896,2026-05-28T11:07:32.168,2026-05-28T11:23:02.168,-930,555.0,-0.005832751
balanza,240.0,-37.08,,120.01359709999997,2026-05-28T11:07:32.308,2026-05-28T11:23:02.308,-930,,
multimetro,,,,120.08265740000024,2026-05-28T11:07:32.384,2026-05-28T11:23:02.384,-930,556.0,-0.005839672
multimetro,,,,120.2978824999991,2026-05-28T11:07:32.601,2026-05-28T11:23:02.601,-930,557.0,-0.005845064
multimetro,,,,120.51325179999913,2026-05-28T11:07:32.808,2026-05-28T11:23:02.808,-930,558.0,-0.005849273
balanza,241.0,-38.83,,120.51365719999922,2026-05-28T11:07:32.808,2026-05-28T11:23:02.808,-930,,
multimetro,,,,120.72832120000021,2026-05-28T11:07:33.024,2026-05-28T11:23:03.024,-930,559.0,-0.005852686
multimetro,,,,120.94349639999928,2026-05-28T11:07:33.246,2026-05-28T11:23:03.246,-930,560.0,-0.005855272
balanza,242.0,-38.62,,121.01322959999925,2026-05-28T11:07:33.308,2026-05-28T11:23:03.308,-930,,
multimetro,,,,121.15864239999974,2026-05-28T11:07:33.458,2026-05-28T11:23:03.458,-930,561.0,-0.005857073
multimetro,,,,121.37382699999944,2026-05-28T11:07:33.674,2026-05-28T11:23:03.674,-930,562.0,-0.005858936
balanza,243.0,-38.9,,121.51362849999896,2026-05-28T11:07:33.808,2026-05-28T11:23:03.808,-930,,
multimetro,,,,121.5889019999995,2026-05-28T11:07:33.891,2026-05-28T11:23:03.891,-930,563.0,-0.005860496
multimetro,,,,121.8041104999993,2026-05-28T11:07:34.108,2026-05-28T11:23:04.108,-930,564.0,-0.005862203
balanza,244.0,-40.8,,122.01338419999956,2026-05-28T11:07:34.310,2026-05-28T11:23:04.310,-930,,
multimetro,,,,122.01906039999994,2026-05-28T11:07:34.320,2026-05-28T11:23:04.320,-930,565.0,-0.00586325
multimetro,,,,122.23412049999934,2026-05-28T11:07:34.538,2026-05-28T11:23:04.538,-930,566.0,-0.005864056
multimetro,,,,122.44924309999988,2026-05-28T11:07:34.751,2026-05-28T11:23:04.751,-930,567.0,-0.005864967
balanza,245.0,-42.74,,122.51366289999896,2026-05-28T11:07:34.817,2026-05-28T11:23:04.817,-930,,
multimetro,,,,122.66453309999997,2026-05-28T11:07:34.968,2026-05-28T11:23:04.968,-930,568.0,-0.005865731
multimetro,,,,122.8797596000004,2026-05-28T11:07:35.174,2026-05-28T11:23:05.174,-930,569.0,-0.005866234
balanza,246.0,-42.06,,123.01382729999932,2026-05-28T11:07:35.317,2026-05-28T11:23:05.317,-930,,
multimetro,,,,123.09479939999983,2026-05-28T11:07:35.391,2026-05-28T11:23:05.391,-930,570.0,-0.005866914
multimetro,,,,123.31036490000042,2026-05-28T11:07:35.609,2026-05-28T11:23:05.609,-930,571.0,-0.005867469
balanza,247.0,-42.88,,123.51365149999947,2026-05-28T11:07:35.812,2026-05-28T11:23:05.812,-930,,
multimetro,,,,123.52544370000032,2026-05-28T11:07:35.824,2026-05-28T11:23:05.824,-930,572.0,-0.005867951
multimetro,,,,123.74052449999908,2026-05-28T11:07:36.044,2026-05-28T11:23:06.044,-930,573.0,-0.005868495
multimetro,,,,123.9556023999994,2026-05-28T11:07:36.259,2026-05-28T11:23:06.259,-930,574.0,-0.005869008
balanza,248.0,-43.11,,124.01329129999976,2026-05-28T11:07:36.309,2026-05-28T11:23:06.309,-930,,
multimetro,,,,124.17081449999932,2026-05-28T11:07:36.474,2026-05-28T11:23:06.474,-930,575.0,-0.005869197
multimetro,,,,124.38597709999885,2026-05-28T11:07:36.684,2026-05-28T11:23:06.684,-930,576.0,-0.005869699
balanza,249.0,-42.85,,124.5135248000006,2026-05-28T11:07:36.810,2026-05-28T11:23:06.810,-930,,
multimetro,,,,124.60118770000008,2026-05-28T11:07:36.900,2026-05-28T11:23:06.900,-930,577.0,-0.005870191
multimetro,,,,124.81624229999943,2026-05-28T11:07:37.120,2026-05-28T11:23:07.120,-930,578.0,-0.005870673
balanza,250.0,-43.5,,125.0133808999999,2026-05-28T11:07:37.311,2026-05-28T11:23:07.311,-930,,
multimetro,,,,125.03129859999899,2026-05-28T11:07:37.334,2026-05-28T11:23:07.334,-930,579.0,-0.005871081
multimetro,,,,125.24639410000054,2026-05-28T11:07:37.541,2026-05-28T11:23:07.541,-930,580.0,-0.005871301
multimetro,,,,125.46185549999973,2026-05-28T11:07:37.765,2026-05-28T11:23:07.765,-930,581.0,-0.005871479
balanza,251.0,-43.03,,125.51370680000036,2026-05-28T11:07:37.817,2026-05-28T11:23:07.817,-930,,
multimetro,,,,125.67730449999908,2026-05-28T11:07:37.974,2026-05-28T11:23:07.974,-930,582.0,-0.005871667
multimetro,,,,125.89238230000046,2026-05-28T11:07:38.191,2026-05-28T11:23:08.191,-930,583.0,-0.005872118
balanza,252.0,-43.55,,126.01349350000055,2026-05-28T11:07:38.312,2026-05-28T11:23:08.312,-930,,
multimetro,,,,126.1076051,2026-05-28T11:07:38.408,2026-05-28T11:23:08.408,-930,584.0,-0.005872285
multimetro,,,,126.32261409999956,2026-05-28T11:07:38.624,2026-05-28T11:23:08.624,-930,585.0,-0.00587261
balanza,253.0,-43.56,,126.51359889999912,2026-05-28T11:07:38.812,2026-05-28T11:23:08.812,-930,,
multimetro,,,,126.53767489999882,2026-05-28T11:07:38.841,2026-05-28T11:23:08.841,-930,586.0,-0.005872976
multimetro,,,,126.75293679999959,2026-05-28T11:07:39.051,2026-05-28T11:23:09.051,-930,587.0,-0.005873206
multimetro,,,,126.96807249999983,2026-05-28T11:07:39.270,2026-05-28T11:23:09.270,-930,588.0,-0.005873489
balanza,254.0,-43.64,,127.0133977000005,2026-05-28T11:07:39.313,2026-05-28T11:23:09.313,-930,,
multimetro,,,,127.18328069999916,2026-05-28T11:07:39.484,2026-05-28T11:23:09.484,-930,589.0,-0.005873615
multimetro,,,,127.39842549999958,2026-05-28T11:07:39.701,2026-05-28T11:23:09.701,-930,590.0,-0.005873782
balanza,255.0,-43.72,,127.51374570000007,2026-05-28T11:07:39.813,2026-05-28T11:23:09.813,-930,,
multimetro,,,,127.61360880000029,2026-05-28T11:07:39.914,2026-05-28T11:23:09.914,-930,591.0,-0.005874128
multimetro,,,,127.82853239999895,2026-05-28T11:07:40.129,2026-05-28T11:23:10.129,-930,592.0,-0.005874337
balanza,256.0,-43.44,,128.0135233000001,2026-05-28T11:07:40.315,2026-05-28T11:23:10.315,-930,,
multimetro,,,,128.04357919999893,2026-05-28T11:07:40.345,2026-05-28T11:23:10.345,-930,593.0,-0.005874662
multimetro,,,,128.25885819999894,2026-05-28T11:07:40.562,2026-05-28T11:23:10.562,-930,594.0,-0.005874745
multimetro,,,,128.47406690000025,2026-05-28T11:07:40.777,2026-05-28T11:23:10.777,-930,595.0,-0.005874892
balanza,257.0,-43.74,,128.51373000000058,2026-05-28T11:07:40.817,2026-05-28T11:23:10.817,-930,,
multimetro,,,,128.6889616999997,2026-05-28T11:07:40.993,2026-05-28T11:23:10.993,-930,596.0,-0.00587484
multimetro,,,,128.9043099999999,2026-05-28T11:07:41.207,2026-05-28T11:23:11.207,-930,597.0,-0.00587507
balanza,258.0,-43.49,,129.0135412999989,2026-05-28T11:07:41.316,2026-05-28T11:23:11.316,-930,,
multimetro,,,,129.11941040000056,2026-05-28T11:07:41.421,2026-05-28T11:23:11.421,-930,598.0,-0.005874997
multimetro,,,,129.33445910000046,2026-05-28T11:07:41.629,2026-05-28T11:23:11.629,-930,599.0,-0.005875018
balanza,259.0,-43.73,,129.51369039999918,2026-05-28T11:07:41.817,2026-05-28T11:23:11.817,-930,,
multimetro,,,,129.54965919999995,2026-05-28T11:07:41.849,2026-05-28T11:23:11.849,-930,600.0,-0.005875081
multimetro,,,,129.7647696999993,2026-05-28T11:07:42.066,2026-05-28T11:23:12.066,-930,601.0,-0.005875279
multimetro,,,,129.9799607999994,2026-05-28T11:07:42.279,2026-05-28T11:23:12.279,-930,602.0,-0.005875447
balanza,260.0,-43.56,,130.0136239000003,2026-05-28T11:07:42.317,2026-05-28T11:23:12.317,-930,,
multimetro,,,,130.1950409000001,2026-05-28T11:07:42.498,2026-05-28T11:23:12.498,-930,603.0,-0.005875489
multimetro,,,,130.41013999999996,2026-05-28T11:07:42.712,2026-05-28T11:23:12.712,-930,604.0,-0.005875656
balanza,261.0,-43.69,,130.51356149999992,2026-05-28T11:07:42.812,2026-05-28T11:23:12.812,-930,,
multimetro,,,,130.62526609999986,2026-05-28T11:07:42.924,2026-05-28T11:23:12.924,-930,605.0,-0.005875573
multimetro,,,,130.84038419999888,2026-05-28T11:07:43.141,2026-05-28T11:23:13.141,-930,606.0,-0.005875562
balanza,262.0,-43.65,,131.0134779,2026-05-28T11:07:43.308,2026-05-28T11:23:13.308,-930,,
multimetro,,,,131.0556206000001,2026-05-28T11:07:43.358,2026-05-28T11:23:13.358,-930,607.0,-0.005875625
multimetro,,,,131.2707219999993,2026-05-28T11:07:43.574,2026-05-28T11:23:13.574,-930,608.0,-0.005876044
multimetro,,,,131.4860205999994,2026-05-28T11:07:43.784,2026-05-28T11:23:13.784,-930,609.0,-0.00587597
balanza,263.0,-43.62,,131.51334130000032,2026-05-28T11:07:43.817,2026-05-28T11:23:13.817,-930,,
multimetro,,,,131.70101739999882,2026-05-28T11:07:44.001,2026-05-28T11:23:14.001,-930,610.0,-0.005876232
multimetro,,,,131.9161896000005,2026-05-28T11:07:44.218,2026-05-28T11:23:14.218,-930,611.0,-0.005876515
balanza,264.0,-43.55,,132.0136363999991,2026-05-28T11:07:44.312,2026-05-28T11:23:14.312,-930,,
multimetro,,,,132.1311523000004,2026-05-28T11:07:44.434,2026-05-28T11:23:14.434,-930,612.0,-0.005876567
multimetro,,,,132.34632579999925,2026-05-28T11:07:44.641,2026-05-28T11:23:14.641,-930,613.0,-0.005876735
balanza,265.0,-43.55,,132.51352439999937,2026-05-28T11:07:44.807,2026-05-28T11:23:14.807,-930,,
multimetro,,,,132.56140349999987,2026-05-28T11:07:44.858,2026-05-28T11:23:14.858,-930,614.0,-0.005876682
multimetro,,,,132.77653660000033,2026-05-28T11:07:45.074,2026-05-28T11:23:15.074,-930,615.0,-0.005876871
multimetro,,,,132.99163620000036,2026-05-28T11:07:45.291,2026-05-28T11:23:15.291,-930,616.0,-0.00587708
balanza,266.0,-43.56,,133.0134839000002,2026-05-28T11:07:45.317,2026-05-28T11:23:15.317,-930,,
multimetro,,,,133.2067774999996,2026-05-28T11:07:45.508,2026-05-28T11:23:15.508,-930,617.0,-0.005877059
multimetro,,,,133.42183789999945,2026-05-28T11:07:45.724,2026-05-28T11:23:15.724,-930,618.0,-0.005877237
balanza,267.0,-43.71,,133.51353059999929,2026-05-28T11:07:45.817,2026-05-28T11:23:15.817,-930,,
multimetro,,,,133.63692590000028,2026-05-28T11:07:45.940,2026-05-28T11:23:15.940,-930,619.0,-0.005877216
multimetro,,,,133.85216969999965,2026-05-28T11:07:46.151,2026-05-28T11:23:16.151,-930,620.0,-0.005877311
balanza,268.0,-43.55,,134.01372619999893,2026-05-28T11:07:46.308,2026-05-28T11:23:16.308,-930,,
multimetro,,,,134.06721130000005,2026-05-28T11:07:46.370,2026-05-28T11:23:16.370,-930,621.0,-0.005877499
multimetro,,,,134.28218050000032,2026-05-28T11:07:46.584,2026-05-28T11:23:16.584,-930,622.0,-0.00587753
multimetro,,,,134.4972961000003,2026-05-28T11:07:46.791,2026-05-28T11:23:16.791,-930,623.0,-0.005877667
balanza,269.0,-43.71,,134.51342359999944,2026-05-28T11:07:46.817,2026-05-28T11:23:16.817,-930,,
multimetro,,,,134.71250320000036,2026-05-28T11:07:47.008,2026-05-28T11:23:17.008,-930,624.0,-0.005878043
multimetro,,,,134.9274489999989,2026-05-28T11:07:47.226,2026-05-28T11:23:17.226,-930,625.0,-0.005878064
balanza,270.0,-43.58,,135.01356920000035,2026-05-28T11:07:47.308,2026-05-28T11:23:17.308,-930,,
multimetro,,,,135.14268189999893,2026-05-28T11:07:47.441,2026-05-28T11:23:17.441,-930,626.0,-0.005878023
multimetro,,,,135.35760049999953,2026-05-28T11:07:47.658,2026-05-28T11:23:17.658,-930,627.0,-0.005878378
balanza,271.0,-43.61,,135.51360869999917,2026-05-28T11:07:47.809,2026-05-28T11:23:17.809,-930,,
multimetro,,,,135.5728541999997,2026-05-28T11:07:47.874,2026-05-28T11:23:17.874,-930,628.0,-0.005878232
multimetro,,,,135.78772079999908,2026-05-28T11:07:48.090,2026-05-28T11:23:18.090,-930,629.0,-0.005878378
multimetro,,,,136.00283149999996,2026-05-28T11:07:48.304,2026-05-28T11:23:18.304,-930,630.0,-0.005878295
balanza,272.0,-43.6,,136.01348320000034,2026-05-28T11:07:48.312,2026-05-28T11:23:18.312,-930,,
multimetro,,,,136.21790239999973,2026-05-28T11:07:48.518,2026-05-28T11:23:18.518,-930,631.0,-0.005878399
multimetro,,,,136.43300180000006,2026-05-28T11:07:48.736,2026-05-28T11:23:18.736,-930,632.0,-0.005878221
balanza,273.0,-43.54,,136.51336160000028,2026-05-28T11:07:48.814,2026-05-28T11:23:18.814,-930,,
multimetro,,,,136.64816810000048,2026-05-28T11:07:48.951,2026-05-28T11:23:18.951,-930,633.0,-0.005878462
multimetro,,,,136.863331999999,2026-05-28T11:07:49.160,2026-05-28T11:23:19.160,-930,634.0,-0.005878536
balanza,274.0,-43.67,,137.0134294999989,2026-05-28T11:07:49.316,2026-05-28T11:23:19.316,-930,,
multimetro,,,,137.0784418000003,2026-05-28T11:07:49.382,2026-05-28T11:23:19.382,-930,635.0,-0.00587842
multimetro,,,,137.29367869999987,2026-05-28T11:07:49.595,2026-05-28T11:23:19.595,-930,636.0,-0.005878577
multimetro,,,,137.50883199999953,2026-05-28T11:07:49.812,2026-05-28T11:23:19.812,-930,637.0,-0.005878567
balanza,275.0,-43.48,,137.51353539999945,2026-05-28T11:07:49.812,2026-05-28T11:23:19.812,-930,,
multimetro,,,,137.7239110999999,2026-05-28T11:07:50.027,2026-05-28T11:23:20.027,-930,638.0,-0.00587886
multimetro,,,,137.93903359999968,2026-05-28T11:07:50.242,2026-05-28T11:23:20.242,-930,639.0,-0.005878808
balanza,276.0,-43.69,,138.01378829999885,2026-05-28T11:07:50.317,2026-05-28T11:23:20.317,-930,,
multimetro,,,,138.1540832999999,2026-05-28T11:07:50.457,2026-05-28T11:23:20.457,-930,640.0,-0.005878818
multimetro,,,,138.36926099999982,2026-05-28T11:07:50.668,2026-05-28T11:23:20.668,-930,641.0,-0.005879028
balanza,277.0,-43.52,,138.51353259999996,2026-05-28T11:07:50.808,2026-05-28T11:23:20.808,-930,,
multimetro,,,,138.58436339999935,2026-05-28T11:07:50.884,2026-05-28T11:23:20.884,-930,642.0,-0.005878986
multimetro,,,,138.79947899999934,2026-05-28T11:07:51.101,2026-05-28T11:23:21.101,-930,643.0,-0.005878933
balanza,278.0,-43.61,,139.01353600000039,2026-05-28T11:07:51.316,2026-05-28T11:23:21.316,-930,,
multimetro,,,,139.01452009999957,2026-05-28T11:07:51.316,2026-05-28T11:23:21.316,-930,644.0,-0.005878902
multimetro,,,,139.22928949999914,2026-05-28T11:07:51.533,2026-05-28T11:23:21.533,-930,645.0,-0.005878933
multimetro,,,,139.44453690000046,2026-05-28T11:07:51.747,2026-05-28T11:23:21.747,-930,646.0,-0.005878996
balanza,279.0,-43.57,,139.51365780000015,2026-05-28T11:07:51.817,2026-05-28T11:23:21.817,-930,,
multimetro,,,,139.65957700000035,2026-05-28T11:07:51.962,2026-05-28T11:23:21.962,-930,647.0,-0.005879331
multimetro,,,,139.87478199999896,2026-05-28T11:07:52.178,2026-05-28T11:23:22.178,-930,648.0,-0.005879363
balanza,280.0,-43.6,,140.01350359999924,2026-05-28T11:07:52.307,2026-05-28T11:23:22.307,-930,,
multimetro,,,,140.08977719999893,2026-05-28T11:07:52.392,2026-05-28T11:23:22.392,-930,649.0,-0.005879478
multimetro,,,,140.3048433999993,2026-05-28T11:07:52.608,2026-05-28T11:23:22.608,-930,650.0,-0.00587953
balanza,281.0,-43.6,,140.51376080000045,2026-05-28T11:07:52.812,2026-05-28T11:23:22.812,-930,,
multimetro,,,,140.52000419999968,2026-05-28T11:07:52.824,2026-05-28T11:23:22.824,-930,651.0,-0.005879698
multimetro,,,,140.73525899999913,2026-05-28T11:07:53.038,2026-05-28T11:23:23.038,-930,652.0,-0.005879572
multimetro,,,,140.95017480000024,2026-05-28T11:07:53.245,2026-05-28T11:23:23.245,-930,653.0,-0.005879488
balanza,282.0,-43.56,,141.01370990000032,2026-05-28T11:07:53.317,2026-05-28T11:23:23.317,-930,,
multimetro,,,,141.16529789999913,2026-05-28T11:07:53.462,2026-05-28T11:23:23.462,-930,654.0,-0.00587952
multimetro,,,,141.38042219999988,2026-05-28T11:07:53.684,2026-05-28T11:23:23.684,-930,655.0,-0.005879614
balanza,283.0,-43.56,,141.51346199999898,2026-05-28T11:07:53.808,2026-05-28T11:23:23.808,-930,,
multimetro,,,,141.5956213999998,2026-05-28T11:07:53.891,2026-05-28T11:23:23.891,-930,656.0,-0.005879698
multimetro,,,,141.8107216999997,2026-05-28T11:07:54.111,2026-05-28T11:23:24.111,-930,657.0,-0.005879551
balanza,284.0,-43.59,,142.01351669999895,2026-05-28T11:07:54.312,2026-05-28T11:23:24.312,-930,,
multimetro,,,,142.02563159999954,2026-05-28T11:07:54.324,2026-05-28T11:23:24.324,-930,658.0,-0.005879394
multimetro,,,,142.2409145999991,2026-05-28T11:07:54.544,2026-05-28T11:23:24.544,-930,659.0,-0.005879562
multimetro,,,,142.45608139999968,2026-05-28T11:07:54.758,2026-05-28T11:23:24.758,-930,660.0,-0.005879656
balanza,285.0,-43.56,,142.51369309999973,2026-05-28T11:07:54.807,2026-05-28T11:23:24.807,-930,,
multimetro,,,,142.67122749999908,2026-05-28T11:07:54.974,2026-05-28T11:23:24.974,-930,661.0,-0.005879656
multimetro,,,,142.88637650000055,2026-05-28T11:07:55.184,2026-05-28T11:23:25.184,-930,662.0,-0.005879687
balanza,286.0,-43.59,,143.01334130000032,2026-05-28T11:07:55.307,2026-05-28T11:23:25.307,-930,,
multimetro,,,,143.10144769999897,2026-05-28T11:07:55.404,2026-05-28T11:23:25.404,-930,663.0,-0.005879687
multimetro,,,,143.31645840000056,2026-05-28T11:07:55.618,2026-05-28T11:23:25.618,-930,664.0,-0.00587974
balanza,287.0,-43.63,,143.5135425999997,2026-05-28T11:07:55.808,2026-05-28T11:23:25.808,-930,,
multimetro,,,,143.53163250000034,2026-05-28T11:07:55.835,2026-05-28T11:23:25.835,-930,665.0,-0.005879656
multimetro,,,,143.7467574000002,2026-05-28T11:07:56.047,2026-05-28T11:23:26.047,-930,666.0,-0.005879792
multimetro,,,,143.9618948999996,2026-05-28T11:07:56.260,2026-05-28T11:23:26.260,-930,667.0,-0.00587997
balanza,288.0,-43.62,,144.013668399999,2026-05-28T11:07:56.317,2026-05-28T11:23:26.317,-930,,
multimetro,,,,144.1770846999989,2026-05-28T11:07:56.474,2026-05-28T11:23:26.474,-930,668.0,-0.005879834
multimetro,,,,144.39205609999954,2026-05-28T11:07:56.691,2026-05-28T11:23:26.691,-930,669.0,-0.005880263
balanza,289.0,-43.54,,144.5136896999993,2026-05-28T11:07:56.817,2026-05-28T11:23:26.817,-930,,
multimetro,,,,144.6072296000002,2026-05-28T11:07:56.908,2026-05-28T11:23:26.908,-930,670.0,-0.005880169
multimetro,,,,144.8222152999988,2026-05-28T11:07:57.124,2026-05-28T11:23:27.124,-930,671.0,-0.005880274
balanza,290.0,-43.54,,145.01330260000032,2026-05-28T11:07:57.308,2026-05-28T11:23:27.308,-930,,
multimetro,,,,145.0375284999991,2026-05-28T11:07:57.341,2026-05-28T11:23:27.341,-930,672.0,-0.005880294
multimetro,,,,145.25274200000058,2026-05-28T11:07:57.555,2026-05-28T11:23:27.555,-930,673.0,-0.005880305
multimetro,,,,145.46785090000049,2026-05-28T11:07:57.770,2026-05-28T11:23:27.770,-930,674.0,-0.005880399
balanza,291.0,-43.59,,145.5133105999994,2026-05-28T11:07:57.807,2026-05-28T11:23:27.807,-930,,
multimetro,,,,145.6829005999989,2026-05-28T11:07:57.984,2026-05-28T11:23:27.984,-930,675.0,-0.005880232
multimetro,,,,145.89810489999945,2026-05-28T11:07:58.201,2026-05-28T11:23:28.201,-930,676.0,-0.005880158
balanza,292.0,-43.6,,146.01358509999955,2026-05-28T11:07:58.317,2026-05-28T11:23:28.317,-930,,
multimetro,,,,146.11316110000007,2026-05-28T11:07:58.408,2026-05-28T11:23:28.408,-930,677.0,-0.005880368
multimetro,,,,146.3283064999996,2026-05-28T11:07:58.624,2026-05-28T11:23:28.624,-930,678.0,-0.005880357
balanza,293.0,-43.6,,146.5134412999996,2026-05-28T11:07:58.808,2026-05-28T11:23:28.808,-930,,
multimetro,,,,146.5434798999995,2026-05-28T11:07:58.841,2026-05-28T11:23:28.841,-930,679.0,-0.005880357
multimetro,,,,146.75845560000016,2026-05-28T11:07:59.061,2026-05-28T11:23:29.061,-930,680.0,-0.005880472
multimetro,,,,146.97364059999927,2026-05-28T11:07:59.274,2026-05-28T11:23:29.274,-930,681.0,-0.005880336
balanza,294.0,-43.53,,147.01349699999992,2026-05-28T11:07:59.317,2026-05-28T11:23:29.317,-930,,
multimetro,,,,147.18858340000043,2026-05-28T11:07:59.491,2026-05-28T11:23:29.491,-930,682.0,-0.005880232
multimetro,,,,147.40372279999974,2026-05-28T11:07:59.707,2026-05-28T11:23:29.707,-930,683.0,-0.00588019
balanza,295.0,-43.51,,147.51372160000028,2026-05-28T11:07:59.817,2026-05-28T11:23:29.817,-930,,
multimetro,,,,147.61871489999976,2026-05-28T11:07:59.917,2026-05-28T11:23:29.917,-930,684.0,-0.005880253
multimetro,,,,147.8340492999996,2026-05-28T11:08:00.138,2026-05-28T11:23:30.138,-930,685.0,-0.005880137
balanza,296.0,-43.69,,148.01346379999995,2026-05-28T11:08:00.308,2026-05-28T11:23:30.308,-930,,
multimetro,,,,148.0492880999991,2026-05-28T11:08:00.351,2026-05-28T11:23:30.351,-930,686.0,-0.005880263
multimetro,,,,148.26467070000035,2026-05-28T11:08:00.568,2026-05-28T11:23:30.568,-930,687.0,-0.005880179
multimetro,,,,148.47963489999893,2026-05-28T11:08:00.774,2026-05-28T11:23:30.774,-930,688.0,-0.005880315
balanza,297.0,-43.55,,148.51348940000025,2026-05-28T11:08:00.808,2026-05-28T11:23:30.808,-930,,
multimetro,,,,148.69474919999993,2026-05-28T11:08:00.991,2026-05-28T11:23:30.991,-930,689.0,-0.005880357
multimetro,,,,148.90997289999905,2026-05-28T11:08:01.208,2026-05-28T11:23:31.208,-930,690.0,-0.005880472
balanza,298.0,-43.55,,149.0135668999992,2026-05-28T11:08:01.307,2026-05-28T11:23:31.307,-930,,
multimetro,,,,149.12518069999896,2026-05-28T11:08:01.429,2026-05-28T11:23:31.429,-930,691.0,-0.005880556
multimetro,,,,149.34049099999902,2026-05-28T11:08:01.643,2026-05-28T11:23:31.643,-930,692.0,-0.005880682
balanza,299.0,-43.53,,149.51359559999946,2026-05-28T11:08:01.808,2026-05-28T11:23:31.808,-930,,
multimetro,,,,149.55538329999945,2026-05-28T11:08:01.858,2026-05-28T11:23:31.858,-930,693.0,-0.005880535
multimetro,,,,149.77049239999906,2026-05-28T11:08:02.074,2026-05-28T11:23:32.074,-930,694.0,-0.005880567
multimetro,,,,149.98550799999975,2026-05-28T11:08:02.288,2026-05-28T11:23:32.288,-930,695.0,-0.005880525
balanza,300.0,-43.58,,150.01340679999885,2026-05-28T11:08:02.317,2026-05-28T11:23:32.317,-930,,
multimetro,,,,150.2007477999996,2026-05-28T11:08:02.495,2026-05-28T11:23:32.495,-930,696.0,-0.005880483
multimetro,,,,150.4158062000006,2026-05-28T11:08:02.716,2026-05-28T11:23:32.716,-930,697.0,-0.005880546
balanza,301.0,-43.53,,150.5135124999997,2026-05-28T11:08:02.812,2026-05-28T11:23:32.812,-930,,
multimetro,,,,150.6311886000003,2026-05-28T11:08:02.933,2026-05-28T11:23:32.933,-930,698.0,-0.00588064
multimetro,,,,150.84611930000028,2026-05-28T11:08:03.145,2026-05-28T11:23:33.145,-930,699.0,-0.005880682
balanza,302.0,-43.54,,151.01350749999983,2026-05-28T11:08:03.307,2026-05-28T11:23:33.307,-930,,
multimetro,,,,151.06146830000034,2026-05-28T11:08:03.357,2026-05-28T11:23:33.357,-930,700.0,-0.005880692
multimetro,,,,151.27665159999924,2026-05-28T11:08:03.574,2026-05-28T11:23:33.574,-930,701.0,-0.005880734
multimetro,,,,151.4915946000001,2026-05-28T11:08:03.791,2026-05-28T11:23:33.791,-930,702.0,-0.005880776
balanza,303.0,-43.51,,151.51354580000043,2026-05-28T11:08:03.817,2026-05-28T11:23:33.817,-930,,
multimetro,,,,151.70679569999993,2026-05-28T11:08:04.007,2026-05-28T11:23:34.007,-930,703.0,-0.005880577
multimetro,,,,151.9218628999988,2026-05-28T11:08:04.224,2026-05-28T11:23:34.224,-930,704.0,-0.005880556
balanza,304.0,-43.51,,152.01358470000014,2026-05-28T11:08:04.312,2026-05-28T11:23:34.312,-930,,
multimetro,,,,152.13699839999936,2026-05-28T11:08:04.440,2026-05-28T11:23:34.440,-930,705.0,-0.00588042
multimetro,,,,152.35197419999895,2026-05-28T11:08:04.651,2026-05-28T11:23:34.651,-930,706.0,-0.005880315
balanza,305.0,-43.61,,152.51359989999946,2026-05-28T11:08:04.808,2026-05-28T11:23:34.808,-930,,
multimetro,,,,152.56711360000008,2026-05-28T11:08:04.867,2026-05-28T11:23:34.867,-930,707.0,-0.005880274
multimetro,,,,152.78206229999887,2026-05-28T11:08:05.084,2026-05-28T11:23:35.084,-930,708.0,-0.005880315
multimetro,,,,152.9973814999994,2026-05-28T11:08:05.301,2026-05-28T11:23:35.301,-930,709.0,-0.005880148
balanza,306.0,-43.52,,153.01334580000002,2026-05-28T11:08:05.317,2026-05-28T11:23:35.317,-930,,
multimetro,,,,153.2124974999988,2026-05-28T11:08:05.507,2026-05-28T11:23:35.507,-930,710.0,-0.005880378
multimetro,,,,153.42778720000024,2026-05-28T11:08:05.724,2026-05-28T11:23:35.724,-930,711.0,-0.005880022
balanza,307.0,-43.56,,153.51347290000012,2026-05-28T11:08:05.812,2026-05-28T11:23:35.812,-930,,
multimetro,,,,153.6429623999993,2026-05-28T11:08:05.943,2026-05-28T11:23:35.943,-930,712.0,-0.005880116
multimetro,,,,153.85819160000028,2026-05-28T11:08:06.158,2026-05-28T11:23:36.158,-930,713.0,-0.005880211
balanza,308.0,-43.55,,154.0136564000004,2026-05-28T11:08:06.307,2026-05-28T11:23:36.307,-930,,
multimetro,,,,154.07340180000028,2026-05-28T11:08:06.374,2026-05-28T11:23:36.374,-930,714.0,-0.005880169
multimetro,,,,154.28830910000033,2026-05-28T11:08:06.591,2026-05-28T11:23:36.591,-930,715.0,-0.005880043
multimetro,,,,154.50357299999996,2026-05-28T11:08:06.807,2026-05-28T11:23:36.807,-930,716.0,-0.005880137
balanza,309.0,-43.64,,154.51344169999902,2026-05-28T11:08:06.808,2026-05-28T11:23:36.808,-930,,
multimetro,,,,154.71851190000052,2026-05-28T11:08:07.017,2026-05-28T11:23:37.017,-930,717.0,-0.005880127
multimetro,,,,154.93350719999944,2026-05-28T11:08:07.237,2026-05-28T11:23:37.237,-930,718.0,-0.005880305
balanza,310.0,-43.57,,155.0132494999998,2026-05-28T11:08:07.315,2026-05-28T11:23:37.315,-930,,
multimetro,,,,155.14865309999914,2026-05-28T11:08:07.451,2026-05-28T11:23:37.451,-930,719.0,-0.005880169
multimetro,,,,155.36378089999926,2026-05-28T11:08:07.657,2026-05-28T11:23:37.657,-930,720.0,-0.005880232
balanza,311.0,-43.57,,155.51361519999955,2026-05-28T11:08:07.808,2026-05-28T11:23:37.808,-930,,
multimetro,,,,155.57884829999966,2026-05-28T11:08:07.874,2026-05-28T11:23:37.874,-930,721.0,-0.005880326
multimetro,,,,155.7939826999991,2026-05-28T11:08:08.091,2026-05-28T11:23:38.091,-930,722.0,-0.005880483
multimetro,,,,156.00915859999986,2026-05-28T11:08:08.308,2026-05-28T11:23:38.308,-930,723.0,-0.005880556
balanza,312.0,-43.39,,156.01359930000035,2026-05-28T11:08:08.317,2026-05-28T11:23:38.317,-930,,
multimetro,,,,156.22439589999885,2026-05-28T11:08:08.524,2026-05-28T11:23:38.524,-930,724.0,-0.005880368
multimetro,,,,156.43960049999987,2026-05-28T11:08:08.741,2026-05-28T11:23:38.741,-930,725.0,-0.005880671
balanza,313.0,-43.4,,156.51361899999938,2026-05-28T11:08:08.817,2026-05-28T11:23:38.817,-930,,
multimetro,,,,156.65475229999902,2026-05-28T11:08:08.957,2026-05-28T11:23:38.957,-930,726.0,-0.005880682
multimetro,,,,156.8699801999992,2026-05-28T11:08:09.167,2026-05-28T11:23:39.167,-930,727.0,-0.005880734
balanza,314.0,-43.49,,157.01348429999962,2026-05-28T11:08:09.308,2026-05-28T11:23:39.308,-930,,
multimetro,,,,157.08510430000024,2026-05-28T11:08:09.384,2026-05-28T11:23:39.384,-930,728.0,-0.005880912
multimetro,,,,157.3004536999997,2026-05-28T11:08:09.603,2026-05-28T11:23:39.603,-930,729.0,-0.005880881
balanza,315.0,-43.61,,157.5134005,2026-05-28T11:08:09.807,2026-05-28T11:23:39.807,-930,,
multimetro,,,,157.5153989999999,2026-05-28T11:08:09.818,2026-05-28T11:23:39.818,-930,730.0,-0.005881048
multimetro,,,,157.73069020000003,2026-05-28T11:08:10.034,2026-05-28T11:23:40.034,-930,731.0,-0.005881122
multimetro,,,,157.94589409999935,2026-05-28T11:08:10.249,2026-05-28T11:23:40.249,-930,732.0,-0.005881038
balanza,316.0,-43.59,,158.0134571999988,2026-05-28T11:08:10.309,2026-05-28T11:23:40.309,-930,,
multimetro,,,,158.16086299999915,2026-05-28T11:08:10.458,2026-05-28T11:23:40.458,-930,733.0,-0.005880985
multimetro,,,,158.3760672999997,2026-05-28T11:08:10.674,2026-05-28T11:23:40.674,-930,734.0,-0.005881017
balanza,317.0,-43.62,,158.51342979999936,2026-05-28T11:08:10.812,2026-05-28T11:23:40.812,-930,,
multimetro,,,,158.59125829999903,2026-05-28T11:08:10.893,2026-05-28T11:23:40.893,-930,735.0,-0.005880996
multimetro,,,,158.8064016999997,2026-05-28T11:08:11.109,2026-05-28T11:23:41.109,-930,736.0,-0.005880912
balanza,318.0,-43.49,,159.01372459999948,2026-05-28T11:08:11.317,2026-05-28T11:23:41.317,-930,,
multimetro,,,,159.02144190000035,2026-05-28T11:08:11.325,2026-05-28T11:23:41.325,-930,737.0,-0.00588109
multimetro,,,,159.23637289999897,2026-05-28T11:08:11.539,2026-05-28T11:23:41.539,-930,738.0,-0.005881027
multimetro,,,,159.45155609999892,2026-05-28T11:08:11.755,2026-05-28T11:23:41.755,-930,739.0,-0.005881059
balanza,319.0,-43.53,,159.51365029999943,2026-05-28T11:08:11.815,2026-05-28T11:23:41.815,-930,,
multimetro,,,,159.66656560000047,2026-05-28T11:08:11.960,2026-05-28T11:23:41.960,-930,740.0,-0.005880912
multimetro,,,,159.88151350000044,2026-05-28T11:08:12.184,2026-05-28T11:23:42.184,-930,741.0,-0.005880975
balanza,320.0,-43.46,,160.0136924999988,2026-05-28T11:08:12.317,2026-05-28T11:23:42.317,-930,,
multimetro,,,,160.09709909999947,2026-05-28T11:08:12.401,2026-05-28T11:23:42.401,-930,742.0,-0.00588131
multimetro,,,,160.31236009999884,2026-05-28T11:08:12.608,2026-05-28T11:23:42.608,-930,743.0,-0.00588108
balanza,321.0,-43.52,,160.5134307999997,2026-05-28T11:08:12.814,2026-05-28T11:23:42.814,-930,,
multimetro,,,,160.52744619999976,2026-05-28T11:08:12.824,2026-05-28T11:23:42.824,-930,744.0,-0.005880954
multimetro,,,,160.74254569999903,2026-05-28T11:08:13.046,2026-05-28T11:23:43.046,-930,745.0,-0.005880933
multimetro,,,,160.95760379999956,2026-05-28T11:08:13.253,2026-05-28T11:23:43.253,-930,746.0,-0.005881163
balanza,322.0,-43.53,,161.01336079999965,2026-05-28T11:08:13.312,2026-05-28T11:23:43.312,-930,,
multimetro,,,,161.17265459999908,2026-05-28T11:08:13.472,2026-05-28T11:23:43.472,-930,747.0,-0.00588132
multimetro,,,,161.3876677999997,2026-05-28T11:08:13.689,2026-05-28T11:23:43.689,-930,748.0,-0.00588132
balanza,323.0,-43.43,,161.51377779999893,2026-05-28T11:08:13.817,2026-05-28T11:23:43.817,-930,,
multimetro,,,,161.60294219999923,2026-05-28T11:08:13.899,2026-05-28T11:23:43.899,-930,749.0,-0.005881268
multimetro,,,,161.81793040000048,2026-05-28T11:08:14.121,2026-05-28T11:23:44.121,-930,750.0,-0.005881415
balanza,324.0,-43.54,,162.01344020000033,2026-05-28T11:08:14.308,2026-05-28T11:23:44.308,-930,,
multimetro,,,,162.0329703999996,2026-05-28T11:08:14.328,2026-05-28T11:23:44.328,-930,751.0,-0.005881519
multimetro,,,,162.24807849999888,2026-05-28T11:08:14.542,2026-05-28T11:23:44.542,-930,752.0,-0.005881404
multimetro,,,,162.4631907999992,2026-05-28T11:08:14.765,2026-05-28T11:23:44.765,-930,753.0,-0.005881362
balanza,325.0,-43.5,,162.51355929999954,2026-05-28T11:08:14.807,2026-05-28T11:23:44.807,-930,,
multimetro,,,,162.678069399999,2026-05-28T11:08:14.981,2026-05-28T11:23:44.981,-930,754.0,-0.005881561
multimetro,,,,162.89350259999992,2026-05-28T11:08:15.188,2026-05-28T11:23:45.188,-930,755.0,-0.005881478
balanza,326.0,-43.52,,163.01355729999887,2026-05-28T11:08:15.308,2026-05-28T11:23:45.308,-930,,
multimetro,,,,163.10870049999903,2026-05-28T11:08:15.408,2026-05-28T11:23:45.408,-930,756.0,-0.005881446
multimetro,,,,163.3236410999998,2026-05-28T11:08:15.625,2026-05-28T11:23:45.625,-930,757.0,-0.005881446
balanza,327.0,-43.51,,163.51363579999997,2026-05-28T11:08:15.811,2026-05-28T11:23:45.811,-930,,
multimetro,,,,163.5387508999993,2026-05-28T11:08:15.841,2026-05-28T11:23:45.841,-930,758.0,-0.005881603
multimetro,,,,163.75395170000047,2026-05-28T11:08:16.057,2026-05-28T11:23:46.057,-930,759.0,-0.005881572
multimetro,,,,163.9691086999992,2026-05-28T11:08:16.269,2026-05-28T11:23:46.269,-930,760.0,-0.005881457
balanza,328.0,-43.55,,164.0138465,2026-05-28T11:08:16.317,2026-05-28T11:23:46.317,-930,,
multimetro,,,,164.1840532999995,2026-05-28T11:08:16.478,2026-05-28T11:23:46.478,-930,761.0,-0.00588176
multimetro,,,,164.39921279999908,2026-05-28T11:08:16.699,2026-05-28T11:23:46.699,-930,762.0,-0.005881991
balanza,329.0,-43.5,,164.51364879999892,2026-05-28T11:08:16.808,2026-05-28T11:23:46.808,-930,,
multimetro,,,,164.61428299999898,2026-05-28T11:08:16.916,2026-05-28T11:23:46.916,-930,763.0,-0.005881865
multimetro,,,,164.82934690000002,2026-05-28T11:08:17.131,2026-05-28T11:23:47.131,-930,764.0,-0.005881875
balanza,330.0,-43.54,,165.01355069999954,2026-05-28T11:08:17.308,2026-05-28T11:23:47.308,-930,,
multimetro,,,,165.044627199999,2026-05-28T11:08:17.348,2026-05-28T11:23:47.348,-930,765.0,-0.005881896
multimetro,,,,165.2597225999998,2026-05-28T11:08:17.559,2026-05-28T11:23:47.559,-930,766.0,-0.005881917
multimetro,,,,165.47478020000017,2026-05-28T11:08:17.778,2026-05-28T11:23:47.778,-930,767.0,-0.005881865
balanza,331.0,-43.5,,165.5137040999998,2026-05-28T11:08:17.817,2026-05-28T11:23:47.817,-930,,
multimetro,,,,165.68998309999915,2026-05-28T11:08:17.993,2026-05-28T11:23:47.993,-930,768.0,-0.005881875
multimetro,,,,165.90512730000046,2026-05-28T11:08:18.205,2026-05-28T11:23:48.205,-930,769.0,-0.005881823
balanza,332.0,-43.54,,166.0135623999995,2026-05-28T11:08:18.314,2026-05-28T11:23:48.314,-930,,
multimetro,,,,166.1202491999993,2026-05-28T11:08:18.423,2026-05-28T11:23:48.423,-930,770.0,-0.005881875
multimetro,,,,166.3354275999991,2026-05-28T11:08:18.631,2026-05-28T11:23:48.631,-930,771.0,-0.005881896
balanza,333.0,-43.46,,166.5136977000002,2026-05-28T11:08:18.817,2026-05-28T11:23:48.817,-930,,
multimetro,,,,166.55050610000035,2026-05-28T11:08:18.852,2026-05-28T11:23:48.852,-930,772.0,-0.00588198
multimetro,,,,166.76601619999929,2026-05-28T11:08:19.065,2026-05-28T11:23:49.065,-930,773.0,-0.005882001
multimetro,,,,166.98103830000036,2026-05-28T11:08:19.284,2026-05-28T11:23:49.284,-930,774.0,-0.005882273
balanza,334.0,-43.49,,167.01372979999906,2026-05-28T11:08:19.316,2026-05-28T11:23:49.316,-930,,
multimetro,,,,167.19621159999951,2026-05-28T11:08:19.492,2026-05-28T11:23:49.492,-930,775.0,-0.005882085
multimetro,,,,167.4113039999993,2026-05-28T11:08:19.708,2026-05-28T11:23:49.708,-930,776.0,-0.005882001
balanza,335.0,-43.54,,167.51336699999956,2026-05-28T11:08:19.808,2026-05-28T11:23:49.808,-930,,
multimetro,,,,167.6262472999988,2026-05-28T11:08:19.922,2026-05-28T11:23:49.922,-930,777.0,-0.005882064
multimetro,,,,167.84156900000016,2026-05-28T11:08:20.145,2026-05-28T11:23:50.145,-930,778.0,-0.005882169
balanza,336.0,-43.52,,168.0138171999988,2026-05-28T11:08:20.317,2026-05-28T11:23:50.317,-930,,
multimetro,,,,168.05652949999967,2026-05-28T11:08:20.357,2026-05-28T11:23:50.357,-930,779.0,-0.00588221
multimetro,,,,168.27169700000013,2026-05-28T11:08:20.575,2026-05-28T11:23:50.575,-930,780.0,-0.005882189
multimetro,,,,168.48679529999936,2026-05-28T11:08:20.782,2026-05-28T11:23:50.782,-930,781.0,-0.005882273
balanza,337.0,-43.51,,168.51364079999985,2026-05-28T11:08:20.817,2026-05-28T11:23:50.817,-930,,
multimetro,,,,168.70198010000058,2026-05-28T11:08:21.000,2026-05-28T11:23:51.000,-930,782.0,-0.005882336
multimetro,,,,168.91691349999928,2026-05-28T11:08:21.212,2026-05-28T11:23:51.212,-930,783.0,-0.005882179
balanza,338.0,-43.5,,169.0136793999991,2026-05-28T11:08:21.310,2026-05-28T11:23:51.310,-930,,
multimetro,,,,169.13216929999908,2026-05-28T11:08:21.431,2026-05-28T11:23:51.431,-930,784.0,-0.005882273
multimetro,,,,169.34710919999998,2026-05-28T11:08:21.651,2026-05-28T11:23:51.651,-930,785.0,-0.00588221
balanza,339.0,-43.53,,169.5131777000006,2026-05-28T11:08:21.816,2026-05-28T11:23:51.816,-930,,
multimetro,,,,169.56238230000054,2026-05-28T11:08:21.866,2026-05-28T11:23:51.866,-930,786.0,-0.005882169
multimetro,,,,169.77728949999982,2026-05-28T11:08:22.074,2026-05-28T11:23:52.074,-930,787.0,-0.005882148
multimetro,,,,169.992395199999,2026-05-28T11:08:22.288,2026-05-28T11:23:52.288,-930,788.0,-0.005882305
balanza,340.0,-43.52,,170.01364850000027,2026-05-28T11:08:22.317,2026-05-28T11:23:52.317,-930,,
multimetro,,,,170.20761409999977,2026-05-28T11:08:22.508,2026-05-28T11:23:52.508,-930,789.0,-0.005882305
multimetro,,,,170.42279000000053,2026-05-28T11:08:22.725,2026-05-28T11:23:52.725,-930,790.0,-0.005882305
balanza,341.0,-43.52,,170.51363879999917,2026-05-28T11:08:22.814,2026-05-28T11:23:52.814,-930,,
multimetro,,,,170.63809009999932,2026-05-28T11:08:22.935,2026-05-28T11:23:52.935,-930,791.0,-0.005882221
multimetro,,,,170.853072599999,2026-05-28T11:08:23.155,2026-05-28T11:23:53.155,-930,792.0,-0.005882409
balanza,342.0,-43.58,,171.01363719999972,2026-05-28T11:08:23.311,2026-05-28T11:23:53.311,-930,,
multimetro,,,,171.06829089999883,2026-05-28T11:08:23.372,2026-05-28T11:23:53.372,-930,793.0,-0.005882451
multimetro,,,,171.28339930000038,2026-05-28T11:08:23.579,2026-05-28T11:23:53.579,-930,794.0,-0.005882462
multimetro,,,,171.49849410000024,2026-05-28T11:08:23.799,2026-05-28T11:23:53.799,-930,795.0,-0.005882566
balanza,343.0,-43.63,,171.51343300000008,2026-05-28T11:08:23.813,2026-05-28T11:23:53.813,-930,,
multimetro,,,,171.71338669999932,2026-05-28T11:08:24.016,2026-05-28T11:23:54.016,-930,796.0,-0.005882608
multimetro,,,,171.9285273000005,2026-05-28T11:08:24.225,2026-05-28T11:23:54.225,-930,797.0,-0.005882462
balanza,344.0,-43.55,,172.01348789999975,2026-05-28T11:08:24.314,2026-05-28T11:23:54.314,-930,,
multimetro,,,,172.14362099999926,2026-05-28T11:08:24.445,2026-05-28T11:23:54.445,-930,798.0,-0.005882744
multimetro,,,,172.35869599999933,2026-05-28T11:08:24.661,2026-05-28T11:23:54.661,-930,799.0,-0.005882682
balanza,345.0,-43.52,,172.5136767999993,2026-05-28T11:08:24.817,2026-05-28T11:23:54.817,-930,,
multimetro,,,,172.5737494999994,2026-05-28T11:08:24.877,2026-05-28T11:23:54.877,-930,800.0,-0.005882671
multimetro,,,,172.78876499999933,2026-05-28T11:08:25.090,2026-05-28T11:23:55.090,-930,801.0,-0.005882734
multimetro,,,,173.00403410000035,2026-05-28T11:08:25.304,2026-05-28T11:23:55.304,-930,802.0,-0.005882535
balanza,346.0,-43.53,,173.0138079999997,2026-05-28T11:08:25.312,2026-05-28T11:23:55.312,-930,,
multimetro,,,,173.21901099999923,2026-05-28T11:08:25.515,2026-05-28T11:23:55.515,-930,803.0,-0.005882629
multimetro,,,,173.43435039999895,2026-05-28T11:08:25.738,2026-05-28T11:23:55.738,-930,804.0,-0.005882514
balanza,347.0,-43.6,,173.51354979999996,2026-05-28T11:08:25.811,2026-05-28T11:23:55.811,-930,,
multimetro,,,,173.64960539999993,2026-05-28T11:08:25.953,2026-05-28T11:23:55.953,-930,805.0,-0.005882441
multimetro,,,,173.86481230000027,2026-05-28T11:08:26.168,2026-05-28T11:23:56.168,-930,806.0,-0.005882483
balanza,348.0,-43.57,,174.01323869999942,2026-05-28T11:08:26.316,2026-05-28T11:23:56.316,-930,,
multimetro,,,,174.07981049999944,2026-05-28T11:08:26.376,2026-05-28T11:23:56.376,-930,807.0,-0.005882493
multimetro,,,,174.29494059999888,2026-05-28T11:08:26.595,2026-05-28T11:23:56.595,-930,808.0,-0.005882619
multimetro,,,,174.5099382999997,2026-05-28T11:08:26.813,2026-05-28T11:23:56.813,-930,809.0,-0.005882545
balanza,349.0,-43.56,,174.5133079999996,2026-05-28T11:08:26.813,2026-05-28T11:23:56.813,-930,,
multimetro,,,,174.72511920000034,2026-05-28T11:08:27.029,2026-05-28T11:23:57.029,-930,810.0,-0.005882598
multimetro,,,,174.94035260000055,2026-05-28T11:08:27.242,2026-05-28T11:23:57.242,-930,811.0,-0.005882598
balanza,350.0,-43.55,,175.01335800000015,2026-05-28T11:08:27.309,2026-05-28T11:23:57.309,-930,,
multimetro,,,,175.15546749999885,2026-05-28T11:08:27.459,2026-05-28T11:23:57.459,-930,812.0,-0.00588264
multimetro,,,,175.3705818999988,2026-05-28T11:08:27.674,2026-05-28T11:23:57.674,-930,813.0,-0.005882629
balanza,351.0,-43.55,,175.5133077999999,2026-05-28T11:08:27.814,2026-05-28T11:23:57.814,-930,,
multimetro,,,,175.58579970000028,2026-05-28T11:08:27.882,2026-05-28T11:23:57.882,-930,814.0,-0.005882629
multimetro,,,,175.8009686000005,2026-05-28T11:08:28.104,2026-05-28T11:23:58.104,-930,815.0,-0.005882629
balanza,352.0,-43.53,,176.0134521,2026-05-28T11:08:28.310,2026-05-28T11:23:58.310,-930,,
multimetro,,,,176.0160209000005,2026-05-28T11:08:28.310,2026-05-28T11:23:58.310,-930,816.0,-0.005882723
multimetro,,,,176.23109300000033,2026-05-28T11:08:28.528,2026-05-28T11:23:58.528,-930,817.0,-0.005882692
multimetro,,,,176.44613059999938,2026-05-28T11:08:28.749,2026-05-28T11:23:58.749,-930,818.0,-0.005882723
balanza,353.0,-43.58,,176.51340940000046,2026-05-28T11:08:28.811,2026-05-28T11:23:58.811,-930,,
multimetro,,,,176.66111439999986,2026-05-28T11:08:28.962,2026-05-28T11:23:58.962,-930,819.0,-0.005882713
multimetro,,,,176.87609069999962,2026-05-28T11:08:29.178,2026-05-28T11:23:59.178,-930,820.0,-0.005882776
balanza,354.0,-43.55,,177.01375650000045,2026-05-28T11:08:29.311,2026-05-28T11:23:59.311,-930,,
multimetro,,,,177.09131979999984,2026-05-28T11:08:29.390,2026-05-28T11:23:59.390,-930,821.0,-0.005882713
multimetro,,,,177.30624700000044,2026-05-28T11:08:29.608,2026-05-28T11:23:59.608,-930,822.0,-0.005882776
balanza,355.0,-43.56,,177.51344699999936,2026-05-28T11:08:29.814,2026-05-28T11:23:59.814,-930,,
multimetro,,,,177.52145699999892,2026-05-28T11:08:29.824,2026-05-28T11:23:59.824,-930,823.0,-0.005882692
multimetro,,,,177.73654709999937,2026-05-28T11:08:30.039,2026-05-28T11:24:00.039,-930,824.0,-0.005882765
multimetro,,,,177.95166049999898,2026-05-28T11:08:30.255,2026-05-28T11:24:00.255,-930,825.0,-0.005882807
balanza,356.0,-43.6,,178.0135283999989,2026-05-28T11:08:30.311,2026-05-28T11:24:00.311,-930,,
multimetro,,,,178.16679269999986,2026-05-28T11:08:30.462,2026-05-28T11:24:00.462,-930,826.0,-0.005882755
multimetro,,,,178.38189359999888,2026-05-28T11:08:30.678,2026-05-28T11:24:00.678,-930,827.0,-0.005882661
balanza,357.0,-43.49,,178.51341440000033,2026-05-28T11:08:30.814,2026-05-28T11:24:00.814,-930,,
multimetro,,,,178.59778639999968,2026-05-28T11:08:30.900,2026-05-28T11:24:00.900,-930,828.0,-0.005882943
multimetro,,,,178.81298799999968,2026-05-28T11:08:31.107,2026-05-28T11:24:01.107,-930,829.0,-0.005882891
balanza,358.0,-43.58,,179.01364590000048,2026-05-28T11:08:31.308,2026-05-28T11:24:01.308,-930,,
multimetro,,,,179.02838549999979,2026-05-28T11:08:31.328,2026-05-28T11:24:01.328,-930,830.0,-0.005882723
multimetro,,,,179.24358930000017,2026-05-28T11:08:31.545,2026-05-28T11:24:01.545,-930,831.0,-0.005882849
multimetro,,,,179.4588191999992,2026-05-28T11:08:31.762,2026-05-28T11:24:01.762,-930,832.0,-0.005882807
balanza,359.0,-43.55,,179.5134569999991,2026-05-28T11:08:31.807,2026-05-28T11:24:01.807,-930,,
multimetro,,,,179.6740162999995,2026-05-28T11:08:31.977,2026-05-28T11:24:01.977,-930,833.0,-0.00588286
multimetro,,,,179.8890121000004,2026-05-28T11:08:32.188,2026-05-28T11:24:02.188,-930,834.0,-0.005882849
multimetro,,,,180.1042419000005,2026-05-28T11:08:32.407,2026-05-28T11:24:02.407,-930,835.0,-0.005882786
