sensor,indice_balanza,masa_g,error,tiempo_s,fecha_hora_corregida,fecha_hora_pc_sin_corregir,correccion_reloj_s,indice_multimetro,voltaje_V
multimetro,,,,0.41532920000099693,2026-05-28T12:03:43.027,2026-05-28T12:19:13.027,-930,0.0,0.001099074
multimetro,,,,0.6312624000001961,2026-05-28T12:03:43.242,2026-05-28T12:19:13.242,-930,1.0,0.001098215
multimetro,,,,0.846219300001394,2026-05-28T12:03:43.458,2026-05-28T12:19:13.458,-930,2.0,0.001098383
multimetro,,,,1.0612744000009116,2026-05-28T12:03:43.666,2026-05-28T12:19:13.666,-930,3.0,0.001097231
balanza,0.0,,Error desde Arduino: HX711 not found.,1.076949100001002,2026-05-28T12:03:43.682,2026-05-28T12:19:13.682,-930,,
multimetro,,,,1.276445600000443,2026-05-28T12:03:43.882,2026-05-28T12:19:13.882,-930,4.0,0.00109588
multimetro,,,,1.4916021000008186,2026-05-28T12:03:44.099,2026-05-28T12:19:14.099,-930,5.0,0.001094467
multimetro,,,,1.706781900000351,2026-05-28T12:03:44.316,2026-05-28T12:19:14.316,-930,6.0,0.001089839
multimetro,,,,1.921808000000965,2026-05-28T12:03:44.532,2026-05-28T12:19:14.532,-930,7.0,0.001087379
balanza,1.0,12.32,,2.069204200000968,2026-05-28T12:03:44.682,2026-05-28T12:19:14.682,-930,,
balanza,2.0,,Error desde Arduino: HX711 not found.,2.0923562000007223,2026-05-28T12:03:44.699,2026-05-28T12:19:14.699,-930,,
multimetro,,,,2.137049599999955,2026-05-28T12:03:44.749,2026-05-28T12:19:14.749,-930,8.0,0.001082207
multimetro,,,,2.3522017000013875,2026-05-28T12:03:44.959,2026-05-28T12:19:14.959,-930,9.0,0.001063246
multimetro,,,,2.5671260000017355,2026-05-28T12:03:45.177,2026-05-28T12:19:15.177,-930,10.0,0.001047144
multimetro,,,,2.782185500000196,2026-05-28T12:03:45.392,2026-05-28T12:19:15.392,-930,11.0,0.001029879
multimetro,,,,2.9972522000007302,2026-05-28T12:03:45.609,2026-05-28T12:19:15.609,-930,12.0,0.000985864
balanza,3.0,27.67,,3.084754500001509,2026-05-28T12:03:45.692,2026-05-28T12:19:15.692,-930,,
balanza,4.0,,Error desde Arduino: HX711 not found.,3.107875400000921,2026-05-28T12:03:45.716,2026-05-28T12:19:15.716,-930,,
multimetro,,,,3.212065800000346,2026-05-28T12:03:45.816,2026-05-28T12:19:15.816,-930,13.0,0.000862604
multimetro,,,,3.42714530000012,2026-05-28T12:03:46.039,2026-05-28T12:19:16.039,-930,14.0,0.000679226
multimetro,,,,3.64222510000036,2026-05-28T12:03:46.249,2026-05-28T12:19:16.249,-930,15.0,0.00052263
multimetro,,,,3.8572945000014442,2026-05-28T12:03:46.466,2026-05-28T12:19:16.466,-930,16.0,0.000511218
multimetro,,,,4.072117300000173,2026-05-28T12:03:46.682,2026-05-28T12:19:16.682,-930,17.0,0.000456597
balanza,5.0,32.23,,4.100326500001756,2026-05-28T12:03:46.709,2026-05-28T12:19:16.709,-930,,
balanza,6.0,,Error desde Arduino: HX711 not found.,4.123610800001188,2026-05-28T12:03:46.732,2026-05-28T12:19:16.732,-930,,
multimetro,,,,4.2872714000004635,2026-05-28T12:03:46.899,2026-05-28T12:19:16.899,-930,18.0,0.000347418
multimetro,,,,4.502307500000825,2026-05-28T12:03:47.109,2026-05-28T12:19:17.109,-930,19.0,0.000229424
multimetro,,,,4.717383200000768,2026-05-28T12:03:47.325,2026-05-28T12:19:17.325,-930,20.0,0.000137918
multimetro,,,,4.932289300000775,2026-05-28T12:03:47.542,2026-05-28T12:19:17.542,-930,21.0,0.000101745
balanza,7.0,30.19,,5.115918200001033,2026-05-28T12:03:47.725,2026-05-28T12:19:17.725,-930,,
balanza,8.0,,Error desde Arduino: HX711 not found.,5.138931900000898,2026-05-28T12:03:47.749,2026-05-28T12:19:17.749,-930,,
multimetro,,,,5.14734430000135,2026-05-28T12:03:47.759,2026-05-28T12:19:17.759,-930,22.0,0.000101504
multimetro,,,,5.362161900000501,2026-05-28T12:03:47.966,2026-05-28T12:19:17.966,-930,23.0,0.000118382
multimetro,,,,5.577016900000672,2026-05-28T12:03:48.182,2026-05-28T12:19:18.182,-930,24.0,0.000116706
multimetro,,,,5.791843400000289,2026-05-28T12:03:48.399,2026-05-28T12:19:18.399,-930,25.0,9.3244e-05
multimetro,,,,6.006712700000207,2026-05-28T12:03:48.616,2026-05-28T12:19:18.616,-930,26.0,6.9833e-05
balanza,9.0,29.28,,6.131348600001729,2026-05-28T12:03:48.742,2026-05-28T12:19:18.742,-930,,
balanza,10.0,,Error desde Arduino: HX711 not found.,6.1544146000014734,2026-05-28T12:03:48.766,2026-05-28T12:19:18.766,-930,,
multimetro,,,,6.221532200001093,2026-05-28T12:03:48.832,2026-05-28T12:19:18.832,-930,27.0,5.2066e-05
multimetro,,,,6.436401300001307,2026-05-28T12:03:49.049,2026-05-28T12:19:19.049,-930,28.0,3.0477e-05
multimetro,,,,6.651229600000079,2026-05-28T12:03:49.263,2026-05-28T12:19:19.263,-930,29.0,9.287e-06
multimetro,,,,6.866448500000843,2026-05-28T12:03:49.475,2026-05-28T12:19:19.475,-930,30.0,-1.3684e-05
multimetro,,,,7.0814153000010265,2026-05-28T12:03:49.692,2026-05-28T12:19:19.692,-930,31.0,-3.3482e-05
balanza,11.0,27.19,,7.146919400000115,2026-05-28T12:03:49.759,2026-05-28T12:19:19.759,-930,,
balanza,12.0,,Error desde Arduino: HX711 not found.,7.169971200000873,2026-05-28T12:03:49.782,2026-05-28T12:19:19.782,-930,,
multimetro,,,,7.296763900001679,2026-05-28T12:03:49.909,2026-05-28T12:19:19.909,-930,32.0,-4.7281e-05
multimetro,,,,7.511709100001099,2026-05-28T12:03:50.116,2026-05-28T12:19:20.116,-930,33.0,-6.2065e-05
multimetro,,,,7.726787100000365,2026-05-28T12:03:50.332,2026-05-28T12:19:20.332,-930,34.0,-8.2366e-05
multimetro,,,,7.94206640000084,2026-05-28T12:03:50.555,2026-05-28T12:19:20.555,-930,35.0,-9.5421e-05
balanza,13.0,27.0,,8.1623524000006,2026-05-28T12:03:50.774,2026-05-28T12:19:20.774,-930,,
multimetro,,,,8.185704400000759,2026-05-28T12:03:50.798,2026-05-28T12:19:20.798,-930,36.0,-0.000116319
balanza,14.0,,Error desde Arduino: HX711 not found.,8.186664500000916,2026-05-28T12:03:50.799,2026-05-28T12:19:20.799,-930,,
multimetro,,,,8.400123700001132,2026-05-28T12:03:51.009,2026-05-28T12:19:21.009,-930,37.0,-0.000136075
multimetro,,,,8.61510680000174,2026-05-28T12:03:51.226,2026-05-28T12:19:21.226,-930,38.0,-0.000153644
multimetro,,,,8.829953800001022,2026-05-28T12:03:51.442,2026-05-28T12:19:21.442,-930,39.0,-0.000170992
multimetro,,,,9.045242200001667,2026-05-28T12:03:51.658,2026-05-28T12:19:21.658,-930,40.0,-0.000189555
balanza,15.0,26.25,,9.179082800001197,2026-05-28T12:03:51.792,2026-05-28T12:19:21.792,-930,,
balanza,16.0,,Error desde Arduino: HX711 not found.,9.2024435000003,2026-05-28T12:03:51.815,2026-05-28T12:19:21.815,-930,,
multimetro,,,,9.260301700000127,2026-05-28T12:03:51.865,2026-05-28T12:19:21.865,-930,41.0,-0.000208359
multimetro,,,,9.475366500000746,2026-05-28T12:03:52.082,2026-05-28T12:19:22.082,-930,42.0,-0.000224304
multimetro,,,,9.690647700001136,2026-05-28T12:03:52.299,2026-05-28T12:19:22.299,-930,43.0,-0.000240731
multimetro,,,,9.905723100000614,2026-05-28T12:03:52.516,2026-05-28T12:19:22.516,-930,44.0,-0.000259074
multimetro,,,,10.120798500000092,2026-05-28T12:03:52.732,2026-05-28T12:19:22.732,-930,45.0,-0.000274716
balanza,17.0,24.83,,10.194705000001704,2026-05-28T12:03:52.799,2026-05-28T12:19:22.799,-930,,
balanza,18.0,,Error desde Arduino: HX711 not found.,10.217838600001414,2026-05-28T12:03:52.826,2026-05-28T12:19:22.826,-930,,
multimetro,,,,10.335713800001031,2026-05-28T12:03:52.948,2026-05-28T12:19:22.948,-930,46.0,-0.000290525
multimetro,,,,10.550729000000501,2026-05-28T12:03:53.163,2026-05-28T12:19:23.163,-930,47.0,-0.000305183
multimetro,,,,10.765744900001664,2026-05-28T12:03:53.375,2026-05-28T12:19:23.375,-930,48.0,-0.000322657
multimetro,,,,10.98081220000131,2026-05-28T12:03:53.593,2026-05-28T12:19:23.593,-930,49.0,-0.000337252
multimetro,,,,11.195892700001423,2026-05-28T12:03:53.799,2026-05-28T12:19:23.799,-930,50.0,-0.000352862
balanza,19.0,23.52,,11.210227800000212,2026-05-28T12:03:53.816,2026-05-28T12:19:23.816,-930,,
balanza,20.0,,Error desde Arduino: HX711 not found.,11.233557200001087,2026-05-28T12:03:53.842,2026-05-28T12:19:23.842,-930,,
multimetro,,,,11.410864700001184,2026-05-28T12:03:54.016,2026-05-28T12:19:24.016,-930,51.0,-0.000369719
multimetro,,,,11.625745700001062,2026-05-28T12:03:54.232,2026-05-28T12:19:24.232,-930,52.0,-0.00038401
multimetro,,,,11.841023700000733,2026-05-28T12:03:54.454,2026-05-28T12:19:24.454,-930,53.0,-0.00039448
multimetro,,,,12.055849900001704,2026-05-28T12:03:54.666,2026-05-28T12:19:24.666,-930,54.0,-0.000410142
balanza,21.0,22.8,,12.225824000001012,2026-05-28T12:03:54.832,2026-05-28T12:19:24.832,-930,,
balanza,22.0,,Error desde Arduino: HX711 not found.,12.249081700001625,2026-05-28T12:03:54.861,2026-05-28T12:19:24.861,-930,,
multimetro,,,,12.271005500000683,2026-05-28T12:03:54.882,2026-05-28T12:19:24.882,-930,55.0,-0.000426643
multimetro,,,,12.486193200000343,2026-05-28T12:03:55.099,2026-05-28T12:19:25.099,-930,56.0,-0.000439531
multimetro,,,,12.701213400001507,2026-05-28T12:03:55.309,2026-05-28T12:19:25.309,-930,57.0,-0.000457372
multimetro,,,,12.916229400001612,2026-05-28T12:03:55.525,2026-05-28T12:19:25.525,-930,58.0,-0.000470333
multimetro,,,,13.131083300000682,2026-05-28T12:03:55.742,2026-05-28T12:19:25.742,-930,59.0,-0.00048564
balanza,23.0,22.3,,13.241265600001498,2026-05-28T12:03:55.854,2026-05-28T12:19:25.854,-930,,
balanza,24.0,,Error desde Arduino: HX711 not found.,13.264453100000537,2026-05-28T12:03:55.875,2026-05-28T12:19:25.875,-930,,
multimetro,,,,13.345954800000982,2026-05-28T12:03:55.959,2026-05-28T12:19:25.959,-930,60.0,-0.000498884
multimetro,,,,13.561082100000931,2026-05-28T12:03:56.166,2026-05-28T12:19:26.166,-930,61.0,-0.000512987
multimetro,,,,13.776229000000967,2026-05-28T12:03:56.382,2026-05-28T12:19:26.382,-930,62.0,-0.000526566
multimetro,,,,13.991103500000463,2026-05-28T12:03:56.599,2026-05-28T12:19:26.599,-930,63.0,-0.00054002
multimetro,,,,14.206303599999956,2026-05-28T12:03:56.816,2026-05-28T12:19:26.816,-930,64.0,-0.000553704
balanza,25.0,21.2,,14.256730000000971,2026-05-28T12:03:56.865,2026-05-28T12:19:26.865,-930,,
balanza,26.0,,Error desde Arduino: HX711 not found.,14.279916200001026,2026-05-28T12:03:56.892,2026-05-28T12:19:26.892,-930,,
multimetro,,,,14.421387000000323,2026-05-28T12:03:57.032,2026-05-28T12:19:27.032,-930,65.0,-0.000568948
multimetro,,,,14.63663280000037,2026-05-28T12:03:57.249,2026-05-28T12:19:27.249,-930,66.0,-0.000580098
multimetro,,,,14.85148130000016,2026-05-28T12:03:57.464,2026-05-28T12:19:27.464,-930,67.0,-0.000595018
multimetro,,,,15.066482600001109,2026-05-28T12:03:57.675,2026-05-28T12:19:27.675,-930,68.0,-0.000608168
balanza,27.0,20.23,,15.27220110000053,2026-05-28T12:03:57.882,2026-05-28T12:19:27.882,-930,,
multimetro,,,,15.28158700000131,2026-05-28T12:03:57.892,2026-05-28T12:19:27.892,-930,69.0,-0.000621642
balanza,28.0,20.73,,15.284261600001628,2026-05-28T12:03:57.892,2026-05-28T12:19:27.892,-930,,
balanza,29.0,,Error desde Arduino: HX711 not found.,15.307362800000192,2026-05-28T12:03:57.916,2026-05-28T12:19:27.916,-930,,
multimetro,,,,15.496604700001626,2026-05-28T12:03:58.109,2026-05-28T12:19:28.109,-930,70.0,-0.000633965
multimetro,,,,15.711451400000442,2026-05-28T12:03:58.317,2026-05-28T12:19:28.317,-930,71.0,-0.000648738
multimetro,,,,15.926491500000338,2026-05-28T12:03:58.532,2026-05-28T12:19:28.532,-930,72.0,-0.00066306
multimetro,,,,16.14146140000048,2026-05-28T12:03:58.754,2026-05-28T12:19:28.754,-930,73.0,-0.0006762
balanza,30.0,20.05,,16.299777000000176,2026-05-28T12:03:58.909,2026-05-28T12:19:28.909,-930,,
balanza,31.0,,Error desde Arduino: HX711 not found.,16.322895100000096,2026-05-28T12:03:58.932,2026-05-28T12:19:28.932,-930,,
multimetro,,,,16.356587800000852,2026-05-28T12:03:58.966,2026-05-28T12:19:28.966,-930,74.0,-0.000688062
multimetro,,,,16.571536000001288,2026-05-28T12:03:59.182,2026-05-28T12:19:29.182,-930,75.0,-0.000702971
multimetro,,,,16.786608000000342,2026-05-28T12:03:59.399,2026-05-28T12:19:29.399,-930,76.0,-0.000715901
multimetro,,,,17.001523000000816,2026-05-28T12:03:59.608,2026-05-28T12:19:29.608,-930,77.0,-0.000730151
multimetro,,,,17.216564199999993,2026-05-28T12:03:59.825,2026-05-28T12:19:29.825,-930,78.0,-0.000742358
balanza,32.0,18.99,,17.315337200001522,2026-05-28T12:03:59.925,2026-05-28T12:19:29.925,-930,,
balanza,33.0,,Error desde Arduino: HX711 not found.,17.338409400001183,2026-05-28T12:03:59.951,2026-05-28T12:19:29.951,-930,,
multimetro,,,,17.43184360000123,2026-05-28T12:04:00.042,2026-05-28T12:19:30.042,-930,79.0,-0.000756231
multimetro,,,,17.64657680000164,2026-05-28T12:04:00.259,2026-05-28T12:19:30.259,-930,80.0,-0.000772742
multimetro,,,,17.861665800000992,2026-05-28T12:04:00.466,2026-05-28T12:19:30.466,-930,81.0,-0.000786363
multimetro,,,,18.076795000000857,2026-05-28T12:04:00.682,2026-05-28T12:19:30.682,-930,82.0,-0.000801146
multimetro,,,,18.29194280000047,2026-05-28T12:04:00.899,2026-05-28T12:19:30.899,-930,83.0,-0.000811469
balanza,34.0,18.25,,18.33087280000109,2026-05-28T12:04:00.942,2026-05-28T12:19:30.942,-930,,
balanza,35.0,,Error desde Arduino: HX711 not found.,18.354119800000262,2026-05-28T12:04:00.966,2026-05-28T12:19:30.966,-930,,
multimetro,,,,18.50689500000044,2026-05-28T12:04:01.115,2026-05-28T12:19:31.115,-930,84.0,-0.000824085
multimetro,,,,18.721882200001346,2026-05-28T12:04:01.332,2026-05-28T12:19:31.332,-930,85.0,-0.000840177
multimetro,,,,18.936778300001606,2026-05-28T12:04:01.549,2026-05-28T12:19:31.549,-930,86.0,-0.000853034
multimetro,,,,19.151820300001418,2026-05-28T12:04:01.758,2026-05-28T12:19:31.758,-930,87.0,-0.000865535
balanza,36.0,17.48,,19.347189600001002,2026-05-28T12:04:01.959,2026-05-28T12:19:31.959,-930,,
multimetro,,,,19.36684100000093,2026-05-28T12:04:01.976,2026-05-28T12:19:31.976,-930,88.0,-0.000879261
balanza,37.0,,Error desde Arduino: HX711 not found.,19.370368100000633,2026-05-28T12:04:01.982,2026-05-28T12:19:31.982,-930,,
multimetro,,,,19.582007100001647,2026-05-28T12:04:02.192,2026-05-28T12:19:32.192,-930,89.0,-0.000890851
multimetro,,,,19.79710780000096,2026-05-28T12:04:02.408,2026-05-28T12:19:32.408,-930,90.0,-0.000903237
multimetro,,,,20.01216850000128,2026-05-28T12:04:02.615,2026-05-28T12:19:32.615,-930,91.0,-0.000915319
multimetro,,,,20.22734070000115,2026-05-28T12:04:02.839,2026-05-28T12:19:32.839,-930,92.0,-0.000926836
balanza,38.0,16.17,,20.362647600000855,2026-05-28T12:04:02.975,2026-05-28T12:19:32.975,-930,,
balanza,39.0,,Error desde Arduino: HX711 not found.,20.385825700001078,2026-05-28T12:04:02.998,2026-05-28T12:19:32.998,-930,,
multimetro,,,,20.442369400001553,2026-05-28T12:04:03.055,2026-05-28T12:19:33.055,-930,93.0,-0.000944215
multimetro,,,,20.657553000000917,2026-05-28T12:04:03.266,2026-05-28T12:19:33.266,-930,94.0,-0.000955209
multimetro,,,,20.872365200000786,2026-05-28T12:04:03.482,2026-05-28T12:19:33.482,-930,95.0,-0.000968558
multimetro,,,,21.087451400000646,2026-05-28T12:04:03.699,2026-05-28T12:19:33.699,-930,96.0,-0.000981666
multimetro,,,,21.30245350000041,2026-05-28T12:04:03.915,2026-05-28T12:19:33.915,-930,97.0,-0.000996095
balanza,40.0,14.23,,21.378265200000897,2026-05-28T12:04:03.982,2026-05-28T12:19:33.982,-930,,
balanza,41.0,16.2,,21.390316100001655,2026-05-28T12:04:03.999,2026-05-28T12:19:33.999,-930,,
balanza,42.0,,Error desde Arduino: HX711 not found.,21.413518000001204,2026-05-28T12:04:04.025,2026-05-28T12:19:34.025,-930,,
multimetro,,,,21.517578000000867,2026-05-28T12:04:04.126,2026-05-28T12:19:34.126,-930,98.0,-0.001008481
multimetro,,,,21.732654400000683,2026-05-28T12:04:04.342,2026-05-28T12:19:34.342,-930,99.0,-0.001020814
multimetro,,,,21.947731200001726,2026-05-28T12:04:04.559,2026-05-28T12:19:34.559,-930,100.0,-0.001034917
multimetro,,,,22.162831200001165,2026-05-28T12:04:04.775,2026-05-28T12:19:34.775,-930,101.0,-0.001048769
multimetro,,,,22.377996000001076,2026-05-28T12:04:04.982,2026-05-28T12:19:34.982,-930,102.0,-0.001064442
balanza,43.0,13.97,,22.405971100000897,2026-05-28T12:04:05.017,2026-05-28T12:19:35.017,-930,,
balanza,44.0,,Error desde Arduino: HX711 not found.,22.42919620000066,2026-05-28T12:04:05.032,2026-05-28T12:19:35.032,-930,,
multimetro,,,,22.59309800000119,2026-05-28T12:04:05.199,2026-05-28T12:19:35.199,-930,103.0,-0.001078199
multimetro,,,,22.8083428000009,2026-05-28T12:04:05.416,2026-05-28T12:19:35.416,-930,104.0,-0.0010927
multimetro,,,,23.02357260000099,2026-05-28T12:04:05.632,2026-05-28T12:19:35.632,-930,105.0,-0.001105839
multimetro,,,,23.23865680000017,2026-05-28T12:04:05.849,2026-05-28T12:19:35.849,-930,106.0,-0.001118654
balanza,45.0,14.26,,23.421647200000734,2026-05-28T12:04:06.032,2026-05-28T12:19:36.032,-930,,
balanza,46.0,,Error desde Arduino: HX711 not found.,23.444914900001095,2026-05-28T12:04:06.056,2026-05-28T12:19:36.056,-930,,
multimetro,,,,23.45380860000114,2026-05-28T12:04:06.066,2026-05-28T12:19:36.066,-930,107.0,-0.001132254
multimetro,,,,23.70008660000167,2026-05-28T12:04:06.309,2026-05-28T12:19:36.309,-930,108.0,-0.001145101
multimetro,,,,23.914635000001,2026-05-28T12:04:06.526,2026-05-28T12:19:36.526,-930,109.0,-0.001156513
multimetro,,,,24.12958770000114,2026-05-28T12:04:06.742,2026-05-28T12:19:36.742,-930,110.0,-0.001170186
multimetro,,,,24.3449068000009,2026-05-28T12:04:06.949,2026-05-28T12:19:36.949,-930,111.0,-0.001185116
balanza,47.0,14.88,,24.437225200001194,2026-05-28T12:04:07.049,2026-05-28T12:19:37.049,-930,,
balanza,48.0,,Error desde Arduino: HX711 not found.,24.460418100001334,2026-05-28T12:04:07.066,2026-05-28T12:19:37.066,-930,,
multimetro,,,,24.55981420000171,2026-05-28T12:04:07.166,2026-05-28T12:19:37.166,-930,112.0,-0.0011959
multimetro,,,,24.77512210000168,2026-05-28T12:04:07.382,2026-05-28T12:19:37.382,-930,113.0,-0.001211479
multimetro,,,,24.990089900000385,2026-05-28T12:04:07.599,2026-05-28T12:19:37.599,-930,114.0,-0.001222608
multimetro,,,,25.2052304000008,2026-05-28T12:04:07.815,2026-05-28T12:19:37.815,-930,115.0,-0.001234157
multimetro,,,,25.420243300000948,2026-05-28T12:04:08.032,2026-05-28T12:19:38.032,-930,116.0,-0.001247684
balanza,49.0,11.64,,25.452653100001044,2026-05-28T12:04:08.065,2026-05-28T12:19:38.065,-930,,
balanza,50.0,,Error desde Arduino: HX711 not found.,25.47579390000101,2026-05-28T12:04:08.082,2026-05-28T12:19:38.082,-930,,
multimetro,,,,25.635497700000997,2026-05-28T12:04:08.248,2026-05-28T12:19:38.248,-930,117.0,-0.001260938
multimetro,,,,25.850749400000495,2026-05-28T12:04:08.458,2026-05-28T12:19:38.458,-930,118.0,-0.001274308
multimetro,,,,26.065711200000806,2026-05-28T12:04:08.675,2026-05-28T12:19:38.675,-930,119.0,-0.001286579
multimetro,,,,26.280764900000577,2026-05-28T12:04:08.892,2026-05-28T12:19:38.892,-930,120.0,-0.001300127
balanza,51.0,11.76,,26.468244100000447,2026-05-28T12:04:09.075,2026-05-28T12:19:39.075,-930,,
balanza,52.0,,Error desde Arduino: HX711 not found.,26.4913245000007,2026-05-28T12:04:09.099,2026-05-28T12:19:39.099,-930,,
multimetro,,,,26.496327400000155,2026-05-28T12:04:09.109,2026-05-28T12:19:39.109,-930,121.0,-0.001312135
multimetro,,,,26.711543300001722,2026-05-28T12:04:09.316,2026-05-28T12:19:39.316,-930,122.0,-0.001325003
multimetro,,,,26.926600900000267,2026-05-28T12:04:09.532,2026-05-28T12:19:39.532,-930,123.0,-0.001336446
multimetro,,,,27.141729900000428,2026-05-28T12:04:09.749,2026-05-28T12:19:39.749,-930,124.0,-0.001348978
multimetro,,,,27.356845500000418,2026-05-28T12:04:09.965,2026-05-28T12:19:39.965,-930,125.0,-0.001361773
balanza,53.0,10.75,,27.48378810000031,2026-05-28T12:04:10.092,2026-05-28T12:19:40.092,-930,,
balanza,54.0,,Error desde Arduino: HX711 not found.,27.507118900000933,2026-05-28T12:04:10.116,2026-05-28T12:19:40.116,-930,,
multimetro,,,,27.572050200000376,2026-05-28T12:04:10.182,2026-05-28T12:19:40.182,-930,126.0,-0.001373394
multimetro,,,,27.787127700001292,2026-05-28T12:04:10.399,2026-05-28T12:19:40.399,-930,127.0,-0.001386785
multimetro,,,,28.002186700001403,2026-05-28T12:04:10.609,2026-05-28T12:19:40.609,-930,128.0,-0.001397275
multimetro,,,,28.21739460000026,2026-05-28T12:04:10.825,2026-05-28T12:19:40.825,-930,129.0,-0.001410467
multimetro,,,,28.432490099999995,2026-05-28T12:04:11.042,2026-05-28T12:19:41.042,-930,130.0,-0.001422361
balanza,55.0,8.9,,28.49822420000055,2026-05-28T12:04:11.108,2026-05-28T12:19:41.108,-930,,
balanza,56.0,,Error desde Arduino: HX711 not found.,28.521506100001716,2026-05-28T12:04:11.133,2026-05-28T12:19:41.133,-930,,
multimetro,,,,28.647567900001377,2026-05-28T12:04:11.258,2026-05-28T12:19:41.258,-930,131.0,-0.001436317
multimetro,,,,28.86282900000151,2026-05-28T12:04:11.475,2026-05-28T12:19:41.475,-930,132.0,-0.001448001
multimetro,,,,29.07820250000077,2026-05-28T12:04:11.683,2026-05-28T12:19:41.683,-930,133.0,-0.001461183
multimetro,,,,29.293130800000654,2026-05-28T12:04:11.899,2026-05-28T12:19:41.899,-930,134.0,-0.001474982
multimetro,,,,29.50841560000117,2026-05-28T12:04:12.116,2026-05-28T12:19:42.116,-930,135.0,-0.001485588
balanza,57.0,7.8,,29.512559300001158,2026-05-28T12:04:12.125,2026-05-28T12:19:42.125,-930,,
balanza,58.0,,Error desde Arduino: HX711 not found.,29.53575500000079,2026-05-28T12:04:12.148,2026-05-28T12:19:42.148,-930,,
multimetro,,,,29.72339500000089,2026-05-28T12:04:12.332,2026-05-28T12:19:42.332,-930,136.0,-0.001498152
multimetro,,,,29.938611700001275,2026-05-28T12:04:12.549,2026-05-28T12:19:42.549,-930,137.0,-0.001511228
multimetro,,,,30.15369080000164,2026-05-28T12:04:12.765,2026-05-28T12:19:42.765,-930,138.0,-0.001523112
multimetro,,,,30.368885700001556,2026-05-28T12:04:12.982,2026-05-28T12:19:42.982,-930,139.0,-0.001537089
balanza,59.0,9.05,,30.527002200000425,2026-05-28T12:04:13.132,2026-05-28T12:19:43.132,-930,,
balanza,60.0,7.06,,30.538231400001678,2026-05-28T12:04:13.149,2026-05-28T12:19:43.149,-930,,
balanza,61.0,,Error desde Arduino: HX711 not found.,30.56148790000043,2026-05-28T12:04:13.165,2026-05-28T12:19:43.165,-930,,
multimetro,,,,30.58406070000092,2026-05-28T12:04:13.192,2026-05-28T12:19:43.192,-930,140.0,-0.001547768
multimetro,,,,30.799283300000752,2026-05-28T12:04:13.409,2026-05-28T12:19:43.409,-930,141.0,-0.00155985
multimetro,,,,31.014324300000226,2026-05-28T12:04:13.626,2026-05-28T12:19:43.626,-930,142.0,-0.001574162
multimetro,,,,31.229442600000766,2026-05-28T12:04:13.842,2026-05-28T12:19:43.842,-930,143.0,-0.001583993
multimetro,,,,31.444591100000252,2026-05-28T12:04:14.049,2026-05-28T12:19:44.049,-930,144.0,-0.00159595
balanza,62.0,7.69,,31.55265800000052,2026-05-28T12:04:14.165,2026-05-28T12:19:44.165,-930,,
balanza,63.0,,Error desde Arduino: HX711 not found.,31.575796600000103,2026-05-28T12:04:14.182,2026-05-28T12:19:44.182,-930,,
multimetro,,,,31.659511000001658,2026-05-28T12:04:14.266,2026-05-28T12:19:44.266,-930,145.0,-0.001608608
multimetro,,,,31.874613200001477,2026-05-28T12:04:14.482,2026-05-28T12:19:44.482,-930,146.0,-0.001621517
multimetro,,,,32.08977279999999,2026-05-28T12:04:14.699,2026-05-28T12:19:44.699,-930,147.0,-0.001633484
multimetro,,,,32.304975600000034,2026-05-28T12:04:14.916,2026-05-28T12:19:44.916,-930,148.0,-0.001644404
multimetro,,,,32.52013420000003,2026-05-28T12:04:15.132,2026-05-28T12:19:45.132,-930,149.0,-0.001658098
balanza,64.0,7.18,,32.56723469999997,2026-05-28T12:04:15.175,2026-05-28T12:19:45.175,-930,,
balanza,65.0,,Error desde Arduino: HX711 not found.,32.590324200000396,2026-05-28T12:04:15.201,2026-05-28T12:19:45.201,-930,,
multimetro,,,,32.73525880000125,2026-05-28T12:04:15.342,2026-05-28T12:19:45.342,-930,150.0,-0.001672128
multimetro,,,,32.950478900000235,2026-05-28T12:04:15.559,2026-05-28T12:19:45.559,-930,151.0,-0.001683959
multimetro,,,,33.16577920000054,2026-05-28T12:04:15.776,2026-05-28T12:19:45.776,-930,152.0,-0.001697203
multimetro,,,,33.380953600000794,2026-05-28T12:04:15.992,2026-05-28T12:19:45.992,-930,153.0,-0.001708521
balanza,66.0,6.26,,33.58166600000004,2026-05-28T12:04:16.192,2026-05-28T12:19:46.192,-930,,
balanza,67.0,6.13,,33.5928356000004,2026-05-28T12:04:16.205,2026-05-28T12:19:46.205,-930,,
multimetro,,,,33.59623930000089,2026-05-28T12:04:16.208,2026-05-28T12:19:46.208,-930,154.0,-0.001723021
multimetro,,,,33.811288000000786,2026-05-28T12:04:16.415,2026-05-28T12:19:46.415,-930,155.0,-0.001734339
balanza,68.0,5.91,,34.01137100000051,2026-05-28T12:04:16.615,2026-05-28T12:19:46.615,-930,,
multimetro,,,,34.026362900000095,2026-05-28T12:04:16.632,2026-05-28T12:19:46.632,-930,156.0,-0.001744704
multimetro,,,,34.24151950000123,2026-05-28T12:04:16.849,2026-05-28T12:19:46.849,-930,157.0,-0.001759163
multimetro,,,,34.45659710000109,2026-05-28T12:04:17.066,2026-05-28T12:19:47.066,-930,158.0,-0.001768889
balanza,69.0,5.85,,34.51154610000049,2026-05-28T12:04:17.116,2026-05-28T12:19:47.116,-930,,
multimetro,,,,34.67159410000022,2026-05-28T12:04:17.282,2026-05-28T12:19:47.282,-930,159.0,-0.00178027
multimetro,,,,34.88682300000073,2026-05-28T12:04:17.499,2026-05-28T12:19:47.499,-930,160.0,-0.00179543
balanza,70.0,5.13,,35.011484000000564,2026-05-28T12:04:17.616,2026-05-28T12:19:47.616,-930,,
multimetro,,,,35.10202700000082,2026-05-28T12:04:17.713,2026-05-28T12:19:47.713,-930,161.0,-0.001806957
multimetro,,,,35.31731440000112,2026-05-28T12:04:17.925,2026-05-28T12:19:47.925,-930,162.0,-0.001818589
balanza,71.0,5.03,,35.51134330000059,2026-05-28T12:04:18.115,2026-05-28T12:19:48.115,-930,,
multimetro,,,,35.532314100000804,2026-05-28T12:04:18.142,2026-05-28T12:19:48.142,-930,163.0,-0.001828106
multimetro,,,,35.74730250000175,2026-05-28T12:04:18.358,2026-05-28T12:19:48.358,-930,164.0,-0.00184134
multimetro,,,,35.96276980000039,2026-05-28T12:04:18.575,2026-05-28T12:19:48.575,-930,165.0,-0.001853946
balanza,72.0,4.4,,36.011510800000906,2026-05-28T12:04:18.618,2026-05-28T12:19:48.618,-930,,
multimetro,,,,36.17787420000059,2026-05-28T12:04:18.782,2026-05-28T12:19:48.782,-930,166.0,-0.001863075
multimetro,,,,36.39299540000138,2026-05-28T12:04:18.999,2026-05-28T12:19:48.999,-930,167.0,-0.001877764
balanza,73.0,3.11,,36.51142350000009,2026-05-28T12:04:19.120,2026-05-28T12:19:49.120,-930,,
multimetro,,,,36.608036300000094,2026-05-28T12:04:19.221,2026-05-28T12:19:49.221,-930,168.0,-0.00188881
multimetro,,,,36.823174900000595,2026-05-28T12:04:19.432,2026-05-28T12:19:49.432,-930,169.0,-0.001901279
balanza,74.0,3.91,,37.01148430000103,2026-05-28T12:04:19.623,2026-05-28T12:19:49.623,-930,,
multimetro,,,,37.0384365000009,2026-05-28T12:04:19.649,2026-05-28T12:19:49.649,-930,170.0,-0.001914597
multimetro,,,,37.253639500000645,2026-05-28T12:04:19.866,2026-05-28T12:19:49.866,-930,171.0,-0.001923611
multimetro,,,,37.46889600000031,2026-05-28T12:04:20.082,2026-05-28T12:19:50.082,-930,172.0,-0.001936636
balanza,75.0,2.34,,37.51143210000009,2026-05-28T12:04:20.115,2026-05-28T12:19:50.115,-930,,
multimetro,,,,37.68391150000025,2026-05-28T12:04:20.292,2026-05-28T12:19:50.292,-930,173.0,-0.00194653
multimetro,,,,37.898876300001575,2026-05-28T12:04:20.508,2026-05-28T12:19:50.508,-930,174.0,-0.001958245
balanza,76.0,3.47,,38.011479300001156,2026-05-28T12:04:20.616,2026-05-28T12:19:50.616,-930,,
multimetro,,,,38.113935200000924,2026-05-28T12:04:20.725,2026-05-28T12:19:50.725,-930,175.0,-0.001967783
multimetro,,,,38.32888500000081,2026-05-28T12:04:20.932,2026-05-28T12:19:50.932,-930,176.0,-0.001981101
balanza,77.0,2.88,,38.51138460000038,2026-05-28T12:04:21.116,2026-05-28T12:19:51.116,-930,,
multimetro,,,,38.54404170000089,2026-05-28T12:04:21.149,2026-05-28T12:19:51.149,-930,177.0,-0.001989676
multimetro,,,,38.75911369999994,2026-05-28T12:04:21.366,2026-05-28T12:19:51.366,-930,178.0,-0.002002627
multimetro,,,,38.97425570000087,2026-05-28T12:04:21.582,2026-05-28T12:19:51.582,-930,179.0,-0.002012552
balanza,78.0,2.03,,39.0113523,2026-05-28T12:04:21.616,2026-05-28T12:19:51.616,-930,,
multimetro,,,,39.18961490000038,2026-05-28T12:04:21.799,2026-05-28T12:19:51.799,-930,180.0,-0.002023388
multimetro,,,,39.40466560000095,2026-05-28T12:04:22.016,2026-05-28T12:19:52.016,-930,181.0,-0.002039063
balanza,79.0,2.38,,39.51141010000174,2026-05-28T12:04:22.116,2026-05-28T12:19:52.116,-930,,
multimetro,,,,39.61983020000116,2026-05-28T12:04:22.232,2026-05-28T12:19:52.232,-930,182.0,-0.00205102
multimetro,,,,39.8351074000002,2026-05-28T12:04:22.442,2026-05-28T12:19:52.442,-930,183.0,-0.002060003
balanza,80.0,1.4,,40.01138010000068,2026-05-28T12:04:22.616,2026-05-28T12:19:52.616,-930,,
multimetro,,,,40.05017600000065,2026-05-28T12:04:22.658,2026-05-28T12:19:52.658,-930,184.0,-0.002067824
multimetro,,,,40.265151000001424,2026-05-28T12:04:22.875,2026-05-28T12:19:52.875,-930,185.0,-0.002084042
multimetro,,,,40.48017990000153,2026-05-28T12:04:23.092,2026-05-28T12:19:53.092,-930,186.0,-0.002095516
balanza,81.0,1.73,,40.511382500000764,2026-05-28T12:04:23.115,2026-05-28T12:19:53.115,-930,,
multimetro,,,,40.69534020000174,2026-05-28T12:04:23.299,2026-05-28T12:19:53.299,-930,187.0,-0.002102594
multimetro,,,,40.91023630000018,2026-05-28T12:04:23.516,2026-05-28T12:19:53.516,-930,188.0,-0.002112038
balanza,82.0,0.88,,41.01138050000009,2026-05-28T12:04:23.616,2026-05-28T12:19:53.616,-930,,
multimetro,,,,41.12517410000146,2026-05-28T12:04:23.732,2026-05-28T12:19:53.732,-930,189.0,-0.002125188
multimetro,,,,41.34026090000043,2026-05-28T12:04:23.949,2026-05-28T12:19:53.949,-930,190.0,-0.00213327
balanza,83.0,0.87,,41.51141100000132,2026-05-28T12:04:24.116,2026-05-28T12:19:54.116,-930,,
multimetro,,,,41.55526040000041,2026-05-28T12:04:24.166,2026-05-28T12:19:54.166,-930,191.0,-0.002142599
multimetro,,,,41.77047510000011,2026-05-28T12:04:24.382,2026-05-28T12:19:54.382,-930,192.0,-0.002152493
multimetro,,,,41.98569950000092,2026-05-28T12:04:24.598,2026-05-28T12:19:54.598,-930,193.0,-0.002162826
balanza,84.0,-0.1,,42.01232909999999,2026-05-28T12:04:24.625,2026-05-28T12:19:54.625,-930,,
multimetro,,,,42.20080230000167,2026-05-28T12:04:24.808,2026-05-28T12:19:54.808,-930,194.0,-0.002178091
multimetro,,,,42.4158623000003,2026-05-28T12:04:25.026,2026-05-28T12:19:55.026,-930,195.0,-0.002187912
balanza,85.0,0.57,,42.51143310000043,2026-05-28T12:04:25.116,2026-05-28T12:19:55.116,-930,,
multimetro,,,,42.63103240000055,2026-05-28T12:04:25.242,2026-05-28T12:19:55.242,-930,196.0,-0.002199
multimetro,,,,42.84610580000117,2026-05-28T12:04:25.459,2026-05-28T12:19:55.459,-930,197.0,-0.00220593
balanza,86.0,-0.28,,43.012424000000465,2026-05-28T12:04:25.625,2026-05-28T12:19:55.625,-930,,
multimetro,,,,43.06111320000127,2026-05-28T12:04:25.666,2026-05-28T12:19:55.666,-930,198.0,-0.002217008
multimetro,,,,43.27614590000121,2026-05-28T12:04:25.882,2026-05-28T12:19:55.882,-930,199.0,-0.00222933
multimetro,,,,43.491099900000336,2026-05-28T12:04:26.099,2026-05-28T12:19:56.099,-930,200.0,-0.002241255
balanza,87.0,-0.17,,43.51247330000115,2026-05-28T12:04:26.125,2026-05-28T12:19:56.125,-930,,
multimetro,,,,43.706336700000975,2026-05-28T12:04:26.316,2026-05-28T12:19:56.316,-930,201.0,-0.002249558
multimetro,,,,43.92127410000103,2026-05-28T12:04:26.532,2026-05-28T12:19:56.532,-930,202.0,-0.002259996
balanza,88.0,-1.01,,44.01232390000041,2026-05-28T12:04:26.615,2026-05-28T12:19:56.615,-930,,
multimetro,,,,44.136465300000054,2026-05-28T12:04:26.748,2026-05-28T12:19:56.748,-930,203.0,-0.002269136
multimetro,,,,44.35138260000167,2026-05-28T12:04:26.963,2026-05-28T12:19:56.963,-930,204.0,-0.002280371
balanza,89.0,-1.0,,44.51221260000057,2026-05-28T12:04:27.125,2026-05-28T12:19:57.125,-930,,
multimetro,,,,44.566478600001574,2026-05-28T12:04:27.178,2026-05-28T12:19:57.178,-930,205.0,-0.002292924
multimetro,,,,44.781748100000186,2026-05-28T12:04:27.393,2026-05-28T12:19:57.393,-930,206.0,-0.00230332
multimetro,,,,44.99681790000068,2026-05-28T12:04:27.600,2026-05-28T12:19:57.600,-930,207.0,-0.002315758
balanza,90.0,-0.99,,45.012640300001294,2026-05-28T12:04:27.620,2026-05-28T12:19:57.620,-930,,
multimetro,,,,45.2118988000002,2026-05-28T12:04:27.824,2026-05-28T12:19:57.824,-930,208.0,-0.002325579
multimetro,,,,45.42710030000126,2026-05-28T12:04:28.039,2026-05-28T12:19:58.039,-930,209.0,-0.002336185
balanza,91.0,-1.94,,45.512646099999984,2026-05-28T12:04:28.125,2026-05-28T12:19:58.125,-930,,
multimetro,,,,45.64216010000018,2026-05-28T12:04:28.248,2026-05-28T12:19:58.248,-930,210.0,-0.002347942
multimetro,,,,45.85723750000034,2026-05-28T12:04:28.470,2026-05-28T12:19:58.470,-930,211.0,-0.002357962
balanza,92.0,-1.91,,46.01226820000011,2026-05-28T12:04:28.619,2026-05-28T12:19:58.619,-930,,
multimetro,,,,46.07242280000173,2026-05-28T12:04:28.684,2026-05-28T12:19:58.684,-930,212.0,-0.002369489
multimetro,,,,46.28755820000151,2026-05-28T12:04:28.900,2026-05-28T12:19:58.900,-930,213.0,-0.002378975
multimetro,,,,46.502742300001046,2026-05-28T12:04:29.115,2026-05-28T12:19:59.115,-930,214.0,-0.002388094
balanza,93.0,-3.38,,46.51261280000108,2026-05-28T12:04:29.119,2026-05-28T12:19:59.119,-930,,
multimetro,,,,46.717765500001406,2026-05-28T12:04:29.329,2026-05-28T12:19:59.329,-930,215.0,-0.002399475
multimetro,,,,46.93291910000153,2026-05-28T12:04:29.536,2026-05-28T12:19:59.536,-930,216.0,-0.002410457
balanza,94.0,-2.85,,47.01249890000145,2026-05-28T12:04:29.625,2026-05-28T12:19:59.625,-930,,
multimetro,,,,47.1479173000007,2026-05-28T12:04:29.752,2026-05-28T12:19:59.752,-930,217.0,-0.002418603
multimetro,,,,47.362774200000786,2026-05-28T12:04:29.975,2026-05-28T12:19:59.975,-930,218.0,-0.002430465
balanza,95.0,-3.47,,47.51276380000127,2026-05-28T12:04:30.118,2026-05-28T12:20:00.118,-930,,
multimetro,,,,47.57813370000076,2026-05-28T12:04:30.191,2026-05-28T12:20:00.191,-930,219.0,-0.002439856
multimetro,,,,47.79303890000119,2026-05-28T12:04:30.405,2026-05-28T12:20:00.405,-930,220.0,-0.002448295
multimetro,,,,48.00818620000064,2026-05-28T12:04:30.615,2026-05-28T12:20:00.615,-930,221.0,-0.002459435
balanza,96.0,-3.4,,48.0126779000002,2026-05-28T12:04:30.625,2026-05-28T12:20:00.625,-930,,
multimetro,,,,48.22342250000111,2026-05-28T12:04:30.836,2026-05-28T12:20:00.836,-930,222.0,-0.002469098
multimetro,,,,48.43857340000068,2026-05-28T12:04:31.046,2026-05-28T12:20:01.046,-930,223.0,-0.002479223
balanza,97.0,-3.43,,48.512275100001716,2026-05-28T12:04:31.122,2026-05-28T12:20:01.122,-930,,
multimetro,,,,48.65359660000104,2026-05-28T12:04:31.263,2026-05-28T12:20:01.263,-930,224.0,-0.00248964
multimetro,,,,48.868857900000876,2026-05-28T12:04:31.479,2026-05-28T12:20:01.479,-930,225.0,-0.002499691
balanza,98.0,-3.99,,49.01272960000097,2026-05-28T12:04:31.620,2026-05-28T12:20:01.620,-930,,
multimetro,,,,49.08387000000039,2026-05-28T12:04:31.692,2026-05-28T12:20:01.692,-930,226.0,-0.002510768
multimetro,,,,49.29899060000025,2026-05-28T12:04:31.903,2026-05-28T12:20:01.903,-930,227.0,-0.002519835
balanza,99.0,-4.61,,49.51260970000112,2026-05-28T12:04:32.125,2026-05-28T12:20:02.125,-930,,
multimetro,,,,49.51384450000114,2026-05-28T12:04:32.125,2026-05-28T12:20:02.125,-930,228.0,-0.002530441
multimetro,,,,49.728898300001674,2026-05-28T12:04:32.336,2026-05-28T12:20:02.336,-930,229.0,-0.002540199
multimetro,,,,49.94400040000073,2026-05-28T12:04:32.548,2026-05-28T12:20:02.548,-930,230.0,-0.002550386
balanza,100.0,-4.49,,50.01264420000007,2026-05-28T12:04:32.619,2026-05-28T12:20:02.619,-930,,
multimetro,,,,50.15894350000053,2026-05-28T12:04:32.762,2026-05-28T12:20:02.762,-930,231.0,-0.002559892
multimetro,,,,50.37427650000063,2026-05-28T12:04:32.982,2026-05-28T12:20:02.982,-930,232.0,-0.002568792
balanza,101.0,-5.05,,50.51252480000039,2026-05-28T12:04:33.123,2026-05-28T12:20:03.123,-930,,
multimetro,,,,50.58923210000103,2026-05-28T12:04:33.194,2026-05-28T12:20:03.194,-930,233.0,-0.002578099
multimetro,,,,50.80430440000055,2026-05-28T12:04:33.416,2026-05-28T12:20:03.416,-930,234.0,-0.002587354
balanza,102.0,-5.11,,51.01263060000019,2026-05-28T12:04:33.622,2026-05-28T12:20:03.622,-930,,
multimetro,,,,51.019555600001695,2026-05-28T12:04:33.629,2026-05-28T12:20:03.629,-930,235.0,-0.002596798
multimetro,,,,51.23467770000025,2026-05-28T12:04:33.844,2026-05-28T12:20:03.844,-930,236.0,-0.002606273
multimetro,,,,51.4496375000017,2026-05-28T12:04:34.055,2026-05-28T12:20:04.055,-930,237.0,-0.002616157
balanza,103.0,-5.86,,51.51231530000041,2026-05-28T12:04:34.116,2026-05-28T12:20:04.116,-930,,
multimetro,,,,51.66471780000029,2026-05-28T12:04:34.269,2026-05-28T12:20:04.269,-930,238.0,-0.002626375
multimetro,,,,51.87979890000133,2026-05-28T12:04:34.492,2026-05-28T12:20:04.492,-930,239.0,-0.002635463
balanza,104.0,-5.71,,52.01249250000001,2026-05-28T12:04:34.618,2026-05-28T12:20:04.618,-930,,
multimetro,,,,52.101715500000864,2026-05-28T12:04:34.705,2026-05-28T12:20:04.705,-930,240.0,-0.002644425
multimetro,,,,52.31661880000138,2026-05-28T12:04:34.929,2026-05-28T12:20:04.929,-930,241.0,-0.002653555
balanza,105.0,-5.37,,52.512492900001234,2026-05-28T12:04:35.122,2026-05-28T12:20:05.122,-930,,
multimetro,,,,52.531644400000005,2026-05-28T12:04:35.142,2026-05-28T12:20:05.142,-930,242.0,-0.002662349
multimetro,,,,52.746805400000085,2026-05-28T12:04:35.351,2026-05-28T12:20:05.351,-930,243.0,-0.002671479
multimetro,,,,52.96195010000156,2026-05-28T12:04:35.573,2026-05-28T12:20:05.573,-930,244.0,-0.002680389
balanza,106.0,-6.52,,53.01242850000017,2026-05-28T12:04:35.616,2026-05-28T12:20:05.616,-930,,
multimetro,,,,53.17713420000109,2026-05-28T12:04:35.788,2026-05-28T12:20:05.788,-930,245.0,-0.002690722
multimetro,,,,53.392200900001626,2026-05-28T12:04:36.000,2026-05-28T12:20:06.000,-930,246.0,-0.002699915
balanza,107.0,-6.61,,53.51238590000139,2026-05-28T12:04:36.125,2026-05-28T12:20:06.125,-930,,
multimetro,,,,53.6072623,2026-05-28T12:04:36.220,2026-05-28T12:20:06.220,-930,247.0,-0.002708961
multimetro,,,,53.82229350000125,2026-05-28T12:04:36.434,2026-05-28T12:20:06.434,-930,248.0,-0.002719211
balanza,108.0,-6.82,,54.01254510000035,2026-05-28T12:04:36.625,2026-05-28T12:20:06.625,-930,,
multimetro,,,,54.0373780000009,2026-05-28T12:04:36.650,2026-05-28T12:20:06.650,-930,249.0,-0.002728822
multimetro,,,,54.252481600000465,2026-05-28T12:04:36.865,2026-05-28T12:20:06.865,-930,250.0,-0.002737983
multimetro,,,,54.46775060000073,2026-05-28T12:04:37.080,2026-05-28T12:20:07.080,-930,251.0,-0.002745762
balanza,109.0,-7.04,,54.512338600001385,2026-05-28T12:04:37.116,2026-05-28T12:20:07.116,-930,,
multimetro,,,,54.68290120000165,2026-05-28T12:04:37.296,2026-05-28T12:20:07.296,-930,252.0,-0.00275419
multimetro,,,,54.89819470000111,2026-05-28T12:04:37.503,2026-05-28T12:20:07.503,-930,253.0,-0.002764744
balanza,110.0,-7.29,,55.01259100000061,2026-05-28T12:04:37.619,2026-05-28T12:20:07.619,-930,,
multimetro,,,,55.11331530000098,2026-05-28T12:04:37.726,2026-05-28T12:20:07.726,-930,254.0,-0.002773936
multimetro,,,,55.32857830000103,2026-05-28T12:04:37.941,2026-05-28T12:20:07.941,-930,255.0,-0.00278316
balanza,111.0,-7.66,,55.51239980000173,2026-05-28T12:04:38.121,2026-05-28T12:20:08.121,-930,,
multimetro,,,,55.54374110000026,2026-05-28T12:04:38.156,2026-05-28T12:20:08.156,-930,256.0,-0.002792373
multimetro,,,,55.75864420000107,2026-05-28T12:04:38.366,2026-05-28T12:20:08.366,-930,257.0,-0.002801084
multimetro,,,,55.97377580000102,2026-05-28T12:04:38.586,2026-05-28T12:20:08.586,-930,258.0,-0.002811051
balanza,112.0,-7.75,,56.01219350000065,2026-05-28T12:04:38.615,2026-05-28T12:20:08.615,-930,,
multimetro,,,,56.18884760000037,2026-05-28T12:04:38.801,2026-05-28T12:20:08.801,-930,259.0,-0.002819794
multimetro,,,,56.40426340000158,2026-05-28T12:04:39.016,2026-05-28T12:20:09.016,-930,260.0,-0.002829216
balanza,113.0,-8.05,,56.5122252000001,2026-05-28T12:04:39.116,2026-05-28T12:20:09.116,-930,,
multimetro,,,,56.619200200000705,2026-05-28T12:04:39.232,2026-05-28T12:20:09.232,-930,261.0,-0.002838189
multimetro,,,,56.834490900000674,2026-05-28T12:04:39.447,2026-05-28T12:20:09.447,-930,262.0,-0.002847214
balanza,114.0,-8.53,,57.01222300000154,2026-05-28T12:04:39.625,2026-05-28T12:20:09.625,-930,,
multimetro,,,,57.04987810000057,2026-05-28T12:04:39.663,2026-05-28T12:20:09.663,-930,263.0,-0.002856752
multimetro,,,,57.264754200001335,2026-05-28T12:04:39.877,2026-05-28T12:20:09.877,-930,264.0,-0.002866217
multimetro,,,,57.479898600000524,2026-05-28T12:04:40.092,2026-05-28T12:20:10.092,-930,265.0,-0.002875378
balanza,115.0,-9.24,,57.51284100000157,2026-05-28T12:04:40.126,2026-05-28T12:20:10.126,-930,,
multimetro,,,,57.694866300000285,2026-05-28T12:04:40.306,2026-05-28T12:20:10.306,-930,266.0,-0.002884622
multimetro,,,,57.91005660000155,2026-05-28T12:04:40.516,2026-05-28T12:20:10.516,-930,267.0,-0.002893344
balanza,116.0,-9.42,,58.01224739999998,2026-05-28T12:04:40.621,2026-05-28T12:20:10.621,-930,,
multimetro,,,,58.12508720000005,2026-05-28T12:04:40.735,2026-05-28T12:20:10.735,-930,268.0,-0.002901971
multimetro,,,,58.34020440000131,2026-05-28T12:04:40.952,2026-05-28T12:20:10.952,-930,269.0,-0.002911006
balanza,117.0,-9.55,,58.512861500001236,2026-05-28T12:04:41.126,2026-05-28T12:20:11.126,-930,,
multimetro,,,,58.555213400000866,2026-05-28T12:04:41.168,2026-05-28T12:20:11.168,-930,270.0,-0.002919518
multimetro,,,,58.77053040000101,2026-05-28T12:04:41.383,2026-05-28T12:20:11.383,-930,271.0,-0.002928051
multimetro,,,,58.985449800000424,2026-05-28T12:04:41.596,2026-05-28T12:20:11.596,-930,272.0,-0.002937086
balanza,118.0,-9.68,,59.01249840000128,2026-05-28T12:04:41.625,2026-05-28T12:20:11.625,-930,,
multimetro,,,,59.20052980000037,2026-05-28T12:04:41.806,2026-05-28T12:20:11.806,-930,273.0,-0.002944761
multimetro,,,,59.41556260000107,2026-05-28T12:04:42.026,2026-05-28T12:20:12.026,-930,274.0,-0.002953147
balanza,119.0,-10.02,,59.51350100000127,2026-05-28T12:04:42.123,2026-05-28T12:20:12.123,-930,,
multimetro,,,,59.63046990000112,2026-05-28T12:04:42.243,2026-05-28T12:20:12.243,-930,275.0,-0.002961826
multimetro,,,,59.84579190000113,2026-05-28T12:04:42.452,2026-05-28T12:20:12.452,-930,276.0,-0.002970192
balanza,120.0,-10.0,,60.01370180000049,2026-05-28T12:04:42.625,2026-05-28T12:20:12.625,-930,,
multimetro,,,,60.060760300000766,2026-05-28T12:04:42.670,2026-05-28T12:20:12.670,-930,277.0,-0.002978986
multimetro,,,,60.27595780000047,2026-05-28T12:04:42.881,2026-05-28T12:20:12.881,-930,278.0,-0.002987917
multimetro,,,,60.49103500000092,2026-05-28T12:04:43.096,2026-05-28T12:20:13.096,-930,279.0,-0.002996753
balanza,121.0,-10.82,,60.51367180000125,2026-05-28T12:04:43.126,2026-05-28T12:20:13.126,-930,,
multimetro,,,,60.70623070000147,2026-05-28T12:04:43.319,2026-05-28T12:20:13.319,-930,280.0,-0.003005548
multimetro,,,,60.92129020000175,2026-05-28T12:04:43.534,2026-05-28T12:20:13.534,-930,281.0,-0.003013934
balanza,122.0,-10.47,,61.01341780000075,2026-05-28T12:04:43.623,2026-05-28T12:20:13.623,-930,,
multimetro,,,,61.13635730000169,2026-05-28T12:04:43.748,2026-05-28T12:20:13.748,-930,282.0,-0.00302231
multimetro,,,,61.35140170000159,2026-05-28T12:04:43.963,2026-05-28T12:20:13.963,-930,283.0,-0.003030665
balanza,123.0,-10.67,,61.51357300000018,2026-05-28T12:04:44.120,2026-05-28T12:20:14.120,-930,,
multimetro,,,,61.566547600001286,2026-05-28T12:04:44.170,2026-05-28T12:20:14.170,-930,284.0,-0.003039135
multimetro,,,,61.78164160000051,2026-05-28T12:04:44.390,2026-05-28T12:20:14.390,-930,285.0,-0.003048411
multimetro,,,,61.996951800001625,2026-05-28T12:04:44.608,2026-05-28T12:20:14.608,-930,286.0,-0.003056232
balanza,124.0,-11.12,,62.01361440000073,2026-05-28T12:04:44.620,2026-05-28T12:20:14.620,-930,,
multimetro,,,,62.21211830000175,2026-05-28T12:04:44.816,2026-05-28T12:20:14.816,-930,287.0,-0.003064954
multimetro,,,,62.427213400000255,2026-05-28T12:04:45.035,2026-05-28T12:20:15.035,-930,288.0,-0.003073602
balanza,125.0,-11.66,,62.513314300000275,2026-05-28T12:04:45.123,2026-05-28T12:20:15.123,-930,,
multimetro,,,,62.6427732000011,2026-05-28T12:04:45.253,2026-05-28T12:20:15.253,-930,289.0,-0.003081443
multimetro,,,,62.85777980000057,2026-05-28T12:04:45.470,2026-05-28T12:20:15.470,-930,290.0,-0.003089578
balanza,126.0,-11.62,,63.01326390000031,2026-05-28T12:04:45.619,2026-05-28T12:20:15.619,-930,,
multimetro,,,,63.072952200000145,2026-05-28T12:04:45.680,2026-05-28T12:20:15.680,-930,291.0,-0.003098048
multimetro,,,,63.288051800000176,2026-05-28T12:04:45.900,2026-05-28T12:20:15.900,-930,292.0,-0.003106477
multimetro,,,,63.503114000001005,2026-05-28T12:04:46.113,2026-05-28T12:20:16.113,-930,293.0,-0.003116046
balanza,127.0,-11.6,,63.51338140000007,2026-05-28T12:04:46.121,2026-05-28T12:20:16.121,-930,,
multimetro,,,,63.71824590000142,2026-05-28T12:04:46.329,2026-05-28T12:20:16.329,-930,294.0,-0.003124788
multimetro,,,,63.93334640000103,2026-05-28T12:04:46.544,2026-05-28T12:20:16.544,-930,295.0,-0.003133038
balanza,128.0,-12.14,,64.01330490000146,2026-05-28T12:04:46.619,2026-05-28T12:20:16.619,-930,,
multimetro,,,,64.14843340000152,2026-05-28T12:04:46.753,2026-05-28T12:20:16.753,-930,296.0,-0.003141833
multimetro,,,,64.36340680000103,2026-05-28T12:04:46.969,2026-05-28T12:20:16.969,-930,297.0,-0.003149853
balanza,129.0,-12.38,,64.51386420000017,2026-05-28T12:04:47.126,2026-05-28T12:20:17.126,-930,,
multimetro,,,,64.57856920000086,2026-05-28T12:04:47.186,2026-05-28T12:20:17.186,-930,298.0,-0.003158061
multimetro,,,,64.79375970000001,2026-05-28T12:04:47.407,2026-05-28T12:20:17.407,-930,299.0,-0.00316629
multimetro,,,,65.0089990000015,2026-05-28T12:04:47.613,2026-05-28T12:20:17.613,-930,300.0,-0.003174363
balanza,130.0,-13.3,,65.01350280000042,2026-05-28T12:04:47.623,2026-05-28T12:20:17.623,-930,,
multimetro,,,,65.2238193000012,2026-05-28T12:04:47.836,2026-05-28T12:20:17.836,-930,301.0,-0.0031821
multimetro,,,,65.43923859999995,2026-05-28T12:04:48.052,2026-05-28T12:20:18.052,-930,302.0,-0.003191334
balanza,131.0,-13.05,,65.51339690000168,2026-05-28T12:04:48.119,2026-05-28T12:20:18.119,-930,,
multimetro,,,,65.65424750000057,2026-05-28T12:04:48.266,2026-05-28T12:20:18.266,-930,303.0,-0.003199071
multimetro,,,,65.8693439000017,2026-05-28T12:04:48.479,2026-05-28T12:20:18.479,-930,304.0,-0.003207133
balanza,132.0,-13.43,,66.01333200000045,2026-05-28T12:04:48.623,2026-05-28T12:20:18.623,-930,,
multimetro,,,,66.08431370000108,2026-05-28T12:04:48.692,2026-05-28T12:20:18.692,-930,305.0,-0.003216064
multimetro,,,,66.2993746000011,2026-05-28T12:04:48.910,2026-05-28T12:20:18.910,-930,306.0,-0.00322446
balanza,133.0,-13.44,,66.5136102000015,2026-05-28T12:04:49.120,2026-05-28T12:20:19.120,-930,,
multimetro,,,,66.51434160000099,2026-05-28T12:04:49.120,2026-05-28T12:20:19.120,-930,307.0,-0.003232847
multimetro,,,,66.72930170000109,2026-05-28T12:04:49.333,2026-05-28T12:20:19.333,-930,308.0,-0.003240835
multimetro,,,,66.94422280000072,2026-05-28T12:04:49.555,2026-05-28T12:20:19.555,-930,309.0,-0.003249127
balanza,134.0,-14.38,,67.01369930000146,2026-05-28T12:04:49.625,2026-05-28T12:20:19.625,-930,,
multimetro,,,,67.1594311000008,2026-05-28T12:04:49.766,2026-05-28T12:20:19.766,-930,310.0,-0.003256979
multimetro,,,,67.37463590000152,2026-05-28T12:04:49.986,2026-05-28T12:20:19.986,-930,311.0,-0.003264769
balanza,135.0,-13.82,,67.51356790000136,2026-05-28T12:04:50.117,2026-05-28T12:20:20.117,-930,,
multimetro,,,,67.58981700000004,2026-05-28T12:04:50.198,2026-05-28T12:20:20.198,-930,312.0,-0.003272852
multimetro,,,,67.80485140000019,2026-05-28T12:04:50.415,2026-05-28T12:20:20.415,-930,313.0,-0.003281186
balanza,136.0,-14.74,,68.01351330000034,2026-05-28T12:04:50.625,2026-05-28T12:20:20.625,-930,,
multimetro,,,,68.01981780000096,2026-05-28T12:04:50.625,2026-05-28T12:20:20.625,-930,314.0,-0.003289163
multimetro,,,,68.23513410000123,2026-05-28T12:04:50.843,2026-05-28T12:20:20.843,-930,315.0,-0.003297435
multimetro,,,,68.45019990000037,2026-05-28T12:04:51.061,2026-05-28T12:20:21.061,-930,316.0,-0.003305392
balanza,137.0,-14.43,,68.51370100000167,2026-05-28T12:04:51.120,2026-05-28T12:20:21.120,-930,,
multimetro,,,,68.66523080000115,2026-05-28T12:04:51.277,2026-05-28T12:20:21.277,-930,317.0,-0.003312375
multimetro,,,,68.8803964000017,2026-05-28T12:04:51.490,2026-05-28T12:20:21.490,-930,318.0,-0.00332095
balanza,138.0,-15.2,,69.01351950000026,2026-05-28T12:04:51.621,2026-05-28T12:20:21.621,-930,,
multimetro,,,,69.09554340000068,2026-05-28T12:04:51.706,2026-05-28T12:20:21.706,-930,319.0,-0.003329315
multimetro,,,,69.31049640000128,2026-05-28T12:04:51.917,2026-05-28T12:20:21.917,-930,320.0,-0.003337565
balanza,139.0,-14.75,,69.51342990000012,2026-05-28T12:04:52.123,2026-05-28T12:20:22.123,-930,,
multimetro,,,,69.52542100000028,2026-05-28T12:04:52.133,2026-05-28T12:20:22.133,-930,321.0,-0.003345554
multimetro,,,,69.74031510000168,2026-05-28T12:04:52.352,2026-05-28T12:20:22.352,-930,322.0,-0.003353553
multimetro,,,,69.95538780000061,2026-05-28T12:04:52.568,2026-05-28T12:20:22.568,-930,323.0,-0.00336152
balanza,140.0,-15.75,,70.01335970000036,2026-05-28T12:04:52.626,2026-05-28T12:20:22.626,-930,,
multimetro,,,,70.17066660000091,2026-05-28T12:04:52.782,2026-05-28T12:20:22.782,-930,324.0,-0.003369561
multimetro,,,,70.38592080000126,2026-05-28T12:04:52.996,2026-05-28T12:20:22.996,-930,325.0,-0.003377403
balanza,141.0,-15.4,,70.51342750000003,2026-05-28T12:04:53.119,2026-05-28T12:20:23.119,-930,,
multimetro,,,,70.60106960000121,2026-05-28T12:04:53.206,2026-05-28T12:20:23.206,-930,326.0,-0.003385297
multimetro,,,,70.8160495000011,2026-05-28T12:04:53.423,2026-05-28T12:20:23.423,-930,327.0,-0.003393338
balanza,142.0,-15.77,,71.01374440000109,2026-05-28T12:04:53.623,2026-05-28T12:20:23.623,-930,,
multimetro,,,,71.03157290000127,2026-05-28T12:04:53.644,2026-05-28T12:20:23.644,-930,328.0,-0.003401672
multimetro,,,,71.24669090000134,2026-05-28T12:04:53.857,2026-05-28T12:20:23.857,-930,329.0,-0.003409566
multimetro,,,,71.46173920000001,2026-05-28T12:04:54.073,2026-05-28T12:20:24.073,-930,330.0,-0.003417324
balanza,143.0,-16.14,,71.51375580000058,2026-05-28T12:04:54.121,2026-05-28T12:20:24.121,-930,,
multimetro,,,,71.67688770000132,2026-05-28T12:04:54.289,2026-05-28T12:20:24.289,-930,331.0,-0.003425406
multimetro,,,,71.89204020000034,2026-05-28T12:04:54.500,2026-05-28T12:20:24.500,-930,332.0,-0.00343307
balanza,144.0,-16.45,,72.01368210000146,2026-05-28T12:04:54.622,2026-05-28T12:20:24.622,-930,,
multimetro,,,,72.10726380000051,2026-05-28T12:04:54.720,2026-05-28T12:20:24.720,-930,333.0,-0.003440472
multimetro,,,,72.32240230000025,2026-05-28T12:04:54.935,2026-05-28T12:20:24.935,-930,334.0,-0.003448461
balanza,145.0,-16.44,,72.51334100000167,2026-05-28T12:04:55.123,2026-05-28T12:20:25.123,-930,,
multimetro,,,,72.53752460000032,2026-05-28T12:04:55.149,2026-05-28T12:20:25.149,-930,335.0,-0.003455832
multimetro,,,,72.75279420000152,2026-05-28T12:04:55.363,2026-05-28T12:20:25.363,-930,336.0,-0.003463265
multimetro,,,,72.96788820000074,2026-05-28T12:04:55.579,2026-05-28T12:20:25.579,-930,337.0,-0.003471034
balanza,146.0,-17.01,,73.01362420000078,2026-05-28T12:04:55.626,2026-05-28T12:20:25.626,-930,,
multimetro,,,,73.18313640000088,2026-05-28T12:04:55.790,2026-05-28T12:20:25.790,-930,338.0,-0.003478666
multimetro,,,,73.39828340000167,2026-05-28T12:04:56.010,2026-05-28T12:20:26.010,-930,339.0,-0.003485827
balanza,147.0,-17.29,,73.51353570000174,2026-05-28T12:04:56.126,2026-05-28T12:20:26.126,-930,,
multimetro,,,,73.61350330000096,2026-05-28T12:04:56.226,2026-05-28T12:20:26.226,-930,340.0,-0.003493449
multimetro,,,,73.82869370000117,2026-05-28T12:04:56.433,2026-05-28T12:20:26.433,-930,341.0,-0.003501082
balanza,148.0,-17.34,,74.01341660000071,2026-05-28T12:04:56.626,2026-05-28T12:20:26.626,-930,,
multimetro,,,,74.04375660000005,2026-05-28T12:04:56.656,2026-05-28T12:20:26.656,-930,342.0,-0.003508913
multimetro,,,,74.25885240000025,2026-05-28T12:04:56.863,2026-05-28T12:20:26.863,-930,343.0,-0.003516567
multimetro,,,,74.47409830000106,2026-05-28T12:04:57.081,2026-05-28T12:20:27.081,-930,344.0,-0.003523655
balanza,149.0,-17.48,,74.51345330000004,2026-05-28T12:04:57.126,2026-05-28T12:20:27.126,-930,,
multimetro,,,,74.6889869000006,2026-05-28T12:04:57.301,2026-05-28T12:20:27.301,-930,345.0,-0.003531434
multimetro,,,,74.90426890000163,2026-05-28T12:04:57.517,2026-05-28T12:20:27.517,-930,346.0,-0.003538689
balanza,150.0,-17.45,,75.01333740000155,2026-05-28T12:04:57.622,2026-05-28T12:20:27.622,-930,,
multimetro,,,,75.11936170000081,2026-05-28T12:04:57.732,2026-05-28T12:20:27.732,-930,347.0,-0.003546301
multimetro,,,,75.33469460000015,2026-05-28T12:04:57.946,2026-05-28T12:20:27.946,-930,348.0,-0.003553912
balanza,151.0,-18.24,,75.51332910000019,2026-05-28T12:04:58.117,2026-05-28T12:20:28.117,-930,,
multimetro,,,,75.54987060000167,2026-05-28T12:04:58.153,2026-05-28T12:20:28.153,-930,349.0,-0.003561042
multimetro,,,,75.76514180000049,2026-05-28T12:04:58.373,2026-05-28T12:20:28.373,-930,350.0,-0.003568423
multimetro,,,,75.98024080000141,2026-05-28T12:04:58.590,2026-05-28T12:20:28.590,-930,351.0,-0.003575742
balanza,152.0,-18.04,,76.01352690000022,2026-05-28T12:04:58.626,2026-05-28T12:20:28.626,-930,,
multimetro,,,,76.19532060000165,2026-05-28T12:04:58.806,2026-05-28T12:20:28.806,-930,352.0,-0.003582495
multimetro,,,,76.41065240000171,2026-05-28T12:04:59.016,2026-05-28T12:20:29.016,-930,353.0,-0.003590159
balanza,153.0,-18.66,,76.51345160000164,2026-05-28T12:04:59.126,2026-05-28T12:20:29.126,-930,,
multimetro,,,,76.62564610000118,2026-05-28T12:04:59.237,2026-05-28T12:20:29.237,-930,354.0,-0.003597875
multimetro,,,,76.84082260000105,2026-05-28T12:04:59.453,2026-05-28T12:20:29.453,-930,355.0,-0.003605204
balanza,154.0,-18.92,,77.0132306000014,2026-05-28T12:04:59.623,2026-05-28T12:20:29.623,-930,,
multimetro,,,,77.05589690000124,2026-05-28T12:04:59.663,2026-05-28T12:20:29.663,-930,356.0,-0.003612533
multimetro,,,,77.27110510000057,2026-05-28T12:04:59.882,2026-05-28T12:20:29.882,-930,357.0,-0.00361961
multimetro,,,,77.48605690000113,2026-05-28T12:05:00.091,2026-05-28T12:20:30.091,-930,358.0,-0.003626834
balanza,155.0,-19.1,,77.51346750000084,2026-05-28T12:05:00.126,2026-05-28T12:20:30.126,-930,,
multimetro,,,,77.7011493000009,2026-05-28T12:05:00.310,2026-05-28T12:20:30.310,-930,359.0,-0.003633943
multimetro,,,,77.91620140000123,2026-05-28T12:05:00.529,2026-05-28T12:20:30.529,-930,360.0,-0.003640633
balanza,156.0,-19.13,,78.01348210000106,2026-05-28T12:05:00.625,2026-05-28T12:20:30.625,-930,,
multimetro,,,,78.13131700000122,2026-05-28T12:05:00.736,2026-05-28T12:20:30.736,-930,361.0,-0.003647805
multimetro,,,,78.34641640000154,2026-05-28T12:05:00.953,2026-05-28T12:20:30.953,-930,362.0,-0.003654663
balanza,157.0,-19.48,,78.51334670000142,2026-05-28T12:05:01.125,2026-05-28T12:20:31.125,-930,,
multimetro,,,,78.56155930000023,2026-05-28T12:05:01.173,2026-05-28T12:20:31.173,-930,363.0,-0.003660275
multimetro,,,,78.77691690000029,2026-05-28T12:05:01.389,2026-05-28T12:20:31.389,-930,364.0,-0.003666881
multimetro,,,,78.9919727000015,2026-05-28T12:05:01.599,2026-05-28T12:20:31.599,-930,365.0,-0.003674168
balanza,158.0,-19.54,,79.01322760000039,2026-05-28T12:05:01.626,2026-05-28T12:20:31.626,-930,,
multimetro,,,,79.20731290000003,2026-05-28T12:05:01.820,2026-05-28T12:20:31.820,-930,366.0,-0.003680837
multimetro,,,,79.4223219000014,2026-05-28T12:05:02.032,2026-05-28T12:20:32.032,-930,367.0,-0.003687988
balanza,159.0,-20.2,,79.51358370000162,2026-05-28T12:05:02.123,2026-05-28T12:20:32.123,-930,,
multimetro,,,,79.63758990000133,2026-05-28T12:05:02.243,2026-05-28T12:20:32.243,-930,368.0,-0.003695181
multimetro,,,,79.85244960000091,2026-05-28T12:05:02.460,2026-05-28T12:20:32.460,-930,369.0,-0.003702342
balanza,160.0,-20.2,,80.01368910000019,2026-05-28T12:05:02.619,2026-05-28T12:20:32.619,-930,,
multimetro,,,,80.06776020000143,2026-05-28T12:05:02.680,2026-05-28T12:20:32.680,-930,370.0,-0.003709378
multimetro,,,,80.28271180000047,2026-05-28T12:05:02.886,2026-05-28T12:20:32.886,-930,371.0,-0.003716277
multimetro,,,,80.49780420000025,2026-05-28T12:05:03.106,2026-05-28T12:20:33.106,-930,372.0,-0.003723177
balanza,161.0,-20.52,,80.51362750000044,2026-05-28T12:05:03.120,2026-05-28T12:20:33.120,-930,,
multimetro,,,,80.71288210000057,2026-05-28T12:05:03.323,2026-05-28T12:20:33.323,-930,373.0,-0.003730275
multimetro,,,,80.92799530000048,2026-05-28T12:05:03.535,2026-05-28T12:20:33.535,-930,374.0,-0.003737102
balanza,162.0,-20.25,,81.01333690000138,2026-05-28T12:05:03.619,2026-05-28T12:20:33.619,-930,,
multimetro,,,,81.14309730000059,2026-05-28T12:05:03.754,2026-05-28T12:20:33.754,-930,375.0,-0.003743719
multimetro,,,,81.35805060000166,2026-05-28T12:05:03.969,2026-05-28T12:20:33.969,-930,376.0,-0.003750493
balanza,163.0,-20.88,,81.51345510000101,2026-05-28T12:05:04.121,2026-05-28T12:20:34.121,-930,,
multimetro,,,,81.57336720000058,2026-05-28T12:05:04.186,2026-05-28T12:20:34.186,-930,377.0,-0.003757999
multimetro,,,,81.7885053000009,2026-05-28T12:05:04.396,2026-05-28T12:20:34.396,-930,378.0,-0.003765485
multimetro,,,,82.00380620000033,2026-05-28T12:05:04.616,2026-05-28T12:20:34.616,-930,379.0,-0.003772573
balanza,164.0,-21.13,,82.01344960000097,2026-05-28T12:05:04.626,2026-05-28T12:20:34.626,-930,,
multimetro,,,,82.21871580000152,2026-05-28T12:05:04.824,2026-05-28T12:20:34.824,-930,380.0,-0.003779892
multimetro,,,,82.43363580000005,2026-05-28T12:05:05.043,2026-05-28T12:20:35.043,-930,381.0,-0.003786938
balanza,165.0,-21.16,,82.51372250000168,2026-05-28T12:05:05.126,2026-05-28T12:20:35.126,-930,,
multimetro,,,,82.64854130000094,2026-05-28T12:05:05.252,2026-05-28T12:20:35.252,-930,382.0,-0.003793408
multimetro,,,,82.8636402000011,2026-05-28T12:05:05.472,2026-05-28T12:20:35.472,-930,383.0,-0.00380059
balanza,166.0,-21.47,,83.0132764000009,2026-05-28T12:05:05.617,2026-05-28T12:20:35.617,-930,,
multimetro,,,,83.07866210000066,2026-05-28T12:05:05.690,2026-05-28T12:20:35.690,-930,384.0,-0.003807134
multimetro,,,,83.29355730000134,2026-05-28T12:05:05.903,2026-05-28T12:20:35.903,-930,385.0,-0.003814243
multimetro,,,,83.50851600000169,2026-05-28T12:05:06.113,2026-05-28T12:20:36.113,-930,386.0,-0.003820692
balanza,167.0,-21.4,,83.51367170000049,2026-05-28T12:05:06.123,2026-05-28T12:20:36.123,-930,,
multimetro,,,,83.72358310000163,2026-05-28T12:05:06.333,2026-05-28T12:20:36.333,-930,387.0,-0.003827215
multimetro,,,,83.93860190000123,2026-05-28T12:05:06.550,2026-05-28T12:20:36.550,-930,388.0,-0.003833968
balanza,168.0,-21.72,,84.01370450000104,2026-05-28T12:05:06.621,2026-05-28T12:20:36.621,-930,,
multimetro,,,,84.15375889999996,2026-05-28T12:05:06.766,2026-05-28T12:20:36.766,-930,389.0,-0.003840951
multimetro,,,,84.36905520000073,2026-05-28T12:05:06.982,2026-05-28T12:20:36.982,-930,390.0,-0.003847861
balanza,169.0,-21.87,,84.51331010000104,2026-05-28T12:05:07.117,2026-05-28T12:20:37.117,-930,,
multimetro,,,,84.5841973000006,2026-05-28T12:05:07.196,2026-05-28T12:20:37.196,-930,391.0,-0.0038543
multimetro,,,,84.79948500000137,2026-05-28T12:05:07.403,2026-05-28T12:20:37.403,-930,392.0,-0.003861064
balanza,170.0,-22.22,,85.01340960000016,2026-05-28T12:05:07.623,2026-05-28T12:20:37.623,-930,,
multimetro,,,,85.01440170000023,2026-05-28T12:05:07.623,2026-05-28T12:20:37.623,-930,393.0,-0.003867691
multimetro,,,,85.22954480000044,2026-05-28T12:05:07.841,2026-05-28T12:20:37.841,-930,394.0,-0.003874423
multimetro,,,,85.44460570000047,2026-05-28T12:05:08.052,2026-05-28T12:20:38.052,-930,395.0,-0.00388148
balanza,171.0,-22.13,,85.5136134000004,2026-05-28T12:05:08.125,2026-05-28T12:20:38.125,-930,,
multimetro,,,,85.6597152000013,2026-05-28T12:05:08.266,2026-05-28T12:20:38.266,-930,396.0,-0.003887929
multimetro,,,,85.87480820000019,2026-05-28T12:05:08.486,2026-05-28T12:20:38.486,-930,397.0,-0.003895237
balanza,172.0,-22.51,,86.01345230000152,2026-05-28T12:05:08.619,2026-05-28T12:20:38.619,-930,,
multimetro,,,,86.08991750000132,2026-05-28T12:05:08.693,2026-05-28T12:20:38.693,-930,398.0,-0.003902346
multimetro,,,,86.30511740000111,2026-05-28T12:05:08.913,2026-05-28T12:20:38.913,-930,399.0,-0.003909298
balanza,173.0,-22.63,,86.51402870000129,2026-05-28T12:05:09.123,2026-05-28T12:20:39.123,-930,,
multimetro,,,,86.52019720000135,2026-05-28T12:05:09.123,2026-05-28T12:20:39.123,-930,400.0,-0.003916009
multimetro,,,,86.7352918000015,2026-05-28T12:05:09.346,2026-05-28T12:20:39.346,-930,401.0,-0.003922511
multimetro,,,,86.95017230000121,2026-05-28T12:05:09.560,2026-05-28T12:20:39.560,-930,402.0,-0.003929368
balanza,174.0,-23.26,,87.01336600000104,2026-05-28T12:05:09.625,2026-05-28T12:20:39.625,-930,,
multimetro,,,,87.16540980000173,2026-05-28T12:05:09.777,2026-05-28T12:20:39.777,-930,403.0,-0.003936446
multimetro,,,,87.3803751000014,2026-05-28T12:05:09.986,2026-05-28T12:20:39.986,-930,404.0,-0.003943021
balanza,175.0,-23.36,,87.51368850000108,2026-05-28T12:05:10.126,2026-05-28T12:20:40.126,-930,,
multimetro,,,,87.59559580000132,2026-05-28T12:05:10.207,2026-05-28T12:20:40.207,-930,405.0,-0.003949512
multimetro,,,,87.81054120000044,2026-05-28T12:05:10.420,2026-05-28T12:20:40.420,-930,406.0,-0.003955857
balanza,176.0,-23.98,,88.01340140000138,2026-05-28T12:05:10.619,2026-05-28T12:20:40.619,-930,,
multimetro,,,,88.02561830000013,2026-05-28T12:05:10.632,2026-05-28T12:20:40.632,-930,407.0,-0.003962422
multimetro,,,,88.2406716000005,2026-05-28T12:05:10.851,2026-05-28T12:20:40.851,-930,408.0,-0.003968714
multimetro,,,,88.45583310000075,2026-05-28T12:05:11.069,2026-05-28T12:20:41.069,-930,409.0,-0.003975509
balanza,177.0,-23.56,,88.5138478000008,2026-05-28T12:05:11.125,2026-05-28T12:20:41.125,-930,,
multimetro,,,,88.67093100000056,2026-05-28T12:05:11.283,2026-05-28T12:20:41.283,-930,410.0,-0.003982115
multimetro,,,,88.88599870000144,2026-05-28T12:05:11.493,2026-05-28T12:20:41.493,-930,411.0,-0.003988397
balanza,178.0,-24.14,,89.0136575000015,2026-05-28T12:05:11.620,2026-05-28T12:20:41.620,-930,,
multimetro,,,,89.10109180000109,2026-05-28T12:05:11.708,2026-05-28T12:20:41.708,-930,412.0,-0.003994825
multimetro,,,,89.31622750000133,2026-05-28T12:05:11.928,2026-05-28T12:20:41.928,-930,413.0,-0.004001306
balanza,179.0,-24.11,,89.5136519000007,2026-05-28T12:05:12.126,2026-05-28T12:20:42.126,-930,,
multimetro,,,,89.53129720000106,2026-05-28T12:05:12.136,2026-05-28T12:20:42.136,-930,414.0,-0.004007996
multimetro,,,,89.74620290000166,2026-05-28T12:05:12.358,2026-05-28T12:20:42.358,-930,415.0,-0.004014582
multimetro,,,,89.96147270000074,2026-05-28T12:05:12.573,2026-05-28T12:20:42.573,-930,416.0,-0.004020874
balanza,180.0,-24.46,,90.01352670000051,2026-05-28T12:05:12.625,2026-05-28T12:20:42.625,-930,,
multimetro,,,,90.17641170000024,2026-05-28T12:05:12.784,2026-05-28T12:20:42.784,-930,417.0,-0.004027543
multimetro,,,,90.39171970000098,2026-05-28T12:05:13.004,2026-05-28T12:20:43.004,-930,418.0,-0.004034014
balanza,181.0,-24.36,,90.51361890000044,2026-05-28T12:05:13.119,2026-05-28T12:20:43.119,-930,,
multimetro,,,,90.60666280000078,2026-05-28T12:05:13.219,2026-05-28T12:20:43.219,-930,419.0,-0.004040296
multimetro,,,,90.82178380000005,2026-05-28T12:05:13.434,2026-05-28T12:20:43.434,-930,420.0,-0.004046787
balanza,182.0,-24.9,,91.01361870000073,2026-05-28T12:05:13.621,2026-05-28T12:20:43.621,-930,,
multimetro,,,,91.03693999999996,2026-05-28T12:05:13.648,2026-05-28T12:20:43.648,-930,421.0,-0.004053173
multimetro,,,,91.2520998,2026-05-28T12:05:13.863,2026-05-28T12:20:43.863,-930,422.0,-0.004059591
multimetro,,,,91.46734150000157,2026-05-28T12:05:14.075,2026-05-28T12:20:44.075,-930,423.0,-0.004065967
balanza,183.0,-24.96,,91.51338540000143,2026-05-28T12:05:14.126,2026-05-28T12:20:44.126,-930,,
multimetro,,,,91.6826028000014,2026-05-28T12:05:14.293,2026-05-28T12:20:44.293,-930,424.0,-0.004072448
multimetro,,,,91.89768920000097,2026-05-28T12:05:14.509,2026-05-28T12:20:44.509,-930,425.0,-0.004079076
balanza,184.0,-25.13,,92.01350820000152,2026-05-28T12:05:14.626,2026-05-28T12:20:44.626,-930,,
multimetro,,,,92.11259280000013,2026-05-28T12:05:14.719,2026-05-28T12:20:44.719,-930,426.0,-0.00408541
multimetro,,,,92.32768990000113,2026-05-28T12:05:14.936,2026-05-28T12:20:44.936,-930,427.0,-0.004092016
balanza,185.0,-25.32,,92.51369070000146,2026-05-28T12:05:15.123,2026-05-28T12:20:45.123,-930,,
multimetro,,,,92.54267280000022,2026-05-28T12:05:15.154,2026-05-28T12:20:45.154,-930,428.0,-0.004098549
multimetro,,,,92.75848890000088,2026-05-28T12:05:15.368,2026-05-28T12:20:45.368,-930,429.0,-0.004104967
multimetro,,,,92.97358420000091,2026-05-28T12:05:15.586,2026-05-28T12:20:45.586,-930,430.0,-0.00411126
balanza,186.0,-25.51,,93.01350200000161,2026-05-28T12:05:15.626,2026-05-28T12:20:45.626,-930,,
multimetro,,,,93.18887900000118,2026-05-28T12:05:15.799,2026-05-28T12:20:45.799,-930,431.0,-0.004117583
multimetro,,,,93.40379210000174,2026-05-28T12:05:16.016,2026-05-28T12:20:46.016,-930,432.0,-0.004123834
balanza,187.0,-25.6,,93.51349700000173,2026-05-28T12:05:16.119,2026-05-28T12:20:46.119,-930,,
multimetro,,,,93.61901590000161,2026-05-28T12:05:16.232,2026-05-28T12:20:46.232,-930,433.0,-0.004130065
multimetro,,,,93.83387040000162,2026-05-28T12:05:16.446,2026-05-28T12:20:46.446,-930,434.0,-0.004136253
balanza,188.0,-25.83,,94.01348900000085,2026-05-28T12:05:16.622,2026-05-28T12:20:46.622,-930,,
multimetro,,,,94.04882490000091,2026-05-28T12:05:16.660,2026-05-28T12:20:46.660,-930,435.0,-0.00414243
multimetro,,,,94.26378210000075,2026-05-28T12:05:16.874,2026-05-28T12:20:46.874,-930,436.0,-0.004148597
multimetro,,,,94.47887560000163,2026-05-28T12:05:17.089,2026-05-28T12:20:47.089,-930,437.0,-0.004154722
balanza,189.0,-25.98,,94.51381910000055,2026-05-28T12:05:17.125,2026-05-28T12:20:47.125,-930,,
multimetro,,,,94.69409020000057,2026-05-28T12:05:17.303,2026-05-28T12:20:47.303,-930,438.0,-0.004160826
multimetro,,,,94.9091382000006,2026-05-28T12:05:17.521,2026-05-28T12:20:47.521,-930,439.0,-0.004166919
balanza,190.0,-26.31,,95.01354900000115,2026-05-28T12:05:17.622,2026-05-28T12:20:47.622,-930,,
multimetro,,,,95.12437890000001,2026-05-28T12:05:17.732,2026-05-28T12:20:47.732,-930,440.0,-0.004172918
multimetro,,,,95.33942900000147,2026-05-28T12:05:17.951,2026-05-28T12:20:47.951,-930,441.0,-0.004178729
balanza,191.0,-26.5,,95.51360100000056,2026-05-28T12:05:18.126,2026-05-28T12:20:48.126,-930,,
multimetro,,,,95.5547587000001,2026-05-28T12:05:18.167,2026-05-28T12:20:48.167,-930,442.0,-0.004184927
multimetro,,,,95.76968780000061,2026-05-28T12:05:18.381,2026-05-28T12:20:48.381,-930,443.0,-0.004191104
multimetro,,,,95.98494430000028,2026-05-28T12:05:18.592,2026-05-28T12:20:48.592,-930,444.0,-0.004197103
balanza,192.0,-26.65,,96.0133678000002,2026-05-28T12:05:18.626,2026-05-28T12:20:48.626,-930,,
multimetro,,,,96.19984850000037,2026-05-28T12:05:18.811,2026-05-28T12:20:48.811,-930,445.0,-0.004203207
multimetro,,,,96.41500500000075,2026-05-28T12:05:19.020,2026-05-28T12:20:49.020,-930,446.0,-0.004209489
balanza,193.0,-26.93,,96.51356570000098,2026-05-28T12:05:19.119,2026-05-28T12:20:49.119,-930,,
multimetro,,,,96.63008280000031,2026-05-28T12:05:19.236,2026-05-28T12:20:49.236,-930,447.0,-0.004215572
multimetro,,,,96.84523880000052,2026-05-28T12:05:19.456,2026-05-28T12:20:49.456,-930,448.0,-0.00422176
balanza,194.0,-27.01,,97.01373430000058,2026-05-28T12:05:19.626,2026-05-28T12:20:49.626,-930,,
multimetro,,,,97.06039020000026,2026-05-28T12:05:19.673,2026-05-28T12:20:49.673,-930,449.0,-0.004227958
multimetro,,,,97.27550590000101,2026-05-28T12:05:19.888,2026-05-28T12:20:49.888,-930,450.0,-0.004233842
multimetro,,,,97.49070670000037,2026-05-28T12:05:20.099,2026-05-28T12:20:50.099,-930,451.0,-0.004239998
balanza,195.0,-27.46,,97.51356490000035,2026-05-28T12:05:20.119,2026-05-28T12:20:50.119,-930,,
multimetro,,,,97.70581800000036,2026-05-28T12:05:20.319,2026-05-28T12:20:50.319,-930,452.0,-0.004246112
multimetro,,,,97.921011800001,2026-05-28T12:05:20.533,2026-05-28T12:20:50.533,-930,453.0,-0.004252373
balanza,196.0,-27.4,,98.01384980000148,2026-05-28T12:05:20.623,2026-05-28T12:20:50.623,-930,,
multimetro,,,,98.1359979000008,2026-05-28T12:05:20.743,2026-05-28T12:20:50.743,-930,454.0,-0.004258069
multimetro,,,,98.3510720000013,2026-05-28T12:05:20.959,2026-05-28T12:20:50.959,-930,455.0,-0.004263921
balanza,197.0,-27.64,,98.51353290000043,2026-05-28T12:05:21.119,2026-05-28T12:20:51.119,-930,,
multimetro,,,,98.5661469000006,2026-05-28T12:05:21.170,2026-05-28T12:20:51.170,-930,456.0,-0.004269983
multimetro,,,,98.78130890000102,2026-05-28T12:05:21.387,2026-05-28T12:20:51.387,-930,457.0,-0.004276119
multimetro,,,,98.99638930000037,2026-05-28T12:05:21.607,2026-05-28T12:20:51.607,-930,458.0,-0.004282296
balanza,198.0,-27.82,,99.01359030000094,2026-05-28T12:05:21.617,2026-05-28T12:20:51.617,-930,,
multimetro,,,,99.21153279999999,2026-05-28T12:05:21.815,2026-05-28T12:20:51.815,-930,459.0,-0.004288316
multimetro,,,,99.42686600000161,2026-05-28T12:05:22.034,2026-05-28T12:20:52.034,-930,460.0,-0.004295058
balanza,199.0,-28.03,,99.5136919000015,2026-05-28T12:05:22.122,2026-05-28T12:20:52.122,-930,,
multimetro,,,,99.64193310000155,2026-05-28T12:05:22.253,2026-05-28T12:20:52.253,-930,461.0,-0.004301581
multimetro,,,,99.85711790000096,2026-05-28T12:05:22.469,2026-05-28T12:20:52.469,-930,462.0,-0.004307601
balanza,200.0,-28.23,,100.0136906000007,2026-05-28T12:05:22.620,2026-05-28T12:20:52.620,-930,,
multimetro,,,,100.0721639000003,2026-05-28T12:05:22.684,2026-05-28T12:20:52.684,-930,463.0,-0.004313904
multimetro,,,,100.28734990000157,2026-05-28T12:05:22.896,2026-05-28T12:20:52.896,-930,464.0,-0.004319432
multimetro,,,,100.50248439999996,2026-05-28T12:05:23.113,2026-05-28T12:20:53.113,-930,465.0,-0.004325808
balanza,201.0,-28.41,,100.51349710000068,2026-05-28T12:05:23.122,2026-05-28T12:20:53.122,-930,,
multimetro,,,,100.71762250000029,2026-05-28T12:05:23.323,2026-05-28T12:20:53.323,-930,466.0,-0.004332571
multimetro,,,,100.93269959999998,2026-05-28T12:05:23.539,2026-05-28T12:20:53.539,-930,467.0,-0.004339146
balanza,202.0,-28.47,,101.01370090000091,2026-05-28T12:05:23.619,2026-05-28T12:20:53.619,-930,,
multimetro,,,,101.14780880000035,2026-05-28T12:05:23.759,2026-05-28T12:20:53.759,-930,468.0,-0.004345051
multimetro,,,,101.36288349999995,2026-05-28T12:05:23.970,2026-05-28T12:20:53.970,-930,469.0,-0.004350757
balanza,203.0,-28.89,,101.51334060000045,2026-05-28T12:05:24.117,2026-05-28T12:20:54.117,-930,,
multimetro,,,,101.57811120000042,2026-05-28T12:05:24.190,2026-05-28T12:20:54.190,-930,470.0,-0.004356694
multimetro,,,,101.79327100000046,2026-05-28T12:05:24.403,2026-05-28T12:20:54.403,-930,471.0,-0.004362494
multimetro,,,,102.00834910000049,2026-05-28T12:05:24.613,2026-05-28T12:20:54.613,-930,472.0,-0.004368776
balanza,204.0,-29.14,,102.01350520000051,2026-05-28T12:05:24.625,2026-05-28T12:20:54.625,-930,,
multimetro,,,,102.2237726000003,2026-05-28T12:05:24.832,2026-05-28T12:20:54.832,-930,473.0,-0.004375068
multimetro,,,,102.43872320000082,2026-05-28T12:05:25.049,2026-05-28T12:20:55.049,-930,474.0,-0.004380931
balanza,205.0,-29.35,,102.51339390000066,2026-05-28T12:05:25.119,2026-05-28T12:20:55.119,-930,,
multimetro,,,,102.65385080000124,2026-05-28T12:05:25.267,2026-05-28T12:20:55.267,-930,475.0,-0.004386595
multimetro,,,,102.86894410000059,2026-05-28T12:05:25.481,2026-05-28T12:20:55.481,-930,476.0,-0.004392092
balanza,206.0,-29.32,,103.01366680000137,2026-05-28T12:05:25.626,2026-05-28T12:20:55.626,-930,,
multimetro,,,,103.08404260000134,2026-05-28T12:05:25.696,2026-05-28T12:20:55.696,-930,477.0,-0.004397704
multimetro,,,,103.29911750000065,2026-05-28T12:05:25.906,2026-05-28T12:20:55.906,-930,478.0,-0.004403619
balanza,207.0,-29.65,,103.51339240000016,2026-05-28T12:05:26.123,2026-05-28T12:20:56.123,-930,,
multimetro,,,,103.51418170000034,2026-05-28T12:05:26.123,2026-05-28T12:20:56.123,-930,479.0,-0.004409262
multimetro,,,,103.72916120000082,2026-05-28T12:05:26.333,2026-05-28T12:20:56.333,-930,480.0,-0.004414487
multimetro,,,,103.94428550000157,2026-05-28T12:05:26.554,2026-05-28T12:20:56.554,-930,481.0,-0.004420434
balanza,208.0,-29.82,,104.01371240000117,2026-05-28T12:05:26.619,2026-05-28T12:20:56.619,-930,,
multimetro,,,,104.15950610000073,2026-05-28T12:05:26.769,2026-05-28T12:20:56.769,-930,482.0,-0.004426339
multimetro,,,,104.37452960000155,2026-05-28T12:05:26.986,2026-05-28T12:20:56.986,-930,483.0,-0.004432118
balanza,209.0,-29.96,,104.51335410000138,2026-05-28T12:05:27.119,2026-05-28T12:20:57.119,-930,,
multimetro,,,,104.58978890000071,2026-05-28T12:05:27.197,2026-05-28T12:20:57.197,-930,484.0,-0.004438107
multimetro,,,,104.80496579999999,2026-05-28T12:05:27.412,2026-05-28T12:20:57.412,-930,485.0,-0.004444231
balanza,210.0,-30.25,,105.0136833000015,2026-05-28T12:05:27.623,2026-05-28T12:20:57.623,-930,,
multimetro,,,,105.02039220000006,2026-05-28T12:05:27.623,2026-05-28T12:20:57.623,-930,486.0,-0.004449843
multimetro,,,,105.23533120000138,2026-05-28T12:05:27.843,2026-05-28T12:20:57.843,-930,487.0,-0.004455863
multimetro,,,,105.45053619999999,2026-05-28T12:05:28.062,2026-05-28T12:20:58.062,-930,488.0,-0.004461496
balanza,211.0,-30.43,,105.51376160000109,2026-05-28T12:05:28.126,2026-05-28T12:20:58.126,-930,,
multimetro,,,,105.66552760000013,2026-05-28T12:05:28.269,2026-05-28T12:20:58.269,-930,489.0,-0.004467244
multimetro,,,,105.88078410000162,2026-05-28T12:05:28.486,2026-05-28T12:20:58.486,-930,490.0,-0.004472803
balanza,212.0,-30.63,,106.01338540000143,2026-05-28T12:05:28.626,2026-05-28T12:20:58.626,-930,,
multimetro,,,,106.09573030000138,2026-05-28T12:05:28.706,2026-05-28T12:20:58.706,-930,491.0,-0.004478489
multimetro,,,,106.31077750000077,2026-05-28T12:05:28.923,2026-05-28T12:20:58.923,-930,492.0,-0.0044841
balanza,213.0,-30.73,,106.5138388000014,2026-05-28T12:05:29.123,2026-05-28T12:20:59.123,-930,,
multimetro,,,,106.52592370000093,2026-05-28T12:05:29.133,2026-05-28T12:20:59.133,-930,493.0,-0.004489649
multimetro,,,,106.74079290000009,2026-05-28T12:05:29.353,2026-05-28T12:20:59.353,-930,494.0,-0.004495617
multimetro,,,,106.9559074000008,2026-05-28T12:05:29.560,2026-05-28T12:20:59.560,-930,495.0,-0.004501072
balanza,214.0,-30.84,,107.0135250000003,2026-05-28T12:05:29.625,2026-05-28T12:20:59.625,-930,,
multimetro,,,,107.17119080000157,2026-05-28T12:05:29.781,2026-05-28T12:20:59.781,-930,496.0,-0.004506705
multimetro,,,,107.38633320000008,2026-05-28T12:05:29.997,2026-05-28T12:20:59.997,-930,497.0,-0.004512871
balanza,215.0,-31.13,,107.51340890000029,2026-05-28T12:05:30.123,2026-05-28T12:21:00.123,-930,,
multimetro,,,,107.60138670000015,2026-05-28T12:05:30.213,2026-05-28T12:21:00.213,-930,498.0,-0.004518567
multimetro,,,,107.81690620000154,2026-05-28T12:05:30.423,2026-05-28T12:21:00.423,-930,499.0,-0.004524294
balanza,216.0,-31.18,,108.01339460000054,2026-05-28T12:05:30.620,2026-05-28T12:21:00.620,-930,,
multimetro,,,,108.03183220000028,2026-05-28T12:05:30.640,2026-05-28T12:21:00.640,-930,500.0,-0.004529958
multimetro,,,,108.24697980000019,2026-05-28T12:05:30.850,2026-05-28T12:21:00.850,-930,501.0,-0.004535674
multimetro,,,,108.46206760000132,2026-05-28T12:05:31.069,2026-05-28T12:21:01.069,-930,502.0,-0.004541674
balanza,217.0,-31.44,,108.51337140000032,2026-05-28T12:05:31.125,2026-05-28T12:21:01.125,-930,,
multimetro,,,,108.67719470000156,2026-05-28T12:05:31.286,2026-05-28T12:21:01.286,-930,503.0,-0.004547673
multimetro,,,,108.89240290000089,2026-05-28T12:05:31.496,2026-05-28T12:21:01.496,-930,504.0,-0.004553881
balanza,218.0,-31.68,,109.01362870000048,2026-05-28T12:05:31.626,2026-05-28T12:21:01.626,-930,,
multimetro,,,,109.10756230000152,2026-05-28T12:05:31.720,2026-05-28T12:21:01.720,-930,505.0,-0.004560739
multimetro,,,,109.32260060000044,2026-05-28T12:05:31.935,2026-05-28T12:21:01.935,-930,506.0,-0.004566288
balanza,219.0,-31.83,,109.51339230000121,2026-05-28T12:05:32.119,2026-05-28T12:21:02.119,-930,,
multimetro,,,,109.53779110000141,2026-05-28T12:05:32.150,2026-05-28T12:21:02.150,-930,507.0,-0.004571858
multimetro,,,,109.75296440000056,2026-05-28T12:05:32.360,2026-05-28T12:21:02.360,-930,508.0,-0.004577648
multimetro,,,,109.96818530000019,2026-05-28T12:05:32.576,2026-05-28T12:21:02.576,-930,509.0,-0.004583197
balanza,220.0,-32.12,,110.01353870000094,2026-05-28T12:05:32.624,2026-05-28T12:21:02.624,-930,,
multimetro,,,,110.18325780000123,2026-05-28T12:05:32.793,2026-05-28T12:21:02.793,-930,510.0,-0.004588934
multimetro,,,,110.3982272000012,2026-05-28T12:05:33.003,2026-05-28T12:21:03.003,-930,511.0,-0.004594766
balanza,221.0,-32.56,,110.51353370000106,2026-05-28T12:05:33.125,2026-05-28T12:21:03.125,-930,,
multimetro,,,,110.61351770000147,2026-05-28T12:05:33.223,2026-05-28T12:21:03.223,-930,512.0,-0.004600022
multimetro,,,,110.8284263000005,2026-05-28T12:05:33.433,2026-05-28T12:21:03.433,-930,513.0,-0.004605539
balanza,222.0,-32.34,,111.0134506000013,2026-05-28T12:05:33.620,2026-05-28T12:21:03.620,-930,,
multimetro,,,,111.04357160000109,2026-05-28T12:05:33.654,2026-05-28T12:21:03.654,-930,514.0,-0.004611057
multimetro,,,,111.25877260000016,2026-05-28T12:05:33.869,2026-05-28T12:21:03.869,-930,515.0,-0.004616972
multimetro,,,,111.47395430000142,2026-05-28T12:05:34.086,2026-05-28T12:21:04.086,-930,516.0,-0.004623118
balanza,223.0,-32.62,,111.51335270000163,2026-05-28T12:05:34.125,2026-05-28T12:21:04.125,-930,,
multimetro,,,,111.68909300000087,2026-05-28T12:05:34.301,2026-05-28T12:21:04.301,-930,517.0,-0.004629243
multimetro,,,,111.90427590000036,2026-05-28T12:05:34.517,2026-05-28T12:21:04.517,-930,518.0,-0.004634917
balanza,224.0,-32.83,,112.01338770000075,2026-05-28T12:05:34.619,2026-05-28T12:21:04.619,-930,,
multimetro,,,,112.11954680000053,2026-05-28T12:05:34.732,2026-05-28T12:21:04.732,-930,519.0,-0.004640697
multimetro,,,,112.33453970000119,2026-05-28T12:05:34.946,2026-05-28T12:21:04.946,-930,520.0,-0.004646968
balanza,225.0,-33.01,,112.51375330000155,2026-05-28T12:05:35.117,2026-05-28T12:21:05.117,-930,,
multimetro,,,,112.54955980000159,2026-05-28T12:05:35.156,2026-05-28T12:21:05.156,-930,521.0,-0.004652747
multimetro,,,,112.76481670000067,2026-05-28T12:05:35.373,2026-05-28T12:21:05.373,-930,522.0,-0.00465816
multimetro,,,,112.9798752000006,2026-05-28T12:05:35.590,2026-05-28T12:21:05.590,-930,523.0,-0.004663751
balanza,226.0,-33.33,,113.01345670000046,2026-05-28T12:05:35.625,2026-05-28T12:21:05.625,-930,,
multimetro,,,,113.19484920000104,2026-05-28T12:05:35.798,2026-05-28T12:21:05.798,-930,524.0,-0.004668892
multimetro,,,,113.41014290000021,2026-05-28T12:05:36.020,2026-05-28T12:21:06.020,-930,525.0,-0.004674671
balanza,227.0,-33.84,,113.51341830000092,2026-05-28T12:05:36.121,2026-05-28T12:21:06.121,-930,,
multimetro,,,,113.62521990000096,2026-05-28T12:05:36.230,2026-05-28T12:21:06.230,-930,526.0,-0.004680136
multimetro,,,,113.8539165000002,2026-05-28T12:05:36.466,2026-05-28T12:21:06.466,-930,527.0,-0.004685633
balanza,228.0,-33.72,,114.01337530000092,2026-05-28T12:05:36.626,2026-05-28T12:21:06.626,-930,,
multimetro,,,,114.06918760000008,2026-05-28T12:05:36.676,2026-05-28T12:21:06.676,-930,528.0,-0.004691779
multimetro,,,,114.28424750000158,2026-05-28T12:05:36.897,2026-05-28T12:21:06.897,-930,529.0,-0.004697328
multimetro,,,,114.49932880000051,2026-05-28T12:05:37.111,2026-05-28T12:21:07.111,-930,530.0,-0.004703075
balanza,229.0,-33.97,,114.51344770000105,2026-05-28T12:05:37.119,2026-05-28T12:21:07.119,-930,,
multimetro,,,,114.71437340000011,2026-05-28T12:05:37.327,2026-05-28T12:21:07.327,-930,531.0,-0.004708666
multimetro,,,,114.92924340000172,2026-05-28T12:05:37.536,2026-05-28T12:21:07.536,-930,532.0,-0.004713933
balanza,230.0,-33.89,,115.01331520000167,2026-05-28T12:05:37.623,2026-05-28T12:21:07.623,-930,,
multimetro,,,,115.14432050000141,2026-05-28T12:05:37.753,2026-05-28T12:21:07.753,-930,533.0,-0.004719147
multimetro,,,,115.35939680000047,2026-05-28T12:05:37.967,2026-05-28T12:21:07.967,-930,534.0,-0.004724444
balanza,231.0,-34.46,,115.5134065000002,2026-05-28T12:05:38.120,2026-05-28T12:21:08.120,-930,,
multimetro,,,,115.57446190000155,2026-05-28T12:05:38.180,2026-05-28T12:21:08.180,-930,535.0,-0.004730286
multimetro,,,,115.78951410000082,2026-05-28T12:05:38.399,2026-05-28T12:21:08.399,-930,536.0,-0.004735804
multimetro,,,,116.00465670000085,2026-05-28T12:05:38.616,2026-05-28T12:21:08.616,-930,537.0,-0.004741154
balanza,232.0,-34.54,,116.01352250000127,2026-05-28T12:05:38.626,2026-05-28T12:21:08.626,-930,,
multimetro,,,,116.2194750000017,2026-05-28T12:05:38.826,2026-05-28T12:21:08.826,-930,538.0,-0.004746284
multimetro,,,,116.43477520000124,2026-05-28T12:05:39.043,2026-05-28T12:21:09.043,-930,539.0,-0.004751749
balanza,233.0,-34.62,,116.5134065000002,2026-05-28T12:05:39.125,2026-05-28T12:21:09.125,-930,,
multimetro,,,,116.64968970000155,2026-05-28T12:05:39.255,2026-05-28T12:21:09.255,-930,540.0,-0.00475712
multimetro,,,,116.86472510000021,2026-05-28T12:05:39.477,2026-05-28T12:21:09.477,-930,541.0,-0.004762565
balanza,234.0,-34.58,,117.01380340000105,2026-05-28T12:05:39.619,2026-05-28T12:21:09.619,-930,,
multimetro,,,,117.08005970000158,2026-05-28T12:05:39.690,2026-05-28T12:21:09.690,-930,542.0,-0.00476847
multimetro,,,,117.29515680000077,2026-05-28T12:05:39.906,2026-05-28T12:21:09.906,-930,543.0,-0.004774322
multimetro,,,,117.51018000000113,2026-05-28T12:05:40.122,2026-05-28T12:21:10.122,-930,544.0,-0.00477963
balanza,235.0,-34.85,,117.51359740000044,2026-05-28T12:05:40.122,2026-05-28T12:21:10.122,-930,,
multimetro,,,,117.7252623000004,2026-05-28T12:05:40.335,2026-05-28T12:21:10.335,-930,545.0,-0.004785043
multimetro,,,,117.94032960000004,2026-05-28T12:05:40.552,2026-05-28T12:21:10.552,-930,546.0,-0.004790425
balanza,236.0,-35.02,,118.01360360000035,2026-05-28T12:05:40.619,2026-05-28T12:21:10.619,-930,,
multimetro,,,,118.1553952000013,2026-05-28T12:05:40.768,2026-05-28T12:21:10.768,-930,547.0,-0.004795785
multimetro,,,,118.37053210000158,2026-05-28T12:05:40.979,2026-05-28T12:21:10.979,-930,548.0,-0.004801386
balanza,237.0,-35.29,,118.51350770000136,2026-05-28T12:05:41.126,2026-05-28T12:21:11.126,-930,,
multimetro,,,,118.58553210000173,2026-05-28T12:05:41.190,2026-05-28T12:21:11.190,-930,549.0,-0.00480681
multimetro,,,,118.80076590000135,2026-05-28T12:05:41.412,2026-05-28T12:21:11.412,-930,550.0,-0.004812139
balanza,238.0,-35.34,,119.01341280000088,2026-05-28T12:05:41.617,2026-05-28T12:21:11.617,-930,,
multimetro,,,,119.01592030000029,2026-05-28T12:05:41.627,2026-05-28T12:21:11.627,-930,551.0,-0.004817793
multimetro,,,,119.23110470000029,2026-05-28T12:05:41.842,2026-05-28T12:21:11.842,-930,552.0,-0.004822923
multimetro,,,,119.446279400001,2026-05-28T12:05:42.052,2026-05-28T12:21:12.052,-930,553.0,-0.004828514
balanza,239.0,-35.42,,119.51329260000057,2026-05-28T12:05:42.120,2026-05-28T12:21:12.120,-930,,
multimetro,,,,119.66141590000007,2026-05-28T12:05:42.269,2026-05-28T12:21:12.269,-930,554.0,-0.004834387
multimetro,,,,119.87644350000119,2026-05-28T12:05:42.488,2026-05-28T12:21:12.488,-930,555.0,-0.004840083
balanza,240.0,-35.67,,120.01372650000121,2026-05-28T12:05:42.617,2026-05-28T12:21:12.617,-930,,
multimetro,,,,120.09160370000063,2026-05-28T12:05:42.703,2026-05-28T12:21:12.703,-930,556.0,-0.004845642
multimetro,,,,120.30668160000096,2026-05-28T12:05:42.914,2026-05-28T12:21:12.914,-930,557.0,-0.004851202
balanza,241.0,-35.85,,120.51355340000009,2026-05-28T12:05:43.123,2026-05-28T12:21:13.123,-930,,
multimetro,,,,120.52156780000041,2026-05-28T12:05:43.133,2026-05-28T12:21:13.133,-930,558.0,-0.004856677
multimetro,,,,120.73660650000056,2026-05-28T12:05:43.340,2026-05-28T12:21:13.340,-930,559.0,-0.004862226
multimetro,,,,120.95176210000136,2026-05-28T12:05:43.564,2026-05-28T12:21:13.564,-930,560.0,-0.004867493
balanza,242.0,-36.06,,121.01340500000151,2026-05-28T12:05:43.622,2026-05-28T12:21:13.622,-930,,
multimetro,,,,121.16692790000161,2026-05-28T12:05:43.775,2026-05-28T12:21:13.775,-930,561.0,-0.004872979
multimetro,,,,121.38185120000162,2026-05-28T12:05:43.991,2026-05-28T12:21:13.991,-930,562.0,-0.004878664
balanza,243.0,-36.25,,121.5132962000007,2026-05-28T12:05:44.123,2026-05-28T12:21:14.123,-930,,
multimetro,,,,121.59695530000135,2026-05-28T12:05:44.207,2026-05-28T12:21:14.207,-930,563.0,-0.004884464
multimetro,,,,121.81200900000113,2026-05-28T12:05:44.419,2026-05-28T12:21:14.419,-930,564.0,-0.004889929
balanza,244.0,-36.2,,122.0135592000006,2026-05-28T12:05:44.620,2026-05-28T12:21:14.620,-930,,
multimetro,,,,122.02716240000154,2026-05-28T12:05:44.639,2026-05-28T12:21:14.639,-930,565.0,-0.004895583
multimetro,,,,122.24224930000128,2026-05-28T12:05:44.846,2026-05-28T12:21:14.846,-930,566.0,-0.004901142
multimetro,,,,122.45716920000086,2026-05-28T12:05:45.068,2026-05-28T12:21:15.068,-930,567.0,-0.004906629
balanza,245.0,-36.53,,122.5134919000011,2026-05-28T12:05:45.125,2026-05-28T12:21:15.125,-930,,
multimetro,,,,122.6722658000017,2026-05-28T12:05:45.282,2026-05-28T12:21:15.282,-930,568.0,-0.004912335
multimetro,,,,122.88745720000043,2026-05-28T12:05:45.498,2026-05-28T12:21:15.498,-930,569.0,-0.004917569
balanza,246.0,-36.77,,123.01352360000055,2026-05-28T12:05:45.626,2026-05-28T12:21:15.626,-930,,
multimetro,,,,123.10230390000106,2026-05-28T12:05:45.713,2026-05-28T12:21:15.713,-930,570.0,-0.004923097
multimetro,,,,123.31741420000071,2026-05-28T12:05:45.930,2026-05-28T12:21:15.930,-930,571.0,-0.004928709
balanza,247.0,-36.85,,123.51360130000103,2026-05-28T12:05:46.120,2026-05-28T12:21:16.120,-930,,
multimetro,,,,123.53254940000079,2026-05-28T12:05:46.145,2026-05-28T12:21:16.145,-930,572.0,-0.004934049
multimetro,,,,123.74781760000042,2026-05-28T12:05:46.360,2026-05-28T12:21:16.360,-930,573.0,-0.00493964
multimetro,,,,123.96296770000117,2026-05-28T12:05:46.566,2026-05-28T12:21:16.566,-930,574.0,-0.004945304
balanza,248.0,-37.11,,124.01342690000092,2026-05-28T12:05:46.625,2026-05-28T12:21:16.625,-930,,
multimetro,,,,124.17797270000119,2026-05-28T12:05:46.791,2026-05-28T12:21:16.791,-930,575.0,-0.004950947
multimetro,,,,124.39323710000099,2026-05-28T12:05:47.005,2026-05-28T12:21:17.005,-930,576.0,-0.004956391
balanza,249.0,-37.6,,124.51320550000128,2026-05-28T12:05:47.123,2026-05-28T12:21:17.123,-930,,
multimetro,,,,124.6083174000014,2026-05-28T12:05:47.212,2026-05-28T12:21:17.212,-930,577.0,-0.004962003
multimetro,,,,124.82372580000083,2026-05-28T12:05:47.436,2026-05-28T12:21:17.436,-930,578.0,-0.004967385
balanza,250.0,-37.73,,125.0134291000013,2026-05-28T12:05:47.620,2026-05-28T12:21:17.620,-930,,
multimetro,,,,125.03880370000115,2026-05-28T12:05:47.646,2026-05-28T12:21:17.646,-930,579.0,-0.004972934
multimetro,,,,125.25375750000057,2026-05-28T12:05:47.866,2026-05-28T12:21:17.866,-930,580.0,-0.004978535
multimetro,,,,125.4687511000011,2026-05-28T12:05:48.073,2026-05-28T12:21:18.073,-930,581.0,-0.00498466
balanza,251.0,-37.88,,125.51362270000027,2026-05-28T12:05:48.125,2026-05-28T12:21:18.125,-930,,
multimetro,,,,125.68385900000067,2026-05-28T12:05:48.292,2026-05-28T12:21:18.292,-930,582.0,-0.004990324
multimetro,,,,125.89898620000167,2026-05-28T12:05:48.511,2026-05-28T12:21:18.511,-930,583.0,-0.004996197
balanza,252.0,-37.79,,126.01344870000139,2026-05-28T12:05:48.620,2026-05-28T12:21:18.620,-930,,
multimetro,,,,126.11413500000162,2026-05-28T12:05:48.720,2026-05-28T12:21:18.720,-930,584.0,-0.00500228
multimetro,,,,126.32923160000064,2026-05-28T12:05:48.940,2026-05-28T12:21:18.940,-930,585.0,-0.005007557
balanza,253.0,-38.18,,126.51332810000167,2026-05-28T12:05:49.125,2026-05-28T12:21:19.125,-930,,
multimetro,,,,126.54440850000174,2026-05-28T12:05:49.155,2026-05-28T12:21:19.155,-930,586.0,-0.005013127
multimetro,,,,126.75959150000017,2026-05-28T12:05:49.365,2026-05-28T12:21:19.365,-930,587.0,-0.005018362
multimetro,,,,126.97469440000168,2026-05-28T12:05:49.586,2026-05-28T12:21:19.586,-930,588.0,-0.005023974
balanza,254.0,-38.37,,127.01336540000011,2026-05-28T12:05:49.624,2026-05-28T12:21:19.624,-930,,
multimetro,,,,127.18991090000054,2026-05-28T12:05:49.802,2026-05-28T12:21:19.802,-930,589.0,-0.005029041
multimetro,,,,127.4049257000006,2026-05-28T12:05:50.018,2026-05-28T12:21:20.018,-930,590.0,-0.005034224
balanza,255.0,-38.58,,127.51361720000023,2026-05-28T12:05:50.119,2026-05-28T12:21:20.119,-930,,
multimetro,,,,127.62022150000121,2026-05-28T12:05:50.229,2026-05-28T12:21:20.229,-930,591.0,-0.00503949
multimetro,,,,127.83516890000101,2026-05-28T12:05:50.439,2026-05-28T12:21:20.439,-930,592.0,-0.005044379
balanza,256.0,-38.53,,128.0134689000006,2026-05-28T12:05:50.620,2026-05-28T12:21:20.620,-930,,
multimetro,,,,128.0502884000016,2026-05-28T12:05:50.662,2026-05-28T12:21:20.662,-930,593.0,-0.005050263
multimetro,,,,128.2654814000016,2026-05-28T12:05:50.872,2026-05-28T12:21:20.872,-930,594.0,-0.005056838
multimetro,,,,128.48049410000021,2026-05-28T12:05:51.093,2026-05-28T12:21:21.093,-930,595.0,-0.005063005
balanza,257.0,-39.14,,128.51346540000122,2026-05-28T12:05:51.125,2026-05-28T12:21:21.125,-930,,
multimetro,,,,128.69565390000025,2026-05-28T12:05:51.305,2026-05-28T12:21:21.305,-930,596.0,-0.005068878
multimetro,,,,128.91070639999998,2026-05-28T12:05:51.519,2026-05-28T12:21:21.519,-930,597.0,-0.005075035
balanza,258.0,-39.06,,129.0136665000009,2026-05-28T12:05:51.624,2026-05-28T12:21:21.624,-930,,
multimetro,,,,129.12579020000157,2026-05-28T12:05:51.729,2026-05-28T12:21:21.729,-930,598.0,-0.005081201
multimetro,,,,129.34098690000064,2026-05-28T12:05:51.950,2026-05-28T12:21:21.950,-930,599.0,-0.005087326
balanza,259.0,-39.29,,129.5133558000016,2026-05-28T12:05:52.120,2026-05-28T12:21:22.120,-930,,
multimetro,,,,129.55612090000068,2026-05-28T12:05:52.168,2026-05-28T12:21:22.168,-930,600.0,-0.0050932
multimetro,,,,129.771185900001,2026-05-28T12:05:52.376,2026-05-28T12:21:22.376,-930,601.0,-0.00509922
multimetro,,,,129.98610970000118,2026-05-28T12:05:52.598,2026-05-28T12:21:22.598,-930,602.0,-0.00510591
balanza,260.0,-39.59,,130.01355870000043,2026-05-28T12:05:52.626,2026-05-28T12:21:22.626,-930,,
multimetro,,,,130.20110100000056,2026-05-28T12:05:52.810,2026-05-28T12:21:22.810,-930,603.0,-0.005111857
multimetro,,,,130.4164851000005,2026-05-28T12:05:53.022,2026-05-28T12:21:23.022,-930,604.0,-0.005118024
balanza,261.0,-40.02,,130.51346320000084,2026-05-28T12:05:53.122,2026-05-28T12:21:23.122,-930,,
multimetro,,,,130.6317207000011,2026-05-28T12:05:53.236,2026-05-28T12:21:23.236,-930,605.0,-0.005124483
multimetro,,,,130.84666590000052,2026-05-28T12:05:53.453,2026-05-28T12:21:23.453,-930,606.0,-0.00513087
balanza,262.0,-39.81,,131.0135216000017,2026-05-28T12:05:53.623,2026-05-28T12:21:23.623,-930,,
multimetro,,,,131.06178330000148,2026-05-28T12:05:53.673,2026-05-28T12:21:23.673,-930,607.0,-0.005137403
multimetro,,,,131.27674760000082,2026-05-28T12:05:53.886,2026-05-28T12:21:23.886,-930,608.0,-0.005144083
multimetro,,,,131.49195490000056,2026-05-28T12:05:54.098,2026-05-28T12:21:24.098,-930,609.0,-0.005150637
balanza,263.0,-39.96,,131.5133833,2026-05-28T12:05:54.126,2026-05-28T12:21:24.126,-930,,
multimetro,,,,131.70699330000025,2026-05-28T12:05:54.318,2026-05-28T12:21:24.318,-930,610.0,-0.005157201
multimetro,,,,131.9222109000002,2026-05-28T12:05:54.533,2026-05-28T12:21:24.533,-930,611.0,-0.005164394
balanza,264.0,-40.38,,132.01361170000018,2026-05-28T12:05:54.625,2026-05-28T12:21:24.625,-930,,
multimetro,,,,132.13720750000175,2026-05-28T12:05:54.743,2026-05-28T12:21:24.743,-930,612.0,-0.005174037
multimetro,,,,132.3523292000009,2026-05-28T12:05:54.965,2026-05-28T12:21:24.965,-930,613.0,-0.005180768
balanza,265.0,-40.36,,132.51335690000087,2026-05-28T12:05:55.126,2026-05-28T12:21:25.126,-930,,
multimetro,,,,132.56738160000168,2026-05-28T12:05:55.172,2026-05-28T12:21:25.172,-930,614.0,-0.005188882
multimetro,,,,132.78248760000133,2026-05-28T12:05:55.390,2026-05-28T12:21:25.390,-930,615.0,-0.005195949
multimetro,,,,132.99751780000042,2026-05-28T12:05:55.610,2026-05-28T12:21:25.610,-930,616.0,-0.005203424
balanza,266.0,-40.57,,133.01352040000165,2026-05-28T12:05:55.625,2026-05-28T12:21:25.625,-930,,
multimetro,,,,133.21293080000032,2026-05-28T12:05:55.825,2026-05-28T12:21:25.825,-930,617.0,-0.005211266
multimetro,,,,133.42806660000133,2026-05-28T12:05:56.036,2026-05-28T12:21:26.036,-930,618.0,-0.005219244
balanza,267.0,-40.76,,133.51353890000064,2026-05-28T12:05:56.119,2026-05-28T12:21:26.119,-930,,
multimetro,,,,133.64313030000085,2026-05-28T12:05:56.252,2026-05-28T12:21:26.252,-930,619.0,-0.005227243
multimetro,,,,133.85820290000083,2026-05-28T12:05:56.469,2026-05-28T12:21:26.469,-930,620.0,-0.005235902
balanza,268.0,-40.99,,134.01359120000052,2026-05-28T12:05:56.620,2026-05-28T12:21:26.620,-930,,
multimetro,,,,134.07321709999997,2026-05-28T12:05:56.686,2026-05-28T12:21:26.686,-930,621.0,-0.005244016
multimetro,,,,134.28836090000004,2026-05-28T12:05:56.896,2026-05-28T12:21:26.896,-930,622.0,-0.005252548
multimetro,,,,134.50346140000147,2026-05-28T12:05:57.116,2026-05-28T12:21:27.116,-930,623.0,-0.005261176
balanza,269.0,-41.28,,134.51373260000037,2026-05-28T12:05:57.118,2026-05-28T12:21:27.118,-930,,
multimetro,,,,134.71843890000127,2026-05-28T12:05:57.329,2026-05-28T12:21:27.329,-930,624.0,-0.005269918
multimetro,,,,134.9333912000002,2026-05-28T12:05:57.543,2026-05-28T12:21:27.543,-930,625.0,-0.005278723
balanza,270.0,-41.4,,135.01371520000066,2026-05-28T12:05:57.619,2026-05-28T12:21:27.619,-930,,
multimetro,,,,135.14861120000023,2026-05-28T12:05:57.760,2026-05-28T12:21:27.760,-930,626.0,-0.00528914
multimetro,,,,135.3635318000015,2026-05-28T12:05:57.971,2026-05-28T12:21:27.971,-930,627.0,-0.005299935
balanza,271.0,-41.73,,135.51356380000107,2026-05-28T12:05:58.119,2026-05-28T12:21:28.119,-930,,
multimetro,,,,135.5787973000006,2026-05-28T12:05:58.190,2026-05-28T12:21:28.190,-930,628.0,-0.005310446
multimetro,,,,135.79375920000166,2026-05-28T12:05:58.406,2026-05-28T12:21:28.406,-930,629.0,-0.005322172
multimetro,,,,136.00900680000086,2026-05-28T12:05:58.617,2026-05-28T12:21:28.617,-930,630.0,-0.005337856
balanza,272.0,-41.63,,136.0134988000009,2026-05-28T12:05:58.617,2026-05-28T12:21:28.617,-930,,
multimetro,,,,136.22405730000173,2026-05-28T12:05:58.833,2026-05-28T12:21:28.833,-930,631.0,-0.005360827
multimetro,,,,136.4390953000002,2026-05-28T12:05:59.051,2026-05-28T12:21:29.051,-930,632.0,-0.005391681
balanza,273.0,-41.91,,136.51363760000095,2026-05-28T12:05:59.118,2026-05-28T12:21:29.118,-930,,
multimetro,,,,136.6542941000007,2026-05-28T12:05:59.267,2026-05-28T12:21:29.267,-930,633.0,-0.005426462
multimetro,,,,136.8692858000013,2026-05-28T12:05:59.482,2026-05-28T12:21:29.482,-930,634.0,-0.005462666
balanza,274.0,-41.53,,137.0134979000013,2026-05-28T12:05:59.620,2026-05-28T12:21:29.620,-930,,
multimetro,,,,137.08432190000167,2026-05-28T12:05:59.696,2026-05-28T12:21:29.696,-930,635.0,-0.005498525
multimetro,,,,137.29949440000019,2026-05-28T12:05:59.906,2026-05-28T12:21:29.906,-930,636.0,-0.00552694
balanza,275.0,-41.78,,137.513364800001,2026-05-28T12:06:00.126,2026-05-28T12:21:30.126,-930,,
multimetro,,,,137.51468060000116,2026-05-28T12:06:00.126,2026-05-28T12:21:30.126,-930,637.0,-0.005550822
multimetro,,,,137.72979450000093,2026-05-28T12:06:00.342,2026-05-28T12:21:30.342,-930,638.0,-0.005573761
multimetro,,,,137.94507140000132,2026-05-28T12:06:00.550,2026-05-28T12:21:30.550,-930,639.0,-0.005595318
balanza,276.0,-41.91,,138.0135801000015,2026-05-28T12:06:00.626,2026-05-28T12:21:30.626,-930,,
multimetro,,,,138.16013400000156,2026-05-28T12:06:00.770,2026-05-28T12:21:30.770,-930,640.0,-0.005617503
multimetro,,,,138.37526460000117,2026-05-28T12:06:00.982,2026-05-28T12:21:30.982,-930,641.0,-0.005638558
balanza,277.0,-42.31,,138.5137493000002,2026-05-28T12:06:01.117,2026-05-28T12:21:31.117,-930,,
multimetro,,,,138.5905021000017,2026-05-28T12:06:01.203,2026-05-28T12:21:31.203,-930,642.0,-0.005659435
multimetro,,,,138.80578550000064,2026-05-28T12:06:01.414,2026-05-28T12:21:31.414,-930,643.0,-0.005679547
balanza,278.0,-43.84,,139.01362710000103,2026-05-28T12:06:01.623,2026-05-28T12:21:31.623,-930,,
multimetro,,,,139.0209889000016,2026-05-28T12:06:01.633,2026-05-28T12:21:31.633,-930,644.0,-0.005699031
multimetro,,,,139.23586000000068,2026-05-28T12:06:01.848,2026-05-28T12:21:31.848,-930,645.0,-0.005717406
multimetro,,,,139.45103760000165,2026-05-28T12:06:02.062,2026-05-28T12:21:32.062,-930,646.0,-0.005734995
balanza,279.0,-45.27,,139.5135192000016,2026-05-28T12:06:02.125,2026-05-28T12:21:32.125,-930,,
multimetro,,,,139.66611680000096,2026-05-28T12:06:02.277,2026-05-28T12:21:32.277,-930,647.0,-0.005750857
multimetro,,,,139.88117760000023,2026-05-28T12:06:02.486,2026-05-28T12:21:32.486,-930,648.0,-0.005765672
balanza,280.0,-48.24,,140.0134579000005,2026-05-28T12:06:02.617,2026-05-28T12:21:32.617,-930,,
multimetro,,,,140.0963083000006,2026-05-28T12:06:02.709,2026-05-28T12:21:32.709,-930,649.0,-0.005779638
multimetro,,,,140.31160170000112,2026-05-28T12:06:02.923,2026-05-28T12:21:32.923,-930,650.0,-0.005791752
balanza,281.0,-48.13,,140.51355730000068,2026-05-28T12:06:03.123,2026-05-28T12:21:33.123,-930,,
multimetro,,,,140.5265459000002,2026-05-28T12:06:03.136,2026-05-28T12:21:33.136,-930,651.0,-0.005802588
multimetro,,,,140.74168010000176,2026-05-28T12:06:03.353,2026-05-28T12:21:33.353,-930,652.0,-0.005811738
multimetro,,,,140.95688990000053,2026-05-28T12:06:03.566,2026-05-28T12:21:33.566,-930,653.0,-0.005820051
balanza,282.0,-51.6,,141.01351840000098,2026-05-28T12:06:03.619,2026-05-28T12:21:33.619,-930,,
multimetro,,,,141.17211730000054,2026-05-28T12:06:03.784,2026-05-28T12:21:33.784,-930,654.0,-0.005827276
multimetro,,,,141.38734410000143,2026-05-28T12:06:04.000,2026-05-28T12:21:34.000,-930,655.0,-0.005833673
balanza,283.0,-50.29,,141.51342730000033,2026-05-28T12:06:04.119,2026-05-28T12:21:34.119,-930,,
multimetro,,,,141.60260540000127,2026-05-28T12:06:04.212,2026-05-28T12:21:34.212,-930,656.0,-0.005839441
multimetro,,,,141.81754050000018,2026-05-28T12:06:04.430,2026-05-28T12:21:34.430,-930,657.0,-0.005844373
balanza,284.0,-51.77,,142.0133392000007,2026-05-28T12:06:04.622,2026-05-28T12:21:34.622,-930,,
multimetro,,,,142.03260070000033,2026-05-28T12:06:04.643,2026-05-28T12:21:34.643,-930,658.0,-0.005848686
multimetro,,,,142.24775180000142,2026-05-28T12:06:04.853,2026-05-28T12:21:34.853,-930,659.0,-0.005852393
multimetro,,,,142.4627257000011,2026-05-28T12:06:05.069,2026-05-28T12:21:35.069,-930,660.0,-0.005856005
balanza,285.0,-51.62,,142.51345820000097,2026-05-28T12:06:05.125,2026-05-28T12:21:35.125,-930,,
multimetro,,,,142.67786290000004,2026-05-28T12:06:05.289,2026-05-28T12:21:35.289,-930,661.0,-0.005858685
multimetro,,,,142.89287700000023,2026-05-28T12:06:05.505,2026-05-28T12:21:35.505,-930,662.0,-0.005861145
balanza,286.0,-52.1,,143.01350600000114,2026-05-28T12:06:05.622,2026-05-28T12:21:35.622,-930,,
multimetro,,,,143.1081376000002,2026-05-28T12:06:05.712,2026-05-28T12:21:35.712,-930,663.0,-0.005863585
multimetro,,,,143.3232749000017,2026-05-28T12:06:05.936,2026-05-28T12:21:35.936,-930,664.0,-0.005865679
balanza,287.0,-52.08,,143.5133321000012,2026-05-28T12:06:06.123,2026-05-28T12:21:36.123,-930,,
multimetro,,,,143.5382995,2026-05-28T12:06:06.143,2026-05-28T12:21:36.143,-930,665.0,-0.005867448
multimetro,,,,143.75343860000066,2026-05-28T12:06:06.359,2026-05-28T12:21:36.359,-930,666.0,-0.005869238
multimetro,,,,143.968581000001,2026-05-28T12:06:06.580,2026-05-28T12:21:36.580,-930,667.0,-0.005870505
balanza,288.0,-52.45,,144.0133560000013,2026-05-28T12:06:06.625,2026-05-28T12:21:36.625,-930,,
multimetro,,,,144.18381610000142,2026-05-28T12:06:06.797,2026-05-28T12:21:36.797,-930,668.0,-0.005871887
multimetro,,,,144.39903290000075,2026-05-28T12:06:07.003,2026-05-28T12:21:37.003,-930,669.0,-0.005873028
balanza,289.0,-52.33,,144.5135011000002,2026-05-28T12:06:07.126,2026-05-28T12:21:37.126,-930,,
multimetro,,,,144.61411150000094,2026-05-28T12:06:07.223,2026-05-28T12:21:37.223,-930,670.0,-0.005874013
multimetro,,,,144.82920230000127,2026-05-28T12:06:07.433,2026-05-28T12:21:37.433,-930,671.0,-0.005874829
balanza,290.0,-52.55,,145.0136685000016,2026-05-28T12:06:07.620,2026-05-28T12:21:37.620,-930,,
multimetro,,,,145.04446120000102,2026-05-28T12:06:07.650,2026-05-28T12:21:37.650,-930,672.0,-0.005875604
multimetro,,,,145.25938830000086,2026-05-28T12:06:07.872,2026-05-28T12:21:37.872,-930,673.0,-0.005876222
multimetro,,,,145.47458310000002,2026-05-28T12:06:08.086,2026-05-28T12:21:38.086,-930,674.0,-0.005877017
balanza,291.0,-52.51,,145.51367440000104,2026-05-28T12:06:08.126,2026-05-28T12:21:38.126,-930,,
multimetro,,,,145.6896910000014,2026-05-28T12:06:08.302,2026-05-28T12:21:38.302,-930,675.0,-0.005877708
multimetro,,,,145.90476190000118,2026-05-28T12:06:08.517,2026-05-28T12:21:38.517,-930,676.0,-0.005878242
balanza,292.0,-52.66,,146.0135607000011,2026-05-28T12:06:08.620,2026-05-28T12:21:38.620,-930,,
multimetro,,,,146.11986630000138,2026-05-28T12:06:08.729,2026-05-28T12:21:38.729,-930,677.0,-0.005878703
multimetro,,,,146.33492890000161,2026-05-28T12:06:08.945,2026-05-28T12:21:38.945,-930,678.0,-0.005878986
balanza,293.0,-52.55,,146.5135936000006,2026-05-28T12:06:09.126,2026-05-28T12:21:39.126,-930,,
multimetro,,,,146.55012090000128,2026-05-28T12:06:09.162,2026-05-28T12:21:39.162,-930,679.0,-0.005879352
multimetro,,,,146.76520700000037,2026-05-28T12:06:09.369,2026-05-28T12:21:39.369,-930,680.0,-0.005879897
multimetro,,,,146.98037390000172,2026-05-28T12:06:09.589,2026-05-28T12:21:39.589,-930,681.0,-0.005880263
balanza,294.0,-52.74,,147.0133816000016,2026-05-28T12:06:09.626,2026-05-28T12:21:39.626,-930,,
multimetro,,,,147.19568830000026,2026-05-28T12:06:09.808,2026-05-28T12:21:39.808,-930,682.0,-0.005880514
multimetro,,,,147.41098330000023,2026-05-28T12:06:10.016,2026-05-28T12:21:40.016,-930,683.0,-0.005881006
balanza,295.0,-52.68,,147.51352680000127,2026-05-28T12:06:10.122,2026-05-28T12:21:40.122,-930,,
multimetro,,,,147.62623950000125,2026-05-28T12:06:10.233,2026-05-28T12:21:40.233,-930,684.0,-0.005881247
multimetro,,,,147.8411429000007,2026-05-28T12:06:10.453,2026-05-28T12:21:40.453,-930,685.0,-0.005881425
balanza,296.0,-52.6,,148.01366150000104,2026-05-28T12:06:10.619,2026-05-28T12:21:40.619,-930,,
multimetro,,,,148.0563118000009,2026-05-28T12:06:10.669,2026-05-28T12:21:40.669,-930,686.0,-0.005881635
multimetro,,,,148.27125180000075,2026-05-28T12:06:10.877,2026-05-28T12:21:40.877,-930,687.0,-0.005881771
multimetro,,,,148.48628200000167,2026-05-28T12:06:11.097,2026-05-28T12:21:41.097,-930,688.0,-0.005882022
balanza,297.0,-52.65,,148.5136736000004,2026-05-28T12:06:11.126,2026-05-28T12:21:41.126,-930,,
multimetro,,,,148.70129030000135,2026-05-28T12:06:11.308,2026-05-28T12:21:41.308,-930,689.0,-0.005882493
multimetro,,,,148.9163178000017,2026-05-28T12:06:11.528,2026-05-28T12:21:41.528,-930,690.0,-0.005882608
balanza,298.0,-52.67,,149.01366210000015,2026-05-28T12:06:11.626,2026-05-28T12:21:41.626,-930,,
multimetro,,,,149.1314446000015,2026-05-28T12:06:11.740,2026-05-28T12:21:41.740,-930,691.0,-0.00588264
multimetro,,,,149.3467466000002,2026-05-28T12:06:11.952,2026-05-28T12:21:41.952,-930,692.0,-0.005883027
balanza,299.0,-52.76,,149.5137874000011,2026-05-28T12:06:12.121,2026-05-28T12:21:42.121,-930,,
multimetro,,,,149.56174890000148,2026-05-28T12:06:12.174,2026-05-28T12:21:42.174,-930,693.0,-0.005883048
multimetro,,,,149.77672020000136,2026-05-28T12:06:12.386,2026-05-28T12:21:42.386,-930,694.0,-0.005883226
multimetro,,,,149.99195360000158,2026-05-28T12:06:12.602,2026-05-28T12:21:42.602,-930,695.0,-0.005883624
balanza,300.0,-52.65,,150.01351250000153,2026-05-28T12:06:12.626,2026-05-28T12:21:42.626,-930,,
multimetro,,,,150.20686320000095,2026-05-28T12:06:12.819,2026-05-28T12:21:42.819,-930,696.0,-0.005884043
multimetro,,,,150.42199280000023,2026-05-28T12:06:13.035,2026-05-28T12:21:43.035,-930,697.0,-0.005884336
balanza,301.0,-52.7,,150.5135351000008,2026-05-28T12:06:13.126,2026-05-28T12:21:43.126,-930,,
multimetro,,,,150.6371381000008,2026-05-28T12:06:13.246,2026-05-28T12:21:43.246,-930,698.0,-0.005884388
multimetro,,,,150.8522275000014,2026-05-28T12:06:13.465,2026-05-28T12:21:43.465,-930,699.0,-0.005884252
balanza,302.0,-52.79,,151.01352820000102,2026-05-28T12:06:13.620,2026-05-28T12:21:43.620,-930,,
multimetro,,,,151.06733550000172,2026-05-28T12:06:13.679,2026-05-28T12:21:43.679,-930,700.0,-0.005884639
multimetro,,,,151.28255200000058,2026-05-28T12:06:13.886,2026-05-28T12:21:43.886,-930,701.0,-0.005884671
multimetro,,,,151.49764020000111,2026-05-28T12:06:14.106,2026-05-28T12:21:44.106,-930,702.0,-0.005884807
balanza,303.0,-52.78,,151.51339330000155,2026-05-28T12:06:14.120,2026-05-28T12:21:44.120,-930,,
multimetro,,,,151.71287630000006,2026-05-28T12:06:14.326,2026-05-28T12:21:44.326,-930,703.0,-0.005885079
multimetro,,,,151.92791639999996,2026-05-28T12:06:14.533,2026-05-28T12:21:44.533,-930,704.0,-0.005885194
balanza,304.0,-52.68,,152.0136448000012,2026-05-28T12:06:14.623,2026-05-28T12:21:44.623,-930,,
multimetro,,,,152.14297830000032,2026-05-28T12:06:14.753,2026-05-28T12:21:44.753,-930,705.0,-0.00588532
multimetro,,,,152.35806250000132,2026-05-28T12:06:14.963,2026-05-28T12:21:44.963,-930,706.0,-0.005885425
balanza,305.0,-52.7,,152.51349730000038,2026-05-28T12:06:15.123,2026-05-28T12:21:45.123,-930,,
multimetro,,,,152.57316010000068,2026-05-28T12:06:15.183,2026-05-28T12:21:45.183,-930,707.0,-0.005885362
multimetro,,,,152.78837030000068,2026-05-28T12:06:15.400,2026-05-28T12:21:45.400,-930,708.0,-0.005885624
multimetro,,,,153.00344360000054,2026-05-28T12:06:15.616,2026-05-28T12:21:45.616,-930,709.0,-0.005885665
balanza,306.0,-52.68,,153.0133291000002,2026-05-28T12:06:15.619,2026-05-28T12:21:45.619,-930,,
multimetro,,,,153.21876130000055,2026-05-28T12:06:15.829,2026-05-28T12:21:45.829,-930,710.0,-0.005885624
multimetro,,,,153.43362420000085,2026-05-28T12:06:16.046,2026-05-28T12:21:46.046,-930,711.0,-0.005885739
balanza,307.0,-52.7,,153.51349200000004,2026-05-28T12:06:16.119,2026-05-28T12:21:46.119,-930,,
multimetro,,,,153.64878750000025,2026-05-28T12:06:16.259,2026-05-28T12:21:46.259,-930,712.0,-0.005885686
multimetro,,,,153.86388390000138,2026-05-28T12:06:16.477,2026-05-28T12:21:46.477,-930,713.0,-0.005885854
balanza,308.0,-52.65,,154.01376670000172,2026-05-28T12:06:16.623,2026-05-28T12:21:46.623,-930,,
multimetro,,,,154.07908210000096,2026-05-28T12:06:16.683,2026-05-28T12:21:46.683,-930,714.0,-0.005886126
multimetro,,,,154.29414700000052,2026-05-28T12:06:16.903,2026-05-28T12:21:46.903,-930,715.0,-0.005886116
multimetro,,,,154.50925580000148,2026-05-28T12:06:17.120,2026-05-28T12:21:47.120,-930,716.0,-0.00588622
balanza,309.0,-52.77,,154.51343000000088,2026-05-28T12:06:17.120,2026-05-28T12:21:47.120,-930,,
multimetro,,,,154.72429190000003,2026-05-28T12:06:17.336,2026-05-28T12:21:47.336,-930,717.0,-0.005886472
multimetro,,,,154.9394510000002,2026-05-28T12:06:17.549,2026-05-28T12:21:47.549,-930,718.0,-0.005886566
balanza,310.0,-52.7,,155.01356600000145,2026-05-28T12:06:17.618,2026-05-28T12:21:47.618,-930,,
multimetro,,,,155.15451810000013,2026-05-28T12:06:17.764,2026-05-28T12:21:47.764,-930,719.0,-0.005886576
multimetro,,,,155.36975710000115,2026-05-28T12:06:17.982,2026-05-28T12:21:47.982,-930,720.0,-0.005886671
balanza,311.0,-52.75,,155.51334270000007,2026-05-28T12:06:18.119,2026-05-28T12:21:48.119,-930,,
multimetro,,,,155.58514050000122,2026-05-28T12:06:18.190,2026-05-28T12:21:48.190,-930,721.0,-0.005886901
multimetro,,,,155.80011370000102,2026-05-28T12:06:18.412,2026-05-28T12:21:48.412,-930,722.0,-0.005886974
balanza,312.0,-52.66,,156.01414790000126,2026-05-28T12:06:18.627,2026-05-28T12:21:48.627,-930,,
multimetro,,,,156.015451700001,2026-05-28T12:06:18.627,2026-05-28T12:21:48.627,-930,723.0,-0.005886859
multimetro,,,,156.23045470000034,2026-05-28T12:06:18.836,2026-05-28T12:21:48.836,-930,724.0,-0.005887027
multimetro,,,,156.44553880000058,2026-05-28T12:06:19.057,2026-05-28T12:21:49.057,-930,725.0,-0.005887079
balanza,313.0,-52.75,,156.51362620000145,2026-05-28T12:06:19.119,2026-05-28T12:21:49.119,-930,,
multimetro,,,,156.66076990000147,2026-05-28T12:06:19.269,2026-05-28T12:21:49.269,-930,726.0,-0.005887152
multimetro,,,,156.87588460000006,2026-05-28T12:06:19.481,2026-05-28T12:21:49.481,-930,727.0,-0.005887351
balanza,314.0,-52.71,,157.0134145000011,2026-05-28T12:06:19.620,2026-05-28T12:21:49.620,-930,,
multimetro,,,,157.09082910000143,2026-05-28T12:06:19.696,2026-05-28T12:21:49.696,-930,728.0,-0.00588733
multimetro,,,,157.305906900001,2026-05-28T12:06:19.916,2026-05-28T12:21:49.916,-930,729.0,-0.005887341
balanza,315.0,-52.74,,157.5136291000017,2026-05-28T12:06:20.126,2026-05-28T12:21:50.126,-930,,
multimetro,,,,157.52097810000123,2026-05-28T12:06:20.126,2026-05-28T12:21:50.126,-930,730.0,-0.005887655
multimetro,,,,157.73605390000012,2026-05-28T12:06:20.343,2026-05-28T12:21:50.343,-930,731.0,-0.005887634
multimetro,,,,157.95129270000143,2026-05-28T12:06:20.563,2026-05-28T12:21:50.563,-930,732.0,-0.00588777
balanza,316.0,-52.7,,158.01347980000173,2026-05-28T12:06:20.619,2026-05-28T12:21:50.619,-930,,
multimetro,,,,158.166460800001,2026-05-28T12:06:20.772,2026-05-28T12:21:50.772,-930,733.0,-0.00588778
multimetro,,,,158.38157930000125,2026-05-28T12:06:20.990,2026-05-28T12:21:50.990,-930,734.0,-0.005887854
balanza,317.0,-52.75,,158.51328150000154,2026-05-28T12:06:21.119,2026-05-28T12:21:51.119,-930,,
multimetro,,,,158.59670370000094,2026-05-28T12:06:21.208,2026-05-28T12:21:51.208,-930,735.0,-0.005887958
multimetro,,,,158.81205920000139,2026-05-28T12:06:21.416,2026-05-28T12:21:51.416,-930,736.0,-0.005888168
balanza,318.0,-52.72,,159.01343760000054,2026-05-28T12:06:21.623,2026-05-28T12:21:51.623,-930,,
multimetro,,,,159.02705270000115,2026-05-28T12:06:21.631,2026-05-28T12:21:51.631,-930,737.0,-0.005888105
multimetro,,,,159.2420725000011,2026-05-28T12:06:21.854,2026-05-28T12:21:51.854,-930,738.0,-0.005888189
multimetro,,,,159.4573977,2026-05-28T12:06:22.069,2026-05-28T12:21:52.069,-930,739.0,-0.005888251
balanza,319.0,-52.75,,159.5134444000014,2026-05-28T12:06:22.125,2026-05-28T12:21:52.125,-930,,
multimetro,,,,159.67252840000037,2026-05-28T12:06:22.279,2026-05-28T12:21:52.279,-930,740.0,-0.005888304
multimetro,,,,159.88750690000052,2026-05-28T12:06:22.500,2026-05-28T12:21:52.500,-930,741.0,-0.005888178
balanza,320.0,-52.72,,160.01343980000092,2026-05-28T12:06:22.617,2026-05-28T12:21:52.617,-930,,
multimetro,,,,160.1026393000011,2026-05-28T12:06:22.706,2026-05-28T12:21:52.706,-930,742.0,-0.005888461
multimetro,,,,160.31779630000165,2026-05-28T12:06:22.923,2026-05-28T12:21:52.923,-930,743.0,-0.005888335
balanza,321.0,-52.78,,160.5134605000003,2026-05-28T12:06:23.123,2026-05-28T12:21:53.123,-930,,
multimetro,,,,160.53277550000166,2026-05-28T12:06:23.145,2026-05-28T12:21:53.145,-930,744.0,-0.00588844
multimetro,,,,160.74794850000035,2026-05-28T12:06:23.354,2026-05-28T12:21:53.354,-930,745.0,-0.005888356
multimetro,,,,160.9630881000012,2026-05-28T12:06:23.576,2026-05-28T12:21:53.576,-930,746.0,-0.005888377
balanza,322.0,-52.69,,161.01338390000092,2026-05-28T12:06:23.619,2026-05-28T12:21:53.619,-930,,
multimetro,,,,161.17822820000038,2026-05-28T12:06:23.787,2026-05-28T12:21:53.787,-930,747.0,-0.005888241
multimetro,,,,161.39332360000117,2026-05-28T12:06:23.997,2026-05-28T12:21:53.997,-930,748.0,-0.005888356
balanza,323.0,-52.71,,161.51361280000128,2026-05-28T12:06:24.125,2026-05-28T12:21:54.125,-930,,
multimetro,,,,161.6086086000014,2026-05-28T12:06:24.216,2026-05-28T12:21:54.216,-930,749.0,-0.005888314
multimetro,,,,161.82347930000105,2026-05-28T12:06:24.436,2026-05-28T12:21:54.436,-930,750.0,-0.005888409
balanza,324.0,-52.74,,162.0137435000015,2026-05-28T12:06:24.626,2026-05-28T12:21:54.626,-930,,
multimetro,,,,162.03863320000164,2026-05-28T12:06:24.651,2026-05-28T12:21:54.651,-930,751.0,-0.005888524
multimetro,,,,162.2539183000008,2026-05-28T12:06:24.866,2026-05-28T12:21:54.866,-930,752.0,-0.00588845
multimetro,,,,162.4689780000008,2026-05-28T12:06:25.079,2026-05-28T12:21:55.079,-930,753.0,-0.005888356
balanza,325.0,-52.72,,162.51375140000164,2026-05-28T12:06:25.126,2026-05-28T12:21:55.126,-930,,
multimetro,,,,162.6841733000001,2026-05-28T12:06:25.296,2026-05-28T12:21:55.296,-930,754.0,-0.005888335
multimetro,,,,162.899318400001,2026-05-28T12:06:25.506,2026-05-28T12:21:55.506,-930,755.0,-0.005888335
balanza,326.0,-52.72,,163.01329400000031,2026-05-28T12:06:25.623,2026-05-28T12:21:55.623,-930,,
multimetro,,,,163.1145116000007,2026-05-28T12:06:25.723,2026-05-28T12:21:55.723,-930,756.0,-0.005888429
multimetro,,,,163.3295685000012,2026-05-28T12:06:25.942,2026-05-28T12:21:55.942,-930,757.0,-0.005888293
balanza,327.0,-52.72,,163.51370670000142,2026-05-28T12:06:26.119,2026-05-28T12:21:56.119,-930,,
multimetro,,,,163.5446864000005,2026-05-28T12:06:26.149,2026-05-28T12:21:56.149,-930,758.0,-0.005888377
multimetro,,,,163.75971990000107,2026-05-28T12:06:26.372,2026-05-28T12:21:56.372,-930,759.0,-0.005888388
multimetro,,,,163.97492170000078,2026-05-28T12:06:26.586,2026-05-28T12:21:56.586,-930,760.0,-0.00588866
balanza,328.0,-52.71,,164.0133848000005,2026-05-28T12:06:26.626,2026-05-28T12:21:56.626,-930,,
multimetro,,,,164.18995040000118,2026-05-28T12:06:26.802,2026-05-28T12:21:56.802,-930,761.0,-0.005888576
multimetro,,,,164.40528690000065,2026-05-28T12:06:27.015,2026-05-28T12:21:57.015,-930,762.0,-0.005888691
balanza,329.0,-52.8,,164.5135975000012,2026-05-28T12:06:27.126,2026-05-28T12:21:57.126,-930,,
multimetro,,,,164.62013650000154,2026-05-28T12:06:27.233,2026-05-28T12:21:57.233,-930,763.0,-0.005888524
multimetro,,,,164.8352644000006,2026-05-28T12:06:27.447,2026-05-28T12:21:57.447,-930,764.0,-0.005888597
balanza,330.0,-52.71,,165.01364670000112,2026-05-28T12:06:27.623,2026-05-28T12:21:57.623,-930,,
multimetro,,,,165.0504972000017,2026-05-28T12:06:27.662,2026-05-28T12:21:57.662,-930,765.0,-0.005888534
multimetro,,,,165.265597900001,2026-05-28T12:06:27.878,2026-05-28T12:21:57.878,-930,766.0,-0.005888796
multimetro,,,,165.48069280000163,2026-05-28T12:06:28.091,2026-05-28T12:21:58.091,-930,767.0,-0.005888744
balanza,331.0,-52.74,,165.51375260000168,2026-05-28T12:06:28.126,2026-05-28T12:21:58.126,-930,,
multimetro,,,,165.69583870000133,2026-05-28T12:06:28.300,2026-05-28T12:21:58.300,-930,768.0,-0.005888764
multimetro,,,,165.91105880000032,2026-05-28T12:06:28.516,2026-05-28T12:21:58.516,-930,769.0,-0.00588867
balanza,332.0,-52.75,,166.01361990000078,2026-05-28T12:06:28.626,2026-05-28T12:21:58.626,-930,,
multimetro,,,,166.1260828000013,2026-05-28T12:06:28.738,2026-05-28T12:21:58.738,-930,770.0,-0.005888639
multimetro,,,,166.3412773,2026-05-28T12:06:28.948,2026-05-28T12:21:58.948,-930,771.0,-0.005888702
balanza,333.0,-52.68,,166.51336210000045,2026-05-28T12:06:29.122,2026-05-28T12:21:59.122,-930,,
multimetro,,,,166.55628270000125,2026-05-28T12:06:29.169,2026-05-28T12:21:59.169,-930,772.0,-0.005888691
multimetro,,,,166.77147839999998,2026-05-28T12:06:29.379,2026-05-28T12:21:59.379,-930,773.0,-0.005888848
multimetro,,,,166.9866286000015,2026-05-28T12:06:29.599,2026-05-28T12:21:59.599,-930,774.0,-0.005888838
balanza,334.0,-52.74,,167.0135278000016,2026-05-28T12:06:29.625,2026-05-28T12:21:59.625,-930,,
multimetro,,,,167.2018276000017,2026-05-28T12:06:29.806,2026-05-28T12:21:59.806,-930,775.0,-0.005888827
multimetro,,,,167.4170191000012,2026-05-28T12:06:30.024,2026-05-28T12:22:00.024,-930,776.0,-0.005888775
balanza,335.0,-52.8,,167.51354540000102,2026-05-28T12:06:30.122,2026-05-28T12:22:00.122,-930,,
multimetro,,,,167.63210000000072,2026-05-28T12:06:30.243,2026-05-28T12:22:00.243,-930,777.0,-0.005888911
multimetro,,,,167.84732280000026,2026-05-28T12:06:30.452,2026-05-28T12:22:00.452,-930,778.0,-0.005888942
balanza,336.0,-52.76,,168.0135863000014,2026-05-28T12:06:30.620,2026-05-28T12:22:00.620,-930,,
multimetro,,,,168.0623211000002,2026-05-28T12:06:30.669,2026-05-28T12:22:00.669,-930,779.0,-0.005889005
multimetro,,,,168.27752070000133,2026-05-28T12:06:30.886,2026-05-28T12:22:00.886,-930,780.0,-0.005888775
multimetro,,,,168.4925473000003,2026-05-28T12:06:31.105,2026-05-28T12:22:01.105,-930,781.0,-0.005889005
balanza,337.0,-52.8,,168.5133859000016,2026-05-28T12:06:31.126,2026-05-28T12:22:01.126,-930,,
multimetro,,,,168.70772600000055,2026-05-28T12:06:31.312,2026-05-28T12:22:01.312,-930,782.0,-0.0058891
multimetro,,,,168.92282990000058,2026-05-28T12:06:31.529,2026-05-28T12:22:01.529,-930,783.0,-0.005889026
balanza,338.0,-52.77,,169.013716200001,2026-05-28T12:06:31.619,2026-05-28T12:22:01.619,-930,,
multimetro,,,,169.13789810000162,2026-05-28T12:06:31.749,2026-05-28T12:22:01.749,-930,784.0,-0.005889361
multimetro,,,,169.35293450000063,2026-05-28T12:06:31.965,2026-05-28T12:22:01.965,-930,785.0,-0.005889351
balanza,339.0,-52.75,,169.51357670000107,2026-05-28T12:06:32.123,2026-05-28T12:22:02.123,-930,,
multimetro,,,,169.56783360000009,2026-05-28T12:06:32.173,2026-05-28T12:22:02.173,-930,786.0,-0.005889476
multimetro,,,,169.78281890000108,2026-05-28T12:06:32.393,2026-05-28T12:22:02.393,-930,787.0,-0.005889518
multimetro,,,,169.99805940000078,2026-05-28T12:06:32.610,2026-05-28T12:22:02.610,-930,788.0,-0.005889487
balanza,340.0,-52.77,,170.0137265000012,2026-05-28T12:06:32.626,2026-05-28T12:22:02.626,-930,,
multimetro,,,,170.21324650000133,2026-05-28T12:06:32.820,2026-05-28T12:22:02.820,-930,789.0,-0.005889476
multimetro,,,,170.42824540000038,2026-05-28T12:06:33.040,2026-05-28T12:22:03.040,-930,790.0,-0.00588956
balanza,341.0,-52.76,,170.51359780000166,2026-05-28T12:06:33.118,2026-05-28T12:22:03.118,-930,,
multimetro,,,,170.64356940000107,2026-05-28T12:06:33.256,2026-05-28T12:22:03.256,-930,791.0,-0.005889445
multimetro,,,,170.8585716000016,2026-05-28T12:06:33.466,2026-05-28T12:22:03.466,-930,792.0,-0.005889539
balanza,342.0,-52.75,,171.01362440000048,2026-05-28T12:06:33.623,2026-05-28T12:22:03.623,-930,,
multimetro,,,,171.07382690000122,2026-05-28T12:06:33.685,2026-05-28T12:22:03.685,-930,793.0,-0.005889403
multimetro,,,,171.28869430000123,2026-05-28T12:06:33.901,2026-05-28T12:22:03.901,-930,794.0,-0.005889508
multimetro,,,,171.50387090000004,2026-05-28T12:06:34.113,2026-05-28T12:22:04.113,-930,795.0,-0.005889529
balanza,343.0,-52.77,,171.51347720000012,2026-05-28T12:06:34.123,2026-05-28T12:22:04.123,-930,,
multimetro,,,,171.71886110000014,2026-05-28T12:06:34.331,2026-05-28T12:22:04.331,-930,796.0,-0.005889707
multimetro,,,,171.93397790000017,2026-05-28T12:06:34.542,2026-05-28T12:22:04.542,-930,797.0,-0.005889665
balanza,344.0,-52.78,,172.01350590000038,2026-05-28T12:06:34.625,2026-05-28T12:22:04.625,-930,,
multimetro,,,,172.14907810000113,2026-05-28T12:06:34.756,2026-05-28T12:22:04.756,-930,798.0,-0.005889623
multimetro,,,,172.36421700000028,2026-05-28T12:06:34.976,2026-05-28T12:22:04.976,-930,799.0,-0.005889791
balanza,345.0,-52.75,,172.51344280000012,2026-05-28T12:06:35.123,2026-05-28T12:22:05.123,-930,,
multimetro,,,,172.57929330000115,2026-05-28T12:06:35.188,2026-05-28T12:22:05.188,-930,800.0,-0.005889654
multimetro,,,,172.79441920000136,2026-05-28T12:06:35.403,2026-05-28T12:22:05.403,-930,801.0,-0.005889791
multimetro,,,,173.0094323000012,2026-05-28T12:06:35.622,2026-05-28T12:22:05.622,-930,802.0,-0.005889707
balanza,346.0,-52.75,,173.01334640000096,2026-05-28T12:06:35.624,2026-05-28T12:22:05.624,-930,,
multimetro,,,,173.22418630000175,2026-05-28T12:06:35.836,2026-05-28T12:22:05.836,-930,803.0,-0.005889759
multimetro,,,,173.4394441000004,2026-05-28T12:06:36.046,2026-05-28T12:22:06.046,-930,804.0,-0.005889738
balanza,347.0,-52.73,,173.5135048000011,2026-05-28T12:06:36.125,2026-05-28T12:22:06.125,-930,,
multimetro,,,,173.6545352000012,2026-05-28T12:06:36.266,2026-05-28T12:22:06.266,-930,805.0,-0.005889958
multimetro,,,,173.86956350000037,2026-05-28T12:06:36.473,2026-05-28T12:22:06.473,-930,806.0,-0.005889696
balanza,348.0,-52.71,,174.01329299999998,2026-05-28T12:06:36.623,2026-05-28T12:22:06.623,-930,,
multimetro,,,,174.08469850000074,2026-05-28T12:06:36.693,2026-05-28T12:22:06.693,-930,807.0,-0.005889696
multimetro,,,,174.2998219000001,2026-05-28T12:06:36.910,2026-05-28T12:22:06.910,-930,808.0,-0.005889759
balanza,349.0,-52.75,,174.51332700000057,2026-05-28T12:06:37.121,2026-05-28T12:22:07.121,-930,,
multimetro,,,,174.51488080000127,2026-05-28T12:06:37.121,2026-05-28T12:22:07.121,-930,809.0,-0.005889811
multimetro,,,,174.73010500000055,2026-05-28T12:06:37.338,2026-05-28T12:22:07.338,-930,810.0,-0.005889853
multimetro,,,,174.94515370000045,2026-05-28T12:06:37.552,2026-05-28T12:22:07.552,-930,811.0,-0.005890115
balanza,350.0,-52.73,,175.0133534000015,2026-05-28T12:06:37.618,2026-05-28T12:22:07.618,-930,,
multimetro,,,,175.16030220000175,2026-05-28T12:06:37.770,2026-05-28T12:22:07.770,-930,812.0,-0.005890094
multimetro,,,,175.37549540000145,2026-05-28T12:06:37.981,2026-05-28T12:22:07.981,-930,813.0,-0.005889927
balanza,351.0,-52.74,,175.5134031000016,2026-05-28T12:06:38.120,2026-05-28T12:22:08.120,-930,,
multimetro,,,,175.59079220000058,2026-05-28T12:06:38.203,2026-05-28T12:22:08.203,-930,814.0,-0.005890115
multimetro,,,,175.8059387000012,2026-05-28T12:06:38.417,2026-05-28T12:22:08.417,-930,815.0,-0.005890178
balanza,352.0,-52.73,,176.013480900001,2026-05-28T12:06:38.623,2026-05-28T12:22:08.623,-930,,
multimetro,,,,176.02105560000018,2026-05-28T12:06:38.633,2026-05-28T12:22:08.633,-930,816.0,-0.005890199
multimetro,,,,176.23624140000175,2026-05-28T12:06:38.848,2026-05-28T12:22:08.848,-930,817.0,-0.005890105
multimetro,,,,176.45118560000083,2026-05-28T12:06:39.060,2026-05-28T12:22:09.060,-930,818.0,-0.005890324
balanza,353.0,-52.77,,176.51333300000078,2026-05-28T12:06:39.119,2026-05-28T12:22:09.119,-930,,
multimetro,,,,176.66631680000137,2026-05-28T12:06:39.275,2026-05-28T12:22:09.275,-930,819.0,-0.005890178
multimetro,,,,176.88143690000106,2026-05-28T12:06:39.486,2026-05-28T12:22:09.486,-930,820.0,-0.005890283
balanza,354.0,-52.71,,177.01338300000134,2026-05-28T12:06:39.619,2026-05-28T12:22:09.619,-930,,
multimetro,,,,177.09647870000117,2026-05-28T12:06:39.709,2026-05-28T12:22:09.709,-930,821.0,-0.005890209
multimetro,,,,177.31164290000015,2026-05-28T12:06:39.924,2026-05-28T12:22:09.924,-930,822.0,-0.005890335
balanza,355.0,-52.75,,177.51354690000153,2026-05-28T12:06:40.123,2026-05-28T12:22:10.123,-930,,
multimetro,,,,177.52673920000052,2026-05-28T12:06:40.133,2026-05-28T12:22:10.133,-930,823.0,-0.005890429
multimetro,,,,177.74178790000042,2026-05-28T12:06:40.354,2026-05-28T12:22:10.354,-930,824.0,-0.005890283
multimetro,,,,177.95672340000056,2026-05-28T12:06:40.569,2026-05-28T12:22:10.569,-930,825.0,-0.005890335
balanza,356.0,-52.76,,178.01336990000163,2026-05-28T12:06:40.625,2026-05-28T12:22:10.625,-930,,
multimetro,,,,178.17179450000003,2026-05-28T12:06:40.784,2026-05-28T12:22:10.784,-930,826.0,-0.00589023
multimetro,,,,178.38701600000059,2026-05-28T12:06:40.999,2026-05-28T12:22:10.999,-930,827.0,-0.005890304
balanza,357.0,-52.74,,178.51339870000083,2026-05-28T12:06:41.123,2026-05-28T12:22:11.123,-930,,
multimetro,,,,178.60218180000084,2026-05-28T12:06:41.212,2026-05-28T12:22:11.212,-930,828.0,-0.005890586
multimetro,,,,178.8171764000017,2026-05-28T12:06:41.422,2026-05-28T12:22:11.422,-930,829.0,-0.005890471
balanza,358.0,-52.77,,179.01339860000007,2026-05-28T12:06:41.619,2026-05-28T12:22:11.619,-930,,
multimetro,,,,179.03262590000122,2026-05-28T12:06:41.639,2026-05-28T12:22:11.639,-930,830.0,-0.005890534
multimetro,,,,179.24770400000125,2026-05-28T12:06:41.859,2026-05-28T12:22:11.859,-930,831.0,-0.00589067
multimetro,,,,179.46283250000124,2026-05-28T12:06:42.066,2026-05-28T12:22:12.066,-930,832.0,-0.005890492
balanza,359.0,-52.77,,179.51339260000168,2026-05-28T12:06:42.125,2026-05-28T12:22:12.125,-930,,
multimetro,,,,179.67795360000127,2026-05-28T12:06:42.283,2026-05-28T12:22:12.283,-930,833.0,-0.005890691
multimetro,,,,179.89299759999994,2026-05-28T12:06:42.506,2026-05-28T12:22:12.506,-930,834.0,-0.005890618
multimetro,,,,180.10815790000015,2026-05-28T12:06:42.720,2026-05-28T12:22:12.720,-930,835.0,-0.005890649
