sensor,indice_balanza,masa_g,error,tiempo_s,fecha_hora_corregida,fecha_hora_pc_sin_corregir,correccion_reloj_s,indice_multimetro,voltaje_V
multimetro,,,,0.41547520000131044,2026-05-28T11:45:12.202,2026-05-28T12:00:42.202,-930,0.0,0.000726486
multimetro,,,,0.636793800000305,2026-05-28T11:45:12.423,2026-05-28T12:00:42.423,-930,1.0,0.000726643
multimetro,,,,0.8517689000000246,2026-05-28T11:45:12.639,2026-05-28T12:00:42.639,-930,2.0,0.000726779
multimetro,,,,1.0670378000013443,2026-05-28T11:45:12.852,2026-05-28T12:00:42.852,-930,3.0,0.000726759
multimetro,,,,1.282184400000915,2026-05-28T11:45:13.069,2026-05-28T12:00:43.069,-930,4.0,0.000726518
balanza,0.0,,Error desde Arduino: HX711 not found.,1.373395000000528,2026-05-28T11:45:13.153,2026-05-28T12:00:43.153,-930,,
multimetro,,,,1.4973190000000614,2026-05-28T11:45:13.283,2026-05-28T12:00:43.283,-930,5.0,0.000726654
multimetro,,,,1.71227429999999,2026-05-28T11:45:13.495,2026-05-28T12:00:43.495,-930,6.0,0.000726738
multimetro,,,,1.9273453000005247,2026-05-28T11:45:13.706,2026-05-28T12:00:43.706,-930,7.0,0.000726916
multimetro,,,,2.1421626999999717,2026-05-28T11:45:13.924,2026-05-28T12:00:43.924,-930,8.0,0.000727031
multimetro,,,,2.3571557000013854,2026-05-28T11:45:14.144,2026-05-28T12:00:44.144,-930,9.0,0.000726989
balanza,1.0,-0.0,,2.3657309000009263,2026-05-28T11:45:14.152,2026-05-28T12:00:44.152,-930,,
balanza,2.0,,Error desde Arduino: HX711 not found.,2.3889436999997997,2026-05-28T11:45:14.175,2026-05-28T12:00:44.175,-930,,
multimetro,,,,2.5721795999997994,2026-05-28T11:45:14.359,2026-05-28T12:00:44.359,-930,10.0,0.000726664
multimetro,,,,2.7871258000013768,2026-05-28T11:45:14.566,2026-05-28T12:00:44.566,-930,11.0,0.000726382
multimetro,,,,3.001921900000525,2026-05-28T11:45:14.789,2026-05-28T12:00:44.789,-930,12.0,0.000725062
multimetro,,,,3.2168406000000687,2026-05-28T11:45:15.003,2026-05-28T12:00:45.003,-930,13.0,0.000724413
balanza,3.0,-0.05,,3.3810642000007647,2026-05-28T11:45:15.163,2026-05-28T12:00:45.163,-930,,
balanza,4.0,,Error desde Arduino: HX711 not found.,3.4042734000013297,2026-05-28T11:45:15.187,2026-05-28T12:00:45.187,-930,,
multimetro,,,,3.4316998000012973,2026-05-28T11:45:15.214,2026-05-28T12:00:45.214,-930,14.0,0.000724811
multimetro,,,,3.6469106000004103,2026-05-28T11:45:15.433,2026-05-28T12:00:45.433,-930,15.0,0.000724706
multimetro,,,,3.8620346000006975,2026-05-28T11:45:15.648,2026-05-28T12:00:45.648,-930,16.0,0.000723858
multimetro,,,,4.077081800000087,2026-05-28T11:45:15.856,2026-05-28T12:00:45.856,-930,17.0,0.000723094
multimetro,,,,4.291982599999756,2026-05-28T11:45:16.078,2026-05-28T12:00:46.078,-930,18.0,0.000721681
balanza,5.0,8.54,,4.3956047000010585,2026-05-28T11:45:16.178,2026-05-28T12:00:46.178,-930,,
balanza,6.0,10.31,,4.407776699999886,2026-05-28T11:45:16.191,2026-05-28T12:00:46.191,-930,,
balanza,7.0,,Error desde Arduino: HX711 not found.,4.431164600000557,2026-05-28T11:45:16.216,2026-05-28T12:00:46.216,-930,,
multimetro,,,,4.507370500001343,2026-05-28T11:45:16.291,2026-05-28T12:00:46.291,-930,19.0,0.000719534
multimetro,,,,4.722330399999919,2026-05-28T11:45:16.502,2026-05-28T12:00:46.502,-930,20.0,0.000717524
multimetro,,,,4.937190000000555,2026-05-28T11:45:16.722,2026-05-28T12:00:46.722,-930,21.0,0.000714184
multimetro,,,,5.151944900000672,2026-05-28T11:45:16.938,2026-05-28T12:00:46.938,-930,22.0,0.000709379
multimetro,,,,5.367129100000966,2026-05-28T11:45:17.154,2026-05-28T12:00:47.154,-930,23.0,0.000680838
balanza,8.0,29.06,,5.4234488000001875,2026-05-28T11:45:17.202,2026-05-28T12:00:47.202,-930,,
balanza,9.0,,Error desde Arduino: HX711 not found.,5.44671770000059,2026-05-28T11:45:17.232,2026-05-28T12:00:47.232,-930,,
multimetro,,,,5.582270300001255,2026-05-28T11:45:17.368,2026-05-28T12:00:47.368,-930,24.0,0.00062829
multimetro,,,,5.797341999999844,2026-05-28T11:45:17.582,2026-05-28T12:00:47.582,-930,25.0,0.000572895
multimetro,,,,6.012281500001336,2026-05-28T11:45:17.798,2026-05-28T12:00:47.798,-930,26.0,0.000637043
multimetro,,,,6.227206800000204,2026-05-28T11:45:18.013,2026-05-28T12:00:48.013,-930,27.0,0.000653491
balanza,10.0,33.74,,6.439048199999888,2026-05-28T11:45:18.216,2026-05-28T12:00:48.216,-930,,
multimetro,,,,6.442177000000811,2026-05-28T11:45:18.226,2026-05-28T12:00:48.226,-930,28.0,0.000620239
balanza,11.0,,Error desde Arduino: HX711 not found.,6.463025600000037,2026-05-28T11:45:18.250,2026-05-28T12:00:48.250,-930,,
multimetro,,,,6.657182700000703,2026-05-28T11:45:18.435,2026-05-28T12:00:48.435,-930,29.0,0.00060444
multimetro,,,,6.872245500000645,2026-05-28T11:45:18.659,2026-05-28T12:00:48.659,-930,30.0,0.000556646
multimetro,,,,7.087069100000008,2026-05-28T11:45:18.873,2026-05-28T12:00:48.873,-930,31.0,0.00055384
multimetro,,,,7.30230180000035,2026-05-28T11:45:19.089,2026-05-28T12:00:49.089,-930,32.0,0.000446232
balanza,12.0,30.68,,7.45566190000136,2026-05-28T11:45:19.239,2026-05-28T12:00:49.239,-930,,
balanza,13.0,,Error desde Arduino: HX711 not found.,7.478917899999942,2026-05-28T11:45:19.259,2026-05-28T12:00:49.259,-930,,
multimetro,,,,7.517339699999866,2026-05-28T11:45:19.302,2026-05-28T12:00:49.302,-930,33.0,0.00040941
multimetro,,,,7.732462300000407,2026-05-28T11:45:19.514,2026-05-28T12:00:49.514,-930,34.0,0.000430412
multimetro,,,,7.947405099999742,2026-05-28T11:45:19.726,2026-05-28T12:00:49.726,-930,35.0,0.000421973
multimetro,,,,8.162274100001014,2026-05-28T11:45:19.949,2026-05-28T12:00:49.949,-930,36.0,0.000398762
multimetro,,,,8.377258900000015,2026-05-28T11:45:20.157,2026-05-28T12:00:50.157,-930,37.0,0.000383403
balanza,14.0,31.0,,8.47130720000132,2026-05-28T11:45:20.256,2026-05-28T12:00:50.256,-930,,
balanza,15.0,,Error desde Arduino: HX711 not found.,8.494614600000205,2026-05-28T11:45:20.276,2026-05-28T12:00:50.276,-930,,
multimetro,,,,8.592404500001066,2026-05-28T11:45:20.373,2026-05-28T12:00:50.373,-930,38.0,0.000359019
multimetro,,,,8.807495500001096,2026-05-28T11:45:20.593,2026-05-28T12:00:50.593,-930,39.0,0.000370399
multimetro,,,,9.022577499999898,2026-05-28T11:45:20.809,2026-05-28T12:00:50.809,-930,40.0,0.000359615
multimetro,,,,9.237570200000846,2026-05-28T11:45:21.019,2026-05-28T12:00:51.019,-930,41.0,0.000341094
multimetro,,,,9.45274580000114,2026-05-28T11:45:21.238,2026-05-28T12:00:51.238,-930,42.0,0.000302492
balanza,16.0,30.12,,9.486703700000362,2026-05-28T11:45:21.273,2026-05-28T12:00:51.273,-930,,
balanza,17.0,,Error desde Arduino: HX711 not found.,9.5098794000005,2026-05-28T11:45:21.294,2026-05-28T12:00:51.294,-930,,
multimetro,,,,9.667501400001129,2026-05-28T11:45:21.454,2026-05-28T12:00:51.454,-930,43.0,0.000372483
multimetro,,,,9.882559600000604,2026-05-28T11:45:21.665,2026-05-28T12:00:51.665,-930,44.0,0.000351438
multimetro,,,,10.097769800000606,2026-05-28T11:45:21.883,2026-05-28T12:00:51.883,-930,45.0,0.000357961
multimetro,,,,10.312598600001365,2026-05-28T11:45:22.094,2026-05-28T12:00:52.094,-930,46.0,0.000339419
balanza,18.0,27.77,,10.502375800000664,2026-05-28T11:45:22.289,2026-05-28T12:00:52.289,-930,,
balanza,19.0,,Error desde Arduino: HX711 not found.,10.525450400000409,2026-05-28T11:45:22.309,2026-05-28T12:00:52.309,-930,,
multimetro,,,,10.52753020000091,2026-05-28T11:45:22.309,2026-05-28T12:00:52.309,-930,47.0,0.000312365
multimetro,,,,10.742497900000672,2026-05-28T11:45:22.524,2026-05-28T12:00:52.524,-930,48.0,0.00027013
multimetro,,,,10.957491400000436,2026-05-28T11:45:22.743,2026-05-28T12:00:52.743,-930,49.0,0.000214892
multimetro,,,,11.17244810000011,2026-05-28T11:45:22.956,2026-05-28T12:00:52.956,-930,50.0,0.000138787
multimetro,,,,11.387482000000091,2026-05-28T11:45:23.174,2026-05-28T12:00:53.174,-930,51.0,1.5537e-05
balanza,20.0,27.62,,11.517924100000528,2026-05-28T11:45:23.303,2026-05-28T12:00:53.303,-930,,
balanza,21.0,26.61,,11.530135599999994,2026-05-28T11:45:23.313,2026-05-28T12:00:53.313,-930,,
balanza,22.0,,Error desde Arduino: HX711 not found.,11.553327600000557,2026-05-28T11:45:23.333,2026-05-28T12:00:53.333,-930,,
multimetro,,,,11.60256339999978,2026-05-28T11:45:23.389,2026-05-28T12:00:53.389,-930,52.0,-0.000152471
multimetro,,,,11.817896500000643,2026-05-28T11:45:23.599,2026-05-28T12:00:53.599,-930,53.0,-0.000375006
multimetro,,,,12.032884700000068,2026-05-28T11:45:23.816,2026-05-28T12:00:53.816,-930,54.0,-0.000669772
multimetro,,,,12.248039199999766,2026-05-28T11:45:24.035,2026-05-28T12:00:54.035,-930,55.0,-0.000989803
multimetro,,,,12.463299799999731,2026-05-28T11:45:24.243,2026-05-28T12:00:54.243,-930,56.0,-0.001299331
balanza,23.0,25.5,,12.545625200000359,2026-05-28T11:45:24.328,2026-05-28T12:00:54.328,-930,,
balanza,24.0,,Error desde Arduino: HX711 not found.,12.568785000001299,2026-05-28T11:45:24.352,2026-05-28T12:00:54.352,-930,,
multimetro,,,,12.678331600000092,2026-05-28T11:45:24.464,2026-05-28T12:00:54.464,-930,57.0,-0.001573031
multimetro,,,,12.893491500000891,2026-05-28T11:45:24.678,2026-05-28T12:00:54.678,-930,58.0,-0.001797273
multimetro,,,,13.108647799999744,2026-05-28T11:45:24.895,2026-05-28T12:00:54.895,-930,59.0,-0.001971353
multimetro,,,,13.323758300000918,2026-05-28T11:45:25.102,2026-05-28T12:00:55.102,-930,60.0,-0.002131135
multimetro,,,,13.538841200001116,2026-05-28T11:45:25.326,2026-05-28T12:00:55.326,-930,61.0,-0.002281585
balanza,25.0,24.89,,13.561185399999886,2026-05-28T11:45:25.345,2026-05-28T12:00:55.345,-930,,
balanza,26.0,,Error desde Arduino: HX711 not found.,13.584408900000199,2026-05-28T11:45:25.368,2026-05-28T12:00:55.368,-930,,
multimetro,,,,13.75403600000027,2026-05-28T11:45:25.535,2026-05-28T12:00:55.535,-930,62.0,-0.002424424
multimetro,,,,13.969115800000509,2026-05-28T11:45:25.752,2026-05-28T12:00:55.752,-930,63.0,-0.002546617
multimetro,,,,14.184309100000974,2026-05-28T11:45:25.968,2026-05-28T12:00:55.968,-930,64.0,-0.002634458
multimetro,,,,14.399307800000315,2026-05-28T11:45:26.185,2026-05-28T12:00:56.185,-930,65.0,-0.002706134
balanza,27.0,24.66,,14.576790200000687,2026-05-28T11:45:26.356,2026-05-28T12:00:56.356,-930,,
balanza,28.0,,Error desde Arduino: HX711 not found.,14.600043300000834,2026-05-28T11:45:26.385,2026-05-28T12:00:56.385,-930,,
multimetro,,,,14.614447300000393,2026-05-28T11:45:26.401,2026-05-28T12:00:56.401,-930,66.0,-0.002740024
multimetro,,,,14.829581600000893,2026-05-28T11:45:26.614,2026-05-28T12:00:56.614,-930,67.0,-0.002757268
multimetro,,,,15.044835500000772,2026-05-28T11:45:26.828,2026-05-28T12:00:56.828,-930,68.0,-0.002776742
multimetro,,,,15.259685300001365,2026-05-28T11:45:27.045,2026-05-28T12:00:57.045,-930,69.0,-0.002858312
multimetro,,,,15.474990300001082,2026-05-28T11:45:27.262,2026-05-28T12:00:57.262,-930,70.0,-0.002893103
balanza,29.0,22.19,,15.592415300001448,2026-05-28T11:45:27.378,2026-05-28T12:00:57.378,-930,,
balanza,30.0,,Error desde Arduino: HX711 not found.,15.615745300001436,2026-05-28T11:45:27.402,2026-05-28T12:00:57.402,-930,,
multimetro,,,,15.690312100001393,2026-05-28T11:45:27.468,2026-05-28T12:00:57.468,-930,71.0,-0.002884078
multimetro,,,,15.905379200001335,2026-05-28T11:45:27.685,2026-05-28T12:00:57.685,-930,72.0,-0.002897678
multimetro,,,,16.12059180000142,2026-05-28T11:45:27.902,2026-05-28T12:00:57.902,-930,73.0,-0.00291689
multimetro,,,,16.33553860000029,2026-05-28T11:45:28.118,2026-05-28T12:00:58.118,-930,74.0,-0.002934186
multimetro,,,,16.550690699999905,2026-05-28T11:45:28.335,2026-05-28T12:00:58.335,-930,75.0,-0.002949189
balanza,31.0,21.05,,16.607992400000512,2026-05-28T11:45:28.395,2026-05-28T12:00:58.395,-930,,
balanza,32.0,,Error desde Arduino: HX711 not found.,16.63108790000115,2026-05-28T11:45:28.418,2026-05-28T12:00:58.418,-930,,
multimetro,,,,16.76576700000078,2026-05-28T11:45:28.552,2026-05-28T12:00:58.552,-930,76.0,-0.002949566
multimetro,,,,16.980975399999807,2026-05-28T11:45:28.762,2026-05-28T12:00:58.762,-930,77.0,-0.002992189
multimetro,,,,17.196006899999702,2026-05-28T11:45:28.982,2026-05-28T12:00:58.982,-930,78.0,-0.003018415
multimetro,,,,17.411097500000324,2026-05-28T11:45:29.195,2026-05-28T12:00:59.195,-930,79.0,-0.003057122
balanza,33.0,20.98,,17.62348589999965,2026-05-28T11:45:29.402,2026-05-28T12:00:59.402,-930,,
multimetro,,,,17.62612369999988,2026-05-28T11:45:29.412,2026-05-28T12:00:59.412,-930,80.0,-0.003048987
balanza,34.0,,Error desde Arduino: HX711 not found.,17.646544500001255,2026-05-28T11:45:29.433,2026-05-28T12:00:59.433,-930,,
multimetro,,,,17.84121790000063,2026-05-28T11:45:29.623,2026-05-28T12:00:59.623,-930,81.0,-0.003028676
multimetro,,,,18.05646330000127,2026-05-28T11:45:29.843,2026-05-28T12:00:59.843,-930,82.0,-0.00301429
multimetro,,,,18.271418899999844,2026-05-28T11:45:30.058,2026-05-28T12:01:00.058,-930,83.0,-0.003033775
multimetro,,,,18.486756700000115,2026-05-28T11:45:30.272,2026-05-28T12:01:00.272,-930,84.0,-0.003078344
balanza,35.0,20.59,,18.63904890000049,2026-05-28T11:45:30.418,2026-05-28T12:01:00.418,-930,,
balanza,36.0,20.34,,18.651338800000303,2026-05-28T11:45:30.435,2026-05-28T12:01:00.435,-930,,
balanza,37.0,,Error desde Arduino: HX711 not found.,18.674582999999984,2026-05-28T11:45:30.456,2026-05-28T12:01:00.456,-930,,
multimetro,,,,18.70181650000086,2026-05-28T11:45:30.485,2026-05-28T12:01:00.485,-930,85.0,-0.003107712
multimetro,,,,18.916950000000725,2026-05-28T11:45:30.702,2026-05-28T12:01:00.702,-930,86.0,-0.003111408
multimetro,,,,19.13199920000079,2026-05-28T11:45:30.918,2026-05-28T12:01:00.918,-930,87.0,-0.003110507
multimetro,,,,19.347206300000835,2026-05-28T11:45:31.128,2026-05-28T12:01:01.128,-930,88.0,-0.003098425
multimetro,,,,19.562240100000054,2026-05-28T11:45:31.349,2026-05-28T12:01:01.349,-930,89.0,-0.003101127
balanza,38.0,19.58,,19.66677940000045,2026-05-28T11:45:31.453,2026-05-28T12:01:01.453,-930,,
balanza,39.0,,Error desde Arduino: HX711 not found.,19.68991890000143,2026-05-28T11:45:31.477,2026-05-28T12:01:01.477,-930,,
multimetro,,,,19.777242899999692,2026-05-28T11:45:31.561,2026-05-28T12:01:01.561,-930,90.0,-0.003095787
multimetro,,,,19.992191000001185,2026-05-28T11:45:31.778,2026-05-28T12:01:01.778,-930,91.0,-0.003140441
multimetro,,,,20.20751990000099,2026-05-28T11:45:31.994,2026-05-28T12:01:01.994,-930,92.0,-0.003194328
multimetro,,,,20.42252230000122,2026-05-28T11:45:32.202,2026-05-28T12:01:02.202,-930,93.0,-0.003184654
multimetro,,,,20.637756300000547,2026-05-28T11:45:32.418,2026-05-28T12:01:02.418,-930,94.0,-0.003168698
balanza,40.0,19.06,,20.682211900000766,2026-05-28T11:45:32.469,2026-05-28T12:01:02.469,-930,,
balanza,41.0,,Error desde Arduino: HX711 not found.,20.7053434999998,2026-05-28T11:45:32.489,2026-05-28T12:01:02.489,-930,,
multimetro,,,,20.852958299999955,2026-05-28T11:45:32.635,2026-05-28T12:01:02.635,-930,95.0,-0.003176477
multimetro,,,,21.067886400000134,2026-05-28T11:45:32.852,2026-05-28T12:01:02.852,-930,96.0,-0.003216388
multimetro,,,,21.283468200001153,2026-05-28T11:45:33.070,2026-05-28T12:01:03.070,-930,97.0,-0.0032318
multimetro,,,,21.49854740000046,2026-05-28T11:45:33.285,2026-05-28T12:01:03.285,-930,98.0,-0.003293404
balanza,42.0,18.91,,21.697750799999994,2026-05-28T11:45:33.485,2026-05-28T12:01:03.485,-930,,
multimetro,,,,21.713684100001046,2026-05-28T11:45:33.495,2026-05-28T12:01:03.495,-930,99.0,-0.003342151
balanza,43.0,,Error desde Arduino: HX711 not found.,21.72101230000044,2026-05-28T11:45:33.502,2026-05-28T12:01:03.502,-930,,
multimetro,,,,21.928808100001334,2026-05-28T11:45:33.712,2026-05-28T12:01:03.712,-930,100.0,-0.003357688
multimetro,,,,22.14385410000068,2026-05-28T11:45:33.930,2026-05-28T12:01:03.930,-930,101.0,-0.003359238
multimetro,,,,22.358964700000797,2026-05-28T11:45:34.145,2026-05-28T12:01:04.145,-930,102.0,-0.003408069
multimetro,,,,22.57418719999987,2026-05-28T11:45:34.352,2026-05-28T12:01:04.352,-930,103.0,-0.003453267
balanza,44.0,17.07,,22.713307500000155,2026-05-28T11:45:34.495,2026-05-28T12:01:04.495,-930,,
balanza,45.0,,Error desde Arduino: HX711 not found.,22.7364077000002,2026-05-28T11:45:34.518,2026-05-28T12:01:04.518,-930,,
multimetro,,,,22.789406200001395,2026-05-28T11:45:34.576,2026-05-28T12:01:04.576,-930,104.0,-0.00346627
multimetro,,,,23.0044297000004,2026-05-28T11:45:34.789,2026-05-28T12:01:04.789,-930,105.0,-0.003482027
multimetro,,,,23.21956500000124,2026-05-28T11:45:35.002,2026-05-28T12:01:05.002,-930,106.0,-0.003512944
multimetro,,,,23.434795600000143,2026-05-28T11:45:35.218,2026-05-28T12:01:05.218,-930,107.0,-0.003558488
multimetro,,,,23.650092400001085,2026-05-28T11:45:35.435,2026-05-28T12:01:05.435,-930,108.0,-0.003571219
balanza,46.0,15.95,,23.72895570000037,2026-05-28T11:45:35.512,2026-05-28T12:01:05.512,-930,,
balanza,47.0,,Error desde Arduino: HX711 not found.,23.752036300000327,2026-05-28T11:45:35.535,2026-05-28T12:01:05.535,-930,,
multimetro,,,,23.864981599999737,2026-05-28T11:45:35.652,2026-05-28T12:01:05.652,-930,109.0,-0.003574297
multimetro,,,,24.080333699999755,2026-05-28T11:45:35.862,2026-05-28T12:01:05.862,-930,110.0,-0.003542867
multimetro,,,,24.295282200000656,2026-05-28T11:45:36.082,2026-05-28T12:01:06.082,-930,111.0,-0.003556299
multimetro,,,,24.510458100001415,2026-05-28T11:45:36.295,2026-05-28T12:01:06.295,-930,112.0,-0.003575313
multimetro,,,,24.72545480000008,2026-05-28T11:45:36.512,2026-05-28T12:01:06.512,-930,113.0,-0.003579731
balanza,48.0,15.66,,24.74446739999985,2026-05-28T11:45:36.531,2026-05-28T12:01:06.531,-930,,
balanza,49.0,,Error desde Arduino: HX711 not found.,24.767816999999923,2026-05-28T11:45:36.552,2026-05-28T12:01:06.552,-930,,
multimetro,,,,24.94066490000114,2026-05-28T11:45:36.719,2026-05-28T12:01:06.719,-930,114.0,-0.003562236
multimetro,,,,25.155871599999955,2026-05-28T11:45:36.937,2026-05-28T12:01:06.937,-930,115.0,-0.00358595
multimetro,,,,25.370963600000323,2026-05-28T11:45:37.152,2026-05-28T12:01:07.152,-930,116.0,-0.003625683
multimetro,,,,25.58605180000086,2026-05-28T11:45:37.373,2026-05-28T12:01:07.373,-930,117.0,-0.003631734
balanza,50.0,15.45,,25.760091100000864,2026-05-28T11:45:37.539,2026-05-28T12:01:07.539,-930,,
balanza,51.0,14.81,,25.77234850000059,2026-05-28T11:45:37.552,2026-05-28T12:01:07.552,-930,,
multimetro,,,,25.801122300001225,2026-05-28T11:45:37.585,2026-05-28T12:01:07.585,-930,118.0,-0.003637241
balanza,52.0,15.22,,26.01225290000002,2026-05-28T11:45:37.795,2026-05-28T12:01:07.795,-930,,
multimetro,,,,26.016320500000802,2026-05-28T11:45:37.802,2026-05-28T12:01:07.802,-930,119.0,-0.003622165
multimetro,,,,26.231522699999914,2026-05-28T11:45:38.018,2026-05-28T12:01:08.018,-930,120.0,-0.003611465
multimetro,,,,26.446664700000838,2026-05-28T11:45:38.228,2026-05-28T12:01:08.228,-930,121.0,-0.003642549
balanza,53.0,14.26,,26.512503500000093,2026-05-28T11:45:38.299,2026-05-28T12:01:08.299,-930,,
multimetro,,,,26.661611300000004,2026-05-28T11:45:38.445,2026-05-28T12:01:08.445,-930,122.0,-0.003692825
multimetro,,,,26.876865199999884,2026-05-28T11:45:38.663,2026-05-28T12:01:08.663,-930,123.0,-0.003721251
balanza,54.0,14.49,,27.012446400000044,2026-05-28T11:45:38.795,2026-05-28T12:01:08.795,-930,,
multimetro,,,,27.091811100000996,2026-05-28T11:45:38.878,2026-05-28T12:01:08.878,-930,124.0,-0.003744022
multimetro,,,,27.3069830000004,2026-05-28T11:45:39.094,2026-05-28T12:01:09.094,-930,125.0,-0.003771411
balanza,55.0,13.93,,27.512531300000774,2026-05-28T11:45:39.294,2026-05-28T12:01:09.294,-930,,
multimetro,,,,27.5221760000004,2026-05-28T11:45:39.307,2026-05-28T12:01:09.307,-930,126.0,-0.003739332
multimetro,,,,27.737272800000937,2026-05-28T11:45:39.524,2026-05-28T12:01:09.524,-930,127.0,-0.003714414
multimetro,,,,27.952508800000942,2026-05-28T11:45:39.735,2026-05-28T12:01:09.735,-930,128.0,-0.003732066
balanza,56.0,13.37,,28.012557000000015,2026-05-28T11:45:39.795,2026-05-28T12:01:09.795,-930,,
multimetro,,,,28.167518899999777,2026-05-28T11:45:39.954,2026-05-28T12:01:09.954,-930,129.0,-0.003736055
multimetro,,,,28.382591700001285,2026-05-28T11:45:40.169,2026-05-28T12:01:10.169,-930,130.0,-0.00376313
balanza,57.0,13.78,,28.512478100001317,2026-05-28T11:45:40.299,2026-05-28T12:01:10.299,-930,,
multimetro,,,,28.597712700000557,2026-05-28T11:45:40.385,2026-05-28T12:01:10.385,-930,131.0,-0.00375823
multimetro,,,,28.812829399999828,2026-05-28T11:45:40.597,2026-05-28T12:01:10.597,-930,132.0,-0.003750985
balanza,58.0,12.41,,29.012187800000902,2026-05-28T11:45:40.798,2026-05-28T12:01:10.798,-930,,
multimetro,,,,29.02809250000064,2026-05-28T11:45:40.806,2026-05-28T12:01:10.806,-930,133.0,-0.003757476
multimetro,,,,29.243350500000815,2026-05-28T11:45:41.023,2026-05-28T12:01:11.023,-930,134.0,-0.003748022
multimetro,,,,29.458292500001335,2026-05-28T11:45:41.243,2026-05-28T12:01:11.243,-930,135.0,-0.003708844
balanza,59.0,13.4,,29.51240570000118,2026-05-28T11:45:41.295,2026-05-28T12:01:11.295,-930,,
multimetro,,,,29.673437999999805,2026-05-28T11:45:41.456,2026-05-28T12:01:11.456,-930,136.0,-0.00374686
multimetro,,,,29.88865160000023,2026-05-28T11:45:41.675,2026-05-28T12:01:11.675,-930,137.0,-0.003802758
balanza,60.0,12.73,,30.012450199999876,2026-05-28T11:45:41.799,2026-05-28T12:01:11.799,-930,,
multimetro,,,,30.103699100000085,2026-05-28T11:45:41.890,2026-05-28T12:01:11.890,-930,138.0,-0.003845055
multimetro,,,,30.318881000001056,2026-05-28T11:45:42.106,2026-05-28T12:01:12.106,-930,139.0,-0.003871021
balanza,61.0,11.5,,30.512208300000566,2026-05-28T11:45:42.295,2026-05-28T12:01:12.295,-930,,
multimetro,,,,30.533959700000196,2026-05-28T11:45:42.320,2026-05-28T12:01:12.320,-930,140.0,-0.003876695
multimetro,,,,30.749003200000516,2026-05-28T11:45:42.535,2026-05-28T12:01:12.535,-930,141.0,-0.003874559
multimetro,,,,30.96414460000051,2026-05-28T11:45:42.749,2026-05-28T12:01:12.749,-930,142.0,-0.003894933
balanza,62.0,12.14,,31.012369500000204,2026-05-28T11:45:42.795,2026-05-28T12:01:12.795,-930,,
multimetro,,,,31.179409500000475,2026-05-28T11:45:42.956,2026-05-28T12:01:12.956,-930,143.0,-0.003914386
multimetro,,,,31.39435020000019,2026-05-28T11:45:43.180,2026-05-28T12:01:13.180,-930,144.0,-0.003907246
balanza,63.0,10.73,,31.512399900000673,2026-05-28T11:45:43.298,2026-05-28T12:01:13.298,-930,,
multimetro,,,,31.60950800000137,2026-05-28T11:45:43.393,2026-05-28T12:01:13.393,-930,145.0,-0.003919045
multimetro,,,,31.82474000000002,2026-05-28T11:45:43.611,2026-05-28T12:01:13.611,-930,146.0,-0.003930552
balanza,64.0,11.13,,32.01245850000123,2026-05-28T11:45:43.795,2026-05-28T12:01:13.795,-930,,
multimetro,,,,32.03979100000106,2026-05-28T11:45:43.822,2026-05-28T12:01:13.822,-930,147.0,-0.003931619
multimetro,,,,32.254926100000375,2026-05-28T11:45:44.042,2026-05-28T12:01:14.042,-930,148.0,-0.003944236
multimetro,,,,32.47018279999975,2026-05-28T11:45:44.256,2026-05-28T12:01:14.256,-930,149.0,-0.00393699
balanza,65.0,9.89,,32.51123329999973,2026-05-28T11:45:44.298,2026-05-28T12:01:14.298,-930,,
multimetro,,,,32.685294500000964,2026-05-28T11:45:44.472,2026-05-28T12:01:14.472,-930,150.0,-0.003930499
multimetro,,,,32.900259600000936,2026-05-28T11:45:44.685,2026-05-28T12:01:14.685,-930,151.0,-0.003923547
balanza,66.0,10.67,,33.012456000000384,2026-05-28T11:45:44.798,2026-05-28T12:01:14.798,-930,,
multimetro,,,,33.11530010000024,2026-05-28T11:45:44.902,2026-05-28T12:01:14.902,-930,152.0,-0.003929463
multimetro,,,,33.33038910000141,2026-05-28T11:45:45.116,2026-05-28T12:01:15.116,-930,153.0,-0.003944466
balanza,67.0,10.55,,33.51245030000064,2026-05-28T11:45:45.295,2026-05-28T12:01:15.295,-930,,
multimetro,,,,33.54543050000029,2026-05-28T11:45:45.328,2026-05-28T12:01:15.328,-930,154.0,-0.003955909
multimetro,,,,33.760340599999836,2026-05-28T11:45:45.547,2026-05-28T12:01:15.547,-930,155.0,-0.003954098
multimetro,,,,33.975447099999656,2026-05-28T11:45:45.762,2026-05-28T12:01:15.762,-930,156.0,-0.003967541
balanza,68.0,9.09,,34.0114166000003,2026-05-28T11:45:45.798,2026-05-28T12:01:15.798,-930,,
multimetro,,,,34.19049890000133,2026-05-28T11:45:45.977,2026-05-28T12:01:15.977,-930,157.0,-0.003980524
multimetro,,,,34.40562580000005,2026-05-28T11:45:46.185,2026-05-28T12:01:16.185,-930,158.0,-0.003998301
balanza,69.0,9.7,,34.511238799999774,2026-05-28T11:45:46.295,2026-05-28T12:01:16.295,-930,,
multimetro,,,,34.62086050000107,2026-05-28T11:45:46.402,2026-05-28T12:01:16.402,-930,159.0,-0.00399738
multimetro,,,,34.83592670000144,2026-05-28T11:45:46.618,2026-05-28T12:01:16.618,-930,160.0,-0.004001537
balanza,70.0,8.47,,35.01140000000123,2026-05-28T11:45:46.793,2026-05-28T12:01:16.793,-930,,
multimetro,,,,35.05105670000012,2026-05-28T11:45:46.835,2026-05-28T12:01:16.835,-930,161.0,-0.00401833
multimetro,,,,35.266275699999824,2026-05-28T11:45:47.052,2026-05-28T12:01:17.052,-930,162.0,-0.004025397
multimetro,,,,35.48140560000138,2026-05-28T11:45:47.268,2026-05-28T12:01:17.268,-930,163.0,-0.004026685
balanza,71.0,8.79,,35.51128400000016,2026-05-28T11:45:47.298,2026-05-28T12:01:17.298,-930,,
multimetro,,,,35.69641659999979,2026-05-28T11:45:47.483,2026-05-28T12:01:17.483,-930,164.0,-0.004014927
multimetro,,,,35.911593800001356,2026-05-28T11:45:47.695,2026-05-28T12:01:17.695,-930,165.0,-0.004027889
balanza,72.0,8.68,,36.01136210000004,2026-05-28T11:45:47.795,2026-05-28T12:01:17.795,-930,,
multimetro,,,,36.12658850000116,2026-05-28T11:45:47.913,2026-05-28T12:01:17.913,-930,166.0,-0.004027428
multimetro,,,,36.34216209999977,2026-05-28T11:45:48.128,2026-05-28T12:01:18.128,-930,167.0,-0.004028507
balanza,73.0,7.56,,36.51142989999971,2026-05-28T11:45:48.295,2026-05-28T12:01:18.295,-930,,
multimetro,,,,36.55724999999984,2026-05-28T11:45:48.335,2026-05-28T12:01:18.335,-930,168.0,-0.00402725
multimetro,,,,36.772248400000535,2026-05-28T11:45:48.552,2026-05-28T12:01:18.552,-930,169.0,-0.004030192
multimetro,,,,36.98718900000131,2026-05-28T11:45:48.774,2026-05-28T12:01:18.774,-930,170.0,-0.004036244
balanza,74.0,8.24,,37.01126980000117,2026-05-28T11:45:48.798,2026-05-28T12:01:18.798,-930,,
multimetro,,,,37.20232970000143,2026-05-28T11:45:48.989,2026-05-28T12:01:18.989,-930,171.0,-0.004034275
multimetro,,,,37.41755390000071,2026-05-28T11:45:49.204,2026-05-28T12:01:19.204,-930,172.0,-0.004058618
balanza,75.0,7.05,,37.51130430000012,2026-05-28T11:45:49.295,2026-05-28T12:01:19.295,-930,,
multimetro,,,,37.63260840000112,2026-05-28T11:45:49.419,2026-05-28T12:01:19.419,-930,173.0,-0.004073307
multimetro,,,,37.84765160000097,2026-05-28T11:45:49.628,2026-05-28T12:01:19.628,-930,174.0,-0.004073569
balanza,76.0,6.8,,38.01130069999999,2026-05-28T11:45:49.795,2026-05-28T12:01:19.795,-930,,
multimetro,,,,38.06283179999991,2026-05-28T11:45:49.845,2026-05-28T12:01:19.845,-930,175.0,-0.004092959
multimetro,,,,38.27784690000044,2026-05-28T11:45:50.064,2026-05-28T12:01:20.064,-930,176.0,-0.00410413
multimetro,,,,38.49297260000094,2026-05-28T11:45:50.279,2026-05-28T12:01:20.279,-930,177.0,-0.004100916
balanza,77.0,6.77,,38.5113137999997,2026-05-28T11:45:50.289,2026-05-28T12:01:20.289,-930,,
multimetro,,,,38.70813790000102,2026-05-28T11:45:50.489,2026-05-28T12:01:20.489,-930,178.0,-0.004109218
multimetro,,,,38.92314880000049,2026-05-28T11:45:50.710,2026-05-28T12:01:20.710,-930,179.0,-0.004104004
balanza,78.0,5.93,,39.01122910000049,2026-05-28T11:45:50.795,2026-05-28T12:01:20.795,-930,,
multimetro,,,,39.13834540000062,2026-05-28T11:45:50.922,2026-05-28T12:01:20.922,-930,180.0,-0.004093011
multimetro,,,,39.353424000000814,2026-05-28T11:45:51.139,2026-05-28T12:01:21.139,-930,181.0,-0.0041048
balanza,79.0,6.54,,39.51121630000125,2026-05-28T11:45:51.295,2026-05-28T12:01:21.295,-930,,
multimetro,,,,39.5686912000001,2026-05-28T11:45:51.355,2026-05-28T12:01:21.355,-930,182.0,-0.004113291
multimetro,,,,39.783981100001256,2026-05-28T11:45:51.568,2026-05-28T12:01:21.568,-930,183.0,-0.004128064
multimetro,,,,39.99894270000004,2026-05-28T11:45:51.786,2026-05-28T12:01:21.786,-930,184.0,-0.004133007
balanza,80.0,6.01,,40.01131590000114,2026-05-28T11:45:51.798,2026-05-28T12:01:21.798,-930,,
multimetro,,,,40.21425900000031,2026-05-28T11:45:51.995,2026-05-28T12:01:21.995,-930,185.0,-0.004137384
multimetro,,,,40.42931750000025,2026-05-28T11:45:52.212,2026-05-28T12:01:22.212,-930,186.0,-0.004138724
balanza,81.0,5.94,,40.51138480000009,2026-05-28T11:45:52.295,2026-05-28T12:01:22.295,-930,,
multimetro,,,,40.64452309999979,2026-05-28T11:45:52.428,2026-05-28T12:01:22.428,-930,187.0,-0.004149853
multimetro,,,,40.859506599999804,2026-05-28T11:45:52.645,2026-05-28T12:01:22.645,-930,188.0,-0.0041549
balanza,82.0,5.25,,41.01118459999998,2026-05-28T11:45:52.795,2026-05-28T12:01:22.795,-930,,
multimetro,,,,41.07456970000021,2026-05-28T11:45:52.861,2026-05-28T12:01:22.861,-930,189.0,-0.004154271
multimetro,,,,41.28973120000046,2026-05-28T11:45:53.068,2026-05-28T12:01:23.068,-930,190.0,-0.004152471
multimetro,,,,41.504854500000874,2026-05-28T11:45:53.287,2026-05-28T12:01:23.287,-930,191.0,-0.00416961
balanza,83.0,4.26,,41.511279000000286,2026-05-28T11:45:53.298,2026-05-28T12:01:23.298,-930,,
multimetro,,,,41.719952000001285,2026-05-28T11:45:53.502,2026-05-28T12:01:23.502,-930,192.0,-0.004174426
multimetro,,,,41.93507430000136,2026-05-28T11:45:53.719,2026-05-28T12:01:23.719,-930,193.0,-0.004168981
balanza,84.0,5.01,,42.01133590000063,2026-05-28T11:45:53.789,2026-05-28T12:01:23.789,-930,,
multimetro,,,,42.1502214000011,2026-05-28T11:45:53.935,2026-05-28T12:01:23.935,-930,194.0,-0.004160543
multimetro,,,,42.365341500000795,2026-05-28T11:45:54.152,2026-05-28T12:01:24.152,-930,195.0,-0.0041627
balanza,85.0,4.01,,42.51125850000062,2026-05-28T11:45:54.295,2026-05-28T12:01:24.295,-930,,
multimetro,,,,42.580703300000096,2026-05-28T11:45:54.362,2026-05-28T12:01:24.362,-930,196.0,-0.004170625
multimetro,,,,42.795605799999976,2026-05-28T11:45:54.578,2026-05-28T12:01:24.578,-930,197.0,-0.004180519
multimetro,,,,43.01085070000045,2026-05-28T11:45:54.795,2026-05-28T12:01:24.795,-930,198.0,-0.004175661
balanza,86.0,4.12,,43.01120600000104,2026-05-28T11:45:54.795,2026-05-28T12:01:24.795,-930,,
multimetro,,,,43.22592369999984,2026-05-28T11:45:55.012,2026-05-28T12:01:25.012,-930,199.0,-0.004168615
multimetro,,,,43.44132780000109,2026-05-28T11:45:55.219,2026-05-28T12:01:25.219,-930,200.0,-0.004171798
balanza,87.0,3.82,,43.51138110000102,2026-05-28T11:45:55.295,2026-05-28T12:01:25.295,-930,,
multimetro,,,,43.65656769999987,2026-05-28T11:45:55.435,2026-05-28T12:01:25.435,-930,201.0,-0.004180582
multimetro,,,,43.87168070000007,2026-05-28T11:45:55.658,2026-05-28T12:01:25.658,-930,202.0,-0.004191984
balanza,88.0,3.79,,44.01131170000008,2026-05-28T11:45:55.795,2026-05-28T12:01:25.795,-930,,
multimetro,,,,44.08686529999977,2026-05-28T11:45:55.868,2026-05-28T12:01:25.868,-930,203.0,-0.004194119
multimetro,,,,44.30203299999994,2026-05-28T11:45:56.089,2026-05-28T12:01:26.089,-930,204.0,-0.004198967
balanza,89.0,3.22,,44.51134280000042,2026-05-28T11:45:56.295,2026-05-28T12:01:26.295,-930,,
multimetro,,,,44.51723570000104,2026-05-28T11:45:56.303,2026-05-28T12:01:26.303,-930,205.0,-0.004213844
multimetro,,,,44.732314800001404,2026-05-28T11:45:56.519,2026-05-28T12:01:26.519,-930,206.0,-0.004215645
multimetro,,,,44.947573500001454,2026-05-28T11:45:56.732,2026-05-28T12:01:26.732,-930,207.0,-0.004216399
balanza,90.0,2.24,,45.011312599999656,2026-05-28T11:45:56.795,2026-05-28T12:01:26.795,-930,,
multimetro,,,,45.16245049999998,2026-05-28T11:45:56.949,2026-05-28T12:01:26.949,-930,208.0,-0.004213436
multimetro,,,,45.37763520000044,2026-05-28T11:45:57.164,2026-05-28T12:01:27.164,-930,209.0,-0.004226722
balanza,91.0,2.77,,45.5112723000002,2026-05-28T11:45:57.295,2026-05-28T12:01:27.295,-930,,
multimetro,,,,45.592717900000935,2026-05-28T11:45:57.379,2026-05-28T12:01:27.379,-930,210.0,-0.004227214
multimetro,,,,45.80801810000048,2026-05-28T11:45:57.585,2026-05-28T12:01:27.585,-930,211.0,-0.004230617
balanza,92.0,1.7,,46.01145850000103,2026-05-28T11:45:57.789,2026-05-28T12:01:27.789,-930,,
multimetro,,,,46.02293029999964,2026-05-28T11:45:57.802,2026-05-28T12:01:27.802,-930,212.0,-0.004249012
multimetro,,,,46.238229200000205,2026-05-28T11:45:58.021,2026-05-28T12:01:28.021,-930,213.0,-0.004252446
multimetro,,,,46.45342820000042,2026-05-28T11:45:58.235,2026-05-28T12:01:28.235,-930,214.0,-0.004253567
balanza,93.0,2.24,,46.51124180000079,2026-05-28T11:45:58.295,2026-05-28T12:01:28.295,-930,,
multimetro,,,,46.668578900000284,2026-05-28T11:45:58.454,2026-05-28T12:01:28.454,-930,215.0,-0.004261094
multimetro,,,,46.88387020000118,2026-05-28T11:45:58.670,2026-05-28T12:01:28.670,-930,216.0,-0.004260194
balanza,94.0,1.95,,47.01124710000113,2026-05-28T11:45:58.795,2026-05-28T12:01:28.795,-930,,
multimetro,,,,47.09879759999967,2026-05-28T11:45:58.885,2026-05-28T12:01:28.885,-930,217.0,-0.004259325
multimetro,,,,47.313908100000845,2026-05-28T11:45:59.099,2026-05-28T12:01:29.099,-930,218.0,-0.004259105
balanza,95.0,0.59,,47.51118470000074,2026-05-28T11:45:59.295,2026-05-28T12:01:29.295,-930,,
multimetro,,,,47.52897440000015,2026-05-28T11:45:59.312,2026-05-28T12:01:29.312,-930,219.0,-0.004268329
multimetro,,,,47.743982800000595,2026-05-28T11:45:59.528,2026-05-28T12:01:29.528,-930,220.0,-0.004282767
multimetro,,,,47.959170500000255,2026-05-28T11:45:59.738,2026-05-28T12:01:29.738,-930,221.0,-0.004287813
balanza,96.0,1.2,,48.01144209999984,2026-05-28T11:45:59.796,2026-05-28T12:01:29.796,-930,,
multimetro,,,,48.174279200000456,2026-05-28T11:45:59.954,2026-05-28T12:01:29.954,-930,222.0,-0.004293132
multimetro,,,,48.38934450000124,2026-05-28T11:46:00.168,2026-05-28T12:01:30.168,-930,223.0,-0.004296629
balanza,97.0,-0.04,,48.51230899999973,2026-05-28T11:46:00.295,2026-05-28T12:01:30.295,-930,,
multimetro,,,,48.60460030000104,2026-05-28T11:46:00.389,2026-05-28T12:01:30.389,-930,224.0,-0.004300189
multimetro,,,,48.81988780000029,2026-05-28T11:46:00.606,2026-05-28T12:01:30.606,-930,225.0,-0.004301047
balanza,98.0,0.73,,49.011410799999794,2026-05-28T11:46:00.797,2026-05-28T12:01:30.797,-930,,
multimetro,,,,49.03499110000121,2026-05-28T11:46:00.822,2026-05-28T12:01:30.822,-930,226.0,-0.004307811
multimetro,,,,49.25006690000009,2026-05-28T11:46:01.037,2026-05-28T12:01:31.037,-930,227.0,-0.004308721
multimetro,,,,49.46514110000135,2026-05-28T11:46:01.251,2026-05-28T12:01:31.251,-930,228.0,-0.004311977
balanza,99.0,-0.37,,49.512274500000785,2026-05-28T11:46:01.295,2026-05-28T12:01:31.295,-930,,
multimetro,,,,49.68062120000104,2026-05-28T11:46:01.465,2026-05-28T12:01:31.465,-930,229.0,-0.004309936
multimetro,,,,49.896075599999676,2026-05-28T11:46:01.683,2026-05-28T12:01:31.683,-930,230.0,-0.004319338
balanza,100.0,0.11,,50.011431800001446,2026-05-28T11:46:01.795,2026-05-28T12:01:31.795,-930,,
multimetro,,,,50.111211500001446,2026-05-28T11:46:01.896,2026-05-28T12:01:31.896,-930,231.0,-0.004322206
multimetro,,,,50.326109700001325,2026-05-28T11:46:02.111,2026-05-28T12:01:32.111,-930,232.0,-0.004337409
balanza,101.0,-0.17,,50.51223960000061,2026-05-28T11:46:02.298,2026-05-28T12:01:32.298,-930,,
multimetro,,,,50.54133440000078,2026-05-28T11:46:02.326,2026-05-28T12:01:32.326,-930,233.0,-0.004327326
multimetro,,,,50.75656660000095,2026-05-28T11:46:02.535,2026-05-28T12:01:32.535,-930,234.0,-0.004320468
multimetro,,,,50.97165610000047,2026-05-28T11:46:02.758,2026-05-28T12:01:32.758,-930,235.0,-0.00432029
balanza,102.0,-1.17,,51.012234900001204,2026-05-28T11:46:02.795,2026-05-28T12:01:32.795,-930,,
multimetro,,,,51.18686350000098,2026-05-28T11:46:02.968,2026-05-28T12:01:32.968,-930,236.0,-0.004330896
multimetro,,,,51.401899700000286,2026-05-28T11:46:03.185,2026-05-28T12:01:33.185,-930,237.0,-0.004338288
balanza,103.0,-0.67,,51.512130799999795,2026-05-28T11:46:03.295,2026-05-28T12:01:33.295,-930,,
multimetro,,,,51.616951199999676,2026-05-28T11:46:03.402,2026-05-28T12:01:33.402,-930,238.0,-0.004353825
multimetro,,,,51.83218300000044,2026-05-28T11:46:03.618,2026-05-28T12:01:33.618,-930,239.0,-0.004367739
balanza,104.0,-1.68,,52.01217270000052,2026-05-28T11:46:03.799,2026-05-28T12:01:33.799,-930,,
multimetro,,,,52.04731100000026,2026-05-28T11:46:03.830,2026-05-28T12:01:33.830,-930,240.0,-0.004365897
multimetro,,,,52.262248799999725,2026-05-28T11:46:04.045,2026-05-28T12:01:34.045,-930,241.0,-0.004373697
multimetro,,,,52.4775451000005,2026-05-28T11:46:04.264,2026-05-28T12:01:34.264,-930,242.0,-0.004376995
balanza,105.0,-1.21,,52.512171399999716,2026-05-28T11:46:04.299,2026-05-28T12:01:34.299,-930,,
multimetro,,,,52.69241890000012,2026-05-28T11:46:04.478,2026-05-28T12:01:34.478,-930,243.0,-0.004375194
multimetro,,,,52.9076356000005,2026-05-28T11:46:04.685,2026-05-28T12:01:34.685,-930,244.0,-0.004382261
balanza,106.0,-1.55,,53.01209270000072,2026-05-28T11:46:04.795,2026-05-28T12:01:34.795,-930,,
multimetro,,,,53.12273710000045,2026-05-28T11:46:04.909,2026-05-28T12:01:34.909,-930,245.0,-0.004393663
multimetro,,,,53.337658100001136,2026-05-28T11:46:05.118,2026-05-28T12:01:35.118,-930,246.0,-0.004400782
balanza,107.0,-1.95,,53.51222560000133,2026-05-28T11:46:05.295,2026-05-28T12:01:35.295,-930,,
multimetro,,,,53.55285720000029,2026-05-28T11:46:05.335,2026-05-28T12:01:35.335,-930,247.0,-0.004405137
multimetro,,,,53.76768079999965,2026-05-28T11:46:05.554,2026-05-28T12:01:35.554,-930,248.0,-0.004403106
multimetro,,,,53.98290670000097,2026-05-28T11:46:05.768,2026-05-28T12:01:35.768,-930,249.0,-0.004405294
balanza,108.0,-2.06,,54.01229460000104,2026-05-28T11:46:05.799,2026-05-28T12:01:35.799,-930,,
multimetro,,,,54.197904200000266,2026-05-28T11:46:05.985,2026-05-28T12:01:35.985,-930,250.0,-0.004412267
multimetro,,,,54.41302330000144,2026-05-28T11:46:06.195,2026-05-28T12:01:36.195,-930,251.0,-0.004419889
balanza,109.0,-3.17,,54.512218400001075,2026-05-28T11:46:06.295,2026-05-28T12:01:36.295,-930,,
multimetro,,,,54.62817370000084,2026-05-28T11:46:06.415,2026-05-28T12:01:36.415,-930,252.0,-0.004424423
multimetro,,,,54.84352399999989,2026-05-28T11:46:06.622,2026-05-28T12:01:36.622,-930,253.0,-0.004419575
balanza,110.0,-2.92,,55.01216030000069,2026-05-28T11:46:06.795,2026-05-28T12:01:36.795,-930,,
multimetro,,,,55.058446099999856,2026-05-28T11:46:06.839,2026-05-28T12:01:36.839,-930,254.0,-0.004422601
multimetro,,,,55.27375790000042,2026-05-28T11:46:07.056,2026-05-28T12:01:37.056,-930,255.0,-0.004428495
multimetro,,,,55.48863260000144,2026-05-28T11:46:07.272,2026-05-28T12:01:37.272,-930,256.0,-0.004433835
balanza,111.0,-3.59,,55.51247979999971,2026-05-28T11:46:07.299,2026-05-28T12:01:37.299,-930,,
multimetro,,,,55.7037307999999,2026-05-28T11:46:07.485,2026-05-28T12:01:37.485,-930,257.0,-0.004435908
multimetro,,,,55.918951800000286,2026-05-28T11:46:07.702,2026-05-28T12:01:37.702,-930,258.0,-0.004442001
balanza,112.0,-3.72,,56.01233740000134,2026-05-28T11:46:07.798,2026-05-28T12:01:37.798,-930,,
multimetro,,,,56.13401370000065,2026-05-28T11:46:07.920,2026-05-28T12:01:37.920,-930,259.0,-0.004444378
multimetro,,,,56.349175400000604,2026-05-28T11:46:08.135,2026-05-28T12:01:38.135,-930,260.0,-0.004443478
balanza,113.0,-3.51,,56.51263860000108,2026-05-28T11:46:08.295,2026-05-28T12:01:38.295,-930,,
multimetro,,,,56.56430210000144,2026-05-28T11:46:08.345,2026-05-28T12:01:38.345,-930,261.0,-0.004444923
multimetro,,,,56.77947510000013,2026-05-28T11:46:08.561,2026-05-28T12:01:38.561,-930,262.0,-0.004444525
multimetro,,,,56.994565500001045,2026-05-28T11:46:08.778,2026-05-28T12:01:38.778,-930,263.0,-0.004444399
balanza,114.0,-4.35,,57.012378700001136,2026-05-28T11:46:08.799,2026-05-28T12:01:38.799,-930,,
multimetro,,,,57.209651200000735,2026-05-28T11:46:08.995,2026-05-28T12:01:38.995,-930,264.0,-0.004455424
multimetro,,,,57.42498429999978,2026-05-28T11:46:09.212,2026-05-28T12:01:39.212,-930,265.0,-0.004460617
balanza,115.0,-4.22,,57.512131400000726,2026-05-28T11:46:09.295,2026-05-28T12:01:39.295,-930,,
multimetro,,,,57.64017200000126,2026-05-28T11:46:09.418,2026-05-28T12:01:39.418,-930,266.0,-0.004462878
multimetro,,,,57.855095700000675,2026-05-28T11:46:09.635,2026-05-28T12:01:39.635,-930,267.0,-0.004472981
balanza,116.0,-5.03,,58.01224010000078,2026-05-28T11:46:09.795,2026-05-28T12:01:39.795,-930,,
multimetro,,,,58.070455900000525,2026-05-28T11:46:09.857,2026-05-28T12:01:39.857,-930,268.0,-0.004476447
multimetro,,,,58.2856668000004,2026-05-28T11:46:10.068,2026-05-28T12:01:40.068,-930,269.0,-0.004481274
multimetro,,,,58.500536499999725,2026-05-28T11:46:10.287,2026-05-28T12:01:40.287,-930,270.0,-0.004485221
balanza,117.0,-5.06,,58.51221540000006,2026-05-28T11:46:10.299,2026-05-28T12:01:40.299,-930,,
multimetro,,,,58.71556950000013,2026-05-28T11:46:10.502,2026-05-28T12:01:40.502,-930,271.0,-0.004490047
multimetro,,,,58.930716500000926,2026-05-28T11:46:10.712,2026-05-28T12:01:40.712,-930,272.0,-0.004496319
balanza,118.0,-5.52,,59.012238200000866,2026-05-28T11:46:10.795,2026-05-28T12:01:40.795,-930,,
multimetro,,,,59.14589710000109,2026-05-28T11:46:10.928,2026-05-28T12:01:40.928,-930,273.0,-0.004491513
multimetro,,,,59.36096270000053,2026-05-28T11:46:11.145,2026-05-28T12:01:41.145,-930,274.0,-0.004496737
balanza,119.0,-5.47,,59.512255200001164,2026-05-28T11:46:11.299,2026-05-28T12:01:41.299,-930,,
multimetro,,,,59.57603310000013,2026-05-28T11:46:11.363,2026-05-28T12:01:41.363,-930,275.0,-0.004503145
multimetro,,,,59.79113990000042,2026-05-28T11:46:11.568,2026-05-28T12:01:41.568,-930,276.0,-0.004511405
multimetro,,,,60.00628350000079,2026-05-28T11:46:11.787,2026-05-28T12:01:41.787,-930,277.0,-0.004512484
balanza,120.0,-5.79,,60.01225440000053,2026-05-28T11:46:11.795,2026-05-28T12:01:41.795,-930,,
multimetro,,,,60.22160790000089,2026-05-28T11:46:12.006,2026-05-28T12:01:42.006,-930,278.0,-0.004515698
multimetro,,,,60.43667430000096,2026-05-28T11:46:12.223,2026-05-28T12:01:42.223,-930,279.0,-0.004517687
balanza,121.0,-6.3,,60.51240080000025,2026-05-28T11:46:12.295,2026-05-28T12:01:42.295,-930,,
multimetro,,,,60.65177220000078,2026-05-28T11:46:12.438,2026-05-28T12:01:42.438,-930,280.0,-0.004521509
multimetro,,,,60.86702510000032,2026-05-28T11:46:12.653,2026-05-28T12:01:42.653,-930,281.0,-0.004521624
balanza,122.0,-6.18,,61.01216050000039,2026-05-28T11:46:12.795,2026-05-28T12:01:42.795,-930,,
multimetro,,,,61.08211050000136,2026-05-28T11:46:12.869,2026-05-28T12:01:42.869,-930,282.0,-0.004529361
multimetro,,,,61.29710030000024,2026-05-28T11:46:13.078,2026-05-28T12:01:43.078,-930,283.0,-0.004533601
multimetro,,,,61.512155399999756,2026-05-28T11:46:13.299,2026-05-28T12:01:43.299,-930,284.0,-0.004541234
balanza,123.0,-6.74,,61.512637699999686,2026-05-28T11:46:13.299,2026-05-28T12:01:43.299,-930,,
multimetro,,,,61.72726900000089,2026-05-28T11:46:13.505,2026-05-28T12:01:43.505,-930,285.0,-0.004548311
multimetro,,,,61.94222590000027,2026-05-28T11:46:13.722,2026-05-28T12:01:43.722,-930,286.0,-0.004553724
balanza,124.0,-6.75,,62.0122263000012,2026-05-28T11:46:13.795,2026-05-28T12:01:43.795,-930,,
multimetro,,,,62.157202000000325,2026-05-28T11:46:13.939,2026-05-28T12:01:43.939,-930,287.0,-0.004558184
multimetro,,,,62.372443100000964,2026-05-28T11:46:14.154,2026-05-28T12:01:44.154,-930,288.0,-0.004565901
balanza,125.0,-6.74,,62.512717200001134,2026-05-28T11:46:14.295,2026-05-28T12:01:44.295,-930,,
multimetro,,,,62.58736099999987,2026-05-28T11:46:14.372,2026-05-28T12:01:44.372,-930,289.0,-0.004566141
multimetro,,,,62.80262430000039,2026-05-28T11:46:14.585,2026-05-28T12:01:44.585,-930,290.0,-0.004564184
balanza,126.0,-7.53,,63.012700200000836,2026-05-28T11:46:14.795,2026-05-28T12:01:44.795,-930,,
multimetro,,,,63.01774490000025,2026-05-28T11:46:14.802,2026-05-28T12:01:44.802,-930,291.0,-0.004565251
multimetro,,,,63.23278890000074,2026-05-28T11:46:15.019,2026-05-28T12:01:45.019,-930,292.0,-0.0045708
multimetro,,,,63.44782040000064,2026-05-28T11:46:15.234,2026-05-28T12:01:45.234,-930,293.0,-0.004576182
balanza,127.0,-7.54,,63.51226930000121,2026-05-28T11:46:15.295,2026-05-28T12:01:45.295,-930,,
multimetro,,,,63.66312560000006,2026-05-28T11:46:15.445,2026-05-28T12:01:45.445,-930,294.0,-0.004584411
multimetro,,,,63.87821190000068,2026-05-28T11:46:15.661,2026-05-28T12:01:45.661,-930,295.0,-0.004591059
balanza,128.0,-8.26,,64.01215410000077,2026-05-28T11:46:15.795,2026-05-28T12:01:45.795,-930,,
multimetro,,,,64.09329080000134,2026-05-28T11:46:15.878,2026-05-28T12:01:45.878,-930,296.0,-0.00459375
multimetro,,,,64.30844720000096,2026-05-28T11:46:16.095,2026-05-28T12:01:46.095,-930,297.0,-0.004595593
balanza,129.0,-8.13,,64.51220280000052,2026-05-28T11:46:16.295,2026-05-28T12:01:46.295,-930,,
multimetro,,,,64.5234302000008,2026-05-28T11:46:16.302,2026-05-28T12:01:46.302,-930,298.0,-0.004596336
multimetro,,,,64.73856280000109,2026-05-28T11:46:16.518,2026-05-28T12:01:46.518,-930,299.0,-0.004597781
multimetro,,,,64.9536547000007,2026-05-28T11:46:16.735,2026-05-28T12:01:46.735,-930,300.0,-0.004598483
balanza,130.0,-8.65,,65.0122760000013,2026-05-28T11:46:16.798,2026-05-28T12:01:46.798,-930,,
multimetro,,,,65.16879359999984,2026-05-28T11:46:16.956,2026-05-28T12:01:46.956,-930,301.0,-0.004610429
multimetro,,,,65.38386210000135,2026-05-28T11:46:17.168,2026-05-28T12:01:47.168,-930,302.0,-0.004616229
balanza,131.0,-8.75,,65.51263990000007,2026-05-28T11:46:17.295,2026-05-28T12:01:47.295,-930,,
multimetro,,,,65.5990008000008,2026-05-28T11:46:17.385,2026-05-28T12:01:47.385,-930,303.0,-0.00462116
multimetro,,,,65.81432380000115,2026-05-28T11:46:17.601,2026-05-28T12:01:47.601,-930,304.0,-0.004628363
balanza,132.0,-8.82,,66.01265820000117,2026-05-28T11:46:17.795,2026-05-28T12:01:47.795,-930,,
multimetro,,,,66.02943270000105,2026-05-28T11:46:17.812,2026-05-28T12:01:47.812,-930,305.0,-0.004629567
multimetro,,,,66.24448959999972,2026-05-28T11:46:18.027,2026-05-28T12:01:48.027,-930,306.0,-0.004625191
multimetro,,,,66.45974380000007,2026-05-28T11:46:18.246,2026-05-28T12:01:48.246,-930,307.0,-0.004624029
balanza,133.0,-9.23,,66.51229260000036,2026-05-28T11:46:18.298,2026-05-28T12:01:48.298,-930,,
multimetro,,,,66.6749361000002,2026-05-28T11:46:18.462,2026-05-28T12:01:48.462,-930,308.0,-0.00462517
multimetro,,,,66.88995080000132,2026-05-28T11:46:18.673,2026-05-28T12:01:48.673,-930,309.0,-0.004628698
balanza,134.0,-9.43,,67.01262730000053,2026-05-28T11:46:18.795,2026-05-28T12:01:48.795,-930,,
multimetro,,,,67.1050565000005,2026-05-28T11:46:18.885,2026-05-28T12:01:48.885,-930,310.0,-0.00463699
multimetro,,,,67.3201097000001,2026-05-28T11:46:19.102,2026-05-28T12:01:49.102,-930,311.0,-0.004667583
balanza,135.0,-9.73,,67.5121736000001,2026-05-28T11:46:19.295,2026-05-28T12:01:49.295,-930,,
multimetro,,,,67.5352683000001,2026-05-28T11:46:19.318,2026-05-28T12:01:49.318,-930,312.0,-0.004676367
multimetro,,,,67.75025450000066,2026-05-28T11:46:19.535,2026-05-28T12:01:49.535,-930,313.0,-0.004680126
multimetro,,,,67.96542920000138,2026-05-28T11:46:19.752,2026-05-28T12:01:49.752,-930,314.0,-0.00467399
balanza,136.0,-9.72,,68.01219850000052,2026-05-28T11:46:19.795,2026-05-28T12:01:49.795,-930,,
multimetro,,,,68.18046669999967,2026-05-28T11:46:19.967,2026-05-28T12:01:49.967,-930,315.0,-0.004673258
multimetro,,,,68.3954577000004,2026-05-28T11:46:20.180,2026-05-28T12:01:50.180,-930,316.0,-0.004678
balanza,137.0,-10.44,,68.5132678000009,2026-05-28T11:46:20.295,2026-05-28T12:01:50.295,-930,,
multimetro,,,,68.61066240000036,2026-05-28T11:46:20.394,2026-05-28T12:01:50.394,-930,317.0,-0.004680524
multimetro,,,,68.8256280000005,2026-05-28T11:46:20.610,2026-05-28T12:01:50.610,-930,318.0,-0.004687873
balanza,138.0,-10.27,,69.01370930000121,2026-05-28T11:46:20.795,2026-05-28T12:01:50.795,-930,,
multimetro,,,,69.0408253000005,2026-05-28T11:46:20.822,2026-05-28T12:01:50.822,-930,319.0,-0.004685915
multimetro,,,,69.25585740000133,2026-05-28T11:46:21.043,2026-05-28T12:01:51.043,-930,320.0,-0.004695663
multimetro,,,,69.47129479999967,2026-05-28T11:46:21.257,2026-05-28T12:01:51.257,-930,321.0,-0.004697589
balanza,139.0,-10.79,,69.51318060000085,2026-05-28T11:46:21.295,2026-05-28T12:01:51.295,-930,,
multimetro,,,,69.68644370000038,2026-05-28T11:46:21.472,2026-05-28T12:01:51.472,-930,322.0,-0.004697998
multimetro,,,,69.90161530000114,2026-05-28T11:46:21.686,2026-05-28T12:01:51.686,-930,323.0,-0.00470295
balanza,140.0,-10.97,,70.01333239999985,2026-05-28T11:46:21.799,2026-05-28T12:01:51.799,-930,,
multimetro,,,,70.11669679999977,2026-05-28T11:46:21.902,2026-05-28T12:01:51.902,-930,324.0,-0.004701704
multimetro,,,,70.33199440000135,2026-05-28T11:46:22.118,2026-05-28T12:01:52.118,-930,325.0,-0.004703526
balanza,141.0,-10.98,,70.51359030000094,2026-05-28T11:46:22.295,2026-05-28T12:01:52.295,-930,,
multimetro,,,,70.54717619999974,2026-05-28T11:46:22.332,2026-05-28T12:01:52.332,-930,326.0,-0.004713388
multimetro,,,,70.76213170000119,2026-05-28T11:46:22.549,2026-05-28T12:01:52.549,-930,327.0,-0.004725868
multimetro,,,,70.97725170000012,2026-05-28T11:46:22.763,2026-05-28T12:01:52.763,-930,328.0,-0.00473661
balanza,142.0,-11.53,,71.01320590000068,2026-05-28T11:46:22.795,2026-05-28T12:01:52.795,-930,,
multimetro,,,,71.19236850000016,2026-05-28T11:46:22.978,2026-05-28T12:01:52.978,-930,329.0,-0.004750524
multimetro,,,,71.40761879999991,2026-05-28T11:46:23.193,2026-05-28T12:01:53.193,-930,330.0,-0.004754681
balanza,143.0,-11.63,,71.51320550000128,2026-05-28T11:46:23.299,2026-05-28T12:01:53.299,-930,,
multimetro,,,,71.62266600000112,2026-05-28T11:46:23.402,2026-05-28T12:01:53.402,-930,331.0,-0.004751561
multimetro,,,,71.83779070000128,2026-05-28T11:46:23.620,2026-05-28T12:01:53.620,-930,332.0,-0.004750022
balanza,144.0,-11.96,,72.01323960000082,2026-05-28T11:46:23.796,2026-05-28T12:01:53.796,-930,,
multimetro,,,,72.05290640000021,2026-05-28T11:46:23.835,2026-05-28T12:01:53.835,-930,333.0,-0.004753613
multimetro,,,,72.26803210000071,2026-05-28T11:46:24.052,2026-05-28T12:01:54.052,-930,334.0,-0.004756628
multimetro,,,,72.4830363000001,2026-05-28T11:46:24.268,2026-05-28T12:01:54.268,-930,335.0,-0.004757958
balanza,145.0,-11.98,,72.5133779000007,2026-05-28T11:46:24.299,2026-05-28T12:01:54.299,-930,,
multimetro,,,,72.69808399999965,2026-05-28T11:46:24.485,2026-05-28T12:01:54.485,-930,336.0,-0.004760743
multimetro,,,,72.91325540000071,2026-05-28T11:46:24.699,2026-05-28T12:01:54.699,-930,337.0,-0.004765486
balanza,146.0,-12.33,,73.0137364000002,2026-05-28T11:46:24.800,2026-05-28T12:01:54.800,-930,,
multimetro,,,,73.12819330000093,2026-05-28T11:46:24.911,2026-05-28T12:01:54.911,-930,338.0,-0.004768313
multimetro,,,,73.3432055000012,2026-05-28T11:46:25.130,2026-05-28T12:01:55.130,-930,339.0,-0.004775097
balanza,147.0,-12.72,,73.51342310000109,2026-05-28T11:46:25.298,2026-05-28T12:01:55.298,-930,,
multimetro,,,,73.55829450000056,2026-05-28T11:46:25.345,2026-05-28T12:01:55.345,-930,340.0,-0.004785399
multimetro,,,,73.77342769999996,2026-05-28T11:46:25.552,2026-05-28T12:01:55.552,-930,341.0,-0.004785787
multimetro,,,,73.98851540000032,2026-05-28T11:46:25.768,2026-05-28T12:01:55.768,-930,342.0,-0.004782792
balanza,148.0,-12.8,,74.0134575000011,2026-05-28T11:46:25.799,2026-05-28T12:01:55.799,-930,,
multimetro,,,,74.20385650000026,2026-05-28T11:46:25.985,2026-05-28T12:01:55.985,-930,343.0,-0.004786362
multimetro,,,,74.41880459999993,2026-05-28T11:46:26.205,2026-05-28T12:01:56.205,-930,344.0,-0.004792351
balanza,149.0,-13.26,,74.51376100000016,2026-05-28T11:46:26.295,2026-05-28T12:01:56.295,-930,,
multimetro,,,,74.63383210000029,2026-05-28T11:46:26.418,2026-05-28T12:01:56.418,-930,345.0,-0.004795942
multimetro,,,,74.84883830000035,2026-05-28T11:46:26.635,2026-05-28T12:01:56.635,-930,346.0,-0.004797879
balanza,150.0,-13.41,,75.01324840000052,2026-05-28T11:46:26.798,2026-05-28T12:01:56.798,-930,,
multimetro,,,,75.0640211000009,2026-05-28T11:46:26.845,2026-05-28T12:01:56.845,-930,347.0,-0.004796371
multimetro,,,,75.27922060000128,2026-05-28T11:46:27.062,2026-05-28T12:01:57.062,-930,348.0,-0.0047921
multimetro,,,,75.49429220000093,2026-05-28T11:46:27.278,2026-05-28T12:01:57.278,-930,349.0,-0.00479657
balanza,151.0,-13.58,,75.51322450000043,2026-05-28T11:46:27.300,2026-05-28T12:01:57.300,-930,,
multimetro,,,,75.70941660000062,2026-05-28T11:46:27.495,2026-05-28T12:01:57.495,-930,350.0,-0.004799303
multimetro,,,,75.92434219999996,2026-05-28T11:46:27.701,2026-05-28T12:01:57.701,-930,351.0,-0.004807616
balanza,152.0,-13.77,,76.01327730000048,2026-05-28T11:46:27.795,2026-05-28T12:01:57.795,-930,,
multimetro,,,,76.13939290000053,2026-05-28T11:46:27.918,2026-05-28T12:01:57.918,-930,352.0,-0.004811982
multimetro,,,,76.35449400000107,2026-05-28T11:46:28.135,2026-05-28T12:01:58.135,-930,353.0,-0.004816672
balanza,153.0,-14.23,,76.5134491000008,2026-05-28T11:46:28.295,2026-05-28T12:01:58.295,-930,,
multimetro,,,,76.56972140000107,2026-05-28T11:46:28.354,2026-05-28T12:01:58.354,-930,354.0,-0.004821614
multimetro,,,,76.78476820000105,2026-05-28T11:46:28.568,2026-05-28T12:01:58.568,-930,355.0,-0.004826483
multimetro,,,,77.00012539999989,2026-05-28T11:46:28.787,2026-05-28T12:01:58.787,-930,356.0,-0.004824975
balanza,154.0,-14.2,,77.01356020000094,2026-05-28T11:46:28.798,2026-05-28T12:01:58.798,-930,,
multimetro,,,,77.21519400000034,2026-05-28T11:46:29.002,2026-05-28T12:01:59.002,-930,357.0,-0.004828566
multimetro,,,,77.43048670000098,2026-05-28T11:46:29.212,2026-05-28T12:01:59.212,-930,358.0,-0.004841528
balanza,155.0,-14.4,,77.51323159999993,2026-05-28T11:46:29.295,2026-05-28T12:01:59.295,-930,,
multimetro,,,,77.64559180000106,2026-05-28T11:46:29.428,2026-05-28T12:01:59.428,-930,359.0,-0.004844197
multimetro,,,,77.86065550000058,2026-05-28T11:46:29.645,2026-05-28T12:01:59.645,-930,360.0,-0.004845464
balanza,156.0,-14.71,,78.01323140000022,2026-05-28T11:46:29.799,2026-05-28T12:01:59.799,-930,,
multimetro,,,,78.07578980000108,2026-05-28T11:46:29.861,2026-05-28T12:01:59.861,-930,361.0,-0.004851924
multimetro,,,,78.29086629999983,2026-05-28T11:46:30.068,2026-05-28T12:02:00.068,-930,362.0,-0.004856761
multimetro,,,,78.50602679999974,2026-05-28T11:46:30.287,2026-05-28T12:02:00.287,-930,363.0,-0.004863451
balanza,157.0,-14.89,,78.51321310000094,2026-05-28T11:46:30.299,2026-05-28T12:02:00.299,-930,,
multimetro,,,,78.72095890000128,2026-05-28T11:46:30.502,2026-05-28T12:02:00.502,-930,364.0,-0.004869314
multimetro,,,,78.93616320000001,2026-05-28T11:46:30.718,2026-05-28T12:02:00.718,-930,365.0,-0.004878036
balanza,158.0,-15.26,,79.01312030000008,2026-05-28T11:46:30.795,2026-05-28T12:02:00.795,-930,,
multimetro,,,,79.15118430000075,2026-05-28T11:46:30.935,2026-05-28T12:02:00.935,-930,366.0,-0.004881773
multimetro,,,,79.3663273000002,2026-05-28T11:46:31.152,2026-05-28T12:02:01.152,-930,367.0,-0.004883857
balanza,159.0,-15.32,,79.51329290000103,2026-05-28T11:46:31.295,2026-05-28T12:02:01.295,-930,,
multimetro,,,,79.58117260000108,2026-05-28T11:46:31.368,2026-05-28T12:02:01.368,-930,368.0,-0.004896954
multimetro,,,,79.79648660000021,2026-05-28T11:46:31.578,2026-05-28T12:02:01.578,-930,369.0,-0.004900755
multimetro,,,,80.01137050000034,2026-05-28T11:46:31.798,2026-05-28T12:02:01.798,-930,370.0,-0.00490086
balanza,160.0,-15.92,,80.01327769999989,2026-05-28T11:46:31.799,2026-05-28T12:02:01.799,-930,,
multimetro,,,,80.22646090000126,2026-05-28T11:46:32.012,2026-05-28T12:02:02.012,-930,371.0,-0.004904786
multimetro,,,,80.44168330000139,2026-05-28T11:46:32.228,2026-05-28T12:02:02.228,-930,372.0,-0.004912282
balanza,161.0,-16.01,,80.51368739999998,2026-05-28T11:46:32.295,2026-05-28T12:02:02.295,-930,,
multimetro,,,,80.6569271999997,2026-05-28T11:46:32.435,2026-05-28T12:02:02.435,-930,373.0,-0.004908189
multimetro,,,,80.87197759999981,2026-05-28T11:46:32.651,2026-05-28T12:02:02.651,-930,374.0,-0.00491312
balanza,162.0,-16.18,,81.01363970000057,2026-05-28T11:46:32.795,2026-05-28T12:02:02.795,-930,,
multimetro,,,,81.08713050000006,2026-05-28T11:46:32.872,2026-05-28T12:02:02.872,-930,375.0,-0.004912701
multimetro,,,,81.30224070000077,2026-05-28T11:46:33.085,2026-05-28T12:02:03.085,-930,376.0,-0.004917391
balanza,163.0,-16.37,,81.51322729999993,2026-05-28T11:46:33.299,2026-05-28T12:02:03.299,-930,,
multimetro,,,,81.51728720000028,2026-05-28T11:46:33.304,2026-05-28T12:02:03.304,-930,377.0,-0.004917004
multimetro,,,,81.73239790000116,2026-05-28T11:46:33.518,2026-05-28T12:02:03.518,-930,378.0,-0.004926259
multimetro,,,,81.94762740000078,2026-05-28T11:46:33.734,2026-05-28T12:02:03.734,-930,379.0,-0.004931599
balanza,164.0,-16.3,,82.01380150000114,2026-05-28T11:46:33.795,2026-05-28T12:02:03.795,-930,,
multimetro,,,,82.16269140000077,2026-05-28T11:46:33.949,2026-05-28T12:02:03.949,-930,380.0,-0.004936855
multimetro,,,,82.37783590000072,2026-05-28T11:46:34.160,2026-05-28T12:02:04.160,-930,381.0,-0.004941943
balanza,165.0,-16.7,,82.51323460000094,2026-05-28T11:46:34.295,2026-05-28T12:02:04.295,-930,,
multimetro,,,,82.59314730000006,2026-05-28T11:46:34.373,2026-05-28T12:02:04.373,-930,382.0,-0.004939252
multimetro,,,,82.80808640000032,2026-05-28T11:46:34.594,2026-05-28T12:02:04.594,-930,383.0,-0.004942665
balanza,166.0,-16.92,,83.0133007000004,2026-05-28T11:46:34.799,2026-05-28T12:02:04.799,-930,,
multimetro,,,,83.02325329999985,2026-05-28T11:46:34.802,2026-05-28T12:02:04.802,-930,384.0,-0.004947419
multimetro,,,,83.23839109999972,2026-05-28T11:46:35.018,2026-05-28T12:02:05.018,-930,385.0,-0.004955083
multimetro,,,,83.45357300000069,2026-05-28T11:46:35.237,2026-05-28T12:02:05.237,-930,386.0,-0.004953512
balanza,167.0,-17.02,,83.51327560000027,2026-05-28T11:46:35.295,2026-05-28T12:02:05.295,-930,,
multimetro,,,,83.66871230000106,2026-05-28T11:46:35.454,2026-05-28T12:02:05.454,-930,387.0,-0.004964327
multimetro,,,,83.8838582999997,2026-05-28T11:46:35.668,2026-05-28T12:02:05.668,-930,388.0,-0.004963553
balanza,168.0,-17.34,,84.01360709999972,2026-05-28T11:46:35.797,2026-05-28T12:02:05.797,-930,,
multimetro,,,,84.098993900001,2026-05-28T11:46:35.885,2026-05-28T12:02:05.885,-930,389.0,-0.004964914
multimetro,,,,84.31419740000092,2026-05-28T11:46:36.095,2026-05-28T12:02:06.095,-930,390.0,-0.004977258
balanza,169.0,-17.52,,84.51375830000143,2026-05-28T11:46:36.294,2026-05-28T12:02:06.294,-930,,
multimetro,,,,84.52936770000088,2026-05-28T11:46:36.313,2026-05-28T12:02:06.313,-930,391.0,-0.004981006
multimetro,,,,84.74431530000038,2026-05-28T11:46:36.528,2026-05-28T12:02:06.528,-930,392.0,-0.004982095
multimetro,,,,84.959341400001,2026-05-28T11:46:36.744,2026-05-28T12:02:06.744,-930,393.0,-0.00497955
balanza,170.0,-17.6,,85.01312230000076,2026-05-28T11:46:36.795,2026-05-28T12:02:06.795,-930,,
multimetro,,,,85.17438240000047,2026-05-28T11:46:36.956,2026-05-28T12:02:06.956,-930,394.0,-0.004981048
multimetro,,,,85.38956719999987,2026-05-28T11:46:37.168,2026-05-28T12:02:07.168,-930,395.0,-0.004992166
balanza,171.0,-18.0,,85.51331910000044,2026-05-28T11:46:37.295,2026-05-28T12:02:07.295,-930,,
multimetro,,,,85.60476050000034,2026-05-28T11:46:37.385,2026-05-28T12:02:07.385,-930,396.0,-0.004990638
multimetro,,,,85.81991720000042,2026-05-28T11:46:37.605,2026-05-28T12:02:07.605,-930,397.0,-0.004996145
balanza,172.0,-18.13,,86.01381039999978,2026-05-28T11:46:37.795,2026-05-28T12:02:07.795,-930,,
multimetro,,,,86.03502440000011,2026-05-28T11:46:37.821,2026-05-28T12:02:07.821,-930,398.0,-0.005003264
multimetro,,,,86.25012890000107,2026-05-28T11:46:38.036,2026-05-28T12:02:08.036,-930,399.0,-0.005003955
multimetro,,,,86.46525389999988,2026-05-28T11:46:38.252,2026-05-28T12:02:08.252,-930,400.0,-0.005007484
balanza,173.0,-18.27,,86.51325390000056,2026-05-28T11:46:38.295,2026-05-28T12:02:08.295,-930,,
multimetro,,,,86.68040939999992,2026-05-28T11:46:38.466,2026-05-28T12:02:08.466,-930,401.0,-0.005009117
multimetro,,,,86.89564070000051,2026-05-28T11:46:38.682,2026-05-28T12:02:08.682,-930,402.0,-0.005001254
balanza,174.0,-18.73,,87.01356710000073,2026-05-28T11:46:38.795,2026-05-28T12:02:08.795,-930,,
multimetro,,,,87.11055269999997,2026-05-28T11:46:38.895,2026-05-28T12:02:08.895,-930,403.0,-0.005009557
multimetro,,,,87.32572320000145,2026-05-28T11:46:39.112,2026-05-28T12:02:09.112,-930,404.0,-0.005015462
balanza,175.0,-18.75,,87.51341230000071,2026-05-28T11:46:39.298,2026-05-28T12:02:09.298,-930,,
multimetro,,,,87.5408664000006,2026-05-28T11:46:39.318,2026-05-28T12:02:09.318,-930,405.0,-0.005018184
multimetro,,,,87.75600880000093,2026-05-28T11:46:39.535,2026-05-28T12:02:09.535,-930,406.0,-0.00502478
multimetro,,,,87.97121420000076,2026-05-28T11:46:39.752,2026-05-28T12:02:09.752,-930,407.0,-0.005026612
balanza,176.0,-18.98,,88.01369300000079,2026-05-28T11:46:39.795,2026-05-28T12:02:09.795,-930,,
multimetro,,,,88.18669810000029,2026-05-28T11:46:39.968,2026-05-28T12:02:09.968,-930,408.0,-0.00502724
multimetro,,,,88.4019012000008,2026-05-28T11:46:40.185,2026-05-28T12:02:10.185,-930,409.0,-0.005029303
balanza,177.0,-19.09,,88.5136407000009,2026-05-28T11:46:40.295,2026-05-28T12:02:10.295,-930,,
multimetro,,,,88.61720510000123,2026-05-28T11:46:40.402,2026-05-28T12:02:10.402,-930,410.0,-0.005031617
multimetro,,,,88.83236829999987,2026-05-28T11:46:40.618,2026-05-28T12:02:10.618,-930,411.0,-0.005027669
balanza,178.0,-19.32,,89.01364300000023,2026-05-28T11:46:40.795,2026-05-28T12:02:10.795,-930,,
multimetro,,,,89.0474333000002,2026-05-28T11:46:40.828,2026-05-28T12:02:10.828,-930,412.0,-0.005029156
multimetro,,,,89.26277930000106,2026-05-28T11:46:41.045,2026-05-28T12:02:11.045,-930,413.0,-0.005038684
multimetro,,,,89.47785740000108,2026-05-28T11:46:41.265,2026-05-28T12:02:11.265,-930,414.0,-0.00504461
balanza,179.0,-19.66,,89.51325250000082,2026-05-28T11:46:41.295,2026-05-28T12:02:11.295,-930,,
multimetro,,,,89.69294140000056,2026-05-28T11:46:41.478,2026-05-28T12:02:11.478,-930,415.0,-0.00504751
multimetro,,,,89.90826110000125,2026-05-28T11:46:41.695,2026-05-28T12:02:11.695,-930,416.0,-0.005044358
balanza,180.0,-19.82,,90.01370570000108,2026-05-28T11:46:41.795,2026-05-28T12:02:11.795,-930,,
multimetro,,,,90.12323380000089,2026-05-28T11:46:41.901,2026-05-28T12:02:11.901,-930,417.0,-0.005046724
multimetro,,,,90.33831190000092,2026-05-28T11:46:42.118,2026-05-28T12:02:12.118,-930,418.0,-0.00505175
balanza,181.0,-20.03,,90.51325010000073,2026-05-28T11:46:42.299,2026-05-28T12:02:12.299,-930,,
multimetro,,,,90.55339260000073,2026-05-28T11:46:42.335,2026-05-28T12:02:12.335,-930,419.0,-0.005052137
multimetro,,,,90.76859370000057,2026-05-28T11:46:42.552,2026-05-28T12:02:12.552,-930,420.0,-0.005052923
multimetro,,,,90.98370650000106,2026-05-28T11:46:42.768,2026-05-28T12:02:12.768,-930,421.0,-0.005051499
balanza,182.0,-20.18,,91.01332960000036,2026-05-28T11:46:42.800,2026-05-28T12:02:12.800,-930,,
multimetro,,,,91.19891610000013,2026-05-28T11:46:42.985,2026-05-28T12:02:12.985,-930,422.0,-0.005050933
multimetro,,,,91.41404130000046,2026-05-28T11:46:43.197,2026-05-28T12:02:13.197,-930,423.0,-0.005058021
balanza,183.0,-20.46,,91.51321220000136,2026-05-28T11:46:43.295,2026-05-28T12:02:13.295,-930,,
multimetro,,,,91.62912310000138,2026-05-28T11:46:43.412,2026-05-28T12:02:13.412,-930,424.0,-0.005060199
multimetro,,,,91.84397580000041,2026-05-28T11:46:43.628,2026-05-28T12:02:13.628,-930,425.0,-0.005060827
balanza,184.0,-20.51,,92.01324540000132,2026-05-28T11:46:43.799,2026-05-28T12:02:13.799,-930,,
multimetro,,,,92.05933410000034,2026-05-28T11:46:43.845,2026-05-28T12:02:13.845,-930,426.0,-0.005063518
multimetro,,,,92.27450169999975,2026-05-28T11:46:44.061,2026-05-28T12:02:14.061,-930,427.0,-0.005069925
multimetro,,,,92.48961570000029,2026-05-28T11:46:44.268,2026-05-28T12:02:14.268,-930,428.0,-0.005073182
balanza,185.0,-20.72,,92.51324050000039,2026-05-28T11:46:44.300,2026-05-28T12:02:14.300,-930,,
multimetro,,,,92.70485700000063,2026-05-28T11:46:44.488,2026-05-28T12:02:14.488,-930,429.0,-0.005076856
multimetro,,,,92.91978420000123,2026-05-28T11:46:44.702,2026-05-28T12:02:14.702,-930,430.0,-0.005079202
balanza,186.0,-20.97,,93.01331990000108,2026-05-28T11:46:44.796,2026-05-28T12:02:14.796,-930,,
multimetro,,,,93.13498559999971,2026-05-28T11:46:44.918,2026-05-28T12:02:14.918,-930,431.0,-0.005082562
multimetro,,,,93.3498950000012,2026-05-28T11:46:45.135,2026-05-28T12:02:15.135,-930,432.0,-0.005086572
balanza,187.0,-21.19,,93.51323589999993,2026-05-28T11:46:45.299,2026-05-28T12:02:15.299,-930,,
multimetro,,,,93.56504590000077,2026-05-28T11:46:45.351,2026-05-28T12:02:15.351,-930,433.0,-0.005087002
multimetro,,,,93.7801541000008,2026-05-28T11:46:45.562,2026-05-28T12:02:15.562,-930,434.0,-0.005090289
multimetro,,,,93.99525809999977,2026-05-28T11:46:45.778,2026-05-28T12:02:15.778,-930,435.0,-0.005089148
balanza,188.0,-21.44,,94.01358550000077,2026-05-28T11:46:45.799,2026-05-28T12:02:15.799,-930,,
multimetro,,,,94.21046070000011,2026-05-28T11:46:45.997,2026-05-28T12:02:15.997,-930,436.0,-0.005092959
multimetro,,,,94.42553840000073,2026-05-28T11:46:46.212,2026-05-28T12:02:16.212,-930,437.0,-0.005094414
balanza,189.0,-21.66,,94.51355669999975,2026-05-28T11:46:46.297,2026-05-28T12:02:16.297,-930,,
multimetro,,,,94.64058420000038,2026-05-28T11:46:46.418,2026-05-28T12:02:16.418,-930,438.0,-0.005096278
multimetro,,,,94.8559021000001,2026-05-28T11:46:46.635,2026-05-28T12:02:16.635,-930,439.0,-0.005100644
balanza,190.0,-21.64,,95.01365980000082,2026-05-28T11:46:46.800,2026-05-28T12:02:16.800,-930,,
multimetro,,,,95.07107420000102,2026-05-28T11:46:46.852,2026-05-28T12:02:16.852,-930,440.0,-0.005104769
multimetro,,,,95.28616750000037,2026-05-28T11:46:47.068,2026-05-28T12:02:17.068,-930,441.0,-0.005111354
multimetro,,,,95.50129089999973,2026-05-28T11:46:47.288,2026-05-28T12:02:17.288,-930,442.0,-0.005115333
balanza,191.0,-21.78,,95.51311330000135,2026-05-28T11:46:47.295,2026-05-28T12:02:17.295,-930,,
multimetro,,,,95.71635880000031,2026-05-28T11:46:47.503,2026-05-28T12:02:17.503,-930,443.0,-0.005118233
multimetro,,,,95.93148130000009,2026-05-28T11:46:47.718,2026-05-28T12:02:17.718,-930,444.0,-0.005118861
balanza,192.0,-22.14,,96.0137037000004,2026-05-28T11:46:47.796,2026-05-28T12:02:17.796,-930,,
multimetro,,,,96.14658280000003,2026-05-28T11:46:47.928,2026-05-28T12:02:17.928,-930,445.0,-0.005124525
multimetro,,,,96.36175370000092,2026-05-28T11:46:48.145,2026-05-28T12:02:18.145,-930,446.0,-0.005126483
balanza,193.0,-22.31,,96.51364110000031,2026-05-28T11:46:48.295,2026-05-28T12:02:18.295,-930,,
multimetro,,,,96.57686260000082,2026-05-28T11:46:48.363,2026-05-28T12:02:18.363,-930,447.0,-0.005129153
multimetro,,,,96.79208980000112,2026-05-28T11:46:48.578,2026-05-28T12:02:18.578,-930,448.0,-0.005129792
multimetro,,,,97.00734720000037,2026-05-28T11:46:48.787,2026-05-28T12:02:18.787,-930,449.0,-0.005133267
balanza,194.0,-22.64,,97.01363320000019,2026-05-28T11:46:48.799,2026-05-28T12:02:18.799,-930,,
multimetro,,,,97.2223111000003,2026-05-28T11:46:49.001,2026-05-28T12:02:19.001,-930,450.0,-0.005138555
multimetro,,,,97.43751900000098,2026-05-28T11:46:49.222,2026-05-28T12:02:19.222,-930,451.0,-0.005142177
balanza,195.0,-22.84,,97.51365059999989,2026-05-28T11:46:49.295,2026-05-28T12:02:19.295,-930,,
multimetro,,,,97.65269980000085,2026-05-28T11:46:49.439,2026-05-28T12:02:19.439,-930,452.0,-0.005145119
multimetro,,,,97.86777260000054,2026-05-28T11:46:49.654,2026-05-28T12:02:19.654,-930,453.0,-0.005146156
balanza,196.0,-23.05,,98.01366290000078,2026-05-28T11:46:49.795,2026-05-28T12:02:19.795,-930,,
multimetro,,,,98.0827332000008,2026-05-28T11:46:49.869,2026-05-28T12:02:19.869,-930,454.0,-0.005149182
multimetro,,,,98.29789619999974,2026-05-28T11:46:50.078,2026-05-28T12:02:20.078,-930,455.0,-0.005150553
multimetro,,,,98.51292950000061,2026-05-28T11:46:50.295,2026-05-28T12:02:20.295,-930,456.0,-0.005149045
balanza,197.0,-23.24,,98.51350860000093,2026-05-28T11:46:50.295,2026-05-28T12:02:20.295,-930,,
multimetro,,,,98.72811200000069,2026-05-28T11:46:50.512,2026-05-28T12:02:20.512,-930,457.0,-0.005155128
multimetro,,,,98.94317000000046,2026-05-28T11:46:50.722,2026-05-28T12:02:20.722,-930,458.0,-0.005158248
balanza,198.0,-23.16,,99.0135879999998,2026-05-28T11:46:50.795,2026-05-28T12:02:20.795,-930,,
multimetro,,,,99.15830559999995,2026-05-28T11:46:50.943,2026-05-28T12:02:20.943,-930,459.0,-0.005159431
multimetro,,,,99.37353059999987,2026-05-28T11:46:51.160,2026-05-28T12:02:21.160,-930,460.0,-0.00516318
balanza,199.0,-23.4,,99.51349350000055,2026-05-28T11:46:51.295,2026-05-28T12:02:21.295,-930,,
multimetro,,,,99.58866370000032,2026-05-28T11:46:51.372,2026-05-28T12:02:21.372,-930,461.0,-0.005168435
multimetro,,,,99.8039387000008,2026-05-28T11:46:51.585,2026-05-28T12:02:21.585,-930,462.0,-0.005170655
balanza,200.0,-23.65,,100.01350590000038,2026-05-28T11:46:51.799,2026-05-28T12:02:21.799,-930,,
multimetro,,,,100.01899630000116,2026-05-28T11:46:51.802,2026-05-28T12:02:21.802,-930,463.0,-0.005173702
multimetro,,,,100.2341049000006,2026-05-28T11:46:52.018,2026-05-28T12:02:22.018,-930,464.0,-0.00517701
multimetro,,,,100.44935430000078,2026-05-28T11:46:52.235,2026-05-28T12:02:22.235,-930,465.0,-0.005179344
balanza,201.0,-23.96,,100.51368120000006,2026-05-28T11:46:52.295,2026-05-28T12:02:22.295,-930,,
multimetro,,,,100.66452010000103,2026-05-28T11:46:52.451,2026-05-28T12:02:22.451,-930,466.0,-0.005182956
multimetro,,,,100.87942699999985,2026-05-28T11:46:52.666,2026-05-28T12:02:22.666,-930,467.0,-0.005185668
balanza,202.0,-24.04,,101.01354139999967,2026-05-28T11:46:52.795,2026-05-28T12:02:22.795,-930,,
multimetro,,,,101.09459020000031,2026-05-28T11:46:52.878,2026-05-28T12:02:22.878,-930,468.0,-0.005187029
multimetro,,,,101.30950240000129,2026-05-28T11:46:53.094,2026-05-28T12:02:23.094,-930,469.0,-0.005189353
balanza,203.0,-24.15,,101.51361689999976,2026-05-28T11:46:53.295,2026-05-28T12:02:23.295,-930,,
multimetro,,,,101.52477429999999,2026-05-28T11:46:53.311,2026-05-28T12:02:23.311,-930,470.0,-0.005191217
multimetro,,,,101.74001860000135,2026-05-28T11:46:53.526,2026-05-28T12:02:23.526,-930,471.0,-0.005193792
multimetro,,,,101.95510140000079,2026-05-28T11:46:53.735,2026-05-28T12:02:23.735,-930,472.0,-0.005197603
balanza,204.0,-24.41,,102.01320660000056,2026-05-28T11:46:53.796,2026-05-28T12:02:23.796,-930,,
multimetro,,,,102.17029300000104,2026-05-28T11:46:53.954,2026-05-28T12:02:23.954,-930,473.0,-0.005200231
multimetro,,,,102.38536139999997,2026-05-28T11:46:54.170,2026-05-28T12:02:24.170,-930,474.0,-0.005202639
balanza,205.0,-24.59,,102.51360030000069,2026-05-28T11:46:54.295,2026-05-28T12:02:24.295,-930,,
multimetro,,,,102.60065130000112,2026-05-28T11:46:54.385,2026-05-28T12:02:24.385,-930,475.0,-0.005206084
multimetro,,,,102.81563190000088,2026-05-28T11:46:54.602,2026-05-28T12:02:24.602,-930,476.0,-0.005208471
balanza,206.0,-24.84,,103.01374540000143,2026-05-28T11:46:54.795,2026-05-28T12:02:24.795,-930,,
multimetro,,,,103.03082560000075,2026-05-28T11:46:54.812,2026-05-28T12:02:24.812,-930,477.0,-0.005210648
multimetro,,,,103.24602810000033,2026-05-28T11:46:55.028,2026-05-28T12:02:25.028,-930,478.0,-0.005212418
multimetro,,,,103.46104900000137,2026-05-28T11:46:55.247,2026-05-28T12:02:25.247,-930,479.0,-0.005214815
balanza,207.0,-24.98,,103.51368530000036,2026-05-28T11:46:55.299,2026-05-28T12:02:25.299,-930,,
multimetro,,,,103.6760716000008,2026-05-28T11:46:55.454,2026-05-28T12:02:25.454,-930,480.0,-0.005217841
multimetro,,,,103.89121820000037,2026-05-28T11:46:55.678,2026-05-28T12:02:25.678,-930,481.0,-0.00522004
balanza,208.0,-25.17,,104.01362789999985,2026-05-28T11:46:55.795,2026-05-28T12:02:25.795,-930,,
multimetro,,,,104.10637570000108,2026-05-28T11:46:55.885,2026-05-28T12:02:25.885,-930,482.0,-0.005222772
multimetro,,,,104.3214394000006,2026-05-28T11:46:56.102,2026-05-28T12:02:26.102,-930,483.0,-0.005225641
balanza,209.0,-25.4,,104.51366870000129,2026-05-28T11:46:56.294,2026-05-28T12:02:26.294,-930,,
multimetro,,,,104.53663820000111,2026-05-28T11:46:56.318,2026-05-28T12:02:26.318,-930,484.0,-0.005228301
multimetro,,,,104.75171180000143,2026-05-28T11:46:56.535,2026-05-28T12:02:26.535,-930,485.0,-0.005229588
multimetro,,,,104.96693170000071,2026-05-28T11:46:56.754,2026-05-28T12:02:26.754,-930,486.0,-0.005232373
balanza,210.0,-25.6,,105.0131921000011,2026-05-28T11:46:56.795,2026-05-28T12:02:26.795,-930,,
multimetro,,,,105.18196950000129,2026-05-28T11:46:56.968,2026-05-28T12:02:26.968,-930,487.0,-0.005235797
multimetro,,,,105.39732820000063,2026-05-28T11:46:57.178,2026-05-28T12:02:27.178,-930,488.0,-0.005238435
balanza,211.0,-25.7,,105.51319540000077,2026-05-28T11:46:57.299,2026-05-28T12:02:27.299,-930,,
multimetro,,,,105.61238250000133,2026-05-28T11:46:57.399,2026-05-28T12:02:27.399,-930,489.0,-0.005240435
multimetro,,,,105.82748270000047,2026-05-28T11:46:57.611,2026-05-28T12:02:27.611,-930,490.0,-0.005241932
balanza,212.0,-25.9,,106.01358439999967,2026-05-28T11:46:57.795,2026-05-28T12:02:27.795,-930,,
multimetro,,,,106.04262650000055,2026-05-28T11:46:57.822,2026-05-28T12:02:27.822,-930,491.0,-0.005244372
multimetro,,,,106.25768390000121,2026-05-28T11:46:58.043,2026-05-28T12:02:28.043,-930,492.0,-0.005248015
multimetro,,,,106.47290489999978,2026-05-28T11:46:58.259,2026-05-28T12:02:28.259,-930,493.0,-0.005250779
balanza,213.0,-26.05,,106.51324100000056,2026-05-28T11:46:58.295,2026-05-28T12:02:28.295,-930,,
multimetro,,,,106.6879624000012,2026-05-28T11:46:58.472,2026-05-28T12:02:28.472,-930,494.0,-0.0052537
multimetro,,,,106.90317230000073,2026-05-28T11:46:58.685,2026-05-28T12:02:28.685,-930,495.0,-0.005255983
balanza,214.0,-26.22,,107.01364570000078,2026-05-28T11:46:58.799,2026-05-28T12:02:28.799,-930,,
multimetro,,,,107.11812740000096,2026-05-28T11:46:58.902,2026-05-28T12:02:28.902,-930,496.0,-0.005257993
multimetro,,,,107.33329920000142,2026-05-28T11:46:59.118,2026-05-28T12:02:29.118,-930,497.0,-0.0052595
balanza,215.0,-26.36,,107.51356080000005,2026-05-28T11:46:59.295,2026-05-28T12:02:29.295,-930,,
multimetro,,,,107.54833239999971,2026-05-28T11:46:59.335,2026-05-28T12:02:29.335,-930,498.0,-0.005261511
multimetro,,,,107.76352990000123,2026-05-28T11:46:59.549,2026-05-28T12:02:29.549,-930,499.0,-0.005264861
multimetro,,,,107.97856359999969,2026-05-28T11:46:59.765,2026-05-28T12:02:29.765,-930,500.0,-0.005267238
balanza,216.0,-26.6,,108.01318460000039,2026-05-28T11:46:59.799,2026-05-28T12:02:29.799,-930,,
multimetro,,,,108.19373160000032,2026-05-28T11:46:59.979,2026-05-28T12:02:29.979,-930,501.0,-0.00526974
multimetro,,,,108.4087739000006,2026-05-28T11:47:00.189,2026-05-28T12:02:30.189,-930,502.0,-0.005272504
balanza,217.0,-26.79,,108.51329460000125,2026-05-28T11:47:00.298,2026-05-28T12:02:30.298,-930,,
multimetro,,,,108.62390779999987,2026-05-28T11:47:00.401,2026-05-28T12:02:30.401,-930,503.0,-0.005274828
multimetro,,,,108.83916300000055,2026-05-28T11:47:00.618,2026-05-28T12:02:30.618,-930,504.0,-0.005277383
balanza,218.0,-27.02,,109.01356170000145,2026-05-28T11:47:00.794,2026-05-28T12:02:30.794,-930,,
multimetro,,,,109.05421510000087,2026-05-28T11:47:00.835,2026-05-28T12:02:30.835,-930,505.0,-0.00527956
multimetro,,,,109.26941960000113,2026-05-28T11:47:01.051,2026-05-28T12:02:31.051,-930,506.0,-0.005282146
multimetro,,,,109.48447620000115,2026-05-28T11:47:01.268,2026-05-28T12:02:31.268,-930,507.0,-0.005284544
balanza,219.0,-27.06,,109.51321129999997,2026-05-28T11:47:01.300,2026-05-28T12:02:31.300,-930,,
multimetro,,,,109.6996865000001,2026-05-28T11:47:01.485,2026-05-28T12:02:31.485,-930,508.0,-0.005287402
multimetro,,,,109.91471180000008,2026-05-28T11:47:01.701,2026-05-28T12:02:31.701,-930,509.0,-0.005291014
balanza,220.0,-27.36,,110.01365609999993,2026-05-28T11:47:01.794,2026-05-28T12:02:31.794,-930,,
multimetro,,,,110.12985120000121,2026-05-28T11:47:01.912,2026-05-28T12:02:31.912,-930,510.0,-0.005293799
multimetro,,,,110.34490410000035,2026-05-28T11:47:02.128,2026-05-28T12:02:32.128,-930,511.0,-0.005295914
balanza,221.0,-27.61,,110.51356690000102,2026-05-28T11:47:02.298,2026-05-28T12:02:32.298,-930,,
multimetro,,,,110.55999770000017,2026-05-28T11:47:02.345,2026-05-28T12:02:32.345,-930,512.0,-0.005298437
multimetro,,,,110.77514950000113,2026-05-28T11:47:02.561,2026-05-28T12:02:32.561,-930,513.0,-0.005301254
multimetro,,,,110.99054070000057,2026-05-28T11:47:02.770,2026-05-28T12:02:32.770,-930,514.0,-0.005303651
balanza,222.0,-27.71,,111.01354139999967,2026-05-28T11:47:02.799,2026-05-28T12:02:32.799,-930,,
multimetro,,,,111.20574839999972,2026-05-28T11:47:02.985,2026-05-28T12:02:32.985,-930,515.0,-0.005306185
multimetro,,,,111.42070030000104,2026-05-28T11:47:03.201,2026-05-28T12:02:33.201,-930,516.0,-0.005309483
balanza,223.0,-27.85,,111.51355730000068,2026-05-28T11:47:03.295,2026-05-28T12:02:33.295,-930,,
multimetro,,,,111.63580600000023,2026-05-28T11:47:03.418,2026-05-28T12:02:33.418,-930,517.0,-0.0053121
multimetro,,,,111.8507963000011,2026-05-28T11:47:03.637,2026-05-28T12:02:33.637,-930,518.0,-0.005315817
balanza,224.0,-28.05,,112.01350880000064,2026-05-28T11:47:03.794,2026-05-28T12:02:33.794,-930,,
multimetro,,,,112.06586340000104,2026-05-28T11:47:03.853,2026-05-28T12:02:33.853,-930,519.0,-0.005319335
multimetro,,,,112.28107480000108,2026-05-28T11:47:04.068,2026-05-28T12:02:34.068,-930,520.0,-0.005323355
multimetro,,,,112.49624539999968,2026-05-28T11:47:04.282,2026-05-28T12:02:34.282,-930,521.0,-0.005328507
balanza,225.0,-28.31,,112.51334620000125,2026-05-28T11:47:04.296,2026-05-28T12:02:34.296,-930,,
multimetro,,,,112.71129550000114,2026-05-28T11:47:04.498,2026-05-28T12:02:34.498,-930,522.0,-0.005333951
multimetro,,,,112.92648370000097,2026-05-28T11:47:04.711,2026-05-28T12:02:34.711,-930,523.0,-0.005339364
balanza,226.0,-28.45,,113.01374159999978,2026-05-28T11:47:04.798,2026-05-28T12:02:34.798,-930,,
multimetro,,,,113.14156580000054,2026-05-28T11:47:04.920,2026-05-28T12:02:34.920,-930,524.0,-0.005346473
multimetro,,,,113.3566823000001,2026-05-28T11:47:05.135,2026-05-28T12:02:35.135,-930,525.0,-0.005349718
balanza,227.0,-28.61,,113.51370920000045,2026-05-28T11:47:05.294,2026-05-28T12:02:35.294,-930,,
multimetro,,,,113.57189190000099,2026-05-28T11:47:05.359,2026-05-28T12:02:35.359,-930,526.0,-0.005353822
multimetro,,,,113.7872468000005,2026-05-28T11:47:05.568,2026-05-28T12:02:35.568,-930,527.0,-0.00535309
multimetro,,,,114.00243729999966,2026-05-28T11:47:05.787,2026-05-28T12:02:35.787,-930,528.0,-0.005353142
balanza,228.0,-28.7,,114.01358120000077,2026-05-28T11:47:05.798,2026-05-28T12:02:35.798,-930,,
multimetro,,,,114.21739380000145,2026-05-28T11:47:06.001,2026-05-28T12:02:36.001,-930,529.0,-0.005356199
multimetro,,,,114.4325899000014,2026-05-28T11:47:06.218,2026-05-28T12:02:36.218,-930,530.0,-0.005359099
balanza,229.0,-29.0,,114.51321290000124,2026-05-28T11:47:06.298,2026-05-28T12:02:36.298,-930,,
multimetro,,,,114.64761569999973,2026-05-28T11:47:06.434,2026-05-28T12:02:36.434,-930,531.0,-0.005363507
multimetro,,,,114.86271190000116,2026-05-28T11:47:06.645,2026-05-28T12:02:36.645,-930,532.0,-0.005367862
balanza,230.0,-29.2,,115.01365100000112,2026-05-28T11:47:06.795,2026-05-28T12:02:36.795,-930,,
multimetro,,,,115.07771120000143,2026-05-28T11:47:06.864,2026-05-28T12:02:36.864,-930,533.0,-0.005369192
multimetro,,,,115.29284700000062,2026-05-28T11:47:07.078,2026-05-28T12:02:37.078,-930,534.0,-0.005370155
multimetro,,,,115.50807650000024,2026-05-28T11:47:07.295,2026-05-28T12:02:37.295,-930,535.0,-0.005370155
balanza,231.0,-29.29,,115.5137236999999,2026-05-28T11:47:07.295,2026-05-28T12:02:37.295,-930,,
multimetro,,,,115.72313100000065,2026-05-28T11:47:07.501,2026-05-28T12:02:37.501,-930,536.0,-0.005375202
multimetro,,,,115.9383428000001,2026-05-28T11:47:07.718,2026-05-28T12:02:37.718,-930,537.0,-0.005377411
balanza,232.0,-29.62,,116.01367709999977,2026-05-28T11:47:07.799,2026-05-28T12:02:37.799,-930,,
multimetro,,,,116.15342310000051,2026-05-28T11:47:07.935,2026-05-28T12:02:37.935,-930,538.0,-0.005383232
multimetro,,,,116.36861610000051,2026-05-28T11:47:08.151,2026-05-28T12:02:38.151,-930,539.0,-0.005389305
balanza,233.0,-29.76,,116.51375089999965,2026-05-28T11:47:08.297,2026-05-28T12:02:38.297,-930,,
multimetro,,,,116.58379630000127,2026-05-28T11:47:08.368,2026-05-28T12:02:38.368,-930,540.0,-0.005391629
multimetro,,,,116.79889010000079,2026-05-28T11:47:08.586,2026-05-28T12:02:38.586,-930,541.0,-0.005394393
balanza,234.0,-29.93,,117.01324680000107,2026-05-28T11:47:08.799,2026-05-28T12:02:38.799,-930,,
multimetro,,,,117.01404270000057,2026-05-28T11:47:08.799,2026-05-28T12:02:38.799,-930,542.0,-0.005394152
multimetro,,,,117.22918019999997,2026-05-28T11:47:09.011,2026-05-28T12:02:39.011,-930,543.0,-0.005397795
multimetro,,,,117.44414169999982,2026-05-28T11:47:09.231,2026-05-28T12:02:39.231,-930,544.0,-0.005402863
balanza,235.0,-30.24,,117.51329260000057,2026-05-28T11:47:09.295,2026-05-28T12:02:39.295,-930,,
multimetro,,,,117.65925539999989,2026-05-28T11:47:09.444,2026-05-28T12:02:39.444,-930,545.0,-0.005405103
multimetro,,,,117.87440640000023,2026-05-28T11:47:09.651,2026-05-28T12:02:39.651,-930,546.0,-0.005407983
balanza,236.0,-30.36,,118.01366680000137,2026-05-28T11:47:09.794,2026-05-28T12:02:39.794,-930,,
multimetro,,,,118.08951770000021,2026-05-28T11:47:09.868,2026-05-28T12:02:39.868,-930,547.0,-0.005410223
multimetro,,,,118.30471700000089,2026-05-28T11:47:10.087,2026-05-28T12:02:40.087,-930,548.0,-0.005412485
balanza,237.0,-30.45,,118.5135848000009,2026-05-28T11:47:10.295,2026-05-28T12:02:40.295,-930,,
multimetro,,,,118.51991129999988,2026-05-28T11:47:10.305,2026-05-28T12:02:40.305,-930,549.0,-0.005415531
multimetro,,,,118.7349892000002,2026-05-28T11:47:10.518,2026-05-28T12:02:40.518,-930,550.0,-0.005417552
multimetro,,,,118.95006319999993,2026-05-28T11:47:10.735,2026-05-28T12:02:40.735,-930,551.0,-0.005420065
balanza,238.0,-30.7,,119.01351330000034,2026-05-28T11:47:10.794,2026-05-28T12:02:40.794,-930,,
multimetro,,,,119.1652111000003,2026-05-28T11:47:10.952,2026-05-28T12:02:40.952,-930,552.0,-0.005422399
multimetro,,,,119.38044040000023,2026-05-28T11:47:11.162,2026-05-28T12:02:41.162,-930,553.0,-0.00542464
balanza,239.0,-30.84,,119.51348990000042,2026-05-28T11:47:11.299,2026-05-28T12:02:41.299,-930,,
multimetro,,,,119.59552000000076,2026-05-28T11:47:11.382,2026-05-28T12:02:41.382,-930,554.0,-0.005427132
multimetro,,,,119.81072339999992,2026-05-28T11:47:11.594,2026-05-28T12:02:41.594,-930,555.0,-0.005429467
balanza,240.0,-31.08,,120.01355450000119,2026-05-28T11:47:11.794,2026-05-28T12:02:41.794,-930,,
multimetro,,,,120.03864989999965,2026-05-28T11:47:11.825,2026-05-28T12:02:41.825,-930,556.0,-0.005431278
multimetro,,,,120.25393470000017,2026-05-28T11:47:12.035,2026-05-28T12:02:42.035,-930,557.0,-0.005433571
multimetro,,,,120.46885880000082,2026-05-28T11:47:12.251,2026-05-28T12:02:42.251,-930,558.0,-0.005434324
balanza,241.0,-31.2,,120.51350629999979,2026-05-28T11:47:12.295,2026-05-28T12:02:42.295,-930,,
multimetro,,,,120.68425940000088,2026-05-28T11:47:12.468,2026-05-28T12:02:42.468,-930,559.0,-0.005437905
multimetro,,,,120.89933139999994,2026-05-28T11:47:12.685,2026-05-28T12:02:42.685,-930,560.0,-0.005440941
balanza,242.0,-31.48,,121.01365140000053,2026-05-28T11:47:12.795,2026-05-28T12:02:42.795,-930,,
multimetro,,,,121.11446640000031,2026-05-28T11:47:12.901,2026-05-28T12:02:42.901,-930,561.0,-0.005443538
multimetro,,,,121.32961450000039,2026-05-28T11:47:13.111,2026-05-28T12:02:43.111,-930,562.0,-0.005446239
balanza,243.0,-31.53,,121.51355560000047,2026-05-28T11:47:13.295,2026-05-28T12:02:43.295,-930,,
multimetro,,,,121.54474260000097,2026-05-28T11:47:13.328,2026-05-28T12:02:43.328,-930,563.0,-0.005448825
multimetro,,,,121.75980420000087,2026-05-28T11:47:13.545,2026-05-28T12:02:43.545,-930,564.0,-0.005451317
multimetro,,,,121.97494860000006,2026-05-28T11:47:13.761,2026-05-28T12:02:43.761,-930,565.0,-0.005453359
balanza,244.0,-31.74,,122.0136781000001,2026-05-28T11:47:13.795,2026-05-28T12:02:43.795,-930,,
multimetro,,,,122.19019010000011,2026-05-28T11:47:13.968,2026-05-28T12:02:43.968,-930,566.0,-0.005456091
multimetro,,,,122.40537310000036,2026-05-28T11:47:14.185,2026-05-28T12:02:44.185,-930,567.0,-0.005458374
balanza,245.0,-31.86,,122.51357749999988,2026-05-28T11:47:14.295,2026-05-28T12:02:44.295,-930,,
multimetro,,,,122.62059370000134,2026-05-28T11:47:14.401,2026-05-28T12:02:44.401,-930,568.0,-0.005460499
multimetro,,,,122.83564480000132,2026-05-28T11:47:14.618,2026-05-28T12:02:44.618,-930,569.0,-0.005462205
balanza,246.0,-32.01,,123.01359330000014,2026-05-28T11:47:14.799,2026-05-28T12:02:44.799,-930,,
multimetro,,,,123.05117620000055,2026-05-28T11:47:14.835,2026-05-28T12:02:44.835,-930,570.0,-0.005463755
multimetro,,,,123.26619779999965,2026-05-28T11:47:15.051,2026-05-28T12:02:45.051,-930,571.0,-0.005466707
multimetro,,,,123.4815896,2026-05-28T11:47:15.268,2026-05-28T12:02:45.268,-930,572.0,-0.005468571
balanza,247.0,-32.26,,123.51327850000052,2026-05-28T11:47:15.300,2026-05-28T12:02:45.300,-930,,
multimetro,,,,123.69654230000015,2026-05-28T11:47:15.478,2026-05-28T12:02:45.478,-930,573.0,-0.005469314
multimetro,,,,123.91166150000026,2026-05-28T11:47:15.698,2026-05-28T12:02:45.698,-930,574.0,-0.005472518
balanza,248.0,-32.55,,124.01358390000132,2026-05-28T11:47:15.798,2026-05-28T12:02:45.798,-930,,
multimetro,,,,124.12686850000136,2026-05-28T11:47:15.911,2026-05-28T12:02:45.911,-930,575.0,-0.005475146
multimetro,,,,124.34199830000034,2026-05-28T11:47:16.128,2026-05-28T12:02:46.128,-930,576.0,-0.005477408
balanza,249.0,-32.61,,124.51351849999992,2026-05-28T11:47:16.295,2026-05-28T12:02:46.295,-930,,
multimetro,,,,124.55715580000106,2026-05-28T11:47:16.335,2026-05-28T12:02:46.335,-930,577.0,-0.005479261
multimetro,,,,124.77220730000045,2026-05-28T11:47:16.556,2026-05-28T12:02:46.556,-930,578.0,-0.005481543
multimetro,,,,124.98741119999977,2026-05-28T11:47:16.768,2026-05-28T12:02:46.768,-930,579.0,-0.005483951
balanza,250.0,-32.78,,125.01329280000027,2026-05-28T11:47:16.800,2026-05-28T12:02:46.800,-930,,
multimetro,,,,125.20249140000124,2026-05-28T11:47:16.985,2026-05-28T12:02:46.985,-930,580.0,-0.005485616
multimetro,,,,125.41761510000106,2026-05-28T11:47:17.202,2026-05-28T12:02:47.202,-930,581.0,-0.005487982
balanza,251.0,-32.94,,125.51365530000112,2026-05-28T11:47:17.298,2026-05-28T12:02:47.298,-930,,
multimetro,,,,125.6326093000007,2026-05-28T11:47:17.418,2026-05-28T12:02:47.418,-930,582.0,-0.005490212
multimetro,,,,125.84773339999992,2026-05-28T11:47:17.634,2026-05-28T12:02:47.634,-930,583.0,-0.005492547
balanza,252.0,-33.16,,126.01368010000078,2026-05-28T11:47:17.798,2026-05-28T12:02:47.798,-930,,
multimetro,,,,126.06288719999975,2026-05-28T11:47:17.848,2026-05-28T12:02:47.848,-930,584.0,-0.005495269
multimetro,,,,126.27803700000004,2026-05-28T11:47:18.061,2026-05-28T12:02:48.061,-930,585.0,-0.005497792
multimetro,,,,126.49322650000067,2026-05-28T11:47:18.272,2026-05-28T12:02:48.272,-930,586.0,-0.005499823
balanza,253.0,-33.34,,126.51344220000101,2026-05-28T11:47:18.298,2026-05-28T12:02:48.298,-930,,
multimetro,,,,126.70822220000082,2026-05-28T11:47:18.495,2026-05-28T12:02:48.495,-930,587.0,-0.005502106
multimetro,,,,126.92351430000053,2026-05-28T11:47:18.704,2026-05-28T12:02:48.704,-930,588.0,-0.005504723
balanza,254.0,-33.58,,127.01348880000114,2026-05-28T11:47:18.798,2026-05-28T12:02:48.798,-930,,
multimetro,,,,127.13869400000112,2026-05-28T11:47:18.918,2026-05-28T12:02:48.918,-930,589.0,-0.005507121
multimetro,,,,127.35392350000075,2026-05-28T11:47:19.135,2026-05-28T12:02:49.135,-930,590.0,-0.005508984
balanza,255.0,-33.77,,127.51362450000124,2026-05-28T11:47:19.299,2026-05-28T12:02:49.299,-930,,
multimetro,,,,127.56894380000085,2026-05-28T11:47:19.356,2026-05-28T12:02:49.356,-930,591.0,-0.005511466
multimetro,,,,127.78402730000016,2026-05-28T11:47:19.568,2026-05-28T12:02:49.568,-930,592.0,-0.005513978
multimetro,,,,127.99919720000071,2026-05-28T11:47:19.785,2026-05-28T12:02:49.785,-930,593.0,-0.005516313
balanza,256.0,-33.97,,128.0134349,2026-05-28T11:47:19.800,2026-05-28T12:02:49.800,-930,,
multimetro,,,,128.2144199000013,2026-05-28T11:47:20.001,2026-05-28T12:02:50.001,-930,594.0,-0.005518973
multimetro,,,,128.42958940000062,2026-05-28T11:47:20.215,2026-05-28T12:02:50.215,-930,595.0,-0.005521339
balanza,257.0,-34.12,,128.51332850000108,2026-05-28T11:47:20.297,2026-05-28T12:02:50.297,-930,,
multimetro,,,,128.64467909999985,2026-05-28T11:47:20.428,2026-05-28T12:02:50.428,-930,596.0,-0.005523548
multimetro,,,,128.85982630000035,2026-05-28T11:47:20.645,2026-05-28T12:02:50.645,-930,597.0,-0.005525862
balanza,258.0,-34.41,,129.0136773000013,2026-05-28T11:47:20.794,2026-05-28T12:02:50.794,-930,,
multimetro,,,,129.0750293000001,2026-05-28T11:47:20.861,2026-05-28T12:02:50.861,-930,598.0,-0.005528291
multimetro,,,,129.2903182000009,2026-05-28T11:47:21.068,2026-05-28T12:02:51.068,-930,599.0,-0.005531254
multimetro,,,,129.50524890000088,2026-05-28T11:47:21.287,2026-05-28T12:02:51.287,-930,600.0,-0.005533693
balanza,259.0,-34.56,,129.51351120000072,2026-05-28T11:47:21.298,2026-05-28T12:02:51.298,-930,,
multimetro,,,,129.72054370000114,2026-05-28T11:47:21.501,2026-05-28T12:02:51.501,-930,601.0,-0.005535829
multimetro,,,,129.93549859999985,2026-05-28T11:47:21.718,2026-05-28T12:02:51.718,-930,602.0,-0.005539828
balanza,260.0,-34.82,,130.0137021999999,2026-05-28T11:47:21.799,2026-05-28T12:02:51.799,-930,,
multimetro,,,,130.15075700000125,2026-05-28T11:47:21.935,2026-05-28T12:02:51.935,-930,603.0,-0.005542383
multimetro,,,,130.36566790000143,2026-05-28T11:47:22.151,2026-05-28T12:02:52.151,-930,604.0,-0.005544948
balanza,261.0,-35.04,,130.5135140000002,2026-05-28T11:47:22.295,2026-05-28T12:02:52.295,-930,,
multimetro,,,,130.58088339999995,2026-05-28T11:47:22.368,2026-05-28T12:02:52.368,-930,605.0,-0.005547754
multimetro,,,,130.79585140000017,2026-05-28T11:47:22.578,2026-05-28T12:02:52.578,-930,606.0,-0.005550445
multimetro,,,,131.01087720000032,2026-05-28T11:47:22.797,2026-05-28T12:02:52.797,-930,607.0,-0.005552392
balanza,262.0,-35.22,,131.01364470000044,2026-05-28T11:47:22.799,2026-05-28T12:02:52.799,-930,,
multimetro,,,,131.22604769999998,2026-05-28T11:47:23.012,2026-05-28T12:02:53.012,-930,608.0,-0.00555502
multimetro,,,,131.4410779000009,2026-05-28T11:47:23.218,2026-05-28T12:02:53.218,-930,609.0,-0.00556082
balanza,263.0,-35.54,,131.51349800000025,2026-05-28T11:47:23.299,2026-05-28T12:02:53.299,-930,,
multimetro,,,,131.65628509999988,2026-05-28T11:47:23.435,2026-05-28T12:02:53.435,-930,610.0,-0.005566432
multimetro,,,,131.87153000000035,2026-05-28T11:47:23.651,2026-05-28T12:02:53.651,-930,611.0,-0.005570588
balanza,264.0,-35.64,,132.01349120000123,2026-05-28T11:47:23.794,2026-05-28T12:02:53.794,-930,,
multimetro,,,,132.08670370000073,2026-05-28T11:47:23.868,2026-05-28T12:02:53.868,-930,612.0,-0.00557397
multimetro,,,,132.30178350000097,2026-05-28T11:47:24.085,2026-05-28T12:02:54.085,-930,613.0,-0.005576996
balanza,265.0,-35.9,,132.51359520000005,2026-05-28T11:47:24.294,2026-05-28T12:02:54.294,-930,,
multimetro,,,,132.51703890000135,2026-05-28T11:47:24.301,2026-05-28T12:02:54.301,-930,614.0,-0.005579195
multimetro,,,,132.73197489999984,2026-05-28T11:47:24.519,2026-05-28T12:02:54.519,-930,615.0,-0.005581854
multimetro,,,,132.9471392000014,2026-05-28T11:47:24.728,2026-05-28T12:02:54.728,-930,616.0,-0.005583979
balanza,266.0,-36.16,,133.01374360000045,2026-05-28T11:47:24.799,2026-05-28T12:02:54.799,-930,,
multimetro,,,,133.1621812000012,2026-05-28T11:47:24.945,2026-05-28T12:02:54.945,-930,617.0,-0.005586921
multimetro,,,,133.37725890000002,2026-05-28T11:47:25.163,2026-05-28T12:02:55.163,-930,618.0,-0.005589895
balanza,267.0,-36.44,,133.51357129999997,2026-05-28T11:47:25.299,2026-05-28T12:02:55.299,-930,,
multimetro,,,,133.5923246000002,2026-05-28T11:47:25.378,2026-05-28T12:02:55.378,-930,619.0,-0.005592701
multimetro,,,,133.80732720000015,2026-05-28T11:47:25.587,2026-05-28T12:02:55.587,-930,620.0,-0.005595538
balanza,268.0,-36.61,,134.01367270000082,2026-05-28T11:47:25.794,2026-05-28T12:02:55.794,-930,,
multimetro,,,,134.02255669999977,2026-05-28T11:47:25.809,2026-05-28T12:02:55.809,-930,621.0,-0.005598082
multimetro,,,,134.23758780000026,2026-05-28T11:47:26.024,2026-05-28T12:02:56.024,-930,622.0,-0.005600794
multimetro,,,,134.45263270000032,2026-05-28T11:47:26.239,2026-05-28T12:02:56.239,-930,623.0,-0.005603956
balanza,269.0,-36.96,,134.51365280000027,2026-05-28T11:47:26.294,2026-05-28T12:02:56.294,-930,,
multimetro,,,,134.66769150000073,2026-05-28T11:47:26.454,2026-05-28T12:02:56.454,-930,624.0,-0.005607107
multimetro,,,,134.8827992000006,2026-05-28T11:47:26.669,2026-05-28T12:02:56.669,-930,625.0,-0.005610091
balanza,270.0,-37.16,,135.01345220000076,2026-05-28T11:47:26.794,2026-05-28T12:02:56.794,-930,,
multimetro,,,,135.09785550000015,2026-05-28T11:47:26.884,2026-05-28T12:02:56.884,-930,626.0,-0.005613473
multimetro,,,,135.31317280000076,2026-05-28T11:47:27.095,2026-05-28T12:02:57.095,-930,627.0,-0.005617001
balanza,271.0,-37.36,,135.51356060000035,2026-05-28T11:47:27.294,2026-05-28T12:02:57.294,-930,,
multimetro,,,,135.52807770000072,2026-05-28T11:47:27.315,2026-05-28T12:02:57.315,-930,628.0,-0.005620571
multimetro,,,,135.74321729999974,2026-05-28T11:47:27.522,2026-05-28T12:02:57.522,-930,629.0,-0.00562367
multimetro,,,,135.95827950000057,2026-05-28T11:47:27.745,2026-05-28T12:02:57.745,-930,630.0,-0.005627335
balanza,272.0,-37.65,,136.01348140000118,2026-05-28T11:47:27.795,2026-05-28T12:02:57.795,-930,,
multimetro,,,,136.1734006000006,2026-05-28T11:47:27.953,2026-05-28T12:02:57.953,-930,631.0,-0.005630591
multimetro,,,,136.3886207000014,2026-05-28T11:47:28.168,2026-05-28T12:02:58.168,-930,632.0,-0.005633962
balanza,273.0,-38.04,,136.51362270000027,2026-05-28T11:47:28.294,2026-05-28T12:02:58.294,-930,,
multimetro,,,,136.60382329999993,2026-05-28T11:47:28.387,2026-05-28T12:02:58.387,-930,633.0,-0.005636611
multimetro,,,,136.8189594000014,2026-05-28T11:47:28.601,2026-05-28T12:02:58.601,-930,634.0,-0.005640526
balanza,274.0,-38.25,,137.0135177000011,2026-05-28T11:47:28.798,2026-05-28T12:02:58.798,-930,,
multimetro,,,,137.03408050000144,2026-05-28T11:47:28.818,2026-05-28T12:02:58.818,-930,635.0,-0.005644526
multimetro,,,,137.2492930999997,2026-05-28T11:47:29.035,2026-05-28T12:02:59.035,-930,636.0,-0.005648923
multimetro,,,,137.46441620000041,2026-05-28T11:47:29.251,2026-05-28T12:02:59.251,-930,637.0,-0.005652954
balanza,275.0,-38.72,,137.51321559999997,2026-05-28T11:47:29.295,2026-05-28T12:02:59.295,-930,,
multimetro,,,,137.67959300000075,2026-05-28T11:47:29.464,2026-05-28T12:02:59.464,-930,638.0,-0.005657467
multimetro,,,,137.89453150000008,2026-05-28T11:47:29.678,2026-05-28T12:02:59.678,-930,639.0,-0.005662649
balanza,276.0,-39.01,,138.0135373000012,2026-05-28T11:47:29.795,2026-05-28T12:02:59.795,-930,,
multimetro,,,,138.1097320000008,2026-05-28T11:47:29.896,2026-05-28T12:02:59.896,-930,640.0,-0.005669161
multimetro,,,,138.32470319999993,2026-05-28T11:47:30.111,2026-05-28T12:03:00.111,-930,641.0,-0.005676542
balanza,277.0,-39.04,,138.51341700000012,2026-05-28T11:47:30.296,2026-05-28T12:03:00.296,-930,,
multimetro,,,,138.53981110000132,2026-05-28T11:47:30.318,2026-05-28T12:03:00.318,-930,642.0,-0.005684321
multimetro,,,,138.75487650000105,2026-05-28T11:47:30.535,2026-05-28T12:03:00.535,-930,643.0,-0.005698215
multimetro,,,,138.96981550000055,2026-05-28T11:47:30.751,2026-05-28T12:03:00.751,-930,644.0,-0.005716568
balanza,278.0,-39.16,,139.01351670000076,2026-05-28T11:47:30.798,2026-05-28T12:03:00.798,-930,,
multimetro,,,,139.18500140000106,2026-05-28T11:47:30.968,2026-05-28T12:03:00.968,-930,645.0,-0.005740722
multimetro,,,,139.39999510000052,2026-05-28T11:47:31.185,2026-05-28T12:03:01.185,-930,646.0,-0.005764918
balanza,279.0,-39.68,,139.5136121000014,2026-05-28T11:47:31.294,2026-05-28T12:03:01.294,-930,,
multimetro,,,,139.61508959999992,2026-05-28T11:47:31.401,2026-05-28T12:03:01.401,-930,647.0,-0.00578436
multimetro,,,,139.8301148999999,2026-05-28T11:47:31.611,2026-05-28T12:03:01.611,-930,648.0,-0.005799824
balanza,280.0,-40.95,,140.0132647999999,2026-05-28T11:47:31.799,2026-05-28T12:03:01.799,-930,,
multimetro,,,,140.04528899999968,2026-05-28T11:47:31.828,2026-05-28T12:03:01.828,-930,649.0,-0.005811257
multimetro,,,,140.2604635000007,2026-05-28T11:47:32.047,2026-05-28T12:03:02.047,-930,650.0,-0.005820564
multimetro,,,,140.47559590000128,2026-05-28T11:47:32.261,2026-05-28T12:03:02.261,-930,651.0,-0.005828762
balanza,281.0,-43.46,,140.51314770000135,2026-05-28T11:47:32.300,2026-05-28T12:03:02.300,-930,,
multimetro,,,,140.69052610000108,2026-05-28T11:47:32.470,2026-05-28T12:03:02.470,-930,652.0,-0.005835505
multimetro,,,,140.90583340000012,2026-05-28T11:47:32.685,2026-05-28T12:03:02.685,-930,653.0,-0.005841117
balanza,282.0,-44.81,,141.01345890000084,2026-05-28T11:47:32.794,2026-05-28T12:03:02.794,-930,,
multimetro,,,,141.1207675000005,2026-05-28T11:47:32.907,2026-05-28T12:03:02.907,-930,654.0,-0.005845807
multimetro,,,,141.33590040000126,2026-05-28T11:47:33.118,2026-05-28T12:03:03.118,-930,655.0,-0.0058481
balanza,283.0,-46.23,,141.51360290000048,2026-05-28T11:47:33.294,2026-05-28T12:03:03.294,-930,,
multimetro,,,,141.55105300000105,2026-05-28T11:47:33.335,2026-05-28T12:03:03.335,-930,656.0,-0.005850424
multimetro,,,,141.7661078000001,2026-05-28T11:47:33.553,2026-05-28T12:03:03.553,-930,657.0,-0.005853973
multimetro,,,,141.9813236000009,2026-05-28T11:47:33.768,2026-05-28T12:03:03.768,-930,658.0,-0.005857826
balanza,284.0,-47.05,,142.01358129999971,2026-05-28T11:47:33.800,2026-05-28T12:03:03.800,-930,,
multimetro,,,,142.1964337999998,2026-05-28T11:47:33.978,2026-05-28T12:03:03.978,-930,659.0,-0.005860925
multimetro,,,,142.41159080000034,2026-05-28T11:47:34.198,2026-05-28T12:03:04.198,-930,660.0,-0.005863407
balanza,285.0,-46.64,,142.51359950000005,2026-05-28T11:47:34.295,2026-05-28T12:03:04.295,-930,,
multimetro,,,,142.62663070000053,2026-05-28T11:47:34.413,2026-05-28T12:03:04.413,-930,661.0,-0.005865208
multimetro,,,,142.84184660000028,2026-05-28T11:47:34.622,2026-05-28T12:03:04.622,-930,662.0,-0.00586683
balanza,286.0,-46.75,,143.01339230000121,2026-05-28T11:47:34.795,2026-05-28T12:03:04.795,-930,,
multimetro,,,,143.0570604000004,2026-05-28T11:47:34.835,2026-05-28T12:03:04.835,-930,663.0,-0.005868547
multimetro,,,,143.27211290000014,2026-05-28T11:47:35.052,2026-05-28T12:03:05.052,-930,664.0,-0.005869929
multimetro,,,,143.48718759999974,2026-05-28T11:47:35.268,2026-05-28T12:03:05.268,-930,665.0,-0.005870997
balanza,287.0,-46.7,,143.51357550000102,2026-05-28T11:47:35.300,2026-05-28T12:03:05.300,-930,,
multimetro,,,,143.70248830000128,2026-05-28T11:47:35.485,2026-05-28T12:03:05.485,-930,666.0,-0.005872013
multimetro,,,,143.9177252999998,2026-05-28T11:47:35.701,2026-05-28T12:03:05.701,-930,667.0,-0.005873196
balanza,288.0,-46.65,,144.0136462999999,2026-05-28T11:47:35.798,2026-05-28T12:03:05.798,-930,,
multimetro,,,,144.13270680000096,2026-05-28T11:47:35.918,2026-05-28T12:03:05.918,-930,668.0,-0.005874159
multimetro,,,,144.3477812000001,2026-05-28T11:47:36.134,2026-05-28T12:03:06.134,-930,669.0,-0.005874892
balanza,289.0,-46.29,,144.5132107999998,2026-05-28T11:47:36.294,2026-05-28T12:03:06.294,-930,,
multimetro,,,,144.56303760000083,2026-05-28T11:47:36.348,2026-05-28T12:03:06.348,-930,670.0,-0.005875709
multimetro,,,,144.77826060000007,2026-05-28T11:47:36.561,2026-05-28T12:03:06.561,-930,671.0,-0.005876264
multimetro,,,,144.99318289999974,2026-05-28T11:47:36.778,2026-05-28T12:03:06.778,-930,672.0,-0.005876745
balanza,290.0,-46.33,,145.01350679999996,2026-05-28T11:47:36.799,2026-05-28T12:03:06.799,-930,,
multimetro,,,,145.2082545000012,2026-05-28T11:47:36.994,2026-05-28T12:03:06.994,-930,673.0,-0.005877112
multimetro,,,,145.42339080000056,2026-05-28T11:47:37.201,2026-05-28T12:03:07.201,-930,674.0,-0.005877667
balanza,291.0,-46.52,,145.51359050000065,2026-05-28T11:47:37.294,2026-05-28T12:03:07.294,-930,,
multimetro,,,,145.63851070000055,2026-05-28T11:47:37.418,2026-05-28T12:03:07.418,-930,675.0,-0.005878211
multimetro,,,,145.8537054999997,2026-05-28T11:47:37.635,2026-05-28T12:03:07.635,-930,676.0,-0.005878703
balanza,292.0,-46.3,,146.01366770000095,2026-05-28T11:47:37.798,2026-05-28T12:03:07.798,-930,,
multimetro,,,,146.06891019999966,2026-05-28T11:47:37.851,2026-05-28T12:03:07.851,-930,677.0,-0.005878944
multimetro,,,,146.2841251000009,2026-05-28T11:47:38.068,2026-05-28T12:03:08.068,-930,678.0,-0.005879164
multimetro,,,,146.49939369999993,2026-05-28T11:47:38.285,2026-05-28T12:03:08.285,-930,679.0,-0.005879206
balanza,293.0,-46.33,,146.51358869999967,2026-05-28T11:47:38.298,2026-05-28T12:03:08.298,-930,,
multimetro,,,,146.7145240000009,2026-05-28T11:47:38.501,2026-05-28T12:03:08.501,-930,680.0,-0.005879258
multimetro,,,,146.92949039999985,2026-05-28T11:47:38.711,2026-05-28T12:03:08.711,-930,681.0,-0.00587953
balanza,294.0,-46.32,,147.01360110000132,2026-05-28T11:47:38.794,2026-05-28T12:03:08.794,-930,,
multimetro,,,,147.14456150000115,2026-05-28T11:47:38.928,2026-05-28T12:03:08.928,-930,682.0,-0.005879583
multimetro,,,,147.3596051000004,2026-05-28T11:47:39.145,2026-05-28T12:03:09.145,-930,683.0,-0.005879907
balanza,295.0,-46.25,,147.51355330000115,2026-05-28T11:47:39.294,2026-05-28T12:03:09.294,-930,,
multimetro,,,,147.5747836999999,2026-05-28T11:47:39.361,2026-05-28T12:03:09.361,-930,684.0,-0.005879959
multimetro,,,,147.78983320000043,2026-05-28T11:47:39.568,2026-05-28T12:03:09.568,-930,685.0,-0.005880096
multimetro,,,,148.00491610000063,2026-05-28T11:47:39.787,2026-05-28T12:03:09.787,-930,686.0,-0.005879886
balanza,296.0,-46.32,,148.01359130000128,2026-05-28T11:47:39.794,2026-05-28T12:03:09.794,-930,,
multimetro,,,,148.2199567000007,2026-05-28T11:47:40.001,2026-05-28T12:03:10.001,-930,687.0,-0.005879886
multimetro,,,,148.43514210000103,2026-05-28T11:47:40.218,2026-05-28T12:03:10.218,-930,688.0,-0.005880127
balanza,297.0,-46.19,,148.51348430000144,2026-05-28T11:47:40.294,2026-05-28T12:03:10.294,-930,,
multimetro,,,,148.65046489999986,2026-05-28T11:47:40.437,2026-05-28T12:03:10.437,-930,689.0,-0.005880294
multimetro,,,,148.86556790000031,2026-05-28T11:47:40.652,2026-05-28T12:03:10.652,-930,690.0,-0.005880336
balanza,298.0,-46.24,,149.01339999999982,2026-05-28T11:47:40.795,2026-05-28T12:03:10.795,-930,,
multimetro,,,,149.0807316999999,2026-05-28T11:47:40.868,2026-05-28T12:03:10.868,-930,691.0,-0.005880441
multimetro,,,,149.29572580000058,2026-05-28T11:47:41.078,2026-05-28T12:03:11.078,-930,692.0,-0.005880619
multimetro,,,,149.51076840000133,2026-05-28T11:47:41.297,2026-05-28T12:03:11.297,-930,693.0,-0.005880609
balanza,299.0,-46.25,,149.5136562000007,2026-05-28T11:47:41.298,2026-05-28T12:03:11.298,-930,,
multimetro,,,,149.72598730000027,2026-05-28T11:47:41.512,2026-05-28T12:03:11.512,-930,694.0,-0.005880661
multimetro,,,,149.941243700001,2026-05-28T11:47:41.728,2026-05-28T12:03:11.728,-930,695.0,-0.005880368
balanza,300.0,-46.19,,150.01377239999965,2026-05-28T11:47:41.794,2026-05-28T12:03:11.794,-930,,
multimetro,,,,150.15621459999966,2026-05-28T11:47:41.935,2026-05-28T12:03:11.935,-930,696.0,-0.005880452
multimetro,,,,150.37135740000122,2026-05-28T11:47:42.158,2026-05-28T12:03:12.158,-930,697.0,-0.005880546
balanza,301.0,-46.28,,150.51354429999992,2026-05-28T11:47:42.295,2026-05-28T12:03:12.295,-930,,
multimetro,,,,150.5863629000014,2026-05-28T11:47:42.372,2026-05-28T12:03:12.372,-930,698.0,-0.005880682
multimetro,,,,150.80148050000025,2026-05-28T11:47:42.588,2026-05-28T12:03:12.588,-930,699.0,-0.005880682
balanza,302.0,-46.29,,151.01340730000084,2026-05-28T11:47:42.795,2026-05-28T12:03:12.795,-930,,
multimetro,,,,151.0166743000009,2026-05-28T11:47:42.803,2026-05-28T12:03:12.803,-930,700.0,-0.005880776
multimetro,,,,151.23176870000134,2026-05-28T11:47:43.018,2026-05-28T12:03:13.018,-930,701.0,-0.00588087
multimetro,,,,151.4470084000004,2026-05-28T11:47:43.228,2026-05-28T12:03:13.228,-930,702.0,-0.005881048
balanza,303.0,-46.22,,151.51370320000024,2026-05-28T11:47:43.295,2026-05-28T12:03:13.295,-930,,
multimetro,,,,151.66210359999968,2026-05-28T11:47:43.443,2026-05-28T12:03:13.443,-930,703.0,-0.005881059
multimetro,,,,151.87729130000116,2026-05-28T11:47:43.660,2026-05-28T12:03:13.660,-930,704.0,-0.005881268
balanza,304.0,-46.26,,152.01353070000005,2026-05-28T11:47:43.794,2026-05-28T12:03:13.794,-930,,
multimetro,,,,152.09239020000132,2026-05-28T11:47:43.875,2026-05-28T12:03:13.875,-930,705.0,-0.005881279
multimetro,,,,152.30751059999966,2026-05-28T11:47:44.085,2026-05-28T12:03:14.085,-930,706.0,-0.005881509
balanza,305.0,-46.19,,152.51354569999967,2026-05-28T11:47:44.298,2026-05-28T12:03:14.298,-930,,
multimetro,,,,152.52254560000074,2026-05-28T11:47:44.301,2026-05-28T12:03:14.301,-930,707.0,-0.00588153
multimetro,,,,152.73767490000137,2026-05-28T11:47:44.522,2026-05-28T12:03:14.522,-930,708.0,-0.005881478
multimetro,,,,152.95272120000118,2026-05-28T11:47:44.739,2026-05-28T12:03:14.739,-930,709.0,-0.005881572
balanza,306.0,-46.28,,153.0136677999999,2026-05-28T11:47:44.794,2026-05-28T12:03:14.794,-930,,
multimetro,,,,153.16782200000125,2026-05-28T11:47:44.954,2026-05-28T12:03:14.954,-930,710.0,-0.005881729
multimetro,,,,153.38290010000128,2026-05-28T11:47:45.169,2026-05-28T12:03:15.169,-930,711.0,-0.005882053
balanza,307.0,-46.17,,153.51368680000087,2026-05-28T11:47:45.294,2026-05-28T12:03:15.294,-930,,
multimetro,,,,153.59783179999977,2026-05-28T11:47:45.384,2026-05-28T12:03:15.384,-930,712.0,-0.005881854
multimetro,,,,153.81287970000085,2026-05-28T11:47:45.599,2026-05-28T12:03:15.599,-930,713.0,-0.005882221
balanza,308.0,-46.29,,154.01353139999992,2026-05-28T11:47:45.795,2026-05-28T12:03:15.795,-930,,
multimetro,,,,154.02803800000038,2026-05-28T11:47:45.805,2026-05-28T12:03:15.805,-930,714.0,-0.005882231
multimetro,,,,154.24338140000145,2026-05-28T11:47:46.023,2026-05-28T12:03:16.023,-930,715.0,-0.005882137
multimetro,,,,154.45824100000027,2026-05-28T11:47:46.245,2026-05-28T12:03:16.245,-930,716.0,-0.005882169
balanza,309.0,-46.28,,154.51357800000005,2026-05-28T11:47:46.295,2026-05-28T12:03:16.295,-930,,
multimetro,,,,154.6733466000005,2026-05-28T11:47:46.454,2026-05-28T12:03:16.454,-930,717.0,-0.005882148
multimetro,,,,154.88849710000068,2026-05-28T11:47:46.672,2026-05-28T12:03:16.672,-930,718.0,-0.0058822
balanza,310.0,-46.25,,155.01354429999992,2026-05-28T11:47:46.797,2026-05-28T12:03:16.797,-930,,
multimetro,,,,155.10362010000063,2026-05-28T11:47:46.885,2026-05-28T12:03:16.885,-930,719.0,-0.005882441
multimetro,,,,155.31869430000006,2026-05-28T11:47:47.101,2026-05-28T12:03:17.101,-930,720.0,-0.005882273
balanza,311.0,-46.19,,155.51349430000118,2026-05-28T11:47:47.299,2026-05-28T12:03:17.299,-930,,
multimetro,,,,155.5337778000012,2026-05-28T11:47:47.320,2026-05-28T12:03:17.320,-930,721.0,-0.0058822
multimetro,,,,155.74884569999995,2026-05-28T11:47:47.535,2026-05-28T12:03:17.535,-930,722.0,-0.005882273
multimetro,,,,155.96399610000117,2026-05-28T11:47:47.745,2026-05-28T12:03:17.745,-930,723.0,-0.005882378
balanza,312.0,-46.25,,156.01355169999988,2026-05-28T11:47:47.795,2026-05-28T12:03:17.795,-930,,
multimetro,,,,156.17918420000024,2026-05-28T11:47:47.963,2026-05-28T12:03:17.963,-930,724.0,-0.005882284
multimetro,,,,156.39426920000005,2026-05-28T11:47:48.178,2026-05-28T12:03:18.178,-930,725.0,-0.005882525
balanza,313.0,-46.23,,156.51354429999992,2026-05-28T11:47:48.295,2026-05-28T12:03:18.295,-930,,
multimetro,,,,156.60948970000027,2026-05-28T11:47:48.387,2026-05-28T12:03:18.387,-930,726.0,-0.005882441
multimetro,,,,156.82465090000005,2026-05-28T11:47:48.611,2026-05-28T12:03:18.611,-930,727.0,-0.00588242
balanza,314.0,-46.23,,157.0135994000011,2026-05-28T11:47:48.799,2026-05-28T12:03:18.799,-930,,
multimetro,,,,157.03989510000065,2026-05-28T11:47:48.826,2026-05-28T12:03:18.826,-930,728.0,-0.005882504
multimetro,,,,157.25484400000096,2026-05-28T11:47:49.035,2026-05-28T12:03:19.035,-930,729.0,-0.005882671
multimetro,,,,157.4699756000009,2026-05-28T11:47:49.257,2026-05-28T12:03:19.257,-930,730.0,-0.005882661
balanza,315.0,-46.27,,157.51359100000082,2026-05-28T11:47:49.294,2026-05-28T12:03:19.294,-930,,
multimetro,,,,157.6850832,2026-05-28T11:47:49.470,2026-05-28T12:03:19.470,-930,731.0,-0.005882755
multimetro,,,,157.90015719999974,2026-05-28T11:47:49.685,2026-05-28T12:03:19.685,-930,732.0,-0.005882483
balanza,316.0,-46.28,,158.0136781000001,2026-05-28T11:47:49.794,2026-05-28T12:03:19.794,-930,,
multimetro,,,,158.11526670000057,2026-05-28T11:47:49.901,2026-05-28T12:03:19.901,-930,733.0,-0.005882566
multimetro,,,,158.33040880000044,2026-05-28T11:47:50.111,2026-05-28T12:03:20.111,-930,734.0,-0.005882472
balanza,317.0,-46.22,,158.51356140000098,2026-05-28T11:47:50.294,2026-05-28T12:03:20.294,-930,,
multimetro,,,,158.5455707000001,2026-05-28T11:47:50.332,2026-05-28T12:03:20.332,-930,735.0,-0.00588264
multimetro,,,,158.76062850000017,2026-05-28T11:47:50.545,2026-05-28T12:03:20.545,-930,736.0,-0.005882682
multimetro,,,,158.97572330000003,2026-05-28T11:47:50.762,2026-05-28T12:03:20.762,-930,737.0,-0.005882786
balanza,318.0,-46.27,,159.01328660000036,2026-05-28T11:47:50.795,2026-05-28T12:03:20.795,-930,,
multimetro,,,,159.19083219999993,2026-05-28T11:47:50.968,2026-05-28T12:03:20.968,-930,738.0,-0.005882818
multimetro,,,,159.40584149999995,2026-05-28T11:47:51.192,2026-05-28T12:03:21.192,-930,739.0,-0.005882954
balanza,319.0,-46.21,,159.51354429999992,2026-05-28T11:47:51.300,2026-05-28T12:03:21.300,-930,,
multimetro,,,,159.6207800000011,2026-05-28T11:47:51.407,2026-05-28T12:03:21.407,-930,740.0,-0.005882713
multimetro,,,,159.8359999000004,2026-05-28T11:47:51.622,2026-05-28T12:03:21.622,-930,741.0,-0.005882818
balanza,320.0,-46.19,,160.0133808999999,2026-05-28T11:47:51.798,2026-05-28T12:03:21.798,-930,,
multimetro,,,,160.05093380000108,2026-05-28T11:47:51.837,2026-05-28T12:03:21.837,-930,742.0,-0.005882765
multimetro,,,,160.26611990000129,2026-05-28T11:47:52.051,2026-05-28T12:03:22.051,-930,743.0,-0.00588286
multimetro,,,,160.48126690000026,2026-05-28T11:47:52.268,2026-05-28T12:03:22.268,-930,744.0,-0.005882954
balanza,321.0,-46.25,,160.51341560000037,2026-05-28T11:47:52.300,2026-05-28T12:03:22.300,-930,,
multimetro,,,,160.6964738000006,2026-05-28T11:47:52.478,2026-05-28T12:03:22.478,-930,745.0,-0.005882996
multimetro,,,,160.91151750000063,2026-05-28T11:47:52.698,2026-05-28T12:03:22.698,-930,746.0,-0.005883038
balanza,322.0,-46.19,,161.01326380000137,2026-05-28T11:47:52.798,2026-05-28T12:03:22.798,-930,,
multimetro,,,,161.1266599999999,2026-05-28T11:47:52.913,2026-05-28T12:03:22.913,-930,747.0,-0.005882964
multimetro,,,,161.34185030000117,2026-05-28T11:47:53.128,2026-05-28T12:03:23.128,-930,748.0,-0.005882901
balanza,323.0,-46.2,,161.51377239999965,2026-05-28T11:47:53.297,2026-05-28T12:03:23.297,-930,,
multimetro,,,,161.55698350000057,2026-05-28T11:47:53.335,2026-05-28T12:03:23.335,-930,749.0,-0.005882912
multimetro,,,,161.77214679999997,2026-05-28T11:47:53.552,2026-05-28T12:03:23.552,-930,750.0,-0.005882964
multimetro,,,,161.98722220000127,2026-05-28T11:47:53.768,2026-05-28T12:03:23.768,-930,751.0,-0.005883079
balanza,324.0,-46.24,,162.01345820000097,2026-05-28T11:47:53.800,2026-05-28T12:03:23.800,-930,,
multimetro,,,,162.20242030000009,2026-05-28T11:47:53.985,2026-05-28T12:03:23.985,-930,752.0,-0.005883058
multimetro,,,,162.41733310000018,2026-05-28T11:47:54.201,2026-05-28T12:03:24.201,-930,753.0,-0.005883132
balanza,325.0,-46.16,,162.51354850000098,2026-05-28T11:47:54.294,2026-05-28T12:03:24.294,-930,,
multimetro,,,,162.6326420000005,2026-05-28T11:47:54.418,2026-05-28T12:03:24.418,-930,754.0,-0.005883446
multimetro,,,,162.8474935000013,2026-05-28T11:47:54.634,2026-05-28T12:03:24.634,-930,755.0,-0.005883153
balanza,326.0,-46.18,,163.01339410000037,2026-05-28T11:47:54.798,2026-05-28T12:03:24.798,-930,,
multimetro,,,,163.06268160000036,2026-05-28T11:47:54.844,2026-05-28T12:03:24.844,-930,756.0,-0.005883278
multimetro,,,,163.27773060000072,2026-05-28T11:47:55.064,2026-05-28T12:03:25.064,-930,757.0,-0.005883153
multimetro,,,,163.49281060000067,2026-05-28T11:47:55.278,2026-05-28T12:03:25.278,-930,758.0,-0.005883247
balanza,327.0,-46.21,,163.5135277999998,2026-05-28T11:47:55.298,2026-05-28T12:03:25.298,-930,,
multimetro,,,,163.70811669999966,2026-05-28T11:47:55.495,2026-05-28T12:03:25.495,-930,759.0,-0.005883184
multimetro,,,,163.92307710000023,2026-05-28T11:47:55.708,2026-05-28T12:03:25.708,-930,760.0,-0.00588309
balanza,328.0,-46.24,,164.01342020000084,2026-05-28T11:47:55.794,2026-05-28T12:03:25.794,-930,,
multimetro,,,,164.1382265000011,2026-05-28T11:47:55.918,2026-05-28T12:03:25.918,-930,761.0,-0.005883488
multimetro,,,,164.35320690000117,2026-05-28T11:47:56.135,2026-05-28T12:03:26.135,-930,762.0,-0.005883456
balanza,329.0,-46.19,,164.51360510000086,2026-05-28T11:47:56.295,2026-05-28T12:03:26.295,-930,,
multimetro,,,,164.5684493000008,2026-05-28T11:47:56.351,2026-05-28T12:03:26.351,-930,763.0,-0.005883362
multimetro,,,,164.78350350000073,2026-05-28T11:47:56.568,2026-05-28T12:03:26.568,-930,764.0,-0.005883383
multimetro,,,,164.99854940000114,2026-05-28T11:47:56.785,2026-05-28T12:03:26.785,-930,765.0,-0.005883289
balanza,330.0,-46.16,,165.0132905999999,2026-05-28T11:47:56.793,2026-05-28T12:03:26.793,-930,,
multimetro,,,,165.21355089999997,2026-05-28T11:47:56.994,2026-05-28T12:03:26.994,-930,766.0,-0.005883247
multimetro,,,,165.42887040000096,2026-05-28T11:47:57.215,2026-05-28T12:03:27.215,-930,767.0,-0.005883446
balanza,331.0,-46.23,,165.5134788000014,2026-05-28T11:47:57.294,2026-05-28T12:03:27.294,-930,,
multimetro,,,,165.6438343000009,2026-05-28T11:47:57.421,2026-05-28T12:03:27.421,-930,768.0,-0.005883414
multimetro,,,,165.85890160000054,2026-05-28T11:47:57.638,2026-05-28T12:03:27.638,-930,769.0,-0.005883676
balanza,332.0,-46.2,,166.01343120000092,2026-05-28T11:47:57.795,2026-05-28T12:03:27.795,-930,,
multimetro,,,,166.07385570000042,2026-05-28T11:47:57.860,2026-05-28T12:03:27.860,-930,770.0,-0.005883739
multimetro,,,,166.28900220000105,2026-05-28T11:47:58.072,2026-05-28T12:03:28.072,-930,771.0,-0.005883875
multimetro,,,,166.50424190000012,2026-05-28T11:47:58.289,2026-05-28T12:03:28.289,-930,772.0,-0.005883854
balanza,333.0,-46.23,,166.5135201000012,2026-05-28T11:47:58.299,2026-05-28T12:03:28.299,-930,,
multimetro,,,,166.71940280000126,2026-05-28T11:47:58.501,2026-05-28T12:03:28.501,-930,773.0,-0.005883634
multimetro,,,,166.93454060000113,2026-05-28T11:47:58.720,2026-05-28T12:03:28.720,-930,774.0,-0.005883645
balanza,334.0,-46.19,,167.01347309999983,2026-05-28T11:47:58.794,2026-05-28T12:03:28.794,-930,,
multimetro,,,,167.14967640000032,2026-05-28T11:47:58.935,2026-05-28T12:03:28.935,-930,775.0,-0.005883739
multimetro,,,,167.36479979999967,2026-05-28T11:47:59.151,2026-05-28T12:03:29.151,-930,776.0,-0.005883603
balanza,335.0,-46.23,,167.51366080000116,2026-05-28T11:47:59.294,2026-05-28T12:03:29.294,-930,,
multimetro,,,,167.57982489999995,2026-05-28T11:47:59.361,2026-05-28T12:03:29.361,-930,777.0,-0.005883749
multimetro,,,,167.79469600000084,2026-05-28T11:47:59.578,2026-05-28T12:03:29.578,-930,778.0,-0.00588376
multimetro,,,,168.00959370000055,2026-05-28T11:47:59.795,2026-05-28T12:03:29.795,-930,779.0,-0.00588376
balanza,336.0,-46.17,,168.01356640000085,2026-05-28T11:47:59.795,2026-05-28T12:03:29.795,-930,,
multimetro,,,,168.22490170000128,2026-05-28T11:48:00.011,2026-05-28T12:03:30.011,-930,780.0,-0.00588376
multimetro,,,,168.43979310000032,2026-05-28T11:48:00.218,2026-05-28T12:03:30.218,-930,781.0,-0.005883645
balanza,337.0,-46.23,,168.51352640000005,2026-05-28T11:48:00.294,2026-05-28T12:03:30.294,-930,,
multimetro,,,,168.65491140000086,2026-05-28T11:48:00.436,2026-05-28T12:03:30.436,-930,782.0,-0.005883624
multimetro,,,,168.86999070000093,2026-05-28T11:48:00.651,2026-05-28T12:03:30.651,-930,783.0,-0.005883833
balanza,338.0,-46.19,,169.0134994,2026-05-28T11:48:00.795,2026-05-28T12:03:30.795,-930,,
multimetro,,,,169.08511890000045,2026-05-28T11:48:00.868,2026-05-28T12:03:30.868,-930,784.0,-0.005883729
multimetro,,,,169.3003905000005,2026-05-28T11:48:01.085,2026-05-28T12:03:31.085,-930,785.0,-0.005883823
balanza,339.0,-46.18,,169.51353390000077,2026-05-28T11:48:01.300,2026-05-28T12:03:31.300,-930,,
multimetro,,,,169.51548850000108,2026-05-28T11:48:01.301,2026-05-28T12:03:31.301,-930,786.0,-0.005883844
multimetro,,,,169.7306593000012,2026-05-28T11:48:01.511,2026-05-28T12:03:31.511,-930,787.0,-0.00588377
multimetro,,,,169.94574720000128,2026-05-28T11:48:01.728,2026-05-28T12:03:31.728,-930,788.0,-0.005883802
balanza,340.0,-46.2,,170.01354510000056,2026-05-28T11:48:01.794,2026-05-28T12:03:31.794,-930,,
multimetro,,,,170.16076609999982,2026-05-28T11:48:01.944,2026-05-28T12:03:31.944,-930,789.0,-0.005883781
multimetro,,,,170.37590470000032,2026-05-28T11:48:02.161,2026-05-28T12:03:32.161,-930,790.0,-0.005884179
balanza,341.0,-46.2,,170.51373690000037,2026-05-28T11:48:02.294,2026-05-28T12:03:32.294,-930,,
multimetro,,,,170.59109100000023,2026-05-28T11:48:02.378,2026-05-28T12:03:32.378,-930,791.0,-0.005884179
multimetro,,,,170.80624510000052,2026-05-28T11:48:02.584,2026-05-28T12:03:32.584,-930,792.0,-0.005884074
balanza,342.0,-46.17,,171.0136730000013,2026-05-28T11:48:02.794,2026-05-28T12:03:32.794,-930,,
multimetro,,,,171.02149269999973,2026-05-28T11:48:02.801,2026-05-28T12:03:32.801,-930,793.0,-0.005884011
multimetro,,,,171.23646010000084,2026-05-28T11:48:03.019,2026-05-28T12:03:33.019,-930,794.0,-0.005884283
multimetro,,,,171.4517179000013,2026-05-28T11:48:03.234,2026-05-28T12:03:33.234,-930,795.0,-0.0058842
balanza,343.0,-46.18,,171.51334150000002,2026-05-28T11:48:03.295,2026-05-28T12:03:33.295,-930,,
multimetro,,,,171.66690279999966,2026-05-28T11:48:03.451,2026-05-28T12:03:33.451,-930,796.0,-0.005884137
multimetro,,,,171.88201110000045,2026-05-28T11:48:03.668,2026-05-28T12:03:33.668,-930,797.0,-0.005884325
balanza,344.0,-46.19,,172.01361689999976,2026-05-28T11:48:03.794,2026-05-28T12:03:33.794,-930,,
multimetro,,,,172.09715590000087,2026-05-28T11:48:03.878,2026-05-28T12:03:33.878,-930,798.0,-0.005884346
multimetro,,,,172.31218919999992,2026-05-28T11:48:04.094,2026-05-28T12:03:34.094,-930,799.0,-0.005884304
balanza,345.0,-46.15,,172.51363350000065,2026-05-28T11:48:04.294,2026-05-28T12:03:34.294,-930,,
multimetro,,,,172.52727779999987,2026-05-28T11:48:04.311,2026-05-28T12:03:34.311,-930,800.0,-0.005884357
multimetro,,,,172.74230830000124,2026-05-28T11:48:04.528,2026-05-28T12:03:34.528,-930,801.0,-0.005884524
multimetro,,,,172.95766280000134,2026-05-28T11:48:04.744,2026-05-28T12:03:34.744,-930,802.0,-0.005884231
balanza,346.0,-46.2,,173.01342840000143,2026-05-28T11:48:04.795,2026-05-28T12:03:34.795,-930,,
multimetro,,,,173.17263470000034,2026-05-28T11:48:04.951,2026-05-28T12:03:34.951,-930,803.0,-0.005884315
multimetro,,,,173.38774860000012,2026-05-28T11:48:05.168,2026-05-28T12:03:35.168,-930,804.0,-0.00588444
balanza,347.0,-46.11,,173.51356640000085,2026-05-28T11:48:05.294,2026-05-28T12:03:35.294,-930,,
multimetro,,,,173.60281310000028,2026-05-28T11:48:05.384,2026-05-28T12:03:35.384,-930,805.0,-0.005884388
multimetro,,,,173.81804010000087,2026-05-28T11:48:05.601,2026-05-28T12:03:35.601,-930,806.0,-0.005884346
balanza,348.0,-46.13,,174.0136779000004,2026-05-28T11:48:05.794,2026-05-28T12:03:35.794,-930,,
multimetro,,,,174.0331309000012,2026-05-28T11:48:05.818,2026-05-28T12:03:35.818,-930,807.0,-0.005884325
multimetro,,,,174.24850739999965,2026-05-28T11:48:06.034,2026-05-28T12:03:36.034,-930,808.0,-0.00588442
multimetro,,,,174.46368630000143,2026-05-28T11:48:06.244,2026-05-28T12:03:36.244,-930,809.0,-0.00588421
balanza,349.0,-54.5,,174.51368080000066,2026-05-28T11:48:06.301,2026-05-28T12:03:36.301,-930,,
multimetro,,,,174.6785998000014,2026-05-28T11:48:06.465,2026-05-28T12:03:36.465,-930,810.0,-0.005884367
multimetro,,,,174.89367390000007,2026-05-28T11:48:06.678,2026-05-28T12:03:36.678,-930,811.0,-0.005884399
balanza,350.0,-65.88,,175.0134487000014,2026-05-28T11:48:06.794,2026-05-28T12:03:36.794,-930,,
multimetro,,,,175.10878390000107,2026-05-28T11:48:06.894,2026-05-28T12:03:36.894,-930,812.0,-0.005884514
multimetro,,,,175.3239162000009,2026-05-28T11:48:07.110,2026-05-28T12:03:37.110,-930,813.0,-0.005884283
balanza,351.0,-75.34,,175.5133310000001,2026-05-28T11:48:07.295,2026-05-28T12:03:37.295,-930,,
multimetro,,,,175.5389651000005,2026-05-28T11:48:07.322,2026-05-28T12:03:37.322,-930,814.0,-0.005884461
multimetro,,,,175.75409480000053,2026-05-28T11:48:07.539,2026-05-28T12:03:37.539,-930,815.0,-0.005884472
multimetro,,,,175.96914670000115,2026-05-28T11:48:07.751,2026-05-28T12:03:37.751,-930,816.0,-0.005884514
balanza,352.0,-75.48,,176.0135263000011,2026-05-28T11:48:07.795,2026-05-28T12:03:37.795,-930,,
multimetro,,,,176.1842211000003,2026-05-28T11:48:07.970,2026-05-28T12:03:37.970,-930,817.0,-0.005884032
multimetro,,,,176.3992699999999,2026-05-28T11:48:08.184,2026-05-28T12:03:38.184,-930,818.0,-0.005884294
balanza,353.0,-75.62,,176.5134452000002,2026-05-28T11:48:08.295,2026-05-28T12:03:38.295,-930,,
multimetro,,,,176.61460500000067,2026-05-28T11:48:08.401,2026-05-28T12:03:38.401,-930,819.0,-0.005883592
multimetro,,,,176.8299328000012,2026-05-28T11:48:08.616,2026-05-28T12:03:38.616,-930,820.0,-0.005882723
balanza,354.0,-75.56,,177.01339689999986,2026-05-28T11:48:08.795,2026-05-28T12:03:38.795,-930,,
multimetro,,,,177.0450976000011,2026-05-28T11:48:08.828,2026-05-28T12:03:38.828,-930,821.0,-0.005882189
multimetro,,,,177.26035930000035,2026-05-28T11:48:09.039,2026-05-28T12:03:39.039,-930,822.0,-0.005881247
multimetro,,,,177.47521060000145,2026-05-28T11:48:09.261,2026-05-28T12:03:39.261,-930,823.0,-0.005880441
balanza,355.0,-75.61,,177.5133474000013,2026-05-28T11:48:09.294,2026-05-28T12:03:39.294,-930,,
multimetro,,,,177.6903213000005,2026-05-28T11:48:09.472,2026-05-28T12:03:39.472,-930,824.0,-0.005879813
multimetro,,,,177.90543070000058,2026-05-28T11:48:09.684,2026-05-28T12:03:39.684,-930,825.0,-0.005878975
balanza,356.0,-75.53,,178.01334400000087,2026-05-28T11:48:09.799,2026-05-28T12:03:39.799,-930,,
multimetro,,,,178.1205316000014,2026-05-28T11:48:09.906,2026-05-28T12:03:39.906,-930,826.0,-0.005877824
multimetro,,,,178.33561030000055,2026-05-28T11:48:10.118,2026-05-28T12:03:40.118,-930,827.0,-0.005877133
balanza,357.0,-75.53,,178.51363270000002,2026-05-28T11:48:10.297,2026-05-28T12:03:40.297,-930,,
multimetro,,,,178.55066510000142,2026-05-28T11:48:10.337,2026-05-28T12:03:40.337,-930,828.0,-0.005876567
multimetro,,,,178.7657732000007,2026-05-28T11:48:10.552,2026-05-28T12:03:40.552,-930,829.0,-0.005875897
multimetro,,,,178.9808047000006,2026-05-28T11:48:10.768,2026-05-28T12:03:40.768,-930,830.0,-0.005875143
balanza,358.0,-75.53,,179.01328769999964,2026-05-28T11:48:10.797,2026-05-28T12:03:40.797,-930,,
multimetro,,,,179.1959053999999,2026-05-28T11:48:10.978,2026-05-28T12:03:40.978,-930,831.0,-0.00587418
multimetro,,,,179.41089780000038,2026-05-28T11:48:11.194,2026-05-28T12:03:41.194,-930,832.0,-0.00587351
balanza,359.0,-75.5,,179.5133962,2026-05-28T11:48:11.295,2026-05-28T12:03:41.295,-930,,
multimetro,,,,179.62608270000055,2026-05-28T11:48:11.406,2026-05-28T12:03:41.406,-930,833.0,-0.005872631
multimetro,,,,179.84131080000043,2026-05-28T11:48:11.622,2026-05-28T12:03:41.622,-930,834.0,-0.005871615
multimetro,,,,180.05643090000012,2026-05-28T11:48:11.839,2026-05-28T12:03:41.839,-930,835.0,-0.005871071
