tiempo_s,tiempo_multimetro_s,voltaje_V,indice_multimetro,fecha_hora_corregida_hp,fecha_hora_pc_sin_corregir_hp,error_hp,tiempo_balanza_s,masa_g,indice_balanza,fecha_hora_corregida_balanza,fecha_hora_pc_sin_corregir_balanza,error_balanza,delta_t_balanza_multimetro_s
0.4153274999998757,0.4153274999998757,2.136e-06,0,2026-05-28T09:10:54.113,2026-05-28T09:26:24.113,,1.04651530000001,,0,2026-05-28T09:10:54.746,2026-05-28T09:26:24.746,Error desde Arduino: HX711 not found.,0.6311878000001343
0.6311188999998194,0.6311188999998194,1.5234e-05,1,2026-05-28T09:10:54.330,2026-05-28T09:26:24.330,,1.04651530000001,,0,2026-05-28T09:10:54.746,2026-05-28T09:26:24.746,Error desde Arduino: HX711 not found.,0.4153964000001906
0.8461685000002035,0.8461685000002035,1.9955e-05,2,2026-05-28T09:10:54.550,2026-05-28T09:26:24.550,,1.04651530000001,,0,2026-05-28T09:10:54.746,2026-05-28T09:26:24.746,Error desde Arduino: HX711 not found.,0.20034679999980654
1.0612461000000621,1.0612461000000621,2.5086e-05,3,2026-05-28T09:10:54.759,2026-05-28T09:26:24.759,,1.04651530000001,,0,2026-05-28T09:10:54.746,2026-05-28T09:26:24.746,Error desde Arduino: HX711 not found.,-0.014730800000052113
1.2764093000000685,1.2764093000000685,1.6301e-05,4,2026-05-28T09:10:54.979,2026-05-28T09:26:24.979,,1.04651530000001,,0,2026-05-28T09:10:54.746,2026-05-28T09:26:24.746,Error desde Arduino: HX711 not found.,-0.22989400000005844
1.4915068000000247,1.4915068000000247,1.4584e-05,5,2026-05-28T09:10:55.192,2026-05-28T09:26:25.192,,1.04651530000001,,0,2026-05-28T09:10:54.746,2026-05-28T09:26:24.746,Error desde Arduino: HX711 not found.,-0.44499150000001464
1.7149131000001034,1.7149131000001034,4.1209e-05,6,2026-05-28T09:10:55.419,2026-05-28T09:26:25.419,,2.0379760999999235,0.01,1,2026-05-28T09:10:55.742,2026-05-28T09:26:25.742,,0.32306299999982
1.9646124000000782,1.9646124000000782,9.81e-06,7,2026-05-28T09:10:55.669,2026-05-28T09:26:25.669,,2.0379760999999235,0.01,1,2026-05-28T09:10:55.742,2026-05-28T09:26:25.742,,0.07336369999984527
2.214741900000263,2.214741900000263,1.4448e-05,8,2026-05-28T09:10:55.920,2026-05-28T09:26:25.920,,2.0610547999999653,,2,2026-05-28T09:10:55.759,2026-05-28T09:26:25.759,Error desde Arduino: HX711 not found.,-0.1536871000002975
2.464713700000175,2.464713700000175,1.6532e-05,9,2026-05-28T09:10:56.170,2026-05-28T09:26:26.170,,2.0610547999999653,,2,2026-05-28T09:10:55.759,2026-05-28T09:26:25.759,Error desde Arduino: HX711 not found.,-0.40365890000020954
2.7145332000000053,2.7145332000000053,2.5567e-05,10,2026-05-28T09:10:56.419,2026-05-28T09:26:26.419,,3.05361240000002,-0.07,3,2026-05-28T09:10:56.759,2026-05-28T09:26:26.759,,0.3390792000000147
2.964690899999823,2.964690899999823,9.475e-06,11,2026-05-28T09:10:56.670,2026-05-28T09:26:26.670,,3.05361240000002,-0.07,3,2026-05-28T09:10:56.759,2026-05-28T09:26:26.759,,0.08892150000019683
3.214766000000054,3.214766000000054,-6.921e-06,12,2026-05-28T09:10:56.920,2026-05-28T09:26:26.920,,3.0768292000002475,,4,2026-05-28T09:10:56.779,2026-05-28T09:26:26.779,Error desde Arduino: HX711 not found.,-0.13793679999980668
3.464642500000082,3.464642500000082,5.8547e-05,13,2026-05-28T09:10:57.169,2026-05-28T09:26:27.169,,3.0768292000002475,,4,2026-05-28T09:10:56.779,2026-05-28T09:26:26.779,Error desde Arduino: HX711 not found.,-0.38781329999983427
3.7146201999998993,3.7146201999998993,2.052e-06,14,2026-05-28T09:10:57.420,2026-05-28T09:26:27.420,,4.068312100000185,1.1,5,2026-05-28T09:10:57.769,2026-05-28T09:26:27.769,,0.3536919000002854
3.964668300000085,3.964668300000085,4.0916e-05,15,2026-05-28T09:10:57.670,2026-05-28T09:26:27.670,,4.068312100000185,1.1,5,2026-05-28T09:10:57.769,2026-05-28T09:26:27.769,,0.10364380000009987
4.21455909999986,4.21455909999986,5.57e-06,16,2026-05-28T09:10:57.919,2026-05-28T09:26:27.919,,4.091517599999861,,6,2026-05-28T09:10:57.792,2026-05-28T09:26:27.792,Error desde Arduino: HX711 not found.,-0.12304149999999936
4.4646388999999544,4.4646388999999544,2.1526e-05,17,2026-05-28T09:10:58.169,2026-05-28T09:26:28.169,,4.091517599999861,,6,2026-05-28T09:10:57.792,2026-05-28T09:26:27.792,Error desde Arduino: HX711 not found.,-0.37312130000009347
4.714710000000196,4.714710000000196,1.516e-05,18,2026-05-28T09:10:58.420,2026-05-28T09:26:28.420,,5.082865899999888,2.47,7,2026-05-28T09:10:58.786,2026-05-28T09:26:28.786,,0.36815589999969234
4.96510760000001,4.96510760000001,1.9065e-05,19,2026-05-28T09:10:58.670,2026-05-28T09:26:28.670,,5.082865899999888,2.47,7,2026-05-28T09:10:58.786,2026-05-28T09:26:28.786,,0.11775829999987764
5.214958300000035,5.214958300000035,2.7933e-05,20,2026-05-28T09:10:58.920,2026-05-28T09:26:28.920,,5.105926600000203,,8,2026-05-28T09:10:58.811,2026-05-28T09:26:28.811,Error desde Arduino: HX711 not found.,-0.1090316999998322
5.464733100000103,5.464733100000103,1.9212e-05,21,2026-05-28T09:10:59.170,2026-05-28T09:26:29.170,,5.105926600000203,,8,2026-05-28T09:10:58.811,2026-05-28T09:26:28.811,Error desde Arduino: HX711 not found.,-0.35880649999990055
5.714713400000164,5.714713400000164,1.2867e-05,22,2026-05-28T09:10:59.420,2026-05-28T09:26:29.420,,6.098568400000204,13.56,9,2026-05-28T09:10:59.802,2026-05-28T09:26:29.802,,0.3838550000000396
5.964838599999894,5.964838599999894,2.5724e-05,23,2026-05-28T09:10:59.670,2026-05-28T09:26:29.670,,6.098568400000204,13.56,9,2026-05-28T09:10:59.802,2026-05-28T09:26:29.802,,0.1337298000003102
6.214654599999903,6.214654599999903,-8.48e-07,24,2026-05-28T09:10:59.919,2026-05-28T09:26:29.919,,6.121687700000166,,10,2026-05-28T09:10:59.826,2026-05-28T09:26:29.826,Error desde Arduino: HX711 not found.,-0.0929668999997375
6.464604400000098,6.464604400000098,4.4769e-05,25,2026-05-28T09:11:00.170,2026-05-28T09:26:30.170,,6.121687700000166,,10,2026-05-28T09:10:59.826,2026-05-28T09:26:29.826,Error desde Arduino: HX711 not found.,-0.34291669999993246
6.714993999999933,6.714993999999933,1.4155e-05,26,2026-05-28T09:11:00.420,2026-05-28T09:26:30.420,,7.1142720000002555,16.25,11,2026-05-28T09:11:00.819,2026-05-28T09:26:30.819,,0.3992780000003222
6.964643700000124,6.964643700000124,1.7631e-05,27,2026-05-28T09:11:00.670,2026-05-28T09:26:30.670,,7.1142720000002555,16.25,11,2026-05-28T09:11:00.819,2026-05-28T09:26:30.819,,0.14962830000013128
7.2145831000002545,7.2145831000002545,1.5129e-05,28,2026-05-28T09:11:00.920,2026-05-28T09:26:30.920,,7.137486399999943,,12,2026-05-28T09:11:00.842,2026-05-28T09:26:30.842,Error desde Arduino: HX711 not found.,-0.0770967000003111
7.465097000000242,7.465097000000242,2.1107e-05,29,2026-05-28T09:11:01.170,2026-05-28T09:26:31.170,,7.137486399999943,,12,2026-05-28T09:11:00.842,2026-05-28T09:26:30.842,Error desde Arduino: HX711 not found.,-0.3276106000002983
7.715150200000153,7.715150200000153,1.2878e-05,30,2026-05-28T09:11:01.420,2026-05-28T09:26:31.420,,8.130060800000138,14.42,13,2026-05-28T09:11:01.835,2026-05-28T09:26:31.835,,0.4149105999999847
7.964571699999851,7.964571699999851,2.274e-05,31,2026-05-28T09:11:01.670,2026-05-28T09:26:31.670,,8.130060800000138,14.42,13,2026-05-28T09:11:01.835,2026-05-28T09:26:31.835,,0.16548910000028627
8.215100800000073,8.215100800000073,1.4166e-05,32,2026-05-28T09:11:01.920,2026-05-28T09:26:31.920,,8.153393399999914,,14,2026-05-28T09:11:01.859,2026-05-28T09:26:31.859,Error desde Arduino: HX711 not found.,-0.061707400000159396
8.464766399999917,8.464766399999917,1.8668e-05,33,2026-05-28T09:11:02.169,2026-05-28T09:26:32.169,,8.153393399999914,,14,2026-05-28T09:11:01.859,2026-05-28T09:26:31.859,Error desde Arduino: HX711 not found.,-0.31137300000000323
8.714885200000026,8.714885200000026,1.6061e-05,34,2026-05-28T09:11:02.420,2026-05-28T09:26:32.420,,9.145764899999904,15.45,15,2026-05-28T09:11:02.846,2026-05-28T09:26:32.846,,0.43087969999987763
8.965093799999977,8.965093799999977,3.2844e-05,35,2026-05-28T09:11:02.670,2026-05-28T09:26:32.670,,9.145764899999904,15.45,15,2026-05-28T09:11:02.846,2026-05-28T09:26:32.846,,0.1806710999999268
9.214635899999848,9.214635899999848,1.6626e-05,36,2026-05-28T09:11:02.920,2026-05-28T09:26:32.920,,9.168919000000187,,16,2026-05-28T09:11:02.869,2026-05-28T09:26:32.869,Error desde Arduino: HX711 not found.,-0.04571689999966111
9.465322399999877,9.465322399999877,2.7085e-05,37,2026-05-28T09:11:03.171,2026-05-28T09:26:33.171,,9.168919000000187,,16,2026-05-28T09:11:02.869,2026-05-28T09:26:32.869,Error desde Arduino: HX711 not found.,-0.29640339999969
9.71464479999986,9.71464479999986,2.6394e-05,38,2026-05-28T09:11:03.420,2026-05-28T09:26:33.420,,10.161553200000071,14.97,17,2026-05-28T09:11:03.859,2026-05-28T09:26:33.859,,0.44690840000021126
9.964970600000015,9.964970600000015,3.0027e-05,39,2026-05-28T09:11:03.670,2026-05-28T09:26:33.670,,10.161553200000071,14.97,17,2026-05-28T09:11:03.859,2026-05-28T09:26:33.859,,0.19658260000005612
10.21500130000004,10.21500130000004,1.1695e-05,40,2026-05-28T09:11:03.920,2026-05-28T09:26:33.920,,10.184848599999896,,18,2026-05-28T09:11:03.885,2026-05-28T09:26:33.885,Error desde Arduino: HX711 not found.,-0.03015270000014425
10.464658299999883,10.464658299999883,2.1861e-05,41,2026-05-28T09:11:04.169,2026-05-28T09:26:34.169,,10.184848599999896,,18,2026-05-28T09:11:03.885,2026-05-28T09:26:33.885,Error desde Arduino: HX711 not found.,-0.27980969999998706
10.714587299999948,10.714587299999948,1.3454e-05,42,2026-05-28T09:11:04.419,2026-05-28T09:26:34.419,,11.177355299999817,14.45,19,2026-05-28T09:11:04.876,2026-05-28T09:26:34.876,,0.46276799999986906
10.964945100000023,10.964945100000023,2.1631e-05,43,2026-05-28T09:11:04.669,2026-05-28T09:26:34.669,,11.177355299999817,14.45,19,2026-05-28T09:11:04.876,2026-05-28T09:26:34.876,,0.2124101999997947
11.214895500000239,11.214895500000239,1.315e-05,44,2026-05-28T09:11:04.919,2026-05-28T09:26:34.919,,11.200481599999875,,20,2026-05-28T09:11:04.905,2026-05-28T09:26:34.905,Error desde Arduino: HX711 not found.,-0.014413900000363356
11.464591299999938,11.464591299999938,1.7935e-05,45,2026-05-28T09:11:05.169,2026-05-28T09:26:35.169,,11.200481599999875,,20,2026-05-28T09:11:04.905,2026-05-28T09:26:34.905,Error desde Arduino: HX711 not found.,-0.26410970000006273
11.71502210000017,11.71502210000017,1.0334e-05,46,2026-05-28T09:11:05.419,2026-05-28T09:26:35.419,,12.193098900000223,13.61,21,2026-05-28T09:11:05.892,2026-05-28T09:26:35.892,,0.4780768000000535
11.964757199999895,11.964757199999895,2.0751e-05,47,2026-05-28T09:11:05.670,2026-05-28T09:26:35.670,,12.193098900000223,13.61,21,2026-05-28T09:11:05.892,2026-05-28T09:26:35.892,,0.22834170000032827
12.214730000000145,12.214730000000145,1.5485e-05,48,2026-05-28T09:11:05.920,2026-05-28T09:26:35.920,,12.216264799999863,,22,2026-05-28T09:11:05.921,2026-05-28T09:26:35.921,Error desde Arduino: HX711 not found.,0.0015347999997175066
12.46464479999986,12.46464479999986,2.1934e-05,49,2026-05-28T09:11:06.169,2026-05-28T09:26:36.169,,12.216264799999863,,22,2026-05-28T09:11:05.921,2026-05-28T09:26:35.921,Error desde Arduino: HX711 not found.,-0.24837999999999738
12.729060199999822,12.729060199999822,1.1611e-05,50,2026-05-28T09:11:06.434,2026-05-28T09:26:36.434,,13.208898200000021,11.0,23,2026-05-28T09:11:06.913,2026-05-28T09:26:36.913,,0.4798380000001998
12.96480419999989,12.96480419999989,2.1044e-05,51,2026-05-28T09:11:06.665,2026-05-28T09:26:36.665,,13.208898200000021,11.0,23,2026-05-28T09:11:06.913,2026-05-28T09:26:36.913,,0.24409400000013193
13.21476870000015,13.21476870000015,1.27e-05,52,2026-05-28T09:11:06.920,2026-05-28T09:26:36.920,,13.208898200000021,11.0,23,2026-05-28T09:11:06.913,2026-05-28T09:26:36.913,,-0.0058705000001282315
13.464824700000008,13.464824700000008,1.7307e-05,53,2026-05-28T09:11:07.170,2026-05-28T09:26:37.170,,13.232205799999974,,24,2026-05-28T09:11:06.931,2026-05-28T09:26:36.931,Error desde Arduino: HX711 not found.,-0.23261890000003405
13.71484190000001,13.71484190000001,1.6773e-05,54,2026-05-28T09:11:07.419,2026-05-28T09:26:37.419,,13.232205799999974,,24,2026-05-28T09:11:06.931,2026-05-28T09:26:36.931,Error desde Arduino: HX711 not found.,-0.4826361000000361
13.965075200000229,13.965075200000229,2.1097e-05,55,2026-05-28T09:11:07.669,2026-05-28T09:26:37.669,,14.22348860000011,9.62,25,2026-05-28T09:11:07.928,2026-05-28T09:26:37.928,,0.2584133999998812
14.21486240000013,14.21486240000013,1.2365e-05,56,2026-05-28T09:11:07.920,2026-05-28T09:26:37.920,,14.22348860000011,9.62,25,2026-05-28T09:11:07.928,2026-05-28T09:26:37.928,,0.0086261999999806
14.464523099999951,14.464523099999951,2.0374e-05,57,2026-05-28T09:11:08.170,2026-05-28T09:26:38.170,,14.246476499999972,,26,2026-05-28T09:11:07.951,2026-05-28T09:26:37.951,Error desde Arduino: HX711 not found.,-0.21804659999997966
14.714570900000126,14.714570900000126,1.0941e-05,58,2026-05-28T09:11:08.418,2026-05-28T09:26:38.418,,14.246476499999972,,26,2026-05-28T09:11:07.951,2026-05-28T09:26:37.951,Error desde Arduino: HX711 not found.,-0.46809440000015456
14.964957300000151,14.964957300000151,2.2437e-05,59,2026-05-28T09:11:08.670,2026-05-28T09:26:38.670,,15.238109500000064,9.34,27,2026-05-28T09:11:08.943,2026-05-28T09:26:38.943,,0.27315219999991314
15.214739500000178,15.214739500000178,9.077e-06,60,2026-05-28T09:11:08.920,2026-05-28T09:26:38.920,,15.238109500000064,9.34,27,2026-05-28T09:11:08.943,2026-05-28T09:26:38.943,,0.023369999999886204
15.464409400000022,15.464409400000022,2.519e-05,61,2026-05-28T09:11:09.170,2026-05-28T09:26:39.170,,15.261300499999834,,28,2026-05-28T09:11:08.966,2026-05-28T09:26:38.966,Error desde Arduino: HX711 not found.,-0.20310890000018844
15.715030200000001,15.715030200000001,1.5579e-05,62,2026-05-28T09:11:09.420,2026-05-28T09:26:39.420,,15.261300499999834,,28,2026-05-28T09:11:08.966,2026-05-28T09:26:38.966,Error desde Arduino: HX711 not found.,-0.4537297000001672
15.964733700000124,15.964733700000124,2.2227e-05,63,2026-05-28T09:11:09.670,2026-05-28T09:26:39.670,,16.25276819999999,8.5,29,2026-05-28T09:11:09.958,2026-05-28T09:26:39.958,,0.28803449999986697
16.214516999999887,16.214516999999887,4.23e-06,64,2026-05-28T09:11:09.919,2026-05-28T09:26:39.919,,16.25276819999999,8.5,29,2026-05-28T09:11:09.958,2026-05-28T09:26:39.958,,0.03825120000010429
16.46469759999991,16.46469759999991,1.7715e-05,65,2026-05-28T09:11:10.169,2026-05-28T09:26:40.169,,16.275825499999883,,30,2026-05-28T09:11:09.981,2026-05-28T09:26:39.981,Error desde Arduino: HX711 not found.,-0.18887210000002597
16.715512000000217,16.715512000000217,9.789e-06,66,2026-05-28T09:11:10.420,2026-05-28T09:26:40.420,,16.275825499999883,,30,2026-05-28T09:11:09.981,2026-05-28T09:26:39.981,Error desde Arduino: HX711 not found.,-0.4396865000003345
16.965050600000268,16.965050600000268,2.6321e-05,67,2026-05-28T09:11:10.668,2026-05-28T09:26:40.668,,17.26743690000012,8.09,31,2026-05-28T09:11:10.969,2026-05-28T09:26:40.969,,0.3023862999998528
17.214629699999932,17.214629699999932,1.6553e-05,68,2026-05-28T09:11:10.919,2026-05-28T09:26:40.919,,17.26743690000012,8.09,31,2026-05-28T09:11:10.969,2026-05-28T09:26:40.969,,0.05280720000018846
17.46514810000008,17.46514810000008,2.1138e-05,69,2026-05-28T09:11:11.170,2026-05-28T09:26:41.170,,17.29055419999986,,32,2026-05-28T09:11:10.989,2026-05-28T09:26:40.989,Error desde Arduino: HX711 not found.,-0.17459390000021813
17.714918000000125,17.714918000000125,1.1433e-05,70,2026-05-28T09:11:11.420,2026-05-28T09:26:41.420,,17.29055419999986,,32,2026-05-28T09:11:10.989,2026-05-28T09:26:40.989,Error desde Arduino: HX711 not found.,-0.42436380000026475
17.964761700000054,17.964761700000054,2.2374e-05,71,2026-05-28T09:11:11.667,2026-05-28T09:26:41.667,,18.281958099999883,7.51,33,2026-05-28T09:11:11.985,2026-05-28T09:26:41.985,,0.31719639999982974
18.214855799999896,18.214855799999896,1.2114e-05,72,2026-05-28T09:11:11.920,2026-05-28T09:26:41.920,,18.281958099999883,7.51,33,2026-05-28T09:11:11.985,2026-05-28T09:26:41.985,,0.06710229999998774
18.4650673000001,18.4650673000001,2.363e-05,73,2026-05-28T09:11:12.170,2026-05-28T09:26:42.170,,18.30515490000016,,34,2026-05-28T09:11:12.010,2026-05-28T09:26:42.010,Error desde Arduino: HX711 not found.,-0.15991239999993923
18.735604599999988,18.735604599999988,1.3108e-05,74,2026-05-28T09:11:12.435,2026-05-28T09:26:42.435,,18.30515490000016,,34,2026-05-28T09:11:12.010,2026-05-28T09:26:42.010,Error desde Arduino: HX711 not found.,-0.4304496999998264
18.96514890000026,18.96514890000026,2.185e-05,75,2026-05-28T09:11:12.670,2026-05-28T09:26:42.670,,19.29651150000018,7.04,35,2026-05-28T09:11:12.999,2026-05-28T09:26:42.999,,0.33136259999992035
19.214729100000113,19.214729100000113,1.2532e-05,76,2026-05-28T09:11:12.920,2026-05-28T09:26:42.920,,19.29651150000018,7.04,35,2026-05-28T09:11:12.999,2026-05-28T09:26:42.999,,0.08178240000006554
19.46484529999998,19.46484529999998,1.9777e-05,77,2026-05-28T09:11:13.161,2026-05-28T09:26:43.161,,19.31969140000001,,36,2026-05-28T09:11:13.023,2026-05-28T09:26:43.023,Error desde Arduino: HX711 not found.,-0.14515389999996842
19.71460560000014,19.71460560000014,1.3035e-05,78,2026-05-28T09:11:13.420,2026-05-28T09:26:43.420,,19.31969140000001,,36,2026-05-28T09:11:13.023,2026-05-28T09:26:43.023,Error desde Arduino: HX711 not found.,-0.3949142000001302
19.96477959999993,19.96477959999993,1.9055e-05,79,2026-05-28T09:11:13.663,2026-05-28T09:26:43.663,,20.31116320000001,6.3,37,2026-05-28T09:11:14.013,2026-05-28T09:26:44.013,,0.34638360000008106
20.215251900000112,20.215251900000112,1.1171e-05,80,2026-05-28T09:11:13.920,2026-05-28T09:26:43.920,,20.31116320000001,6.3,37,2026-05-28T09:11:14.013,2026-05-28T09:26:44.013,,0.09591129999989789
20.464698900000258,20.464698900000258,2.0238e-05,81,2026-05-28T09:11:14.170,2026-05-28T09:26:44.170,,20.345470400000067,,39,2026-05-28T09:11:14.043,2026-05-28T09:26:44.043,Error desde Arduino: HX711 not found.,-0.11922850000019025
20.714459400000123,20.714459400000123,1.5945e-05,82,2026-05-28T09:11:14.420,2026-05-28T09:26:44.420,,20.345470400000067,,39,2026-05-28T09:11:14.043,2026-05-28T09:26:44.043,Error desde Arduino: HX711 not found.,-0.36898900000005597
20.96517959999983,20.96517959999983,1.9547e-05,83,2026-05-28T09:11:14.670,2026-05-28T09:26:44.670,,21.33687800000007,5.3,40,2026-05-28T09:11:15.035,2026-05-28T09:26:45.035,,0.37169840000024124
21.215004000000135,21.215004000000135,1.5945e-05,84,2026-05-28T09:11:14.920,2026-05-28T09:26:44.920,,21.33687800000007,5.3,40,2026-05-28T09:11:15.035,2026-05-28T09:26:45.035,,0.12187399999993431
21.464912500000082,21.464912500000082,1.5966e-05,85,2026-05-28T09:11:15.170,2026-05-28T09:26:45.170,,21.360306800000217,,41,2026-05-28T09:11:15.065,2026-05-28T09:26:45.065,Error desde Arduino: HX711 not found.,-0.10460569999986546
21.715002899999945,21.715002899999945,2.1976e-05,86,2026-05-28T09:11:15.420,2026-05-28T09:26:45.420,,21.360306800000217,,41,2026-05-28T09:11:15.065,2026-05-28T09:26:45.065,Error desde Arduino: HX711 not found.,-0.3546960999997282
21.96496449999995,21.96496449999995,1.6207e-05,87,2026-05-28T09:11:15.670,2026-05-28T09:26:45.670,,22.35153130000026,4.2,42,2026-05-28T09:11:16.048,2026-05-28T09:26:46.048,,0.38656680000030974
22.214922099999967,22.214922099999967,2.8656e-05,88,2026-05-28T09:11:15.920,2026-05-28T09:26:45.920,,22.35153130000026,4.2,42,2026-05-28T09:11:16.048,2026-05-28T09:26:46.048,,0.13660920000029364
22.464872399999877,22.464872399999877,1.2909e-05,89,2026-05-28T09:11:16.170,2026-05-28T09:26:46.170,,22.37482060000002,,43,2026-05-28T09:11:16.078,2026-05-28T09:26:46.078,Error desde Arduino: HX711 not found.,-0.09005179999985558
22.715146999999888,22.715146999999888,1.8186e-05,90,2026-05-28T09:11:16.411,2026-05-28T09:26:46.411,,22.37482060000002,,43,2026-05-28T09:11:16.078,2026-05-28T09:26:46.078,Error desde Arduino: HX711 not found.,-0.34032639999986714
22.964991700000155,22.964991700000155,1.0752e-05,91,2026-05-28T09:11:16.668,2026-05-28T09:26:46.668,,23.36618550000003,3.66,44,2026-05-28T09:11:17.062,2026-05-28T09:26:47.062,,0.4011937999998736
23.214874000000236,23.214874000000236,2.0447e-05,92,2026-05-28T09:11:16.920,2026-05-28T09:26:46.920,,23.36618550000003,3.66,44,2026-05-28T09:11:17.062,2026-05-28T09:26:47.062,,0.15131149999979243
23.464980000000196,23.464980000000196,1.4113e-05,93,2026-05-28T09:11:17.170,2026-05-28T09:26:47.170,,23.389407699999992,,45,2026-05-28T09:11:17.092,2026-05-28T09:26:47.092,Error desde Arduino: HX711 not found.,-0.07557230000020354
23.714795200000026,23.714795200000026,2.1159e-05,94,2026-05-28T09:11:17.420,2026-05-28T09:26:47.420,,23.389407699999992,,45,2026-05-28T09:11:17.092,2026-05-28T09:26:47.092,Error desde Arduino: HX711 not found.,-0.32538750000003347
23.965096899999935,23.965096899999935,1.2543e-05,95,2026-05-28T09:11:17.670,2026-05-28T09:26:47.670,,24.380812400000195,3.3,46,2026-05-28T09:11:18.082,2026-05-28T09:26:48.082,,0.41571550000026036
24.214926900000137,24.214926900000137,2.029e-05,96,2026-05-28T09:11:17.920,2026-05-28T09:26:47.920,,24.380812400000195,3.3,46,2026-05-28T09:11:18.082,2026-05-28T09:26:48.082,,0.16588550000005853
24.464871799999855,24.464871799999855,1.2019e-05,97,2026-05-28T09:11:18.170,2026-05-28T09:26:48.170,,24.40405069999997,,47,2026-05-28T09:11:18.109,2026-05-28T09:26:48.109,Error desde Arduino: HX711 not found.,-0.06082109999988461
24.714539999999943,24.714539999999943,2.0835e-05,98,2026-05-28T09:11:18.420,2026-05-28T09:26:48.420,,24.40405069999997,,47,2026-05-28T09:11:18.109,2026-05-28T09:26:48.109,Error desde Arduino: HX711 not found.,-0.310489299999972
24.964992100000018,24.964992100000018,1.249e-05,99,2026-05-28T09:11:18.670,2026-05-28T09:26:48.670,,25.395410800000263,1.97,48,2026-05-28T09:11:19.092,2026-05-28T09:26:49.092,,0.43041870000024574
25.21486360000017,25.21486360000017,1.8887e-05,100,2026-05-28T09:11:18.920,2026-05-28T09:26:48.920,,25.395410800000263,1.97,48,2026-05-28T09:11:19.092,2026-05-28T09:26:49.092,,0.18054720000009183
25.46493640000017,25.46493640000017,1.0281e-05,101,2026-05-28T09:11:19.170,2026-05-28T09:26:49.170,,25.418521099999907,,49,2026-05-28T09:11:19.122,2026-05-28T09:26:49.122,Error desde Arduino: HX711 not found.,-0.046415300000262505
25.715505900000153,25.715505900000153,1.9599e-05,102,2026-05-28T09:11:19.421,2026-05-28T09:26:49.421,,25.418521099999907,,49,2026-05-28T09:11:19.122,2026-05-28T09:26:49.122,Error desde Arduino: HX711 not found.,-0.29698480000024574
25.964986899999985,25.964986899999985,1.4333e-05,103,2026-05-28T09:11:19.670,2026-05-28T09:26:49.670,,26.410005799999908,1.88,50,2026-05-28T09:11:20.115,2026-05-28T09:26:50.115,,0.4450188999999227
26.215083999999933,26.215083999999933,2.0447e-05,104,2026-05-28T09:11:19.920,2026-05-28T09:26:49.920,,26.410005799999908,1.88,50,2026-05-28T09:11:20.115,2026-05-28T09:26:50.115,,0.1949217999999746
26.46514900000011,26.46514900000011,1.3003e-05,105,2026-05-28T09:11:20.170,2026-05-28T09:26:50.170,,26.433224899999914,,51,2026-05-28T09:11:20.135,2026-05-28T09:26:50.135,Error desde Arduino: HX711 not found.,-0.03192410000019663
26.715282600000137,26.715282600000137,2.1788e-05,106,2026-05-28T09:11:20.412,2026-05-28T09:26:50.412,,26.433224899999914,,51,2026-05-28T09:11:20.135,2026-05-28T09:26:50.135,Error desde Arduino: HX711 not found.,-0.2820577000002231
26.96467789999997,26.96467789999997,1.4092e-05,107,2026-05-28T09:11:20.661,2026-05-28T09:26:50.661,,27.424480399999993,2.17,52,2026-05-28T09:11:21.129,2026-05-28T09:26:51.129,,0.45980250000002343
27.214944299999843,27.214944299999843,2.1128e-05,108,2026-05-28T09:11:20.920,2026-05-28T09:26:50.920,,27.424480399999993,2.17,52,2026-05-28T09:11:21.129,2026-05-28T09:26:51.129,,0.20953610000015033
27.46506129999989,27.46506129999989,2.2227e-05,109,2026-05-28T09:11:21.170,2026-05-28T09:26:51.170,,27.447685000000092,,53,2026-05-28T09:11:21.145,2026-05-28T09:26:51.145,Error desde Arduino: HX711 not found.,-0.017376299999796174
27.715179499999977,27.715179499999977,2.2625e-05,110,2026-05-28T09:11:21.413,2026-05-28T09:26:51.413,,27.447685000000092,,53,2026-05-28T09:11:21.145,2026-05-28T09:26:51.145,Error desde Arduino: HX711 not found.,-0.2674944999998843
27.96472360000007,27.96472360000007,1.0763e-05,111,2026-05-28T09:11:21.670,2026-05-28T09:26:51.670,,28.43911939999998,0.77,54,2026-05-28T09:11:22.142,2026-05-28T09:26:52.142,,0.4743957999999111
28.215088800000103,28.215088800000103,2.0751e-05,112,2026-05-28T09:11:21.920,2026-05-28T09:26:51.920,,28.43911939999998,0.77,54,2026-05-28T09:11:22.142,2026-05-28T09:26:52.142,,0.22403059999987818
28.465042299999823,28.465042299999823,1.4605e-05,113,2026-05-28T09:11:22.170,2026-05-28T09:26:52.170,,28.473552200000086,,56,2026-05-28T09:11:22.175,2026-05-28T09:26:52.175,Error desde Arduino: HX711 not found.,0.00850990000026286
28.71496920000027,28.71496920000027,2.0573e-05,114,2026-05-28T09:11:22.415,2026-05-28T09:26:52.415,,28.473552200000086,,56,2026-05-28T09:11:22.175,2026-05-28T09:26:52.175,Error desde Arduino: HX711 not found.,-0.24141700000018318
28.964788900000258,28.964788900000258,1.3611e-05,115,2026-05-28T09:11:22.670,2026-05-28T09:26:52.670,,28.473552200000086,,56,2026-05-28T09:11:22.175,2026-05-28T09:26:52.175,Error desde Arduino: HX711 not found.,-0.4912367000001723
29.214974800000164,29.214974800000164,2.2719e-05,116,2026-05-28T09:11:22.920,2026-05-28T09:26:52.920,,29.465060500000163,0.51,57,2026-05-28T09:11:23.170,2026-05-28T09:26:53.170,,0.25008569999999963
29.4646788,29.4646788,1.2962e-05,117,2026-05-28T09:11:23.170,2026-05-28T09:26:53.170,,29.465060500000163,0.51,57,2026-05-28T09:11:23.170,2026-05-28T09:26:53.170,,0.00038170000016179984
29.715045400000236,29.715045400000236,1.7495e-05,118,2026-05-28T09:11:23.420,2026-05-28T09:26:53.420,,29.488382699999875,,58,2026-05-28T09:11:23.192,2026-05-28T09:26:53.192,Error desde Arduino: HX711 not found.,-0.22666270000036093
29.96474900000021,29.96474900000021,1.5108e-05,119,2026-05-28T09:11:23.670,2026-05-28T09:26:53.670,,29.488382699999875,,58,2026-05-28T09:11:23.192,2026-05-28T09:26:53.192,Error desde Arduino: HX711 not found.,-0.4763663000003362
30.214575800000148,30.214575800000148,2.5337e-05,120,2026-05-28T09:11:23.920,2026-05-28T09:26:53.920,,30.47971940000025,0.05,59,2026-05-28T09:11:24.176,2026-05-28T09:26:54.176,,0.2651436000001013
30.464954999999918,30.464954999999918,1.9913e-05,121,2026-05-28T09:11:24.170,2026-05-28T09:26:54.170,,30.47971940000025,0.05,59,2026-05-28T09:11:24.176,2026-05-28T09:26:54.176,,0.01476440000033108
30.714606600000025,30.714606600000025,2.1882e-05,122,2026-05-28T09:11:24.420,2026-05-28T09:26:54.420,,30.502879799999846,,60,2026-05-28T09:11:24.205,2026-05-28T09:26:54.205,Error desde Arduino: HX711 not found.,-0.21172680000017863
30.965085199999976,30.965085199999976,2.0709e-05,123,2026-05-28T09:11:24.670,2026-05-28T09:26:54.670,,30.502879799999846,,60,2026-05-28T09:11:24.205,2026-05-28T09:26:54.205,Error desde Arduino: HX711 not found.,-0.4622054000001299
31.215028900000107,31.215028900000107,1.3642e-05,124,2026-05-28T09:11:24.920,2026-05-28T09:26:54.920,,31.495226699999876,-0.41,61,2026-05-28T09:11:25.192,2026-05-28T09:26:55.192,,0.2801977999997689
31.464925900000253,31.464925900000253,7.256e-06,125,2026-05-28T09:11:25.170,2026-05-28T09:26:55.170,,31.495226699999876,-0.41,61,2026-05-28T09:11:25.192,2026-05-28T09:26:55.192,,0.03030079999962254
31.71459730000015,31.71459730000015,1.3035e-05,126,2026-05-28T09:11:25.420,2026-05-28T09:26:55.420,,31.518313300000045,,62,2026-05-28T09:11:25.223,2026-05-28T09:26:55.223,Error desde Arduino: HX711 not found.,-0.19628400000010515
31.965003100000104,31.965003100000104,1.2805e-05,127,2026-05-28T09:11:25.669,2026-05-28T09:26:55.669,,31.518313300000045,,62,2026-05-28T09:11:25.223,2026-05-28T09:26:55.223,Error desde Arduino: HX711 not found.,-0.4466898000000583
32.214856500000224,32.214856500000224,1.4878e-05,128,2026-05-28T09:11:25.920,2026-05-28T09:26:55.920,,32.5107524,-1.1,63,2026-05-28T09:11:26.216,2026-05-28T09:26:56.216,,0.2958958999997776
32.46467759999996,32.46467759999996,1.6479e-05,129,2026-05-28T09:11:26.170,2026-05-28T09:26:56.170,,32.5107524,-1.1,63,2026-05-28T09:11:26.216,2026-05-28T09:26:56.216,,0.04607480000004216
32.71495989999994,32.71495989999994,1.8385e-05,130,2026-05-28T09:11:26.420,2026-05-28T09:26:56.420,,32.546062899999924,,65,2026-05-28T09:11:26.242,2026-05-28T09:26:56.242,Error desde Arduino: HX711 not found.,-0.1688970000000154
32.96514890000026,32.96514890000026,1.6804e-05,131,2026-05-28T09:11:26.660,2026-05-28T09:26:56.660,,32.546062899999924,,65,2026-05-28T09:11:26.242,2026-05-28T09:26:56.242,Error desde Arduino: HX711 not found.,-0.419086000000334
33.21509569999989,33.21509569999989,2.1013e-05,132,2026-05-28T09:11:26.920,2026-05-28T09:26:56.920,,33.53849119999995,-1.75,66,2026-05-28T09:11:27.242,2026-05-28T09:26:57.242,,0.32339550000006057
33.465072899999996,33.465072899999996,1.7139e-05,133,2026-05-28T09:11:27.169,2026-05-28T09:26:57.169,,33.53849119999995,-1.75,66,2026-05-28T09:11:27.242,2026-05-28T09:26:57.242,,0.07341829999995753
33.71487449999995,33.71487449999995,2.1149e-05,134,2026-05-28T09:11:27.420,2026-05-28T09:26:57.420,,33.561800100000255,,67,2026-05-28T09:11:27.259,2026-05-28T09:26:57.259,Error desde Arduino: HX711 not found.,-0.15307439999969574
33.965045100000225,33.965045100000225,1.3276e-05,135,2026-05-28T09:11:27.670,2026-05-28T09:26:57.670,,33.561800100000255,,67,2026-05-28T09:11:27.259,2026-05-28T09:26:57.259,Error desde Arduino: HX711 not found.,-0.4032449999999699
34.214508399999886,34.214508399999886,5.769e-06,136,2026-05-28T09:11:27.920,2026-05-28T09:26:57.920,,34.55405130000008,-2.73,68,2026-05-28T09:11:28.259,2026-05-28T09:26:58.259,,0.3395429000001968
34.46491449999985,34.46491449999985,9.842e-06,137,2026-05-28T09:11:28.170,2026-05-28T09:26:58.170,,34.55405130000008,-2.73,68,2026-05-28T09:11:28.259,2026-05-28T09:26:58.259,,0.08913680000023305
34.71504099999993,34.71504099999993,3.832e-06,138,2026-05-28T09:11:28.420,2026-05-28T09:26:58.420,,34.57716500000015,,69,2026-05-28T09:11:28.275,2026-05-28T09:26:58.275,Error desde Arduino: HX711 not found.,-0.1378759999997783
34.96498359999987,34.96498359999987,3.4613e-05,139,2026-05-28T09:11:28.669,2026-05-28T09:26:58.669,,34.57716500000015,,69,2026-05-28T09:11:28.275,2026-05-28T09:26:58.275,Error desde Arduino: HX711 not found.,-0.38781859999971857
35.21485269999994,35.21485269999994,2.518e-05,140,2026-05-28T09:11:28.920,2026-05-28T09:26:58.920,,35.569833500000186,-3.36,70,2026-05-28T09:11:29.275,2026-05-28T09:26:59.275,,0.35498080000024856
35.46506450000015,35.46506450000015,1.8207e-05,141,2026-05-28T09:11:29.170,2026-05-28T09:26:59.170,,35.569833500000186,-3.36,70,2026-05-28T09:11:29.275,2026-05-28T09:26:59.275,,0.10476900000003297
35.71449380000013,35.71449380000013,1.7631e-05,142,2026-05-28T09:11:29.419,2026-05-28T09:26:59.419,,35.593080799999825,,71,2026-05-28T09:11:29.292,2026-05-28T09:26:59.292,Error desde Arduino: HX711 not found.,-0.12141300000030242
35.964783400000215,35.964783400000215,1.5558e-05,143,2026-05-28T09:11:29.670,2026-05-28T09:26:59.670,,35.593080799999825,,71,2026-05-28T09:11:29.292,2026-05-28T09:26:59.292,Error desde Arduino: HX711 not found.,-0.3717026000003898
36.21461660000023,36.21461660000023,1.5914e-05,144,2026-05-28T09:11:29.920,2026-05-28T09:26:59.920,,36.58545589999994,-3.89,72,2026-05-28T09:11:30.286,2026-05-28T09:27:00.286,,0.3708392999997159
36.46554049999986,36.46554049999986,1.4836e-05,145,2026-05-28T09:11:30.169,2026-05-28T09:27:00.169,,36.58545589999994,-3.89,72,2026-05-28T09:11:30.286,2026-05-28T09:27:00.286,,0.11991540000008172
36.7149029000002,36.7149029000002,1.8573e-05,146,2026-05-28T09:11:30.420,2026-05-28T09:27:00.420,,36.60848780000015,,73,2026-05-28T09:11:30.314,2026-05-28T09:27:00.314,Error desde Arduino: HX711 not found.,-0.10641510000004928
36.965084299999944,36.965084299999944,1.7296e-05,147,2026-05-28T09:11:30.670,2026-05-28T09:27:00.670,,36.60848780000015,,73,2026-05-28T09:11:30.314,2026-05-28T09:27:00.314,Error desde Arduino: HX711 not found.,-0.3565964999997959
37.233792900000026,37.233792900000026,1.85e-05,148,2026-05-28T09:11:30.939,2026-05-28T09:27:00.939,,37.600959299999886,-4.79,74,2026-05-28T09:11:31.302,2026-05-28T09:27:01.302,,0.36716639999986
37.473286800000096,37.473286800000096,1.7903e-05,149,2026-05-28T09:11:31.178,2026-05-28T09:27:01.178,,37.600959299999886,-4.79,74,2026-05-28T09:11:31.302,2026-05-28T09:27:01.302,,0.12767249999978958
37.714605799999845,37.714605799999845,1.7024e-05,150,2026-05-28T09:11:31.420,2026-05-28T09:27:01.420,,37.62406460000011,,75,2026-05-28T09:11:31.325,2026-05-28T09:27:01.325,Error desde Arduino: HX711 not found.,-0.09054119999973409
37.964924899999914,37.964924899999914,1.7914e-05,151,2026-05-28T09:11:31.670,2026-05-28T09:27:01.670,,37.62406460000011,,75,2026-05-28T09:11:31.325,2026-05-28T09:27:01.325,Error desde Arduino: HX711 not found.,-0.34086029999980383
38.21472670000003,38.21472670000003,1.7327e-05,152,2026-05-28T09:11:31.920,2026-05-28T09:27:01.920,,38.61659469999995,-4.66,76,2026-05-28T09:11:32.321,2026-05-28T09:27:02.321,,0.4018679999999222
38.46458250000023,38.46458250000023,1.8102e-05,153,2026-05-28T09:11:32.169,2026-05-28T09:27:02.169,,38.61659469999995,-4.66,76,2026-05-28T09:11:32.321,2026-05-28T09:27:02.321,,0.15201219999971727
38.71493740000005,38.71493740000005,1.9913e-05,154,2026-05-28T09:11:32.420,2026-05-28T09:27:02.420,,38.6397307000002,,77,2026-05-28T09:11:32.342,2026-05-28T09:27:02.342,Error desde Arduino: HX711 not found.,-0.0752066999998533
38.96480980000024,38.96480980000024,1.5569e-05,155,2026-05-28T09:11:32.669,2026-05-28T09:27:02.669,,38.6397307000002,,77,2026-05-28T09:11:32.342,2026-05-28T09:27:02.342,Error desde Arduino: HX711 not found.,-0.32507910000003903
39.21515980000004,39.21515980000004,1.7045e-05,156,2026-05-28T09:11:32.920,2026-05-28T09:27:02.920,,39.632185700000264,-5.79,78,2026-05-28T09:11:33.335,2026-05-28T09:27:03.335,,0.4170259000002261
39.465053400000215,39.465053400000215,1.6448e-05,157,2026-05-28T09:11:33.170,2026-05-28T09:27:03.170,,39.632185700000264,-5.79,78,2026-05-28T09:11:33.335,2026-05-28T09:27:03.335,,0.16713230000004842
39.71483320000016,39.71483320000016,1.8322e-05,158,2026-05-28T09:11:33.420,2026-05-28T09:27:03.420,,39.655373000000054,,79,2026-05-28T09:11:33.359,2026-05-28T09:27:03.359,Error desde Arduino: HX711 not found.,-0.059460200000103214
39.96457020000025,39.96457020000025,1.6165e-05,159,2026-05-28T09:11:33.669,2026-05-28T09:27:03.669,,39.655373000000054,,79,2026-05-28T09:11:33.359,2026-05-28T09:27:03.359,Error desde Arduino: HX711 not found.,-0.3091972000001988
40.214978399999836,40.214978399999836,1.8437e-05,160,2026-05-28T09:11:33.920,2026-05-28T09:27:03.920,,40.64767440000014,-6.47,80,2026-05-28T09:11:34.345,2026-05-28T09:27:04.345,,0.4326960000003055
40.46466640000017,40.46466640000017,1.5014e-05,161,2026-05-28T09:11:34.170,2026-05-28T09:27:04.170,,40.64767440000014,-6.47,80,2026-05-28T09:11:34.345,2026-05-28T09:27:04.345,,0.18300799999997253
40.71462819999988,40.71462819999988,1.8081e-05,162,2026-05-28T09:11:34.420,2026-05-28T09:27:04.420,,40.67070909999984,,81,2026-05-28T09:11:34.375,2026-05-28T09:27:04.375,Error desde Arduino: HX711 not found.,-0.04391910000003918
40.964689200000066,40.964689200000066,1.4773e-05,163,2026-05-28T09:11:34.670,2026-05-28T09:27:04.670,,40.67070909999984,,81,2026-05-28T09:11:34.375,2026-05-28T09:27:04.375,Error desde Arduino: HX711 not found.,-0.29398010000022623
41.21462729999985,41.21462729999985,1.9317e-05,164,2026-05-28T09:11:34.920,2026-05-28T09:27:04.920,,41.66326100000015,-6.27,82,2026-05-28T09:11:35.359,2026-05-28T09:27:05.359,,0.44863370000030045
41.46504200000027,41.46504200000027,1.4658e-05,165,2026-05-28T09:11:35.169,2026-05-28T09:27:05.169,,41.66326100000015,-6.27,82,2026-05-28T09:11:35.359,2026-05-28T09:27:05.359,,0.1982189999998809
41.71497270000009,41.71497270000009,1.9861e-05,166,2026-05-28T09:11:35.420,2026-05-28T09:27:05.420,,41.68657059999987,,83,2026-05-28T09:11:35.392,2026-05-28T09:27:05.392,Error desde Arduino: HX711 not found.,-0.028402100000221253
41.96514669999988,41.96514669999988,1.5589e-05,167,2026-05-28T09:11:35.669,2026-05-28T09:27:05.669,,41.68657059999987,,83,2026-05-28T09:11:35.392,2026-05-28T09:27:05.392,Error desde Arduino: HX711 not found.,-0.2785761000000093
42.214991199999986,42.214991199999986,2.0071e-05,168,2026-05-28T09:11:35.920,2026-05-28T09:27:05.920,,42.67883759999995,-7.0,84,2026-05-28T09:11:36.378,2026-05-28T09:27:06.378,,0.4638463999999658
42.46482379999998,42.46482379999998,1.2134e-05,169,2026-05-28T09:11:36.170,2026-05-28T09:27:06.170,,42.67883759999995,-7.0,84,2026-05-28T09:11:36.378,2026-05-28T09:27:06.378,,0.21401379999997516
42.71491760000026,42.71491760000026,1.8919e-05,170,2026-05-28T09:11:36.420,2026-05-28T09:27:06.420,,42.702108399999815,,85,2026-05-28T09:11:36.404,2026-05-28T09:27:06.404,Error desde Arduino: HX711 not found.,-0.012809200000447163
42.9650431,42.9650431,1.2114e-05,171,2026-05-28T09:11:36.669,2026-05-28T09:27:06.669,,42.702108399999815,,85,2026-05-28T09:11:36.404,2026-05-28T09:27:06.404,Error desde Arduino: HX711 not found.,-0.26293470000018715
43.21505900000011,43.21505900000011,2.4719e-05,172,2026-05-28T09:11:36.920,2026-05-28T09:27:06.920,,43.69449519999989,-7.35,86,2026-05-28T09:11:37.392,2026-05-28T09:27:07.392,,0.4794361999997818
43.464950900000076,43.464950900000076,1.6825e-05,173,2026-05-28T09:11:37.169,2026-05-28T09:27:07.169,,43.69449519999989,-7.35,86,2026-05-28T09:11:37.392,2026-05-28T09:27:07.392,,0.22954429999981585
43.71534040000006,43.71534040000006,1.9955e-05,174,2026-05-28T09:11:37.420,2026-05-28T09:27:07.420,,43.71754820000024,,87,2026-05-28T09:11:37.423,2026-05-28T09:27:07.423,Error desde Arduino: HX711 not found.,0.002207800000178395
43.964823499999966,43.964823499999966,1.405e-05,175,2026-05-28T09:11:37.662,2026-05-28T09:27:07.662,,43.71754820000024,,87,2026-05-28T09:11:37.423,2026-05-28T09:27:07.423,Error desde Arduino: HX711 not found.,-0.2472752999997283
44.215163100000154,44.215163100000154,1.8448e-05,176,2026-05-28T09:11:37.920,2026-05-28T09:27:07.920,,44.71018460000005,-7.7,88,2026-05-28T09:11:38.415,2026-05-28T09:27:08.415,,0.4950214999998934
44.465129499999875,44.465129499999875,1.3831e-05,177,2026-05-28T09:11:38.170,2026-05-28T09:27:08.170,,44.71018460000005,-7.7,88,2026-05-28T09:11:38.415,2026-05-28T09:27:08.415,,0.2450551000001724
44.71468219999997,44.71468219999997,1.9495e-05,178,2026-05-28T09:11:38.419,2026-05-28T09:27:08.419,,44.71018460000005,-7.7,88,2026-05-28T09:11:38.415,2026-05-28T09:27:08.415,,-0.004497599999922386
44.964558300000135,44.964558300000135,9.768e-06,179,2026-05-28T09:11:38.669,2026-05-28T09:27:08.669,,44.73328110000011,,89,2026-05-28T09:11:38.436,2026-05-28T09:27:08.436,Error desde Arduino: HX711 not found.,-0.23127720000002228
45.21498070000007,45.21498070000007,2.0196e-05,180,2026-05-28T09:11:38.920,2026-05-28T09:27:08.920,,44.73328110000011,,89,2026-05-28T09:11:38.436,2026-05-28T09:27:08.436,Error desde Arduino: HX711 not found.,-0.48169959999995626
45.465314500000204,45.465314500000204,1.2407e-05,181,2026-05-28T09:11:39.171,2026-05-28T09:27:09.171,,45.72566890000007,-8.41,90,2026-05-28T09:11:39.426,2026-05-28T09:27:09.426,,0.2603543999998692
45.715016300000116,45.715016300000116,2.0542e-05,182,2026-05-28T09:11:39.420,2026-05-28T09:27:09.420,,45.72566890000007,-8.41,90,2026-05-28T09:11:39.426,2026-05-28T09:27:09.426,,0.010652599999957602
45.964495199999874,45.964495199999874,8.439e-06,183,2026-05-28T09:11:39.670,2026-05-28T09:27:09.670,,45.74877760000027,,91,2026-05-28T09:11:39.452,2026-05-28T09:27:09.452,Error desde Arduino: HX711 not found.,-0.21571759999960705
46.21510480000006,46.21510480000006,2.274e-05,184,2026-05-28T09:11:39.920,2026-05-28T09:27:09.920,,45.74877760000027,,91,2026-05-28T09:11:39.452,2026-05-28T09:27:09.452,Error desde Arduino: HX711 not found.,-0.466327199999796
46.46504950000008,46.46504950000008,1.4302e-05,185,2026-05-28T09:11:40.170,2026-05-28T09:27:10.170,,46.74134270000013,-8.59,92,2026-05-28T09:11:40.445,2026-05-28T09:27:10.445,,0.27629320000005464
46.71507299999985,46.71507299999985,2.317e-05,186,2026-05-28T09:11:40.420,2026-05-28T09:27:10.420,,46.74134270000013,-8.59,92,2026-05-28T09:11:40.445,2026-05-28T09:27:10.445,,0.0262697000002845
46.96489920000022,46.96489920000022,1.4344e-05,187,2026-05-28T09:11:40.669,2026-05-28T09:27:10.669,,46.76475040000014,,93,2026-05-28T09:11:40.469,2026-05-28T09:27:10.469,Error desde Arduino: HX711 not found.,-0.20014880000007906
47.21483209999997,47.21483209999997,2.051e-05,188,2026-05-28T09:11:40.920,2026-05-28T09:27:10.920,,46.76475040000014,,93,2026-05-28T09:11:40.469,2026-05-28T09:27:10.469,Error desde Arduino: HX711 not found.,-0.45008169999982783
47.464941799999906,47.464941799999906,2.3274e-05,189,2026-05-28T09:11:41.168,2026-05-28T09:27:11.168,,47.75710590000017,-9.5,94,2026-05-28T09:11:41.459,2026-05-28T09:27:11.459,,0.2921641000002637
47.71447829999988,47.71447829999988,2.0353e-05,190,2026-05-28T09:11:41.420,2026-05-28T09:27:11.420,,47.75710590000017,-9.5,94,2026-05-28T09:11:41.459,2026-05-28T09:27:11.459,,0.0426276000002872
47.96515150000005,47.96515150000005,1.3789e-05,191,2026-05-28T09:11:41.670,2026-05-28T09:27:11.670,,47.780465899999854,,95,2026-05-28T09:11:41.485,2026-05-28T09:27:11.485,Error desde Arduino: HX711 not found.,-0.18468560000019352
48.21473300000025,48.21473300000025,1.8563e-05,192,2026-05-28T09:11:41.919,2026-05-28T09:27:11.919,,47.780465899999854,,95,2026-05-28T09:11:41.485,2026-05-28T09:27:11.485,Error desde Arduino: HX711 not found.,-0.4342671000003975
48.46455710000009,48.46455710000009,1.5118e-05,193,2026-05-28T09:11:42.170,2026-05-28T09:27:12.170,,48.773926200000005,-10.1,96,2026-05-28T09:11:42.475,2026-05-28T09:27:12.475,,0.3093690999999126
48.71500860000015,48.71500860000015,2.8363e-05,194,2026-05-28T09:11:42.420,2026-05-28T09:27:12.420,,48.773926200000005,-10.1,96,2026-05-28T09:11:42.475,2026-05-28T09:27:12.475,,0.058917599999858794
48.9649629999999,48.9649629999999,1.2375e-05,195,2026-05-28T09:11:42.669,2026-05-28T09:27:12.669,,49.01362870000003,-10.51,98,2026-05-28T09:11:42.717,2026-05-28T09:27:12.717,,0.04866570000012871
49.21493809999993,49.21493809999993,1.8238e-05,196,2026-05-28T09:11:42.920,2026-05-28T09:27:12.920,,49.01362870000003,-10.51,98,2026-05-28T09:11:42.717,2026-05-28T09:27:12.717,,-0.20130939999990005
49.4645902000002,49.4645902000002,1.56e-05,197,2026-05-28T09:11:43.170,2026-05-28T09:27:13.170,,49.51380960000006,-10.55,99,2026-05-28T09:11:43.219,2026-05-28T09:27:13.219,,0.04921939999985625
49.71498920000022,49.71498920000022,2.0039e-05,198,2026-05-28T09:11:43.420,2026-05-28T09:27:13.420,,49.51380960000006,-10.55,99,2026-05-28T09:11:43.219,2026-05-28T09:27:13.219,,-0.20117960000015955
49.96482240000023,49.96482240000023,1.0271e-05,199,2026-05-28T09:11:43.669,2026-05-28T09:27:13.669,,50.013668999999936,-11.12,100,2026-05-28T09:11:43.718,2026-05-28T09:27:13.718,,0.048846599999706086
50.214933700000074,50.214933700000074,1.8762e-05,200,2026-05-28T09:11:43.920,2026-05-28T09:27:13.920,,50.013668999999936,-11.12,100,2026-05-28T09:11:43.718,2026-05-28T09:27:13.718,,-0.20126470000013796
50.46489560000009,50.46489560000009,1.6082e-05,201,2026-05-28T09:11:44.170,2026-05-28T09:27:14.170,,50.51363960000026,-10.97,101,2026-05-28T09:11:44.218,2026-05-28T09:27:14.218,,0.04874400000016976
50.7149574,50.7149574,2.139e-05,202,2026-05-28T09:11:44.420,2026-05-28T09:27:14.420,,50.51363960000026,-10.97,101,2026-05-28T09:11:44.218,2026-05-28T09:27:14.218,,-0.20131779999974242
50.980109099999936,50.980109099999936,1.3914e-05,203,2026-05-28T09:11:44.685,2026-05-28T09:27:14.685,,51.01330139999982,-11.22,102,2026-05-28T09:11:44.713,2026-05-28T09:27:14.713,,0.03319229999988238
51.21473680000008,51.21473680000008,2.0835e-05,204,2026-05-28T09:11:44.919,2026-05-28T09:27:14.919,,51.01330139999982,-11.22,102,2026-05-28T09:11:44.713,2026-05-28T09:27:14.713,,-0.20143540000026405
51.46478269999989,51.46478269999989,3.382e-06,205,2026-05-28T09:11:45.161,2026-05-28T09:27:15.161,,51.51374029999988,-11.68,103,2026-05-28T09:11:45.219,2026-05-28T09:27:15.219,,0.04895759999999427
51.71506899999986,51.71506899999986,2.5871e-05,206,2026-05-28T09:11:45.420,2026-05-28T09:27:15.420,,51.51374029999988,-11.68,103,2026-05-28T09:11:45.219,2026-05-28T09:27:15.219,,-0.20132869999997638
51.96453010000005,51.96453010000005,1.783e-05,207,2026-05-28T09:11:45.670,2026-05-28T09:27:15.670,,52.013511200000266,-12.2,104,2026-05-28T09:11:45.718,2026-05-28T09:27:15.718,,0.04898110000021916
52.21497989999989,52.21497989999989,2.2845e-05,208,2026-05-28T09:11:45.920,2026-05-28T09:27:15.920,,52.013511200000266,-12.2,104,2026-05-28T09:11:45.718,2026-05-28T09:27:15.718,,-0.2014686999996229
52.46503110000003,52.46503110000003,1.7307e-05,209,2026-05-28T09:11:46.170,2026-05-28T09:27:16.170,,52.51394889999983,-12.39,105,2026-05-28T09:11:46.212,2026-05-28T09:27:16.212,,0.04891779999979917
52.71537739999985,52.71537739999985,3.5765e-05,210,2026-05-28T09:11:46.420,2026-05-28T09:27:16.420,,52.51394889999983,-12.39,105,2026-05-28T09:11:46.212,2026-05-28T09:27:16.212,,-0.20142850000002
52.96492500000022,52.96492500000022,1.434e-06,211,2026-05-28T09:11:46.670,2026-05-28T09:27:16.670,,53.01338040000019,-12.53,106,2026-05-28T09:11:46.709,2026-05-28T09:27:16.709,,0.048455399999966176
53.21460810000008,53.21460810000008,2.0552e-05,212,2026-05-28T09:11:46.919,2026-05-28T09:27:16.919,,53.01338040000019,-12.53,106,2026-05-28T09:11:46.709,2026-05-28T09:27:16.709,,-0.20122769999989032
53.465236900000036,53.465236900000036,1.4344e-05,213,2026-05-28T09:11:47.169,2026-05-28T09:27:17.169,,53.51373689999991,-12.59,107,2026-05-28T09:11:47.219,2026-05-28T09:27:17.219,,0.04849999999987631
53.71494759999996,53.71494759999996,2.0228e-05,214,2026-05-28T09:11:47.411,2026-05-28T09:27:17.411,,53.51373689999991,-12.59,107,2026-05-28T09:11:47.219,2026-05-28T09:27:17.219,,-0.20121070000004693
53.964943100000255,53.964943100000255,1.3967e-05,215,2026-05-28T09:11:47.670,2026-05-28T09:27:17.670,,54.01362930000005,-12.73,108,2026-05-28T09:11:47.712,2026-05-28T09:27:17.712,,0.048686199999792734
54.214920899999925,54.214920899999925,2.0437e-05,216,2026-05-28T09:11:47.920,2026-05-28T09:27:17.920,,54.01362930000005,-12.73,108,2026-05-28T09:11:47.712,2026-05-28T09:27:17.712,,-0.20129159999987678
54.46562519999998,54.46562519999998,1.5527e-05,217,2026-05-28T09:11:48.170,2026-05-28T09:27:18.170,,54.513725499999964,-13.39,109,2026-05-28T09:11:48.219,2026-05-28T09:27:18.219,,0.04810029999998733
54.71505780000007,54.71505780000007,1.8783e-05,218,2026-05-28T09:11:48.420,2026-05-28T09:27:18.420,,54.513725499999964,-13.39,109,2026-05-28T09:11:48.219,2026-05-28T09:27:18.219,,-0.20133230000010371
54.965020200000254,54.965020200000254,1.6846e-05,219,2026-05-28T09:11:48.670,2026-05-28T09:27:18.670,,55.013336399999844,-13.59,110,2026-05-28T09:11:48.718,2026-05-28T09:27:18.718,,0.048316199999590026
55.214753700000074,55.214753700000074,1.6385e-05,220,2026-05-28T09:11:48.920,2026-05-28T09:27:18.920,,55.013336399999844,-13.59,110,2026-05-28T09:11:48.718,2026-05-28T09:27:18.718,,-0.20141730000023017
55.46450640000012,55.46450640000012,1.5118e-05,221,2026-05-28T09:11:49.170,2026-05-28T09:27:19.170,,55.51331200000004,-13.27,111,2026-05-28T09:11:49.209,2026-05-28T09:27:19.209,,0.04880559999992329
55.714561799999956,55.714561799999956,1.4312e-05,222,2026-05-28T09:11:49.410,2026-05-28T09:27:19.410,,55.51331200000004,-13.27,111,2026-05-28T09:11:49.209,2026-05-28T09:27:19.209,,-0.2012497999999141
55.96487920000027,55.96487920000027,2.072e-05,223,2026-05-28T09:11:49.669,2026-05-28T09:27:19.669,,56.0137079000001,-13.58,112,2026-05-28T09:11:49.719,2026-05-28T09:27:19.719,,0.04882869999983086
56.215122500000234,56.215122500000234,1.4459e-05,224,2026-05-28T09:11:49.920,2026-05-28T09:27:19.920,,56.0137079000001,-13.58,112,2026-05-28T09:11:49.719,2026-05-28T09:27:19.719,,-0.20141460000013467
56.465039499999875,56.465039499999875,1.7861e-05,225,2026-05-28T09:11:50.170,2026-05-28T09:27:20.170,,56.513268900000185,-13.91,113,2026-05-28T09:11:50.209,2026-05-28T09:27:20.209,,0.0482294000003094
56.71462939999992,56.71462939999992,2.4185e-05,226,2026-05-28T09:11:50.420,2026-05-28T09:27:20.420,,56.513268900000185,-13.91,113,2026-05-28T09:11:50.209,2026-05-28T09:27:20.209,,-0.20136049999973693
56.965047700000014,56.965047700000014,1.8217e-05,227,2026-05-28T09:11:50.670,2026-05-28T09:27:20.670,,57.01380599999993,-14.54,114,2026-05-28T09:11:50.719,2026-05-28T09:27:20.719,,0.048758299999917654
57.21511809999993,57.21511809999993,1.6553e-05,228,2026-05-28T09:11:50.920,2026-05-28T09:27:20.920,,57.01380599999993,-14.54,114,2026-05-28T09:11:50.719,2026-05-28T09:27:20.719,,-0.20131209999999555
57.464640300000156,57.464640300000156,2.0835e-05,229,2026-05-28T09:11:51.169,2026-05-28T09:27:21.169,,57.51371310000013,-14.61,115,2026-05-28T09:11:51.212,2026-05-28T09:27:21.212,,0.04907279999997627
57.71503380000013,57.71503380000013,1.6804e-05,230,2026-05-28T09:11:51.420,2026-05-28T09:27:21.420,,57.51371310000013,-14.61,115,2026-05-28T09:11:51.212,2026-05-28T09:27:21.212,,-0.20132069999999658
57.96496920000027,57.96496920000027,1.8249e-05,231,2026-05-28T09:11:51.670,2026-05-28T09:27:21.670,,58.01370140000017,-14.68,116,2026-05-28T09:11:51.718,2026-05-28T09:27:21.718,,0.04873219999990397
58.215068599999995,58.215068599999995,1.8552e-05,232,2026-05-28T09:11:51.920,2026-05-28T09:27:21.920,,58.01370140000017,-14.68,116,2026-05-28T09:11:51.718,2026-05-28T09:27:21.718,,-0.20136719999982233
58.46503299999995,58.46503299999995,2.005e-05,233,2026-05-28T09:11:52.170,2026-05-28T09:27:22.170,,58.513623800000005,-14.96,117,2026-05-28T09:11:52.219,2026-05-28T09:27:22.219,,0.04859080000005633
58.715138800000204,58.715138800000204,1.5192e-05,234,2026-05-28T09:11:52.420,2026-05-28T09:27:22.420,,58.513623800000005,-14.96,117,2026-05-28T09:11:52.219,2026-05-28T09:27:22.219,,-0.2015150000001995
58.96495709999999,58.96495709999999,1.8416e-05,235,2026-05-28T09:11:52.670,2026-05-28T09:27:22.670,,59.013338900000235,-15.46,118,2026-05-28T09:11:52.718,2026-05-28T09:27:22.718,,0.04838180000024295
59.21458050000001,59.21458050000001,1.5024e-05,236,2026-05-28T09:11:52.919,2026-05-28T09:27:22.919,,59.013338900000235,-15.46,118,2026-05-28T09:11:52.718,2026-05-28T09:27:22.718,,-0.20124159999977564
59.46484539999983,59.46484539999983,1.8772e-05,237,2026-05-28T09:11:53.170,2026-05-28T09:27:23.170,,59.513947400000234,-15.5,119,2026-05-28T09:11:53.219,2026-05-28T09:27:23.219,,0.04910200000040277
59.715080899999975,59.715080899999975,1.3558e-05,238,2026-05-28T09:11:53.420,2026-05-28T09:27:23.420,,59.513947400000234,-15.5,119,2026-05-28T09:11:53.219,2026-05-28T09:27:23.219,,-0.20113349999974162
59.96485130000019,59.96485130000019,1.8416e-05,239,2026-05-28T09:11:53.670,2026-05-28T09:27:23.670,,60.01368790000015,-15.64,120,2026-05-28T09:11:53.719,2026-05-28T09:27:23.719,,0.04883659999995871
60.215059499999825,60.215059499999825,1.694e-05,240,2026-05-28T09:11:53.920,2026-05-28T09:27:23.920,,60.01368790000015,-15.64,120,2026-05-28T09:11:53.719,2026-05-28T09:27:23.719,,-0.2013715999996748
60.46503239999993,60.46503239999993,1.9798e-05,241,2026-05-28T09:11:54.170,2026-05-28T09:27:24.170,,60.513725499999964,-15.93,121,2026-05-28T09:11:54.212,2026-05-28T09:27:24.212,,0.04869310000003679
60.71500240000023,60.71500240000023,1.537e-05,242,2026-05-28T09:11:54.420,2026-05-28T09:27:24.420,,60.513725499999964,-15.93,121,2026-05-28T09:11:54.212,2026-05-28T09:27:24.212,,-0.20127690000026632
60.96486619999996,60.96486619999996,1.7757e-05,243,2026-05-28T09:11:54.670,2026-05-28T09:27:24.670,,61.013598099999854,-16.09,122,2026-05-28T09:11:54.718,2026-05-28T09:27:24.718,,0.04873189999989336
61.215059499999825,61.215059499999825,1.3705e-05,244,2026-05-28T09:11:54.920,2026-05-28T09:27:24.920,,61.013598099999854,-16.09,122,2026-05-28T09:11:54.718,2026-05-28T09:27:24.718,,-0.20146139999997104
61.464601199999834,61.464601199999834,1.8898e-05,245,2026-05-28T09:11:55.169,2026-05-28T09:27:25.169,,61.513780000000224,-16.22,123,2026-05-28T09:11:55.219,2026-05-28T09:27:25.219,,0.049178800000390765
61.71549730000015,61.71549730000015,1.4846e-05,246,2026-05-28T09:11:55.421,2026-05-28T09:27:25.421,,61.513780000000224,-16.22,123,2026-05-28T09:11:55.219,2026-05-28T09:27:25.219,,-0.2017172999999275
61.96495730000015,61.96495730000015,1.9474e-05,247,2026-05-28T09:11:55.670,2026-05-28T09:27:25.670,,62.013657200000125,-16.59,124,2026-05-28T09:11:55.712,2026-05-28T09:27:25.712,,0.04869989999997415
62.21507479999991,62.21507479999991,1.5359e-05,248,2026-05-28T09:11:55.920,2026-05-28T09:27:25.920,,62.013657200000125,-16.59,124,2026-05-28T09:11:55.712,2026-05-28T09:27:25.712,,-0.20141759999978603
62.46498909999991,62.46498909999991,2.1337e-05,249,2026-05-28T09:11:56.170,2026-05-28T09:27:26.170,,62.51380659999995,-16.59,125,2026-05-28T09:11:56.219,2026-05-28T09:27:26.219,,0.048817500000041036
62.71512080000002,62.71512080000002,1.5998e-05,250,2026-05-28T09:11:56.420,2026-05-28T09:27:26.420,,62.51380659999995,-16.59,125,2026-05-28T09:11:56.219,2026-05-28T09:27:26.219,,-0.20131420000006983
62.964853400000266,62.964853400000266,2.0835e-05,251,2026-05-28T09:11:56.670,2026-05-28T09:27:26.670,,63.013692399999854,-16.92,126,2026-05-28T09:11:56.719,2026-05-28T09:27:26.719,,0.04883899999958885
63.21509520000018,63.21509520000018,1.5663e-05,252,2026-05-28T09:11:56.920,2026-05-28T09:27:26.920,,63.013692399999854,-16.92,126,2026-05-28T09:11:56.719,2026-05-28T09:27:26.719,,-0.20140280000032362
63.46568019999995,63.46568019999995,2.1044e-05,253,2026-05-28T09:11:57.169,2026-05-28T09:27:27.169,,63.51362160000008,-16.91,127,2026-05-28T09:11:57.212,2026-05-28T09:27:27.212,,0.04794140000012703
63.71493499999997,63.71493499999997,1.5097e-05,254,2026-05-28T09:11:57.420,2026-05-28T09:27:27.420,,63.51362160000008,-16.91,127,2026-05-28T09:11:57.212,2026-05-28T09:27:27.212,,-0.20131339999988995
63.96453599999995,63.96453599999995,2.0845e-05,255,2026-05-28T09:11:57.670,2026-05-28T09:27:27.670,,64.01369740000018,-17.66,128,2026-05-28T09:11:57.719,2026-05-28T09:27:27.719,,0.04916140000023006
64.21522090000008,64.21522090000008,1.7683e-05,256,2026-05-28T09:11:57.920,2026-05-28T09:27:27.920,,64.01369740000018,-17.66,128,2026-05-28T09:11:57.719,2026-05-28T09:27:27.719,,-0.20152349999989383
64.46680470000001,64.46680470000001,2.0877e-05,257,2026-05-28T09:11:58.171,2026-05-28T09:27:28.171,,64.51304170000003,-17.63,129,2026-05-28T09:11:58.209,2026-05-28T09:27:28.209,,0.04623700000001918
64.71457259999988,64.71457259999988,1.5171e-05,258,2026-05-28T09:11:58.420,2026-05-28T09:27:28.420,,64.51304170000003,-17.63,129,2026-05-28T09:11:58.209,2026-05-28T09:27:28.209,,-0.2015308999998524
64.9648459,64.9648459,1.9432e-05,259,2026-05-28T09:11:58.669,2026-05-28T09:27:28.669,,65.01331359999995,-17.71,130,2026-05-28T09:11:58.718,2026-05-28T09:27:28.718,,0.04846769999994649
65.21483500000022,65.21483500000022,1.5715e-05,260,2026-05-28T09:11:58.920,2026-05-28T09:27:28.920,,65.01331359999995,-17.71,130,2026-05-28T09:11:58.718,2026-05-28T09:27:28.718,,-0.2015214000002743
65.46502939999982,65.46502939999982,1.9275e-05,261,2026-05-28T09:11:59.170,2026-05-28T09:27:29.170,,65.51374380000016,-17.9,131,2026-05-28T09:11:59.218,2026-05-28T09:27:29.218,,0.048714400000335445
65.71500550000019,65.71500550000019,1.5736e-05,262,2026-05-28T09:11:59.420,2026-05-28T09:27:29.420,,65.51374380000016,-17.9,131,2026-05-28T09:11:59.218,2026-05-28T09:27:29.218,,-0.20126170000003185
65.96523109999998,65.96523109999998,1.962e-05,263,2026-05-28T09:11:59.671,2026-05-28T09:27:29.671,,66.01341649999995,-18.17,132,2026-05-28T09:11:59.709,2026-05-28T09:27:29.709,,0.04818539999996574
66.21456519999992,66.21456519999992,1.5338e-05,264,2026-05-28T09:11:59.920,2026-05-28T09:27:29.920,,66.01341649999995,-18.17,132,2026-05-28T09:11:59.709,2026-05-28T09:27:29.709,,-0.2011486999999761
66.46507740000015,66.46507740000015,2.0856e-05,265,2026-05-28T09:12:00.170,2026-05-28T09:27:30.170,,66.51378040000009,-18.51,133,2026-05-28T09:12:00.212,2026-05-28T09:27:30.212,,0.04870299999993222
66.71500430000015,66.71500430000015,1.7223e-05,266,2026-05-28T09:12:00.420,2026-05-28T09:27:30.420,,66.51378040000009,-18.51,133,2026-05-28T09:12:00.212,2026-05-28T09:27:30.212,,-0.20122390000005907
66.96504980000009,66.96504980000009,1.9746e-05,267,2026-05-28T09:12:00.670,2026-05-28T09:27:30.670,,67.01363010000023,-18.62,134,2026-05-28T09:12:00.719,2026-05-28T09:27:30.719,,0.04858030000013969
67.21505100000013,67.21505100000013,1.6239e-05,268,2026-05-28T09:12:00.920,2026-05-28T09:27:30.920,,67.01363010000023,-18.62,134,2026-05-28T09:12:00.719,2026-05-28T09:27:30.719,,-0.20142089999990276
67.46444599999995,67.46444599999995,2.1641e-05,269,2026-05-28T09:12:01.170,2026-05-28T09:27:31.170,,67.51375300000018,-19.3,135,2026-05-28T09:12:01.218,2026-05-28T09:27:31.218,,0.04930700000022625
67.71495540000024,67.71495540000024,1.7924e-05,270,2026-05-28T09:12:01.420,2026-05-28T09:27:31.420,,67.51375300000018,-19.3,135,2026-05-28T09:12:01.218,2026-05-28T09:27:31.218,,-0.2012024000000565
67.96502580000015,67.96502580000015,2.0604e-05,271,2026-05-28T09:12:01.670,2026-05-28T09:27:31.670,,68.01383459999988,-19.31,136,2026-05-28T09:12:01.719,2026-05-28T09:27:31.719,,0.04880879999973331
68.21514329999991,68.21514329999991,2.0269e-05,272,2026-05-28T09:12:01.920,2026-05-28T09:27:31.920,,68.01383459999988,-19.31,136,2026-05-28T09:12:01.719,2026-05-28T09:27:31.719,,-0.20130870000002687
68.46493580000015,68.46493580000015,2.0646e-05,273,2026-05-28T09:12:02.169,2026-05-28T09:27:32.169,,68.51374140000007,-19.4,137,2026-05-28T09:12:02.219,2026-05-28T09:27:32.219,,0.04880559999992329
68.71502790000022,68.71502790000022,1.4029e-05,274,2026-05-28T09:12:02.420,2026-05-28T09:27:32.420,,68.51374140000007,-19.4,137,2026-05-28T09:12:02.219,2026-05-28T09:27:32.219,,-0.20128650000015114
68.96487190000016,68.96487190000016,2.2782e-05,275,2026-05-28T09:12:02.670,2026-05-28T09:27:32.670,,69.01376970000001,-19.54,138,2026-05-28T09:12:02.718,2026-05-28T09:27:32.718,,0.04889779999984967
69.21502180000016,69.21502180000016,4.994e-06,276,2026-05-28T09:12:02.919,2026-05-28T09:27:32.919,,69.01376970000001,-19.54,138,2026-05-28T09:12:02.718,2026-05-28T09:27:32.718,,-0.20125210000014704
69.46499850000009,69.46499850000009,1.9809e-05,277,2026-05-28T09:12:03.170,2026-05-28T09:27:33.170,,69.51333900000009,-19.92,139,2026-05-28T09:12:03.209,2026-05-28T09:27:33.209,,0.04834049999999479
69.71469049999996,69.71469049999996,2.139e-05,278,2026-05-28T09:12:03.420,2026-05-28T09:27:33.420,,69.51333900000009,-19.92,139,2026-05-28T09:12:03.209,2026-05-28T09:27:33.209,,-0.20135149999987334
69.96497499999987,69.96497499999987,2.028e-05,279,2026-05-28T09:12:03.670,2026-05-28T09:27:33.670,,70.01372170000013,-20.13,140,2026-05-28T09:12:03.718,2026-05-28T09:27:33.718,,0.048746700000265264
70.21501829999988,70.21501829999988,9.391e-06,280,2026-05-28T09:12:03.920,2026-05-28T09:27:33.920,,70.01372170000013,-20.13,140,2026-05-28T09:12:03.718,2026-05-28T09:27:33.718,,-0.20129659999975047
70.46468770000001,70.46468770000001,1.8929e-05,281,2026-05-28T09:12:04.170,2026-05-28T09:27:34.170,,70.51382079999985,-20.18,141,2026-05-28T09:12:04.219,2026-05-28T09:27:34.219,,0.049133099999835395
70.71547790000022,70.71547790000022,1.5192e-05,282,2026-05-28T09:12:04.418,2026-05-28T09:27:34.418,,70.51382079999985,-20.18,141,2026-05-28T09:12:04.219,2026-05-28T09:27:34.219,,-0.20165710000037507
70.96492709999984,70.96492709999984,2.0196e-05,283,2026-05-28T09:12:04.669,2026-05-28T09:27:34.669,,71.01376990000017,-20.17,142,2026-05-28T09:12:04.719,2026-05-28T09:27:34.719,,0.04884280000032959
71.21502869999995,71.21502869999995,1.3684e-05,284,2026-05-28T09:12:04.911,2026-05-28T09:27:34.911,,71.01376990000017,-20.17,142,2026-05-28T09:12:04.719,2026-05-28T09:27:34.719,,-0.2012587999997777
71.46503329999996,71.46503329999996,1.9453e-05,285,2026-05-28T09:12:05.170,2026-05-28T09:27:35.170,,71.51333120000027,-20.4,143,2026-05-28T09:12:05.209,2026-05-28T09:27:35.209,,0.04829790000030698
71.71465149999995,71.71465149999995,1.4406e-05,286,2026-05-28T09:12:05.420,2026-05-28T09:27:35.420,,71.51333120000027,-20.4,143,2026-05-28T09:12:05.209,2026-05-28T09:27:35.209,,-0.20132029999967926
71.96493229999987,71.96493229999987,2.3295e-05,287,2026-05-28T09:12:05.669,2026-05-28T09:27:35.669,,72.0136164999999,-20.72,144,2026-05-28T09:12:05.719,2026-05-28T09:27:35.719,,0.04868420000002516
72.21513920000007,72.21513920000007,1.694e-05,288,2026-05-28T09:12:05.920,2026-05-28T09:27:35.920,,72.0136164999999,-20.72,144,2026-05-28T09:12:05.719,2026-05-28T09:27:35.719,,-0.2015227000001687
72.4655115999999,72.4655115999999,2.4876e-05,289,2026-05-28T09:12:06.171,2026-05-28T09:27:36.171,,72.5133552000002,-21.3,145,2026-05-28T09:12:06.209,2026-05-28T09:27:36.209,,0.04784360000030574
72.7146246000002,72.7146246000002,2.9e-06,290,2026-05-28T09:12:06.410,2026-05-28T09:27:36.410,,72.5133552000002,-21.3,145,2026-05-28T09:12:06.209,2026-05-28T09:27:36.209,,-0.20126940000000104
72.96478900000011,72.96478900000011,2.942e-05,291,2026-05-28T09:12:06.669,2026-05-28T09:27:36.669,,73.0137595000001,-21.38,146,2026-05-28T09:12:06.719,2026-05-28T09:27:36.719,,0.04897049999999581
73.2150873999999,73.2150873999999,1.3307e-05,292,2026-05-28T09:12:06.920,2026-05-28T09:27:36.920,,73.0137595000001,-21.38,146,2026-05-28T09:12:06.719,2026-05-28T09:27:36.719,,-0.2013278999997965
73.46460690000004,73.46460690000004,2.43e-05,293,2026-05-28T09:12:07.163,2026-05-28T09:27:37.163,,73.51380010000003,-21.55,147,2026-05-28T09:12:07.219,2026-05-28T09:27:37.219,,0.04919319999999061
73.71492919999991,73.71492919999991,1.2365e-05,294,2026-05-28T09:12:07.420,2026-05-28T09:27:37.420,,73.51380010000003,-21.55,147,2026-05-28T09:12:07.219,2026-05-28T09:27:37.219,,-0.20112909999988915
73.96484079999982,73.96484079999982,1.9652e-05,295,2026-05-28T09:12:07.670,2026-05-28T09:27:37.670,,74.01335109999991,-21.67,148,2026-05-28T09:12:07.709,2026-05-28T09:27:37.709,,0.048510300000089046
74.2149386000001,74.2149386000001,9.025e-06,296,2026-05-28T09:12:07.910,2026-05-28T09:27:37.910,,74.01335109999991,-21.67,148,2026-05-28T09:12:07.709,2026-05-28T09:27:37.709,,-0.201587500000187
74.46494740000026,74.46494740000026,2.0594e-05,297,2026-05-28T09:12:08.169,2026-05-28T09:27:38.169,,74.51374940000005,-21.94,149,2026-05-28T09:12:08.219,2026-05-28T09:27:38.219,,0.04880199999979595
74.71495689999983,74.71495689999983,1.3318e-05,298,2026-05-28T09:12:08.420,2026-05-28T09:27:38.420,,74.51374940000005,-21.94,149,2026-05-28T09:12:08.219,2026-05-28T09:27:38.219,,-0.20120749999978216
74.96529760000021,74.96529760000021,2.7295e-05,299,2026-05-28T09:12:08.670,2026-05-28T09:27:38.670,,75.01374759999999,-21.95,150,2026-05-28T09:12:08.718,2026-05-28T09:27:38.718,,0.04844999999977517
75.2151543,75.2151543,1.6479e-05,300,2026-05-28T09:12:08.920,2026-05-28T09:27:38.920,,75.01374759999999,-21.95,150,2026-05-28T09:12:08.718,2026-05-28T09:27:38.718,,-0.20140670000000682
75.46492679999983,75.46492679999983,3.0299e-05,301,2026-05-28T09:12:09.170,2026-05-28T09:27:39.170,,75.51374990000022,-22.06,151,2026-05-28T09:12:09.219,2026-05-28T09:27:39.219,,0.048823100000390696
75.71507400000019,75.71507400000019,1.627e-05,302,2026-05-28T09:12:09.420,2026-05-28T09:27:39.420,,75.51374990000022,-22.06,151,2026-05-28T09:12:09.219,2026-05-28T09:27:39.219,,-0.20132409999996526
75.9650274999999,75.9650274999999,2.7483e-05,303,2026-05-28T09:12:09.670,2026-05-28T09:27:39.670,,76.01377360000015,-22.66,152,2026-05-28T09:12:09.712,2026-05-28T09:27:39.712,,0.04874610000024404
76.21499159999985,76.21499159999985,1.7223e-05,304,2026-05-28T09:12:09.920,2026-05-28T09:27:39.920,,76.01377360000015,-22.66,152,2026-05-28T09:12:09.712,2026-05-28T09:27:39.712,,-0.2012179999996988
76.46494699999994,76.46494699999994,2.4573e-05,305,2026-05-28T09:12:10.170,2026-05-28T09:27:40.170,,76.51382849999982,-22.79,153,2026-05-28T09:12:10.219,2026-05-28T09:27:40.219,,0.04888149999987945
76.71501880000005,76.71501880000005,1.2375e-05,306,2026-05-28T09:12:10.420,2026-05-28T09:27:40.420,,76.51382849999982,-22.79,153,2026-05-28T09:12:10.219,2026-05-28T09:27:40.219,,-0.20119030000023486
76.96455500000002,76.96455500000002,2.3086e-05,307,2026-05-28T09:12:10.670,2026-05-28T09:27:40.670,,77.01377649999995,-22.88,154,2026-05-28T09:12:10.719,2026-05-28T09:27:40.719,,0.04922149999993053
77.21516960000008,77.21516960000008,1.6082e-05,308,2026-05-28T09:12:10.920,2026-05-28T09:27:40.920,,77.01377649999995,-22.88,154,2026-05-28T09:12:10.719,2026-05-28T09:27:40.719,,-0.2013931000001321
77.46504809999988,77.46504809999988,2.3714e-05,309,2026-05-28T09:12:11.170,2026-05-28T09:27:41.170,,77.5137923000002,-23.01,155,2026-05-28T09:12:11.212,2026-05-28T09:27:41.212,,0.04874420000032842
77.71497450000015,77.71497450000015,1.9024e-05,310,2026-05-28T09:12:11.420,2026-05-28T09:27:41.420,,77.5137923000002,-23.01,155,2026-05-28T09:12:11.212,2026-05-28T09:27:41.212,,-0.20118219999994835
77.96524850000014,77.96524850000014,2.0584e-05,311,2026-05-28T09:12:11.670,2026-05-28T09:27:41.670,,78.01374540000006,-23.19,156,2026-05-28T09:12:11.719,2026-05-28T09:27:41.719,,0.04849689999991824
78.2384692999999,78.2384692999999,1.5317e-05,312,2026-05-28T09:12:11.943,2026-05-28T09:27:41.943,,78.01374540000006,-23.19,156,2026-05-28T09:12:11.719,2026-05-28T09:27:41.719,,-0.22472389999984443
78.46490679999988,78.46490679999988,2.0772e-05,313,2026-05-28T09:12:12.162,2026-05-28T09:27:42.162,,78.51328330000024,-23.17,157,2026-05-28T09:12:12.209,2026-05-28T09:27:42.209,,0.048376500000358647
78.71468950000008,78.71468950000008,1.8186e-05,314,2026-05-28T09:12:12.420,2026-05-28T09:27:42.420,,78.51328330000024,-23.17,157,2026-05-28T09:12:12.209,2026-05-28T09:27:42.209,,-0.20140619999983755
78.9648701000001,78.9648701000001,2.3191e-05,315,2026-05-28T09:12:12.670,2026-05-28T09:27:42.670,,79.01372900000024,-23.41,158,2026-05-28T09:12:12.718,2026-05-28T09:27:42.718,,0.04885890000014115
79.21501549999994,79.21501549999994,1.538e-05,316,2026-05-28T09:12:12.920,2026-05-28T09:27:42.920,,79.01372900000024,-23.41,158,2026-05-28T09:12:12.718,2026-05-28T09:27:42.718,,-0.2012864999996964
79.46500550000019,79.46500550000019,2.3756e-05,317,2026-05-28T09:12:13.169,2026-05-28T09:27:43.169,,79.51373340000009,-23.85,159,2026-05-28T09:12:13.212,2026-05-28T09:27:43.212,,0.04872789999990346
79.71527590000005,79.71527590000005,1.5411e-05,318,2026-05-28T09:12:13.420,2026-05-28T09:27:43.420,,79.51373340000009,-23.85,159,2026-05-28T09:12:13.212,2026-05-28T09:27:43.212,,-0.20154249999995955
79.96504839999989,79.96504839999989,2.2123e-05,319,2026-05-28T09:12:13.660,2026-05-28T09:27:43.660,,80.01373599999988,-23.92,160,2026-05-28T09:12:13.718,2026-05-28T09:27:43.718,,0.048687599999993836
80.21505900000011,80.21505900000011,1.3496e-05,320,2026-05-28T09:12:13.920,2026-05-28T09:27:43.920,,80.01373599999988,-23.92,160,2026-05-28T09:12:13.718,2026-05-28T09:27:43.718,,-0.2013230000002295
80.46497260000024,80.46497260000024,2.2332e-05,321,2026-05-28T09:12:14.170,2026-05-28T09:27:44.170,,80.51362749999998,-24.47,161,2026-05-28T09:12:14.219,2026-05-28T09:27:44.219,,0.048654899999746704
80.71497779999982,80.71497779999982,1.3642e-05,322,2026-05-28T09:12:14.420,2026-05-28T09:27:44.420,,80.51362749999998,-24.47,161,2026-05-28T09:12:14.219,2026-05-28T09:27:44.219,,-0.2013502999998309
80.96483649999982,80.96483649999982,3.0959e-05,323,2026-05-28T09:12:14.669,2026-05-28T09:27:44.669,,81.0136179000001,-24.31,162,2026-05-28T09:12:14.712,2026-05-28T09:27:44.712,,0.04878140000027997
81.21469329999991,81.21469329999991,1.3516e-05,324,2026-05-28T09:12:14.920,2026-05-28T09:27:44.920,,81.0136179000001,-24.31,162,2026-05-28T09:12:14.712,2026-05-28T09:27:44.712,,-0.20107539999980872
81.46507239999983,81.46507239999983,2.1547e-05,325,2026-05-28T09:12:15.170,2026-05-28T09:27:45.170,,81.51339499999995,-24.78,163,2026-05-28T09:12:15.218,2026-05-28T09:27:45.218,,0.048322600000119564
81.7145101000001,81.7145101000001,2.0824e-05,326,2026-05-28T09:12:15.420,2026-05-28T09:27:45.420,,81.51339499999995,-24.78,163,2026-05-28T09:12:15.218,2026-05-28T09:27:45.218,,-0.20111510000015187
81.96478750000006,81.96478750000006,2.3117e-05,327,2026-05-28T09:12:15.670,2026-05-28T09:27:45.670,,82.01375480000024,-24.78,164,2026-05-28T09:12:15.718,2026-05-28T09:27:45.718,,0.04896730000018579
82.2151514000002,82.2151514000002,2.3641e-05,328,2026-05-28T09:12:15.920,2026-05-28T09:27:45.920,,82.01375480000024,-24.78,164,2026-05-28T09:12:15.718,2026-05-28T09:27:45.718,,-0.20139659999995274
82.46485979999989,82.46485979999989,4.0298e-05,329,2026-05-28T09:12:16.170,2026-05-28T09:27:46.170,,82.51351990000012,-24.9,165,2026-05-28T09:12:16.218,2026-05-28T09:27:46.218,,0.0486601000002338
82.71492059999991,82.71492059999991,2.1756e-05,330,2026-05-28T09:12:16.420,2026-05-28T09:27:46.420,,82.51351990000012,-24.9,165,2026-05-28T09:12:16.218,2026-05-28T09:27:46.218,,-0.2014006999997946
82.96493640000017,82.96493640000017,1.7537e-05,331,2026-05-28T09:12:16.670,2026-05-28T09:27:46.670,,83.01378139999997,-25.04,166,2026-05-28T09:12:16.719,2026-05-28T09:27:46.719,,0.048844999999801075
83.21529610000016,83.21529610000016,1.783e-05,332,2026-05-28T09:12:16.920,2026-05-28T09:27:46.920,,83.01378139999997,-25.04,166,2026-05-28T09:12:16.719,2026-05-28T09:27:46.719,,-0.2015147000001889
83.46472660000018,83.46472660000018,1.7998e-05,333,2026-05-28T09:12:17.169,2026-05-28T09:27:47.169,,83.5137866,-24.98,167,2026-05-28T09:12:17.219,2026-05-28T09:27:47.219,,0.04905999999982669
83.71502340000006,83.71502340000006,9.59e-06,334,2026-05-28T09:12:17.420,2026-05-28T09:27:47.420,,83.5137866,-24.98,167,2026-05-28T09:12:17.219,2026-05-28T09:27:47.219,,-0.2012368000000606
83.96512239999993,83.96512239999993,1.5003e-05,335,2026-05-28T09:12:17.670,2026-05-28T09:27:47.670,,84.01372279999987,-25.33,168,2026-05-28T09:12:17.719,2026-05-28T09:27:47.719,,0.048600399999941146
84.21500659999992,84.21500659999992,1.3422e-05,336,2026-05-28T09:12:17.920,2026-05-28T09:27:47.920,,84.01372279999987,-25.33,168,2026-05-28T09:12:17.719,2026-05-28T09:27:47.719,,-0.20128380000005563
84.46496049999996,84.46496049999996,2.1285e-05,337,2026-05-28T09:12:18.170,2026-05-28T09:27:48.170,,84.5135436999999,-25.56,169,2026-05-28T09:12:18.212,2026-05-28T09:27:48.212,,0.0485831999999391
84.7148900000002,84.7148900000002,1.6647e-05,338,2026-05-28T09:12:18.420,2026-05-28T09:27:48.420,,84.5135436999999,-25.56,169,2026-05-28T09:12:18.212,2026-05-28T09:27:48.212,,-0.20134630000029574
84.96492970000008,84.96492970000008,2.1767e-05,339,2026-05-28T09:12:18.670,2026-05-28T09:27:48.670,,85.01378680000016,-25.97,170,2026-05-28T09:12:18.718,2026-05-28T09:27:48.718,,0.04885710000007748
85.21500569999989,85.21500569999989,1.8814e-05,340,2026-05-28T09:12:18.920,2026-05-28T09:27:48.920,,85.01378680000016,-25.97,170,2026-05-28T09:12:18.718,2026-05-28T09:27:48.718,,-0.20121889999973064
85.4649245999999,85.4649245999999,1.6532e-05,341,2026-05-28T09:12:19.169,2026-05-28T09:27:49.169,,85.51362580000023,-25.92,171,2026-05-28T09:12:19.219,2026-05-28T09:27:49.219,,0.0487012000003233
85.71505919999981,85.71505919999981,1.2501e-05,342,2026-05-28T09:12:19.419,2026-05-28T09:27:49.419,,85.51362580000023,-25.92,171,2026-05-28T09:12:19.219,2026-05-28T09:27:49.219,,-0.20143339999958698
85.96500409999999,85.96500409999999,2.1201e-05,343,2026-05-28T09:12:19.670,2026-05-28T09:27:49.670,,86.01379720000023,-26.05,172,2026-05-28T09:12:19.712,2026-05-28T09:27:49.712,,0.048793100000239065
86.2150646,86.2150646,1.8992e-05,344,2026-05-28T09:12:19.920,2026-05-28T09:27:49.920,,86.01379720000023,-26.05,172,2026-05-28T09:12:19.712,2026-05-28T09:27:49.712,,-0.20126739999977872
86.46496849999994,86.46496849999994,1.849e-05,345,2026-05-28T09:12:20.170,2026-05-28T09:27:50.170,,86.51377430000002,-26.42,173,2026-05-28T09:12:20.219,2026-05-28T09:27:50.219,,0.048805800000081945
86.71503910000001,86.71503910000001,1.8259e-05,346,2026-05-28T09:12:20.420,2026-05-28T09:27:50.420,,86.51377430000002,-26.42,173,2026-05-28T09:12:20.219,2026-05-28T09:27:50.219,,-0.20126479999998992
86.96518470000001,86.96518470000001,2.4583e-05,347,2026-05-28T09:12:20.670,2026-05-28T09:27:50.670,,87.01360609999983,-26.54,174,2026-05-28T09:12:20.719,2026-05-28T09:27:50.719,,0.048421399999824644
87.21500939999987,87.21500939999987,2.3976e-05,348,2026-05-28T09:12:20.920,2026-05-28T09:27:50.920,,87.01360609999983,-26.54,174,2026-05-28T09:12:20.719,2026-05-28T09:27:50.719,,-0.20140330000003814
87.46485680000023,87.46485680000023,2.3798e-05,349,2026-05-28T09:12:21.170,2026-05-28T09:27:51.170,,87.51354129999982,-26.69,175,2026-05-28T09:12:21.219,2026-05-28T09:27:51.219,,0.04868449999958102
87.7146557000001,87.7146557000001,1.9955e-05,350,2026-05-28T09:12:21.419,2026-05-28T09:27:51.419,,87.51354129999982,-26.69,175,2026-05-28T09:12:21.219,2026-05-28T09:27:51.219,,-0.2011144000002787
87.9649445,87.9649445,1.626e-05,351,2026-05-28T09:12:21.670,2026-05-28T09:27:51.670,,88.01362180000024,-26.82,176,2026-05-28T09:12:21.712,2026-05-28T09:27:51.712,,0.048677300000235846
88.21500109999988,88.21500109999988,1.6165e-05,352,2026-05-28T09:12:21.920,2026-05-28T09:27:51.920,,88.01362180000024,-26.82,176,2026-05-28T09:12:21.712,2026-05-28T09:27:51.712,,-0.201379299999644
88.46493939999982,88.46493939999982,1.3098e-05,353,2026-05-28T09:12:22.170,2026-05-28T09:27:52.170,,88.5137407000002,-26.94,177,2026-05-28T09:12:22.219,2026-05-28T09:27:52.219,,0.04880130000037752
88.71549929999992,88.71549929999992,1.6898e-05,354,2026-05-28T09:12:22.421,2026-05-28T09:27:52.421,,88.5137407000002,-26.94,177,2026-05-28T09:12:22.219,2026-05-28T09:27:52.219,,-0.2017585999997209
88.96475770000006,88.96475770000006,2.0709e-05,355,2026-05-28T09:12:22.670,2026-05-28T09:27:52.670,,89.01374769999984,-27.22,178,2026-05-28T09:12:22.719,2026-05-28T09:27:52.719,,0.048989999999776046
89.2150830999999,89.2150830999999,2.2855e-05,356,2026-05-28T09:12:22.920,2026-05-28T09:27:52.920,,89.01374769999984,-27.22,178,2026-05-28T09:12:22.719,2026-05-28T09:27:52.719,,-0.20133540000006178
89.46509030000016,89.46509030000016,2.184e-05,357,2026-05-28T09:12:23.168,2026-05-28T09:27:53.168,,89.51352869999982,-27.27,179,2026-05-28T09:12:23.212,2026-05-28T09:27:53.212,,0.048438399999668036
89.71481440000025,89.71481440000025,2.5389e-05,358,2026-05-28T09:12:23.418,2026-05-28T09:27:53.418,,89.51352869999982,-27.27,179,2026-05-28T09:12:23.212,2026-05-28T09:27:53.212,,-0.201285700000426
89.96483649999982,89.96483649999982,1.8804e-05,359,2026-05-28T09:12:23.668,2026-05-28T09:27:53.668,,90.01365609999993,-27.51,180,2026-05-28T09:12:23.719,2026-05-28T09:27:53.719,,0.048819600000115315
90.21491490000017,90.21491490000017,2.5975e-05,360,2026-05-28T09:12:23.919,2026-05-28T09:27:53.919,,90.01365609999993,-27.51,180,2026-05-28T09:12:23.719,2026-05-28T09:27:53.719,,-0.20125880000023244
90.46538139999984,90.46538139999984,1.961e-05,361,2026-05-28T09:12:24.171,2026-05-28T09:27:54.171,,90.51320910000004,-27.67,181,2026-05-28T09:12:24.209,2026-05-28T09:27:54.209,,0.04782770000019809
90.71459240000013,90.71459240000013,2.5913e-05,362,2026-05-28T09:12:24.411,2026-05-28T09:27:54.411,,90.51320910000004,-27.67,181,2026-05-28T09:12:24.209,2026-05-28T09:27:54.209,,-0.20138330000008864
90.96490129999984,90.96490129999984,1.8029e-05,363,2026-05-28T09:12:24.668,2026-05-28T09:27:54.668,,91.01361260000022,-27.77,182,2026-05-28T09:12:24.712,2026-05-28T09:27:54.712,,0.04871130000037738
91.21507259999998,91.21507259999998,2.4363e-05,364,2026-05-28T09:12:24.920,2026-05-28T09:27:54.920,,91.01361260000022,-27.77,182,2026-05-28T09:12:24.712,2026-05-28T09:27:54.712,,-0.20145999999976993
91.46481050000011,91.46481050000011,1.4563e-05,365,2026-05-28T09:12:25.170,2026-05-28T09:27:55.170,,91.5136751,-28.25,183,2026-05-28T09:12:25.219,2026-05-28T09:27:55.219,,0.048864599999888014
91.71494570000004,91.71494570000004,2.9022e-05,366,2026-05-28T09:12:25.420,2026-05-28T09:27:55.420,,91.5136751,-28.25,183,2026-05-28T09:12:25.219,2026-05-28T09:27:55.219,,-0.2012706000000435
91.98816810000017,91.98816810000017,1.805e-05,367,2026-05-28T09:12:25.692,2026-05-28T09:27:55.692,,92.01331290000007,-28.15,184,2026-05-28T09:12:25.709,2026-05-28T09:27:55.709,,0.025144799999907264
92.21508870000025,92.21508870000025,2.7598e-05,368,2026-05-28T09:12:25.919,2026-05-28T09:27:55.919,,92.01331290000007,-28.15,184,2026-05-28T09:12:25.709,2026-05-28T09:27:55.709,,-0.2017758000001777
92.46496290000005,92.46496290000005,1.3977e-05,369,2026-05-28T09:12:26.170,2026-05-28T09:27:56.170,,92.51369199999999,-28.46,185,2026-05-28T09:12:26.212,2026-05-28T09:27:56.212,,0.0487290999999459
92.71490339999991,92.71490339999991,2.8928e-05,370,2026-05-28T09:12:26.420,2026-05-28T09:27:56.420,,92.51369199999999,-28.46,185,2026-05-28T09:12:26.212,2026-05-28T09:27:56.212,,-0.2012113999999201
92.96503500000017,92.96503500000017,1.248e-05,371,2026-05-28T09:12:26.670,2026-05-28T09:27:56.670,,93.01347900000019,-28.44,186,2026-05-28T09:12:26.718,2026-05-28T09:27:56.718,,0.048444000000017695
93.21485570000004,93.21485570000004,2.9933e-05,372,2026-05-28T09:12:26.920,2026-05-28T09:27:56.920,,93.01347900000019,-28.44,186,2026-05-28T09:12:26.718,2026-05-28T09:27:56.718,,-0.2013766999998552
93.46479390000013,93.46479390000013,1.382e-05,373,2026-05-28T09:12:27.170,2026-05-28T09:27:57.170,,93.51366569999982,-28.85,187,2026-05-28T09:12:27.218,2026-05-28T09:27:57.218,,0.04887179999968794
93.71506279999994,93.71506279999994,2.808e-05,374,2026-05-28T09:12:27.420,2026-05-28T09:27:57.420,,93.51366569999982,-28.85,187,2026-05-28T09:12:27.218,2026-05-28T09:27:57.218,,-0.201397100000122
93.96500760000026,93.96500760000026,1.3831e-05,375,2026-05-28T09:12:27.670,2026-05-28T09:27:57.670,,94.01371229999995,-28.91,188,2026-05-28T09:12:27.719,2026-05-28T09:27:57.719,,0.04870469999968918
94.21508810000023,94.21508810000023,3.1849e-05,376,2026-05-28T09:12:27.920,2026-05-28T09:27:57.920,,94.01371229999995,-28.91,188,2026-05-28T09:12:27.719,2026-05-28T09:27:57.719,,-0.2013758000002781
94.46489239999983,94.46489239999983,1.3998e-05,377,2026-05-28T09:12:28.170,2026-05-28T09:27:58.170,,94.51360040000009,-29.13,189,2026-05-28T09:12:28.219,2026-05-28T09:27:58.219,,0.048708000000260654
94.71492699999999,94.71492699999999,3.0373e-05,378,2026-05-28T09:12:28.420,2026-05-28T09:27:58.420,,94.51360040000009,-29.13,189,2026-05-28T09:12:28.219,2026-05-28T09:27:58.219,,-0.2013265999999021
94.96489789999987,94.96489789999987,1.3307e-05,379,2026-05-28T09:12:28.670,2026-05-28T09:27:58.670,,95.01369710000017,-29.27,190,2026-05-28T09:12:28.719,2026-05-28T09:27:58.719,,0.048799200000303244
95.2150603,95.2150603,3.2624e-05,380,2026-05-28T09:12:28.920,2026-05-28T09:27:58.920,,95.01369710000017,-29.27,190,2026-05-28T09:12:28.719,2026-05-28T09:27:58.719,,-0.20136319999983243
95.46491530000003,95.46491530000003,1.2218e-05,381,2026-05-28T09:12:29.170,2026-05-28T09:27:59.170,,95.5135123,-29.43,191,2026-05-28T09:12:29.219,2026-05-28T09:27:59.219,,0.04859699999997247
95.71473839999999,95.71473839999999,3.9764e-05,382,2026-05-28T09:12:29.420,2026-05-28T09:27:59.420,,95.5135123,-29.43,191,2026-05-28T09:12:29.219,2026-05-28T09:27:59.219,,-0.2012260999999853
95.96493920000012,95.96493920000012,1.6144e-05,383,2026-05-28T09:12:29.670,2026-05-28T09:27:59.670,,96.0137322999999,-29.49,192,2026-05-28T09:12:29.719,2026-05-28T09:27:59.719,,0.04879309999978432
96.21497550000004,96.21497550000004,-1.2082e-05,384,2026-05-28T09:12:29.920,2026-05-28T09:27:59.920,,96.0137322999999,-29.49,192,2026-05-28T09:12:29.719,2026-05-28T09:27:59.719,,-0.2012432000001354
96.46504679999998,96.46504679999998,1.1004e-05,385,2026-05-28T09:12:30.170,2026-05-28T09:28:00.170,,96.51369280000017,-29.59,193,2026-05-28T09:12:30.218,2026-05-28T09:28:00.218,,0.048646000000189815
96.71489100000008,96.71489100000008,4.1963e-05,386,2026-05-28T09:12:30.419,2026-05-28T09:28:00.419,,96.51369280000017,-29.59,193,2026-05-28T09:12:30.218,2026-05-28T09:28:00.218,,-0.20119819999990796
96.96488920000002,96.96488920000002,1.271e-05,387,2026-05-28T09:12:30.670,2026-05-28T09:28:00.670,,97.01341000000002,-30.02,194,2026-05-28T09:12:30.719,2026-05-28T09:28:00.719,,0.04852080000000569
97.2147857,97.2147857,3.499e-05,388,2026-05-28T09:12:30.911,2026-05-28T09:28:00.911,,97.01341000000002,-30.02,194,2026-05-28T09:12:30.719,2026-05-28T09:28:00.719,,-0.2013756999999714
97.46482659999992,97.46482659999992,1.2836e-05,389,2026-05-28T09:12:31.169,2026-05-28T09:28:01.169,,97.51369410000007,-30.18,195,2026-05-28T09:12:31.219,2026-05-28T09:28:01.219,,0.04886750000014217
97.71538839999994,97.71538839999994,3.1074e-05,390,2026-05-28T09:12:31.421,2026-05-28T09:28:01.421,,97.51369410000007,-30.18,195,2026-05-28T09:12:31.219,2026-05-28T09:28:01.219,,-0.20169429999987187
97.9647986,97.9647986,1.0417e-05,391,2026-05-28T09:12:31.670,2026-05-28T09:28:01.670,,98.01363690000017,-30.35,196,2026-05-28T09:12:31.718,2026-05-28T09:28:01.718,,0.04883830000017042
98.21490970000013,98.21490970000013,3.1326e-05,392,2026-05-28T09:12:31.918,2026-05-28T09:28:01.918,,98.01363690000017,-30.35,196,2026-05-28T09:12:31.718,2026-05-28T09:28:01.718,,-0.20127279999996972
98.46500259999993,98.46500259999993,1.3778e-05,393,2026-05-28T09:12:32.169,2026-05-28T09:28:02.169,,98.5136379999999,-30.54,197,2026-05-28T09:12:32.219,2026-05-28T09:28:02.219,,0.04863539999996647
98.71498810000003,98.71498810000003,2.8425e-05,394,2026-05-28T09:12:32.419,2026-05-28T09:28:02.419,,98.5136379999999,-30.54,197,2026-05-28T09:12:32.219,2026-05-28T09:28:02.219,,-0.20135010000012699
98.96487939999997,98.96487939999997,1.4658e-05,395,2026-05-28T09:12:32.669,2026-05-28T09:28:02.669,,99.01370320000024,-30.68,198,2026-05-28T09:12:32.719,2026-05-28T09:28:02.719,,0.04882380000026387
99.21496650000017,99.21496650000017,2.763e-05,396,2026-05-28T09:12:32.920,2026-05-28T09:28:02.920,,99.01370320000024,-30.68,198,2026-05-28T09:12:32.719,2026-05-28T09:28:02.719,,-0.20126329999993686
99.46541949999983,99.46541949999983,1.5788e-05,397,2026-05-28T09:12:33.169,2026-05-28T09:28:03.169,,99.51372089999995,-30.74,199,2026-05-28T09:12:33.219,2026-05-28T09:28:03.219,,0.048301400000127614
99.71499929999982,99.71499929999982,2.7839e-05,398,2026-05-28T09:12:33.419,2026-05-28T09:28:03.419,,99.51372089999995,-30.74,199,2026-05-28T09:12:33.219,2026-05-28T09:28:03.219,,-0.20127839999986463
99.96482100000003,99.96482100000003,1.5202e-05,399,2026-05-28T09:12:33.670,2026-05-28T09:28:03.670,,100.01370279999992,-31.0,200,2026-05-28T09:12:33.719,2026-05-28T09:28:03.719,,0.04888179999989006
100.21522910000022,100.21522910000022,2.741e-05,400,2026-05-28T09:12:33.911,2026-05-28T09:28:03.911,,100.01370279999992,-31.0,200,2026-05-28T09:12:33.719,2026-05-28T09:28:03.719,,-0.20152630000029603
100.46491960000003,100.46491960000003,1.6888e-05,401,2026-05-28T09:12:34.169,2026-05-28T09:28:04.169,,100.51369440000008,-31.18,201,2026-05-28T09:12:34.219,2026-05-28T09:28:04.219,,0.048774800000046525
100.71498419999989,100.71498419999989,2.4991e-05,402,2026-05-28T09:12:34.420,2026-05-28T09:28:04.420,,100.51369440000008,-31.18,201,2026-05-28T09:12:34.219,2026-05-28T09:28:04.219,,-0.2012897999998131
100.9651629,100.9651629,1.2983e-05,403,2026-05-28T09:12:34.670,2026-05-28T09:28:04.670,,101.01358029999983,-31.47,202,2026-05-28T09:12:34.719,2026-05-28T09:28:04.719,,0.04841739999983474
101.21522510000023,101.21522510000023,2.8509e-05,404,2026-05-28T09:12:34.919,2026-05-28T09:28:04.919,,101.01358029999983,-31.47,202,2026-05-28T09:12:34.719,2026-05-28T09:28:04.719,,-0.20164480000039475
101.46487030000026,101.46487030000026,1.7998e-05,405,2026-05-28T09:12:35.170,2026-05-28T09:28:05.170,,101.51370670000006,-31.5,203,2026-05-28T09:12:35.219,2026-05-28T09:28:05.219,,0.04883639999980005
101.71499649999987,101.71499649999987,2.4227e-05,406,2026-05-28T09:12:35.420,2026-05-28T09:28:05.420,,101.51370670000006,-31.5,203,2026-05-28T09:12:35.219,2026-05-28T09:28:05.219,,-0.2012897999998131
101.96505239999988,101.96505239999988,1.9882e-05,407,2026-05-28T09:12:35.670,2026-05-28T09:28:05.670,,102.01369079999995,-31.69,204,2026-05-28T09:12:35.719,2026-05-28T09:28:05.719,,0.04863840000007258
102.21495499999992,102.21495499999992,2.1913e-05,408,2026-05-28T09:12:35.920,2026-05-28T09:28:05.920,,102.01369079999995,-31.69,204,2026-05-28T09:12:35.719,2026-05-28T09:28:05.719,,-0.2012641999999687
102.46512919999986,102.46512919999986,1.9777e-05,409,2026-05-28T09:12:36.170,2026-05-28T09:28:06.170,,102.51358400000026,-31.83,205,2026-05-28T09:12:36.219,2026-05-28T09:28:06.219,,0.0484548000003997
102.71486589999995,102.71486589999995,2.3107e-05,410,2026-05-28T09:12:36.419,2026-05-28T09:28:06.419,,102.51358400000026,-31.83,205,2026-05-28T09:12:36.219,2026-05-28T09:28:06.219,,-0.20128189999968527
102.9649515000001,102.9649515000001,1.8343e-05,411,2026-05-28T09:12:36.670,2026-05-28T09:28:06.670,,103.01363790000005,-31.98,206,2026-05-28T09:12:36.719,2026-05-28T09:28:06.719,,0.04868639999995139
103.21515379999983,103.21515379999983,2.2814e-05,412,2026-05-28T09:12:36.920,2026-05-28T09:28:06.920,,103.01363790000005,-31.98,206,2026-05-28T09:12:36.719,2026-05-28T09:28:06.719,,-0.2015158999997766
103.46500210000022,103.46500210000022,2.1871e-05,413,2026-05-28T09:12:37.170,2026-05-28T09:28:07.170,,103.51372309999988,-32.27,207,2026-05-28T09:12:37.212,2026-05-28T09:28:07.212,,0.0487209999996594
103.71499189999986,103.71499189999986,2.4227e-05,414,2026-05-28T09:12:37.420,2026-05-28T09:28:07.420,,103.51372309999988,-32.27,207,2026-05-28T09:12:37.212,2026-05-28T09:28:07.212,,-0.20126879999997982
103.96480780000002,103.96480780000002,2.4792e-05,415,2026-05-28T09:12:37.669,2026-05-28T09:28:07.669,,104.01358440000013,-32.26,208,2026-05-28T09:12:37.719,2026-05-28T09:28:07.719,,0.04877660000011019
104.21500210000022,104.21500210000022,2.0835e-05,416,2026-05-28T09:12:37.920,2026-05-28T09:28:07.920,,104.01358440000013,-32.26,208,2026-05-28T09:12:37.719,2026-05-28T09:28:07.719,,-0.20141770000009274
104.46488869999985,104.46488869999985,2.3201e-05,417,2026-05-28T09:12:38.170,2026-05-28T09:28:08.170,,104.51357420000022,-32.44,209,2026-05-28T09:12:38.219,2026-05-28T09:28:08.219,,0.048685500000374304
104.71483500000022,104.71483500000022,1.9652e-05,418,2026-05-28T09:12:38.420,2026-05-28T09:28:08.420,,104.51357420000022,-32.44,209,2026-05-28T09:12:38.219,2026-05-28T09:28:08.219,,-0.20126080000000002
104.96502390000023,104.96502390000023,2.094e-05,419,2026-05-28T09:12:38.670,2026-05-28T09:28:08.670,,105.01365769999984,-32.63,210,2026-05-28T09:12:38.712,2026-05-28T09:28:08.712,,0.04863379999960671
105.21485650000022,105.21485650000022,1.9558e-05,420,2026-05-28T09:12:38.920,2026-05-28T09:28:08.920,,105.01365769999984,-32.63,210,2026-05-28T09:12:38.712,2026-05-28T09:28:08.712,,-0.20119880000038393
105.46490360000007,105.46490360000007,1.984e-05,421,2026-05-28T09:12:39.170,2026-05-28T09:28:09.170,,105.51356570000007,-32.78,211,2026-05-28T09:12:39.218,2026-05-28T09:28:09.218,,0.048662100000001374
105.71491680000008,105.71491680000008,1.5872e-05,422,2026-05-28T09:12:39.420,2026-05-28T09:28:09.420,,105.51356570000007,-32.78,211,2026-05-28T09:12:39.218,2026-05-28T09:28:09.218,,-0.20135110000001077
105.96493880000025,105.96493880000025,2.4751e-05,423,2026-05-28T09:12:39.670,2026-05-28T09:28:09.670,,106.01369579999982,-33.07,212,2026-05-28T09:12:39.719,2026-05-28T09:28:09.719,,0.04875699999956851
106.21510080000007,106.21510080000007,1.8657e-05,424,2026-05-28T09:12:39.920,2026-05-28T09:28:09.920,,106.01369579999982,-33.07,212,2026-05-28T09:12:39.719,2026-05-28T09:28:09.719,,-0.20140500000024986
106.46497700000009,106.46497700000009,2.5169e-05,425,2026-05-28T09:12:40.170,2026-05-28T09:28:10.170,,106.51362879999988,-33.07,213,2026-05-28T09:12:40.212,2026-05-28T09:28:10.212,,0.048651799999788636
106.71530979999989,106.71530979999989,1.4867e-05,426,2026-05-28T09:12:40.420,2026-05-28T09:28:10.420,,106.51362879999988,-33.07,213,2026-05-28T09:12:40.212,2026-05-28T09:28:10.212,,-0.20168100000000777
106.96485100000018,106.96485100000018,2.6541e-05,427,2026-05-28T09:12:40.670,2026-05-28T09:28:10.670,,107.01373030000013,-33.28,214,2026-05-28T09:12:40.719,2026-05-28T09:28:10.719,,0.04887929999995322
107.21480490000022,107.21480490000022,1.8846e-05,428,2026-05-28T09:12:40.920,2026-05-28T09:28:10.920,,107.01373030000013,-33.28,214,2026-05-28T09:12:40.719,2026-05-28T09:28:10.719,,-0.2010746000000836
107.46505380000008,107.46505380000008,2.5609e-05,429,2026-05-28T09:12:41.170,2026-05-28T09:28:11.170,,107.51361850000012,-33.32,215,2026-05-28T09:12:41.218,2026-05-28T09:28:11.218,,0.04856470000004265
107.71490810000023,107.71490810000023,1.8615e-05,430,2026-05-28T09:12:41.420,2026-05-28T09:28:11.420,,107.51361850000012,-33.32,215,2026-05-28T09:12:41.218,2026-05-28T09:28:11.218,,-0.2012896000001092
107.96502710000004,107.96502710000004,2.3735e-05,431,2026-05-28T09:12:41.668,2026-05-28T09:28:11.668,,108.01348839999991,-33.56,216,2026-05-28T09:12:41.719,2026-05-28T09:28:11.719,,0.0484612999998717
108.21481900000026,108.21481900000026,1.7212e-05,432,2026-05-28T09:12:41.912,2026-05-28T09:28:11.912,,108.01348839999991,-33.56,216,2026-05-28T09:12:41.719,2026-05-28T09:28:11.719,,-0.20133060000034675
108.46537089999993,108.46537089999993,2.4164e-05,433,2026-05-28T09:12:42.169,2026-05-28T09:28:12.169,,108.51358179999988,-33.73,217,2026-05-28T09:12:42.219,2026-05-28T09:28:12.219,,0.0482108999999582
108.71493199999986,108.71493199999986,1.8123e-05,434,2026-05-28T09:12:42.420,2026-05-28T09:28:12.420,,108.51358179999988,-33.73,217,2026-05-28T09:12:42.219,2026-05-28T09:28:12.219,,-0.20135019999997894
108.96509700000024,108.96509700000024,2.2908e-05,435,2026-05-28T09:12:42.670,2026-05-28T09:28:12.670,,109.01365309999983,-34.05,218,2026-05-28T09:12:42.719,2026-05-28T09:28:12.719,,0.04855609999958688
109.2150071000001,109.2150071000001,1.3506e-05,436,2026-05-28T09:12:42.920,2026-05-28T09:28:12.920,,109.01365309999983,-34.05,218,2026-05-28T09:12:42.719,2026-05-28T09:28:12.719,,-0.20135400000026493
109.4649460999999,109.4649460999999,2.5159e-05,437,2026-05-28T09:12:43.170,2026-05-28T09:28:13.170,,109.51364700000022,-34.11,219,2026-05-28T09:12:43.212,2026-05-28T09:28:13.212,,0.048700900000312686
109.71497120000004,109.71497120000004,1.8867e-05,438,2026-05-28T09:12:43.420,2026-05-28T09:28:13.420,,109.51364700000022,-34.11,219,2026-05-28T09:12:43.212,2026-05-28T09:28:13.212,,-0.2013241999998172
109.9649201000002,109.9649201000002,2.6803e-05,439,2026-05-28T09:12:43.670,2026-05-28T09:28:13.670,,110.01369740000018,-34.34,220,2026-05-28T09:12:43.719,2026-05-28T09:28:13.719,,0.04877729999998337
110.21536629999991,110.21536629999991,1.7725e-05,440,2026-05-28T09:12:43.921,2026-05-28T09:28:13.921,,110.01369740000018,-34.34,220,2026-05-28T09:12:43.719,2026-05-28T09:28:13.719,,-0.20166889999973137
110.46507090000023,110.46507090000023,2.7274e-05,441,2026-05-28T09:12:44.170,2026-05-28T09:28:14.170,,110.51368300000013,-34.42,221,2026-05-28T09:12:44.219,2026-05-28T09:28:14.219,,0.04861209999990024
110.71489389999988,110.71489389999988,2.5337e-05,442,2026-05-28T09:12:44.420,2026-05-28T09:28:14.420,,110.51368300000013,-34.42,221,2026-05-28T09:12:44.219,2026-05-28T09:28:14.219,,-0.20121089999975084
110.96491070000002,110.96491070000002,7.664e-06,443,2026-05-28T09:12:44.670,2026-05-28T09:28:14.670,,111.01325270000007,-34.61,222,2026-05-28T09:12:44.709,2026-05-28T09:28:14.709,,0.04834200000004785
111.21448340000006,111.21448340000006,1.2585e-05,444,2026-05-28T09:12:44.920,2026-05-28T09:28:14.920,,111.01325270000007,-34.61,222,2026-05-28T09:12:44.709,2026-05-28T09:28:14.709,,-0.20123069999999643
111.46490829999993,111.46490829999993,2.5808e-05,445,2026-05-28T09:12:45.170,2026-05-28T09:28:15.170,,111.51352420000012,-34.64,223,2026-05-28T09:12:45.219,2026-05-28T09:28:15.219,,0.04861590000018623
111.71480040000006,111.71480040000006,1.9955e-05,446,2026-05-28T09:12:45.419,2026-05-28T09:28:15.419,,111.51352420000012,-34.64,223,2026-05-28T09:12:45.219,2026-05-28T09:28:15.219,,-0.2012761999999384
111.96477540000024,111.96477540000024,2.5986e-05,447,2026-05-28T09:12:45.669,2026-05-28T09:28:15.669,,112.01364030000013,-34.92,224,2026-05-28T09:12:45.719,2026-05-28T09:28:15.719,,0.048864899999898626
112.21502090000013,112.21502090000013,1.7359e-05,448,2026-05-28T09:12:45.920,2026-05-28T09:28:15.920,,112.01364030000013,-34.92,224,2026-05-28T09:12:45.719,2026-05-28T09:28:15.719,,-0.20138059999999314
112.46482040000001,112.46482040000001,2.7263e-05,449,2026-05-28T09:12:46.169,2026-05-28T09:28:16.169,,112.51360220000015,-35.02,225,2026-05-28T09:12:46.218,2026-05-28T09:28:16.218,,0.04878180000014254
112.71516890000021,112.71516890000021,1.4365e-05,450,2026-05-28T09:12:46.420,2026-05-28T09:28:16.420,,112.51360220000015,-35.02,225,2026-05-28T09:12:46.218,2026-05-28T09:28:16.218,,-0.2015667000000576
112.96491109999988,112.96491109999988,2.8404e-05,451,2026-05-28T09:12:46.669,2026-05-28T09:28:16.669,,113.01369460000024,-35.18,226,2026-05-28T09:12:46.719,2026-05-28T09:28:16.719,,0.04878350000035425
113.21490480000011,113.21490480000011,2.3232e-05,452,2026-05-28T09:12:46.920,2026-05-28T09:28:16.920,,113.01369460000024,-35.18,226,2026-05-28T09:12:46.719,2026-05-28T09:28:16.719,,-0.20121019999987766
113.46458389999998,113.46458389999998,2.4196e-05,453,2026-05-28T09:12:47.169,2026-05-28T09:28:17.169,,113.5135820999999,-35.29,227,2026-05-28T09:12:47.219,2026-05-28T09:28:17.219,,0.048998199999914505
113.71489969999993,113.71489969999993,2.2625e-05,454,2026-05-28T09:12:47.419,2026-05-28T09:28:17.419,,113.5135820999999,-35.29,227,2026-05-28T09:12:47.219,2026-05-28T09:28:17.219,,-0.2013176000000385
113.96481760000006,113.96481760000006,2.3704e-05,455,2026-05-28T09:12:47.668,2026-05-28T09:28:17.668,,114.01347239999996,-35.43,228,2026-05-28T09:12:47.719,2026-05-28T09:28:17.719,,0.04865479999989475
114.21482280000009,114.21482280000009,1.4595e-05,456,2026-05-28T09:12:47.919,2026-05-28T09:28:17.919,,114.01347239999996,-35.43,228,2026-05-28T09:12:47.719,2026-05-28T09:28:17.719,,-0.2013504000001376
114.4647374000001,114.4647374000001,2.6708e-05,457,2026-05-28T09:12:48.170,2026-05-28T09:28:18.170,,114.51349440000013,-35.72,229,2026-05-28T09:12:48.212,2026-05-28T09:28:18.212,,0.048757000000023254
114.71471400000019,114.71471400000019,1.4752e-05,458,2026-05-28T09:12:48.420,2026-05-28T09:28:18.420,,114.51349440000013,-35.72,229,2026-05-28T09:12:48.212,2026-05-28T09:28:18.212,,-0.20121960000005856
114.96478849999994,114.96478849999994,2.9012e-05,459,2026-05-28T09:12:48.670,2026-05-28T09:28:18.670,,115.01369290000002,-35.85,230,2026-05-28T09:12:48.719,2026-05-28T09:28:18.719,,0.048904400000083115
115.21489239999983,115.21489239999983,2.0249e-05,460,2026-05-28T09:12:48.920,2026-05-28T09:28:18.920,,115.01369290000002,-35.85,230,2026-05-28T09:12:48.719,2026-05-28T09:28:18.719,,-0.20119949999980236
115.4648357000001,115.4648357000001,2.7755e-05,461,2026-05-28T09:12:49.169,2026-05-28T09:28:19.169,,115.5135095999999,-36.07,231,2026-05-28T09:12:49.219,2026-05-28T09:28:19.219,,0.04867389999981242
115.71551580000005,115.71551580000005,1.7966e-05,462,2026-05-28T09:12:49.421,2026-05-28T09:28:19.421,,115.5135095999999,-36.07,231,2026-05-28T09:12:49.219,2026-05-28T09:28:19.219,,-0.2020062000001417
115.96491860000015,115.96491860000015,2.4227e-05,463,2026-05-28T09:12:49.670,2026-05-28T09:28:19.670,,116.01362180000024,-35.99,232,2026-05-28T09:12:49.712,2026-05-28T09:28:19.712,,0.048703200000090874
116.21475640000017,116.21475640000017,1.4291e-05,464,2026-05-28T09:12:49.919,2026-05-28T09:28:19.919,,116.01362180000024,-35.99,232,2026-05-28T09:12:49.712,2026-05-28T09:28:19.712,,-0.2011345999999321
116.46502490000012,116.46502490000012,2.3976e-05,465,2026-05-28T09:12:50.170,2026-05-28T09:28:20.170,,116.51364629999989,-36.06,233,2026-05-28T09:12:50.219,2026-05-28T09:28:20.219,,0.04862139999977444
116.71486839999989,116.71486839999989,1.4218e-05,466,2026-05-28T09:12:50.420,2026-05-28T09:28:20.420,,116.51364629999989,-36.06,233,2026-05-28T09:12:50.219,2026-05-28T09:28:20.219,,-0.2012220999999954
116.9648559000002,116.9648559000002,2.5777e-05,467,2026-05-28T09:12:50.670,2026-05-28T09:28:20.670,,117.01347639999994,-36.36,234,2026-05-28T09:12:50.719,2026-05-28T09:28:20.719,,0.048620499999742606
117.21484129999999,117.21484129999999,1.5171e-05,468,2026-05-28T09:12:50.920,2026-05-28T09:28:20.920,,117.01347639999994,-36.36,234,2026-05-28T09:12:50.719,2026-05-28T09:28:20.719,,-0.20136490000004414
117.46533290000025,117.46533290000025,2.6719e-05,469,2026-05-28T09:12:51.171,2026-05-28T09:28:21.171,,117.51362130000007,-36.49,235,2026-05-28T09:12:51.219,2026-05-28T09:28:21.219,,0.048288399999819376
117.71509670000023,117.71509670000023,1.7757e-05,470,2026-05-28T09:12:51.411,2026-05-28T09:28:21.411,,117.51362130000007,-36.49,235,2026-05-28T09:12:51.219,2026-05-28T09:28:21.219,,-0.20147540000016306
117.96492540000008,117.96492540000008,2.7556e-05,471,2026-05-28T09:12:51.670,2026-05-28T09:28:21.670,,118.01366839999991,-36.78,236,2026-05-28T09:12:51.719,2026-05-28T09:28:21.719,,0.04874299999983123
118.23958080000011,118.23958080000011,1.7055e-05,472,2026-05-28T09:12:51.942,2026-05-28T09:28:21.942,,118.01366839999991,-36.78,236,2026-05-28T09:12:51.719,2026-05-28T09:28:21.719,,-0.22591240000019752
118.46468249999998,118.46468249999998,2.8572e-05,473,2026-05-28T09:12:52.169,2026-05-28T09:28:22.169,,118.51360980000027,-36.75,237,2026-05-28T09:12:52.219,2026-05-28T09:28:22.219,,0.04892730000028678
118.71487549999983,118.71487549999983,1.7746e-05,474,2026-05-28T09:12:52.419,2026-05-28T09:28:22.419,,118.51360980000027,-36.75,237,2026-05-28T09:12:52.219,2026-05-28T09:28:22.219,,-0.201265699999567
118.96473409999999,118.96473409999999,2.6122e-05,475,2026-05-28T09:12:52.670,2026-05-28T09:28:22.670,,119.01361859999997,-36.96,238,2026-05-28T09:12:52.719,2026-05-28T09:28:22.719,,0.048884499999985565
119.21518130000004,119.21518130000004,1.7621e-05,476,2026-05-28T09:12:52.920,2026-05-28T09:28:22.920,,119.01361859999997,-36.96,238,2026-05-28T09:12:52.719,2026-05-28T09:28:22.719,,-0.2015627000000677
119.46487909999996,119.46487909999996,2.6227e-05,477,2026-05-28T09:12:53.169,2026-05-28T09:28:23.169,,119.51358059999984,-37.17,239,2026-05-28T09:12:53.212,2026-05-28T09:28:23.212,,0.04870149999987916
119.71483829999988,119.71483829999988,1.5809e-05,478,2026-05-28T09:12:53.420,2026-05-28T09:28:23.420,,119.51358059999984,-37.17,239,2026-05-28T09:12:53.212,2026-05-28T09:28:23.212,,-0.20125770000004195
119.96505400000024,119.96505400000024,2.718e-05,479,2026-05-28T09:12:53.670,2026-05-28T09:28:23.670,,120.01360900000009,-37.34,240,2026-05-28T09:12:53.719,2026-05-28T09:28:23.719,,0.048554999999851134
120.21494200000006,120.21494200000006,1.4511e-05,480,2026-05-28T09:12:53.920,2026-05-28T09:28:23.920,,120.01360900000009,-37.34,240,2026-05-28T09:12:53.719,2026-05-28T09:28:23.719,,-0.2013329999999769
120.46484969999983,120.46484969999983,2.8111e-05,481,2026-05-28T09:12:54.170,2026-05-28T09:28:24.170,,120.51374410000017,-37.46,241,2026-05-28T09:12:54.218,2026-05-28T09:28:24.218,,0.048894400000335736
120.71498669999983,120.71498669999983,1.8804e-05,482,2026-05-28T09:12:54.420,2026-05-28T09:28:24.420,,120.51374410000017,-37.46,241,2026-05-28T09:12:54.218,2026-05-28T09:28:24.218,,-0.20124259999965943
120.96489639999982,120.96489639999982,2.7284e-05,483,2026-05-28T09:12:54.670,2026-05-28T09:28:24.670,,121.01371770000014,-37.61,242,2026-05-28T09:12:54.712,2026-05-28T09:28:24.712,,0.04882130000032703
121.21490459999995,121.21490459999995,1.3014e-05,484,2026-05-28T09:12:54.920,2026-05-28T09:28:24.920,,121.01371770000014,-37.61,242,2026-05-28T09:12:54.712,2026-05-28T09:28:24.712,,-0.20118689999981143
121.46494530000018,121.46494530000018,2.8624e-05,485,2026-05-28T09:12:55.170,2026-05-28T09:28:25.170,,121.51350839999986,-37.75,243,2026-05-28T09:12:55.219,2026-05-28T09:28:25.219,,0.04856309999968289
121.71495430000004,121.71495430000004,1.8741e-05,486,2026-05-28T09:12:55.419,2026-05-28T09:28:25.419,,121.51350839999986,-37.75,243,2026-05-28T09:12:55.219,2026-05-28T09:28:25.219,,-0.2014459000001807
121.9648975,121.9648975,2.6091e-05,487,2026-05-28T09:12:55.670,2026-05-28T09:28:25.670,,122.01363159999983,-37.79,244,2026-05-28T09:12:55.719,2026-05-28T09:28:25.719,,0.04873409999981959
122.2149631000002,122.2149631000002,1.8364e-05,488,2026-05-28T09:12:55.920,2026-05-28T09:28:25.920,,122.01363159999983,-37.79,244,2026-05-28T09:12:55.719,2026-05-28T09:28:25.719,,-0.20133150000037858
122.46495219999997,122.46495219999997,2.5431e-05,489,2026-05-28T09:12:56.170,2026-05-28T09:28:26.170,,122.51376540000001,-37.99,245,2026-05-28T09:12:56.212,2026-05-28T09:28:26.212,,0.048813200000040524
122.71502520000013,122.71502520000013,1.6616e-05,490,2026-05-28T09:12:56.420,2026-05-28T09:28:26.420,,122.51376540000001,-37.99,245,2026-05-28T09:12:56.212,2026-05-28T09:28:26.212,,-0.20125980000011623
122.96471040000006,122.96471040000006,2.4489e-05,491,2026-05-28T09:12:56.670,2026-05-28T09:28:26.670,,123.01354059999994,-38.21,246,2026-05-28T09:12:56.718,2026-05-28T09:28:26.718,,0.048830199999883916
123.21475740000005,123.21475740000005,1.8353e-05,492,2026-05-28T09:12:56.920,2026-05-28T09:28:26.920,,123.01354059999994,-38.21,246,2026-05-28T09:12:56.718,2026-05-28T09:28:26.718,,-0.2012168000001111
123.46504219999997,123.46504219999997,2.4803e-05,493,2026-05-28T09:12:57.170,2026-05-28T09:28:27.170,,123.51364250000006,-38.34,247,2026-05-28T09:12:57.219,2026-05-28T09:28:27.219,,0.04860030000008919
123.71486279999999,123.71486279999999,2.0772e-05,494,2026-05-28T09:12:57.418,2026-05-28T09:28:27.418,,123.51364250000006,-38.34,247,2026-05-28T09:12:57.219,2026-05-28T09:28:27.219,,-0.20122029999993174
123.96472360000007,123.96472360000007,2.1264e-05,495,2026-05-28T09:12:57.668,2026-05-28T09:28:27.668,,124.01359660000026,-38.41,248,2026-05-28T09:12:57.719,2026-05-28T09:28:27.719,,0.04887300000018513
124.21481750000021,124.21481750000021,1.9526e-05,496,2026-05-28T09:12:57.920,2026-05-28T09:28:27.920,,124.01359660000026,-38.41,248,2026-05-28T09:12:57.719,2026-05-28T09:28:27.719,,-0.20122089999995296
124.46467190000021,124.46467190000021,2.3986e-05,497,2026-05-28T09:12:58.169,2026-05-28T09:28:28.169,,124.5135309000002,-38.5,249,2026-05-28T09:12:58.212,2026-05-28T09:28:28.212,,0.0488589999999931
124.71541620000016,124.71541620000016,1.761e-05,498,2026-05-28T09:12:58.421,2026-05-28T09:28:28.421,,124.5135309000002,-38.5,249,2026-05-28T09:12:58.212,2026-05-28T09:28:28.212,,-0.20188529999995808
124.96488540000018,124.96488540000018,2.5274e-05,499,2026-05-28T09:12:58.670,2026-05-28T09:28:28.670,,125.01367979999986,-38.74,250,2026-05-28T09:12:58.719,2026-05-28T09:28:28.719,,0.04879439999967872
125.21497980000004,125.21497980000004,1.7443e-05,500,2026-05-28T09:12:58.919,2026-05-28T09:28:28.919,,125.01367979999986,-38.74,250,2026-05-28T09:12:58.719,2026-05-28T09:28:28.719,,-0.2013000000001739
125.46495360000017,125.46495360000017,2.3693e-05,501,2026-05-28T09:12:59.170,2026-05-28T09:28:29.170,,125.51362819999986,-38.82,251,2026-05-28T09:12:59.219,2026-05-28T09:28:29.219,,0.0486745999996856
125.7148016000001,125.7148016000001,1.9139e-05,502,2026-05-28T09:12:59.419,2026-05-28T09:28:29.419,,125.51362819999986,-38.82,251,2026-05-28T09:12:59.219,2026-05-28T09:28:29.219,,-0.20117340000024342
125.96466099999998,125.96466099999998,2.4656e-05,503,2026-05-28T09:12:59.668,2026-05-28T09:28:29.668,,126.01358290000007,-38.96,252,2026-05-28T09:12:59.712,2026-05-28T09:28:29.712,,0.048921900000095775
126.21475109999983,126.21475109999983,2.1809e-05,504,2026-05-28T09:12:59.919,2026-05-28T09:28:29.919,,126.01358290000007,-38.96,252,2026-05-28T09:12:59.712,2026-05-28T09:28:29.712,,-0.20116819999975633
126.46534650000012,126.46534650000012,2.3808e-05,505,2026-05-28T09:13:00.170,2026-05-28T09:28:30.170,,126.51354850000007,-39.07,253,2026-05-28T09:13:00.219,2026-05-28T09:28:30.219,,0.048201999999946565
126.71483369999987,126.71483369999987,2.1683e-05,506,2026-05-28T09:13:00.420,2026-05-28T09:28:30.420,,126.51354850000007,-39.07,253,2026-05-28T09:13:00.219,2026-05-28T09:28:30.219,,-0.201285199999802
126.96477809999988,126.96477809999988,2.251e-05,507,2026-05-28T09:13:00.669,2026-05-28T09:28:30.669,,127.01358770000024,-39.26,254,2026-05-28T09:13:00.719,2026-05-28T09:28:30.719,,0.048809600000367936
127.21504340000001,127.21504340000001,2.0667e-05,508,2026-05-28T09:13:00.920,2026-05-28T09:28:30.920,,127.01358770000024,-39.26,254,2026-05-28T09:13:00.719,2026-05-28T09:28:30.719,,-0.20145569999976942
127.46482040000001,127.46482040000001,2.2144e-05,509,2026-05-28T09:13:01.170,2026-05-28T09:28:31.170,,127.51360040000009,-39.28,255,2026-05-28T09:13:01.218,2026-05-28T09:28:31.218,,0.04878000000007887
127.71505410000009,127.71505410000009,1.938e-05,510,2026-05-28T09:13:01.420,2026-05-28T09:28:31.420,,127.51360040000009,-39.28,255,2026-05-28T09:13:01.218,2026-05-28T09:28:31.218,,-0.20145370000000185
127.96482809999998,127.96482809999998,2.161e-05,511,2026-05-28T09:13:01.670,2026-05-28T09:28:31.670,,128.0134121000001,-39.48,256,2026-05-28T09:13:01.719,2026-05-28T09:28:31.719,,0.048584000000118976
128.21515649999992,128.21515649999992,1.002e-05,512,2026-05-28T09:13:01.920,2026-05-28T09:28:31.920,,128.0134121000001,-39.48,256,2026-05-28T09:13:01.719,2026-05-28T09:28:31.719,,-0.20174439999982496
128.46476570000004,128.46476570000004,1.4448e-05,513,2026-05-28T09:13:02.170,2026-05-28T09:28:32.170,,128.51364409999996,-39.58,257,2026-05-28T09:13:02.219,2026-05-28T09:28:32.219,,0.048878399999921385
128.71509070000002,128.71509070000002,1.6835e-05,514,2026-05-28T09:13:02.419,2026-05-28T09:28:32.419,,128.51364409999996,-39.58,257,2026-05-28T09:13:02.219,2026-05-28T09:28:32.219,,-0.20144660000005388
128.9649558000001,128.9649558000001,1.8155e-05,515,2026-05-28T09:13:02.670,2026-05-28T09:28:32.670,,129.01349660000005,-39.77,258,2026-05-28T09:13:02.719,2026-05-28T09:28:32.719,,0.0485407999999552
129.21496359999992,129.21496359999992,1.4019e-05,516,2026-05-28T09:13:02.920,2026-05-28T09:28:32.920,,129.01349660000005,-39.77,258,2026-05-28T09:13:02.719,2026-05-28T09:28:32.719,,-0.20146699999986595
129.4646533,129.4646533,2.6499e-05,517,2026-05-28T09:13:03.169,2026-05-28T09:28:33.169,,129.5135140000002,-39.86,259,2026-05-28T09:13:03.212,2026-05-28T09:28:33.212,,0.048860700000204815
129.71474750000016,129.71474750000016,2.139e-05,518,2026-05-28T09:13:03.420,2026-05-28T09:28:33.420,,129.5135140000002,-39.86,259,2026-05-28T09:13:03.212,2026-05-28T09:28:33.212,,-0.2012334999999439
129.96489070000007,129.96489070000007,2.7902e-05,519,2026-05-28T09:13:03.670,2026-05-28T09:28:33.670,,130.01346809999995,-40.0,260,2026-05-28T09:13:03.719,2026-05-28T09:28:33.719,,0.04857739999988553
130.21483360000002,130.21483360000002,2.2311e-05,520,2026-05-28T09:13:03.919,2026-05-28T09:28:33.919,,130.01346809999995,-40.0,260,2026-05-28T09:13:03.719,2026-05-28T09:28:33.719,,-0.20136550000006537
130.46483549999994,130.46483549999994,2.586e-05,521,2026-05-28T09:13:04.170,2026-05-28T09:28:34.170,,130.51358879999998,-40.12,261,2026-05-28T09:13:04.219,2026-05-28T09:28:34.219,,0.048753300000043964
130.71496810000008,130.71496810000008,2.3546e-05,522,2026-05-28T09:13:04.410,2026-05-28T09:28:34.410,,130.51358879999998,-40.12,261,2026-05-28T09:13:04.219,2026-05-28T09:28:34.219,,-0.20137930000009874
130.96475069999997,130.96475069999997,2.3337e-05,523,2026-05-28T09:13:04.669,2026-05-28T09:28:34.669,,131.01348000000007,-40.21,262,2026-05-28T09:13:04.712,2026-05-28T09:28:34.712,,0.04872930000010456
131.21494280000024,131.21494280000024,2.2154e-05,524,2026-05-28T09:13:04.920,2026-05-28T09:28:34.920,,131.01348000000007,-40.21,262,2026-05-28T09:13:04.712,2026-05-28T09:28:34.712,,-0.20146280000017214
131.46493529999998,131.46493529999998,2.3369e-05,525,2026-05-28T09:13:05.170,2026-05-28T09:28:35.170,,131.51357989999997,-40.29,263,2026-05-28T09:13:05.219,2026-05-28T09:28:35.219,,0.048644599999988714
131.71478479999996,131.71478479999996,2.0468e-05,526,2026-05-28T09:13:05.419,2026-05-28T09:28:35.419,,131.51357989999997,-40.29,263,2026-05-28T09:13:05.219,2026-05-28T09:28:35.219,,-0.20120489999999336
131.96483050000006,131.96483050000006,2.4939e-05,527,2026-05-28T09:13:05.670,2026-05-28T09:28:35.670,,132.01347339999984,-40.57,264,2026-05-28T09:13:05.718,2026-05-28T09:28:35.718,,0.048642899999777
132.2149417999999,132.2149417999999,2.8677e-05,528,2026-05-28T09:13:05.920,2026-05-28T09:28:35.920,,132.01347339999984,-40.57,264,2026-05-28T09:13:05.718,2026-05-28T09:28:35.718,,-0.20146840000006705
132.4649116999999,132.4649116999999,3.3399e-05,529,2026-05-28T09:13:06.169,2026-05-28T09:28:36.169,,132.5135823999999,-40.68,265,2026-05-28T09:13:06.212,2026-05-28T09:28:36.212,,0.0486707000000024
132.7147875999999,132.7147875999999,3.3147e-05,530,2026-05-28T09:13:06.420,2026-05-28T09:28:36.420,,132.5135823999999,-40.68,265,2026-05-28T09:13:06.212,2026-05-28T09:28:36.212,,-0.20120520000000397
132.96498269999984,132.96498269999984,4.6768e-05,531,2026-05-28T09:13:06.670,2026-05-28T09:28:36.670,,133.01357000000007,-40.81,266,2026-05-28T09:13:06.719,2026-05-28T09:28:36.719,,0.0485873000002357
133.2147844000001,133.2147844000001,2.0625e-05,532,2026-05-28T09:13:06.920,2026-05-28T09:28:36.920,,133.01357000000007,-40.81,266,2026-05-28T09:13:06.719,2026-05-28T09:28:36.719,,-0.20121440000002622
133.46488779999981,133.46488779999981,1.3935e-05,533,2026-05-28T09:13:07.170,2026-05-28T09:28:37.170,,133.51375159999998,-40.92,267,2026-05-28T09:13:07.218,2026-05-28T09:28:37.218,,0.04886380000016288
133.71531809999988,133.71531809999988,1.1443e-05,534,2026-05-28T09:13:07.421,2026-05-28T09:28:37.421,,133.51375159999998,-40.92,267,2026-05-28T09:13:07.218,2026-05-28T09:28:37.218,,-0.20156649999989895
133.9648044999999,133.9648044999999,1.3003e-05,535,2026-05-28T09:13:07.670,2026-05-28T09:28:37.670,,134.01361959999986,-41.06,268,2026-05-28T09:13:07.719,2026-05-28T09:28:37.719,,0.048815099999956146
134.21487920000027,134.21487920000027,1.5663e-05,536,2026-05-28T09:13:07.920,2026-05-28T09:28:37.920,,134.01361959999986,-41.06,268,2026-05-28T09:13:07.719,2026-05-28T09:28:37.719,,-0.20125960000041232
134.46494919999986,134.46494919999986,1.9044e-05,537,2026-05-28T09:13:08.170,2026-05-28T09:28:38.170,,134.51350749999983,-41.16,269,2026-05-28T09:13:08.218,2026-05-28T09:28:38.218,,0.04855829999996786
134.7148384000002,134.7148384000002,1.8458e-05,538,2026-05-28T09:13:08.420,2026-05-28T09:28:38.420,,134.51350749999983,-41.16,269,2026-05-28T09:13:08.218,2026-05-28T09:28:38.218,,-0.20133090000035736
134.9648145000001,134.9648145000001,1.9578e-05,539,2026-05-28T09:13:08.670,2026-05-28T09:28:38.670,,135.01359219999995,-41.29,270,2026-05-28T09:13:08.719,2026-05-28T09:28:38.719,,0.048777699999845936
135.2149287000002,135.2149287000002,1.9097e-05,540,2026-05-28T09:13:08.920,2026-05-28T09:28:38.920,,135.01359219999995,-41.29,270,2026-05-28T09:13:08.719,2026-05-28T09:28:38.719,,-0.20133650000025227
135.46539299999995,135.46539299999995,2.1212e-05,541,2026-05-28T09:13:09.171,2026-05-28T09:28:39.171,,135.51333019999993,-41.47,271,2026-05-28T09:13:09.218,2026-05-28T09:28:39.218,,0.047937199999978475
135.71458710000024,135.71458710000024,2.1735e-05,542,2026-05-28T09:13:09.419,2026-05-28T09:28:39.419,,135.51333019999993,-41.47,271,2026-05-28T09:13:09.218,2026-05-28T09:28:39.218,,-0.20125690000031682
135.96507359999987,135.96507359999987,2.1411e-05,543,2026-05-28T09:13:09.670,2026-05-28T09:28:39.670,,136.01350809999985,-41.64,272,2026-05-28T09:13:09.719,2026-05-28T09:28:39.719,,0.04843449999998484
136.21502800000007,136.21502800000007,2.051e-05,544,2026-05-28T09:13:09.920,2026-05-28T09:28:39.920,,136.01350809999985,-41.64,272,2026-05-28T09:13:09.719,2026-05-28T09:28:39.719,,-0.20151990000022124
136.46500920000017,136.46500920000017,2.1421e-05,545,2026-05-28T09:13:10.170,2026-05-28T09:28:40.170,,136.51357599999983,-41.67,273,2026-05-28T09:13:10.218,2026-05-28T09:28:40.218,,0.04856679999966218
136.71502210000017,136.71502210000017,2.0877e-05,546,2026-05-28T09:13:10.419,2026-05-28T09:28:40.419,,136.51357599999983,-41.67,273,2026-05-28T09:13:10.218,2026-05-28T09:28:40.218,,-0.20144610000033936
136.96495259999983,136.96495259999983,2.1306e-05,547,2026-05-28T09:13:10.670,2026-05-28T09:28:40.670,,137.0135525999999,-41.89,274,2026-05-28T09:13:10.719,2026-05-28T09:28:40.719,,0.04860000000007858
137.21516710000014,137.21516710000014,2.2489e-05,548,2026-05-28T09:13:10.919,2026-05-28T09:28:40.919,,137.0135525999999,-41.89,274,2026-05-28T09:13:10.719,2026-05-28T09:28:40.719,,-0.2016145000002325
137.46499840000024,137.46499840000024,2.1997e-05,549,2026-05-28T09:13:11.169,2026-05-28T09:28:41.169,,137.51345219999985,-42.02,275,2026-05-28T09:13:11.212,2026-05-28T09:28:41.212,,0.04845379999960642
137.71480960000008,137.71480960000008,2.228e-05,550,2026-05-28T09:13:11.419,2026-05-28T09:28:41.419,,137.51345219999985,-42.02,275,2026-05-28T09:13:11.212,2026-05-28T09:28:41.212,,-0.2013574000002336
137.9650185999999,137.9650185999999,2.2175e-05,551,2026-05-28T09:13:11.670,2026-05-28T09:28:41.670,,138.01337220000005,-42.16,276,2026-05-28T09:13:11.718,2026-05-28T09:28:41.718,,0.048353600000154984
138.21480440000005,138.21480440000005,2.2458e-05,552,2026-05-28T09:13:11.920,2026-05-28T09:28:41.920,,138.01337220000005,-42.16,276,2026-05-28T09:13:11.718,2026-05-28T09:28:41.718,,-0.20143219999999928
138.4649061,138.4649061,2.1149e-05,553,2026-05-28T09:13:12.170,2026-05-28T09:28:42.170,,138.51338290000012,-42.22,277,2026-05-28T09:13:12.219,2026-05-28T09:28:42.219,,0.04847680000011678
138.71488899999986,138.71488899999986,2.2468e-05,554,2026-05-28T09:13:12.419,2026-05-28T09:28:42.419,,138.51338290000012,-42.22,277,2026-05-28T09:13:12.219,2026-05-28T09:28:42.219,,-0.20150609999973312
138.96493640000017,138.96493640000017,2.1473e-05,555,2026-05-28T09:13:12.670,2026-05-28T09:28:42.670,,139.01339229999985,-42.36,278,2026-05-28T09:13:12.712,2026-05-28T09:28:42.712,,0.048455899999680696
139.21477069999992,139.21477069999992,2.1746e-05,556,2026-05-28T09:13:12.920,2026-05-28T09:28:42.920,,139.01339229999985,-42.36,278,2026-05-28T09:13:12.712,2026-05-28T09:28:42.712,,-0.2013784000000669
139.46482719999995,139.46482719999995,2.2719e-05,557,2026-05-28T09:13:13.170,2026-05-28T09:28:43.170,,139.5134723000001,-42.51,279,2026-05-28T09:13:13.219,2026-05-28T09:28:43.219,,0.04864510000015798
139.7148090999999,139.7148090999999,2.0751e-05,558,2026-05-28T09:13:13.420,2026-05-28T09:28:43.420,,139.5134723000001,-42.51,279,2026-05-28T09:13:13.219,2026-05-28T09:28:43.219,,-0.20133679999980814
139.96503269999994,139.96503269999994,2.05e-05,559,2026-05-28T09:13:13.670,2026-05-28T09:28:43.670,,140.0135521000002,-42.53,280,2026-05-28T09:13:13.719,2026-05-28T09:28:43.719,,0.04851940000025934
140.21480800000018,140.21480800000018,2.1149e-05,560,2026-05-28T09:13:13.920,2026-05-28T09:28:43.920,,140.0135521000002,-42.53,280,2026-05-28T09:13:13.719,2026-05-28T09:28:43.719,,-0.20125589999997828
140.46483850000004,140.46483850000004,2.3997e-05,561,2026-05-28T09:13:14.170,2026-05-28T09:28:44.170,,140.51370600000018,-42.71,281,2026-05-28T09:13:14.218,2026-05-28T09:28:44.218,,0.04886750000014217
140.71487949999982,140.71487949999982,2.5044e-05,562,2026-05-28T09:13:14.419,2026-05-28T09:28:44.419,,140.51370600000018,-42.71,281,2026-05-28T09:13:14.218,2026-05-28T09:28:44.218,,-0.20117349999964063
140.96479540000018,140.96479540000018,1.8846e-05,563,2026-05-28T09:13:14.670,2026-05-28T09:28:44.670,,141.0135467,-42.82,282,2026-05-28T09:13:14.718,2026-05-28T09:28:44.718,,0.04875129999982164
141.21479880000015,141.21479880000015,2.5944e-05,564,2026-05-28T09:13:14.920,2026-05-28T09:28:44.920,,141.0135467,-42.82,282,2026-05-28T09:13:14.718,2026-05-28T09:28:44.718,,-0.20125210000014704
141.46514919999981,141.46514919999981,1.9652e-05,565,2026-05-28T09:13:15.170,2026-05-28T09:28:45.170,,141.51363159999983,-43.1,283,2026-05-28T09:13:15.219,2026-05-28T09:28:45.219,,0.048482400000011694
141.71471639999982,141.71471639999982,2.0458e-05,566,2026-05-28T09:13:15.420,2026-05-28T09:28:45.420,,141.51363159999983,-43.1,283,2026-05-28T09:13:15.219,2026-05-28T09:28:45.219,,-0.20108479999998963
141.96486910000021,141.96486910000021,2.229e-05,567,2026-05-28T09:13:15.670,2026-05-28T09:28:45.670,,142.01362130000007,-43.09,284,2026-05-28T09:13:15.719,2026-05-28T09:28:45.719,,0.048752199999853474
142.2149588000002,142.2149588000002,1.7945e-05,568,2026-05-28T09:13:15.920,2026-05-28T09:28:45.920,,142.01362130000007,-43.09,284,2026-05-28T09:13:15.719,2026-05-28T09:28:45.719,,-0.20133750000013606
142.46494519999987,142.46494519999987,2.4646e-05,569,2026-05-28T09:13:16.170,2026-05-28T09:28:46.170,,142.51362599999993,-43.2,285,2026-05-28T09:13:16.219,2026-05-28T09:28:46.219,,0.04868080000005648
142.7152888999999,142.7152888999999,1.9191e-05,570,2026-05-28T09:13:16.420,2026-05-28T09:28:46.420,,142.51362599999993,-43.2,285,2026-05-28T09:13:16.219,2026-05-28T09:28:46.219,,-0.2016628999999739
142.96499820000008,142.96499820000008,2.006e-05,571,2026-05-28T09:13:16.661,2026-05-28T09:28:46.661,,143.01358530000016,-43.3,286,2026-05-28T09:13:16.719,2026-05-28T09:28:46.719,,0.048587100000077044
143.2148213999999,143.2148213999999,2.3693e-05,572,2026-05-28T09:13:16.919,2026-05-28T09:28:46.919,,143.01358530000016,-43.3,286,2026-05-28T09:13:16.719,2026-05-28T09:28:46.719,,-0.2012360999997327
143.46485489999986,143.46485489999986,2.0427e-05,573,2026-05-28T09:13:17.170,2026-05-28T09:28:47.170,,143.5137476,-43.43,287,2026-05-28T09:13:17.218,2026-05-28T09:28:47.218,,0.04889270000012402
143.71495259999983,143.71495259999983,1.6616e-05,574,2026-05-28T09:13:17.420,2026-05-28T09:28:47.420,,143.5137476,-43.43,287,2026-05-28T09:13:17.218,2026-05-28T09:28:47.218,,-0.2012049999998453
143.96492339999986,143.96492339999986,2.0091e-05,575,2026-05-28T09:13:17.670,2026-05-28T09:28:47.670,,144.01356780000015,-43.72,288,2026-05-28T09:13:17.719,2026-05-28T09:28:47.719,,0.048644400000284804
144.21489440000005,144.21489440000005,2.0154e-05,576,2026-05-28T09:13:17.920,2026-05-28T09:28:47.920,,144.01356780000015,-43.72,288,2026-05-28T09:13:17.719,2026-05-28T09:28:47.719,,-0.2013265999999021
144.46528660000013,144.46528660000013,2.0814e-05,577,2026-05-28T09:13:18.170,2026-05-28T09:28:48.170,,144.51361260000022,-43.76,289,2026-05-28T09:13:18.219,2026-05-28T09:28:48.219,,0.04832600000008824
144.71489070000007,144.71489070000007,2.2311e-05,578,2026-05-28T09:13:18.419,2026-05-28T09:28:48.419,,144.51361260000022,-43.76,289,2026-05-28T09:13:18.219,2026-05-28T09:28:48.219,,-0.20127809999985402
144.96480220000012,144.96480220000012,2.2908e-05,579,2026-05-28T09:13:18.670,2026-05-28T09:28:48.670,,145.01361810000026,-43.88,290,2026-05-28T09:13:18.719,2026-05-28T09:28:48.719,,0.048815900000136025
145.2393102000001,145.2393102000001,2.0793e-05,580,2026-05-28T09:13:18.942,2026-05-28T09:28:48.942,,145.01361810000026,-43.88,290,2026-05-28T09:13:18.719,2026-05-28T09:28:48.719,,-0.22569209999983286
145.47447360000024,145.47447360000024,1.961e-05,581,2026-05-28T09:13:19.180,2026-05-28T09:28:49.180,,145.51362430000017,-44.0,291,2026-05-28T09:13:19.212,2026-05-28T09:28:49.212,,0.03915069999993648
145.71488450000015,145.71488450000015,2.1191e-05,582,2026-05-28T09:13:19.420,2026-05-28T09:28:49.420,,145.51362430000017,-44.0,291,2026-05-28T09:13:19.212,2026-05-28T09:28:49.212,,-0.2012601999999788
145.96485889999985,145.96485889999985,2.2426e-05,583,2026-05-28T09:13:19.670,2026-05-28T09:28:49.670,,146.0135605999999,-44.03,292,2026-05-28T09:13:19.719,2026-05-28T09:28:49.719,,0.04870170000003782
146.21516259999999,146.21516259999999,2.2395e-05,584,2026-05-28T09:13:19.920,2026-05-28T09:28:49.920,,146.0135605999999,-44.03,292,2026-05-28T09:13:19.719,2026-05-28T09:28:49.719,,-0.20160200000009354
146.46472780000022,146.46472780000022,2.2248e-05,585,2026-05-28T09:13:20.170,2026-05-28T09:28:50.170,,146.51350899999989,-44.12,293,2026-05-28T09:13:20.219,2026-05-28T09:28:50.219,,0.04878119999966657
146.71481080000012,146.71481080000012,2.3683e-05,586,2026-05-28T09:13:20.420,2026-05-28T09:28:50.420,,146.51350899999989,-44.12,293,2026-05-28T09:13:20.219,2026-05-28T09:28:50.219,,-0.20130180000023756
146.9649402,146.9649402,2.0133e-05,587,2026-05-28T09:13:20.670,2026-05-28T09:28:50.670,,147.0133980999999,-44.21,294,2026-05-28T09:13:20.712,2026-05-28T09:28:50.712,,0.04845789999990302
147.21488090000003,147.21488090000003,2.4384e-05,588,2026-05-28T09:13:20.920,2026-05-28T09:28:50.920,,147.0133980999999,-44.21,294,2026-05-28T09:13:20.712,2026-05-28T09:28:50.712,,-0.20148280000012164
147.4649112000002,147.4649112000002,1.8144e-05,589,2026-05-28T09:13:21.170,2026-05-28T09:28:51.170,,147.51350589999993,-44.4,295,2026-05-28T09:13:21.219,2026-05-28T09:28:51.219,,0.04859469999973953
147.71485500000017,147.71485500000017,2.5986e-05,590,2026-05-28T09:13:21.419,2026-05-28T09:28:51.419,,147.51350589999993,-44.4,295,2026-05-28T09:13:21.219,2026-05-28T09:28:51.219,,-0.2013491000002432
147.9649288999999,147.9649288999999,1.7474e-05,591,2026-05-28T09:13:21.670,2026-05-28T09:28:51.670,,148.01353280000012,-44.5,296,2026-05-28T09:13:21.719,2026-05-28T09:28:51.719,,0.04860390000021653
148.21502450000025,148.21502450000025,2.6729e-05,592,2026-05-28T09:13:21.920,2026-05-28T09:28:51.920,,148.01353280000012,-44.5,296,2026-05-28T09:13:21.719,2026-05-28T09:28:51.719,,-0.20149170000013328
148.46482109999988,148.46482109999988,1.9516e-05,593,2026-05-28T09:13:22.170,2026-05-28T09:28:52.170,,148.51358770000024,-44.62,297,2026-05-28T09:13:22.212,2026-05-28T09:28:52.212,,0.048766600000362814
148.71492630000012,148.71492630000012,2.7546e-05,594,2026-05-28T09:13:22.420,2026-05-28T09:28:52.420,,148.51358770000024,-44.62,297,2026-05-28T09:13:22.212,2026-05-28T09:28:52.212,,-0.2013385999998718
148.96473879999985,148.96473879999985,1.5548e-05,595,2026-05-28T09:13:22.670,2026-05-28T09:28:52.670,,149.01353139999992,-44.74,298,2026-05-28T09:13:22.719,2026-05-28T09:28:52.719,,0.0487926000000698
149.21493689999988,149.21493689999988,3.1168e-05,596,2026-05-28T09:13:22.920,2026-05-28T09:28:52.920,,149.01353139999992,-44.74,298,2026-05-28T09:13:22.719,2026-05-28T09:28:52.719,,-0.20140549999996438
149.46469579999984,149.46469579999984,1.5904e-05,597,2026-05-28T09:13:23.170,2026-05-28T09:28:53.170,,149.51352339999994,-44.86,299,2026-05-28T09:13:23.219,2026-05-28T09:28:53.219,,0.04882760000009512
149.71476710000024,149.71476710000024,3.2195e-05,598,2026-05-28T09:13:23.419,2026-05-28T09:28:53.419,,149.51352339999994,-44.86,299,2026-05-28T09:13:23.219,2026-05-28T09:28:53.219,,-0.20124370000030467
149.96484340000006,149.96484340000006,1.159e-05,599,2026-05-28T09:13:23.670,2026-05-28T09:28:53.670,,150.01361829999996,-45.01,300,2026-05-28T09:13:23.719,2026-05-28T09:28:53.719,,0.04877489999989848
150.21495140000025,150.21495140000025,3.3838e-05,600,2026-05-28T09:13:23.920,2026-05-28T09:28:53.920,,150.01361829999996,-45.01,300,2026-05-28T09:13:23.719,2026-05-28T09:28:53.719,,-0.2013331000002836
150.46472330000006,150.46472330000006,8.878e-06,601,2026-05-28T09:13:24.170,2026-05-28T09:28:54.170,,150.5135236000001,-45.0,301,2026-05-28T09:13:24.219,2026-05-28T09:28:54.219,,0.04880030000003899
150.71479480000016,150.71479480000016,3.5063e-05,602,2026-05-28T09:13:24.420,2026-05-28T09:28:54.420,,150.5135236000001,-45.0,301,2026-05-28T09:13:24.219,2026-05-28T09:28:54.219,,-0.2012712000000647
150.96483239999998,150.96483239999998,9.915e-06,603,2026-05-28T09:13:24.660,2026-05-28T09:28:54.660,,151.01357020000023,-45.23,302,2026-05-28T09:13:24.719,2026-05-28T09:28:54.719,,0.04873780000025363
151.2148903000002,151.2148903000002,3.744e-05,604,2026-05-28T09:13:24.919,2026-05-28T09:28:54.919,,151.01357020000023,-45.23,302,2026-05-28T09:13:24.719,2026-05-28T09:28:54.719,,-0.20132009999997535
151.46478449999995,151.46478449999995,1.1475e-05,605,2026-05-28T09:13:25.170,2026-05-28T09:28:55.170,,151.5135005000002,-45.21,303,2026-05-28T09:13:25.219,2026-05-28T09:28:55.219,,0.048716000000240456
151.7151431000002,151.7151431000002,3.4613e-05,606,2026-05-28T09:13:25.419,2026-05-28T09:28:55.419,,151.5135005000002,-45.21,303,2026-05-28T09:13:25.219,2026-05-28T09:28:55.219,,-0.20164260000001377
151.9649156999999,151.9649156999999,6.565e-06,607,2026-05-28T09:13:25.670,2026-05-28T09:28:55.670,,152.01347970000006,-45.47,304,2026-05-28T09:13:25.712,2026-05-28T09:28:55.712,,0.04856400000016947
152.21472859999994,152.21472859999994,3.6309e-05,608,2026-05-28T09:13:25.920,2026-05-28T09:28:55.920,,152.01347970000006,-45.47,304,2026-05-28T09:13:25.712,2026-05-28T09:28:55.712,,-0.20124889999988227
152.46474970000008,152.46474970000008,9.863e-06,609,2026-05-28T09:13:26.160,2026-05-28T09:28:56.160,,152.5133722999999,-45.52,305,2026-05-28T09:13:26.219,2026-05-28T09:28:56.219,,0.048622599999816885
152.71473030000016,152.71473030000016,3.476e-05,610,2026-05-28T09:13:26.419,2026-05-28T09:28:56.419,,152.5133722999999,-45.52,305,2026-05-28T09:13:26.219,2026-05-28T09:28:56.219,,-0.20135800000025483
152.9646848000002,152.9646848000002,8.826e-06,611,2026-05-28T09:13:26.670,2026-05-28T09:28:56.670,,153.01364680000006,-45.65,306,2026-05-28T09:13:26.718,2026-05-28T09:28:56.718,,0.04896199999984674
153.21491819999983,153.21491819999983,3.5482e-05,612,2026-05-28T09:13:26.920,2026-05-28T09:28:56.920,,153.01364680000006,-45.65,306,2026-05-28T09:13:26.718,2026-05-28T09:28:56.718,,-0.20127139999976862
153.46493139999984,153.46493139999984,9.444e-06,613,2026-05-28T09:13:27.170,2026-05-28T09:28:57.170,,153.51368230000026,-45.79,307,2026-05-28T09:13:27.212,2026-05-28T09:28:57.212,,0.04875090000041382
153.71481059999996,153.71481059999996,3.6393e-05,614,2026-05-28T09:13:27.420,2026-05-28T09:28:57.420,,153.51368230000026,-45.79,307,2026-05-28T09:13:27.212,2026-05-28T09:28:57.212,,-0.20112829999970927
153.96477300000015,153.96477300000015,3.047e-06,615,2026-05-28T09:13:27.660,2026-05-28T09:28:57.660,,154.01338110000006,-45.82,308,2026-05-28T09:13:27.718,2026-05-28T09:28:57.718,,0.04860809999991034
154.21490410000024,154.21490410000024,3.0813e-05,616,2026-05-28T09:13:27.918,2026-05-28T09:28:57.918,,154.01338110000006,-45.82,308,2026-05-28T09:13:27.718,2026-05-28T09:28:57.718,,-0.2015230000001793
154.4647500000001,154.4647500000001,1.7317e-05,617,2026-05-28T09:13:28.169,2026-05-28T09:28:58.169,,154.51357460000008,-46.01,309,2026-05-28T09:13:28.219,2026-05-28T09:28:58.219,,0.048824599999989005
154.7149042000001,154.7149042000001,2.718e-05,618,2026-05-28T09:13:28.419,2026-05-28T09:28:58.419,,154.51357460000008,-46.01,309,2026-05-28T09:13:28.219,2026-05-28T09:28:58.219,,-0.2013296000000082
154.96482890000016,154.96482890000016,1.5726e-05,619,2026-05-28T09:13:28.670,2026-05-28T09:28:58.670,,155.0136679000002,-46.05,310,2026-05-28T09:13:28.712,2026-05-28T09:28:58.712,,0.0488390000000436
155.21530799999982,155.21530799999982,1.628e-05,620,2026-05-28T09:13:28.921,2026-05-28T09:28:58.921,,155.0136679000002,-46.05,310,2026-05-28T09:13:28.712,2026-05-28T09:28:58.712,,-0.20164009999962218
155.4645018000001,155.4645018000001,7.486e-06,621,2026-05-28T09:13:29.169,2026-05-28T09:28:59.169,,155.51349370000025,-46.16,311,2026-05-28T09:13:29.218,2026-05-28T09:28:59.218,,0.048991900000146416
155.7147513,155.7147513,2.3536e-05,622,2026-05-28T09:13:29.420,2026-05-28T09:28:59.420,,155.51349370000025,-46.16,311,2026-05-28T09:13:29.218,2026-05-28T09:28:59.218,,-0.20125759999973525
155.9651229000001,155.9651229000001,2.0919e-05,623,2026-05-28T09:13:29.670,2026-05-28T09:28:59.670,,156.0135522999999,-46.32,312,2026-05-28T09:13:29.719,2026-05-28T09:28:59.719,,0.048429399999804446
156.2148299999999,156.2148299999999,2.5337e-05,624,2026-05-28T09:13:29.920,2026-05-28T09:28:59.920,,156.0135522999999,-46.32,312,2026-05-28T09:13:29.719,2026-05-28T09:28:59.719,,-0.20127769999999146
156.46485459999985,156.46485459999985,2.2981e-05,625,2026-05-28T09:13:30.170,2026-05-28T09:29:00.170,,156.51373319999993,-46.4,313,2026-05-28T09:13:30.212,2026-05-28T09:29:00.212,,0.04887860000008004
156.71489969999993,156.71489969999993,2.5264e-05,626,2026-05-28T09:13:30.420,2026-05-28T09:29:00.420,,156.51373319999993,-46.4,313,2026-05-28T09:13:30.212,2026-05-28T09:29:00.212,,-0.20116649999999936
156.96482300000025,156.96482300000025,2.3944e-05,627,2026-05-28T09:13:30.670,2026-05-28T09:29:00.670,,157.01343970000016,-46.48,314,2026-05-28T09:13:30.719,2026-05-28T09:29:00.719,,0.04861669999991136
157.21463240000003,157.21463240000003,2.2028e-05,628,2026-05-28T09:13:30.920,2026-05-28T09:29:00.920,,157.01343970000016,-46.48,314,2026-05-28T09:13:30.719,2026-05-28T09:29:00.719,,-0.201192699999865
157.46470420000014,157.46470420000014,2.2908e-05,629,2026-05-28T09:13:31.169,2026-05-28T09:29:01.169,,157.51351440000008,-46.63,315,2026-05-28T09:13:31.219,2026-05-28T09:29:01.219,,0.04881019999993441
157.7149843000002,157.7149843000002,2.2918e-05,630,2026-05-28T09:13:31.420,2026-05-28T09:29:01.420,,157.51351440000008,-46.63,315,2026-05-28T09:13:31.219,2026-05-28T09:29:01.219,,-0.2014699000001201
157.96462960000008,157.96462960000008,2.6311e-05,631,2026-05-28T09:13:31.670,2026-05-28T09:29:01.670,,158.01350469999988,-46.81,316,2026-05-28T09:13:31.719,2026-05-28T09:29:01.719,,0.04887509999980466
158.2147715000001,158.2147715000001,2.2688e-05,632,2026-05-28T09:13:31.920,2026-05-28T09:29:01.920,,158.01350469999988,-46.81,316,2026-05-28T09:13:31.719,2026-05-28T09:29:01.719,,-0.20126680000021224
158.46456949999993,158.46456949999993,2.6049e-05,633,2026-05-28T09:13:32.169,2026-05-28T09:29:02.169,,158.51361469999983,-46.99,317,2026-05-28T09:13:32.219,2026-05-28T09:29:02.219,,0.04904519999990953
158.71481110000013,158.71481110000013,2.0552e-05,634,2026-05-28T09:13:32.419,2026-05-28T09:29:02.419,,158.51361469999983,-46.99,317,2026-05-28T09:13:32.219,2026-05-28T09:29:02.219,,-0.20119640000029904
158.99108650000016,158.99108650000016,3.075e-05,635,2026-05-28T09:13:32.692,2026-05-28T09:29:02.692,,159.01354330000004,-47.0,318,2026-05-28T09:13:32.719,2026-05-28T09:29:02.719,,0.0224567999998726
159.21535790000007,159.21535790000007,1.7327e-05,636,2026-05-28T09:13:32.919,2026-05-28T09:29:02.919,,159.01354330000004,-47.0,318,2026-05-28T09:13:32.719,2026-05-28T09:29:02.719,,-0.20181460000003426
159.46464330000026,159.46464330000026,2.6405e-05,637,2026-05-28T09:13:33.169,2026-05-28T09:29:03.169,,159.51341890000003,-47.13,319,2026-05-28T09:13:33.218,2026-05-28T09:29:03.218,,0.04877559999977166
159.71478089999982,159.71478089999982,1.628e-05,638,2026-05-28T09:13:33.419,2026-05-28T09:29:03.419,,159.51341890000003,-47.13,319,2026-05-28T09:13:33.218,2026-05-28T09:29:03.218,,-0.20136199999979
159.96480650000012,159.96480650000012,2.6635e-05,639,2026-05-28T09:13:33.669,2026-05-28T09:29:03.669,,160.01354170000013,-47.39,320,2026-05-28T09:13:33.718,2026-05-28T09:29:03.718,,0.04873520000001008
160.21471139999994,160.21471139999994,2.2855e-05,640,2026-05-28T09:13:33.920,2026-05-28T09:29:03.920,,160.01354170000013,-47.39,320,2026-05-28T09:13:33.718,2026-05-28T09:29:03.718,,-0.20116969999980938
160.4648744000001,160.4648744000001,2.9179e-05,641,2026-05-28T09:13:34.160,2026-05-28T09:29:04.160,,160.51351010000008,-47.41,321,2026-05-28T09:13:34.219,2026-05-28T09:29:04.219,,0.04863569999997708
160.71522259999983,160.71522259999983,1.7254e-05,642,2026-05-28T09:13:34.419,2026-05-28T09:29:04.419,,160.51351010000008,-47.41,321,2026-05-28T09:13:34.219,2026-05-28T09:29:04.219,,-0.2017124999997577
160.96451380000008,160.96451380000008,2.7986e-05,643,2026-05-28T09:13:34.670,2026-05-28T09:29:04.670,,161.01370959999986,-47.6,322,2026-05-28T09:13:34.719,2026-05-28T09:29:04.719,,0.04919579999977941
161.21509490000017,161.21509490000017,1.8479e-05,644,2026-05-28T09:13:34.920,2026-05-28T09:29:04.920,,161.01370959999986,-47.6,322,2026-05-28T09:13:34.719,2026-05-28T09:29:04.719,,-0.20138530000031096
161.46498950000023,161.46498950000023,2.5955e-05,645,2026-05-28T09:13:35.168,2026-05-28T09:29:05.168,,161.51354059999994,-47.67,323,2026-05-28T09:13:35.219,2026-05-28T09:29:05.219,,0.04855109999971319
161.7147573000002,161.7147573000002,1.6521e-05,646,2026-05-28T09:13:35.420,2026-05-28T09:29:05.420,,161.51354059999994,-47.67,323,2026-05-28T09:13:35.219,2026-05-28T09:29:05.219,,-0.20121670000025915
161.96483200000011,161.96483200000011,2.8823e-05,647,2026-05-28T09:13:35.670,2026-05-28T09:29:05.670,,162.01352550000001,-47.93,324,2026-05-28T09:13:35.719,2026-05-28T09:29:05.719,,0.04869349999989936
162.21482100000003,162.21482100000003,1.8385e-05,648,2026-05-28T09:13:35.919,2026-05-28T09:29:05.919,,162.01352550000001,-47.93,324,2026-05-28T09:13:35.719,2026-05-28T09:29:05.719,,-0.20129550000001473
162.46510940000007,162.46510940000007,2.6907e-05,649,2026-05-28T09:13:36.170,2026-05-28T09:29:06.170,,162.5135525999999,-48.11,325,2026-05-28T09:13:36.219,2026-05-28T09:29:06.219,,0.048443199999837816
162.7149069000002,162.7149069000002,1.6856e-05,650,2026-05-28T09:13:36.420,2026-05-28T09:29:06.420,,162.5135525999999,-48.11,325,2026-05-28T09:13:36.219,2026-05-28T09:29:06.219,,-0.20135430000027554
162.96467280000024,162.96467280000024,2.5818e-05,651,2026-05-28T09:13:36.669,2026-05-28T09:29:06.669,,163.01359589999993,-48.5,326,2026-05-28T09:13:36.719,2026-05-28T09:29:06.719,,0.04892309999968347
163.21493220000002,163.21493220000002,1.5652e-05,652,2026-05-28T09:13:36.920,2026-05-28T09:29:06.920,,163.01359589999993,-48.5,326,2026-05-28T09:13:36.719,2026-05-28T09:29:06.719,,-0.20133630000009362
163.46500849999984,163.46500849999984,2.8038e-05,653,2026-05-28T09:13:37.169,2026-05-28T09:29:07.169,,163.51355490000014,-48.95,327,2026-05-28T09:13:37.219,2026-05-28T09:29:07.219,,0.04854640000030486
163.71476310000025,163.71476310000025,1.7348e-05,654,2026-05-28T09:13:37.420,2026-05-28T09:29:07.420,,163.51355490000014,-48.95,327,2026-05-28T09:13:37.219,2026-05-28T09:29:07.219,,-0.20120820000011008
163.9648385999999,163.9648385999999,3.0299e-05,655,2026-05-28T09:13:37.670,2026-05-28T09:29:07.670,,164.01366569999982,-49.6,328,2026-05-28T09:13:37.718,2026-05-28T09:29:07.718,,0.04882709999992585
164.21532919999981,164.21532919999981,1.7087e-05,656,2026-05-28T09:13:37.919,2026-05-28T09:29:07.919,,164.01366569999982,-49.6,328,2026-05-28T09:13:37.718,2026-05-28T09:29:07.718,,-0.2016634999999951
164.4647556,164.4647556,2.5996e-05,657,2026-05-28T09:13:38.169,2026-05-28T09:29:08.169,,164.51346539999986,-50.17,329,2026-05-28T09:13:38.219,2026-05-28T09:29:08.219,,0.048709799999869574
164.7146143,164.7146143,1.7547e-05,658,2026-05-28T09:13:38.420,2026-05-28T09:29:08.420,,164.51346539999986,-50.17,329,2026-05-28T09:13:38.219,2026-05-28T09:29:08.219,,-0.20114890000013474
164.96484250000003,164.96484250000003,2.8509e-05,659,2026-05-28T09:13:38.669,2026-05-28T09:29:08.669,,165.01349070000015,-52.42,330,2026-05-28T09:13:38.719,2026-05-28T09:29:08.719,,0.04864820000011605
165.21478930000012,165.21478930000012,1.8134e-05,660,2026-05-28T09:13:38.919,2026-05-28T09:29:08.919,,165.01349070000015,-52.42,330,2026-05-28T09:13:38.719,2026-05-28T09:29:08.719,,-0.2012985999999728
165.46468030000005,165.46468030000005,3.8696e-05,661,2026-05-28T09:13:39.170,2026-05-28T09:29:09.170,,165.51342490000025,-52.96,331,2026-05-28T09:13:39.219,2026-05-28T09:29:09.219,,0.048744600000190985
165.7147571999999,165.7147571999999,2.4217e-05,662,2026-05-28T09:13:39.411,2026-05-28T09:29:09.411,,165.51342490000025,-52.96,331,2026-05-28T09:13:39.219,2026-05-28T09:29:09.219,,-0.20133229999964897
165.96483399999988,165.96483399999988,4.168e-05,663,2026-05-28T09:13:39.669,2026-05-28T09:29:09.669,,166.01330150000013,-54.02,332,2026-05-28T09:13:39.712,2026-05-28T09:29:09.712,,0.04846750000024258
166.2148158,166.2148158,2.2479e-05,664,2026-05-28T09:13:39.920,2026-05-28T09:29:09.920,,166.01330150000013,-54.02,332,2026-05-28T09:13:39.712,2026-05-28T09:29:09.712,,-0.20151429999987158
166.46472189999986,166.46472189999986,2.2206e-05,665,2026-05-28T09:13:40.169,2026-05-28T09:29:10.169,,166.51358519999985,-55.02,333,2026-05-28T09:13:40.219,2026-05-28T09:29:10.219,,0.048863299999993615
166.71486760000016,166.71486760000016,1.5024e-05,666,2026-05-28T09:13:40.420,2026-05-28T09:29:10.420,,166.51358519999985,-55.02,333,2026-05-28T09:13:40.219,2026-05-28T09:29:10.219,,-0.20128240000030928
166.9646542999999,166.9646542999999,2.5724e-05,667,2026-05-28T09:13:40.670,2026-05-28T09:29:10.670,,167.01354840000022,-55.04,334,2026-05-28T09:13:40.719,2026-05-28T09:29:10.719,,0.048894100000325125
167.21478449999995,167.21478449999995,7.706e-06,668,2026-05-28T09:13:40.920,2026-05-28T09:29:10.920,,167.01354840000022,-55.04,334,2026-05-28T09:13:40.719,2026-05-28T09:29:10.719,,-0.2012360999997327
167.4649457999999,167.4649457999999,1.8542e-05,669,2026-05-28T09:13:41.170,2026-05-28T09:29:11.170,,167.51341760000014,-55.04,335,2026-05-28T09:13:41.218,2026-05-28T09:29:11.218,,0.04847180000024309
167.71467280000024,167.71467280000024,6.292e-06,670,2026-05-28T09:13:41.419,2026-05-28T09:29:11.419,,167.51341760000014,-55.04,335,2026-05-28T09:13:41.218,2026-05-28T09:29:11.218,,-0.2012552000001051
167.96475050000026,167.96475050000026,2.9504e-05,671,2026-05-28T09:13:41.670,2026-05-28T09:29:11.670,,168.01359009999987,-54.8,336,2026-05-28T09:13:41.718,2026-05-28T09:29:11.718,,0.04883959999961007
168.2148470000002,168.2148470000002,1.7191e-05,672,2026-05-28T09:13:41.920,2026-05-28T09:29:11.920,,168.01359009999987,-54.8,336,2026-05-28T09:13:41.718,2026-05-28T09:29:11.718,,-0.20125690000031682
168.46501489999991,168.46501489999991,2.2876e-05,673,2026-05-28T09:13:42.170,2026-05-28T09:29:12.170,,168.5133694000001,-55.49,337,2026-05-28T09:13:42.219,2026-05-28T09:29:12.219,,0.04835450000018682
168.71457390000023,168.71457390000023,9.779e-06,674,2026-05-28T09:13:42.420,2026-05-28T09:29:12.420,,168.5133694000001,-55.49,337,2026-05-28T09:13:42.219,2026-05-28T09:29:12.219,,-0.2012045000001308
168.96468400000003,168.96468400000003,3.3022e-05,675,2026-05-28T09:13:42.669,2026-05-28T09:29:12.669,,169.01353460000018,-55.46,338,2026-05-28T09:13:42.712,2026-05-28T09:29:12.712,,0.048850600000150735
169.21474420000004,169.21474420000004,2.0531e-05,676,2026-05-28T09:13:42.919,2026-05-28T09:29:12.919,,169.01353460000018,-55.46,338,2026-05-28T09:13:42.712,2026-05-28T09:29:12.712,,-0.20120959999985644
169.46478509999997,169.46478509999997,2.9294e-05,677,2026-05-28T09:13:43.170,2026-05-28T09:29:13.170,,169.51344599999993,-55.27,339,2026-05-28T09:13:43.219,2026-05-28T09:29:13.219,,0.04866089999995893
169.7150832000002,169.7150832000002,1.9725e-05,678,2026-05-28T09:13:43.420,2026-05-28T09:29:13.420,,169.51344599999993,-55.27,339,2026-05-28T09:13:43.219,2026-05-28T09:29:13.219,,-0.20163720000027752
169.9646888000002,169.9646888000002,3.5021e-05,679,2026-05-28T09:13:43.669,2026-05-28T09:29:13.669,,170.0134533999999,-55.27,340,2026-05-28T09:13:43.719,2026-05-28T09:29:13.719,,0.04876459999968574
170.21479580000005,170.21479580000005,1.3527e-05,680,2026-05-28T09:13:43.920,2026-05-28T09:29:13.920,,170.0134533999999,-55.27,340,2026-05-28T09:13:43.719,2026-05-28T09:29:13.719,,-0.2013424000001578
170.46497520000003,170.46497520000003,3.209e-05,681,2026-05-28T09:13:44.170,2026-05-28T09:29:14.170,,170.51338590000023,-55.34,341,2026-05-28T09:13:44.212,2026-05-28T09:29:14.212,,0.04841070000020409
170.7146361,170.7146361,2.0845e-05,682,2026-05-28T09:13:44.419,2026-05-28T09:29:14.419,,170.51338590000023,-55.34,341,2026-05-28T09:13:44.212,2026-05-28T09:29:14.212,,-0.20125019999977667
170.96462550000024,170.96462550000024,2.0364e-05,683,2026-05-28T09:13:44.669,2026-05-28T09:29:14.669,,171.01345619999984,-55.46,342,2026-05-28T09:13:44.718,2026-05-28T09:29:14.718,,0.04883069999959844
171.21484420000024,171.21484420000024,1.9421e-05,684,2026-05-28T09:13:44.920,2026-05-28T09:29:14.920,,171.01345619999984,-55.46,342,2026-05-28T09:13:44.718,2026-05-28T09:29:14.718,,-0.20138800000040646
171.46501290000015,171.46501290000015,2.9326e-05,685,2026-05-28T09:13:45.170,2026-05-28T09:29:15.170,,171.51351590000013,-55.43,343,2026-05-28T09:13:45.219,2026-05-28T09:29:15.219,,0.04850299999998242
171.71474399999988,171.71474399999988,1.8898e-05,686,2026-05-28T09:13:45.420,2026-05-28T09:29:15.420,,171.51351590000013,-55.43,343,2026-05-28T09:13:45.219,2026-05-28T09:29:15.219,,-0.20122809999975289
171.96502820000023,171.96502820000023,2.8247e-05,687,2026-05-28T09:13:45.670,2026-05-28T09:29:15.670,,172.0135264999999,-55.05,344,2026-05-28T09:13:45.712,2026-05-28T09:29:15.712,,0.048498299999664596
172.21487250000018,172.21487250000018,2.2824e-05,688,2026-05-28T09:13:45.920,2026-05-28T09:29:15.920,,172.0135264999999,-55.05,344,2026-05-28T09:13:45.712,2026-05-28T09:29:15.712,,-0.20134600000028513
172.46476919999986,172.46476919999986,2.9378e-05,689,2026-05-28T09:13:46.170,2026-05-28T09:29:16.170,,172.5134794999999,-55.1,345,2026-05-28T09:13:46.219,2026-05-28T09:29:16.219,,0.04871030000003884
172.71481820000008,172.71481820000008,2.6279e-05,690,2026-05-28T09:13:46.420,2026-05-28T09:29:16.420,,172.5134794999999,-55.1,345,2026-05-28T09:13:46.219,2026-05-28T09:29:16.219,,-0.2013387000001785
172.96460239999988,172.96460239999988,2.1191e-05,691,2026-05-28T09:13:46.670,2026-05-28T09:29:16.670,,173.01348400000006,-55.23,346,2026-05-28T09:13:46.718,2026-05-28T09:29:16.718,,0.048881600000186154
173.21518049999986,173.21518049999986,1.8207e-05,692,2026-05-28T09:13:46.920,2026-05-28T09:29:16.920,,173.01348400000006,-55.23,346,2026-05-28T09:13:46.718,2026-05-28T09:29:16.718,,-0.2016964999997981
173.46461150000005,173.46461150000005,2.4709e-05,693,2026-05-28T09:13:47.170,2026-05-28T09:29:17.170,,173.51374680000026,-55.31,347,2026-05-28T09:13:47.218,2026-05-28T09:29:17.218,,0.049135300000216375
173.71495159999995,173.71495159999995,2.0604e-05,694,2026-05-28T09:13:47.420,2026-05-28T09:29:17.420,,173.51374680000026,-55.31,347,2026-05-28T09:13:47.218,2026-05-28T09:29:17.218,,-0.20120479999968666
173.96492100000023,173.96492100000023,2.4436e-05,695,2026-05-28T09:13:47.670,2026-05-28T09:29:17.670,,174.01357069999995,-55.32,348,2026-05-28T09:13:47.718,2026-05-28T09:29:17.718,,0.04864969999971436
174.21478500000012,174.21478500000012,2.0814e-05,696,2026-05-28T09:13:47.920,2026-05-28T09:29:17.920,,174.01357069999995,-55.32,348,2026-05-28T09:13:47.718,2026-05-28T09:29:17.718,,-0.20121430000017426
174.4646176000001,174.4646176000001,1.9662e-05,697,2026-05-28T09:13:48.170,2026-05-28T09:29:18.170,,174.51336730000003,-55.34,349,2026-05-28T09:13:48.219,2026-05-28T09:29:18.219,,0.04874969999991663
174.71475629999986,174.71475629999986,2.6593e-05,698,2026-05-28T09:13:48.420,2026-05-28T09:29:18.420,,174.51336730000003,-55.34,349,2026-05-28T09:13:48.219,2026-05-28T09:29:18.219,,-0.2013889999998355
174.96477679999998,174.96477679999998,2.8834e-05,699,2026-05-28T09:13:48.670,2026-05-28T09:29:18.670,,175.01339289999987,-55.29,350,2026-05-28T09:13:48.712,2026-05-28T09:29:18.712,,0.04861609999989014
175.21480520000023,175.21480520000023,1.6469e-05,700,2026-05-28T09:13:48.920,2026-05-28T09:29:18.920,,175.01339289999987,-55.29,350,2026-05-28T09:13:48.712,2026-05-28T09:29:18.712,,-0.20141230000035648
175.46484820000023,175.46484820000023,2.4834e-05,701,2026-05-28T09:13:49.170,2026-05-28T09:29:19.170,,175.51349979999986,-55.23,351,2026-05-28T09:13:49.218,2026-05-28T09:29:19.218,,0.04865159999962998
175.71500749999996,175.71500749999996,2.3442e-05,702,2026-05-28T09:13:49.420,2026-05-28T09:29:19.420,,175.51349979999986,-55.23,351,2026-05-28T09:13:49.218,2026-05-28T09:29:19.218,,-0.20150770000009288
175.96482460000016,175.96482460000016,2.4018e-05,703,2026-05-28T09:13:49.670,2026-05-28T09:29:19.670,,176.01357700000017,-55.32,352,2026-05-28T09:13:49.719,2026-05-28T09:29:19.719,,0.04875240000001213
176.2148287,176.2148287,2.474e-05,704,2026-05-28T09:13:49.920,2026-05-28T09:29:19.920,,176.01357700000017,-55.32,352,2026-05-28T09:13:49.719,2026-05-28T09:29:19.719,,-0.20125169999982973
176.46484529999998,176.46484529999998,2.2814e-05,705,2026-05-28T09:13:50.170,2026-05-28T09:29:20.170,,176.51352339999994,-55.33,353,2026-05-28T09:13:50.219,2026-05-28T09:29:20.219,,0.04867809999996098
176.71480440000005,176.71480440000005,2.3683e-05,706,2026-05-28T09:13:50.420,2026-05-28T09:29:20.420,,176.51352339999994,-55.33,353,2026-05-28T09:13:50.219,2026-05-28T09:29:20.219,,-0.20128100000010818
176.96473330000026,176.96473330000026,2.1871e-05,707,2026-05-28T09:13:50.670,2026-05-28T09:29:20.670,,177.01365029999988,-55.36,354,2026-05-28T09:13:50.719,2026-05-28T09:29:20.719,,0.04891699999961929
177.21471410000004,177.21471410000004,2.6708e-05,708,2026-05-28T09:13:50.919,2026-05-28T09:29:20.919,,177.01365029999988,-55.36,354,2026-05-28T09:13:50.719,2026-05-28T09:29:20.719,,-0.20106380000015633
177.46491070000002,177.46491070000002,2.1714e-05,709,2026-05-28T09:13:51.170,2026-05-28T09:29:21.170,,177.5135212,-55.3,355,2026-05-28T09:13:51.219,2026-05-28T09:29:21.219,,0.04861049999999523
177.71481499999982,177.71481499999982,2.5735e-05,710,2026-05-28T09:13:51.420,2026-05-28T09:29:21.420,,177.5135212,-55.3,355,2026-05-28T09:13:51.219,2026-05-28T09:29:21.219,,-0.201293799999803
177.9647602,177.9647602,2.0081e-05,711,2026-05-28T09:13:51.670,2026-05-28T09:29:21.670,,178.01353000000017,-55.33,356,2026-05-28T09:13:51.712,2026-05-28T09:29:21.712,,0.048769800000172836
178.21470779999981,178.21470779999981,2.7734e-05,712,2026-05-28T09:13:51.919,2026-05-28T09:29:21.919,,178.01353000000017,-55.33,356,2026-05-28T09:13:51.712,2026-05-28T09:29:21.712,,-0.20117779999964114
178.46473650000007,178.46473650000007,5.0988e-05,713,2026-05-28T09:13:52.170,2026-05-28T09:29:22.170,,178.51350559999992,-55.31,357,2026-05-28T09:13:52.219,2026-05-28T09:29:22.219,,0.04876909999984491
178.71508089999998,178.71508089999998,2.2992e-05,714,2026-05-28T09:13:52.420,2026-05-28T09:29:22.420,,178.51350559999992,-55.31,357,2026-05-28T09:13:52.219,2026-05-28T09:29:22.219,,-0.20157530000005863
178.96478449999995,178.96478449999995,1.7359e-05,715,2026-05-28T09:13:52.669,2026-05-28T09:29:22.669,,179.0135636,-55.34,358,2026-05-28T09:13:52.719,2026-05-28T09:29:22.719,,0.04877910000004704
179.21490129999984,179.21490129999984,3.7733e-05,716,2026-05-28T09:13:52.920,2026-05-28T09:29:22.920,,179.0135636,-55.34,358,2026-05-28T09:13:52.719,2026-05-28T09:29:22.719,,-0.20133769999983997
179.46475060000012,179.46475060000012,8.627e-06,717,2026-05-28T09:13:53.169,2026-05-28T09:29:23.169,,179.5134521,-55.31,359,2026-05-28T09:13:53.219,2026-05-28T09:29:23.219,,0.04870149999987916
179.71469780000007,179.71469780000007,1.5747e-05,718,2026-05-28T09:13:53.412,2026-05-28T09:29:23.412,,179.5134521,-55.31,359,2026-05-28T09:13:53.219,2026-05-28T09:29:23.219,,-0.20124570000007225
179.9646455000002,179.9646455000002,4.837e-06,719,2026-05-28T09:13:53.669,2026-05-28T09:29:23.669,,180.01344560000007,-55.39,360,2026-05-28T09:13:53.719,2026-05-28T09:29:23.719,,0.04880009999988033
180.21460340000021,180.21460340000021,1.7924e-05,720,2026-05-28T09:13:53.920,2026-05-28T09:29:23.920,,180.01344560000007,-55.39,360,2026-05-28T09:13:53.719,2026-05-28T09:29:23.719,,-0.20115780000014638
180.46514860000025,180.46514860000025,3.276e-05,721,2026-05-28T09:13:54.170,2026-05-28T09:29:24.170,,180.5135064000001,-55.35,361,2026-05-28T09:13:54.219,2026-05-28T09:29:24.219,,0.048357799999848794
180.71469620000016,180.71469620000016,2.1369e-05,722,2026-05-28T09:13:54.420,2026-05-28T09:29:24.420,,180.5135064000001,-55.35,361,2026-05-28T09:13:54.219,2026-05-28T09:29:24.219,,-0.2011898000000656
180.96486080000022,180.96486080000022,1.9264e-05,723,2026-05-28T09:13:54.670,2026-05-28T09:29:24.670,,181.01354489999994,-55.33,362,2026-05-28T09:13:54.718,2026-05-28T09:29:24.718,,0.048684099999718455
181.21498689999999,181.21498689999999,2.5075e-05,724,2026-05-28T09:13:54.920,2026-05-28T09:29:24.920,,181.01354489999994,-55.33,362,2026-05-28T09:13:54.718,2026-05-28T09:29:24.718,,-0.20144200000004275
181.46475069999997,181.46475069999997,1.872e-05,725,2026-05-28T09:13:55.170,2026-05-28T09:29:25.170,,181.51345889999993,-55.26,363,2026-05-28T09:13:55.218,2026-05-28T09:29:25.218,,0.04870819999996456
181.71467870000015,181.71467870000015,3.6341e-05,726,2026-05-28T09:13:55.420,2026-05-28T09:29:25.420,,181.51345889999993,-55.26,363,2026-05-28T09:13:55.218,2026-05-28T09:29:25.218,,-0.20121980000021722
181.9647218,181.9647218,2.0877e-05,727,2026-05-28T09:13:55.670,2026-05-28T09:29:25.670,,182.01350030000003,-55.32,364,2026-05-28T09:13:55.719,2026-05-28T09:29:25.719,,0.048778500000025815
182.21532539999998,182.21532539999998,3.6634e-05,728,2026-05-28T09:13:55.921,2026-05-28T09:29:25.921,,182.01350030000003,-55.32,364,2026-05-28T09:13:55.719,2026-05-28T09:29:25.719,,-0.2018250999999509
182.4648013000001,182.4648013000001,1.2867e-05,729,2026-05-28T09:13:56.170,2026-05-28T09:29:26.170,,182.51353759999984,-55.33,365,2026-05-28T09:13:56.218,2026-05-28T09:29:26.218,,0.048736299999745825
182.7148857000002,182.7148857000002,3.1127e-05,730,2026-05-28T09:13:56.419,2026-05-28T09:29:26.419,,182.51353759999984,-55.33,365,2026-05-28T09:13:56.218,2026-05-28T09:29:26.218,,-0.2013481000003594
182.96485260000009,182.96485260000009,1.2124e-05,731,2026-05-28T09:13:56.670,2026-05-28T09:29:26.670,,183.01351680000016,-55.29,366,2026-05-28T09:13:56.719,2026-05-28T09:29:26.719,,0.04866420000007565
183.21482849999984,183.21482849999984,3.2697e-05,732,2026-05-28T09:13:56.920,2026-05-28T09:29:26.920,,183.01351680000016,-55.29,366,2026-05-28T09:13:56.719,2026-05-28T09:29:26.719,,-0.20131169999967824
183.46468300000015,183.46468300000015,1.4113e-05,733,2026-05-28T09:13:57.170,2026-05-28T09:29:27.170,,183.51351109999996,-55.31,367,2026-05-28T09:13:57.219,2026-05-28T09:29:27.219,,0.04882809999980964
183.71488660000023,183.71488660000023,3.7314e-05,734,2026-05-28T09:13:57.420,2026-05-28T09:29:27.420,,183.51351109999996,-55.31,367,2026-05-28T09:13:57.219,2026-05-28T09:29:27.219,,-0.2013755000002675
183.96478979999983,183.96478979999983,1.1831e-05,735,2026-05-28T09:13:57.670,2026-05-28T09:29:27.670,,184.01345100000026,-55.28,368,2026-05-28T09:13:57.718,2026-05-28T09:29:27.718,,0.04866120000042429
184.21491289999994,184.21491289999994,3.2393e-05,736,2026-05-28T09:13:57.920,2026-05-28T09:29:27.920,,184.01345100000026,-55.28,368,2026-05-28T09:13:57.718,2026-05-28T09:29:27.718,,-0.20146189999968556
184.4647447000002,184.4647447000002,1.2647e-05,737,2026-05-28T09:13:58.170,2026-05-28T09:29:28.170,,184.5134624000002,-55.28,369,2026-05-28T09:13:58.219,2026-05-28T09:29:28.219,,0.04871769999999742
184.7150372000001,184.7150372000001,3.2393e-05,738,2026-05-28T09:13:58.420,2026-05-28T09:29:28.420,,184.5134624000002,-55.28,369,2026-05-28T09:13:58.219,2026-05-28T09:29:28.219,,-0.20157479999988936
184.9647113000001,184.9647113000001,1.2627e-05,739,2026-05-28T09:13:58.669,2026-05-28T09:29:28.669,,185.01350869999987,-55.24,370,2026-05-28T09:13:58.719,2026-05-28T09:29:28.719,,0.04879739999978483
185.21451149999984,185.21451149999984,3.3221e-05,740,2026-05-28T09:13:58.919,2026-05-28T09:29:28.919,,185.01350869999987,-55.24,370,2026-05-28T09:13:58.719,2026-05-28T09:29:28.719,,-0.20100279999996928
185.46472970000013,185.46472970000013,1.1318e-05,741,2026-05-28T09:13:59.170,2026-05-28T09:29:29.170,,185.51997690000007,-55.27,371,2026-05-28T09:13:59.225,2026-05-28T09:29:29.225,,0.05524719999993977
185.73416159999988,185.73416159999988,3.2404e-05,742,2026-05-28T09:13:59.435,2026-05-28T09:29:29.435,,185.51997690000007,-55.27,371,2026-05-28T09:13:59.225,2026-05-28T09:29:29.225,,-0.21418469999980516
185.96492260000014,185.96492260000014,1.5673e-05,743,2026-05-28T09:13:59.669,2026-05-28T09:29:29.669,,186.01351290000002,-55.32,372,2026-05-28T09:13:59.719,2026-05-28T09:29:29.719,,0.048590299999887065
186.21472919999997,186.21472919999997,3.4843e-05,744,2026-05-28T09:13:59.920,2026-05-28T09:29:29.920,,186.01351290000002,-55.32,372,2026-05-28T09:13:59.719,2026-05-28T09:29:29.719,,-0.20121629999994184
186.46456690000014,186.46456690000014,1.8448e-05,745,2026-05-28T09:14:00.170,2026-05-28T09:29:30.170,,186.51358320000008,-55.26,373,2026-05-28T09:14:00.218,2026-05-28T09:29:30.218,,0.04901629999994839
186.7146742,186.7146742,2.5808e-05,746,2026-05-28T09:14:00.420,2026-05-28T09:29:30.420,,186.51358320000008,-55.26,373,2026-05-28T09:14:00.218,2026-05-28T09:29:30.218,,-0.20109099999990576
186.96462199999996,186.96462199999996,3.329e-06,747,2026-05-28T09:14:00.670,2026-05-28T09:29:30.670,,187.0134468000001,-55.29,374,2026-05-28T09:14:00.719,2026-05-28T09:29:30.719,,0.04882480000014766
187.21471359999987,187.21471359999987,3.1315e-05,748,2026-05-28T09:14:00.919,2026-05-28T09:29:30.919,,187.0134468000001,-55.29,374,2026-05-28T09:14:00.719,2026-05-28T09:29:30.719,,-0.2012667999997575
187.46475120000014,187.46475120000014,1.6113e-05,749,2026-05-28T09:14:01.169,2026-05-28T09:29:31.169,,187.51332600000023,-55.3,375,2026-05-28T09:14:01.212,2026-05-28T09:29:31.212,,0.04857480000009673
187.71493210000017,187.71493210000017,3.097e-05,750,2026-05-28T09:14:01.420,2026-05-28T09:29:31.420,,187.51332600000023,-55.3,375,2026-05-28T09:14:01.212,2026-05-28T09:29:31.212,,-0.2016060999999354
187.9647199000001,187.9647199000001,1.784e-05,751,2026-05-28T09:14:01.669,2026-05-28T09:29:31.669,,188.01337060000014,-55.26,376,2026-05-28T09:14:01.718,2026-05-28T09:29:31.718,,0.04865070000005289
188.21483249999983,188.21483249999983,3.1702e-05,752,2026-05-28T09:14:01.919,2026-05-28T09:29:31.919,,188.01337060000014,-55.26,376,2026-05-28T09:14:01.718,2026-05-28T09:29:31.718,,-0.20146189999968556
188.46482909999986,188.46482909999986,1.5024e-05,753,2026-05-28T09:14:02.170,2026-05-28T09:29:32.170,,188.51346969999986,-55.25,377,2026-05-28T09:14:02.219,2026-05-28T09:29:32.219,,0.04864059999999881
188.71481029999995,188.71481029999995,2.0866e-05,754,2026-05-28T09:14:02.420,2026-05-28T09:29:32.420,,188.51346969999986,-55.25,377,2026-05-28T09:14:02.219,2026-05-28T09:29:32.219,,-0.20134060000009413
188.96466180000016,188.96466180000016,1.8364e-05,755,2026-05-28T09:14:02.669,2026-05-28T09:29:32.669,,189.0134877999999,-55.23,378,2026-05-28T09:14:02.713,2026-05-28T09:29:32.713,,0.04882599999973536
189.2147490000002,189.2147490000002,2.4237e-05,756,2026-05-28T09:14:02.920,2026-05-28T09:29:32.920,,189.0134877999999,-55.23,378,2026-05-28T09:14:02.713,2026-05-28T09:29:32.713,,-0.20126120000031733
189.46528750000016,189.46528750000016,2.252e-05,757,2026-05-28T09:14:03.170,2026-05-28T09:29:33.170,,189.51337809999995,-55.27,379,2026-05-28T09:14:03.219,2026-05-28T09:29:33.219,,0.04809059999979581
189.71489440000005,189.71489440000005,2.1191e-05,758,2026-05-28T09:14:03.420,2026-05-28T09:29:33.420,,189.51337809999995,-55.27,379,2026-05-28T09:14:03.219,2026-05-28T09:29:33.219,,-0.2015163000000939
189.96471539999993,189.96471539999993,3.2708e-05,759,2026-05-28T09:14:03.669,2026-05-28T09:29:33.669,,189.51337809999995,-55.27,379,2026-05-28T09:14:03.219,2026-05-28T09:29:33.219,,-0.4513372999999774
