indice,error,tiempo_s,fecha_hora_corregida,fecha_hora_pc,masa_g,sensor,voltaje_V
0,,0.41541319999987536,2026-05-28T08:37:00.551,2026-05-28T08:52:30.551,,multimetro,9.0501e-05
1,,0.6316630999999688,2026-05-28T08:37:00.775,2026-05-28T08:52:30.775,,multimetro,8.9946e-05
2,,0.8468659000000116,2026-05-28T08:37:00.991,2026-05-28T08:52:30.991,,multimetro,8.9412e-05
3,,1.0619891999999709,2026-05-28T08:37:01.206,2026-05-28T08:52:31.206,,multimetro,8.9946e-05
4,,1.2768354999998337,2026-05-28T08:37:01.414,2026-05-28T08:52:31.414,,multimetro,9.0783e-05
5,,1.4918724999999995,2026-05-28T08:37:01.636,2026-05-28T08:52:31.636,,multimetro,9.0375e-05
6,,1.7151745999999548,2026-05-28T08:37:01.853,2026-05-28T08:52:31.853,,multimetro,8.9537e-05
0,Error Arduino: HX711 not found.,1.8640255000000252,2026-05-28T08:37:02.004,2026-05-28T08:52:32.004,,balanza,
7,,1.9649737999998251,2026-05-28T08:37:02.109,2026-05-28T08:52:32.109,,multimetro,8.9234e-05
8,,2.214608300000009,2026-05-28T08:37:02.351,2026-05-28T08:52:32.351,,multimetro,9.0134e-05
9,,2.465041799999881,2026-05-28T08:37:02.609,2026-05-28T08:52:32.609,,multimetro,9.0312e-05
10,,2.715171099999907,2026-05-28T08:37:02.851,2026-05-28T08:52:32.851,,multimetro,8.9611e-05
1,,2.8564440000000104,2026-05-28T08:37:02.997,2026-05-28T08:52:32.997,-0.04,balanza,
2,Error Arduino: HX711 not found.,2.8796096999999463,2026-05-28T08:37:03.018,2026-05-28T08:52:33.018,,balanza,
11,,2.964835699999867,2026-05-28T08:37:03.109,2026-05-28T08:52:33.109,,multimetro,8.8993e-05
12,,3.2146095999999034,2026-05-28T08:37:03.351,2026-05-28T08:52:33.351,,multimetro,8.9841e-05
13,,3.4648545000000013,2026-05-28T08:37:03.609,2026-05-28T08:52:33.609,,multimetro,9.0092e-05
14,,3.714539299999842,2026-05-28T08:37:03.851,2026-05-28T08:52:33.851,,multimetro,9.0302e-05
3,,3.87194559999989,2026-05-28T08:37:04.014,2026-05-28T08:52:34.014,-0.06,balanza,
4,Error Arduino: HX711 not found.,3.8950367999998434,2026-05-28T08:37:04.031,2026-05-28T08:52:34.031,,balanza,
15,,3.9646864999999707,2026-05-28T08:37:04.100,2026-05-28T08:52:34.100,,multimetro,8.8344e-05
16,,4.214634799999885,2026-05-28T08:37:04.357,2026-05-28T08:52:34.357,,multimetro,9.1066e-05
17,,4.465208699999948,2026-05-28T08:37:04.601,2026-05-28T08:52:34.601,,multimetro,9.0124e-05
18,,4.715032199999996,2026-05-28T08:37:04.858,2026-05-28T08:52:34.858,,multimetro,8.9359e-05
5,,4.887544700000035,2026-05-28T08:37:05.031,2026-05-28T08:52:35.031,-0.05,balanza,
6,Error Arduino: HX711 not found.,4.910820599999852,2026-05-28T08:37:05.047,2026-05-28T08:52:35.047,,balanza,
19,,4.964562399999977,2026-05-28T08:37:05.108,2026-05-28T08:52:35.108,,multimetro,8.9412e-05
20,,5.214927499999931,2026-05-28T08:37:05.358,2026-05-28T08:52:35.358,,multimetro,9.0134e-05
21,,5.4646298000000115,2026-05-28T08:37:05.608,2026-05-28T08:52:35.608,,multimetro,8.9632e-05
22,,5.714871700000003,2026-05-28T08:37:05.859,2026-05-28T08:52:35.859,,multimetro,8.982e-05
7,,5.903147900000022,2026-05-28T08:37:06.048,2026-05-28T08:52:36.048,-0.04,balanza,
8,Error Arduino: HX711 not found.,5.926257999999962,2026-05-28T08:37:06.064,2026-05-28T08:52:36.064,,balanza,
23,,5.964722100000017,2026-05-28T08:37:06.108,2026-05-28T08:52:36.108,,multimetro,8.9632e-05
24,,6.214798499999915,2026-05-28T08:37:06.359,2026-05-28T08:52:36.359,,multimetro,8.9611e-05
25,,6.464771199999859,2026-05-28T08:37:06.608,2026-05-28T08:52:36.608,,multimetro,9.0291e-05
26,,6.7148394999999255,2026-05-28T08:37:06.858,2026-05-28T08:52:36.858,,multimetro,9.0417e-05
9,,6.918760300000031,2026-05-28T08:37:07.057,2026-05-28T08:52:37.057,-0.03,balanza,
10,Error Arduino: HX711 not found.,6.942018999999846,2026-05-28T08:37:07.081,2026-05-28T08:52:37.081,,balanza,
27,,6.964990999999827,2026-05-28T08:37:07.109,2026-05-28T08:52:37.109,,multimetro,8.9883e-05
28,,7.2147869000000355,2026-05-28T08:37:07.352,2026-05-28T08:52:37.352,,multimetro,8.9747e-05
29,,7.464557199999945,2026-05-28T08:37:07.609,2026-05-28T08:52:37.609,,multimetro,8.9946e-05
30,,7.714716499999895,2026-05-28T08:37:07.859,2026-05-28T08:52:37.859,,multimetro,8.9694e-05
11,,7.9343366000000515,2026-05-28T08:37:08.074,2026-05-28T08:52:38.074,-0.02,balanza,
12,Error Arduino: HX711 not found.,7.957360599999902,2026-05-28T08:37:08.102,2026-05-28T08:52:38.102,,balanza,
31,,7.964635199999975,2026-05-28T08:37:08.109,2026-05-28T08:52:38.109,,multimetro,8.981e-05
32,,8.214761100000032,2026-05-28T08:37:08.358,2026-05-28T08:52:38.358,,multimetro,8.9663e-05
33,,8.464586199999985,2026-05-28T08:37:08.608,2026-05-28T08:52:38.608,,multimetro,8.937e-05
34,,8.715016200000036,2026-05-28T08:37:08.858,2026-05-28T08:52:38.858,,multimetro,8.9349e-05
13,,8.949014999999918,2026-05-28T08:37:09.093,2026-05-28T08:52:39.093,0.01,balanza,
35,,8.96472649999987,2026-05-28T08:37:09.108,2026-05-28T08:52:39.108,,multimetro,8.9778e-05
14,Error Arduino: HX711 not found.,8.972136500000033,2026-05-28T08:37:09.114,2026-05-28T08:52:39.114,,balanza,
36,,9.214613699999973,2026-05-28T08:37:09.357,2026-05-28T08:52:39.357,,multimetro,8.9401e-05
37,,9.464638599999944,2026-05-28T08:37:09.607,2026-05-28T08:52:39.607,,multimetro,8.9831e-05
38,,9.714590000000044,2026-05-28T08:37:09.859,2026-05-28T08:52:39.859,,multimetro,8.9705e-05
15,,9.963633200000004,2026-05-28T08:37:10.107,2026-05-28T08:52:40.107,0.07,balanza,
39,,9.965085699999918,2026-05-28T08:37:10.109,2026-05-28T08:52:40.109,,multimetro,8.9527e-05
16,Error Arduino: HX711 not found.,9.986694299999954,2026-05-28T08:37:10.131,2026-05-28T08:52:40.131,,balanza,
40,,10.21466220000002,2026-05-28T08:37:10.358,2026-05-28T08:52:40.358,,multimetro,8.9318e-05
41,,10.464759999999842,2026-05-28T08:37:10.609,2026-05-28T08:52:40.609,,multimetro,8.9715e-05
42,,10.714893500000017,2026-05-28T08:37:10.859,2026-05-28T08:52:40.859,,multimetro,8.9946e-05
43,,10.964723699999922,2026-05-28T08:37:11.108,2026-05-28T08:52:41.108,,multimetro,8.9056e-05
17,,10.97827889999985,2026-05-28T08:37:11.114,2026-05-28T08:52:41.114,0.0,balanza,
18,Error Arduino: HX711 not found.,11.001444099999844,2026-05-28T08:37:11.145,2026-05-28T08:52:41.145,,balanza,
44,,11.214752399999952,2026-05-28T08:37:11.359,2026-05-28T08:52:41.359,,multimetro,8.9223e-05
45,,11.464929699999857,2026-05-28T08:37:11.609,2026-05-28T08:52:41.609,,multimetro,8.938e-05
46,,11.715109499999926,2026-05-28T08:37:11.859,2026-05-28T08:52:41.859,,multimetro,8.9663e-05
47,,11.964826299999913,2026-05-28T08:37:12.109,2026-05-28T08:52:42.109,,multimetro,8.9286e-05
19,,11.99381429999994,2026-05-28T08:37:12.131,2026-05-28T08:52:42.131,-0.02,balanza,
20,Error Arduino: HX711 not found.,12.016899599999988,2026-05-28T08:37:12.161,2026-05-28T08:52:42.161,,balanza,
48,,12.214723499999991,2026-05-28T08:37:12.359,2026-05-28T08:52:42.359,,multimetro,8.8867e-05
49,,12.464875799999845,2026-05-28T08:37:12.609,2026-05-28T08:52:42.609,,multimetro,8.9255e-05
50,,12.714626199999884,2026-05-28T08:37:12.859,2026-05-28T08:52:42.859,,multimetro,8.9569e-05
51,,12.965103499999941,2026-05-28T08:37:13.109,2026-05-28T08:52:43.109,,multimetro,8.9548e-05
21,,13.009459200000038,2026-05-28T08:37:13.153,2026-05-28T08:52:43.153,-0.01,balanza,
22,,13.021542499999896,2026-05-28T08:37:13.166,2026-05-28T08:52:43.166,-0.0,balanza,
23,Error Arduino: HX711 not found.,13.044646199999988,2026-05-28T08:37:13.189,2026-05-28T08:52:43.189,,balanza,
52,,13.214502999999922,2026-05-28T08:37:13.358,2026-05-28T08:52:43.358,,multimetro,8.9014e-05
53,,13.465048600000046,2026-05-28T08:37:13.609,2026-05-28T08:52:43.609,,multimetro,8.9119e-05
54,,13.715149399999973,2026-05-28T08:37:13.859,2026-05-28T08:52:43.859,,multimetro,8.9653e-05
55,,13.964594999999917,2026-05-28T08:37:14.108,2026-05-28T08:52:44.108,,multimetro,8.9548e-05
24,,14.037194900000031,2026-05-28T08:37:14.181,2026-05-28T08:52:44.181,46.49,balanza,
25,Error Arduino: HX711 not found.,14.060335399999985,2026-05-28T08:37:14.199,2026-05-28T08:52:44.199,,balanza,
56,,14.214787599999909,2026-05-28T08:37:14.358,2026-05-28T08:52:44.358,,multimetro,8.893e-05
57,,14.464618199999904,2026-05-28T08:37:14.608,2026-05-28T08:52:44.608,,multimetro,8.8951e-05
58,,14.714766899999859,2026-05-28T08:37:14.859,2026-05-28T08:52:44.859,,multimetro,8.9328e-05
59,,14.964486800000032,2026-05-28T08:37:15.107,2026-05-28T08:52:45.107,,multimetro,8.9475e-05
26,,15.052816399999983,2026-05-28T08:37:15.197,2026-05-28T08:52:45.197,48.62,balanza,
27,Error Arduino: HX711 not found.,15.075980299999856,2026-05-28T08:37:15.214,2026-05-28T08:52:45.214,,balanza,
60,,15.214728899999955,2026-05-28T08:37:15.357,2026-05-28T08:52:45.357,,multimetro,8.892e-05
61,,15.46488290000002,2026-05-28T08:37:15.607,2026-05-28T08:52:45.607,,multimetro,8.8606e-05
62,,15.716220799999974,2026-05-28T08:37:15.857,2026-05-28T08:52:45.857,,multimetro,8.9328e-05
63,,15.965195900000026,2026-05-28T08:37:16.109,2026-05-28T08:52:46.109,,multimetro,8.9475e-05
28,,16.068411999999853,2026-05-28T08:37:16.206,2026-05-28T08:52:46.206,-0.07,balanza,
29,Error Arduino: HX711 not found.,16.091785200000004,2026-05-28T08:37:16.232,2026-05-28T08:52:46.232,,balanza,
64,,16.214883699999973,2026-05-28T08:37:16.358,2026-05-28T08:52:46.358,,multimetro,8.9297e-05
65,,16.46458779999989,2026-05-28T08:37:16.605,2026-05-28T08:52:46.605,,multimetro,8.8564e-05
66,,16.71478060000004,2026-05-28T08:37:16.857,2026-05-28T08:52:46.857,,multimetro,8.8993e-05
67,,16.964848399999937,2026-05-28T08:37:17.107,2026-05-28T08:52:47.107,,multimetro,8.9946e-05
30,,17.083858599999985,2026-05-28T08:37:17.224,2026-05-28T08:52:47.224,-0.07,balanza,
31,Error Arduino: HX711 not found.,17.10714199999984,2026-05-28T08:37:17.248,2026-05-28T08:52:47.248,,balanza,
68,,17.214819599999828,2026-05-28T08:37:17.357,2026-05-28T08:52:47.357,,multimetro,8.981e-05
69,,17.464635699999917,2026-05-28T08:37:17.608,2026-05-28T08:52:47.608,,multimetro,8.8658e-05
70,,17.73384629999987,2026-05-28T08:37:17.878,2026-05-28T08:52:47.878,,multimetro,8.848e-05
71,,17.965084400000023,2026-05-28T08:37:18.108,2026-05-28T08:52:48.108,,multimetro,8.9265e-05
32,,18.0995132999999,2026-05-28T08:37:18.241,2026-05-28T08:52:48.241,-0.02,balanza,
33,Error Arduino: HX711 not found.,18.122702899999922,2026-05-28T08:37:18.264,2026-05-28T08:52:48.264,,balanza,
72,,18.21462489999999,2026-05-28T08:37:18.359,2026-05-28T08:52:48.359,,multimetro,8.9255e-05
73,,18.46505520000005,2026-05-28T08:37:18.609,2026-05-28T08:52:48.609,,multimetro,8.8668e-05
74,,18.7147152,2026-05-28T08:37:18.859,2026-05-28T08:52:48.859,,multimetro,8.8333e-05
75,,18.965059699999983,2026-05-28T08:37:19.109,2026-05-28T08:52:49.109,,multimetro,8.9024e-05
34,,19.11516659999984,2026-05-28T08:37:19.257,2026-05-28T08:52:49.257,-0.02,balanza,
35,Error Arduino: HX711 not found.,19.138250799999923,2026-05-28T08:37:19.282,2026-05-28T08:52:49.282,,balanza,
76,,19.214577399999826,2026-05-28T08:37:19.357,2026-05-28T08:52:49.357,,multimetro,8.9202e-05
77,,19.46491919999994,2026-05-28T08:37:19.601,2026-05-28T08:52:49.601,,multimetro,8.8784e-05
78,,19.714668200000006,2026-05-28T08:37:19.857,2026-05-28T08:52:49.857,,multimetro,8.8103e-05
79,,19.9648866,2026-05-28T08:37:20.104,2026-05-28T08:52:50.104,,multimetro,8.8836e-05
36,,20.130838399999902,2026-05-28T08:37:20.274,2026-05-28T08:52:50.274,-0.08,balanza,
37,Error Arduino: HX711 not found.,20.154068499999994,2026-05-28T08:37:20.298,2026-05-28T08:52:50.298,,balanza,
80,,20.21451409999986,2026-05-28T08:37:20.357,2026-05-28T08:52:50.357,,multimetro,8.9318e-05
81,,20.464852099999916,2026-05-28T08:37:20.608,2026-05-28T08:52:50.608,,multimetro,8.9024e-05
82,,20.71516039999983,2026-05-28T08:37:20.859,2026-05-28T08:52:50.859,,multimetro,8.7998e-05
83,,20.964606399999866,2026-05-28T08:37:21.108,2026-05-28T08:52:51.108,,multimetro,8.804e-05
38,,21.146346699999867,2026-05-28T08:37:21.291,2026-05-28T08:52:51.291,-0.03,balanza,
39,Error Arduino: HX711 not found.,21.169378099999903,2026-05-28T08:37:21.314,2026-05-28T08:52:51.314,,balanza,
84,,21.214790399999856,2026-05-28T08:37:21.358,2026-05-28T08:52:51.358,,multimetro,8.9024e-05
85,,21.464913199999955,2026-05-28T08:37:21.609,2026-05-28T08:52:51.609,,multimetro,8.9213e-05
86,,21.71492739999985,2026-05-28T08:37:21.858,2026-05-28T08:52:51.858,,multimetro,8.8302e-05
87,,21.96481670000003,2026-05-28T08:37:22.109,2026-05-28T08:52:52.109,,multimetro,8.7799e-05
40,,22.161976200000026,2026-05-28T08:37:22.298,2026-05-28T08:52:52.298,-0.02,balanza,
41,Error Arduino: HX711 not found.,22.185150199999953,2026-05-28T08:37:22.324,2026-05-28T08:52:52.324,,balanza,
88,,22.214862899999844,2026-05-28T08:37:22.358,2026-05-28T08:52:52.358,,multimetro,8.8606e-05
89,,22.46517289999997,2026-05-28T08:37:22.609,2026-05-28T08:52:52.609,,multimetro,8.9014e-05
90,,22.714962000000014,2026-05-28T08:37:22.859,2026-05-28T08:52:52.859,,multimetro,8.8501e-05
91,,22.964914399999998,2026-05-28T08:37:23.100,2026-05-28T08:52:53.100,,multimetro,8.8239e-05
42,,23.177518999999847,2026-05-28T08:37:23.316,2026-05-28T08:52:53.316,-0.03,balanza,
43,Error Arduino: HX711 not found.,23.200873099999853,2026-05-28T08:37:23.345,2026-05-28T08:52:53.345,,balanza,
92,,23.21489120000001,2026-05-28T08:37:23.357,2026-05-28T08:52:53.357,,multimetro,8.8752e-05
93,,23.464699899999914,2026-05-28T08:37:23.601,2026-05-28T08:52:53.601,,multimetro,8.8941e-05
94,,23.714700099999845,2026-05-28T08:37:23.857,2026-05-28T08:52:53.857,,multimetro,8.8637e-05
95,,23.965038899999854,2026-05-28T08:37:24.108,2026-05-28T08:52:54.108,,multimetro,8.804e-05
44,,24.193232500000022,2026-05-28T08:37:24.331,2026-05-28T08:52:54.331,-0.05,balanza,
96,,24.21455939999987,2026-05-28T08:37:24.359,2026-05-28T08:52:54.359,,multimetro,8.8637e-05
45,Error Arduino: HX711 not found.,24.216348400000015,2026-05-28T08:37:24.360,2026-05-28T08:52:54.360,,balanza,
97,,24.464651799999956,2026-05-28T08:37:24.607,2026-05-28T08:52:54.607,,multimetro,8.9087e-05
98,,24.715114200000016,2026-05-28T08:37:24.858,2026-05-28T08:52:54.858,,multimetro,8.8784e-05
99,,24.96505819999993,2026-05-28T08:37:25.109,2026-05-28T08:52:55.109,,multimetro,8.8312e-05
46,,25.210053499999958,2026-05-28T08:37:25.354,2026-05-28T08:52:55.354,432.67,balanza,
100,,25.214811399999917,2026-05-28T08:37:25.359,2026-05-28T08:52:55.359,,multimetro,8.8386e-05
47,Error Arduino: HX711 not found.,25.23321039999996,2026-05-28T08:37:25.374,2026-05-28T08:52:55.374,,balanza,
101,,25.464770999999928,2026-05-28T08:37:25.608,2026-05-28T08:52:55.608,,multimetro,8.871e-05
102,,25.714615699999968,2026-05-28T08:37:25.859,2026-05-28T08:52:55.859,,multimetro,8.8878e-05
103,,25.964728799999875,2026-05-28T08:37:26.109,2026-05-28T08:52:56.109,,multimetro,8.8396e-05
104,,26.214662800000042,2026-05-28T08:37:26.359,2026-05-28T08:52:56.359,,multimetro,8.8208e-05
48,,26.226910899999893,2026-05-28T08:37:26.364,2026-05-28T08:52:56.364,628.13,balanza,
49,Error Arduino: HX711 not found.,26.250347799999872,2026-05-28T08:37:26.394,2026-05-28T08:52:56.394,,balanza,
105,,26.464573699999846,2026-05-28T08:37:26.609,2026-05-28T08:52:56.609,,multimetro,8.8616e-05
106,,26.714697299999898,2026-05-28T08:37:26.859,2026-05-28T08:52:56.859,,multimetro,8.8857e-05
107,,26.964643799999976,2026-05-28T08:37:27.109,2026-05-28T08:52:57.109,,multimetro,8.8407e-05
108,,27.215077099999917,2026-05-28T08:37:27.359,2026-05-28T08:52:57.359,,multimetro,8.8093e-05
50,,27.24372070000004,2026-05-28T08:37:27.381,2026-05-28T08:52:57.381,610.15,balanza,
51,Error Arduino: HX711 not found.,27.266834300000028,2026-05-28T08:37:27.408,2026-05-28T08:52:57.408,,balanza,
109,,27.46468619999996,2026-05-28T08:37:27.609,2026-05-28T08:52:57.609,,multimetro,8.8522e-05
110,,27.714745300000004,2026-05-28T08:37:27.859,2026-05-28T08:52:57.859,,multimetro,8.8784e-05
111,,27.965047199999844,2026-05-28T08:37:28.109,2026-05-28T08:52:58.109,,multimetro,8.848e-05
112,,28.21476370000005,2026-05-28T08:37:28.359,2026-05-28T08:52:58.359,,multimetro,8.7789e-05
52,,28.260584899999913,2026-05-28T08:37:28.398,2026-05-28T08:52:58.398,623.01,balanza,
53,Error Arduino: HX711 not found.,28.283691599999884,2026-05-28T08:37:28.428,2026-05-28T08:52:58.428,,balanza,
113,,28.464713299999858,2026-05-28T08:37:28.609,2026-05-28T08:52:58.609,,multimetro,8.8082e-05
114,,28.714757999999847,2026-05-28T08:37:28.859,2026-05-28T08:52:58.859,,multimetro,8.8606e-05
115,,28.964685700000018,2026-05-28T08:37:29.109,2026-05-28T08:52:59.109,,multimetro,8.826e-05
116,,29.21469079999997,2026-05-28T08:37:29.359,2026-05-28T08:52:59.359,,multimetro,8.7967e-05
54,,29.27743579999992,2026-05-28T08:37:29.414,2026-05-28T08:52:59.414,695.64,balanza,
55,Error Arduino: HX711 not found.,29.30050540000002,2026-05-28T08:37:29.441,2026-05-28T08:52:59.441,,balanza,
117,,29.46473459999993,2026-05-28T08:37:29.609,2026-05-28T08:52:59.609,,multimetro,8.7873e-05
118,,29.71514830000001,2026-05-28T08:37:29.859,2026-05-28T08:52:59.859,,multimetro,8.8721e-05
119,,29.964704099999835,2026-05-28T08:37:30.109,2026-05-28T08:53:00.109,,multimetro,8.8647e-05
120,,30.214782600000035,2026-05-28T08:37:30.359,2026-05-28T08:53:00.359,,multimetro,8.8627e-05
56,,30.294191299999966,2026-05-28T08:37:30.431,2026-05-28T08:53:00.431,686.44,balanza,
57,Error Arduino: HX711 not found.,30.317204599999968,2026-05-28T08:37:30.461,2026-05-28T08:53:00.461,,balanza,
121,,30.464752599999883,2026-05-28T08:37:30.607,2026-05-28T08:53:00.607,,multimetro,8.8647e-05
122,,30.71455930000002,2026-05-28T08:37:30.857,2026-05-28T08:53:00.857,,multimetro,8.915e-05
123,,30.964582199999995,2026-05-28T08:37:31.108,2026-05-28T08:53:01.108,,multimetro,8.8773e-05
124,,31.214623599999868,2026-05-28T08:37:31.358,2026-05-28T08:53:01.358,,multimetro,8.8742e-05
58,,31.311001999999917,2026-05-28T08:37:31.447,2026-05-28T08:53:01.447,662.27,balanza,
59,Error Arduino: HX711 not found.,31.33396229999994,2026-05-28T08:37:31.474,2026-05-28T08:53:01.474,,balanza,
125,,31.465203799999927,2026-05-28T08:37:31.609,2026-05-28T08:53:01.609,,multimetro,8.8658e-05
126,,31.71484459999988,2026-05-28T08:37:31.859,2026-05-28T08:53:01.859,,multimetro,8.8689e-05
127,,31.964953700000024,2026-05-28T08:37:32.100,2026-05-28T08:53:02.100,,multimetro,8.8941e-05
128,,32.214953599999944,2026-05-28T08:37:32.357,2026-05-28T08:53:02.357,,multimetro,8.8763e-05
60,,32.3278413999999,2026-05-28T08:37:32.464,2026-05-28T08:53:02.464,647.36,balanza,
61,Error Arduino: HX711 not found.,32.350962799999934,2026-05-28T08:37:32.491,2026-05-28T08:53:02.491,,balanza,
129,,32.4650345,2026-05-28T08:37:32.609,2026-05-28T08:53:02.609,,multimetro,8.8993e-05
130,,32.71471870000005,2026-05-28T08:37:32.859,2026-05-28T08:53:02.859,,multimetro,8.8302e-05
131,,32.9647238,2026-05-28T08:37:33.109,2026-05-28T08:53:03.109,,multimetro,8.8867e-05
132,,33.21489919999999,2026-05-28T08:37:33.359,2026-05-28T08:53:03.359,,multimetro,8.9108e-05
62,,33.344647399999985,2026-05-28T08:37:33.481,2026-05-28T08:53:03.481,661.83,balanza,
63,Error Arduino: HX711 not found.,33.367751,2026-05-28T08:37:33.508,2026-05-28T08:53:03.508,,balanza,
133,,33.464692300000024,2026-05-28T08:37:33.608,2026-05-28T08:53:03.608,,multimetro,8.9359e-05
134,,33.71502369999985,2026-05-28T08:37:33.859,2026-05-28T08:53:03.859,,multimetro,8.8857e-05
135,,33.964753799999926,2026-05-28T08:37:34.109,2026-05-28T08:53:04.109,,multimetro,8.8585e-05
136,,34.21461559999989,2026-05-28T08:37:34.359,2026-05-28T08:53:04.359,,multimetro,8.7956e-05
64,,34.361482300000034,2026-05-28T08:37:34.497,2026-05-28T08:53:04.497,662.46,balanza,
65,Error Arduino: HX711 not found.,34.38479189999998,2026-05-28T08:37:34.524,2026-05-28T08:53:04.524,,balanza,
137,,34.46535559999984,2026-05-28T08:37:34.610,2026-05-28T08:53:04.610,,multimetro,8.8375e-05
138,,34.714630499999885,2026-05-28T08:37:34.858,2026-05-28T08:53:04.858,,multimetro,8.8658e-05
139,,34.964569900000015,2026-05-28T08:37:35.109,2026-05-28T08:53:05.109,,multimetro,8.8585e-05
140,,35.21453029999998,2026-05-28T08:37:35.359,2026-05-28T08:53:05.359,,multimetro,8.8846e-05
66,,35.37820169999986,2026-05-28T08:37:35.514,2026-05-28T08:53:05.514,612.15,balanza,
67,Error Arduino: HX711 not found.,35.40128249999998,2026-05-28T08:37:35.540,2026-05-28T08:53:05.540,,balanza,
141,,35.46460779999984,2026-05-28T08:37:35.608,2026-05-28T08:53:05.608,,multimetro,8.9014e-05
142,,35.714658899999904,2026-05-28T08:37:35.859,2026-05-28T08:53:05.859,,multimetro,8.8794e-05
143,,35.9648623999999,2026-05-28T08:37:36.100,2026-05-28T08:53:06.100,,multimetro,8.8616e-05
144,,36.214756899999884,2026-05-28T08:37:36.357,2026-05-28T08:53:06.357,,multimetro,8.9098e-05
68,,36.395050200000014,2026-05-28T08:37:36.531,2026-05-28T08:53:06.531,607.42,balanza,
69,Error Arduino: HX711 not found.,36.41808509999987,2026-05-28T08:37:36.557,2026-05-28T08:53:06.557,,balanza,
145,,36.46501339999986,2026-05-28T08:37:36.608,2026-05-28T08:53:06.608,,multimetro,8.9496e-05
146,,36.714614699999856,2026-05-28T08:37:36.858,2026-05-28T08:53:06.858,,multimetro,8.9726e-05
147,,36.96542509999995,2026-05-28T08:37:37.110,2026-05-28T08:53:07.110,,multimetro,8.9621e-05
148,,37.214565300000004,2026-05-28T08:37:37.359,2026-05-28T08:53:07.359,,multimetro,8.9401e-05
70,,37.41184550000003,2026-05-28T08:37:37.547,2026-05-28T08:53:07.547,607.64,balanza,
71,Error Arduino: HX711 not found.,37.4349608,2026-05-28T08:37:37.574,2026-05-28T08:53:07.574,,balanza,
149,,37.464712599999984,2026-05-28T08:37:37.609,2026-05-28T08:53:07.609,,multimetro,8.9799e-05
150,,37.71461939999995,2026-05-28T08:37:37.858,2026-05-28T08:53:07.858,,multimetro,8.9841e-05
151,,37.96466969999983,2026-05-28T08:37:38.109,2026-05-28T08:53:08.109,,multimetro,8.9684e-05
152,,38.21453029999998,2026-05-28T08:37:38.358,2026-05-28T08:53:08.358,,multimetro,8.9527e-05
72,,38.42915819999985,2026-05-28T08:37:38.573,2026-05-28T08:53:08.573,607.52,balanza,
73,Error Arduino: HX711 not found.,38.452579600000035,2026-05-28T08:37:38.597,2026-05-28T08:53:08.597,,balanza,
153,,38.469378000000006,2026-05-28T08:37:38.613,2026-05-28T08:53:08.613,,multimetro,8.9705e-05
154,,38.715236499999946,2026-05-28T08:37:38.857,2026-05-28T08:53:08.857,,multimetro,8.9831e-05
155,,38.964651799999956,2026-05-28T08:37:39.107,2026-05-28T08:53:09.107,,multimetro,8.9684e-05
156,,39.214823300000035,2026-05-28T08:37:39.359,2026-05-28T08:53:09.359,,multimetro,8.9475e-05
74,,39.44603499999994,2026-05-28T08:37:39.584,2026-05-28T08:53:09.584,607.53,balanza,
157,,39.46482070000002,2026-05-28T08:37:39.608,2026-05-28T08:53:09.608,,multimetro,8.9694e-05
75,Error Arduino: HX711 not found.,39.46918949999986,2026-05-28T08:37:39.608,2026-05-28T08:53:09.608,,balanza,
158,,39.715081199999986,2026-05-28T08:37:39.857,2026-05-28T08:53:09.857,,multimetro,9.0009e-05
159,,39.96485239999993,2026-05-28T08:37:40.109,2026-05-28T08:53:10.109,,multimetro,8.9893e-05
160,,40.21496279999997,2026-05-28T08:37:40.359,2026-05-28T08:53:10.359,,multimetro,8.9831e-05
76,,40.46283689999996,2026-05-28T08:37:40.607,2026-05-28T08:53:10.607,607.61,balanza,
161,,40.465431699999954,2026-05-28T08:37:40.609,2026-05-28T08:53:10.609,,multimetro,8.9893e-05
77,Error Arduino: HX711 not found.,40.48587909999992,2026-05-28T08:37:40.630,2026-05-28T08:53:10.630,,balanza,
162,,40.71479299999987,2026-05-28T08:37:40.851,2026-05-28T08:53:10.851,,multimetro,9.0082e-05
163,,40.964917600000035,2026-05-28T08:37:41.108,2026-05-28T08:53:11.108,,multimetro,8.9851e-05
164,,41.21487479999996,2026-05-28T08:37:41.359,2026-05-28T08:53:11.359,,multimetro,8.981e-05
165,,41.46475859999987,2026-05-28T08:37:41.609,2026-05-28T08:53:11.609,,multimetro,8.9862e-05
78,,41.47971459999985,2026-05-28T08:37:41.624,2026-05-28T08:53:11.624,607.57,balanza,
79,Error Arduino: HX711 not found.,41.502899899999875,2026-05-28T08:37:41.647,2026-05-28T08:53:11.647,,balanza,
166,,41.71493940000005,2026-05-28T08:37:41.857,2026-05-28T08:53:11.857,,multimetro,9.0207e-05
167,,41.965022999999974,2026-05-28T08:37:42.107,2026-05-28T08:53:12.107,,multimetro,8.9988e-05
168,,42.214887599999884,2026-05-28T08:37:42.358,2026-05-28T08:53:12.358,,multimetro,8.9674e-05
169,,42.465124899999864,2026-05-28T08:37:42.609,2026-05-28T08:53:12.609,,multimetro,8.9684e-05
80,,42.49650380000003,2026-05-28T08:37:42.640,2026-05-28T08:53:12.640,607.54,balanza,
81,Error Arduino: HX711 not found.,42.519658700000036,2026-05-28T08:37:42.664,2026-05-28T08:53:12.664,,balanza,
170,,42.7146874,2026-05-28T08:37:42.859,2026-05-28T08:53:12.859,,multimetro,8.9998e-05
171,,42.96508589999985,2026-05-28T08:37:43.109,2026-05-28T08:53:13.109,,multimetro,9.004e-05
172,,43.21510739999985,2026-05-28T08:37:43.359,2026-05-28T08:53:13.359,,multimetro,8.9841e-05
173,,43.46473839999999,2026-05-28T08:37:43.609,2026-05-28T08:53:13.609,,multimetro,8.9705e-05
82,,43.513333500000044,2026-05-28T08:37:43.657,2026-05-28T08:53:13.657,607.28,balanza,
83,Error Arduino: HX711 not found.,43.536333199999945,2026-05-28T08:37:43.681,2026-05-28T08:53:13.681,,balanza,
174,,43.71476269999994,2026-05-28T08:37:43.859,2026-05-28T08:53:13.859,,multimetro,8.9653e-05
175,,43.96507789999987,2026-05-28T08:37:44.109,2026-05-28T08:53:14.109,,multimetro,8.9485e-05
176,,44.21464919999994,2026-05-28T08:37:44.358,2026-05-28T08:53:14.358,,multimetro,8.9496e-05
177,,44.464699799999835,2026-05-28T08:37:44.609,2026-05-28T08:53:14.609,,multimetro,8.9318e-05
84,,44.53019399999994,2026-05-28T08:37:44.668,2026-05-28T08:53:14.668,627.93,balanza,
85,Error Arduino: HX711 not found.,44.55319650000001,2026-05-28T08:37:44.697,2026-05-28T08:53:14.697,,balanza,
178,,44.71464399999991,2026-05-28T08:37:44.858,2026-05-28T08:53:14.858,,multimetro,8.9506e-05
179,,44.965126199999986,2026-05-28T08:37:45.109,2026-05-28T08:53:15.109,,multimetro,8.9621e-05
180,,45.21501179999996,2026-05-28T08:37:45.359,2026-05-28T08:53:15.359,,multimetro,8.9433e-05
181,,45.464627199999995,2026-05-28T08:37:45.609,2026-05-28T08:53:15.609,,multimetro,8.914e-05
86,,45.546949999999924,2026-05-28T08:37:45.691,2026-05-28T08:53:15.691,607.53,balanza,
87,Error Arduino: HX711 not found.,45.57007069999986,2026-05-28T08:37:45.714,2026-05-28T08:53:15.714,,balanza,
182,,45.71457510000005,2026-05-28T08:37:45.858,2026-05-28T08:53:15.858,,multimetro,8.9297e-05
183,,45.96525440000005,2026-05-28T08:37:46.109,2026-05-28T08:53:16.109,,multimetro,8.9475e-05
184,,46.21587350000004,2026-05-28T08:37:46.360,2026-05-28T08:53:16.360,,multimetro,8.915e-05
185,,46.46464059999994,2026-05-28T08:37:46.608,2026-05-28T08:53:16.608,,multimetro,8.9098e-05
88,,46.563695699999926,2026-05-28T08:37:46.708,2026-05-28T08:53:16.708,607.51,balanza,
89,Error Arduino: HX711 not found.,46.58683010000004,2026-05-28T08:37:46.731,2026-05-28T08:53:16.731,,balanza,
186,,46.71459289999984,2026-05-28T08:37:46.858,2026-05-28T08:53:16.858,,multimetro,8.915e-05
187,,46.96500470000001,2026-05-28T08:37:47.109,2026-05-28T08:53:17.109,,multimetro,8.9297e-05
188,,47.214654899999914,2026-05-28T08:37:47.359,2026-05-28T08:53:17.359,,multimetro,8.8878e-05
189,,47.46469079999997,2026-05-28T08:37:47.609,2026-05-28T08:53:17.609,,multimetro,8.8899e-05
90,,47.58040310000001,2026-05-28T08:37:47.717,2026-05-28T08:53:17.717,607.57,balanza,
91,Error Arduino: HX711 not found.,47.60334489999991,2026-05-28T08:37:47.747,2026-05-28T08:53:17.747,,balanza,
190,,47.71513049999999,2026-05-28T08:37:47.859,2026-05-28T08:53:17.859,,multimetro,8.9003e-05
191,,47.964667199999894,2026-05-28T08:37:48.109,2026-05-28T08:53:18.109,,multimetro,8.9192e-05
192,,48.21503209999992,2026-05-28T08:37:48.359,2026-05-28T08:53:18.359,,multimetro,8.8993e-05
193,,48.4648651,2026-05-28T08:37:48.609,2026-05-28T08:53:18.609,,multimetro,8.8983e-05
92,,48.59723669999994,2026-05-28T08:37:48.741,2026-05-28T08:53:18.741,607.56,balanza,
93,Error Arduino: HX711 not found.,48.620274799999834,2026-05-28T08:37:48.764,2026-05-28T08:53:18.764,,balanza,
194,,48.71469359999992,2026-05-28T08:37:48.859,2026-05-28T08:53:18.859,,multimetro,8.9024e-05
195,,48.964814899999965,2026-05-28T08:37:49.109,2026-05-28T08:53:19.109,,multimetro,8.9119e-05
196,,49.21461529999988,2026-05-28T08:37:49.359,2026-05-28T08:53:19.359,,multimetro,8.8941e-05
197,,49.465317799999866,2026-05-28T08:37:49.610,2026-05-28T08:53:19.610,,multimetro,8.8825e-05
94,,49.61396730000001,2026-05-28T08:37:49.758,2026-05-28T08:53:19.758,607.58,balanza,
95,Error Arduino: HX711 not found.,49.637155299999904,2026-05-28T08:37:49.781,2026-05-28T08:53:19.781,,balanza,
198,,49.71454040000003,2026-05-28T08:37:49.859,2026-05-28T08:53:19.859,,multimetro,8.8951e-05
199,,49.96494389999998,2026-05-28T08:37:50.109,2026-05-28T08:53:20.109,,multimetro,8.9119e-05
200,,50.214778300000035,2026-05-28T08:37:50.358,2026-05-28T08:53:20.358,,multimetro,8.916e-05
201,,50.46502529999998,2026-05-28T08:37:50.609,2026-05-28T08:53:20.609,,multimetro,8.9098e-05
96,,50.63070689999995,2026-05-28T08:37:50.774,2026-05-28T08:53:20.774,607.6,balanza,
97,Error Arduino: HX711 not found.,50.653790500000014,2026-05-28T08:37:50.798,2026-05-28T08:53:20.798,,balanza,
202,,50.7371564,2026-05-28T08:37:50.881,2026-05-28T08:53:20.881,,multimetro,8.9098e-05
203,,50.966216799999984,2026-05-28T08:37:51.110,2026-05-28T08:53:21.110,,multimetro,8.9014e-05
204,,51.21476259999986,2026-05-28T08:37:51.359,2026-05-28T08:53:21.359,,multimetro,8.8857e-05
205,,51.465117299999974,2026-05-28T08:37:51.609,2026-05-28T08:53:21.609,,multimetro,8.8878e-05
98,,51.6476138999999,2026-05-28T08:37:51.790,2026-05-28T08:53:21.790,607.6,balanza,
99,Error Arduino: HX711 not found.,51.670674599999984,2026-05-28T08:37:51.815,2026-05-28T08:53:21.815,,balanza,
206,,51.71465009999997,2026-05-28T08:37:51.858,2026-05-28T08:53:21.858,,multimetro,8.8836e-05
207,,51.96522699999991,2026-05-28T08:37:52.109,2026-05-28T08:53:22.109,,multimetro,8.8962e-05
208,,52.214643300000034,2026-05-28T08:37:52.358,2026-05-28T08:53:22.358,,multimetro,8.9003e-05
209,,52.4650744999999,2026-05-28T08:37:52.609,2026-05-28T08:53:22.609,,multimetro,8.8585e-05
100,,52.66437010000004,2026-05-28T08:37:52.807,2026-05-28T08:53:22.807,607.6,balanza,
101,Error Arduino: HX711 not found.,52.68767170000001,2026-05-28T08:37:52.831,2026-05-28T08:53:22.831,,balanza,
210,,52.71456399999988,2026-05-28T08:37:52.859,2026-05-28T08:53:22.859,,multimetro,8.849e-05
211,,52.965006199999834,2026-05-28T08:37:53.107,2026-05-28T08:53:23.107,,multimetro,8.8763e-05
212,,53.21497980000004,2026-05-28T08:37:53.358,2026-05-28T08:53:23.358,,multimetro,8.8878e-05
213,,53.4646659,2026-05-28T08:37:53.599,2026-05-28T08:53:23.599,,multimetro,8.8616e-05
102,,53.68110709999996,2026-05-28T08:37:53.824,2026-05-28T08:53:23.824,607.15,balanza,
103,Error Arduino: HX711 not found.,53.70437609999999,2026-05-28T08:37:53.847,2026-05-28T08:53:23.847,,balanza,
214,,53.714589799999885,2026-05-28T08:37:53.857,2026-05-28T08:53:23.857,,multimetro,8.8354e-05
215,,53.96495159999995,2026-05-28T08:37:54.107,2026-05-28T08:53:24.107,,multimetro,8.8668e-05
216,,54.215100699999994,2026-05-28T08:37:54.359,2026-05-28T08:53:24.359,,multimetro,8.8668e-05
217,,54.46497969999996,2026-05-28T08:37:54.609,2026-05-28T08:53:24.609,,multimetro,8.8574e-05
104,,54.698045800000045,2026-05-28T08:37:54.842,2026-05-28T08:53:24.842,607.67,balanza,
218,,54.714794600000005,2026-05-28T08:37:54.858,2026-05-28T08:53:24.858,,multimetro,8.826e-05
105,Error Arduino: HX711 not found.,54.72139990000005,2026-05-28T08:37:54.864,2026-05-28T08:53:24.864,,balanza,
219,,54.96481399999993,2026-05-28T08:37:55.107,2026-05-28T08:53:25.107,,multimetro,8.8428e-05
220,,55.21504099999993,2026-05-28T08:37:55.357,2026-05-28T08:53:25.357,,multimetro,8.8564e-05
221,,55.464838899999904,2026-05-28T08:37:55.607,2026-05-28T08:53:25.607,,multimetro,8.8449e-05
222,,55.71466099999998,2026-05-28T08:37:55.858,2026-05-28T08:53:25.858,,multimetro,8.8239e-05
106,,55.71511459999988,2026-05-28T08:37:55.859,2026-05-28T08:53:25.859,607.49,balanza,
107,Error Arduino: HX711 not found.,55.73809899999992,2026-05-28T08:37:55.882,2026-05-28T08:53:25.882,,balanza,
223,,55.96494759999996,2026-05-28T08:37:56.109,2026-05-28T08:53:26.109,,multimetro,8.8145e-05
224,,56.215088199999855,2026-05-28T08:37:56.359,2026-05-28T08:53:26.359,,multimetro,8.848e-05
225,,56.46463529999983,2026-05-28T08:37:56.609,2026-05-28T08:53:26.609,,multimetro,8.825e-05
226,,56.71575729999995,2026-05-28T08:37:56.859,2026-05-28T08:53:26.859,,multimetro,8.7915e-05
108,,56.7317994,2026-05-28T08:37:56.874,2026-05-28T08:53:26.874,607.67,balanza,
109,Error Arduino: HX711 not found.,56.7549489999999,2026-05-28T08:37:56.897,2026-05-28T08:53:26.897,,balanza,
227,,56.96481730000005,2026-05-28T08:37:57.109,2026-05-28T08:53:27.109,,multimetro,8.7758e-05
228,,57.21462559999986,2026-05-28T08:37:57.358,2026-05-28T08:53:27.358,,multimetro,8.8155e-05
229,,57.46499719999997,2026-05-28T08:37:57.609,2026-05-28T08:53:27.609,,multimetro,8.803e-05
230,,57.714573399999836,2026-05-28T08:37:57.858,2026-05-28T08:53:27.858,,multimetro,8.7569e-05
110,,57.748472699999866,2026-05-28T08:37:57.893,2026-05-28T08:53:27.893,607.62,balanza,
111,Error Arduino: HX711 not found.,57.77168039999992,2026-05-28T08:37:57.914,2026-05-28T08:53:27.914,,balanza,
231,,57.964573799999926,2026-05-28T08:37:58.100,2026-05-28T08:53:28.100,,multimetro,8.7423e-05
232,,58.21479899999986,2026-05-28T08:37:58.358,2026-05-28T08:53:28.358,,multimetro,8.7758e-05
233,,58.46559290000005,2026-05-28T08:37:58.609,2026-05-28T08:53:28.609,,multimetro,8.7768e-05
234,,58.7148694,2026-05-28T08:37:58.851,2026-05-28T08:53:28.851,,multimetro,8.7768e-05
112,,58.76522950000003,2026-05-28T08:37:58.909,2026-05-28T08:53:28.909,607.58,balanza,
113,,58.77842209999994,2026-05-28T08:37:58.916,2026-05-28T08:53:28.916,607.56,balanza,
114,Error Arduino: HX711 not found.,58.80147959999999,2026-05-28T08:37:58.941,2026-05-28T08:53:28.941,,balanza,
235,,58.96459570000002,2026-05-28T08:37:59.109,2026-05-28T08:53:29.109,,multimetro,8.7423e-05
236,,59.215219499999876,2026-05-28T08:37:59.357,2026-05-28T08:53:29.357,,multimetro,8.7789e-05
237,,59.46464049999986,2026-05-28T08:37:59.608,2026-05-28T08:53:29.608,,multimetro,8.7977e-05
238,,59.714957499999855,2026-05-28T08:37:59.857,2026-05-28T08:53:29.857,,multimetro,8.8061e-05
115,,59.79504849999989,2026-05-28T08:37:59.938,2026-05-28T08:53:29.938,607.58,balanza,
116,Error Arduino: HX711 not found.,59.81813659999989,2026-05-28T08:37:59.959,2026-05-28T08:53:29.959,,balanza,
239,,59.96498109999993,2026-05-28T08:38:00.107,2026-05-28T08:53:30.107,,multimetro,8.7841e-05
240,,60.21489539999993,2026-05-28T08:38:00.359,2026-05-28T08:53:30.359,,multimetro,8.7799e-05
241,,60.46494800000005,2026-05-28T08:38:00.609,2026-05-28T08:53:30.609,,multimetro,8.8449e-05
242,,60.71451890000003,2026-05-28T08:38:00.859,2026-05-28T08:53:30.859,,multimetro,8.7883e-05
117,,60.81182049999984,2026-05-28T08:38:00.956,2026-05-28T08:53:30.956,607.64,balanza,
118,Error Arduino: HX711 not found.,60.83486649999986,2026-05-28T08:38:00.979,2026-05-28T08:53:30.979,,balanza,
243,,60.9650431,2026-05-28T08:38:01.107,2026-05-28T08:53:31.107,,multimetro,8.7726e-05
244,,61.214880300000004,2026-05-28T08:38:01.358,2026-05-28T08:53:31.358,,multimetro,8.7642e-05
245,,61.46501539999986,2026-05-28T08:38:01.601,2026-05-28T08:53:31.601,,multimetro,8.7988e-05
246,,61.71460839999986,2026-05-28T08:38:01.858,2026-05-28T08:53:31.858,,multimetro,8.7925e-05
119,,61.82863529999986,2026-05-28T08:38:01.973,2026-05-28T08:53:31.973,607.56,balanza,
120,Error Arduino: HX711 not found.,61.851735499999904,2026-05-28T08:38:01.996,2026-05-28T08:53:31.996,,balanza,
247,,61.964944899999864,2026-05-28T08:38:02.108,2026-05-28T08:53:32.108,,multimetro,8.7674e-05
248,,62.21452269999986,2026-05-28T08:38:02.359,2026-05-28T08:53:32.359,,multimetro,8.7716e-05
249,,62.464708599999994,2026-05-28T08:38:02.600,2026-05-28T08:53:32.600,,multimetro,8.7883e-05
250,,62.71465349999994,2026-05-28T08:38:02.857,2026-05-28T08:53:32.857,,multimetro,8.8124e-05
121,,62.84548819999986,2026-05-28T08:38:02.984,2026-05-28T08:53:32.984,607.63,balanza,
122,Error Arduino: HX711 not found.,62.86857539999983,2026-05-28T08:38:03.004,2026-05-28T08:53:33.004,,balanza,
251,,62.964954499999976,2026-05-28T08:38:03.109,2026-05-28T08:53:33.109,,multimetro,8.7705e-05
252,,63.214793899999904,2026-05-28T08:38:03.359,2026-05-28T08:53:33.359,,multimetro,8.7485e-05
253,,63.46473919999994,2026-05-28T08:38:03.609,2026-05-28T08:53:33.609,,multimetro,8.7799e-05
254,,63.715093499999966,2026-05-28T08:38:03.859,2026-05-28T08:53:33.859,,multimetro,8.7977e-05
123,,63.86228310000001,2026-05-28T08:38:03.998,2026-05-28T08:53:33.998,607.55,balanza,
124,Error Arduino: HX711 not found.,63.885374400000046,2026-05-28T08:38:04.028,2026-05-28T08:53:34.028,,balanza,
255,,63.9654094,2026-05-28T08:38:04.107,2026-05-28T08:53:34.107,,multimetro,8.7705e-05
256,,64.2146209,2026-05-28T08:38:04.359,2026-05-28T08:53:34.359,,multimetro,8.7705e-05
257,,64.46459259999983,2026-05-28T08:38:04.608,2026-05-28T08:53:34.608,,multimetro,8.7852e-05
258,,64.71459540000001,2026-05-28T08:38:04.859,2026-05-28T08:53:34.859,,multimetro,8.804e-05
125,,64.87905539999997,2026-05-28T08:38:05.014,2026-05-28T08:53:35.014,607.62,balanza,
126,Error Arduino: HX711 not found.,64.90221150000002,2026-05-28T08:38:05.046,2026-05-28T08:53:35.046,,balanza,
259,,64.96496899999988,2026-05-28T08:38:05.109,2026-05-28T08:53:35.109,,multimetro,8.803e-05
260,,65.21490569999992,2026-05-28T08:38:05.352,2026-05-28T08:53:35.352,,multimetro,8.7663e-05
261,,65.46467370000005,2026-05-28T08:38:05.609,2026-05-28T08:53:35.609,,multimetro,8.7548e-05
262,,65.7153687,2026-05-28T08:38:05.852,2026-05-28T08:53:35.852,,multimetro,8.7831e-05
127,,65.89595289999988,2026-05-28T08:38:06.040,2026-05-28T08:53:36.040,607.54,balanza,
128,Error Arduino: HX711 not found.,65.91929389999996,2026-05-28T08:38:06.060,2026-05-28T08:53:36.060,,balanza,
263,,65.96494050000001,2026-05-28T08:38:06.109,2026-05-28T08:53:36.109,,multimetro,8.7695e-05
264,,66.21488499999987,2026-05-28T08:38:06.359,2026-05-28T08:53:36.359,,multimetro,8.7642e-05
265,,66.47767550000003,2026-05-28T08:38:06.620,2026-05-28T08:53:36.620,,multimetro,8.7485e-05
266,,66.71466659999987,2026-05-28T08:38:06.852,2026-05-28T08:53:36.852,,multimetro,8.7915e-05
129,,66.91287790000001,2026-05-28T08:38:07.050,2026-05-28T08:53:37.050,607.61,balanza,
130,Error Arduino: HX711 not found.,66.93589239999983,2026-05-28T08:38:07.080,2026-05-28T08:53:37.080,,balanza,
267,,66.96492390000003,2026-05-28T08:38:07.101,2026-05-28T08:53:37.101,,multimetro,8.781e-05
268,,67.21494480000001,2026-05-28T08:38:07.354,2026-05-28T08:53:37.354,,multimetro,8.7464e-05
269,,67.4652031999999,2026-05-28T08:38:07.609,2026-05-28T08:53:37.609,,multimetro,8.7318e-05
270,,67.71477140000002,2026-05-28T08:38:07.859,2026-05-28T08:53:37.859,,multimetro,8.7695e-05
131,,67.92958499999986,2026-05-28T08:38:08.073,2026-05-28T08:53:38.073,607.54,balanza,
132,Error Arduino: HX711 not found.,67.95265619999986,2026-05-28T08:38:08.097,2026-05-28T08:53:38.097,,balanza,
271,,67.9649394999999,2026-05-28T08:38:08.109,2026-05-28T08:53:38.109,,multimetro,8.7695e-05
272,,68.21500079999987,2026-05-28T08:38:08.359,2026-05-28T08:53:38.359,,multimetro,8.7423e-05
273,,68.46463440000002,2026-05-28T08:38:08.600,2026-05-28T08:53:38.600,,multimetro,8.7433e-05
274,,68.71452780000004,2026-05-28T08:38:08.859,2026-05-28T08:53:38.859,,multimetro,8.7433e-05
133,,68.94646599999987,2026-05-28T08:38:09.084,2026-05-28T08:53:39.084,607.56,balanza,
275,,68.96471610000003,2026-05-28T08:38:09.100,2026-05-28T08:53:39.100,,multimetro,8.759e-05
134,Error Arduino: HX711 not found.,68.96974490000002,2026-05-28T08:38:09.114,2026-05-28T08:53:39.114,,balanza,
276,,69.21491999999989,2026-05-28T08:38:09.351,2026-05-28T08:53:39.351,,multimetro,8.7485e-05
277,,69.46487009999987,2026-05-28T08:38:09.607,2026-05-28T08:53:39.607,,multimetro,8.7286e-05
278,,69.71499089999998,2026-05-28T08:38:09.859,2026-05-28T08:53:39.859,,multimetro,8.7433e-05
135,,69.9633475999999,2026-05-28T08:38:10.108,2026-05-28T08:53:40.108,607.63,balanza,
279,,69.96500319999996,2026-05-28T08:38:10.109,2026-05-28T08:53:40.109,,multimetro,8.7653e-05
136,Error Arduino: HX711 not found.,69.98659659999998,2026-05-28T08:38:10.124,2026-05-28T08:53:40.124,,balanza,
280,,70.21500590000005,2026-05-28T08:38:10.359,2026-05-28T08:53:40.359,,multimetro,8.7548e-05
281,,70.46812769999997,2026-05-28T08:38:10.612,2026-05-28T08:53:40.612,,multimetro,8.7412e-05
282,,70.7150466999999,2026-05-28T08:38:10.859,2026-05-28T08:53:40.859,,multimetro,8.7203e-05
283,,70.96497669999985,2026-05-28T08:38:11.101,2026-05-28T08:53:41.101,,multimetro,8.7318e-05
137,,70.9802975,2026-05-28T08:38:11.124,2026-05-28T08:53:41.124,607.63,balanza,
138,Error Arduino: HX711 not found.,71.00336319999997,2026-05-28T08:38:11.145,2026-05-28T08:53:41.145,,balanza,
284,,71.21511309999983,2026-05-28T08:38:11.359,2026-05-28T08:53:41.359,,multimetro,8.7297e-05
285,,71.46488120000004,2026-05-28T08:38:11.609,2026-05-28T08:53:41.609,,multimetro,8.7339e-05
286,,71.71511489999989,2026-05-28T08:38:11.859,2026-05-28T08:53:41.859,,multimetro,8.7213e-05
287,,71.96490300000005,2026-05-28T08:38:12.109,2026-05-28T08:53:42.109,,multimetro,8.7234e-05
139,,71.99707279999984,2026-05-28T08:38:12.134,2026-05-28T08:53:42.134,607.55,balanza,
140,Error Arduino: HX711 not found.,72.02013339999985,2026-05-28T08:38:12.164,2026-05-28T08:53:42.164,,balanza,
288,,72.21462989999986,2026-05-28T08:38:12.359,2026-05-28T08:53:42.359,,multimetro,8.7391e-05
289,,72.46485599999983,2026-05-28T08:38:12.609,2026-05-28T08:53:42.609,,multimetro,8.737e-05
290,,72.71464409999999,2026-05-28T08:38:12.858,2026-05-28T08:53:42.858,,multimetro,8.7265e-05
291,,72.96523039999988,2026-05-28T08:38:13.109,2026-05-28T08:53:43.109,,multimetro,8.7517e-05
141,,73.01384250000001,2026-05-28T08:38:13.155,2026-05-28T08:53:43.155,607.64,balanza,
142,Error Arduino: HX711 not found.,73.03694429999996,2026-05-28T08:38:13.177,2026-05-28T08:53:43.177,,balanza,
292,,73.21490289999997,2026-05-28T08:38:13.359,2026-05-28T08:53:43.359,,multimetro,8.7674e-05
293,,73.46471909999991,2026-05-28T08:38:13.600,2026-05-28T08:53:43.600,,multimetro,8.7548e-05
294,,73.7151867,2026-05-28T08:38:13.859,2026-05-28T08:53:43.859,,multimetro,8.736e-05
295,,73.96496339999999,2026-05-28T08:38:14.108,2026-05-28T08:53:44.108,,multimetro,8.7758e-05
143,,74.03064549999999,2026-05-28T08:38:14.172,2026-05-28T08:53:44.172,607.63,balanza,
144,Error Arduino: HX711 not found.,74.05366679999997,2026-05-28T08:38:14.198,2026-05-28T08:53:44.198,,balanza,
296,,74.21462189999988,2026-05-28T08:38:14.359,2026-05-28T08:53:44.359,,multimetro,8.7464e-05
297,,74.46479920000002,2026-05-28T08:38:14.609,2026-05-28T08:53:44.609,,multimetro,8.737e-05
298,,74.7154415,2026-05-28T08:38:14.860,2026-05-28T08:53:44.860,,multimetro,8.7485e-05
299,,74.96501330000001,2026-05-28T08:38:15.109,2026-05-28T08:53:45.109,,multimetro,8.7538e-05
145,,75.0474119999999,2026-05-28T08:38:15.191,2026-05-28T08:53:45.191,607.54,balanza,
146,Error Arduino: HX711 not found.,75.07046889999992,2026-05-28T08:38:15.211,2026-05-28T08:53:45.211,,balanza,
300,,75.21499210000002,2026-05-28T08:38:15.359,2026-05-28T08:53:45.359,,multimetro,8.7433e-05
301,,75.46510089999992,2026-05-28T08:38:15.609,2026-05-28T08:53:45.609,,multimetro,8.7224e-05
302,,75.71481019999987,2026-05-28T08:38:15.859,2026-05-28T08:53:45.859,,multimetro,8.6962e-05
303,,75.96468289999984,2026-05-28T08:38:16.100,2026-05-28T08:53:46.100,,multimetro,8.7004e-05
147,,76.06415609999999,2026-05-28T08:38:16.200,2026-05-28T08:53:46.200,607.62,balanza,
148,Error Arduino: HX711 not found.,76.08754810000005,2026-05-28T08:38:16.230,2026-05-28T08:53:46.230,,balanza,
304,,76.21503239999993,2026-05-28T08:38:16.359,2026-05-28T08:53:46.359,,multimetro,8.6909e-05
305,,76.46545709999987,2026-05-28T08:38:16.609,2026-05-28T08:53:46.609,,multimetro,8.7381e-05
306,,76.71474109999986,2026-05-28T08:38:16.859,2026-05-28T08:53:46.859,,multimetro,8.693e-05
307,,76.96481930000004,2026-05-28T08:38:17.109,2026-05-28T08:53:47.109,,multimetro,8.6909e-05
149,,77.08104209999988,2026-05-28T08:38:17.224,2026-05-28T08:53:47.224,607.6,balanza,
150,Error Arduino: HX711 not found.,77.10423309999987,2026-05-28T08:38:17.248,2026-05-28T08:53:47.248,,balanza,
308,,77.21481199999994,2026-05-28T08:38:17.350,2026-05-28T08:53:47.350,,multimetro,8.6752e-05
309,,77.4647539,2026-05-28T08:38:17.608,2026-05-28T08:53:47.608,,multimetro,8.6742e-05
310,,77.71489049999991,2026-05-28T08:38:17.859,2026-05-28T08:53:47.859,,multimetro,8.7108e-05
311,,77.96496090000005,2026-05-28T08:38:18.109,2026-05-28T08:53:48.109,,multimetro,8.6836e-05
151,,78.09794889999989,2026-05-28T08:38:18.234,2026-05-28T08:53:48.234,607.59,balanza,
152,Error Arduino: HX711 not found.,78.12106289999997,2026-05-28T08:38:18.264,2026-05-28T08:53:48.264,,balanza,
312,,78.21515619999991,2026-05-28T08:38:18.359,2026-05-28T08:53:48.359,,multimetro,8.6543e-05
313,,78.46482849999984,2026-05-28T08:38:18.609,2026-05-28T08:53:48.609,,multimetro,8.6711e-05
314,,78.7148181,2026-05-28T08:38:18.859,2026-05-28T08:53:48.859,,multimetro,8.6868e-05
315,,78.96497909999994,2026-05-28T08:38:19.109,2026-05-28T08:53:49.109,,multimetro,8.7108e-05
153,,79.1147441999999,2026-05-28T08:38:19.257,2026-05-28T08:53:49.257,607.56,balanza,
154,Error Arduino: HX711 not found.,79.13790199999994,2026-05-28T08:38:19.281,2026-05-28T08:53:49.281,,balanza,
316,,79.21472349999999,2026-05-28T08:38:19.358,2026-05-28T08:53:49.358,,multimetro,8.693e-05
317,,79.46499599999993,2026-05-28T08:38:19.609,2026-05-28T08:53:49.609,,multimetro,8.6805e-05
318,,79.71490229999995,2026-05-28T08:38:19.858,2026-05-28T08:53:49.858,,multimetro,8.6899e-05
319,,79.96482539999988,2026-05-28T08:38:20.107,2026-05-28T08:53:50.107,,multimetro,8.6836e-05
155,,80.13144339999985,2026-05-28T08:38:20.274,2026-05-28T08:53:50.274,607.63,balanza,
156,Error Arduino: HX711 not found.,80.15448790000005,2026-05-28T08:38:20.298,2026-05-28T08:53:50.298,,balanza,
320,,80.21504989999994,2026-05-28T08:38:20.359,2026-05-28T08:53:50.359,,multimetro,8.6773e-05
321,,80.46499349999999,2026-05-28T08:38:20.609,2026-05-28T08:53:50.609,,multimetro,8.7056e-05
322,,80.7146957,2026-05-28T08:38:20.858,2026-05-28T08:53:50.858,,multimetro,8.6606e-05
323,,80.96504529999993,2026-05-28T08:38:21.107,2026-05-28T08:53:51.107,,multimetro,8.6627e-05
157,,81.14827999999989,2026-05-28T08:38:21.291,2026-05-28T08:53:51.291,607.62,balanza,
158,Error Arduino: HX711 not found.,81.17145419999997,2026-05-28T08:38:21.314,2026-05-28T08:53:51.314,,balanza,
324,,81.21493999999984,2026-05-28T08:38:21.357,2026-05-28T08:53:51.357,,multimetro,8.6826e-05
325,,81.4649417999999,2026-05-28T08:38:21.607,2026-05-28T08:53:51.607,,multimetro,8.6836e-05
326,,81.71478119999983,2026-05-28T08:38:21.859,2026-05-28T08:53:51.859,,multimetro,8.6627e-05
327,,81.96515249999993,2026-05-28T08:38:22.109,2026-05-28T08:53:52.109,,multimetro,8.6512e-05
159,,82.16517799999997,2026-05-28T08:38:22.307,2026-05-28T08:53:52.307,607.62,balanza,
160,Error Arduino: HX711 not found.,82.18829319999986,2026-05-28T08:38:22.332,2026-05-28T08:53:52.332,,balanza,
328,,82.21508099999983,2026-05-28T08:38:22.359,2026-05-28T08:53:52.359,,multimetro,8.6868e-05
329,,82.46493349999992,2026-05-28T08:38:22.607,2026-05-28T08:53:52.607,,multimetro,8.6983e-05
330,,82.71501309999985,2026-05-28T08:38:22.850,2026-05-28T08:53:52.850,,multimetro,8.6711e-05
331,,82.96489899999983,2026-05-28T08:38:23.109,2026-05-28T08:53:53.109,,multimetro,8.6732e-05
161,,83.18187929999999,2026-05-28T08:38:23.324,2026-05-28T08:53:53.324,607.56,balanza,
162,Error Arduino: HX711 not found.,83.2051469999999,2026-05-28T08:38:23.350,2026-05-28T08:53:53.350,,balanza,
332,,83.21489640000004,2026-05-28T08:38:23.359,2026-05-28T08:53:53.359,,multimetro,8.6784e-05
333,,83.48562070000003,2026-05-28T08:38:23.624,2026-05-28T08:53:53.624,,multimetro,8.6595e-05
334,,83.71512359999997,2026-05-28T08:38:23.859,2026-05-28T08:53:53.859,,multimetro,8.6522e-05
335,,83.96503419999999,2026-05-28T08:38:24.109,2026-05-28T08:53:54.109,,multimetro,8.6417e-05
163,,84.19862679999983,2026-05-28T08:38:24.343,2026-05-28T08:53:54.343,607.65,balanza,
336,,84.21473040000001,2026-05-28T08:38:24.359,2026-05-28T08:53:54.359,,multimetro,8.6595e-05
164,Error Arduino: HX711 not found.,84.22198989999993,2026-05-28T08:38:24.364,2026-05-28T08:53:54.364,,balanza,
337,,84.46513370000002,2026-05-28T08:38:24.609,2026-05-28T08:53:54.609,,multimetro,8.669e-05
338,,84.71481709999989,2026-05-28T08:38:24.859,2026-05-28T08:53:54.859,,multimetro,8.6407e-05
339,,84.96483249999983,2026-05-28T08:38:25.107,2026-05-28T08:53:55.107,,multimetro,8.6407e-05
340,,85.21464939999987,2026-05-28T08:38:25.357,2026-05-28T08:53:55.357,,multimetro,8.6595e-05
165,,85.21549949999985,2026-05-28T08:38:25.357,2026-05-28T08:53:55.357,607.57,balanza,
166,Error Arduino: HX711 not found.,85.23857669999984,2026-05-28T08:38:25.381,2026-05-28T08:53:55.381,,balanza,
341,,85.46549279999999,2026-05-28T08:38:25.607,2026-05-28T08:53:55.607,,multimetro,8.669e-05
342,,85.71496219999995,2026-05-28T08:38:25.859,2026-05-28T08:53:55.859,,multimetro,8.6428e-05
343,,85.96492869999997,2026-05-28T08:38:26.109,2026-05-28T08:53:56.109,,multimetro,8.6459e-05
344,,86.21502919999989,2026-05-28T08:38:26.358,2026-05-28T08:53:56.358,,multimetro,8.6574e-05
167,,86.2321981,2026-05-28T08:38:26.376,2026-05-28T08:53:56.376,607.59,balanza,
168,Error Arduino: HX711 not found.,86.25553079999986,2026-05-28T08:38:26.397,2026-05-28T08:53:56.397,,balanza,
345,,86.46497120000004,2026-05-28T08:38:26.607,2026-05-28T08:53:56.607,,multimetro,8.67e-05
346,,86.71500709999987,2026-05-28T08:38:26.859,2026-05-28T08:53:56.859,,multimetro,8.6522e-05
347,,86.96479950000003,2026-05-28T08:38:27.109,2026-05-28T08:53:57.109,,multimetro,8.6407e-05
348,,87.21513919999984,2026-05-28T08:38:27.359,2026-05-28T08:53:57.359,,multimetro,8.647e-05
169,,87.24896309999986,2026-05-28T08:38:27.390,2026-05-28T08:53:57.390,607.61,balanza,
170,Error Arduino: HX711 not found.,87.27202739999984,2026-05-28T08:38:27.416,2026-05-28T08:53:57.416,,balanza,
349,,87.46491730000002,2026-05-28T08:38:27.609,2026-05-28T08:53:57.609,,multimetro,8.6574e-05
350,,87.71509689999993,2026-05-28T08:38:27.859,2026-05-28T08:53:57.859,,multimetro,8.6355e-05
351,,87.96516389999988,2026-05-28T08:38:28.107,2026-05-28T08:53:58.107,,multimetro,8.6407e-05
352,,88.21484979999991,2026-05-28T08:38:28.359,2026-05-28T08:53:58.359,,multimetro,8.626e-05
171,,88.26570749999996,2026-05-28T08:38:28.407,2026-05-28T08:53:58.407,607.57,balanza,
172,Error Arduino: HX711 not found.,88.28896499999996,2026-05-28T08:38:28.431,2026-05-28T08:53:58.431,,balanza,
353,,88.46487000000002,2026-05-28T08:38:28.608,2026-05-28T08:53:58.608,,multimetro,8.669e-05
354,,88.71504349999987,2026-05-28T08:38:28.857,2026-05-28T08:53:58.857,,multimetro,8.6637e-05
355,,88.96482130000004,2026-05-28T08:38:29.109,2026-05-28T08:53:59.109,,multimetro,8.6344e-05
356,,89.21453959999985,2026-05-28T08:38:29.358,2026-05-28T08:53:59.358,,multimetro,8.6313e-05
173,,89.28255209999998,2026-05-28T08:38:29.424,2026-05-28T08:53:59.424,607.65,balanza,
174,Error Arduino: HX711 not found.,89.30559979999998,2026-05-28T08:38:29.450,2026-05-28T08:53:59.450,,balanza,
357,,89.46498999999994,2026-05-28T08:38:29.607,2026-05-28T08:53:59.607,,multimetro,8.647e-05
358,,89.71493429999987,2026-05-28T08:38:29.858,2026-05-28T08:53:59.858,,multimetro,8.6271e-05
359,,89.96501899999998,2026-05-28T08:38:30.109,2026-05-28T08:54:00.109,,multimetro,8.6407e-05
360,,90.21466809999993,2026-05-28T08:38:30.359,2026-05-28T08:54:00.359,,multimetro,8.6376e-05
175,,90.29943349999985,2026-05-28T08:38:30.441,2026-05-28T08:54:00.441,607.59,balanza,
176,Error Arduino: HX711 not found.,90.32254049999983,2026-05-28T08:38:30.464,2026-05-28T08:54:00.464,,balanza,
361,,90.46491519999995,2026-05-28T08:38:30.609,2026-05-28T08:54:00.609,,multimetro,8.6344e-05
362,,90.71498489999999,2026-05-28T08:38:30.859,2026-05-28T08:54:00.859,,multimetro,8.6459e-05
363,,90.965105,2026-05-28T08:38:31.107,2026-05-28T08:54:01.107,,multimetro,8.6187e-05
364,,91.21452350000004,2026-05-28T08:38:31.355,2026-05-28T08:54:01.355,,multimetro,8.6302e-05
177,,91.31616989999998,2026-05-28T08:38:31.460,2026-05-28T08:54:01.460,607.63,balanza,
178,Error Arduino: HX711 not found.,91.33935699999984,2026-05-28T08:38:31.481,2026-05-28T08:54:01.481,,balanza,
365,,91.46485759999996,2026-05-28T08:38:31.607,2026-05-28T08:54:01.607,,multimetro,8.6281e-05
366,,91.71492569999987,2026-05-28T08:38:31.856,2026-05-28T08:54:01.856,,multimetro,8.6334e-05
367,,91.96492539999986,2026-05-28T08:38:32.107,2026-05-28T08:54:02.107,,multimetro,8.6229e-05
368,,92.21455549999996,2026-05-28T08:38:32.359,2026-05-28T08:54:02.359,,multimetro,8.5999e-05
179,,92.33292310000002,2026-05-28T08:38:32.474,2026-05-28T08:54:02.474,607.57,balanza,
180,,92.34622449999983,2026-05-28T08:38:32.491,2026-05-28T08:54:02.491,607.6,balanza,
181,Error Arduino: HX711 not found.,92.36956740000005,2026-05-28T08:38:32.513,2026-05-28T08:54:02.513,,balanza,
369,,92.46483119999994,2026-05-28T08:38:32.609,2026-05-28T08:54:02.609,,multimetro,8.6124e-05
370,,92.71554399999991,2026-05-28T08:38:32.860,2026-05-28T08:54:02.860,,multimetro,8.6135e-05
371,,92.96497649999992,2026-05-28T08:38:33.107,2026-05-28T08:54:03.107,,multimetro,8.6103e-05
372,,93.21492209999997,2026-05-28T08:38:33.359,2026-05-28T08:54:03.359,,multimetro,8.6061e-05
182,,93.36313329999984,2026-05-28T08:38:33.507,2026-05-28T08:54:03.507,607.55,balanza,
183,Error Arduino: HX711 not found.,93.386393,2026-05-28T08:38:33.530,2026-05-28T08:54:03.530,,balanza,
373,,93.46494970000003,2026-05-28T08:38:33.609,2026-05-28T08:54:03.609,,multimetro,8.6093e-05
374,,93.71485280000002,2026-05-28T08:38:33.857,2026-05-28T08:54:03.857,,multimetro,8.6124e-05
375,,93.96489269999984,2026-05-28T08:38:34.109,2026-05-28T08:54:04.109,,multimetro,8.6072e-05
376,,94.21466689999988,2026-05-28T08:38:34.357,2026-05-28T08:54:04.357,,multimetro,8.6114e-05
184,,94.37997539999992,2026-05-28T08:38:34.524,2026-05-28T08:54:04.524,607.61,balanza,
185,Error Arduino: HX711 not found.,94.40303459999996,2026-05-28T08:38:34.547,2026-05-28T08:54:04.547,,balanza,
377,,94.46551189999991,2026-05-28T08:38:34.607,2026-05-28T08:54:04.607,,multimetro,8.5978e-05
378,,94.71482079999987,2026-05-28T08:38:34.857,2026-05-28T08:54:04.857,,multimetro,8.6061e-05
379,,94.96499049999989,2026-05-28T08:38:35.109,2026-05-28T08:54:05.109,,multimetro,8.5957e-05
380,,95.21474199999989,2026-05-28T08:38:35.357,2026-05-28T08:54:05.357,,multimetro,8.6114e-05
186,,95.39682819999985,2026-05-28T08:38:35.541,2026-05-28T08:54:05.541,607.68,balanza,
187,Error Arduino: HX711 not found.,95.41984060000004,2026-05-28T08:38:35.564,2026-05-28T08:54:05.564,,balanza,
381,,95.46484799999985,2026-05-28T08:38:35.609,2026-05-28T08:54:05.609,,multimetro,8.5978e-05
382,,95.71484309999983,2026-05-28T08:38:35.858,2026-05-28T08:54:05.858,,multimetro,8.6135e-05
383,,95.96503359999997,2026-05-28T08:38:36.107,2026-05-28T08:54:06.107,,multimetro,8.5988e-05
384,,96.21484420000002,2026-05-28T08:38:36.359,2026-05-28T08:54:06.359,,multimetro,8.5863e-05
188,,96.41362449999997,2026-05-28T08:38:36.557,2026-05-28T08:54:06.557,607.6,balanza,
189,Error Arduino: HX711 not found.,96.43668490000005,2026-05-28T08:38:36.580,2026-05-28T08:54:06.580,,balanza,
385,,96.46907429999987,2026-05-28T08:38:36.613,2026-05-28T08:54:06.613,,multimetro,8.5925e-05
386,,96.71481259999996,2026-05-28T08:38:36.857,2026-05-28T08:54:06.857,,multimetro,8.6198e-05
387,,96.96507499999984,2026-05-28T08:38:37.109,2026-05-28T08:54:07.109,,multimetro,8.6229e-05
388,,97.21487899999988,2026-05-28T08:38:37.358,2026-05-28T08:54:07.358,,multimetro,8.6061e-05
190,,97.43032979999998,2026-05-28T08:38:37.574,2026-05-28T08:54:07.574,607.58,balanza,
191,Error Arduino: HX711 not found.,97.45338709999987,2026-05-28T08:38:37.597,2026-05-28T08:54:07.597,,balanza,
389,,97.46488069999987,2026-05-28T08:38:37.609,2026-05-28T08:54:07.609,,multimetro,8.6124e-05
390,,97.71490730000005,2026-05-28T08:38:37.857,2026-05-28T08:54:07.857,,multimetro,8.6114e-05
391,,97.96482429999992,2026-05-28T08:38:38.109,2026-05-28T08:54:08.109,,multimetro,8.5967e-05
392,,98.21489999999994,2026-05-28T08:38:38.350,2026-05-28T08:54:08.350,,multimetro,8.5999e-05
192,,98.44714109999995,2026-05-28T08:38:38.591,2026-05-28T08:54:08.591,607.6,balanza,
393,,98.46460039999988,2026-05-28T08:38:38.601,2026-05-28T08:54:08.601,,multimetro,8.6072e-05
193,Error Arduino: HX711 not found.,98.4703993999999,2026-05-28T08:38:38.614,2026-05-28T08:54:08.614,,balanza,
394,,98.71495660000005,2026-05-28T08:38:38.859,2026-05-28T08:54:08.859,,multimetro,8.6041e-05
395,,98.96490369999992,2026-05-28T08:38:39.109,2026-05-28T08:54:09.109,,multimetro,8.581e-05
396,,99.21464730000002,2026-05-28T08:38:39.358,2026-05-28T08:54:09.358,,multimetro,8.58e-05
194,,99.46398539999996,2026-05-28T08:38:39.608,2026-05-28T08:54:09.608,607.67,balanza,
397,,99.46489059999999,2026-05-28T08:38:39.609,2026-05-28T08:54:09.609,,multimetro,8.5842e-05
195,Error Arduino: HX711 not found.,99.48731249999992,2026-05-28T08:38:39.631,2026-05-28T08:54:09.631,,balanza,
398,,99.71460309999998,2026-05-28T08:38:39.859,2026-05-28T08:54:09.859,,multimetro,8.5622e-05
399,,99.96485409999991,2026-05-28T08:38:40.109,2026-05-28T08:54:10.109,,multimetro,8.5643e-05
400,,100.2149202999999,2026-05-28T08:38:40.358,2026-05-28T08:54:10.358,,multimetro,8.5569e-05
401,,100.4650259,2026-05-28T08:38:40.609,2026-05-28T08:54:10.609,,multimetro,8.559e-05
196,,100.4809057,2026-05-28T08:38:40.624,2026-05-28T08:54:10.624,607.57,balanza,
197,Error Arduino: HX711 not found.,100.50390879999986,2026-05-28T08:38:40.648,2026-05-28T08:54:10.648,,balanza,
402,,100.71484369999985,2026-05-28T08:38:40.859,2026-05-28T08:54:10.859,,multimetro,8.5622e-05
403,,100.96478379999985,2026-05-28T08:38:41.109,2026-05-28T08:54:11.109,,multimetro,8.5486e-05
404,,101.21461619999991,2026-05-28T08:38:41.357,2026-05-28T08:54:11.357,,multimetro,8.5465e-05
405,,101.46479199999999,2026-05-28T08:38:41.609,2026-05-28T08:54:11.609,,multimetro,8.5538e-05
198,,101.49781399999983,2026-05-28T08:38:41.641,2026-05-28T08:54:11.641,607.61,balanza,
199,Error Arduino: HX711 not found.,101.52099429999998,2026-05-28T08:38:41.664,2026-05-28T08:54:11.664,,balanza,
406,,101.71491500000002,2026-05-28T08:38:41.858,2026-05-28T08:54:11.858,,multimetro,8.5768e-05
407,,101.96504089999985,2026-05-28T08:38:42.109,2026-05-28T08:54:12.109,,multimetro,8.559e-05
408,,102.21497120000004,2026-05-28T08:38:42.359,2026-05-28T08:54:12.359,,multimetro,8.5726e-05
409,,102.46493739999983,2026-05-28T08:38:42.609,2026-05-28T08:54:12.609,,multimetro,8.6145e-05
200,,102.51464069999997,2026-05-28T08:38:42.657,2026-05-28T08:54:12.657,607.57,balanza,
201,Error Arduino: HX711 not found.,102.5378467999999,2026-05-28T08:38:42.681,2026-05-28T08:54:12.681,,balanza,
410,,102.71488669999985,2026-05-28T08:38:42.857,2026-05-28T08:54:12.857,,multimetro,8.5946e-05
411,,102.9649116999999,2026-05-28T08:38:43.107,2026-05-28T08:54:13.107,,multimetro,8.537e-05
412,,103.2145794999999,2026-05-28T08:38:43.357,2026-05-28T08:54:13.357,,multimetro,8.6009e-05
413,,103.46537289999992,2026-05-28T08:38:43.609,2026-05-28T08:54:13.609,,multimetro,8.5863e-05
202,,103.53138390000004,2026-05-28T08:38:43.667,2026-05-28T08:54:13.667,607.56,balanza,
203,Error Arduino: HX711 not found.,103.55448460000002,2026-05-28T08:38:43.697,2026-05-28T08:54:13.697,,balanza,
414,,103.71459259999983,2026-05-28T08:38:43.859,2026-05-28T08:54:13.859,,multimetro,8.5559e-05
415,,103.96468400000003,2026-05-28T08:38:44.108,2026-05-28T08:54:14.108,,multimetro,8.5779e-05
416,,104.21490359999984,2026-05-28T08:38:44.359,2026-05-28T08:54:14.359,,multimetro,8.581e-05
417,,104.46485119999988,2026-05-28T08:38:44.609,2026-05-28T08:54:14.609,,multimetro,8.5444e-05
204,,104.54830149999998,2026-05-28T08:38:44.691,2026-05-28T08:54:14.691,607.64,balanza,
205,Error Arduino: HX711 not found.,104.57138529999997,2026-05-28T08:38:44.714,2026-05-28T08:54:14.714,,balanza,
418,,104.7147293999999,2026-05-28T08:38:44.857,2026-05-28T08:54:14.857,,multimetro,8.5224e-05
419,,104.96507369999995,2026-05-28T08:38:45.109,2026-05-28T08:54:15.109,,multimetro,8.5873e-05
420,,105.21479479999994,2026-05-28T08:38:45.359,2026-05-28T08:54:15.359,,multimetro,8.5423e-05
421,,105.46480659999997,2026-05-28T08:38:45.609,2026-05-28T08:54:15.609,,multimetro,8.5339e-05
206,,105.56496589999983,2026-05-28T08:38:45.700,2026-05-28T08:54:15.700,607.56,balanza,
207,Error Arduino: HX711 not found.,105.58805839999991,2026-05-28T08:38:45.732,2026-05-28T08:54:15.732,,balanza,
422,,105.7148772999999,2026-05-28T08:38:45.859,2026-05-28T08:54:15.859,,multimetro,8.5632e-05
423,,105.96498479999991,2026-05-28T08:38:46.109,2026-05-28T08:54:16.109,,multimetro,8.5276e-05
424,,106.21497739999995,2026-05-28T08:38:46.359,2026-05-28T08:54:16.359,,multimetro,8.5192e-05
425,,106.46500070000002,2026-05-28T08:38:46.609,2026-05-28T08:54:16.609,,multimetro,8.5465e-05
208,,106.58171949999996,2026-05-28T08:38:46.724,2026-05-28T08:54:16.724,607.59,balanza,
209,Error Arduino: HX711 not found.,106.6047615,2026-05-28T08:38:46.749,2026-05-28T08:54:16.749,,balanza,
426,,106.71462229999997,2026-05-28T08:38:46.859,2026-05-28T08:54:16.859,,multimetro,8.5433e-05
427,,106.96479209999984,2026-05-28T08:38:47.109,2026-05-28T08:54:17.109,,multimetro,8.5475e-05
428,,107.21487499999989,2026-05-28T08:38:47.359,2026-05-28T08:54:17.359,,multimetro,8.5454e-05
429,,107.46472259999996,2026-05-28T08:38:47.609,2026-05-28T08:54:17.609,,multimetro,8.5465e-05
210,,107.59843690000002,2026-05-28T08:38:47.743,2026-05-28T08:54:17.743,607.57,balanza,
211,Error Arduino: HX711 not found.,107.62171579999995,2026-05-28T08:38:47.764,2026-05-28T08:54:17.764,,balanza,
430,,107.7149488,2026-05-28T08:38:47.859,2026-05-28T08:54:17.859,,multimetro,8.5318e-05
431,,107.96497269999986,2026-05-28T08:38:48.109,2026-05-28T08:54:18.109,,multimetro,8.5255e-05
432,,108.21494559999996,2026-05-28T08:38:48.359,2026-05-28T08:54:18.359,,multimetro,8.5569e-05
433,,108.46483689999991,2026-05-28T08:38:48.609,2026-05-28T08:54:18.609,,multimetro,8.5475e-05
212,,108.61528520000002,2026-05-28T08:38:48.757,2026-05-28T08:54:18.757,607.56,balanza,
213,Error Arduino: HX711 not found.,108.63824269999986,2026-05-28T08:38:48.781,2026-05-28T08:54:18.781,,balanza,
434,,108.71489539999993,2026-05-28T08:38:48.859,2026-05-28T08:54:18.859,,multimetro,8.5381e-05
435,,108.96504600000003,2026-05-28T08:38:49.109,2026-05-28T08:54:19.109,,multimetro,8.5632e-05
436,,109.21495209999989,2026-05-28T08:38:49.359,2026-05-28T08:54:19.359,,multimetro,8.5444e-05
437,,109.46479219999992,2026-05-28T08:38:49.609,2026-05-28T08:54:19.609,,multimetro,8.5402e-05
214,,109.63211909999995,2026-05-28T08:38:49.776,2026-05-28T08:54:19.776,607.65,balanza,
215,Error Arduino: HX711 not found.,109.65510829999994,2026-05-28T08:38:49.797,2026-05-28T08:54:19.797,,balanza,
438,,109.71460939999997,2026-05-28T08:38:49.849,2026-05-28T08:54:19.849,,multimetro,8.5412e-05
439,,109.9650064,2026-05-28T08:38:50.109,2026-05-28T08:54:20.109,,multimetro,8.5402e-05
440,,110.21462539999993,2026-05-28T08:38:50.359,2026-05-28T08:54:20.359,,multimetro,8.5507e-05
441,,110.46652489999997,2026-05-28T08:38:50.609,2026-05-28T08:54:20.609,,multimetro,8.5391e-05
216,,110.6488531,2026-05-28T08:38:50.791,2026-05-28T08:54:20.791,607.55,balanza,
217,Error Arduino: HX711 not found.,110.67184989999987,2026-05-28T08:38:50.814,2026-05-28T08:54:20.814,,balanza,
442,,110.71537289999992,2026-05-28T08:38:50.859,2026-05-28T08:54:20.859,,multimetro,8.5412e-05
443,,110.96493220000002,2026-05-28T08:38:51.107,2026-05-28T08:54:21.107,,multimetro,8.5297e-05
444,,111.21465639999997,2026-05-28T08:38:51.349,2026-05-28T08:54:21.349,,multimetro,8.5653e-05
445,,111.46502369999985,2026-05-28T08:38:51.607,2026-05-28T08:54:21.607,,multimetro,8.5454e-05
218,,111.66570339999998,2026-05-28T08:38:51.807,2026-05-28T08:54:21.807,607.57,balanza,
219,Error Arduino: HX711 not found.,111.68877750000001,2026-05-28T08:38:51.833,2026-05-28T08:54:21.833,,balanza,
446,,111.7147402999999,2026-05-28T08:38:51.859,2026-05-28T08:54:21.859,,multimetro,8.5234e-05
447,,111.96487549999983,2026-05-28T08:38:52.107,2026-05-28T08:54:22.107,,multimetro,8.5287e-05
448,,112.21482319999996,2026-05-28T08:38:52.359,2026-05-28T08:54:22.359,,multimetro,8.5192e-05
449,,112.4653894999999,2026-05-28T08:38:52.609,2026-05-28T08:54:22.609,,multimetro,8.4973e-05
220,,112.68249549999996,2026-05-28T08:38:52.824,2026-05-28T08:54:22.824,607.59,balanza,
221,Error Arduino: HX711 not found.,112.70551980000005,2026-05-28T08:38:52.850,2026-05-28T08:54:22.850,,balanza,
450,,112.71458749999988,2026-05-28T08:38:52.859,2026-05-28T08:54:22.859,,multimetro,8.5098e-05
451,,112.96495600000003,2026-05-28T08:38:53.107,2026-05-28T08:54:23.107,,multimetro,8.4889e-05
452,,113.21481449999987,2026-05-28T08:38:53.357,2026-05-28T08:54:23.357,,multimetro,8.4836e-05
453,,113.4648967999999,2026-05-28T08:38:53.608,2026-05-28T08:54:23.608,,multimetro,8.5035e-05
222,,113.69948959999988,2026-05-28T08:38:53.844,2026-05-28T08:54:23.844,607.6,balanza,
454,,113.71493529999998,2026-05-28T08:38:53.859,2026-05-28T08:54:23.859,,multimetro,8.4753e-05
223,Error Arduino: HX711 not found.,113.72260819999997,2026-05-28T08:38:53.865,2026-05-28T08:54:23.865,,balanza,
455,,113.96484420000002,2026-05-28T08:38:54.107,2026-05-28T08:54:24.107,,multimetro,8.4596e-05
456,,114.21527619999983,2026-05-28T08:38:54.357,2026-05-28T08:54:24.357,,multimetro,8.514e-05
457,,114.4648416,2026-05-28T08:38:54.607,2026-05-28T08:54:24.607,,multimetro,8.4826e-05
458,,114.71466699999996,2026-05-28T08:38:54.857,2026-05-28T08:54:24.857,,multimetro,8.4627e-05
224,,114.71628689999989,2026-05-28T08:38:54.857,2026-05-28T08:54:24.857,607.6,balanza,
225,Error Arduino: HX711 not found.,114.739466,2026-05-28T08:38:54.884,2026-05-28T08:54:24.884,,balanza,
459,,114.96476899999993,2026-05-28T08:38:55.108,2026-05-28T08:54:25.108,,multimetro,8.5025e-05
460,,115.21487309999998,2026-05-28T08:38:55.359,2026-05-28T08:54:25.359,,multimetro,8.4795e-05
461,,115.46501579999995,2026-05-28T08:38:55.609,2026-05-28T08:54:25.609,,multimetro,8.4376e-05
462,,115.71466579999992,2026-05-28T08:38:55.858,2026-05-28T08:54:25.858,,multimetro,8.4763e-05
226,,115.73304280000002,2026-05-28T08:38:55.877,2026-05-28T08:54:25.877,607.62,balanza,
227,Error Arduino: HX711 not found.,115.7563682,2026-05-28T08:38:55.897,2026-05-28T08:54:25.897,,balanza,
463,,115.96483409999996,2026-05-28T08:38:56.109,2026-05-28T08:54:26.109,,multimetro,8.4481e-05
464,,116.21481789999984,2026-05-28T08:38:56.359,2026-05-28T08:54:26.359,,multimetro,8.4261e-05
465,,116.46509700000001,2026-05-28T08:38:56.609,2026-05-28T08:54:26.609,,multimetro,8.4753e-05
466,,116.7147132,2026-05-28T08:38:56.858,2026-05-28T08:54:26.858,,multimetro,8.4847e-05
228,,116.74990239999988,2026-05-28T08:38:56.891,2026-05-28T08:54:26.891,607.56,balanza,
229,Error Arduino: HX711 not found.,116.77296789999991,2026-05-28T08:38:56.916,2026-05-28T08:54:26.916,,balanza,
467,,116.96480689999999,2026-05-28T08:38:57.108,2026-05-28T08:54:27.108,,multimetro,8.4533e-05
468,,117.21456369999987,2026-05-28T08:38:57.349,2026-05-28T08:54:27.349,,multimetro,8.491e-05
469,,117.46485669999993,2026-05-28T08:38:57.609,2026-05-28T08:54:27.609,,multimetro,8.4679e-05
470,,117.71491739999988,2026-05-28T08:38:57.859,2026-05-28T08:54:27.859,,multimetro,8.4627e-05
230,,117.76676029999999,2026-05-28T08:38:57.907,2026-05-28T08:54:27.907,607.55,balanza,
231,Error Arduino: HX711 not found.,117.78992769999991,2026-05-28T08:38:57.934,2026-05-28T08:54:27.934,,balanza,
471,,117.96505189999993,2026-05-28T08:38:58.109,2026-05-28T08:54:28.109,,multimetro,8.4878e-05
472,,118.21487630000001,2026-05-28T08:38:58.359,2026-05-28T08:54:28.359,,multimetro,8.4805e-05
473,,118.46482500000002,2026-05-28T08:38:58.608,2026-05-28T08:54:28.608,,multimetro,8.4261e-05
474,,118.71465249999983,2026-05-28T08:38:58.857,2026-05-28T08:54:28.857,,multimetro,8.4219e-05
232,,118.78361989999985,2026-05-28T08:38:58.924,2026-05-28T08:54:28.924,607.6,balanza,
233,Error Arduino: HX711 not found.,118.80670959999998,2026-05-28T08:38:58.947,2026-05-28T08:54:28.947,,balanza,
475,,118.96492519999993,2026-05-28T08:38:59.109,2026-05-28T08:54:29.109,,multimetro,8.4585e-05
476,,119.2149703,2026-05-28T08:38:59.359,2026-05-28T08:54:29.359,,multimetro,8.4585e-05
477,,119.46487339999999,2026-05-28T08:38:59.609,2026-05-28T08:54:29.609,,multimetro,8.4365e-05
478,,119.71529450000003,2026-05-28T08:38:59.860,2026-05-28T08:54:29.860,,multimetro,8.4355e-05
234,,119.80050080000001,2026-05-28T08:38:59.944,2026-05-28T08:54:29.944,607.59,balanza,
235,Error Arduino: HX711 not found.,119.82364629999984,2026-05-28T08:38:59.966,2026-05-28T08:54:29.966,,balanza,
479,,119.96496979999984,2026-05-28T08:39:00.109,2026-05-28T08:54:30.109,,multimetro,8.4397e-05
480,,120.21452750000003,2026-05-28T08:39:00.358,2026-05-28T08:54:30.358,,multimetro,8.4606e-05
481,,120.46502779999992,2026-05-28T08:39:00.609,2026-05-28T08:54:30.609,,multimetro,8.5004e-05
482,,120.71500300000002,2026-05-28T08:39:00.859,2026-05-28T08:54:30.859,,multimetro,8.4648e-05
236,,120.81735609999987,2026-05-28T08:39:00.957,2026-05-28T08:54:30.957,607.59,balanza,
237,Error Arduino: HX711 not found.,120.84044769999991,2026-05-28T08:39:00.981,2026-05-28T08:54:30.981,,balanza,
483,,120.96486819999996,2026-05-28T08:39:01.109,2026-05-28T08:54:31.109,,multimetro,8.4481e-05
484,,121.21466899999996,2026-05-28T08:39:01.350,2026-05-28T08:54:31.350,,multimetro,8.4439e-05
485,,121.46491879999985,2026-05-28T08:39:01.600,2026-05-28T08:54:31.600,,multimetro,8.446e-05
486,,121.71720630000004,2026-05-28T08:39:01.861,2026-05-28T08:54:31.861,,multimetro,8.4627e-05
238,,121.83410449999997,2026-05-28T08:39:01.974,2026-05-28T08:54:31.974,607.58,balanza,
239,Error Arduino: HX711 not found.,121.85727550000001,2026-05-28T08:39:01.997,2026-05-28T08:54:31.997,,balanza,
487,,121.96456699999999,2026-05-28T08:39:02.109,2026-05-28T08:54:32.109,,multimetro,8.4386e-05
488,,122.21481359999984,2026-05-28T08:39:02.358,2026-05-28T08:54:32.358,,multimetro,8.4355e-05
489,,122.46489959999985,2026-05-28T08:39:02.609,2026-05-28T08:54:32.609,,multimetro,8.4575e-05
490,,122.71491829999991,2026-05-28T08:39:02.859,2026-05-28T08:54:32.859,,multimetro,8.4585e-05
240,,122.85089819999985,2026-05-28T08:39:02.991,2026-05-28T08:54:32.991,607.59,balanza,
241,Error Arduino: HX711 not found.,122.87421799999993,2026-05-28T08:39:03.014,2026-05-28T08:54:33.014,,balanza,
491,,122.9647215,2026-05-28T08:39:03.109,2026-05-28T08:54:33.109,,multimetro,8.402e-05
492,,123.21496969999998,2026-05-28T08:39:03.359,2026-05-28T08:54:33.359,,multimetro,8.4177e-05
493,,123.46474999999987,2026-05-28T08:39:03.609,2026-05-28T08:54:33.609,,multimetro,8.4313e-05
494,,123.71495099999993,2026-05-28T08:39:03.859,2026-05-28T08:54:33.859,,multimetro,8.3936e-05
242,,123.86762109999995,2026-05-28T08:39:04.007,2026-05-28T08:54:34.007,607.58,balanza,
243,Error Arduino: HX711 not found.,123.8906993999999,2026-05-28T08:39:04.034,2026-05-28T08:54:34.034,,balanza,
495,,123.9650595999999,2026-05-28T08:39:04.109,2026-05-28T08:54:34.109,,multimetro,8.425e-05
496,,124.21490909999989,2026-05-28T08:39:04.359,2026-05-28T08:54:34.359,,multimetro,8.4481e-05
497,,124.46480299999985,2026-05-28T08:39:04.608,2026-05-28T08:54:34.608,,multimetro,8.4062e-05
498,,124.71494959999995,2026-05-28T08:39:04.857,2026-05-28T08:54:34.857,,multimetro,8.3884e-05
244,,124.88442310000005,2026-05-28T08:39:05.028,2026-05-28T08:54:35.028,607.55,balanza,
245,Error Arduino: HX711 not found.,124.90751279999995,2026-05-28T08:39:05.047,2026-05-28T08:54:35.047,,balanza,
499,,124.96476689999986,2026-05-28T08:39:05.107,2026-05-28T08:54:35.107,,multimetro,8.4125e-05
500,,125.21497529999988,2026-05-28T08:39:05.357,2026-05-28T08:54:35.357,,multimetro,8.4125e-05
501,,125.46479839999984,2026-05-28T08:39:05.607,2026-05-28T08:54:35.607,,multimetro,8.3601e-05
502,,125.71502429999987,2026-05-28T08:39:05.857,2026-05-28T08:54:35.857,,multimetro,8.3695e-05
246,,125.90119719999984,2026-05-28T08:39:06.045,2026-05-28T08:54:36.045,607.58,balanza,
247,,125.91434879999997,2026-05-28T08:39:06.057,2026-05-28T08:54:36.057,607.56,balanza,
248,Error Arduino: HX711 not found.,125.93750460000001,2026-05-28T08:39:06.081,2026-05-28T08:54:36.081,,balanza,
503,,125.96510479999984,2026-05-28T08:39:06.109,2026-05-28T08:54:36.109,,multimetro,8.3737e-05
504,,126.21487409999986,2026-05-28T08:39:06.357,2026-05-28T08:54:36.357,,multimetro,8.3475e-05
505,,126.46476899999993,2026-05-28T08:39:06.607,2026-05-28T08:54:36.607,,multimetro,8.3674e-05
506,,126.71498139999994,2026-05-28T08:39:06.859,2026-05-28T08:54:36.859,,multimetro,8.403e-05
249,,126.93110739999997,2026-05-28T08:39:07.071,2026-05-28T08:54:37.071,607.61,balanza,
250,Error Arduino: HX711 not found.,126.95434999999998,2026-05-28T08:39:07.099,2026-05-28T08:54:37.099,,balanza,
507,,126.96496349999984,2026-05-28T08:39:07.109,2026-05-28T08:54:37.109,,multimetro,8.402e-05
508,,127.21493889999988,2026-05-28T08:39:07.357,2026-05-28T08:54:37.357,,multimetro,8.3308e-05
509,,127.46491360000005,2026-05-28T08:39:07.609,2026-05-28T08:54:37.609,,multimetro,8.3674e-05
510,,127.71499799999992,2026-05-28T08:39:07.859,2026-05-28T08:54:37.859,,multimetro,8.3894e-05
251,,127.94798270000001,2026-05-28T08:39:08.091,2026-05-28T08:54:38.091,607.56,balanza,
511,,127.96476429999984,2026-05-28T08:39:08.109,2026-05-28T08:54:38.109,,multimetro,8.3475e-05
252,Error Arduino: HX711 not found.,127.97137899999984,2026-05-28T08:39:08.114,2026-05-28T08:54:38.114,,balanza,
512,,128.2150377999999,2026-05-28T08:39:08.350,2026-05-28T08:54:38.350,,multimetro,8.3643e-05
513,,128.46478749999983,2026-05-28T08:39:08.609,2026-05-28T08:54:38.609,,multimetro,8.4114e-05
514,,128.71521499999994,2026-05-28T08:39:08.850,2026-05-28T08:54:38.850,,multimetro,8.3664e-05
515,,128.9647465999999,2026-05-28T08:39:09.108,2026-05-28T08:54:39.108,,multimetro,8.357e-05
253,,128.96515939999995,2026-05-28T08:39:09.108,2026-05-28T08:54:39.108,607.57,balanza,
254,Error Arduino: HX711 not found.,128.98832659999994,2026-05-28T08:39:09.132,2026-05-28T08:54:39.132,,balanza,
516,,129.21488520000003,2026-05-28T08:39:09.357,2026-05-28T08:54:39.357,,multimetro,8.3988e-05
517,,129.4649809,2026-05-28T08:39:09.607,2026-05-28T08:54:39.607,,multimetro,8.3706e-05
518,,129.7149571,2026-05-28T08:39:09.857,2026-05-28T08:54:39.857,,multimetro,8.3632e-05
519,,129.96495349999987,2026-05-28T08:39:10.107,2026-05-28T08:54:40.107,,multimetro,8.4355e-05
255,,129.98195069999997,2026-05-28T08:39:10.124,2026-05-28T08:54:40.124,607.61,balanza,
256,Error Arduino: HX711 not found.,130.00496679999992,2026-05-28T08:39:10.147,2026-05-28T08:54:40.147,,balanza,
520,,130.2146588999999,2026-05-28T08:39:10.357,2026-05-28T08:54:40.357,,multimetro,8.3475e-05
521,,130.46527189999983,2026-05-28T08:39:10.607,2026-05-28T08:54:40.607,,multimetro,8.2763e-05
522,,130.71498459999998,2026-05-28T08:39:10.859,2026-05-28T08:54:40.859,,multimetro,8.3454e-05
523,,130.96480359999987,2026-05-28T08:39:11.107,2026-05-28T08:54:41.107,,multimetro,8.403e-05
257,,130.9987051999999,2026-05-28T08:39:11.134,2026-05-28T08:54:41.134,607.54,balanza,
258,Error Arduino: HX711 not found.,131.0218147999999,2026-05-28T08:39:11.164,2026-05-28T08:54:41.164,,balanza,
524,,131.2151798,2026-05-28T08:39:11.357,2026-05-28T08:54:41.357,,multimetro,8.3905e-05
525,,131.46485289999987,2026-05-28T08:39:11.609,2026-05-28T08:54:41.609,,multimetro,8.3905e-05
526,,131.71487950000005,2026-05-28T08:39:11.849,2026-05-28T08:54:41.849,,multimetro,8.3748e-05
527,,131.96494559999996,2026-05-28T08:39:12.107,2026-05-28T08:54:42.107,,multimetro,8.3465e-05
259,,132.0155319999999,2026-05-28T08:39:12.157,2026-05-28T08:54:42.157,607.53,balanza,
260,Error Arduino: HX711 not found.,132.03860009999994,2026-05-28T08:39:12.180,2026-05-28T08:54:42.180,,balanza,
528,,132.21514979999984,2026-05-28T08:39:12.357,2026-05-28T08:54:42.357,,multimetro,8.3266e-05
529,,132.4647597999999,2026-05-28T08:39:12.609,2026-05-28T08:54:42.609,,multimetro,8.2868e-05
530,,132.71454589999985,2026-05-28T08:39:12.858,2026-05-28T08:54:42.858,,multimetro,8.3716e-05
531,,132.96505219999995,2026-05-28T08:39:13.107,2026-05-28T08:54:43.107,,multimetro,8.3287e-05
261,,133.03236679999986,2026-05-28T08:39:13.167,2026-05-28T08:54:43.167,607.58,balanza,
262,Error Arduino: HX711 not found.,133.05545970000003,2026-05-28T08:39:13.197,2026-05-28T08:54:43.197,,balanza,
532,,133.21462440000005,2026-05-28T08:39:13.350,2026-05-28T08:54:43.350,,multimetro,8.3193e-05
533,,133.4647918999999,2026-05-28T08:39:13.607,2026-05-28T08:54:43.607,,multimetro,8.3245e-05
534,,133.71464619999983,2026-05-28T08:39:13.859,2026-05-28T08:54:43.859,,multimetro,8.3004e-05
535,,133.96475369999985,2026-05-28T08:39:14.109,2026-05-28T08:54:44.109,,multimetro,8.336e-05
263,,134.04918299999986,2026-05-28T08:39:14.191,2026-05-28T08:54:44.191,607.56,balanza,
264,Error Arduino: HX711 not found.,134.0722272999999,2026-05-28T08:39:14.216,2026-05-28T08:54:44.216,,balanza,
536,,134.21494499999994,2026-05-28T08:39:14.358,2026-05-28T08:54:44.358,,multimetro,8.314e-05
537,,134.46488290000002,2026-05-28T08:39:14.608,2026-05-28T08:54:44.608,,multimetro,8.3203e-05
538,,134.71498819999988,2026-05-28T08:39:14.859,2026-05-28T08:54:44.859,,multimetro,8.3287e-05
539,,134.96478899999988,2026-05-28T08:39:15.109,2026-05-28T08:54:45.109,,multimetro,8.313e-05
265,,135.06598799999983,2026-05-28T08:39:15.207,2026-05-28T08:54:45.207,607.55,balanza,
266,Error Arduino: HX711 not found.,135.08907679999993,2026-05-28T08:39:15.233,2026-05-28T08:54:45.233,,balanza,
540,,135.21660819999988,2026-05-28T08:39:15.359,2026-05-28T08:54:45.359,,multimetro,8.3067e-05
541,,135.46483869999997,2026-05-28T08:39:15.607,2026-05-28T08:54:45.607,,multimetro,8.2282e-05
542,,135.7149356,2026-05-28T08:39:15.857,2026-05-28T08:54:45.857,,multimetro,8.2554e-05
543,,135.96486559999994,2026-05-28T08:39:16.109,2026-05-28T08:54:46.109,,multimetro,8.1737e-05
267,,136.08269299999984,2026-05-28T08:39:16.227,2026-05-28T08:54:46.227,607.6,balanza,
268,Error Arduino: HX711 not found.,136.10592699999984,2026-05-28T08:39:16.247,2026-05-28T08:54:46.247,,balanza,
544,,136.2148620999999,2026-05-28T08:39:16.358,2026-05-28T08:54:46.358,,multimetro,8.6386e-05
545,,136.46495649999997,2026-05-28T08:39:16.609,2026-05-28T08:54:46.609,,multimetro,8.2889e-05
546,,136.7146487,2026-05-28T08:39:16.859,2026-05-28T08:54:46.859,,multimetro,8.2606e-05
547,,136.96481189999986,2026-05-28T08:39:17.109,2026-05-28T08:54:47.109,,multimetro,8.3779e-05
269,,137.09944229999996,2026-05-28T08:39:17.243,2026-05-28T08:54:47.243,607.55,balanza,
270,Error Arduino: HX711 not found.,137.12269349999997,2026-05-28T08:39:17.264,2026-05-28T08:54:47.264,,balanza,
548,,137.21497109999996,2026-05-28T08:39:17.359,2026-05-28T08:54:47.359,,multimetro,8.357e-05
549,,137.4647258,2026-05-28T08:39:17.609,2026-05-28T08:54:47.609,,multimetro,8.3653e-05
550,,137.71532090000005,2026-05-28T08:39:17.858,2026-05-28T08:54:47.858,,multimetro,8.3036e-05
551,,137.96485599999983,2026-05-28T08:39:18.107,2026-05-28T08:54:48.107,,multimetro,8.5548e-05
271,,138.1162612999999,2026-05-28T08:39:18.257,2026-05-28T08:54:48.257,607.56,balanza,
272,Error Arduino: HX711 not found.,138.139414,2026-05-28T08:39:18.281,2026-05-28T08:54:48.281,,balanza,
552,,138.21494829999983,2026-05-28T08:39:18.357,2026-05-28T08:54:48.357,,multimetro,8.4491e-05
553,,138.46494749999988,2026-05-28T08:39:18.607,2026-05-28T08:54:48.607,,multimetro,8.3099e-05
554,,138.71463389999985,2026-05-28T08:39:18.859,2026-05-28T08:54:48.859,,multimetro,8.2941e-05
555,,138.96477459999983,2026-05-28T08:39:19.107,2026-05-28T08:54:49.107,,multimetro,8.3235e-05
273,,139.13294159999987,2026-05-28T08:39:19.274,2026-05-28T08:54:49.274,607.59,balanza,
274,Error Arduino: HX711 not found.,139.15606119999984,2026-05-28T08:39:19.297,2026-05-28T08:54:49.297,,balanza,
556,,139.2150506999999,2026-05-28T08:39:19.359,2026-05-28T08:54:49.359,,multimetro,8.3392e-05
557,,139.4653275999999,2026-05-28T08:39:19.610,2026-05-28T08:54:49.610,,multimetro,8.3601e-05
558,,139.7149614,2026-05-28T08:39:19.850,2026-05-28T08:54:49.850,,multimetro,8.2502e-05
559,,139.96489350000002,2026-05-28T08:39:20.109,2026-05-28T08:54:50.109,,multimetro,8.2983e-05
275,,140.14976749999983,2026-05-28T08:39:20.291,2026-05-28T08:54:50.291,607.6,balanza,
276,Error Arduino: HX711 not found.,140.1728839,2026-05-28T08:39:20.314,2026-05-28T08:54:50.314,,balanza,
560,,140.21514039999988,2026-05-28T08:39:20.357,2026-05-28T08:54:50.357,,multimetro,8.3172e-05
561,,140.4647109,2026-05-28T08:39:20.607,2026-05-28T08:54:50.607,,multimetro,8.3193e-05
562,,140.71474179999996,2026-05-28T08:39:20.857,2026-05-28T08:54:50.857,,multimetro,8.3297e-05
563,,140.96504519999985,2026-05-28T08:39:21.107,2026-05-28T08:54:51.107,,multimetro,8.2994e-05
277,,141.16649469999993,2026-05-28T08:39:21.307,2026-05-28T08:54:51.307,607.64,balanza,
278,Error Arduino: HX711 not found.,141.18952799999988,2026-05-28T08:39:21.334,2026-05-28T08:54:51.334,,balanza,
564,,141.21511659999987,2026-05-28T08:39:21.350,2026-05-28T08:54:51.350,,multimetro,8.246e-05
565,,141.46481489999996,2026-05-28T08:39:21.607,2026-05-28T08:54:51.607,,multimetro,8.2428e-05
566,,141.71464479999986,2026-05-28T08:39:21.859,2026-05-28T08:54:51.859,,multimetro,8.2502e-05
567,,141.9649947999999,2026-05-28T08:39:22.109,2026-05-28T08:54:52.109,,multimetro,8.2585e-05
279,,142.18347289999997,2026-05-28T08:39:22.327,2026-05-28T08:54:52.327,607.63,balanza,
280,Error Arduino: HX711 not found.,142.2068021,2026-05-28T08:39:22.351,2026-05-28T08:54:52.351,,balanza,
568,,142.2145341999999,2026-05-28T08:39:22.358,2026-05-28T08:54:52.358,,multimetro,8.2826e-05
569,,142.46484029999988,2026-05-28T08:39:22.607,2026-05-28T08:54:52.607,,multimetro,8.2763e-05
570,,142.71485299999995,2026-05-28T08:39:22.859,2026-05-28T08:54:52.859,,multimetro,8.224e-05
571,,142.96478890000003,2026-05-28T08:39:23.109,2026-05-28T08:54:53.109,,multimetro,8.2313e-05
281,,143.20036919999984,2026-05-28T08:39:23.344,2026-05-28T08:54:53.344,607.59,balanza,
572,,143.2148534999999,2026-05-28T08:39:23.350,2026-05-28T08:54:53.350,,multimetro,8.2407e-05
282,Error Arduino: HX711 not found.,143.22337470000002,2026-05-28T08:39:23.368,2026-05-28T08:54:53.368,,balanza,
573,,143.46481429999994,2026-05-28T08:39:23.609,2026-05-28T08:54:53.609,,multimetro,8.2544e-05
574,,143.7149027999999,2026-05-28T08:39:23.857,2026-05-28T08:54:53.857,,multimetro,8.269e-05
575,,143.96470290000002,2026-05-28T08:39:24.108,2026-05-28T08:54:54.108,,multimetro,8.2627e-05
576,,144.21458319999988,2026-05-28T08:39:24.358,2026-05-28T08:54:54.358,,multimetro,8.2345e-05
283,,144.2171515,2026-05-28T08:39:24.358,2026-05-28T08:54:54.358,607.58,balanza,
284,Error Arduino: HX711 not found.,144.24023899999997,2026-05-28T08:39:24.381,2026-05-28T08:54:54.381,,balanza,
577,,144.46487739999998,2026-05-28T08:39:24.609,2026-05-28T08:54:54.609,,multimetro,8.2763e-05
578,,144.7149227,2026-05-28T08:39:24.852,2026-05-28T08:54:54.852,,multimetro,8.2449e-05
579,,144.96506999999997,2026-05-28T08:39:25.109,2026-05-28T08:54:55.109,,multimetro,8.2627e-05
580,,145.21465809999995,2026-05-28T08:39:25.359,2026-05-28T08:54:55.359,,multimetro,8.2638e-05
285,,145.2340463999999,2026-05-28T08:39:25.374,2026-05-28T08:54:55.374,607.61,balanza,
286,Error Arduino: HX711 not found.,145.25719359999994,2026-05-28T08:39:25.400,2026-05-28T08:54:55.400,,balanza,
581,,145.46471989999986,2026-05-28T08:39:25.609,2026-05-28T08:54:55.609,,multimetro,8.2439e-05
582,,145.7146527,2026-05-28T08:39:25.858,2026-05-28T08:54:55.858,,multimetro,8.2596e-05
583,,145.96480039999983,2026-05-28T08:39:26.107,2026-05-28T08:54:56.107,,multimetro,8.2502e-05
584,,146.21457450000003,2026-05-28T08:39:26.357,2026-05-28T08:54:56.357,,multimetro,8.2355e-05
287,,146.25081619999992,2026-05-28T08:39:26.395,2026-05-28T08:54:56.395,607.55,balanza,
288,Error Arduino: HX711 not found.,146.27392650000002,2026-05-28T08:39:26.414,2026-05-28T08:54:56.414,,balanza,
585,,146.46474809999995,2026-05-28T08:39:26.608,2026-05-28T08:54:56.608,,multimetro,8.2334e-05
586,,146.71511910000004,2026-05-28T08:39:26.857,2026-05-28T08:54:56.857,,multimetro,8.2617e-05
587,,146.9858165999999,2026-05-28T08:39:27.130,2026-05-28T08:54:57.130,,multimetro,8.225e-05
588,,147.21802290000005,2026-05-28T08:39:27.359,2026-05-28T08:54:57.359,,multimetro,8.2554e-05
289,,147.26765579999983,2026-05-28T08:39:27.407,2026-05-28T08:54:57.407,608.11,balanza,
290,Error Arduino: HX711 not found.,147.29073949999997,2026-05-28T08:39:27.435,2026-05-28T08:54:57.435,,balanza,
589,,147.46503269999994,2026-05-28T08:39:27.609,2026-05-28T08:54:57.609,,multimetro,8.2659e-05
590,,147.71471529999985,2026-05-28T08:39:27.857,2026-05-28T08:54:57.857,,multimetro,8.2324e-05
591,,147.96488649999992,2026-05-28T08:39:28.108,2026-05-28T08:54:58.108,,multimetro,8.2261e-05
592,,148.21492209999997,2026-05-28T08:39:28.350,2026-05-28T08:54:58.350,,multimetro,8.2334e-05
291,,148.28435579999996,2026-05-28T08:39:28.424,2026-05-28T08:54:58.424,607.15,balanza,
292,Error Arduino: HX711 not found.,148.30750390000003,2026-05-28T08:39:28.447,2026-05-28T08:54:58.447,,balanza,
593,,148.46530510000002,2026-05-28T08:39:28.609,2026-05-28T08:54:58.609,,multimetro,8.2303e-05
594,,148.7146158999999,2026-05-28T08:39:28.857,2026-05-28T08:54:58.857,,multimetro,8.2439e-05
595,,148.96471039999983,2026-05-28T08:39:29.107,2026-05-28T08:54:59.107,,multimetro,8.247e-05
596,,149.21481219999987,2026-05-28T08:39:29.358,2026-05-28T08:54:59.358,,multimetro,8.2114e-05
293,,149.3010652999999,2026-05-28T08:39:29.443,2026-05-28T08:54:59.443,607.28,balanza,
294,Error Arduino: HX711 not found.,149.32436399999983,2026-05-28T08:39:29.464,2026-05-28T08:54:59.464,,balanza,
597,,149.46488060000001,2026-05-28T08:39:29.609,2026-05-28T08:54:59.609,,multimetro,8.2303e-05
598,,149.71488909999994,2026-05-28T08:39:29.859,2026-05-28T08:54:59.859,,multimetro,8.2334e-05
599,,149.96498309999993,2026-05-28T08:39:30.109,2026-05-28T08:55:00.109,,multimetro,8.2198e-05
600,,150.2151225,2026-05-28T08:39:30.359,2026-05-28T08:55:00.359,,multimetro,8.2261e-05
295,,150.31792849999988,2026-05-28T08:39:30.457,2026-05-28T08:55:00.457,607.26,balanza,
296,Error Arduino: HX711 not found.,150.3411140999999,2026-05-28T08:39:30.485,2026-05-28T08:55:00.485,,balanza,
601,,150.46485589999998,2026-05-28T08:39:30.609,2026-05-28T08:55:00.609,,multimetro,8.2376e-05
602,,150.7148631,2026-05-28T08:39:30.859,2026-05-28T08:55:00.859,,multimetro,8.2261e-05
603,,150.96478030000003,2026-05-28T08:39:31.107,2026-05-28T08:55:01.107,,multimetro,8.2418e-05
604,,151.2146178999999,2026-05-28T08:39:31.358,2026-05-28T08:55:01.358,,multimetro,8.246e-05
297,,151.33476199999996,2026-05-28T08:39:31.474,2026-05-28T08:55:01.474,607.86,balanza,
298,Error Arduino: HX711 not found.,151.35784279999984,2026-05-28T08:39:31.497,2026-05-28T08:55:01.497,,balanza,
605,,151.46490249999988,2026-05-28T08:39:31.608,2026-05-28T08:55:01.608,,multimetro,8.2355e-05
606,,151.71490479999989,2026-05-28T08:39:31.859,2026-05-28T08:55:01.859,,multimetro,8.2596e-05
607,,151.96484639999994,2026-05-28T08:39:32.107,2026-05-28T08:55:02.107,,multimetro,8.2847e-05
608,,152.21492489999991,2026-05-28T08:39:32.357,2026-05-28T08:55:02.357,,multimetro,8.2648e-05
299,,152.35153449999984,2026-05-28T08:39:32.491,2026-05-28T08:55:02.491,607.46,balanza,
300,Error Arduino: HX711 not found.,152.37482999999997,2026-05-28T08:39:32.517,2026-05-28T08:55:02.517,,balanza,
609,,152.46487890000003,2026-05-28T08:39:32.609,2026-05-28T08:55:02.609,,multimetro,8.2973e-05
610,,152.71464609999998,2026-05-28T08:39:32.857,2026-05-28T08:55:02.857,,multimetro,8.2585e-05
611,,152.96500229999992,2026-05-28T08:39:33.109,2026-05-28T08:55:03.109,,multimetro,8.2418e-05
612,,153.2148654,2026-05-28T08:39:33.358,2026-05-28T08:55:03.358,,multimetro,8.314e-05
301,,153.36837889999993,2026-05-28T08:39:33.507,2026-05-28T08:55:03.507,607.18,balanza,
302,Error Arduino: HX711 not found.,153.39146970000002,2026-05-28T08:39:33.536,2026-05-28T08:55:03.536,,balanza,
613,,153.46489139999994,2026-05-28T08:39:33.608,2026-05-28T08:55:03.608,,multimetro,8.2973e-05
614,,153.71494589999998,2026-05-28T08:39:33.857,2026-05-28T08:55:03.857,,multimetro,8.2774e-05
615,,153.96494359999997,2026-05-28T08:39:34.107,2026-05-28T08:55:04.107,,multimetro,8.2743e-05
616,,154.21468830000003,2026-05-28T08:39:34.359,2026-05-28T08:55:04.359,,multimetro,8.2533e-05
303,,154.38516619999996,2026-05-28T08:39:34.524,2026-05-28T08:55:04.524,607.07,balanza,
304,Error Arduino: HX711 not found.,154.40821189999997,2026-05-28T08:39:34.550,2026-05-28T08:55:04.550,,balanza,
617,,154.46477189999996,2026-05-28T08:39:34.609,2026-05-28T08:55:04.609,,multimetro,8.2334e-05
618,,154.7146648999999,2026-05-28T08:39:34.859,2026-05-28T08:55:04.859,,multimetro,8.2805e-05
619,,154.96469079999997,2026-05-28T08:39:35.108,2026-05-28T08:55:05.108,,multimetro,8.2481e-05
620,,155.21469520000005,2026-05-28T08:39:35.359,2026-05-28T08:55:05.359,,multimetro,8.2345e-05
305,,155.40206009999997,2026-05-28T08:39:35.546,2026-05-28T08:55:05.546,607.13,balanza,
306,Error Arduino: HX711 not found.,155.42511459999992,2026-05-28T08:39:35.564,2026-05-28T08:55:05.564,,balanza,
621,,155.46501539999986,2026-05-28T08:39:35.609,2026-05-28T08:55:05.609,,multimetro,8.2585e-05
622,,155.71556329999999,2026-05-28T08:39:35.859,2026-05-28T08:55:05.859,,multimetro,8.2219e-05
623,,155.96486609999988,2026-05-28T08:39:36.109,2026-05-28T08:55:06.109,,multimetro,8.2146e-05
624,,156.21540989999994,2026-05-28T08:39:36.358,2026-05-28T08:55:06.358,,multimetro,8.2575e-05
307,,156.4188428,2026-05-28T08:39:36.561,2026-05-28T08:55:06.561,607.13,balanza,
308,Error Arduino: HX711 not found.,156.4420737999999,2026-05-28T08:39:36.580,2026-05-28T08:55:06.580,,balanza,
625,,156.4650583,2026-05-28T08:39:36.609,2026-05-28T08:55:06.609,,multimetro,8.2324e-05
626,,156.71488269999986,2026-05-28T08:39:36.857,2026-05-28T08:55:06.857,,multimetro,8.2512e-05
627,,156.9647668,2026-05-28T08:39:37.109,2026-05-28T08:55:07.109,,multimetro,8.2533e-05
628,,157.2149199999999,2026-05-28T08:39:37.359,2026-05-28T08:55:07.359,,multimetro,8.2167e-05
309,,157.43578239999988,2026-05-28T08:39:37.580,2026-05-28T08:55:07.580,607.16,balanza,
310,Error Arduino: HX711 not found.,157.45898850000003,2026-05-28T08:39:37.597,2026-05-28T08:55:07.597,,balanza,
629,,157.46550639999987,2026-05-28T08:39:37.607,2026-05-28T08:55:07.607,,multimetro,8.2502e-05
630,,157.71472930000004,2026-05-28T08:39:37.857,2026-05-28T08:55:07.857,,multimetro,8.2575e-05
631,,157.96479550000004,2026-05-28T08:39:38.107,2026-05-28T08:55:08.107,,multimetro,8.2292e-05
632,,158.21480899999983,2026-05-28T08:39:38.358,2026-05-28T08:55:08.358,,multimetro,8.2376e-05
311,,158.45280579999985,2026-05-28T08:39:38.597,2026-05-28T08:55:08.597,607.17,balanza,
633,,158.46487159999992,2026-05-28T08:39:38.609,2026-05-28T08:55:08.609,,multimetro,8.2188e-05
312,Error Arduino: HX711 not found.,158.4761489,2026-05-28T08:39:38.620,2026-05-28T08:55:08.620,,balanza,
634,,158.71464539999988,2026-05-28T08:39:38.857,2026-05-28T08:55:08.857,,multimetro,8.2146e-05
635,,158.9648184,2026-05-28T08:39:39.107,2026-05-28T08:55:09.107,,multimetro,8.2292e-05
636,,159.21529099999998,2026-05-28T08:39:39.359,2026-05-28T08:55:09.359,,multimetro,8.2261e-05
637,,159.46467009999992,2026-05-28T08:39:39.609,2026-05-28T08:55:09.609,,multimetro,8.2209e-05
313,,159.46963119999987,2026-05-28T08:39:39.614,2026-05-28T08:55:09.614,607.13,balanza,
314,,159.48282040000004,2026-05-28T08:39:39.624,2026-05-28T08:55:09.624,607.17,balanza,
315,Error Arduino: HX711 not found.,159.50594690000003,2026-05-28T08:39:39.650,2026-05-28T08:55:09.650,,balanza,
638,,159.71492990000002,2026-05-28T08:39:39.859,2026-05-28T08:55:09.859,,multimetro,8.224e-05
639,,159.96487630000001,2026-05-28T08:39:40.107,2026-05-28T08:55:10.107,,multimetro,8.2334e-05
640,,160.21471389999988,2026-05-28T08:39:40.357,2026-05-28T08:55:10.357,,multimetro,8.2062e-05
641,,160.46485099999995,2026-05-28T08:39:40.609,2026-05-28T08:55:10.609,,multimetro,8.1989e-05
316,,160.49966529999983,2026-05-28T08:39:40.643,2026-05-28T08:55:10.643,607.15,balanza,
317,Error Arduino: HX711 not found.,160.52277609999987,2026-05-28T08:39:40.664,2026-05-28T08:55:10.664,,balanza,
642,,160.71463300000005,2026-05-28T08:39:40.857,2026-05-28T08:55:10.857,,multimetro,8.2271e-05
643,,160.96469260000003,2026-05-28T08:39:41.108,2026-05-28T08:55:11.108,,multimetro,8.2093e-05
644,,161.21491879999985,2026-05-28T08:39:41.358,2026-05-28T08:55:11.358,,multimetro,8.2135e-05
645,,161.4648173999999,2026-05-28T08:39:41.609,2026-05-28T08:55:11.609,,multimetro,8.269e-05
318,,161.51646149999988,2026-05-28T08:39:41.660,2026-05-28T08:55:11.660,607.13,balanza,
319,Error Arduino: HX711 not found.,161.539626,2026-05-28T08:39:41.680,2026-05-28T08:55:11.680,,balanza,
646,,161.71495600000003,2026-05-28T08:39:41.859,2026-05-28T08:55:11.859,,multimetro,8.2041e-05
647,,161.96463629999994,2026-05-28T08:39:42.107,2026-05-28T08:55:12.107,,multimetro,8.1947e-05
648,,162.21457369999985,2026-05-28T08:39:42.359,2026-05-28T08:55:12.359,,multimetro,8.2083e-05
649,,162.4645665999999,2026-05-28T08:39:42.608,2026-05-28T08:55:12.608,,multimetro,8.1769e-05
320,,162.53322200000002,2026-05-28T08:39:42.674,2026-05-28T08:55:12.674,607.14,balanza,
321,Error Arduino: HX711 not found.,162.55633319999993,2026-05-28T08:39:42.697,2026-05-28T08:55:12.697,,balanza,
650,,162.71457609999993,2026-05-28T08:39:42.859,2026-05-28T08:55:12.859,,multimetro,8.1894e-05
651,,162.96485239999993,2026-05-28T08:39:43.107,2026-05-28T08:55:13.107,,multimetro,8.2449e-05
652,,163.21468349999986,2026-05-28T08:39:43.357,2026-05-28T08:55:13.357,,multimetro,8.2271e-05
653,,163.46475850000002,2026-05-28T08:39:43.608,2026-05-28T08:55:13.608,,multimetro,8.2271e-05
322,,163.55007579999983,2026-05-28T08:39:43.691,2026-05-28T08:55:13.691,607.12,balanza,
323,Error Arduino: HX711 not found.,163.5731905,2026-05-28T08:39:43.714,2026-05-28T08:55:13.714,,balanza,
654,,163.71491919999994,2026-05-28T08:39:43.859,2026-05-28T08:55:13.859,,multimetro,8.2345e-05
655,,163.96473279999987,2026-05-28T08:39:44.108,2026-05-28T08:55:14.108,,multimetro,8.1978e-05
656,,164.21462580000002,2026-05-28T08:39:44.358,2026-05-28T08:55:14.358,,multimetro,8.1905e-05
657,,164.46479669999985,2026-05-28T08:39:44.607,2026-05-28T08:55:14.607,,multimetro,8.2418e-05
324,,164.56685659999994,2026-05-28T08:39:44.707,2026-05-28T08:55:14.707,607.12,balanza,
325,Error Arduino: HX711 not found.,164.59018229999992,2026-05-28T08:39:44.734,2026-05-28T08:55:14.734,,balanza,
658,,164.71545270000001,2026-05-28T08:39:44.857,2026-05-28T08:55:14.857,,multimetro,8.1832e-05
659,,164.9647513,2026-05-28T08:39:45.109,2026-05-28T08:55:15.109,,multimetro,8.2188e-05
660,,165.21497609999983,2026-05-28T08:39:45.350,2026-05-28T08:55:15.350,,multimetro,8.1999e-05
661,,165.46507369999995,2026-05-28T08:39:45.605,2026-05-28T08:55:15.605,,multimetro,8.1622e-05
326,,165.58361509999986,2026-05-28T08:39:45.724,2026-05-28T08:55:15.724,607.23,balanza,
327,Error Arduino: HX711 not found.,165.60667799999987,2026-05-28T08:39:45.747,2026-05-28T08:55:15.747,,balanza,
662,,165.71465079999984,2026-05-28T08:39:45.859,2026-05-28T08:55:15.859,,multimetro,8.1748e-05
663,,165.96467140000004,2026-05-28T08:39:46.108,2026-05-28T08:55:16.108,,multimetro,8.1727e-05
664,,166.2148439,2026-05-28T08:39:46.351,2026-05-28T08:55:16.351,,multimetro,8.1507e-05
665,,166.46554919999994,2026-05-28T08:39:46.609,2026-05-28T08:55:16.609,,multimetro,8.1779e-05
328,,166.60041349999983,2026-05-28T08:39:46.745,2026-05-28T08:55:16.745,607.19,balanza,
329,Error Arduino: HX711 not found.,166.62353029999986,2026-05-28T08:39:46.764,2026-05-28T08:55:16.764,,balanza,
666,,166.71486559999994,2026-05-28T08:39:46.857,2026-05-28T08:55:16.857,,multimetro,8.1863e-05
667,,166.96469359999992,2026-05-28T08:39:47.109,2026-05-28T08:55:17.109,,multimetro,8.1497e-05
668,,167.21506729999987,2026-05-28T08:39:47.358,2026-05-28T08:55:17.358,,multimetro,8.157e-05
669,,167.46478979999983,2026-05-28T08:39:47.607,2026-05-28T08:55:17.607,,multimetro,8.1675e-05
330,,167.6171457999999,2026-05-28T08:39:47.757,2026-05-28T08:55:17.757,607.17,balanza,
331,Error Arduino: HX711 not found.,167.64032929999985,2026-05-28T08:39:47.780,2026-05-28T08:55:17.780,,balanza,
670,,167.71494659999985,2026-05-28T08:39:47.857,2026-05-28T08:55:17.857,,multimetro,8.1465e-05
671,,167.96474409999996,2026-05-28T08:39:48.108,2026-05-28T08:55:18.108,,multimetro,8.1758e-05
672,,168.21507780000002,2026-05-28T08:39:48.359,2026-05-28T08:55:18.359,,multimetro,8.1978e-05
673,,168.46476169999983,2026-05-28T08:39:48.609,2026-05-28T08:55:18.609,,multimetro,8.1622e-05
332,,168.63397829999985,2026-05-28T08:39:48.774,2026-05-28T08:55:18.774,607.15,balanza,
333,Error Arduino: HX711 not found.,168.65706550000004,2026-05-28T08:39:48.797,2026-05-28T08:55:18.797,,balanza,
674,,168.7150099999999,2026-05-28T08:39:48.857,2026-05-28T08:55:18.857,,multimetro,8.2052e-05
675,,168.9648474999999,2026-05-28T08:39:49.109,2026-05-28T08:55:19.109,,multimetro,8.2041e-05
676,,169.21492409999996,2026-05-28T08:39:49.359,2026-05-28T08:55:19.359,,multimetro,8.1842e-05
677,,169.4647098999999,2026-05-28T08:39:49.608,2026-05-28T08:55:19.608,,multimetro,8.2052e-05
334,,169.6507784999999,2026-05-28T08:39:49.791,2026-05-28T08:55:19.791,607.23,balanza,
335,Error Arduino: HX711 not found.,169.67410099999984,2026-05-28T08:39:49.814,2026-05-28T08:55:19.814,,balanza,
678,,169.71501279999984,2026-05-28T08:39:49.857,2026-05-28T08:55:19.857,,multimetro,8.1957e-05
679,,169.9646605999999,2026-05-28T08:39:50.107,2026-05-28T08:55:20.107,,multimetro,8.1821e-05
680,,170.21473930000002,2026-05-28T08:39:50.357,2026-05-28T08:55:20.357,,multimetro,8.0858e-05
681,,170.4647078999999,2026-05-28T08:39:50.609,2026-05-28T08:55:20.609,,multimetro,8.134e-05
336,,170.66759860000002,2026-05-28T08:39:50.807,2026-05-28T08:55:20.807,607.17,balanza,
337,Error Arduino: HX711 not found.,170.6907323999999,2026-05-28T08:39:50.835,2026-05-28T08:55:20.835,,balanza,
682,,170.71496609999986,2026-05-28T08:39:50.859,2026-05-28T08:55:20.859,,multimetro,8.1224e-05
683,,170.96477099999993,2026-05-28T08:39:51.107,2026-05-28T08:55:21.107,,multimetro,8.1507e-05
684,,171.21493769999984,2026-05-28T08:39:51.359,2026-05-28T08:55:21.359,,multimetro,8.1455e-05
685,,171.46468299999992,2026-05-28T08:39:51.609,2026-05-28T08:55:21.609,,multimetro,8.1361e-05
338,,171.6844148,2026-05-28T08:39:51.828,2026-05-28T08:55:21.828,607.11,balanza,
339,Error Arduino: HX711 not found.,171.7075918999999,2026-05-28T08:39:51.851,2026-05-28T08:55:21.851,,balanza,
686,,171.71485489999986,2026-05-28T08:39:51.858,2026-05-28T08:55:21.858,,multimetro,8.1811e-05
687,,171.9647012999999,2026-05-28T08:39:52.107,2026-05-28T08:55:22.107,,multimetro,8.291e-05
688,,172.21490189999986,2026-05-28T08:39:52.357,2026-05-28T08:55:22.357,,multimetro,8.2795e-05
689,,172.4647485999999,2026-05-28T08:39:52.609,2026-05-28T08:55:22.609,,multimetro,8.1298e-05
340,,172.70130729999983,2026-05-28T08:39:52.844,2026-05-28T08:55:22.844,607.21,balanza,
690,,172.71442409999986,2026-05-28T08:39:52.858,2026-05-28T08:55:22.858,,multimetro,8.1518e-05
341,Error Arduino: HX711 not found.,172.72460339999998,2026-05-28T08:39:52.864,2026-05-28T08:55:22.864,,balanza,
691,,172.96484399999986,2026-05-28T08:39:53.107,2026-05-28T08:55:23.107,,multimetro,8.2544e-05
692,,173.21459619999996,2026-05-28T08:39:53.359,2026-05-28T08:55:23.359,,multimetro,8.2638e-05
693,,173.46478939999997,2026-05-28T08:39:53.609,2026-05-28T08:55:23.609,,multimetro,8.2596e-05
694,,173.71528779999994,2026-05-28T08:39:53.851,2026-05-28T08:55:23.851,,multimetro,8.3067e-05
342,,173.71821679999994,2026-05-28T08:39:53.861,2026-05-28T08:55:23.861,607.13,balanza,
343,Error Arduino: HX711 not found.,173.74136239999984,2026-05-28T08:39:53.880,2026-05-28T08:55:23.880,,balanza,
695,,173.9647218,2026-05-28T08:39:54.109,2026-05-28T08:55:24.109,,multimetro,8.2449e-05
696,,174.21467469999993,2026-05-28T08:39:54.359,2026-05-28T08:55:24.359,,multimetro,8.2648e-05
697,,174.46508329999983,2026-05-28T08:39:54.609,2026-05-28T08:55:24.609,,multimetro,8.3339e-05
698,,174.71486589999995,2026-05-28T08:39:54.857,2026-05-28T08:55:24.857,,multimetro,8.3036e-05
344,,174.7350274999999,2026-05-28T08:39:54.873,2026-05-28T08:55:24.873,607.14,balanza,
345,Error Arduino: HX711 not found.,174.75807179999993,2026-05-28T08:39:54.898,2026-05-28T08:55:24.898,,balanza,
699,,174.96463689999996,2026-05-28T08:39:55.107,2026-05-28T08:55:25.107,,multimetro,8.3266e-05
700,,175.21483579999995,2026-05-28T08:39:55.357,2026-05-28T08:55:25.357,,multimetro,8.3685e-05
701,,175.46526369999992,2026-05-28T08:39:55.609,2026-05-28T08:55:25.609,,multimetro,8.3308e-05
702,,175.7149632999999,2026-05-28T08:39:55.859,2026-05-28T08:55:25.859,,multimetro,8.3381e-05
346,,175.75183399999992,2026-05-28T08:39:55.895,2026-05-28T08:55:25.895,607.13,balanza,
347,Error Arduino: HX711 not found.,175.7749758,2026-05-28T08:39:55.914,2026-05-28T08:55:25.914,,balanza,
703,,175.96480840000004,2026-05-28T08:39:56.109,2026-05-28T08:55:26.109,,multimetro,8.3465e-05
704,,176.21478060000004,2026-05-28T08:39:56.357,2026-05-28T08:55:26.357,,multimetro,8.3214e-05
705,,176.46475459999988,2026-05-28T08:39:56.607,2026-05-28T08:55:26.607,,multimetro,8.3632e-05
706,,176.7150334999999,2026-05-28T08:39:56.850,2026-05-28T08:55:26.850,,multimetro,8.3842e-05
348,,176.76861919999988,2026-05-28T08:39:56.907,2026-05-28T08:55:26.907,607.2,balanza,
349,Error Arduino: HX711 not found.,176.79170139999997,2026-05-28T08:39:56.936,2026-05-28T08:55:26.936,,balanza,
707,,176.96470780000004,2026-05-28T08:39:57.107,2026-05-28T08:55:27.107,,multimetro,8.3496e-05
708,,177.21517099999983,2026-05-28T08:39:57.358,2026-05-28T08:55:27.358,,multimetro,8.379e-05
709,,177.46485469999993,2026-05-28T08:39:57.607,2026-05-28T08:55:27.607,,multimetro,8.3957e-05
710,,177.71469079999997,2026-05-28T08:39:57.859,2026-05-28T08:55:27.859,,multimetro,8.3706e-05
350,,177.78563859999986,2026-05-28T08:39:57.930,2026-05-28T08:55:27.930,607.13,balanza,
351,Error Arduino: HX711 not found.,177.80881899999986,2026-05-28T08:39:57.947,2026-05-28T08:55:27.947,,balanza,
711,,177.9647998999999,2026-05-28T08:39:58.109,2026-05-28T08:55:28.109,,multimetro,8.4051e-05
712,,178.2146229,2026-05-28T08:39:58.357,2026-05-28T08:55:28.357,,multimetro,8.4104e-05
713,,178.46473889999993,2026-05-28T08:39:58.609,2026-05-28T08:55:28.609,,multimetro,8.3936e-05
714,,178.71492820000003,2026-05-28T08:39:58.859,2026-05-28T08:55:28.859,,multimetro,8.3988e-05
352,,178.80234240000004,2026-05-28T08:39:58.947,2026-05-28T08:55:28.947,607.17,balanza,
353,Error Arduino: HX711 not found.,178.8255385,2026-05-28T08:39:58.967,2026-05-28T08:55:28.967,,balanza,
715,,178.96463019999987,2026-05-28T08:39:59.106,2026-05-28T08:55:29.106,,multimetro,8.4041e-05
716,,179.2145696,2026-05-28T08:39:59.357,2026-05-28T08:55:29.357,,multimetro,8.3674e-05
717,,179.46464969999988,2026-05-28T08:39:59.607,2026-05-28T08:55:29.607,,multimetro,8.3873e-05
718,,179.7148995,2026-05-28T08:39:59.858,2026-05-28T08:55:29.858,,multimetro,8.4051e-05
354,,179.8191844999999,2026-05-28T08:39:59.963,2026-05-28T08:55:29.963,607.16,balanza,
355,Error Arduino: HX711 not found.,179.84238589999995,2026-05-28T08:39:59.980,2026-05-28T08:55:29.980,,balanza,
719,,179.9647241,2026-05-28T08:40:00.109,2026-05-28T08:55:30.109,,multimetro,8.38e-05
720,,180.21498509999992,2026-05-28T08:40:00.357,2026-05-28T08:55:30.357,,multimetro,8.4449e-05
721,,180.46477029999983,2026-05-28T08:40:00.609,2026-05-28T08:55:30.609,,multimetro,8.4062e-05
722,,180.7148454999999,2026-05-28T08:40:00.850,2026-05-28T08:55:30.850,,multimetro,8.3674e-05
356,,180.83588969999983,2026-05-28T08:40:00.980,2026-05-28T08:55:30.980,607.15,balanza,
357,Error Arduino: HX711 not found.,180.85922809999988,2026-05-28T08:40:01.000,2026-05-28T08:55:31.000,,balanza,
723,,180.96466499999997,2026-05-28T08:40:01.108,2026-05-28T08:55:31.108,,multimetro,8.3978e-05
724,,181.21490199999994,2026-05-28T08:40:01.357,2026-05-28T08:55:31.357,,multimetro,8.3915e-05
725,,181.46473360000005,2026-05-28T08:40:01.607,2026-05-28T08:55:31.607,,multimetro,8.3957e-05
726,,181.71466669999995,2026-05-28T08:40:01.858,2026-05-28T08:55:31.858,,multimetro,8.4229e-05
358,,181.85278949999997,2026-05-28T08:40:01.997,2026-05-28T08:55:31.997,607.17,balanza,
359,Error Arduino: HX711 not found.,181.87587140000005,2026-05-28T08:40:02.014,2026-05-28T08:55:32.014,,balanza,
727,,181.9648098,2026-05-28T08:40:02.107,2026-05-28T08:55:32.107,,multimetro,8.3821e-05
728,,182.21458549999988,2026-05-28T08:40:02.357,2026-05-28T08:55:32.357,,multimetro,8.3434e-05
729,,182.4646378,2026-05-28T08:40:02.607,2026-05-28T08:55:32.607,,multimetro,8.4114e-05
730,,182.7154106999999,2026-05-28T08:40:02.857,2026-05-28T08:55:32.857,,multimetro,8.3538e-05
360,,182.86945879999985,2026-05-28T08:40:03.013,2026-05-28T08:55:33.013,607.13,balanza,
361,Error Arduino: HX711 not found.,182.8925850999999,2026-05-28T08:40:03.036,2026-05-28T08:55:33.036,,balanza,
731,,182.96461019999992,2026-05-28T08:40:03.108,2026-05-28T08:55:33.108,,multimetro,8.3266e-05
732,,183.21508500000004,2026-05-28T08:40:03.357,2026-05-28T08:55:33.357,,multimetro,8.4114e-05
733,,183.4649227,2026-05-28T08:40:03.607,2026-05-28T08:55:33.607,,multimetro,8.3559e-05
734,,183.71488839999984,2026-05-28T08:40:03.857,2026-05-28T08:55:33.857,,multimetro,8.3737e-05
362,,183.8862655999999,2026-05-28T08:40:04.030,2026-05-28T08:55:34.030,607.14,balanza,
363,Error Arduino: HX711 not found.,183.9093863999999,2026-05-28T08:40:04.047,2026-05-28T08:55:34.047,,balanza,
735,,183.964923,2026-05-28T08:40:04.107,2026-05-28T08:55:34.107,,multimetro,8.4271e-05
736,,184.21474179999996,2026-05-28T08:40:04.357,2026-05-28T08:55:34.357,,multimetro,8.3863e-05
737,,184.46522319999985,2026-05-28T08:40:04.607,2026-05-28T08:55:34.607,,multimetro,8.3601e-05
738,,184.7146525999999,2026-05-28T08:40:04.858,2026-05-28T08:55:34.858,,multimetro,8.3475e-05
364,,184.90293769999994,2026-05-28T08:40:05.046,2026-05-28T08:55:35.046,607.14,balanza,
365,Error Arduino: HX711 not found.,184.92616959999987,2026-05-28T08:40:05.064,2026-05-28T08:55:35.064,,balanza,
739,,184.9703027999999,2026-05-28T08:40:05.114,2026-05-28T08:55:35.114,,multimetro,8.3643e-05
740,,185.21497639999984,2026-05-28T08:40:05.357,2026-05-28T08:55:35.357,,multimetro,8.3507e-05
741,,185.46470099999988,2026-05-28T08:40:05.608,2026-05-28T08:55:35.608,,multimetro,8.3559e-05
742,,185.71483489999991,2026-05-28T08:40:05.857,2026-05-28T08:55:35.857,,multimetro,8.3748e-05
366,,185.91961979999996,2026-05-28T08:40:06.064,2026-05-28T08:55:36.064,607.13,balanza,
367,Error Arduino: HX711 not found.,185.94276969999987,2026-05-28T08:40:06.087,2026-05-28T08:55:36.087,,balanza,
743,,185.9646419999999,2026-05-28T08:40:06.108,2026-05-28T08:55:36.108,,multimetro,8.3727e-05
744,,186.21482459999993,2026-05-28T08:40:06.357,2026-05-28T08:55:36.357,,multimetro,8.3748e-05
745,,186.4646447,2026-05-28T08:40:06.607,2026-05-28T08:55:36.607,,multimetro,8.3727e-05
746,,186.71448309999982,2026-05-28T08:40:06.859,2026-05-28T08:55:36.859,,multimetro,8.3612e-05
368,,186.93639299999995,2026-05-28T08:40:07.080,2026-05-28T08:55:37.080,607.15,balanza,
369,Error Arduino: HX711 not found.,186.95970549999993,2026-05-28T08:40:07.098,2026-05-28T08:55:37.098,,balanza,
747,,186.96482100000003,2026-05-28T08:40:07.108,2026-05-28T08:55:37.108,,multimetro,8.3381e-05
748,,187.21494099999995,2026-05-28T08:40:07.357,2026-05-28T08:55:37.357,,multimetro,8.3873e-05
749,,187.46459019999998,2026-05-28T08:40:07.607,2026-05-28T08:55:37.607,,multimetro,8.3758e-05
750,,187.71487219999995,2026-05-28T08:40:07.857,2026-05-28T08:55:37.857,,multimetro,8.3769e-05
370,,187.95325549999984,2026-05-28T08:40:08.097,2026-05-28T08:55:38.097,607.15,balanza,
751,,187.96464760000003,2026-05-28T08:40:08.107,2026-05-28T08:55:38.107,,multimetro,8.402e-05
371,Error Arduino: HX711 not found.,187.9763739,2026-05-28T08:40:08.114,2026-05-28T08:55:38.114,,balanza,
752,,188.2146155999999,2026-05-28T08:40:08.357,2026-05-28T08:55:38.357,,multimetro,8.3842e-05
753,,188.46473360000005,2026-05-28T08:40:08.608,2026-05-28T08:55:38.608,,multimetro,8.379e-05
754,,188.71461709999994,2026-05-28T08:40:08.859,2026-05-28T08:55:38.859,,multimetro,8.3936e-05
755,,188.96494269999994,2026-05-28T08:40:09.109,2026-05-28T08:55:39.109,,multimetro,8.379e-05
372,,188.9700284999999,2026-05-28T08:40:09.114,2026-05-28T08:55:39.114,607.14,balanza,
373,,188.98329599999988,2026-05-28T08:40:09.127,2026-05-28T08:55:39.127,607.14,balanza,
374,Error Arduino: HX711 not found.,189.00644869999996,2026-05-28T08:40:09.147,2026-05-28T08:55:39.147,,balanza,
756,,189.21464449999985,2026-05-28T08:40:09.359,2026-05-28T08:55:39.359,,multimetro,8.3769e-05
757,,189.46457999999984,2026-05-28T08:40:09.607,2026-05-28T08:55:39.607,,multimetro,8.3821e-05
758,,189.71489899999983,2026-05-28T08:40:09.859,2026-05-28T08:55:39.859,,multimetro,8.3831e-05
759,,189.9647531999999,2026-05-28T08:40:10.108,2026-05-28T08:55:40.108,,multimetro,8.3884e-05
375,,190.00007540000001,2026-05-28T08:40:10.143,2026-05-28T08:55:40.143,607.15,balanza,
