ind_hp,error_hp,voltaje_V,t_hp,fecha_hora_corregida_hp,fecha_hora_pc_hp,sensor_hp,tiempo_s,ind_bal,error_bal,t_bal,fecha_hora_corregida_bal,fecha_hora_pc_bal,masa_g,sensor_bal,delta_t_s
0,,9.0501e-05,0.41541319999987536,2026-05-28T08:37:00.551,2026-05-28T08:52:30.551,multimetro,0.41541319999987536,,,,,,,,
1,,8.9946e-05,0.6316630999999688,2026-05-28T08:37:00.775,2026-05-28T08:52:30.775,multimetro,0.6316630999999688,,,,,,,,
2,,8.9412e-05,0.8468659000000116,2026-05-28T08:37:00.991,2026-05-28T08:52:30.991,multimetro,0.8468659000000116,,,,,,,,
3,,8.9946e-05,1.0619891999999709,2026-05-28T08:37:01.206,2026-05-28T08:52:31.206,multimetro,1.0619891999999709,0.0,Error Arduino: HX711 not found.,1.8640255000000252,2026-05-28T08:37:02.004,2026-05-28T08:52:32.004,,balanza,0.8020363000000543
4,,9.0783e-05,1.2768354999998337,2026-05-28T08:37:01.414,2026-05-28T08:52:31.414,multimetro,1.2768354999998337,0.0,Error Arduino: HX711 not found.,1.8640255000000252,2026-05-28T08:37:02.004,2026-05-28T08:52:32.004,,balanza,0.5871900000001915
5,,9.0375e-05,1.4918724999999995,2026-05-28T08:37:01.636,2026-05-28T08:52:31.636,multimetro,1.4918724999999995,0.0,Error Arduino: HX711 not found.,1.8640255000000252,2026-05-28T08:37:02.004,2026-05-28T08:52:32.004,,balanza,0.3721530000000257
6,,8.9537e-05,1.7151745999999548,2026-05-28T08:37:01.853,2026-05-28T08:52:31.853,multimetro,1.7151745999999548,0.0,Error Arduino: HX711 not found.,1.8640255000000252,2026-05-28T08:37:02.004,2026-05-28T08:52:32.004,,balanza,0.1488509000000704
7,,8.9234e-05,1.9649737999998251,2026-05-28T08:37:02.109,2026-05-28T08:52:32.109,multimetro,1.9649737999998251,0.0,Error Arduino: HX711 not found.,1.8640255000000252,2026-05-28T08:37:02.004,2026-05-28T08:52:32.004,,balanza,-0.10094829999979993
8,,9.0134e-05,2.214608300000009,2026-05-28T08:37:02.351,2026-05-28T08:52:32.351,multimetro,2.214608300000009,0.0,Error Arduino: HX711 not found.,1.8640255000000252,2026-05-28T08:37:02.004,2026-05-28T08:52:32.004,,balanza,-0.35058279999998376
9,,9.0312e-05,2.465041799999881,2026-05-28T08:37:02.609,2026-05-28T08:52:32.609,multimetro,2.465041799999881,1.0,,2.8564440000000104,2026-05-28T08:37:02.997,2026-05-28T08:52:32.997,-0.04,balanza,0.3914022000001296
10,,8.9611e-05,2.715171099999907,2026-05-28T08:37:02.851,2026-05-28T08:52:32.851,multimetro,2.715171099999907,1.0,,2.8564440000000104,2026-05-28T08:37:02.997,2026-05-28T08:52:32.997,-0.04,balanza,0.14127290000010362
11,,8.8993e-05,2.964835699999867,2026-05-28T08:37:03.109,2026-05-28T08:52:33.109,multimetro,2.964835699999867,2.0,Error Arduino: HX711 not found.,2.8796096999999463,2026-05-28T08:37:03.018,2026-05-28T08:52:33.018,,balanza,-0.08522599999992053
12,,8.9841e-05,3.2146095999999034,2026-05-28T08:37:03.351,2026-05-28T08:52:33.351,multimetro,3.2146095999999034,2.0,Error Arduino: HX711 not found.,2.8796096999999463,2026-05-28T08:37:03.018,2026-05-28T08:52:33.018,,balanza,-0.33499989999995705
13,,9.0092e-05,3.4648545000000013,2026-05-28T08:37:03.609,2026-05-28T08:52:33.609,multimetro,3.4648545000000013,3.0,,3.87194559999989,2026-05-28T08:37:04.014,2026-05-28T08:52:34.014,-0.06,balanza,0.4070910999998887
14,,9.0302e-05,3.714539299999842,2026-05-28T08:37:03.851,2026-05-28T08:52:33.851,multimetro,3.714539299999842,3.0,,3.87194559999989,2026-05-28T08:37:04.014,2026-05-28T08:52:34.014,-0.06,balanza,0.15740630000004785
15,,8.8344e-05,3.9646864999999707,2026-05-28T08:37:04.100,2026-05-28T08:52:34.100,multimetro,3.9646864999999707,4.0,Error Arduino: HX711 not found.,3.8950367999998434,2026-05-28T08:37:04.031,2026-05-28T08:52:34.031,,balanza,-0.06964970000012727
16,,9.1066e-05,4.214634799999885,2026-05-28T08:37:04.357,2026-05-28T08:52:34.357,multimetro,4.214634799999885,4.0,Error Arduino: HX711 not found.,3.8950367999998434,2026-05-28T08:37:04.031,2026-05-28T08:52:34.031,,balanza,-0.3195980000000418
17,,9.0124e-05,4.465208699999948,2026-05-28T08:37:04.601,2026-05-28T08:52:34.601,multimetro,4.465208699999948,5.0,,4.887544700000035,2026-05-28T08:37:05.031,2026-05-28T08:52:35.031,-0.05,balanza,0.42233600000008664
18,,8.9359e-05,4.715032199999996,2026-05-28T08:37:04.858,2026-05-28T08:52:34.858,multimetro,4.715032199999996,5.0,,4.887544700000035,2026-05-28T08:37:05.031,2026-05-28T08:52:35.031,-0.05,balanza,0.17251250000003893
19,,8.9412e-05,4.964562399999977,2026-05-28T08:37:05.108,2026-05-28T08:52:35.108,multimetro,4.964562399999977,6.0,Error Arduino: HX711 not found.,4.910820599999852,2026-05-28T08:37:05.047,2026-05-28T08:52:35.047,,balanza,-0.053741800000125295
20,,9.0134e-05,5.214927499999931,2026-05-28T08:37:05.358,2026-05-28T08:52:35.358,multimetro,5.214927499999931,6.0,Error Arduino: HX711 not found.,4.910820599999852,2026-05-28T08:37:05.047,2026-05-28T08:52:35.047,,balanza,-0.3041069000000789
21,,8.9632e-05,5.4646298000000115,2026-05-28T08:37:05.608,2026-05-28T08:52:35.608,multimetro,5.4646298000000115,7.0,,5.903147900000022,2026-05-28T08:37:06.048,2026-05-28T08:52:36.048,-0.04,balanza,0.43851810000001024
22,,8.982e-05,5.714871700000003,2026-05-28T08:37:05.859,2026-05-28T08:52:35.859,multimetro,5.714871700000003,7.0,,5.903147900000022,2026-05-28T08:37:06.048,2026-05-28T08:52:36.048,-0.04,balanza,0.18827620000001843
23,,8.9632e-05,5.964722100000017,2026-05-28T08:37:06.108,2026-05-28T08:52:36.108,multimetro,5.964722100000017,8.0,Error Arduino: HX711 not found.,5.926257999999962,2026-05-28T08:37:06.064,2026-05-28T08:52:36.064,,balanza,-0.03846410000005562
24,,8.9611e-05,6.214798499999915,2026-05-28T08:37:06.359,2026-05-28T08:52:36.359,multimetro,6.214798499999915,8.0,Error Arduino: HX711 not found.,5.926257999999962,2026-05-28T08:37:06.064,2026-05-28T08:52:36.064,,balanza,-0.2885404999999537
25,,9.0291e-05,6.464771199999859,2026-05-28T08:37:06.608,2026-05-28T08:52:36.608,multimetro,6.464771199999859,9.0,,6.918760300000031,2026-05-28T08:37:07.057,2026-05-28T08:52:37.057,-0.03,balanza,0.4539891000001717
26,,9.0417e-05,6.7148394999999255,2026-05-28T08:37:06.858,2026-05-28T08:52:36.858,multimetro,6.7148394999999255,9.0,,6.918760300000031,2026-05-28T08:37:07.057,2026-05-28T08:52:37.057,-0.03,balanza,0.20392080000010537
27,,8.9883e-05,6.964990999999827,2026-05-28T08:37:07.109,2026-05-28T08:52:37.109,multimetro,6.964990999999827,10.0,Error Arduino: HX711 not found.,6.942018999999846,2026-05-28T08:37:07.081,2026-05-28T08:52:37.081,,balanza,-0.022971999999981563
28,,8.9747e-05,7.2147869000000355,2026-05-28T08:37:07.352,2026-05-28T08:52:37.352,multimetro,7.2147869000000355,10.0,Error Arduino: HX711 not found.,6.942018999999846,2026-05-28T08:37:07.081,2026-05-28T08:52:37.081,,balanza,-0.2727679000001899
29,,8.9946e-05,7.464557199999945,2026-05-28T08:37:07.609,2026-05-28T08:52:37.609,multimetro,7.464557199999945,11.0,,7.9343366000000515,2026-05-28T08:37:08.074,2026-05-28T08:52:38.074,-0.02,balanza,0.46977940000010676
30,,8.9694e-05,7.714716499999895,2026-05-28T08:37:07.859,2026-05-28T08:52:37.859,multimetro,7.714716499999895,11.0,,7.9343366000000515,2026-05-28T08:37:08.074,2026-05-28T08:52:38.074,-0.02,balanza,0.21962010000015653
31,,8.981e-05,7.964635199999975,2026-05-28T08:37:08.109,2026-05-28T08:52:38.109,multimetro,7.964635199999975,12.0,Error Arduino: HX711 not found.,7.957360599999902,2026-05-28T08:37:08.102,2026-05-28T08:52:38.102,,balanza,-0.007274600000073406
32,,8.9663e-05,8.214761100000032,2026-05-28T08:37:08.358,2026-05-28T08:52:38.358,multimetro,8.214761100000032,12.0,Error Arduino: HX711 not found.,7.957360599999902,2026-05-28T08:37:08.102,2026-05-28T08:52:38.102,,balanza,-0.2574005000001307
33,,8.937e-05,8.464586199999985,2026-05-28T08:37:08.608,2026-05-28T08:52:38.608,multimetro,8.464586199999985,13.0,,8.949014999999918,2026-05-28T08:37:09.093,2026-05-28T08:52:39.093,0.01,balanza,0.4844287999999324
34,,8.9349e-05,8.715016200000036,2026-05-28T08:37:08.858,2026-05-28T08:52:38.858,multimetro,8.715016200000036,13.0,,8.949014999999918,2026-05-28T08:37:09.093,2026-05-28T08:52:39.093,0.01,balanza,0.23399879999988116
35,,8.9778e-05,8.96472649999987,2026-05-28T08:37:09.108,2026-05-28T08:52:39.108,multimetro,8.96472649999987,14.0,Error Arduino: HX711 not found.,8.972136500000033,2026-05-28T08:37:09.114,2026-05-28T08:52:39.114,,balanza,0.0074100000001635635
36,,8.9401e-05,9.214613699999973,2026-05-28T08:37:09.357,2026-05-28T08:52:39.357,multimetro,9.214613699999973,14.0,Error Arduino: HX711 not found.,8.972136500000033,2026-05-28T08:37:09.114,2026-05-28T08:52:39.114,,balanza,-0.24247719999993933
37,,8.9831e-05,9.464638599999944,2026-05-28T08:37:09.607,2026-05-28T08:52:39.607,multimetro,9.464638599999944,14.0,Error Arduino: HX711 not found.,8.972136500000033,2026-05-28T08:37:09.114,2026-05-28T08:52:39.114,,balanza,-0.49250209999991057
38,,8.9705e-05,9.714590000000044,2026-05-28T08:37:09.859,2026-05-28T08:52:39.859,multimetro,9.714590000000044,15.0,,9.963633200000004,2026-05-28T08:37:10.107,2026-05-28T08:52:40.107,0.07,balanza,0.24904319999996005
39,,8.9527e-05,9.965085699999918,2026-05-28T08:37:10.109,2026-05-28T08:52:40.109,multimetro,9.965085699999918,15.0,,9.963633200000004,2026-05-28T08:37:10.107,2026-05-28T08:52:40.107,0.07,balanza,-0.0014524999999139254
40,,8.9318e-05,10.21466220000002,2026-05-28T08:37:10.358,2026-05-28T08:52:40.358,multimetro,10.21466220000002,16.0,Error Arduino: HX711 not found.,9.986694299999954,2026-05-28T08:37:10.131,2026-05-28T08:52:40.131,,balanza,-0.22796790000006695
41,,8.9715e-05,10.464759999999842,2026-05-28T08:37:10.609,2026-05-28T08:52:40.609,multimetro,10.464759999999842,16.0,Error Arduino: HX711 not found.,9.986694299999954,2026-05-28T08:37:10.131,2026-05-28T08:52:40.131,,balanza,-0.47806569999988824
42,,8.9946e-05,10.714893500000017,2026-05-28T08:37:10.859,2026-05-28T08:52:40.859,multimetro,10.714893500000017,17.0,,10.97827889999985,2026-05-28T08:37:11.114,2026-05-28T08:52:41.114,0.0,balanza,0.2633853999998337
43,,8.9056e-05,10.964723699999922,2026-05-28T08:37:11.108,2026-05-28T08:52:41.108,multimetro,10.964723699999922,17.0,,10.97827889999985,2026-05-28T08:37:11.114,2026-05-28T08:52:41.114,0.0,balanza,0.013555199999927936
44,,8.9223e-05,11.214752399999952,2026-05-28T08:37:11.359,2026-05-28T08:52:41.359,multimetro,11.214752399999952,18.0,Error Arduino: HX711 not found.,11.001444099999844,2026-05-28T08:37:11.145,2026-05-28T08:52:41.145,,balanza,-0.21330830000010792
45,,8.938e-05,11.464929699999857,2026-05-28T08:37:11.609,2026-05-28T08:52:41.609,multimetro,11.464929699999857,18.0,Error Arduino: HX711 not found.,11.001444099999844,2026-05-28T08:37:11.145,2026-05-28T08:52:41.145,,balanza,-0.4634856000000127
46,,8.9663e-05,11.715109499999926,2026-05-28T08:37:11.859,2026-05-28T08:52:41.859,multimetro,11.715109499999926,19.0,,11.99381429999994,2026-05-28T08:37:12.131,2026-05-28T08:52:42.131,-0.02,balanza,0.2787048000000141
47,,8.9286e-05,11.964826299999913,2026-05-28T08:37:12.109,2026-05-28T08:52:42.109,multimetro,11.964826299999913,19.0,,11.99381429999994,2026-05-28T08:37:12.131,2026-05-28T08:52:42.131,-0.02,balanza,0.02898800000002666
48,,8.8867e-05,12.214723499999991,2026-05-28T08:37:12.359,2026-05-28T08:52:42.359,multimetro,12.214723499999991,20.0,Error Arduino: HX711 not found.,12.016899599999988,2026-05-28T08:37:12.161,2026-05-28T08:52:42.161,,balanza,-0.19782390000000305
49,,8.9255e-05,12.464875799999845,2026-05-28T08:37:12.609,2026-05-28T08:52:42.609,multimetro,12.464875799999845,20.0,Error Arduino: HX711 not found.,12.016899599999988,2026-05-28T08:37:12.161,2026-05-28T08:52:42.161,,balanza,-0.44797619999985727
50,,8.9569e-05,12.714626199999884,2026-05-28T08:37:12.859,2026-05-28T08:52:42.859,multimetro,12.714626199999884,21.0,,13.009459200000038,2026-05-28T08:37:13.153,2026-05-28T08:52:43.153,-0.01,balanza,0.29483300000015333
51,,8.9548e-05,12.965103499999941,2026-05-28T08:37:13.109,2026-05-28T08:52:43.109,multimetro,12.965103499999941,21.0,,13.009459200000038,2026-05-28T08:37:13.153,2026-05-28T08:52:43.153,-0.01,balanza,0.044355700000096476
52,,8.9014e-05,13.214502999999922,2026-05-28T08:37:13.358,2026-05-28T08:52:43.358,multimetro,13.214502999999922,23.0,Error Arduino: HX711 not found.,13.044646199999988,2026-05-28T08:37:13.189,2026-05-28T08:52:43.189,,balanza,-0.16985679999993408
53,,8.9119e-05,13.465048600000046,2026-05-28T08:37:13.609,2026-05-28T08:52:43.609,multimetro,13.465048600000046,23.0,Error Arduino: HX711 not found.,13.044646199999988,2026-05-28T08:37:13.189,2026-05-28T08:52:43.189,,balanza,-0.42040240000005724
54,,8.9653e-05,13.715149399999973,2026-05-28T08:37:13.859,2026-05-28T08:52:43.859,multimetro,13.715149399999973,24.0,,14.037194900000031,2026-05-28T08:37:14.181,2026-05-28T08:52:44.181,46.49,balanza,0.3220455000000584
55,,8.9548e-05,13.964594999999917,2026-05-28T08:37:14.108,2026-05-28T08:52:44.108,multimetro,13.964594999999917,24.0,,14.037194900000031,2026-05-28T08:37:14.181,2026-05-28T08:52:44.181,46.49,balanza,0.07259990000011385
56,,8.893e-05,14.214787599999909,2026-05-28T08:37:14.358,2026-05-28T08:52:44.358,multimetro,14.214787599999909,25.0,Error Arduino: HX711 not found.,14.060335399999985,2026-05-28T08:37:14.199,2026-05-28T08:52:44.199,,balanza,-0.15445219999992332
57,,8.8951e-05,14.464618199999904,2026-05-28T08:37:14.608,2026-05-28T08:52:44.608,multimetro,14.464618199999904,25.0,Error Arduino: HX711 not found.,14.060335399999985,2026-05-28T08:37:14.199,2026-05-28T08:52:44.199,,balanza,-0.404282799999919
58,,8.9328e-05,14.714766899999859,2026-05-28T08:37:14.859,2026-05-28T08:52:44.859,multimetro,14.714766899999859,26.0,,15.052816399999983,2026-05-28T08:37:15.197,2026-05-28T08:52:45.197,48.62,balanza,0.3380495000001247
59,,8.9475e-05,14.964486800000032,2026-05-28T08:37:15.107,2026-05-28T08:52:45.107,multimetro,14.964486800000032,26.0,,15.052816399999983,2026-05-28T08:37:15.197,2026-05-28T08:52:45.197,48.62,balanza,0.08832959999995182
60,,8.892e-05,15.214728899999955,2026-05-28T08:37:15.357,2026-05-28T08:52:45.357,multimetro,15.214728899999955,27.0,Error Arduino: HX711 not found.,15.075980299999856,2026-05-28T08:37:15.214,2026-05-28T08:52:45.214,,balanza,-0.13874860000009903
61,,8.8606e-05,15.46488290000002,2026-05-28T08:37:15.607,2026-05-28T08:52:45.607,multimetro,15.46488290000002,27.0,Error Arduino: HX711 not found.,15.075980299999856,2026-05-28T08:37:15.214,2026-05-28T08:52:45.214,,balanza,-0.38890260000016497
62,,8.9328e-05,15.716220799999974,2026-05-28T08:37:15.857,2026-05-28T08:52:45.857,multimetro,15.716220799999974,28.0,,16.068411999999853,2026-05-28T08:37:16.206,2026-05-28T08:52:46.206,-0.07,balanza,0.35219119999987925
63,,8.9475e-05,15.965195900000026,2026-05-28T08:37:16.109,2026-05-28T08:52:46.109,multimetro,15.965195900000026,28.0,,16.068411999999853,2026-05-28T08:37:16.206,2026-05-28T08:52:46.206,-0.07,balanza,0.10321609999982684
64,,8.9297e-05,16.214883699999973,2026-05-28T08:37:16.358,2026-05-28T08:52:46.358,multimetro,16.214883699999973,29.0,Error Arduino: HX711 not found.,16.091785200000004,2026-05-28T08:37:16.232,2026-05-28T08:52:46.232,,balanza,-0.12309849999996914
65,,8.8564e-05,16.46458779999989,2026-05-28T08:37:16.605,2026-05-28T08:52:46.605,multimetro,16.46458779999989,29.0,Error Arduino: HX711 not found.,16.091785200000004,2026-05-28T08:37:16.232,2026-05-28T08:52:46.232,,balanza,-0.3728025999998863
66,,8.8993e-05,16.71478060000004,2026-05-28T08:37:16.857,2026-05-28T08:52:46.857,multimetro,16.71478060000004,30.0,,17.083858599999985,2026-05-28T08:37:17.224,2026-05-28T08:52:47.224,-0.07,balanza,0.36907799999994495
67,,8.9946e-05,16.964848399999937,2026-05-28T08:37:17.107,2026-05-28T08:52:47.107,multimetro,16.964848399999937,30.0,,17.083858599999985,2026-05-28T08:37:17.224,2026-05-28T08:52:47.224,-0.07,balanza,0.11901020000004792
68,,8.981e-05,17.214819599999828,2026-05-28T08:37:17.357,2026-05-28T08:52:47.357,multimetro,17.214819599999828,31.0,Error Arduino: HX711 not found.,17.10714199999984,2026-05-28T08:37:17.248,2026-05-28T08:52:47.248,,balanza,-0.10767759999998816
69,,8.8658e-05,17.464635699999917,2026-05-28T08:37:17.608,2026-05-28T08:52:47.608,multimetro,17.464635699999917,31.0,Error Arduino: HX711 not found.,17.10714199999984,2026-05-28T08:37:17.248,2026-05-28T08:52:47.248,,balanza,-0.3574937000000773
70,,8.848e-05,17.73384629999987,2026-05-28T08:37:17.878,2026-05-28T08:52:47.878,multimetro,17.73384629999987,32.0,,18.0995132999999,2026-05-28T08:37:18.241,2026-05-28T08:52:48.241,-0.02,balanza,0.3656670000000304
71,,8.9265e-05,17.965084400000023,2026-05-28T08:37:18.108,2026-05-28T08:52:48.108,multimetro,17.965084400000023,32.0,,18.0995132999999,2026-05-28T08:37:18.241,2026-05-28T08:52:48.241,-0.02,balanza,0.13442889999987528
72,,8.9255e-05,18.21462489999999,2026-05-28T08:37:18.359,2026-05-28T08:52:48.359,multimetro,18.21462489999999,33.0,Error Arduino: HX711 not found.,18.122702899999922,2026-05-28T08:37:18.264,2026-05-28T08:52:48.264,,balanza,-0.09192200000006778
73,,8.8668e-05,18.46505520000005,2026-05-28T08:37:18.609,2026-05-28T08:52:48.609,multimetro,18.46505520000005,33.0,Error Arduino: HX711 not found.,18.122702899999922,2026-05-28T08:37:18.264,2026-05-28T08:52:48.264,,balanza,-0.3423523000001296
74,,8.8333e-05,18.7147152,2026-05-28T08:37:18.859,2026-05-28T08:52:48.859,multimetro,18.7147152,34.0,,19.11516659999984,2026-05-28T08:37:19.257,2026-05-28T08:52:49.257,-0.02,balanza,0.40045139999983803
75,,8.9024e-05,18.965059699999983,2026-05-28T08:37:19.109,2026-05-28T08:52:49.109,multimetro,18.965059699999983,34.0,,19.11516659999984,2026-05-28T08:37:19.257,2026-05-28T08:52:49.257,-0.02,balanza,0.15010689999985516
76,,8.9202e-05,19.214577399999826,2026-05-28T08:37:19.357,2026-05-28T08:52:49.357,multimetro,19.214577399999826,35.0,Error Arduino: HX711 not found.,19.138250799999923,2026-05-28T08:37:19.282,2026-05-28T08:52:49.282,,balanza,-0.0763265999999021
77,,8.8784e-05,19.46491919999994,2026-05-28T08:37:19.601,2026-05-28T08:52:49.601,multimetro,19.46491919999994,35.0,Error Arduino: HX711 not found.,19.138250799999923,2026-05-28T08:37:19.282,2026-05-28T08:52:49.282,,balanza,-0.32666840000001685
78,,8.8103e-05,19.714668200000006,2026-05-28T08:37:19.857,2026-05-28T08:52:49.857,multimetro,19.714668200000006,36.0,,20.130838399999902,2026-05-28T08:37:20.274,2026-05-28T08:52:50.274,-0.08,balanza,0.4161701999998968
79,,8.8836e-05,19.9648866,2026-05-28T08:37:20.104,2026-05-28T08:52:50.104,multimetro,19.9648866,36.0,,20.130838399999902,2026-05-28T08:37:20.274,2026-05-28T08:52:50.274,-0.08,balanza,0.1659517999999025
80,,8.9318e-05,20.21451409999986,2026-05-28T08:37:20.357,2026-05-28T08:52:50.357,multimetro,20.21451409999986,37.0,Error Arduino: HX711 not found.,20.154068499999994,2026-05-28T08:37:20.298,2026-05-28T08:52:50.298,,balanza,-0.06044559999986632
81,,8.9024e-05,20.464852099999916,2026-05-28T08:37:20.608,2026-05-28T08:52:50.608,multimetro,20.464852099999916,37.0,Error Arduino: HX711 not found.,20.154068499999994,2026-05-28T08:37:20.298,2026-05-28T08:52:50.298,,balanza,-0.31078359999992244
82,,8.7998e-05,20.71516039999983,2026-05-28T08:37:20.859,2026-05-28T08:52:50.859,multimetro,20.71516039999983,38.0,,21.146346699999867,2026-05-28T08:37:21.291,2026-05-28T08:52:51.291,-0.03,balanza,0.43118630000003577
83,,8.804e-05,20.964606399999866,2026-05-28T08:37:21.108,2026-05-28T08:52:51.108,multimetro,20.964606399999866,38.0,,21.146346699999867,2026-05-28T08:37:21.291,2026-05-28T08:52:51.291,-0.03,balanza,0.1817403000000013
84,,8.9024e-05,21.214790399999856,2026-05-28T08:37:21.358,2026-05-28T08:52:51.358,multimetro,21.214790399999856,39.0,Error Arduino: HX711 not found.,21.169378099999903,2026-05-28T08:37:21.314,2026-05-28T08:52:51.314,,balanza,-0.045412299999952666
85,,8.9213e-05,21.464913199999955,2026-05-28T08:37:21.609,2026-05-28T08:52:51.609,multimetro,21.464913199999955,39.0,Error Arduino: HX711 not found.,21.169378099999903,2026-05-28T08:37:21.314,2026-05-28T08:52:51.314,,balanza,-0.2955351000000519
86,,8.8302e-05,21.71492739999985,2026-05-28T08:37:21.858,2026-05-28T08:52:51.858,multimetro,21.71492739999985,40.0,,22.161976200000026,2026-05-28T08:37:22.298,2026-05-28T08:52:52.298,-0.02,balanza,0.4470488000001751
87,,8.7799e-05,21.96481670000003,2026-05-28T08:37:22.109,2026-05-28T08:52:52.109,multimetro,21.96481670000003,40.0,,22.161976200000026,2026-05-28T08:37:22.298,2026-05-28T08:52:52.298,-0.02,balanza,0.19715949999999793
88,,8.8606e-05,22.214862899999844,2026-05-28T08:37:22.358,2026-05-28T08:52:52.358,multimetro,22.214862899999844,41.0,Error Arduino: HX711 not found.,22.185150199999953,2026-05-28T08:37:22.324,2026-05-28T08:52:52.324,,balanza,-0.0297126999998909
89,,8.9014e-05,22.46517289999997,2026-05-28T08:37:22.609,2026-05-28T08:52:52.609,multimetro,22.46517289999997,41.0,Error Arduino: HX711 not found.,22.185150199999953,2026-05-28T08:37:22.324,2026-05-28T08:52:52.324,,balanza,-0.2800227000000177
90,,8.8501e-05,22.714962000000014,2026-05-28T08:37:22.859,2026-05-28T08:52:52.859,multimetro,22.714962000000014,42.0,,23.177518999999847,2026-05-28T08:37:23.316,2026-05-28T08:52:53.316,-0.03,balanza,0.46255699999983335
91,,8.8239e-05,22.964914399999998,2026-05-28T08:37:23.100,2026-05-28T08:52:53.100,multimetro,22.964914399999998,42.0,,23.177518999999847,2026-05-28T08:37:23.316,2026-05-28T08:52:53.316,-0.03,balanza,0.2126045999998496
92,,8.8752e-05,23.21489120000001,2026-05-28T08:37:23.357,2026-05-28T08:52:53.357,multimetro,23.21489120000001,43.0,Error Arduino: HX711 not found.,23.200873099999853,2026-05-28T08:37:23.345,2026-05-28T08:52:53.345,,balanza,-0.014018100000157574
93,,8.8941e-05,23.464699899999914,2026-05-28T08:37:23.601,2026-05-28T08:52:53.601,multimetro,23.464699899999914,43.0,Error Arduino: HX711 not found.,23.200873099999853,2026-05-28T08:37:23.345,2026-05-28T08:52:53.345,,balanza,-0.26382680000006076
94,,8.8637e-05,23.714700099999845,2026-05-28T08:37:23.857,2026-05-28T08:52:53.857,multimetro,23.714700099999845,44.0,,24.193232500000022,2026-05-28T08:37:24.331,2026-05-28T08:52:54.331,-0.05,balanza,0.4785324000001765
95,,8.804e-05,23.965038899999854,2026-05-28T08:37:24.108,2026-05-28T08:52:54.108,multimetro,23.965038899999854,44.0,,24.193232500000022,2026-05-28T08:37:24.331,2026-05-28T08:52:54.331,-0.05,balanza,0.22819360000016786
96,,8.8637e-05,24.21455939999987,2026-05-28T08:37:24.359,2026-05-28T08:52:54.359,multimetro,24.21455939999987,45.0,Error Arduino: HX711 not found.,24.216348400000015,2026-05-28T08:37:24.360,2026-05-28T08:52:54.360,,balanza,0.0017890000001443696
97,,8.9087e-05,24.464651799999956,2026-05-28T08:37:24.607,2026-05-28T08:52:54.607,multimetro,24.464651799999956,45.0,Error Arduino: HX711 not found.,24.216348400000015,2026-05-28T08:37:24.360,2026-05-28T08:52:54.360,,balanza,-0.24830339999994067
98,,8.8784e-05,24.715114200000016,2026-05-28T08:37:24.858,2026-05-28T08:52:54.858,multimetro,24.715114200000016,46.0,,25.210053499999958,2026-05-28T08:37:25.354,2026-05-28T08:52:55.354,432.67,balanza,0.4949392999999418
99,,8.8312e-05,24.96505819999993,2026-05-28T08:37:25.109,2026-05-28T08:52:55.109,multimetro,24.96505819999993,46.0,,25.210053499999958,2026-05-28T08:37:25.354,2026-05-28T08:52:55.354,432.67,balanza,0.24499530000002778
100,,8.8386e-05,25.214811399999917,2026-05-28T08:37:25.359,2026-05-28T08:52:55.359,multimetro,25.214811399999917,46.0,,25.210053499999958,2026-05-28T08:37:25.354,2026-05-28T08:52:55.354,432.67,balanza,-0.004757899999958681
101,,8.871e-05,25.464770999999928,2026-05-28T08:37:25.608,2026-05-28T08:52:55.608,multimetro,25.464770999999928,47.0,Error Arduino: HX711 not found.,25.23321039999996,2026-05-28T08:37:25.374,2026-05-28T08:52:55.374,,balanza,-0.23156059999996614
102,,8.8878e-05,25.714615699999968,2026-05-28T08:37:25.859,2026-05-28T08:52:55.859,multimetro,25.714615699999968,47.0,Error Arduino: HX711 not found.,25.23321039999996,2026-05-28T08:37:25.374,2026-05-28T08:52:55.374,,balanza,-0.4814053000000058
103,,8.8396e-05,25.964728799999875,2026-05-28T08:37:26.109,2026-05-28T08:52:56.109,multimetro,25.964728799999875,48.0,,26.226910899999893,2026-05-28T08:37:26.364,2026-05-28T08:52:56.364,628.13,balanza,0.2621821000000182
104,,8.8208e-05,26.214662800000042,2026-05-28T08:37:26.359,2026-05-28T08:52:56.359,multimetro,26.214662800000042,48.0,,26.226910899999893,2026-05-28T08:37:26.364,2026-05-28T08:52:56.364,628.13,balanza,0.012248099999851547
105,,8.8616e-05,26.464573699999846,2026-05-28T08:37:26.609,2026-05-28T08:52:56.609,multimetro,26.464573699999846,49.0,Error Arduino: HX711 not found.,26.250347799999872,2026-05-28T08:37:26.394,2026-05-28T08:52:56.394,,balanza,-0.214225899999974
106,,8.8857e-05,26.714697299999898,2026-05-28T08:37:26.859,2026-05-28T08:52:56.859,multimetro,26.714697299999898,49.0,Error Arduino: HX711 not found.,26.250347799999872,2026-05-28T08:37:26.394,2026-05-28T08:52:56.394,,balanza,-0.46434950000002573
107,,8.8407e-05,26.964643799999976,2026-05-28T08:37:27.109,2026-05-28T08:52:57.109,multimetro,26.964643799999976,50.0,,27.24372070000004,2026-05-28T08:37:27.381,2026-05-28T08:52:57.381,610.15,balanza,0.2790769000000637
108,,8.8093e-05,27.215077099999917,2026-05-28T08:37:27.359,2026-05-28T08:52:57.359,multimetro,27.215077099999917,50.0,,27.24372070000004,2026-05-28T08:37:27.381,2026-05-28T08:52:57.381,610.15,balanza,0.028643600000123115
109,,8.8522e-05,27.46468619999996,2026-05-28T08:37:27.609,2026-05-28T08:52:57.609,multimetro,27.46468619999996,51.0,Error Arduino: HX711 not found.,27.266834300000028,2026-05-28T08:37:27.408,2026-05-28T08:52:57.408,,balanza,-0.19785189999993236
110,,8.8784e-05,27.714745300000004,2026-05-28T08:37:27.859,2026-05-28T08:52:57.859,multimetro,27.714745300000004,51.0,Error Arduino: HX711 not found.,27.266834300000028,2026-05-28T08:37:27.408,2026-05-28T08:52:57.408,,balanza,-0.4479109999999764
111,,8.848e-05,27.965047199999844,2026-05-28T08:37:28.109,2026-05-28T08:52:58.109,multimetro,27.965047199999844,52.0,,28.260584899999913,2026-05-28T08:37:28.398,2026-05-28T08:52:58.398,623.01,balanza,0.29553770000006807
112,,8.7789e-05,28.21476370000005,2026-05-28T08:37:28.359,2026-05-28T08:52:58.359,multimetro,28.21476370000005,52.0,,28.260584899999913,2026-05-28T08:37:28.398,2026-05-28T08:52:58.398,623.01,balanza,0.04582119999986389
113,,8.8082e-05,28.464713299999858,2026-05-28T08:37:28.609,2026-05-28T08:52:58.609,multimetro,28.464713299999858,53.0,Error Arduino: HX711 not found.,28.283691599999884,2026-05-28T08:37:28.428,2026-05-28T08:52:58.428,,balanza,-0.18102169999997386
114,,8.8606e-05,28.714757999999847,2026-05-28T08:37:28.859,2026-05-28T08:52:58.859,multimetro,28.714757999999847,53.0,Error Arduino: HX711 not found.,28.283691599999884,2026-05-28T08:37:28.428,2026-05-28T08:52:58.428,,balanza,-0.4310663999999633
115,,8.826e-05,28.964685700000018,2026-05-28T08:37:29.109,2026-05-28T08:52:59.109,multimetro,28.964685700000018,54.0,,29.27743579999992,2026-05-28T08:37:29.414,2026-05-28T08:52:59.414,695.64,balanza,0.3127500999999029
116,,8.7967e-05,29.21469079999997,2026-05-28T08:37:29.359,2026-05-28T08:52:59.359,multimetro,29.21469079999997,54.0,,29.27743579999992,2026-05-28T08:37:29.414,2026-05-28T08:52:59.414,695.64,balanza,0.06274499999994987
117,,8.7873e-05,29.46473459999993,2026-05-28T08:37:29.609,2026-05-28T08:52:59.609,multimetro,29.46473459999993,55.0,Error Arduino: HX711 not found.,29.30050540000002,2026-05-28T08:37:29.441,2026-05-28T08:52:59.441,,balanza,-0.16422919999990881
118,,8.8721e-05,29.71514830000001,2026-05-28T08:37:29.859,2026-05-28T08:52:59.859,multimetro,29.71514830000001,55.0,Error Arduino: HX711 not found.,29.30050540000002,2026-05-28T08:37:29.441,2026-05-28T08:52:59.441,,balanza,-0.4146428999999898
119,,8.8647e-05,29.964704099999835,2026-05-28T08:37:30.109,2026-05-28T08:53:00.109,multimetro,29.964704099999835,56.0,,30.294191299999966,2026-05-28T08:37:30.431,2026-05-28T08:53:00.431,686.44,balanza,0.32948720000013054
120,,8.8627e-05,30.214782600000035,2026-05-28T08:37:30.359,2026-05-28T08:53:00.359,multimetro,30.214782600000035,56.0,,30.294191299999966,2026-05-28T08:37:30.431,2026-05-28T08:53:00.431,686.44,balanza,0.07940869999993083
121,,8.8647e-05,30.464752599999883,2026-05-28T08:37:30.607,2026-05-28T08:53:00.607,multimetro,30.464752599999883,57.0,Error Arduino: HX711 not found.,30.317204599999968,2026-05-28T08:37:30.461,2026-05-28T08:53:00.461,,balanza,-0.1475479999999152
122,,8.915e-05,30.71455930000002,2026-05-28T08:37:30.857,2026-05-28T08:53:00.857,multimetro,30.71455930000002,57.0,Error Arduino: HX711 not found.,30.317204599999968,2026-05-28T08:37:30.461,2026-05-28T08:53:00.461,,balanza,-0.3973547000000508
123,,8.8773e-05,30.964582199999995,2026-05-28T08:37:31.108,2026-05-28T08:53:01.108,multimetro,30.964582199999995,58.0,,31.311001999999917,2026-05-28T08:37:31.447,2026-05-28T08:53:01.447,662.27,balanza,0.34641979999992145
124,,8.8742e-05,31.214623599999868,2026-05-28T08:37:31.358,2026-05-28T08:53:01.358,multimetro,31.214623599999868,58.0,,31.311001999999917,2026-05-28T08:37:31.447,2026-05-28T08:53:01.447,662.27,balanza,0.09637840000004871
125,,8.8658e-05,31.465203799999927,2026-05-28T08:37:31.609,2026-05-28T08:53:01.609,multimetro,31.465203799999927,59.0,Error Arduino: HX711 not found.,31.33396229999994,2026-05-28T08:37:31.474,2026-05-28T08:53:01.474,,balanza,-0.13124149999998735
126,,8.8689e-05,31.71484459999988,2026-05-28T08:37:31.859,2026-05-28T08:53:01.859,multimetro,31.71484459999988,59.0,Error Arduino: HX711 not found.,31.33396229999994,2026-05-28T08:37:31.474,2026-05-28T08:53:01.474,,balanza,-0.3808822999999393
127,,8.8941e-05,31.964953700000024,2026-05-28T08:37:32.100,2026-05-28T08:53:02.100,multimetro,31.964953700000024,60.0,,32.3278413999999,2026-05-28T08:37:32.464,2026-05-28T08:53:02.464,647.36,balanza,0.3628876999998738
128,,8.8763e-05,32.214953599999944,2026-05-28T08:37:32.357,2026-05-28T08:53:02.357,multimetro,32.214953599999944,60.0,,32.3278413999999,2026-05-28T08:37:32.464,2026-05-28T08:53:02.464,647.36,balanza,0.11288779999995313
129,,8.8993e-05,32.4650345,2026-05-28T08:37:32.609,2026-05-28T08:53:02.609,multimetro,32.4650345,61.0,Error Arduino: HX711 not found.,32.350962799999934,2026-05-28T08:37:32.491,2026-05-28T08:53:02.491,,balanza,-0.11407170000006772
130,,8.8302e-05,32.71471870000005,2026-05-28T08:37:32.859,2026-05-28T08:53:02.859,multimetro,32.71471870000005,61.0,Error Arduino: HX711 not found.,32.350962799999934,2026-05-28T08:37:32.491,2026-05-28T08:53:02.491,,balanza,-0.3637559000001147
131,,8.8867e-05,32.9647238,2026-05-28T08:37:33.109,2026-05-28T08:53:03.109,multimetro,32.9647238,62.0,,33.344647399999985,2026-05-28T08:37:33.481,2026-05-28T08:53:03.481,661.83,balanza,0.3799235999999837
132,,8.9108e-05,33.21489919999999,2026-05-28T08:37:33.359,2026-05-28T08:53:03.359,multimetro,33.21489919999999,62.0,,33.344647399999985,2026-05-28T08:37:33.481,2026-05-28T08:53:03.481,661.83,balanza,0.12974819999999454
133,,8.9359e-05,33.464692300000024,2026-05-28T08:37:33.608,2026-05-28T08:53:03.608,multimetro,33.464692300000024,63.0,Error Arduino: HX711 not found.,33.367751,2026-05-28T08:37:33.508,2026-05-28T08:53:03.508,,balanza,-0.09694130000002588
134,,8.8857e-05,33.71502369999985,2026-05-28T08:37:33.859,2026-05-28T08:53:03.859,multimetro,33.71502369999985,63.0,Error Arduino: HX711 not found.,33.367751,2026-05-28T08:37:33.508,2026-05-28T08:53:03.508,,balanza,-0.34727269999984856
135,,8.8585e-05,33.964753799999926,2026-05-28T08:37:34.109,2026-05-28T08:53:04.109,multimetro,33.964753799999926,64.0,,34.361482300000034,2026-05-28T08:37:34.497,2026-05-28T08:53:04.497,662.46,balanza,0.3967285000001084
136,,8.7956e-05,34.21461559999989,2026-05-28T08:37:34.359,2026-05-28T08:53:04.359,multimetro,34.21461559999989,64.0,,34.361482300000034,2026-05-28T08:37:34.497,2026-05-28T08:53:04.497,662.46,balanza,0.146866700000146
137,,8.8375e-05,34.46535559999984,2026-05-28T08:37:34.610,2026-05-28T08:53:04.610,multimetro,34.46535559999984,65.0,Error Arduino: HX711 not found.,34.38479189999998,2026-05-28T08:37:34.524,2026-05-28T08:53:04.524,,balanza,-0.08056369999985691
138,,8.8658e-05,34.714630499999885,2026-05-28T08:37:34.858,2026-05-28T08:53:04.858,multimetro,34.714630499999885,65.0,Error Arduino: HX711 not found.,34.38479189999998,2026-05-28T08:37:34.524,2026-05-28T08:53:04.524,,balanza,-0.3298385999999027
139,,8.8585e-05,34.964569900000015,2026-05-28T08:37:35.109,2026-05-28T08:53:05.109,multimetro,34.964569900000015,66.0,,35.37820169999986,2026-05-28T08:37:35.514,2026-05-28T08:53:05.514,612.15,balanza,0.4136317999998482
140,,8.8846e-05,35.21453029999998,2026-05-28T08:37:35.359,2026-05-28T08:53:05.359,multimetro,35.21453029999998,66.0,,35.37820169999986,2026-05-28T08:37:35.514,2026-05-28T08:53:05.514,612.15,balanza,0.16367139999988467
141,,8.9014e-05,35.46460779999984,2026-05-28T08:37:35.608,2026-05-28T08:53:05.608,multimetro,35.46460779999984,67.0,Error Arduino: HX711 not found.,35.40128249999998,2026-05-28T08:37:35.540,2026-05-28T08:53:05.540,,balanza,-0.06332529999986036
142,,8.8794e-05,35.714658899999904,2026-05-28T08:37:35.859,2026-05-28T08:53:05.859,multimetro,35.714658899999904,67.0,Error Arduino: HX711 not found.,35.40128249999998,2026-05-28T08:37:35.540,2026-05-28T08:53:05.540,,balanza,-0.3133763999999246
143,,8.8616e-05,35.9648623999999,2026-05-28T08:37:36.100,2026-05-28T08:53:06.100,multimetro,35.9648623999999,68.0,,36.395050200000014,2026-05-28T08:37:36.531,2026-05-28T08:53:06.531,607.42,balanza,0.4301878000001125
144,,8.9098e-05,36.214756899999884,2026-05-28T08:37:36.357,2026-05-28T08:53:06.357,multimetro,36.214756899999884,68.0,,36.395050200000014,2026-05-28T08:37:36.531,2026-05-28T08:53:06.531,607.42,balanza,0.18029330000013033
145,,8.9496e-05,36.46501339999986,2026-05-28T08:37:36.608,2026-05-28T08:53:06.608,multimetro,36.46501339999986,69.0,Error Arduino: HX711 not found.,36.41808509999987,2026-05-28T08:37:36.557,2026-05-28T08:53:06.557,,balanza,-0.046928299999990486
146,,8.9726e-05,36.714614699999856,2026-05-28T08:37:36.858,2026-05-28T08:53:06.858,multimetro,36.714614699999856,69.0,Error Arduino: HX711 not found.,36.41808509999987,2026-05-28T08:37:36.557,2026-05-28T08:53:06.557,,balanza,-0.2965295999999853
147,,8.9621e-05,36.96542509999995,2026-05-28T08:37:37.110,2026-05-28T08:53:07.110,multimetro,36.96542509999995,70.0,,37.41184550000003,2026-05-28T08:37:37.547,2026-05-28T08:53:07.547,607.64,balanza,0.4464204000000791
148,,8.9401e-05,37.214565300000004,2026-05-28T08:37:37.359,2026-05-28T08:53:07.359,multimetro,37.214565300000004,70.0,,37.41184550000003,2026-05-28T08:37:37.547,2026-05-28T08:53:07.547,607.64,balanza,0.1972802000000229
149,,8.9799e-05,37.464712599999984,2026-05-28T08:37:37.609,2026-05-28T08:53:07.609,multimetro,37.464712599999984,71.0,Error Arduino: HX711 not found.,37.4349608,2026-05-28T08:37:37.574,2026-05-28T08:53:07.574,,balanza,-0.02975179999998545
150,,8.9841e-05,37.71461939999995,2026-05-28T08:37:37.858,2026-05-28T08:53:07.858,multimetro,37.71461939999995,71.0,Error Arduino: HX711 not found.,37.4349608,2026-05-28T08:37:37.574,2026-05-28T08:53:07.574,,balanza,-0.2796585999999479
151,,8.9684e-05,37.96466969999983,2026-05-28T08:37:38.109,2026-05-28T08:53:08.109,multimetro,37.96466969999983,72.0,,38.42915819999985,2026-05-28T08:37:38.573,2026-05-28T08:53:08.573,607.52,balanza,0.46448850000001585
152,,8.9527e-05,38.21453029999998,2026-05-28T08:37:38.358,2026-05-28T08:53:08.358,multimetro,38.21453029999998,72.0,,38.42915819999985,2026-05-28T08:37:38.573,2026-05-28T08:53:08.573,607.52,balanza,0.21462789999986853
153,,8.9705e-05,38.469378000000006,2026-05-28T08:37:38.613,2026-05-28T08:53:08.613,multimetro,38.469378000000006,73.0,Error Arduino: HX711 not found.,38.452579600000035,2026-05-28T08:37:38.597,2026-05-28T08:53:08.597,,balanza,-0.01679839999997057
154,,8.9831e-05,38.715236499999946,2026-05-28T08:37:38.857,2026-05-28T08:53:08.857,multimetro,38.715236499999946,73.0,Error Arduino: HX711 not found.,38.452579600000035,2026-05-28T08:37:38.597,2026-05-28T08:53:08.597,,balanza,-0.2626568999999108
155,,8.9684e-05,38.964651799999956,2026-05-28T08:37:39.107,2026-05-28T08:53:09.107,multimetro,38.964651799999956,74.0,,39.44603499999994,2026-05-28T08:37:39.584,2026-05-28T08:53:09.584,607.53,balanza,0.481383199999982
156,,8.9475e-05,39.214823300000035,2026-05-28T08:37:39.359,2026-05-28T08:53:09.359,multimetro,39.214823300000035,74.0,,39.44603499999994,2026-05-28T08:37:39.584,2026-05-28T08:53:09.584,607.53,balanza,0.23121169999990343
157,,8.9694e-05,39.46482070000002,2026-05-28T08:37:39.608,2026-05-28T08:53:09.608,multimetro,39.46482070000002,75.0,Error Arduino: HX711 not found.,39.46918949999986,2026-05-28T08:37:39.608,2026-05-28T08:53:09.608,,balanza,0.004368799999838302
158,,9.0009e-05,39.715081199999986,2026-05-28T08:37:39.857,2026-05-28T08:53:09.857,multimetro,39.715081199999986,75.0,Error Arduino: HX711 not found.,39.46918949999986,2026-05-28T08:37:39.608,2026-05-28T08:53:09.608,,balanza,-0.24589170000012928
159,,8.9893e-05,39.96485239999993,2026-05-28T08:37:40.109,2026-05-28T08:53:10.109,multimetro,39.96485239999993,75.0,Error Arduino: HX711 not found.,39.46918949999986,2026-05-28T08:37:39.608,2026-05-28T08:53:09.608,,balanza,-0.4956629000000703
160,,8.9831e-05,40.21496279999997,2026-05-28T08:37:40.359,2026-05-28T08:53:10.359,multimetro,40.21496279999997,76.0,,40.46283689999996,2026-05-28T08:37:40.607,2026-05-28T08:53:10.607,607.61,balanza,0.24787409999999
161,,8.9893e-05,40.465431699999954,2026-05-28T08:37:40.609,2026-05-28T08:53:10.609,multimetro,40.465431699999954,76.0,,40.46283689999996,2026-05-28T08:37:40.607,2026-05-28T08:53:10.607,607.61,balanza,-0.0025947999999971216
162,,9.0082e-05,40.71479299999987,2026-05-28T08:37:40.851,2026-05-28T08:53:10.851,multimetro,40.71479299999987,77.0,Error Arduino: HX711 not found.,40.48587909999992,2026-05-28T08:37:40.630,2026-05-28T08:53:10.630,,balanza,-0.22891389999995226
163,,8.9851e-05,40.964917600000035,2026-05-28T08:37:41.108,2026-05-28T08:53:11.108,multimetro,40.964917600000035,77.0,Error Arduino: HX711 not found.,40.48587909999992,2026-05-28T08:37:40.630,2026-05-28T08:53:10.630,,balanza,-0.47903850000011516
164,,8.981e-05,41.21487479999996,2026-05-28T08:37:41.359,2026-05-28T08:53:11.359,multimetro,41.21487479999996,78.0,,41.47971459999985,2026-05-28T08:37:41.624,2026-05-28T08:53:11.624,607.57,balanza,0.2648397999998906
165,,8.9862e-05,41.46475859999987,2026-05-28T08:37:41.609,2026-05-28T08:53:11.609,multimetro,41.46475859999987,78.0,,41.47971459999985,2026-05-28T08:37:41.624,2026-05-28T08:53:11.624,607.57,balanza,0.01495599999998376
166,,9.0207e-05,41.71493940000005,2026-05-28T08:37:41.857,2026-05-28T08:53:11.857,multimetro,41.71493940000005,79.0,Error Arduino: HX711 not found.,41.502899899999875,2026-05-28T08:37:41.647,2026-05-28T08:53:11.647,,balanza,-0.21203950000017358
167,,8.9988e-05,41.965022999999974,2026-05-28T08:37:42.107,2026-05-28T08:53:12.107,multimetro,41.965022999999974,79.0,Error Arduino: HX711 not found.,41.502899899999875,2026-05-28T08:37:41.647,2026-05-28T08:53:11.647,,balanza,-0.46212310000009893
168,,8.9674e-05,42.214887599999884,2026-05-28T08:37:42.358,2026-05-28T08:53:12.358,multimetro,42.214887599999884,80.0,,42.49650380000003,2026-05-28T08:37:42.640,2026-05-28T08:53:12.640,607.54,balanza,0.2816162000001441
169,,8.9684e-05,42.465124899999864,2026-05-28T08:37:42.609,2026-05-28T08:53:12.609,multimetro,42.465124899999864,80.0,,42.49650380000003,2026-05-28T08:37:42.640,2026-05-28T08:53:12.640,607.54,balanza,0.03137890000016341
170,,8.9998e-05,42.7146874,2026-05-28T08:37:42.859,2026-05-28T08:53:12.859,multimetro,42.7146874,81.0,Error Arduino: HX711 not found.,42.519658700000036,2026-05-28T08:37:42.664,2026-05-28T08:53:12.664,,balanza,-0.1950286999999662
171,,9.004e-05,42.96508589999985,2026-05-28T08:37:43.109,2026-05-28T08:53:13.109,multimetro,42.96508589999985,81.0,Error Arduino: HX711 not found.,42.519658700000036,2026-05-28T08:37:42.664,2026-05-28T08:53:12.664,,balanza,-0.44542719999981273
172,,8.9841e-05,43.21510739999985,2026-05-28T08:37:43.359,2026-05-28T08:53:13.359,multimetro,43.21510739999985,82.0,,43.513333500000044,2026-05-28T08:37:43.657,2026-05-28T08:53:13.657,607.28,balanza,0.2982261000001927
173,,8.9705e-05,43.46473839999999,2026-05-28T08:37:43.609,2026-05-28T08:53:13.609,multimetro,43.46473839999999,82.0,,43.513333500000044,2026-05-28T08:37:43.657,2026-05-28T08:53:13.657,607.28,balanza,0.048595100000056846
174,,8.9653e-05,43.71476269999994,2026-05-28T08:37:43.859,2026-05-28T08:53:13.859,multimetro,43.71476269999994,83.0,Error Arduino: HX711 not found.,43.536333199999945,2026-05-28T08:37:43.681,2026-05-28T08:53:13.681,,balanza,-0.1784294999999929
175,,8.9485e-05,43.96507789999987,2026-05-28T08:37:44.109,2026-05-28T08:53:14.109,multimetro,43.96507789999987,83.0,Error Arduino: HX711 not found.,43.536333199999945,2026-05-28T08:37:43.681,2026-05-28T08:53:13.681,,balanza,-0.4287446999999247
176,,8.9496e-05,44.21464919999994,2026-05-28T08:37:44.358,2026-05-28T08:53:14.358,multimetro,44.21464919999994,84.0,,44.53019399999994,2026-05-28T08:37:44.668,2026-05-28T08:53:14.668,627.93,balanza,0.31554479999999785
177,,8.9318e-05,44.464699799999835,2026-05-28T08:37:44.609,2026-05-28T08:53:14.609,multimetro,44.464699799999835,84.0,,44.53019399999994,2026-05-28T08:37:44.668,2026-05-28T08:53:14.668,627.93,balanza,0.06549420000010286
178,,8.9506e-05,44.71464399999991,2026-05-28T08:37:44.858,2026-05-28T08:53:14.858,multimetro,44.71464399999991,85.0,Error Arduino: HX711 not found.,44.55319650000001,2026-05-28T08:37:44.697,2026-05-28T08:53:14.697,,balanza,-0.16144749999989472
179,,8.9621e-05,44.965126199999986,2026-05-28T08:37:45.109,2026-05-28T08:53:15.109,multimetro,44.965126199999986,85.0,Error Arduino: HX711 not found.,44.55319650000001,2026-05-28T08:37:44.697,2026-05-28T08:53:14.697,,balanza,-0.4119296999999733
180,,8.9433e-05,45.21501179999996,2026-05-28T08:37:45.359,2026-05-28T08:53:15.359,multimetro,45.21501179999996,86.0,,45.546949999999924,2026-05-28T08:37:45.691,2026-05-28T08:53:15.691,607.53,balanza,0.33193819999996776
181,,8.914e-05,45.464627199999995,2026-05-28T08:37:45.609,2026-05-28T08:53:15.609,multimetro,45.464627199999995,86.0,,45.546949999999924,2026-05-28T08:37:45.691,2026-05-28T08:53:15.691,607.53,balanza,0.08232279999992898
182,,8.9297e-05,45.71457510000005,2026-05-28T08:37:45.858,2026-05-28T08:53:15.858,multimetro,45.71457510000005,87.0,Error Arduino: HX711 not found.,45.57007069999986,2026-05-28T08:37:45.714,2026-05-28T08:53:15.714,,balanza,-0.14450440000018716
183,,8.9475e-05,45.96525440000005,2026-05-28T08:37:46.109,2026-05-28T08:53:16.109,multimetro,45.96525440000005,87.0,Error Arduino: HX711 not found.,45.57007069999986,2026-05-28T08:37:45.714,2026-05-28T08:53:15.714,,balanza,-0.39518370000018876
184,,8.915e-05,46.21587350000004,2026-05-28T08:37:46.360,2026-05-28T08:53:16.360,multimetro,46.21587350000004,88.0,,46.563695699999926,2026-05-28T08:37:46.708,2026-05-28T08:53:16.708,607.51,balanza,0.3478221999998823
185,,8.9098e-05,46.46464059999994,2026-05-28T08:37:46.608,2026-05-28T08:53:16.608,multimetro,46.46464059999994,88.0,,46.563695699999926,2026-05-28T08:37:46.708,2026-05-28T08:53:16.708,607.51,balanza,0.09905509999998685
186,,8.915e-05,46.71459289999984,2026-05-28T08:37:46.858,2026-05-28T08:53:16.858,multimetro,46.71459289999984,89.0,Error Arduino: HX711 not found.,46.58683010000004,2026-05-28T08:37:46.731,2026-05-28T08:53:16.731,,balanza,-0.12776279999980034
187,,8.9297e-05,46.96500470000001,2026-05-28T08:37:47.109,2026-05-28T08:53:17.109,multimetro,46.96500470000001,89.0,Error Arduino: HX711 not found.,46.58683010000004,2026-05-28T08:37:46.731,2026-05-28T08:53:16.731,,balanza,-0.3781745999999657
188,,8.8878e-05,47.214654899999914,2026-05-28T08:37:47.359,2026-05-28T08:53:17.359,multimetro,47.214654899999914,90.0,,47.58040310000001,2026-05-28T08:37:47.717,2026-05-28T08:53:17.717,607.57,balanza,0.3657482000000982
189,,8.8899e-05,47.46469079999997,2026-05-28T08:37:47.609,2026-05-28T08:53:17.609,multimetro,47.46469079999997,90.0,,47.58040310000001,2026-05-28T08:37:47.717,2026-05-28T08:53:17.717,607.57,balanza,0.11571230000004107
190,,8.9003e-05,47.71513049999999,2026-05-28T08:37:47.859,2026-05-28T08:53:17.859,multimetro,47.71513049999999,91.0,Error Arduino: HX711 not found.,47.60334489999991,2026-05-28T08:37:47.747,2026-05-28T08:53:17.747,,balanza,-0.11178560000007565
191,,8.9192e-05,47.964667199999894,2026-05-28T08:37:48.109,2026-05-28T08:53:18.109,multimetro,47.964667199999894,91.0,Error Arduino: HX711 not found.,47.60334489999991,2026-05-28T08:37:47.747,2026-05-28T08:53:17.747,,balanza,-0.36132229999998344
192,,8.8993e-05,48.21503209999992,2026-05-28T08:37:48.359,2026-05-28T08:53:18.359,multimetro,48.21503209999992,92.0,,48.59723669999994,2026-05-28T08:37:48.741,2026-05-28T08:53:18.741,607.56,balanza,0.38220460000002277
193,,8.8983e-05,48.4648651,2026-05-28T08:37:48.609,2026-05-28T08:53:18.609,multimetro,48.4648651,92.0,,48.59723669999994,2026-05-28T08:37:48.741,2026-05-28T08:53:18.741,607.56,balanza,0.1323715999999422
194,,8.9024e-05,48.71469359999992,2026-05-28T08:37:48.859,2026-05-28T08:53:18.859,multimetro,48.71469359999992,93.0,Error Arduino: HX711 not found.,48.620274799999834,2026-05-28T08:37:48.764,2026-05-28T08:53:18.764,,balanza,-0.09441880000008496
195,,8.9119e-05,48.964814899999965,2026-05-28T08:37:49.109,2026-05-28T08:53:19.109,multimetro,48.964814899999965,93.0,Error Arduino: HX711 not found.,48.620274799999834,2026-05-28T08:37:48.764,2026-05-28T08:53:18.764,,balanza,-0.34454010000013113
196,,8.8941e-05,49.21461529999988,2026-05-28T08:37:49.359,2026-05-28T08:53:19.359,multimetro,49.21461529999988,94.0,,49.61396730000001,2026-05-28T08:37:49.758,2026-05-28T08:53:19.758,607.58,balanza,0.3993520000001354
197,,8.8825e-05,49.465317799999866,2026-05-28T08:37:49.610,2026-05-28T08:53:19.610,multimetro,49.465317799999866,94.0,,49.61396730000001,2026-05-28T08:37:49.758,2026-05-28T08:53:19.758,607.58,balanza,0.14864950000014687
198,,8.8951e-05,49.71454040000003,2026-05-28T08:37:49.859,2026-05-28T08:53:19.859,multimetro,49.71454040000003,95.0,Error Arduino: HX711 not found.,49.637155299999904,2026-05-28T08:37:49.781,2026-05-28T08:53:19.781,,balanza,-0.07738510000012866
199,,8.9119e-05,49.96494389999998,2026-05-28T08:37:50.109,2026-05-28T08:53:20.109,multimetro,49.96494389999998,95.0,Error Arduino: HX711 not found.,49.637155299999904,2026-05-28T08:37:49.781,2026-05-28T08:53:19.781,,balanza,-0.32778860000007626
200,,8.916e-05,50.214778300000035,2026-05-28T08:37:50.358,2026-05-28T08:53:20.358,multimetro,50.214778300000035,96.0,,50.63070689999995,2026-05-28T08:37:50.774,2026-05-28T08:53:20.774,607.6,balanza,0.4159285999999156
201,,8.9098e-05,50.46502529999998,2026-05-28T08:37:50.609,2026-05-28T08:53:20.609,multimetro,50.46502529999998,96.0,,50.63070689999995,2026-05-28T08:37:50.774,2026-05-28T08:53:20.774,607.6,balanza,0.16568159999997079
202,,8.9098e-05,50.7371564,2026-05-28T08:37:50.881,2026-05-28T08:53:20.881,multimetro,50.7371564,97.0,Error Arduino: HX711 not found.,50.653790500000014,2026-05-28T08:37:50.798,2026-05-28T08:53:20.798,,balanza,-0.08336589999998978
203,,8.9014e-05,50.966216799999984,2026-05-28T08:37:51.110,2026-05-28T08:53:21.110,multimetro,50.966216799999984,97.0,Error Arduino: HX711 not found.,50.653790500000014,2026-05-28T08:37:50.798,2026-05-28T08:53:20.798,,balanza,-0.31242629999997007
204,,8.8857e-05,51.21476259999986,2026-05-28T08:37:51.359,2026-05-28T08:53:21.359,multimetro,51.21476259999986,98.0,,51.6476138999999,2026-05-28T08:37:51.790,2026-05-28T08:53:21.790,607.6,balanza,0.43285130000003846
205,,8.8878e-05,51.465117299999974,2026-05-28T08:37:51.609,2026-05-28T08:53:21.609,multimetro,51.465117299999974,98.0,,51.6476138999999,2026-05-28T08:37:51.790,2026-05-28T08:53:21.790,607.6,balanza,0.18249659999992218
206,,8.8836e-05,51.71465009999997,2026-05-28T08:37:51.858,2026-05-28T08:53:21.858,multimetro,51.71465009999997,99.0,Error Arduino: HX711 not found.,51.670674599999984,2026-05-28T08:37:51.815,2026-05-28T08:53:21.815,,balanza,-0.04397549999998773
207,,8.8962e-05,51.96522699999991,2026-05-28T08:37:52.109,2026-05-28T08:53:22.109,multimetro,51.96522699999991,99.0,Error Arduino: HX711 not found.,51.670674599999984,2026-05-28T08:37:51.815,2026-05-28T08:53:21.815,,balanza,-0.29455239999992955
208,,8.9003e-05,52.214643300000034,2026-05-28T08:37:52.358,2026-05-28T08:53:22.358,multimetro,52.214643300000034,100.0,,52.66437010000004,2026-05-28T08:37:52.807,2026-05-28T08:53:22.807,607.6,balanza,0.44972680000000764
209,,8.8585e-05,52.4650744999999,2026-05-28T08:37:52.609,2026-05-28T08:53:22.609,multimetro,52.4650744999999,100.0,,52.66437010000004,2026-05-28T08:37:52.807,2026-05-28T08:53:22.807,607.6,balanza,0.19929560000014135
210,,8.849e-05,52.71456399999988,2026-05-28T08:37:52.859,2026-05-28T08:53:22.859,multimetro,52.71456399999988,101.0,Error Arduino: HX711 not found.,52.68767170000001,2026-05-28T08:37:52.831,2026-05-28T08:53:22.831,,balanza,-0.026892299999872193
211,,8.8763e-05,52.965006199999834,2026-05-28T08:37:53.107,2026-05-28T08:53:23.107,multimetro,52.965006199999834,101.0,Error Arduino: HX711 not found.,52.68767170000001,2026-05-28T08:37:52.831,2026-05-28T08:53:22.831,,balanza,-0.2773344999998244
212,,8.8878e-05,53.21497980000004,2026-05-28T08:37:53.358,2026-05-28T08:53:23.358,multimetro,53.21497980000004,102.0,,53.68110709999996,2026-05-28T08:37:53.824,2026-05-28T08:53:23.824,607.15,balanza,0.4661272999999255
213,,8.8616e-05,53.4646659,2026-05-28T08:37:53.599,2026-05-28T08:53:23.599,multimetro,53.4646659,102.0,,53.68110709999996,2026-05-28T08:37:53.824,2026-05-28T08:53:23.824,607.15,balanza,0.21644119999996292
214,,8.8354e-05,53.714589799999885,2026-05-28T08:37:53.857,2026-05-28T08:53:23.857,multimetro,53.714589799999885,103.0,Error Arduino: HX711 not found.,53.70437609999999,2026-05-28T08:37:53.847,2026-05-28T08:53:23.847,,balanza,-0.010213699999894743
215,,8.8668e-05,53.96495159999995,2026-05-28T08:37:54.107,2026-05-28T08:53:24.107,multimetro,53.96495159999995,103.0,Error Arduino: HX711 not found.,53.70437609999999,2026-05-28T08:37:53.847,2026-05-28T08:53:23.847,,balanza,-0.260575499999959
216,,8.8668e-05,54.215100699999994,2026-05-28T08:37:54.359,2026-05-28T08:53:24.359,multimetro,54.215100699999994,104.0,,54.698045800000045,2026-05-28T08:37:54.842,2026-05-28T08:53:24.842,607.67,balanza,0.48294510000005175
217,,8.8574e-05,54.46497969999996,2026-05-28T08:37:54.609,2026-05-28T08:53:24.609,multimetro,54.46497969999996,104.0,,54.698045800000045,2026-05-28T08:37:54.842,2026-05-28T08:53:24.842,607.67,balanza,0.23306610000008732
218,,8.826e-05,54.714794600000005,2026-05-28T08:37:54.858,2026-05-28T08:53:24.858,multimetro,54.714794600000005,105.0,Error Arduino: HX711 not found.,54.72139990000005,2026-05-28T08:37:54.864,2026-05-28T08:53:24.864,,balanza,0.0066053000000465545
219,,8.8428e-05,54.96481399999993,2026-05-28T08:37:55.107,2026-05-28T08:53:25.107,multimetro,54.96481399999993,105.0,Error Arduino: HX711 not found.,54.72139990000005,2026-05-28T08:37:54.864,2026-05-28T08:53:24.864,,balanza,-0.24341409999988173
220,,8.8564e-05,55.21504099999993,2026-05-28T08:37:55.357,2026-05-28T08:53:25.357,multimetro,55.21504099999993,105.0,Error Arduino: HX711 not found.,54.72139990000005,2026-05-28T08:37:54.864,2026-05-28T08:53:24.864,,balanza,-0.49364109999987704
221,,8.8449e-05,55.464838899999904,2026-05-28T08:37:55.607,2026-05-28T08:53:25.607,multimetro,55.464838899999904,106.0,,55.71511459999988,2026-05-28T08:37:55.859,2026-05-28T08:53:25.859,607.49,balanza,0.2502756999999747
222,,8.8239e-05,55.71466099999998,2026-05-28T08:37:55.858,2026-05-28T08:53:25.858,multimetro,55.71466099999998,106.0,,55.71511459999988,2026-05-28T08:37:55.859,2026-05-28T08:53:25.859,607.49,balanza,0.000453599999900689
223,,8.8145e-05,55.96494759999996,2026-05-28T08:37:56.109,2026-05-28T08:53:26.109,multimetro,55.96494759999996,107.0,Error Arduino: HX711 not found.,55.73809899999992,2026-05-28T08:37:55.882,2026-05-28T08:53:25.882,,balanza,-0.22684860000003937
224,,8.848e-05,56.215088199999855,2026-05-28T08:37:56.359,2026-05-28T08:53:26.359,multimetro,56.215088199999855,107.0,Error Arduino: HX711 not found.,55.73809899999992,2026-05-28T08:37:55.882,2026-05-28T08:53:25.882,,balanza,-0.4769891999999345
225,,8.825e-05,56.46463529999983,2026-05-28T08:37:56.609,2026-05-28T08:53:26.609,multimetro,56.46463529999983,108.0,,56.7317994,2026-05-28T08:37:56.874,2026-05-28T08:53:26.874,607.67,balanza,0.26716410000017277
226,,8.7915e-05,56.71575729999995,2026-05-28T08:37:56.859,2026-05-28T08:53:26.859,multimetro,56.71575729999995,108.0,,56.7317994,2026-05-28T08:37:56.874,2026-05-28T08:53:26.874,607.67,balanza,0.016042100000049686
227,,8.7758e-05,56.96481730000005,2026-05-28T08:37:57.109,2026-05-28T08:53:27.109,multimetro,56.96481730000005,109.0,Error Arduino: HX711 not found.,56.7549489999999,2026-05-28T08:37:56.897,2026-05-28T08:53:26.897,,balanza,-0.20986830000015289
228,,8.8155e-05,57.21462559999986,2026-05-28T08:37:57.358,2026-05-28T08:53:27.358,multimetro,57.21462559999986,109.0,Error Arduino: HX711 not found.,56.7549489999999,2026-05-28T08:37:56.897,2026-05-28T08:53:26.897,,balanza,-0.45967659999996613
229,,8.803e-05,57.46499719999997,2026-05-28T08:37:57.609,2026-05-28T08:53:27.609,multimetro,57.46499719999997,110.0,,57.748472699999866,2026-05-28T08:37:57.893,2026-05-28T08:53:27.893,607.62,balanza,0.28347549999989496
230,,8.7569e-05,57.714573399999836,2026-05-28T08:37:57.858,2026-05-28T08:53:27.858,multimetro,57.714573399999836,110.0,,57.748472699999866,2026-05-28T08:37:57.893,2026-05-28T08:53:27.893,607.62,balanza,0.03389930000003005
231,,8.7423e-05,57.964573799999926,2026-05-28T08:37:58.100,2026-05-28T08:53:28.100,multimetro,57.964573799999926,111.0,Error Arduino: HX711 not found.,57.77168039999992,2026-05-28T08:37:57.914,2026-05-28T08:53:27.914,,balanza,-0.19289340000000266
232,,8.7758e-05,58.21479899999986,2026-05-28T08:37:58.358,2026-05-28T08:53:28.358,multimetro,58.21479899999986,111.0,Error Arduino: HX711 not found.,57.77168039999992,2026-05-28T08:37:57.914,2026-05-28T08:53:27.914,,balanza,-0.4431185999999343
233,,8.7768e-05,58.46559290000005,2026-05-28T08:37:58.609,2026-05-28T08:53:28.609,multimetro,58.46559290000005,112.0,,58.76522950000003,2026-05-28T08:37:58.909,2026-05-28T08:53:28.909,607.58,balanza,0.29963659999998526
234,,8.7768e-05,58.7148694,2026-05-28T08:37:58.851,2026-05-28T08:53:28.851,multimetro,58.7148694,112.0,,58.76522950000003,2026-05-28T08:37:58.909,2026-05-28T08:53:28.909,607.58,balanza,0.050360100000034436
235,,8.7423e-05,58.96459570000002,2026-05-28T08:37:59.109,2026-05-28T08:53:29.109,multimetro,58.96459570000002,114.0,Error Arduino: HX711 not found.,58.80147959999999,2026-05-28T08:37:58.941,2026-05-28T08:53:28.941,,balanza,-0.16311610000002474
236,,8.7789e-05,59.215219499999876,2026-05-28T08:37:59.357,2026-05-28T08:53:29.357,multimetro,59.215219499999876,114.0,Error Arduino: HX711 not found.,58.80147959999999,2026-05-28T08:37:58.941,2026-05-28T08:53:28.941,,balanza,-0.41373989999988225
237,,8.7977e-05,59.46464049999986,2026-05-28T08:37:59.608,2026-05-28T08:53:29.608,multimetro,59.46464049999986,115.0,,59.79504849999989,2026-05-28T08:37:59.938,2026-05-28T08:53:29.938,607.58,balanza,0.330408000000034
238,,8.8061e-05,59.714957499999855,2026-05-28T08:37:59.857,2026-05-28T08:53:29.857,multimetro,59.714957499999855,115.0,,59.79504849999989,2026-05-28T08:37:59.938,2026-05-28T08:53:29.938,607.58,balanza,0.08009100000003855
239,,8.7841e-05,59.96498109999993,2026-05-28T08:38:00.107,2026-05-28T08:53:30.107,multimetro,59.96498109999993,116.0,Error Arduino: HX711 not found.,59.81813659999989,2026-05-28T08:37:59.959,2026-05-28T08:53:29.959,,balanza,-0.1468445000000429
240,,8.7799e-05,60.21489539999993,2026-05-28T08:38:00.359,2026-05-28T08:53:30.359,multimetro,60.21489539999993,116.0,Error Arduino: HX711 not found.,59.81813659999989,2026-05-28T08:37:59.959,2026-05-28T08:53:29.959,,balanza,-0.39675880000004327
241,,8.8449e-05,60.46494800000005,2026-05-28T08:38:00.609,2026-05-28T08:53:30.609,multimetro,60.46494800000005,117.0,,60.81182049999984,2026-05-28T08:38:00.956,2026-05-28T08:53:30.956,607.64,balanza,0.3468724999997903
242,,8.7883e-05,60.71451890000003,2026-05-28T08:38:00.859,2026-05-28T08:53:30.859,multimetro,60.71451890000003,117.0,,60.81182049999984,2026-05-28T08:38:00.956,2026-05-28T08:53:30.956,607.64,balanza,0.0973015999998097
243,,8.7726e-05,60.9650431,2026-05-28T08:38:01.107,2026-05-28T08:53:31.107,multimetro,60.9650431,118.0,Error Arduino: HX711 not found.,60.83486649999986,2026-05-28T08:38:00.979,2026-05-28T08:53:30.979,,balanza,-0.13017660000014075
244,,8.7642e-05,61.214880300000004,2026-05-28T08:38:01.358,2026-05-28T08:53:31.358,multimetro,61.214880300000004,118.0,Error Arduino: HX711 not found.,60.83486649999986,2026-05-28T08:38:00.979,2026-05-28T08:53:30.979,,balanza,-0.3800138000001425
245,,8.7988e-05,61.46501539999986,2026-05-28T08:38:01.601,2026-05-28T08:53:31.601,multimetro,61.46501539999986,119.0,,61.82863529999986,2026-05-28T08:38:01.973,2026-05-28T08:53:31.973,607.56,balanza,0.3636199000000033
246,,8.7925e-05,61.71460839999986,2026-05-28T08:38:01.858,2026-05-28T08:53:31.858,multimetro,61.71460839999986,119.0,,61.82863529999986,2026-05-28T08:38:01.973,2026-05-28T08:53:31.973,607.56,balanza,0.11402689999999893
247,,8.7674e-05,61.964944899999864,2026-05-28T08:38:02.108,2026-05-28T08:53:32.108,multimetro,61.964944899999864,120.0,Error Arduino: HX711 not found.,61.851735499999904,2026-05-28T08:38:01.996,2026-05-28T08:53:31.996,,balanza,-0.11320939999995971
248,,8.7716e-05,62.21452269999986,2026-05-28T08:38:02.359,2026-05-28T08:53:32.359,multimetro,62.21452269999986,120.0,Error Arduino: HX711 not found.,61.851735499999904,2026-05-28T08:38:01.996,2026-05-28T08:53:31.996,,balanza,-0.362787199999957
249,,8.7883e-05,62.464708599999994,2026-05-28T08:38:02.600,2026-05-28T08:53:32.600,multimetro,62.464708599999994,121.0,,62.84548819999986,2026-05-28T08:38:02.984,2026-05-28T08:53:32.984,607.63,balanza,0.3807795999998689
250,,8.8124e-05,62.71465349999994,2026-05-28T08:38:02.857,2026-05-28T08:53:32.857,multimetro,62.71465349999994,121.0,,62.84548819999986,2026-05-28T08:38:02.984,2026-05-28T08:53:32.984,607.63,balanza,0.13083469999992303
251,,8.7705e-05,62.964954499999976,2026-05-28T08:38:03.109,2026-05-28T08:53:33.109,multimetro,62.964954499999976,122.0,Error Arduino: HX711 not found.,62.86857539999983,2026-05-28T08:38:03.004,2026-05-28T08:53:33.004,,balanza,-0.09637910000014926
252,,8.7485e-05,63.214793899999904,2026-05-28T08:38:03.359,2026-05-28T08:53:33.359,multimetro,63.214793899999904,122.0,Error Arduino: HX711 not found.,62.86857539999983,2026-05-28T08:38:03.004,2026-05-28T08:53:33.004,,balanza,-0.34621850000007726
253,,8.7799e-05,63.46473919999994,2026-05-28T08:38:03.609,2026-05-28T08:53:33.609,multimetro,63.46473919999994,123.0,,63.86228310000001,2026-05-28T08:38:03.998,2026-05-28T08:53:33.998,607.55,balanza,0.39754390000007334
254,,8.7977e-05,63.715093499999966,2026-05-28T08:38:03.859,2026-05-28T08:53:33.859,multimetro,63.715093499999966,123.0,,63.86228310000001,2026-05-28T08:38:03.998,2026-05-28T08:53:33.998,607.55,balanza,0.147189600000047
255,,8.7705e-05,63.9654094,2026-05-28T08:38:04.107,2026-05-28T08:53:34.107,multimetro,63.9654094,124.0,Error Arduino: HX711 not found.,63.885374400000046,2026-05-28T08:38:04.028,2026-05-28T08:53:34.028,,balanza,-0.08003499999995256
256,,8.7705e-05,64.2146209,2026-05-28T08:38:04.359,2026-05-28T08:53:34.359,multimetro,64.2146209,124.0,Error Arduino: HX711 not found.,63.885374400000046,2026-05-28T08:38:04.028,2026-05-28T08:53:34.028,,balanza,-0.3292464999999538
257,,8.7852e-05,64.46459259999983,2026-05-28T08:38:04.608,2026-05-28T08:53:34.608,multimetro,64.46459259999983,125.0,,64.87905539999997,2026-05-28T08:38:05.014,2026-05-28T08:53:35.014,607.62,balanza,0.4144628000001376
258,,8.804e-05,64.71459540000001,2026-05-28T08:38:04.859,2026-05-28T08:53:34.859,multimetro,64.71459540000001,125.0,,64.87905539999997,2026-05-28T08:38:05.014,2026-05-28T08:53:35.014,607.62,balanza,0.16445999999996275
259,,8.803e-05,64.96496899999988,2026-05-28T08:38:05.109,2026-05-28T08:53:35.109,multimetro,64.96496899999988,126.0,Error Arduino: HX711 not found.,64.90221150000002,2026-05-28T08:38:05.046,2026-05-28T08:53:35.046,,balanza,-0.06275749999986147
260,,8.7663e-05,65.21490569999992,2026-05-28T08:38:05.352,2026-05-28T08:53:35.352,multimetro,65.21490569999992,126.0,Error Arduino: HX711 not found.,64.90221150000002,2026-05-28T08:38:05.046,2026-05-28T08:53:35.046,,balanza,-0.3126941999998962
261,,8.7548e-05,65.46467370000005,2026-05-28T08:38:05.609,2026-05-28T08:53:35.609,multimetro,65.46467370000005,127.0,,65.89595289999988,2026-05-28T08:38:06.040,2026-05-28T08:53:36.040,607.54,balanza,0.4312791999998353
262,,8.7831e-05,65.7153687,2026-05-28T08:38:05.852,2026-05-28T08:53:35.852,multimetro,65.7153687,127.0,,65.89595289999988,2026-05-28T08:38:06.040,2026-05-28T08:53:36.040,607.54,balanza,0.18058419999988473
263,,8.7695e-05,65.96494050000001,2026-05-28T08:38:06.109,2026-05-28T08:53:36.109,multimetro,65.96494050000001,128.0,Error Arduino: HX711 not found.,65.91929389999996,2026-05-28T08:38:06.060,2026-05-28T08:53:36.060,,balanza,-0.045646600000054605
264,,8.7642e-05,66.21488499999987,2026-05-28T08:38:06.359,2026-05-28T08:53:36.359,multimetro,66.21488499999987,128.0,Error Arduino: HX711 not found.,65.91929389999996,2026-05-28T08:38:06.060,2026-05-28T08:53:36.060,,balanza,-0.2955910999999105
265,,8.7485e-05,66.47767550000003,2026-05-28T08:38:06.620,2026-05-28T08:53:36.620,multimetro,66.47767550000003,129.0,,66.91287790000001,2026-05-28T08:38:07.050,2026-05-28T08:53:37.050,607.61,balanza,0.4352023999999801
266,,8.7915e-05,66.71466659999987,2026-05-28T08:38:06.852,2026-05-28T08:53:36.852,multimetro,66.71466659999987,129.0,,66.91287790000001,2026-05-28T08:38:07.050,2026-05-28T08:53:37.050,607.61,balanza,0.1982113000001391
267,,8.781e-05,66.96492390000003,2026-05-28T08:38:07.101,2026-05-28T08:53:37.101,multimetro,66.96492390000003,130.0,Error Arduino: HX711 not found.,66.93589239999983,2026-05-28T08:38:07.080,2026-05-28T08:53:37.080,,balanza,-0.02903150000020105
268,,8.7464e-05,67.21494480000001,2026-05-28T08:38:07.354,2026-05-28T08:53:37.354,multimetro,67.21494480000001,130.0,Error Arduino: HX711 not found.,66.93589239999983,2026-05-28T08:38:07.080,2026-05-28T08:53:37.080,,balanza,-0.2790524000001824
269,,8.7318e-05,67.4652031999999,2026-05-28T08:38:07.609,2026-05-28T08:53:37.609,multimetro,67.4652031999999,131.0,,67.92958499999986,2026-05-28T08:38:08.073,2026-05-28T08:53:38.073,607.54,balanza,0.46438179999995555
270,,8.7695e-05,67.71477140000002,2026-05-28T08:38:07.859,2026-05-28T08:53:37.859,multimetro,67.71477140000002,131.0,,67.92958499999986,2026-05-28T08:38:08.073,2026-05-28T08:53:38.073,607.54,balanza,0.21481359999984306
271,,8.7695e-05,67.9649394999999,2026-05-28T08:38:08.109,2026-05-28T08:53:38.109,multimetro,67.9649394999999,132.0,Error Arduino: HX711 not found.,67.95265619999986,2026-05-28T08:38:08.097,2026-05-28T08:53:38.097,,balanza,-0.012283300000035524
272,,8.7423e-05,68.21500079999987,2026-05-28T08:38:08.359,2026-05-28T08:53:38.359,multimetro,68.21500079999987,132.0,Error Arduino: HX711 not found.,67.95265619999986,2026-05-28T08:38:08.097,2026-05-28T08:53:38.097,,balanza,-0.2623446000000058
273,,8.7433e-05,68.46463440000002,2026-05-28T08:38:08.600,2026-05-28T08:53:38.600,multimetro,68.46463440000002,133.0,,68.94646599999987,2026-05-28T08:38:09.084,2026-05-28T08:53:39.084,607.56,balanza,0.48183159999985037
274,,8.7433e-05,68.71452780000004,2026-05-28T08:38:08.859,2026-05-28T08:53:38.859,multimetro,68.71452780000004,133.0,,68.94646599999987,2026-05-28T08:38:09.084,2026-05-28T08:53:39.084,607.56,balanza,0.23193819999983134
275,,8.759e-05,68.96471610000003,2026-05-28T08:38:09.100,2026-05-28T08:53:39.100,multimetro,68.96471610000003,134.0,Error Arduino: HX711 not found.,68.96974490000002,2026-05-28T08:38:09.114,2026-05-28T08:53:39.114,,balanza,0.005028799999990952
276,,8.7485e-05,69.21491999999989,2026-05-28T08:38:09.351,2026-05-28T08:53:39.351,multimetro,69.21491999999989,134.0,Error Arduino: HX711 not found.,68.96974490000002,2026-05-28T08:38:09.114,2026-05-28T08:53:39.114,,balanza,-0.24517509999986942
277,,8.7286e-05,69.46487009999987,2026-05-28T08:38:09.607,2026-05-28T08:53:39.607,multimetro,69.46487009999987,134.0,Error Arduino: HX711 not found.,68.96974490000002,2026-05-28T08:38:09.114,2026-05-28T08:53:39.114,,balanza,-0.4951251999998476
278,,8.7433e-05,69.71499089999998,2026-05-28T08:38:09.859,2026-05-28T08:53:39.859,multimetro,69.71499089999998,135.0,,69.9633475999999,2026-05-28T08:38:10.108,2026-05-28T08:53:40.108,607.63,balanza,0.24835669999993115
279,,8.7653e-05,69.96500319999996,2026-05-28T08:38:10.109,2026-05-28T08:53:40.109,multimetro,69.96500319999996,135.0,,69.9633475999999,2026-05-28T08:38:10.108,2026-05-28T08:53:40.108,607.63,balanza,-0.0016556000000491622
280,,8.7548e-05,70.21500590000005,2026-05-28T08:38:10.359,2026-05-28T08:53:40.359,multimetro,70.21500590000005,136.0,Error Arduino: HX711 not found.,69.98659659999998,2026-05-28T08:38:10.124,2026-05-28T08:53:40.124,,balanza,-0.22840930000006665
281,,8.7412e-05,70.46812769999997,2026-05-28T08:38:10.612,2026-05-28T08:53:40.612,multimetro,70.46812769999997,136.0,Error Arduino: HX711 not found.,69.98659659999998,2026-05-28T08:38:10.124,2026-05-28T08:53:40.124,,balanza,-0.4815310999999838
282,,8.7203e-05,70.7150466999999,2026-05-28T08:38:10.859,2026-05-28T08:53:40.859,multimetro,70.7150466999999,137.0,,70.9802975,2026-05-28T08:38:11.124,2026-05-28T08:53:41.124,607.63,balanza,0.2652508000001035
283,,8.7318e-05,70.96497669999985,2026-05-28T08:38:11.101,2026-05-28T08:53:41.101,multimetro,70.96497669999985,137.0,,70.9802975,2026-05-28T08:38:11.124,2026-05-28T08:53:41.124,607.63,balanza,0.015320800000154122
284,,8.7297e-05,71.21511309999983,2026-05-28T08:38:11.359,2026-05-28T08:53:41.359,multimetro,71.21511309999983,138.0,Error Arduino: HX711 not found.,71.00336319999997,2026-05-28T08:38:11.145,2026-05-28T08:53:41.145,,balanza,-0.21174989999985883
285,,8.7339e-05,71.46488120000004,2026-05-28T08:38:11.609,2026-05-28T08:53:41.609,multimetro,71.46488120000004,138.0,Error Arduino: HX711 not found.,71.00336319999997,2026-05-28T08:38:11.145,2026-05-28T08:53:41.145,,balanza,-0.46151800000006915
286,,8.7213e-05,71.71511489999989,2026-05-28T08:38:11.859,2026-05-28T08:53:41.859,multimetro,71.71511489999989,139.0,,71.99707279999984,2026-05-28T08:38:12.134,2026-05-28T08:53:42.134,607.55,balanza,0.28195789999995213
287,,8.7234e-05,71.96490300000005,2026-05-28T08:38:12.109,2026-05-28T08:53:42.109,multimetro,71.96490300000005,139.0,,71.99707279999984,2026-05-28T08:38:12.134,2026-05-28T08:53:42.134,607.55,balanza,0.0321697999997923
288,,8.7391e-05,72.21462989999986,2026-05-28T08:38:12.359,2026-05-28T08:53:42.359,multimetro,72.21462989999986,140.0,Error Arduino: HX711 not found.,72.02013339999985,2026-05-28T08:38:12.164,2026-05-28T08:53:42.164,,balanza,-0.19449650000001384
289,,8.737e-05,72.46485599999983,2026-05-28T08:38:12.609,2026-05-28T08:53:42.609,multimetro,72.46485599999983,140.0,Error Arduino: HX711 not found.,72.02013339999985,2026-05-28T08:38:12.164,2026-05-28T08:53:42.164,,balanza,-0.4447225999999773
290,,8.7265e-05,72.71464409999999,2026-05-28T08:38:12.858,2026-05-28T08:53:42.858,multimetro,72.71464409999999,141.0,,73.01384250000001,2026-05-28T08:38:13.155,2026-05-28T08:53:43.155,607.64,balanza,0.29919840000002296
291,,8.7517e-05,72.96523039999988,2026-05-28T08:38:13.109,2026-05-28T08:53:43.109,multimetro,72.96523039999988,141.0,,73.01384250000001,2026-05-28T08:38:13.155,2026-05-28T08:53:43.155,607.64,balanza,0.04861210000012761
292,,8.7674e-05,73.21490289999997,2026-05-28T08:38:13.359,2026-05-28T08:53:43.359,multimetro,73.21490289999997,142.0,Error Arduino: HX711 not found.,73.03694429999996,2026-05-28T08:38:13.177,2026-05-28T08:53:43.177,,balanza,-0.17795860000001085
293,,8.7548e-05,73.46471909999991,2026-05-28T08:38:13.600,2026-05-28T08:53:43.600,multimetro,73.46471909999991,142.0,Error Arduino: HX711 not found.,73.03694429999996,2026-05-28T08:38:13.177,2026-05-28T08:53:43.177,,balanza,-0.42777479999995194
294,,8.736e-05,73.7151867,2026-05-28T08:38:13.859,2026-05-28T08:53:43.859,multimetro,73.7151867,143.0,,74.03064549999999,2026-05-28T08:38:14.172,2026-05-28T08:53:44.172,607.63,balanza,0.3154587999999876
295,,8.7758e-05,73.96496339999999,2026-05-28T08:38:14.108,2026-05-28T08:53:44.108,multimetro,73.96496339999999,143.0,,74.03064549999999,2026-05-28T08:38:14.172,2026-05-28T08:53:44.172,607.63,balanza,0.06568210000000363
296,,8.7464e-05,74.21462189999988,2026-05-28T08:38:14.359,2026-05-28T08:53:44.359,multimetro,74.21462189999988,144.0,Error Arduino: HX711 not found.,74.05366679999997,2026-05-28T08:38:14.198,2026-05-28T08:53:44.198,,balanza,-0.1609550999999101
297,,8.737e-05,74.46479920000002,2026-05-28T08:38:14.609,2026-05-28T08:53:44.609,multimetro,74.46479920000002,144.0,Error Arduino: HX711 not found.,74.05366679999997,2026-05-28T08:38:14.198,2026-05-28T08:53:44.198,,balanza,-0.41113240000004225
298,,8.7485e-05,74.7154415,2026-05-28T08:38:14.860,2026-05-28T08:53:44.860,multimetro,74.7154415,145.0,,75.0474119999999,2026-05-28T08:38:15.191,2026-05-28T08:53:45.191,607.54,balanza,0.3319704999998976
299,,8.7538e-05,74.96501330000001,2026-05-28T08:38:15.109,2026-05-28T08:53:45.109,multimetro,74.96501330000001,145.0,,75.0474119999999,2026-05-28T08:38:15.191,2026-05-28T08:53:45.191,607.54,balanza,0.08239869999988514
300,,8.7433e-05,75.21499210000002,2026-05-28T08:38:15.359,2026-05-28T08:53:45.359,multimetro,75.21499210000002,146.0,Error Arduino: HX711 not found.,75.07046889999992,2026-05-28T08:38:15.211,2026-05-28T08:53:45.211,,balanza,-0.14452320000009422
301,,8.7224e-05,75.46510089999992,2026-05-28T08:38:15.609,2026-05-28T08:53:45.609,multimetro,75.46510089999992,146.0,Error Arduino: HX711 not found.,75.07046889999992,2026-05-28T08:38:15.211,2026-05-28T08:53:45.211,,balanza,-0.3946320000000014
302,,8.6962e-05,75.71481019999987,2026-05-28T08:38:15.859,2026-05-28T08:53:45.859,multimetro,75.71481019999987,147.0,,76.06415609999999,2026-05-28T08:38:16.200,2026-05-28T08:53:46.200,607.62,balanza,0.34934590000011667
303,,8.7004e-05,75.96468289999984,2026-05-28T08:38:16.100,2026-05-28T08:53:46.100,multimetro,75.96468289999984,147.0,,76.06415609999999,2026-05-28T08:38:16.200,2026-05-28T08:53:46.200,607.62,balanza,0.0994732000001477
304,,8.6909e-05,76.21503239999993,2026-05-28T08:38:16.359,2026-05-28T08:53:46.359,multimetro,76.21503239999993,148.0,Error Arduino: HX711 not found.,76.08754810000005,2026-05-28T08:38:16.230,2026-05-28T08:53:46.230,,balanza,-0.1274842999998782
305,,8.7381e-05,76.46545709999987,2026-05-28T08:38:16.609,2026-05-28T08:53:46.609,multimetro,76.46545709999987,148.0,Error Arduino: HX711 not found.,76.08754810000005,2026-05-28T08:38:16.230,2026-05-28T08:53:46.230,,balanza,-0.37790899999981775
306,,8.693e-05,76.71474109999986,2026-05-28T08:38:16.859,2026-05-28T08:53:46.859,multimetro,76.71474109999986,149.0,,77.08104209999988,2026-05-28T08:38:17.224,2026-05-28T08:53:47.224,607.6,balanza,0.3663010000000213
307,,8.6909e-05,76.96481930000004,2026-05-28T08:38:17.109,2026-05-28T08:53:47.109,multimetro,76.96481930000004,149.0,,77.08104209999988,2026-05-28T08:38:17.224,2026-05-28T08:53:47.224,607.6,balanza,0.1162227999998322
308,,8.6752e-05,77.21481199999994,2026-05-28T08:38:17.350,2026-05-28T08:53:47.350,multimetro,77.21481199999994,150.0,Error Arduino: HX711 not found.,77.10423309999987,2026-05-28T08:38:17.248,2026-05-28T08:53:47.248,,balanza,-0.1105789000000641
309,,8.6742e-05,77.4647539,2026-05-28T08:38:17.608,2026-05-28T08:53:47.608,multimetro,77.4647539,150.0,Error Arduino: HX711 not found.,77.10423309999987,2026-05-28T08:38:17.248,2026-05-28T08:53:47.248,,balanza,-0.3605208000001312
310,,8.7108e-05,77.71489049999991,2026-05-28T08:38:17.859,2026-05-28T08:53:47.859,multimetro,77.71489049999991,151.0,,78.09794889999989,2026-05-28T08:38:18.234,2026-05-28T08:53:48.234,607.59,balanza,0.3830583999999817
311,,8.6836e-05,77.96496090000005,2026-05-28T08:38:18.109,2026-05-28T08:53:48.109,multimetro,77.96496090000005,151.0,,78.09794889999989,2026-05-28T08:38:18.234,2026-05-28T08:53:48.234,607.59,balanza,0.13298799999984112
312,,8.6543e-05,78.21515619999991,2026-05-28T08:38:18.359,2026-05-28T08:53:48.359,multimetro,78.21515619999991,152.0,Error Arduino: HX711 not found.,78.12106289999997,2026-05-28T08:38:18.264,2026-05-28T08:53:48.264,,balanza,-0.09409329999994043
313,,8.6711e-05,78.46482849999984,2026-05-28T08:38:18.609,2026-05-28T08:53:48.609,multimetro,78.46482849999984,152.0,Error Arduino: HX711 not found.,78.12106289999997,2026-05-28T08:38:18.264,2026-05-28T08:53:48.264,,balanza,-0.34376559999986966
314,,8.6868e-05,78.7148181,2026-05-28T08:38:18.859,2026-05-28T08:53:48.859,multimetro,78.7148181,153.0,,79.1147441999999,2026-05-28T08:38:19.257,2026-05-28T08:53:49.257,607.56,balanza,0.39992609999990236
315,,8.7108e-05,78.96497909999994,2026-05-28T08:38:19.109,2026-05-28T08:53:49.109,multimetro,78.96497909999994,153.0,,79.1147441999999,2026-05-28T08:38:19.257,2026-05-28T08:53:49.257,607.56,balanza,0.1497650999999678
316,,8.693e-05,79.21472349999999,2026-05-28T08:38:19.358,2026-05-28T08:53:49.358,multimetro,79.21472349999999,154.0,Error Arduino: HX711 not found.,79.13790199999994,2026-05-28T08:38:19.281,2026-05-28T08:53:49.281,,balanza,-0.07682150000005095
317,,8.6805e-05,79.46499599999993,2026-05-28T08:38:19.609,2026-05-28T08:53:49.609,multimetro,79.46499599999993,154.0,Error Arduino: HX711 not found.,79.13790199999994,2026-05-28T08:38:19.281,2026-05-28T08:53:49.281,,balanza,-0.3270939999999882
318,,8.6899e-05,79.71490229999995,2026-05-28T08:38:19.858,2026-05-28T08:53:49.858,multimetro,79.71490229999995,155.0,,80.13144339999985,2026-05-28T08:38:20.274,2026-05-28T08:53:50.274,607.63,balanza,0.41654109999990396
319,,8.6836e-05,79.96482539999988,2026-05-28T08:38:20.107,2026-05-28T08:53:50.107,multimetro,79.96482539999988,155.0,,80.13144339999985,2026-05-28T08:38:20.274,2026-05-28T08:53:50.274,607.63,balanza,0.1666179999999713
320,,8.6773e-05,80.21504989999994,2026-05-28T08:38:20.359,2026-05-28T08:53:50.359,multimetro,80.21504989999994,156.0,Error Arduino: HX711 not found.,80.15448790000005,2026-05-28T08:38:20.298,2026-05-28T08:53:50.298,,balanza,-0.06056199999989076
321,,8.7056e-05,80.46499349999999,2026-05-28T08:38:20.609,2026-05-28T08:53:50.609,multimetro,80.46499349999999,156.0,Error Arduino: HX711 not found.,80.15448790000005,2026-05-28T08:38:20.298,2026-05-28T08:53:50.298,,balanza,-0.3105055999999422
322,,8.6606e-05,80.7146957,2026-05-28T08:38:20.858,2026-05-28T08:53:50.858,multimetro,80.7146957,157.0,,81.14827999999989,2026-05-28T08:38:21.291,2026-05-28T08:53:51.291,607.62,balanza,0.4335842999998931
323,,8.6627e-05,80.96504529999993,2026-05-28T08:38:21.107,2026-05-28T08:53:51.107,multimetro,80.96504529999993,157.0,,81.14827999999989,2026-05-28T08:38:21.291,2026-05-28T08:53:51.291,607.62,balanza,0.18323469999995723
324,,8.6826e-05,81.21493999999984,2026-05-28T08:38:21.357,2026-05-28T08:53:51.357,multimetro,81.21493999999984,158.0,Error Arduino: HX711 not found.,81.17145419999997,2026-05-28T08:38:21.314,2026-05-28T08:53:51.314,,balanza,-0.04348579999987123
325,,8.6836e-05,81.4649417999999,2026-05-28T08:38:21.607,2026-05-28T08:53:51.607,multimetro,81.4649417999999,158.0,Error Arduino: HX711 not found.,81.17145419999997,2026-05-28T08:38:21.314,2026-05-28T08:53:51.314,,balanza,-0.2934875999999349
326,,8.6627e-05,81.71478119999983,2026-05-28T08:38:21.859,2026-05-28T08:53:51.859,multimetro,81.71478119999983,159.0,,82.16517799999997,2026-05-28T08:38:22.307,2026-05-28T08:53:52.307,607.62,balanza,0.45039680000013504
327,,8.6512e-05,81.96515249999993,2026-05-28T08:38:22.109,2026-05-28T08:53:52.109,multimetro,81.96515249999993,159.0,,82.16517799999997,2026-05-28T08:38:22.307,2026-05-28T08:53:52.307,607.62,balanza,0.20002550000003794
328,,8.6868e-05,82.21508099999983,2026-05-28T08:38:22.359,2026-05-28T08:53:52.359,multimetro,82.21508099999983,160.0,Error Arduino: HX711 not found.,82.18829319999986,2026-05-28T08:38:22.332,2026-05-28T08:53:52.332,,balanza,-0.0267877999999655
329,,8.6983e-05,82.46493349999992,2026-05-28T08:38:22.607,2026-05-28T08:53:52.607,multimetro,82.46493349999992,160.0,Error Arduino: HX711 not found.,82.18829319999986,2026-05-28T08:38:22.332,2026-05-28T08:53:52.332,,balanza,-0.2766403000000537
330,,8.6711e-05,82.71501309999985,2026-05-28T08:38:22.850,2026-05-28T08:53:52.850,multimetro,82.71501309999985,161.0,,83.18187929999999,2026-05-28T08:38:23.324,2026-05-28T08:53:53.324,607.56,balanza,0.46686620000014045
331,,8.6732e-05,82.96489899999983,2026-05-28T08:38:23.109,2026-05-28T08:53:53.109,multimetro,82.96489899999983,161.0,,83.18187929999999,2026-05-28T08:38:23.324,2026-05-28T08:53:53.324,607.56,balanza,0.21698030000015933
332,,8.6784e-05,83.21489640000004,2026-05-28T08:38:23.359,2026-05-28T08:53:53.359,multimetro,83.21489640000004,162.0,Error Arduino: HX711 not found.,83.2051469999999,2026-05-28T08:38:23.350,2026-05-28T08:53:53.350,,balanza,-0.009749400000146125
333,,8.6595e-05,83.48562070000003,2026-05-28T08:38:23.624,2026-05-28T08:53:53.624,multimetro,83.48562070000003,162.0,Error Arduino: HX711 not found.,83.2051469999999,2026-05-28T08:38:23.350,2026-05-28T08:53:53.350,,balanza,-0.2804737000001296
334,,8.6522e-05,83.71512359999997,2026-05-28T08:38:23.859,2026-05-28T08:53:53.859,multimetro,83.71512359999997,163.0,,84.19862679999983,2026-05-28T08:38:24.343,2026-05-28T08:53:54.343,607.65,balanza,0.48350319999985913
335,,8.6417e-05,83.96503419999999,2026-05-28T08:38:24.109,2026-05-28T08:53:54.109,multimetro,83.96503419999999,163.0,,84.19862679999983,2026-05-28T08:38:24.343,2026-05-28T08:53:54.343,607.65,balanza,0.23359259999983806
336,,8.6595e-05,84.21473040000001,2026-05-28T08:38:24.359,2026-05-28T08:53:54.359,multimetro,84.21473040000001,164.0,Error Arduino: HX711 not found.,84.22198989999993,2026-05-28T08:38:24.364,2026-05-28T08:53:54.364,,balanza,0.007259499999918262
337,,8.669e-05,84.46513370000002,2026-05-28T08:38:24.609,2026-05-28T08:53:54.609,multimetro,84.46513370000002,164.0,Error Arduino: HX711 not found.,84.22198989999993,2026-05-28T08:38:24.364,2026-05-28T08:53:54.364,,balanza,-0.24314380000009805
338,,8.6407e-05,84.71481709999989,2026-05-28T08:38:24.859,2026-05-28T08:53:54.859,multimetro,84.71481709999989,164.0,Error Arduino: HX711 not found.,84.22198989999993,2026-05-28T08:38:24.364,2026-05-28T08:53:54.364,,balanza,-0.49282719999996516
339,,8.6407e-05,84.96483249999983,2026-05-28T08:38:25.107,2026-05-28T08:53:55.107,multimetro,84.96483249999983,165.0,,85.21549949999985,2026-05-28T08:38:25.357,2026-05-28T08:53:55.357,607.57,balanza,0.2506670000000213
340,,8.6595e-05,85.21464939999987,2026-05-28T08:38:25.357,2026-05-28T08:53:55.357,multimetro,85.21464939999987,165.0,,85.21549949999985,2026-05-28T08:38:25.357,2026-05-28T08:53:55.357,607.57,balanza,0.0008500999999796477
341,,8.669e-05,85.46549279999999,2026-05-28T08:38:25.607,2026-05-28T08:53:55.607,multimetro,85.46549279999999,166.0,Error Arduino: HX711 not found.,85.23857669999984,2026-05-28T08:38:25.381,2026-05-28T08:53:55.381,,balanza,-0.22691610000015316
342,,8.6428e-05,85.71496219999995,2026-05-28T08:38:25.859,2026-05-28T08:53:55.859,multimetro,85.71496219999995,166.0,Error Arduino: HX711 not found.,85.23857669999984,2026-05-28T08:38:25.381,2026-05-28T08:53:55.381,,balanza,-0.4763855000001058
343,,8.6459e-05,85.96492869999997,2026-05-28T08:38:26.109,2026-05-28T08:53:56.109,multimetro,85.96492869999997,167.0,,86.2321981,2026-05-28T08:38:26.376,2026-05-28T08:53:56.376,607.59,balanza,0.26726940000003196
344,,8.6574e-05,86.21502919999989,2026-05-28T08:38:26.358,2026-05-28T08:53:56.358,multimetro,86.21502919999989,167.0,,86.2321981,2026-05-28T08:38:26.376,2026-05-28T08:53:56.376,607.59,balanza,0.017168900000115173
345,,8.67e-05,86.46497120000004,2026-05-28T08:38:26.607,2026-05-28T08:53:56.607,multimetro,86.46497120000004,168.0,Error Arduino: HX711 not found.,86.25553079999986,2026-05-28T08:38:26.397,2026-05-28T08:53:56.397,,balanza,-0.20944040000017594
346,,8.6522e-05,86.71500709999987,2026-05-28T08:38:26.859,2026-05-28T08:53:56.859,multimetro,86.71500709999987,168.0,Error Arduino: HX711 not found.,86.25553079999986,2026-05-28T08:38:26.397,2026-05-28T08:53:56.397,,balanza,-0.4594763000000057
347,,8.6407e-05,86.96479950000003,2026-05-28T08:38:27.109,2026-05-28T08:53:57.109,multimetro,86.96479950000003,169.0,,87.24896309999986,2026-05-28T08:38:27.390,2026-05-28T08:53:57.390,607.61,balanza,0.2841635999998289
348,,8.647e-05,87.21513919999984,2026-05-28T08:38:27.359,2026-05-28T08:53:57.359,multimetro,87.21513919999984,169.0,,87.24896309999986,2026-05-28T08:38:27.390,2026-05-28T08:53:57.390,607.61,balanza,0.03382390000001578
349,,8.6574e-05,87.46491730000002,2026-05-28T08:38:27.609,2026-05-28T08:53:57.609,multimetro,87.46491730000002,170.0,Error Arduino: HX711 not found.,87.27202739999984,2026-05-28T08:38:27.416,2026-05-28T08:53:57.416,,balanza,-0.19288990000018202
350,,8.6355e-05,87.71509689999993,2026-05-28T08:38:27.859,2026-05-28T08:53:57.859,multimetro,87.71509689999993,170.0,Error Arduino: HX711 not found.,87.27202739999984,2026-05-28T08:38:27.416,2026-05-28T08:53:57.416,,balanza,-0.4430695000000924
351,,8.6407e-05,87.96516389999988,2026-05-28T08:38:28.107,2026-05-28T08:53:58.107,multimetro,87.96516389999988,171.0,,88.26570749999996,2026-05-28T08:38:28.407,2026-05-28T08:53:58.407,607.57,balanza,0.30054360000008273
352,,8.626e-05,88.21484979999991,2026-05-28T08:38:28.359,2026-05-28T08:53:58.359,multimetro,88.21484979999991,171.0,,88.26570749999996,2026-05-28T08:38:28.407,2026-05-28T08:53:58.407,607.57,balanza,0.05085770000005141
353,,8.669e-05,88.46487000000002,2026-05-28T08:38:28.608,2026-05-28T08:53:58.608,multimetro,88.46487000000002,172.0,Error Arduino: HX711 not found.,88.28896499999996,2026-05-28T08:38:28.431,2026-05-28T08:53:58.431,,balanza,-0.17590500000005704
354,,8.6637e-05,88.71504349999987,2026-05-28T08:38:28.857,2026-05-28T08:53:58.857,multimetro,88.71504349999987,172.0,Error Arduino: HX711 not found.,88.28896499999996,2026-05-28T08:38:28.431,2026-05-28T08:53:58.431,,balanza,-0.4260784999999032
355,,8.6344e-05,88.96482130000004,2026-05-28T08:38:29.109,2026-05-28T08:53:59.109,multimetro,88.96482130000004,173.0,,89.28255209999998,2026-05-28T08:38:29.424,2026-05-28T08:53:59.424,607.65,balanza,0.3177307999999357
356,,8.6313e-05,89.21453959999985,2026-05-28T08:38:29.358,2026-05-28T08:53:59.358,multimetro,89.21453959999985,173.0,,89.28255209999998,2026-05-28T08:38:29.424,2026-05-28T08:53:59.424,607.65,balanza,0.0680125000001226
357,,8.647e-05,89.46498999999994,2026-05-28T08:38:29.607,2026-05-28T08:53:59.607,multimetro,89.46498999999994,174.0,Error Arduino: HX711 not found.,89.30559979999998,2026-05-28T08:38:29.450,2026-05-28T08:53:59.450,,balanza,-0.15939019999996162
358,,8.6271e-05,89.71493429999987,2026-05-28T08:38:29.858,2026-05-28T08:53:59.858,multimetro,89.71493429999987,174.0,Error Arduino: HX711 not found.,89.30559979999998,2026-05-28T08:38:29.450,2026-05-28T08:53:59.450,,balanza,-0.40933449999988625
359,,8.6407e-05,89.96501899999998,2026-05-28T08:38:30.109,2026-05-28T08:54:00.109,multimetro,89.96501899999998,175.0,,90.29943349999985,2026-05-28T08:38:30.441,2026-05-28T08:54:00.441,607.59,balanza,0.33441449999986617
360,,8.6376e-05,90.21466809999993,2026-05-28T08:38:30.359,2026-05-28T08:54:00.359,multimetro,90.21466809999993,175.0,,90.29943349999985,2026-05-28T08:38:30.441,2026-05-28T08:54:00.441,607.59,balanza,0.08476539999992383
361,,8.6344e-05,90.46491519999995,2026-05-28T08:38:30.609,2026-05-28T08:54:00.609,multimetro,90.46491519999995,176.0,Error Arduino: HX711 not found.,90.32254049999983,2026-05-28T08:38:30.464,2026-05-28T08:54:00.464,,balanza,-0.14237470000011854
362,,8.6459e-05,90.71498489999999,2026-05-28T08:38:30.859,2026-05-28T08:54:00.859,multimetro,90.71498489999999,176.0,Error Arduino: HX711 not found.,90.32254049999983,2026-05-28T08:38:30.464,2026-05-28T08:54:00.464,,balanza,-0.39244440000015857
363,,8.6187e-05,90.965105,2026-05-28T08:38:31.107,2026-05-28T08:54:01.107,multimetro,90.965105,177.0,,91.31616989999998,2026-05-28T08:38:31.460,2026-05-28T08:54:01.460,607.63,balanza,0.351064899999983
364,,8.6302e-05,91.21452350000004,2026-05-28T08:38:31.355,2026-05-28T08:54:01.355,multimetro,91.21452350000004,177.0,,91.31616989999998,2026-05-28T08:38:31.460,2026-05-28T08:54:01.460,607.63,balanza,0.10164639999993597
365,,8.6281e-05,91.46485759999996,2026-05-28T08:38:31.607,2026-05-28T08:54:01.607,multimetro,91.46485759999996,178.0,Error Arduino: HX711 not found.,91.33935699999984,2026-05-28T08:38:31.481,2026-05-28T08:54:01.481,,balanza,-0.12550060000012309
366,,8.6334e-05,91.71492569999987,2026-05-28T08:38:31.856,2026-05-28T08:54:01.856,multimetro,91.71492569999987,178.0,Error Arduino: HX711 not found.,91.33935699999984,2026-05-28T08:38:31.481,2026-05-28T08:54:01.481,,balanza,-0.37556870000003073
367,,8.6229e-05,91.96492539999986,2026-05-28T08:38:32.107,2026-05-28T08:54:02.107,multimetro,91.96492539999986,179.0,,92.33292310000002,2026-05-28T08:38:32.474,2026-05-28T08:54:02.474,607.57,balanza,0.36799770000015997
368,,8.5999e-05,92.21455549999996,2026-05-28T08:38:32.359,2026-05-28T08:54:02.359,multimetro,92.21455549999996,179.0,,92.33292310000002,2026-05-28T08:38:32.474,2026-05-28T08:54:02.474,607.57,balanza,0.11836760000005597
369,,8.6124e-05,92.46483119999994,2026-05-28T08:38:32.609,2026-05-28T08:54:02.609,multimetro,92.46483119999994,181.0,Error Arduino: HX711 not found.,92.36956740000005,2026-05-28T08:38:32.513,2026-05-28T08:54:02.513,,balanza,-0.09526379999988421
370,,8.6135e-05,92.71554399999991,2026-05-28T08:38:32.860,2026-05-28T08:54:02.860,multimetro,92.71554399999991,181.0,Error Arduino: HX711 not found.,92.36956740000005,2026-05-28T08:38:32.513,2026-05-28T08:54:02.513,,balanza,-0.3459765999998581
371,,8.6103e-05,92.96497649999992,2026-05-28T08:38:33.107,2026-05-28T08:54:03.107,multimetro,92.96497649999992,182.0,,93.36313329999984,2026-05-28T08:38:33.507,2026-05-28T08:54:03.507,607.55,balanza,0.39815679999992426
372,,8.6061e-05,93.21492209999997,2026-05-28T08:38:33.359,2026-05-28T08:54:03.359,multimetro,93.21492209999997,182.0,,93.36313329999984,2026-05-28T08:38:33.507,2026-05-28T08:54:03.507,607.55,balanza,0.14821119999987786
373,,8.6093e-05,93.46494970000003,2026-05-28T08:38:33.609,2026-05-28T08:54:03.609,multimetro,93.46494970000003,183.0,Error Arduino: HX711 not found.,93.386393,2026-05-28T08:38:33.530,2026-05-28T08:54:03.530,,balanza,-0.07855670000003556
374,,8.6124e-05,93.71485280000002,2026-05-28T08:38:33.857,2026-05-28T08:54:03.857,multimetro,93.71485280000002,183.0,Error Arduino: HX711 not found.,93.386393,2026-05-28T08:38:33.530,2026-05-28T08:54:03.530,,balanza,-0.32845980000001873
375,,8.6072e-05,93.96489269999984,2026-05-28T08:38:34.109,2026-05-28T08:54:04.109,multimetro,93.96489269999984,184.0,,94.37997539999992,2026-05-28T08:38:34.524,2026-05-28T08:54:04.524,607.61,balanza,0.4150827000000845
376,,8.6114e-05,94.21466689999988,2026-05-28T08:38:34.357,2026-05-28T08:54:04.357,multimetro,94.21466689999988,184.0,,94.37997539999992,2026-05-28T08:38:34.524,2026-05-28T08:54:04.524,607.61,balanza,0.16530850000003738
377,,8.5978e-05,94.46551189999991,2026-05-28T08:38:34.607,2026-05-28T08:54:04.607,multimetro,94.46551189999991,185.0,Error Arduino: HX711 not found.,94.40303459999996,2026-05-28T08:38:34.547,2026-05-28T08:54:04.547,,balanza,-0.062477299999954994
378,,8.6061e-05,94.71482079999987,2026-05-28T08:38:34.857,2026-05-28T08:54:04.857,multimetro,94.71482079999987,185.0,Error Arduino: HX711 not found.,94.40303459999996,2026-05-28T08:38:34.547,2026-05-28T08:54:04.547,,balanza,-0.31178619999991497
379,,8.5957e-05,94.96499049999989,2026-05-28T08:38:35.109,2026-05-28T08:54:05.109,multimetro,94.96499049999989,186.0,,95.39682819999985,2026-05-28T08:38:35.541,2026-05-28T08:54:05.541,607.68,balanza,0.43183769999996
380,,8.6114e-05,95.21474199999989,2026-05-28T08:38:35.357,2026-05-28T08:54:05.357,multimetro,95.21474199999989,186.0,,95.39682819999985,2026-05-28T08:38:35.541,2026-05-28T08:54:05.541,607.68,balanza,0.1820861999999579
381,,8.5978e-05,95.46484799999985,2026-05-28T08:38:35.609,2026-05-28T08:54:05.609,multimetro,95.46484799999985,187.0,Error Arduino: HX711 not found.,95.41984060000004,2026-05-28T08:38:35.564,2026-05-28T08:54:05.564,,balanza,-0.045007399999803965
382,,8.6135e-05,95.71484309999983,2026-05-28T08:38:35.858,2026-05-28T08:54:05.858,multimetro,95.71484309999983,187.0,Error Arduino: HX711 not found.,95.41984060000004,2026-05-28T08:38:35.564,2026-05-28T08:54:05.564,,balanza,-0.29500249999978223
383,,8.5988e-05,95.96503359999997,2026-05-28T08:38:36.107,2026-05-28T08:54:06.107,multimetro,95.96503359999997,188.0,,96.41362449999997,2026-05-28T08:38:36.557,2026-05-28T08:54:06.557,607.6,balanza,0.44859089999999924
384,,8.5863e-05,96.21484420000002,2026-05-28T08:38:36.359,2026-05-28T08:54:06.359,multimetro,96.21484420000002,188.0,,96.41362449999997,2026-05-28T08:38:36.557,2026-05-28T08:54:06.557,607.6,balanza,0.19878029999995306
385,,8.5925e-05,96.46907429999987,2026-05-28T08:38:36.613,2026-05-28T08:54:06.613,multimetro,96.46907429999987,189.0,Error Arduino: HX711 not found.,96.43668490000005,2026-05-28T08:38:36.580,2026-05-28T08:54:06.580,,balanza,-0.03238939999982904
386,,8.6198e-05,96.71481259999996,2026-05-28T08:38:36.857,2026-05-28T08:54:06.857,multimetro,96.71481259999996,189.0,Error Arduino: HX711 not found.,96.43668490000005,2026-05-28T08:38:36.580,2026-05-28T08:54:06.580,,balanza,-0.2781276999999136
387,,8.6229e-05,96.96507499999984,2026-05-28T08:38:37.109,2026-05-28T08:54:07.109,multimetro,96.96507499999984,190.0,,97.43032979999998,2026-05-28T08:38:37.574,2026-05-28T08:54:07.574,607.58,balanza,0.46525480000013886
388,,8.6061e-05,97.21487899999988,2026-05-28T08:38:37.358,2026-05-28T08:54:07.358,multimetro,97.21487899999988,190.0,,97.43032979999998,2026-05-28T08:38:37.574,2026-05-28T08:54:07.574,607.58,balanza,0.21545080000009875
389,,8.6124e-05,97.46488069999987,2026-05-28T08:38:37.609,2026-05-28T08:54:07.609,multimetro,97.46488069999987,191.0,Error Arduino: HX711 not found.,97.45338709999987,2026-05-28T08:38:37.597,2026-05-28T08:54:07.597,,balanza,-0.01149359999999433
390,,8.6114e-05,97.71490730000005,2026-05-28T08:38:37.857,2026-05-28T08:54:07.857,multimetro,97.71490730000005,191.0,Error Arduino: HX711 not found.,97.45338709999987,2026-05-28T08:38:37.597,2026-05-28T08:54:07.597,,balanza,-0.2615202000001773
391,,8.5967e-05,97.96482429999992,2026-05-28T08:38:38.109,2026-05-28T08:54:08.109,multimetro,97.96482429999992,192.0,,98.44714109999995,2026-05-28T08:38:38.591,2026-05-28T08:54:08.591,607.6,balanza,0.4823168000000351
392,,8.5999e-05,98.21489999999994,2026-05-28T08:38:38.350,2026-05-28T08:54:08.350,multimetro,98.21489999999994,192.0,,98.44714109999995,2026-05-28T08:38:38.591,2026-05-28T08:54:08.591,607.6,balanza,0.2322411000000102
393,,8.6072e-05,98.46460039999988,2026-05-28T08:38:38.601,2026-05-28T08:54:08.601,multimetro,98.46460039999988,193.0,Error Arduino: HX711 not found.,98.4703993999999,2026-05-28T08:38:38.614,2026-05-28T08:54:08.614,,balanza,0.0057990000000245345
394,,8.6041e-05,98.71495660000005,2026-05-28T08:38:38.859,2026-05-28T08:54:08.859,multimetro,98.71495660000005,193.0,Error Arduino: HX711 not found.,98.4703993999999,2026-05-28T08:38:38.614,2026-05-28T08:54:08.614,,balanza,-0.2445572000001448
395,,8.581e-05,98.96490369999992,2026-05-28T08:38:39.109,2026-05-28T08:54:09.109,multimetro,98.96490369999992,193.0,Error Arduino: HX711 not found.,98.4703993999999,2026-05-28T08:38:38.614,2026-05-28T08:54:08.614,,balanza,-0.4945043000000169
396,,8.58e-05,99.21464730000002,2026-05-28T08:38:39.358,2026-05-28T08:54:09.358,multimetro,99.21464730000002,194.0,,99.46398539999996,2026-05-28T08:38:39.608,2026-05-28T08:54:09.608,607.67,balanza,0.24933809999993173
397,,8.5842e-05,99.46489059999999,2026-05-28T08:38:39.609,2026-05-28T08:54:09.609,multimetro,99.46489059999999,194.0,,99.46398539999996,2026-05-28T08:38:39.608,2026-05-28T08:54:09.608,607.67,balanza,-0.0009052000000338012
398,,8.5622e-05,99.71460309999998,2026-05-28T08:38:39.859,2026-05-28T08:54:09.859,multimetro,99.71460309999998,195.0,Error Arduino: HX711 not found.,99.48731249999992,2026-05-28T08:38:39.631,2026-05-28T08:54:09.631,,balanza,-0.2272906000000603
399,,8.5643e-05,99.96485409999991,2026-05-28T08:38:40.109,2026-05-28T08:54:10.109,multimetro,99.96485409999991,195.0,Error Arduino: HX711 not found.,99.48731249999992,2026-05-28T08:38:39.631,2026-05-28T08:54:09.631,,balanza,-0.477541599999995
400,,8.5569e-05,100.2149202999999,2026-05-28T08:38:40.358,2026-05-28T08:54:10.358,multimetro,100.2149202999999,196.0,,100.4809057,2026-05-28T08:38:40.624,2026-05-28T08:54:10.624,607.57,balanza,0.2659854000000905
401,,8.559e-05,100.4650259,2026-05-28T08:38:40.609,2026-05-28T08:54:10.609,multimetro,100.4650259,196.0,,100.4809057,2026-05-28T08:38:40.624,2026-05-28T08:54:10.624,607.57,balanza,0.015879799999993338
402,,8.5622e-05,100.71484369999985,2026-05-28T08:38:40.859,2026-05-28T08:54:10.859,multimetro,100.71484369999985,197.0,Error Arduino: HX711 not found.,100.50390879999986,2026-05-28T08:38:40.648,2026-05-28T08:54:10.648,,balanza,-0.21093489999998383
403,,8.5486e-05,100.96478379999985,2026-05-28T08:38:41.109,2026-05-28T08:54:11.109,multimetro,100.96478379999985,197.0,Error Arduino: HX711 not found.,100.50390879999986,2026-05-28T08:38:40.648,2026-05-28T08:54:10.648,,balanza,-0.46087499999998727
404,,8.5465e-05,101.21461619999991,2026-05-28T08:38:41.357,2026-05-28T08:54:11.357,multimetro,101.21461619999991,198.0,,101.49781399999983,2026-05-28T08:38:41.641,2026-05-28T08:54:11.641,607.61,balanza,0.28319779999992534
405,,8.5538e-05,101.46479199999999,2026-05-28T08:38:41.609,2026-05-28T08:54:11.609,multimetro,101.46479199999999,198.0,,101.49781399999983,2026-05-28T08:38:41.641,2026-05-28T08:54:11.641,607.61,balanza,0.03302199999984623
406,,8.5768e-05,101.71491500000002,2026-05-28T08:38:41.858,2026-05-28T08:54:11.858,multimetro,101.71491500000002,199.0,Error Arduino: HX711 not found.,101.52099429999998,2026-05-28T08:38:41.664,2026-05-28T08:54:11.664,,balanza,-0.19392070000003514
407,,8.559e-05,101.96504089999985,2026-05-28T08:38:42.109,2026-05-28T08:54:12.109,multimetro,101.96504089999985,199.0,Error Arduino: HX711 not found.,101.52099429999998,2026-05-28T08:38:41.664,2026-05-28T08:54:11.664,,balanza,-0.44404659999986507
408,,8.5726e-05,102.21497120000004,2026-05-28T08:38:42.359,2026-05-28T08:54:12.359,multimetro,102.21497120000004,200.0,,102.51464069999997,2026-05-28T08:38:42.657,2026-05-28T08:54:12.657,607.57,balanza,0.2996694999999363
409,,8.6145e-05,102.46493739999983,2026-05-28T08:38:42.609,2026-05-28T08:54:12.609,multimetro,102.46493739999983,200.0,,102.51464069999997,2026-05-28T08:38:42.657,2026-05-28T08:54:12.657,607.57,balanza,0.049703300000146555
410,,8.5946e-05,102.71488669999985,2026-05-28T08:38:42.857,2026-05-28T08:54:12.857,multimetro,102.71488669999985,201.0,Error Arduino: HX711 not found.,102.5378467999999,2026-05-28T08:38:42.681,2026-05-28T08:54:12.681,,balanza,-0.1770398999999543
411,,8.537e-05,102.9649116999999,2026-05-28T08:38:43.107,2026-05-28T08:54:13.107,multimetro,102.9649116999999,201.0,Error Arduino: HX711 not found.,102.5378467999999,2026-05-28T08:38:42.681,2026-05-28T08:54:12.681,,balanza,-0.42706490000000485
412,,8.6009e-05,103.2145794999999,2026-05-28T08:38:43.357,2026-05-28T08:54:13.357,multimetro,103.2145794999999,202.0,,103.53138390000004,2026-05-28T08:38:43.667,2026-05-28T08:54:13.667,607.56,balanza,0.3168044000001373
413,,8.5863e-05,103.46537289999992,2026-05-28T08:38:43.609,2026-05-28T08:54:13.609,multimetro,103.46537289999992,202.0,,103.53138390000004,2026-05-28T08:38:43.667,2026-05-28T08:54:13.667,607.56,balanza,0.06601100000011684
414,,8.5559e-05,103.71459259999983,2026-05-28T08:38:43.859,2026-05-28T08:54:13.859,multimetro,103.71459259999983,203.0,Error Arduino: HX711 not found.,103.55448460000002,2026-05-28T08:38:43.697,2026-05-28T08:54:13.697,,balanza,-0.16010799999980918
415,,8.5779e-05,103.96468400000003,2026-05-28T08:38:44.108,2026-05-28T08:54:14.108,multimetro,103.96468400000003,203.0,Error Arduino: HX711 not found.,103.55448460000002,2026-05-28T08:38:43.697,2026-05-28T08:54:13.697,,balanza,-0.41019940000001043
416,,8.581e-05,104.21490359999984,2026-05-28T08:38:44.359,2026-05-28T08:54:14.359,multimetro,104.21490359999984,204.0,,104.54830149999998,2026-05-28T08:38:44.691,2026-05-28T08:54:14.691,607.64,balanza,0.33339790000013636
417,,8.5444e-05,104.46485119999988,2026-05-28T08:38:44.609,2026-05-28T08:54:14.609,multimetro,104.46485119999988,204.0,,104.54830149999998,2026-05-28T08:38:44.691,2026-05-28T08:54:14.691,607.64,balanza,0.08345030000009501
418,,8.5224e-05,104.7147293999999,2026-05-28T08:38:44.857,2026-05-28T08:54:14.857,multimetro,104.7147293999999,205.0,Error Arduino: HX711 not found.,104.57138529999997,2026-05-28T08:38:44.714,2026-05-28T08:54:14.714,,balanza,-0.14334409999992204
419,,8.5873e-05,104.96507369999995,2026-05-28T08:38:45.109,2026-05-28T08:54:15.109,multimetro,104.96507369999995,205.0,Error Arduino: HX711 not found.,104.57138529999997,2026-05-28T08:38:44.714,2026-05-28T08:54:14.714,,balanza,-0.3936883999999736
420,,8.5423e-05,105.21479479999994,2026-05-28T08:38:45.359,2026-05-28T08:54:15.359,multimetro,105.21479479999994,206.0,,105.56496589999983,2026-05-28T08:38:45.700,2026-05-28T08:54:15.700,607.56,balanza,0.3501710999998977
421,,8.5339e-05,105.46480659999997,2026-05-28T08:38:45.609,2026-05-28T08:54:15.609,multimetro,105.46480659999997,206.0,,105.56496589999983,2026-05-28T08:38:45.700,2026-05-28T08:54:15.700,607.56,balanza,0.10015929999985929
422,,8.5632e-05,105.7148772999999,2026-05-28T08:38:45.859,2026-05-28T08:54:15.859,multimetro,105.7148772999999,207.0,Error Arduino: HX711 not found.,105.58805839999991,2026-05-28T08:38:45.732,2026-05-28T08:54:15.732,,balanza,-0.1268188999999893
423,,8.5276e-05,105.96498479999991,2026-05-28T08:38:46.109,2026-05-28T08:54:16.109,multimetro,105.96498479999991,207.0,Error Arduino: HX711 not found.,105.58805839999991,2026-05-28T08:38:45.732,2026-05-28T08:54:15.732,,balanza,-0.3769264000000021
424,,8.5192e-05,106.21497739999995,2026-05-28T08:38:46.359,2026-05-28T08:54:16.359,multimetro,106.21497739999995,208.0,,106.58171949999996,2026-05-28T08:38:46.724,2026-05-28T08:54:16.724,607.59,balanza,0.3667421000000104
425,,8.5465e-05,106.46500070000002,2026-05-28T08:38:46.609,2026-05-28T08:54:16.609,multimetro,106.46500070000002,208.0,,106.58171949999996,2026-05-28T08:38:46.724,2026-05-28T08:54:16.724,607.59,balanza,0.11671879999994417
426,,8.5433e-05,106.71462229999997,2026-05-28T08:38:46.859,2026-05-28T08:54:16.859,multimetro,106.71462229999997,209.0,Error Arduino: HX711 not found.,106.6047615,2026-05-28T08:38:46.749,2026-05-28T08:54:16.749,,balanza,-0.10986079999997855
427,,8.5475e-05,106.96479209999984,2026-05-28T08:38:47.109,2026-05-28T08:54:17.109,multimetro,106.96479209999984,209.0,Error Arduino: HX711 not found.,106.6047615,2026-05-28T08:38:46.749,2026-05-28T08:54:16.749,,balanza,-0.36003059999984544
428,,8.5454e-05,107.21487499999989,2026-05-28T08:38:47.359,2026-05-28T08:54:17.359,multimetro,107.21487499999989,210.0,,107.59843690000002,2026-05-28T08:38:47.743,2026-05-28T08:54:17.743,607.57,balanza,0.3835619000001316
429,,8.5465e-05,107.46472259999996,2026-05-28T08:38:47.609,2026-05-28T08:54:17.609,multimetro,107.46472259999996,210.0,,107.59843690000002,2026-05-28T08:38:47.743,2026-05-28T08:54:17.743,607.57,balanza,0.13371430000006512
430,,8.5318e-05,107.7149488,2026-05-28T08:38:47.859,2026-05-28T08:54:17.859,multimetro,107.7149488,211.0,Error Arduino: HX711 not found.,107.62171579999995,2026-05-28T08:38:47.764,2026-05-28T08:54:17.764,,balanza,-0.09323300000005474
431,,8.5255e-05,107.96497269999986,2026-05-28T08:38:48.109,2026-05-28T08:54:18.109,multimetro,107.96497269999986,211.0,Error Arduino: HX711 not found.,107.62171579999995,2026-05-28T08:38:47.764,2026-05-28T08:54:17.764,,balanza,-0.3432568999999148
432,,8.5569e-05,108.21494559999996,2026-05-28T08:38:48.359,2026-05-28T08:54:18.359,multimetro,108.21494559999996,212.0,,108.61528520000002,2026-05-28T08:38:48.757,2026-05-28T08:54:18.757,607.56,balanza,0.4003396000000521
433,,8.5475e-05,108.46483689999991,2026-05-28T08:38:48.609,2026-05-28T08:54:18.609,multimetro,108.46483689999991,212.0,,108.61528520000002,2026-05-28T08:38:48.757,2026-05-28T08:54:18.757,607.56,balanza,0.15044830000010734
434,,8.5381e-05,108.71489539999993,2026-05-28T08:38:48.859,2026-05-28T08:54:18.859,multimetro,108.71489539999993,213.0,Error Arduino: HX711 not found.,108.63824269999986,2026-05-28T08:38:48.781,2026-05-28T08:54:18.781,,balanza,-0.07665270000006785
435,,8.5632e-05,108.96504600000003,2026-05-28T08:38:49.109,2026-05-28T08:54:19.109,multimetro,108.96504600000003,213.0,Error Arduino: HX711 not found.,108.63824269999986,2026-05-28T08:38:48.781,2026-05-28T08:54:18.781,,balanza,-0.3268033000001651
436,,8.5444e-05,109.21495209999989,2026-05-28T08:38:49.359,2026-05-28T08:54:19.359,multimetro,109.21495209999989,214.0,,109.63211909999995,2026-05-28T08:38:49.776,2026-05-28T08:54:19.776,607.65,balanza,0.4171670000000631
437,,8.5402e-05,109.46479219999992,2026-05-28T08:38:49.609,2026-05-28T08:54:19.609,multimetro,109.46479219999992,214.0,,109.63211909999995,2026-05-28T08:38:49.776,2026-05-28T08:54:19.776,607.65,balanza,0.16732690000003458
438,,8.5412e-05,109.71460939999997,2026-05-28T08:38:49.849,2026-05-28T08:54:19.849,multimetro,109.71460939999997,215.0,Error Arduino: HX711 not found.,109.65510829999994,2026-05-28T08:38:49.797,2026-05-28T08:54:19.797,,balanza,-0.05950110000003406
439,,8.5402e-05,109.9650064,2026-05-28T08:38:50.109,2026-05-28T08:54:20.109,multimetro,109.9650064,215.0,Error Arduino: HX711 not found.,109.65510829999994,2026-05-28T08:38:49.797,2026-05-28T08:54:19.797,,balanza,-0.3098981000000549
440,,8.5507e-05,110.21462539999993,2026-05-28T08:38:50.359,2026-05-28T08:54:20.359,multimetro,110.21462539999993,216.0,,110.6488531,2026-05-28T08:38:50.791,2026-05-28T08:54:20.791,607.55,balanza,0.43422770000006494
441,,8.5391e-05,110.46652489999997,2026-05-28T08:38:50.609,2026-05-28T08:54:20.609,multimetro,110.46652489999997,216.0,,110.6488531,2026-05-28T08:38:50.791,2026-05-28T08:54:20.791,607.55,balanza,0.18232820000002903
442,,8.5412e-05,110.71537289999992,2026-05-28T08:38:50.859,2026-05-28T08:54:20.859,multimetro,110.71537289999992,217.0,Error Arduino: HX711 not found.,110.67184989999987,2026-05-28T08:38:50.814,2026-05-28T08:54:20.814,,balanza,-0.04352300000005016
443,,8.5297e-05,110.96493220000002,2026-05-28T08:38:51.107,2026-05-28T08:54:21.107,multimetro,110.96493220000002,217.0,Error Arduino: HX711 not found.,110.67184989999987,2026-05-28T08:38:50.814,2026-05-28T08:54:20.814,,balanza,-0.293082300000151
444,,8.5653e-05,111.21465639999997,2026-05-28T08:38:51.349,2026-05-28T08:54:21.349,multimetro,111.21465639999997,218.0,,111.66570339999998,2026-05-28T08:38:51.807,2026-05-28T08:54:21.807,607.57,balanza,0.45104700000001685
445,,8.5454e-05,111.46502369999985,2026-05-28T08:38:51.607,2026-05-28T08:54:21.607,multimetro,111.46502369999985,218.0,,111.66570339999998,2026-05-28T08:38:51.807,2026-05-28T08:54:21.807,607.57,balanza,0.20067970000013702
446,,8.5234e-05,111.7147402999999,2026-05-28T08:38:51.859,2026-05-28T08:54:21.859,multimetro,111.7147402999999,219.0,Error Arduino: HX711 not found.,111.68877750000001,2026-05-28T08:38:51.833,2026-05-28T08:54:21.833,,balanza,-0.025962799999888375
447,,8.5287e-05,111.96487549999983,2026-05-28T08:38:52.107,2026-05-28T08:54:22.107,multimetro,111.96487549999983,219.0,Error Arduino: HX711 not found.,111.68877750000001,2026-05-28T08:38:51.833,2026-05-28T08:54:21.833,,balanza,-0.2760979999998199
448,,8.5192e-05,112.21482319999996,2026-05-28T08:38:52.359,2026-05-28T08:54:22.359,multimetro,112.21482319999996,220.0,,112.68249549999996,2026-05-28T08:38:52.824,2026-05-28T08:54:22.824,607.59,balanza,0.4676723000000038
449,,8.4973e-05,112.4653894999999,2026-05-28T08:38:52.609,2026-05-28T08:54:22.609,multimetro,112.4653894999999,220.0,,112.68249549999996,2026-05-28T08:38:52.824,2026-05-28T08:54:22.824,607.59,balanza,0.21710600000005797
450,,8.5098e-05,112.71458749999988,2026-05-28T08:38:52.859,2026-05-28T08:54:22.859,multimetro,112.71458749999988,221.0,Error Arduino: HX711 not found.,112.70551980000005,2026-05-28T08:38:52.850,2026-05-28T08:54:22.850,,balanza,-0.009067699999832257
451,,8.4889e-05,112.96495600000003,2026-05-28T08:38:53.107,2026-05-28T08:54:23.107,multimetro,112.96495600000003,221.0,Error Arduino: HX711 not found.,112.70551980000005,2026-05-28T08:38:52.850,2026-05-28T08:54:22.850,,balanza,-0.2594361999999819
452,,8.4836e-05,113.21481449999987,2026-05-28T08:38:53.357,2026-05-28T08:54:23.357,multimetro,113.21481449999987,222.0,,113.69948959999988,2026-05-28T08:38:53.844,2026-05-28T08:54:23.844,607.6,balanza,0.484675100000004
453,,8.5035e-05,113.4648967999999,2026-05-28T08:38:53.608,2026-05-28T08:54:23.608,multimetro,113.4648967999999,222.0,,113.69948959999988,2026-05-28T08:38:53.844,2026-05-28T08:54:23.844,607.6,balanza,0.23459279999997307
454,,8.4753e-05,113.71493529999998,2026-05-28T08:38:53.859,2026-05-28T08:54:23.859,multimetro,113.71493529999998,223.0,Error Arduino: HX711 not found.,113.72260819999997,2026-05-28T08:38:53.865,2026-05-28T08:54:23.865,,balanza,0.007672899999988658
455,,8.4596e-05,113.96484420000002,2026-05-28T08:38:54.107,2026-05-28T08:54:24.107,multimetro,113.96484420000002,223.0,Error Arduino: HX711 not found.,113.72260819999997,2026-05-28T08:38:53.865,2026-05-28T08:54:23.865,,balanza,-0.24223600000004808
456,,8.514e-05,114.21527619999983,2026-05-28T08:38:54.357,2026-05-28T08:54:24.357,multimetro,114.21527619999983,223.0,Error Arduino: HX711 not found.,113.72260819999997,2026-05-28T08:38:53.865,2026-05-28T08:54:23.865,,balanza,-0.4926679999998669
457,,8.4826e-05,114.4648416,2026-05-28T08:38:54.607,2026-05-28T08:54:24.607,multimetro,114.4648416,224.0,,114.71628689999989,2026-05-28T08:38:54.857,2026-05-28T08:54:24.857,607.6,balanza,0.25144529999988663
458,,8.4627e-05,114.71466699999996,2026-05-28T08:38:54.857,2026-05-28T08:54:24.857,multimetro,114.71466699999996,224.0,,114.71628689999989,2026-05-28T08:38:54.857,2026-05-28T08:54:24.857,607.6,balanza,0.001619899999923291
459,,8.5025e-05,114.96476899999993,2026-05-28T08:38:55.108,2026-05-28T08:54:25.108,multimetro,114.96476899999993,225.0,Error Arduino: HX711 not found.,114.739466,2026-05-28T08:38:54.884,2026-05-28T08:54:24.884,,balanza,-0.22530299999993986
460,,8.4795e-05,115.21487309999998,2026-05-28T08:38:55.359,2026-05-28T08:54:25.359,multimetro,115.21487309999998,225.0,Error Arduino: HX711 not found.,114.739466,2026-05-28T08:38:54.884,2026-05-28T08:54:24.884,,balanza,-0.475407099999984
461,,8.4376e-05,115.46501579999995,2026-05-28T08:38:55.609,2026-05-28T08:54:25.609,multimetro,115.46501579999995,226.0,,115.73304280000002,2026-05-28T08:38:55.877,2026-05-28T08:54:25.877,607.62,balanza,0.2680270000000746
462,,8.4763e-05,115.71466579999992,2026-05-28T08:38:55.858,2026-05-28T08:54:25.858,multimetro,115.71466579999992,226.0,,115.73304280000002,2026-05-28T08:38:55.877,2026-05-28T08:54:25.877,607.62,balanza,0.018377000000100452
463,,8.4481e-05,115.96483409999996,2026-05-28T08:38:56.109,2026-05-28T08:54:26.109,multimetro,115.96483409999996,227.0,Error Arduino: HX711 not found.,115.7563682,2026-05-28T08:38:55.897,2026-05-28T08:54:25.897,,balanza,-0.20846589999996468
464,,8.4261e-05,116.21481789999984,2026-05-28T08:38:56.359,2026-05-28T08:54:26.359,multimetro,116.21481789999984,227.0,Error Arduino: HX711 not found.,115.7563682,2026-05-28T08:38:55.897,2026-05-28T08:54:25.897,,balanza,-0.4584496999998464
465,,8.4753e-05,116.46509700000001,2026-05-28T08:38:56.609,2026-05-28T08:54:26.609,multimetro,116.46509700000001,228.0,,116.74990239999988,2026-05-28T08:38:56.891,2026-05-28T08:54:26.891,607.56,balanza,0.2848053999998683
466,,8.4847e-05,116.7147132,2026-05-28T08:38:56.858,2026-05-28T08:54:26.858,multimetro,116.7147132,228.0,,116.74990239999988,2026-05-28T08:38:56.891,2026-05-28T08:54:26.891,607.56,balanza,0.03518919999987702
467,,8.4533e-05,116.96480689999999,2026-05-28T08:38:57.108,2026-05-28T08:54:27.108,multimetro,116.96480689999999,229.0,Error Arduino: HX711 not found.,116.77296789999991,2026-05-28T08:38:56.916,2026-05-28T08:54:26.916,,balanza,-0.1918390000000727
468,,8.491e-05,117.21456369999987,2026-05-28T08:38:57.349,2026-05-28T08:54:27.349,multimetro,117.21456369999987,229.0,Error Arduino: HX711 not found.,116.77296789999991,2026-05-28T08:38:56.916,2026-05-28T08:54:26.916,,balanza,-0.4415957999999591
469,,8.4679e-05,117.46485669999993,2026-05-28T08:38:57.609,2026-05-28T08:54:27.609,multimetro,117.46485669999993,230.0,,117.76676029999999,2026-05-28T08:38:57.907,2026-05-28T08:54:27.907,607.55,balanza,0.30190360000005967
470,,8.4627e-05,117.71491739999988,2026-05-28T08:38:57.859,2026-05-28T08:54:27.859,multimetro,117.71491739999988,230.0,,117.76676029999999,2026-05-28T08:38:57.907,2026-05-28T08:54:27.907,607.55,balanza,0.0518429000001106
471,,8.4878e-05,117.96505189999993,2026-05-28T08:38:58.109,2026-05-28T08:54:28.109,multimetro,117.96505189999993,231.0,Error Arduino: HX711 not found.,117.78992769999991,2026-05-28T08:38:57.934,2026-05-28T08:54:27.934,,balanza,-0.17512420000002749
472,,8.4805e-05,118.21487630000001,2026-05-28T08:38:58.359,2026-05-28T08:54:28.359,multimetro,118.21487630000001,231.0,Error Arduino: HX711 not found.,117.78992769999991,2026-05-28T08:38:57.934,2026-05-28T08:54:27.934,,balanza,-0.42494860000010704
473,,8.4261e-05,118.46482500000002,2026-05-28T08:38:58.608,2026-05-28T08:54:28.608,multimetro,118.46482500000002,232.0,,118.78361989999985,2026-05-28T08:38:58.924,2026-05-28T08:54:28.924,607.6,balanza,0.3187948999998298
474,,8.4219e-05,118.71465249999983,2026-05-28T08:38:58.857,2026-05-28T08:54:28.857,multimetro,118.71465249999983,232.0,,118.78361989999985,2026-05-28T08:38:58.924,2026-05-28T08:54:28.924,607.6,balanza,0.06896740000001955
475,,8.4585e-05,118.96492519999993,2026-05-28T08:38:59.109,2026-05-28T08:54:29.109,multimetro,118.96492519999993,233.0,Error Arduino: HX711 not found.,118.80670959999998,2026-05-28T08:38:58.947,2026-05-28T08:54:28.947,,balanza,-0.1582155999999486
476,,8.4585e-05,119.2149703,2026-05-28T08:38:59.359,2026-05-28T08:54:29.359,multimetro,119.2149703,233.0,Error Arduino: HX711 not found.,118.80670959999998,2026-05-28T08:38:58.947,2026-05-28T08:54:28.947,,balanza,-0.408260700000028
477,,8.4365e-05,119.46487339999999,2026-05-28T08:38:59.609,2026-05-28T08:54:29.609,multimetro,119.46487339999999,234.0,,119.80050080000001,2026-05-28T08:38:59.944,2026-05-28T08:54:29.944,607.59,balanza,0.3356274000000212
478,,8.4355e-05,119.71529450000003,2026-05-28T08:38:59.860,2026-05-28T08:54:29.860,multimetro,119.71529450000003,234.0,,119.80050080000001,2026-05-28T08:38:59.944,2026-05-28T08:54:29.944,607.59,balanza,0.08520629999998164
479,,8.4397e-05,119.96496979999984,2026-05-28T08:39:00.109,2026-05-28T08:54:30.109,multimetro,119.96496979999984,235.0,Error Arduino: HX711 not found.,119.82364629999984,2026-05-28T08:38:59.966,2026-05-28T08:54:29.966,,balanza,-0.1413234999999986
480,,8.4606e-05,120.21452750000003,2026-05-28T08:39:00.358,2026-05-28T08:54:30.358,multimetro,120.21452750000003,235.0,Error Arduino: HX711 not found.,119.82364629999984,2026-05-28T08:38:59.966,2026-05-28T08:54:29.966,,balanza,-0.39088120000019444
481,,8.5004e-05,120.46502779999992,2026-05-28T08:39:00.609,2026-05-28T08:54:30.609,multimetro,120.46502779999992,236.0,,120.81735609999987,2026-05-28T08:39:00.957,2026-05-28T08:54:30.957,607.59,balanza,0.35232829999995374
482,,8.4648e-05,120.71500300000002,2026-05-28T08:39:00.859,2026-05-28T08:54:30.859,multimetro,120.71500300000002,236.0,,120.81735609999987,2026-05-28T08:39:00.957,2026-05-28T08:54:30.957,607.59,balanza,0.10235309999984565
483,,8.4481e-05,120.96486819999996,2026-05-28T08:39:01.109,2026-05-28T08:54:31.109,multimetro,120.96486819999996,237.0,Error Arduino: HX711 not found.,120.84044769999991,2026-05-28T08:39:00.981,2026-05-28T08:54:30.981,,balanza,-0.12442050000004201
484,,8.4439e-05,121.21466899999996,2026-05-28T08:39:01.350,2026-05-28T08:54:31.350,multimetro,121.21466899999996,237.0,Error Arduino: HX711 not found.,120.84044769999991,2026-05-28T08:39:00.981,2026-05-28T08:54:30.981,,balanza,-0.3742213000000447
485,,8.446e-05,121.46491879999985,2026-05-28T08:39:01.600,2026-05-28T08:54:31.600,multimetro,121.46491879999985,238.0,,121.83410449999997,2026-05-28T08:39:01.974,2026-05-28T08:54:31.974,607.58,balanza,0.3691857000001164
486,,8.4627e-05,121.71720630000004,2026-05-28T08:39:01.861,2026-05-28T08:54:31.861,multimetro,121.71720630000004,238.0,,121.83410449999997,2026-05-28T08:39:01.974,2026-05-28T08:54:31.974,607.58,balanza,0.11689819999992324
487,,8.4386e-05,121.96456699999999,2026-05-28T08:39:02.109,2026-05-28T08:54:32.109,multimetro,121.96456699999999,239.0,Error Arduino: HX711 not found.,121.85727550000001,2026-05-28T08:39:01.997,2026-05-28T08:54:31.997,,balanza,-0.1072914999999739
488,,8.4355e-05,122.21481359999984,2026-05-28T08:39:02.358,2026-05-28T08:54:32.358,multimetro,122.21481359999984,239.0,Error Arduino: HX711 not found.,121.85727550000001,2026-05-28T08:39:01.997,2026-05-28T08:54:31.997,,balanza,-0.3575380999998288
489,,8.4575e-05,122.46489959999985,2026-05-28T08:39:02.609,2026-05-28T08:54:32.609,multimetro,122.46489959999985,240.0,,122.85089819999985,2026-05-28T08:39:02.991,2026-05-28T08:54:32.991,607.59,balanza,0.38599859999999353
490,,8.4585e-05,122.71491829999991,2026-05-28T08:39:02.859,2026-05-28T08:54:32.859,multimetro,122.71491829999991,240.0,,122.85089819999985,2026-05-28T08:39:02.991,2026-05-28T08:54:32.991,607.59,balanza,0.13597989999993843
491,,8.402e-05,122.9647215,2026-05-28T08:39:03.109,2026-05-28T08:54:33.109,multimetro,122.9647215,241.0,Error Arduino: HX711 not found.,122.87421799999993,2026-05-28T08:39:03.014,2026-05-28T08:54:33.014,,balanza,-0.09050350000006802
492,,8.4177e-05,123.21496969999998,2026-05-28T08:39:03.359,2026-05-28T08:54:33.359,multimetro,123.21496969999998,241.0,Error Arduino: HX711 not found.,122.87421799999993,2026-05-28T08:39:03.014,2026-05-28T08:54:33.014,,balanza,-0.3407517000000553
493,,8.4313e-05,123.46474999999987,2026-05-28T08:39:03.609,2026-05-28T08:54:33.609,multimetro,123.46474999999987,242.0,,123.86762109999995,2026-05-28T08:39:04.007,2026-05-28T08:54:34.007,607.58,balanza,0.40287110000008397
494,,8.3936e-05,123.71495099999993,2026-05-28T08:39:03.859,2026-05-28T08:54:33.859,multimetro,123.71495099999993,242.0,,123.86762109999995,2026-05-28T08:39:04.007,2026-05-28T08:54:34.007,607.58,balanza,0.152670100000023
495,,8.425e-05,123.9650595999999,2026-05-28T08:39:04.109,2026-05-28T08:54:34.109,multimetro,123.9650595999999,243.0,Error Arduino: HX711 not found.,123.8906993999999,2026-05-28T08:39:04.034,2026-05-28T08:54:34.034,,balanza,-0.07436020000000099
496,,8.4481e-05,124.21490909999989,2026-05-28T08:39:04.359,2026-05-28T08:54:34.359,multimetro,124.21490909999989,243.0,Error Arduino: HX711 not found.,123.8906993999999,2026-05-28T08:39:04.034,2026-05-28T08:54:34.034,,balanza,-0.32420969999998306
497,,8.4062e-05,124.46480299999985,2026-05-28T08:39:04.608,2026-05-28T08:54:34.608,multimetro,124.46480299999985,244.0,,124.88442310000005,2026-05-28T08:39:05.028,2026-05-28T08:54:35.028,607.55,balanza,0.419620100000202
498,,8.3884e-05,124.71494959999995,2026-05-28T08:39:04.857,2026-05-28T08:54:34.857,multimetro,124.71494959999995,244.0,,124.88442310000005,2026-05-28T08:39:05.028,2026-05-28T08:54:35.028,607.55,balanza,0.16947350000009465
499,,8.4125e-05,124.96476689999986,2026-05-28T08:39:05.107,2026-05-28T08:54:35.107,multimetro,124.96476689999986,245.0,Error Arduino: HX711 not found.,124.90751279999995,2026-05-28T08:39:05.047,2026-05-28T08:54:35.047,,balanza,-0.05725409999990916
500,,8.4125e-05,125.21497529999988,2026-05-28T08:39:05.357,2026-05-28T08:54:35.357,multimetro,125.21497529999988,245.0,Error Arduino: HX711 not found.,124.90751279999995,2026-05-28T08:39:05.047,2026-05-28T08:54:35.047,,balanza,-0.3074624999999287
501,,8.3601e-05,125.46479839999984,2026-05-28T08:39:05.607,2026-05-28T08:54:35.607,multimetro,125.46479839999984,246.0,,125.90119719999984,2026-05-28T08:39:06.045,2026-05-28T08:54:36.045,607.58,balanza,0.4363988000000063
502,,8.3695e-05,125.71502429999987,2026-05-28T08:39:05.857,2026-05-28T08:54:35.857,multimetro,125.71502429999987,246.0,,125.90119719999984,2026-05-28T08:39:06.045,2026-05-28T08:54:36.045,607.58,balanza,0.1861728999999741
503,,8.3737e-05,125.96510479999984,2026-05-28T08:39:06.109,2026-05-28T08:54:36.109,multimetro,125.96510479999984,248.0,Error Arduino: HX711 not found.,125.93750460000001,2026-05-28T08:39:06.081,2026-05-28T08:54:36.081,,balanza,-0.027600199999824326
504,,8.3475e-05,126.21487409999986,2026-05-28T08:39:06.357,2026-05-28T08:54:36.357,multimetro,126.21487409999986,248.0,Error Arduino: HX711 not found.,125.93750460000001,2026-05-28T08:39:06.081,2026-05-28T08:54:36.081,,balanza,-0.2773694999998497
505,,8.3674e-05,126.46476899999993,2026-05-28T08:39:06.607,2026-05-28T08:54:36.607,multimetro,126.46476899999993,249.0,,126.93110739999997,2026-05-28T08:39:07.071,2026-05-28T08:54:37.071,607.61,balanza,0.46633840000004056
506,,8.403e-05,126.71498139999994,2026-05-28T08:39:06.859,2026-05-28T08:54:36.859,multimetro,126.71498139999994,249.0,,126.93110739999997,2026-05-28T08:39:07.071,2026-05-28T08:54:37.071,607.61,balanza,0.21612600000003113
507,,8.402e-05,126.96496349999984,2026-05-28T08:39:07.109,2026-05-28T08:54:37.109,multimetro,126.96496349999984,250.0,Error Arduino: HX711 not found.,126.95434999999998,2026-05-28T08:39:07.099,2026-05-28T08:54:37.099,,balanza,-0.010613499999863052
508,,8.3308e-05,127.21493889999988,2026-05-28T08:39:07.357,2026-05-28T08:54:37.357,multimetro,127.21493889999988,250.0,Error Arduino: HX711 not found.,126.95434999999998,2026-05-28T08:39:07.099,2026-05-28T08:54:37.099,,balanza,-0.2605888999999024
509,,8.3674e-05,127.46491360000005,2026-05-28T08:39:07.609,2026-05-28T08:54:37.609,multimetro,127.46491360000005,251.0,,127.94798270000001,2026-05-28T08:39:08.091,2026-05-28T08:54:38.091,607.56,balanza,0.48306909999996606
510,,8.3894e-05,127.71499799999992,2026-05-28T08:39:07.859,2026-05-28T08:54:37.859,multimetro,127.71499799999992,251.0,,127.94798270000001,2026-05-28T08:39:08.091,2026-05-28T08:54:38.091,607.56,balanza,0.2329847000000882
511,,8.3475e-05,127.96476429999984,2026-05-28T08:39:08.109,2026-05-28T08:54:38.109,multimetro,127.96476429999984,252.0,Error Arduino: HX711 not found.,127.97137899999984,2026-05-28T08:39:08.114,2026-05-28T08:54:38.114,,balanza,0.006614700000000084
512,,8.3643e-05,128.2150377999999,2026-05-28T08:39:08.350,2026-05-28T08:54:38.350,multimetro,128.2150377999999,252.0,Error Arduino: HX711 not found.,127.97137899999984,2026-05-28T08:39:08.114,2026-05-28T08:54:38.114,,balanza,-0.24365880000004836
513,,8.4114e-05,128.46478749999983,2026-05-28T08:39:08.609,2026-05-28T08:54:38.609,multimetro,128.46478749999983,252.0,Error Arduino: HX711 not found.,127.97137899999984,2026-05-28T08:39:08.114,2026-05-28T08:54:38.114,,balanza,-0.4934084999999868
514,,8.3664e-05,128.71521499999994,2026-05-28T08:39:08.850,2026-05-28T08:54:38.850,multimetro,128.71521499999994,253.0,,128.96515939999995,2026-05-28T08:39:09.108,2026-05-28T08:54:39.108,607.57,balanza,0.24994440000000395
515,,8.357e-05,128.9647465999999,2026-05-28T08:39:09.108,2026-05-28T08:54:39.108,multimetro,128.9647465999999,253.0,,128.96515939999995,2026-05-28T08:39:09.108,2026-05-28T08:54:39.108,607.57,balanza,0.00041280000004917383
516,,8.3988e-05,129.21488520000003,2026-05-28T08:39:09.357,2026-05-28T08:54:39.357,multimetro,129.21488520000003,254.0,Error Arduino: HX711 not found.,128.98832659999994,2026-05-28T08:39:09.132,2026-05-28T08:54:39.132,,balanza,-0.22655860000008943
517,,8.3706e-05,129.4649809,2026-05-28T08:39:09.607,2026-05-28T08:54:39.607,multimetro,129.4649809,254.0,Error Arduino: HX711 not found.,128.98832659999994,2026-05-28T08:39:09.132,2026-05-28T08:54:39.132,,balanza,-0.4766543000000638
518,,8.3632e-05,129.7149571,2026-05-28T08:39:09.857,2026-05-28T08:54:39.857,multimetro,129.7149571,255.0,,129.98195069999997,2026-05-28T08:39:10.124,2026-05-28T08:54:40.124,607.61,balanza,0.26699359999997796
519,,8.4355e-05,129.96495349999987,2026-05-28T08:39:10.107,2026-05-28T08:54:40.107,multimetro,129.96495349999987,255.0,,129.98195069999997,2026-05-28T08:39:10.124,2026-05-28T08:54:40.124,607.61,balanza,0.016997200000105295
520,,8.3475e-05,130.2146588999999,2026-05-28T08:39:10.357,2026-05-28T08:54:40.357,multimetro,130.2146588999999,256.0,Error Arduino: HX711 not found.,130.00496679999992,2026-05-28T08:39:10.147,2026-05-28T08:54:40.147,,balanza,-0.20969209999998384
521,,8.2763e-05,130.46527189999983,2026-05-28T08:39:10.607,2026-05-28T08:54:40.607,multimetro,130.46527189999983,256.0,Error Arduino: HX711 not found.,130.00496679999992,2026-05-28T08:39:10.147,2026-05-28T08:54:40.147,,balanza,-0.4603050999999141
522,,8.3454e-05,130.71498459999998,2026-05-28T08:39:10.859,2026-05-28T08:54:40.859,multimetro,130.71498459999998,257.0,,130.9987051999999,2026-05-28T08:39:11.134,2026-05-28T08:54:41.134,607.54,balanza,0.28372059999992416
523,,8.403e-05,130.96480359999987,2026-05-28T08:39:11.107,2026-05-28T08:54:41.107,multimetro,130.96480359999987,257.0,,130.9987051999999,2026-05-28T08:39:11.134,2026-05-28T08:54:41.134,607.54,balanza,0.033901600000035614
524,,8.3905e-05,131.2151798,2026-05-28T08:39:11.357,2026-05-28T08:54:41.357,multimetro,131.2151798,258.0,Error Arduino: HX711 not found.,131.0218147999999,2026-05-28T08:39:11.164,2026-05-28T08:54:41.164,,balanza,-0.19336500000008527
525,,8.3905e-05,131.46485289999987,2026-05-28T08:39:11.609,2026-05-28T08:54:41.609,multimetro,131.46485289999987,258.0,Error Arduino: HX711 not found.,131.0218147999999,2026-05-28T08:39:11.164,2026-05-28T08:54:41.164,,balanza,-0.443038099999967
526,,8.3748e-05,131.71487950000005,2026-05-28T08:39:11.849,2026-05-28T08:54:41.849,multimetro,131.71487950000005,259.0,,132.0155319999999,2026-05-28T08:39:12.157,2026-05-28T08:54:42.157,607.53,balanza,0.3006524999998419
527,,8.3465e-05,131.96494559999996,2026-05-28T08:39:12.107,2026-05-28T08:54:42.107,multimetro,131.96494559999996,259.0,,132.0155319999999,2026-05-28T08:39:12.157,2026-05-28T08:54:42.157,607.53,balanza,0.0505863999999292
528,,8.3266e-05,132.21514979999984,2026-05-28T08:39:12.357,2026-05-28T08:54:42.357,multimetro,132.21514979999984,260.0,Error Arduino: HX711 not found.,132.03860009999994,2026-05-28T08:39:12.180,2026-05-28T08:54:42.180,,balanza,-0.1765496999998959
529,,8.2868e-05,132.4647597999999,2026-05-28T08:39:12.609,2026-05-28T08:54:42.609,multimetro,132.4647597999999,260.0,Error Arduino: HX711 not found.,132.03860009999994,2026-05-28T08:39:12.180,2026-05-28T08:54:42.180,,balanza,-0.42615969999997105
530,,8.3716e-05,132.71454589999985,2026-05-28T08:39:12.858,2026-05-28T08:54:42.858,multimetro,132.71454589999985,261.0,,133.03236679999986,2026-05-28T08:39:13.167,2026-05-28T08:54:43.167,607.58,balanza,0.31782090000001517
531,,8.3287e-05,132.96505219999995,2026-05-28T08:39:13.107,2026-05-28T08:54:43.107,multimetro,132.96505219999995,261.0,,133.03236679999986,2026-05-28T08:39:13.167,2026-05-28T08:54:43.167,607.58,balanza,0.06731459999991785
532,,8.3193e-05,133.21462440000005,2026-05-28T08:39:13.350,2026-05-28T08:54:43.350,multimetro,133.21462440000005,262.0,Error Arduino: HX711 not found.,133.05545970000003,2026-05-28T08:39:13.197,2026-05-28T08:54:43.197,,balanza,-0.15916470000001937
533,,8.3245e-05,133.4647918999999,2026-05-28T08:39:13.607,2026-05-28T08:54:43.607,multimetro,133.4647918999999,262.0,Error Arduino: HX711 not found.,133.05545970000003,2026-05-28T08:39:13.197,2026-05-28T08:54:43.197,,balanza,-0.4093321999998807
534,,8.3004e-05,133.71464619999983,2026-05-28T08:39:13.859,2026-05-28T08:54:43.859,multimetro,133.71464619999983,263.0,,134.04918299999986,2026-05-28T08:39:14.191,2026-05-28T08:54:44.191,607.56,balanza,0.3345368000000235
535,,8.336e-05,133.96475369999985,2026-05-28T08:39:14.109,2026-05-28T08:54:44.109,multimetro,133.96475369999985,263.0,,134.04918299999986,2026-05-28T08:39:14.191,2026-05-28T08:54:44.191,607.56,balanza,0.0844293000000107
536,,8.314e-05,134.21494499999994,2026-05-28T08:39:14.358,2026-05-28T08:54:44.358,multimetro,134.21494499999994,264.0,Error Arduino: HX711 not found.,134.0722272999999,2026-05-28T08:39:14.216,2026-05-28T08:54:44.216,,balanza,-0.14271770000004835
537,,8.3203e-05,134.46488290000002,2026-05-28T08:39:14.608,2026-05-28T08:54:44.608,multimetro,134.46488290000002,264.0,Error Arduino: HX711 not found.,134.0722272999999,2026-05-28T08:39:14.216,2026-05-28T08:54:44.216,,balanza,-0.39265560000012556
538,,8.3287e-05,134.71498819999988,2026-05-28T08:39:14.859,2026-05-28T08:54:44.859,multimetro,134.71498819999988,265.0,,135.06598799999983,2026-05-28T08:39:15.207,2026-05-28T08:54:45.207,607.55,balanza,0.3509997999999541
539,,8.313e-05,134.96478899999988,2026-05-28T08:39:15.109,2026-05-28T08:54:45.109,multimetro,134.96478899999988,265.0,,135.06598799999983,2026-05-28T08:39:15.207,2026-05-28T08:54:45.207,607.55,balanza,0.10119899999995141
540,,8.3067e-05,135.21660819999988,2026-05-28T08:39:15.359,2026-05-28T08:54:45.359,multimetro,135.21660819999988,266.0,Error Arduino: HX711 not found.,135.08907679999993,2026-05-28T08:39:15.233,2026-05-28T08:54:45.233,,balanza,-0.12753139999995255
541,,8.2282e-05,135.46483869999997,2026-05-28T08:39:15.607,2026-05-28T08:54:45.607,multimetro,135.46483869999997,266.0,Error Arduino: HX711 not found.,135.08907679999993,2026-05-28T08:39:15.233,2026-05-28T08:54:45.233,,balanza,-0.37576190000004317
542,,8.2554e-05,135.7149356,2026-05-28T08:39:15.857,2026-05-28T08:54:45.857,multimetro,135.7149356,267.0,,136.08269299999984,2026-05-28T08:39:16.227,2026-05-28T08:54:46.227,607.6,balanza,0.3677573999998458
543,,8.1737e-05,135.96486559999994,2026-05-28T08:39:16.109,2026-05-28T08:54:46.109,multimetro,135.96486559999994,267.0,,136.08269299999984,2026-05-28T08:39:16.227,2026-05-28T08:54:46.227,607.6,balanza,0.11782739999989644
544,,8.6386e-05,136.2148620999999,2026-05-28T08:39:16.358,2026-05-28T08:54:46.358,multimetro,136.2148620999999,268.0,Error Arduino: HX711 not found.,136.10592699999984,2026-05-28T08:39:16.247,2026-05-28T08:54:46.247,,balanza,-0.10893510000005335
545,,8.2889e-05,136.46495649999997,2026-05-28T08:39:16.609,2026-05-28T08:54:46.609,multimetro,136.46495649999997,268.0,Error Arduino: HX711 not found.,136.10592699999984,2026-05-28T08:39:16.247,2026-05-28T08:54:46.247,,balanza,-0.35902950000013334
546,,8.2606e-05,136.7146487,2026-05-28T08:39:16.859,2026-05-28T08:54:46.859,multimetro,136.7146487,269.0,,137.09944229999996,2026-05-28T08:39:17.243,2026-05-28T08:54:47.243,607.55,balanza,0.3847935999999663
547,,8.3779e-05,136.96481189999986,2026-05-28T08:39:17.109,2026-05-28T08:54:47.109,multimetro,136.96481189999986,269.0,,137.09944229999996,2026-05-28T08:39:17.243,2026-05-28T08:54:47.243,607.55,balanza,0.1346304000001055
548,,8.357e-05,137.21497109999996,2026-05-28T08:39:17.359,2026-05-28T08:54:47.359,multimetro,137.21497109999996,270.0,Error Arduino: HX711 not found.,137.12269349999997,2026-05-28T08:39:17.264,2026-05-28T08:54:47.264,,balanza,-0.09227759999998852
549,,8.3653e-05,137.4647258,2026-05-28T08:39:17.609,2026-05-28T08:54:47.609,multimetro,137.4647258,270.0,Error Arduino: HX711 not found.,137.12269349999997,2026-05-28T08:39:17.264,2026-05-28T08:54:47.264,,balanza,-0.34203230000002804
550,,8.3036e-05,137.71532090000005,2026-05-28T08:39:17.858,2026-05-28T08:54:47.858,multimetro,137.71532090000005,271.0,,138.1162612999999,2026-05-28T08:39:18.257,2026-05-28T08:54:48.257,607.56,balanza,0.400940399999854
551,,8.5548e-05,137.96485599999983,2026-05-28T08:39:18.107,2026-05-28T08:54:48.107,multimetro,137.96485599999983,271.0,,138.1162612999999,2026-05-28T08:39:18.257,2026-05-28T08:54:48.257,607.56,balanza,0.15140530000007857
552,,8.4491e-05,138.21494829999983,2026-05-28T08:39:18.357,2026-05-28T08:54:48.357,multimetro,138.21494829999983,272.0,Error Arduino: HX711 not found.,138.139414,2026-05-28T08:39:18.281,2026-05-28T08:54:48.281,,balanza,-0.07553429999984473
553,,8.3099e-05,138.46494749999988,2026-05-28T08:39:18.607,2026-05-28T08:54:48.607,multimetro,138.46494749999988,272.0,Error Arduino: HX711 not found.,138.139414,2026-05-28T08:39:18.281,2026-05-28T08:54:48.281,,balanza,-0.32553349999989223
554,,8.2941e-05,138.71463389999985,2026-05-28T08:39:18.859,2026-05-28T08:54:48.859,multimetro,138.71463389999985,273.0,,139.13294159999987,2026-05-28T08:39:19.274,2026-05-28T08:54:49.274,607.59,balanza,0.41830770000001394
555,,8.3235e-05,138.96477459999983,2026-05-28T08:39:19.107,2026-05-28T08:54:49.107,multimetro,138.96477459999983,273.0,,139.13294159999987,2026-05-28T08:39:19.274,2026-05-28T08:54:49.274,607.59,balanza,0.16816700000003948
556,,8.3392e-05,139.2150506999999,2026-05-28T08:39:19.359,2026-05-28T08:54:49.359,multimetro,139.2150506999999,274.0,Error Arduino: HX711 not found.,139.15606119999984,2026-05-28T08:39:19.297,2026-05-28T08:54:49.297,,balanza,-0.05898950000005243
557,,8.3601e-05,139.4653275999999,2026-05-28T08:39:19.610,2026-05-28T08:54:49.610,multimetro,139.4653275999999,274.0,Error Arduino: HX711 not found.,139.15606119999984,2026-05-28T08:39:19.297,2026-05-28T08:54:49.297,,balanza,-0.30926640000006955
558,,8.2502e-05,139.7149614,2026-05-28T08:39:19.850,2026-05-28T08:54:49.850,multimetro,139.7149614,275.0,,140.14976749999983,2026-05-28T08:39:20.291,2026-05-28T08:54:50.291,607.6,balanza,0.43480609999983244
559,,8.2983e-05,139.96489350000002,2026-05-28T08:39:20.109,2026-05-28T08:54:50.109,multimetro,139.96489350000002,275.0,,140.14976749999983,2026-05-28T08:39:20.291,2026-05-28T08:54:50.291,607.6,balanza,0.1848739999998088
560,,8.3172e-05,140.21514039999988,2026-05-28T08:39:20.357,2026-05-28T08:54:50.357,multimetro,140.21514039999988,276.0,Error Arduino: HX711 not found.,140.1728839,2026-05-28T08:39:20.314,2026-05-28T08:54:50.314,,balanza,-0.042256499999894004
561,,8.3193e-05,140.4647109,2026-05-28T08:39:20.607,2026-05-28T08:54:50.607,multimetro,140.4647109,276.0,Error Arduino: HX711 not found.,140.1728839,2026-05-28T08:39:20.314,2026-05-28T08:54:50.314,,balanza,-0.29182700000001205
562,,8.3297e-05,140.71474179999996,2026-05-28T08:39:20.857,2026-05-28T08:54:50.857,multimetro,140.71474179999996,277.0,,141.16649469999993,2026-05-28T08:39:21.307,2026-05-28T08:54:51.307,607.64,balanza,0.45175289999997403
563,,8.2994e-05,140.96504519999985,2026-05-28T08:39:21.107,2026-05-28T08:54:51.107,multimetro,140.96504519999985,277.0,,141.16649469999993,2026-05-28T08:39:21.307,2026-05-28T08:54:51.307,607.64,balanza,0.20144950000008066
564,,8.246e-05,141.21511659999987,2026-05-28T08:39:21.350,2026-05-28T08:54:51.350,multimetro,141.21511659999987,278.0,Error Arduino: HX711 not found.,141.18952799999988,2026-05-28T08:39:21.334,2026-05-28T08:54:51.334,,balanza,-0.025588599999991857
565,,8.2428e-05,141.46481489999996,2026-05-28T08:39:21.607,2026-05-28T08:54:51.607,multimetro,141.46481489999996,278.0,Error Arduino: HX711 not found.,141.18952799999988,2026-05-28T08:39:21.334,2026-05-28T08:54:51.334,,balanza,-0.2752869000000828
566,,8.2502e-05,141.71464479999986,2026-05-28T08:39:21.859,2026-05-28T08:54:51.859,multimetro,141.71464479999986,279.0,,142.18347289999997,2026-05-28T08:39:22.327,2026-05-28T08:54:52.327,607.63,balanza,0.46882810000010977
567,,8.2585e-05,141.9649947999999,2026-05-28T08:39:22.109,2026-05-28T08:54:52.109,multimetro,141.9649947999999,279.0,,142.18347289999997,2026-05-28T08:39:22.327,2026-05-28T08:54:52.327,607.63,balanza,0.21847810000008394
568,,8.2826e-05,142.2145341999999,2026-05-28T08:39:22.358,2026-05-28T08:54:52.358,multimetro,142.2145341999999,280.0,Error Arduino: HX711 not found.,142.2068021,2026-05-28T08:39:22.351,2026-05-28T08:54:52.351,,balanza,-0.007732099999884667
569,,8.2763e-05,142.46484029999988,2026-05-28T08:39:22.607,2026-05-28T08:54:52.607,multimetro,142.46484029999988,280.0,Error Arduino: HX711 not found.,142.2068021,2026-05-28T08:39:22.351,2026-05-28T08:54:52.351,,balanza,-0.25803819999987354
570,,8.224e-05,142.71485299999995,2026-05-28T08:39:22.859,2026-05-28T08:54:52.859,multimetro,142.71485299999995,281.0,,143.20036919999984,2026-05-28T08:39:23.344,2026-05-28T08:54:53.344,607.59,balanza,0.4855161999998927
571,,8.2313e-05,142.96478890000003,2026-05-28T08:39:23.109,2026-05-28T08:54:53.109,multimetro,142.96478890000003,281.0,,143.20036919999984,2026-05-28T08:39:23.344,2026-05-28T08:54:53.344,607.59,balanza,0.23558029999981045
572,,8.2407e-05,143.2148534999999,2026-05-28T08:39:23.350,2026-05-28T08:54:53.350,multimetro,143.2148534999999,282.0,Error Arduino: HX711 not found.,143.22337470000002,2026-05-28T08:39:23.368,2026-05-28T08:54:53.368,,balanza,0.008521200000132012
573,,8.2544e-05,143.46481429999994,2026-05-28T08:39:23.609,2026-05-28T08:54:53.609,multimetro,143.46481429999994,282.0,Error Arduino: HX711 not found.,143.22337470000002,2026-05-28T08:39:23.368,2026-05-28T08:54:53.368,,balanza,-0.24143959999992148
574,,8.269e-05,143.7149027999999,2026-05-28T08:39:23.857,2026-05-28T08:54:53.857,multimetro,143.7149027999999,282.0,Error Arduino: HX711 not found.,143.22337470000002,2026-05-28T08:39:23.368,2026-05-28T08:54:53.368,,balanza,-0.4915280999998686
575,,8.2627e-05,143.96470290000002,2026-05-28T08:39:24.108,2026-05-28T08:54:54.108,multimetro,143.96470290000002,283.0,,144.2171515,2026-05-28T08:39:24.358,2026-05-28T08:54:54.358,607.58,balanza,0.2524485999999797
576,,8.2345e-05,144.21458319999988,2026-05-28T08:39:24.358,2026-05-28T08:54:54.358,multimetro,144.21458319999988,283.0,,144.2171515,2026-05-28T08:39:24.358,2026-05-28T08:54:54.358,607.58,balanza,0.002568300000120871
577,,8.2763e-05,144.46487739999998,2026-05-28T08:39:24.609,2026-05-28T08:54:54.609,multimetro,144.46487739999998,284.0,Error Arduino: HX711 not found.,144.24023899999997,2026-05-28T08:39:24.381,2026-05-28T08:54:54.381,,balanza,-0.22463840000000346
578,,8.2449e-05,144.7149227,2026-05-28T08:39:24.852,2026-05-28T08:54:54.852,multimetro,144.7149227,284.0,Error Arduino: HX711 not found.,144.24023899999997,2026-05-28T08:39:24.381,2026-05-28T08:54:54.381,,balanza,-0.47468370000001414
579,,8.2627e-05,144.96506999999997,2026-05-28T08:39:25.109,2026-05-28T08:54:55.109,multimetro,144.96506999999997,285.0,,145.2340463999999,2026-05-28T08:39:25.374,2026-05-28T08:54:55.374,607.61,balanza,0.2689763999999286
580,,8.2638e-05,145.21465809999995,2026-05-28T08:39:25.359,2026-05-28T08:54:55.359,multimetro,145.21465809999995,285.0,,145.2340463999999,2026-05-28T08:39:25.374,2026-05-28T08:54:55.374,607.61,balanza,0.019388299999945957
581,,8.2439e-05,145.46471989999986,2026-05-28T08:39:25.609,2026-05-28T08:54:55.609,multimetro,145.46471989999986,286.0,Error Arduino: HX711 not found.,145.25719359999994,2026-05-28T08:39:25.400,2026-05-28T08:54:55.400,,balanza,-0.20752629999992678
582,,8.2596e-05,145.7146527,2026-05-28T08:39:25.858,2026-05-28T08:54:55.858,multimetro,145.7146527,286.0,Error Arduino: HX711 not found.,145.25719359999994,2026-05-28T08:39:25.400,2026-05-28T08:54:55.400,,balanza,-0.45745910000005097
583,,8.2502e-05,145.96480039999983,2026-05-28T08:39:26.107,2026-05-28T08:54:56.107,multimetro,145.96480039999983,287.0,,146.25081619999992,2026-05-28T08:39:26.395,2026-05-28T08:54:56.395,607.55,balanza,0.28601580000008653
584,,8.2355e-05,146.21457450000003,2026-05-28T08:39:26.357,2026-05-28T08:54:56.357,multimetro,146.21457450000003,287.0,,146.25081619999992,2026-05-28T08:39:26.395,2026-05-28T08:54:56.395,607.55,balanza,0.03624169999989135
585,,8.2334e-05,146.46474809999995,2026-05-28T08:39:26.608,2026-05-28T08:54:56.608,multimetro,146.46474809999995,288.0,Error Arduino: HX711 not found.,146.27392650000002,2026-05-28T08:39:26.414,2026-05-28T08:54:56.414,,balanza,-0.19082159999993564
586,,8.2617e-05,146.71511910000004,2026-05-28T08:39:26.857,2026-05-28T08:54:56.857,multimetro,146.71511910000004,288.0,Error Arduino: HX711 not found.,146.27392650000002,2026-05-28T08:39:26.414,2026-05-28T08:54:56.414,,balanza,-0.44119260000002214
587,,8.225e-05,146.9858165999999,2026-05-28T08:39:27.130,2026-05-28T08:54:57.130,multimetro,146.9858165999999,289.0,,147.26765579999983,2026-05-28T08:39:27.407,2026-05-28T08:54:57.407,608.11,balanza,0.28183919999992213
588,,8.2554e-05,147.21802290000005,2026-05-28T08:39:27.359,2026-05-28T08:54:57.359,multimetro,147.21802290000005,289.0,,147.26765579999983,2026-05-28T08:39:27.407,2026-05-28T08:54:57.407,608.11,balanza,0.0496328999997786
589,,8.2659e-05,147.46503269999994,2026-05-28T08:39:27.609,2026-05-28T08:54:57.609,multimetro,147.46503269999994,290.0,Error Arduino: HX711 not found.,147.29073949999997,2026-05-28T08:39:27.435,2026-05-28T08:54:57.435,,balanza,-0.1742931999999655
590,,8.2324e-05,147.71471529999985,2026-05-28T08:39:27.857,2026-05-28T08:54:57.857,multimetro,147.71471529999985,290.0,Error Arduino: HX711 not found.,147.29073949999997,2026-05-28T08:39:27.435,2026-05-28T08:54:57.435,,balanza,-0.4239757999998801
591,,8.2261e-05,147.96488649999992,2026-05-28T08:39:28.108,2026-05-28T08:54:58.108,multimetro,147.96488649999992,291.0,,148.28435579999996,2026-05-28T08:39:28.424,2026-05-28T08:54:58.424,607.15,balanza,0.31946930000003704
592,,8.2334e-05,148.21492209999997,2026-05-28T08:39:28.350,2026-05-28T08:54:58.350,multimetro,148.21492209999997,291.0,,148.28435579999996,2026-05-28T08:39:28.424,2026-05-28T08:54:58.424,607.15,balanza,0.0694336999999905
593,,8.2303e-05,148.46530510000002,2026-05-28T08:39:28.609,2026-05-28T08:54:58.609,multimetro,148.46530510000002,292.0,Error Arduino: HX711 not found.,148.30750390000003,2026-05-28T08:39:28.447,2026-05-28T08:54:58.447,,balanza,-0.15780119999999442
594,,8.2439e-05,148.7146158999999,2026-05-28T08:39:28.857,2026-05-28T08:54:58.857,multimetro,148.7146158999999,292.0,Error Arduino: HX711 not found.,148.30750390000003,2026-05-28T08:39:28.447,2026-05-28T08:54:58.447,,balanza,-0.40711199999987
595,,8.247e-05,148.96471039999983,2026-05-28T08:39:29.107,2026-05-28T08:54:59.107,multimetro,148.96471039999983,293.0,,149.3010652999999,2026-05-28T08:39:29.443,2026-05-28T08:54:59.443,607.28,balanza,0.3363549000000603
596,,8.2114e-05,149.21481219999987,2026-05-28T08:39:29.358,2026-05-28T08:54:59.358,multimetro,149.21481219999987,293.0,,149.3010652999999,2026-05-28T08:39:29.443,2026-05-28T08:54:59.443,607.28,balanza,0.08625310000002173
597,,8.2303e-05,149.46488060000001,2026-05-28T08:39:29.609,2026-05-28T08:54:59.609,multimetro,149.46488060000001,294.0,Error Arduino: HX711 not found.,149.32436399999983,2026-05-28T08:39:29.464,2026-05-28T08:54:59.464,,balanza,-0.14051660000018273
598,,8.2334e-05,149.71488909999994,2026-05-28T08:39:29.859,2026-05-28T08:54:59.859,multimetro,149.71488909999994,294.0,Error Arduino: HX711 not found.,149.32436399999983,2026-05-28T08:39:29.464,2026-05-28T08:54:59.464,,balanza,-0.39052510000010443
599,,8.2198e-05,149.96498309999993,2026-05-28T08:39:30.109,2026-05-28T08:55:00.109,multimetro,149.96498309999993,295.0,,150.31792849999988,2026-05-28T08:39:30.457,2026-05-28T08:55:00.457,607.26,balanza,0.3529453999999532
600,,8.2261e-05,150.2151225,2026-05-28T08:39:30.359,2026-05-28T08:55:00.359,multimetro,150.2151225,295.0,,150.31792849999988,2026-05-28T08:39:30.457,2026-05-28T08:55:00.457,607.26,balanza,0.10280599999987317
601,,8.2376e-05,150.46485589999998,2026-05-28T08:39:30.609,2026-05-28T08:55:00.609,multimetro,150.46485589999998,296.0,Error Arduino: HX711 not found.,150.3411140999999,2026-05-28T08:39:30.485,2026-05-28T08:55:00.485,,balanza,-0.12374180000006163
602,,8.2261e-05,150.7148631,2026-05-28T08:39:30.859,2026-05-28T08:55:00.859,multimetro,150.7148631,296.0,Error Arduino: HX711 not found.,150.3411140999999,2026-05-28T08:39:30.485,2026-05-28T08:55:00.485,,balanza,-0.3737490000000889
603,,8.2418e-05,150.96478030000003,2026-05-28T08:39:31.107,2026-05-28T08:55:01.107,multimetro,150.96478030000003,297.0,,151.33476199999996,2026-05-28T08:39:31.474,2026-05-28T08:55:01.474,607.86,balanza,0.3699816999999257
604,,8.246e-05,151.2146178999999,2026-05-28T08:39:31.358,2026-05-28T08:55:01.358,multimetro,151.2146178999999,297.0,,151.33476199999996,2026-05-28T08:39:31.474,2026-05-28T08:55:01.474,607.86,balanza,0.12014410000006137
605,,8.2355e-05,151.46490249999988,2026-05-28T08:39:31.608,2026-05-28T08:55:01.608,multimetro,151.46490249999988,298.0,Error Arduino: HX711 not found.,151.35784279999984,2026-05-28T08:39:31.497,2026-05-28T08:55:01.497,,balanza,-0.10705970000003617
606,,8.2596e-05,151.71490479999989,2026-05-28T08:39:31.859,2026-05-28T08:55:01.859,multimetro,151.71490479999989,298.0,Error Arduino: HX711 not found.,151.35784279999984,2026-05-28T08:39:31.497,2026-05-28T08:55:01.497,,balanza,-0.35706200000004173
607,,8.2847e-05,151.96484639999994,2026-05-28T08:39:32.107,2026-05-28T08:55:02.107,multimetro,151.96484639999994,299.0,,152.35153449999984,2026-05-28T08:39:32.491,2026-05-28T08:55:02.491,607.46,balanza,0.38668809999990117
608,,8.2648e-05,152.21492489999991,2026-05-28T08:39:32.357,2026-05-28T08:55:02.357,multimetro,152.21492489999991,299.0,,152.35153449999984,2026-05-28T08:39:32.491,2026-05-28T08:55:02.491,607.46,balanza,0.13660959999992883
609,,8.2973e-05,152.46487890000003,2026-05-28T08:39:32.609,2026-05-28T08:55:02.609,multimetro,152.46487890000003,300.0,Error Arduino: HX711 not found.,152.37482999999997,2026-05-28T08:39:32.517,2026-05-28T08:55:02.517,,balanza,-0.09004890000005616
610,,8.2585e-05,152.71464609999998,2026-05-28T08:39:32.857,2026-05-28T08:55:02.857,multimetro,152.71464609999998,300.0,Error Arduino: HX711 not found.,152.37482999999997,2026-05-28T08:39:32.517,2026-05-28T08:55:02.517,,balanza,-0.3398161000000073
611,,8.2418e-05,152.96500229999992,2026-05-28T08:39:33.109,2026-05-28T08:55:03.109,multimetro,152.96500229999992,301.0,,153.36837889999993,2026-05-28T08:39:33.507,2026-05-28T08:55:03.507,607.18,balanza,0.4033766000000014
612,,8.314e-05,153.2148654,2026-05-28T08:39:33.358,2026-05-28T08:55:03.358,multimetro,153.2148654,301.0,,153.36837889999993,2026-05-28T08:39:33.507,2026-05-28T08:55:03.507,607.18,balanza,0.15351349999991726
613,,8.2973e-05,153.46489139999994,2026-05-28T08:39:33.608,2026-05-28T08:55:03.608,multimetro,153.46489139999994,302.0,Error Arduino: HX711 not found.,153.39146970000002,2026-05-28T08:39:33.536,2026-05-28T08:55:03.536,,balanza,-0.0734216999999262
614,,8.2774e-05,153.71494589999998,2026-05-28T08:39:33.857,2026-05-28T08:55:03.857,multimetro,153.71494589999998,302.0,Error Arduino: HX711 not found.,153.39146970000002,2026-05-28T08:39:33.536,2026-05-28T08:55:03.536,,balanza,-0.32347619999995914
615,,8.2743e-05,153.96494359999997,2026-05-28T08:39:34.107,2026-05-28T08:55:04.107,multimetro,153.96494359999997,303.0,,154.38516619999996,2026-05-28T08:39:34.524,2026-05-28T08:55:04.524,607.07,balanza,0.42022259999998823
616,,8.2533e-05,154.21468830000003,2026-05-28T08:39:34.359,2026-05-28T08:55:04.359,multimetro,154.21468830000003,303.0,,154.38516619999996,2026-05-28T08:39:34.524,2026-05-28T08:55:04.524,607.07,balanza,0.17047789999992347
617,,8.2334e-05,154.46477189999996,2026-05-28T08:39:34.609,2026-05-28T08:55:04.609,multimetro,154.46477189999996,304.0,Error Arduino: HX711 not found.,154.40821189999997,2026-05-28T08:39:34.550,2026-05-28T08:55:04.550,,balanza,-0.056559999999990396
618,,8.2805e-05,154.7146648999999,2026-05-28T08:39:34.859,2026-05-28T08:55:04.859,multimetro,154.7146648999999,304.0,Error Arduino: HX711 not found.,154.40821189999997,2026-05-28T08:39:34.550,2026-05-28T08:55:04.550,,balanza,-0.3064529999999195
619,,8.2481e-05,154.96469079999997,2026-05-28T08:39:35.108,2026-05-28T08:55:05.108,multimetro,154.96469079999997,305.0,,155.40206009999997,2026-05-28T08:39:35.546,2026-05-28T08:55:05.546,607.13,balanza,0.4373693000000003
620,,8.2345e-05,155.21469520000005,2026-05-28T08:39:35.359,2026-05-28T08:55:05.359,multimetro,155.21469520000005,305.0,,155.40206009999997,2026-05-28T08:39:35.546,2026-05-28T08:55:05.546,607.13,balanza,0.18736489999992045
621,,8.2585e-05,155.46501539999986,2026-05-28T08:39:35.609,2026-05-28T08:55:05.609,multimetro,155.46501539999986,306.0,Error Arduino: HX711 not found.,155.42511459999992,2026-05-28T08:39:35.564,2026-05-28T08:55:05.564,,balanza,-0.03990079999994123
622,,8.2219e-05,155.71556329999999,2026-05-28T08:39:35.859,2026-05-28T08:55:05.859,multimetro,155.71556329999999,306.0,Error Arduino: HX711 not found.,155.42511459999992,2026-05-28T08:39:35.564,2026-05-28T08:55:05.564,,balanza,-0.29044870000006995
623,,8.2146e-05,155.96486609999988,2026-05-28T08:39:36.109,2026-05-28T08:55:06.109,multimetro,155.96486609999988,307.0,,156.4188428,2026-05-28T08:39:36.561,2026-05-28T08:55:06.561,607.13,balanza,0.45397670000011203
624,,8.2575e-05,156.21540989999994,2026-05-28T08:39:36.358,2026-05-28T08:55:06.358,multimetro,156.21540989999994,307.0,,156.4188428,2026-05-28T08:39:36.561,2026-05-28T08:55:06.561,607.13,balanza,0.20343290000005254
625,,8.2324e-05,156.4650583,2026-05-28T08:39:36.609,2026-05-28T08:55:06.609,multimetro,156.4650583,308.0,Error Arduino: HX711 not found.,156.4420737999999,2026-05-28T08:39:36.580,2026-05-28T08:55:06.580,,balanza,-0.022984500000120534
626,,8.2512e-05,156.71488269999986,2026-05-28T08:39:36.857,2026-05-28T08:55:06.857,multimetro,156.71488269999986,308.0,Error Arduino: HX711 not found.,156.4420737999999,2026-05-28T08:39:36.580,2026-05-28T08:55:06.580,,balanza,-0.2728088999999727
627,,8.2533e-05,156.9647668,2026-05-28T08:39:37.109,2026-05-28T08:55:07.109,multimetro,156.9647668,309.0,,157.43578239999988,2026-05-28T08:39:37.580,2026-05-28T08:55:07.580,607.16,balanza,0.4710155999998733
628,,8.2167e-05,157.2149199999999,2026-05-28T08:39:37.359,2026-05-28T08:55:07.359,multimetro,157.2149199999999,309.0,,157.43578239999988,2026-05-28T08:39:37.580,2026-05-28T08:55:07.580,607.16,balanza,0.22086239999998725
629,,8.2502e-05,157.46550639999987,2026-05-28T08:39:37.607,2026-05-28T08:55:07.607,multimetro,157.46550639999987,310.0,Error Arduino: HX711 not found.,157.45898850000003,2026-05-28T08:39:37.597,2026-05-28T08:55:07.597,,balanza,-0.006517899999835208
630,,8.2575e-05,157.71472930000004,2026-05-28T08:39:37.857,2026-05-28T08:55:07.857,multimetro,157.71472930000004,310.0,Error Arduino: HX711 not found.,157.45898850000003,2026-05-28T08:39:37.597,2026-05-28T08:55:07.597,,balanza,-0.2557408000000123
631,,8.2292e-05,157.96479550000004,2026-05-28T08:39:38.107,2026-05-28T08:55:08.107,multimetro,157.96479550000004,311.0,,158.45280579999985,2026-05-28T08:39:38.597,2026-05-28T08:55:08.597,607.17,balanza,0.4880102999998144
632,,8.2376e-05,158.21480899999983,2026-05-28T08:39:38.358,2026-05-28T08:55:08.358,multimetro,158.21480899999983,311.0,,158.45280579999985,2026-05-28T08:39:38.597,2026-05-28T08:55:08.597,607.17,balanza,0.237996800000019
633,,8.2188e-05,158.46487159999992,2026-05-28T08:39:38.609,2026-05-28T08:55:08.609,multimetro,158.46487159999992,312.0,Error Arduino: HX711 not found.,158.4761489,2026-05-28T08:39:38.620,2026-05-28T08:55:08.620,,balanza,0.01127730000007432
634,,8.2146e-05,158.71464539999988,2026-05-28T08:39:38.857,2026-05-28T08:55:08.857,multimetro,158.71464539999988,312.0,Error Arduino: HX711 not found.,158.4761489,2026-05-28T08:39:38.620,2026-05-28T08:55:08.620,,balanza,-0.23849649999988287
635,,8.2292e-05,158.9648184,2026-05-28T08:39:39.107,2026-05-28T08:55:09.107,multimetro,158.9648184,312.0,Error Arduino: HX711 not found.,158.4761489,2026-05-28T08:39:38.620,2026-05-28T08:55:08.620,,balanza,-0.4886695000000145
636,,8.2261e-05,159.21529099999998,2026-05-28T08:39:39.359,2026-05-28T08:55:09.359,multimetro,159.21529099999998,313.0,,159.46963119999987,2026-05-28T08:39:39.614,2026-05-28T08:55:09.614,607.13,balanza,0.2543401999998878
637,,8.2209e-05,159.46467009999992,2026-05-28T08:39:39.609,2026-05-28T08:55:09.609,multimetro,159.46467009999992,313.0,,159.46963119999987,2026-05-28T08:39:39.614,2026-05-28T08:55:09.614,607.13,balanza,0.004961099999945873
638,,8.224e-05,159.71492990000002,2026-05-28T08:39:39.859,2026-05-28T08:55:09.859,multimetro,159.71492990000002,315.0,Error Arduino: HX711 not found.,159.50594690000003,2026-05-28T08:39:39.650,2026-05-28T08:55:09.650,,balanza,-0.20898299999998926
639,,8.2334e-05,159.96487630000001,2026-05-28T08:39:40.107,2026-05-28T08:55:10.107,multimetro,159.96487630000001,315.0,Error Arduino: HX711 not found.,159.50594690000003,2026-05-28T08:39:39.650,2026-05-28T08:55:09.650,,balanza,-0.45892939999998816
640,,8.2062e-05,160.21471389999988,2026-05-28T08:39:40.357,2026-05-28T08:55:10.357,multimetro,160.21471389999988,316.0,,160.49966529999983,2026-05-28T08:39:40.643,2026-05-28T08:55:10.643,607.15,balanza,0.28495139999995445
641,,8.1989e-05,160.46485099999995,2026-05-28T08:39:40.609,2026-05-28T08:55:10.609,multimetro,160.46485099999995,316.0,,160.49966529999983,2026-05-28T08:39:40.643,2026-05-28T08:55:10.643,607.15,balanza,0.03481429999987995
642,,8.2271e-05,160.71463300000005,2026-05-28T08:39:40.857,2026-05-28T08:55:10.857,multimetro,160.71463300000005,317.0,Error Arduino: HX711 not found.,160.52277609999987,2026-05-28T08:39:40.664,2026-05-28T08:55:10.664,,balanza,-0.1918569000001753
643,,8.2093e-05,160.96469260000003,2026-05-28T08:39:41.108,2026-05-28T08:55:11.108,multimetro,160.96469260000003,317.0,Error Arduino: HX711 not found.,160.52277609999987,2026-05-28T08:39:40.664,2026-05-28T08:55:10.664,,balanza,-0.44191650000016125
644,,8.2135e-05,161.21491879999985,2026-05-28T08:39:41.358,2026-05-28T08:55:11.358,multimetro,161.21491879999985,318.0,,161.51646149999988,2026-05-28T08:39:41.660,2026-05-28T08:55:11.660,607.13,balanza,0.30154270000002725
645,,8.269e-05,161.4648173999999,2026-05-28T08:39:41.609,2026-05-28T08:55:11.609,multimetro,161.4648173999999,318.0,,161.51646149999988,2026-05-28T08:39:41.660,2026-05-28T08:55:11.660,607.13,balanza,0.05164409999997588
646,,8.2041e-05,161.71495600000003,2026-05-28T08:39:41.859,2026-05-28T08:55:11.859,multimetro,161.71495600000003,319.0,Error Arduino: HX711 not found.,161.539626,2026-05-28T08:39:41.680,2026-05-28T08:55:11.680,,balanza,-0.17533000000003085
647,,8.1947e-05,161.96463629999994,2026-05-28T08:39:42.107,2026-05-28T08:55:12.107,multimetro,161.96463629999994,319.0,Error Arduino: HX711 not found.,161.539626,2026-05-28T08:39:41.680,2026-05-28T08:55:11.680,,balanza,-0.4250102999999399
648,,8.2083e-05,162.21457369999985,2026-05-28T08:39:42.359,2026-05-28T08:55:12.359,multimetro,162.21457369999985,320.0,,162.53322200000002,2026-05-28T08:39:42.674,2026-05-28T08:55:12.674,607.14,balanza,0.3186483000001772
649,,8.1769e-05,162.4645665999999,2026-05-28T08:39:42.608,2026-05-28T08:55:12.608,multimetro,162.4645665999999,320.0,,162.53322200000002,2026-05-28T08:39:42.674,2026-05-28T08:55:12.674,607.14,balanza,0.06865540000012516
650,,8.1894e-05,162.71457609999993,2026-05-28T08:39:42.859,2026-05-28T08:55:12.859,multimetro,162.71457609999993,321.0,Error Arduino: HX711 not found.,162.55633319999993,2026-05-28T08:39:42.697,2026-05-28T08:55:12.697,,balanza,-0.15824290000000474
651,,8.2449e-05,162.96485239999993,2026-05-28T08:39:43.107,2026-05-28T08:55:13.107,multimetro,162.96485239999993,321.0,Error Arduino: HX711 not found.,162.55633319999993,2026-05-28T08:39:42.697,2026-05-28T08:55:12.697,,balanza,-0.40851920000000064
652,,8.2271e-05,163.21468349999986,2026-05-28T08:39:43.357,2026-05-28T08:55:13.357,multimetro,163.21468349999986,322.0,,163.55007579999983,2026-05-28T08:39:43.691,2026-05-28T08:55:13.691,607.12,balanza,0.3353922999999668
653,,8.2271e-05,163.46475850000002,2026-05-28T08:39:43.608,2026-05-28T08:55:13.608,multimetro,163.46475850000002,322.0,,163.55007579999983,2026-05-28T08:39:43.691,2026-05-28T08:55:13.691,607.12,balanza,0.08531729999981508
654,,8.2345e-05,163.71491919999994,2026-05-28T08:39:43.859,2026-05-28T08:55:13.859,multimetro,163.71491919999994,323.0,Error Arduino: HX711 not found.,163.5731905,2026-05-28T08:39:43.714,2026-05-28T08:55:13.714,,balanza,-0.14172869999993054
655,,8.1978e-05,163.96473279999987,2026-05-28T08:39:44.108,2026-05-28T08:55:14.108,multimetro,163.96473279999987,323.0,Error Arduino: HX711 not found.,163.5731905,2026-05-28T08:39:43.714,2026-05-28T08:55:13.714,,balanza,-0.39154229999985546
656,,8.1905e-05,164.21462580000002,2026-05-28T08:39:44.358,2026-05-28T08:55:14.358,multimetro,164.21462580000002,324.0,,164.56685659999994,2026-05-28T08:39:44.707,2026-05-28T08:55:14.707,607.12,balanza,0.3522307999999157
657,,8.2418e-05,164.46479669999985,2026-05-28T08:39:44.607,2026-05-28T08:55:14.607,multimetro,164.46479669999985,324.0,,164.56685659999994,2026-05-28T08:39:44.707,2026-05-28T08:55:14.707,607.12,balanza,0.10205990000008569
658,,8.1832e-05,164.71545270000001,2026-05-28T08:39:44.857,2026-05-28T08:55:14.857,multimetro,164.71545270000001,325.0,Error Arduino: HX711 not found.,164.59018229999992,2026-05-28T08:39:44.734,2026-05-28T08:55:14.734,,balanza,-0.12527040000009038
659,,8.2188e-05,164.9647513,2026-05-28T08:39:45.109,2026-05-28T08:55:15.109,multimetro,164.9647513,325.0,Error Arduino: HX711 not found.,164.59018229999992,2026-05-28T08:39:44.734,2026-05-28T08:55:14.734,,balanza,-0.374569000000065
660,,8.1999e-05,165.21497609999983,2026-05-28T08:39:45.350,2026-05-28T08:55:15.350,multimetro,165.21497609999983,326.0,,165.58361509999986,2026-05-28T08:39:45.724,2026-05-28T08:55:15.724,607.23,balanza,0.36863900000003014
661,,8.1622e-05,165.46507369999995,2026-05-28T08:39:45.605,2026-05-28T08:55:15.605,multimetro,165.46507369999995,326.0,,165.58361509999986,2026-05-28T08:39:45.724,2026-05-28T08:55:15.724,607.23,balanza,0.11854139999991276
662,,8.1748e-05,165.71465079999984,2026-05-28T08:39:45.859,2026-05-28T08:55:15.859,multimetro,165.71465079999984,327.0,Error Arduino: HX711 not found.,165.60667799999987,2026-05-28T08:39:45.747,2026-05-28T08:55:15.747,,balanza,-0.10797279999997045
663,,8.1727e-05,165.96467140000004,2026-05-28T08:39:46.108,2026-05-28T08:55:16.108,multimetro,165.96467140000004,327.0,Error Arduino: HX711 not found.,165.60667799999987,2026-05-28T08:39:45.747,2026-05-28T08:55:15.747,,balanza,-0.35799340000016855
664,,8.1507e-05,166.2148439,2026-05-28T08:39:46.351,2026-05-28T08:55:16.351,multimetro,166.2148439,328.0,,166.60041349999983,2026-05-28T08:39:46.745,2026-05-28T08:55:16.745,607.19,balanza,0.3855695999998261
665,,8.1779e-05,166.46554919999994,2026-05-28T08:39:46.609,2026-05-28T08:55:16.609,multimetro,166.46554919999994,328.0,,166.60041349999983,2026-05-28T08:39:46.745,2026-05-28T08:55:16.745,607.19,balanza,0.13486429999989014
666,,8.1863e-05,166.71486559999994,2026-05-28T08:39:46.857,2026-05-28T08:55:16.857,multimetro,166.71486559999994,329.0,Error Arduino: HX711 not found.,166.62353029999986,2026-05-28T08:39:46.764,2026-05-28T08:55:16.764,,balanza,-0.0913353000000825
667,,8.1497e-05,166.96469359999992,2026-05-28T08:39:47.109,2026-05-28T08:55:17.109,multimetro,166.96469359999992,329.0,Error Arduino: HX711 not found.,166.62353029999986,2026-05-28T08:39:46.764,2026-05-28T08:55:16.764,,balanza,-0.341163300000062
668,,8.157e-05,167.21506729999987,2026-05-28T08:39:47.358,2026-05-28T08:55:17.358,multimetro,167.21506729999987,330.0,,167.6171457999999,2026-05-28T08:39:47.757,2026-05-28T08:55:17.757,607.17,balanza,0.402078500000016
669,,8.1675e-05,167.46478979999983,2026-05-28T08:39:47.607,2026-05-28T08:55:17.607,multimetro,167.46478979999983,330.0,,167.6171457999999,2026-05-28T08:39:47.757,2026-05-28T08:55:17.757,607.17,balanza,0.15235600000005434
670,,8.1465e-05,167.71494659999985,2026-05-28T08:39:47.857,2026-05-28T08:55:17.857,multimetro,167.71494659999985,331.0,Error Arduino: HX711 not found.,167.64032929999985,2026-05-28T08:39:47.780,2026-05-28T08:55:17.780,,balanza,-0.07461729999999989
671,,8.1758e-05,167.96474409999996,2026-05-28T08:39:48.108,2026-05-28T08:55:18.108,multimetro,167.96474409999996,331.0,Error Arduino: HX711 not found.,167.64032929999985,2026-05-28T08:39:47.780,2026-05-28T08:55:17.780,,balanza,-0.32441480000011325
672,,8.1978e-05,168.21507780000002,2026-05-28T08:39:48.359,2026-05-28T08:55:18.359,multimetro,168.21507780000002,332.0,,168.63397829999985,2026-05-28T08:39:48.774,2026-05-28T08:55:18.774,607.15,balanza,0.41890049999983603
673,,8.1622e-05,168.46476169999983,2026-05-28T08:39:48.609,2026-05-28T08:55:18.609,multimetro,168.46476169999983,332.0,,168.63397829999985,2026-05-28T08:39:48.774,2026-05-28T08:55:18.774,607.15,balanza,0.16921660000002703
674,,8.2052e-05,168.7150099999999,2026-05-28T08:39:48.857,2026-05-28T08:55:18.857,multimetro,168.7150099999999,333.0,Error Arduino: HX711 not found.,168.65706550000004,2026-05-28T08:39:48.797,2026-05-28T08:55:18.797,,balanza,-0.05794449999984863
675,,8.2041e-05,168.9648474999999,2026-05-28T08:39:49.109,2026-05-28T08:55:19.109,multimetro,168.9648474999999,333.0,Error Arduino: HX711 not found.,168.65706550000004,2026-05-28T08:39:48.797,2026-05-28T08:55:18.797,,balanza,-0.307781999999861
676,,8.1842e-05,169.21492409999996,2026-05-28T08:39:49.359,2026-05-28T08:55:19.359,multimetro,169.21492409999996,334.0,,169.6507784999999,2026-05-28T08:39:49.791,2026-05-28T08:55:19.791,607.23,balanza,0.4358543999999256
677,,8.2052e-05,169.4647098999999,2026-05-28T08:39:49.608,2026-05-28T08:55:19.608,multimetro,169.4647098999999,334.0,,169.6507784999999,2026-05-28T08:39:49.791,2026-05-28T08:55:19.791,607.23,balanza,0.1860685999999987
678,,8.1957e-05,169.71501279999984,2026-05-28T08:39:49.857,2026-05-28T08:55:19.857,multimetro,169.71501279999984,335.0,Error Arduino: HX711 not found.,169.67410099999984,2026-05-28T08:39:49.814,2026-05-28T08:55:19.814,,balanza,-0.040911800000003495
679,,8.1821e-05,169.9646605999999,2026-05-28T08:39:50.107,2026-05-28T08:55:20.107,multimetro,169.9646605999999,335.0,Error Arduino: HX711 not found.,169.67410099999984,2026-05-28T08:39:49.814,2026-05-28T08:55:19.814,,balanza,-0.29055960000005143
680,,8.0858e-05,170.21473930000002,2026-05-28T08:39:50.357,2026-05-28T08:55:20.357,multimetro,170.21473930000002,336.0,,170.66759860000002,2026-05-28T08:39:50.807,2026-05-28T08:55:20.807,607.17,balanza,0.4528593000000001
681,,8.134e-05,170.4647078999999,2026-05-28T08:39:50.609,2026-05-28T08:55:20.609,multimetro,170.4647078999999,336.0,,170.66759860000002,2026-05-28T08:39:50.807,2026-05-28T08:55:20.807,607.17,balanza,0.20289070000012543
682,,8.1224e-05,170.71496609999986,2026-05-28T08:39:50.859,2026-05-28T08:55:20.859,multimetro,170.71496609999986,337.0,Error Arduino: HX711 not found.,170.6907323999999,2026-05-28T08:39:50.835,2026-05-28T08:55:20.835,,balanza,-0.02423369999996794
683,,8.1507e-05,170.96477099999993,2026-05-28T08:39:51.107,2026-05-28T08:55:21.107,multimetro,170.96477099999993,337.0,Error Arduino: HX711 not found.,170.6907323999999,2026-05-28T08:39:50.835,2026-05-28T08:55:20.835,,balanza,-0.2740386000000399
684,,8.1455e-05,171.21493769999984,2026-05-28T08:39:51.359,2026-05-28T08:55:21.359,multimetro,171.21493769999984,338.0,,171.6844148,2026-05-28T08:39:51.828,2026-05-28T08:55:21.828,607.11,balanza,0.4694771000001765
685,,8.1361e-05,171.46468299999992,2026-05-28T08:39:51.609,2026-05-28T08:55:21.609,multimetro,171.46468299999992,338.0,,171.6844148,2026-05-28T08:39:51.828,2026-05-28T08:55:21.828,607.11,balanza,0.21973180000009052
686,,8.1811e-05,171.71485489999986,2026-05-28T08:39:51.858,2026-05-28T08:55:21.858,multimetro,171.71485489999986,339.0,Error Arduino: HX711 not found.,171.7075918999999,2026-05-28T08:39:51.851,2026-05-28T08:55:21.851,,balanza,-0.007262999999966269
687,,8.291e-05,171.9647012999999,2026-05-28T08:39:52.107,2026-05-28T08:55:22.107,multimetro,171.9647012999999,339.0,Error Arduino: HX711 not found.,171.7075918999999,2026-05-28T08:39:51.851,2026-05-28T08:55:21.851,,balanza,-0.2571093999999903
688,,8.2795e-05,172.21490189999986,2026-05-28T08:39:52.357,2026-05-28T08:55:22.357,multimetro,172.21490189999986,340.0,,172.70130729999983,2026-05-28T08:39:52.844,2026-05-28T08:55:22.844,607.21,balanza,0.4864053999999669
689,,8.1298e-05,172.4647485999999,2026-05-28T08:39:52.609,2026-05-28T08:55:22.609,multimetro,172.4647485999999,340.0,,172.70130729999983,2026-05-28T08:39:52.844,2026-05-28T08:55:22.844,607.21,balanza,0.2365586999999323
690,,8.1518e-05,172.71442409999986,2026-05-28T08:39:52.858,2026-05-28T08:55:22.858,multimetro,172.71442409999986,341.0,Error Arduino: HX711 not found.,172.72460339999998,2026-05-28T08:39:52.864,2026-05-28T08:55:22.864,,balanza,0.010179300000118019
691,,8.2544e-05,172.96484399999986,2026-05-28T08:39:53.107,2026-05-28T08:55:23.107,multimetro,172.96484399999986,341.0,Error Arduino: HX711 not found.,172.72460339999998,2026-05-28T08:39:52.864,2026-05-28T08:55:22.864,,balanza,-0.24024059999987912
692,,8.2638e-05,173.21459619999996,2026-05-28T08:39:53.359,2026-05-28T08:55:23.359,multimetro,173.21459619999996,341.0,Error Arduino: HX711 not found.,172.72460339999998,2026-05-28T08:39:52.864,2026-05-28T08:55:22.864,,balanza,-0.4899927999999818
693,,8.2596e-05,173.46478939999997,2026-05-28T08:39:53.609,2026-05-28T08:55:23.609,multimetro,173.46478939999997,342.0,,173.71821679999994,2026-05-28T08:39:53.861,2026-05-28T08:55:23.861,607.13,balanza,0.2534273999999641
694,,8.3067e-05,173.71528779999994,2026-05-28T08:39:53.851,2026-05-28T08:55:23.851,multimetro,173.71528779999994,342.0,,173.71821679999994,2026-05-28T08:39:53.861,2026-05-28T08:55:23.861,607.13,balanza,0.0029289999999946303
695,,8.2449e-05,173.9647218,2026-05-28T08:39:54.109,2026-05-28T08:55:24.109,multimetro,173.9647218,343.0,Error Arduino: HX711 not found.,173.74136239999984,2026-05-28T08:39:53.880,2026-05-28T08:55:23.880,,balanza,-0.22335940000016308
696,,8.2648e-05,174.21467469999993,2026-05-28T08:39:54.359,2026-05-28T08:55:24.359,multimetro,174.21467469999993,343.0,Error Arduino: HX711 not found.,173.74136239999984,2026-05-28T08:39:53.880,2026-05-28T08:55:23.880,,balanza,-0.4733123000000887
697,,8.3339e-05,174.46508329999983,2026-05-28T08:39:54.609,2026-05-28T08:55:24.609,multimetro,174.46508329999983,344.0,,174.7350274999999,2026-05-28T08:39:54.873,2026-05-28T08:55:24.873,607.14,balanza,0.2699442000000545
698,,8.3036e-05,174.71486589999995,2026-05-28T08:39:54.857,2026-05-28T08:55:24.857,multimetro,174.71486589999995,344.0,,174.7350274999999,2026-05-28T08:39:54.873,2026-05-28T08:55:24.873,607.14,balanza,0.020161599999937607
699,,8.3266e-05,174.96463689999996,2026-05-28T08:39:55.107,2026-05-28T08:55:25.107,multimetro,174.96463689999996,345.0,Error Arduino: HX711 not found.,174.75807179999993,2026-05-28T08:39:54.898,2026-05-28T08:55:24.898,,balanza,-0.20656510000003436
700,,8.3685e-05,175.21483579999995,2026-05-28T08:39:55.357,2026-05-28T08:55:25.357,multimetro,175.21483579999995,345.0,Error Arduino: HX711 not found.,174.75807179999993,2026-05-28T08:39:54.898,2026-05-28T08:55:24.898,,balanza,-0.45676400000002104
701,,8.3308e-05,175.46526369999992,2026-05-28T08:39:55.609,2026-05-28T08:55:25.609,multimetro,175.46526369999992,346.0,,175.75183399999992,2026-05-28T08:39:55.895,2026-05-28T08:55:25.895,607.13,balanza,0.28657029999999395
702,,8.3381e-05,175.7149632999999,2026-05-28T08:39:55.859,2026-05-28T08:55:25.859,multimetro,175.7149632999999,346.0,,175.75183399999992,2026-05-28T08:39:55.895,2026-05-28T08:55:25.895,607.13,balanza,0.03687070000000858
703,,8.3465e-05,175.96480840000004,2026-05-28T08:39:56.109,2026-05-28T08:55:26.109,multimetro,175.96480840000004,347.0,Error Arduino: HX711 not found.,175.7749758,2026-05-28T08:39:55.914,2026-05-28T08:55:25.914,,balanza,-0.1898326000000452
704,,8.3214e-05,176.21478060000004,2026-05-28T08:39:56.357,2026-05-28T08:55:26.357,multimetro,176.21478060000004,347.0,Error Arduino: HX711 not found.,175.7749758,2026-05-28T08:39:55.914,2026-05-28T08:55:25.914,,balanza,-0.4398048000000472
705,,8.3632e-05,176.46475459999988,2026-05-28T08:39:56.607,2026-05-28T08:55:26.607,multimetro,176.46475459999988,348.0,,176.76861919999988,2026-05-28T08:39:56.907,2026-05-28T08:55:26.907,607.2,balanza,0.30386459999999715
706,,8.3842e-05,176.7150334999999,2026-05-28T08:39:56.850,2026-05-28T08:55:26.850,multimetro,176.7150334999999,348.0,,176.76861919999988,2026-05-28T08:39:56.907,2026-05-28T08:55:26.907,607.2,balanza,0.05358569999998508
707,,8.3496e-05,176.96470780000004,2026-05-28T08:39:57.107,2026-05-28T08:55:27.107,multimetro,176.96470780000004,349.0,Error Arduino: HX711 not found.,176.79170139999997,2026-05-28T08:39:56.936,2026-05-28T08:55:26.936,,balanza,-0.1730064000000766
708,,8.379e-05,177.21517099999983,2026-05-28T08:39:57.358,2026-05-28T08:55:27.358,multimetro,177.21517099999983,349.0,Error Arduino: HX711 not found.,176.79170139999997,2026-05-28T08:39:56.936,2026-05-28T08:55:26.936,,balanza,-0.4234695999998621
709,,8.3957e-05,177.46485469999993,2026-05-28T08:39:57.607,2026-05-28T08:55:27.607,multimetro,177.46485469999993,350.0,,177.78563859999986,2026-05-28T08:39:57.930,2026-05-28T08:55:27.930,607.13,balanza,0.32078389999992396
710,,8.3706e-05,177.71469079999997,2026-05-28T08:39:57.859,2026-05-28T08:55:27.859,multimetro,177.71469079999997,350.0,,177.78563859999986,2026-05-28T08:39:57.930,2026-05-28T08:55:27.930,607.13,balanza,0.07094779999988532
711,,8.4051e-05,177.9647998999999,2026-05-28T08:39:58.109,2026-05-28T08:55:28.109,multimetro,177.9647998999999,351.0,Error Arduino: HX711 not found.,177.80881899999986,2026-05-28T08:39:57.947,2026-05-28T08:55:27.947,,balanza,-0.1559809000000314
712,,8.4104e-05,178.2146229,2026-05-28T08:39:58.357,2026-05-28T08:55:28.357,multimetro,178.2146229,351.0,Error Arduino: HX711 not found.,177.80881899999986,2026-05-28T08:39:57.947,2026-05-28T08:55:27.947,,balanza,-0.4058039000001372
713,,8.3936e-05,178.46473889999993,2026-05-28T08:39:58.609,2026-05-28T08:55:28.609,multimetro,178.46473889999993,352.0,,178.80234240000004,2026-05-28T08:39:58.947,2026-05-28T08:55:28.947,607.17,balanza,0.33760350000011385
714,,8.3988e-05,178.71492820000003,2026-05-28T08:39:58.859,2026-05-28T08:55:28.859,multimetro,178.71492820000003,352.0,,178.80234240000004,2026-05-28T08:39:58.947,2026-05-28T08:55:28.947,607.17,balanza,0.08741420000001199
715,,8.4041e-05,178.96463019999987,2026-05-28T08:39:59.106,2026-05-28T08:55:29.106,multimetro,178.96463019999987,353.0,Error Arduino: HX711 not found.,178.8255385,2026-05-28T08:39:58.967,2026-05-28T08:55:28.967,,balanza,-0.1390916999998808
716,,8.3674e-05,179.2145696,2026-05-28T08:39:59.357,2026-05-28T08:55:29.357,multimetro,179.2145696,353.0,Error Arduino: HX711 not found.,178.8255385,2026-05-28T08:39:58.967,2026-05-28T08:55:28.967,,balanza,-0.38903110000001107
717,,8.3873e-05,179.46464969999988,2026-05-28T08:39:59.607,2026-05-28T08:55:29.607,multimetro,179.46464969999988,354.0,,179.8191844999999,2026-05-28T08:39:59.963,2026-05-28T08:55:29.963,607.16,balanza,0.35453480000001036
718,,8.4051e-05,179.7148995,2026-05-28T08:39:59.858,2026-05-28T08:55:29.858,multimetro,179.7148995,354.0,,179.8191844999999,2026-05-28T08:39:59.963,2026-05-28T08:55:29.963,607.16,balanza,0.10428499999989072
719,,8.38e-05,179.9647241,2026-05-28T08:40:00.109,2026-05-28T08:55:30.109,multimetro,179.9647241,355.0,Error Arduino: HX711 not found.,179.84238589999995,2026-05-28T08:39:59.980,2026-05-28T08:55:29.980,,balanza,-0.12233820000005835
720,,8.4449e-05,180.21498509999992,2026-05-28T08:40:00.357,2026-05-28T08:55:30.357,multimetro,180.21498509999992,355.0,Error Arduino: HX711 not found.,179.84238589999995,2026-05-28T08:39:59.980,2026-05-28T08:55:29.980,,balanza,-0.3725991999999678
721,,8.4062e-05,180.46477029999983,2026-05-28T08:40:00.609,2026-05-28T08:55:30.609,multimetro,180.46477029999983,356.0,,180.83588969999983,2026-05-28T08:40:00.980,2026-05-28T08:55:30.980,607.15,balanza,0.37111939999999777
722,,8.3674e-05,180.7148454999999,2026-05-28T08:40:00.850,2026-05-28T08:55:30.850,multimetro,180.7148454999999,356.0,,180.83588969999983,2026-05-28T08:40:00.980,2026-05-28T08:55:30.980,607.15,balanza,0.12104419999991478
723,,8.3978e-05,180.96466499999997,2026-05-28T08:40:01.108,2026-05-28T08:55:31.108,multimetro,180.96466499999997,357.0,Error Arduino: HX711 not found.,180.85922809999988,2026-05-28T08:40:01.000,2026-05-28T08:55:31.000,,balanza,-0.1054369000000861
724,,8.3915e-05,181.21490199999994,2026-05-28T08:40:01.357,2026-05-28T08:55:31.357,multimetro,181.21490199999994,357.0,Error Arduino: HX711 not found.,180.85922809999988,2026-05-28T08:40:01.000,2026-05-28T08:55:31.000,,balanza,-0.35567390000005616
725,,8.3957e-05,181.46473360000005,2026-05-28T08:40:01.607,2026-05-28T08:55:31.607,multimetro,181.46473360000005,358.0,,181.85278949999997,2026-05-28T08:40:01.997,2026-05-28T08:55:31.997,607.17,balanza,0.3880558999999266
726,,8.4229e-05,181.71466669999995,2026-05-28T08:40:01.858,2026-05-28T08:55:31.858,multimetro,181.71466669999995,358.0,,181.85278949999997,2026-05-28T08:40:01.997,2026-05-28T08:55:31.997,607.17,balanza,0.1381228000000192
727,,8.3821e-05,181.9648098,2026-05-28T08:40:02.107,2026-05-28T08:55:32.107,multimetro,181.9648098,359.0,Error Arduino: HX711 not found.,181.87587140000005,2026-05-28T08:40:02.014,2026-05-28T08:55:32.014,,balanza,-0.0889383999999609
728,,8.3434e-05,182.21458549999988,2026-05-28T08:40:02.357,2026-05-28T08:55:32.357,multimetro,182.21458549999988,359.0,Error Arduino: HX711 not found.,181.87587140000005,2026-05-28T08:40:02.014,2026-05-28T08:55:32.014,,balanza,-0.3387140999998337
729,,8.4114e-05,182.4646378,2026-05-28T08:40:02.607,2026-05-28T08:55:32.607,multimetro,182.4646378,360.0,,182.86945879999985,2026-05-28T08:40:03.013,2026-05-28T08:55:33.013,607.13,balanza,0.4048209999998562
730,,8.3538e-05,182.7154106999999,2026-05-28T08:40:02.857,2026-05-28T08:55:32.857,multimetro,182.7154106999999,360.0,,182.86945879999985,2026-05-28T08:40:03.013,2026-05-28T08:55:33.013,607.13,balanza,0.1540480999999545
731,,8.3266e-05,182.96461019999992,2026-05-28T08:40:03.108,2026-05-28T08:55:33.108,multimetro,182.96461019999992,361.0,Error Arduino: HX711 not found.,182.8925850999999,2026-05-28T08:40:03.036,2026-05-28T08:55:33.036,,balanza,-0.07202510000001894
732,,8.4114e-05,183.21508500000004,2026-05-28T08:40:03.357,2026-05-28T08:55:33.357,multimetro,183.21508500000004,361.0,Error Arduino: HX711 not found.,182.8925850999999,2026-05-28T08:40:03.036,2026-05-28T08:55:33.036,,balanza,-0.32249990000013895
733,,8.3559e-05,183.4649227,2026-05-28T08:40:03.607,2026-05-28T08:55:33.607,multimetro,183.4649227,362.0,,183.8862655999999,2026-05-28T08:40:04.030,2026-05-28T08:55:34.030,607.14,balanza,0.4213428999998996
734,,8.3737e-05,183.71488839999984,2026-05-28T08:40:03.857,2026-05-28T08:55:33.857,multimetro,183.71488839999984,362.0,,183.8862655999999,2026-05-28T08:40:04.030,2026-05-28T08:55:34.030,607.14,balanza,0.17137720000005174
735,,8.4271e-05,183.964923,2026-05-28T08:40:04.107,2026-05-28T08:55:34.107,multimetro,183.964923,363.0,Error Arduino: HX711 not found.,183.9093863999999,2026-05-28T08:40:04.047,2026-05-28T08:55:34.047,,balanza,-0.05553660000009586
736,,8.3863e-05,184.21474179999996,2026-05-28T08:40:04.357,2026-05-28T08:55:34.357,multimetro,184.21474179999996,363.0,Error Arduino: HX711 not found.,183.9093863999999,2026-05-28T08:40:04.047,2026-05-28T08:55:34.047,,balanza,-0.3053554000000531
737,,8.3601e-05,184.46522319999985,2026-05-28T08:40:04.607,2026-05-28T08:55:34.607,multimetro,184.46522319999985,364.0,,184.90293769999994,2026-05-28T08:40:05.046,2026-05-28T08:55:35.046,607.14,balanza,0.4377145000000837
738,,8.3475e-05,184.7146525999999,2026-05-28T08:40:04.858,2026-05-28T08:55:34.858,multimetro,184.7146525999999,364.0,,184.90293769999994,2026-05-28T08:40:05.046,2026-05-28T08:55:35.046,607.14,balanza,0.18828510000003007
739,,8.3643e-05,184.9703027999999,2026-05-28T08:40:05.114,2026-05-28T08:55:35.114,multimetro,184.9703027999999,365.0,Error Arduino: HX711 not found.,184.92616959999987,2026-05-28T08:40:05.064,2026-05-28T08:55:35.064,,balanza,-0.04413320000003296
740,,8.3507e-05,185.21497639999984,2026-05-28T08:40:05.357,2026-05-28T08:55:35.357,multimetro,185.21497639999984,365.0,Error Arduino: HX711 not found.,184.92616959999987,2026-05-28T08:40:05.064,2026-05-28T08:55:35.064,,balanza,-0.28880679999997483
741,,8.3559e-05,185.46470099999988,2026-05-28T08:40:05.608,2026-05-28T08:55:35.608,multimetro,185.46470099999988,366.0,,185.91961979999996,2026-05-28T08:40:06.064,2026-05-28T08:55:36.064,607.13,balanza,0.4549188000000868
742,,8.3748e-05,185.71483489999991,2026-05-28T08:40:05.857,2026-05-28T08:55:35.857,multimetro,185.71483489999991,366.0,,185.91961979999996,2026-05-28T08:40:06.064,2026-05-28T08:55:36.064,607.13,balanza,0.20478490000004967
743,,8.3727e-05,185.9646419999999,2026-05-28T08:40:06.108,2026-05-28T08:55:36.108,multimetro,185.9646419999999,367.0,Error Arduino: HX711 not found.,185.94276969999987,2026-05-28T08:40:06.087,2026-05-28T08:55:36.087,,balanza,-0.021872300000040923
744,,8.3748e-05,186.21482459999993,2026-05-28T08:40:06.357,2026-05-28T08:55:36.357,multimetro,186.21482459999993,367.0,Error Arduino: HX711 not found.,185.94276969999987,2026-05-28T08:40:06.087,2026-05-28T08:55:36.087,,balanza,-0.2720549000000574
745,,8.3727e-05,186.4646447,2026-05-28T08:40:06.607,2026-05-28T08:55:36.607,multimetro,186.4646447,368.0,,186.93639299999995,2026-05-28T08:40:07.080,2026-05-28T08:55:37.080,607.15,balanza,0.4717482999999447
746,,8.3612e-05,186.71448309999982,2026-05-28T08:40:06.859,2026-05-28T08:55:36.859,multimetro,186.71448309999982,368.0,,186.93639299999995,2026-05-28T08:40:07.080,2026-05-28T08:55:37.080,607.15,balanza,0.2219099000001279
747,,8.3381e-05,186.96482100000003,2026-05-28T08:40:07.108,2026-05-28T08:55:37.108,multimetro,186.96482100000003,369.0,Error Arduino: HX711 not found.,186.95970549999993,2026-05-28T08:40:07.098,2026-05-28T08:55:37.098,,balanza,-0.005115500000101747
748,,8.3873e-05,187.21494099999995,2026-05-28T08:40:07.357,2026-05-28T08:55:37.357,multimetro,187.21494099999995,369.0,Error Arduino: HX711 not found.,186.95970549999993,2026-05-28T08:40:07.098,2026-05-28T08:55:37.098,,balanza,-0.25523550000002615
749,,8.3758e-05,187.46459019999998,2026-05-28T08:40:07.607,2026-05-28T08:55:37.607,multimetro,187.46459019999998,370.0,,187.95325549999984,2026-05-28T08:40:08.097,2026-05-28T08:55:38.097,607.15,balanza,0.48866529999986597
750,,8.3769e-05,187.71487219999995,2026-05-28T08:40:07.857,2026-05-28T08:55:37.857,multimetro,187.71487219999995,370.0,,187.95325549999984,2026-05-28T08:40:08.097,2026-05-28T08:55:38.097,607.15,balanza,0.23838329999989583
751,,8.402e-05,187.96464760000003,2026-05-28T08:40:08.107,2026-05-28T08:55:38.107,multimetro,187.96464760000003,370.0,,187.95325549999984,2026-05-28T08:40:08.097,2026-05-28T08:55:38.097,607.15,balanza,-0.01139210000019375
752,,8.3842e-05,188.2146155999999,2026-05-28T08:40:08.357,2026-05-28T08:55:38.357,multimetro,188.2146155999999,371.0,Error Arduino: HX711 not found.,187.9763739,2026-05-28T08:40:08.114,2026-05-28T08:55:38.114,,balanza,-0.23824169999988953
753,,8.379e-05,188.46473360000005,2026-05-28T08:40:08.608,2026-05-28T08:55:38.608,multimetro,188.46473360000005,371.0,Error Arduino: HX711 not found.,187.9763739,2026-05-28T08:40:08.114,2026-05-28T08:55:38.114,,balanza,-0.48835970000004636
754,,8.3936e-05,188.71461709999994,2026-05-28T08:40:08.859,2026-05-28T08:55:38.859,multimetro,188.71461709999994,372.0,,188.9700284999999,2026-05-28T08:40:09.114,2026-05-28T08:55:39.114,607.14,balanza,0.2554113999999572
755,,8.379e-05,188.96494269999994,2026-05-28T08:40:09.109,2026-05-28T08:55:39.109,multimetro,188.96494269999994,372.0,,188.9700284999999,2026-05-28T08:40:09.114,2026-05-28T08:55:39.114,607.14,balanza,0.005085799999960727
756,,8.3769e-05,189.21464449999985,2026-05-28T08:40:09.359,2026-05-28T08:55:39.359,multimetro,189.21464449999985,374.0,Error Arduino: HX711 not found.,189.00644869999996,2026-05-28T08:40:09.147,2026-05-28T08:55:39.147,,balanza,-0.2081957999998849
757,,8.3821e-05,189.46457999999984,2026-05-28T08:40:09.607,2026-05-28T08:55:39.607,multimetro,189.46457999999984,374.0,Error Arduino: HX711 not found.,189.00644869999996,2026-05-28T08:40:09.147,2026-05-28T08:55:39.147,,balanza,-0.45813129999987723
758,,8.3831e-05,189.71489899999983,2026-05-28T08:40:09.859,2026-05-28T08:55:39.859,multimetro,189.71489899999983,375.0,,190.00007540000001,2026-05-28T08:40:10.143,2026-05-28T08:55:40.143,607.15,balanza,0.2851764000001822
759,,8.3884e-05,189.9647531999999,2026-05-28T08:40:10.108,2026-05-28T08:55:40.108,multimetro,189.9647531999999,375.0,,190.00007540000001,2026-05-28T08:40:10.143,2026-05-28T08:55:40.143,607.15,balanza,0.03532220000010966
