sensor,indice_multimetro,voltaje_V,error,tiempo_s,fecha_hora_corregida,fecha_hora_pc_sin_corregir,correccion_reloj_s
multimetro,0,0.000407326,,0.4155471999984002,2026-05-28T13:03:27.156,2026-05-28T13:18:57.156,-930
multimetro,1,2.4415e-05,,0.6552645000010671,2026-05-28T13:03:27.396,2026-05-28T13:18:57.396,-930
multimetro,2,-0.000256624,,0.8699225999989721,2026-05-28T13:03:27.601,2026-05-28T13:18:57.601,-930
multimetro,3,-0.000387978,,1.0849125999993703,2026-05-28T13:03:27.818,2026-05-28T13:18:57.818,-930
multimetro,4,-0.000530744,,1.300101500000892,2026-05-28T13:03:28.041,2026-05-28T13:18:58.041,-930
multimetro,5,-0.000618574,,1.5152784999991127,2026-05-28T13:03:28.256,2026-05-28T13:18:58.256,-930
multimetro,6,-0.000751184,,1.7302512999995088,2026-05-28T13:03:28.461,2026-05-28T13:18:58.461,-930
multimetro,7,-0.00094386,,1.945188199999393,2026-05-28T13:03:28.681,2026-05-28T13:18:58.681,-930
multimetro,8,-0.001093987,,2.160308400001668,2026-05-28T13:03:28.901,2026-05-28T13:18:58.901,-930
multimetro,9,-0.001239412,,2.375248600001214,2026-05-28T13:03:29.109,2026-05-28T13:18:59.109,-930
multimetro,10,-0.001318522,,2.5903502000001026,2026-05-28T13:03:29.326,2026-05-28T13:18:59.326,-930
multimetro,11,-0.001446483,,2.805439399999159,2026-05-28T13:03:29.544,2026-05-28T13:18:59.544,-930
multimetro,12,-0.001998847,,3.0206753999991633,2026-05-28T13:03:29.759,2026-05-28T13:18:59.759,-930
multimetro,13,-0.002189765,,3.2355523000005633,2026-05-28T13:03:29.976,2026-05-28T13:18:59.976,-930
multimetro,14,-0.002187179,,3.4508382999993046,2026-05-28T13:03:30.192,2026-05-28T13:19:00.192,-930
multimetro,15,-0.002140672,,3.665859000000637,2026-05-28T13:03:30.398,2026-05-28T13:19:00.398,-930
multimetro,16,-0.002335735,,3.8811671000003116,2026-05-28T13:03:30.614,2026-05-28T13:19:00.614,-930
multimetro,17,-0.001936384,,4.096290000001318,2026-05-28T13:03:30.831,2026-05-28T13:19:00.831,-930
multimetro,18,-0.001988461,,4.311407599998347,2026-05-28T13:03:31.046,2026-05-28T13:19:01.046,-930
multimetro,19,-0.001762963,,4.52636480000001,2026-05-28T13:03:31.259,2026-05-28T13:19:01.259,-930
multimetro,20,-0.001717378,,4.741566199998488,2026-05-28T13:03:31.481,2026-05-28T13:19:01.481,-930
multimetro,21,-0.001689099,,4.956799799998407,2026-05-28T13:03:31.688,2026-05-28T13:19:01.688,-930
multimetro,22,-0.001813951,,5.171853200001351,2026-05-28T13:03:31.905,2026-05-28T13:19:01.905,-930
multimetro,23,-0.001631139,,5.387040300000081,2026-05-28T13:03:32.125,2026-05-28T13:19:02.125,-930
multimetro,24,-0.001419859,,5.601957499999116,2026-05-28T13:03:32.343,2026-05-28T13:19:02.343,-930
multimetro,25,-0.00144752,,5.817151700000977,2026-05-28T13:03:32.557,2026-05-28T13:19:02.557,-930
multimetro,26,-0.001704301,,6.032208000000537,2026-05-28T13:03:32.773,2026-05-28T13:19:02.773,-930
multimetro,27,-0.001829614,,6.247514300001058,2026-05-28T13:03:32.983,2026-05-28T13:19:02.983,-930
multimetro,28,-0.001900546,,6.462455500000942,2026-05-28T13:03:33.200,2026-05-28T13:19:03.200,-930
multimetro,29,-0.001978588,,6.67756240000017,2026-05-28T13:03:33.416,2026-05-28T13:19:03.416,-930
multimetro,30,-0.002327034,,6.892873400000099,2026-05-28T13:03:33.627,2026-05-28T13:19:03.627,-930
multimetro,31,-0.00267194,,7.1078338000006624,2026-05-28T13:03:33.848,2026-05-28T13:19:03.848,-930
multimetro,32,-0.001848051,,7.32306299999982,2026-05-28T13:03:34.061,2026-05-28T13:19:04.061,-930
multimetro,33,-0.001871755,,7.53823199999897,2026-05-28T13:03:34.277,2026-05-28T13:19:04.277,-930
multimetro,34,-0.001618721,,7.753363499999978,2026-05-28T13:03:34.494,2026-05-28T13:19:04.494,-930
multimetro,35,-0.001630071,,7.968437499999709,2026-05-28T13:03:34.709,2026-05-28T13:19:04.709,-930
multimetro,36,-0.001628228,,8.183461699998588,2026-05-28T13:03:34.924,2026-05-28T13:19:04.924,-930
multimetro,37,-0.001365332,,8.398550099998829,2026-05-28T13:03:35.139,2026-05-28T13:19:05.139,-930
multimetro,38,-0.001090553,,8.61374060000162,2026-05-28T13:03:35.354,2026-05-28T13:19:05.354,-930
multimetro,39,-0.001034373,,8.828839800000424,2026-05-28T13:03:35.561,2026-05-28T13:19:05.561,-930
multimetro,40,-0.000939986,,9.04394609999872,2026-05-28T13:03:35.785,2026-05-28T13:19:05.785,-930
multimetro,41,-0.001177756,,9.259145500000159,2026-05-28T13:03:35.999,2026-05-28T13:19:05.999,-930
multimetro,42,-0.001792959,,9.474366200000077,2026-05-28T13:03:36.208,2026-05-28T13:19:06.208,-930
multimetro,43,-0.001833917,,9.689784999998665,2026-05-28T13:03:36.423,2026-05-28T13:19:06.423,-930
multimetro,44,-0.001719252,,9.904752800001006,2026-05-28T13:03:36.646,2026-05-28T13:19:06.646,-930
multimetro,45,-0.00162627,,10.119832100001076,2026-05-28T13:03:36.856,2026-05-28T13:19:06.856,-930
multimetro,46,-0.001614397,,10.334699899998668,2026-05-28T13:03:37.073,2026-05-28T13:19:07.073,-930
multimetro,47,-0.002017305,,10.549855299999763,2026-05-28T13:03:37.290,2026-05-28T13:19:07.290,-930
multimetro,48,-0.001902578,,10.765099299998838,2026-05-28T13:03:37.506,2026-05-28T13:19:07.506,-930
multimetro,49,-0.001714991,,10.980165100001614,2026-05-28T13:03:37.716,2026-05-28T13:19:07.716,-930
multimetro,50,-0.001758294,,11.195242400001007,2026-05-28T13:03:37.936,2026-05-28T13:19:07.936,-930
multimetro,51,-0.002090449,,11.410333100000571,2026-05-28T13:03:38.151,2026-05-28T13:19:08.151,-930
multimetro,52,-0.002111954,,11.625299999999697,2026-05-28T13:03:38.366,2026-05-28T13:19:08.366,-930
multimetro,53,-0.001957523,,11.840487000001303,2026-05-28T13:03:38.573,2026-05-28T13:19:08.573,-930
multimetro,54,-0.001992031,,12.05556230000002,2026-05-28T13:03:38.790,2026-05-28T13:19:08.790,-930
multimetro,55,-0.001975531,,12.27051339999889,2026-05-28T13:03:39.010,2026-05-28T13:19:09.010,-930
multimetro,56,-0.002160146,,12.48594360000061,2026-05-28T13:03:39.223,2026-05-28T13:19:09.223,-930
multimetro,57,-0.002057291,,12.700855600000068,2026-05-28T13:03:39.441,2026-05-28T13:19:09.441,-930
multimetro,58,-0.002140222,,12.915856600000552,2026-05-28T13:03:39.656,2026-05-28T13:19:09.656,-930
multimetro,59,-0.0020898,,13.130879500000447,2026-05-28T13:03:39.866,2026-05-28T13:19:09.866,-930
multimetro,60,-0.002096406,,13.345979500001704,2026-05-28T13:03:40.081,2026-05-28T13:19:10.081,-930
multimetro,61,-0.002044602,,13.561031699999148,2026-05-28T13:03:40.294,2026-05-28T13:19:10.294,-930
multimetro,62,-0.001994513,,13.77600860000166,2026-05-28T13:03:40.515,2026-05-28T13:19:10.515,-930
multimetro,63,-0.002081937,,13.990952799998922,2026-05-28T13:03:40.727,2026-05-28T13:19:10.727,-930
multimetro,64,-0.002048978,,14.206200900000113,2026-05-28T13:03:40.944,2026-05-28T13:19:10.944,-930
multimetro,65,-0.002165632,,14.421268499998405,2026-05-28T13:03:41.158,2026-05-28T13:19:11.158,-930
multimetro,66,-0.00211388,,14.636599299999943,2026-05-28T13:03:41.373,2026-05-28T13:19:11.373,-930
multimetro,67,-0.002189179,,14.85176760000104,2026-05-28T13:03:41.593,2026-05-28T13:19:11.593,-930
multimetro,68,-0.002156607,,15.0667011000005,2026-05-28T13:03:41.807,2026-05-28T13:19:11.807,-930
multimetro,69,-0.002125575,,15.281937700001436,2026-05-28T13:03:42.020,2026-05-28T13:19:12.020,-930
multimetro,70,-0.002093873,,15.496947700001328,2026-05-28T13:03:42.237,2026-05-28T13:19:12.237,-930
multimetro,71,-0.002080241,,15.712185299998964,2026-05-28T13:03:42.444,2026-05-28T13:19:12.444,-930
multimetro,72,-0.002111127,,15.927098700001807,2026-05-28T13:03:42.666,2026-05-28T13:19:12.666,-930
multimetro,73,-0.002109431,,16.142558600000484,2026-05-28T13:03:42.883,2026-05-28T13:19:12.883,-930
multimetro,74,-0.002145457,,16.35750199999893,2026-05-28T13:03:43.090,2026-05-28T13:19:13.090,-930
multimetro,75,-0.002080817,,16.572643499999685,2026-05-28T13:03:43.306,2026-05-28T13:19:13.306,-930
multimetro,76,-0.002154388,,16.787602699998388,2026-05-28T13:03:43.523,2026-05-28T13:19:13.523,-930
multimetro,77,-0.002049565,,17.002838899999915,2026-05-28T13:03:43.740,2026-05-28T13:19:13.740,-930
multimetro,78,-0.002101788,,17.21784299999854,2026-05-28T13:03:43.956,2026-05-28T13:19:13.956,-930
multimetro,79,-0.00207376,,17.43311679999897,2026-05-28T13:03:44.173,2026-05-28T13:19:14.173,-930
multimetro,80,-0.001984483,,17.648237599998538,2026-05-28T13:03:44.383,2026-05-28T13:19:14.383,-930
multimetro,81,-0.002088669,,17.86322740000105,2026-05-28T13:03:44.600,2026-05-28T13:19:14.600,-930
multimetro,82,-0.0021473,,18.078435600000375,2026-05-28T13:03:44.819,2026-05-28T13:19:14.819,-930
multimetro,83,-0.002193765,,18.29336179999882,2026-05-28T13:03:45.033,2026-05-28T13:19:15.033,-930
multimetro,84,-0.002186363,,18.50851369999873,2026-05-28T13:03:45.240,2026-05-28T13:19:15.240,-930
multimetro,85,-0.002154472,,18.72361549999914,2026-05-28T13:03:45.456,2026-05-28T13:19:15.456,-930
multimetro,86,-0.001999266,,18.93874710000091,2026-05-28T13:03:45.673,2026-05-28T13:19:15.673,-930
multimetro,87,-0.001932238,,19.15382479999971,2026-05-28T13:03:45.890,2026-05-28T13:19:15.890,-930
multimetro,88,-0.002011369,,19.36903439999878,2026-05-28T13:03:46.106,2026-05-28T13:19:16.106,-930
multimetro,89,-0.002062924,,19.584049900000537,2026-05-28T13:03:46.323,2026-05-28T13:19:16.323,-930
multimetro,90,-0.00210786,,19.799121000000014,2026-05-28T13:03:46.540,2026-05-28T13:19:16.540,-930
multimetro,91,-0.002145551,,20.014233999998396,2026-05-28T13:03:46.751,2026-05-28T13:19:16.751,-930
multimetro,92,-0.002111232,,20.229356700001517,2026-05-28T13:03:46.966,2026-05-28T13:19:16.966,-930
multimetro,93,-0.002108698,,20.444372099998873,2026-05-28T13:03:47.183,2026-05-28T13:19:17.183,-930
multimetro,94,-0.002131543,,20.659307900001295,2026-05-28T13:03:47.400,2026-05-28T13:19:17.400,-930
multimetro,95,-0.002210872,,20.874687300001824,2026-05-28T13:03:47.606,2026-05-28T13:19:17.606,-930
multimetro,96,-0.002156827,,21.08967069999926,2026-05-28T13:03:47.823,2026-05-28T13:19:17.823,-930
multimetro,97,-0.002162722,,21.30493790000037,2026-05-28T13:03:48.044,2026-05-28T13:19:18.044,-930
multimetro,98,-0.002150388,,21.519922899999074,2026-05-28T13:03:48.260,2026-05-28T13:19:18.260,-930
multimetro,99,-0.002143782,,21.735015999998723,2026-05-28T13:03:48.475,2026-05-28T13:19:18.475,-930
multimetro,100,-0.002169443,,21.949942300001567,2026-05-28T13:03:48.690,2026-05-28T13:19:18.690,-930
multimetro,101,-0.002189137,,22.16504519999944,2026-05-28T13:03:48.906,2026-05-28T13:19:18.906,-930
multimetro,102,-0.002178165,,22.38021049999952,2026-05-28T13:03:49.120,2026-05-28T13:19:19.120,-930
multimetro,103,-0.002177348,,22.595329200001288,2026-05-28T13:03:49.333,2026-05-28T13:19:19.333,-930
multimetro,104,-0.002152001,,22.8104405999984,2026-05-28T13:03:49.548,2026-05-28T13:19:19.548,-930
multimetro,105,-0.002138223,,23.025811700001213,2026-05-28T13:03:49.761,2026-05-28T13:19:19.761,-930
multimetro,106,-0.002147562,,23.241033800000878,2026-05-28T13:03:49.981,2026-05-28T13:19:19.981,-930
multimetro,107,-0.002212924,,23.45610300000044,2026-05-28T13:03:50.194,2026-05-28T13:19:20.194,-930
multimetro,108,-0.002188383,,23.671186899999157,2026-05-28T13:03:50.406,2026-05-28T13:19:20.406,-930
multimetro,109,-0.00218587,,23.886169299999892,2026-05-28T13:03:50.627,2026-05-28T13:19:20.627,-930
multimetro,110,-0.00219432,,24.10122019999835,2026-05-28T13:03:50.840,2026-05-28T13:19:20.840,-930
multimetro,111,-0.002210087,,24.316411899999366,2026-05-28T13:03:51.057,2026-05-28T13:19:21.057,-930
multimetro,112,-0.002178939,,24.53156350000063,2026-05-28T13:03:51.268,2026-05-28T13:19:21.268,-930
multimetro,113,-0.002182541,,24.746686300000874,2026-05-28T13:03:51.483,2026-05-28T13:19:21.483,-930
multimetro,114,-0.002211637,,24.961753899999167,2026-05-28T13:03:51.696,2026-05-28T13:19:21.696,-930
multimetro,115,-0.002172344,,25.176979399999254,2026-05-28T13:03:51.916,2026-05-28T13:19:21.916,-930
multimetro,116,-0.002167915,,25.39204249999966,2026-05-28T13:03:52.133,2026-05-28T13:19:22.133,-930
multimetro,117,-0.002272152,,25.60723180000059,2026-05-28T13:03:52.340,2026-05-28T13:19:22.340,-930
multimetro,118,-0.002328175,,25.822463900000002,2026-05-28T13:03:52.556,2026-05-28T13:19:22.556,-930
multimetro,119,-0.002300996,,26.03772670000035,2026-05-28T13:03:52.773,2026-05-28T13:19:22.773,-930
multimetro,120,-0.002287951,,26.252707100000407,2026-05-28T13:03:52.989,2026-05-28T13:19:22.989,-930
multimetro,121,-0.002307173,,26.46783349999896,2026-05-28T13:03:53.206,2026-05-28T13:19:23.206,-930
multimetro,122,-0.002315046,,26.68284819999826,2026-05-28T13:03:53.424,2026-05-28T13:19:23.424,-930
multimetro,123,-0.002314607,,26.89813050000157,2026-05-28T13:03:53.637,2026-05-28T13:19:23.637,-930
multimetro,124,-0.002301635,,27.112953600000765,2026-05-28T13:03:53.854,2026-05-28T13:19:23.854,-930
multimetro,125,-0.002330238,,27.328252800001792,2026-05-28T13:03:54.061,2026-05-28T13:19:24.061,-930
multimetro,126,-0.002374912,,27.543455999999424,2026-05-28T13:03:54.280,2026-05-28T13:19:24.280,-930
multimetro,127,-0.002349879,,27.758551399998396,2026-05-28T13:03:54.498,2026-05-28T13:19:24.498,-930
multimetro,128,-0.002339745,,27.97371750000093,2026-05-28T13:03:54.706,2026-05-28T13:19:24.706,-930
multimetro,129,-0.002335724,,28.188794000001508,2026-05-28T13:03:54.923,2026-05-28T13:19:24.923,-930
multimetro,130,-0.002344676,,28.404000700000324,2026-05-28T13:03:55.140,2026-05-28T13:19:25.140,-930
multimetro,131,-0.002341315,,28.6191347999993,2026-05-28T13:03:55.356,2026-05-28T13:19:25.356,-930
multimetro,132,-0.002348853,,28.83438179999939,2026-05-28T13:03:55.573,2026-05-28T13:19:25.573,-930
multimetro,133,-0.002357208,,29.049387200000638,2026-05-28T13:03:55.790,2026-05-28T13:19:25.790,-930
multimetro,134,-0.002368159,,29.26475009999922,2026-05-28T13:03:56.004,2026-05-28T13:19:26.004,-930
multimetro,135,-0.002338687,,29.480065700001433,2026-05-28T13:03:56.216,2026-05-28T13:19:26.216,-930
multimetro,136,-0.002308942,,29.6951201999982,2026-05-28T13:03:56.435,2026-05-28T13:19:26.435,-930
multimetro,137,-0.002269765,,29.91021510000064,2026-05-28T13:03:56.649,2026-05-28T13:19:26.649,-930
multimetro,138,-0.002173788,,30.125416800001403,2026-05-28T13:03:56.866,2026-05-28T13:19:26.866,-930
multimetro,139,-0.002119471,,30.340509500001644,2026-05-28T13:03:57.073,2026-05-28T13:19:27.073,-930
multimetro,140,-0.002260729,,30.555590899999515,2026-05-28T13:03:57.293,2026-05-28T13:19:27.293,-930
multimetro,141,-0.002321894,,30.770727899998747,2026-05-28T13:03:57.506,2026-05-28T13:19:27.506,-930
multimetro,142,-0.002344613,,30.985827500000596,2026-05-28T13:03:57.727,2026-05-28T13:19:27.727,-930
multimetro,143,-0.002380849,,31.200974399998813,2026-05-28T13:03:57.941,2026-05-28T13:19:27.941,-930
multimetro,144,-0.002384199,,31.41621749999831,2026-05-28T13:03:58.157,2026-05-28T13:19:28.157,-930
multimetro,145,-0.002411756,,31.631353699998726,2026-05-28T13:03:58.366,2026-05-28T13:19:28.366,-930
multimetro,146,-0.002432507,,31.84671420000086,2026-05-28T13:03:58.583,2026-05-28T13:19:28.583,-930
multimetro,147,-0.002443919,,32.06164880000142,2026-05-28T13:03:58.800,2026-05-28T13:19:28.800,-930
multimetro,148,-0.002364244,,32.27685410000049,2026-05-28T13:03:59.011,2026-05-28T13:19:29.011,-930
multimetro,149,-0.002355104,,32.49167759999909,2026-05-28T13:03:59.231,2026-05-28T13:19:29.231,-930
multimetro,150,-0.002392627,,32.706896899999265,2026-05-28T13:03:59.444,2026-05-28T13:19:29.444,-930
multimetro,151,-0.002382367,,32.92195469999933,2026-05-28T13:03:59.663,2026-05-28T13:19:29.663,-930
multimetro,152,-0.002393297,,33.13718009999866,2026-05-28T13:03:59.873,2026-05-28T13:19:29.873,-930
multimetro,153,-0.002353397,,33.352141300001676,2026-05-28T13:04:00.093,2026-05-28T13:19:30.093,-930
multimetro,154,-0.002410028,,33.56751670000085,2026-05-28T13:04:00.307,2026-05-28T13:19:30.307,-930
multimetro,155,-0.002417451,,33.78241450000132,2026-05-28T13:04:00.523,2026-05-28T13:19:30.523,-930
multimetro,156,-0.002386628,,33.99753129999954,2026-05-28T13:04:00.738,2026-05-28T13:19:30.738,-930
multimetro,157,-0.002425942,,34.21282910000082,2026-05-28T13:04:00.949,2026-05-28T13:19:30.949,-930
multimetro,158,-0.00245442,,34.42783639999834,2026-05-28T13:04:01.168,2026-05-28T13:19:31.168,-930
multimetro,159,-0.002482144,,34.643062300001475,2026-05-28T13:04:01.383,2026-05-28T13:19:31.383,-930
multimetro,160,-0.002476019,,34.858221700000286,2026-05-28T13:04:01.590,2026-05-28T13:19:31.590,-930
multimetro,161,-0.002483777,,35.0733192000007,2026-05-28T13:04:01.813,2026-05-28T13:19:31.813,-930
multimetro,162,-0.002495022,,35.288393599999836,2026-05-28T13:04:02.029,2026-05-28T13:19:32.029,-930
multimetro,163,-0.002486552,,35.5035214999989,2026-05-28T13:04:02.240,2026-05-28T13:19:32.240,-930
multimetro,164,-0.002511491,,35.71857159999854,2026-05-28T13:04:02.456,2026-05-28T13:19:32.456,-930
multimetro,165,-0.002509501,,35.933800099999644,2026-05-28T13:04:02.673,2026-05-28T13:19:32.673,-930
multimetro,166,-0.002523227,,36.148767300001055,2026-05-28T13:04:02.889,2026-05-28T13:19:32.889,-930
multimetro,167,-0.00255494,,36.36394809999911,2026-05-28T13:04:03.099,2026-05-28T13:19:33.099,-930
multimetro,168,-0.002520672,,36.57916850000038,2026-05-28T13:04:03.319,2026-05-28T13:19:33.319,-930
multimetro,169,-0.00254089,,36.794372100001056,2026-05-28T13:04:03.535,2026-05-28T13:19:33.535,-930
multimetro,170,-0.002532116,,37.00964499999827,2026-05-28T13:04:03.749,2026-05-28T13:19:33.749,-930
multimetro,171,-0.002502434,,37.22471099999893,2026-05-28T13:04:03.956,2026-05-28T13:19:33.956,-930
multimetro,172,-0.002472962,,37.44013780000023,2026-05-28T13:04:04.173,2026-05-28T13:19:34.173,-930
multimetro,173,-0.00240516,,37.65533710000091,2026-05-28T13:04:04.390,2026-05-28T13:19:34.390,-930
multimetro,174,-0.002329484,,37.87044089999836,2026-05-28T13:04:04.607,2026-05-28T13:19:34.607,-930
multimetro,175,-0.002352235,,38.085671699998784,2026-05-28T13:04:04.826,2026-05-28T13:19:34.826,-930
multimetro,176,-0.002467423,,38.300724900000205,2026-05-28T13:04:05.041,2026-05-28T13:19:35.041,-930
multimetro,177,-0.002534294,,38.51579530000163,2026-05-28T13:04:05.256,2026-05-28T13:19:35.256,-930
multimetro,178,-0.002571419,,38.73088220000136,2026-05-28T13:04:05.466,2026-05-28T13:19:35.466,-930
multimetro,179,-0.002562719,,38.94595760000084,2026-05-28T13:04:05.683,2026-05-28T13:19:35.683,-930
multimetro,180,-0.002583491,,39.16080349999902,2026-05-28T13:04:05.894,2026-05-28T13:19:35.894,-930
multimetro,181,-0.002579167,,39.37600830000156,2026-05-28T13:04:06.116,2026-05-28T13:19:36.116,-930
multimetro,182,-0.002577764,,39.591022199998406,2026-05-28T13:04:06.332,2026-05-28T13:19:36.332,-930
multimetro,183,-0.002575859,,39.80627050000112,2026-05-28T13:04:06.544,2026-05-28T13:19:36.544,-930
multimetro,184,-0.002585512,,40.021256100000755,2026-05-28T13:04:06.760,2026-05-28T13:19:36.760,-930
multimetro,185,-0.002581156,,40.23678089999885,2026-05-28T13:04:06.977,2026-05-28T13:19:36.977,-930
multimetro,186,-0.002594296,,40.45194590000028,2026-05-28T13:04:07.192,2026-05-28T13:19:37.192,-930
multimetro,187,-0.002612576,,40.66709590000028,2026-05-28T13:04:07.407,2026-05-28T13:19:37.407,-930
multimetro,188,-0.002604546,,40.882319699998334,2026-05-28T13:04:07.623,2026-05-28T13:19:37.623,-930
multimetro,189,-0.002628605,,41.09742639999968,2026-05-28T13:04:07.837,2026-05-28T13:19:37.837,-930
multimetro,190,-0.002612524,,41.312635900001624,2026-05-28T13:04:08.044,2026-05-28T13:19:38.044,-930
multimetro,191,-0.002596013,,41.527715699998225,2026-05-28T13:04:08.261,2026-05-28T13:19:38.261,-930
multimetro,192,-0.002586663,,41.74288979999983,2026-05-28T13:04:08.483,2026-05-28T13:19:38.483,-930
multimetro,193,-0.002591082,,41.958027000000584,2026-05-28T13:04:08.694,2026-05-28T13:19:38.694,-930
multimetro,194,-0.002588998,,42.173462599999766,2026-05-28T13:04:08.914,2026-05-28T13:19:38.914,-930
multimetro,195,-0.002552584,,42.3886437000001,2026-05-28T13:04:09.129,2026-05-28T13:19:39.129,-930
multimetro,196,-0.002580675,,42.60381480000069,2026-05-28T13:04:09.339,2026-05-28T13:19:39.339,-930
multimetro,197,-0.002602473,,42.81911400000172,2026-05-28T13:04:09.556,2026-05-28T13:19:39.556,-930
multimetro,198,-0.002557369,,43.03434500000003,2026-05-28T13:04:09.775,2026-05-28T13:19:39.775,-930
multimetro,199,-0.002554322,,43.24957640000139,2026-05-28T13:04:09.990,2026-05-28T13:19:39.990,-930
multimetro,200,-0.002593039,,43.46462519999841,2026-05-28T13:04:10.200,2026-05-28T13:19:40.200,-930
multimetro,201,-0.002588014,,43.680060499998945,2026-05-28T13:04:10.416,2026-05-28T13:19:40.416,-930
multimetro,202,-0.002604096,,43.895176199999696,2026-05-28T13:04:10.636,2026-05-28T13:19:40.636,-930
multimetro,203,-0.002619695,,44.110417799998686,2026-05-28T13:04:10.842,2026-05-28T13:19:40.842,-930
multimetro,204,-0.002602242,,44.32544390000112,2026-05-28T13:04:11.066,2026-05-28T13:19:41.066,-930
multimetro,205,-0.002603865,,44.540624500001286,2026-05-28T13:04:11.273,2026-05-28T13:19:41.273,-930
multimetro,206,-0.002612942,,44.75583270000061,2026-05-28T13:04:11.490,2026-05-28T13:19:41.490,-930
multimetro,207,-0.0025166,,44.97092100000009,2026-05-28T13:04:11.709,2026-05-28T13:19:41.709,-930
multimetro,208,-0.002468093,,45.18617939999967,2026-05-28T13:04:11.927,2026-05-28T13:19:41.927,-930
multimetro,209,-0.002386377,,45.40113579999888,2026-05-28T13:04:12.140,2026-05-28T13:19:42.140,-930
multimetro,210,-0.002321967,,45.61621430000014,2026-05-28T13:04:12.356,2026-05-28T13:19:42.356,-930
multimetro,211,-0.002260834,,45.83152780000091,2026-05-28T13:04:12.572,2026-05-28T13:19:42.572,-930
multimetro,212,-0.002422068,,46.04688840000017,2026-05-28T13:04:12.782,2026-05-28T13:19:42.782,-930
multimetro,213,-0.002577879,,46.26191040000049,2026-05-28T13:04:13.003,2026-05-28T13:19:43.003,-930
multimetro,214,-0.002615298,,46.47709860000032,2026-05-28T13:04:13.216,2026-05-28T13:19:43.216,-930
multimetro,215,-0.002612231,,46.692246700000396,2026-05-28T13:04:13.431,2026-05-28T13:19:43.431,-930
multimetro,216,-0.002711672,,46.907204600000114,2026-05-28T13:04:13.644,2026-05-28T13:19:43.644,-930
multimetro,217,-0.002692963,,47.122328900000866,2026-05-28T13:04:13.863,2026-05-28T13:19:43.863,-930
multimetro,218,-0.002581648,,47.337479099998745,2026-05-28T13:04:14.077,2026-05-28T13:19:44.077,-930
multimetro,219,-0.00247782,,47.552893299998686,2026-05-28T13:04:14.291,2026-05-28T13:19:44.291,-930
multimetro,220,-0.002392135,,47.76787759999934,2026-05-28T13:04:14.506,2026-05-28T13:19:44.506,-930
multimetro,221,-0.002310995,,47.98305120000077,2026-05-28T13:04:14.724,2026-05-28T13:19:44.724,-930
multimetro,222,-0.002251631,,48.19816429999992,2026-05-28T13:04:14.937,2026-05-28T13:19:44.937,-930
multimetro,223,-0.002187441,,48.41317699999854,2026-05-28T13:04:15.153,2026-05-28T13:19:45.153,-930
multimetro,224,-0.002128517,,48.6284983000005,2026-05-28T13:04:15.360,2026-05-28T13:19:45.360,-930
multimetro,225,-0.00208222,,48.84363709999889,2026-05-28T13:04:15.581,2026-05-28T13:19:45.581,-930
multimetro,226,-0.002046288,,49.05881750000117,2026-05-28T13:04:15.794,2026-05-28T13:19:45.794,-930
multimetro,227,-0.002022582,,49.2738806999987,2026-05-28T13:04:16.015,2026-05-28T13:19:46.015,-930
multimetro,228,-0.001993434,,49.488967199999024,2026-05-28T13:04:16.229,2026-05-28T13:19:46.229,-930
multimetro,229,-0.001962758,,49.70404899999994,2026-05-28T13:04:16.444,2026-05-28T13:19:46.444,-930
multimetro,230,-0.001945252,,49.91910590000043,2026-05-28T13:04:16.660,2026-05-28T13:19:46.660,-930
multimetro,231,-0.001937798,,50.13440339999943,2026-05-28T13:04:16.873,2026-05-28T13:19:46.873,-930
multimetro,232,-0.001926229,,50.3495694000012,2026-05-28T13:04:17.090,2026-05-28T13:19:47.090,-930
multimetro,233,-0.001905425,,50.56469989999823,2026-05-28T13:04:17.304,2026-05-28T13:19:47.304,-930
multimetro,234,-0.001890129,,50.77993939999942,2026-05-28T13:04:17.520,2026-05-28T13:19:47.520,-930
multimetro,235,-0.001881345,,50.99488080000083,2026-05-28T13:04:17.731,2026-05-28T13:19:47.731,-930
multimetro,236,-0.001887396,,51.20997139999963,2026-05-28T13:04:17.950,2026-05-28T13:19:47.950,-930
multimetro,237,-0.001904159,,51.42539079999915,2026-05-28T13:04:18.166,2026-05-28T13:19:48.166,-930
multimetro,238,-0.002038299,,51.640460200000234,2026-05-28T13:04:18.373,2026-05-28T13:19:48.373,-930
multimetro,239,-0.002190833,,51.85549919999903,2026-05-28T13:04:18.594,2026-05-28T13:19:48.594,-930
multimetro,240,-0.002252668,,52.070560700001806,2026-05-28T13:04:18.811,2026-05-28T13:19:48.811,-930
multimetro,241,-0.002195639,,52.28566090000095,2026-05-28T13:04:19.026,2026-05-28T13:19:49.026,-930
multimetro,242,-0.002145216,,52.50067040000067,2026-05-28T13:04:19.241,2026-05-28T13:19:49.241,-930
multimetro,243,-0.002104918,,52.715818199998466,2026-05-28T13:04:19.456,2026-05-28T13:19:49.456,-930
multimetro,244,-0.002066013,,52.93098169999939,2026-05-28T13:04:19.670,2026-05-28T13:19:49.670,-930
multimetro,245,-0.002026173,,53.14608329999828,2026-05-28T13:04:19.883,2026-05-28T13:19:49.883,-930
multimetro,246,-0.001995214,,53.36117739999827,2026-05-28T13:04:20.095,2026-05-28T13:19:50.095,-930
multimetro,247,-0.001980944,,53.57634899999903,2026-05-28T13:04:20.317,2026-05-28T13:19:50.317,-930
multimetro,248,-0.001969793,,53.79152840000097,2026-05-28T13:04:20.532,2026-05-28T13:19:50.532,-930
multimetro,249,-0.001962611,,54.00671430000148,2026-05-28T13:04:20.743,2026-05-28T13:19:50.743,-930
multimetro,250,-0.002098144,,54.22195229999852,2026-05-28T13:04:20.956,2026-05-28T13:19:50.956,-930
multimetro,251,-0.00239158,,54.437039399999776,2026-05-28T13:04:21.173,2026-05-28T13:19:51.173,-930
multimetro,252,-0.002383372,,54.652460400000564,2026-05-28T13:04:21.390,2026-05-28T13:19:51.390,-930
multimetro,253,-0.002320595,,54.8674949999986,2026-05-28T13:04:21.606,2026-05-28T13:19:51.606,-930
multimetro,254,-0.002261389,,55.082609400000365,2026-05-28T13:04:21.823,2026-05-28T13:19:51.823,-930
multimetro,255,-0.002214861,,55.297547599999234,2026-05-28T13:04:22.038,2026-05-28T13:19:52.038,-930
multimetro,256,-0.002182562,,55.51264420000007,2026-05-28T13:04:22.249,2026-05-28T13:19:52.249,-930
multimetro,257,-0.002146598,,55.727526200000284,2026-05-28T13:04:22.468,2026-05-28T13:19:52.468,-930
multimetro,258,-0.00217272,,55.9426397999996,2026-05-28T13:04:22.683,2026-05-28T13:19:52.683,-930
multimetro,259,-0.002159434,,56.15778879999925,2026-05-28T13:04:22.889,2026-05-28T13:19:52.889,-930
multimetro,260,-0.002138579,,56.37273849999838,2026-05-28T13:04:23.110,2026-05-28T13:19:53.110,-930
multimetro,261,-0.002112854,,56.587963999998465,2026-05-28T13:04:23.329,2026-05-28T13:19:53.329,-930
multimetro,262,-0.002093998,,56.80282779999834,2026-05-28T13:04:23.540,2026-05-28T13:19:53.540,-930
multimetro,263,-0.002077718,,57.01809030000004,2026-05-28T13:04:23.759,2026-05-28T13:19:53.759,-930
multimetro,264,-0.002069384,,57.23305479999908,2026-05-28T13:04:23.973,2026-05-28T13:19:53.973,-930
multimetro,265,-0.002087926,,57.44837639999969,2026-05-28T13:04:24.189,2026-05-28T13:19:54.189,-930
multimetro,266,-0.002171077,,57.66326470000058,2026-05-28T13:04:24.399,2026-05-28T13:19:54.399,-930
multimetro,267,-0.002156932,,57.878416200001084,2026-05-28T13:04:24.616,2026-05-28T13:19:54.616,-930
multimetro,268,-0.002140097,,58.09352880000006,2026-05-28T13:04:24.827,2026-05-28T13:19:54.827,-930
multimetro,269,-0.002125271,,58.30865350000022,2026-05-28T13:04:25.044,2026-05-28T13:19:55.044,-930
multimetro,270,-0.002112216,,58.52380640000047,2026-05-28T13:04:25.265,2026-05-28T13:19:55.265,-930
multimetro,271,-0.002088177,,58.73899159999928,2026-05-28T13:04:25.480,2026-05-28T13:19:55.480,-930
multimetro,272,-0.0021014,,58.95422680000047,2026-05-28T13:04:25.689,2026-05-28T13:19:55.689,-930
multimetro,273,-0.002292275,,59.16932789999919,2026-05-28T13:04:25.906,2026-05-28T13:19:55.906,-930
multimetro,274,-0.002529446,,59.38450390000071,2026-05-28T13:04:26.125,2026-05-28T13:19:56.125,-930
multimetro,275,-0.002624177,,59.59948660000009,2026-05-28T13:04:26.340,2026-05-28T13:19:56.340,-930
multimetro,276,-0.002559023,,59.81496680000055,2026-05-28T13:04:26.556,2026-05-28T13:19:56.556,-930
multimetro,277,-0.002492132,,60.03016170000046,2026-05-28T13:04:26.768,2026-05-28T13:19:56.768,-930
multimetro,278,-0.002442013,,60.24542440000005,2026-05-28T13:04:26.983,2026-05-28T13:19:56.983,-930
multimetro,279,-0.002553181,,60.46039020000171,2026-05-28T13:04:27.200,2026-05-28T13:19:57.200,-930
multimetro,280,-0.002569891,,60.675725500001136,2026-05-28T13:04:27.416,2026-05-28T13:19:57.416,-930
multimetro,281,-0.002506193,,60.890853299999435,2026-05-28T13:04:27.631,2026-05-28T13:19:57.631,-930
multimetro,282,-0.002568289,,61.105977499999426,2026-05-28T13:04:27.839,2026-05-28T13:19:57.839,-930
multimetro,283,-0.002600578,,61.32119410000087,2026-05-28T13:04:28.056,2026-05-28T13:19:58.056,-930
multimetro,284,-0.002640384,,61.53624940000009,2026-05-28T13:04:28.273,2026-05-28T13:19:58.273,-930
multimetro,285,-0.002624512,,61.75141860000076,2026-05-28T13:04:28.490,2026-05-28T13:19:58.490,-930
multimetro,286,-0.002563295,,61.966395499999635,2026-05-28T13:04:28.706,2026-05-28T13:19:58.706,-930
multimetro,287,-0.0025351,,62.181467400001566,2026-05-28T13:04:28.916,2026-05-28T13:19:58.916,-930
multimetro,288,-0.00268175,,62.397043799999665,2026-05-28T13:04:29.137,2026-05-28T13:19:59.137,-930
multimetro,289,-0.00278984,,62.612173900000926,2026-05-28T13:04:29.350,2026-05-28T13:19:59.350,-930
multimetro,290,-0.002749269,,62.827183199999126,2026-05-28T13:04:29.566,2026-05-28T13:19:59.566,-930
multimetro,291,-0.002686671,,63.04232160000174,2026-05-28T13:04:29.783,2026-05-28T13:19:59.783,-930
multimetro,292,-0.00263249,,63.25746889999937,2026-05-28T13:04:29.989,2026-05-28T13:19:59.989,-930
multimetro,293,-0.002579198,,63.47241639999993,2026-05-28T13:04:30.206,2026-05-28T13:20:00.206,-930
multimetro,294,-0.002529498,,63.6879626000009,2026-05-28T13:04:30.429,2026-05-28T13:20:00.429,-930
multimetro,295,-0.002479694,,63.90306039999996,2026-05-28T13:04:30.640,2026-05-28T13:20:00.640,-930
multimetro,296,-0.002442066,,64.11811769999986,2026-05-28T13:04:30.859,2026-05-28T13:20:00.859,-930
multimetro,297,-0.002408332,,64.33325319999858,2026-05-28T13:04:31.073,2026-05-28T13:20:01.073,-930
multimetro,298,-0.00238779,,64.54827870000008,2026-05-28T13:04:31.289,2026-05-28T13:20:01.289,-930
multimetro,299,-0.002476061,,64.76348240000152,2026-05-28T13:04:31.499,2026-05-28T13:20:01.499,-930
multimetro,300,-0.002603761,,64.9786396999989,2026-05-28T13:04:31.710,2026-05-28T13:20:01.710,-930
multimetro,301,-0.002579533,,65.1938098999999,2026-05-28T13:04:31.931,2026-05-28T13:20:01.931,-930
multimetro,302,-0.002533247,,65.40900429999965,2026-05-28T13:04:32.144,2026-05-28T13:20:02.144,-930
multimetro,303,-0.0025175,,65.62414849999914,2026-05-28T13:04:32.365,2026-05-28T13:20:02.365,-930
multimetro,304,-0.002466293,,65.83948600000076,2026-05-28T13:04:32.577,2026-05-28T13:20:02.577,-930
multimetro,305,-0.002442191,,66.05472680000094,2026-05-28T13:04:32.794,2026-05-28T13:20:02.794,-930
multimetro,306,-0.002403568,,66.2698186000016,2026-05-28T13:04:33.010,2026-05-28T13:20:03.010,-930
multimetro,307,-0.002386995,,66.48515229999975,2026-05-28T13:04:33.226,2026-05-28T13:20:03.226,-930
multimetro,308,-0.002365793,,66.70022109999991,2026-05-28T13:04:33.441,2026-05-28T13:20:03.441,-930
multimetro,309,-0.002346895,,66.91533319999871,2026-05-28T13:04:33.656,2026-05-28T13:20:03.656,-930
multimetro,310,-0.00233206,,67.13049350000074,2026-05-28T13:04:33.870,2026-05-28T13:20:03.870,-930
multimetro,311,-0.002337127,,67.34536569999909,2026-05-28T13:04:34.081,2026-05-28T13:20:04.081,-930
multimetro,312,-0.002374075,,67.56042700000035,2026-05-28T13:04:34.292,2026-05-28T13:20:04.292,-930
multimetro,313,-0.002370285,,67.77550100000008,2026-05-28T13:04:34.516,2026-05-28T13:20:04.516,-930
multimetro,314,-0.00235702,,67.99065809999956,2026-05-28T13:04:34.731,2026-05-28T13:20:04.731,-930
multimetro,315,-0.002352172,,68.2057418000004,2026-05-28T13:04:34.946,2026-05-28T13:20:04.946,-930
multimetro,316,-0.002338582,,68.42095709999921,2026-05-28T13:04:35.161,2026-05-28T13:20:05.161,-930
multimetro,317,-0.002331411,,68.63604249999844,2026-05-28T13:04:35.376,2026-05-28T13:20:05.376,-930
multimetro,318,-0.002322585,,68.85126260000106,2026-05-28T13:04:35.591,2026-05-28T13:20:05.591,-930
multimetro,319,-0.002315758,,69.06638509999902,2026-05-28T13:04:35.806,2026-05-28T13:20:05.806,-930
multimetro,320,-0.002312062,,69.28182039999956,2026-05-28T13:04:36.017,2026-05-28T13:20:06.017,-930
multimetro,321,-0.002309937,,69.49694589999854,2026-05-28T13:04:36.237,2026-05-28T13:20:06.237,-930
multimetro,322,-0.002307644,,69.71209559999988,2026-05-28T13:04:36.443,2026-05-28T13:20:06.443,-930
multimetro,323,-0.00230243,,69.92720929999996,2026-05-28T13:04:36.667,2026-05-28T13:20:06.667,-930
multimetro,324,-0.002301362,,70.1423595999986,2026-05-28T13:04:36.880,2026-05-28T13:20:06.880,-930
multimetro,325,-0.002306838,,70.35753950000071,2026-05-28T13:04:37.093,2026-05-28T13:20:07.093,-930
multimetro,326,-0.002310534,,70.57263270000112,2026-05-28T13:04:37.310,2026-05-28T13:20:07.310,-930
multimetro,327,-0.002310126,,70.78775840000162,2026-05-28T13:04:37.527,2026-05-28T13:20:07.527,-930
multimetro,328,-0.002311057,,71.00275959999999,2026-05-28T13:04:37.742,2026-05-28T13:20:07.742,-930
multimetro,329,-0.002337043,,71.21820959999968,2026-05-28T13:04:37.958,2026-05-28T13:20:07.958,-930
multimetro,330,-0.002468481,,71.433422099999,2026-05-28T13:04:38.174,2026-05-28T13:20:08.174,-930
multimetro,331,-0.002511595,,71.64835070000117,2026-05-28T13:04:38.389,2026-05-28T13:20:08.389,-930
multimetro,332,-0.002493891,,71.8634974000015,2026-05-28T13:04:38.604,2026-05-28T13:20:08.604,-930
multimetro,333,-0.002476898,,72.0787636999994,2026-05-28T13:04:38.810,2026-05-28T13:20:08.810,-930
multimetro,334,-0.00245956,,72.29388359999939,2026-05-28T13:04:39.034,2026-05-28T13:20:09.034,-930
multimetro,335,-0.00244483,,72.50878160000138,2026-05-28T13:04:39.249,2026-05-28T13:20:09.249,-930
multimetro,336,-0.00243347,,72.72388389999833,2026-05-28T13:04:39.458,2026-05-28T13:20:09.458,-930
multimetro,337,-0.002426277,,72.93896920000043,2026-05-28T13:04:39.674,2026-05-28T13:20:09.674,-930
multimetro,338,-0.002420404,,73.15407810000033,2026-05-28T13:04:39.890,2026-05-28T13:20:09.890,-930
multimetro,339,-0.002417849,,73.36917489999905,2026-05-28T13:04:40.110,2026-05-28T13:20:10.110,-930
multimetro,340,-0.002433805,,73.58428139999887,2026-05-28T13:04:40.317,2026-05-28T13:20:10.317,-930
multimetro,341,-0.002515867,,73.79958590000024,2026-05-28T13:04:40.540,2026-05-28T13:20:10.540,-930
multimetro,342,-0.002535142,,74.0147853999988,2026-05-28T13:04:40.754,2026-05-28T13:20:10.754,-930
multimetro,343,-0.002524473,,74.23054910000064,2026-05-28T13:04:40.970,2026-05-28T13:20:10.970,-930
multimetro,344,-0.002514966,,74.44550829999935,2026-05-28T13:04:41.186,2026-05-28T13:20:11.186,-930
multimetro,345,-0.002499722,,74.66069309999875,2026-05-28T13:04:41.397,2026-05-28T13:20:11.397,-930
multimetro,346,-0.002489316,,74.87569259999873,2026-05-28T13:04:41.612,2026-05-28T13:20:11.612,-930
multimetro,347,-0.002480123,,75.09085119999872,2026-05-28T13:04:41.829,2026-05-28T13:20:11.829,-930
multimetro,348,-0.002478396,,75.30592850000176,2026-05-28T13:04:42.043,2026-05-28T13:20:12.043,-930
multimetro,349,-0.002498414,,75.52107180000166,2026-05-28T13:04:42.260,2026-05-28T13:20:12.260,-930
multimetro,350,-0.002500037,,75.73616649999894,2026-05-28T13:04:42.470,2026-05-28T13:20:12.470,-930
multimetro,351,-0.002496927,,75.95138589999988,2026-05-28T13:04:42.691,2026-05-28T13:20:12.691,-930
multimetro,352,-0.002494247,,76.16654769999877,2026-05-28T13:04:42.906,2026-05-28T13:20:12.906,-930
multimetro,353,-0.002492593,,76.38167619999876,2026-05-28T13:04:43.116,2026-05-28T13:20:13.116,-930
multimetro,354,-0.002498686,,76.59687530000156,2026-05-28T13:04:43.334,2026-05-28T13:20:13.334,-930
multimetro,355,-0.002490237,,76.8117487999989,2026-05-28T13:04:43.552,2026-05-28T13:20:13.552,-930
multimetro,356,-0.002485672,,77.02707799999916,2026-05-28T13:04:43.758,2026-05-28T13:20:13.758,-930
multimetro,357,-0.002494268,,77.24216410000008,2026-05-28T13:04:43.977,2026-05-28T13:20:13.977,-930
multimetro,358,-0.002500298,,77.45726659999855,2026-05-28T13:04:44.195,2026-05-28T13:20:14.195,-930
multimetro,359,-0.002499639,,77.67238809999981,2026-05-28T13:04:44.409,2026-05-28T13:20:14.409,-930
multimetro,360,-0.002506277,,77.88757070000065,2026-05-28T13:04:44.627,2026-05-28T13:20:14.627,-930
multimetro,361,-0.002507313,,78.10248890000003,2026-05-28T13:04:44.842,2026-05-28T13:20:14.842,-930
multimetro,362,-0.002501764,,78.31771210000079,2026-05-28T13:04:45.056,2026-05-28T13:20:15.056,-930
multimetro,363,-0.002508706,,78.53282449999824,2026-05-28T13:04:45.273,2026-05-28T13:20:15.273,-930
multimetro,364,-0.002510674,,78.748004699999,2026-05-28T13:04:45.483,2026-05-28T13:20:15.483,-930
multimetro,365,-0.00251638,,78.96318379999866,2026-05-28T13:04:45.700,2026-05-28T13:20:15.700,-930
multimetro,366,-0.002518683,,79.17819800000143,2026-05-28T13:04:45.919,2026-05-28T13:20:15.919,-930
multimetro,367,-0.002525405,,79.39347640000051,2026-05-28T13:04:46.134,2026-05-28T13:20:16.134,-930
multimetro,368,-0.002518746,,79.60849900000176,2026-05-28T13:04:46.349,2026-05-28T13:20:16.349,-930
multimetro,369,-0.002514736,,79.82380230000126,2026-05-28T13:04:46.560,2026-05-28T13:20:16.560,-930
multimetro,370,-0.0025155,,80.03875229999903,2026-05-28T13:04:46.776,2026-05-28T13:20:16.776,-930
multimetro,371,-0.002516453,,80.25390530000004,2026-05-28T13:04:46.989,2026-05-28T13:20:16.989,-930
multimetro,372,-0.002522986,,80.46887929999866,2026-05-28T13:04:47.206,2026-05-28T13:20:17.206,-930
multimetro,373,-0.002527488,,80.68401219999942,2026-05-28T13:04:47.425,2026-05-28T13:20:17.425,-930
multimetro,374,-0.002534199,,80.89909400000033,2026-05-28T13:04:47.640,2026-05-28T13:20:17.640,-930
multimetro,375,-0.002547182,,81.11446649999925,2026-05-28T13:04:47.853,2026-05-28T13:20:17.853,-930
multimetro,376,-0.002542785,,81.32969840000078,2026-05-28T13:04:48.070,2026-05-28T13:20:18.070,-930
multimetro,377,-0.002545392,,81.54468569999881,2026-05-28T13:04:48.283,2026-05-28T13:20:18.283,-930
multimetro,378,-0.002547831,,81.75976140000057,2026-05-28T13:04:48.500,2026-05-28T13:20:18.500,-930
multimetro,379,-0.002553349,,81.97490059999836,2026-05-28T13:04:48.706,2026-05-28T13:20:18.706,-930
multimetro,380,-0.002559201,,82.19000589999996,2026-05-28T13:04:48.931,2026-05-28T13:20:18.931,-930
multimetro,381,-0.00256496,,82.40511680000054,2026-05-28T13:04:49.139,2026-05-28T13:20:19.139,-930
multimetro,382,-0.002569943,,82.6203729000008,2026-05-28T13:04:49.356,2026-05-28T13:20:19.356,-930
multimetro,383,-0.002577356,,82.83531009999933,2026-05-28T13:04:49.573,2026-05-28T13:20:19.573,-930
multimetro,384,-0.002586779,,83.05064489999859,2026-05-28T13:04:49.789,2026-05-28T13:20:19.789,-930
multimetro,385,-0.002609309,,83.26573110000027,2026-05-28T13:04:50.006,2026-05-28T13:20:20.006,-930
multimetro,386,-0.002619497,,83.48087730000043,2026-05-28T13:04:50.216,2026-05-28T13:20:20.216,-930
multimetro,387,-0.002621936,,83.69594320000033,2026-05-28T13:04:50.433,2026-05-28T13:20:20.433,-930
multimetro,388,-0.002618722,,83.9109486999987,2026-05-28T13:04:50.651,2026-05-28T13:20:20.651,-930
multimetro,389,-0.002624459,,84.1260203999991,2026-05-28T13:04:50.866,2026-05-28T13:20:20.866,-930
multimetro,390,-0.002635515,,84.34118949999902,2026-05-28T13:04:51.073,2026-05-28T13:20:21.073,-930
multimetro,391,-0.002623664,,84.55615960000068,2026-05-28T13:04:51.289,2026-05-28T13:20:21.289,-930
multimetro,392,-0.002621967,,84.77110320000065,2026-05-28T13:04:51.506,2026-05-28T13:20:21.506,-930
multimetro,393,-0.00262492,,84.98636030000125,2026-05-28T13:04:51.723,2026-05-28T13:20:21.723,-930
multimetro,394,-0.002631191,,85.20118319999892,2026-05-28T13:04:51.942,2026-05-28T13:20:21.942,-930
multimetro,395,-0.002638468,,85.41653660000156,2026-05-28T13:04:52.156,2026-05-28T13:20:22.156,-930
multimetro,396,-0.002645807,,85.63151700000162,2026-05-28T13:04:52.372,2026-05-28T13:20:22.372,-930
multimetro,397,-0.002653094,,85.84678609999901,2026-05-28T13:04:52.583,2026-05-28T13:20:22.583,-930
multimetro,398,-0.002656528,,86.0618644999995,2026-05-28T13:04:52.802,2026-05-28T13:20:22.802,-930
multimetro,399,-0.00268599,,86.27695590000076,2026-05-28T13:04:53.017,2026-05-28T13:20:23.017,-930
multimetro,400,-0.002682629,,86.49215009999898,2026-05-28T13:04:53.227,2026-05-28T13:20:23.227,-930
multimetro,401,-0.002695004,,86.7072565999988,2026-05-28T13:04:53.443,2026-05-28T13:20:23.443,-930
multimetro,402,-0.002733491,,86.92234749999989,2026-05-28T13:04:53.663,2026-05-28T13:20:23.663,-930
multimetro,403,-0.002787421,,87.1373754999986,2026-05-28T13:04:53.874,2026-05-28T13:20:23.874,-930
multimetro,404,-0.002788541,,87.35246779999943,2026-05-28T13:04:54.093,2026-05-28T13:20:24.093,-930
multimetro,405,-0.00278651,,87.56760199999917,2026-05-28T13:04:54.306,2026-05-28T13:20:24.306,-930
multimetro,406,-0.002781977,,87.78295739999885,2026-05-28T13:04:54.523,2026-05-28T13:20:24.523,-930
multimetro,407,-0.002791106,,87.99779080000008,2026-05-28T13:04:54.738,2026-05-28T13:20:24.738,-930
multimetro,408,-0.002779705,,88.21348450000005,2026-05-28T13:04:54.952,2026-05-28T13:20:24.952,-930
multimetro,409,-0.002771381,,88.42855200000122,2026-05-28T13:04:55.169,2026-05-28T13:20:25.169,-930
multimetro,410,-0.002769905,,88.64387569999963,2026-05-28T13:04:55.376,2026-05-28T13:20:25.376,-930
multimetro,411,-0.002765571,,88.85908779999954,2026-05-28T13:04:55.593,2026-05-28T13:20:25.593,-930
multimetro,412,-0.002767089,,89.07416219999868,2026-05-28T13:04:55.810,2026-05-28T13:20:25.810,-930
multimetro,413,-0.002773057,,89.28942989999996,2026-05-28T13:04:56.026,2026-05-28T13:20:26.026,-930
multimetro,414,-0.002769958,,89.50440810000146,2026-05-28T13:04:56.243,2026-05-28T13:20:26.243,-930
multimetro,415,-0.002777747,,89.71953080000094,2026-05-28T13:04:56.460,2026-05-28T13:20:26.460,-930
multimetro,416,-0.002781726,,89.93447110000125,2026-05-28T13:04:56.675,2026-05-28T13:20:26.675,-930
multimetro,417,-0.002783819,,90.1495849999992,2026-05-28T13:04:56.890,2026-05-28T13:20:26.890,-930
multimetro,418,-0.002791421,,90.36473789999945,2026-05-28T13:04:57.102,2026-05-28T13:20:27.102,-930
multimetro,419,-0.002788374,,90.57991140000013,2026-05-28T13:04:57.320,2026-05-28T13:20:27.320,-930
multimetro,420,-0.002805555,,90.79719370000021,2026-05-28T13:04:57.538,2026-05-28T13:20:27.538,-930
multimetro,421,-0.002797378,,91.01237860000037,2026-05-28T13:04:57.744,2026-05-28T13:20:27.744,-930
multimetro,422,-0.002805586,,91.22747359999994,2026-05-28T13:04:57.960,2026-05-28T13:20:27.960,-930
multimetro,423,-0.002809292,,91.44277579999834,2026-05-28T13:04:58.183,2026-05-28T13:20:28.183,-930
multimetro,424,-0.002812946,,91.65784440000061,2026-05-28T13:04:58.396,2026-05-28T13:20:28.396,-930
multimetro,425,-0.002816747,,91.8729568000017,2026-05-28T13:04:58.606,2026-05-28T13:20:28.606,-930
multimetro,426,-0.002813637,,92.088210599999,2026-05-28T13:04:58.823,2026-05-28T13:20:28.823,-930
multimetro,427,-0.002816988,,92.30347080000138,2026-05-28T13:04:59.043,2026-05-28T13:20:29.043,-930
multimetro,428,-0.002820474,,92.51845799999865,2026-05-28T13:04:59.259,2026-05-28T13:20:29.259,-930
multimetro,429,-0.002825395,,92.73365619999822,2026-05-28T13:04:59.467,2026-05-28T13:20:29.467,-930
multimetro,430,-0.002841382,,92.94853240000157,2026-05-28T13:04:59.689,2026-05-28T13:20:29.689,-930
multimetro,431,-0.002847214,,93.16375939999853,2026-05-28T13:04:59.895,2026-05-28T13:20:29.895,-930
multimetro,432,-0.002850376,,93.3788573999991,2026-05-28T13:05:00.112,2026-05-28T13:20:30.112,-930
multimetro,433,-0.0028478,,93.59383700000035,2026-05-28T13:05:00.334,2026-05-28T13:20:30.334,-930
multimetro,434,-0.002863369,,93.80909260000044,2026-05-28T13:05:00.543,2026-05-28T13:20:30.543,-930
multimetro,435,-0.002861024,,94.0241731999995,2026-05-28T13:05:00.762,2026-05-28T13:20:30.762,-930
multimetro,436,-0.002867975,,94.23947609999959,2026-05-28T13:05:00.980,2026-05-28T13:20:30.980,-930
multimetro,437,-0.002871127,,94.45449210000152,2026-05-28T13:05:01.186,2026-05-28T13:20:31.186,-930
multimetro,438,-0.002877032,,94.66961920000176,2026-05-28T13:05:01.407,2026-05-28T13:20:31.407,-930
multimetro,439,-0.002877869,,94.88488779999898,2026-05-28T13:05:01.617,2026-05-28T13:20:31.617,-930
multimetro,440,-0.002880895,,95.09988140000132,2026-05-28T13:05:01.840,2026-05-28T13:20:31.840,-930
multimetro,441,-0.002887753,,95.31494060000114,2026-05-28T13:05:02.053,2026-05-28T13:20:32.053,-930
multimetro,442,-0.002895731,,95.5300462999985,2026-05-28T13:05:02.270,2026-05-28T13:20:32.270,-930
multimetro,443,-0.0028975,,95.74522589999833,2026-05-28T13:05:02.480,2026-05-28T13:20:32.480,-930
multimetro,444,-0.002923088,,95.96030080000128,2026-05-28T13:05:02.694,2026-05-28T13:20:32.694,-930
multimetro,445,-0.002915393,,96.1755250999995,2026-05-28T13:05:02.916,2026-05-28T13:20:32.916,-930
multimetro,446,-0.002916681,,96.39074249999976,2026-05-28T13:05:03.123,2026-05-28T13:20:33.123,-930
multimetro,447,-0.002921832,,96.60594489999858,2026-05-28T13:05:03.339,2026-05-28T13:20:33.339,-930
multimetro,448,-0.00293471,,96.82088600000134,2026-05-28T13:05:03.556,2026-05-28T13:20:33.556,-930
multimetro,449,-0.002935526,,97.03613570000016,2026-05-28T13:05:03.773,2026-05-28T13:20:33.773,-930
multimetro,450,-0.002938563,,97.25104709999869,2026-05-28T13:05:03.991,2026-05-28T13:20:33.991,-930
multimetro,451,-0.00294141,,97.46617609999885,2026-05-28T13:05:04.207,2026-05-28T13:20:34.207,-930
multimetro,452,-0.002948812,,97.68143350000173,2026-05-28T13:05:04.416,2026-05-28T13:20:34.416,-930
multimetro,453,-0.002957911,,97.89657200000147,2026-05-28T13:05:04.637,2026-05-28T13:20:34.637,-930
multimetro,454,-0.002957586,,98.1116585000018,2026-05-28T13:05:04.843,2026-05-28T13:20:34.843,-930
multimetro,455,-0.002977751,,98.32673609999983,2026-05-28T13:05:05.060,2026-05-28T13:20:35.060,-930
multimetro,456,-0.002980724,,98.54193769999983,2026-05-28T13:05:05.281,2026-05-28T13:20:35.281,-930
multimetro,457,-0.00298129,,98.75700940000024,2026-05-28T13:05:05.493,2026-05-28T13:20:35.493,-930
multimetro,458,-0.003005904,,98.97221239999999,2026-05-28T13:05:05.710,2026-05-28T13:20:35.710,-930
multimetro,459,-0.003003234,,99.18725469999845,2026-05-28T13:05:05.927,2026-05-28T13:20:35.927,-930
multimetro,460,-0.002999664,,99.40249019999828,2026-05-28T13:05:06.143,2026-05-28T13:20:36.143,-930
multimetro,461,-0.00300805,,99.6174428000013,2026-05-28T13:05:06.358,2026-05-28T13:20:36.358,-930
multimetro,462,-0.003008417,,99.83275979999962,2026-05-28T13:05:06.573,2026-05-28T13:20:36.573,-930
multimetro,463,-0.003011966,,100.04766580000069,2026-05-28T13:05:06.787,2026-05-28T13:20:36.787,-930
multimetro,464,-0.003018279,,100.26304910000181,2026-05-28T13:05:07.003,2026-05-28T13:20:37.003,-930
multimetro,465,-0.003020363,,100.47819309999977,2026-05-28T13:05:07.210,2026-05-28T13:20:37.210,-930
multimetro,466,-0.003028414,,100.693274199999,2026-05-28T13:05:07.431,2026-05-28T13:20:37.431,-930
multimetro,467,-0.003035533,,100.90849180000077,2026-05-28T13:05:07.643,2026-05-28T13:20:37.643,-930
multimetro,468,-0.003042088,,101.12354179999966,2026-05-28T13:05:07.860,2026-05-28T13:20:37.860,-930
multimetro,469,-0.003039931,,101.33870670000033,2026-05-28T13:05:08.079,2026-05-28T13:20:38.079,-930
multimetro,470,-0.003046747,,101.55372340000031,2026-05-28T13:05:08.293,2026-05-28T13:20:38.293,-930
multimetro,471,-0.003052076,,101.76886770000056,2026-05-28T13:05:08.506,2026-05-28T13:20:38.506,-930
multimetro,472,-0.003060211,,101.98393800000122,2026-05-28T13:05:08.723,2026-05-28T13:20:38.723,-930
multimetro,473,-0.003061676,,102.19919780000055,2026-05-28T13:05:08.939,2026-05-28T13:20:38.939,-930
multimetro,474,-0.003067131,,102.44188700000086,2026-05-28T13:05:09.183,2026-05-28T13:20:39.183,-930
multimetro,475,-0.00307178,,102.65653789999851,2026-05-28T13:05:09.389,2026-05-28T13:20:39.389,-930
multimetro,476,-0.003073978,,102.8716138000018,2026-05-28T13:05:09.606,2026-05-28T13:20:39.606,-930
multimetro,477,-0.003090165,,103.08681960000104,2026-05-28T13:05:09.823,2026-05-28T13:20:39.823,-930
multimetro,478,-0.003098499,,103.30176900000151,2026-05-28T13:05:10.040,2026-05-28T13:20:40.040,-930
multimetro,479,-0.003111209,,103.51696200000151,2026-05-28T13:05:10.256,2026-05-28T13:20:40.256,-930
multimetro,480,-0.003108078,,103.73188339999979,2026-05-28T13:05:10.473,2026-05-28T13:20:40.473,-930
multimetro,481,-0.003108005,,103.94711580000148,2026-05-28T13:05:10.683,2026-05-28T13:20:40.683,-930
multimetro,482,-0.003102372,,104.16216540000096,2026-05-28T13:05:10.903,2026-05-28T13:20:40.903,-930
multimetro,483,-0.003112162,,104.37742110000181,2026-05-28T13:05:11.116,2026-05-28T13:20:41.116,-930
multimetro,484,-0.003109042,,104.59239689999959,2026-05-28T13:05:11.333,2026-05-28T13:20:41.333,-930
multimetro,485,-0.003109555,,104.80748880000101,2026-05-28T13:05:11.548,2026-05-28T13:20:41.548,-930
multimetro,486,-0.003115324,,105.0225251999982,2026-05-28T13:05:11.756,2026-05-28T13:20:41.756,-930
multimetro,487,-0.003120883,,105.23765750000166,2026-05-28T13:05:11.973,2026-05-28T13:20:41.973,-930
multimetro,488,-0.0031275,,105.45286850000048,2026-05-28T13:05:12.189,2026-05-28T13:20:42.189,-930
multimetro,489,-0.003131143,,105.66778839999824,2026-05-28T13:05:12.406,2026-05-28T13:20:42.406,-930
multimetro,490,-0.003134912,,105.88290820000111,2026-05-28T13:05:12.623,2026-05-28T13:20:42.623,-930
multimetro,491,-0.003137645,,106.0979757999994,2026-05-28T13:05:12.833,2026-05-28T13:20:42.833,-930
multimetro,492,-0.003140461,,106.31308379999973,2026-05-28T13:05:13.053,2026-05-28T13:20:43.053,-930
multimetro,493,-0.003145246,,106.52801620000173,2026-05-28T13:05:13.266,2026-05-28T13:20:43.266,-930
multimetro,494,-0.003151779,,106.7430146000006,2026-05-28T13:05:13.483,2026-05-28T13:20:43.483,-930
multimetro,495,-0.003158208,,106.9581763999995,2026-05-28T13:05:13.689,2026-05-28T13:20:43.689,-930
multimetro,496,-0.003163819,,107.17330180000135,2026-05-28T13:05:13.910,2026-05-28T13:20:43.910,-930
multimetro,497,-0.0031703,,107.38825029999862,2026-05-28T13:05:14.129,2026-05-28T13:20:44.129,-930
multimetro,498,-0.003175912,,107.60329020000063,2026-05-28T13:05:14.343,2026-05-28T13:20:44.343,-930
multimetro,499,-0.003178435,,107.81829410000137,2026-05-28T13:05:14.558,2026-05-28T13:20:44.558,-930
multimetro,500,-0.003181168,,108.03348190000179,2026-05-28T13:05:14.774,2026-05-28T13:20:44.774,-930
multimetro,501,-0.00318456,,108.24833619999845,2026-05-28T13:05:14.989,2026-05-28T13:20:44.989,-930
multimetro,502,-0.003187837,,108.46349399999963,2026-05-28T13:05:15.199,2026-05-28T13:20:45.199,-930
multimetro,503,-0.003191491,,108.67858550000165,2026-05-28T13:05:15.418,2026-05-28T13:20:45.418,-930
multimetro,504,-0.003193931,,108.89346170000135,2026-05-28T13:05:15.632,2026-05-28T13:20:45.632,-930
multimetro,505,-0.003200998,,109.10861540000042,2026-05-28T13:05:15.843,2026-05-28T13:20:45.843,-930
multimetro,506,-0.003204693,,109.32360590000098,2026-05-28T13:05:16.064,2026-05-28T13:20:46.064,-930
multimetro,507,-0.003209258,,109.53865740000037,2026-05-28T13:05:16.279,2026-05-28T13:20:46.279,-930
multimetro,508,-0.003213823,,109.7538381000013,2026-05-28T13:05:16.489,2026-05-28T13:20:46.489,-930
multimetro,509,-0.003219131,,109.96914689999903,2026-05-28T13:05:16.706,2026-05-28T13:20:46.706,-930
multimetro,510,-0.003225497,,110.18408940000154,2026-05-28T13:05:16.923,2026-05-28T13:20:46.923,-930
multimetro,511,-0.003229559,,110.39918309999848,2026-05-28T13:05:17.139,2026-05-28T13:20:47.139,-930
multimetro,512,-0.003235098,,110.61433319999924,2026-05-28T13:05:17.354,2026-05-28T13:20:47.354,-930
multimetro,513,-0.003239034,,110.82938920000015,2026-05-28T13:05:17.570,2026-05-28T13:20:47.570,-930
multimetro,514,-0.003245641,,111.04449119999845,2026-05-28T13:05:17.777,2026-05-28T13:20:47.777,-930
multimetro,515,-0.003248782,,111.25958679999894,2026-05-28T13:05:17.999,2026-05-28T13:20:47.999,-930
multimetro,516,-0.003253305,,111.47483329999886,2026-05-28T13:05:18.206,2026-05-28T13:20:48.206,-930
multimetro,517,-0.003255765,,111.69002990000081,2026-05-28T13:05:18.423,2026-05-28T13:20:48.423,-930
multimetro,518,-0.003259398,,111.90523029999895,2026-05-28T13:05:18.639,2026-05-28T13:20:48.639,-930
multimetro,519,-0.003263994,,112.12028310000096,2026-05-28T13:05:18.856,2026-05-28T13:20:48.856,-930
multimetro,520,-0.003269784,,112.3354732000007,2026-05-28T13:05:19.074,2026-05-28T13:20:49.074,-930
multimetro,521,-0.003274118,,112.55052409999917,2026-05-28T13:05:19.289,2026-05-28T13:20:49.289,-930
multimetro,522,-0.003276108,,112.76578399999926,2026-05-28T13:05:19.506,2026-05-28T13:20:49.506,-930
multimetro,523,-0.003281678,,112.9807335000005,2026-05-28T13:05:19.717,2026-05-28T13:20:49.717,-930
multimetro,524,-0.003285991,,113.19583309999871,2026-05-28T13:05:19.933,2026-05-28T13:20:49.933,-930
multimetro,525,-0.003289195,,113.41088319999835,2026-05-28T13:05:20.149,2026-05-28T13:20:50.149,-930
multimetro,526,-0.003296963,,113.62596409999969,2026-05-28T13:05:20.366,2026-05-28T13:20:50.366,-930
multimetro,527,-0.003300701,,113.8411288999996,2026-05-28T13:05:20.574,2026-05-28T13:20:50.574,-930
multimetro,528,-0.003306543,,114.0560742000016,2026-05-28T13:05:20.789,2026-05-28T13:20:50.789,-930
multimetro,529,-0.003306114,,114.27131549999831,2026-05-28T13:05:21.006,2026-05-28T13:20:51.006,-930
multimetro,530,-0.003313589,,114.48624629999904,2026-05-28T13:05:21.223,2026-05-28T13:20:51.223,-930
multimetro,531,-0.003319976,,114.70146329999989,2026-05-28T13:05:21.439,2026-05-28T13:20:51.439,-930
multimetro,532,-0.003322991,,114.91636740000104,2026-05-28T13:05:21.656,2026-05-28T13:20:51.656,-930
multimetro,533,-0.003327514,,115.13155069999993,2026-05-28T13:05:21.872,2026-05-28T13:20:51.872,-930
multimetro,534,-0.00333366,,115.34654949999822,2026-05-28T13:05:22.082,2026-05-28T13:20:52.082,-930
multimetro,535,-0.003337994,,115.56186610000077,2026-05-28T13:05:22.299,2026-05-28T13:20:52.299,-930
multimetro,536,-0.003344371,,115.77680889999829,2026-05-28T13:05:22.516,2026-05-28T13:20:52.516,-930
multimetro,537,-0.003344569,,115.9923955000013,2026-05-28T13:05:22.733,2026-05-28T13:20:52.733,-930
multimetro,538,-0.003348475,,116.20737699999881,2026-05-28T13:05:22.939,2026-05-28T13:20:52.939,-930
multimetro,539,-0.003352903,,116.42231140000149,2026-05-28T13:05:23.160,2026-05-28T13:20:53.160,-930
multimetro,540,-0.003359604,,116.63750849999997,2026-05-28T13:05:23.377,2026-05-28T13:20:53.377,-930
multimetro,541,-0.00336463,,116.8525598999986,2026-05-28T13:05:23.593,2026-05-28T13:20:53.593,-930
multimetro,542,-0.003370262,,117.06761750000078,2026-05-28T13:05:23.808,2026-05-28T13:20:53.808,-930
multimetro,543,-0.003374126,,117.2827174999984,2026-05-28T13:05:24.020,2026-05-28T13:20:54.020,-930
multimetro,544,-0.00337934,,117.49799949999942,2026-05-28T13:05:24.237,2026-05-28T13:20:54.237,-930
multimetro,545,-0.003386396,,117.71305510000093,2026-05-28T13:05:24.449,2026-05-28T13:20:54.449,-930
multimetro,546,-0.003387904,,117.92822019999949,2026-05-28T13:05:24.669,2026-05-28T13:20:54.669,-930
multimetro,547,-0.003391118,,118.14321869999912,2026-05-28T13:05:24.880,2026-05-28T13:20:54.880,-930
multimetro,548,-0.003393578,,118.35855409999931,2026-05-28T13:05:25.099,2026-05-28T13:20:55.099,-930
multimetro,549,-0.003398122,,118.57347659999868,2026-05-28T13:05:25.309,2026-05-28T13:20:55.309,-930
multimetro,550,-0.003400939,,118.78882910000175,2026-05-28T13:05:25.523,2026-05-28T13:20:55.523,-930
multimetro,551,-0.003406163,,119.00410570000167,2026-05-28T13:05:25.743,2026-05-28T13:20:55.743,-930
multimetro,552,-0.003410257,,119.2190503999991,2026-05-28T13:05:25.956,2026-05-28T13:20:55.956,-930
multimetro,553,-0.003415565,,119.43415430000096,2026-05-28T13:05:26.173,2026-05-28T13:20:56.173,-930
multimetro,554,-0.003418308,,119.64916960000119,2026-05-28T13:05:26.389,2026-05-28T13:20:56.389,-930
multimetro,555,-0.003422559,,119.86427090000143,2026-05-28T13:05:26.599,2026-05-28T13:20:56.599,-930
multimetro,556,-0.00342683,,120.07932100000107,2026-05-28T13:05:26.820,2026-05-28T13:20:56.820,-930
multimetro,557,-0.003432034,,120.29449100000056,2026-05-28T13:05:27.033,2026-05-28T13:20:57.033,-930
multimetro,558,-0.003437133,,120.50958000000173,2026-05-28T13:05:27.249,2026-05-28T13:20:57.249,-930
multimetro,559,-0.003441184,,120.72473760000139,2026-05-28T13:05:27.456,2026-05-28T13:20:57.456,-930
multimetro,560,-0.003445163,,120.93982089999918,2026-05-28T13:05:27.673,2026-05-28T13:20:57.673,-930
multimetro,561,-0.003449236,,121.15510240000003,2026-05-28T13:05:27.889,2026-05-28T13:20:57.889,-930
multimetro,562,-0.003451686,,121.37030819999927,2026-05-28T13:05:28.106,2026-05-28T13:20:58.106,-930
multimetro,563,-0.003456659,,121.58556890000182,2026-05-28T13:05:28.323,2026-05-28T13:20:58.323,-930
multimetro,564,-0.003462072,,121.80080660000021,2026-05-28T13:05:28.539,2026-05-28T13:20:58.539,-930
multimetro,565,-0.003463831,,122.01589579999927,2026-05-28T13:05:28.756,2026-05-28T13:20:58.756,-930
multimetro,566,-0.003465883,,122.23094069999934,2026-05-28T13:05:28.966,2026-05-28T13:20:58.966,-930
multimetro,567,-0.003470238,,122.44584620000023,2026-05-28T13:05:29.186,2026-05-28T13:20:59.186,-930
multimetro,568,-0.003475358,,122.6610460999982,2026-05-28T13:05:29.399,2026-05-28T13:20:59.399,-930
multimetro,569,-0.003478593,,122.87603700000182,2026-05-28T13:05:29.616,2026-05-28T13:20:59.616,-930
multimetro,570,-0.003483587,,123.0913541000009,2026-05-28T13:05:29.829,2026-05-28T13:20:59.829,-930
multimetro,571,-0.003486613,,123.30630309999833,2026-05-28T13:05:30.039,2026-05-28T13:21:00.039,-930
multimetro,572,-0.003490633,,123.52151080000112,2026-05-28T13:05:30.258,2026-05-28T13:21:00.258,-930
multimetro,573,-0.003496674,,123.73661599999832,2026-05-28T13:05:30.477,2026-05-28T13:21:00.477,-930
multimetro,574,-0.003500799,,123.95183760000145,2026-05-28T13:05:30.689,2026-05-28T13:21:00.689,-930
multimetro,575,-0.003504767,,124.16701820000162,2026-05-28T13:05:30.908,2026-05-28T13:21:00.908,-930
multimetro,576,-0.003509343,,124.38211099999899,2026-05-28T13:05:31.122,2026-05-28T13:21:01.122,-930
multimetro,577,-0.003513824,,124.59728929999983,2026-05-28T13:05:31.336,2026-05-28T13:21:01.336,-930
multimetro,578,-0.003518012,,124.81223650000175,2026-05-28T13:05:31.543,2026-05-28T13:21:01.543,-930
multimetro,579,-0.003523152,,125.02737630000047,2026-05-28T13:05:31.760,2026-05-28T13:21:01.760,-930
multimetro,580,-0.003526513,,125.24250759999995,2026-05-28T13:05:31.983,2026-05-28T13:21:01.983,-930
multimetro,581,-0.003530397,,125.45771149999928,2026-05-28T13:05:32.189,2026-05-28T13:21:02.189,-930
multimetro,582,-0.00353514,,125.67263129999992,2026-05-28T13:05:32.406,2026-05-28T13:21:02.406,-930
multimetro,583,-0.003539841,,125.88777599999958,2026-05-28T13:05:32.623,2026-05-28T13:21:02.623,-930
multimetro,584,-0.003543003,,126.10297210000135,2026-05-28T13:05:32.842,2026-05-28T13:21:02.842,-930
multimetro,585,-0.003547055,,126.3180543999988,2026-05-28T13:05:33.056,2026-05-28T13:21:03.056,-930
multimetro,586,-0.003550866,,126.53327010000066,2026-05-28T13:05:33.273,2026-05-28T13:21:03.273,-930
multimetro,587,-0.003553808,,126.74845500000083,2026-05-28T13:05:33.489,2026-05-28T13:21:03.489,-930
multimetro,588,-0.003557503,,126.96373890000177,2026-05-28T13:05:33.699,2026-05-28T13:21:03.699,-930
multimetro,589,-0.003562278,,127.178828600001,2026-05-28T13:05:33.916,2026-05-28T13:21:03.916,-930
multimetro,590,-0.003566099,,127.39403640000091,2026-05-28T13:05:34.135,2026-05-28T13:21:04.135,-930
multimetro,591,-0.003570025,,127.60915440000099,2026-05-28T13:05:34.349,2026-05-28T13:21:04.349,-930
multimetro,592,-0.003574454,,127.82451809999839,2026-05-28T13:05:34.556,2026-05-28T13:21:04.556,-930
multimetro,593,-0.003576789,,128.03969940000025,2026-05-28T13:05:34.773,2026-05-28T13:21:04.773,-930
multimetro,594,-0.003580254,,128.2547932000016,2026-05-28T13:05:34.990,2026-05-28T13:21:04.990,-930
multimetro,595,-0.003584348,,128.46999199999846,2026-05-28T13:05:35.206,2026-05-28T13:21:05.206,-930
multimetro,596,-0.003588138,,128.68507260000115,2026-05-28T13:05:35.423,2026-05-28T13:21:05.423,-930
multimetro,597,-0.003593122,,128.90026209999996,2026-05-28T13:05:35.639,2026-05-28T13:21:05.639,-930
multimetro,598,-0.003597058,,129.11523179999858,2026-05-28T13:05:35.856,2026-05-28T13:21:05.856,-930
multimetro,599,-0.003601194,,129.33049240000037,2026-05-28T13:05:36.066,2026-05-28T13:21:06.066,-930
multimetro,600,-0.003604879,,129.54540179999822,2026-05-28T13:05:36.286,2026-05-28T13:21:06.286,-930
multimetro,601,-0.003608784,,129.76049330000023,2026-05-28T13:05:36.499,2026-05-28T13:21:06.499,-930
multimetro,602,-0.003612606,,129.9757533999982,2026-05-28T13:05:36.716,2026-05-28T13:21:06.716,-930
multimetro,603,-0.003616061,,130.19104000000152,2026-05-28T13:05:36.923,2026-05-28T13:21:06.923,-930
multimetro,604,-0.00361917,,130.40625369999907,2026-05-28T13:05:37.142,2026-05-28T13:21:07.142,-930
multimetro,605,-0.003622793,,130.6215330999985,2026-05-28T13:05:37.362,2026-05-28T13:21:07.362,-930
multimetro,606,-0.00362518,,130.83674990000145,2026-05-28T13:05:37.573,2026-05-28T13:21:07.573,-930
multimetro,607,-0.003628583,,131.05195340000137,2026-05-28T13:05:37.792,2026-05-28T13:21:07.792,-930
multimetro,608,-0.003632551,,131.26708599999984,2026-05-28T13:05:38.006,2026-05-28T13:21:08.006,-930
multimetro,609,-0.003637126,,131.48215189999974,2026-05-28T13:05:38.223,2026-05-28T13:21:08.223,-930
multimetro,610,-0.003642015,,131.69728000000032,2026-05-28T13:05:38.433,2026-05-28T13:21:08.433,-930
multimetro,611,-0.003645502,,131.91229079999903,2026-05-28T13:05:38.653,2026-05-28T13:21:08.653,-930
multimetro,612,-0.003649805,,132.1274955000008,2026-05-28T13:05:38.866,2026-05-28T13:21:08.866,-930
multimetro,613,-0.003652674,,132.34265099999902,2026-05-28T13:05:39.083,2026-05-28T13:21:09.083,-930
multimetro,614,-0.00365727,,132.5577813000018,2026-05-28T13:05:39.293,2026-05-28T13:21:09.293,-930
multimetro,615,-0.003660557,,132.77312090000123,2026-05-28T13:05:39.506,2026-05-28T13:21:09.506,-930
multimetro,616,-0.00366397,,132.9882112999985,2026-05-28T13:05:39.727,2026-05-28T13:21:09.727,-930
multimetro,617,-0.003667467,,133.203358499999,2026-05-28T13:05:39.943,2026-05-28T13:21:09.943,-930
multimetro,618,-0.003671865,,133.41846539999824,2026-05-28T13:05:40.159,2026-05-28T13:21:10.159,-930
multimetro,619,-0.003674493,,133.63356159999967,2026-05-28T13:05:40.374,2026-05-28T13:21:10.374,-930
multimetro,620,-0.003678471,,133.84853980000116,2026-05-28T13:05:40.589,2026-05-28T13:21:10.589,-930
multimetro,621,-0.0036829,,134.06366060000073,2026-05-28T13:05:40.799,2026-05-28T13:21:10.799,-930
multimetro,622,-0.003686617,,134.27877219999937,2026-05-28T13:05:41.014,2026-05-28T13:21:11.014,-930
multimetro,623,-0.003691119,,134.49389480000173,2026-05-28T13:05:41.230,2026-05-28T13:21:11.230,-930
multimetro,624,-0.003695997,,134.7091118999997,2026-05-28T13:05:41.443,2026-05-28T13:21:11.443,-930
multimetro,625,-0.003697034,,134.92431049999868,2026-05-28T13:05:41.664,2026-05-28T13:21:11.664,-930
multimetro,626,-0.003700636,,135.13943039999867,2026-05-28T13:05:41.880,2026-05-28T13:21:11.880,-930
multimetro,627,-0.003704572,,135.3545965000012,2026-05-28T13:05:42.093,2026-05-28T13:21:12.093,-930
multimetro,628,-0.003708059,,135.56978570000138,2026-05-28T13:05:42.310,2026-05-28T13:21:12.310,-930
multimetro,629,-0.003711901,,135.7847307000011,2026-05-28T13:05:42.525,2026-05-28T13:21:12.525,-930
multimetro,630,-0.003715021,,135.99990049999906,2026-05-28T13:05:42.740,2026-05-28T13:21:12.740,-930
multimetro,631,-0.00371879,,136.21513739999864,2026-05-28T13:05:42.956,2026-05-28T13:21:12.956,-930
multimetro,632,-0.003723093,,136.43028290000075,2026-05-28T13:05:43.166,2026-05-28T13:21:13.166,-930
multimetro,633,-0.003726705,,136.64525349999894,2026-05-28T13:05:43.381,2026-05-28T13:21:13.381,-930
multimetro,634,-0.003730234,,136.86045340000055,2026-05-28T13:05:43.599,2026-05-28T13:21:13.599,-930
multimetro,635,-0.003733699,,137.07566520000182,2026-05-28T13:05:43.814,2026-05-28T13:21:13.814,-930
multimetro,636,-0.003736882,,137.29069119999986,2026-05-28T13:05:44.031,2026-05-28T13:21:14.031,-930
multimetro,637,-0.003739677,,137.50597570000173,2026-05-28T13:05:44.243,2026-05-28T13:21:14.243,-930
multimetro,638,-0.003742504,,137.720928499999,2026-05-28T13:05:44.460,2026-05-28T13:21:14.460,-930
multimetro,639,-0.003746577,,137.9361456000006,2026-05-28T13:05:44.677,2026-05-28T13:21:14.677,-930
multimetro,640,-0.003751383,,138.15116340000168,2026-05-28T13:05:44.891,2026-05-28T13:21:14.891,-930
multimetro,641,-0.003755487,,138.36644969999907,2026-05-28T13:05:45.107,2026-05-28T13:21:15.107,-930
multimetro,642,-0.003758334,,138.58137759999954,2026-05-28T13:05:45.322,2026-05-28T13:21:15.322,-930
multimetro,643,-0.00376158,,138.7965054999986,2026-05-28T13:05:45.533,2026-05-28T13:21:15.533,-930
multimetro,644,-0.003766103,,139.01162789999944,2026-05-28T13:05:45.743,2026-05-28T13:21:15.743,-930
multimetro,645,-0.003769485,,139.22674429999824,2026-05-28T13:05:45.966,2026-05-28T13:21:15.966,-930
multimetro,646,-0.003772908,,139.44183189999967,2026-05-28T13:05:46.177,2026-05-28T13:21:16.177,-930
multimetro,647,-0.003776363,,139.65680319999956,2026-05-28T13:05:46.389,2026-05-28T13:21:16.389,-930
multimetro,648,-0.003779766,,139.87199749999854,2026-05-28T13:05:46.606,2026-05-28T13:21:16.606,-930
multimetro,649,-0.003783849,,140.08694810000088,2026-05-28T13:05:46.823,2026-05-28T13:21:16.823,-930
multimetro,650,-0.003788561,,140.3021245000018,2026-05-28T13:05:47.039,2026-05-28T13:21:17.039,-930
multimetro,651,-0.003792487,,140.5170803000001,2026-05-28T13:05:47.256,2026-05-28T13:21:17.256,-930
multimetro,652,-0.003796162,,140.73218080000152,2026-05-28T13:05:47.473,2026-05-28T13:21:17.473,-930
multimetro,653,-0.003799512,,140.94725280000057,2026-05-28T13:05:47.687,2026-05-28T13:21:17.687,-930
multimetro,654,-0.003802454,,141.16252760000134,2026-05-28T13:05:47.899,2026-05-28T13:21:17.899,-930
multimetro,655,-0.003805365,,141.37751740000022,2026-05-28T13:05:48.116,2026-05-28T13:21:18.116,-930
multimetro,656,-0.003810055,,141.59258709999995,2026-05-28T13:05:48.333,2026-05-28T13:21:18.333,-930
multimetro,657,-0.003813311,,141.8077736999985,2026-05-28T13:05:48.539,2026-05-28T13:21:18.539,-930
multimetro,658,-0.003817017,,142.02298130000054,2026-05-28T13:05:48.756,2026-05-28T13:21:18.756,-930
multimetro,659,-0.003821854,,142.23804649999875,2026-05-28T13:05:48.973,2026-05-28T13:21:18.973,-930
multimetro,660,-0.003824849,,142.45311619999848,2026-05-28T13:05:49.189,2026-05-28T13:21:19.189,-930
multimetro,661,-0.003828147,,142.66833340000085,2026-05-28T13:05:49.406,2026-05-28T13:21:19.406,-930
multimetro,662,-0.003830806,,142.8834132000011,2026-05-28T13:05:49.623,2026-05-28T13:21:19.623,-930
multimetro,663,-0.003834439,,143.09857819999888,2026-05-28T13:05:49.839,2026-05-28T13:21:19.839,-930
multimetro,664,-0.00383758,,143.3136467000004,2026-05-28T13:05:50.049,2026-05-28T13:21:20.049,-930
multimetro,665,-0.003839967,,143.52876660000038,2026-05-28T13:05:50.266,2026-05-28T13:21:20.266,-930
multimetro,666,-0.0038427,,143.74379739999858,2026-05-28T13:05:50.483,2026-05-28T13:21:20.483,-930
multimetro,667,-0.00384627,,143.95918689999962,2026-05-28T13:05:50.699,2026-05-28T13:21:20.699,-930
multimetro,668,-0.00384962,,144.1743592999992,2026-05-28T13:05:50.906,2026-05-28T13:21:20.906,-930
multimetro,669,-0.003853473,,144.38942870000028,2026-05-28T13:05:51.126,2026-05-28T13:21:21.126,-930
multimetro,670,-0.003857064,,144.60457010000027,2026-05-28T13:05:51.339,2026-05-28T13:21:21.339,-930
multimetro,671,-0.00385853,,144.81960830000025,2026-05-28T13:05:51.556,2026-05-28T13:21:21.556,-930
multimetro,672,-0.00386231,,145.0348043999984,2026-05-28T13:05:51.773,2026-05-28T13:21:21.773,-930
multimetro,673,-0.003865796,,145.24985160000142,2026-05-28T13:05:51.990,2026-05-28T13:21:21.990,-930
multimetro,674,-0.003869785,,145.46503569999913,2026-05-28T13:05:52.206,2026-05-28T13:21:22.206,-930
multimetro,675,-0.003872832,,145.68004959999962,2026-05-28T13:05:52.416,2026-05-28T13:21:22.416,-930
multimetro,676,-0.00387659,,145.89521709999826,2026-05-28T13:05:52.636,2026-05-28T13:21:22.636,-930
multimetro,677,-0.003880119,,146.11012299999857,2026-05-28T13:05:52.849,2026-05-28T13:21:22.849,-930
multimetro,678,-0.003884139,,146.3253478000006,2026-05-28T13:05:53.060,2026-05-28T13:21:23.060,-930
multimetro,679,-0.003887332,,146.54036590000032,2026-05-28T13:05:53.280,2026-05-28T13:21:23.280,-930
multimetro,680,-0.003891154,,146.7556712000005,2026-05-28T13:05:53.493,2026-05-28T13:21:23.493,-930
multimetro,681,-0.003894044,,146.9708959999989,2026-05-28T13:05:53.706,2026-05-28T13:21:23.706,-930
multimetro,682,-0.003897561,,147.1859755000005,2026-05-28T13:05:53.923,2026-05-28T13:21:23.923,-930
multimetro,683,-0.00390066,,147.4011051000016,2026-05-28T13:05:54.139,2026-05-28T13:21:24.139,-930
multimetro,684,-0.003904105,,147.61620200000107,2026-05-28T13:05:54.356,2026-05-28T13:21:24.356,-930
multimetro,685,-0.003907926,,147.8313320999987,2026-05-28T13:05:54.572,2026-05-28T13:21:24.572,-930
multimetro,686,-0.003911256,,148.04645309999978,2026-05-28T13:05:54.783,2026-05-28T13:21:24.783,-930
multimetro,687,-0.003914847,,148.2615962000018,2026-05-28T13:05:54.999,2026-05-28T13:21:24.999,-930
multimetro,688,-0.003917768,,148.47667179999917,2026-05-28T13:05:55.216,2026-05-28T13:21:25.216,-930
multimetro,689,-0.003920354,,148.69210269999894,2026-05-28T13:05:55.432,2026-05-28T13:21:25.432,-930
multimetro,690,-0.003924071,,148.90702089999832,2026-05-28T13:05:55.647,2026-05-28T13:21:25.647,-930
multimetro,691,-0.003926981,,149.12211939999906,2026-05-28T13:05:55.856,2026-05-28T13:21:25.856,-930
multimetro,692,-0.003931996,,149.3373075999989,2026-05-28T13:05:56.073,2026-05-28T13:21:26.073,-930
multimetro,693,-0.003935462,,149.55254350000178,2026-05-28T13:05:56.289,2026-05-28T13:21:26.289,-930
multimetro,694,-0.003938959,,149.76773780000076,2026-05-28T13:05:56.506,2026-05-28T13:21:26.506,-930
multimetro,695,-0.003942225,,149.98264059999929,2026-05-28T13:05:56.723,2026-05-28T13:21:26.723,-930
multimetro,696,-0.003946036,,150.19783539999844,2026-05-28T13:05:56.932,2026-05-28T13:21:26.932,-930
multimetro,697,-0.003949952,,150.41283320000002,2026-05-28T13:05:57.149,2026-05-28T13:21:27.149,-930
multimetro,698,-0.003953166,,150.627923,2026-05-28T13:05:57.369,2026-05-28T13:21:27.369,-930
multimetro,699,-0.0039566,,150.8430069999995,2026-05-28T13:05:57.583,2026-05-28T13:21:27.583,-930
multimetro,700,-0.003960066,,151.05824159999975,2026-05-28T13:05:57.789,2026-05-28T13:21:27.789,-930
multimetro,701,-0.00396372,,151.27327689999947,2026-05-28T13:05:58.006,2026-05-28T13:21:28.006,-930
multimetro,702,-0.003967164,,151.4884047000014,2026-05-28T13:05:58.223,2026-05-28T13:21:28.223,-930
multimetro,703,-0.003970368,,151.70360770000116,2026-05-28T13:05:58.439,2026-05-28T13:21:28.439,-930
multimetro,704,-0.003974315,,151.91878079999879,2026-05-28T13:05:58.656,2026-05-28T13:21:28.656,-930
multimetro,705,-0.003978252,,152.1339474999986,2026-05-28T13:05:58.874,2026-05-28T13:21:28.874,-930
multimetro,706,-0.00398156,,152.34919699999955,2026-05-28T13:05:59.090,2026-05-28T13:21:29.090,-930
multimetro,707,-0.003985057,,152.56427610000173,2026-05-28T13:05:59.299,2026-05-28T13:21:29.299,-930
multimetro,708,-0.003988418,,152.77937329999986,2026-05-28T13:05:59.516,2026-05-28T13:21:29.516,-930
multimetro,709,-0.003992208,,152.9944104999995,2026-05-28T13:05:59.735,2026-05-28T13:21:29.735,-930
multimetro,710,-0.003995768,,153.20943890000126,2026-05-28T13:05:59.941,2026-05-28T13:21:29.941,-930
multimetro,711,-0.003999296,,153.42460030000075,2026-05-28T13:06:00.164,2026-05-28T13:21:30.164,-930
multimetro,712,-0.004002845,,153.63967369999955,2026-05-28T13:06:00.377,2026-05-28T13:21:30.377,-930
multimetro,713,-0.00400629,,153.8548167000008,2026-05-28T13:06:00.593,2026-05-28T13:21:30.593,-930
multimetro,714,-0.004009525,,154.06991859999835,2026-05-28T13:06:00.810,2026-05-28T13:21:30.810,-930
multimetro,715,-0.004011001,,154.28507320000062,2026-05-28T13:06:01.023,2026-05-28T13:21:31.023,-930
multimetro,716,-0.004014687,,154.50026029999935,2026-05-28T13:06:01.239,2026-05-28T13:21:31.239,-930
multimetro,717,-0.004017869,,154.7154483000013,2026-05-28T13:06:01.456,2026-05-28T13:21:31.456,-930
multimetro,718,-0.004020958,,154.93058839999867,2026-05-28T13:06:01.670,2026-05-28T13:21:31.670,-930
multimetro,719,-0.004024413,,155.14578099999926,2026-05-28T13:06:01.886,2026-05-28T13:21:31.886,-930
multimetro,720,-0.004027585,,155.36084199999823,2026-05-28T13:06:02.099,2026-05-28T13:21:32.099,-930
multimetro,721,-0.004029983,,155.57596560000093,2026-05-28T13:06:02.316,2026-05-28T13:21:32.316,-930
multimetro,722,-0.004032852,,155.79112000000168,2026-05-28T13:06:02.523,2026-05-28T13:21:32.523,-930
multimetro,723,-0.004036307,,156.00601950000055,2026-05-28T13:06:02.741,2026-05-28T13:21:32.741,-930
multimetro,724,-0.004039039,,156.22115620000113,2026-05-28T13:06:02.956,2026-05-28T13:21:32.956,-930
multimetro,725,-0.004042138,,156.4363583000013,2026-05-28T13:06:03.173,2026-05-28T13:21:33.173,-930
multimetro,726,-0.00404575,,156.65156710000156,2026-05-28T13:06:03.389,2026-05-28T13:21:33.389,-930
multimetro,727,-0.004049132,,156.86676420000003,2026-05-28T13:06:03.606,2026-05-28T13:21:33.606,-930
multimetro,728,-0.004052378,,157.08183089999875,2026-05-28T13:06:03.823,2026-05-28T13:21:33.823,-930
multimetro,729,-0.004055707,,157.29700220000086,2026-05-28T13:06:04.034,2026-05-28T13:21:34.034,-930
multimetro,730,-0.004058607,,157.5120633000006,2026-05-28T13:06:04.249,2026-05-28T13:21:34.249,-930
multimetro,731,-0.004061497,,157.72718030000033,2026-05-28T13:06:04.466,2026-05-28T13:21:34.466,-930
multimetro,732,-0.004064983,,157.94235249999838,2026-05-28T13:06:04.683,2026-05-28T13:21:34.683,-930
multimetro,733,-0.00406803,,158.1575879999982,2026-05-28T13:06:04.889,2026-05-28T13:21:34.889,-930
multimetro,734,-0.004071789,,158.37267879999854,2026-05-28T13:06:05.106,2026-05-28T13:21:35.106,-930
multimetro,735,-0.004075108,,158.58773320000182,2026-05-28T13:06:05.323,2026-05-28T13:21:35.323,-930
multimetro,736,-0.004078018,,158.80293359999996,2026-05-28T13:06:05.539,2026-05-28T13:21:35.539,-930
multimetro,737,-0.004081327,,159.01799350000147,2026-05-28T13:06:05.758,2026-05-28T13:21:35.758,-930
multimetro,738,-0.004083892,,159.23301720000018,2026-05-28T13:06:05.973,2026-05-28T13:21:35.973,-930
multimetro,739,-0.004086666,,159.44810240000152,2026-05-28T13:06:06.189,2026-05-28T13:21:36.189,-930
multimetro,740,-0.004090331,,159.66317229999913,2026-05-28T13:06:06.398,2026-05-28T13:21:36.398,-930
multimetro,741,-0.004093,,159.8782468999998,2026-05-28T13:06:06.615,2026-05-28T13:21:36.615,-930
multimetro,742,-0.004096005,,160.0936526000005,2026-05-28T13:06:06.834,2026-05-28T13:21:36.834,-930
multimetro,743,-0.004099376,,160.30865220000123,2026-05-28T13:06:07.049,2026-05-28T13:21:37.049,-930
multimetro,744,-0.004101607,,160.52376920000097,2026-05-28T13:06:07.256,2026-05-28T13:21:37.256,-930
multimetro,745,-0.004104685,,160.73901750000005,2026-05-28T13:06:07.473,2026-05-28T13:21:37.473,-930
multimetro,746,-0.004107616,,160.95410229999834,2026-05-28T13:06:07.693,2026-05-28T13:21:37.693,-930
multimetro,747,-0.004110401,,161.1694310999992,2026-05-28T13:06:07.910,2026-05-28T13:21:37.910,-930
multimetro,748,-0.004113301,,161.38436359999832,2026-05-28T13:06:08.125,2026-05-28T13:21:38.125,-930
multimetro,749,-0.004116243,,161.59944389999873,2026-05-28T13:06:08.340,2026-05-28T13:21:38.340,-930
multimetro,750,-0.004119625,,161.81472629999917,2026-05-28T13:06:08.555,2026-05-28T13:21:38.555,-930
multimetro,751,-0.004122536,,162.02997590000086,2026-05-28T13:06:08.766,2026-05-28T13:21:38.766,-930
multimetro,752,-0.004125729,,162.24494929999855,2026-05-28T13:06:08.976,2026-05-28T13:21:38.976,-930
multimetro,753,-0.004129071,,162.46022839999932,2026-05-28T13:06:09.199,2026-05-28T13:21:39.199,-930
multimetro,754,-0.004131908,,162.6752720000004,2026-05-28T13:06:09.412,2026-05-28T13:21:39.412,-930
multimetro,755,-0.004135604,,162.89035149999836,2026-05-28T13:06:09.630,2026-05-28T13:21:39.630,-930
multimetro,756,-0.004137907,,163.10536199999842,2026-05-28T13:06:09.843,2026-05-28T13:21:39.843,-930
multimetro,757,-0.004141655,,163.32052040000053,2026-05-28T13:06:10.060,2026-05-28T13:21:40.060,-930
multimetro,758,-0.004144325,,163.53572740000163,2026-05-28T13:06:10.277,2026-05-28T13:21:40.277,-930
multimetro,759,-0.004146974,,163.75077569999848,2026-05-28T13:06:10.491,2026-05-28T13:21:40.491,-930
multimetro,760,-0.004150953,,163.9660412000012,2026-05-28T13:06:10.707,2026-05-28T13:21:40.707,-930
multimetro,761,-0.004153298,,164.18103279999923,2026-05-28T13:06:10.918,2026-05-28T13:21:40.918,-930
multimetro,762,-0.004156428,,164.3961457000005,2026-05-28T13:06:11.136,2026-05-28T13:21:41.136,-930
multimetro,763,-0.004160208,,164.61149020000084,2026-05-28T13:06:11.349,2026-05-28T13:21:41.349,-930
multimetro,764,-0.004162323,,164.82661630000075,2026-05-28T13:06:11.560,2026-05-28T13:21:41.560,-930
multimetro,765,-0.004166092,,165.04156149999835,2026-05-28T13:06:11.780,2026-05-28T13:21:41.780,-930
multimetro,766,-0.004169578,,165.25679540000056,2026-05-28T13:06:11.989,2026-05-28T13:21:41.989,-930
multimetro,767,-0.004172018,,165.47176129999934,2026-05-28T13:06:12.209,2026-05-28T13:21:42.209,-930
multimetro,768,-0.004174991,,165.68695690000095,2026-05-28T13:06:12.425,2026-05-28T13:21:42.425,-930
multimetro,769,-0.004178038,,165.90216489999875,2026-05-28T13:06:12.641,2026-05-28T13:21:42.641,-930
multimetro,770,-0.004180697,,166.11724220000178,2026-05-28T13:06:12.856,2026-05-28T13:21:42.856,-930
multimetro,771,-0.004184058,,166.3324352999989,2026-05-28T13:06:13.073,2026-05-28T13:21:43.073,-930
multimetro,772,-0.00418701,,166.5474393000004,2026-05-28T13:06:13.286,2026-05-28T13:21:43.286,-930
multimetro,773,-0.004190361,,166.7627618000006,2026-05-28T13:06:13.499,2026-05-28T13:21:43.499,-930
multimetro,774,-0.004193816,,166.97764029999962,2026-05-28T13:06:13.718,2026-05-28T13:21:43.718,-930
multimetro,775,-0.004196119,,167.19270229999893,2026-05-28T13:06:13.932,2026-05-28T13:21:43.932,-930
multimetro,776,-0.004199197,,167.4079457000007,2026-05-28T13:06:14.139,2026-05-28T13:21:44.139,-930
multimetro,777,-0.004201354,,167.62321650000013,2026-05-28T13:06:14.356,2026-05-28T13:21:44.356,-930
multimetro,778,-0.004204799,,167.8381604999995,2026-05-28T13:06:14.573,2026-05-28T13:21:44.573,-930
multimetro,779,-0.004207405,,168.05336549999993,2026-05-28T13:06:14.789,2026-05-28T13:21:44.789,-930
multimetro,780,-0.004210149,,168.26858730000095,2026-05-28T13:06:15.007,2026-05-28T13:21:45.007,-930
multimetro,781,-0.004212672,,168.48366760000135,2026-05-28T13:06:15.223,2026-05-28T13:21:45.223,-930
multimetro,782,-0.004215279,,168.6988283999999,2026-05-28T13:06:15.439,2026-05-28T13:21:45.439,-930
multimetro,783,-0.004218221,,168.91379629999938,2026-05-28T13:06:15.649,2026-05-28T13:21:45.649,-930
multimetro,784,-0.004221173,,169.12882069999978,2026-05-28T13:06:15.870,2026-05-28T13:21:45.870,-930
multimetro,785,-0.004224377,,169.3439260999985,2026-05-28T13:06:16.085,2026-05-28T13:21:46.085,-930
multimetro,786,-0.004227602,,169.5592770000003,2026-05-28T13:06:16.299,2026-05-28T13:21:46.299,-930
multimetro,787,-0.004229633,,169.77420379999967,2026-05-28T13:06:16.506,2026-05-28T13:21:46.506,-930
multimetro,788,-0.004233318,,169.9893333,2026-05-28T13:06:16.723,2026-05-28T13:21:46.723,-930
multimetro,789,-0.004236407,,170.20460349999848,2026-05-28T13:06:16.944,2026-05-28T13:21:46.944,-930
multimetro,790,-0.004239757,,170.41977939999924,2026-05-28T13:06:17.156,2026-05-28T13:21:47.156,-930
multimetro,791,-0.004243516,,170.63492000000042,2026-05-28T13:06:17.375,2026-05-28T13:21:47.375,-930
multimetro,792,-0.00424628,,170.8500654999989,2026-05-28T13:06:17.589,2026-05-28T13:21:47.589,-930
multimetro,793,-0.004249609,,171.0652388999988,2026-05-28T13:06:17.806,2026-05-28T13:21:47.806,-930
multimetro,794,-0.004252907,,171.28021760000047,2026-05-28T13:06:18.018,2026-05-28T13:21:48.018,-930
multimetro,795,-0.004255776,,171.49541659999886,2026-05-28T13:06:18.233,2026-05-28T13:21:48.233,-930
multimetro,796,-0.004259063,,171.71048480000172,2026-05-28T13:06:18.451,2026-05-28T13:21:48.451,-930
multimetro,797,-0.004261639,,171.9256854999985,2026-05-28T13:06:18.666,2026-05-28T13:21:48.666,-930
multimetro,798,-0.00426457,,172.14070029999857,2026-05-28T13:06:18.875,2026-05-28T13:21:48.875,-930
multimetro,799,-0.004267826,,172.35600260000137,2026-05-28T13:06:19.089,2026-05-28T13:21:49.089,-930
multimetro,800,-0.004270255,,172.5709526999999,2026-05-28T13:06:19.306,2026-05-28T13:21:49.306,-930
multimetro,801,-0.0042737,,172.78614519999974,2026-05-28T13:06:19.523,2026-05-28T13:21:49.523,-930
multimetro,802,-0.004277092,,173.0015783000017,2026-05-28T13:06:19.741,2026-05-28T13:21:49.741,-930
multimetro,803,-0.004279825,,173.216507000001,2026-05-28T13:06:19.956,2026-05-28T13:21:49.956,-930
multimetro,804,-0.00428351,,173.4316800000015,2026-05-28T13:06:20.172,2026-05-28T13:21:50.172,-930
multimetro,805,-0.004285793,,173.6466416000003,2026-05-28T13:06:20.386,2026-05-28T13:21:50.386,-930
multimetro,806,-0.00428886,,173.86185439999826,2026-05-28T13:06:20.599,2026-05-28T13:21:50.599,-930
multimetro,807,-0.004292033,,174.0767108,2026-05-28T13:06:20.816,2026-05-28T13:21:50.816,-930
multimetro,808,-0.004294681,,174.29194859999916,2026-05-28T13:06:21.031,2026-05-28T13:21:51.031,-930
multimetro,809,-0.004297948,,174.50698380000176,2026-05-28T13:06:21.243,2026-05-28T13:21:51.243,-930
multimetro,810,-0.004300356,,174.722090700001,2026-05-28T13:06:21.463,2026-05-28T13:21:51.463,-930
multimetro,811,-0.004302733,,174.93721020000157,2026-05-28T13:06:21.676,2026-05-28T13:21:51.676,-930
multimetro,812,-0.004305298,,175.15248979999888,2026-05-28T13:06:21.893,2026-05-28T13:21:51.893,-930
multimetro,813,-0.004307988,,175.3677198000005,2026-05-28T13:06:22.106,2026-05-28T13:21:52.106,-930
multimetro,814,-0.004310334,,175.58282970000073,2026-05-28T13:06:22.322,2026-05-28T13:21:52.322,-930
multimetro,815,-0.004312428,,175.79818130000058,2026-05-28T13:06:22.539,2026-05-28T13:21:52.539,-930
multimetro,816,-0.004315275,,176.01325789999828,2026-05-28T13:06:22.753,2026-05-28T13:21:52.753,-930
multimetro,817,-0.004318458,,176.24174259999927,2026-05-28T13:06:22.982,2026-05-28T13:21:52.982,-930
multimetro,818,-0.004321693,,176.45712560000175,2026-05-28T13:06:23.189,2026-05-28T13:21:53.189,-930
multimetro,819,-0.004324101,,176.67223179999928,2026-05-28T13:06:23.406,2026-05-28T13:21:53.406,-930
multimetro,820,-0.004327588,,176.88747280000098,2026-05-28T13:06:23.623,2026-05-28T13:21:53.623,-930
multimetro,821,-0.004330038,,177.10241060000044,2026-05-28T13:06:23.839,2026-05-28T13:21:53.839,-930
multimetro,822,-0.00433299,,177.31763389999833,2026-05-28T13:06:24.056,2026-05-28T13:21:54.056,-930
multimetro,823,-0.004336414,,177.53266870000152,2026-05-28T13:06:24.273,2026-05-28T13:21:54.273,-930
multimetro,824,-0.004339188,,177.74788959999933,2026-05-28T13:06:24.483,2026-05-28T13:21:54.483,-930
multimetro,825,-0.004342371,,177.9628702000009,2026-05-28T13:06:24.699,2026-05-28T13:21:54.699,-930
multimetro,826,-0.004345407,,178.17791980000038,2026-05-28T13:06:24.918,2026-05-28T13:21:54.918,-930
multimetro,827,-0.00434948,,178.39297459999943,2026-05-28T13:06:25.133,2026-05-28T13:21:55.133,-930
multimetro,828,-0.004353741,,178.60822159999952,2026-05-28T13:06:25.339,2026-05-28T13:21:55.339,-930
multimetro,829,-0.004357709,,178.8235816000015,2026-05-28T13:06:25.556,2026-05-28T13:21:55.556,-930
multimetro,830,-0.004361489,,179.03865510000105,2026-05-28T13:06:25.773,2026-05-28T13:21:55.773,-930
multimetro,831,-0.004364682,,179.2538514000007,2026-05-28T13:06:25.989,2026-05-28T13:21:55.989,-930
multimetro,832,-0.004367582,,179.4688477999989,2026-05-28T13:06:26.206,2026-05-28T13:21:56.206,-930
multimetro,833,-0.004371016,,179.68401299999823,2026-05-28T13:06:26.425,2026-05-28T13:21:56.425,-930
multimetro,834,-0.004373969,,179.89907269999821,2026-05-28T13:06:26.640,2026-05-28T13:21:56.640,-930
multimetro,835,-0.004377235,,180.11419920000117,2026-05-28T13:06:26.849,2026-05-28T13:21:56.849,-930
multimetro,836,-0.004379644,,180.32927669999845,2026-05-28T13:06:27.066,2026-05-28T13:21:57.066,-930
multimetro,837,-0.004382502,,180.54431580000164,2026-05-28T13:06:27.283,2026-05-28T13:21:57.283,-930
multimetro,838,-0.004386564,,180.7593425999985,2026-05-28T13:06:27.494,2026-05-28T13:21:57.494,-930
multimetro,839,-0.004390291,,180.97428959999888,2026-05-28T13:06:27.714,2026-05-28T13:21:57.714,-930
multimetro,840,-0.0043945,,181.18924909999987,2026-05-28T13:06:27.930,2026-05-28T13:21:57.930,-930
multimetro,841,-0.004397756,,181.40447190000123,2026-05-28T13:06:28.143,2026-05-28T13:21:58.143,-930
multimetro,842,-0.004400792,,181.61980050000057,2026-05-28T13:06:28.360,2026-05-28T13:21:58.360,-930
multimetro,843,-0.004405399,,181.83472899999833,2026-05-28T13:06:28.575,2026-05-28T13:21:58.575,-930
multimetro,844,-0.004408802,,182.04980889999933,2026-05-28T13:06:28.789,2026-05-28T13:21:58.789,-930
multimetro,845,-0.004411691,,182.26498390000052,2026-05-28T13:06:29.005,2026-05-28T13:21:59.005,-930
multimetro,846,-0.004415115,,182.48048270000072,2026-05-28T13:06:29.220,2026-05-28T13:21:59.220,-930
multimetro,847,-0.004418151,,182.6955514000001,2026-05-28T13:06:29.436,2026-05-28T13:21:59.436,-930
multimetro,848,-0.004421868,,182.91063249999934,2026-05-28T13:06:29.649,2026-05-28T13:21:59.649,-930
multimetro,849,-0.004426496,,183.12595520000104,2026-05-28T13:06:29.866,2026-05-28T13:21:59.866,-930
multimetro,850,-0.00442949,,183.34112559999994,2026-05-28T13:06:30.073,2026-05-28T13:22:00.073,-930
multimetro,851,-0.004433678,,183.55623009999908,2026-05-28T13:06:30.289,2026-05-28T13:22:00.289,-930
multimetro,852,-0.004437395,,183.77128639999864,2026-05-28T13:06:30.512,2026-05-28T13:22:00.512,-930
multimetro,853,-0.004440054,,183.98652120000042,2026-05-28T13:06:30.723,2026-05-28T13:22:00.723,-930
multimetro,854,-0.004444525,,184.20155700000032,2026-05-28T13:06:30.939,2026-05-28T13:22:00.939,-930
multimetro,855,-0.004448378,,184.41692350000085,2026-05-28T13:06:31.156,2026-05-28T13:22:01.156,-930
multimetro,856,-0.004451518,,184.6318132000015,2026-05-28T13:06:31.372,2026-05-28T13:22:01.372,-930
multimetro,857,-0.004453298,,184.84696189999886,2026-05-28T13:06:31.583,2026-05-28T13:22:01.583,-930
multimetro,858,-0.004454586,,185.06208010000046,2026-05-28T13:06:31.799,2026-05-28T13:22:01.799,-930
multimetro,859,-0.00445712,,185.2771673999996,2026-05-28T13:06:32.016,2026-05-28T13:22:02.016,-930
multimetro,860,-0.004458533,,185.49229209999976,2026-05-28T13:06:32.233,2026-05-28T13:22:02.233,-930
multimetro,861,-0.004460512,,185.70735309999873,2026-05-28T13:06:32.439,2026-05-28T13:22:02.439,-930
multimetro,862,-0.004463004,,185.92254889999822,2026-05-28T13:06:32.656,2026-05-28T13:22:02.656,-930
multimetro,863,-0.004465056,,186.13774879999983,2026-05-28T13:06:32.875,2026-05-28T13:22:02.875,-930
multimetro,864,-0.004467087,,186.352949600001,2026-05-28T13:06:33.089,2026-05-28T13:22:03.089,-930
multimetro,865,-0.004469348,,186.56800099999964,2026-05-28T13:06:33.306,2026-05-28T13:22:03.306,-930
multimetro,866,-0.00446916,,186.78322069999922,2026-05-28T13:06:33.522,2026-05-28T13:22:03.522,-930
multimetro,867,-0.004471495,,186.99824829999852,2026-05-28T13:06:33.739,2026-05-28T13:22:03.739,-930
multimetro,868,-0.004473547,,187.2136516999999,2026-05-28T13:06:33.949,2026-05-28T13:22:03.949,-930
multimetro,869,-0.004476175,,187.42877399999998,2026-05-28T13:06:34.170,2026-05-28T13:22:04.170,-930
multimetro,870,-0.004478918,,187.64415569999983,2026-05-28T13:06:34.384,2026-05-28T13:22:04.384,-930
multimetro,871,-0.004481692,,187.85929179999948,2026-05-28T13:06:34.599,2026-05-28T13:22:04.599,-930
multimetro,872,-0.004484289,,188.07444649999888,2026-05-28T13:06:34.806,2026-05-28T13:22:04.806,-930
multimetro,873,-0.004486467,,188.28953879999972,2026-05-28T13:06:35.028,2026-05-28T13:22:05.028,-930
multimetro,874,-0.004488351,,188.50459989999945,2026-05-28T13:06:35.241,2026-05-28T13:22:05.241,-930
multimetro,875,-0.004491042,,188.71966990000146,2026-05-28T13:06:35.458,2026-05-28T13:22:05.458,-930
multimetro,876,-0.004492968,,188.93487219999952,2026-05-28T13:06:35.673,2026-05-28T13:22:05.673,-930
multimetro,877,-0.004495272,,189.14993980000145,2026-05-28T13:06:35.891,2026-05-28T13:22:05.891,-930
multimetro,878,-0.004497596,,189.36500069999965,2026-05-28T13:06:36.106,2026-05-28T13:22:06.106,-930
multimetro,879,-0.004499313,,189.58016439999847,2026-05-28T13:06:36.316,2026-05-28T13:22:06.316,-930
multimetro,880,-0.004501836,,189.79517660000056,2026-05-28T13:06:36.536,2026-05-28T13:22:06.536,-930
multimetro,881,-0.004504087,,190.01048169999922,2026-05-28T13:06:36.749,2026-05-28T13:22:06.749,-930
multimetro,882,-0.004506359,,190.22552050000013,2026-05-28T13:06:36.966,2026-05-28T13:22:06.966,-930
multimetro,883,-0.004509322,,190.44086379999862,2026-05-28T13:06:37.173,2026-05-28T13:22:07.173,-930
multimetro,884,-0.004509877,,190.65609720000066,2026-05-28T13:06:37.389,2026-05-28T13:22:07.389,-930
multimetro,885,-0.004512463,,190.8712024000015,2026-05-28T13:06:37.606,2026-05-28T13:22:07.606,-930
multimetro,886,-0.004513866,,191.08640820000073,2026-05-28T13:06:37.822,2026-05-28T13:22:07.822,-930
multimetro,887,-0.004515625,,191.30135510000036,2026-05-28T13:06:38.042,2026-05-28T13:22:08.042,-930
multimetro,888,-0.004518043,,191.51647909999883,2026-05-28T13:06:38.256,2026-05-28T13:22:08.256,-930
multimetro,889,-0.004520745,,191.73148980000042,2026-05-28T13:06:38.472,2026-05-28T13:22:08.472,-930
multimetro,890,-0.004524074,,191.94667649999974,2026-05-28T13:06:38.683,2026-05-28T13:22:08.683,-930
multimetro,891,-0.004526503,,192.16173219999837,2026-05-28T13:06:38.903,2026-05-28T13:22:08.903,-930
multimetro,892,-0.004528052,,192.37685019999844,2026-05-28T13:06:39.116,2026-05-28T13:22:09.116,-930
multimetro,893,-0.004530827,,192.59193790000063,2026-05-28T13:06:39.332,2026-05-28T13:22:09.332,-930
multimetro,894,-0.004532931,,192.80709470000147,2026-05-28T13:06:39.543,2026-05-28T13:22:09.543,-930
multimetro,895,-0.004534669,,193.02227340000172,2026-05-28T13:06:39.763,2026-05-28T13:22:09.763,-930
multimetro,896,-0.004537255,,193.2375362999992,2026-05-28T13:06:39.976,2026-05-28T13:22:09.976,-930
multimetro,897,-0.004539182,,193.45271180000054,2026-05-28T13:06:40.193,2026-05-28T13:22:10.193,-930
multimetro,898,-0.004541066,,193.66769270000077,2026-05-28T13:06:40.406,2026-05-28T13:22:10.406,-930
multimetro,899,-0.004542386,,193.88293429999976,2026-05-28T13:06:40.623,2026-05-28T13:22:10.623,-930
multimetro,900,-0.004544877,,194.09787710000091,2026-05-28T13:06:40.839,2026-05-28T13:22:10.839,-930
multimetro,901,-0.004547893,,194.31299539999964,2026-05-28T13:06:41.053,2026-05-28T13:22:11.053,-930
multimetro,902,-0.004549714,,194.52812489999997,2026-05-28T13:06:41.260,2026-05-28T13:22:11.260,-930
multimetro,903,-0.004552332,,194.74324519999936,2026-05-28T13:06:41.481,2026-05-28T13:22:11.481,-930
multimetro,904,-0.004555389,,194.95844809999835,2026-05-28T13:06:41.693,2026-05-28T13:22:11.693,-930
multimetro,905,-0.004556101,,195.17364269999962,2026-05-28T13:06:41.906,2026-05-28T13:22:11.906,-930
multimetro,906,-0.004558656,,195.3888450000013,2026-05-28T13:06:42.122,2026-05-28T13:22:12.122,-930
multimetro,907,-0.004561262,,195.60385120000137,2026-05-28T13:06:42.345,2026-05-28T13:22:12.345,-930
multimetro,908,-0.004564184,,195.81903059999968,2026-05-28T13:06:42.556,2026-05-28T13:22:12.556,-930
multimetro,909,-0.004566864,,196.03426229999968,2026-05-28T13:06:42.773,2026-05-28T13:22:12.773,-930
multimetro,910,-0.004569282,,196.24947220000104,2026-05-28T13:06:42.989,2026-05-28T13:22:12.989,-930
multimetro,911,-0.00457234,,196.4644616000005,2026-05-28T13:06:43.205,2026-05-28T13:22:13.205,-930
multimetro,912,-0.004575104,,196.67992349999986,2026-05-28T13:06:43.416,2026-05-28T13:22:13.416,-930
multimetro,913,-0.004577752,,196.89505700000154,2026-05-28T13:06:43.633,2026-05-28T13:22:13.633,-930
multimetro,914,-0.004582202,,197.1100187000011,2026-05-28T13:06:43.849,2026-05-28T13:22:13.849,-930
multimetro,915,-0.004585332,,197.32516390000092,2026-05-28T13:06:44.066,2026-05-28T13:22:14.066,-930
multimetro,916,-0.0045884,,197.54015280000021,2026-05-28T13:06:44.273,2026-05-28T13:22:14.273,-930
multimetro,917,-0.004591625,,197.7553341999992,2026-05-28T13:06:44.489,2026-05-28T13:22:14.489,-930
multimetro,918,-0.004594378,,197.97027940000044,2026-05-28T13:06:44.706,2026-05-28T13:22:14.706,-930
multimetro,919,-0.004597477,,198.18549690000145,2026-05-28T13:06:44.923,2026-05-28T13:22:14.923,-930
multimetro,920,-0.004600022,,198.40055470000152,2026-05-28T13:06:45.139,2026-05-28T13:22:15.139,-930
multimetro,921,-0.00460377,,198.6156658,2026-05-28T13:06:45.356,2026-05-28T13:22:15.356,-930
multimetro,922,-0.004606848,,198.83091240000067,2026-05-28T13:06:45.566,2026-05-28T13:22:15.566,-930
multimetro,923,-0.004609109,,199.04612540000016,2026-05-28T13:06:45.782,2026-05-28T13:22:15.782,-930
multimetro,924,-0.004611517,,199.26101049999852,2026-05-28T13:06:45.999,2026-05-28T13:22:15.999,-930
multimetro,925,-0.00461336,,199.4763094000009,2026-05-28T13:06:46.216,2026-05-28T13:22:16.216,-930
multimetro,926,-0.004614857,,199.6915555000014,2026-05-28T13:06:46.422,2026-05-28T13:22:16.422,-930
multimetro,927,-0.004617098,,199.90664280000055,2026-05-28T13:06:46.639,2026-05-28T13:22:16.639,-930
multimetro,928,-0.00461848,,200.12186479999946,2026-05-28T13:06:46.856,2026-05-28T13:22:16.856,-930
multimetro,929,-0.004619255,,200.33680159999858,2026-05-28T13:06:47.073,2026-05-28T13:22:17.073,-930
multimetro,930,-0.004620312,,200.5520347999991,2026-05-28T13:06:47.289,2026-05-28T13:22:17.289,-930
multimetro,931,-0.004622217,,200.76698709999982,2026-05-28T13:06:47.506,2026-05-28T13:22:17.506,-930
multimetro,932,-0.004624406,,200.98208019999947,2026-05-28T13:06:47.722,2026-05-28T13:22:17.722,-930
multimetro,933,-0.004625107,,201.1971674999986,2026-05-28T13:06:47.933,2026-05-28T13:22:17.933,-930
multimetro,934,-0.004627463,,201.41229770000064,2026-05-28T13:06:48.149,2026-05-28T13:22:18.149,-930
multimetro,935,-0.004630447,,201.62744979999843,2026-05-28T13:06:48.368,2026-05-28T13:22:18.368,-930
multimetro,936,-0.00463275,,201.84250360000078,2026-05-28T13:06:48.583,2026-05-28T13:22:18.583,-930
multimetro,937,-0.004635954,,202.05768589999934,2026-05-28T13:06:48.794,2026-05-28T13:22:18.794,-930
multimetro,938,-0.004639388,,202.27294279999842,2026-05-28T13:06:49.006,2026-05-28T13:22:19.006,-930
multimetro,939,-0.004642539,,202.48812929999985,2026-05-28T13:06:49.226,2026-05-28T13:22:19.226,-930
multimetro,940,-0.004645952,,202.7031246000006,2026-05-28T13:06:49.443,2026-05-28T13:22:19.443,-930
multimetro,941,-0.004648193,,202.91820329999973,2026-05-28T13:06:49.658,2026-05-28T13:22:19.658,-930
multimetro,942,-0.004650475,,203.13333620000049,2026-05-28T13:06:49.874,2026-05-28T13:22:19.874,-930
multimetro,943,-0.004652569,,203.34845789999963,2026-05-28T13:06:50.089,2026-05-28T13:22:20.089,-930
multimetro,944,-0.004654422,,203.56351089999953,2026-05-28T13:06:50.301,2026-05-28T13:22:20.301,-930
multimetro,945,-0.004657668,,203.7786625000008,2026-05-28T13:06:50.516,2026-05-28T13:22:20.516,-930
multimetro,946,-0.004659825,,203.993654599999,2026-05-28T13:06:50.733,2026-05-28T13:22:20.733,-930
multimetro,947,-0.004662537,,204.2088995999984,2026-05-28T13:06:50.948,2026-05-28T13:22:20.948,-930
multimetro,948,-0.00466528,,204.42422989999977,2026-05-28T13:06:51.164,2026-05-28T13:22:21.164,-930
multimetro,949,-0.004667667,,204.63933149999866,2026-05-28T13:06:51.376,2026-05-28T13:22:21.376,-930
multimetro,950,-0.004669855,,204.8545301999984,2026-05-28T13:06:51.593,2026-05-28T13:22:21.593,-930
multimetro,951,-0.004672389,,205.06960189999882,2026-05-28T13:06:51.810,2026-05-28T13:22:21.810,-930
multimetro,952,-0.004674891,,205.28466839999965,2026-05-28T13:06:52.025,2026-05-28T13:22:22.025,-930
multimetro,953,-0.004677582,,205.4997618999987,2026-05-28T13:06:52.240,2026-05-28T13:22:22.240,-930
multimetro,954,-0.004680209,,205.7147585999992,2026-05-28T13:06:52.455,2026-05-28T13:22:22.455,-930
multimetro,955,-0.004682597,,205.9299069000008,2026-05-28T13:06:52.666,2026-05-28T13:22:22.666,-930
multimetro,956,-0.004685151,,206.14497810000103,2026-05-28T13:06:52.886,2026-05-28T13:22:22.886,-930
multimetro,957,-0.004687633,,206.36005579999983,2026-05-28T13:06:53.099,2026-05-28T13:22:23.099,-930
multimetro,958,-0.004689831,,206.57518899999923,2026-05-28T13:06:53.316,2026-05-28T13:22:23.316,-930
multimetro,959,-0.004691747,,206.79042960000152,2026-05-28T13:06:53.526,2026-05-28T13:22:23.526,-930
multimetro,960,-0.004694166,,207.00563429999966,2026-05-28T13:06:53.744,2026-05-28T13:22:23.744,-930
multimetro,961,-0.004697118,,207.22087530000135,2026-05-28T13:06:53.960,2026-05-28T13:22:23.960,-930
multimetro,962,-0.004699882,,207.4358632000003,2026-05-28T13:06:54.176,2026-05-28T13:22:24.176,-930
multimetro,963,-0.004702751,,207.65105340000082,2026-05-28T13:06:54.392,2026-05-28T13:22:24.392,-930
multimetro,964,-0.004705337,,207.86629529999846,2026-05-28T13:06:54.607,2026-05-28T13:22:24.607,-930
multimetro,965,-0.004707096,,208.08147779999854,2026-05-28T13:06:54.822,2026-05-28T13:22:24.822,-930
multimetro,966,-0.004709075,,208.2966512999992,2026-05-28T13:06:55.037,2026-05-28T13:22:25.037,-930
multimetro,967,-0.004710666,,208.51190869999846,2026-05-28T13:06:55.244,2026-05-28T13:22:25.244,-930
multimetro,968,-0.004713043,,208.7269989999986,2026-05-28T13:06:55.460,2026-05-28T13:22:25.460,-930
multimetro,969,-0.004716037,,208.9419553000007,2026-05-28T13:06:55.676,2026-05-28T13:22:25.676,-930
multimetro,970,-0.004718435,,209.15715819999969,2026-05-28T13:06:55.889,2026-05-28T13:22:25.889,-930
multimetro,971,-0.004720822,,209.3721114,2026-05-28T13:06:56.108,2026-05-28T13:22:26.108,-930
multimetro,972,-0.004723272,,209.58733850000135,2026-05-28T13:06:56.322,2026-05-28T13:22:26.322,-930
multimetro,973,-0.004725146,,209.8022615000009,2026-05-28T13:06:56.541,2026-05-28T13:22:26.541,-930
multimetro,974,-0.004727847,,210.01759999999922,2026-05-28T13:06:56.756,2026-05-28T13:22:26.756,-930
multimetro,975,-0.004730171,,210.23251359999995,2026-05-28T13:06:56.973,2026-05-28T13:22:26.973,-930
multimetro,976,-0.004733469,,210.44775189999928,2026-05-28T13:06:57.185,2026-05-28T13:22:27.185,-930
multimetro,977,-0.004737102,,210.6627910999996,2026-05-28T13:06:57.399,2026-05-28T13:22:27.399,-930
multimetro,978,-0.004739165,,210.87779149999915,2026-05-28T13:06:57.616,2026-05-28T13:22:27.616,-930
multimetro,979,-0.004741583,,211.09274229999937,2026-05-28T13:06:57.833,2026-05-28T13:22:27.833,-930
multimetro,980,-0.004743813,,211.30780819999927,2026-05-28T13:06:58.039,2026-05-28T13:22:28.039,-930
multimetro,981,-0.004747394,,211.52272380000068,2026-05-28T13:06:58.256,2026-05-28T13:22:28.256,-930
multimetro,982,-0.004750074,,211.73782230000143,2026-05-28T13:06:58.473,2026-05-28T13:22:28.473,-930
multimetro,983,-0.004753226,,211.95301879999897,2026-05-28T13:06:58.689,2026-05-28T13:22:28.689,-930
multimetro,984,-0.004755759,,212.16811510000116,2026-05-28T13:06:58.906,2026-05-28T13:22:28.906,-930
multimetro,985,-0.004759863,,212.38327840000056,2026-05-28T13:06:59.122,2026-05-28T13:22:29.122,-930
multimetro,986,-0.0047638,,212.59834939999928,2026-05-28T13:06:59.339,2026-05-28T13:22:29.339,-930
multimetro,987,-0.004768846,,212.8137037000015,2026-05-28T13:06:59.549,2026-05-28T13:22:29.549,-930
multimetro,988,-0.004773746,,213.0286268000018,2026-05-28T13:06:59.765,2026-05-28T13:22:29.765,-930
multimetro,989,-0.004776552,,213.2437428000012,2026-05-28T13:06:59.984,2026-05-28T13:22:29.984,-930
multimetro,990,-0.00477896,,213.45872980000058,2026-05-28T13:07:00.199,2026-05-28T13:22:30.199,-930
multimetro,991,-0.004780583,,213.67387360000066,2026-05-28T13:07:00.406,2026-05-28T13:22:30.406,-930
multimetro,992,-0.004781463,,213.88896079999904,2026-05-28T13:07:00.622,2026-05-28T13:22:30.622,-930
multimetro,993,-0.004782803,,214.10409069999878,2026-05-28T13:07:00.839,2026-05-28T13:22:30.839,-930
multimetro,994,-0.004784132,,214.31926920000114,2026-05-28T13:07:01.056,2026-05-28T13:22:31.056,-930
multimetro,995,-0.004785064,,214.53421510000044,2026-05-28T13:07:01.272,2026-05-28T13:22:31.272,-930
multimetro,996,-0.004785797,,214.74940680000145,2026-05-28T13:07:01.489,2026-05-28T13:22:31.489,-930
multimetro,997,-0.004787127,,214.96439829999872,2026-05-28T13:07:01.699,2026-05-28T13:22:31.699,-930
multimetro,998,-0.004789629,,215.17982610000035,2026-05-28T13:07:01.916,2026-05-28T13:22:31.916,-930
multimetro,999,-0.004790864,,215.3949130000001,2026-05-28T13:07:02.133,2026-05-28T13:22:32.133,-930
multimetro,1000,-0.004793168,,215.60998879999897,2026-05-28T13:07:02.349,2026-05-28T13:22:32.349,-930
multimetro,1001,-0.004795984,,215.8255281999991,2026-05-28T13:07:02.566,2026-05-28T13:22:32.566,-930
multimetro,1002,-0.0047979,,216.04063049999968,2026-05-28T13:07:02.772,2026-05-28T13:22:32.772,-930
multimetro,1003,-0.004799533,,216.25558470000033,2026-05-28T13:07:02.989,2026-05-28T13:22:32.989,-930
multimetro,1004,-0.004800538,,216.47065949999887,2026-05-28T13:07:03.210,2026-05-28T13:22:33.210,-930
multimetro,1005,-0.004800099,,216.68594759999905,2026-05-28T13:07:03.426,2026-05-28T13:22:33.426,-930
multimetro,1006,-0.004800863,,216.90101700000014,2026-05-28T13:07:03.642,2026-05-28T13:22:33.642,-930
multimetro,1007,-0.004801502,,217.11611289999928,2026-05-28T13:07:03.856,2026-05-28T13:22:33.856,-930
multimetro,1008,-0.004802025,,217.33118520000062,2026-05-28T13:07:04.072,2026-05-28T13:22:34.072,-930
multimetro,1009,-0.004803407,,217.5463701000008,2026-05-28T13:07:04.283,2026-05-28T13:22:34.283,-930
multimetro,1010,-0.004805553,,217.76145420000103,2026-05-28T13:07:04.493,2026-05-28T13:22:34.493,-930
multimetro,1011,-0.004808433,,217.97655840000152,2026-05-28T13:07:04.710,2026-05-28T13:22:34.710,-930
multimetro,1012,-0.004811019,,218.1916749000011,2026-05-28T13:07:04.932,2026-05-28T13:22:34.932,-930
multimetro,1013,-0.004814139,,218.40699799999857,2026-05-28T13:07:05.143,2026-05-28T13:22:35.143,-930
multimetro,1014,-0.004816651,,218.62199500000133,2026-05-28T13:07:05.356,2026-05-28T13:22:35.356,-930
multimetro,1015,-0.004819185,,218.83717289999913,2026-05-28T13:07:05.572,2026-05-28T13:22:35.572,-930
multimetro,1016,-0.004821112,,219.0522794999997,2026-05-28T13:07:05.789,2026-05-28T13:22:35.789,-930
multimetro,1017,-0.004822399,,219.26735479999843,2026-05-28T13:07:06.006,2026-05-28T13:22:36.006,-930
multimetro,1018,-0.004823436,,219.48251249999885,2026-05-28T13:07:06.222,2026-05-28T13:22:36.222,-930
multimetro,1019,-0.004824608,,219.6976821999997,2026-05-28T13:07:06.438,2026-05-28T13:22:36.438,-930
multimetro,1020,-0.004825969,,219.9127632000018,2026-05-28T13:07:06.653,2026-05-28T13:22:36.653,-930
multimetro,1021,-0.004826462,,220.12790559999848,2026-05-28T13:07:06.860,2026-05-28T13:22:36.860,-930
multimetro,1022,-0.004826891,,220.3431117,2026-05-28T13:07:07.082,2026-05-28T13:22:37.082,-930
multimetro,1023,-0.004828891,,220.55811220000032,2026-05-28T13:07:07.289,2026-05-28T13:22:37.289,-930
multimetro,1024,-0.004831309,,220.77335310000126,2026-05-28T13:07:07.506,2026-05-28T13:22:37.506,-930
multimetro,1025,-0.004833162,,220.98829750000004,2026-05-28T13:07:07.723,2026-05-28T13:22:37.723,-930
multimetro,1026,-0.004835497,,221.20358810000107,2026-05-28T13:07:07.941,2026-05-28T13:22:37.941,-930
multimetro,1027,-0.004838669,,221.41878459999862,2026-05-28T13:07:08.156,2026-05-28T13:22:38.156,-930
multimetro,1028,-0.004841747,,221.63389910000114,2026-05-28T13:07:08.375,2026-05-28T13:22:38.375,-930
multimetro,1029,-0.004844333,,221.84908899999937,2026-05-28T13:07:08.589,2026-05-28T13:22:38.589,-930
multimetro,1030,-0.004847621,,222.0640620999984,2026-05-28T13:07:08.799,2026-05-28T13:22:38.799,-930
multimetro,1031,-0.004850919,,222.27907960000084,2026-05-28T13:07:09.019,2026-05-28T13:22:39.019,-930
multimetro,1032,-0.004853411,,222.49409279999963,2026-05-28T13:07:09.235,2026-05-28T13:22:39.235,-930
multimetro,1033,-0.004855829,,222.70927110000048,2026-05-28T13:07:09.449,2026-05-28T13:22:39.449,-930
multimetro,1034,-0.004857976,,222.92440519999946,2026-05-28T13:07:09.656,2026-05-28T13:22:39.656,-930
multimetro,1035,-0.004860049,,223.13963779999904,2026-05-28T13:07:09.875,2026-05-28T13:22:39.875,-930
multimetro,1036,-0.004862425,,223.3546865999997,2026-05-28T13:07:10.089,2026-05-28T13:22:40.089,-930
multimetro,1037,-0.004865137,,223.5698115999985,2026-05-28T13:07:10.306,2026-05-28T13:22:40.306,-930
multimetro,1038,-0.004868037,,223.78500150000036,2026-05-28T13:07:10.523,2026-05-28T13:22:40.523,-930
multimetro,1039,-0.004870979,,224.00020629999926,2026-05-28T13:07:10.739,2026-05-28T13:22:40.739,-930
multimetro,1040,-0.00487345,,224.2153717000001,2026-05-28T13:07:10.955,2026-05-28T13:22:40.955,-930
multimetro,1041,-0.004876476,,224.4306042999997,2026-05-28T13:07:11.166,2026-05-28T13:22:41.166,-930
multimetro,1042,-0.004879763,,224.64572860000044,2026-05-28T13:07:11.384,2026-05-28T13:22:41.384,-930
multimetro,1043,-0.004881658,,224.86062110000057,2026-05-28T13:07:11.599,2026-05-28T13:22:41.599,-930
multimetro,1044,-0.004883229,,225.07567479999852,2026-05-28T13:07:11.815,2026-05-28T13:22:41.815,-930
multimetro,1045,-0.004884611,,225.29080500000055,2026-05-28T13:07:12.025,2026-05-28T13:22:42.025,-930
multimetro,1046,-0.004885993,,225.50592310000138,2026-05-28T13:07:12.241,2026-05-28T13:22:42.241,-930
multimetro,1047,-0.004887019,,225.72099180000077,2026-05-28T13:07:12.456,2026-05-28T13:22:42.456,-930
multimetro,1048,-0.00488838,,225.9360987,2026-05-28T13:07:12.673,2026-05-28T13:22:42.673,-930
multimetro,1049,-0.004889877,,226.1513288999995,2026-05-28T13:07:12.889,2026-05-28T13:22:42.889,-930
multimetro,1050,-0.004891406,,226.36650400000144,2026-05-28T13:07:13.106,2026-05-28T13:22:43.106,-930
multimetro,1051,-0.004893175,,226.58167289999983,2026-05-28T13:07:13.323,2026-05-28T13:22:43.323,-930
multimetro,1052,-0.004895185,,226.7970209999985,2026-05-28T13:07:13.533,2026-05-28T13:22:43.533,-930
multimetro,1053,-0.004896839,,227.01213220000136,2026-05-28T13:07:13.753,2026-05-28T13:22:43.753,-930
multimetro,1054,-0.004898598,,227.2271643999993,2026-05-28T13:07:13.966,2026-05-28T13:22:43.966,-930
multimetro,1055,-0.00490086,,227.44228840000142,2026-05-28T13:07:14.183,2026-05-28T13:22:44.183,-930
multimetro,1056,-0.004902922,,227.65729640000063,2026-05-28T13:07:14.389,2026-05-28T13:22:44.389,-930
multimetro,1057,-0.004905571,,227.87241820000054,2026-05-28T13:07:14.608,2026-05-28T13:22:44.608,-930
multimetro,1058,-0.004907236,,228.0874685000017,2026-05-28T13:07:14.822,2026-05-28T13:22:44.822,-930
multimetro,1059,-0.004909393,,228.30258709999907,2026-05-28T13:07:15.039,2026-05-28T13:22:45.039,-930
multimetro,1060,-0.004911204,,228.51778230000127,2026-05-28T13:07:15.256,2026-05-28T13:22:45.256,-930
multimetro,1061,-0.004913444,,228.73277869999947,2026-05-28T13:07:15.472,2026-05-28T13:22:45.472,-930
multimetro,1062,-0.004915287,,228.94790300000022,2026-05-28T13:07:15.689,2026-05-28T13:22:45.689,-930
multimetro,1063,-0.004917308,,229.1631121999999,2026-05-28T13:07:15.899,2026-05-28T13:22:45.899,-930
multimetro,1064,-0.00491936,,229.37821809999878,2026-05-28T13:07:16.115,2026-05-28T13:22:46.115,-930
multimetro,1065,-0.004921715,,229.59346749999895,2026-05-28T13:07:16.334,2026-05-28T13:22:46.334,-930
multimetro,1066,-0.004923694,,229.80877060000057,2026-05-28T13:07:16.549,2026-05-28T13:22:46.549,-930
multimetro,1067,-0.004925966,,230.02382370000123,2026-05-28T13:07:16.756,2026-05-28T13:22:46.756,-930
multimetro,1068,-0.004928081,,230.2389394999991,2026-05-28T13:07:16.973,2026-05-28T13:22:46.973,-930
multimetro,1069,-0.004930144,,230.45387380000102,2026-05-28T13:07:17.189,2026-05-28T13:22:47.189,-930
multimetro,1070,-0.004932227,,230.66899850000118,2026-05-28T13:07:17.406,2026-05-28T13:22:47.406,-930
multimetro,1071,-0.004933536,,230.88420609999957,2026-05-28T13:07:17.623,2026-05-28T13:22:47.623,-930
multimetro,1072,-0.00493653,,231.0993735000011,2026-05-28T13:07:17.840,2026-05-28T13:22:47.840,-930
multimetro,1073,-0.004938509,,231.31445990000066,2026-05-28T13:07:18.049,2026-05-28T13:22:48.049,-930
multimetro,1074,-0.004941472,,231.5296899999994,2026-05-28T13:07:18.266,2026-05-28T13:22:48.266,-930
multimetro,1075,-0.004943828,,231.74469060000047,2026-05-28T13:07:18.485,2026-05-28T13:22:48.485,-930
multimetro,1076,-0.004946445,,231.9598702000003,2026-05-28T13:07:18.693,2026-05-28T13:22:48.693,-930
multimetro,1077,-0.004948748,,232.1749923999996,2026-05-28T13:07:18.908,2026-05-28T13:22:48.908,-930
multimetro,1078,-0.004951397,,232.3902280000002,2026-05-28T13:07:19.129,2026-05-28T13:22:49.129,-930
multimetro,1079,-0.004954046,,232.60536539999885,2026-05-28T13:07:19.339,2026-05-28T13:22:49.339,-930
multimetro,1080,-0.004956318,,232.82045089999883,2026-05-28T13:07:19.556,2026-05-28T13:22:49.556,-930
multimetro,1081,-0.004958873,,233.03554290000102,2026-05-28T13:07:19.773,2026-05-28T13:22:49.773,-930
multimetro,1082,-0.004961605,,233.2507399999995,2026-05-28T13:07:19.989,2026-05-28T13:22:49.989,-930
multimetro,1083,-0.004964579,,233.46600509999917,2026-05-28T13:07:20.206,2026-05-28T13:22:50.206,-930
multimetro,1084,-0.004969814,,233.68123120000018,2026-05-28T13:07:20.422,2026-05-28T13:22:50.422,-930
multimetro,1085,-0.004973656,,233.89614979999897,2026-05-28T13:07:20.636,2026-05-28T13:22:50.636,-930
multimetro,1086,-0.004976661,,234.11115900000004,2026-05-28T13:07:20.849,2026-05-28T13:22:50.849,-930
multimetro,1087,-0.004978849,,234.32611840000027,2026-05-28T13:07:21.066,2026-05-28T13:22:51.066,-930
multimetro,1088,-0.004980472,,234.54132110000137,2026-05-28T13:07:21.272,2026-05-28T13:22:51.272,-930
multimetro,1089,-0.004982587,,234.7564186999989,2026-05-28T13:07:21.489,2026-05-28T13:22:51.489,-930
multimetro,1090,-0.004984639,,234.97153610000169,2026-05-28T13:07:21.706,2026-05-28T13:22:51.706,-930
multimetro,1091,-0.004987005,,235.18661150000116,2026-05-28T13:07:21.922,2026-05-28T13:22:51.922,-930
multimetro,1092,-0.004989413,,235.4017316999998,2026-05-28T13:07:22.140,2026-05-28T13:22:52.140,-930
multimetro,1093,-0.004991434,,235.61708809999982,2026-05-28T13:07:22.356,2026-05-28T13:22:52.356,-930
multimetro,1094,-0.004993643,,235.832181400001,2026-05-28T13:07:22.573,2026-05-28T13:22:52.573,-930
multimetro,1095,-0.004995684,,236.04738599999837,2026-05-28T13:07:22.782,2026-05-28T13:22:52.782,-930
multimetro,1096,-0.004997862,,236.26261929999964,2026-05-28T13:07:22.999,2026-05-28T13:22:52.999,-930
multimetro,1097,-0.004999956,,236.47772049999912,2026-05-28T13:07:23.219,2026-05-28T13:22:53.219,-930
multimetro,1098,-0.005002165,,236.6926663000013,2026-05-28T13:07:23.433,2026-05-28T13:22:53.433,-930
multimetro,1099,-0.005004395,,236.9077827000001,2026-05-28T13:07:23.649,2026-05-28T13:22:53.649,-930
multimetro,1100,-0.005006887,,237.1228727000016,2026-05-28T13:07:23.856,2026-05-28T13:22:53.856,-930
multimetro,1101,-0.005009839,,237.33787600000142,2026-05-28T13:07:24.072,2026-05-28T13:22:54.072,-930
multimetro,1102,-0.005012289,,237.55289229999835,2026-05-28T13:07:24.293,2026-05-28T13:22:54.293,-930
multimetro,1103,-0.005015022,,237.7678698000018,2026-05-28T13:07:24.508,2026-05-28T13:22:54.508,-930
multimetro,1104,-0.005019336,,237.98283559999982,2026-05-28T13:07:24.723,2026-05-28T13:22:54.723,-930
multimetro,1105,-0.005025167,,238.19793220000065,2026-05-28T13:07:24.939,2026-05-28T13:22:54.939,-930
multimetro,1106,-0.005032747,,238.41318450000108,2026-05-28T13:07:25.149,2026-05-28T13:22:55.149,-930
multimetro,1107,-0.005041448,,238.62833110000065,2026-05-28T13:07:25.369,2026-05-28T13:22:55.369,-930
multimetro,1108,-0.005047593,,238.8436436999982,2026-05-28T13:07:25.576,2026-05-28T13:22:55.576,-930
multimetro,1109,-0.005052828,,239.05874799999947,2026-05-28T13:07:25.793,2026-05-28T13:22:55.793,-930
multimetro,1110,-0.005060963,,239.27381980000064,2026-05-28T13:07:26.014,2026-05-28T13:22:56.014,-930
multimetro,1111,-0.005072302,,239.4888405999991,2026-05-28T13:07:26.226,2026-05-28T13:22:56.226,-930
multimetro,1112,-0.005073485,,239.7040952999996,2026-05-28T13:07:26.443,2026-05-28T13:22:56.443,-930
multimetro,1113,-0.005071506,,239.91901869999856,2026-05-28T13:07:26.660,2026-05-28T13:22:56.660,-930
multimetro,1114,-0.005072187,,240.13423989999865,2026-05-28T13:07:26.875,2026-05-28T13:22:56.875,-930
multimetro,1115,-0.0050727,,240.34920469999997,2026-05-28T13:07:27.090,2026-05-28T13:22:57.090,-930
multimetro,1116,-0.005071297,,240.56437659999938,2026-05-28T13:07:27.299,2026-05-28T13:22:57.299,-930
multimetro,1117,-0.005070355,,240.7796597000015,2026-05-28T13:07:27.520,2026-05-28T13:22:57.520,-930
multimetro,1118,-0.005070878,,240.99473330000183,2026-05-28T13:07:27.728,2026-05-28T13:22:57.728,-930
multimetro,1119,-0.00507247,,241.20992259999912,2026-05-28T13:07:27.950,2026-05-28T13:22:57.950,-930
multimetro,1120,-0.005074019,,241.4250476999987,2026-05-28T13:07:28.166,2026-05-28T13:22:58.166,-930
multimetro,1121,-0.005074459,,241.64016790000096,2026-05-28T13:07:28.374,2026-05-28T13:22:58.374,-930
multimetro,1122,-0.005074438,,241.855331499999,2026-05-28T13:07:28.589,2026-05-28T13:22:58.589,-930
multimetro,1123,-0.005073747,,242.07043970000086,2026-05-28T13:07:28.806,2026-05-28T13:22:58.806,-930
multimetro,1124,-0.005074145,,242.2853886999983,2026-05-28T13:07:29.023,2026-05-28T13:22:59.023,-930
multimetro,1125,-0.005075338,,242.50042570000005,2026-05-28T13:07:29.241,2026-05-28T13:22:59.241,-930
multimetro,1126,-0.005077254,,242.7154601000002,2026-05-28T13:07:29.456,2026-05-28T13:22:59.456,-930
multimetro,1127,-0.005079442,,242.93056849999994,2026-05-28T13:07:29.670,2026-05-28T13:22:59.670,-930
multimetro,1128,-0.005081809,,243.14556960000118,2026-05-28T13:07:29.886,2026-05-28T13:22:59.886,-930
multimetro,1129,-0.005085389,,243.3606112999987,2026-05-28T13:07:30.099,2026-05-28T13:23:00.099,-930
multimetro,1130,-0.005087871,,243.57576749999862,2026-05-28T13:07:30.316,2026-05-28T13:23:00.316,-930
multimetro,1131,-0.005089221,,243.79075889999876,2026-05-28T13:07:30.522,2026-05-28T13:23:00.522,-930
multimetro,1132,-0.005091064,,244.00598460000037,2026-05-28T13:07:30.741,2026-05-28T13:23:00.741,-930
multimetro,1133,-0.005095178,,244.22107980000146,2026-05-28T13:07:30.956,2026-05-28T13:23:00.956,-930
multimetro,1134,-0.005098654,,244.43629080000028,2026-05-28T13:07:31.172,2026-05-28T13:23:01.172,-930
multimetro,1135,-0.005100811,,244.65140560000145,2026-05-28T13:07:31.389,2026-05-28T13:23:01.389,-930
multimetro,1136,-0.005102958,,244.8664448999989,2026-05-28T13:07:31.606,2026-05-28T13:23:01.606,-930
multimetro,1137,-0.005104486,,245.08143049999853,2026-05-28T13:07:31.822,2026-05-28T13:23:01.822,-930
multimetro,1138,-0.005106863,,245.2966806000004,2026-05-28T13:07:32.036,2026-05-28T13:23:02.036,-930
multimetro,1139,-0.005110695,,245.51159859999825,2026-05-28T13:07:32.249,2026-05-28T13:23:02.249,-930
multimetro,1140,-0.005113794,,245.7267666000007,2026-05-28T13:07:32.468,2026-05-28T13:23:02.468,-930
multimetro,1141,-0.005120337,,245.9419397999991,2026-05-28T13:07:32.682,2026-05-28T13:23:02.682,-930
multimetro,1142,-0.005128232,,246.15704449999976,2026-05-28T13:07:32.892,2026-05-28T13:23:02.892,-930
multimetro,1143,-0.005135037,,246.37225190000026,2026-05-28T13:07:33.106,2026-05-28T13:23:03.106,-930
multimetro,1144,-0.005138324,,246.5873290999989,2026-05-28T13:07:33.322,2026-05-28T13:23:03.322,-930
multimetro,1145,-0.00514023,,246.8026710999984,2026-05-28T13:07:33.539,2026-05-28T13:23:03.539,-930
multimetro,1146,-0.005144512,,247.01761890000125,2026-05-28T13:07:33.756,2026-05-28T13:23:03.756,-930
multimetro,1147,-0.005149873,,247.23270100000082,2026-05-28T13:07:33.972,2026-05-28T13:23:03.972,-930
multimetro,1148,-0.0051487,,247.4479066999993,2026-05-28T13:07:34.189,2026-05-28T13:23:04.189,-930
multimetro,1149,-0.005148773,,247.66306370000166,2026-05-28T13:07:34.399,2026-05-28T13:23:04.399,-930
multimetro,1150,-0.005149255,,247.87798079999993,2026-05-28T13:07:34.616,2026-05-28T13:23:04.616,-930
multimetro,1151,-0.005152574,,248.0931074,2026-05-28T13:07:34.832,2026-05-28T13:23:04.832,-930
multimetro,1152,-0.005154668,,248.30832880000162,2026-05-28T13:07:35.049,2026-05-28T13:23:05.049,-930
multimetro,1153,-0.005153998,,248.52333,2026-05-28T13:07:35.256,2026-05-28T13:23:05.256,-930
multimetro,1154,-0.005153369,,248.73835260000124,2026-05-28T13:07:35.479,2026-05-28T13:23:05.479,-930
multimetro,1155,-0.005153558,,248.95336429999952,2026-05-28T13:07:35.693,2026-05-28T13:23:05.693,-930
multimetro,1156,-0.005154416,,249.16853320000155,2026-05-28T13:07:35.909,2026-05-28T13:23:05.909,-930
multimetro,1157,-0.00515627,,249.3836287999984,2026-05-28T13:07:36.124,2026-05-28T13:23:06.124,-930
multimetro,1158,-0.005157128,,249.59885569999824,2026-05-28T13:07:36.340,2026-05-28T13:23:06.340,-930
multimetro,1159,-0.00515874,,249.81380060000083,2026-05-28T13:07:36.549,2026-05-28T13:23:06.549,-930
multimetro,1160,-0.00516297,,250.0289026999999,2026-05-28T13:07:36.765,2026-05-28T13:23:06.765,-930
multimetro,1161,-0.005184275,,250.24416030000066,2026-05-28T13:07:36.976,2026-05-28T13:23:06.976,-930
multimetro,1162,-0.005253417,,250.45926509999845,2026-05-28T13:07:37.193,2026-05-28T13:23:07.193,-930
multimetro,1163,-0.005275729,,250.68250679999983,2026-05-28T13:07:37.423,2026-05-28T13:23:07.423,-930
multimetro,1164,-0.005284366,,250.89780600000086,2026-05-28T13:07:37.639,2026-05-28T13:23:07.639,-930
multimetro,1165,-0.00528512,,251.11289279999983,2026-05-28T13:07:37.849,2026-05-28T13:23:07.849,-930
multimetro,1166,-0.005281361,,251.32776500000182,2026-05-28T13:07:38.069,2026-05-28T13:23:08.069,-930
multimetro,1167,-0.005277875,,251.54290749999927,2026-05-28T13:07:38.282,2026-05-28T13:23:08.282,-930
multimetro,1168,-0.005272965,,251.75804929999867,2026-05-28T13:07:38.489,2026-05-28T13:23:08.489,-930
multimetro,1169,-0.005257741,,251.9729714999994,2026-05-28T13:07:38.706,2026-05-28T13:23:08.706,-930
multimetro,1170,-0.005248476,,252.18820609999966,2026-05-28T13:07:38.922,2026-05-28T13:23:08.922,-930
multimetro,1171,-0.005240424,,252.40312389999963,2026-05-28T13:07:39.139,2026-05-28T13:23:09.139,-930
multimetro,1172,-0.005230782,,252.61834960000124,2026-05-28T13:07:39.356,2026-05-28T13:23:09.356,-930
multimetro,1173,-0.00522449,,252.8334145000008,2026-05-28T13:07:39.574,2026-05-28T13:23:09.574,-930
multimetro,1174,-0.005222008,,253.04851920000146,2026-05-28T13:07:39.789,2026-05-28T13:23:09.789,-930
multimetro,1175,-0.005242759,,253.26349610000034,2026-05-28T13:07:39.999,2026-05-28T13:23:09.999,-930
multimetro,1176,-0.005274671,,253.47866720000093,2026-05-28T13:07:40.219,2026-05-28T13:23:10.219,-930
multimetro,1177,-0.005268588,,253.69355079999877,2026-05-28T13:07:40.432,2026-05-28T13:23:10.432,-930
multimetro,1178,-0.005255951,,253.9087725999998,2026-05-28T13:07:40.641,2026-05-28T13:23:10.641,-930
multimetro,1179,-0.005247177,,254.1238345999991,2026-05-28T13:07:40.856,2026-05-28T13:23:10.856,-930
multimetro,1180,-0.005239618,,254.33898090000002,2026-05-28T13:07:41.072,2026-05-28T13:23:11.072,-930
multimetro,1181,-0.005234007,,254.5541430000012,2026-05-28T13:07:41.289,2026-05-28T13:23:11.289,-930
multimetro,1182,-0.005229703,,254.7690935999999,2026-05-28T13:07:41.506,2026-05-28T13:23:11.506,-930
multimetro,1183,-0.00522606,,254.98431509999864,2026-05-28T13:07:41.722,2026-05-28T13:23:11.722,-930
multimetro,1184,-0.005225987,,255.19927019999886,2026-05-28T13:07:41.939,2026-05-28T13:23:11.939,-930
multimetro,1185,-0.005237189,,255.41446409999844,2026-05-28T13:07:42.155,2026-05-28T13:23:12.155,-930
multimetro,1186,-0.005247083,,255.62956720000147,2026-05-28T13:07:42.366,2026-05-28T13:23:12.366,-930
multimetro,1187,-0.005246382,,255.84468679999918,2026-05-28T13:07:42.582,2026-05-28T13:23:12.582,-930
multimetro,1188,-0.005242183,,256.05958440000177,2026-05-28T13:07:42.799,2026-05-28T13:23:12.799,-930
multimetro,1189,-0.005246916,,256.2747367999982,2026-05-28T13:07:43.006,2026-05-28T13:23:13.006,-930
multimetro,1190,-0.005276283,,256.4898257999994,2026-05-28T13:07:43.222,2026-05-28T13:23:13.222,-930
multimetro,1191,-0.005278273,,256.70495160000064,2026-05-28T13:07:43.442,2026-05-28T13:23:13.442,-930
multimetro,1192,-0.005274043,,256.9200297999996,2026-05-28T13:07:43.656,2026-05-28T13:23:13.656,-930
multimetro,1193,-0.00526863,,257.1351637000007,2026-05-28T13:07:43.875,2026-05-28T13:23:13.875,-930
multimetro,1194,-0.005265426,,257.35027569999875,2026-05-28T13:07:44.091,2026-05-28T13:23:14.091,-930
multimetro,1195,-0.005262547,,257.56541930000094,2026-05-28T13:07:44.306,2026-05-28T13:23:14.306,-930
multimetro,1196,-0.005262181,,257.78061439999874,2026-05-28T13:07:44.516,2026-05-28T13:23:14.516,-930
multimetro,1197,-0.005278964,,257.9956921000012,2026-05-28T13:07:44.732,2026-05-28T13:23:14.732,-930
multimetro,1198,-0.005325313,,258.21075550000023,2026-05-28T13:07:44.950,2026-05-28T13:23:14.950,-930
multimetro,1199,-0.005339259,,258.426064700001,2026-05-28T13:07:45.161,2026-05-28T13:23:15.161,-930
multimetro,1200,-0.005345426,,258.6412339999988,2026-05-28T13:07:45.376,2026-05-28T13:23:15.376,-930
multimetro,1201,-0.005349467,,258.8561775999988,2026-05-28T13:07:45.593,2026-05-28T13:23:15.593,-930
multimetro,1202,-0.005351352,,259.07130269999834,2026-05-28T13:07:45.812,2026-05-28T13:23:15.812,-930
multimetro,1203,-0.005353749,,259.28639770000154,2026-05-28T13:07:46.026,2026-05-28T13:23:16.026,-930
multimetro,1204,-0.005358324,,259.50148289999925,2026-05-28T13:07:46.242,2026-05-28T13:23:16.242,-930
multimetro,1205,-0.005360733,,259.716561199999,2026-05-28T13:07:46.457,2026-05-28T13:23:16.457,-930
multimetro,1206,-0.005356409,,259.9314747999997,2026-05-28T13:07:46.672,2026-05-28T13:23:16.672,-930
multimetro,1207,-0.005352283,,260.14661360000173,2026-05-28T13:07:46.884,2026-05-28T13:23:16.884,-930
multimetro,1208,-0.005349854,,260.36163769999985,2026-05-28T13:07:47.102,2026-05-28T13:23:17.102,-930
multimetro,1209,-0.005348629,,260.5767807000011,2026-05-28T13:07:47.309,2026-05-28T13:23:17.309,-930
multimetro,1210,-0.005345468,,260.79186180000033,2026-05-28T13:07:47.530,2026-05-28T13:23:17.530,-930
multimetro,1211,-0.005341604,,261.0070673000009,2026-05-28T13:07:47.743,2026-05-28T13:23:17.743,-930
multimetro,1212,-0.005339646,,261.22215399999914,2026-05-28T13:07:47.962,2026-05-28T13:23:17.962,-930
multimetro,1213,-0.005336725,,261.437449699999,2026-05-28T13:07:48.178,2026-05-28T13:23:18.178,-930
multimetro,1214,-0.00533214,,261.6525167,2026-05-28T13:07:48.389,2026-05-28T13:23:18.389,-930
multimetro,1215,-0.005330475,,261.86763110000174,2026-05-28T13:07:48.606,2026-05-28T13:23:18.606,-930
multimetro,1216,-0.005328946,,262.08257759999833,2026-05-28T13:07:48.822,2026-05-28T13:23:18.822,-930
multimetro,1217,-0.00532657,,262.2977275999983,2026-05-28T13:07:49.039,2026-05-28T13:23:19.039,-930
multimetro,1218,-0.005324895,,262.5129425999985,2026-05-28T13:07:49.249,2026-05-28T13:23:19.249,-930
multimetro,1219,-0.005324172,,262.7280357999989,2026-05-28T13:07:49.466,2026-05-28T13:23:19.466,-930
multimetro,1220,-0.005357738,,262.9431631000007,2026-05-28T13:07:49.682,2026-05-28T13:23:19.682,-930
multimetro,1221,-0.005391775,,263.15831569999864,2026-05-28T13:07:49.899,2026-05-28T13:23:19.899,-930
multimetro,1222,-0.005399136,,263.3734837000011,2026-05-28T13:07:50.106,2026-05-28T13:23:20.106,-930
multimetro,1223,-0.005401669,,263.58845270000165,2026-05-28T13:07:50.322,2026-05-28T13:23:20.322,-930
multimetro,1224,-0.005403303,,263.8035904999997,2026-05-28T13:07:50.539,2026-05-28T13:23:20.539,-930
multimetro,1225,-0.005402025,,264.01878990000114,2026-05-28T13:07:50.756,2026-05-28T13:23:20.756,-930
multimetro,1226,-0.005404381,,264.2338889999992,2026-05-28T13:07:50.972,2026-05-28T13:23:20.972,-930
multimetro,1227,-0.005403407,,264.4489001000002,2026-05-28T13:07:51.189,2026-05-28T13:23:21.189,-930
multimetro,1228,-0.00539879,,264.66408610000144,2026-05-28T13:07:51.399,2026-05-28T13:23:21.399,-930
multimetro,1229,-0.005396749,,264.8792331000004,2026-05-28T13:07:51.615,2026-05-28T13:23:21.615,-930
multimetro,1230,-0.005396644,,265.0943062000006,2026-05-28T13:07:51.832,2026-05-28T13:23:21.832,-930
multimetro,1231,-0.005395052,,265.30937220000123,2026-05-28T13:07:52.049,2026-05-28T13:23:22.049,-930
multimetro,1232,-0.005410621,,265.52453230000174,2026-05-28T13:07:52.265,2026-05-28T13:23:22.265,-930
multimetro,1233,-0.005439915,,265.73964999999953,2026-05-28T13:07:52.472,2026-05-28T13:23:22.472,-930
multimetro,1234,-0.005446019,,265.9548453999996,2026-05-28T13:07:52.689,2026-05-28T13:23:22.689,-930
multimetro,1235,-0.005447202,,266.1699676999997,2026-05-28T13:07:52.906,2026-05-28T13:23:22.906,-930
multimetro,1236,-0.005446061,,266.3850719000002,2026-05-28T13:07:53.122,2026-05-28T13:23:23.122,-930
multimetro,1237,-0.005444648,,266.60022820000086,2026-05-28T13:07:53.339,2026-05-28T13:23:23.339,-930
multimetro,1238,-0.005442711,,266.81532420000076,2026-05-28T13:07:53.556,2026-05-28T13:23:23.556,-930
multimetro,1239,-0.005438753,,267.0304467999995,2026-05-28T13:07:53.765,2026-05-28T13:23:23.765,-930
multimetro,1240,-0.005437204,,267.24552870000116,2026-05-28T13:07:53.982,2026-05-28T13:23:23.982,-930
multimetro,1241,-0.005436251,,267.4606692999987,2026-05-28T13:07:54.199,2026-05-28T13:23:24.199,-930
multimetro,1242,-0.005434126,,267.6758895999992,2026-05-28T13:07:54.408,2026-05-28T13:23:24.408,-930
multimetro,1243,-0.005431487,,267.89096540000173,2026-05-28T13:07:54.622,2026-05-28T13:23:24.622,-930
multimetro,1244,-0.005431424,,268.1061719999998,2026-05-28T13:07:54.839,2026-05-28T13:23:24.839,-930
multimetro,1245,-0.005431738,,268.3212381000012,2026-05-28T13:07:55.057,2026-05-28T13:23:25.057,-930
multimetro,1246,-0.005432189,,268.5363847000008,2026-05-28T13:07:55.272,2026-05-28T13:23:25.272,-930
multimetro,1247,-0.005447548,,268.75145989999874,2026-05-28T13:07:55.489,2026-05-28T13:23:25.489,-930
multimetro,1248,-0.005479878,,268.9666255999982,2026-05-28T13:07:55.706,2026-05-28T13:23:25.706,-930
multimetro,1249,-0.005488286,,269.18164120000074,2026-05-28T13:07:55.922,2026-05-28T13:23:25.922,-930
multimetro,1250,-0.005492735,,269.39678020000065,2026-05-28T13:07:56.132,2026-05-28T13:23:26.132,-930
multimetro,1251,-0.005498211,,269.61195919999955,2026-05-28T13:07:56.352,2026-05-28T13:23:26.352,-930
multimetro,1252,-0.005503592,,269.82701019999877,2026-05-28T13:07:56.566,2026-05-28T13:23:26.566,-930
multimetro,1253,-0.005508429,,270.04220369999894,2026-05-28T13:07:56.782,2026-05-28T13:23:26.782,-930
multimetro,1254,-0.005511822,,270.2571142000015,2026-05-28T13:07:56.993,2026-05-28T13:23:26.993,-930
multimetro,1255,-0.0055129,,270.47221999999965,2026-05-28T13:07:57.213,2026-05-28T13:23:27.213,-930
multimetro,1256,-0.005514575,,270.68726470000183,2026-05-28T13:07:57.426,2026-05-28T13:23:27.426,-930
multimetro,1257,-0.005517224,,270.9024157999993,2026-05-28T13:07:57.643,2026-05-28T13:23:27.643,-930
multimetro,1258,-0.005521747,,271.1173659999986,2026-05-28T13:07:57.858,2026-05-28T13:23:27.858,-930
multimetro,1259,-0.005544749,,271.3324826999997,2026-05-28T13:07:58.073,2026-05-28T13:23:28.073,-930
multimetro,1260,-0.005553596,,271.5475798000007,2026-05-28T13:07:58.282,2026-05-28T13:23:28.282,-930
multimetro,1261,-0.0055597,,271.7626578999989,2026-05-28T13:07:58.502,2026-05-28T13:23:28.502,-930
multimetro,1262,-0.005566296,,271.97775289999845,2026-05-28T13:07:58.718,2026-05-28T13:23:28.718,-930
multimetro,1263,-0.005575122,,272.19289130000107,2026-05-28T13:07:58.926,2026-05-28T13:23:28.926,-930
multimetro,1264,-0.005584482,,272.4081527999988,2026-05-28T13:07:59.147,2026-05-28T13:23:29.147,-930
multimetro,1265,-0.005592742,,272.62316289999944,2026-05-28T13:07:59.363,2026-05-28T13:23:29.363,-930
multimetro,1266,-0.005601192,,272.8383586000018,2026-05-28T13:07:59.579,2026-05-28T13:23:29.579,-930
multimetro,1267,-0.00561051,,273.05352100000164,2026-05-28T13:07:59.793,2026-05-28T13:23:29.793,-930
multimetro,1268,-0.00561788,,273.268738499999,2026-05-28T13:08:00.006,2026-05-28T13:23:30.006,-930
multimetro,1269,-0.005623607,,273.48376700000154,2026-05-28T13:08:00.224,2026-05-28T13:23:30.224,-930
multimetro,1270,-0.005628193,,273.6988663000011,2026-05-28T13:08:00.439,2026-05-28T13:23:30.439,-930
multimetro,1271,-0.005631973,,273.9139670000004,2026-05-28T13:08:00.653,2026-05-28T13:23:30.653,-930
multimetro,1272,-0.005637082,,274.12911879999956,2026-05-28T13:08:00.869,2026-05-28T13:23:30.869,-930
multimetro,1273,-0.005642348,,274.3441829000003,2026-05-28T13:08:01.076,2026-05-28T13:23:31.076,-930
multimetro,1274,-0.005648996,,274.55929240000114,2026-05-28T13:08:01.291,2026-05-28T13:23:31.291,-930
multimetro,1275,-0.005667308,,274.77449329999945,2026-05-28T13:08:01.506,2026-05-28T13:23:31.506,-930
multimetro,1276,-0.005676783,,274.9897082999996,2026-05-28T13:08:01.728,2026-05-28T13:23:31.728,-930
multimetro,1277,-0.00568384,,275.2050926999982,2026-05-28T13:08:01.939,2026-05-28T13:23:31.939,-930
multimetro,1278,-0.005690446,,275.4200364999997,2026-05-28T13:08:02.156,2026-05-28T13:23:32.156,-930
multimetro,1279,-0.00569833,,275.6352583000007,2026-05-28T13:08:02.374,2026-05-28T13:23:32.374,-930
multimetro,1280,-0.005706161,,275.8502327999995,2026-05-28T13:08:02.589,2026-05-28T13:23:32.589,-930
multimetro,1281,-0.005716516,,276.06536609999966,2026-05-28T13:08:02.806,2026-05-28T13:23:32.806,-930
multimetro,1282,-0.005728504,,276.28035219999947,2026-05-28T13:08:03.019,2026-05-28T13:23:33.019,-930
multimetro,1283,-0.005740387,,276.4954837000005,2026-05-28T13:08:03.235,2026-05-28T13:23:33.235,-930
multimetro,1284,-0.005752521,,276.71055989999877,2026-05-28T13:08:03.443,2026-05-28T13:23:33.443,-930
multimetro,1285,-0.005765525,,276.9256987000008,2026-05-28T13:08:03.666,2026-05-28T13:23:33.666,-930
multimetro,1286,-0.005780947,,277.1408771999995,2026-05-28T13:08:03.874,2026-05-28T13:23:33.874,-930
multimetro,1287,-0.005796578,,277.35608259999935,2026-05-28T13:08:04.089,2026-05-28T13:23:34.089,-930
multimetro,1288,-0.005812063,,277.5713082000002,2026-05-28T13:08:04.306,2026-05-28T13:23:34.306,-930
multimetro,1289,-0.005851293,,277.7864004000003,2026-05-28T13:08:04.522,2026-05-28T13:23:34.522,-930
multimetro,1290,-0.005882692,,278.00169839999944,2026-05-28T13:08:04.741,2026-05-28T13:23:34.741,-930
multimetro,1291,-0.005889989,,278.21675640000103,2026-05-28T13:08:04.956,2026-05-28T13:23:34.956,-930
multimetro,1292,-0.005894052,,278.4320384999992,2026-05-28T13:08:05.172,2026-05-28T13:23:35.172,-930
multimetro,1293,-0.005894669,,278.6471812000018,2026-05-28T13:08:05.384,2026-05-28T13:23:35.384,-930
multimetro,1294,-0.005894711,,278.86230950000026,2026-05-28T13:08:05.599,2026-05-28T13:23:35.599,-930
multimetro,1295,-0.005895737,,279.0772861000005,2026-05-28T13:08:05.816,2026-05-28T13:23:35.816,-930
multimetro,1296,-0.005896879,,279.2922663999998,2026-05-28T13:08:06.032,2026-05-28T13:23:36.032,-930
multimetro,1297,-0.005897203,,279.50738009999986,2026-05-28T13:08:06.241,2026-05-28T13:23:36.241,-930
multimetro,1298,-0.005898386,,279.7224791000008,2026-05-28T13:08:06.456,2026-05-28T13:23:36.456,-930
multimetro,1299,-0.005899014,,279.9376666999997,2026-05-28T13:08:06.672,2026-05-28T13:23:36.672,-930
multimetro,1300,-0.005900103,,280.15279830000145,2026-05-28T13:08:06.894,2026-05-28T13:23:36.894,-930
multimetro,1301,-0.005900669,,280.36791749999975,2026-05-28T13:08:07.106,2026-05-28T13:23:37.106,-930
multimetro,1302,-0.005901161,,280.5830112000003,2026-05-28T13:08:07.322,2026-05-28T13:23:37.322,-930
multimetro,1303,-0.005901799,,280.79824759999974,2026-05-28T13:08:07.539,2026-05-28T13:23:37.539,-930
multimetro,1304,-0.005902093,,281.01321950000056,2026-05-28T13:08:07.749,2026-05-28T13:23:37.749,-930
multimetro,1305,-0.005902951,,281.2284612000003,2026-05-28T13:08:07.966,2026-05-28T13:23:37.966,-930
multimetro,1306,-0.005903181,,281.4433045000005,2026-05-28T13:08:08.182,2026-05-28T13:23:38.182,-930
multimetro,1307,-0.005903307,,281.65830769999957,2026-05-28T13:08:08.399,2026-05-28T13:23:38.399,-930
multimetro,1308,-0.005904029,,281.8733336000005,2026-05-28T13:08:08.606,2026-05-28T13:23:38.606,-930
multimetro,1309,-0.005904375,,282.0884092999986,2026-05-28T13:08:08.822,2026-05-28T13:23:38.822,-930
multimetro,1310,-0.00590493,,282.30361560000165,2026-05-28T13:08:09.039,2026-05-28T13:23:39.039,-930
multimetro,1311,-0.005905202,,282.51869440000155,2026-05-28T13:08:09.258,2026-05-28T13:23:39.258,-930
multimetro,1312,-0.005905705,,282.7337923999985,2026-05-28T13:08:09.474,2026-05-28T13:23:39.474,-930
multimetro,1313,-0.005905945,,282.94873780000125,2026-05-28T13:08:09.690,2026-05-28T13:23:39.690,-930
multimetro,1314,-0.005906071,,283.1638553999983,2026-05-28T13:08:09.899,2026-05-28T13:23:39.899,-930
multimetro,1315,-0.005906542,,283.3789089999991,2026-05-28T13:08:10.115,2026-05-28T13:23:40.115,-930
multimetro,1316,-0.005906877,,283.59405999999944,2026-05-28T13:08:10.326,2026-05-28T13:23:40.326,-930
multimetro,1317,-0.005907066,,283.8091416999996,2026-05-28T13:08:10.548,2026-05-28T13:23:40.548,-930
multimetro,1318,-0.005907317,,284.02424560000145,2026-05-28T13:08:10.764,2026-05-28T13:23:40.764,-930
multimetro,1319,-0.005907547,,284.2392590999989,2026-05-28T13:08:10.980,2026-05-28T13:23:40.980,-930
multimetro,1320,-0.005907736,,284.45429109999895,2026-05-28T13:08:11.195,2026-05-28T13:23:41.195,-930
multimetro,1321,-0.005908071,,284.66927660000147,2026-05-28T13:08:11.406,2026-05-28T13:23:41.406,-930
multimetro,1322,-0.005908186,,284.88448620000054,2026-05-28T13:08:11.622,2026-05-28T13:23:41.622,-930
multimetro,1323,-0.005908343,,285.09967170000164,2026-05-28T13:08:11.839,2026-05-28T13:23:41.839,-930
multimetro,1324,-0.00590849,,285.3146643,2026-05-28T13:08:12.055,2026-05-28T13:23:42.055,-930
multimetro,1325,-0.00590873,,285.529794099999,2026-05-28T13:08:12.269,2026-05-28T13:23:42.269,-930
multimetro,1326,-0.005908699,,285.74490420000075,2026-05-28T13:08:12.482,2026-05-28T13:23:42.482,-930
multimetro,1327,-0.005909003,,285.96007290000125,2026-05-28T13:08:12.699,2026-05-28T13:23:42.699,-930
multimetro,1328,-0.005909065,,286.1750592999997,2026-05-28T13:08:12.915,2026-05-28T13:23:42.915,-930
multimetro,1329,-0.005909139,,286.39042029999837,2026-05-28T13:08:13.122,2026-05-28T13:23:43.122,-930
multimetro,1330,-0.005909306,,286.6053404999984,2026-05-28T13:08:13.339,2026-05-28T13:23:43.339,-930
multimetro,1331,-0.005909411,,286.8206218000014,2026-05-28T13:08:13.556,2026-05-28T13:23:43.556,-930
multimetro,1332,-0.005909495,,287.03556899999967,2026-05-28T13:08:13.773,2026-05-28T13:23:43.773,-930
multimetro,1333,-0.00590961,,287.2506906000017,2026-05-28T13:08:13.989,2026-05-28T13:23:43.989,-930
multimetro,1334,-0.005909652,,287.4659262999994,2026-05-28T13:08:14.206,2026-05-28T13:23:44.206,-930
multimetro,1335,-0.005909683,,287.6810112999992,2026-05-28T13:08:14.422,2026-05-28T13:23:44.422,-930
multimetro,1336,-0.005909934,,287.8961018000009,2026-05-28T13:08:14.632,2026-05-28T13:23:44.632,-930
multimetro,1337,-0.005910029,,288.1110972999995,2026-05-28T13:08:14.852,2026-05-28T13:23:44.852,-930
multimetro,1338,-0.00591006,,288.3261788000018,2026-05-28T13:08:15.066,2026-05-28T13:23:45.066,-930
multimetro,1339,-0.005909987,,288.54142800000045,2026-05-28T13:08:15.282,2026-05-28T13:23:45.282,-930
multimetro,1340,-0.005910039,,288.7564085999984,2026-05-28T13:08:15.494,2026-05-28T13:23:45.494,-930
multimetro,1341,-0.005909882,,288.97135680000065,2026-05-28T13:08:15.706,2026-05-28T13:23:45.706,-930
multimetro,1342,-0.005909955,,289.1867581000006,2026-05-28T13:08:15.922,2026-05-28T13:23:45.922,-930
multimetro,1343,-0.005910259,,289.40185349999956,2026-05-28T13:08:16.141,2026-05-28T13:23:46.141,-930
multimetro,1344,-0.005910332,,289.6172731000006,2026-05-28T13:08:16.356,2026-05-28T13:23:46.356,-930
multimetro,1345,-0.00591051,,289.8323673999985,2026-05-28T13:08:16.572,2026-05-28T13:23:46.572,-930
multimetro,1346,-0.005910699,,290.0474729000016,2026-05-28T13:08:16.782,2026-05-28T13:23:46.782,-930
multimetro,1347,-0.005910667,,290.2631724999992,2026-05-28T13:08:17.001,2026-05-28T13:23:47.001,-930
multimetro,1348,-0.005910709,,290.4782543000001,2026-05-28T13:08:17.218,2026-05-28T13:23:47.218,-930
multimetro,1349,-0.005910939,,290.6932749000007,2026-05-28T13:08:17.432,2026-05-28T13:23:47.432,-930
multimetro,1350,-0.005910908,,290.9083400999989,2026-05-28T13:08:17.649,2026-05-28T13:23:47.649,-930
multimetro,1351,-0.005910877,,291.1235559000015,2026-05-28T13:08:17.859,2026-05-28T13:23:47.859,-930
multimetro,1352,-0.005910741,,291.3385597000015,2026-05-28T13:08:18.079,2026-05-28T13:23:48.079,-930
multimetro,1353,-0.005910919,,291.55374239999946,2026-05-28T13:08:18.289,2026-05-28T13:23:48.289,-930
multimetro,1354,-0.00591073,,291.7689231000004,2026-05-28T13:08:18.508,2026-05-28T13:23:48.508,-930
multimetro,1355,-0.00591073,,291.98388839999825,2026-05-28T13:08:18.722,2026-05-28T13:23:48.722,-930
multimetro,1356,-0.005910761,,292.19903089999934,2026-05-28T13:08:18.939,2026-05-28T13:23:48.939,-930
multimetro,1357,-0.00591096,,292.4140574000012,2026-05-28T13:08:19.152,2026-05-28T13:23:49.152,-930
multimetro,1358,-0.005911107,,292.62932889999865,2026-05-28T13:08:19.366,2026-05-28T13:23:49.366,-930
multimetro,1359,-0.005911107,,292.84419139999954,2026-05-28T13:08:19.585,2026-05-28T13:23:49.585,-930
multimetro,1360,-0.005911264,,293.0595794000001,2026-05-28T13:08:19.799,2026-05-28T13:23:49.799,-930
multimetro,1361,-0.005911264,,293.2745517000003,2026-05-28T13:08:20.015,2026-05-28T13:23:50.015,-930
multimetro,1362,-0.005911117,,293.48989190000066,2026-05-28T13:08:20.222,2026-05-28T13:23:50.222,-930
multimetro,1363,-0.005911348,,293.7049407000013,2026-05-28T13:08:20.439,2026-05-28T13:23:50.439,-930
multimetro,1364,-0.005911379,,293.9199434000002,2026-05-28T13:08:20.656,2026-05-28T13:23:50.656,-930
multimetro,1365,-0.005911379,,294.13490399999864,2026-05-28T13:08:20.875,2026-05-28T13:23:50.875,-930
multimetro,1366,-0.005911568,,294.350116900001,2026-05-28T13:08:21.089,2026-05-28T13:23:51.089,-930
multimetro,1367,-0.005911505,,294.5651668999999,2026-05-28T13:08:21.306,2026-05-28T13:23:51.306,-930
multimetro,1368,-0.005911442,,294.7802948999997,2026-05-28T13:08:21.516,2026-05-28T13:23:51.516,-930
multimetro,1369,-0.005911411,,294.9953677000012,2026-05-28T13:08:21.732,2026-05-28T13:23:51.732,-930
multimetro,1370,-0.005911233,,295.2105245999992,2026-05-28T13:08:21.949,2026-05-28T13:23:51.949,-930
multimetro,1371,-0.005911369,,295.4256165000006,2026-05-28T13:08:22.166,2026-05-28T13:23:52.166,-930
multimetro,1372,-0.005911515,,295.64073070000086,2026-05-28T13:08:22.376,2026-05-28T13:23:52.376,-930
multimetro,1373,-0.005911442,,295.8560144000003,2026-05-28T13:08:22.589,2026-05-28T13:23:52.589,-930
multimetro,1374,-0.005911568,,296.070958100001,2026-05-28T13:08:22.806,2026-05-28T13:23:52.806,-930
multimetro,1375,-0.005911536,,296.28608990000066,2026-05-28T13:08:23.025,2026-05-28T13:23:53.025,-930
multimetro,1376,-0.005911358,,296.50124399999913,2026-05-28T13:08:23.241,2026-05-28T13:23:53.241,-930
multimetro,1377,-0.005911201,,296.7163517000008,2026-05-28T13:08:23.456,2026-05-28T13:23:53.456,-930
multimetro,1378,-0.005911379,,296.9314838999999,2026-05-28T13:08:23.672,2026-05-28T13:23:53.672,-930
multimetro,1379,-0.005911505,,297.14658060000147,2026-05-28T13:08:23.884,2026-05-28T13:23:53.884,-930
multimetro,1380,-0.005911411,,297.3617732999992,2026-05-28T13:08:24.101,2026-05-28T13:23:54.101,-930
multimetro,1381,-0.005911505,,297.57674190000034,2026-05-28T13:08:24.316,2026-05-28T13:23:54.316,-930
multimetro,1382,-0.005911442,,297.7918146999982,2026-05-28T13:08:24.532,2026-05-28T13:23:54.532,-930
multimetro,1383,-0.005911484,,298.007114,2026-05-28T13:08:24.741,2026-05-28T13:23:54.741,-930
multimetro,1384,-0.005911452,,298.22225420000177,2026-05-28T13:08:24.956,2026-05-28T13:23:54.956,-930
multimetro,1385,-0.005911568,,298.4373205000011,2026-05-28T13:08:25.172,2026-05-28T13:23:55.172,-930
multimetro,1386,-0.005911756,,298.6526226999995,2026-05-28T13:08:25.389,2026-05-28T13:23:55.389,-930
multimetro,1387,-0.005911641,,298.867463999999,2026-05-28T13:08:25.608,2026-05-28T13:23:55.608,-930
multimetro,1388,-0.005911599,,299.0825948999991,2026-05-28T13:08:25.823,2026-05-28T13:23:55.823,-930
multimetro,1389,-0.00591162,,299.2977223000016,2026-05-28T13:08:26.039,2026-05-28T13:23:56.039,-930
multimetro,1390,-0.005911379,,299.51263630000176,2026-05-28T13:08:26.249,2026-05-28T13:23:56.249,-930
multimetro,1391,-0.00591163,,299.72771289999946,2026-05-28T13:08:26.459,2026-05-28T13:23:56.459,-930
multimetro,1392,-0.005911484,,299.94276190000164,2026-05-28T13:08:26.682,2026-05-28T13:23:56.682,-930
multimetro,1393,-0.00591163,,300.15784150000036,2026-05-28T13:08:26.892,2026-05-28T13:23:56.892,-930
multimetro,1394,-0.005911536,,300.37289560000136,2026-05-28T13:08:27.109,2026-05-28T13:23:57.109,-930
multimetro,1395,-0.00591162,,300.58811259999857,2026-05-28T13:08:27.326,2026-05-28T13:23:57.326,-930
multimetro,1396,-0.005911536,,300.8033179000013,2026-05-28T13:08:27.541,2026-05-28T13:23:57.541,-930
multimetro,1397,-0.005911536,,301.0184502999982,2026-05-28T13:08:27.758,2026-05-28T13:23:57.758,-930
multimetro,1398,-0.005911515,,301.23342290000073,2026-05-28T13:08:27.974,2026-05-28T13:23:57.974,-930
multimetro,1399,-0.005911568,,301.4486935999994,2026-05-28T13:08:28.189,2026-05-28T13:23:58.189,-930
multimetro,1400,-0.005911557,,301.66375379999954,2026-05-28T13:08:28.402,2026-05-28T13:23:58.402,-930
multimetro,1401,-0.005911725,,301.8789187000002,2026-05-28T13:08:28.615,2026-05-28T13:23:58.615,-930
multimetro,1402,-0.005911589,,302.09393750000163,2026-05-28T13:08:28.834,2026-05-28T13:23:58.834,-930
multimetro,1403,-0.005911568,,302.3089696999996,2026-05-28T13:08:29.049,2026-05-28T13:23:59.049,-930
multimetro,1404,-0.005911651,,302.5240976999994,2026-05-28T13:08:29.265,2026-05-28T13:23:59.265,-930
multimetro,1405,-0.005911547,,302.7389107000017,2026-05-28T13:08:29.473,2026-05-28T13:23:59.473,-930
multimetro,1406,-0.00591185,,302.9539680000016,2026-05-28T13:08:29.689,2026-05-28T13:23:59.689,-930
multimetro,1407,-0.005911672,,303.1690434999982,2026-05-28T13:08:29.906,2026-05-28T13:23:59.906,-930
multimetro,1408,-0.005911693,,303.4066266000009,2026-05-28T13:08:30.147,2026-05-28T13:24:00.147,-930
multimetro,1409,-0.0059114,,303.6213921999988,2026-05-28T13:08:30.361,2026-05-28T13:24:00.361,-930
multimetro,1410,-0.005911432,,303.83643460000167,2026-05-28T13:08:30.572,2026-05-28T13:24:00.572,-930
multimetro,1411,-0.005911568,,304.0515593000018,2026-05-28T13:08:30.786,2026-05-28T13:24:00.786,-930
multimetro,1412,-0.005911484,,304.2668224000008,2026-05-28T13:08:30.998,2026-05-28T13:24:00.998,-930
multimetro,1413,-0.005911484,,304.48195359999954,2026-05-28T13:08:31.222,2026-05-28T13:24:01.222,-930
multimetro,1414,-0.005911662,,304.69719299999997,2026-05-28T13:08:31.438,2026-05-28T13:24:01.438,-930
multimetro,1415,-0.005911589,,304.9123608000009,2026-05-28T13:08:31.653,2026-05-28T13:24:01.653,-930
multimetro,1416,-0.005911662,,305.1274330000015,2026-05-28T13:08:31.866,2026-05-28T13:24:01.866,-930
multimetro,1417,-0.005911777,,305.3422943000005,2026-05-28T13:08:32.081,2026-05-28T13:24:02.081,-930
multimetro,1418,-0.00591162,,305.5573446999988,2026-05-28T13:08:32.298,2026-05-28T13:24:02.298,-930
multimetro,1419,-0.005911578,,305.77252640000006,2026-05-28T13:08:32.513,2026-05-28T13:24:02.513,-930
multimetro,1420,-0.005911589,,305.9874674999992,2026-05-28T13:08:32.723,2026-05-28T13:24:02.723,-930
multimetro,1421,-0.005911589,,306.20240059999924,2026-05-28T13:08:32.939,2026-05-28T13:24:02.939,-930
multimetro,1422,-0.005911651,,306.4176630000002,2026-05-28T13:08:33.152,2026-05-28T13:24:03.152,-930
multimetro,1423,-0.005911599,,306.63264100000015,2026-05-28T13:08:33.373,2026-05-28T13:24:03.373,-930
multimetro,1424,-0.005911421,,306.8477091999994,2026-05-28T13:08:33.587,2026-05-28T13:24:03.587,-930
multimetro,1425,-0.005911316,,307.0627604000001,2026-05-28T13:08:33.804,2026-05-28T13:24:03.804,-930
multimetro,1426,-0.00591139,,307.277960899999,2026-05-28T13:08:34.019,2026-05-28T13:24:04.019,-930
multimetro,1427,-0.005911149,,307.4933515999983,2026-05-28T13:08:34.230,2026-05-28T13:24:04.230,-930
multimetro,1428,-0.005911107,,307.708445100001,2026-05-28T13:08:34.449,2026-05-28T13:24:04.449,-930
multimetro,1429,-0.005910898,,307.92362960000173,2026-05-28T13:08:34.663,2026-05-28T13:24:04.663,-930
multimetro,1430,-0.005910678,,308.1385872999999,2026-05-28T13:08:34.874,2026-05-28T13:24:04.874,-930
multimetro,1431,-0.005910772,,308.3537897999995,2026-05-28T13:08:35.094,2026-05-28T13:24:05.094,-930
multimetro,1432,-0.005910615,,308.568783499999,2026-05-28T13:08:35.305,2026-05-28T13:24:05.305,-930
multimetro,1433,-0.00591072,,308.78402990000177,2026-05-28T13:08:35.525,2026-05-28T13:24:05.525,-930
multimetro,1434,-0.005910741,,308.99911300000167,2026-05-28T13:08:35.732,2026-05-28T13:24:05.732,-930
multimetro,1435,-0.005910573,,309.21421069999997,2026-05-28T13:08:35.955,2026-05-28T13:24:05.955,-930
multimetro,1436,-0.00591072,,309.4294031999998,2026-05-28T13:08:36.170,2026-05-28T13:24:06.170,-930
multimetro,1437,-0.005910741,,309.64448360000097,2026-05-28T13:08:36.385,2026-05-28T13:24:06.385,-930
multimetro,1438,-0.005910688,,309.85963130000164,2026-05-28T13:08:36.600,2026-05-28T13:24:06.600,-930
multimetro,1439,-0.005910678,,310.0747110000011,2026-05-28T13:08:36.815,2026-05-28T13:24:06.815,-930
multimetro,1440,-0.005910604,,310.2898807999991,2026-05-28T13:08:37.025,2026-05-28T13:24:07.025,-930
multimetro,1441,-0.005910437,,310.5050904000018,2026-05-28T13:08:37.242,2026-05-28T13:24:07.242,-930
multimetro,1442,-0.005910479,,310.7202475999984,2026-05-28T13:08:37.451,2026-05-28T13:24:07.451,-930
multimetro,1443,-0.00591029,,310.9350881999999,2026-05-28T13:08:37.676,2026-05-28T13:24:07.676,-930
multimetro,1444,-0.005910615,,311.1502201000003,2026-05-28T13:08:37.890,2026-05-28T13:24:07.890,-930
multimetro,1445,-0.005910563,,311.36531670000113,2026-05-28T13:08:38.106,2026-05-28T13:24:08.106,-930
multimetro,1446,-0.005910479,,311.58047459999943,2026-05-28T13:08:38.316,2026-05-28T13:24:08.316,-930
multimetro,1447,-0.005910594,,311.79568970000037,2026-05-28T13:08:38.536,2026-05-28T13:24:08.536,-930
multimetro,1448,-0.005910563,,312.0106803999988,2026-05-28T13:08:38.751,2026-05-28T13:24:08.751,-930
multimetro,1449,-0.005910531,,312.2257743000009,2026-05-28T13:08:38.966,2026-05-28T13:24:08.966,-930
multimetro,1450,-0.005910542,,312.4409736999987,2026-05-28T13:08:39.172,2026-05-28T13:24:09.172,-930
multimetro,1451,-0.005910667,,312.65605009999854,2026-05-28T13:08:39.396,2026-05-28T13:24:09.396,-930
multimetro,1452,-0.005910678,,312.87114510000174,2026-05-28T13:08:39.605,2026-05-28T13:24:09.605,-930
multimetro,1453,-0.0059105,,313.08612070000163,2026-05-28T13:08:39.826,2026-05-28T13:24:09.826,-930
multimetro,1454,-0.005910531,,313.30120819999865,2026-05-28T13:08:40.041,2026-05-28T13:24:10.041,-930
multimetro,1455,-0.005910573,,313.51626970000143,2026-05-28T13:08:40.257,2026-05-28T13:24:10.257,-930
multimetro,1456,-0.005910458,,313.7311434000003,2026-05-28T13:08:40.472,2026-05-28T13:24:10.472,-930
multimetro,1457,-0.005910625,,313.9476132000018,2026-05-28T13:08:40.688,2026-05-28T13:24:10.688,-930
multimetro,1458,-0.00591073,,314.1626834000017,2026-05-28T13:08:40.903,2026-05-28T13:24:10.903,-930
multimetro,1459,-0.005910207,,314.377947500001,2026-05-28T13:08:41.118,2026-05-28T13:24:11.118,-930
multimetro,1460,-0.005910385,,314.5930453000001,2026-05-28T13:08:41.334,2026-05-28T13:24:11.334,-930
multimetro,1461,-0.005910426,,314.80808460000117,2026-05-28T13:08:41.542,2026-05-28T13:24:11.542,-930
multimetro,1462,-0.005910531,,315.02317739999853,2026-05-28T13:08:41.764,2026-05-28T13:24:11.764,-930
multimetro,1463,-0.005910468,,315.2381342000008,2026-05-28T13:08:41.972,2026-05-28T13:24:11.972,-930
multimetro,1464,-0.005910353,,315.4533096999985,2026-05-28T13:08:42.193,2026-05-28T13:24:12.193,-930
multimetro,1465,-0.005910573,,315.66832910000085,2026-05-28T13:08:42.409,2026-05-28T13:24:12.409,-930
multimetro,1466,-0.005910479,,315.8834620999987,2026-05-28T13:08:42.624,2026-05-28T13:24:12.624,-930
multimetro,1467,-0.005910479,,316.09893720000036,2026-05-28T13:08:42.836,2026-05-28T13:24:12.836,-930
multimetro,1468,-0.005910447,,316.3139779999983,2026-05-28T13:08:43.053,2026-05-28T13:24:13.053,-930
multimetro,1469,-0.005910542,,316.52926429999934,2026-05-28T13:08:43.270,2026-05-28T13:24:13.270,-930
multimetro,1470,-0.0059105,,316.7442125000016,2026-05-28T13:08:43.484,2026-05-28T13:24:13.484,-930
multimetro,1471,-0.005910563,,316.9593397999997,2026-05-28T13:08:43.700,2026-05-28T13:24:13.700,-930
multimetro,1472,-0.005910311,,317.1743846999998,2026-05-28T13:08:43.912,2026-05-28T13:24:13.912,-930
multimetro,1473,-0.005910332,,317.38940899999943,2026-05-28T13:08:44.128,2026-05-28T13:24:14.128,-930
multimetro,1474,-0.005910364,,317.60450950000086,2026-05-28T13:08:44.345,2026-05-28T13:24:14.345,-930
multimetro,1475,-0.005910196,,317.8196054,2026-05-28T13:08:44.560,2026-05-28T13:24:14.560,-930
multimetro,1476,-0.005910489,,318.0347809999985,2026-05-28T13:08:44.772,2026-05-28T13:24:14.772,-930
multimetro,1477,-0.005910636,,318.2499217000004,2026-05-28T13:08:44.984,2026-05-28T13:24:14.984,-930
multimetro,1478,-0.005910343,,318.46498559999964,2026-05-28T13:08:45.206,2026-05-28T13:24:15.206,-930
multimetro,1479,-0.005910364,,318.67995080000037,2026-05-28T13:08:45.420,2026-05-28T13:24:15.420,-930
multimetro,1480,-0.005910343,,318.8954432999999,2026-05-28T13:08:45.626,2026-05-28T13:24:15.626,-930
multimetro,1481,-0.005910521,,319.1105208000008,2026-05-28T13:08:45.846,2026-05-28T13:24:15.846,-930
multimetro,1482,-0.005910468,,319.32576939999853,2026-05-28T13:08:46.063,2026-05-28T13:24:16.063,-930
multimetro,1483,-0.005910416,,319.5408239999997,2026-05-28T13:08:46.274,2026-05-28T13:24:16.274,-930
multimetro,1484,-0.005910269,,319.75595460000113,2026-05-28T13:08:46.494,2026-05-28T13:24:16.494,-930
multimetro,1485,-0.005910343,,319.97109289999935,2026-05-28T13:08:46.708,2026-05-28T13:24:16.708,-930
multimetro,1486,-0.00591028,,320.1862957000012,2026-05-28T13:08:46.926,2026-05-28T13:24:16.926,-930
multimetro,1487,-0.005910123,,320.4012913000006,2026-05-28T13:08:47.133,2026-05-28T13:24:17.133,-930
multimetro,1488,-0.005910269,,320.6164925000012,2026-05-28T13:08:47.351,2026-05-28T13:24:17.351,-930
multimetro,1489,-0.005910039,,320.83159629999864,2026-05-28T13:08:47.570,2026-05-28T13:24:17.570,-930
multimetro,1490,-0.005909913,,321.0466873000005,2026-05-28T13:08:47.779,2026-05-28T13:24:17.779,-930
multimetro,1491,-0.005909767,,321.2617882000013,2026-05-28T13:08:47.994,2026-05-28T13:24:17.994,-930
multimetro,1492,-0.00590983,,321.47685170000113,2026-05-28T13:08:48.218,2026-05-28T13:24:18.218,-930
multimetro,1493,-0.005909934,,321.69206589999885,2026-05-28T13:08:48.428,2026-05-28T13:24:18.428,-930
multimetro,1494,-0.005909976,,321.90713809999943,2026-05-28T13:08:48.646,2026-05-28T13:24:18.646,-930
multimetro,1495,-0.005909882,,322.12243279999893,2026-05-28T13:08:48.860,2026-05-28T13:24:18.860,-930
multimetro,1496,-0.005909851,,322.3373649999994,2026-05-28T13:08:49.076,2026-05-28T13:24:19.076,-930
multimetro,1497,-0.005909892,,322.55249099999855,2026-05-28T13:08:49.289,2026-05-28T13:24:19.289,-930
multimetro,1498,-0.005910154,,322.767726099999,2026-05-28T13:08:49.505,2026-05-28T13:24:19.505,-930
multimetro,1499,-0.00591005,,322.98294309999983,2026-05-28T13:08:49.723,2026-05-28T13:24:19.723,-930
multimetro,1500,-0.005909924,,323.19806439999957,2026-05-28T13:08:49.929,2026-05-28T13:24:19.929,-930
multimetro,1501,-0.005909934,,323.4131830000006,2026-05-28T13:08:50.150,2026-05-28T13:24:20.150,-930
multimetro,1502,-0.005909955,,323.6283427999988,2026-05-28T13:08:50.367,2026-05-28T13:24:20.367,-930
multimetro,1503,-0.00590984,,323.84341349999886,2026-05-28T13:08:50.577,2026-05-28T13:24:20.577,-930
multimetro,1504,-0.00590984,,324.0585221000001,2026-05-28T13:08:50.793,2026-05-28T13:24:20.793,-930
multimetro,1505,-0.00590983,,324.27354360000027,2026-05-28T13:08:51.009,2026-05-28T13:24:21.009,-930
multimetro,1506,-0.005909599,,324.4886660999982,2026-05-28T13:08:51.222,2026-05-28T13:24:21.222,-930
multimetro,1507,-0.005909746,,324.703749100001,2026-05-28T13:08:51.440,2026-05-28T13:24:21.440,-930
multimetro,1508,-0.005909631,,324.91897450000033,2026-05-28T13:08:51.660,2026-05-28T13:24:21.660,-930
multimetro,1509,-0.005909662,,325.13391950000005,2026-05-28T13:08:51.875,2026-05-28T13:24:21.875,-930
multimetro,1510,-0.005909453,,325.34907290000046,2026-05-28T13:08:52.090,2026-05-28T13:24:22.090,-930
multimetro,1511,-0.005909516,,325.5643909999999,2026-05-28T13:08:52.303,2026-05-28T13:24:22.303,-930
multimetro,1512,-0.005909369,,325.77947660000063,2026-05-28T13:08:52.520,2026-05-28T13:24:22.520,-930
multimetro,1513,-0.005909285,,325.99459260000003,2026-05-28T13:08:52.730,2026-05-28T13:24:22.730,-930
multimetro,1514,-0.005909118,,326.2096710000005,2026-05-28T13:08:52.946,2026-05-28T13:24:22.946,-930
multimetro,1515,-0.005909233,,326.42486310000095,2026-05-28T13:08:53.160,2026-05-28T13:24:23.160,-930
multimetro,1516,-0.005909359,,326.63992869999856,2026-05-28T13:08:53.378,2026-05-28T13:24:23.378,-930
multimetro,1517,-0.005909275,,326.85504299999957,2026-05-28T13:08:53.593,2026-05-28T13:24:23.593,-930
multimetro,1518,-0.005909097,,327.0701192000015,2026-05-28T13:08:53.811,2026-05-28T13:24:23.811,-930
multimetro,1519,-0.00590916,,327.2852705000005,2026-05-28T13:08:54.022,2026-05-28T13:24:24.022,-930
multimetro,1520,-0.005909181,,327.50030680000054,2026-05-28T13:08:54.241,2026-05-28T13:24:24.241,-930
multimetro,1521,-0.005909243,,327.7156290999992,2026-05-28T13:08:54.447,2026-05-28T13:24:24.447,-930
multimetro,1522,-0.005909044,,327.93078089999835,2026-05-28T13:08:54.666,2026-05-28T13:24:24.666,-930
multimetro,1523,-0.005909076,,328.1459482999999,2026-05-28T13:08:54.886,2026-05-28T13:24:24.886,-930
multimetro,1524,-0.00590916,,328.3615701000017,2026-05-28T13:08:55.102,2026-05-28T13:24:25.102,-930
multimetro,1525,-0.005909055,,328.576774000001,2026-05-28T13:08:55.313,2026-05-28T13:24:25.313,-930
multimetro,1526,-0.005909317,,328.7919221000011,2026-05-28T13:08:55.532,2026-05-28T13:24:25.532,-930
multimetro,1527,-0.005909044,,329.0069175999997,2026-05-28T13:08:55.747,2026-05-28T13:24:25.747,-930
multimetro,1528,-0.005909065,,329.2220269999998,2026-05-28T13:08:55.963,2026-05-28T13:24:25.963,-930
multimetro,1529,-0.005909201,,329.4371352999988,2026-05-28T13:08:56.174,2026-05-28T13:24:26.174,-930
multimetro,1530,-0.005909264,,329.65228370000114,2026-05-28T13:08:56.388,2026-05-28T13:24:26.388,-930
multimetro,1531,-0.005909118,,329.8674780000001,2026-05-28T13:08:56.601,2026-05-28T13:24:26.601,-930
multimetro,1532,-0.005909149,,330.08255890000146,2026-05-28T13:08:56.817,2026-05-28T13:24:26.817,-930
multimetro,1533,-0.005909034,,330.2976802000012,2026-05-28T13:08:57.036,2026-05-28T13:24:27.036,-930
multimetro,1534,-0.005909118,,330.51292639999883,2026-05-28T13:08:57.247,2026-05-28T13:24:27.247,-930
multimetro,1535,-0.005909003,,330.72796240000025,2026-05-28T13:08:57.467,2026-05-28T13:24:27.467,-930
multimetro,1536,-0.00590917,,330.9430364,2026-05-28T13:08:57.684,2026-05-28T13:24:27.684,-930
multimetro,1537,-0.005908982,,331.15825570000015,2026-05-28T13:08:57.890,2026-05-28T13:24:27.890,-930
multimetro,1538,-0.005908814,,331.37330569999904,2026-05-28T13:08:58.110,2026-05-28T13:24:28.110,-930
multimetro,1539,-0.005909034,,331.58845270000165,2026-05-28T13:08:58.327,2026-05-28T13:24:28.327,-930
multimetro,1540,-0.005909233,,331.8035122000001,2026-05-28T13:08:58.536,2026-05-28T13:24:28.536,-930
multimetro,1541,-0.005909128,,332.01860939999824,2026-05-28T13:08:58.756,2026-05-28T13:24:28.756,-930
multimetro,1542,-0.005909139,,332.23363210000025,2026-05-28T13:08:58.974,2026-05-28T13:24:28.974,-930
multimetro,1543,-0.005909076,,332.4486341000011,2026-05-28T13:08:59.189,2026-05-28T13:24:29.189,-930
multimetro,1544,-0.005908992,,332.66384599999947,2026-05-28T13:08:59.403,2026-05-28T13:24:29.403,-930
multimetro,1545,-0.005909118,,332.87889709999945,2026-05-28T13:08:59.619,2026-05-28T13:24:29.619,-930
multimetro,1546,-0.005909181,,333.09409629999936,2026-05-28T13:08:59.826,2026-05-28T13:24:29.826,-930
multimetro,1547,-0.005909023,,333.30919079999876,2026-05-28T13:09:00.048,2026-05-28T13:24:30.048,-930
multimetro,1548,-0.005908982,,333.5242655000002,2026-05-28T13:09:00.264,2026-05-28T13:24:30.264,-930
multimetro,1549,-0.005909034,,333.73912859999837,2026-05-28T13:09:00.474,2026-05-28T13:24:30.474,-930
multimetro,1550,-0.005909181,,333.95442230000117,2026-05-28T13:09:00.694,2026-05-28T13:24:30.694,-930
multimetro,1551,-0.005908971,,334.1693550000018,2026-05-28T13:09:00.906,2026-05-28T13:24:30.906,-930
multimetro,1552,-0.005909023,,334.3844840999991,2026-05-28T13:09:01.124,2026-05-28T13:24:31.124,-930
multimetro,1553,-0.005909264,,334.5995589999984,2026-05-28T13:09:01.340,2026-05-28T13:24:31.340,-930
multimetro,1554,-0.005909107,,334.8146634000004,2026-05-28T13:09:01.555,2026-05-28T13:24:31.555,-930
multimetro,1555,-0.005909181,,335.0298468000001,2026-05-28T13:09:01.766,2026-05-28T13:24:31.766,-930
multimetro,1556,-0.005908971,,335.2448654,2026-05-28T13:09:01.984,2026-05-28T13:24:31.984,-930
multimetro,1557,-0.00590894,,335.4600094000016,2026-05-28T13:09:02.198,2026-05-28T13:24:32.198,-930
multimetro,1558,-0.005908846,,335.6749044999997,2026-05-28T13:09:02.416,2026-05-28T13:24:32.416,-930
multimetro,1559,-0.00590873,,335.8901540000006,2026-05-28T13:09:02.622,2026-05-28T13:24:32.622,-930
multimetro,1560,-0.005908804,,336.10523269999976,2026-05-28T13:09:02.839,2026-05-28T13:24:32.839,-930
multimetro,1561,-0.005908699,,336.3203165999985,2026-05-28T13:09:03.056,2026-05-28T13:24:33.056,-930
multimetro,1562,-0.005908594,,336.5352313000003,2026-05-28T13:09:03.272,2026-05-28T13:24:33.272,-930
multimetro,1563,-0.005908657,,336.7505831000017,2026-05-28T13:09:03.489,2026-05-28T13:24:33.489,-930
multimetro,1564,-0.005908919,,336.96537499999977,2026-05-28T13:09:03.706,2026-05-28T13:24:33.706,-930
multimetro,1565,-0.005908741,,337.1803096000003,2026-05-28T13:09:03.915,2026-05-28T13:24:33.915,-930
multimetro,1566,-0.005908846,,337.39519519999885,2026-05-28T13:09:04.136,2026-05-28T13:24:34.136,-930
multimetro,1567,-0.005908856,,337.6102580000006,2026-05-28T13:09:04.348,2026-05-28T13:24:34.348,-930
multimetro,1568,-0.005908835,,337.8251917999987,2026-05-28T13:09:04.565,2026-05-28T13:24:34.565,-930
multimetro,1569,-0.005908919,,338.0402566999983,2026-05-28T13:09:04.772,2026-05-28T13:24:34.772,-930
multimetro,1570,-0.005908919,,338.25519839999833,2026-05-28T13:09:04.989,2026-05-28T13:24:34.989,-930
multimetro,1571,-0.005908741,,338.47037790000104,2026-05-28T13:09:05.206,2026-05-28T13:24:35.206,-930
multimetro,1572,-0.005908908,,338.6855680000008,2026-05-28T13:09:05.422,2026-05-28T13:24:35.422,-930
multimetro,1573,-0.005908929,,338.9007356000002,2026-05-28T13:09:05.639,2026-05-28T13:24:35.639,-930
multimetro,1574,-0.005908835,,339.1157654999988,2026-05-28T13:09:05.856,2026-05-28T13:24:35.856,-930
multimetro,1575,-0.005908804,,339.3309217999995,2026-05-28T13:09:06.072,2026-05-28T13:24:36.072,-930
multimetro,1576,-0.005908783,,339.54644389999885,2026-05-28T13:09:06.282,2026-05-28T13:24:36.282,-930
multimetro,1577,-0.005908688,,339.761473999999,2026-05-28T13:09:06.502,2026-05-28T13:24:36.502,-930
multimetro,1578,-0.005908584,,339.9765808999982,2026-05-28T13:09:06.715,2026-05-28T13:24:36.715,-930
multimetro,1579,-0.005908751,,340.1917337999985,2026-05-28T13:09:06.932,2026-05-28T13:24:36.932,-930
multimetro,1580,-0.005908521,,340.4068722999982,2026-05-28T13:09:07.139,2026-05-28T13:24:37.139,-930
multimetro,1581,-0.005908542,,340.6219237000005,2026-05-28T13:09:07.355,2026-05-28T13:24:37.355,-930
multimetro,1582,-0.005908448,,340.83687049999935,2026-05-28T13:09:07.572,2026-05-28T13:24:37.572,-930
multimetro,1583,-0.005908353,,341.05200400000103,2026-05-28T13:09:07.792,2026-05-28T13:24:37.792,-930
multimetro,1584,-0.00590849,,341.26709499999924,2026-05-28T13:09:08.007,2026-05-28T13:24:38.007,-930
multimetro,1585,-0.005908291,,341.4821441999993,2026-05-28T13:09:08.223,2026-05-28T13:24:38.223,-930
multimetro,1586,-0.005908312,,341.6974045999996,2026-05-28T13:09:08.432,2026-05-28T13:24:38.432,-930
multimetro,1587,-0.005908259,,341.9126772999989,2026-05-28T13:09:08.648,2026-05-28T13:24:38.648,-930
multimetro,1588,-0.005908092,,342.1276097000009,2026-05-28T13:09:08.865,2026-05-28T13:24:38.865,-930
multimetro,1589,-0.005908092,,342.3430627000016,2026-05-28T13:09:09.081,2026-05-28T13:24:39.081,-930
multimetro,1590,-0.005908312,,342.5580574000014,2026-05-28T13:09:09.299,2026-05-28T13:24:39.299,-930
multimetro,1591,-0.005908123,,342.773019799999,2026-05-28T13:09:09.514,2026-05-28T13:24:39.514,-930
multimetro,1592,-0.00590805,,342.98809600000095,2026-05-28T13:09:09.726,2026-05-28T13:24:39.726,-930
multimetro,1593,-0.005907882,,343.203289699999,2026-05-28T13:09:09.943,2026-05-28T13:24:39.943,-930
multimetro,1594,-0.005907819,,343.4183876999996,2026-05-28T13:09:10.159,2026-05-28T13:24:40.159,-930
multimetro,1595,-0.005907662,,343.6334840999989,2026-05-28T13:09:10.374,2026-05-28T13:24:40.374,-930
multimetro,1596,-0.005907767,,343.84856020000007,2026-05-28T13:09:10.589,2026-05-28T13:24:40.589,-930
multimetro,1597,-0.005907945,,344.06362100000115,2026-05-28T13:09:10.798,2026-05-28T13:24:40.798,-930
multimetro,1598,-0.00590805,,344.2787692999991,2026-05-28T13:09:11.020,2026-05-28T13:24:41.020,-930
multimetro,1599,-0.005908092,,344.49397580000004,2026-05-28T13:09:11.232,2026-05-28T13:24:41.232,-930
multimetro,1600,-0.005907997,,344.7089942999992,2026-05-28T13:09:11.449,2026-05-28T13:24:41.449,-930
multimetro,1601,-0.005908008,,344.9241194999995,2026-05-28T13:09:11.655,2026-05-28T13:24:41.655,-930
multimetro,1602,-0.005908144,,345.1394470000014,2026-05-28T13:09:11.872,2026-05-28T13:24:41.872,-930
multimetro,1603,-0.005908102,,345.3543888999993,2026-05-28T13:09:12.093,2026-05-28T13:24:42.093,-930
multimetro,1604,-0.00590806,,345.56958440000017,2026-05-28T13:09:12.310,2026-05-28T13:24:42.310,-930
multimetro,1605,-0.005908081,,345.7847675000012,2026-05-28T13:09:12.525,2026-05-28T13:24:42.525,-930
multimetro,1606,-0.005908081,,345.9998802000009,2026-05-28T13:09:12.739,2026-05-28T13:24:42.739,-930
multimetro,1607,-0.005908018,,346.2149309999986,2026-05-28T13:09:12.955,2026-05-28T13:24:42.955,-930
multimetro,1608,-0.00590806,,346.4300508000015,2026-05-28T13:09:13.165,2026-05-28T13:24:43.165,-930
multimetro,1609,-0.005908144,,346.64514490000147,2026-05-28T13:09:13.381,2026-05-28T13:24:43.381,-930
multimetro,1610,-0.005908238,,346.8601901000002,2026-05-28T13:09:13.598,2026-05-28T13:24:43.598,-930
multimetro,1611,-0.005908217,,347.08675819999917,2026-05-28T13:09:13.827,2026-05-28T13:24:43.827,-930
multimetro,1612,-0.005908228,,347.3016889999999,2026-05-28T13:09:14.039,2026-05-28T13:24:44.039,-930
multimetro,1613,-0.005908322,,347.51694710000083,2026-05-28T13:09:14.257,2026-05-28T13:24:44.257,-930
multimetro,1614,-0.005908427,,347.73179810000147,2026-05-28T13:09:14.473,2026-05-28T13:24:44.473,-930
multimetro,1615,-0.005908301,,347.94691740000053,2026-05-28T13:09:14.682,2026-05-28T13:24:44.682,-930
multimetro,1616,-0.0059085,,348.1621593999989,2026-05-28T13:09:14.899,2026-05-28T13:24:44.899,-930
multimetro,1617,-0.005908395,,348.37740610000037,2026-05-28T13:09:15.115,2026-05-28T13:24:45.115,-930
multimetro,1618,-0.00590849,,348.59228200000143,2026-05-28T13:09:15.332,2026-05-28T13:24:45.332,-930
multimetro,1619,-0.005908427,,348.80816160000177,2026-05-28T13:09:15.548,2026-05-28T13:24:45.548,-930
multimetro,1620,-0.005908228,,349.0233752999993,2026-05-28T13:09:15.764,2026-05-28T13:24:45.764,-930
multimetro,1621,-0.005908228,,349.2382394999986,2026-05-28T13:09:15.974,2026-05-28T13:24:45.974,-930
multimetro,1622,-0.005908322,,349.4534244999995,2026-05-28T13:09:16.189,2026-05-28T13:24:46.189,-930
multimetro,1623,-0.005908416,,349.6684711000016,2026-05-28T13:09:16.406,2026-05-28T13:24:46.406,-930
multimetro,1624,-0.005908531,,349.8836259999989,2026-05-28T13:09:16.622,2026-05-28T13:24:46.622,-930
multimetro,1625,-0.005908594,,350.0986426999989,2026-05-28T13:09:16.839,2026-05-28T13:24:46.839,-930
multimetro,1626,-0.005908458,,350.31378609999956,2026-05-28T13:09:17.049,2026-05-28T13:24:47.049,-930
multimetro,1627,-0.005908469,,350.52886710000166,2026-05-28T13:09:17.266,2026-05-28T13:24:47.266,-930
multimetro,1628,-0.005908343,,350.74391860000105,2026-05-28T13:09:17.484,2026-05-28T13:24:47.484,-930
multimetro,1629,-0.005908437,,350.9591810999991,2026-05-28T13:09:17.698,2026-05-28T13:24:47.698,-930
multimetro,1630,-0.005908395,,351.174328699999,2026-05-28T13:09:17.915,2026-05-28T13:24:47.915,-930
multimetro,1631,-0.005908395,,351.38949349999893,2026-05-28T13:09:18.122,2026-05-28T13:24:48.122,-930
multimetro,1632,-0.005908448,,351.6047251000018,2026-05-28T13:09:18.339,2026-05-28T13:24:48.339,-930
multimetro,1633,-0.005908437,,351.8198020000018,2026-05-28T13:09:18.556,2026-05-28T13:24:48.556,-930
multimetro,1634,-0.005908542,,352.03485290000026,2026-05-28T13:09:18.772,2026-05-28T13:24:48.772,-930
multimetro,1635,-0.00590827,,352.2500321000007,2026-05-28T13:09:18.989,2026-05-28T13:24:48.989,-930
multimetro,1636,-0.005908353,,352.4649634000016,2026-05-28T13:09:19.205,2026-05-28T13:24:49.205,-930
multimetro,1637,-0.005908385,,352.6801798999986,2026-05-28T13:09:19.415,2026-05-28T13:24:49.415,-930
multimetro,1638,-0.005908312,,352.8952806999987,2026-05-28T13:09:19.636,2026-05-28T13:24:49.636,-930
multimetro,1639,-0.005908437,,353.1104809999997,2026-05-28T13:09:19.848,2026-05-28T13:24:49.848,-930
multimetro,1640,-0.005908374,,353.3255911000015,2026-05-28T13:09:20.065,2026-05-28T13:24:50.065,-930
multimetro,1641,-0.005908364,,353.5407969000007,2026-05-28T13:09:20.272,2026-05-28T13:24:50.272,-930
multimetro,1642,-0.005908259,,353.7560181000008,2026-05-28T13:09:20.489,2026-05-28T13:24:50.489,-930
multimetro,1643,-0.005908385,,353.9710956000017,2026-05-28T13:09:20.710,2026-05-28T13:24:50.710,-930
multimetro,1644,-0.005908364,,354.18634210000164,2026-05-28T13:09:20.927,2026-05-28T13:24:50.927,-930
multimetro,1645,-0.005908615,,354.40147589999833,2026-05-28T13:09:21.142,2026-05-28T13:24:51.142,-930
multimetro,1646,-0.005908521,,354.61658460000035,2026-05-28T13:09:21.357,2026-05-28T13:24:51.357,-930
multimetro,1647,-0.005908374,,354.83151519999956,2026-05-28T13:09:21.572,2026-05-28T13:24:51.572,-930
multimetro,1648,-0.005908479,,355.0466367000008,2026-05-28T13:09:21.782,2026-05-28T13:24:51.782,-930
multimetro,1649,-0.005908615,,355.26172399999996,2026-05-28T13:09:22.000,2026-05-28T13:24:52.000,-930
multimetro,1650,-0.005908469,,355.47698559999844,2026-05-28T13:09:22.210,2026-05-28T13:24:52.210,-930
multimetro,1651,-0.005908688,,355.69218660000115,2026-05-28T13:09:22.431,2026-05-28T13:24:52.431,-930
multimetro,1652,-0.005908751,,355.90726350000114,2026-05-28T13:09:22.643,2026-05-28T13:24:52.643,-930
multimetro,1653,-0.005908458,,356.1223862000006,2026-05-28T13:09:22.862,2026-05-28T13:24:52.862,-930
multimetro,1654,-0.005908165,,356.33754079999926,2026-05-28T13:09:23.076,2026-05-28T13:24:53.076,-930
multimetro,1655,-0.00590828,,356.55293769999844,2026-05-28T13:09:23.293,2026-05-28T13:24:53.293,-930
multimetro,1656,-0.005908207,,356.76795629999833,2026-05-28T13:09:23.505,2026-05-28T13:24:53.505,-930
multimetro,1657,-0.005908259,,356.98313749999943,2026-05-28T13:09:23.722,2026-05-28T13:24:53.722,-930
multimetro,1658,-0.00590805,,357.19801590000134,2026-05-28T13:09:23.939,2026-05-28T13:24:53.939,-930
multimetro,1659,-0.005907977,,357.41308840000056,2026-05-28T13:09:24.153,2026-05-28T13:24:54.153,-930
multimetro,1660,-0.005907977,,357.6280985000012,2026-05-28T13:09:24.366,2026-05-28T13:24:54.366,-930
multimetro,1661,-0.005908123,,357.84309080000094,2026-05-28T13:09:24.582,2026-05-28T13:24:54.582,-930
multimetro,1662,-0.005908259,,358.05825170000026,2026-05-28T13:09:24.799,2026-05-28T13:24:54.799,-930
multimetro,1663,-0.00590828,,358.2732322000011,2026-05-28T13:09:25.005,2026-05-28T13:24:55.005,-930
multimetro,1664,-0.005908259,,358.48844010000175,2026-05-28T13:09:25.222,2026-05-28T13:24:55.222,-930
multimetro,1665,-0.005908301,,358.7033228,2026-05-28T13:09:25.444,2026-05-28T13:24:55.444,-930
multimetro,1666,-0.005908123,,358.91843639999934,2026-05-28T13:09:25.655,2026-05-28T13:24:55.655,-930
multimetro,1667,-0.00590828,,359.1335336000011,2026-05-28T13:09:25.872,2026-05-28T13:24:55.872,-930
multimetro,1668,-0.005908217,,359.3487838000001,2026-05-28T13:09:26.089,2026-05-28T13:24:56.089,-930
multimetro,1669,-0.005908427,,359.56377639999846,2026-05-28T13:09:26.299,2026-05-28T13:24:56.299,-930
multimetro,1670,-0.005908479,,359.7788956000004,2026-05-28T13:09:26.515,2026-05-28T13:24:56.515,-930
multimetro,1671,-0.005908584,,359.99397749999844,2026-05-28T13:09:26.734,2026-05-28T13:24:56.734,-930
multimetro,1672,-0.00590849,,360.20905459999994,2026-05-28T13:09:26.948,2026-05-28T13:24:56.948,-930
multimetro,1673,-0.005908542,,360.4241140999984,2026-05-28T13:09:27.155,2026-05-28T13:24:57.155,-930
multimetro,1674,-0.005908647,,360.6390887999987,2026-05-28T13:09:27.372,2026-05-28T13:24:57.372,-930
multimetro,1675,-0.005908678,,360.85401830000046,2026-05-28T13:09:27.589,2026-05-28T13:24:57.589,-930
multimetro,1676,-0.005908469,,361.06921990000046,2026-05-28T13:09:27.806,2026-05-28T13:24:57.806,-930
multimetro,1677,-0.005908416,,361.28437080000003,2026-05-28T13:09:28.025,2026-05-28T13:24:58.025,-930
multimetro,1678,-0.005908469,,361.4994422999989,2026-05-28T13:09:28.239,2026-05-28T13:24:58.239,-930
multimetro,1679,-0.005908479,,361.7145089000005,2026-05-28T13:09:28.455,2026-05-28T13:24:58.455,-930
multimetro,1680,-0.005908605,,361.92961039999864,2026-05-28T13:09:28.665,2026-05-28T13:24:58.665,-930
multimetro,1681,-0.005908573,,362.1448229999987,2026-05-28T13:09:28.885,2026-05-28T13:24:58.885,-930
multimetro,1682,-0.005908458,,362.35983770000166,2026-05-28T13:09:29.098,2026-05-28T13:24:59.098,-930
multimetro,1683,-0.005908406,,362.5749328999991,2026-05-28T13:09:29.314,2026-05-28T13:24:59.314,-930
multimetro,1684,-0.005908238,,362.79005340000003,2026-05-28T13:09:29.526,2026-05-28T13:24:59.526,-930
multimetro,1685,-0.005908165,,363.0051925000007,2026-05-28T13:09:29.744,2026-05-28T13:24:59.744,-930
multimetro,1686,-0.005908259,,363.2203382000007,2026-05-28T13:09:29.960,2026-05-28T13:24:59.960,-930
multimetro,1687,-0.00590827,,363.4357033000015,2026-05-28T13:09:30.176,2026-05-28T13:25:00.176,-930
multimetro,1688,-0.005908301,,363.65100769999844,2026-05-28T13:09:30.389,2026-05-28T13:25:00.389,-930
multimetro,1689,-0.005908385,,363.86597659999825,2026-05-28T13:09:30.605,2026-05-28T13:25:00.605,-930
multimetro,1690,-0.005908102,,364.0810878000011,2026-05-28T13:09:30.822,2026-05-28T13:25:00.822,-930
multimetro,1691,-0.005907956,,364.29604570000083,2026-05-28T13:09:31.036,2026-05-28T13:25:01.036,-930
multimetro,1692,-0.005907966,,364.51115500000014,2026-05-28T13:09:31.245,2026-05-28T13:25:01.245,-930
multimetro,1693,-0.005907945,,364.7262315000007,2026-05-28T13:09:31.465,2026-05-28T13:25:01.465,-930
multimetro,1694,-0.005907882,,364.9414633999986,2026-05-28T13:09:31.682,2026-05-28T13:25:01.682,-930
multimetro,1695,-0.005908018,,365.156440499999,2026-05-28T13:09:31.889,2026-05-28T13:25:01.889,-930
multimetro,1696,-0.005908113,,365.37156909999976,2026-05-28T13:09:32.106,2026-05-28T13:25:02.106,-930
multimetro,1697,-0.005908207,,365.58667140000034,2026-05-28T13:09:32.322,2026-05-28T13:25:02.322,-930
multimetro,1698,-0.005908364,,365.80179940000016,2026-05-28T13:09:32.539,2026-05-28T13:25:02.539,-930
multimetro,1699,-0.005908301,,366.01700960000016,2026-05-28T13:09:32.756,2026-05-28T13:25:02.756,-930
multimetro,1700,-0.005908144,,366.23199469999963,2026-05-28T13:09:32.973,2026-05-28T13:25:02.973,-930
multimetro,1701,-0.005908249,,366.44709579999835,2026-05-28T13:09:33.186,2026-05-28T13:25:03.186,-930
multimetro,1702,-0.005908165,,366.6620624999996,2026-05-28T13:09:33.393,2026-05-28T13:25:03.393,-930
multimetro,1703,-0.005908228,,366.877175900001,2026-05-28T13:09:33.617,2026-05-28T13:25:03.617,-930
multimetro,1704,-0.005908186,,367.0921199000004,2026-05-28T13:09:33.832,2026-05-28T13:25:03.832,-930
multimetro,1705,-0.005908154,,367.3072131000008,2026-05-28T13:09:34.047,2026-05-28T13:25:04.047,-930
multimetro,1706,-0.005908217,,367.5223451999991,2026-05-28T13:09:34.255,2026-05-28T13:25:04.255,-930
multimetro,1707,-0.005908238,,367.73763899999904,2026-05-28T13:09:34.474,2026-05-28T13:25:04.474,-930
multimetro,1708,-0.005908008,,367.9525619999986,2026-05-28T13:09:34.689,2026-05-28T13:25:04.689,-930
multimetro,1709,-0.005908259,,368.1676871000018,2026-05-28T13:09:34.905,2026-05-28T13:25:04.905,-930
multimetro,1710,-0.005908196,,368.3828399000013,2026-05-28T13:09:35.122,2026-05-28T13:25:05.122,-930
multimetro,1711,-0.005908123,,368.59791720000067,2026-05-28T13:09:35.339,2026-05-28T13:25:05.339,-930
multimetro,1712,-0.00590805,,368.8131265999982,2026-05-28T13:09:35.554,2026-05-28T13:25:05.554,-930
multimetro,1713,-0.005908092,,369.0281990000003,2026-05-28T13:09:35.765,2026-05-28T13:25:05.765,-930
multimetro,1714,-0.00590828,,369.24328279999827,2026-05-28T13:09:35.974,2026-05-28T13:25:05.974,-930
multimetro,1715,-0.005908154,,369.4583668000014,2026-05-28T13:09:36.199,2026-05-28T13:25:06.199,-930
multimetro,1716,-0.005908228,,369.6734264000006,2026-05-28T13:09:36.405,2026-05-28T13:25:06.405,-930
multimetro,1717,-0.005908165,,369.8883726999993,2026-05-28T13:09:36.624,2026-05-28T13:25:06.624,-930
multimetro,1718,-0.005908353,,370.10358930000075,2026-05-28T13:09:36.843,2026-05-28T13:25:06.843,-930
multimetro,1719,-0.005908332,,370.3184857000015,2026-05-28T13:09:37.059,2026-05-28T13:25:07.059,-930
multimetro,1720,-0.005908291,,370.5337483000003,2026-05-28T13:09:37.275,2026-05-28T13:25:07.275,-930
multimetro,1721,-0.005907903,,370.7486615000016,2026-05-28T13:09:37.489,2026-05-28T13:25:07.489,-930
multimetro,1722,-0.005907893,,370.9638640000012,2026-05-28T13:09:37.700,2026-05-28T13:25:07.700,-930
multimetro,1723,-0.005908165,,371.17896610000025,2026-05-28T13:09:37.915,2026-05-28T13:25:07.915,-930
multimetro,1724,-0.005907851,,371.39412430000084,2026-05-28T13:09:38.126,2026-05-28T13:25:08.126,-930
multimetro,1725,-0.005907809,,371.6093069000017,2026-05-28T13:09:38.343,2026-05-28T13:25:08.343,-930
multimetro,1726,-0.005908113,,371.82435519999854,2026-05-28T13:09:38.565,2026-05-28T13:25:08.565,-930
multimetro,1727,-0.00590783,,372.0395693999999,2026-05-28T13:09:38.776,2026-05-28T13:25:08.776,-930
multimetro,1728,-0.00590783,,372.25453449999986,2026-05-28T13:09:38.995,2026-05-28T13:25:08.995,-930
multimetro,1729,-0.005907694,,372.4698457000013,2026-05-28T13:09:39.205,2026-05-28T13:25:09.205,-930
multimetro,1730,-0.005907757,,372.6849223999998,2026-05-28T13:09:39.422,2026-05-28T13:25:09.422,-930
multimetro,1731,-0.005907914,,372.9001118999986,2026-05-28T13:09:39.639,2026-05-28T13:25:09.639,-930
multimetro,1732,-0.005907914,,373.11502370000017,2026-05-28T13:09:39.855,2026-05-28T13:25:09.855,-930
multimetro,1733,-0.005907861,,373.3303655999989,2026-05-28T13:09:40.065,2026-05-28T13:25:10.065,-930
multimetro,1734,-0.005908071,,373.5453129000016,2026-05-28T13:09:40.282,2026-05-28T13:25:10.282,-930
multimetro,1735,-0.005908217,,373.76034269999946,2026-05-28T13:09:40.501,2026-05-28T13:25:10.501,-930
multimetro,1736,-0.005908207,,373.9754752000008,2026-05-28T13:09:40.715,2026-05-28T13:25:10.715,-930
multimetro,1737,-0.00590828,,374.1903861999999,2026-05-28T13:09:40.922,2026-05-28T13:25:10.922,-930
multimetro,1738,-0.005908217,,374.405561399999,2026-05-28T13:09:41.139,2026-05-28T13:25:11.139,-930
multimetro,1739,-0.005908008,,374.6206424999982,2026-05-28T13:09:41.355,2026-05-28T13:25:11.355,-930
multimetro,1740,-0.005908029,,374.8358369999987,2026-05-28T13:09:41.572,2026-05-28T13:25:11.572,-930
multimetro,1741,-0.005907767,,375.05079449999903,2026-05-28T13:09:41.789,2026-05-28T13:25:11.789,-930
multimetro,1742,-0.005907704,,375.2660042999996,2026-05-28T13:09:42.005,2026-05-28T13:25:12.005,-930
multimetro,1743,-0.005907715,,375.4809831999992,2026-05-28T13:09:42.221,2026-05-28T13:25:12.221,-930
multimetro,1744,-0.005907725,,375.6961448000002,2026-05-28T13:09:42.432,2026-05-28T13:25:12.432,-930
multimetro,1745,-0.005907641,,375.91116070000135,2026-05-28T13:09:42.651,2026-05-28T13:25:12.651,-930
multimetro,1746,-0.005907809,,376.12637879999966,2026-05-28T13:09:42.859,2026-05-28T13:25:12.859,-930
multimetro,1747,-0.005907914,,376.3414735000006,2026-05-28T13:09:43.076,2026-05-28T13:25:13.076,-930
multimetro,1748,-0.005907924,,376.5565752000002,2026-05-28T13:09:43.293,2026-05-28T13:25:13.293,-930
multimetro,1749,-0.005907924,,376.7716810999991,2026-05-28T13:09:43.507,2026-05-28T13:25:13.507,-930
multimetro,1750,-0.005907987,,376.98662949999925,2026-05-28T13:09:43.722,2026-05-28T13:25:13.722,-930
multimetro,1751,-0.005907715,,377.2018295000016,2026-05-28T13:09:43.940,2026-05-28T13:25:13.940,-930
multimetro,1752,-0.005907935,,377.41668890000074,2026-05-28T13:09:44.157,2026-05-28T13:25:14.157,-930
multimetro,1753,-0.005907987,,377.63173879999886,2026-05-28T13:09:44.366,2026-05-28T13:25:14.366,-930
multimetro,1754,-0.005908008,,377.8468861000001,2026-05-28T13:09:44.583,2026-05-28T13:25:14.583,-930
multimetro,1755,-0.005908029,,378.0619579999984,2026-05-28T13:09:44.797,2026-05-28T13:25:14.797,-930
multimetro,1756,-0.005907966,,378.27706780000153,2026-05-28T13:09:45.015,2026-05-28T13:25:15.015,-930
multimetro,1757,-0.00590805,,378.49217190000127,2026-05-28T13:09:45.231,2026-05-28T13:25:15.231,-930
multimetro,1758,-0.00590827,,378.70724730000074,2026-05-28T13:09:45.447,2026-05-28T13:25:15.447,-930
multimetro,1759,-0.005908102,,378.9225025000014,2026-05-28T13:09:45.661,2026-05-28T13:25:15.661,-930
multimetro,1760,-0.005907788,,379.13749050000115,2026-05-28T13:09:45.874,2026-05-28T13:25:15.874,-930
multimetro,1761,-0.005907987,,379.3525875000014,2026-05-28T13:09:46.093,2026-05-28T13:25:16.093,-930
multimetro,1762,-0.005908134,,379.5676640999991,2026-05-28T13:09:46.308,2026-05-28T13:25:16.308,-930
multimetro,1763,-0.005907987,,379.78262430000177,2026-05-28T13:09:46.524,2026-05-28T13:25:16.524,-930
multimetro,1764,-0.005908144,,379.99789969999983,2026-05-28T13:09:46.736,2026-05-28T13:25:16.736,-930
multimetro,1765,-0.005908154,,380.2128426999989,2026-05-28T13:09:46.946,2026-05-28T13:25:16.946,-930
multimetro,1766,-0.00590805,,380.4280288000009,2026-05-28T13:09:47.167,2026-05-28T13:25:17.167,-930
multimetro,1767,-0.005908238,,380.6429773999989,2026-05-28T13:09:47.383,2026-05-28T13:25:17.383,-930
multimetro,1768,-0.005907956,,380.8580452999995,2026-05-28T13:09:47.590,2026-05-28T13:25:17.590,-930
multimetro,1769,-0.005908092,,381.073142199999,2026-05-28T13:09:47.810,2026-05-28T13:25:17.810,-930
multimetro,1770,-0.005907788,,381.2882661000003,2026-05-28T13:09:48.022,2026-05-28T13:25:18.022,-930
multimetro,1771,-0.005907757,,381.50328660000014,2026-05-28T13:09:48.244,2026-05-28T13:25:18.244,-930
multimetro,1772,-0.005907704,,381.7186374999983,2026-05-28T13:09:48.451,2026-05-28T13:25:18.451,-930
multimetro,1773,-0.005907715,,381.9336008999999,2026-05-28T13:09:48.674,2026-05-28T13:25:18.674,-930
multimetro,1774,-0.005907778,,382.1487054999998,2026-05-28T13:09:48.887,2026-05-28T13:25:18.887,-930
multimetro,1775,-0.005907903,,382.3637979000014,2026-05-28T13:09:49.099,2026-05-28T13:25:19.099,-930
multimetro,1776,-0.005908144,,382.57871850000083,2026-05-28T13:09:49.317,2026-05-28T13:25:19.317,-930
multimetro,1777,-0.005908154,,382.79384819999905,2026-05-28T13:09:49.535,2026-05-28T13:25:19.535,-930
multimetro,1778,-0.005908008,,383.00900790000014,2026-05-28T13:09:49.742,2026-05-28T13:25:19.742,-930
multimetro,1779,-0.005908018,,383.2240052999987,2026-05-28T13:09:49.963,2026-05-28T13:25:19.963,-930
multimetro,1780,-0.005908081,,383.439285299999,2026-05-28T13:09:50.176,2026-05-28T13:25:20.176,-930
multimetro,1781,-0.005908395,,383.6543730000012,2026-05-28T13:09:50.393,2026-05-28T13:25:20.393,-930
multimetro,1782,-0.005908427,,383.869281700001,2026-05-28T13:09:50.605,2026-05-28T13:25:20.605,-930
multimetro,1783,-0.005908406,,384.0844165999988,2026-05-28T13:09:50.825,2026-05-28T13:25:20.825,-930
multimetro,1784,-0.005908238,,384.2995176000004,2026-05-28T13:09:51.032,2026-05-28T13:25:21.032,-930
multimetro,1785,-0.005908343,,384.5147450000004,2026-05-28T13:09:51.255,2026-05-28T13:25:21.255,-930
multimetro,1786,-0.005908123,,384.7296821000018,2026-05-28T13:09:51.465,2026-05-28T13:25:21.465,-930
multimetro,1787,-0.005908165,,384.94481520000045,2026-05-28T13:09:51.683,2026-05-28T13:25:21.683,-930
multimetro,1788,-0.005908092,,385.1599725999986,2026-05-28T13:09:51.893,2026-05-28T13:25:21.893,-930
multimetro,1789,-0.005908071,,385.37489579999965,2026-05-28T13:09:52.110,2026-05-28T13:25:22.110,-930
multimetro,1790,-0.005907977,,385.59001870000066,2026-05-28T13:09:52.331,2026-05-28T13:25:22.331,-930
multimetro,1791,-0.00590805,,385.80505849999827,2026-05-28T13:09:52.544,2026-05-28T13:25:22.544,-930
multimetro,1792,-0.005908029,,386.02023479999843,2026-05-28T13:09:52.757,2026-05-28T13:25:22.757,-930
multimetro,1793,-0.005908123,,386.2351928999997,2026-05-28T13:09:52.974,2026-05-28T13:25:22.974,-930
multimetro,1794,-0.005907966,,386.45032699999865,2026-05-28T13:09:53.191,2026-05-28T13:25:23.191,-930
multimetro,1795,-0.005908134,,386.6654305999982,2026-05-28T13:09:53.406,2026-05-28T13:25:23.406,-930
multimetro,1796,-0.005908092,,386.88054199999897,2026-05-28T13:09:53.620,2026-05-28T13:25:23.620,-930
multimetro,1797,-0.00590806,,387.09566730000006,2026-05-28T13:09:53.826,2026-05-28T13:25:23.826,-930
multimetro,1798,-0.005908134,,387.3109345999983,2026-05-28T13:09:54.048,2026-05-28T13:25:24.048,-930
multimetro,1799,-0.005908113,,387.5259670999985,2026-05-28T13:09:54.267,2026-05-28T13:25:24.267,-930
multimetro,1800,-0.005908071,,387.7411393000002,2026-05-28T13:09:54.474,2026-05-28T13:25:24.474,-930
multimetro,1801,-0.005908102,,387.95623780000096,2026-05-28T13:09:54.693,2026-05-28T13:25:24.693,-930
multimetro,1802,-0.005908039,,388.1712985000013,2026-05-28T13:09:54.910,2026-05-28T13:25:24.910,-930
multimetro,1803,-0.005908249,,388.3865082000011,2026-05-28T13:09:55.119,2026-05-28T13:25:25.119,-930
multimetro,1804,-0.005908134,,388.60160019999967,2026-05-28T13:09:55.336,2026-05-28T13:25:25.336,-930
multimetro,1805,-0.005908113,,388.81674639999983,2026-05-28T13:09:55.556,2026-05-28T13:25:25.556,-930
multimetro,1806,-0.005908018,,389.03173980000065,2026-05-28T13:09:55.772,2026-05-28T13:25:25.772,-930
multimetro,1807,-0.00590806,,389.2466917999991,2026-05-28T13:09:55.984,2026-05-28T13:25:25.984,-930
multimetro,1808,-0.005908018,,389.4616309999983,2026-05-28T13:09:56.193,2026-05-28T13:25:26.193,-930
multimetro,1809,-0.005908081,,389.67690930000026,2026-05-28T13:09:56.410,2026-05-28T13:25:26.410,-930
multimetro,1810,-0.005908186,,389.891857300001,2026-05-28T13:09:56.632,2026-05-28T13:25:26.632,-930
multimetro,1811,-0.005908071,,390.1072725000013,2026-05-28T13:09:56.838,2026-05-28T13:25:26.838,-930
multimetro,1812,-0.005907799,,390.3224795999995,2026-05-28T13:09:57.063,2026-05-28T13:25:27.063,-930
multimetro,1813,-0.005907861,,390.5374207999994,2026-05-28T13:09:57.273,2026-05-28T13:25:27.273,-930
multimetro,1814,-0.00590784,,390.75252349999937,2026-05-28T13:09:57.484,2026-05-28T13:25:27.484,-930
multimetro,1815,-0.005907725,,390.9674468999983,2026-05-28T13:09:57.700,2026-05-28T13:25:27.700,-930
multimetro,1816,-0.005907757,,391.1932511999985,2026-05-28T13:09:57.934,2026-05-28T13:25:27.934,-930
multimetro,1817,-0.005907851,,391.40845790000094,2026-05-28T13:09:58.148,2026-05-28T13:25:28.148,-930
multimetro,1818,-0.00590784,,391.62377149999884,2026-05-28T13:09:58.358,2026-05-28T13:25:28.358,-930
multimetro,1819,-0.005907851,,391.83890729999985,2026-05-28T13:09:58.579,2026-05-28T13:25:28.579,-930
multimetro,1820,-0.005907778,,392.0540465999984,2026-05-28T13:09:58.789,2026-05-28T13:25:28.789,-930
multimetro,1821,-0.005907882,,392.2690490999994,2026-05-28T13:09:59.010,2026-05-28T13:25:29.010,-930
multimetro,1822,-0.005907882,,392.4841626000016,2026-05-28T13:09:59.224,2026-05-28T13:25:29.224,-930
multimetro,1823,-0.005907966,,392.69929780000166,2026-05-28T13:09:59.438,2026-05-28T13:25:29.438,-930
multimetro,1824,-0.00590784,,392.9145280999983,2026-05-28T13:09:59.655,2026-05-28T13:25:29.655,-930
multimetro,1825,-0.00590783,,393.12957520000055,2026-05-28T13:09:59.864,2026-05-28T13:25:29.864,-930
multimetro,1826,-0.00590783,,393.3447229000012,2026-05-28T13:10:00.083,2026-05-28T13:25:30.083,-930
multimetro,1827,-0.005907903,,393.5597651999997,2026-05-28T13:10:00.296,2026-05-28T13:25:30.296,-930
multimetro,1828,-0.005907914,,393.77483610000127,2026-05-28T13:10:00.516,2026-05-28T13:25:30.516,-930
multimetro,1829,-0.00590784,,393.9899461999994,2026-05-28T13:10:00.723,2026-05-28T13:25:30.723,-930
multimetro,1830,-0.005908071,,394.2049076000003,2026-05-28T13:10:00.940,2026-05-28T13:25:30.940,-930
multimetro,1831,-0.005908186,,394.42039600000135,2026-05-28T13:10:01.159,2026-05-28T13:25:31.159,-930
multimetro,1832,-0.005908039,,394.6355377,2026-05-28T13:10:01.371,2026-05-28T13:25:31.371,-930
multimetro,1833,-0.005908113,,394.8507274000003,2026-05-28T13:10:01.591,2026-05-28T13:25:31.591,-930
multimetro,1834,-0.005908029,,395.065845000001,2026-05-28T13:10:01.797,2026-05-28T13:25:31.797,-930
multimetro,1835,-0.005907977,,395.2809938999999,2026-05-28T13:10:02.013,2026-05-28T13:25:32.013,-930
multimetro,1836,-0.005907851,,395.49626050000006,2026-05-28T13:10:02.237,2026-05-28T13:25:32.237,-930
multimetro,1837,-0.005908102,,395.71165380000093,2026-05-28T13:10:02.450,2026-05-28T13:25:32.450,-930
multimetro,1838,-0.005907945,,395.9268317999995,2026-05-28T13:10:02.660,2026-05-28T13:25:32.660,-930
multimetro,1839,-0.005908134,,396.1420786000017,2026-05-28T13:10:02.883,2026-05-28T13:25:32.883,-930
multimetro,1840,-0.005908071,,396.35724839999966,2026-05-28T13:10:03.096,2026-05-28T13:25:33.096,-930
multimetro,1841,-0.005908039,,396.5724760000012,2026-05-28T13:10:03.305,2026-05-28T13:25:33.305,-930
multimetro,1842,-0.005907956,,396.78755250000177,2026-05-28T13:10:03.523,2026-05-28T13:25:33.523,-930
multimetro,1843,-0.00590784,,397.0024569999987,2026-05-28T13:10:03.741,2026-05-28T13:25:33.741,-930
multimetro,1844,-0.005907945,,397.2176302000007,2026-05-28T13:10:03.950,2026-05-28T13:25:33.950,-930
multimetro,1845,-0.005908071,,397.43277659999876,2026-05-28T13:10:04.167,2026-05-28T13:25:34.167,-930
multimetro,1846,-0.005908008,,397.6479575000012,2026-05-28T13:10:04.386,2026-05-28T13:25:34.386,-930
multimetro,1847,-0.005907893,,397.8629132999995,2026-05-28T13:10:04.597,2026-05-28T13:25:34.597,-930
multimetro,1848,-0.005908018,,398.0780550999989,2026-05-28T13:10:04.815,2026-05-28T13:25:34.815,-930
multimetro,1849,-0.005907767,,398.2933226999994,2026-05-28T13:10:05.032,2026-05-28T13:25:35.032,-930
multimetro,1850,-0.005907851,,398.50845480000135,2026-05-28T13:10:05.249,2026-05-28T13:25:35.249,-930
multimetro,1851,-0.005907903,,398.72352859999955,2026-05-28T13:10:05.460,2026-05-28T13:25:35.460,-930
multimetro,1852,-0.005907746,,398.9385961000007,2026-05-28T13:10:05.676,2026-05-28T13:25:35.676,-930
multimetro,1853,-0.005907945,,399.15371249999953,2026-05-28T13:10:05.893,2026-05-28T13:25:35.893,-930
multimetro,1854,-0.005907861,,399.36901959999886,2026-05-28T13:10:06.103,2026-05-28T13:25:36.103,-930
multimetro,1855,-0.005907809,,399.5842582000005,2026-05-28T13:10:06.319,2026-05-28T13:25:36.319,-930
multimetro,1856,-0.005907851,,399.79922219999935,2026-05-28T13:10:06.539,2026-05-28T13:25:36.539,-930
multimetro,1857,-0.005907778,,400.01448249999885,2026-05-28T13:10:06.746,2026-05-28T13:25:36.746,-930
