sensor,indice_balanza,masa_g,error,tiempo_s,fecha_hora_corregida,fecha_hora_pc_sin_corregir,correccion_reloj_s,indice_multimetro,voltaje_V
multimetro,,,,0.4155471999984002,2026-05-28T13:03:27.156,2026-05-28T13:18:57.156,-930,0.0,0.000407326
multimetro,,,,0.6552645000010671,2026-05-28T13:03:27.396,2026-05-28T13:18:57.396,-930,1.0,2.4415e-05
multimetro,,,,0.8699225999989721,2026-05-28T13:03:27.601,2026-05-28T13:18:57.601,-930,2.0,-0.000256624
balanza,0.0,,Error desde Arduino: HX711 not found.,1.0578906000009738,2026-05-28T13:03:27.798,2026-05-28T13:18:57.798,-930,,
multimetro,,,,1.0849125999993703,2026-05-28T13:03:27.818,2026-05-28T13:18:57.818,-930,3.0,-0.000387978
multimetro,,,,1.300101500000892,2026-05-28T13:03:28.041,2026-05-28T13:18:58.041,-930,4.0,-0.000530744
multimetro,,,,1.5152784999991127,2026-05-28T13:03:28.256,2026-05-28T13:18:58.256,-930,5.0,-0.000618574
multimetro,,,,1.7302512999995088,2026-05-28T13:03:28.461,2026-05-28T13:18:58.461,-930,6.0,-0.000751184
multimetro,,,,1.945188199999393,2026-05-28T13:03:28.681,2026-05-28T13:18:58.681,-930,7.0,-0.00094386
balanza,1.0,-35.67,,2.0513195999992604,2026-05-28T13:03:28.788,2026-05-28T13:18:58.788,-930,,
balanza,2.0,,Error desde Arduino: HX711 not found.,2.0743222999990394,2026-05-28T13:03:28.811,2026-05-28T13:18:58.811,-930,,
multimetro,,,,2.160308400001668,2026-05-28T13:03:28.901,2026-05-28T13:18:58.901,-930,8.0,-0.001093987
multimetro,,,,2.375248600001214,2026-05-28T13:03:29.109,2026-05-28T13:18:59.109,-930,9.0,-0.001239412
multimetro,,,,2.5903502000001026,2026-05-28T13:03:29.326,2026-05-28T13:18:59.326,-930,10.0,-0.001318522
multimetro,,,,2.805439399999159,2026-05-28T13:03:29.544,2026-05-28T13:18:59.544,-930,11.0,-0.001446483
multimetro,,,,3.0206753999991633,2026-05-28T13:03:29.759,2026-05-28T13:18:59.759,-930,12.0,-0.001998847
multimetro,,,,3.2355523000005633,2026-05-28T13:03:29.976,2026-05-28T13:18:59.976,-930,13.0,-0.002189765
multimetro,,,,3.4508382999993046,2026-05-28T13:03:30.192,2026-05-28T13:19:00.192,-930,14.0,-0.002187179
multimetro,,,,3.665859000000637,2026-05-28T13:03:30.398,2026-05-28T13:19:00.398,-930,15.0,-0.002140672
multimetro,,,,3.8811671000003116,2026-05-28T13:03:30.614,2026-05-28T13:19:00.614,-930,16.0,-0.002335735
balanza,3.0,,No llegó respuesta desde Arduino.,4.080094199998712,2026-05-28T13:03:30.821,2026-05-28T13:19:00.821,-930,,
multimetro,,,,4.096290000001318,2026-05-28T13:03:30.831,2026-05-28T13:19:00.831,-930,17.0,-0.001936384
multimetro,,,,4.311407599998347,2026-05-28T13:03:31.046,2026-05-28T13:19:01.046,-930,18.0,-0.001988461
multimetro,,,,4.52636480000001,2026-05-28T13:03:31.259,2026-05-28T13:19:01.259,-930,19.0,-0.001762963
multimetro,,,,4.741566199998488,2026-05-28T13:03:31.481,2026-05-28T13:19:01.481,-930,20.0,-0.001717378
multimetro,,,,4.956799799998407,2026-05-28T13:03:31.688,2026-05-28T13:19:01.688,-930,21.0,-0.001689099
multimetro,,,,5.171853200001351,2026-05-28T13:03:31.905,2026-05-28T13:19:01.905,-930,22.0,-0.001813951
balanza,4.0,-3.17,,5.355958399999508,2026-05-28T13:03:32.095,2026-05-28T13:19:02.095,-930,,
balanza,5.0,,Error desde Arduino: HX711 not found.,5.37920049999957,2026-05-28T13:03:32.115,2026-05-28T13:19:02.115,-930,,
multimetro,,,,5.387040300000081,2026-05-28T13:03:32.125,2026-05-28T13:19:02.125,-930,23.0,-0.001631139
multimetro,,,,5.601957499999116,2026-05-28T13:03:32.343,2026-05-28T13:19:02.343,-930,24.0,-0.001419859
multimetro,,,,5.817151700000977,2026-05-28T13:03:32.557,2026-05-28T13:19:02.557,-930,25.0,-0.00144752
multimetro,,,,6.032208000000537,2026-05-28T13:03:32.773,2026-05-28T13:19:02.773,-930,26.0,-0.001704301
multimetro,,,,6.247514300001058,2026-05-28T13:03:32.983,2026-05-28T13:19:02.983,-930,27.0,-0.001829614
balanza,6.0,-5.84,,6.265289200000552,2026-05-28T13:03:33.006,2026-05-28T13:19:03.006,-930,,
balanza,7.0,,Error desde Arduino: HX711 not found.,6.28839969999899,2026-05-28T13:03:33.024,2026-05-28T13:19:03.024,-930,,
multimetro,,,,6.462455500000942,2026-05-28T13:03:33.200,2026-05-28T13:19:03.200,-930,28.0,-0.001900546
multimetro,,,,6.67756240000017,2026-05-28T13:03:33.416,2026-05-28T13:19:03.416,-930,29.0,-0.001978588
multimetro,,,,6.892873400000099,2026-05-28T13:03:33.627,2026-05-28T13:19:03.627,-930,30.0,-0.002327034
multimetro,,,,7.1078338000006624,2026-05-28T13:03:33.848,2026-05-28T13:19:03.848,-930,31.0,-0.00267194
balanza,8.0,112.76,,7.2846061999989615,2026-05-28T13:03:34.023,2026-05-28T13:19:04.023,-930,,
balanza,9.0,,Error desde Arduino: HX711 not found.,7.307724099999177,2026-05-28T13:03:34.048,2026-05-28T13:19:04.048,-930,,
multimetro,,,,7.32306299999982,2026-05-28T13:03:34.061,2026-05-28T13:19:04.061,-930,32.0,-0.001848051
multimetro,,,,7.53823199999897,2026-05-28T13:03:34.277,2026-05-28T13:19:04.277,-930,33.0,-0.001871755
multimetro,,,,7.753363499999978,2026-05-28T13:03:34.494,2026-05-28T13:19:04.494,-930,34.0,-0.001618721
multimetro,,,,7.968437499999709,2026-05-28T13:03:34.709,2026-05-28T13:19:04.709,-930,35.0,-0.001630071
multimetro,,,,8.183461699998588,2026-05-28T13:03:34.924,2026-05-28T13:19:04.924,-930,36.0,-0.001628228
balanza,10.0,-12.86,,8.304009200001019,2026-05-28T13:03:35.044,2026-05-28T13:19:05.044,-930,,
balanza,11.0,,Error desde Arduino: HX711 not found.,8.32720479999989,2026-05-28T13:03:35.066,2026-05-28T13:19:05.066,-930,,
multimetro,,,,8.398550099998829,2026-05-28T13:03:35.139,2026-05-28T13:19:05.139,-930,37.0,-0.001365332
multimetro,,,,8.61374060000162,2026-05-28T13:03:35.354,2026-05-28T13:19:05.354,-930,38.0,-0.001090553
multimetro,,,,8.828839800000424,2026-05-28T13:03:35.561,2026-05-28T13:19:05.561,-930,39.0,-0.001034373
multimetro,,,,9.04394609999872,2026-05-28T13:03:35.785,2026-05-28T13:19:05.785,-930,40.0,-0.000939986
multimetro,,,,9.259145500000159,2026-05-28T13:03:35.999,2026-05-28T13:19:05.999,-930,41.0,-0.001177756
balanza,12.0,-22.67,,9.32330329999968,2026-05-28T13:03:36.056,2026-05-28T13:19:06.056,-930,,
balanza,13.0,,Error desde Arduino: HX711 not found.,9.34656299999915,2026-05-28T13:03:36.087,2026-05-28T13:19:06.087,-930,,
multimetro,,,,9.474366200000077,2026-05-28T13:03:36.208,2026-05-28T13:19:06.208,-930,42.0,-0.001792959
multimetro,,,,9.689784999998665,2026-05-28T13:03:36.423,2026-05-28T13:19:06.423,-930,43.0,-0.001833917
multimetro,,,,9.904752800001006,2026-05-28T13:03:36.646,2026-05-28T13:19:06.646,-930,44.0,-0.001719252
multimetro,,,,10.119832100001076,2026-05-28T13:03:36.856,2026-05-28T13:19:06.856,-930,45.0,-0.00162627
multimetro,,,,10.334699899998668,2026-05-28T13:03:37.073,2026-05-28T13:19:07.073,-930,46.0,-0.001614397
balanza,14.0,-26.39,,10.342754900000728,2026-05-28T13:03:37.083,2026-05-28T13:19:07.083,-930,,
balanza,15.0,,Error desde Arduino: HX711 not found.,10.366037600000709,2026-05-28T13:03:37.107,2026-05-28T13:19:07.107,-930,,
multimetro,,,,10.549855299999763,2026-05-28T13:03:37.290,2026-05-28T13:19:07.290,-930,47.0,-0.002017305
multimetro,,,,10.765099299998838,2026-05-28T13:03:37.506,2026-05-28T13:19:07.506,-930,48.0,-0.001902578
multimetro,,,,10.980165100001614,2026-05-28T13:03:37.716,2026-05-28T13:19:07.716,-930,49.0,-0.001714991
multimetro,,,,11.195242400001007,2026-05-28T13:03:37.936,2026-05-28T13:19:07.936,-930,50.0,-0.001758294
balanza,16.0,-28.0,,11.362192500000674,2026-05-28T13:03:38.100,2026-05-28T13:19:08.100,-930,,
balanza,17.0,,Error desde Arduino: HX711 not found.,11.385388999999122,2026-05-28T13:03:38.123,2026-05-28T13:19:08.123,-930,,
multimetro,,,,11.410333100000571,2026-05-28T13:03:38.151,2026-05-28T13:19:08.151,-930,51.0,-0.002090449
multimetro,,,,11.625299999999697,2026-05-28T13:03:38.366,2026-05-28T13:19:08.366,-930,52.0,-0.002111954
multimetro,,,,11.840487000001303,2026-05-28T13:03:38.573,2026-05-28T13:19:08.573,-930,53.0,-0.001957523
multimetro,,,,12.05556230000002,2026-05-28T13:03:38.790,2026-05-28T13:19:08.790,-930,54.0,-0.001992031
multimetro,,,,12.27051339999889,2026-05-28T13:03:39.010,2026-05-28T13:19:09.010,-930,55.0,-0.001975531
balanza,18.0,-34.2,,12.381550400001288,2026-05-28T13:03:39.122,2026-05-28T13:19:09.122,-930,,
balanza,19.0,,Error desde Arduino: HX711 not found.,12.404719300000579,2026-05-28T13:03:39.144,2026-05-28T13:19:09.144,-930,,
multimetro,,,,12.48594360000061,2026-05-28T13:03:39.223,2026-05-28T13:19:09.223,-930,56.0,-0.002160146
multimetro,,,,12.700855600000068,2026-05-28T13:03:39.441,2026-05-28T13:19:09.441,-930,57.0,-0.002057291
multimetro,,,,12.915856600000552,2026-05-28T13:03:39.656,2026-05-28T13:19:09.656,-930,58.0,-0.002140222
multimetro,,,,13.130879500000447,2026-05-28T13:03:39.866,2026-05-28T13:19:09.866,-930,59.0,-0.0020898
multimetro,,,,13.345979500001704,2026-05-28T13:03:40.081,2026-05-28T13:19:10.081,-930,60.0,-0.002096406
balanza,20.0,-34.9,,13.400715700001456,2026-05-28T13:03:40.141,2026-05-28T13:19:10.141,-930,,
balanza,21.0,,Error desde Arduino: HX711 not found.,13.423967899998388,2026-05-28T13:03:40.156,2026-05-28T13:19:10.156,-930,,
multimetro,,,,13.561031699999148,2026-05-28T13:03:40.294,2026-05-28T13:19:10.294,-930,61.0,-0.002044602
multimetro,,,,13.77600860000166,2026-05-28T13:03:40.515,2026-05-28T13:19:10.515,-930,62.0,-0.001994513
multimetro,,,,13.990952799998922,2026-05-28T13:03:40.727,2026-05-28T13:19:10.727,-930,63.0,-0.002081937
multimetro,,,,14.206200900000113,2026-05-28T13:03:40.944,2026-05-28T13:19:10.944,-930,64.0,-0.002048978
balanza,22.0,-37.68,,14.419778600000427,2026-05-28T13:03:41.158,2026-05-28T13:19:11.158,-930,,
multimetro,,,,14.421268499998405,2026-05-28T13:03:41.158,2026-05-28T13:19:11.158,-930,65.0,-0.002165632
balanza,23.0,,Error desde Arduino: HX711 not found.,14.442840499999875,2026-05-28T13:03:41.184,2026-05-28T13:19:11.184,-930,,
multimetro,,,,14.636599299999943,2026-05-28T13:03:41.373,2026-05-28T13:19:11.373,-930,66.0,-0.00211388
multimetro,,,,14.85176760000104,2026-05-28T13:03:41.593,2026-05-28T13:19:11.593,-930,67.0,-0.002189179
multimetro,,,,15.0667011000005,2026-05-28T13:03:41.807,2026-05-28T13:19:11.807,-930,68.0,-0.002156607
multimetro,,,,15.281937700001436,2026-05-28T13:03:42.020,2026-05-28T13:19:12.020,-930,69.0,-0.002125575
balanza,24.0,-41.15,,15.438696699999127,2026-05-28T13:03:42.173,2026-05-28T13:19:12.173,-930,,
balanza,25.0,,Error desde Arduino: HX711 not found.,15.461960500000714,2026-05-28T13:03:42.200,2026-05-28T13:19:12.200,-930,,
multimetro,,,,15.496947700001328,2026-05-28T13:03:42.237,2026-05-28T13:19:12.237,-930,70.0,-0.002093873
multimetro,,,,15.712185299998964,2026-05-28T13:03:42.444,2026-05-28T13:19:12.444,-930,71.0,-0.002080241
multimetro,,,,15.927098700001807,2026-05-28T13:03:42.666,2026-05-28T13:19:12.666,-930,72.0,-0.002111127
multimetro,,,,16.142558600000484,2026-05-28T13:03:42.883,2026-05-28T13:19:12.883,-930,73.0,-0.002109431
multimetro,,,,16.35750199999893,2026-05-28T13:03:43.090,2026-05-28T13:19:13.090,-930,74.0,-0.002145457
balanza,26.0,-39.34,,16.457466299998487,2026-05-28T13:03:43.190,2026-05-28T13:19:13.190,-930,,
balanza,27.0,,Error desde Arduino: HX711 not found.,16.480755299999146,2026-05-28T13:03:43.216,2026-05-28T13:19:13.216,-930,,
multimetro,,,,16.572643499999685,2026-05-28T13:03:43.306,2026-05-28T13:19:13.306,-930,75.0,-0.002080817
multimetro,,,,16.787602699998388,2026-05-28T13:03:43.523,2026-05-28T13:19:13.523,-930,76.0,-0.002154388
multimetro,,,,17.002838899999915,2026-05-28T13:03:43.740,2026-05-28T13:19:13.740,-930,77.0,-0.002049565
multimetro,,,,17.21784299999854,2026-05-28T13:03:43.956,2026-05-28T13:19:13.956,-930,78.0,-0.002101788
multimetro,,,,17.43311679999897,2026-05-28T13:03:44.173,2026-05-28T13:19:14.173,-930,79.0,-0.00207376
balanza,28.0,-42.76,,17.476154600000882,2026-05-28T13:03:44.216,2026-05-28T13:19:14.216,-930,,
balanza,29.0,,Error desde Arduino: HX711 not found.,17.499394499998743,2026-05-28T13:03:44.240,2026-05-28T13:19:14.240,-930,,
multimetro,,,,17.648237599998538,2026-05-28T13:03:44.383,2026-05-28T13:19:14.383,-930,80.0,-0.001984483
multimetro,,,,17.86322740000105,2026-05-28T13:03:44.600,2026-05-28T13:19:14.600,-930,81.0,-0.002088669
multimetro,,,,18.078435600000375,2026-05-28T13:03:44.819,2026-05-28T13:19:14.819,-930,82.0,-0.0021473
multimetro,,,,18.29336179999882,2026-05-28T13:03:45.033,2026-05-28T13:19:15.033,-930,83.0,-0.002193765
balanza,30.0,-40.43,,18.494636999999784,2026-05-28T13:03:45.233,2026-05-28T13:19:15.233,-930,,
multimetro,,,,18.50851369999873,2026-05-28T13:03:45.240,2026-05-28T13:19:15.240,-930,84.0,-0.002186363
balanza,31.0,,Error desde Arduino: HX711 not found.,18.517942800001038,2026-05-28T13:03:45.258,2026-05-28T13:19:15.258,-930,,
multimetro,,,,18.72361549999914,2026-05-28T13:03:45.456,2026-05-28T13:19:15.456,-930,85.0,-0.002154472
multimetro,,,,18.93874710000091,2026-05-28T13:03:45.673,2026-05-28T13:19:15.673,-930,86.0,-0.001999266
multimetro,,,,19.15382479999971,2026-05-28T13:03:45.890,2026-05-28T13:19:15.890,-930,87.0,-0.001932238
multimetro,,,,19.36903439999878,2026-05-28T13:03:46.106,2026-05-28T13:19:16.106,-930,88.0,-0.002011369
balanza,32.0,-43.47,,19.513220799999544,2026-05-28T13:03:46.254,2026-05-28T13:19:16.254,-930,,
balanza,33.0,,Error desde Arduino: HX711 not found.,19.536334100001113,2026-05-28T13:03:46.273,2026-05-28T13:19:16.273,-930,,
multimetro,,,,19.584049900000537,2026-05-28T13:03:46.323,2026-05-28T13:19:16.323,-930,89.0,-0.002062924
multimetro,,,,19.799121000000014,2026-05-28T13:03:46.540,2026-05-28T13:19:16.540,-930,90.0,-0.00210786
multimetro,,,,20.014233999998396,2026-05-28T13:03:46.751,2026-05-28T13:19:16.751,-930,91.0,-0.002145551
multimetro,,,,20.229356700001517,2026-05-28T13:03:46.966,2026-05-28T13:19:16.966,-930,92.0,-0.002111232
multimetro,,,,20.444372099998873,2026-05-28T13:03:47.183,2026-05-28T13:19:17.183,-930,93.0,-0.002108698
balanza,34.0,-43.86,,20.53173550000065,2026-05-28T13:03:47.273,2026-05-28T13:19:17.273,-930,,
balanza,35.0,,Error desde Arduino: HX711 not found.,20.554882199998247,2026-05-28T13:03:47.294,2026-05-28T13:19:17.294,-930,,
multimetro,,,,20.659307900001295,2026-05-28T13:03:47.400,2026-05-28T13:19:17.400,-930,94.0,-0.002131543
multimetro,,,,20.874687300001824,2026-05-28T13:03:47.606,2026-05-28T13:19:17.606,-930,95.0,-0.002210872
multimetro,,,,21.08967069999926,2026-05-28T13:03:47.823,2026-05-28T13:19:17.823,-930,96.0,-0.002156827
multimetro,,,,21.30493790000037,2026-05-28T13:03:48.044,2026-05-28T13:19:18.044,-930,97.0,-0.002162722
multimetro,,,,21.519922899999074,2026-05-28T13:03:48.260,2026-05-28T13:19:18.260,-930,98.0,-0.002150388
balanza,36.0,-48.6,,21.549907399999938,2026-05-28T13:03:48.290,2026-05-28T13:19:18.290,-930,,
balanza,37.0,,Error desde Arduino: HX711 not found.,21.573195699998905,2026-05-28T13:03:48.306,2026-05-28T13:19:18.306,-930,,
multimetro,,,,21.735015999998723,2026-05-28T13:03:48.475,2026-05-28T13:19:18.475,-930,99.0,-0.002143782
multimetro,,,,21.949942300001567,2026-05-28T13:03:48.690,2026-05-28T13:19:18.690,-930,100.0,-0.002169443
multimetro,,,,22.16504519999944,2026-05-28T13:03:48.906,2026-05-28T13:19:18.906,-930,101.0,-0.002189137
multimetro,,,,22.38021049999952,2026-05-28T13:03:49.120,2026-05-28T13:19:19.120,-930,102.0,-0.002178165
balanza,38.0,-48.85,,22.568234200000006,2026-05-28T13:03:49.306,2026-05-28T13:19:19.306,-930,,
balanza,39.0,,Error desde Arduino: HX711 not found.,22.59142939999947,2026-05-28T13:03:49.327,2026-05-28T13:19:19.327,-930,,
multimetro,,,,22.595329200001288,2026-05-28T13:03:49.333,2026-05-28T13:19:19.333,-930,103.0,-0.002177348
multimetro,,,,22.8104405999984,2026-05-28T13:03:49.548,2026-05-28T13:19:19.548,-930,104.0,-0.002152001
multimetro,,,,23.025811700001213,2026-05-28T13:03:49.761,2026-05-28T13:19:19.761,-930,105.0,-0.002138223
multimetro,,,,23.241033800000878,2026-05-28T13:03:49.981,2026-05-28T13:19:19.981,-930,106.0,-0.002147562
multimetro,,,,23.45610300000044,2026-05-28T13:03:50.194,2026-05-28T13:19:20.194,-930,107.0,-0.002212924
balanza,40.0,-49.9,,23.58634119999988,2026-05-28T13:03:50.327,2026-05-28T13:19:20.327,-930,,
balanza,41.0,,Error desde Arduino: HX711 not found.,23.609603799999604,2026-05-28T13:03:50.349,2026-05-28T13:19:20.349,-930,,
multimetro,,,,23.671186899999157,2026-05-28T13:03:50.406,2026-05-28T13:19:20.406,-930,108.0,-0.002188383
multimetro,,,,23.886169299999892,2026-05-28T13:03:50.627,2026-05-28T13:19:20.627,-930,109.0,-0.00218587
multimetro,,,,24.10122019999835,2026-05-28T13:03:50.840,2026-05-28T13:19:20.840,-930,110.0,-0.00219432
multimetro,,,,24.316411899999366,2026-05-28T13:03:51.057,2026-05-28T13:19:21.057,-930,111.0,-0.002210087
multimetro,,,,24.53156350000063,2026-05-28T13:03:51.268,2026-05-28T13:19:21.268,-930,112.0,-0.002178939
balanza,42.0,-51.47,,24.60450639999908,2026-05-28T13:03:51.340,2026-05-28T13:19:21.340,-930,,
balanza,43.0,,Error desde Arduino: HX711 not found.,24.627754900000582,2026-05-28T13:03:51.367,2026-05-28T13:19:21.367,-930,,
multimetro,,,,24.746686300000874,2026-05-28T13:03:51.483,2026-05-28T13:19:21.483,-930,113.0,-0.002182541
multimetro,,,,24.961753899999167,2026-05-28T13:03:51.696,2026-05-28T13:19:21.696,-930,114.0,-0.002211637
multimetro,,,,25.176979399999254,2026-05-28T13:03:51.916,2026-05-28T13:19:21.916,-930,115.0,-0.002172344
multimetro,,,,25.39204249999966,2026-05-28T13:03:52.133,2026-05-28T13:19:22.133,-930,116.0,-0.002167915
multimetro,,,,25.60723180000059,2026-05-28T13:03:52.340,2026-05-28T13:19:22.340,-930,117.0,-0.002272152
balanza,44.0,-54.53,,25.622545700000046,2026-05-28T13:03:52.363,2026-05-28T13:19:22.363,-930,,
balanza,45.0,,Error desde Arduino: HX711 not found.,25.64574740000171,2026-05-28T13:03:52.383,2026-05-28T13:19:22.383,-930,,
multimetro,,,,25.822463900000002,2026-05-28T13:03:52.556,2026-05-28T13:19:22.556,-930,118.0,-0.002328175
multimetro,,,,26.03772670000035,2026-05-28T13:03:52.773,2026-05-28T13:19:22.773,-930,119.0,-0.002300996
multimetro,,,,26.252707100000407,2026-05-28T13:03:52.989,2026-05-28T13:19:22.989,-930,120.0,-0.002287951
multimetro,,,,26.46783349999896,2026-05-28T13:03:53.206,2026-05-28T13:19:23.206,-930,121.0,-0.002307173
balanza,46.0,-54.79,,26.640597500001604,2026-05-28T13:03:53.377,2026-05-28T13:19:23.377,-930,,
balanza,47.0,,Error desde Arduino: HX711 not found.,26.663722099998267,2026-05-28T13:03:53.399,2026-05-28T13:19:23.399,-930,,
multimetro,,,,26.68284819999826,2026-05-28T13:03:53.424,2026-05-28T13:19:23.424,-930,122.0,-0.002315046
multimetro,,,,26.89813050000157,2026-05-28T13:03:53.637,2026-05-28T13:19:23.637,-930,123.0,-0.002314607
multimetro,,,,27.112953600000765,2026-05-28T13:03:53.854,2026-05-28T13:19:23.854,-930,124.0,-0.002301635
multimetro,,,,27.328252800001792,2026-05-28T13:03:54.061,2026-05-28T13:19:24.061,-930,125.0,-0.002330238
multimetro,,,,27.543455999999424,2026-05-28T13:03:54.280,2026-05-28T13:19:24.280,-930,126.0,-0.002374912
balanza,48.0,-58.68,,27.65859780000028,2026-05-28T13:03:54.390,2026-05-28T13:19:24.390,-930,,
balanza,49.0,-59.77,,27.671860200000083,2026-05-28T13:03:54.408,2026-05-28T13:19:24.408,-930,,
balanza,50.0,,Error desde Arduino: HX711 not found.,27.695098699998198,2026-05-28T13:03:54.435,2026-05-28T13:19:24.435,-930,,
multimetro,,,,27.758551399998396,2026-05-28T13:03:54.498,2026-05-28T13:19:24.498,-930,127.0,-0.002349879
multimetro,,,,27.97371750000093,2026-05-28T13:03:54.706,2026-05-28T13:19:24.706,-930,128.0,-0.002339745
multimetro,,,,28.188794000001508,2026-05-28T13:03:54.923,2026-05-28T13:19:24.923,-930,129.0,-0.002335724
multimetro,,,,28.404000700000324,2026-05-28T13:03:55.140,2026-05-28T13:19:25.140,-930,130.0,-0.002344676
multimetro,,,,28.6191347999993,2026-05-28T13:03:55.356,2026-05-28T13:19:25.356,-930,131.0,-0.002341315
balanza,51.0,-61.04,,28.689817599999515,2026-05-28T13:03:55.428,2026-05-28T13:19:25.428,-930,,
balanza,52.0,,Error desde Arduino: HX711 not found.,28.71291239999846,2026-05-28T13:03:55.449,2026-05-28T13:19:25.449,-930,,
multimetro,,,,28.83438179999939,2026-05-28T13:03:55.573,2026-05-28T13:19:25.573,-930,132.0,-0.002348853
multimetro,,,,29.049387200000638,2026-05-28T13:03:55.790,2026-05-28T13:19:25.790,-930,133.0,-0.002357208
multimetro,,,,29.26475009999922,2026-05-28T13:03:56.004,2026-05-28T13:19:26.004,-930,134.0,-0.002368159
multimetro,,,,29.480065700001433,2026-05-28T13:03:56.216,2026-05-28T13:19:26.216,-930,135.0,-0.002338687
multimetro,,,,29.6951201999982,2026-05-28T13:03:56.435,2026-05-28T13:19:26.435,-930,136.0,-0.002308942
balanza,53.0,-58.45,,29.707731499998772,2026-05-28T13:03:56.440,2026-05-28T13:19:26.440,-930,,
balanza,54.0,-60.1,,29.720801200001006,2026-05-28T13:03:56.461,2026-05-28T13:19:26.461,-930,,
balanza,55.0,,Error desde Arduino: HX711 not found.,29.7439329000008,2026-05-28T13:03:56.477,2026-05-28T13:19:26.477,-930,,
multimetro,,,,29.91021510000064,2026-05-28T13:03:56.649,2026-05-28T13:19:26.649,-930,137.0,-0.002269765
multimetro,,,,30.125416800001403,2026-05-28T13:03:56.866,2026-05-28T13:19:26.866,-930,138.0,-0.002173788
multimetro,,,,30.340509500001644,2026-05-28T13:03:57.073,2026-05-28T13:19:27.073,-930,139.0,-0.002119471
multimetro,,,,30.555590899999515,2026-05-28T13:03:57.293,2026-05-28T13:19:27.293,-930,140.0,-0.002260729
balanza,56.0,-61.55,,30.738700099998823,2026-05-28T13:03:57.473,2026-05-28T13:19:27.473,-930,,
balanza,57.0,,Error desde Arduino: HX711 not found.,30.761951299999055,2026-05-28T13:03:57.499,2026-05-28T13:19:27.499,-930,,
multimetro,,,,30.770727899998747,2026-05-28T13:03:57.506,2026-05-28T13:19:27.506,-930,141.0,-0.002321894
multimetro,,,,30.985827500000596,2026-05-28T13:03:57.727,2026-05-28T13:19:27.727,-930,142.0,-0.002344613
multimetro,,,,31.200974399998813,2026-05-28T13:03:57.941,2026-05-28T13:19:27.941,-930,143.0,-0.002380849
multimetro,,,,31.41621749999831,2026-05-28T13:03:58.157,2026-05-28T13:19:28.157,-930,144.0,-0.002384199
multimetro,,,,31.631353699998726,2026-05-28T13:03:58.366,2026-05-28T13:19:28.366,-930,145.0,-0.002411756
balanza,58.0,-63.65,,31.75666590000037,2026-05-28T13:03:58.494,2026-05-28T13:19:28.494,-930,,
balanza,59.0,,Error desde Arduino: HX711 not found.,31.77989460000026,2026-05-28T13:03:58.516,2026-05-28T13:19:28.516,-930,,
multimetro,,,,31.84671420000086,2026-05-28T13:03:58.583,2026-05-28T13:19:28.583,-930,146.0,-0.002432507
multimetro,,,,32.06164880000142,2026-05-28T13:03:58.800,2026-05-28T13:19:28.800,-930,147.0,-0.002443919
multimetro,,,,32.27685410000049,2026-05-28T13:03:59.011,2026-05-28T13:19:29.011,-930,148.0,-0.002364244
multimetro,,,,32.49167759999909,2026-05-28T13:03:59.231,2026-05-28T13:19:29.231,-930,149.0,-0.002355104
multimetro,,,,32.706896899999265,2026-05-28T13:03:59.444,2026-05-28T13:19:29.444,-930,150.0,-0.002392627
balanza,60.0,-63.11,,32.77465460000167,2026-05-28T13:03:59.506,2026-05-28T13:19:29.506,-930,,
balanza,61.0,,Error desde Arduino: HX711 not found.,32.79771840000103,2026-05-28T13:03:59.539,2026-05-28T13:19:29.539,-930,,
multimetro,,,,32.92195469999933,2026-05-28T13:03:59.663,2026-05-28T13:19:29.663,-930,151.0,-0.002382367
multimetro,,,,33.13718009999866,2026-05-28T13:03:59.873,2026-05-28T13:19:29.873,-930,152.0,-0.002393297
multimetro,,,,33.352141300001676,2026-05-28T13:04:00.093,2026-05-28T13:19:30.093,-930,153.0,-0.002353397
multimetro,,,,33.56751670000085,2026-05-28T13:04:00.307,2026-05-28T13:19:30.307,-930,154.0,-0.002410028
multimetro,,,,33.78241450000132,2026-05-28T13:04:00.523,2026-05-28T13:19:30.523,-930,155.0,-0.002417451
balanza,62.0,-65.62,,33.79241209999964,2026-05-28T13:04:00.533,2026-05-28T13:19:30.533,-930,,
balanza,63.0,-65.5,,33.80552570000145,2026-05-28T13:04:00.546,2026-05-28T13:19:30.546,-930,,
balanza,64.0,,Error desde Arduino: HX711 not found.,33.82880329999898,2026-05-28T13:04:00.566,2026-05-28T13:19:30.566,-930,,
multimetro,,,,33.99753129999954,2026-05-28T13:04:00.738,2026-05-28T13:19:30.738,-930,156.0,-0.002386628
multimetro,,,,34.21282910000082,2026-05-28T13:04:00.949,2026-05-28T13:19:30.949,-930,157.0,-0.002425942
multimetro,,,,34.42783639999834,2026-05-28T13:04:01.168,2026-05-28T13:19:31.168,-930,158.0,-0.00245442
multimetro,,,,34.643062300001475,2026-05-28T13:04:01.383,2026-05-28T13:19:31.383,-930,159.0,-0.002482144
balanza,65.0,-65.51,,34.823286999999254,2026-05-28T13:04:01.561,2026-05-28T13:19:31.561,-930,,
balanza,66.0,,Error desde Arduino: HX711 not found.,34.84641769999871,2026-05-28T13:04:01.583,2026-05-28T13:19:31.583,-930,,
multimetro,,,,34.858221700000286,2026-05-28T13:04:01.590,2026-05-28T13:19:31.590,-930,160.0,-0.002476019
multimetro,,,,35.0733192000007,2026-05-28T13:04:01.813,2026-05-28T13:19:31.813,-930,161.0,-0.002483777
multimetro,,,,35.288393599999836,2026-05-28T13:04:02.029,2026-05-28T13:19:32.029,-930,162.0,-0.002495022
multimetro,,,,35.5035214999989,2026-05-28T13:04:02.240,2026-05-28T13:19:32.240,-930,163.0,-0.002486552
multimetro,,,,35.71857159999854,2026-05-28T13:04:02.456,2026-05-28T13:19:32.456,-930,164.0,-0.002511491
balanza,67.0,-67.58,,35.84102020000137,2026-05-28T13:04:02.573,2026-05-28T13:19:32.573,-930,,
balanza,68.0,-68.04,,35.85410789999878,2026-05-28T13:04:02.590,2026-05-28T13:19:32.590,-930,,
balanza,69.0,,Error desde Arduino: HX711 not found.,35.87721569999849,2026-05-28T13:04:02.618,2026-05-28T13:19:32.618,-930,,
multimetro,,,,35.933800099999644,2026-05-28T13:04:02.673,2026-05-28T13:19:32.673,-930,165.0,-0.002509501
multimetro,,,,36.148767300001055,2026-05-28T13:04:02.889,2026-05-28T13:19:32.889,-930,166.0,-0.002523227
multimetro,,,,36.36394809999911,2026-05-28T13:04:03.099,2026-05-28T13:19:33.099,-930,167.0,-0.00255494
multimetro,,,,36.57916850000038,2026-05-28T13:04:03.319,2026-05-28T13:19:33.319,-930,168.0,-0.002520672
multimetro,,,,36.794372100001056,2026-05-28T13:04:03.535,2026-05-28T13:19:33.535,-930,169.0,-0.00254089
balanza,70.0,-69.29,,36.871876400000474,2026-05-28T13:04:03.607,2026-05-28T13:19:33.607,-930,,
balanza,71.0,,Error desde Arduino: HX711 not found.,36.8950705999996,2026-05-28T13:04:03.636,2026-05-28T13:19:33.636,-930,,
multimetro,,,,37.00964499999827,2026-05-28T13:04:03.749,2026-05-28T13:19:33.749,-930,170.0,-0.002532116
multimetro,,,,37.22471099999893,2026-05-28T13:04:03.956,2026-05-28T13:19:33.956,-930,171.0,-0.002502434
multimetro,,,,37.44013780000023,2026-05-28T13:04:04.173,2026-05-28T13:19:34.173,-930,172.0,-0.002472962
multimetro,,,,37.65533710000091,2026-05-28T13:04:04.390,2026-05-28T13:19:34.390,-930,173.0,-0.00240516
multimetro,,,,37.87044089999836,2026-05-28T13:04:04.607,2026-05-28T13:19:34.607,-930,174.0,-0.002329484
balanza,72.0,-69.92,,37.889575699999114,2026-05-28T13:04:04.630,2026-05-28T13:19:34.630,-930,,
balanza,73.0,-72.79,,37.902792100001534,2026-05-28T13:04:04.640,2026-05-28T13:19:34.640,-930,,
balanza,74.0,,Error desde Arduino: HX711 not found.,37.92599390000032,2026-05-28T13:04:04.666,2026-05-28T13:19:34.666,-930,,
multimetro,,,,38.085671699998784,2026-05-28T13:04:04.826,2026-05-28T13:19:34.826,-930,175.0,-0.002352235
multimetro,,,,38.300724900000205,2026-05-28T13:04:05.041,2026-05-28T13:19:35.041,-930,176.0,-0.002467423
multimetro,,,,38.51579530000163,2026-05-28T13:04:05.256,2026-05-28T13:19:35.256,-930,177.0,-0.002534294
multimetro,,,,38.73088220000136,2026-05-28T13:04:05.466,2026-05-28T13:19:35.466,-930,178.0,-0.002571419
balanza,75.0,-72.45,,38.920556100001704,2026-05-28T13:04:05.656,2026-05-28T13:19:35.656,-930,,
balanza,76.0,,Error desde Arduino: HX711 not found.,38.94373970000015,2026-05-28T13:04:05.683,2026-05-28T13:19:35.683,-930,,
multimetro,,,,38.94595760000084,2026-05-28T13:04:05.683,2026-05-28T13:19:35.683,-930,179.0,-0.002562719
multimetro,,,,39.16080349999902,2026-05-28T13:04:05.894,2026-05-28T13:19:35.894,-930,180.0,-0.002583491
multimetro,,,,39.37600830000156,2026-05-28T13:04:06.116,2026-05-28T13:19:36.116,-930,181.0,-0.002579167
multimetro,,,,39.591022199998406,2026-05-28T13:04:06.332,2026-05-28T13:19:36.332,-930,182.0,-0.002577764
multimetro,,,,39.80627050000112,2026-05-28T13:04:06.544,2026-05-28T13:19:36.544,-930,183.0,-0.002575859
balanza,77.0,-72.47,,39.93832320000001,2026-05-28T13:04:06.673,2026-05-28T13:19:36.673,-930,,
balanza,78.0,-73.92,,39.951376699998946,2026-05-28T13:04:06.690,2026-05-28T13:19:36.690,-930,,
balanza,79.0,,Error desde Arduino: HX711 not found.,39.974534900000435,2026-05-28T13:04:06.707,2026-05-28T13:19:36.707,-930,,
multimetro,,,,40.021256100000755,2026-05-28T13:04:06.760,2026-05-28T13:19:36.760,-930,184.0,-0.002585512
multimetro,,,,40.23678089999885,2026-05-28T13:04:06.977,2026-05-28T13:19:36.977,-930,185.0,-0.002581156
multimetro,,,,40.45194590000028,2026-05-28T13:04:07.192,2026-05-28T13:19:37.192,-930,186.0,-0.002594296
multimetro,,,,40.66709590000028,2026-05-28T13:04:07.407,2026-05-28T13:19:37.407,-930,187.0,-0.002612576
multimetro,,,,40.882319699998334,2026-05-28T13:04:07.623,2026-05-28T13:19:37.623,-930,188.0,-0.002604546
balanza,80.0,-74.79,,40.96918300000107,2026-05-28T13:04:07.707,2026-05-28T13:19:37.707,-930,,
balanza,81.0,,Error desde Arduino: HX711 not found.,40.99239350000062,2026-05-28T13:04:07.727,2026-05-28T13:19:37.727,-930,,
multimetro,,,,41.09742639999968,2026-05-28T13:04:07.837,2026-05-28T13:19:37.837,-930,189.0,-0.002628605
multimetro,,,,41.312635900001624,2026-05-28T13:04:08.044,2026-05-28T13:19:38.044,-930,190.0,-0.002612524
multimetro,,,,41.527715699998225,2026-05-28T13:04:08.261,2026-05-28T13:19:38.261,-930,191.0,-0.002596013
multimetro,,,,41.74288979999983,2026-05-28T13:04:08.483,2026-05-28T13:19:38.483,-930,192.0,-0.002586663
multimetro,,,,41.958027000000584,2026-05-28T13:04:08.694,2026-05-28T13:19:38.694,-930,193.0,-0.002591082
balanza,82.0,-77.18,,41.9868959000014,2026-05-28T13:04:08.728,2026-05-28T13:19:38.728,-930,,
balanza,83.0,,Error desde Arduino: HX711 not found.,42.01018340000155,2026-05-28T13:04:08.750,2026-05-28T13:19:38.750,-930,,
multimetro,,,,42.173462599999766,2026-05-28T13:04:08.914,2026-05-28T13:19:38.914,-930,194.0,-0.002588998
multimetro,,,,42.3886437000001,2026-05-28T13:04:09.129,2026-05-28T13:19:39.129,-930,195.0,-0.002552584
multimetro,,,,42.60381480000069,2026-05-28T13:04:09.339,2026-05-28T13:19:39.339,-930,196.0,-0.002580675
multimetro,,,,42.81911400000172,2026-05-28T13:04:09.556,2026-05-28T13:19:39.556,-930,197.0,-0.002602473
balanza,84.0,-76.83,,43.004649999998946,2026-05-28T13:04:09.744,2026-05-28T13:19:39.744,-930,,
balanza,85.0,,Error desde Arduino: HX711 not found.,43.027771299999586,2026-05-28T13:04:09.768,2026-05-28T13:19:39.768,-930,,
multimetro,,,,43.03434500000003,2026-05-28T13:04:09.775,2026-05-28T13:19:39.775,-930,198.0,-0.002557369
multimetro,,,,43.24957640000139,2026-05-28T13:04:09.990,2026-05-28T13:19:39.990,-930,199.0,-0.002554322
multimetro,,,,43.46462519999841,2026-05-28T13:04:10.200,2026-05-28T13:19:40.200,-930,200.0,-0.002593039
multimetro,,,,43.680060499998945,2026-05-28T13:04:10.416,2026-05-28T13:19:40.416,-930,201.0,-0.002588014
multimetro,,,,43.895176199999696,2026-05-28T13:04:10.636,2026-05-28T13:19:40.636,-930,202.0,-0.002604096
balanza,86.0,-79.11,,44.02230780000173,2026-05-28T13:04:10.758,2026-05-28T13:19:40.758,-930,,
balanza,87.0,-80.73,,44.035463100000925,2026-05-28T13:04:10.773,2026-05-28T13:19:40.773,-930,,
balanza,88.0,,Error desde Arduino: HX711 not found.,44.05873630000133,2026-05-28T13:04:10.800,2026-05-28T13:19:40.800,-930,,
multimetro,,,,44.110417799998686,2026-05-28T13:04:10.842,2026-05-28T13:19:40.842,-930,203.0,-0.002619695
multimetro,,,,44.32544390000112,2026-05-28T13:04:11.066,2026-05-28T13:19:41.066,-930,204.0,-0.002602242
multimetro,,,,44.540624500001286,2026-05-28T13:04:11.273,2026-05-28T13:19:41.273,-930,205.0,-0.002603865
multimetro,,,,44.75583270000061,2026-05-28T13:04:11.490,2026-05-28T13:19:41.490,-930,206.0,-0.002612942
multimetro,,,,44.97092100000009,2026-05-28T13:04:11.709,2026-05-28T13:19:41.709,-930,207.0,-0.0025166
balanza,89.0,-80.27,,45.053247399999236,2026-05-28T13:04:11.790,2026-05-28T13:19:41.790,-930,,
balanza,90.0,,Error desde Arduino: HX711 not found.,45.07651519999854,2026-05-28T13:04:11.816,2026-05-28T13:19:41.816,-930,,
multimetro,,,,45.18617939999967,2026-05-28T13:04:11.927,2026-05-28T13:19:41.927,-930,208.0,-0.002468093
multimetro,,,,45.40113579999888,2026-05-28T13:04:12.140,2026-05-28T13:19:42.140,-930,209.0,-0.002386377
multimetro,,,,45.61621430000014,2026-05-28T13:04:12.356,2026-05-28T13:19:42.356,-930,210.0,-0.002321967
multimetro,,,,45.83152780000091,2026-05-28T13:04:12.572,2026-05-28T13:19:42.572,-930,211.0,-0.002260834
multimetro,,,,46.04688840000017,2026-05-28T13:04:12.782,2026-05-28T13:19:42.782,-930,212.0,-0.002422068
balanza,91.0,-81.14,,46.070837200000824,2026-05-28T13:04:12.811,2026-05-28T13:19:42.811,-930,,
balanza,92.0,-83.42,,46.0840094999985,2026-05-28T13:04:12.824,2026-05-28T13:19:42.824,-930,,
multimetro,,,,46.26191040000049,2026-05-28T13:04:13.003,2026-05-28T13:19:43.003,-930,213.0,-0.002577879
multimetro,,,,46.47709860000032,2026-05-28T13:04:13.216,2026-05-28T13:19:43.216,-930,214.0,-0.002615298
balanza,93.0,-84.78,,46.51339129999906,2026-05-28T13:04:13.253,2026-05-28T13:19:43.253,-930,,
multimetro,,,,46.692246700000396,2026-05-28T13:04:13.431,2026-05-28T13:19:43.431,-930,215.0,-0.002612231
multimetro,,,,46.907204600000114,2026-05-28T13:04:13.644,2026-05-28T13:19:43.644,-930,216.0,-0.002711672
balanza,94.0,-83.5,,47.013551500000176,2026-05-28T13:04:13.749,2026-05-28T13:19:43.749,-930,,
multimetro,,,,47.122328900000866,2026-05-28T13:04:13.863,2026-05-28T13:19:43.863,-930,217.0,-0.002692963
multimetro,,,,47.337479099998745,2026-05-28T13:04:14.077,2026-05-28T13:19:44.077,-930,218.0,-0.002581648
balanza,95.0,-83.65,,47.51352250000127,2026-05-28T13:04:14.249,2026-05-28T13:19:44.249,-930,,
multimetro,,,,47.552893299998686,2026-05-28T13:04:14.291,2026-05-28T13:19:44.291,-930,219.0,-0.00247782
multimetro,,,,47.76787759999934,2026-05-28T13:04:14.506,2026-05-28T13:19:44.506,-930,220.0,-0.002392135
multimetro,,,,47.98305120000077,2026-05-28T13:04:14.724,2026-05-28T13:19:44.724,-930,221.0,-0.002310995
balanza,96.0,-84.07,,48.01320290000149,2026-05-28T13:04:14.750,2026-05-28T13:19:44.750,-930,,
multimetro,,,,48.19816429999992,2026-05-28T13:04:14.937,2026-05-28T13:19:44.937,-930,222.0,-0.002251631
multimetro,,,,48.41317699999854,2026-05-28T13:04:15.153,2026-05-28T13:19:45.153,-930,223.0,-0.002187441
balanza,97.0,-85.01,,48.51329999999871,2026-05-28T13:04:15.249,2026-05-28T13:19:45.249,-930,,
multimetro,,,,48.6284983000005,2026-05-28T13:04:15.360,2026-05-28T13:19:45.360,-930,224.0,-0.002128517
multimetro,,,,48.84363709999889,2026-05-28T13:04:15.581,2026-05-28T13:19:45.581,-930,225.0,-0.00208222
balanza,98.0,-85.05,,49.0133539999988,2026-05-28T13:04:15.749,2026-05-28T13:19:45.749,-930,,
multimetro,,,,49.05881750000117,2026-05-28T13:04:15.794,2026-05-28T13:19:45.794,-930,226.0,-0.002046288
multimetro,,,,49.2738806999987,2026-05-28T13:04:16.015,2026-05-28T13:19:46.015,-930,227.0,-0.002022582
multimetro,,,,49.488967199999024,2026-05-28T13:04:16.229,2026-05-28T13:19:46.229,-930,228.0,-0.001993434
balanza,99.0,-87.31,,49.51351179999983,2026-05-28T13:04:16.254,2026-05-28T13:19:46.254,-930,,
multimetro,,,,49.70404899999994,2026-05-28T13:04:16.444,2026-05-28T13:19:46.444,-930,229.0,-0.001962758
multimetro,,,,49.91910590000043,2026-05-28T13:04:16.660,2026-05-28T13:19:46.660,-930,230.0,-0.001945252
balanza,100.0,-87.73,,50.013481999998476,2026-05-28T13:04:16.749,2026-05-28T13:19:46.749,-930,,
multimetro,,,,50.13440339999943,2026-05-28T13:04:16.873,2026-05-28T13:19:46.873,-930,231.0,-0.001937798
multimetro,,,,50.3495694000012,2026-05-28T13:04:17.090,2026-05-28T13:19:47.090,-930,232.0,-0.001926229
balanza,101.0,-88.72,,50.51330769999913,2026-05-28T13:04:17.249,2026-05-28T13:19:47.249,-930,,
multimetro,,,,50.56469989999823,2026-05-28T13:04:17.304,2026-05-28T13:19:47.304,-930,233.0,-0.001905425
multimetro,,,,50.77993939999942,2026-05-28T13:04:17.520,2026-05-28T13:19:47.520,-930,234.0,-0.001890129
multimetro,,,,50.99488080000083,2026-05-28T13:04:17.731,2026-05-28T13:19:47.731,-930,235.0,-0.001881345
balanza,102.0,-88.77,,51.013226200000645,2026-05-28T13:04:17.753,2026-05-28T13:19:47.753,-930,,
multimetro,,,,51.20997139999963,2026-05-28T13:04:17.950,2026-05-28T13:19:47.950,-930,236.0,-0.001887396
multimetro,,,,51.42539079999915,2026-05-28T13:04:18.166,2026-05-28T13:19:48.166,-930,237.0,-0.001904159
balanza,103.0,-88.21,,51.51331009999922,2026-05-28T13:04:18.249,2026-05-28T13:19:48.249,-930,,
multimetro,,,,51.640460200000234,2026-05-28T13:04:18.373,2026-05-28T13:19:48.373,-930,238.0,-0.002038299
multimetro,,,,51.85549919999903,2026-05-28T13:04:18.594,2026-05-28T13:19:48.594,-930,239.0,-0.002190833
balanza,104.0,-91.12,,52.013371400000324,2026-05-28T13:04:18.749,2026-05-28T13:19:48.749,-930,,
multimetro,,,,52.070560700001806,2026-05-28T13:04:18.811,2026-05-28T13:19:48.811,-930,240.0,-0.002252668
multimetro,,,,52.28566090000095,2026-05-28T13:04:19.026,2026-05-28T13:19:49.026,-930,241.0,-0.002195639
multimetro,,,,52.50067040000067,2026-05-28T13:04:19.241,2026-05-28T13:19:49.241,-930,242.0,-0.002145216
balanza,105.0,-90.72,,52.51344220000101,2026-05-28T13:04:19.253,2026-05-28T13:19:49.253,-930,,
multimetro,,,,52.715818199998466,2026-05-28T13:04:19.456,2026-05-28T13:19:49.456,-930,243.0,-0.002104918
multimetro,,,,52.93098169999939,2026-05-28T13:04:19.670,2026-05-28T13:19:49.670,-930,244.0,-0.002066013
balanza,106.0,-90.92,,53.01335050000125,2026-05-28T13:04:19.749,2026-05-28T13:19:49.749,-930,,
multimetro,,,,53.14608329999828,2026-05-28T13:04:19.883,2026-05-28T13:19:49.883,-930,245.0,-0.002026173
multimetro,,,,53.36117739999827,2026-05-28T13:04:20.095,2026-05-28T13:19:50.095,-930,246.0,-0.001995214
balanza,107.0,-91.62,,53.51346829999966,2026-05-28T13:04:20.249,2026-05-28T13:19:50.249,-930,,
multimetro,,,,53.57634899999903,2026-05-28T13:04:20.317,2026-05-28T13:19:50.317,-930,247.0,-0.001980944
multimetro,,,,53.79152840000097,2026-05-28T13:04:20.532,2026-05-28T13:19:50.532,-930,248.0,-0.001969793
multimetro,,,,54.00671430000148,2026-05-28T13:04:20.743,2026-05-28T13:19:50.743,-930,249.0,-0.001962611
balanza,108.0,-92.15,,54.01326229999904,2026-05-28T13:04:20.749,2026-05-28T13:19:50.749,-930,,
multimetro,,,,54.22195229999852,2026-05-28T13:04:20.956,2026-05-28T13:19:50.956,-930,250.0,-0.002098144
multimetro,,,,54.437039399999776,2026-05-28T13:04:21.173,2026-05-28T13:19:51.173,-930,251.0,-0.00239158
balanza,109.0,-93.51,,54.513240200001746,2026-05-28T13:04:21.253,2026-05-28T13:19:51.253,-930,,
multimetro,,,,54.652460400000564,2026-05-28T13:04:21.390,2026-05-28T13:19:51.390,-930,252.0,-0.002383372
multimetro,,,,54.8674949999986,2026-05-28T13:04:21.606,2026-05-28T13:19:51.606,-930,253.0,-0.002320595
balanza,110.0,-93.74,,55.013498600001185,2026-05-28T13:04:21.749,2026-05-28T13:19:51.749,-930,,
multimetro,,,,55.082609400000365,2026-05-28T13:04:21.823,2026-05-28T13:19:51.823,-930,254.0,-0.002261389
multimetro,,,,55.297547599999234,2026-05-28T13:04:22.038,2026-05-28T13:19:52.038,-930,255.0,-0.002214861
multimetro,,,,55.51264420000007,2026-05-28T13:04:22.249,2026-05-28T13:19:52.249,-930,256.0,-0.002182562
balanza,111.0,-93.09,,55.5134865,2026-05-28T13:04:22.249,2026-05-28T13:19:52.249,-930,,
multimetro,,,,55.727526200000284,2026-05-28T13:04:22.468,2026-05-28T13:19:52.468,-930,257.0,-0.002146598
multimetro,,,,55.9426397999996,2026-05-28T13:04:22.683,2026-05-28T13:19:52.683,-930,258.0,-0.00217272
balanza,112.0,-96.62,,56.013461099999404,2026-05-28T13:04:22.749,2026-05-28T13:19:52.749,-930,,
multimetro,,,,56.15778879999925,2026-05-28T13:04:22.889,2026-05-28T13:19:52.889,-930,259.0,-0.002159434
multimetro,,,,56.37273849999838,2026-05-28T13:04:23.110,2026-05-28T13:19:53.110,-930,260.0,-0.002138579
balanza,113.0,-97.55,,56.513423199998215,2026-05-28T13:04:23.254,2026-05-28T13:19:53.254,-930,,
multimetro,,,,56.587963999998465,2026-05-28T13:04:23.329,2026-05-28T13:19:53.329,-930,261.0,-0.002112854
multimetro,,,,56.80282779999834,2026-05-28T13:04:23.540,2026-05-28T13:19:53.540,-930,262.0,-0.002093998
balanza,114.0,-97.65,,57.01338620000024,2026-05-28T13:04:23.749,2026-05-28T13:19:53.749,-930,,
multimetro,,,,57.01809030000004,2026-05-28T13:04:23.759,2026-05-28T13:19:53.759,-930,263.0,-0.002077718
multimetro,,,,57.23305479999908,2026-05-28T13:04:23.973,2026-05-28T13:19:53.973,-930,264.0,-0.002069384
multimetro,,,,57.44837639999969,2026-05-28T13:04:24.189,2026-05-28T13:19:54.189,-930,265.0,-0.002087926
balanza,115.0,-99.86,,57.51351290000093,2026-05-28T13:04:24.249,2026-05-28T13:19:54.249,-930,,
multimetro,,,,57.66326470000058,2026-05-28T13:04:24.399,2026-05-28T13:19:54.399,-930,266.0,-0.002171077
multimetro,,,,57.878416200001084,2026-05-28T13:04:24.616,2026-05-28T13:19:54.616,-930,267.0,-0.002156932
balanza,116.0,-98.23,,58.01328149999972,2026-05-28T13:04:24.749,2026-05-28T13:19:54.749,-930,,
multimetro,,,,58.09352880000006,2026-05-28T13:04:24.827,2026-05-28T13:19:54.827,-930,268.0,-0.002140097
multimetro,,,,58.30865350000022,2026-05-28T13:04:25.044,2026-05-28T13:19:55.044,-930,269.0,-0.002125271
balanza,117.0,-99.47,,58.513328699998965,2026-05-28T13:04:25.249,2026-05-28T13:19:55.249,-930,,
multimetro,,,,58.52380640000047,2026-05-28T13:04:25.265,2026-05-28T13:19:55.265,-930,270.0,-0.002112216
multimetro,,,,58.73899159999928,2026-05-28T13:04:25.480,2026-05-28T13:19:55.480,-930,271.0,-0.002088177
multimetro,,,,58.95422680000047,2026-05-28T13:04:25.689,2026-05-28T13:19:55.689,-930,272.0,-0.0021014
balanza,118.0,-99.53,,59.01347810000152,2026-05-28T13:04:25.749,2026-05-28T13:19:55.749,-930,,
multimetro,,,,59.16932789999919,2026-05-28T13:04:25.906,2026-05-28T13:19:55.906,-930,273.0,-0.002292275
multimetro,,,,59.38450390000071,2026-05-28T13:04:26.125,2026-05-28T13:19:56.125,-930,274.0,-0.002529446
balanza,119.0,-100.41,,59.51426210000136,2026-05-28T13:04:26.249,2026-05-28T13:19:56.249,-930,,
multimetro,,,,59.59948660000009,2026-05-28T13:04:26.340,2026-05-28T13:19:56.340,-930,275.0,-0.002624177
multimetro,,,,59.81496680000055,2026-05-28T13:04:26.556,2026-05-28T13:19:56.556,-930,276.0,-0.002559023
balanza,120.0,-101.24,,60.01437680000163,2026-05-28T13:04:26.752,2026-05-28T13:19:56.752,-930,,
multimetro,,,,60.03016170000046,2026-05-28T13:04:26.768,2026-05-28T13:19:56.768,-930,277.0,-0.002492132
multimetro,,,,60.24542440000005,2026-05-28T13:04:26.983,2026-05-28T13:19:56.983,-930,278.0,-0.002442013
multimetro,,,,60.46039020000171,2026-05-28T13:04:27.200,2026-05-28T13:19:57.200,-930,279.0,-0.002553181
balanza,121.0,-101.63,,60.51446750000105,2026-05-28T13:04:27.250,2026-05-28T13:19:57.250,-930,,
multimetro,,,,60.675725500001136,2026-05-28T13:04:27.416,2026-05-28T13:19:57.416,-930,280.0,-0.002569891
multimetro,,,,60.890853299999435,2026-05-28T13:04:27.631,2026-05-28T13:19:57.631,-930,281.0,-0.002506193
balanza,122.0,-104.07,,61.014458300000115,2026-05-28T13:04:27.755,2026-05-28T13:19:57.755,-930,,
multimetro,,,,61.105977499999426,2026-05-28T13:04:27.839,2026-05-28T13:19:57.839,-930,282.0,-0.002568289
multimetro,,,,61.32119410000087,2026-05-28T13:04:28.056,2026-05-28T13:19:58.056,-930,283.0,-0.002600578
balanza,123.0,-102.75,,61.5144747000013,2026-05-28T13:04:28.254,2026-05-28T13:19:58.254,-930,,
multimetro,,,,61.53624940000009,2026-05-28T13:04:28.273,2026-05-28T13:19:58.273,-930,284.0,-0.002640384
multimetro,,,,61.75141860000076,2026-05-28T13:04:28.490,2026-05-28T13:19:58.490,-930,285.0,-0.002624512
multimetro,,,,61.966395499999635,2026-05-28T13:04:28.706,2026-05-28T13:19:58.706,-930,286.0,-0.002563295
balanza,124.0,-101.58,,62.014463200001046,2026-05-28T13:04:28.749,2026-05-28T13:19:58.749,-930,,
multimetro,,,,62.181467400001566,2026-05-28T13:04:28.916,2026-05-28T13:19:58.916,-930,287.0,-0.0025351
multimetro,,,,62.397043799999665,2026-05-28T13:04:29.137,2026-05-28T13:19:59.137,-930,288.0,-0.00268175
balanza,125.0,-103.77,,62.514372800000274,2026-05-28T13:04:29.249,2026-05-28T13:19:59.249,-930,,
multimetro,,,,62.612173900000926,2026-05-28T13:04:29.350,2026-05-28T13:19:59.350,-930,289.0,-0.00278984
multimetro,,,,62.827183199999126,2026-05-28T13:04:29.566,2026-05-28T13:19:59.566,-930,290.0,-0.002749269
balanza,126.0,-105.72,,63.014563000000635,2026-05-28T13:04:29.753,2026-05-28T13:19:59.753,-930,,
multimetro,,,,63.04232160000174,2026-05-28T13:04:29.783,2026-05-28T13:19:59.783,-930,291.0,-0.002686671
multimetro,,,,63.25746889999937,2026-05-28T13:04:29.989,2026-05-28T13:19:59.989,-930,292.0,-0.00263249
multimetro,,,,63.47241639999993,2026-05-28T13:04:30.206,2026-05-28T13:20:00.206,-930,293.0,-0.002579198
balanza,127.0,-105.53,,63.51436090000061,2026-05-28T13:04:30.254,2026-05-28T13:20:00.254,-930,,
multimetro,,,,63.6879626000009,2026-05-28T13:04:30.429,2026-05-28T13:20:00.429,-930,294.0,-0.002529498
multimetro,,,,63.90306039999996,2026-05-28T13:04:30.640,2026-05-28T13:20:00.640,-930,295.0,-0.002479694
balanza,128.0,-105.81,,64.0145021999997,2026-05-28T13:04:30.749,2026-05-28T13:20:00.749,-930,,
multimetro,,,,64.11811769999986,2026-05-28T13:04:30.859,2026-05-28T13:20:00.859,-930,296.0,-0.002442066
multimetro,,,,64.33325319999858,2026-05-28T13:04:31.073,2026-05-28T13:20:01.073,-930,297.0,-0.002408332
balanza,129.0,-106.91,,64.51443899999867,2026-05-28T13:04:31.249,2026-05-28T13:20:01.249,-930,,
multimetro,,,,64.54827870000008,2026-05-28T13:04:31.289,2026-05-28T13:20:01.289,-930,298.0,-0.00238779
multimetro,,,,64.76348240000152,2026-05-28T13:04:31.499,2026-05-28T13:20:01.499,-930,299.0,-0.002476061
multimetro,,,,64.9786396999989,2026-05-28T13:04:31.710,2026-05-28T13:20:01.710,-930,300.0,-0.002603761
balanza,130.0,-107.27,,65.01436059999833,2026-05-28T13:04:31.755,2026-05-28T13:20:01.755,-930,,
multimetro,,,,65.1938098999999,2026-05-28T13:04:31.931,2026-05-28T13:20:01.931,-930,301.0,-0.002579533
multimetro,,,,65.40900429999965,2026-05-28T13:04:32.144,2026-05-28T13:20:02.144,-930,302.0,-0.002533247
balanza,131.0,-109.08,,65.51430429999891,2026-05-28T13:04:32.249,2026-05-28T13:20:02.249,-930,,
multimetro,,,,65.62414849999914,2026-05-28T13:04:32.365,2026-05-28T13:20:02.365,-930,303.0,-0.0025175
multimetro,,,,65.83948600000076,2026-05-28T13:04:32.577,2026-05-28T13:20:02.577,-930,304.0,-0.002466293
balanza,132.0,-108.71,,66.01443329999893,2026-05-28T13:04:32.749,2026-05-28T13:20:02.749,-930,,
multimetro,,,,66.05472680000094,2026-05-28T13:04:32.794,2026-05-28T13:20:02.794,-930,305.0,-0.002442191
multimetro,,,,66.2698186000016,2026-05-28T13:04:33.010,2026-05-28T13:20:03.010,-930,306.0,-0.002403568
multimetro,,,,66.48515229999975,2026-05-28T13:04:33.226,2026-05-28T13:20:03.226,-930,307.0,-0.002386995
balanza,133.0,-109.2,,66.51426070000161,2026-05-28T13:04:33.255,2026-05-28T13:20:03.255,-930,,
multimetro,,,,66.70022109999991,2026-05-28T13:04:33.441,2026-05-28T13:20:03.441,-930,308.0,-0.002365793
multimetro,,,,66.91533319999871,2026-05-28T13:04:33.656,2026-05-28T13:20:03.656,-930,309.0,-0.002346895
balanza,134.0,-110.87,,67.01443270000163,2026-05-28T13:04:33.749,2026-05-28T13:20:03.749,-930,,
multimetro,,,,67.13049350000074,2026-05-28T13:04:33.870,2026-05-28T13:20:03.870,-930,310.0,-0.00233206
multimetro,,,,67.34536569999909,2026-05-28T13:04:34.081,2026-05-28T13:20:04.081,-930,311.0,-0.002337127
balanza,135.0,-111.23,,67.51479240000117,2026-05-28T13:04:34.254,2026-05-28T13:20:04.254,-930,,
multimetro,,,,67.56042700000035,2026-05-28T13:04:34.292,2026-05-28T13:20:04.292,-930,312.0,-0.002374075
multimetro,,,,67.77550100000008,2026-05-28T13:04:34.516,2026-05-28T13:20:04.516,-930,313.0,-0.002370285
multimetro,,,,67.99065809999956,2026-05-28T13:04:34.731,2026-05-28T13:20:04.731,-930,314.0,-0.00235702
balanza,136.0,-112.31,,68.01437409999926,2026-05-28T13:04:34.750,2026-05-28T13:20:04.750,-930,,
multimetro,,,,68.2057418000004,2026-05-28T13:04:34.946,2026-05-28T13:20:04.946,-930,315.0,-0.002352172
multimetro,,,,68.42095709999921,2026-05-28T13:04:35.161,2026-05-28T13:20:05.161,-930,316.0,-0.002338582
balanza,137.0,-112.51,,68.51426060000085,2026-05-28T13:04:35.245,2026-05-28T13:20:05.245,-930,,
multimetro,,,,68.63604249999844,2026-05-28T13:04:35.376,2026-05-28T13:20:05.376,-930,317.0,-0.002331411
multimetro,,,,68.85126260000106,2026-05-28T13:04:35.591,2026-05-28T13:20:05.591,-930,318.0,-0.002322585
balanza,138.0,-112.74,,69.01443659999859,2026-05-28T13:04:35.746,2026-05-28T13:20:05.746,-930,,
multimetro,,,,69.06638509999902,2026-05-28T13:04:35.806,2026-05-28T13:20:05.806,-930,319.0,-0.002315758
multimetro,,,,69.28182039999956,2026-05-28T13:04:36.017,2026-05-28T13:20:06.017,-930,320.0,-0.002312062
multimetro,,,,69.49694589999854,2026-05-28T13:04:36.237,2026-05-28T13:20:06.237,-930,321.0,-0.002309937
balanza,139.0,-114.12,,69.51459389999945,2026-05-28T13:04:36.255,2026-05-28T13:20:06.255,-930,,
multimetro,,,,69.71209559999988,2026-05-28T13:04:36.443,2026-05-28T13:20:06.443,-930,322.0,-0.002307644
multimetro,,,,69.92720929999996,2026-05-28T13:04:36.667,2026-05-28T13:20:06.667,-930,323.0,-0.00230243
balanza,140.0,-113.53,,70.01434359999985,2026-05-28T13:04:36.754,2026-05-28T13:20:06.754,-930,,
multimetro,,,,70.1423595999986,2026-05-28T13:04:36.880,2026-05-28T13:20:06.880,-930,324.0,-0.002301362
multimetro,,,,70.35753950000071,2026-05-28T13:04:37.093,2026-05-28T13:20:07.093,-930,325.0,-0.002306838
balanza,141.0,-114.51,,70.51432570000179,2026-05-28T13:04:37.250,2026-05-28T13:20:07.250,-930,,
multimetro,,,,70.57263270000112,2026-05-28T13:04:37.310,2026-05-28T13:20:07.310,-930,326.0,-0.002310534
multimetro,,,,70.78775840000162,2026-05-28T13:04:37.527,2026-05-28T13:20:07.527,-930,327.0,-0.002310126
multimetro,,,,71.00275959999999,2026-05-28T13:04:37.742,2026-05-28T13:20:07.742,-930,328.0,-0.002311057
balanza,142.0,-115.95,,71.01442490000045,2026-05-28T13:04:37.746,2026-05-28T13:20:07.746,-930,,
multimetro,,,,71.21820959999968,2026-05-28T13:04:37.958,2026-05-28T13:20:07.958,-930,329.0,-0.002337043
multimetro,,,,71.433422099999,2026-05-28T13:04:38.174,2026-05-28T13:20:08.174,-930,330.0,-0.002468481
balanza,143.0,-116.16,,71.51443160000053,2026-05-28T13:04:38.253,2026-05-28T13:20:08.253,-930,,
multimetro,,,,71.64835070000117,2026-05-28T13:04:38.389,2026-05-28T13:20:08.389,-930,331.0,-0.002511595
multimetro,,,,71.8634974000015,2026-05-28T13:04:38.604,2026-05-28T13:20:08.604,-930,332.0,-0.002493891
balanza,144.0,-117.45,,72.01435449999917,2026-05-28T13:04:38.751,2026-05-28T13:20:08.751,-930,,
multimetro,,,,72.0787636999994,2026-05-28T13:04:38.810,2026-05-28T13:20:08.810,-930,333.0,-0.002476898
multimetro,,,,72.29388359999939,2026-05-28T13:04:39.034,2026-05-28T13:20:09.034,-930,334.0,-0.00245956
multimetro,,,,72.50878160000138,2026-05-28T13:04:39.249,2026-05-28T13:20:09.249,-930,335.0,-0.00244483
balanza,145.0,-117.7,,72.51451240000097,2026-05-28T13:04:39.249,2026-05-28T13:20:09.249,-930,,
multimetro,,,,72.72388389999833,2026-05-28T13:04:39.458,2026-05-28T13:20:09.458,-930,336.0,-0.00243347
multimetro,,,,72.93896920000043,2026-05-28T13:04:39.674,2026-05-28T13:20:09.674,-930,337.0,-0.002426277
balanza,146.0,-117.6,,73.01440300000104,2026-05-28T13:04:39.753,2026-05-28T13:20:09.753,-930,,
multimetro,,,,73.15407810000033,2026-05-28T13:04:39.890,2026-05-28T13:20:09.890,-930,338.0,-0.002420404
multimetro,,,,73.36917489999905,2026-05-28T13:04:40.110,2026-05-28T13:20:10.110,-930,339.0,-0.002417849
balanza,147.0,-120.79,,73.51454659999945,2026-05-28T13:04:40.251,2026-05-28T13:20:10.251,-930,,
multimetro,,,,73.58428139999887,2026-05-28T13:04:40.317,2026-05-28T13:20:10.317,-930,340.0,-0.002433805
multimetro,,,,73.79958590000024,2026-05-28T13:04:40.540,2026-05-28T13:20:10.540,-930,341.0,-0.002515867
multimetro,,,,74.0147853999988,2026-05-28T13:04:40.754,2026-05-28T13:20:10.754,-930,342.0,-0.002535142
balanza,148.0,-120.0,,74.01534570000149,2026-05-28T13:04:40.756,2026-05-28T13:20:10.756,-930,,
multimetro,,,,74.23054910000064,2026-05-28T13:04:40.970,2026-05-28T13:20:10.970,-930,343.0,-0.002524473
multimetro,,,,74.44550829999935,2026-05-28T13:04:41.186,2026-05-28T13:20:11.186,-930,344.0,-0.002514966
balanza,149.0,-120.39,,74.51450549999936,2026-05-28T13:04:41.253,2026-05-28T13:20:11.253,-930,,
multimetro,,,,74.66069309999875,2026-05-28T13:04:41.397,2026-05-28T13:20:11.397,-930,345.0,-0.002499722
multimetro,,,,74.87569259999873,2026-05-28T13:04:41.612,2026-05-28T13:20:11.612,-930,346.0,-0.002489316
balanza,150.0,-121.13,,75.01439590000155,2026-05-28T13:04:41.753,2026-05-28T13:20:11.753,-930,,
multimetro,,,,75.09085119999872,2026-05-28T13:04:41.829,2026-05-28T13:20:11.829,-930,347.0,-0.002480123
multimetro,,,,75.30592850000176,2026-05-28T13:04:42.043,2026-05-28T13:20:12.043,-930,348.0,-0.002478396
balanza,151.0,-121.08,,75.51451140000063,2026-05-28T13:04:42.254,2026-05-28T13:20:12.254,-930,,
multimetro,,,,75.52107180000166,2026-05-28T13:04:42.260,2026-05-28T13:20:12.260,-930,349.0,-0.002498414
multimetro,,,,75.73616649999894,2026-05-28T13:04:42.470,2026-05-28T13:20:12.470,-930,350.0,-0.002500037
multimetro,,,,75.95138589999988,2026-05-28T13:04:42.691,2026-05-28T13:20:12.691,-930,351.0,-0.002496927
balanza,152.0,-122.07,,76.01419479999822,2026-05-28T13:04:42.753,2026-05-28T13:20:12.753,-930,,
multimetro,,,,76.16654769999877,2026-05-28T13:04:42.906,2026-05-28T13:20:12.906,-930,352.0,-0.002494247
multimetro,,,,76.38167619999876,2026-05-28T13:04:43.116,2026-05-28T13:20:13.116,-930,353.0,-0.002492593
balanza,153.0,-121.28,,76.51445869999952,2026-05-28T13:04:43.247,2026-05-28T13:20:13.247,-930,,
multimetro,,,,76.59687530000156,2026-05-28T13:04:43.334,2026-05-28T13:20:13.334,-930,354.0,-0.002498686
multimetro,,,,76.8117487999989,2026-05-28T13:04:43.552,2026-05-28T13:20:13.552,-930,355.0,-0.002490237
balanza,154.0,-122.87,,77.01440649999859,2026-05-28T13:04:43.751,2026-05-28T13:20:13.751,-930,,
multimetro,,,,77.02707799999916,2026-05-28T13:04:43.758,2026-05-28T13:20:13.758,-930,356.0,-0.002485672
multimetro,,,,77.24216410000008,2026-05-28T13:04:43.977,2026-05-28T13:20:13.977,-930,357.0,-0.002494268
multimetro,,,,77.45726659999855,2026-05-28T13:04:44.195,2026-05-28T13:20:14.195,-930,358.0,-0.002500298
balanza,155.0,-121.99,,77.51437920000171,2026-05-28T13:04:44.250,2026-05-28T13:20:14.250,-930,,
multimetro,,,,77.67238809999981,2026-05-28T13:04:44.409,2026-05-28T13:20:14.409,-930,359.0,-0.002499639
multimetro,,,,77.88757070000065,2026-05-28T13:04:44.627,2026-05-28T13:20:14.627,-930,360.0,-0.002506277
balanza,156.0,-124.97,,78.0144063000007,2026-05-28T13:04:44.753,2026-05-28T13:20:14.753,-930,,
multimetro,,,,78.10248890000003,2026-05-28T13:04:44.842,2026-05-28T13:20:14.842,-930,361.0,-0.002507313
multimetro,,,,78.31771210000079,2026-05-28T13:04:45.056,2026-05-28T13:20:15.056,-930,362.0,-0.002501764
balanza,157.0,-124.96,,78.51437699999951,2026-05-28T13:04:45.249,2026-05-28T13:20:15.249,-930,,
multimetro,,,,78.53282449999824,2026-05-28T13:04:45.273,2026-05-28T13:20:15.273,-930,363.0,-0.002508706
multimetro,,,,78.748004699999,2026-05-28T13:04:45.483,2026-05-28T13:20:15.483,-930,364.0,-0.002510674
multimetro,,,,78.96318379999866,2026-05-28T13:04:45.700,2026-05-28T13:20:15.700,-930,365.0,-0.00251638
balanza,158.0,-125.96,,79.0145803000014,2026-05-28T13:04:45.755,2026-05-28T13:20:15.755,-930,,
multimetro,,,,79.17819800000143,2026-05-28T13:04:45.919,2026-05-28T13:20:15.919,-930,366.0,-0.002518683
multimetro,,,,79.39347640000051,2026-05-28T13:04:46.134,2026-05-28T13:20:16.134,-930,367.0,-0.002525405
balanza,159.0,-125.04,,79.51440619999994,2026-05-28T13:04:46.253,2026-05-28T13:20:16.253,-930,,
multimetro,,,,79.60849900000176,2026-05-28T13:04:46.349,2026-05-28T13:20:16.349,-930,368.0,-0.002518746
multimetro,,,,79.82380230000126,2026-05-28T13:04:46.560,2026-05-28T13:20:16.560,-930,369.0,-0.002514736
balanza,160.0,-128.12,,80.01489020000008,2026-05-28T13:04:46.756,2026-05-28T13:20:16.756,-930,,
multimetro,,,,80.03875229999903,2026-05-28T13:04:46.776,2026-05-28T13:20:16.776,-930,370.0,-0.0025155
multimetro,,,,80.25390530000004,2026-05-28T13:04:46.989,2026-05-28T13:20:16.989,-930,371.0,-0.002516453
multimetro,,,,80.46887929999866,2026-05-28T13:04:47.206,2026-05-28T13:20:17.206,-930,372.0,-0.002522986
balanza,161.0,-127.75,,80.51446049999868,2026-05-28T13:04:47.249,2026-05-28T13:20:17.249,-930,,
multimetro,,,,80.68401219999942,2026-05-28T13:04:47.425,2026-05-28T13:20:17.425,-930,373.0,-0.002527488
multimetro,,,,80.89909400000033,2026-05-28T13:04:47.640,2026-05-28T13:20:17.640,-930,374.0,-0.002534199
balanza,162.0,-128.03,,81.01429510000162,2026-05-28T13:04:47.753,2026-05-28T13:20:17.753,-930,,
multimetro,,,,81.11446649999925,2026-05-28T13:04:47.853,2026-05-28T13:20:17.853,-930,375.0,-0.002547182
multimetro,,,,81.32969840000078,2026-05-28T13:04:48.070,2026-05-28T13:20:18.070,-930,376.0,-0.002542785
balanza,163.0,-128.64,,81.51427329999933,2026-05-28T13:04:48.249,2026-05-28T13:20:18.249,-930,,
multimetro,,,,81.54468569999881,2026-05-28T13:04:48.283,2026-05-28T13:20:18.283,-930,377.0,-0.002545392
multimetro,,,,81.75976140000057,2026-05-28T13:04:48.500,2026-05-28T13:20:18.500,-930,378.0,-0.002547831
multimetro,,,,81.97490059999836,2026-05-28T13:04:48.706,2026-05-28T13:20:18.706,-930,379.0,-0.002553349
balanza,164.0,-131.23,,82.01442260000113,2026-05-28T13:04:48.749,2026-05-28T13:20:18.749,-930,,
multimetro,,,,82.19000589999996,2026-05-28T13:04:48.931,2026-05-28T13:20:18.931,-930,380.0,-0.002559201
multimetro,,,,82.40511680000054,2026-05-28T13:04:49.139,2026-05-28T13:20:19.139,-930,381.0,-0.00256496
balanza,165.0,-130.33,,82.51444419999825,2026-05-28T13:04:49.249,2026-05-28T13:20:19.249,-930,,
multimetro,,,,82.6203729000008,2026-05-28T13:04:49.356,2026-05-28T13:20:19.356,-930,382.0,-0.002569943
multimetro,,,,82.83531009999933,2026-05-28T13:04:49.573,2026-05-28T13:20:19.573,-930,383.0,-0.002577356
balanza,166.0,-128.72,,83.01436280000053,2026-05-28T13:04:49.749,2026-05-28T13:20:19.749,-930,,
multimetro,,,,83.05064489999859,2026-05-28T13:04:49.789,2026-05-28T13:20:19.789,-930,384.0,-0.002586779
multimetro,,,,83.26573110000027,2026-05-28T13:04:50.006,2026-05-28T13:20:20.006,-930,385.0,-0.002609309
multimetro,,,,83.48087730000043,2026-05-28T13:04:50.216,2026-05-28T13:20:20.216,-930,386.0,-0.002619497
balanza,167.0,-133.65,,83.51439039999968,2026-05-28T13:04:50.255,2026-05-28T13:20:20.255,-930,,
multimetro,,,,83.69594320000033,2026-05-28T13:04:50.433,2026-05-28T13:20:20.433,-930,387.0,-0.002621936
multimetro,,,,83.9109486999987,2026-05-28T13:04:50.651,2026-05-28T13:20:20.651,-930,388.0,-0.002618722
balanza,168.0,-130.88,,84.01444579999952,2026-05-28T13:04:50.750,2026-05-28T13:20:20.750,-930,,
multimetro,,,,84.1260203999991,2026-05-28T13:04:50.866,2026-05-28T13:20:20.866,-930,389.0,-0.002624459
multimetro,,,,84.34118949999902,2026-05-28T13:04:51.073,2026-05-28T13:20:21.073,-930,390.0,-0.002635515
balanza,169.0,-133.51,,84.51439010000104,2026-05-28T13:04:51.253,2026-05-28T13:20:21.253,-930,,
multimetro,,,,84.55615960000068,2026-05-28T13:04:51.289,2026-05-28T13:20:21.289,-930,391.0,-0.002623664
multimetro,,,,84.77110320000065,2026-05-28T13:04:51.506,2026-05-28T13:20:21.506,-930,392.0,-0.002621967
multimetro,,,,84.98636030000125,2026-05-28T13:04:51.723,2026-05-28T13:20:21.723,-930,393.0,-0.00262492
balanza,170.0,-132.93,,85.01427780000085,2026-05-28T13:04:51.755,2026-05-28T13:20:21.755,-930,,
multimetro,,,,85.20118319999892,2026-05-28T13:04:51.942,2026-05-28T13:20:21.942,-930,394.0,-0.002631191
multimetro,,,,85.41653660000156,2026-05-28T13:04:52.156,2026-05-28T13:20:22.156,-930,395.0,-0.002638468
balanza,171.0,-134.14,,85.51427849999891,2026-05-28T13:04:52.254,2026-05-28T13:20:22.254,-930,,
multimetro,,,,85.63151700000162,2026-05-28T13:04:52.372,2026-05-28T13:20:22.372,-930,396.0,-0.002645807
multimetro,,,,85.84678609999901,2026-05-28T13:04:52.583,2026-05-28T13:20:22.583,-930,397.0,-0.002653094
balanza,172.0,-135.04,,86.01428250000026,2026-05-28T13:04:52.755,2026-05-28T13:20:22.755,-930,,
multimetro,,,,86.0618644999995,2026-05-28T13:04:52.802,2026-05-28T13:20:22.802,-930,398.0,-0.002656528
multimetro,,,,86.27695590000076,2026-05-28T13:04:53.017,2026-05-28T13:20:23.017,-930,399.0,-0.00268599
multimetro,,,,86.49215009999898,2026-05-28T13:04:53.227,2026-05-28T13:20:23.227,-930,400.0,-0.002682629
balanza,173.0,-134.54,,86.51427519999925,2026-05-28T13:04:53.254,2026-05-28T13:20:23.254,-930,,
multimetro,,,,86.7072565999988,2026-05-28T13:04:53.443,2026-05-28T13:20:23.443,-930,401.0,-0.002695004
multimetro,,,,86.92234749999989,2026-05-28T13:04:53.663,2026-05-28T13:20:23.663,-930,402.0,-0.002733491
balanza,174.0,-137.08,,87.01442550000138,2026-05-28T13:04:53.754,2026-05-28T13:20:23.754,-930,,
multimetro,,,,87.1373754999986,2026-05-28T13:04:53.874,2026-05-28T13:20:23.874,-930,403.0,-0.002787421
multimetro,,,,87.35246779999943,2026-05-28T13:04:54.093,2026-05-28T13:20:24.093,-930,404.0,-0.002788541
balanza,175.0,-137.28,,87.51441790000172,2026-05-28T13:04:54.255,2026-05-28T13:20:24.255,-930,,
multimetro,,,,87.56760199999917,2026-05-28T13:04:54.306,2026-05-28T13:20:24.306,-930,405.0,-0.00278651
multimetro,,,,87.78295739999885,2026-05-28T13:04:54.523,2026-05-28T13:20:24.523,-930,406.0,-0.002781977
multimetro,,,,87.99779080000008,2026-05-28T13:04:54.738,2026-05-28T13:20:24.738,-930,407.0,-0.002791106
balanza,176.0,-138.71,,88.01461420000123,2026-05-28T13:04:54.753,2026-05-28T13:20:24.753,-930,,
multimetro,,,,88.21348450000005,2026-05-28T13:04:54.952,2026-05-28T13:20:24.952,-930,408.0,-0.002779705
multimetro,,,,88.42855200000122,2026-05-28T13:04:55.169,2026-05-28T13:20:25.169,-930,409.0,-0.002771381
balanza,177.0,-137.69,,88.51437530000112,2026-05-28T13:04:55.249,2026-05-28T13:20:25.249,-930,,
multimetro,,,,88.64387569999963,2026-05-28T13:04:55.376,2026-05-28T13:20:25.376,-930,410.0,-0.002769905
multimetro,,,,88.85908779999954,2026-05-28T13:04:55.593,2026-05-28T13:20:25.593,-930,411.0,-0.002765571
balanza,178.0,-140.01,,89.0145119000008,2026-05-28T13:04:55.749,2026-05-28T13:20:25.749,-930,,
multimetro,,,,89.07416219999868,2026-05-28T13:04:55.810,2026-05-28T13:20:25.810,-930,412.0,-0.002767089
multimetro,,,,89.28942989999996,2026-05-28T13:04:56.026,2026-05-28T13:20:26.026,-930,413.0,-0.002773057
multimetro,,,,89.50440810000146,2026-05-28T13:04:56.243,2026-05-28T13:20:26.243,-930,414.0,-0.002769958
balanza,179.0,-138.43,,89.51429740000094,2026-05-28T13:04:56.255,2026-05-28T13:20:26.255,-930,,
multimetro,,,,89.71953080000094,2026-05-28T13:04:56.460,2026-05-28T13:20:26.460,-930,415.0,-0.002777747
multimetro,,,,89.93447110000125,2026-05-28T13:04:56.675,2026-05-28T13:20:26.675,-930,416.0,-0.002781726
balanza,180.0,-140.69,,90.01420549999966,2026-05-28T13:04:56.749,2026-05-28T13:20:26.749,-930,,
multimetro,,,,90.1495849999992,2026-05-28T13:04:56.890,2026-05-28T13:20:26.890,-930,417.0,-0.002783819
multimetro,,,,90.36473789999945,2026-05-28T13:04:57.102,2026-05-28T13:20:27.102,-930,418.0,-0.002791421
balanza,181.0,-138.56,,90.51482380000016,2026-05-28T13:04:57.250,2026-05-28T13:20:27.250,-930,,
multimetro,,,,90.57991140000013,2026-05-28T13:04:57.320,2026-05-28T13:20:27.320,-930,419.0,-0.002788374
multimetro,,,,90.79719370000021,2026-05-28T13:04:57.538,2026-05-28T13:20:27.538,-930,420.0,-0.002805555
multimetro,,,,91.01237860000037,2026-05-28T13:04:57.744,2026-05-28T13:20:27.744,-930,421.0,-0.002797378
balanza,182.0,-141.74,,91.01474579999922,2026-05-28T13:04:57.754,2026-05-28T13:20:27.754,-930,,
multimetro,,,,91.22747359999994,2026-05-28T13:04:57.960,2026-05-28T13:20:27.960,-930,422.0,-0.002805586
multimetro,,,,91.44277579999834,2026-05-28T13:04:58.183,2026-05-28T13:20:28.183,-930,423.0,-0.002809292
balanza,183.0,-141.5,,91.51470609999888,2026-05-28T13:04:58.253,2026-05-28T13:20:28.253,-930,,
multimetro,,,,91.65784440000061,2026-05-28T13:04:58.396,2026-05-28T13:20:28.396,-930,424.0,-0.002812946
multimetro,,,,91.8729568000017,2026-05-28T13:04:58.606,2026-05-28T13:20:28.606,-930,425.0,-0.002816747
balanza,184.0,-141.24,,92.01425260000178,2026-05-28T13:04:58.753,2026-05-28T13:20:28.753,-930,,
multimetro,,,,92.088210599999,2026-05-28T13:04:58.823,2026-05-28T13:20:28.823,-930,426.0,-0.002813637
multimetro,,,,92.30347080000138,2026-05-28T13:04:59.043,2026-05-28T13:20:29.043,-930,427.0,-0.002816988
balanza,185.0,-143.52,,92.51454269999886,2026-05-28T13:04:59.253,2026-05-28T13:20:29.253,-930,,
multimetro,,,,92.51845799999865,2026-05-28T13:04:59.259,2026-05-28T13:20:29.259,-930,428.0,-0.002820474
multimetro,,,,92.73365619999822,2026-05-28T13:04:59.467,2026-05-28T13:20:29.467,-930,429.0,-0.002825395
multimetro,,,,92.94853240000157,2026-05-28T13:04:59.689,2026-05-28T13:20:29.689,-930,430.0,-0.002841382
balanza,186.0,-143.44,,93.01435420000053,2026-05-28T13:04:59.750,2026-05-28T13:20:29.750,-930,,
multimetro,,,,93.16375939999853,2026-05-28T13:04:59.895,2026-05-28T13:20:29.895,-930,431.0,-0.002847214
multimetro,,,,93.3788573999991,2026-05-28T13:05:00.112,2026-05-28T13:20:30.112,-930,432.0,-0.002850376
balanza,187.0,-143.08,,93.51444370000172,2026-05-28T13:05:00.253,2026-05-28T13:20:30.253,-930,,
multimetro,,,,93.59383700000035,2026-05-28T13:05:00.334,2026-05-28T13:20:30.334,-930,433.0,-0.0028478
multimetro,,,,93.80909260000044,2026-05-28T13:05:00.543,2026-05-28T13:20:30.543,-930,434.0,-0.002863369
balanza,188.0,-143.85,,94.01420309999958,2026-05-28T13:05:00.751,2026-05-28T13:20:30.751,-930,,
multimetro,,,,94.0241731999995,2026-05-28T13:05:00.762,2026-05-28T13:20:30.762,-930,435.0,-0.002861024
multimetro,,,,94.23947609999959,2026-05-28T13:05:00.980,2026-05-28T13:20:30.980,-930,436.0,-0.002867975
multimetro,,,,94.45449210000152,2026-05-28T13:05:01.186,2026-05-28T13:20:31.186,-930,437.0,-0.002871127
balanza,189.0,-145.82,,94.51424029999907,2026-05-28T13:05:01.249,2026-05-28T13:20:31.249,-930,,
multimetro,,,,94.66961920000176,2026-05-28T13:05:01.407,2026-05-28T13:20:31.407,-930,438.0,-0.002877032
multimetro,,,,94.88488779999898,2026-05-28T13:05:01.617,2026-05-28T13:20:31.617,-930,439.0,-0.002877869
balanza,190.0,-145.27,,95.01479749999999,2026-05-28T13:05:01.754,2026-05-28T13:20:31.754,-930,,
multimetro,,,,95.09988140000132,2026-05-28T13:05:01.840,2026-05-28T13:20:31.840,-930,440.0,-0.002880895
multimetro,,,,95.31494060000114,2026-05-28T13:05:02.053,2026-05-28T13:20:32.053,-930,441.0,-0.002887753
balanza,191.0,-145.49,,95.51430959999925,2026-05-28T13:05:02.250,2026-05-28T13:20:32.250,-930,,
multimetro,,,,95.5300462999985,2026-05-28T13:05:02.270,2026-05-28T13:20:32.270,-930,442.0,-0.002895731
multimetro,,,,95.74522589999833,2026-05-28T13:05:02.480,2026-05-28T13:20:32.480,-930,443.0,-0.0028975
multimetro,,,,95.96030080000128,2026-05-28T13:05:02.694,2026-05-28T13:20:32.694,-930,444.0,-0.002923088
balanza,192.0,-146.73,,96.01434470000095,2026-05-28T13:05:02.753,2026-05-28T13:20:32.753,-930,,
multimetro,,,,96.1755250999995,2026-05-28T13:05:02.916,2026-05-28T13:20:32.916,-930,445.0,-0.002915393
multimetro,,,,96.39074249999976,2026-05-28T13:05:03.123,2026-05-28T13:20:33.123,-930,446.0,-0.002916681
balanza,193.0,-146.24,,96.51433760000145,2026-05-28T13:05:03.250,2026-05-28T13:20:33.250,-930,,
multimetro,,,,96.60594489999858,2026-05-28T13:05:03.339,2026-05-28T13:20:33.339,-930,447.0,-0.002921832
multimetro,,,,96.82088600000134,2026-05-28T13:05:03.556,2026-05-28T13:20:33.556,-930,448.0,-0.00293471
balanza,194.0,-148.16,,97.01445230000172,2026-05-28T13:05:03.749,2026-05-28T13:20:33.749,-930,,
multimetro,,,,97.03613570000016,2026-05-28T13:05:03.773,2026-05-28T13:20:33.773,-930,449.0,-0.002935526
multimetro,,,,97.25104709999869,2026-05-28T13:05:03.991,2026-05-28T13:20:33.991,-930,450.0,-0.002938563
multimetro,,,,97.46617609999885,2026-05-28T13:05:04.207,2026-05-28T13:20:34.207,-930,451.0,-0.00294141
balanza,195.0,-148.76,,97.51484699999855,2026-05-28T13:05:04.256,2026-05-28T13:20:34.256,-930,,
multimetro,,,,97.68143350000173,2026-05-28T13:05:04.416,2026-05-28T13:20:34.416,-930,452.0,-0.002948812
multimetro,,,,97.89657200000147,2026-05-28T13:05:04.637,2026-05-28T13:20:34.637,-930,453.0,-0.002957911
balanza,196.0,-149.18,,98.01449639999919,2026-05-28T13:05:04.753,2026-05-28T13:20:34.753,-930,,
multimetro,,,,98.1116585000018,2026-05-28T13:05:04.843,2026-05-28T13:20:34.843,-930,454.0,-0.002957586
multimetro,,,,98.32673609999983,2026-05-28T13:05:05.060,2026-05-28T13:20:35.060,-930,455.0,-0.002977751
balanza,197.0,-150.63,,98.5143504000007,2026-05-28T13:05:05.249,2026-05-28T13:20:35.249,-930,,
multimetro,,,,98.54193769999983,2026-05-28T13:05:05.281,2026-05-28T13:20:35.281,-930,456.0,-0.002980724
multimetro,,,,98.75700940000024,2026-05-28T13:05:05.493,2026-05-28T13:20:35.493,-930,457.0,-0.00298129
multimetro,,,,98.97221239999999,2026-05-28T13:05:05.710,2026-05-28T13:20:35.710,-930,458.0,-0.003005904
balanza,198.0,-151.83,,99.01423179999983,2026-05-28T13:05:05.755,2026-05-28T13:20:35.755,-930,,
multimetro,,,,99.18725469999845,2026-05-28T13:05:05.927,2026-05-28T13:20:35.927,-930,459.0,-0.003003234
multimetro,,,,99.40249019999828,2026-05-28T13:05:06.143,2026-05-28T13:20:36.143,-930,460.0,-0.002999664
balanza,199.0,-149.33,,99.51432120000027,2026-05-28T13:05:06.253,2026-05-28T13:20:36.253,-930,,
multimetro,,,,99.6174428000013,2026-05-28T13:05:06.358,2026-05-28T13:20:36.358,-930,461.0,-0.00300805
multimetro,,,,99.83275979999962,2026-05-28T13:05:06.573,2026-05-28T13:20:36.573,-930,462.0,-0.003008417
balanza,200.0,-152.36,,100.01432310000018,2026-05-28T13:05:06.749,2026-05-28T13:20:36.749,-930,,
multimetro,,,,100.04766580000069,2026-05-28T13:05:06.787,2026-05-28T13:20:36.787,-930,463.0,-0.003011966
multimetro,,,,100.26304910000181,2026-05-28T13:05:07.003,2026-05-28T13:20:37.003,-930,464.0,-0.003018279
multimetro,,,,100.47819309999977,2026-05-28T13:05:07.210,2026-05-28T13:20:37.210,-930,465.0,-0.003020363
balanza,201.0,-151.66,,100.5143167999995,2026-05-28T13:05:07.255,2026-05-28T13:20:37.255,-930,,
multimetro,,,,100.693274199999,2026-05-28T13:05:07.431,2026-05-28T13:20:37.431,-930,466.0,-0.003028414
multimetro,,,,100.90849180000077,2026-05-28T13:05:07.643,2026-05-28T13:20:37.643,-930,467.0,-0.003035533
balanza,202.0,-153.62,,101.01447570000164,2026-05-28T13:05:07.749,2026-05-28T13:20:37.749,-930,,
multimetro,,,,101.12354179999966,2026-05-28T13:05:07.860,2026-05-28T13:20:37.860,-930,468.0,-0.003042088
multimetro,,,,101.33870670000033,2026-05-28T13:05:08.079,2026-05-28T13:20:38.079,-930,469.0,-0.003039931
balanza,203.0,-154.08,,101.51429020000069,2026-05-28T13:05:08.249,2026-05-28T13:20:38.249,-930,,
multimetro,,,,101.55372340000031,2026-05-28T13:05:08.293,2026-05-28T13:20:38.293,-930,470.0,-0.003046747
multimetro,,,,101.76886770000056,2026-05-28T13:05:08.506,2026-05-28T13:20:38.506,-930,471.0,-0.003052076
multimetro,,,,101.98393800000122,2026-05-28T13:05:08.723,2026-05-28T13:20:38.723,-930,472.0,-0.003060211
balanza,204.0,-154.57,,102.01426450000145,2026-05-28T13:05:08.755,2026-05-28T13:20:38.755,-930,,
multimetro,,,,102.19919780000055,2026-05-28T13:05:08.939,2026-05-28T13:20:38.939,-930,473.0,-0.003061676
multimetro,,,,102.44188700000086,2026-05-28T13:05:09.183,2026-05-28T13:20:39.183,-930,474.0,-0.003067131
balanza,205.0,-155.49,,102.51413500000126,2026-05-28T13:05:09.253,2026-05-28T13:20:39.253,-930,,
multimetro,,,,102.65653789999851,2026-05-28T13:05:09.389,2026-05-28T13:20:39.389,-930,475.0,-0.00307178
multimetro,,,,102.8716138000018,2026-05-28T13:05:09.606,2026-05-28T13:20:39.606,-930,476.0,-0.003073978
balanza,206.0,-155.12,,103.01431030000094,2026-05-28T13:05:09.749,2026-05-28T13:20:39.749,-930,,
multimetro,,,,103.08681960000104,2026-05-28T13:05:09.823,2026-05-28T13:20:39.823,-930,477.0,-0.003090165
multimetro,,,,103.30176900000151,2026-05-28T13:05:10.040,2026-05-28T13:20:40.040,-930,478.0,-0.003098499
balanza,207.0,-155.03,,103.5142846000017,2026-05-28T13:05:10.249,2026-05-28T13:20:40.249,-930,,
multimetro,,,,103.51696200000151,2026-05-28T13:05:10.256,2026-05-28T13:20:40.256,-930,479.0,-0.003111209
multimetro,,,,103.73188339999979,2026-05-28T13:05:10.473,2026-05-28T13:20:40.473,-930,480.0,-0.003108078
multimetro,,,,103.94711580000148,2026-05-28T13:05:10.683,2026-05-28T13:20:40.683,-930,481.0,-0.003108005
balanza,208.0,-155.9,,104.01444260000062,2026-05-28T13:05:10.753,2026-05-28T13:20:40.753,-930,,
multimetro,,,,104.16216540000096,2026-05-28T13:05:10.903,2026-05-28T13:20:40.903,-930,482.0,-0.003102372
multimetro,,,,104.37742110000181,2026-05-28T13:05:11.116,2026-05-28T13:20:41.116,-930,483.0,-0.003112162
balanza,209.0,-156.45,,104.51433009999892,2026-05-28T13:05:11.249,2026-05-28T13:20:41.249,-930,,
multimetro,,,,104.59239689999959,2026-05-28T13:05:11.333,2026-05-28T13:20:41.333,-930,484.0,-0.003109042
multimetro,,,,104.80748880000101,2026-05-28T13:05:11.548,2026-05-28T13:20:41.548,-930,485.0,-0.003109555
balanza,210.0,-158.21,,105.01442759999918,2026-05-28T13:05:11.749,2026-05-28T13:20:41.749,-930,,
multimetro,,,,105.0225251999982,2026-05-28T13:05:11.756,2026-05-28T13:20:41.756,-930,486.0,-0.003115324
multimetro,,,,105.23765750000166,2026-05-28T13:05:11.973,2026-05-28T13:20:41.973,-930,487.0,-0.003120883
multimetro,,,,105.45286850000048,2026-05-28T13:05:12.189,2026-05-28T13:20:42.189,-930,488.0,-0.0031275
balanza,211.0,-157.22,,105.51420430000144,2026-05-28T13:05:12.252,2026-05-28T13:20:42.252,-930,,
multimetro,,,,105.66778839999824,2026-05-28T13:05:12.406,2026-05-28T13:20:42.406,-930,489.0,-0.003131143
multimetro,,,,105.88290820000111,2026-05-28T13:05:12.623,2026-05-28T13:20:42.623,-930,490.0,-0.003134912
balanza,212.0,-159.33,,106.01430059999984,2026-05-28T13:05:12.752,2026-05-28T13:20:42.752,-930,,
multimetro,,,,106.0979757999994,2026-05-28T13:05:12.833,2026-05-28T13:20:42.833,-930,491.0,-0.003137645
multimetro,,,,106.31308379999973,2026-05-28T13:05:13.053,2026-05-28T13:20:43.053,-930,492.0,-0.003140461
balanza,213.0,-159.0,,106.51426219999848,2026-05-28T13:05:13.254,2026-05-28T13:20:43.254,-930,,
multimetro,,,,106.52801620000173,2026-05-28T13:05:13.266,2026-05-28T13:20:43.266,-930,493.0,-0.003145246
multimetro,,,,106.7430146000006,2026-05-28T13:05:13.483,2026-05-28T13:20:43.483,-930,494.0,-0.003151779
multimetro,,,,106.9581763999995,2026-05-28T13:05:13.689,2026-05-28T13:20:43.689,-930,495.0,-0.003158208
balanza,214.0,-160.11,,107.01429389999976,2026-05-28T13:05:13.749,2026-05-28T13:20:43.749,-930,,
multimetro,,,,107.17330180000135,2026-05-28T13:05:13.910,2026-05-28T13:20:43.910,-930,496.0,-0.003163819
multimetro,,,,107.38825029999862,2026-05-28T13:05:14.129,2026-05-28T13:20:44.129,-930,497.0,-0.0031703
balanza,215.0,-159.44,,107.51428700000179,2026-05-28T13:05:14.253,2026-05-28T13:20:44.253,-930,,
multimetro,,,,107.60329020000063,2026-05-28T13:05:14.343,2026-05-28T13:20:44.343,-930,498.0,-0.003175912
multimetro,,,,107.81829410000137,2026-05-28T13:05:14.558,2026-05-28T13:20:44.558,-930,499.0,-0.003178435
balanza,216.0,-161.27,,108.0146378999998,2026-05-28T13:05:14.749,2026-05-28T13:20:44.749,-930,,
multimetro,,,,108.03348190000179,2026-05-28T13:05:14.774,2026-05-28T13:20:44.774,-930,500.0,-0.003181168
multimetro,,,,108.24833619999845,2026-05-28T13:05:14.989,2026-05-28T13:20:44.989,-930,501.0,-0.00318456
multimetro,,,,108.46349399999963,2026-05-28T13:05:15.199,2026-05-28T13:20:45.199,-930,502.0,-0.003187837
balanza,217.0,-160.64,,108.51480559999982,2026-05-28T13:05:15.256,2026-05-28T13:20:45.256,-930,,
multimetro,,,,108.67858550000165,2026-05-28T13:05:15.418,2026-05-28T13:20:45.418,-930,503.0,-0.003191491
multimetro,,,,108.89346170000135,2026-05-28T13:05:15.632,2026-05-28T13:20:45.632,-930,504.0,-0.003193931
balanza,218.0,-161.85,,109.01439680000112,2026-05-28T13:05:15.753,2026-05-28T13:20:45.753,-930,,
multimetro,,,,109.10861540000042,2026-05-28T13:05:15.843,2026-05-28T13:20:45.843,-930,505.0,-0.003200998
multimetro,,,,109.32360590000098,2026-05-28T13:05:16.064,2026-05-28T13:20:46.064,-930,506.0,-0.003204693
balanza,219.0,-162.69,,109.51425630000085,2026-05-28T13:05:16.249,2026-05-28T13:20:46.249,-930,,
multimetro,,,,109.53865740000037,2026-05-28T13:05:16.279,2026-05-28T13:20:46.279,-930,507.0,-0.003209258
multimetro,,,,109.7538381000013,2026-05-28T13:05:16.489,2026-05-28T13:20:46.489,-930,508.0,-0.003213823
multimetro,,,,109.96914689999903,2026-05-28T13:05:16.706,2026-05-28T13:20:46.706,-930,509.0,-0.003219131
balanza,220.0,-162.99,,110.01478349999888,2026-05-28T13:05:16.756,2026-05-28T13:20:46.756,-930,,
multimetro,,,,110.18408940000154,2026-05-28T13:05:16.923,2026-05-28T13:20:46.923,-930,510.0,-0.003225497
multimetro,,,,110.39918309999848,2026-05-28T13:05:17.139,2026-05-28T13:20:47.139,-930,511.0,-0.003229559
balanza,221.0,-164.79,,110.51433560000078,2026-05-28T13:05:17.249,2026-05-28T13:20:47.249,-930,,
multimetro,,,,110.61433319999924,2026-05-28T13:05:17.354,2026-05-28T13:20:47.354,-930,512.0,-0.003235098
multimetro,,,,110.82938920000015,2026-05-28T13:05:17.570,2026-05-28T13:20:47.570,-930,513.0,-0.003239034
balanza,222.0,-164.14,,111.01433399999951,2026-05-28T13:05:17.749,2026-05-28T13:20:47.749,-930,,
multimetro,,,,111.04449119999845,2026-05-28T13:05:17.777,2026-05-28T13:20:47.777,-930,514.0,-0.003245641
multimetro,,,,111.25958679999894,2026-05-28T13:05:17.999,2026-05-28T13:20:47.999,-930,515.0,-0.003248782
multimetro,,,,111.47483329999886,2026-05-28T13:05:18.206,2026-05-28T13:20:48.206,-930,516.0,-0.003253305
balanza,223.0,-166.3,,111.51477750000049,2026-05-28T13:05:18.256,2026-05-28T13:20:48.256,-930,,
multimetro,,,,111.69002990000081,2026-05-28T13:05:18.423,2026-05-28T13:20:48.423,-930,517.0,-0.003255765
multimetro,,,,111.90523029999895,2026-05-28T13:05:18.639,2026-05-28T13:20:48.639,-930,518.0,-0.003259398
balanza,224.0,-165.57,,112.01435639999909,2026-05-28T13:05:18.749,2026-05-28T13:20:48.749,-930,,
multimetro,,,,112.12028310000096,2026-05-28T13:05:18.856,2026-05-28T13:20:48.856,-930,519.0,-0.003263994
multimetro,,,,112.3354732000007,2026-05-28T13:05:19.074,2026-05-28T13:20:49.074,-930,520.0,-0.003269784
balanza,225.0,-165.71,,112.51429310000094,2026-05-28T13:05:19.253,2026-05-28T13:20:49.253,-930,,
multimetro,,,,112.55052409999917,2026-05-28T13:05:19.289,2026-05-28T13:20:49.289,-930,521.0,-0.003274118
multimetro,,,,112.76578399999926,2026-05-28T13:05:19.506,2026-05-28T13:20:49.506,-930,522.0,-0.003276108
multimetro,,,,112.9807335000005,2026-05-28T13:05:19.717,2026-05-28T13:20:49.717,-930,523.0,-0.003281678
balanza,226.0,-167.86,,113.01444569999876,2026-05-28T13:05:19.755,2026-05-28T13:20:49.755,-930,,
multimetro,,,,113.19583309999871,2026-05-28T13:05:19.933,2026-05-28T13:20:49.933,-930,524.0,-0.003285991
multimetro,,,,113.41088319999835,2026-05-28T13:05:20.149,2026-05-28T13:20:50.149,-930,525.0,-0.003289195
balanza,227.0,-165.96,,113.51427079999849,2026-05-28T13:05:20.249,2026-05-28T13:20:50.249,-930,,
multimetro,,,,113.62596409999969,2026-05-28T13:05:20.366,2026-05-28T13:20:50.366,-930,526.0,-0.003296963
multimetro,,,,113.8411288999996,2026-05-28T13:05:20.574,2026-05-28T13:20:50.574,-930,527.0,-0.003300701
balanza,228.0,-168.25,,114.01426269999865,2026-05-28T13:05:20.754,2026-05-28T13:20:50.754,-930,,
multimetro,,,,114.0560742000016,2026-05-28T13:05:20.789,2026-05-28T13:20:50.789,-930,528.0,-0.003306543
multimetro,,,,114.27131549999831,2026-05-28T13:05:21.006,2026-05-28T13:20:51.006,-930,529.0,-0.003306114
multimetro,,,,114.48624629999904,2026-05-28T13:05:21.223,2026-05-28T13:20:51.223,-930,530.0,-0.003313589
balanza,229.0,-167.89,,114.5143070999984,2026-05-28T13:05:21.255,2026-05-28T13:20:51.255,-930,,
multimetro,,,,114.70146329999989,2026-05-28T13:05:21.439,2026-05-28T13:20:51.439,-930,531.0,-0.003319976
multimetro,,,,114.91636740000104,2026-05-28T13:05:21.656,2026-05-28T13:20:51.656,-930,532.0,-0.003322991
balanza,230.0,-170.1,,115.01485369999864,2026-05-28T13:05:21.756,2026-05-28T13:20:51.756,-930,,
multimetro,,,,115.13155069999993,2026-05-28T13:05:21.872,2026-05-28T13:20:51.872,-930,533.0,-0.003327514
multimetro,,,,115.34654949999822,2026-05-28T13:05:22.082,2026-05-28T13:20:52.082,-930,534.0,-0.00333366
balanza,231.0,-170.2,,115.5148560000016,2026-05-28T13:05:22.256,2026-05-28T13:20:52.256,-930,,
multimetro,,,,115.56186610000077,2026-05-28T13:05:22.299,2026-05-28T13:20:52.299,-930,535.0,-0.003337994
multimetro,,,,115.77680889999829,2026-05-28T13:05:22.516,2026-05-28T13:20:52.516,-930,536.0,-0.003344371
multimetro,,,,115.9923955000013,2026-05-28T13:05:22.733,2026-05-28T13:20:52.733,-930,537.0,-0.003344569
balanza,232.0,-171.2,,116.01430009999967,2026-05-28T13:05:22.755,2026-05-28T13:20:52.755,-930,,
multimetro,,,,116.20737699999881,2026-05-28T13:05:22.939,2026-05-28T13:20:52.939,-930,538.0,-0.003348475
multimetro,,,,116.42231140000149,2026-05-28T13:05:23.160,2026-05-28T13:20:53.160,-930,539.0,-0.003352903
balanza,233.0,-171.6,,116.5142592000011,2026-05-28T13:05:23.249,2026-05-28T13:20:53.249,-930,,
multimetro,,,,116.63750849999997,2026-05-28T13:05:23.377,2026-05-28T13:20:53.377,-930,540.0,-0.003359604
multimetro,,,,116.8525598999986,2026-05-28T13:05:23.593,2026-05-28T13:20:53.593,-930,541.0,-0.00336463
balanza,234.0,-170.81,,117.01430600000094,2026-05-28T13:05:23.749,2026-05-28T13:20:53.749,-930,,
multimetro,,,,117.06761750000078,2026-05-28T13:05:23.808,2026-05-28T13:20:53.808,-930,542.0,-0.003370262
multimetro,,,,117.2827174999984,2026-05-28T13:05:24.020,2026-05-28T13:20:54.020,-930,543.0,-0.003374126
multimetro,,,,117.49799949999942,2026-05-28T13:05:24.237,2026-05-28T13:20:54.237,-930,544.0,-0.00337934
balanza,235.0,-171.22,,117.51484640000126,2026-05-28T13:05:24.256,2026-05-28T13:20:54.256,-930,,
multimetro,,,,117.71305510000093,2026-05-28T13:05:24.449,2026-05-28T13:20:54.449,-930,545.0,-0.003386396
multimetro,,,,117.92822019999949,2026-05-28T13:05:24.669,2026-05-28T13:20:54.669,-930,546.0,-0.003387904
balanza,236.0,-172.06,,118.01479570000083,2026-05-28T13:05:24.756,2026-05-28T13:20:54.756,-930,,
multimetro,,,,118.14321869999912,2026-05-28T13:05:24.880,2026-05-28T13:20:54.880,-930,547.0,-0.003391118
multimetro,,,,118.35855409999931,2026-05-28T13:05:25.099,2026-05-28T13:20:55.099,-930,548.0,-0.003393578
balanza,237.0,-173.37,,118.51472970000032,2026-05-28T13:05:25.256,2026-05-28T13:20:55.256,-930,,
multimetro,,,,118.57347659999868,2026-05-28T13:05:25.309,2026-05-28T13:20:55.309,-930,549.0,-0.003398122
multimetro,,,,118.78882910000175,2026-05-28T13:05:25.523,2026-05-28T13:20:55.523,-930,550.0,-0.003400939
multimetro,,,,119.00410570000167,2026-05-28T13:05:25.743,2026-05-28T13:20:55.743,-930,551.0,-0.003406163
balanza,238.0,-173.46,,119.01434090000112,2026-05-28T13:05:25.753,2026-05-28T13:20:55.753,-930,,
multimetro,,,,119.2190503999991,2026-05-28T13:05:25.956,2026-05-28T13:20:55.956,-930,552.0,-0.003410257
multimetro,,,,119.43415430000096,2026-05-28T13:05:26.173,2026-05-28T13:20:56.173,-930,553.0,-0.003415565
balanza,239.0,-175.01,,119.51475710000159,2026-05-28T13:05:26.256,2026-05-28T13:20:56.256,-930,,
multimetro,,,,119.64916960000119,2026-05-28T13:05:26.389,2026-05-28T13:20:56.389,-930,554.0,-0.003418308
multimetro,,,,119.86427090000143,2026-05-28T13:05:26.599,2026-05-28T13:20:56.599,-930,555.0,-0.003422559
balanza,240.0,-174.58,,120.014770400001,2026-05-28T13:05:26.756,2026-05-28T13:20:56.756,-930,,
multimetro,,,,120.07932100000107,2026-05-28T13:05:26.820,2026-05-28T13:20:56.820,-930,556.0,-0.00342683
multimetro,,,,120.29449100000056,2026-05-28T13:05:27.033,2026-05-28T13:20:57.033,-930,557.0,-0.003432034
multimetro,,,,120.50958000000173,2026-05-28T13:05:27.249,2026-05-28T13:20:57.249,-930,558.0,-0.003437133
balanza,241.0,-174.7,,120.51467490000141,2026-05-28T13:05:27.255,2026-05-28T13:20:57.255,-930,,
multimetro,,,,120.72473760000139,2026-05-28T13:05:27.456,2026-05-28T13:20:57.456,-930,559.0,-0.003441184
multimetro,,,,120.93982089999918,2026-05-28T13:05:27.673,2026-05-28T13:20:57.673,-930,560.0,-0.003445163
balanza,242.0,-175.31,,121.01435969999875,2026-05-28T13:05:27.749,2026-05-28T13:20:57.749,-930,,
multimetro,,,,121.15510240000003,2026-05-28T13:05:27.889,2026-05-28T13:20:57.889,-930,561.0,-0.003449236
multimetro,,,,121.37030819999927,2026-05-28T13:05:28.106,2026-05-28T13:20:58.106,-930,562.0,-0.003451686
balanza,243.0,-176.33,,121.51475299999947,2026-05-28T13:05:28.256,2026-05-28T13:20:58.256,-930,,
multimetro,,,,121.58556890000182,2026-05-28T13:05:28.323,2026-05-28T13:20:58.323,-930,563.0,-0.003456659
multimetro,,,,121.80080660000021,2026-05-28T13:05:28.539,2026-05-28T13:20:58.539,-930,564.0,-0.003462072
balanza,244.0,-177.2,,122.01481720000083,2026-05-28T13:05:28.756,2026-05-28T13:20:58.756,-930,,
multimetro,,,,122.01589579999927,2026-05-28T13:05:28.756,2026-05-28T13:20:58.756,-930,565.0,-0.003463831
multimetro,,,,122.23094069999934,2026-05-28T13:05:28.966,2026-05-28T13:20:58.966,-930,566.0,-0.003465883
multimetro,,,,122.44584620000023,2026-05-28T13:05:29.186,2026-05-28T13:20:59.186,-930,567.0,-0.003470238
balanza,245.0,-177.2,,122.51434620000146,2026-05-28T13:05:29.253,2026-05-28T13:20:59.253,-930,,
multimetro,,,,122.6610460999982,2026-05-28T13:05:29.399,2026-05-28T13:20:59.399,-930,568.0,-0.003475358
multimetro,,,,122.87603700000182,2026-05-28T13:05:29.616,2026-05-28T13:20:59.616,-930,569.0,-0.003478593
balanza,246.0,-177.74,,123.01475049999863,2026-05-28T13:05:29.756,2026-05-28T13:20:59.756,-930,,
multimetro,,,,123.0913541000009,2026-05-28T13:05:29.829,2026-05-28T13:20:59.829,-930,570.0,-0.003483587
multimetro,,,,123.30630309999833,2026-05-28T13:05:30.039,2026-05-28T13:21:00.039,-930,571.0,-0.003486613
balanza,247.0,-178.41,,123.51421770000161,2026-05-28T13:05:30.249,2026-05-28T13:21:00.249,-930,,
multimetro,,,,123.52151080000112,2026-05-28T13:05:30.258,2026-05-28T13:21:00.258,-930,572.0,-0.003490633
multimetro,,,,123.73661599999832,2026-05-28T13:05:30.477,2026-05-28T13:21:00.477,-930,573.0,-0.003496674
multimetro,,,,123.95183760000145,2026-05-28T13:05:30.689,2026-05-28T13:21:00.689,-930,574.0,-0.003500799
balanza,248.0,-178.84,,124.01452330000029,2026-05-28T13:05:30.749,2026-05-28T13:21:00.749,-930,,
multimetro,,,,124.16701820000162,2026-05-28T13:05:30.908,2026-05-28T13:21:00.908,-930,575.0,-0.003504767
multimetro,,,,124.38211099999899,2026-05-28T13:05:31.122,2026-05-28T13:21:01.122,-930,576.0,-0.003509343
balanza,249.0,-180.11,,124.51476529999854,2026-05-28T13:05:31.256,2026-05-28T13:21:01.256,-930,,
multimetro,,,,124.59728929999983,2026-05-28T13:05:31.336,2026-05-28T13:21:01.336,-930,577.0,-0.003513824
multimetro,,,,124.81223650000175,2026-05-28T13:05:31.543,2026-05-28T13:21:01.543,-930,578.0,-0.003518012
balanza,250.0,-180.57,,125.01431800000137,2026-05-28T13:05:31.749,2026-05-28T13:21:01.749,-930,,
multimetro,,,,125.02737630000047,2026-05-28T13:05:31.760,2026-05-28T13:21:01.760,-930,579.0,-0.003523152
multimetro,,,,125.24250759999995,2026-05-28T13:05:31.983,2026-05-28T13:21:01.983,-930,580.0,-0.003526513
multimetro,,,,125.45771149999928,2026-05-28T13:05:32.189,2026-05-28T13:21:02.189,-930,581.0,-0.003530397
balanza,251.0,-180.39,,125.51478240000142,2026-05-28T13:05:32.256,2026-05-28T13:21:02.256,-930,,
multimetro,,,,125.67263129999992,2026-05-28T13:05:32.406,2026-05-28T13:21:02.406,-930,582.0,-0.00353514
multimetro,,,,125.88777599999958,2026-05-28T13:05:32.623,2026-05-28T13:21:02.623,-930,583.0,-0.003539841
balanza,252.0,-180.69,,126.01474040000176,2026-05-28T13:05:32.756,2026-05-28T13:21:02.756,-930,,
multimetro,,,,126.10297210000135,2026-05-28T13:05:32.842,2026-05-28T13:21:02.842,-930,584.0,-0.003543003
multimetro,,,,126.3180543999988,2026-05-28T13:05:33.056,2026-05-28T13:21:03.056,-930,585.0,-0.003547055
balanza,253.0,-181.91,,126.51421449999907,2026-05-28T13:05:33.253,2026-05-28T13:21:03.253,-930,,
multimetro,,,,126.53327010000066,2026-05-28T13:05:33.273,2026-05-28T13:21:03.273,-930,586.0,-0.003550866
multimetro,,,,126.74845500000083,2026-05-28T13:05:33.489,2026-05-28T13:21:03.489,-930,587.0,-0.003553808
multimetro,,,,126.96373890000177,2026-05-28T13:05:33.699,2026-05-28T13:21:03.699,-930,588.0,-0.003557503
balanza,254.0,-182.82,,127.01454979999835,2026-05-28T13:05:33.750,2026-05-28T13:21:03.750,-930,,
multimetro,,,,127.178828600001,2026-05-28T13:05:33.916,2026-05-28T13:21:03.916,-930,589.0,-0.003562278
multimetro,,,,127.39403640000091,2026-05-28T13:05:34.135,2026-05-28T13:21:04.135,-930,590.0,-0.003566099
balanza,255.0,-183.33,,127.5147853999988,2026-05-28T13:05:34.256,2026-05-28T13:21:04.256,-930,,
multimetro,,,,127.60915440000099,2026-05-28T13:05:34.349,2026-05-28T13:21:04.349,-930,591.0,-0.003570025
multimetro,,,,127.82451809999839,2026-05-28T13:05:34.556,2026-05-28T13:21:04.556,-930,592.0,-0.003574454
balanza,256.0,-183.77,,128.01476320000074,2026-05-28T13:05:34.756,2026-05-28T13:21:04.756,-930,,
multimetro,,,,128.03969940000025,2026-05-28T13:05:34.773,2026-05-28T13:21:04.773,-930,593.0,-0.003576789
multimetro,,,,128.2547932000016,2026-05-28T13:05:34.990,2026-05-28T13:21:04.990,-930,594.0,-0.003580254
multimetro,,,,128.46999199999846,2026-05-28T13:05:35.206,2026-05-28T13:21:05.206,-930,595.0,-0.003584348
balanza,257.0,-183.36,,128.51484260000143,2026-05-28T13:05:35.256,2026-05-28T13:21:05.256,-930,,
multimetro,,,,128.68507260000115,2026-05-28T13:05:35.423,2026-05-28T13:21:05.423,-930,596.0,-0.003588138
multimetro,,,,128.90026209999996,2026-05-28T13:05:35.639,2026-05-28T13:21:05.639,-930,597.0,-0.003593122
balanza,258.0,-185.44,,129.0146534000014,2026-05-28T13:05:35.755,2026-05-28T13:21:05.755,-930,,
multimetro,,,,129.11523179999858,2026-05-28T13:05:35.856,2026-05-28T13:21:05.856,-930,598.0,-0.003597058
multimetro,,,,129.33049240000037,2026-05-28T13:05:36.066,2026-05-28T13:21:06.066,-930,599.0,-0.003601194
balanza,259.0,-184.31,,129.51478860000134,2026-05-28T13:05:36.256,2026-05-28T13:21:06.256,-930,,
multimetro,,,,129.54540179999822,2026-05-28T13:05:36.286,2026-05-28T13:21:06.286,-930,600.0,-0.003604879
multimetro,,,,129.76049330000023,2026-05-28T13:05:36.499,2026-05-28T13:21:06.499,-930,601.0,-0.003608784
multimetro,,,,129.9757533999982,2026-05-28T13:05:36.716,2026-05-28T13:21:06.716,-930,602.0,-0.003612606
balanza,260.0,-185.87,,130.01426100000026,2026-05-28T13:05:36.749,2026-05-28T13:21:06.749,-930,,
multimetro,,,,130.19104000000152,2026-05-28T13:05:36.923,2026-05-28T13:21:06.923,-930,603.0,-0.003616061
multimetro,,,,130.40625369999907,2026-05-28T13:05:37.142,2026-05-28T13:21:07.142,-930,604.0,-0.00361917
balanza,261.0,-184.83,,130.51481889999923,2026-05-28T13:05:37.256,2026-05-28T13:21:07.256,-930,,
multimetro,,,,130.6215330999985,2026-05-28T13:05:37.362,2026-05-28T13:21:07.362,-930,605.0,-0.003622793
multimetro,,,,130.83674990000145,2026-05-28T13:05:37.573,2026-05-28T13:21:07.573,-930,606.0,-0.00362518
balanza,262.0,-186.72,,131.01473869999973,2026-05-28T13:05:37.756,2026-05-28T13:21:07.756,-930,,
multimetro,,,,131.05195340000137,2026-05-28T13:05:37.792,2026-05-28T13:21:07.792,-930,607.0,-0.003628583
multimetro,,,,131.26708599999984,2026-05-28T13:05:38.006,2026-05-28T13:21:08.006,-930,608.0,-0.003632551
multimetro,,,,131.48215189999974,2026-05-28T13:05:38.223,2026-05-28T13:21:08.223,-930,609.0,-0.003637126
balanza,263.0,-187.04,,131.51426379999975,2026-05-28T13:05:38.255,2026-05-28T13:21:08.255,-930,,
multimetro,,,,131.69728000000032,2026-05-28T13:05:38.433,2026-05-28T13:21:08.433,-930,610.0,-0.003642015
multimetro,,,,131.91229079999903,2026-05-28T13:05:38.653,2026-05-28T13:21:08.653,-930,611.0,-0.003645502
balanza,264.0,-187.83,,132.01423200000136,2026-05-28T13:05:38.751,2026-05-28T13:21:08.751,-930,,
multimetro,,,,132.1274955000008,2026-05-28T13:05:38.866,2026-05-28T13:21:08.866,-930,612.0,-0.003649805
multimetro,,,,132.34265099999902,2026-05-28T13:05:39.083,2026-05-28T13:21:09.083,-930,613.0,-0.003652674
balanza,265.0,-187.7,,132.51480390000143,2026-05-28T13:05:39.256,2026-05-28T13:21:09.256,-930,,
multimetro,,,,132.5577813000018,2026-05-28T13:05:39.293,2026-05-28T13:21:09.293,-930,614.0,-0.00365727
multimetro,,,,132.77312090000123,2026-05-28T13:05:39.506,2026-05-28T13:21:09.506,-930,615.0,-0.003660557
multimetro,,,,132.9882112999985,2026-05-28T13:05:39.727,2026-05-28T13:21:09.727,-930,616.0,-0.00366397
balanza,266.0,-189.15,,133.01427239999975,2026-05-28T13:05:39.755,2026-05-28T13:21:09.755,-930,,
multimetro,,,,133.203358499999,2026-05-28T13:05:39.943,2026-05-28T13:21:09.943,-930,617.0,-0.003667467
multimetro,,,,133.41846539999824,2026-05-28T13:05:40.159,2026-05-28T13:21:10.159,-930,618.0,-0.003671865
balanza,267.0,-188.81,,133.5148353000004,2026-05-28T13:05:40.256,2026-05-28T13:21:10.256,-930,,
multimetro,,,,133.63356159999967,2026-05-28T13:05:40.374,2026-05-28T13:21:10.374,-930,619.0,-0.003674493
multimetro,,,,133.84853980000116,2026-05-28T13:05:40.589,2026-05-28T13:21:10.589,-930,620.0,-0.003678471
balanza,268.0,-189.9,,134.01478960000168,2026-05-28T13:05:40.756,2026-05-28T13:21:10.756,-930,,
multimetro,,,,134.06366060000073,2026-05-28T13:05:40.799,2026-05-28T13:21:10.799,-930,621.0,-0.0036829
multimetro,,,,134.27877219999937,2026-05-28T13:05:41.014,2026-05-28T13:21:11.014,-930,622.0,-0.003686617
multimetro,,,,134.49389480000173,2026-05-28T13:05:41.230,2026-05-28T13:21:11.230,-930,623.0,-0.003691119
balanza,269.0,-190.08,,134.5143011,2026-05-28T13:05:41.255,2026-05-28T13:21:11.255,-930,,
multimetro,,,,134.7091118999997,2026-05-28T13:05:41.443,2026-05-28T13:21:11.443,-930,624.0,-0.003695997
multimetro,,,,134.92431049999868,2026-05-28T13:05:41.664,2026-05-28T13:21:11.664,-930,625.0,-0.003697034
balanza,270.0,-192.31,,135.0148522999989,2026-05-28T13:05:41.756,2026-05-28T13:21:11.756,-930,,
multimetro,,,,135.13943039999867,2026-05-28T13:05:41.880,2026-05-28T13:21:11.880,-930,626.0,-0.003700636
multimetro,,,,135.3545965000012,2026-05-28T13:05:42.093,2026-05-28T13:21:12.093,-930,627.0,-0.003704572
balanza,271.0,-190.71,,135.51482300000134,2026-05-28T13:05:42.256,2026-05-28T13:21:12.256,-930,,
multimetro,,,,135.56978570000138,2026-05-28T13:05:42.310,2026-05-28T13:21:12.310,-930,628.0,-0.003708059
multimetro,,,,135.7847307000011,2026-05-28T13:05:42.525,2026-05-28T13:21:12.525,-930,629.0,-0.003711901
multimetro,,,,135.99990049999906,2026-05-28T13:05:42.740,2026-05-28T13:21:12.740,-930,630.0,-0.003715021
balanza,272.0,-192.38,,136.01437200000146,2026-05-28T13:05:42.753,2026-05-28T13:21:12.753,-930,,
multimetro,,,,136.21513739999864,2026-05-28T13:05:42.956,2026-05-28T13:21:12.956,-930,631.0,-0.00371879
multimetro,,,,136.43028290000075,2026-05-28T13:05:43.166,2026-05-28T13:21:13.166,-930,632.0,-0.003723093
balanza,273.0,-192.25,,136.51481499999863,2026-05-28T13:05:43.256,2026-05-28T13:21:13.256,-930,,
multimetro,,,,136.64525349999894,2026-05-28T13:05:43.381,2026-05-28T13:21:13.381,-930,633.0,-0.003726705
multimetro,,,,136.86045340000055,2026-05-28T13:05:43.599,2026-05-28T13:21:13.599,-930,634.0,-0.003730234
balanza,274.0,-192.67,,137.01472659999854,2026-05-28T13:05:43.756,2026-05-28T13:21:13.756,-930,,
multimetro,,,,137.07566520000182,2026-05-28T13:05:43.814,2026-05-28T13:21:13.814,-930,635.0,-0.003733699
multimetro,,,,137.29069119999986,2026-05-28T13:05:44.031,2026-05-28T13:21:14.031,-930,636.0,-0.003736882
multimetro,,,,137.50597570000173,2026-05-28T13:05:44.243,2026-05-28T13:21:14.243,-930,637.0,-0.003739677
balanza,275.0,-194.08,,137.5142526999989,2026-05-28T13:05:44.255,2026-05-28T13:21:14.255,-930,,
multimetro,,,,137.720928499999,2026-05-28T13:05:44.460,2026-05-28T13:21:14.460,-930,638.0,-0.003742504
multimetro,,,,137.9361456000006,2026-05-28T13:05:44.677,2026-05-28T13:21:14.677,-930,639.0,-0.003746577
balanza,276.0,-194.61,,138.01478810000117,2026-05-28T13:05:44.756,2026-05-28T13:21:14.756,-930,,
multimetro,,,,138.15116340000168,2026-05-28T13:05:44.891,2026-05-28T13:21:14.891,-930,640.0,-0.003751383
multimetro,,,,138.36644969999907,2026-05-28T13:05:45.107,2026-05-28T13:21:15.107,-930,641.0,-0.003755487
balanza,277.0,-194.42,,138.5148440999983,2026-05-28T13:05:45.256,2026-05-28T13:21:15.256,-930,,
multimetro,,,,138.58137759999954,2026-05-28T13:05:45.322,2026-05-28T13:21:15.322,-930,642.0,-0.003758334
multimetro,,,,138.7965054999986,2026-05-28T13:05:45.533,2026-05-28T13:21:15.533,-930,643.0,-0.00376158
multimetro,,,,139.01162789999944,2026-05-28T13:05:45.743,2026-05-28T13:21:15.743,-930,644.0,-0.003766103
balanza,278.0,-195.6,,139.01416170000084,2026-05-28T13:05:45.753,2026-05-28T13:21:15.753,-930,,
multimetro,,,,139.22674429999824,2026-05-28T13:05:45.966,2026-05-28T13:21:15.966,-930,645.0,-0.003769485
multimetro,,,,139.44183189999967,2026-05-28T13:05:46.177,2026-05-28T13:21:16.177,-930,646.0,-0.003772908
balanza,279.0,-195.76,,139.51427840000179,2026-05-28T13:05:46.249,2026-05-28T13:21:16.249,-930,,
multimetro,,,,139.65680319999956,2026-05-28T13:05:46.389,2026-05-28T13:21:16.389,-930,647.0,-0.003776363
multimetro,,,,139.87199749999854,2026-05-28T13:05:46.606,2026-05-28T13:21:16.606,-930,648.0,-0.003779766
balanza,280.0,-195.06,,140.01472750000175,2026-05-28T13:05:46.756,2026-05-28T13:21:16.756,-930,,
multimetro,,,,140.08694810000088,2026-05-28T13:05:46.823,2026-05-28T13:21:16.823,-930,649.0,-0.003783849
multimetro,,,,140.3021245000018,2026-05-28T13:05:47.039,2026-05-28T13:21:17.039,-930,650.0,-0.003788561
balanza,281.0,-197.51,,140.51441440000053,2026-05-28T13:05:47.253,2026-05-28T13:21:17.253,-930,,
multimetro,,,,140.5170803000001,2026-05-28T13:05:47.256,2026-05-28T13:21:17.256,-930,651.0,-0.003792487
multimetro,,,,140.73218080000152,2026-05-28T13:05:47.473,2026-05-28T13:21:17.473,-930,652.0,-0.003796162
multimetro,,,,140.94725280000057,2026-05-28T13:05:47.687,2026-05-28T13:21:17.687,-930,653.0,-0.003799512
balanza,282.0,-196.65,,141.01421090000076,2026-05-28T13:05:47.751,2026-05-28T13:21:17.751,-930,,
multimetro,,,,141.16252760000134,2026-05-28T13:05:47.899,2026-05-28T13:21:17.899,-930,654.0,-0.003802454
multimetro,,,,141.37751740000022,2026-05-28T13:05:48.116,2026-05-28T13:21:18.116,-930,655.0,-0.003805365
balanza,283.0,-197.65,,141.5147528000016,2026-05-28T13:05:48.256,2026-05-28T13:21:18.256,-930,,
multimetro,,,,141.59258709999995,2026-05-28T13:05:48.333,2026-05-28T13:21:18.333,-930,656.0,-0.003810055
multimetro,,,,141.8077736999985,2026-05-28T13:05:48.539,2026-05-28T13:21:18.539,-930,657.0,-0.003813311
balanza,284.0,-198.31,,142.01465250000183,2026-05-28T13:05:48.756,2026-05-28T13:21:18.756,-930,,
multimetro,,,,142.02298130000054,2026-05-28T13:05:48.756,2026-05-28T13:21:18.756,-930,658.0,-0.003817017
multimetro,,,,142.23804649999875,2026-05-28T13:05:48.973,2026-05-28T13:21:18.973,-930,659.0,-0.003821854
multimetro,,,,142.45311619999848,2026-05-28T13:05:49.189,2026-05-28T13:21:19.189,-930,660.0,-0.003824849
balanza,285.0,-198.86,,142.51439609999943,2026-05-28T13:05:49.249,2026-05-28T13:21:19.249,-930,,
multimetro,,,,142.66833340000085,2026-05-28T13:05:49.406,2026-05-28T13:21:19.406,-930,661.0,-0.003828147
multimetro,,,,142.8834132000011,2026-05-28T13:05:49.623,2026-05-28T13:21:19.623,-930,662.0,-0.003830806
balanza,286.0,-199.87,,143.01439430000028,2026-05-28T13:05:49.749,2026-05-28T13:21:19.749,-930,,
multimetro,,,,143.09857819999888,2026-05-28T13:05:49.839,2026-05-28T13:21:19.839,-930,663.0,-0.003834439
multimetro,,,,143.3136467000004,2026-05-28T13:05:50.049,2026-05-28T13:21:20.049,-930,664.0,-0.00383758
balanza,287.0,-200.11,,143.51467129999946,2026-05-28T13:05:50.255,2026-05-28T13:21:20.255,-930,,
multimetro,,,,143.52876660000038,2026-05-28T13:05:50.266,2026-05-28T13:21:20.266,-930,665.0,-0.003839967
multimetro,,,,143.74379739999858,2026-05-28T13:05:50.483,2026-05-28T13:21:20.483,-930,666.0,-0.0038427
multimetro,,,,143.95918689999962,2026-05-28T13:05:50.699,2026-05-28T13:21:20.699,-930,667.0,-0.00384627
balanza,288.0,-200.61,,144.01416790000076,2026-05-28T13:05:50.755,2026-05-28T13:21:20.755,-930,,
multimetro,,,,144.1743592999992,2026-05-28T13:05:50.906,2026-05-28T13:21:20.906,-930,668.0,-0.00384962
multimetro,,,,144.38942870000028,2026-05-28T13:05:51.126,2026-05-28T13:21:21.126,-930,669.0,-0.003853473
balanza,289.0,-201.14,,144.51475969999956,2026-05-28T13:05:51.256,2026-05-28T13:21:21.256,-930,,
multimetro,,,,144.60457010000027,2026-05-28T13:05:51.339,2026-05-28T13:21:21.339,-930,670.0,-0.003857064
multimetro,,,,144.81960830000025,2026-05-28T13:05:51.556,2026-05-28T13:21:21.556,-930,671.0,-0.00385853
balanza,290.0,-200.79,,145.01476829999956,2026-05-28T13:05:51.756,2026-05-28T13:21:21.756,-930,,
multimetro,,,,145.0348043999984,2026-05-28T13:05:51.773,2026-05-28T13:21:21.773,-930,672.0,-0.00386231
multimetro,,,,145.24985160000142,2026-05-28T13:05:51.990,2026-05-28T13:21:21.990,-930,673.0,-0.003865796
multimetro,,,,145.46503569999913,2026-05-28T13:05:52.206,2026-05-28T13:21:22.206,-930,674.0,-0.003869785
balanza,291.0,-201.75,,145.5147336000009,2026-05-28T13:05:52.256,2026-05-28T13:21:22.256,-930,,
multimetro,,,,145.68004959999962,2026-05-28T13:05:52.416,2026-05-28T13:21:22.416,-930,675.0,-0.003872832
multimetro,,,,145.89521709999826,2026-05-28T13:05:52.636,2026-05-28T13:21:22.636,-930,676.0,-0.00387659
balanza,292.0,-202.37,,146.01419270000042,2026-05-28T13:05:52.753,2026-05-28T13:21:22.753,-930,,
multimetro,,,,146.11012299999857,2026-05-28T13:05:52.849,2026-05-28T13:21:22.849,-930,677.0,-0.003880119
multimetro,,,,146.3253478000006,2026-05-28T13:05:53.060,2026-05-28T13:21:23.060,-930,678.0,-0.003884139
balanza,293.0,-202.41,,146.51474690000032,2026-05-28T13:05:53.256,2026-05-28T13:21:23.256,-930,,
multimetro,,,,146.54036590000032,2026-05-28T13:05:53.280,2026-05-28T13:21:23.280,-930,679.0,-0.003887332
multimetro,,,,146.7556712000005,2026-05-28T13:05:53.493,2026-05-28T13:21:23.493,-930,680.0,-0.003891154
multimetro,,,,146.9708959999989,2026-05-28T13:05:53.706,2026-05-28T13:21:23.706,-930,681.0,-0.003894044
balanza,294.0,-203.59,,147.0148760000011,2026-05-28T13:05:53.756,2026-05-28T13:21:23.756,-930,,
multimetro,,,,147.1859755000005,2026-05-28T13:05:53.923,2026-05-28T13:21:23.923,-930,682.0,-0.003897561
multimetro,,,,147.4011051000016,2026-05-28T13:05:54.139,2026-05-28T13:21:24.139,-930,683.0,-0.00390066
balanza,295.0,-203.86,,147.5148122999999,2026-05-28T13:05:54.256,2026-05-28T13:21:24.256,-930,,
multimetro,,,,147.61620200000107,2026-05-28T13:05:54.356,2026-05-28T13:21:24.356,-930,684.0,-0.003904105
multimetro,,,,147.8313320999987,2026-05-28T13:05:54.572,2026-05-28T13:21:24.572,-930,685.0,-0.003907926
balanza,296.0,-203.77,,148.01473329999862,2026-05-28T13:05:54.756,2026-05-28T13:21:24.756,-930,,
multimetro,,,,148.04645309999978,2026-05-28T13:05:54.783,2026-05-28T13:21:24.783,-930,686.0,-0.003911256
multimetro,,,,148.2615962000018,2026-05-28T13:05:54.999,2026-05-28T13:21:24.999,-930,687.0,-0.003914847
multimetro,,,,148.47667179999917,2026-05-28T13:05:55.216,2026-05-28T13:21:25.216,-930,688.0,-0.003917768
balanza,297.0,-205.52,,148.51478240000142,2026-05-28T13:05:55.256,2026-05-28T13:21:25.256,-930,,
multimetro,,,,148.69210269999894,2026-05-28T13:05:55.432,2026-05-28T13:21:25.432,-930,689.0,-0.003920354
multimetro,,,,148.90702089999832,2026-05-28T13:05:55.647,2026-05-28T13:21:25.647,-930,690.0,-0.003924071
balanza,298.0,-204.72,,149.01475339999888,2026-05-28T13:05:55.756,2026-05-28T13:21:25.756,-930,,
multimetro,,,,149.12211939999906,2026-05-28T13:05:55.856,2026-05-28T13:21:25.856,-930,691.0,-0.003926981
multimetro,,,,149.3373075999989,2026-05-28T13:05:56.073,2026-05-28T13:21:26.073,-930,692.0,-0.003931996
balanza,299.0,-206.68,,149.5142734000001,2026-05-28T13:05:56.253,2026-05-28T13:21:26.253,-930,,
multimetro,,,,149.55254350000178,2026-05-28T13:05:56.289,2026-05-28T13:21:26.289,-930,693.0,-0.003935462
multimetro,,,,149.76773780000076,2026-05-28T13:05:56.506,2026-05-28T13:21:26.506,-930,694.0,-0.003938959
multimetro,,,,149.98264059999929,2026-05-28T13:05:56.723,2026-05-28T13:21:26.723,-930,695.0,-0.003942225
balanza,300.0,-206.07,,150.0143511999995,2026-05-28T13:05:56.755,2026-05-28T13:21:26.755,-930,,
multimetro,,,,150.19783539999844,2026-05-28T13:05:56.932,2026-05-28T13:21:26.932,-930,696.0,-0.003946036
multimetro,,,,150.41283320000002,2026-05-28T13:05:57.149,2026-05-28T13:21:27.149,-930,697.0,-0.003949952
balanza,301.0,-206.98,,150.51482290000058,2026-05-28T13:05:57.255,2026-05-28T13:21:27.255,-930,,
multimetro,,,,150.627923,2026-05-28T13:05:57.369,2026-05-28T13:21:27.369,-930,698.0,-0.003953166
multimetro,,,,150.8430069999995,2026-05-28T13:05:57.583,2026-05-28T13:21:27.583,-930,699.0,-0.0039566
balanza,302.0,-207.62,,151.01483010000084,2026-05-28T13:05:57.756,2026-05-28T13:21:27.756,-930,,
multimetro,,,,151.05824159999975,2026-05-28T13:05:57.789,2026-05-28T13:21:27.789,-930,700.0,-0.003960066
multimetro,,,,151.27327689999947,2026-05-28T13:05:58.006,2026-05-28T13:21:28.006,-930,701.0,-0.00396372
multimetro,,,,151.4884047000014,2026-05-28T13:05:58.223,2026-05-28T13:21:28.223,-930,702.0,-0.003967164
balanza,303.0,-208.0,,151.51431660000162,2026-05-28T13:05:58.255,2026-05-28T13:21:28.255,-930,,
multimetro,,,,151.70360770000116,2026-05-28T13:05:58.439,2026-05-28T13:21:28.439,-930,703.0,-0.003970368
multimetro,,,,151.91878079999879,2026-05-28T13:05:58.656,2026-05-28T13:21:28.656,-930,704.0,-0.003974315
balanza,304.0,-208.27,,152.01473400000032,2026-05-28T13:05:58.755,2026-05-28T13:21:28.755,-930,,
multimetro,,,,152.1339474999986,2026-05-28T13:05:58.874,2026-05-28T13:21:28.874,-930,705.0,-0.003978252
multimetro,,,,152.34919699999955,2026-05-28T13:05:59.090,2026-05-28T13:21:29.090,-930,706.0,-0.00398156
balanza,305.0,-208.36,,152.51473610000176,2026-05-28T13:05:59.256,2026-05-28T13:21:29.256,-930,,
multimetro,,,,152.56427610000173,2026-05-28T13:05:59.299,2026-05-28T13:21:29.299,-930,707.0,-0.003985057
multimetro,,,,152.77937329999986,2026-05-28T13:05:59.516,2026-05-28T13:21:29.516,-930,708.0,-0.003988418
multimetro,,,,152.9944104999995,2026-05-28T13:05:59.735,2026-05-28T13:21:29.735,-930,709.0,-0.003992208
balanza,306.0,-208.98,,153.01424229999975,2026-05-28T13:05:59.755,2026-05-28T13:21:29.755,-930,,
multimetro,,,,153.20943890000126,2026-05-28T13:05:59.941,2026-05-28T13:21:29.941,-930,710.0,-0.003995768
multimetro,,,,153.42460030000075,2026-05-28T13:06:00.164,2026-05-28T13:21:30.164,-930,711.0,-0.003999296
balanza,307.0,-209.92,,153.51478100000168,2026-05-28T13:06:00.256,2026-05-28T13:21:30.256,-930,,
multimetro,,,,153.63967369999955,2026-05-28T13:06:00.377,2026-05-28T13:21:30.377,-930,712.0,-0.004002845
multimetro,,,,153.8548167000008,2026-05-28T13:06:00.593,2026-05-28T13:21:30.593,-930,713.0,-0.00400629
balanza,308.0,-211.63,,154.01476620000176,2026-05-28T13:06:00.756,2026-05-28T13:21:30.756,-930,,
multimetro,,,,154.06991859999835,2026-05-28T13:06:00.810,2026-05-28T13:21:30.810,-930,714.0,-0.004009525
multimetro,,,,154.28507320000062,2026-05-28T13:06:01.023,2026-05-28T13:21:31.023,-930,715.0,-0.004011001
multimetro,,,,154.50026029999935,2026-05-28T13:06:01.239,2026-05-28T13:21:31.239,-930,716.0,-0.004014687
balanza,309.0,-210.04,,154.51471890000175,2026-05-28T13:06:01.255,2026-05-28T13:21:31.255,-930,,
multimetro,,,,154.7154483000013,2026-05-28T13:06:01.456,2026-05-28T13:21:31.456,-930,717.0,-0.004017869
multimetro,,,,154.93058839999867,2026-05-28T13:06:01.670,2026-05-28T13:21:31.670,-930,718.0,-0.004020958
balanza,310.0,-212.05,,155.0147958000016,2026-05-28T13:06:01.755,2026-05-28T13:21:31.755,-930,,
multimetro,,,,155.14578099999926,2026-05-28T13:06:01.886,2026-05-28T13:21:31.886,-930,719.0,-0.004024413
multimetro,,,,155.36084199999823,2026-05-28T13:06:02.099,2026-05-28T13:21:32.099,-930,720.0,-0.004027585
balanza,311.0,-211.45,,155.5147391999999,2026-05-28T13:06:02.256,2026-05-28T13:21:32.256,-930,,
multimetro,,,,155.57596560000093,2026-05-28T13:06:02.316,2026-05-28T13:21:32.316,-930,721.0,-0.004029983
multimetro,,,,155.79112000000168,2026-05-28T13:06:02.523,2026-05-28T13:21:32.523,-930,722.0,-0.004032852
multimetro,,,,156.00601950000055,2026-05-28T13:06:02.741,2026-05-28T13:21:32.741,-930,723.0,-0.004036307
balanza,312.0,-212.0,,156.01469369999904,2026-05-28T13:06:02.755,2026-05-28T13:21:32.755,-930,,
multimetro,,,,156.22115620000113,2026-05-28T13:06:02.956,2026-05-28T13:21:32.956,-930,724.0,-0.004039039
multimetro,,,,156.4363583000013,2026-05-28T13:06:03.173,2026-05-28T13:21:33.173,-930,725.0,-0.004042138
balanza,313.0,-213.1,,156.51468210000166,2026-05-28T13:06:03.256,2026-05-28T13:21:33.256,-930,,
multimetro,,,,156.65156710000156,2026-05-28T13:06:03.389,2026-05-28T13:21:33.389,-930,726.0,-0.00404575
multimetro,,,,156.86676420000003,2026-05-28T13:06:03.606,2026-05-28T13:21:33.606,-930,727.0,-0.004049132
balanza,314.0,-213.14,,157.01480749999973,2026-05-28T13:06:03.755,2026-05-28T13:21:33.755,-930,,
multimetro,,,,157.08183089999875,2026-05-28T13:06:03.823,2026-05-28T13:21:33.823,-930,728.0,-0.004052378
multimetro,,,,157.29700220000086,2026-05-28T13:06:04.034,2026-05-28T13:21:34.034,-930,729.0,-0.004055707
multimetro,,,,157.5120633000006,2026-05-28T13:06:04.249,2026-05-28T13:21:34.249,-930,730.0,-0.004058607
balanza,315.0,-214.65,,157.51471440000023,2026-05-28T13:06:04.255,2026-05-28T13:21:34.255,-930,,
multimetro,,,,157.72718030000033,2026-05-28T13:06:04.466,2026-05-28T13:21:34.466,-930,731.0,-0.004061497
multimetro,,,,157.94235249999838,2026-05-28T13:06:04.683,2026-05-28T13:21:34.683,-930,732.0,-0.004064983
balanza,316.0,-213.77,,158.0142244000017,2026-05-28T13:06:04.749,2026-05-28T13:21:34.749,-930,,
multimetro,,,,158.1575879999982,2026-05-28T13:06:04.889,2026-05-28T13:21:34.889,-930,733.0,-0.00406803
multimetro,,,,158.37267879999854,2026-05-28T13:06:05.106,2026-05-28T13:21:35.106,-930,734.0,-0.004071789
balanza,317.0,-215.82,,158.51481559999957,2026-05-28T13:06:05.255,2026-05-28T13:21:35.255,-930,,
multimetro,,,,158.58773320000182,2026-05-28T13:06:05.323,2026-05-28T13:21:35.323,-930,735.0,-0.004075108
multimetro,,,,158.80293359999996,2026-05-28T13:06:05.539,2026-05-28T13:21:35.539,-930,736.0,-0.004078018
balanza,318.0,-214.62,,159.01480230000016,2026-05-28T13:06:05.756,2026-05-28T13:21:35.756,-930,,
multimetro,,,,159.01799350000147,2026-05-28T13:06:05.758,2026-05-28T13:21:35.758,-930,737.0,-0.004081327
multimetro,,,,159.23301720000018,2026-05-28T13:06:05.973,2026-05-28T13:21:35.973,-930,738.0,-0.004083892
multimetro,,,,159.44810240000152,2026-05-28T13:06:06.189,2026-05-28T13:21:36.189,-930,739.0,-0.004086666
balanza,319.0,-216.73,,159.51480269999956,2026-05-28T13:06:06.256,2026-05-28T13:21:36.256,-930,,
multimetro,,,,159.66317229999913,2026-05-28T13:06:06.398,2026-05-28T13:21:36.398,-930,740.0,-0.004090331
multimetro,,,,159.8782468999998,2026-05-28T13:06:06.615,2026-05-28T13:21:36.615,-930,741.0,-0.004093
balanza,320.0,-215.57,,160.01479409999956,2026-05-28T13:06:06.755,2026-05-28T13:21:36.755,-930,,
multimetro,,,,160.0936526000005,2026-05-28T13:06:06.834,2026-05-28T13:21:36.834,-930,742.0,-0.004096005
multimetro,,,,160.30865220000123,2026-05-28T13:06:07.049,2026-05-28T13:21:37.049,-930,743.0,-0.004099376
balanza,321.0,-217.23,,160.51480860000083,2026-05-28T13:06:07.256,2026-05-28T13:21:37.256,-930,,
multimetro,,,,160.52376920000097,2026-05-28T13:06:07.256,2026-05-28T13:21:37.256,-930,744.0,-0.004101607
multimetro,,,,160.73901750000005,2026-05-28T13:06:07.473,2026-05-28T13:21:37.473,-930,745.0,-0.004104685
multimetro,,,,160.95410229999834,2026-05-28T13:06:07.693,2026-05-28T13:21:37.693,-930,746.0,-0.004107616
balanza,322.0,-218.14,,161.01474099999905,2026-05-28T13:06:07.756,2026-05-28T13:21:37.756,-930,,
multimetro,,,,161.1694310999992,2026-05-28T13:06:07.910,2026-05-28T13:21:37.910,-930,747.0,-0.004110401
multimetro,,,,161.38436359999832,2026-05-28T13:06:08.125,2026-05-28T13:21:38.125,-930,748.0,-0.004113301
balanza,323.0,-217.0,,161.51470960000006,2026-05-28T13:06:08.255,2026-05-28T13:21:38.255,-930,,
multimetro,,,,161.59944389999873,2026-05-28T13:06:08.340,2026-05-28T13:21:38.340,-930,749.0,-0.004116243
multimetro,,,,161.81472629999917,2026-05-28T13:06:08.555,2026-05-28T13:21:38.555,-930,750.0,-0.004119625
balanza,324.0,-218.17,,162.01469999999972,2026-05-28T13:06:08.756,2026-05-28T13:21:38.756,-930,,
multimetro,,,,162.02997590000086,2026-05-28T13:06:08.766,2026-05-28T13:21:38.766,-930,751.0,-0.004122536
multimetro,,,,162.24494929999855,2026-05-28T13:06:08.976,2026-05-28T13:21:38.976,-930,752.0,-0.004125729
multimetro,,,,162.46022839999932,2026-05-28T13:06:09.199,2026-05-28T13:21:39.199,-930,753.0,-0.004129071
balanza,325.0,-218.98,,162.51476600000024,2026-05-28T13:06:09.255,2026-05-28T13:21:39.255,-930,,
multimetro,,,,162.6752720000004,2026-05-28T13:06:09.412,2026-05-28T13:21:39.412,-930,754.0,-0.004131908
multimetro,,,,162.89035149999836,2026-05-28T13:06:09.630,2026-05-28T13:21:39.630,-930,755.0,-0.004135604
balanza,326.0,-218.63,,163.01470170000175,2026-05-28T13:06:09.755,2026-05-28T13:21:39.755,-930,,
multimetro,,,,163.10536199999842,2026-05-28T13:06:09.843,2026-05-28T13:21:39.843,-930,756.0,-0.004137907
multimetro,,,,163.32052040000053,2026-05-28T13:06:10.060,2026-05-28T13:21:40.060,-930,757.0,-0.004141655
balanza,327.0,-220.13,,163.514779000001,2026-05-28T13:06:10.255,2026-05-28T13:21:40.255,-930,,
multimetro,,,,163.53572740000163,2026-05-28T13:06:10.277,2026-05-28T13:21:40.277,-930,758.0,-0.004144325
multimetro,,,,163.75077569999848,2026-05-28T13:06:10.491,2026-05-28T13:21:40.491,-930,759.0,-0.004146974
multimetro,,,,163.9660412000012,2026-05-28T13:06:10.707,2026-05-28T13:21:40.707,-930,760.0,-0.004150953
balanza,328.0,-218.95,,164.01479390000168,2026-05-28T13:06:10.755,2026-05-28T13:21:40.755,-930,,
multimetro,,,,164.18103279999923,2026-05-28T13:06:10.918,2026-05-28T13:21:40.918,-930,761.0,-0.004153298
multimetro,,,,164.3961457000005,2026-05-28T13:06:11.136,2026-05-28T13:21:41.136,-930,762.0,-0.004156428
balanza,329.0,-220.31,,164.5144048000002,2026-05-28T13:06:11.253,2026-05-28T13:21:41.253,-930,,
multimetro,,,,164.61149020000084,2026-05-28T13:06:11.349,2026-05-28T13:21:41.349,-930,763.0,-0.004160208
multimetro,,,,164.82661630000075,2026-05-28T13:06:11.560,2026-05-28T13:21:41.560,-930,764.0,-0.004162323
balanza,330.0,-221.03,,165.01468709999972,2026-05-28T13:06:11.755,2026-05-28T13:21:41.755,-930,,
multimetro,,,,165.04156149999835,2026-05-28T13:06:11.780,2026-05-28T13:21:41.780,-930,765.0,-0.004166092
multimetro,,,,165.25679540000056,2026-05-28T13:06:11.989,2026-05-28T13:21:41.989,-930,766.0,-0.004169578
multimetro,,,,165.47176129999934,2026-05-28T13:06:12.209,2026-05-28T13:21:42.209,-930,767.0,-0.004172018
balanza,331.0,-222.28,,165.51473500000066,2026-05-28T13:06:12.256,2026-05-28T13:21:42.256,-930,,
multimetro,,,,165.68695690000095,2026-05-28T13:06:12.425,2026-05-28T13:21:42.425,-930,768.0,-0.004174991
multimetro,,,,165.90216489999875,2026-05-28T13:06:12.641,2026-05-28T13:21:42.641,-930,769.0,-0.004178038
balanza,332.0,-221.61,,166.01478520000092,2026-05-28T13:06:12.755,2026-05-28T13:21:42.755,-930,,
multimetro,,,,166.11724220000178,2026-05-28T13:06:12.856,2026-05-28T13:21:42.856,-930,770.0,-0.004180697
multimetro,,,,166.3324352999989,2026-05-28T13:06:13.073,2026-05-28T13:21:43.073,-930,771.0,-0.004184058
balanza,333.0,-222.7,,166.51469240000006,2026-05-28T13:06:13.256,2026-05-28T13:21:43.256,-930,,
multimetro,,,,166.5474393000004,2026-05-28T13:06:13.286,2026-05-28T13:21:43.286,-930,772.0,-0.00418701
multimetro,,,,166.7627618000006,2026-05-28T13:06:13.499,2026-05-28T13:21:43.499,-930,773.0,-0.004190361
multimetro,,,,166.97764029999962,2026-05-28T13:06:13.718,2026-05-28T13:21:43.718,-930,774.0,-0.004193816
balanza,334.0,-223.48,,167.01470980000158,2026-05-28T13:06:13.756,2026-05-28T13:21:43.756,-930,,
multimetro,,,,167.19270229999893,2026-05-28T13:06:13.932,2026-05-28T13:21:43.932,-930,775.0,-0.004196119
multimetro,,,,167.4079457000007,2026-05-28T13:06:14.139,2026-05-28T13:21:44.139,-930,776.0,-0.004199197
balanza,335.0,-223.27,,167.5146476000009,2026-05-28T13:06:14.255,2026-05-28T13:21:44.255,-930,,
multimetro,,,,167.62321650000013,2026-05-28T13:06:14.356,2026-05-28T13:21:44.356,-930,777.0,-0.004201354
multimetro,,,,167.8381604999995,2026-05-28T13:06:14.573,2026-05-28T13:21:44.573,-930,778.0,-0.004204799
balanza,336.0,-223.72,,168.0147305999999,2026-05-28T13:06:14.755,2026-05-28T13:21:44.755,-930,,
multimetro,,,,168.05336549999993,2026-05-28T13:06:14.789,2026-05-28T13:21:44.789,-930,779.0,-0.004207405
multimetro,,,,168.26858730000095,2026-05-28T13:06:15.007,2026-05-28T13:21:45.007,-930,780.0,-0.004210149
multimetro,,,,168.48366760000135,2026-05-28T13:06:15.223,2026-05-28T13:21:45.223,-930,781.0,-0.004212672
balanza,337.0,-224.2,,168.51466960000107,2026-05-28T13:06:15.255,2026-05-28T13:21:45.255,-930,,
multimetro,,,,168.6988283999999,2026-05-28T13:06:15.439,2026-05-28T13:21:45.439,-930,782.0,-0.004215279
multimetro,,,,168.91379629999938,2026-05-28T13:06:15.649,2026-05-28T13:21:45.649,-930,783.0,-0.004218221
balanza,338.0,-224.51,,169.01463910000166,2026-05-28T13:06:15.755,2026-05-28T13:21:45.755,-930,,
multimetro,,,,169.12882069999978,2026-05-28T13:06:15.870,2026-05-28T13:21:45.870,-930,784.0,-0.004221173
multimetro,,,,169.3439260999985,2026-05-28T13:06:16.085,2026-05-28T13:21:46.085,-930,785.0,-0.004224377
balanza,339.0,-225.2,,169.51468430000023,2026-05-28T13:06:16.256,2026-05-28T13:21:46.256,-930,,
multimetro,,,,169.5592770000003,2026-05-28T13:06:16.299,2026-05-28T13:21:46.299,-930,786.0,-0.004227602
multimetro,,,,169.77420379999967,2026-05-28T13:06:16.506,2026-05-28T13:21:46.506,-930,787.0,-0.004229633
multimetro,,,,169.9893333,2026-05-28T13:06:16.723,2026-05-28T13:21:46.723,-930,788.0,-0.004233318
balanza,340.0,-225.25,,170.01434879999942,2026-05-28T13:06:16.749,2026-05-28T13:21:46.749,-930,,
multimetro,,,,170.20460349999848,2026-05-28T13:06:16.944,2026-05-28T13:21:46.944,-930,789.0,-0.004236407
multimetro,,,,170.41977939999924,2026-05-28T13:06:17.156,2026-05-28T13:21:47.156,-930,790.0,-0.004239757
balanza,341.0,-226.48,,170.51467860000048,2026-05-28T13:06:17.255,2026-05-28T13:21:47.255,-930,,
multimetro,,,,170.63492000000042,2026-05-28T13:06:17.375,2026-05-28T13:21:47.375,-930,791.0,-0.004243516
multimetro,,,,170.8500654999989,2026-05-28T13:06:17.589,2026-05-28T13:21:47.589,-930,792.0,-0.00424628
balanza,342.0,-226.44,,171.01471609999862,2026-05-28T13:06:17.755,2026-05-28T13:21:47.755,-930,,
multimetro,,,,171.0652388999988,2026-05-28T13:06:17.806,2026-05-28T13:21:47.806,-930,793.0,-0.004249609
multimetro,,,,171.28021760000047,2026-05-28T13:06:18.018,2026-05-28T13:21:48.018,-930,794.0,-0.004252907
multimetro,,,,171.49541659999886,2026-05-28T13:06:18.233,2026-05-28T13:21:48.233,-930,795.0,-0.004255776
balanza,343.0,-227.99,,171.51485680000042,2026-05-28T13:06:18.256,2026-05-28T13:21:48.256,-930,,
multimetro,,,,171.71048480000172,2026-05-28T13:06:18.451,2026-05-28T13:21:48.451,-930,796.0,-0.004259063
multimetro,,,,171.9256854999985,2026-05-28T13:06:18.666,2026-05-28T13:21:48.666,-930,797.0,-0.004261639
balanza,344.0,-226.91,,172.0146234999993,2026-05-28T13:06:18.755,2026-05-28T13:21:48.755,-930,,
multimetro,,,,172.14070029999857,2026-05-28T13:06:18.875,2026-05-28T13:21:48.875,-930,798.0,-0.00426457
multimetro,,,,172.35600260000137,2026-05-28T13:06:19.089,2026-05-28T13:21:49.089,-930,799.0,-0.004267826
balanza,345.0,-226.69,,172.51472360000116,2026-05-28T13:06:19.255,2026-05-28T13:21:49.255,-930,,
multimetro,,,,172.5709526999999,2026-05-28T13:06:19.306,2026-05-28T13:21:49.306,-930,800.0,-0.004270255
multimetro,,,,172.78614519999974,2026-05-28T13:06:19.523,2026-05-28T13:21:49.523,-930,801.0,-0.0042737
multimetro,,,,173.0015783000017,2026-05-28T13:06:19.741,2026-05-28T13:21:49.741,-930,802.0,-0.004277092
balanza,346.0,-229.32,,173.01477019999948,2026-05-28T13:06:19.756,2026-05-28T13:21:49.756,-930,,
multimetro,,,,173.216507000001,2026-05-28T13:06:19.956,2026-05-28T13:21:49.956,-930,803.0,-0.004279825
multimetro,,,,173.4316800000015,2026-05-28T13:06:20.172,2026-05-28T13:21:50.172,-930,804.0,-0.00428351
balanza,347.0,-227.31,,173.51467870000124,2026-05-28T13:06:20.255,2026-05-28T13:21:50.255,-930,,
multimetro,,,,173.6466416000003,2026-05-28T13:06:20.386,2026-05-28T13:21:50.386,-930,805.0,-0.004285793
multimetro,,,,173.86185439999826,2026-05-28T13:06:20.599,2026-05-28T13:21:50.599,-930,806.0,-0.00428886
balanza,348.0,-230.92,,174.01465349999853,2026-05-28T13:06:20.755,2026-05-28T13:21:50.755,-930,,
multimetro,,,,174.0767108,2026-05-28T13:06:20.816,2026-05-28T13:21:50.816,-930,807.0,-0.004292033
multimetro,,,,174.29194859999916,2026-05-28T13:06:21.031,2026-05-28T13:21:51.031,-930,808.0,-0.004294681
multimetro,,,,174.50698380000176,2026-05-28T13:06:21.243,2026-05-28T13:21:51.243,-930,809.0,-0.004297948
balanza,349.0,-228.7,,174.51475819999905,2026-05-28T13:06:21.255,2026-05-28T13:21:51.255,-930,,
multimetro,,,,174.722090700001,2026-05-28T13:06:21.463,2026-05-28T13:21:51.463,-930,810.0,-0.004300356
multimetro,,,,174.93721020000157,2026-05-28T13:06:21.676,2026-05-28T13:21:51.676,-930,811.0,-0.004302733
balanza,350.0,-231.07,,175.01472859999922,2026-05-28T13:06:21.755,2026-05-28T13:21:51.755,-930,,
multimetro,,,,175.15248979999888,2026-05-28T13:06:21.893,2026-05-28T13:21:51.893,-930,812.0,-0.004305298
multimetro,,,,175.3677198000005,2026-05-28T13:06:22.106,2026-05-28T13:21:52.106,-930,813.0,-0.004307988
balanza,351.0,-229.99,,175.5146719000004,2026-05-28T13:06:22.256,2026-05-28T13:21:52.256,-930,,
multimetro,,,,175.58282970000073,2026-05-28T13:06:22.322,2026-05-28T13:21:52.322,-930,814.0,-0.004310334
multimetro,,,,175.79818130000058,2026-05-28T13:06:22.539,2026-05-28T13:21:52.539,-930,815.0,-0.004312428
multimetro,,,,176.01325789999828,2026-05-28T13:06:22.753,2026-05-28T13:21:52.753,-930,816.0,-0.004315275
balanza,352.0,-231.65,,176.01483369999914,2026-05-28T13:06:22.755,2026-05-28T13:21:52.755,-930,,
multimetro,,,,176.24174259999927,2026-05-28T13:06:22.982,2026-05-28T13:21:52.982,-930,817.0,-0.004318458
multimetro,,,,176.45712560000175,2026-05-28T13:06:23.189,2026-05-28T13:21:53.189,-930,818.0,-0.004321693
balanza,353.0,-232.85,,176.51469580000048,2026-05-28T13:06:23.255,2026-05-28T13:21:53.255,-930,,
multimetro,,,,176.67223179999928,2026-05-28T13:06:23.406,2026-05-28T13:21:53.406,-930,819.0,-0.004324101
multimetro,,,,176.88747280000098,2026-05-28T13:06:23.623,2026-05-28T13:21:53.623,-930,820.0,-0.004327588
balanza,354.0,-231.1,,177.01468390000082,2026-05-28T13:06:23.755,2026-05-28T13:21:53.755,-930,,
multimetro,,,,177.10241060000044,2026-05-28T13:06:23.839,2026-05-28T13:21:53.839,-930,821.0,-0.004330038
multimetro,,,,177.31763389999833,2026-05-28T13:06:24.056,2026-05-28T13:21:54.056,-930,822.0,-0.00433299
balanza,355.0,-233.77,,177.51464340000166,2026-05-28T13:06:24.255,2026-05-28T13:21:54.255,-930,,
multimetro,,,,177.53266870000152,2026-05-28T13:06:24.273,2026-05-28T13:21:54.273,-930,823.0,-0.004336414
multimetro,,,,177.74788959999933,2026-05-28T13:06:24.483,2026-05-28T13:21:54.483,-930,824.0,-0.004339188
multimetro,,,,177.9628702000009,2026-05-28T13:06:24.699,2026-05-28T13:21:54.699,-930,825.0,-0.004342371
balanza,356.0,-231.98,,178.01450960000147,2026-05-28T13:06:24.755,2026-05-28T13:21:54.755,-930,,
multimetro,,,,178.17791980000038,2026-05-28T13:06:24.918,2026-05-28T13:21:54.918,-930,826.0,-0.004345407
multimetro,,,,178.39297459999943,2026-05-28T13:06:25.133,2026-05-28T13:21:55.133,-930,827.0,-0.00434948
balanza,357.0,-233.07,,178.51463689999946,2026-05-28T13:06:25.256,2026-05-28T13:21:55.256,-930,,
multimetro,,,,178.60822159999952,2026-05-28T13:06:25.339,2026-05-28T13:21:55.339,-930,828.0,-0.004353741
multimetro,,,,178.8235816000015,2026-05-28T13:06:25.556,2026-05-28T13:21:55.556,-930,829.0,-0.004357709
balanza,358.0,-233.26,,179.01449109999885,2026-05-28T13:06:25.755,2026-05-28T13:21:55.755,-930,,
multimetro,,,,179.03865510000105,2026-05-28T13:06:25.773,2026-05-28T13:21:55.773,-930,830.0,-0.004361489
multimetro,,,,179.2538514000007,2026-05-28T13:06:25.989,2026-05-28T13:21:55.989,-930,831.0,-0.004364682
multimetro,,,,179.4688477999989,2026-05-28T13:06:26.206,2026-05-28T13:21:56.206,-930,832.0,-0.004367582
balanza,359.0,-233.97,,179.5147724999988,2026-05-28T13:06:26.255,2026-05-28T13:21:56.255,-930,,
multimetro,,,,179.68401299999823,2026-05-28T13:06:26.425,2026-05-28T13:21:56.425,-930,833.0,-0.004371016
multimetro,,,,179.89907269999821,2026-05-28T13:06:26.640,2026-05-28T13:21:56.640,-930,834.0,-0.004373969
balanza,360.0,-235.68,,180.01466340000115,2026-05-28T13:06:26.755,2026-05-28T13:21:56.755,-930,,
multimetro,,,,180.11419920000117,2026-05-28T13:06:26.849,2026-05-28T13:21:56.849,-930,835.0,-0.004377235
multimetro,,,,180.32927669999845,2026-05-28T13:06:27.066,2026-05-28T13:21:57.066,-930,836.0,-0.004379644
balanza,361.0,-234.53,,180.51470749999862,2026-05-28T13:06:27.255,2026-05-28T13:21:57.255,-930,,
multimetro,,,,180.54431580000164,2026-05-28T13:06:27.283,2026-05-28T13:21:57.283,-930,837.0,-0.004382502
multimetro,,,,180.7593425999985,2026-05-28T13:06:27.494,2026-05-28T13:21:57.494,-930,838.0,-0.004386564
multimetro,,,,180.97428959999888,2026-05-28T13:06:27.714,2026-05-28T13:21:57.714,-930,839.0,-0.004390291
balanza,362.0,-236.33,,181.01464420000048,2026-05-28T13:06:27.755,2026-05-28T13:21:57.755,-930,,
multimetro,,,,181.18924909999987,2026-05-28T13:06:27.930,2026-05-28T13:21:57.930,-930,840.0,-0.0043945
multimetro,,,,181.40447190000123,2026-05-28T13:06:28.143,2026-05-28T13:21:58.143,-930,841.0,-0.004397756
balanza,363.0,-234.24,,181.51474809999854,2026-05-28T13:06:28.255,2026-05-28T13:21:58.255,-930,,
multimetro,,,,181.61980050000057,2026-05-28T13:06:28.360,2026-05-28T13:21:58.360,-930,842.0,-0.004400792
multimetro,,,,181.83472899999833,2026-05-28T13:06:28.575,2026-05-28T13:21:58.575,-930,843.0,-0.004405399
balanza,364.0,-236.81,,182.0146993999988,2026-05-28T13:06:28.755,2026-05-28T13:21:58.755,-930,,
multimetro,,,,182.04980889999933,2026-05-28T13:06:28.789,2026-05-28T13:21:58.789,-930,844.0,-0.004408802
multimetro,,,,182.26498390000052,2026-05-28T13:06:29.005,2026-05-28T13:21:59.005,-930,845.0,-0.004411691
multimetro,,,,182.48048270000072,2026-05-28T13:06:29.220,2026-05-28T13:21:59.220,-930,846.0,-0.004415115
balanza,365.0,-235.89,,182.51473149999947,2026-05-28T13:06:29.256,2026-05-28T13:21:59.256,-930,,
multimetro,,,,182.6955514000001,2026-05-28T13:06:29.436,2026-05-28T13:21:59.436,-930,847.0,-0.004418151
multimetro,,,,182.91063249999934,2026-05-28T13:06:29.649,2026-05-28T13:21:59.649,-930,848.0,-0.004421868
balanza,366.0,-236.09,,183.01423849999992,2026-05-28T13:06:29.749,2026-05-28T13:21:59.749,-930,,
multimetro,,,,183.12595520000104,2026-05-28T13:06:29.866,2026-05-28T13:21:59.866,-930,849.0,-0.004426496
multimetro,,,,183.34112559999994,2026-05-28T13:06:30.073,2026-05-28T13:22:00.073,-930,850.0,-0.00442949
balanza,367.0,-236.69,,183.51465129999997,2026-05-28T13:06:30.255,2026-05-28T13:22:00.255,-930,,
multimetro,,,,183.55623009999908,2026-05-28T13:06:30.289,2026-05-28T13:22:00.289,-930,851.0,-0.004433678
multimetro,,,,183.77128639999864,2026-05-28T13:06:30.512,2026-05-28T13:22:00.512,-930,852.0,-0.004437395
multimetro,,,,183.98652120000042,2026-05-28T13:06:30.723,2026-05-28T13:22:00.723,-930,853.0,-0.004440054
balanza,368.0,-237.32,,184.01463839999997,2026-05-28T13:06:30.755,2026-05-28T13:22:00.755,-930,,
multimetro,,,,184.20155700000032,2026-05-28T13:06:30.939,2026-05-28T13:22:00.939,-930,854.0,-0.004444525
multimetro,,,,184.41692350000085,2026-05-28T13:06:31.156,2026-05-28T13:22:01.156,-930,855.0,-0.004448378
balanza,369.0,-238.42,,184.51469110000107,2026-05-28T13:06:31.255,2026-05-28T13:22:01.255,-930,,
multimetro,,,,184.6318132000015,2026-05-28T13:06:31.372,2026-05-28T13:22:01.372,-930,856.0,-0.004451518
multimetro,,,,184.84696189999886,2026-05-28T13:06:31.583,2026-05-28T13:22:01.583,-930,857.0,-0.004453298
balanza,370.0,-237.42,,185.0142605000001,2026-05-28T13:06:31.751,2026-05-28T13:22:01.751,-930,,
multimetro,,,,185.06208010000046,2026-05-28T13:06:31.799,2026-05-28T13:22:01.799,-930,858.0,-0.004454586
multimetro,,,,185.2771673999996,2026-05-28T13:06:32.016,2026-05-28T13:22:02.016,-930,859.0,-0.00445712
multimetro,,,,185.49229209999976,2026-05-28T13:06:32.233,2026-05-28T13:22:02.233,-930,860.0,-0.004458533
balanza,371.0,-240.95,,185.51473519999854,2026-05-28T13:06:32.256,2026-05-28T13:22:02.256,-930,,
multimetro,,,,185.70735309999873,2026-05-28T13:06:32.439,2026-05-28T13:22:02.439,-930,861.0,-0.004460512
multimetro,,,,185.92254889999822,2026-05-28T13:06:32.656,2026-05-28T13:22:02.656,-930,862.0,-0.004463004
balanza,372.0,-238.34,,186.01467029999912,2026-05-28T13:06:32.755,2026-05-28T13:22:02.755,-930,,
multimetro,,,,186.13774879999983,2026-05-28T13:06:32.875,2026-05-28T13:22:02.875,-930,863.0,-0.004465056
multimetro,,,,186.352949600001,2026-05-28T13:06:33.089,2026-05-28T13:22:03.089,-930,864.0,-0.004467087
balanza,373.0,-242.05,,186.51458080000157,2026-05-28T13:06:33.255,2026-05-28T13:22:03.255,-930,,
multimetro,,,,186.56800099999964,2026-05-28T13:06:33.306,2026-05-28T13:22:03.306,-930,865.0,-0.004469348
multimetro,,,,186.78322069999922,2026-05-28T13:06:33.522,2026-05-28T13:22:03.522,-930,866.0,-0.00446916
multimetro,,,,186.99824829999852,2026-05-28T13:06:33.739,2026-05-28T13:22:03.739,-930,867.0,-0.004471495
balanza,374.0,-238.92,,187.0147395999993,2026-05-28T13:06:33.755,2026-05-28T13:22:03.755,-930,,
multimetro,,,,187.2136516999999,2026-05-28T13:06:33.949,2026-05-28T13:22:03.949,-930,868.0,-0.004473547
multimetro,,,,187.42877399999998,2026-05-28T13:06:34.170,2026-05-28T13:22:04.170,-930,869.0,-0.004476175
balanza,375.0,-242.24,,187.51461070000005,2026-05-28T13:06:34.255,2026-05-28T13:22:04.255,-930,,
multimetro,,,,187.64415569999983,2026-05-28T13:06:34.384,2026-05-28T13:22:04.384,-930,870.0,-0.004478918
multimetro,,,,187.85929179999948,2026-05-28T13:06:34.599,2026-05-28T13:22:04.599,-930,871.0,-0.004481692
balanza,376.0,-241.19,,188.01479370000015,2026-05-28T13:06:34.755,2026-05-28T13:22:04.755,-930,,
multimetro,,,,188.07444649999888,2026-05-28T13:06:34.806,2026-05-28T13:22:04.806,-930,872.0,-0.004484289
multimetro,,,,188.28953879999972,2026-05-28T13:06:35.028,2026-05-28T13:22:05.028,-930,873.0,-0.004486467
multimetro,,,,188.50459989999945,2026-05-28T13:06:35.241,2026-05-28T13:22:05.241,-930,874.0,-0.004488351
balanza,377.0,-241.27,,188.51469519999955,2026-05-28T13:06:35.256,2026-05-28T13:22:05.256,-930,,
multimetro,,,,188.71966990000146,2026-05-28T13:06:35.458,2026-05-28T13:22:05.458,-930,875.0,-0.004491042
multimetro,,,,188.93487219999952,2026-05-28T13:06:35.673,2026-05-28T13:22:05.673,-930,876.0,-0.004492968
balanza,378.0,-242.88,,189.01467849999972,2026-05-28T13:06:35.755,2026-05-28T13:22:05.755,-930,,
multimetro,,,,189.14993980000145,2026-05-28T13:06:35.891,2026-05-28T13:22:05.891,-930,877.0,-0.004495272
multimetro,,,,189.36500069999965,2026-05-28T13:06:36.106,2026-05-28T13:22:06.106,-930,878.0,-0.004497596
balanza,379.0,-242.86,,189.51473500000066,2026-05-28T13:06:36.255,2026-05-28T13:22:06.255,-930,,
multimetro,,,,189.58016439999847,2026-05-28T13:06:36.316,2026-05-28T13:22:06.316,-930,879.0,-0.004499313
multimetro,,,,189.79517660000056,2026-05-28T13:06:36.536,2026-05-28T13:22:06.536,-930,880.0,-0.004501836
multimetro,,,,190.01048169999922,2026-05-28T13:06:36.749,2026-05-28T13:22:06.749,-930,881.0,-0.004504087
balanza,380.0,-243.94,,190.01473120000082,2026-05-28T13:06:36.755,2026-05-28T13:22:06.755,-930,,
multimetro,,,,190.22552050000013,2026-05-28T13:06:36.966,2026-05-28T13:22:06.966,-930,882.0,-0.004506359
multimetro,,,,190.44086379999862,2026-05-28T13:06:37.173,2026-05-28T13:22:07.173,-930,883.0,-0.004509322
balanza,381.0,-242.29,,190.51470509999854,2026-05-28T13:06:37.255,2026-05-28T13:22:07.255,-930,,
multimetro,,,,190.65609720000066,2026-05-28T13:06:37.389,2026-05-28T13:22:07.389,-930,884.0,-0.004509877
multimetro,,,,190.8712024000015,2026-05-28T13:06:37.606,2026-05-28T13:22:07.606,-930,885.0,-0.004512463
balanza,382.0,-243.72,,191.01438190000044,2026-05-28T13:06:37.753,2026-05-28T13:22:07.753,-930,,
multimetro,,,,191.08640820000073,2026-05-28T13:06:37.822,2026-05-28T13:22:07.822,-930,886.0,-0.004513866
multimetro,,,,191.30135510000036,2026-05-28T13:06:38.042,2026-05-28T13:22:08.042,-930,887.0,-0.004515625
balanza,383.0,-244.77,,191.51468680000107,2026-05-28T13:06:38.255,2026-05-28T13:22:08.255,-930,,
multimetro,,,,191.51647909999883,2026-05-28T13:06:38.256,2026-05-28T13:22:08.256,-930,888.0,-0.004518043
multimetro,,,,191.73148980000042,2026-05-28T13:06:38.472,2026-05-28T13:22:08.472,-930,889.0,-0.004520745
multimetro,,,,191.94667649999974,2026-05-28T13:06:38.683,2026-05-28T13:22:08.683,-930,890.0,-0.004524074
balanza,384.0,-243.87,,192.0146151000008,2026-05-28T13:06:38.755,2026-05-28T13:22:08.755,-930,,
multimetro,,,,192.16173219999837,2026-05-28T13:06:38.903,2026-05-28T13:22:08.903,-930,891.0,-0.004526503
multimetro,,,,192.37685019999844,2026-05-28T13:06:39.116,2026-05-28T13:22:09.116,-930,892.0,-0.004528052
balanza,385.0,-245.67,,192.5145545000014,2026-05-28T13:06:39.255,2026-05-28T13:22:09.255,-930,,
multimetro,,,,192.59193790000063,2026-05-28T13:06:39.332,2026-05-28T13:22:09.332,-930,893.0,-0.004530827
multimetro,,,,192.80709470000147,2026-05-28T13:06:39.543,2026-05-28T13:22:09.543,-930,894.0,-0.004532931
balanza,386.0,-244.75,,193.01472550000108,2026-05-28T13:06:39.755,2026-05-28T13:22:09.755,-930,,
multimetro,,,,193.02227340000172,2026-05-28T13:06:39.763,2026-05-28T13:22:09.763,-930,895.0,-0.004534669
multimetro,,,,193.2375362999992,2026-05-28T13:06:39.976,2026-05-28T13:22:09.976,-930,896.0,-0.004537255
multimetro,,,,193.45271180000054,2026-05-28T13:06:40.193,2026-05-28T13:22:10.193,-930,897.0,-0.004539182
balanza,387.0,-248.31,,193.51462629999878,2026-05-28T13:06:40.255,2026-05-28T13:22:10.255,-930,,
multimetro,,,,193.66769270000077,2026-05-28T13:06:40.406,2026-05-28T13:22:10.406,-930,898.0,-0.004541066
multimetro,,,,193.88293429999976,2026-05-28T13:06:40.623,2026-05-28T13:22:10.623,-930,899.0,-0.004542386
balanza,388.0,-245.22,,194.01459880000039,2026-05-28T13:06:40.755,2026-05-28T13:22:10.755,-930,,
multimetro,,,,194.09787710000091,2026-05-28T13:06:40.839,2026-05-28T13:22:10.839,-930,900.0,-0.004544877
multimetro,,,,194.31299539999964,2026-05-28T13:06:41.053,2026-05-28T13:22:11.053,-930,901.0,-0.004547893
balanza,389.0,-247.83,,194.5146781000003,2026-05-28T13:06:41.255,2026-05-28T13:22:11.255,-930,,
multimetro,,,,194.52812489999997,2026-05-28T13:06:41.260,2026-05-28T13:22:11.260,-930,902.0,-0.004549714
multimetro,,,,194.74324519999936,2026-05-28T13:06:41.481,2026-05-28T13:22:11.481,-930,903.0,-0.004552332
multimetro,,,,194.95844809999835,2026-05-28T13:06:41.693,2026-05-28T13:22:11.693,-930,904.0,-0.004555389
balanza,390.0,-247.46,,195.014710200001,2026-05-28T13:06:41.755,2026-05-28T13:22:11.755,-930,,
multimetro,,,,195.17364269999962,2026-05-28T13:06:41.906,2026-05-28T13:22:11.906,-930,905.0,-0.004556101
multimetro,,,,195.3888450000013,2026-05-28T13:06:42.122,2026-05-28T13:22:12.122,-930,906.0,-0.004558656
balanza,391.0,-249.1,,195.51460249999946,2026-05-28T13:06:42.255,2026-05-28T13:22:12.255,-930,,
multimetro,,,,195.60385120000137,2026-05-28T13:06:42.345,2026-05-28T13:22:12.345,-930,907.0,-0.004561262
multimetro,,,,195.81903059999968,2026-05-28T13:06:42.556,2026-05-28T13:22:12.556,-930,908.0,-0.004564184
balanza,392.0,-249.02,,196.01461769999878,2026-05-28T13:06:42.755,2026-05-28T13:22:12.755,-930,,
multimetro,,,,196.03426229999968,2026-05-28T13:06:42.773,2026-05-28T13:22:12.773,-930,909.0,-0.004566864
multimetro,,,,196.24947220000104,2026-05-28T13:06:42.989,2026-05-28T13:22:12.989,-930,910.0,-0.004569282
multimetro,,,,196.4644616000005,2026-05-28T13:06:43.205,2026-05-28T13:22:13.205,-930,911.0,-0.00457234
balanza,393.0,-248.14,,196.51459429999886,2026-05-28T13:06:43.255,2026-05-28T13:22:13.255,-930,,
multimetro,,,,196.67992349999986,2026-05-28T13:06:43.416,2026-05-28T13:22:13.416,-930,912.0,-0.004575104
multimetro,,,,196.89505700000154,2026-05-28T13:06:43.633,2026-05-28T13:22:13.633,-930,913.0,-0.004577752
balanza,394.0,-250.56,,197.01473819999956,2026-05-28T13:06:43.755,2026-05-28T13:22:13.755,-930,,
multimetro,,,,197.1100187000011,2026-05-28T13:06:43.849,2026-05-28T13:22:13.849,-930,914.0,-0.004582202
multimetro,,,,197.32516390000092,2026-05-28T13:06:44.066,2026-05-28T13:22:14.066,-930,915.0,-0.004585332
balanza,395.0,-249.39,,197.5146535999993,2026-05-28T13:06:44.255,2026-05-28T13:22:14.255,-930,,
multimetro,,,,197.54015280000021,2026-05-28T13:06:44.273,2026-05-28T13:22:14.273,-930,916.0,-0.0045884
multimetro,,,,197.7553341999992,2026-05-28T13:06:44.489,2026-05-28T13:22:14.489,-930,917.0,-0.004591625
multimetro,,,,197.97027940000044,2026-05-28T13:06:44.706,2026-05-28T13:22:14.706,-930,918.0,-0.004594378
balanza,396.0,-250.99,,198.01469469999938,2026-05-28T13:06:44.755,2026-05-28T13:22:14.755,-930,,
multimetro,,,,198.18549690000145,2026-05-28T13:06:44.923,2026-05-28T13:22:14.923,-930,919.0,-0.004597477
multimetro,,,,198.40055470000152,2026-05-28T13:06:45.139,2026-05-28T13:22:15.139,-930,920.0,-0.004600022
balanza,397.0,-248.97,,198.51471160000074,2026-05-28T13:06:45.255,2026-05-28T13:22:15.255,-930,,
multimetro,,,,198.6156658,2026-05-28T13:06:45.356,2026-05-28T13:22:15.356,-930,921.0,-0.00460377
multimetro,,,,198.83091240000067,2026-05-28T13:06:45.566,2026-05-28T13:22:15.566,-930,922.0,-0.004606848
balanza,398.0,-250.18,,199.01461859999836,2026-05-28T13:06:45.755,2026-05-28T13:22:15.755,-930,,
multimetro,,,,199.04612540000016,2026-05-28T13:06:45.782,2026-05-28T13:22:15.782,-930,923.0,-0.004609109
multimetro,,,,199.26101049999852,2026-05-28T13:06:45.999,2026-05-28T13:22:15.999,-930,924.0,-0.004611517
multimetro,,,,199.4763094000009,2026-05-28T13:06:46.216,2026-05-28T13:22:16.216,-930,925.0,-0.00461336
balanza,399.0,-252.13,,199.5146937999998,2026-05-28T13:06:46.255,2026-05-28T13:22:16.255,-930,,
multimetro,,,,199.6915555000014,2026-05-28T13:06:46.422,2026-05-28T13:22:16.422,-930,926.0,-0.004614857
multimetro,,,,199.90664280000055,2026-05-28T13:06:46.639,2026-05-28T13:22:16.639,-930,927.0,-0.004617098
balanza,400.0,-251.22,,200.01458120000098,2026-05-28T13:06:46.755,2026-05-28T13:22:16.755,-930,,
multimetro,,,,200.12186479999946,2026-05-28T13:06:46.856,2026-05-28T13:22:16.856,-930,928.0,-0.00461848
multimetro,,,,200.33680159999858,2026-05-28T13:06:47.073,2026-05-28T13:22:17.073,-930,929.0,-0.004619255
balanza,401.0,-253.42,,200.5145537999997,2026-05-28T13:06:47.255,2026-05-28T13:22:17.255,-930,,
multimetro,,,,200.5520347999991,2026-05-28T13:06:47.289,2026-05-28T13:22:17.289,-930,930.0,-0.004620312
multimetro,,,,200.76698709999982,2026-05-28T13:06:47.506,2026-05-28T13:22:17.506,-930,931.0,-0.004622217
multimetro,,,,200.98208019999947,2026-05-28T13:06:47.722,2026-05-28T13:22:17.722,-930,932.0,-0.004624406
balanza,402.0,-251.75,,201.01477710000108,2026-05-28T13:06:47.756,2026-05-28T13:22:17.756,-930,,
multimetro,,,,201.1971674999986,2026-05-28T13:06:47.933,2026-05-28T13:22:17.933,-930,933.0,-0.004625107
multimetro,,,,201.41229770000064,2026-05-28T13:06:48.149,2026-05-28T13:22:18.149,-930,934.0,-0.004627463
balanza,403.0,-253.86,,201.51460619999852,2026-05-28T13:06:48.255,2026-05-28T13:22:18.255,-930,,
multimetro,,,,201.62744979999843,2026-05-28T13:06:48.368,2026-05-28T13:22:18.368,-930,935.0,-0.004630447
multimetro,,,,201.84250360000078,2026-05-28T13:06:48.583,2026-05-28T13:22:18.583,-930,936.0,-0.00463275
balanza,404.0,-252.26,,202.01453739999852,2026-05-28T13:06:48.755,2026-05-28T13:22:18.755,-930,,
multimetro,,,,202.05768589999934,2026-05-28T13:06:48.794,2026-05-28T13:22:18.794,-930,937.0,-0.004635954
multimetro,,,,202.27294279999842,2026-05-28T13:06:49.006,2026-05-28T13:22:19.006,-930,938.0,-0.004639388
multimetro,,,,202.48812929999985,2026-05-28T13:06:49.226,2026-05-28T13:22:19.226,-930,939.0,-0.004642539
balanza,405.0,-254.46,,202.51437929999884,2026-05-28T13:06:49.250,2026-05-28T13:22:19.250,-930,,
multimetro,,,,202.7031246000006,2026-05-28T13:06:49.443,2026-05-28T13:22:19.443,-930,940.0,-0.004645952
multimetro,,,,202.91820329999973,2026-05-28T13:06:49.658,2026-05-28T13:22:19.658,-930,941.0,-0.004648193
balanza,406.0,-255.26,,203.01463890000014,2026-05-28T13:06:49.755,2026-05-28T13:22:19.755,-930,,
multimetro,,,,203.13333620000049,2026-05-28T13:06:49.874,2026-05-28T13:22:19.874,-930,942.0,-0.004650475
multimetro,,,,203.34845789999963,2026-05-28T13:06:50.089,2026-05-28T13:22:20.089,-930,943.0,-0.004652569
balanza,407.0,-253.09,,203.5145698999986,2026-05-28T13:06:50.255,2026-05-28T13:22:20.255,-930,,
multimetro,,,,203.56351089999953,2026-05-28T13:06:50.301,2026-05-28T13:22:20.301,-930,944.0,-0.004654422
multimetro,,,,203.7786625000008,2026-05-28T13:06:50.516,2026-05-28T13:22:20.516,-930,945.0,-0.004657668
multimetro,,,,203.993654599999,2026-05-28T13:06:50.733,2026-05-28T13:22:20.733,-930,946.0,-0.004659825
balanza,408.0,-256.67,,204.01464729999861,2026-05-28T13:06:50.755,2026-05-28T13:22:20.755,-930,,
multimetro,,,,204.2088995999984,2026-05-28T13:06:50.948,2026-05-28T13:22:20.948,-930,947.0,-0.004662537
multimetro,,,,204.42422989999977,2026-05-28T13:06:51.164,2026-05-28T13:22:21.164,-930,948.0,-0.00466528
balanza,409.0,-254.7,,204.51453210000182,2026-05-28T13:06:51.255,2026-05-28T13:22:21.255,-930,,
multimetro,,,,204.63933149999866,2026-05-28T13:06:51.376,2026-05-28T13:22:21.376,-930,949.0,-0.004667667
multimetro,,,,204.8545301999984,2026-05-28T13:06:51.593,2026-05-28T13:22:21.593,-930,950.0,-0.004669855
balanza,410.0,-256.68,,205.0146203000004,2026-05-28T13:06:51.755,2026-05-28T13:22:21.755,-930,,
multimetro,,,,205.06960189999882,2026-05-28T13:06:51.810,2026-05-28T13:22:21.810,-930,951.0,-0.004672389
multimetro,,,,205.28466839999965,2026-05-28T13:06:52.025,2026-05-28T13:22:22.025,-930,952.0,-0.004674891
multimetro,,,,205.4997618999987,2026-05-28T13:06:52.240,2026-05-28T13:22:22.240,-930,953.0,-0.004677582
balanza,411.0,-255.79,,205.5146437000003,2026-05-28T13:06:52.255,2026-05-28T13:22:22.255,-930,,
multimetro,,,,205.7147585999992,2026-05-28T13:06:52.455,2026-05-28T13:22:22.455,-930,954.0,-0.004680209
multimetro,,,,205.9299069000008,2026-05-28T13:06:52.666,2026-05-28T13:22:22.666,-930,955.0,-0.004682597
balanza,412.0,-256.47,,206.01461429999836,2026-05-28T13:06:52.755,2026-05-28T13:22:22.755,-930,,
multimetro,,,,206.14497810000103,2026-05-28T13:06:52.886,2026-05-28T13:22:22.886,-930,956.0,-0.004685151
multimetro,,,,206.36005579999983,2026-05-28T13:06:53.099,2026-05-28T13:22:23.099,-930,957.0,-0.004687633
balanza,413.0,-258.22,,206.51458970000022,2026-05-28T13:06:53.255,2026-05-28T13:22:23.255,-930,,
multimetro,,,,206.57518899999923,2026-05-28T13:06:53.316,2026-05-28T13:22:23.316,-930,958.0,-0.004689831
multimetro,,,,206.79042960000152,2026-05-28T13:06:53.526,2026-05-28T13:22:23.526,-930,959.0,-0.004691747
multimetro,,,,207.00563429999966,2026-05-28T13:06:53.744,2026-05-28T13:22:23.744,-930,960.0,-0.004694166
balanza,414.0,-258.02,,207.01453160000165,2026-05-28T13:06:53.755,2026-05-28T13:22:23.755,-930,,
multimetro,,,,207.22087530000135,2026-05-28T13:06:53.960,2026-05-28T13:22:23.960,-930,961.0,-0.004697118
multimetro,,,,207.4358632000003,2026-05-28T13:06:54.176,2026-05-28T13:22:24.176,-930,962.0,-0.004699882
balanza,415.0,-258.47,,207.5146128000015,2026-05-28T13:06:54.255,2026-05-28T13:22:24.255,-930,,
multimetro,,,,207.65105340000082,2026-05-28T13:06:54.392,2026-05-28T13:22:24.392,-930,963.0,-0.004702751
multimetro,,,,207.86629529999846,2026-05-28T13:06:54.607,2026-05-28T13:22:24.607,-930,964.0,-0.004705337
balanza,416.0,-256.99,,208.01463050000166,2026-05-28T13:06:54.755,2026-05-28T13:22:24.755,-930,,
multimetro,,,,208.08147779999854,2026-05-28T13:06:54.822,2026-05-28T13:22:24.822,-930,965.0,-0.004707096
multimetro,,,,208.2966512999992,2026-05-28T13:06:55.037,2026-05-28T13:22:25.037,-930,966.0,-0.004709075
multimetro,,,,208.51190869999846,2026-05-28T13:06:55.244,2026-05-28T13:22:25.244,-930,967.0,-0.004710666
balanza,417.0,-253.26,,208.51467820000107,2026-05-28T13:06:55.255,2026-05-28T13:22:25.255,-930,,
multimetro,,,,208.7269989999986,2026-05-28T13:06:55.460,2026-05-28T13:22:25.460,-930,968.0,-0.004713043
multimetro,,,,208.9419553000007,2026-05-28T13:06:55.676,2026-05-28T13:22:25.676,-930,969.0,-0.004716037
balanza,418.0,-238.04,,209.01463850000073,2026-05-28T13:06:55.755,2026-05-28T13:22:25.755,-930,,
multimetro,,,,209.15715819999969,2026-05-28T13:06:55.889,2026-05-28T13:22:25.889,-930,970.0,-0.004718435
multimetro,,,,209.3721114,2026-05-28T13:06:56.108,2026-05-28T13:22:26.108,-930,971.0,-0.004720822
balanza,419.0,-230.91,,209.51468119999845,2026-05-28T13:06:56.255,2026-05-28T13:22:26.255,-930,,
multimetro,,,,209.58733850000135,2026-05-28T13:06:56.322,2026-05-28T13:22:26.322,-930,972.0,-0.004723272
multimetro,,,,209.8022615000009,2026-05-28T13:06:56.541,2026-05-28T13:22:26.541,-930,973.0,-0.004725146
balanza,420.0,-215.5,,210.01455089999945,2026-05-28T13:06:56.755,2026-05-28T13:22:26.755,-930,,
multimetro,,,,210.01759999999922,2026-05-28T13:06:56.756,2026-05-28T13:22:26.756,-930,974.0,-0.004727847
multimetro,,,,210.23251359999995,2026-05-28T13:06:56.973,2026-05-28T13:22:26.973,-930,975.0,-0.004730171
multimetro,,,,210.44775189999928,2026-05-28T13:06:57.185,2026-05-28T13:22:27.185,-930,976.0,-0.004733469
balanza,421.0,-210.92,,210.5146778999988,2026-05-28T13:06:57.255,2026-05-28T13:22:27.255,-930,,
multimetro,,,,210.6627910999996,2026-05-28T13:06:57.399,2026-05-28T13:22:27.399,-930,977.0,-0.004737102
multimetro,,,,210.87779149999915,2026-05-28T13:06:57.616,2026-05-28T13:22:27.616,-930,978.0,-0.004739165
balanza,422.0,-200.25,,211.01459450000038,2026-05-28T13:06:57.755,2026-05-28T13:22:27.755,-930,,
multimetro,,,,211.09274229999937,2026-05-28T13:06:57.833,2026-05-28T13:22:27.833,-930,979.0,-0.004741583
multimetro,,,,211.30780819999927,2026-05-28T13:06:58.039,2026-05-28T13:22:28.039,-930,980.0,-0.004743813
balanza,423.0,-194.44,,211.51458270000148,2026-05-28T13:06:58.255,2026-05-28T13:22:28.255,-930,,
multimetro,,,,211.52272380000068,2026-05-28T13:06:58.256,2026-05-28T13:22:28.256,-930,981.0,-0.004747394
multimetro,,,,211.73782230000143,2026-05-28T13:06:58.473,2026-05-28T13:22:28.473,-930,982.0,-0.004750074
multimetro,,,,211.95301879999897,2026-05-28T13:06:58.689,2026-05-28T13:22:28.689,-930,983.0,-0.004753226
balanza,424.0,-188.15,,212.0146808999998,2026-05-28T13:06:58.755,2026-05-28T13:22:28.755,-930,,
multimetro,,,,212.16811510000116,2026-05-28T13:06:58.906,2026-05-28T13:22:28.906,-930,984.0,-0.004755759
multimetro,,,,212.38327840000056,2026-05-28T13:06:59.122,2026-05-28T13:22:29.122,-930,985.0,-0.004759863
balanza,425.0,-178.62,,212.5146171000015,2026-05-28T13:06:59.255,2026-05-28T13:22:29.255,-930,,
multimetro,,,,212.59834939999928,2026-05-28T13:06:59.339,2026-05-28T13:22:29.339,-930,986.0,-0.0047638
multimetro,,,,212.8137037000015,2026-05-28T13:06:59.549,2026-05-28T13:22:29.549,-930,987.0,-0.004768846
balanza,426.0,-176.55,,213.01461819999895,2026-05-28T13:06:59.755,2026-05-28T13:22:29.755,-930,,
multimetro,,,,213.0286268000018,2026-05-28T13:06:59.765,2026-05-28T13:22:29.765,-930,988.0,-0.004773746
multimetro,,,,213.2437428000012,2026-05-28T13:06:59.984,2026-05-28T13:22:29.984,-930,989.0,-0.004776552
multimetro,,,,213.45872980000058,2026-05-28T13:07:00.199,2026-05-28T13:22:30.199,-930,990.0,-0.00477896
balanza,427.0,-171.97,,213.51469519999955,2026-05-28T13:07:00.255,2026-05-28T13:22:30.255,-930,,
multimetro,,,,213.67387360000066,2026-05-28T13:07:00.406,2026-05-28T13:22:30.406,-930,991.0,-0.004780583
multimetro,,,,213.88896079999904,2026-05-28T13:07:00.622,2026-05-28T13:22:30.622,-930,992.0,-0.004781463
balanza,428.0,-170.56,,214.01452849999987,2026-05-28T13:07:00.748,2026-05-28T13:22:30.748,-930,,
multimetro,,,,214.10409069999878,2026-05-28T13:07:00.839,2026-05-28T13:22:30.839,-930,993.0,-0.004782803
multimetro,,,,214.31926920000114,2026-05-28T13:07:01.056,2026-05-28T13:22:31.056,-930,994.0,-0.004784132
balanza,429.0,-167.5,,214.5145808999987,2026-05-28T13:07:01.255,2026-05-28T13:22:31.255,-930,,
multimetro,,,,214.53421510000044,2026-05-28T13:07:01.272,2026-05-28T13:22:31.272,-930,995.0,-0.004785064
multimetro,,,,214.74940680000145,2026-05-28T13:07:01.489,2026-05-28T13:22:31.489,-930,996.0,-0.004785797
multimetro,,,,214.96439829999872,2026-05-28T13:07:01.699,2026-05-28T13:22:31.699,-930,997.0,-0.004787127
balanza,430.0,-169.26,,215.01463309999963,2026-05-28T13:07:01.755,2026-05-28T13:22:31.755,-930,,
multimetro,,,,215.17982610000035,2026-05-28T13:07:01.916,2026-05-28T13:22:31.916,-930,998.0,-0.004789629
multimetro,,,,215.3949130000001,2026-05-28T13:07:02.133,2026-05-28T13:22:32.133,-930,999.0,-0.004790864
balanza,431.0,-168.41,,215.51447579999876,2026-05-28T13:07:02.255,2026-05-28T13:22:32.255,-930,,
multimetro,,,,215.60998879999897,2026-05-28T13:07:02.349,2026-05-28T13:22:32.349,-930,1000.0,-0.004793168
multimetro,,,,215.8255281999991,2026-05-28T13:07:02.566,2026-05-28T13:22:32.566,-930,1001.0,-0.004795984
balanza,432.0,-170.65,,216.01460999999836,2026-05-28T13:07:02.755,2026-05-28T13:22:32.755,-930,,
multimetro,,,,216.04063049999968,2026-05-28T13:07:02.772,2026-05-28T13:22:32.772,-930,1002.0,-0.0047979
multimetro,,,,216.25558470000033,2026-05-28T13:07:02.989,2026-05-28T13:22:32.989,-930,1003.0,-0.004799533
multimetro,,,,216.47065949999887,2026-05-28T13:07:03.210,2026-05-28T13:22:33.210,-930,1004.0,-0.004800538
balanza,433.0,-169.88,,216.51461969999946,2026-05-28T13:07:03.255,2026-05-28T13:22:33.255,-930,,
multimetro,,,,216.68594759999905,2026-05-28T13:07:03.426,2026-05-28T13:22:33.426,-930,1005.0,-0.004800099
multimetro,,,,216.90101700000014,2026-05-28T13:07:03.642,2026-05-28T13:22:33.642,-930,1006.0,-0.004800863
balanza,434.0,-171.09,,217.01463520000107,2026-05-28T13:07:03.755,2026-05-28T13:22:33.755,-930,,
multimetro,,,,217.11611289999928,2026-05-28T13:07:03.856,2026-05-28T13:22:33.856,-930,1007.0,-0.004801502
multimetro,,,,217.33118520000062,2026-05-28T13:07:04.072,2026-05-28T13:22:34.072,-930,1008.0,-0.004802025
balanza,435.0,-170.24,,217.51446690000012,2026-05-28T13:07:04.249,2026-05-28T13:22:34.249,-930,,
multimetro,,,,217.5463701000008,2026-05-28T13:07:04.283,2026-05-28T13:22:34.283,-930,1009.0,-0.004803407
multimetro,,,,217.76145420000103,2026-05-28T13:07:04.493,2026-05-28T13:22:34.493,-930,1010.0,-0.004805553
multimetro,,,,217.97655840000152,2026-05-28T13:07:04.710,2026-05-28T13:22:34.710,-930,1011.0,-0.004808433
balanza,436.0,-171.57,,218.01459690000047,2026-05-28T13:07:04.755,2026-05-28T13:22:34.755,-930,,
multimetro,,,,218.1916749000011,2026-05-28T13:07:04.932,2026-05-28T13:22:34.932,-930,1012.0,-0.004811019
multimetro,,,,218.40699799999857,2026-05-28T13:07:05.143,2026-05-28T13:22:35.143,-930,1013.0,-0.004814139
balanza,437.0,-170.33,,218.51450820000173,2026-05-28T13:07:05.255,2026-05-28T13:22:35.255,-930,,
multimetro,,,,218.62199500000133,2026-05-28T13:07:05.356,2026-05-28T13:22:35.356,-930,1014.0,-0.004816651
multimetro,,,,218.83717289999913,2026-05-28T13:07:05.572,2026-05-28T13:22:35.572,-930,1015.0,-0.004819185
balanza,438.0,-172.0,,219.01460520000182,2026-05-28T13:07:05.755,2026-05-28T13:22:35.755,-930,,
multimetro,,,,219.0522794999997,2026-05-28T13:07:05.789,2026-05-28T13:22:35.789,-930,1016.0,-0.004821112
multimetro,,,,219.26735479999843,2026-05-28T13:07:06.006,2026-05-28T13:22:36.006,-930,1017.0,-0.004822399
multimetro,,,,219.48251249999885,2026-05-28T13:07:06.222,2026-05-28T13:22:36.222,-930,1018.0,-0.004823436
balanza,439.0,-169.69,,219.51457930000106,2026-05-28T13:07:06.255,2026-05-28T13:22:36.255,-930,,
multimetro,,,,219.6976821999997,2026-05-28T13:07:06.438,2026-05-28T13:22:36.438,-930,1019.0,-0.004824608
multimetro,,,,219.9127632000018,2026-05-28T13:07:06.653,2026-05-28T13:22:36.653,-930,1020.0,-0.004825969
balanza,440.0,-170.56,,220.01466240000082,2026-05-28T13:07:06.755,2026-05-28T13:22:36.755,-930,,
multimetro,,,,220.12790559999848,2026-05-28T13:07:06.860,2026-05-28T13:22:36.860,-930,1021.0,-0.004826462
multimetro,,,,220.3431117,2026-05-28T13:07:07.082,2026-05-28T13:22:37.082,-930,1022.0,-0.004826891
balanza,441.0,-170.73,,220.5146597999992,2026-05-28T13:07:07.255,2026-05-28T13:22:37.255,-930,,
multimetro,,,,220.55811220000032,2026-05-28T13:07:07.289,2026-05-28T13:22:37.289,-930,1023.0,-0.004828891
multimetro,,,,220.77335310000126,2026-05-28T13:07:07.506,2026-05-28T13:22:37.506,-930,1024.0,-0.004831309
multimetro,,,,220.98829750000004,2026-05-28T13:07:07.723,2026-05-28T13:22:37.723,-930,1025.0,-0.004833162
balanza,442.0,-171.63,,221.01453670000046,2026-05-28T13:07:07.755,2026-05-28T13:22:37.755,-930,,
multimetro,,,,221.20358810000107,2026-05-28T13:07:07.941,2026-05-28T13:22:37.941,-930,1026.0,-0.004835497
multimetro,,,,221.41878459999862,2026-05-28T13:07:08.156,2026-05-28T13:22:38.156,-930,1027.0,-0.004838669
balanza,443.0,-171.93,,221.5147266999993,2026-05-28T13:07:08.255,2026-05-28T13:22:38.255,-930,,
multimetro,,,,221.63389910000114,2026-05-28T13:07:08.375,2026-05-28T13:22:38.375,-930,1028.0,-0.004841747
multimetro,,,,221.84908899999937,2026-05-28T13:07:08.589,2026-05-28T13:22:38.589,-930,1029.0,-0.004844333
balanza,444.0,-171.63,,222.0146042000015,2026-05-28T13:07:08.755,2026-05-28T13:22:38.755,-930,,
multimetro,,,,222.0640620999984,2026-05-28T13:07:08.799,2026-05-28T13:22:38.799,-930,1030.0,-0.004847621
multimetro,,,,222.27907960000084,2026-05-28T13:07:09.019,2026-05-28T13:22:39.019,-930,1031.0,-0.004850919
multimetro,,,,222.49409279999963,2026-05-28T13:07:09.235,2026-05-28T13:22:39.235,-930,1032.0,-0.004853411
balanza,445.0,-171.38,,222.51461199999903,2026-05-28T13:07:09.255,2026-05-28T13:22:39.255,-930,,
multimetro,,,,222.70927110000048,2026-05-28T13:07:09.449,2026-05-28T13:22:39.449,-930,1033.0,-0.004855829
multimetro,,,,222.92440519999946,2026-05-28T13:07:09.656,2026-05-28T13:22:39.656,-930,1034.0,-0.004857976
balanza,446.0,-172.72,,223.0146593999998,2026-05-28T13:07:09.755,2026-05-28T13:22:39.755,-930,,
multimetro,,,,223.13963779999904,2026-05-28T13:07:09.875,2026-05-28T13:22:39.875,-930,1035.0,-0.004860049
multimetro,,,,223.3546865999997,2026-05-28T13:07:10.089,2026-05-28T13:22:40.089,-930,1036.0,-0.004862425
balanza,447.0,-171.65,,223.51454549999835,2026-05-28T13:07:10.255,2026-05-28T13:22:40.255,-930,,
multimetro,,,,223.5698115999985,2026-05-28T13:07:10.306,2026-05-28T13:22:40.306,-930,1037.0,-0.004865137
multimetro,,,,223.78500150000036,2026-05-28T13:07:10.523,2026-05-28T13:22:40.523,-930,1038.0,-0.004868037
multimetro,,,,224.00020629999926,2026-05-28T13:07:10.739,2026-05-28T13:22:40.739,-930,1039.0,-0.004870979
balanza,448.0,-172.9,,224.0145975000014,2026-05-28T13:07:10.755,2026-05-28T13:22:40.755,-930,,
multimetro,,,,224.2153717000001,2026-05-28T13:07:10.955,2026-05-28T13:22:40.955,-930,1040.0,-0.00487345
multimetro,,,,224.4306042999997,2026-05-28T13:07:11.166,2026-05-28T13:22:41.166,-930,1041.0,-0.004876476
balanza,449.0,-173.56,,224.5146332000004,2026-05-28T13:07:11.255,2026-05-28T13:22:41.255,-930,,
multimetro,,,,224.64572860000044,2026-05-28T13:07:11.384,2026-05-28T13:22:41.384,-930,1042.0,-0.004879763
multimetro,,,,224.86062110000057,2026-05-28T13:07:11.599,2026-05-28T13:22:41.599,-930,1043.0,-0.004881658
balanza,450.0,-172.92,,225.01466100000107,2026-05-28T13:07:11.755,2026-05-28T13:22:41.755,-930,,
multimetro,,,,225.07567479999852,2026-05-28T13:07:11.815,2026-05-28T13:22:41.815,-930,1044.0,-0.004883229
multimetro,,,,225.29080500000055,2026-05-28T13:07:12.025,2026-05-28T13:22:42.025,-930,1045.0,-0.004884611
multimetro,,,,225.50592310000138,2026-05-28T13:07:12.241,2026-05-28T13:22:42.241,-930,1046.0,-0.004885993
balanza,451.0,-173.31,,225.51464159999887,2026-05-28T13:07:12.255,2026-05-28T13:22:42.255,-930,,
multimetro,,,,225.72099180000077,2026-05-28T13:07:12.456,2026-05-28T13:22:42.456,-930,1047.0,-0.004887019
multimetro,,,,225.9360987,2026-05-28T13:07:12.673,2026-05-28T13:22:42.673,-930,1048.0,-0.00488838
balanza,452.0,-172.66,,226.01447760000156,2026-05-28T13:07:12.755,2026-05-28T13:22:42.755,-930,,
multimetro,,,,226.1513288999995,2026-05-28T13:07:12.889,2026-05-28T13:22:42.889,-930,1049.0,-0.004889877
multimetro,,,,226.36650400000144,2026-05-28T13:07:13.106,2026-05-28T13:22:43.106,-930,1050.0,-0.004891406
balanza,453.0,-175.07,,226.51462679999895,2026-05-28T13:07:13.255,2026-05-28T13:22:43.255,-930,,
multimetro,,,,226.58167289999983,2026-05-28T13:07:13.323,2026-05-28T13:22:43.323,-930,1051.0,-0.004893175
multimetro,,,,226.7970209999985,2026-05-28T13:07:13.533,2026-05-28T13:22:43.533,-930,1052.0,-0.004895185
multimetro,,,,227.01213220000136,2026-05-28T13:07:13.753,2026-05-28T13:22:43.753,-930,1053.0,-0.004896839
balanza,454.0,-174.36,,227.01451090000046,2026-05-28T13:07:13.755,2026-05-28T13:22:43.755,-930,,
multimetro,,,,227.2271643999993,2026-05-28T13:07:13.966,2026-05-28T13:22:43.966,-930,1054.0,-0.004898598
multimetro,,,,227.44228840000142,2026-05-28T13:07:14.183,2026-05-28T13:22:44.183,-930,1055.0,-0.00490086
balanza,455.0,-174.94,,227.5146519000009,2026-05-28T13:07:14.255,2026-05-28T13:22:44.255,-930,,
multimetro,,,,227.65729640000063,2026-05-28T13:07:14.389,2026-05-28T13:22:44.389,-930,1056.0,-0.004902922
multimetro,,,,227.87241820000054,2026-05-28T13:07:14.608,2026-05-28T13:22:44.608,-930,1057.0,-0.004905571
balanza,456.0,-175.09,,228.01462119999997,2026-05-28T13:07:14.755,2026-05-28T13:22:44.755,-930,,
multimetro,,,,228.0874685000017,2026-05-28T13:07:14.822,2026-05-28T13:22:44.822,-930,1058.0,-0.004907236
multimetro,,,,228.30258709999907,2026-05-28T13:07:15.039,2026-05-28T13:22:45.039,-930,1059.0,-0.004909393
balanza,457.0,-176.4,,228.51454430000013,2026-05-28T13:07:15.255,2026-05-28T13:22:45.255,-930,,
multimetro,,,,228.51778230000127,2026-05-28T13:07:15.256,2026-05-28T13:22:45.256,-930,1060.0,-0.004911204
multimetro,,,,228.73277869999947,2026-05-28T13:07:15.472,2026-05-28T13:22:45.472,-930,1061.0,-0.004913444
multimetro,,,,228.94790300000022,2026-05-28T13:07:15.689,2026-05-28T13:22:45.689,-930,1062.0,-0.004915287
balanza,458.0,-176.41,,229.01461090000157,2026-05-28T13:07:15.755,2026-05-28T13:22:45.755,-930,,
multimetro,,,,229.1631121999999,2026-05-28T13:07:15.899,2026-05-28T13:22:45.899,-930,1063.0,-0.004917308
multimetro,,,,229.37821809999878,2026-05-28T13:07:16.115,2026-05-28T13:22:46.115,-930,1064.0,-0.00491936
balanza,459.0,-177.23,,229.5146468999992,2026-05-28T13:07:16.255,2026-05-28T13:22:46.255,-930,,
multimetro,,,,229.59346749999895,2026-05-28T13:07:16.334,2026-05-28T13:22:46.334,-930,1065.0,-0.004921715
multimetro,,,,229.80877060000057,2026-05-28T13:07:16.549,2026-05-28T13:22:46.549,-930,1066.0,-0.004923694
balanza,460.0,-176.5,,230.01455519999945,2026-05-28T13:07:16.755,2026-05-28T13:22:46.755,-930,,
multimetro,,,,230.02382370000123,2026-05-28T13:07:16.756,2026-05-28T13:22:46.756,-930,1067.0,-0.004925966
multimetro,,,,230.2389394999991,2026-05-28T13:07:16.973,2026-05-28T13:22:46.973,-930,1068.0,-0.004928081
multimetro,,,,230.45387380000102,2026-05-28T13:07:17.189,2026-05-28T13:22:47.189,-930,1069.0,-0.004930144
balanza,461.0,-177.65,,230.51450000000114,2026-05-28T13:07:17.255,2026-05-28T13:22:47.255,-930,,
multimetro,,,,230.66899850000118,2026-05-28T13:07:17.406,2026-05-28T13:22:47.406,-930,1070.0,-0.004932227
multimetro,,,,230.88420609999957,2026-05-28T13:07:17.623,2026-05-28T13:22:47.623,-930,1071.0,-0.004933536
balanza,462.0,-178.48,,231.01456730000064,2026-05-28T13:07:17.755,2026-05-28T13:22:47.755,-930,,
multimetro,,,,231.0993735000011,2026-05-28T13:07:17.840,2026-05-28T13:22:47.840,-930,1072.0,-0.00493653
multimetro,,,,231.31445990000066,2026-05-28T13:07:18.049,2026-05-28T13:22:48.049,-930,1073.0,-0.004938509
balanza,463.0,-177.9,,231.51449919999868,2026-05-28T13:07:18.255,2026-05-28T13:22:48.255,-930,,
multimetro,,,,231.5296899999994,2026-05-28T13:07:18.266,2026-05-28T13:22:48.266,-930,1074.0,-0.004941472
multimetro,,,,231.74469060000047,2026-05-28T13:07:18.485,2026-05-28T13:22:48.485,-930,1075.0,-0.004943828
multimetro,,,,231.9598702000003,2026-05-28T13:07:18.693,2026-05-28T13:22:48.693,-930,1076.0,-0.004946445
balanza,464.0,-179.54,,232.01448449999953,2026-05-28T13:07:18.755,2026-05-28T13:22:48.755,-930,,
multimetro,,,,232.1749923999996,2026-05-28T13:07:18.908,2026-05-28T13:22:48.908,-930,1077.0,-0.004948748
multimetro,,,,232.3902280000002,2026-05-28T13:07:19.129,2026-05-28T13:22:49.129,-930,1078.0,-0.004951397
balanza,465.0,-179.81,,232.51461370000106,2026-05-28T13:07:19.255,2026-05-28T13:22:49.255,-930,,
multimetro,,,,232.60536539999885,2026-05-28T13:07:19.339,2026-05-28T13:22:49.339,-930,1079.0,-0.004954046
multimetro,,,,232.82045089999883,2026-05-28T13:07:19.556,2026-05-28T13:22:49.556,-930,1080.0,-0.004956318
balanza,466.0,-178.91,,233.0144934000018,2026-05-28T13:07:19.755,2026-05-28T13:22:49.755,-930,,
multimetro,,,,233.03554290000102,2026-05-28T13:07:19.773,2026-05-28T13:22:49.773,-930,1081.0,-0.004958873
multimetro,,,,233.2507399999995,2026-05-28T13:07:19.989,2026-05-28T13:22:49.989,-930,1082.0,-0.004961605
multimetro,,,,233.46600509999917,2026-05-28T13:07:20.206,2026-05-28T13:22:50.206,-930,1083.0,-0.004964579
balanza,467.0,-180.46,,233.51459869999962,2026-05-28T13:07:20.255,2026-05-28T13:22:50.255,-930,,
multimetro,,,,233.68123120000018,2026-05-28T13:07:20.422,2026-05-28T13:22:50.422,-930,1084.0,-0.004969814
multimetro,,,,233.89614979999897,2026-05-28T13:07:20.636,2026-05-28T13:22:50.636,-930,1085.0,-0.004973656
balanza,468.0,-181.11,,234.0146237000008,2026-05-28T13:07:20.755,2026-05-28T13:22:50.755,-930,,
multimetro,,,,234.11115900000004,2026-05-28T13:07:20.849,2026-05-28T13:22:50.849,-930,1086.0,-0.004976661
multimetro,,,,234.32611840000027,2026-05-28T13:07:21.066,2026-05-28T13:22:51.066,-930,1087.0,-0.004978849
balanza,469.0,-179.9,,234.51459070000055,2026-05-28T13:07:21.255,2026-05-28T13:22:51.255,-930,,
multimetro,,,,234.54132110000137,2026-05-28T13:07:21.272,2026-05-28T13:22:51.272,-930,1088.0,-0.004980472
multimetro,,,,234.7564186999989,2026-05-28T13:07:21.489,2026-05-28T13:22:51.489,-930,1089.0,-0.004982587
multimetro,,,,234.97153610000169,2026-05-28T13:07:21.706,2026-05-28T13:22:51.706,-930,1090.0,-0.004984639
balanza,470.0,-181.59,,235.01451520000046,2026-05-28T13:07:21.755,2026-05-28T13:22:51.755,-930,,
multimetro,,,,235.18661150000116,2026-05-28T13:07:21.922,2026-05-28T13:22:51.922,-930,1091.0,-0.004987005
multimetro,,,,235.4017316999998,2026-05-28T13:07:22.140,2026-05-28T13:22:52.140,-930,1092.0,-0.004989413
balanza,471.0,-181.77,,235.51460679999946,2026-05-28T13:07:22.255,2026-05-28T13:22:52.255,-930,,
multimetro,,,,235.61708809999982,2026-05-28T13:07:22.356,2026-05-28T13:22:52.356,-930,1093.0,-0.004991434
multimetro,,,,235.832181400001,2026-05-28T13:07:22.573,2026-05-28T13:22:52.573,-930,1094.0,-0.004993643
balanza,472.0,-181.97,,236.01445310000054,2026-05-28T13:07:22.755,2026-05-28T13:22:52.755,-930,,
multimetro,,,,236.04738599999837,2026-05-28T13:07:22.782,2026-05-28T13:22:52.782,-930,1095.0,-0.004995684
multimetro,,,,236.26261929999964,2026-05-28T13:07:22.999,2026-05-28T13:22:52.999,-930,1096.0,-0.004997862
multimetro,,,,236.47772049999912,2026-05-28T13:07:23.219,2026-05-28T13:22:53.219,-930,1097.0,-0.004999956
balanza,473.0,-182.5,,236.51474479999888,2026-05-28T13:07:23.256,2026-05-28T13:22:53.256,-930,,
multimetro,,,,236.6926663000013,2026-05-28T13:07:23.433,2026-05-28T13:22:53.433,-930,1098.0,-0.005002165
multimetro,,,,236.9077827000001,2026-05-28T13:07:23.649,2026-05-28T13:22:53.649,-930,1099.0,-0.005004395
balanza,474.0,-182.77,,237.01461070000005,2026-05-28T13:07:23.755,2026-05-28T13:22:53.755,-930,,
multimetro,,,,237.1228727000016,2026-05-28T13:07:23.856,2026-05-28T13:22:53.856,-930,1100.0,-0.005006887
multimetro,,,,237.33787600000142,2026-05-28T13:07:24.072,2026-05-28T13:22:54.072,-930,1101.0,-0.005009839
balanza,475.0,-183.93,,237.51451180000004,2026-05-28T13:07:24.255,2026-05-28T13:22:54.255,-930,,
multimetro,,,,237.55289229999835,2026-05-28T13:07:24.293,2026-05-28T13:22:54.293,-930,1102.0,-0.005012289
multimetro,,,,237.7678698000018,2026-05-28T13:07:24.508,2026-05-28T13:22:54.508,-930,1103.0,-0.005015022
multimetro,,,,237.98283559999982,2026-05-28T13:07:24.723,2026-05-28T13:22:54.723,-930,1104.0,-0.005019336
balanza,476.0,-183.44,,238.01465290000124,2026-05-28T13:07:24.755,2026-05-28T13:22:54.755,-930,,
multimetro,,,,238.19793220000065,2026-05-28T13:07:24.939,2026-05-28T13:22:54.939,-930,1105.0,-0.005025167
multimetro,,,,238.41318450000108,2026-05-28T13:07:25.149,2026-05-28T13:22:55.149,-930,1106.0,-0.005032747
balanza,477.0,-184.69,,238.51461070000005,2026-05-28T13:07:25.255,2026-05-28T13:22:55.255,-930,,
multimetro,,,,238.62833110000065,2026-05-28T13:07:25.369,2026-05-28T13:22:55.369,-930,1107.0,-0.005041448
multimetro,,,,238.8436436999982,2026-05-28T13:07:25.576,2026-05-28T13:22:55.576,-930,1108.0,-0.005047593
balanza,478.0,-184.18,,239.01452040000004,2026-05-28T13:07:25.755,2026-05-28T13:22:55.755,-930,,
multimetro,,,,239.05874799999947,2026-05-28T13:07:25.793,2026-05-28T13:22:55.793,-930,1109.0,-0.005052828
multimetro,,,,239.27381980000064,2026-05-28T13:07:26.014,2026-05-28T13:22:56.014,-930,1110.0,-0.005060963
multimetro,,,,239.4888405999991,2026-05-28T13:07:26.226,2026-05-28T13:22:56.226,-930,1111.0,-0.005072302
balanza,479.0,-185.16,,239.51449760000105,2026-05-28T13:07:26.255,2026-05-28T13:22:56.255,-930,,
multimetro,,,,239.7040952999996,2026-05-28T13:07:26.443,2026-05-28T13:22:56.443,-930,1112.0,-0.005073485
multimetro,,,,239.91901869999856,2026-05-28T13:07:26.660,2026-05-28T13:22:56.660,-930,1113.0,-0.005071506
balanza,480.0,-186.61,,240.0145580999997,2026-05-28T13:07:26.755,2026-05-28T13:22:56.755,-930,,
multimetro,,,,240.13423989999865,2026-05-28T13:07:26.875,2026-05-28T13:22:56.875,-930,1114.0,-0.005072187
multimetro,,,,240.34920469999997,2026-05-28T13:07:27.090,2026-05-28T13:22:57.090,-930,1115.0,-0.0050727
balanza,481.0,-185.63,,240.5145835000003,2026-05-28T13:07:27.255,2026-05-28T13:22:57.255,-930,,
multimetro,,,,240.56437659999938,2026-05-28T13:07:27.299,2026-05-28T13:22:57.299,-930,1116.0,-0.005071297
multimetro,,,,240.7796597000015,2026-05-28T13:07:27.520,2026-05-28T13:22:57.520,-930,1117.0,-0.005070355
multimetro,,,,240.99473330000183,2026-05-28T13:07:27.728,2026-05-28T13:22:57.728,-930,1118.0,-0.005070878
balanza,482.0,-187.12,,241.01470609999888,2026-05-28T13:07:27.755,2026-05-28T13:22:57.755,-930,,
multimetro,,,,241.20992259999912,2026-05-28T13:07:27.950,2026-05-28T13:22:57.950,-930,1119.0,-0.00507247
multimetro,,,,241.4250476999987,2026-05-28T13:07:28.166,2026-05-28T13:22:58.166,-930,1120.0,-0.005074019
balanza,483.0,-187.8,,241.51454599999852,2026-05-28T13:07:28.255,2026-05-28T13:22:58.255,-930,,
multimetro,,,,241.64016790000096,2026-05-28T13:07:28.374,2026-05-28T13:22:58.374,-930,1121.0,-0.005074459
multimetro,,,,241.855331499999,2026-05-28T13:07:28.589,2026-05-28T13:22:58.589,-930,1122.0,-0.005074438
balanza,484.0,-186.81,,242.01432170000044,2026-05-28T13:07:28.750,2026-05-28T13:22:58.750,-930,,
multimetro,,,,242.07043970000086,2026-05-28T13:07:28.806,2026-05-28T13:22:58.806,-930,1123.0,-0.005073747
multimetro,,,,242.2853886999983,2026-05-28T13:07:29.023,2026-05-28T13:22:59.023,-930,1124.0,-0.005074145
multimetro,,,,242.50042570000005,2026-05-28T13:07:29.241,2026-05-28T13:22:59.241,-930,1125.0,-0.005075338
balanza,485.0,-187.41,,242.51451570000063,2026-05-28T13:07:29.255,2026-05-28T13:22:59.255,-930,,
multimetro,,,,242.7154601000002,2026-05-28T13:07:29.456,2026-05-28T13:22:59.456,-930,1126.0,-0.005077254
multimetro,,,,242.93056849999994,2026-05-28T13:07:29.670,2026-05-28T13:22:59.670,-930,1127.0,-0.005079442
balanza,486.0,-188.75,,243.01447499999995,2026-05-28T13:07:29.755,2026-05-28T13:22:59.755,-930,,
multimetro,,,,243.14556960000118,2026-05-28T13:07:29.886,2026-05-28T13:22:59.886,-930,1128.0,-0.005081809
multimetro,,,,243.3606112999987,2026-05-28T13:07:30.099,2026-05-28T13:23:00.099,-930,1129.0,-0.005085389
balanza,487.0,-187.98,,243.51438620000044,2026-05-28T13:07:30.255,2026-05-28T13:23:00.255,-930,,
multimetro,,,,243.57576749999862,2026-05-28T13:07:30.316,2026-05-28T13:23:00.316,-930,1130.0,-0.005087871
multimetro,,,,243.79075889999876,2026-05-28T13:07:30.522,2026-05-28T13:23:00.522,-930,1131.0,-0.005089221
multimetro,,,,244.00598460000037,2026-05-28T13:07:30.741,2026-05-28T13:23:00.741,-930,1132.0,-0.005091064
balanza,488.0,-189.34,,244.01452499999868,2026-05-28T13:07:30.755,2026-05-28T13:23:00.755,-930,,
multimetro,,,,244.22107980000146,2026-05-28T13:07:30.956,2026-05-28T13:23:00.956,-930,1133.0,-0.005095178
multimetro,,,,244.43629080000028,2026-05-28T13:07:31.172,2026-05-28T13:23:01.172,-930,1134.0,-0.005098654
balanza,489.0,-189.16,,244.51444550000087,2026-05-28T13:07:31.255,2026-05-28T13:23:01.255,-930,,
multimetro,,,,244.65140560000145,2026-05-28T13:07:31.389,2026-05-28T13:23:01.389,-930,1135.0,-0.005100811
multimetro,,,,244.8664448999989,2026-05-28T13:07:31.606,2026-05-28T13:23:01.606,-930,1136.0,-0.005102958
balanza,490.0,-189.93,,245.01454469999953,2026-05-28T13:07:31.755,2026-05-28T13:23:01.755,-930,,
multimetro,,,,245.08143049999853,2026-05-28T13:07:31.822,2026-05-28T13:23:01.822,-930,1137.0,-0.005104486
multimetro,,,,245.2966806000004,2026-05-28T13:07:32.036,2026-05-28T13:23:02.036,-930,1138.0,-0.005106863
multimetro,,,,245.51159859999825,2026-05-28T13:07:32.249,2026-05-28T13:23:02.249,-930,1139.0,-0.005110695
balanza,491.0,-189.38,,245.51451420000012,2026-05-28T13:07:32.255,2026-05-28T13:23:02.255,-930,,
multimetro,,,,245.7267666000007,2026-05-28T13:07:32.468,2026-05-28T13:23:02.468,-930,1140.0,-0.005113794
multimetro,,,,245.9419397999991,2026-05-28T13:07:32.682,2026-05-28T13:23:02.682,-930,1141.0,-0.005120337
balanza,492.0,-189.29,,246.0146018000014,2026-05-28T13:07:32.755,2026-05-28T13:23:02.755,-930,,
multimetro,,,,246.15704449999976,2026-05-28T13:07:32.892,2026-05-28T13:23:02.892,-930,1142.0,-0.005128232
multimetro,,,,246.37225190000026,2026-05-28T13:07:33.106,2026-05-28T13:23:03.106,-930,1143.0,-0.005135037
balanza,493.0,-190.87,,246.51452430000063,2026-05-28T13:07:33.255,2026-05-28T13:23:03.255,-930,,
multimetro,,,,246.5873290999989,2026-05-28T13:07:33.322,2026-05-28T13:23:03.322,-930,1144.0,-0.005138324
multimetro,,,,246.8026710999984,2026-05-28T13:07:33.539,2026-05-28T13:23:03.539,-930,1145.0,-0.00514023
balanza,494.0,-190.53,,247.01459370000157,2026-05-28T13:07:33.755,2026-05-28T13:23:03.755,-930,,
multimetro,,,,247.01761890000125,2026-05-28T13:07:33.756,2026-05-28T13:23:03.756,-930,1146.0,-0.005144512
multimetro,,,,247.23270100000082,2026-05-28T13:07:33.972,2026-05-28T13:23:03.972,-930,1147.0,-0.005149873
multimetro,,,,247.4479066999993,2026-05-28T13:07:34.189,2026-05-28T13:23:04.189,-930,1148.0,-0.0051487
balanza,495.0,-192.03,,247.51453169999877,2026-05-28T13:07:34.255,2026-05-28T13:23:04.255,-930,,
multimetro,,,,247.66306370000166,2026-05-28T13:07:34.399,2026-05-28T13:23:04.399,-930,1149.0,-0.005148773
multimetro,,,,247.87798079999993,2026-05-28T13:07:34.616,2026-05-28T13:23:04.616,-930,1150.0,-0.005149255
balanza,496.0,-192.35,,248.0144994000002,2026-05-28T13:07:34.755,2026-05-28T13:23:04.755,-930,,
multimetro,,,,248.0931074,2026-05-28T13:07:34.832,2026-05-28T13:23:04.832,-930,1151.0,-0.005152574
multimetro,,,,248.30832880000162,2026-05-28T13:07:35.049,2026-05-28T13:23:05.049,-930,1152.0,-0.005154668
balanza,497.0,-192.95,,248.51448090000122,2026-05-28T13:07:35.255,2026-05-28T13:23:05.255,-930,,
multimetro,,,,248.52333,2026-05-28T13:07:35.256,2026-05-28T13:23:05.256,-930,1153.0,-0.005153998
multimetro,,,,248.73835260000124,2026-05-28T13:07:35.479,2026-05-28T13:23:05.479,-930,1154.0,-0.005153369
multimetro,,,,248.95336429999952,2026-05-28T13:07:35.693,2026-05-28T13:23:05.693,-930,1155.0,-0.005153558
balanza,498.0,-192.76,,249.0145795999997,2026-05-28T13:07:35.755,2026-05-28T13:23:05.755,-930,,
multimetro,,,,249.16853320000155,2026-05-28T13:07:35.909,2026-05-28T13:23:05.909,-930,1156.0,-0.005154416
multimetro,,,,249.3836287999984,2026-05-28T13:07:36.124,2026-05-28T13:23:06.124,-930,1157.0,-0.00515627
balanza,499.0,-194.12,,249.51460149999912,2026-05-28T13:07:36.255,2026-05-28T13:23:06.255,-930,,
multimetro,,,,249.59885569999824,2026-05-28T13:07:36.340,2026-05-28T13:23:06.340,-930,1158.0,-0.005157128
multimetro,,,,249.81380060000083,2026-05-28T13:07:36.549,2026-05-28T13:23:06.549,-930,1159.0,-0.00515874
balanza,500.0,-194.16,,250.0145178999992,2026-05-28T13:07:36.755,2026-05-28T13:23:06.755,-930,,
multimetro,,,,250.0289026999999,2026-05-28T13:07:36.765,2026-05-28T13:23:06.765,-930,1160.0,-0.00516297
multimetro,,,,250.24416030000066,2026-05-28T13:07:36.976,2026-05-28T13:23:06.976,-930,1161.0,-0.005184275
multimetro,,,,250.45926509999845,2026-05-28T13:07:37.193,2026-05-28T13:23:07.193,-930,1162.0,-0.005253417
balanza,501.0,-193.59,,250.51450150000164,2026-05-28T13:07:37.255,2026-05-28T13:23:07.255,-930,,
multimetro,,,,250.68250679999983,2026-05-28T13:07:37.423,2026-05-28T13:23:07.423,-930,1163.0,-0.005275729
multimetro,,,,250.89780600000086,2026-05-28T13:07:37.639,2026-05-28T13:23:07.639,-930,1164.0,-0.005284366
balanza,502.0,-195.8,,251.01487089999864,2026-05-28T13:07:37.756,2026-05-28T13:23:07.756,-930,,
multimetro,,,,251.11289279999983,2026-05-28T13:07:37.849,2026-05-28T13:23:07.849,-930,1165.0,-0.00528512
multimetro,,,,251.32776500000182,2026-05-28T13:07:38.069,2026-05-28T13:23:08.069,-930,1166.0,-0.005281361
balanza,503.0,-193.64,,251.51458289999937,2026-05-28T13:07:38.255,2026-05-28T13:23:08.255,-930,,
multimetro,,,,251.54290749999927,2026-05-28T13:07:38.282,2026-05-28T13:23:08.282,-930,1167.0,-0.005277875
multimetro,,,,251.75804929999867,2026-05-28T13:07:38.489,2026-05-28T13:23:08.489,-930,1168.0,-0.005272965
multimetro,,,,251.9729714999994,2026-05-28T13:07:38.706,2026-05-28T13:23:08.706,-930,1169.0,-0.005257741
balanza,504.0,-196.72,,252.0145377000008,2026-05-28T13:07:38.755,2026-05-28T13:23:08.755,-930,,
multimetro,,,,252.18820609999966,2026-05-28T13:07:38.922,2026-05-28T13:23:08.922,-930,1170.0,-0.005248476
multimetro,,,,252.40312389999963,2026-05-28T13:07:39.139,2026-05-28T13:23:09.139,-930,1171.0,-0.005240424
balanza,505.0,-195.79,,252.51444260000062,2026-05-28T13:07:39.255,2026-05-28T13:23:09.255,-930,,
multimetro,,,,252.61834960000124,2026-05-28T13:07:39.356,2026-05-28T13:23:09.356,-930,1172.0,-0.005230782
multimetro,,,,252.8334145000008,2026-05-28T13:07:39.574,2026-05-28T13:23:09.574,-930,1173.0,-0.00522449
balanza,506.0,-194.91,,253.0146636999998,2026-05-28T13:07:39.755,2026-05-28T13:23:09.755,-930,,
multimetro,,,,253.04851920000146,2026-05-28T13:07:39.789,2026-05-28T13:23:09.789,-930,1174.0,-0.005222008
multimetro,,,,253.26349610000034,2026-05-28T13:07:39.999,2026-05-28T13:23:09.999,-930,1175.0,-0.005242759
multimetro,,,,253.47866720000093,2026-05-28T13:07:40.219,2026-05-28T13:23:10.219,-930,1176.0,-0.005274671
balanza,507.0,-197.34,,253.51451559999987,2026-05-28T13:07:40.255,2026-05-28T13:23:10.255,-930,,
multimetro,,,,253.69355079999877,2026-05-28T13:07:40.432,2026-05-28T13:23:10.432,-930,1177.0,-0.005268588
multimetro,,,,253.9087725999998,2026-05-28T13:07:40.641,2026-05-28T13:23:10.641,-930,1178.0,-0.005255951
balanza,508.0,-196.53,,254.01440340000045,2026-05-28T13:07:40.755,2026-05-28T13:23:10.755,-930,,
multimetro,,,,254.1238345999991,2026-05-28T13:07:40.856,2026-05-28T13:23:10.856,-930,1179.0,-0.005247177
multimetro,,,,254.33898090000002,2026-05-28T13:07:41.072,2026-05-28T13:23:11.072,-930,1180.0,-0.005239618
balanza,509.0,-196.93,,254.51435649999985,2026-05-28T13:07:41.255,2026-05-28T13:23:11.255,-930,,
multimetro,,,,254.5541430000012,2026-05-28T13:07:41.289,2026-05-28T13:23:11.289,-930,1181.0,-0.005234007
multimetro,,,,254.7690935999999,2026-05-28T13:07:41.506,2026-05-28T13:23:11.506,-930,1182.0,-0.005229703
multimetro,,,,254.98431509999864,2026-05-28T13:07:41.722,2026-05-28T13:23:11.722,-930,1183.0,-0.00522606
balanza,510.0,-198.05,,255.01467929999853,2026-05-28T13:07:41.755,2026-05-28T13:23:11.755,-930,,
multimetro,,,,255.19927019999886,2026-05-28T13:07:41.939,2026-05-28T13:23:11.939,-930,1184.0,-0.005225987
multimetro,,,,255.41446409999844,2026-05-28T13:07:42.155,2026-05-28T13:23:12.155,-930,1185.0,-0.005237189
balanza,511.0,-197.96,,255.51449069999944,2026-05-28T13:07:42.255,2026-05-28T13:23:12.255,-930,,
multimetro,,,,255.62956720000147,2026-05-28T13:07:42.366,2026-05-28T13:23:12.366,-930,1186.0,-0.005247083
multimetro,,,,255.84468679999918,2026-05-28T13:07:42.582,2026-05-28T13:23:12.582,-930,1187.0,-0.005246382
balanza,512.0,-199.13,,256.01454419999936,2026-05-28T13:07:42.755,2026-05-28T13:23:12.755,-930,,
multimetro,,,,256.05958440000177,2026-05-28T13:07:42.799,2026-05-28T13:23:12.799,-930,1188.0,-0.005242183
multimetro,,,,256.2747367999982,2026-05-28T13:07:43.006,2026-05-28T13:23:13.006,-930,1189.0,-0.005246916
multimetro,,,,256.4898257999994,2026-05-28T13:07:43.222,2026-05-28T13:23:13.222,-930,1190.0,-0.005276283
balanza,513.0,-198.31,,256.5145604999998,2026-05-28T13:07:43.255,2026-05-28T13:23:13.255,-930,,
multimetro,,,,256.70495160000064,2026-05-28T13:07:43.442,2026-05-28T13:23:13.442,-930,1191.0,-0.005278273
multimetro,,,,256.9200297999996,2026-05-28T13:07:43.656,2026-05-28T13:23:13.656,-930,1192.0,-0.005274043
balanza,514.0,-199.37,,257.0144330000003,2026-05-28T13:07:43.755,2026-05-28T13:23:13.755,-930,,
multimetro,,,,257.1351637000007,2026-05-28T13:07:43.875,2026-05-28T13:23:13.875,-930,1193.0,-0.00526863
multimetro,,,,257.35027569999875,2026-05-28T13:07:44.091,2026-05-28T13:23:14.091,-930,1194.0,-0.005265426
balanza,515.0,-199.56,,257.5145709999997,2026-05-28T13:07:44.255,2026-05-28T13:23:14.255,-930,,
multimetro,,,,257.56541930000094,2026-05-28T13:07:44.306,2026-05-28T13:23:14.306,-930,1195.0,-0.005262547
multimetro,,,,257.78061439999874,2026-05-28T13:07:44.516,2026-05-28T13:23:14.516,-930,1196.0,-0.005262181
multimetro,,,,257.9956921000012,2026-05-28T13:07:44.732,2026-05-28T13:23:14.732,-930,1197.0,-0.005278964
balanza,516.0,-201.66,,258.0145698999986,2026-05-28T13:07:44.755,2026-05-28T13:23:14.755,-930,,
multimetro,,,,258.21075550000023,2026-05-28T13:07:44.950,2026-05-28T13:23:14.950,-930,1198.0,-0.005325313
multimetro,,,,258.426064700001,2026-05-28T13:07:45.161,2026-05-28T13:23:15.161,-930,1199.0,-0.005339259
balanza,517.0,-200.27,,258.51440920000096,2026-05-28T13:07:45.255,2026-05-28T13:23:15.255,-930,,
multimetro,,,,258.6412339999988,2026-05-28T13:07:45.376,2026-05-28T13:23:15.376,-930,1200.0,-0.005345426
multimetro,,,,258.8561775999988,2026-05-28T13:07:45.593,2026-05-28T13:23:15.593,-930,1201.0,-0.005349467
balanza,518.0,-202.0,,259.0144375000018,2026-05-28T13:07:45.755,2026-05-28T13:23:15.755,-930,,
multimetro,,,,259.07130269999834,2026-05-28T13:07:45.812,2026-05-28T13:23:15.812,-930,1202.0,-0.005351352
multimetro,,,,259.28639770000154,2026-05-28T13:07:46.026,2026-05-28T13:23:16.026,-930,1203.0,-0.005353749
multimetro,,,,259.50148289999925,2026-05-28T13:07:46.242,2026-05-28T13:23:16.242,-930,1204.0,-0.005358324
balanza,519.0,-200.68,,259.51440730000104,2026-05-28T13:07:46.255,2026-05-28T13:23:16.255,-930,,
multimetro,,,,259.716561199999,2026-05-28T13:07:46.457,2026-05-28T13:23:16.457,-930,1205.0,-0.005360733
multimetro,,,,259.9314747999997,2026-05-28T13:07:46.672,2026-05-28T13:23:16.672,-930,1206.0,-0.005356409
balanza,520.0,-202.28,,260.01454359999843,2026-05-28T13:07:46.755,2026-05-28T13:23:16.755,-930,,
multimetro,,,,260.14661360000173,2026-05-28T13:07:46.884,2026-05-28T13:23:16.884,-930,1207.0,-0.005352283
multimetro,,,,260.36163769999985,2026-05-28T13:07:47.102,2026-05-28T13:23:17.102,-930,1208.0,-0.005349854
balanza,521.0,-202.62,,260.5144595999991,2026-05-28T13:07:47.255,2026-05-28T13:23:17.255,-930,,
multimetro,,,,260.5767807000011,2026-05-28T13:07:47.309,2026-05-28T13:23:17.309,-930,1209.0,-0.005348629
multimetro,,,,260.79186180000033,2026-05-28T13:07:47.530,2026-05-28T13:23:17.530,-930,1210.0,-0.005345468
multimetro,,,,261.0070673000009,2026-05-28T13:07:47.743,2026-05-28T13:23:17.743,-930,1211.0,-0.005341604
balanza,522.0,-203.08,,261.0145248000008,2026-05-28T13:07:47.755,2026-05-28T13:23:17.755,-930,,
multimetro,,,,261.22215399999914,2026-05-28T13:07:47.962,2026-05-28T13:23:17.962,-930,1212.0,-0.005339646
multimetro,,,,261.437449699999,2026-05-28T13:07:48.178,2026-05-28T13:23:18.178,-930,1213.0,-0.005336725
balanza,523.0,-204.27,,261.51452789999894,2026-05-28T13:07:48.255,2026-05-28T13:23:18.255,-930,,
multimetro,,,,261.6525167,2026-05-28T13:07:48.389,2026-05-28T13:23:18.389,-930,1214.0,-0.00533214
multimetro,,,,261.86763110000174,2026-05-28T13:07:48.606,2026-05-28T13:23:18.606,-930,1215.0,-0.005330475
balanza,524.0,-203.33,,262.01444020000054,2026-05-28T13:07:48.755,2026-05-28T13:23:18.755,-930,,
multimetro,,,,262.08257759999833,2026-05-28T13:07:48.822,2026-05-28T13:23:18.822,-930,1216.0,-0.005328946
multimetro,,,,262.2977275999983,2026-05-28T13:07:49.039,2026-05-28T13:23:19.039,-930,1217.0,-0.00532657
multimetro,,,,262.5129425999985,2026-05-28T13:07:49.249,2026-05-28T13:23:19.249,-930,1218.0,-0.005324895
balanza,525.0,-204.53,,262.5144767999991,2026-05-28T13:07:49.255,2026-05-28T13:23:19.255,-930,,
multimetro,,,,262.7280357999989,2026-05-28T13:07:49.466,2026-05-28T13:23:19.466,-930,1219.0,-0.005324172
multimetro,,,,262.9431631000007,2026-05-28T13:07:49.682,2026-05-28T13:23:19.682,-930,1220.0,-0.005357738
balanza,526.0,-202.93,,263.0144790999984,2026-05-28T13:07:49.755,2026-05-28T13:23:19.755,-930,,
multimetro,,,,263.15831569999864,2026-05-28T13:07:49.899,2026-05-28T13:23:19.899,-930,1221.0,-0.005391775
multimetro,,,,263.3734837000011,2026-05-28T13:07:50.106,2026-05-28T13:23:20.106,-930,1222.0,-0.005399136
balanza,527.0,-205.12,,263.5144035000012,2026-05-28T13:07:50.255,2026-05-28T13:23:20.255,-930,,
multimetro,,,,263.58845270000165,2026-05-28T13:07:50.322,2026-05-28T13:23:20.322,-930,1223.0,-0.005401669
multimetro,,,,263.8035904999997,2026-05-28T13:07:50.539,2026-05-28T13:23:20.539,-930,1224.0,-0.005403303
balanza,528.0,-205.28,,264.0145497000012,2026-05-28T13:07:50.755,2026-05-28T13:23:20.755,-930,,
multimetro,,,,264.01878990000114,2026-05-28T13:07:50.756,2026-05-28T13:23:20.756,-930,1225.0,-0.005402025
multimetro,,,,264.2338889999992,2026-05-28T13:07:50.972,2026-05-28T13:23:20.972,-930,1226.0,-0.005404381
multimetro,,,,264.4489001000002,2026-05-28T13:07:51.189,2026-05-28T13:23:21.189,-930,1227.0,-0.005403407
balanza,529.0,-207.5,,264.5144752999986,2026-05-28T13:07:51.255,2026-05-28T13:23:21.255,-930,,
multimetro,,,,264.66408610000144,2026-05-28T13:07:51.399,2026-05-28T13:23:21.399,-930,1228.0,-0.00539879
multimetro,,,,264.8792331000004,2026-05-28T13:07:51.615,2026-05-28T13:23:21.615,-930,1229.0,-0.005396749
balanza,530.0,-206.26,,265.0144103999992,2026-05-28T13:07:51.755,2026-05-28T13:23:21.755,-930,,
multimetro,,,,265.0943062000006,2026-05-28T13:07:51.832,2026-05-28T13:23:21.832,-930,1230.0,-0.005396644
multimetro,,,,265.30937220000123,2026-05-28T13:07:52.049,2026-05-28T13:23:22.049,-930,1231.0,-0.005395052
balanza,531.0,-206.82,,265.51438209999833,2026-05-28T13:07:52.255,2026-05-28T13:23:22.255,-930,,
multimetro,,,,265.52453230000174,2026-05-28T13:07:52.265,2026-05-28T13:23:22.265,-930,1232.0,-0.005410621
multimetro,,,,265.73964999999953,2026-05-28T13:07:52.472,2026-05-28T13:23:22.472,-930,1233.0,-0.005439915
multimetro,,,,265.9548453999996,2026-05-28T13:07:52.689,2026-05-28T13:23:22.689,-930,1234.0,-0.005446019
balanza,532.0,-206.93,,266.0144701999998,2026-05-28T13:07:52.755,2026-05-28T13:23:22.755,-930,,
multimetro,,,,266.1699676999997,2026-05-28T13:07:52.906,2026-05-28T13:23:22.906,-930,1235.0,-0.005447202
multimetro,,,,266.3850719000002,2026-05-28T13:07:53.122,2026-05-28T13:23:23.122,-930,1236.0,-0.005446061
balanza,533.0,-208.04,,266.51438639999833,2026-05-28T13:07:53.255,2026-05-28T13:23:23.255,-930,,
multimetro,,,,266.60022820000086,2026-05-28T13:07:53.339,2026-05-28T13:23:23.339,-930,1237.0,-0.005444648
multimetro,,,,266.81532420000076,2026-05-28T13:07:53.556,2026-05-28T13:23:23.556,-930,1238.0,-0.005442711
balanza,534.0,-208.2,,267.01442379999935,2026-05-28T13:07:53.755,2026-05-28T13:23:23.755,-930,,
multimetro,,,,267.0304467999995,2026-05-28T13:07:53.765,2026-05-28T13:23:23.765,-930,1239.0,-0.005438753
multimetro,,,,267.24552870000116,2026-05-28T13:07:53.982,2026-05-28T13:23:23.982,-930,1240.0,-0.005437204
multimetro,,,,267.4606692999987,2026-05-28T13:07:54.199,2026-05-28T13:23:24.199,-930,1241.0,-0.005436251
balanza,535.0,-209.51,,267.51436230000036,2026-05-28T13:07:54.255,2026-05-28T13:23:24.255,-930,,
multimetro,,,,267.6758895999992,2026-05-28T13:07:54.408,2026-05-28T13:23:24.408,-930,1242.0,-0.005434126
multimetro,,,,267.89096540000173,2026-05-28T13:07:54.622,2026-05-28T13:23:24.622,-930,1243.0,-0.005431487
balanza,536.0,-209.27,,268.01452699999936,2026-05-28T13:07:54.755,2026-05-28T13:23:24.755,-930,,
multimetro,,,,268.1061719999998,2026-05-28T13:07:54.839,2026-05-28T13:23:24.839,-930,1244.0,-0.005431424
multimetro,,,,268.3212381000012,2026-05-28T13:07:55.057,2026-05-28T13:23:25.057,-930,1245.0,-0.005431738
balanza,537.0,-209.48,,268.51449499999944,2026-05-28T13:07:55.255,2026-05-28T13:23:25.255,-930,,
multimetro,,,,268.5363847000008,2026-05-28T13:07:55.272,2026-05-28T13:23:25.272,-930,1246.0,-0.005432189
multimetro,,,,268.75145989999874,2026-05-28T13:07:55.489,2026-05-28T13:23:25.489,-930,1247.0,-0.005447548
multimetro,,,,268.9666255999982,2026-05-28T13:07:55.706,2026-05-28T13:23:25.706,-930,1248.0,-0.005479878
balanza,538.0,-211.62,,269.01446710000164,2026-05-28T13:07:55.755,2026-05-28T13:23:25.755,-930,,
multimetro,,,,269.18164120000074,2026-05-28T13:07:55.922,2026-05-28T13:23:25.922,-930,1249.0,-0.005488286
multimetro,,,,269.39678020000065,2026-05-28T13:07:56.132,2026-05-28T13:23:26.132,-930,1250.0,-0.005492735
balanza,539.0,-212.26,,269.5144364000007,2026-05-28T13:07:56.255,2026-05-28T13:23:26.255,-930,,
multimetro,,,,269.61195919999955,2026-05-28T13:07:56.352,2026-05-28T13:23:26.352,-930,1251.0,-0.005498211
multimetro,,,,269.82701019999877,2026-05-28T13:07:56.566,2026-05-28T13:23:26.566,-930,1252.0,-0.005503592
balanza,540.0,-214.42,,270.0145045999998,2026-05-28T13:07:56.755,2026-05-28T13:23:26.755,-930,,
multimetro,,,,270.04220369999894,2026-05-28T13:07:56.782,2026-05-28T13:23:26.782,-930,1253.0,-0.005508429
multimetro,,,,270.2571142000015,2026-05-28T13:07:56.993,2026-05-28T13:23:26.993,-930,1254.0,-0.005511822
multimetro,,,,270.47221999999965,2026-05-28T13:07:57.213,2026-05-28T13:23:27.213,-930,1255.0,-0.0055129
balanza,541.0,-214.9,,270.51449800000046,2026-05-28T13:07:57.255,2026-05-28T13:23:27.255,-930,,
multimetro,,,,270.68726470000183,2026-05-28T13:07:57.426,2026-05-28T13:23:27.426,-930,1256.0,-0.005514575
multimetro,,,,270.9024157999993,2026-05-28T13:07:57.643,2026-05-28T13:23:27.643,-930,1257.0,-0.005517224
balanza,542.0,-214.94,,271.0144622000007,2026-05-28T13:07:57.755,2026-05-28T13:23:27.755,-930,,
multimetro,,,,271.1173659999986,2026-05-28T13:07:57.858,2026-05-28T13:23:27.858,-930,1258.0,-0.005521747
multimetro,,,,271.3324826999997,2026-05-28T13:07:58.073,2026-05-28T13:23:28.073,-930,1259.0,-0.005544749
balanza,543.0,-217.84,,271.51439219999884,2026-05-28T13:07:58.255,2026-05-28T13:23:28.255,-930,,
multimetro,,,,271.5475798000007,2026-05-28T13:07:58.282,2026-05-28T13:23:28.282,-930,1260.0,-0.005553596
multimetro,,,,271.7626578999989,2026-05-28T13:07:58.502,2026-05-28T13:23:28.502,-930,1261.0,-0.0055597
multimetro,,,,271.97775289999845,2026-05-28T13:07:58.718,2026-05-28T13:23:28.718,-930,1262.0,-0.005566296
balanza,544.0,-220.12,,272.01447299999927,2026-05-28T13:07:58.755,2026-05-28T13:23:28.755,-930,,
multimetro,,,,272.19289130000107,2026-05-28T13:07:58.926,2026-05-28T13:23:28.926,-930,1263.0,-0.005575122
multimetro,,,,272.4081527999988,2026-05-28T13:07:59.147,2026-05-28T13:23:29.147,-930,1264.0,-0.005584482
balanza,545.0,-220.45,,272.5144818000008,2026-05-28T13:07:59.255,2026-05-28T13:23:29.255,-930,,
multimetro,,,,272.62316289999944,2026-05-28T13:07:59.363,2026-05-28T13:23:29.363,-930,1265.0,-0.005592742
multimetro,,,,272.8383586000018,2026-05-28T13:07:59.579,2026-05-28T13:23:29.579,-930,1266.0,-0.005601192
balanza,546.0,-222.44,,273.0143968000011,2026-05-28T13:07:59.755,2026-05-28T13:23:29.755,-930,,
multimetro,,,,273.05352100000164,2026-05-28T13:07:59.793,2026-05-28T13:23:29.793,-930,1267.0,-0.00561051
multimetro,,,,273.268738499999,2026-05-28T13:08:00.006,2026-05-28T13:23:30.006,-930,1268.0,-0.00561788
multimetro,,,,273.48376700000154,2026-05-28T13:08:00.224,2026-05-28T13:23:30.224,-930,1269.0,-0.005623607
balanza,547.0,-224.71,,273.5146244999996,2026-05-28T13:08:00.255,2026-05-28T13:23:30.255,-930,,
multimetro,,,,273.6988663000011,2026-05-28T13:08:00.439,2026-05-28T13:23:30.439,-930,1270.0,-0.005628193
multimetro,,,,273.9139670000004,2026-05-28T13:08:00.653,2026-05-28T13:23:30.653,-930,1271.0,-0.005631973
balanza,548.0,-224.42,,274.01441120000163,2026-05-28T13:08:00.755,2026-05-28T13:23:30.755,-930,,
multimetro,,,,274.12911879999956,2026-05-28T13:08:00.869,2026-05-28T13:23:30.869,-930,1272.0,-0.005637082
multimetro,,,,274.3441829000003,2026-05-28T13:08:01.076,2026-05-28T13:23:31.076,-930,1273.0,-0.005642348
balanza,549.0,-227.23,,274.5144701999998,2026-05-28T13:08:01.255,2026-05-28T13:23:31.255,-930,,
multimetro,,,,274.55929240000114,2026-05-28T13:08:01.291,2026-05-28T13:23:31.291,-930,1274.0,-0.005648996
multimetro,,,,274.77449329999945,2026-05-28T13:08:01.506,2026-05-28T13:23:31.506,-930,1275.0,-0.005667308
multimetro,,,,274.9897082999996,2026-05-28T13:08:01.728,2026-05-28T13:23:31.728,-930,1276.0,-0.005676783
balanza,550.0,-229.17,,275.01442079999833,2026-05-28T13:08:01.755,2026-05-28T13:23:31.755,-930,,
multimetro,,,,275.2050926999982,2026-05-28T13:08:01.939,2026-05-28T13:23:31.939,-930,1277.0,-0.00568384
multimetro,,,,275.4200364999997,2026-05-28T13:08:02.156,2026-05-28T13:23:32.156,-930,1278.0,-0.005690446
balanza,551.0,-231.46,,275.5144169000014,2026-05-28T13:08:02.255,2026-05-28T13:23:32.255,-930,,
multimetro,,,,275.6352583000007,2026-05-28T13:08:02.374,2026-05-28T13:23:32.374,-930,1279.0,-0.00569833
multimetro,,,,275.8502327999995,2026-05-28T13:08:02.589,2026-05-28T13:23:32.589,-930,1280.0,-0.005706161
balanza,552.0,-236.75,,276.0144870000004,2026-05-28T13:08:02.755,2026-05-28T13:23:32.755,-930,,
multimetro,,,,276.06536609999966,2026-05-28T13:08:02.806,2026-05-28T13:23:32.806,-930,1281.0,-0.005716516
multimetro,,,,276.28035219999947,2026-05-28T13:08:03.019,2026-05-28T13:23:33.019,-930,1282.0,-0.005728504
multimetro,,,,276.4954837000005,2026-05-28T13:08:03.235,2026-05-28T13:23:33.235,-930,1283.0,-0.005740387
balanza,553.0,-239.29,,276.5141729999996,2026-05-28T13:08:03.254,2026-05-28T13:23:33.254,-930,,
multimetro,,,,276.71055989999877,2026-05-28T13:08:03.443,2026-05-28T13:23:33.443,-930,1284.0,-0.005752521
multimetro,,,,276.9256987000008,2026-05-28T13:08:03.666,2026-05-28T13:23:33.666,-930,1285.0,-0.005765525
balanza,554.0,-251.5,,277.01444099999935,2026-05-28T13:08:03.755,2026-05-28T13:23:33.755,-930,,
multimetro,,,,277.1408771999995,2026-05-28T13:08:03.874,2026-05-28T13:23:33.874,-930,1286.0,-0.005780947
multimetro,,,,277.35608259999935,2026-05-28T13:08:04.089,2026-05-28T13:23:34.089,-930,1287.0,-0.005796578
balanza,555.0,-253.95,,277.5145335999987,2026-05-28T13:08:04.255,2026-05-28T13:23:34.255,-930,,
multimetro,,,,277.5713082000002,2026-05-28T13:08:04.306,2026-05-28T13:23:34.306,-930,1288.0,-0.005812063
multimetro,,,,277.7864004000003,2026-05-28T13:08:04.522,2026-05-28T13:23:34.522,-930,1289.0,-0.005851293
multimetro,,,,278.00169839999944,2026-05-28T13:08:04.741,2026-05-28T13:23:34.741,-930,1290.0,-0.005882692
balanza,556.0,-255.77,,278.0144412000009,2026-05-28T13:08:04.755,2026-05-28T13:23:34.755,-930,,
multimetro,,,,278.21675640000103,2026-05-28T13:08:04.956,2026-05-28T13:23:34.956,-930,1291.0,-0.005889989
multimetro,,,,278.4320384999992,2026-05-28T13:08:05.172,2026-05-28T13:23:35.172,-930,1292.0,-0.005894052
balanza,557.0,-258.3,,278.51434439999866,2026-05-28T13:08:05.255,2026-05-28T13:23:35.255,-930,,
multimetro,,,,278.6471812000018,2026-05-28T13:08:05.384,2026-05-28T13:23:35.384,-930,1293.0,-0.005894669
multimetro,,,,278.86230950000026,2026-05-28T13:08:05.599,2026-05-28T13:23:35.599,-930,1294.0,-0.005894711
balanza,558.0,-256.4,,279.0144203999989,2026-05-28T13:08:05.755,2026-05-28T13:23:35.755,-930,,
multimetro,,,,279.0772861000005,2026-05-28T13:08:05.816,2026-05-28T13:23:35.816,-930,1295.0,-0.005895737
multimetro,,,,279.2922663999998,2026-05-28T13:08:06.032,2026-05-28T13:23:36.032,-930,1296.0,-0.005896879
multimetro,,,,279.50738009999986,2026-05-28T13:08:06.241,2026-05-28T13:23:36.241,-930,1297.0,-0.005897203
balanza,559.0,-257.09,,279.5144301,2026-05-28T13:08:06.255,2026-05-28T13:23:36.255,-930,,
multimetro,,,,279.7224791000008,2026-05-28T13:08:06.456,2026-05-28T13:23:36.456,-930,1298.0,-0.005898386
multimetro,,,,279.9376666999997,2026-05-28T13:08:06.672,2026-05-28T13:23:36.672,-930,1299.0,-0.005899014
balanza,560.0,-253.93,,280.0144169000014,2026-05-28T13:08:06.755,2026-05-28T13:23:36.755,-930,,
multimetro,,,,280.15279830000145,2026-05-28T13:08:06.894,2026-05-28T13:23:36.894,-930,1300.0,-0.005900103
multimetro,,,,280.36791749999975,2026-05-28T13:08:07.106,2026-05-28T13:23:37.106,-930,1301.0,-0.005900669
balanza,561.0,-253.28,,280.5144306000002,2026-05-28T13:08:07.255,2026-05-28T13:23:37.255,-930,,
multimetro,,,,280.5830112000003,2026-05-28T13:08:07.322,2026-05-28T13:23:37.322,-930,1302.0,-0.005901161
multimetro,,,,280.79824759999974,2026-05-28T13:08:07.539,2026-05-28T13:23:37.539,-930,1303.0,-0.005901799
multimetro,,,,281.01321950000056,2026-05-28T13:08:07.749,2026-05-28T13:23:37.749,-930,1304.0,-0.005902093
balanza,562.0,-251.31,,281.01445149999927,2026-05-28T13:08:07.755,2026-05-28T13:23:37.755,-930,,
multimetro,,,,281.2284612000003,2026-05-28T13:08:07.966,2026-05-28T13:23:37.966,-930,1305.0,-0.005902951
multimetro,,,,281.4433045000005,2026-05-28T13:08:08.182,2026-05-28T13:23:38.182,-930,1306.0,-0.005903181
balanza,563.0,-250.35,,281.5144575000013,2026-05-28T13:08:08.255,2026-05-28T13:23:38.255,-930,,
multimetro,,,,281.65830769999957,2026-05-28T13:08:08.399,2026-05-28T13:23:38.399,-930,1307.0,-0.005903307
multimetro,,,,281.8733336000005,2026-05-28T13:08:08.606,2026-05-28T13:23:38.606,-930,1308.0,-0.005904029
balanza,564.0,-250.98,,282.01441780000096,2026-05-28T13:08:08.755,2026-05-28T13:23:38.755,-930,,
multimetro,,,,282.0884092999986,2026-05-28T13:08:08.822,2026-05-28T13:23:38.822,-930,1309.0,-0.005904375
multimetro,,,,282.30361560000165,2026-05-28T13:08:09.039,2026-05-28T13:23:39.039,-930,1310.0,-0.00590493
balanza,565.0,-250.59,,282.51445850000164,2026-05-28T13:08:09.255,2026-05-28T13:23:39.255,-930,,
multimetro,,,,282.51869440000155,2026-05-28T13:08:09.258,2026-05-28T13:23:39.258,-930,1311.0,-0.005905202
multimetro,,,,282.7337923999985,2026-05-28T13:08:09.474,2026-05-28T13:23:39.474,-930,1312.0,-0.005905705
multimetro,,,,282.94873780000125,2026-05-28T13:08:09.690,2026-05-28T13:23:39.690,-930,1313.0,-0.005905945
balanza,566.0,-249.67,,283.01449929999944,2026-05-28T13:08:09.755,2026-05-28T13:23:39.755,-930,,
multimetro,,,,283.1638553999983,2026-05-28T13:08:09.899,2026-05-28T13:23:39.899,-930,1314.0,-0.005906071
multimetro,,,,283.3789089999991,2026-05-28T13:08:10.115,2026-05-28T13:23:40.115,-930,1315.0,-0.005906542
balanza,567.0,-249.14,,283.5143685000003,2026-05-28T13:08:10.255,2026-05-28T13:23:40.255,-930,,
multimetro,,,,283.59405999999944,2026-05-28T13:08:10.326,2026-05-28T13:23:40.326,-930,1316.0,-0.005906877
multimetro,,,,283.8091416999996,2026-05-28T13:08:10.548,2026-05-28T13:23:40.548,-930,1317.0,-0.005907066
balanza,568.0,-249.75,,284.0144279999986,2026-05-28T13:08:10.755,2026-05-28T13:23:40.755,-930,,
multimetro,,,,284.02424560000145,2026-05-28T13:08:10.764,2026-05-28T13:23:40.764,-930,1318.0,-0.005907317
multimetro,,,,284.2392590999989,2026-05-28T13:08:10.980,2026-05-28T13:23:40.980,-930,1319.0,-0.005907547
multimetro,,,,284.45429109999895,2026-05-28T13:08:11.195,2026-05-28T13:23:41.195,-930,1320.0,-0.005907736
balanza,569.0,-249.27,,284.51433389999875,2026-05-28T13:08:11.255,2026-05-28T13:23:41.255,-930,,
multimetro,,,,284.66927660000147,2026-05-28T13:08:11.406,2026-05-28T13:23:41.406,-930,1321.0,-0.005908071
multimetro,,,,284.88448620000054,2026-05-28T13:08:11.622,2026-05-28T13:23:41.622,-930,1322.0,-0.005908186
balanza,570.0,-250.57,,285.01435800000036,2026-05-28T13:08:11.755,2026-05-28T13:23:41.755,-930,,
multimetro,,,,285.09967170000164,2026-05-28T13:08:11.839,2026-05-28T13:23:41.839,-930,1323.0,-0.005908343
multimetro,,,,285.3146643,2026-05-28T13:08:12.055,2026-05-28T13:23:42.055,-930,1324.0,-0.00590849
balanza,571.0,-250.98,,285.51439989999926,2026-05-28T13:08:12.255,2026-05-28T13:23:42.255,-930,,
multimetro,,,,285.529794099999,2026-05-28T13:08:12.269,2026-05-28T13:23:42.269,-930,1325.0,-0.00590873
multimetro,,,,285.74490420000075,2026-05-28T13:08:12.482,2026-05-28T13:23:42.482,-930,1326.0,-0.005908699
multimetro,,,,285.96007290000125,2026-05-28T13:08:12.699,2026-05-28T13:23:42.699,-930,1327.0,-0.005909003
balanza,572.0,-249.99,,286.0144427000014,2026-05-28T13:08:12.755,2026-05-28T13:23:42.755,-930,,
multimetro,,,,286.1750592999997,2026-05-28T13:08:12.915,2026-05-28T13:23:42.915,-930,1328.0,-0.005909065
multimetro,,,,286.39042029999837,2026-05-28T13:08:13.122,2026-05-28T13:23:43.122,-930,1329.0,-0.005909139
balanza,573.0,-250.87,,286.5144242999995,2026-05-28T13:08:13.255,2026-05-28T13:23:43.255,-930,,
multimetro,,,,286.6053404999984,2026-05-28T13:08:13.339,2026-05-28T13:23:43.339,-930,1330.0,-0.005909306
multimetro,,,,286.8206218000014,2026-05-28T13:08:13.556,2026-05-28T13:23:43.556,-930,1331.0,-0.005909411
balanza,574.0,-249.74,,287.0145626000012,2026-05-28T13:08:13.755,2026-05-28T13:23:43.755,-930,,
multimetro,,,,287.03556899999967,2026-05-28T13:08:13.773,2026-05-28T13:23:43.773,-930,1332.0,-0.005909495
multimetro,,,,287.2506906000017,2026-05-28T13:08:13.989,2026-05-28T13:23:43.989,-930,1333.0,-0.00590961
multimetro,,,,287.4659262999994,2026-05-28T13:08:14.206,2026-05-28T13:23:44.206,-930,1334.0,-0.005909652
balanza,575.0,-251.23,,287.51448829999936,2026-05-28T13:08:14.255,2026-05-28T13:23:44.255,-930,,
multimetro,,,,287.6810112999992,2026-05-28T13:08:14.422,2026-05-28T13:23:44.422,-930,1335.0,-0.005909683
multimetro,,,,287.8961018000009,2026-05-28T13:08:14.632,2026-05-28T13:23:44.632,-930,1336.0,-0.005909934
balanza,576.0,-250.91,,288.0143714000005,2026-05-28T13:08:14.755,2026-05-28T13:23:44.755,-930,,
multimetro,,,,288.1110972999995,2026-05-28T13:08:14.852,2026-05-28T13:23:44.852,-930,1337.0,-0.005910029
multimetro,,,,288.3261788000018,2026-05-28T13:08:15.066,2026-05-28T13:23:45.066,-930,1338.0,-0.00591006
balanza,577.0,-250.96,,288.51467069999853,2026-05-28T13:08:15.255,2026-05-28T13:23:45.255,-930,,
multimetro,,,,288.54142800000045,2026-05-28T13:08:15.282,2026-05-28T13:23:45.282,-930,1339.0,-0.005909987
multimetro,,,,288.7564085999984,2026-05-28T13:08:15.494,2026-05-28T13:23:45.494,-930,1340.0,-0.005910039
multimetro,,,,288.97135680000065,2026-05-28T13:08:15.706,2026-05-28T13:23:45.706,-930,1341.0,-0.005909882
balanza,578.0,-251.04,,289.01426509999874,2026-05-28T13:08:15.755,2026-05-28T13:23:45.755,-930,,
multimetro,,,,289.1867581000006,2026-05-28T13:08:15.922,2026-05-28T13:23:45.922,-930,1342.0,-0.005909955
multimetro,,,,289.40185349999956,2026-05-28T13:08:16.141,2026-05-28T13:23:46.141,-930,1343.0,-0.005910259
balanza,579.0,-250.92,,289.5144179000017,2026-05-28T13:08:16.255,2026-05-28T13:23:46.255,-930,,
multimetro,,,,289.6172731000006,2026-05-28T13:08:16.356,2026-05-28T13:23:46.356,-930,1344.0,-0.005910332
multimetro,,,,289.8323673999985,2026-05-28T13:08:16.572,2026-05-28T13:23:46.572,-930,1345.0,-0.00591051
balanza,580.0,-251.09,,290.0144244000003,2026-05-28T13:08:16.755,2026-05-28T13:23:46.755,-930,,
multimetro,,,,290.0474729000016,2026-05-28T13:08:16.782,2026-05-28T13:23:46.782,-930,1346.0,-0.005910699
multimetro,,,,290.2631724999992,2026-05-28T13:08:17.001,2026-05-28T13:23:47.001,-930,1347.0,-0.005910667
multimetro,,,,290.4782543000001,2026-05-28T13:08:17.218,2026-05-28T13:23:47.218,-930,1348.0,-0.005910709
balanza,581.0,-250.77,,290.51431740000044,2026-05-28T13:08:17.255,2026-05-28T13:23:47.255,-930,,
multimetro,,,,290.6932749000007,2026-05-28T13:08:17.432,2026-05-28T13:23:47.432,-930,1349.0,-0.005910939
multimetro,,,,290.9083400999989,2026-05-28T13:08:17.649,2026-05-28T13:23:47.649,-930,1350.0,-0.005910908
balanza,582.0,-251.38,,291.0144149000007,2026-05-28T13:08:17.755,2026-05-28T13:23:47.755,-930,,
multimetro,,,,291.1235559000015,2026-05-28T13:08:17.859,2026-05-28T13:23:47.859,-930,1351.0,-0.005910877
multimetro,,,,291.3385597000015,2026-05-28T13:08:18.079,2026-05-28T13:23:48.079,-930,1352.0,-0.005910741
balanza,583.0,-251.25,,291.5143524999985,2026-05-28T13:08:18.255,2026-05-28T13:23:48.255,-930,,
multimetro,,,,291.55374239999946,2026-05-28T13:08:18.289,2026-05-28T13:23:48.289,-930,1353.0,-0.005910919
multimetro,,,,291.7689231000004,2026-05-28T13:08:18.508,2026-05-28T13:23:48.508,-930,1354.0,-0.00591073
multimetro,,,,291.98388839999825,2026-05-28T13:08:18.722,2026-05-28T13:23:48.722,-930,1355.0,-0.00591073
balanza,584.0,-251.39,,292.0144966000007,2026-05-28T13:08:18.755,2026-05-28T13:23:48.755,-930,,
multimetro,,,,292.19903089999934,2026-05-28T13:08:18.939,2026-05-28T13:23:48.939,-930,1356.0,-0.005910761
multimetro,,,,292.4140574000012,2026-05-28T13:08:19.152,2026-05-28T13:23:49.152,-930,1357.0,-0.00591096
balanza,585.0,-250.87,,292.5143642000003,2026-05-28T13:08:19.255,2026-05-28T13:23:49.255,-930,,
multimetro,,,,292.62932889999865,2026-05-28T13:08:19.366,2026-05-28T13:23:49.366,-930,1358.0,-0.005911107
multimetro,,,,292.84419139999954,2026-05-28T13:08:19.585,2026-05-28T13:23:49.585,-930,1359.0,-0.005911107
balanza,586.0,-251.6,,293.01444080000147,2026-05-28T13:08:19.755,2026-05-28T13:23:49.755,-930,,
multimetro,,,,293.0595794000001,2026-05-28T13:08:19.799,2026-05-28T13:23:49.799,-930,1360.0,-0.005911264
multimetro,,,,293.2745517000003,2026-05-28T13:08:20.015,2026-05-28T13:23:50.015,-930,1361.0,-0.005911264
multimetro,,,,293.48989190000066,2026-05-28T13:08:20.222,2026-05-28T13:23:50.222,-930,1362.0,-0.005911117
balanza,587.0,-251.15,,293.5146081999992,2026-05-28T13:08:20.255,2026-05-28T13:23:50.255,-930,,
multimetro,,,,293.7049407000013,2026-05-28T13:08:20.439,2026-05-28T13:23:50.439,-930,1363.0,-0.005911348
multimetro,,,,293.9199434000002,2026-05-28T13:08:20.656,2026-05-28T13:23:50.656,-930,1364.0,-0.005911379
balanza,588.0,-251.49,,294.0143863000012,2026-05-28T13:08:20.755,2026-05-28T13:23:50.755,-930,,
multimetro,,,,294.13490399999864,2026-05-28T13:08:20.875,2026-05-28T13:23:50.875,-930,1365.0,-0.005911379
multimetro,,,,294.350116900001,2026-05-28T13:08:21.089,2026-05-28T13:23:51.089,-930,1366.0,-0.005911568
balanza,589.0,-251.57,,294.5143504000007,2026-05-28T13:08:21.255,2026-05-28T13:23:51.255,-930,,
multimetro,,,,294.5651668999999,2026-05-28T13:08:21.306,2026-05-28T13:23:51.306,-930,1367.0,-0.005911505
multimetro,,,,294.7802948999997,2026-05-28T13:08:21.516,2026-05-28T13:23:51.516,-930,1368.0,-0.005911442
multimetro,,,,294.9953677000012,2026-05-28T13:08:21.732,2026-05-28T13:23:51.732,-930,1369.0,-0.005911411
balanza,590.0,-251.38,,295.0147007000014,2026-05-28T13:08:21.755,2026-05-28T13:23:51.755,-930,,
multimetro,,,,295.2105245999992,2026-05-28T13:08:21.949,2026-05-28T13:23:51.949,-930,1370.0,-0.005911233
multimetro,,,,295.4256165000006,2026-05-28T13:08:22.166,2026-05-28T13:23:52.166,-930,1371.0,-0.005911369
balanza,591.0,-251.82,,295.5146735999988,2026-05-28T13:08:22.255,2026-05-28T13:23:52.255,-930,,
multimetro,,,,295.64073070000086,2026-05-28T13:08:22.376,2026-05-28T13:23:52.376,-930,1372.0,-0.005911515
multimetro,,,,295.8560144000003,2026-05-28T13:08:22.589,2026-05-28T13:23:52.589,-930,1373.0,-0.005911442
balanza,592.0,-251.54,,296.0144118999997,2026-05-28T13:08:22.755,2026-05-28T13:23:52.755,-930,,
multimetro,,,,296.070958100001,2026-05-28T13:08:22.806,2026-05-28T13:23:52.806,-930,1374.0,-0.005911568
multimetro,,,,296.28608990000066,2026-05-28T13:08:23.025,2026-05-28T13:23:53.025,-930,1375.0,-0.005911536
multimetro,,,,296.50124399999913,2026-05-28T13:08:23.241,2026-05-28T13:23:53.241,-930,1376.0,-0.005911358
balanza,593.0,-251.78,,296.51464900000065,2026-05-28T13:08:23.255,2026-05-28T13:23:53.255,-930,,
multimetro,,,,296.7163517000008,2026-05-28T13:08:23.456,2026-05-28T13:23:53.456,-930,1377.0,-0.005911201
multimetro,,,,296.9314838999999,2026-05-28T13:08:23.672,2026-05-28T13:23:53.672,-930,1378.0,-0.005911379
balanza,594.0,-251.75,,297.01446990000113,2026-05-28T13:08:23.755,2026-05-28T13:23:53.755,-930,,
multimetro,,,,297.14658060000147,2026-05-28T13:08:23.884,2026-05-28T13:23:53.884,-930,1379.0,-0.005911505
multimetro,,,,297.3617732999992,2026-05-28T13:08:24.101,2026-05-28T13:23:54.101,-930,1380.0,-0.005911411
balanza,595.0,-251.6,,297.5143476999983,2026-05-28T13:08:24.255,2026-05-28T13:23:54.255,-930,,
multimetro,,,,297.57674190000034,2026-05-28T13:08:24.316,2026-05-28T13:23:54.316,-930,1381.0,-0.005911505
multimetro,,,,297.7918146999982,2026-05-28T13:08:24.532,2026-05-28T13:23:54.532,-930,1382.0,-0.005911442
multimetro,,,,298.007114,2026-05-28T13:08:24.741,2026-05-28T13:23:54.741,-930,1383.0,-0.005911484
balanza,596.0,-251.93,,298.01442250000036,2026-05-28T13:08:24.755,2026-05-28T13:23:54.755,-930,,
multimetro,,,,298.22225420000177,2026-05-28T13:08:24.956,2026-05-28T13:23:54.956,-930,1384.0,-0.005911452
multimetro,,,,298.4373205000011,2026-05-28T13:08:25.172,2026-05-28T13:23:55.172,-930,1385.0,-0.005911568
balanza,597.0,-251.77,,298.51429700000153,2026-05-28T13:08:25.255,2026-05-28T13:23:55.255,-930,,
multimetro,,,,298.6526226999995,2026-05-28T13:08:25.389,2026-05-28T13:23:55.389,-930,1386.0,-0.005911756
multimetro,,,,298.867463999999,2026-05-28T13:08:25.608,2026-05-28T13:23:55.608,-930,1387.0,-0.005911641
balanza,598.0,-251.77,,299.01464470000064,2026-05-28T13:08:25.755,2026-05-28T13:23:55.755,-930,,
multimetro,,,,299.0825948999991,2026-05-28T13:08:25.823,2026-05-28T13:23:55.823,-930,1388.0,-0.005911599
multimetro,,,,299.2977223000016,2026-05-28T13:08:26.039,2026-05-28T13:23:56.039,-930,1389.0,-0.00591162
multimetro,,,,299.51263630000176,2026-05-28T13:08:26.249,2026-05-28T13:23:56.249,-930,1390.0,-0.005911379
balanza,599.0,-251.85,,299.51456529999996,2026-05-28T13:08:26.255,2026-05-28T13:23:56.255,-930,,
multimetro,,,,299.72771289999946,2026-05-28T13:08:26.459,2026-05-28T13:23:56.459,-930,1391.0,-0.00591163
multimetro,,,,299.94276190000164,2026-05-28T13:08:26.682,2026-05-28T13:23:56.682,-930,1392.0,-0.005911484
balanza,600.0,-251.87,,300.01437440000154,2026-05-28T13:08:26.755,2026-05-28T13:23:56.755,-930,,
multimetro,,,,300.15784150000036,2026-05-28T13:08:26.892,2026-05-28T13:23:56.892,-930,1393.0,-0.00591163
multimetro,,,,300.37289560000136,2026-05-28T13:08:27.109,2026-05-28T13:23:57.109,-930,1394.0,-0.005911536
balanza,601.0,-251.82,,300.51430880000044,2026-05-28T13:08:27.255,2026-05-28T13:23:57.255,-930,,
multimetro,,,,300.58811259999857,2026-05-28T13:08:27.326,2026-05-28T13:23:57.326,-930,1395.0,-0.00591162
multimetro,,,,300.8033179000013,2026-05-28T13:08:27.541,2026-05-28T13:23:57.541,-930,1396.0,-0.005911536
balanza,602.0,-251.9,,301.01436679999824,2026-05-28T13:08:27.755,2026-05-28T13:23:57.755,-930,,
multimetro,,,,301.0184502999982,2026-05-28T13:08:27.758,2026-05-28T13:23:57.758,-930,1397.0,-0.005911536
multimetro,,,,301.23342290000073,2026-05-28T13:08:27.974,2026-05-28T13:23:57.974,-930,1398.0,-0.005911515
multimetro,,,,301.4486935999994,2026-05-28T13:08:28.189,2026-05-28T13:23:58.189,-930,1399.0,-0.005911568
balanza,603.0,-251.77,,301.5146854000013,2026-05-28T13:08:28.255,2026-05-28T13:23:58.255,-930,,
multimetro,,,,301.66375379999954,2026-05-28T13:08:28.402,2026-05-28T13:23:58.402,-930,1400.0,-0.005911557
multimetro,,,,301.8789187000002,2026-05-28T13:08:28.615,2026-05-28T13:23:58.615,-930,1401.0,-0.005911725
balanza,604.0,-251.9,,302.0146276999985,2026-05-28T13:08:28.755,2026-05-28T13:23:58.755,-930,,
multimetro,,,,302.09393750000163,2026-05-28T13:08:28.834,2026-05-28T13:23:58.834,-930,1402.0,-0.005911589
multimetro,,,,302.3089696999996,2026-05-28T13:08:29.049,2026-05-28T13:23:59.049,-930,1403.0,-0.005911568
balanza,605.0,-252.03,,302.51469350000116,2026-05-28T13:08:29.255,2026-05-28T13:23:59.255,-930,,
multimetro,,,,302.5240976999994,2026-05-28T13:08:29.265,2026-05-28T13:23:59.265,-930,1404.0,-0.005911651
multimetro,,,,302.7389107000017,2026-05-28T13:08:29.473,2026-05-28T13:23:59.473,-930,1405.0,-0.005911547
multimetro,,,,302.9539680000016,2026-05-28T13:08:29.689,2026-05-28T13:23:59.689,-930,1406.0,-0.00591185
balanza,606.0,-251.75,,303.01421720000144,2026-05-28T13:08:29.755,2026-05-28T13:23:59.755,-930,,
multimetro,,,,303.1690434999982,2026-05-28T13:08:29.906,2026-05-28T13:23:59.906,-930,1407.0,-0.005911672
multimetro,,,,303.4066266000009,2026-05-28T13:08:30.147,2026-05-28T13:24:00.147,-930,1408.0,-0.005911693
balanza,607.0,-252.18,,303.5145540000012,2026-05-28T13:08:30.255,2026-05-28T13:24:00.255,-930,,
multimetro,,,,303.6213921999988,2026-05-28T13:08:30.361,2026-05-28T13:24:00.361,-930,1409.0,-0.0059114
multimetro,,,,303.83643460000167,2026-05-28T13:08:30.572,2026-05-28T13:24:00.572,-930,1410.0,-0.005911432
balanza,608.0,-251.83,,304.0144153000001,2026-05-28T13:08:30.749,2026-05-28T13:24:00.749,-930,,
multimetro,,,,304.0515593000018,2026-05-28T13:08:30.786,2026-05-28T13:24:00.786,-930,1411.0,-0.005911568
multimetro,,,,304.2668224000008,2026-05-28T13:08:30.998,2026-05-28T13:24:00.998,-930,1412.0,-0.005911484
multimetro,,,,304.48195359999954,2026-05-28T13:08:31.222,2026-05-28T13:24:01.222,-930,1413.0,-0.005911484
balanza,609.0,-252.01,,304.5146926999987,2026-05-28T13:08:31.255,2026-05-28T13:24:01.255,-930,,
multimetro,,,,304.69719299999997,2026-05-28T13:08:31.438,2026-05-28T13:24:01.438,-930,1414.0,-0.005911662
multimetro,,,,304.9123608000009,2026-05-28T13:08:31.653,2026-05-28T13:24:01.653,-930,1415.0,-0.005911589
balanza,610.0,-252.07,,305.014543199999,2026-05-28T13:08:31.749,2026-05-28T13:24:01.749,-930,,
multimetro,,,,305.1274330000015,2026-05-28T13:08:31.866,2026-05-28T13:24:01.866,-930,1416.0,-0.005911662
multimetro,,,,305.3422943000005,2026-05-28T13:08:32.081,2026-05-28T13:24:02.081,-930,1417.0,-0.005911777
balanza,611.0,-251.93,,305.5147012999987,2026-05-28T13:08:32.255,2026-05-28T13:24:02.255,-930,,
multimetro,,,,305.5573446999988,2026-05-28T13:08:32.298,2026-05-28T13:24:02.298,-930,1418.0,-0.00591162
multimetro,,,,305.77252640000006,2026-05-28T13:08:32.513,2026-05-28T13:24:02.513,-930,1419.0,-0.005911578
multimetro,,,,305.9874674999992,2026-05-28T13:08:32.723,2026-05-28T13:24:02.723,-930,1420.0,-0.005911589
balanza,612.0,-252.28,,306.0145757999999,2026-05-28T13:08:32.755,2026-05-28T13:24:02.755,-930,,
multimetro,,,,306.20240059999924,2026-05-28T13:08:32.939,2026-05-28T13:24:02.939,-930,1421.0,-0.005911589
multimetro,,,,306.4176630000002,2026-05-28T13:08:33.152,2026-05-28T13:24:03.152,-930,1422.0,-0.005911651
balanza,613.0,-251.93,,306.5147982999988,2026-05-28T13:08:33.255,2026-05-28T13:24:03.255,-930,,
multimetro,,,,306.63264100000015,2026-05-28T13:08:33.373,2026-05-28T13:24:03.373,-930,1423.0,-0.005911599
multimetro,,,,306.8477091999994,2026-05-28T13:08:33.587,2026-05-28T13:24:03.587,-930,1424.0,-0.005911421
balanza,614.0,-252.05,,307.01462009999887,2026-05-28T13:08:33.755,2026-05-28T13:24:03.755,-930,,
multimetro,,,,307.0627604000001,2026-05-28T13:08:33.804,2026-05-28T13:24:03.804,-930,1425.0,-0.005911316
multimetro,,,,307.277960899999,2026-05-28T13:08:34.019,2026-05-28T13:24:04.019,-930,1426.0,-0.00591139
multimetro,,,,307.4933515999983,2026-05-28T13:08:34.230,2026-05-28T13:24:04.230,-930,1427.0,-0.005911149
balanza,615.0,-252.08,,307.5145534000003,2026-05-28T13:08:34.255,2026-05-28T13:24:04.255,-930,,
multimetro,,,,307.708445100001,2026-05-28T13:08:34.449,2026-05-28T13:24:04.449,-930,1428.0,-0.005911107
multimetro,,,,307.92362960000173,2026-05-28T13:08:34.663,2026-05-28T13:24:04.663,-930,1429.0,-0.005910898
balanza,616.0,-252.01,,308.0146687999986,2026-05-28T13:08:34.755,2026-05-28T13:24:04.755,-930,,
multimetro,,,,308.1385872999999,2026-05-28T13:08:34.874,2026-05-28T13:24:04.874,-930,1430.0,-0.005910678
multimetro,,,,308.3537897999995,2026-05-28T13:08:35.094,2026-05-28T13:24:05.094,-930,1431.0,-0.005910772
balanza,617.0,-251.96,,308.51482150000083,2026-05-28T13:08:35.256,2026-05-28T13:24:05.256,-930,,
multimetro,,,,308.568783499999,2026-05-28T13:08:35.305,2026-05-28T13:24:05.305,-930,1432.0,-0.005910615
multimetro,,,,308.78402990000177,2026-05-28T13:08:35.525,2026-05-28T13:24:05.525,-930,1433.0,-0.00591072
multimetro,,,,308.99911300000167,2026-05-28T13:08:35.732,2026-05-28T13:24:05.732,-930,1434.0,-0.005910741
balanza,618.0,-252.06,,309.01449219999995,2026-05-28T13:08:35.754,2026-05-28T13:24:05.754,-930,,
multimetro,,,,309.21421069999997,2026-05-28T13:08:35.955,2026-05-28T13:24:05.955,-930,1435.0,-0.005910573
multimetro,,,,309.4294031999998,2026-05-28T13:08:36.170,2026-05-28T13:24:06.170,-930,1436.0,-0.00591072
balanza,619.0,-252.06,,309.51449890000004,2026-05-28T13:08:36.255,2026-05-28T13:24:06.255,-930,,
multimetro,,,,309.64448360000097,2026-05-28T13:08:36.385,2026-05-28T13:24:06.385,-930,1437.0,-0.005910741
multimetro,,,,309.85963130000164,2026-05-28T13:08:36.600,2026-05-28T13:24:06.600,-930,1438.0,-0.005910688
balanza,620.0,-251.91,,310.0143747000002,2026-05-28T13:08:36.755,2026-05-28T13:24:06.755,-930,,
multimetro,,,,310.0747110000011,2026-05-28T13:08:36.815,2026-05-28T13:24:06.815,-930,1439.0,-0.005910678
multimetro,,,,310.2898807999991,2026-05-28T13:08:37.025,2026-05-28T13:24:07.025,-930,1440.0,-0.005910604
multimetro,,,,310.5050904000018,2026-05-28T13:08:37.242,2026-05-28T13:24:07.242,-930,1441.0,-0.005910437
balanza,621.0,-252.25,,310.5146104000014,2026-05-28T13:08:37.255,2026-05-28T13:24:07.255,-930,,
multimetro,,,,310.7202475999984,2026-05-28T13:08:37.451,2026-05-28T13:24:07.451,-930,1442.0,-0.005910479
multimetro,,,,310.9350881999999,2026-05-28T13:08:37.676,2026-05-28T13:24:07.676,-930,1443.0,-0.00591029
balanza,622.0,-252.03,,311.0144422000012,2026-05-28T13:08:37.746,2026-05-28T13:24:07.746,-930,,
multimetro,,,,311.1502201000003,2026-05-28T13:08:37.890,2026-05-28T13:24:07.890,-930,1444.0,-0.005910615
multimetro,,,,311.36531670000113,2026-05-28T13:08:38.106,2026-05-28T13:24:08.106,-930,1445.0,-0.005910563
balanza,623.0,-252.14,,311.5145174999998,2026-05-28T13:08:38.254,2026-05-28T13:24:08.254,-930,,
multimetro,,,,311.58047459999943,2026-05-28T13:08:38.316,2026-05-28T13:24:08.316,-930,1446.0,-0.005910479
multimetro,,,,311.79568970000037,2026-05-28T13:08:38.536,2026-05-28T13:24:08.536,-930,1447.0,-0.005910594
multimetro,,,,312.0106803999988,2026-05-28T13:08:38.751,2026-05-28T13:24:08.751,-930,1448.0,-0.005910563
balanza,624.0,-252.12,,312.0142474999993,2026-05-28T13:08:38.755,2026-05-28T13:24:08.755,-930,,
multimetro,,,,312.2257743000009,2026-05-28T13:08:38.966,2026-05-28T13:24:08.966,-930,1449.0,-0.005910531
multimetro,,,,312.4409736999987,2026-05-28T13:08:39.172,2026-05-28T13:24:09.172,-930,1450.0,-0.005910542
balanza,625.0,-251.96,,312.5144240000009,2026-05-28T13:08:39.255,2026-05-28T13:24:09.255,-930,,
multimetro,,,,312.65605009999854,2026-05-28T13:08:39.396,2026-05-28T13:24:09.396,-930,1451.0,-0.005910667
multimetro,,,,312.87114510000174,2026-05-28T13:08:39.605,2026-05-28T13:24:09.605,-930,1452.0,-0.005910678
balanza,626.0,-252.2,,313.01461220000056,2026-05-28T13:08:39.755,2026-05-28T13:24:09.755,-930,,
multimetro,,,,313.08612070000163,2026-05-28T13:08:39.826,2026-05-28T13:24:09.826,-930,1453.0,-0.0059105
multimetro,,,,313.30120819999865,2026-05-28T13:08:40.041,2026-05-28T13:24:10.041,-930,1454.0,-0.005910531
balanza,627.0,-252.11,,313.51429110000026,2026-05-28T13:08:40.255,2026-05-28T13:24:10.255,-930,,
multimetro,,,,313.51626970000143,2026-05-28T13:08:40.257,2026-05-28T13:24:10.257,-930,1455.0,-0.005910573
multimetro,,,,313.7311434000003,2026-05-28T13:08:40.472,2026-05-28T13:24:10.472,-930,1456.0,-0.005910458
multimetro,,,,313.9476132000018,2026-05-28T13:08:40.688,2026-05-28T13:24:10.688,-930,1457.0,-0.005910625
balanza,628.0,-252.09,,314.01461109999946,2026-05-28T13:08:40.755,2026-05-28T13:24:10.755,-930,,
multimetro,,,,314.1626834000017,2026-05-28T13:08:40.903,2026-05-28T13:24:10.903,-930,1458.0,-0.00591073
multimetro,,,,314.377947500001,2026-05-28T13:08:41.118,2026-05-28T13:24:11.118,-930,1459.0,-0.005910207
balanza,629.0,-252.24,,314.51449950000097,2026-05-28T13:08:41.255,2026-05-28T13:24:11.255,-930,,
multimetro,,,,314.5930453000001,2026-05-28T13:08:41.334,2026-05-28T13:24:11.334,-930,1460.0,-0.005910385
multimetro,,,,314.80808460000117,2026-05-28T13:08:41.542,2026-05-28T13:24:11.542,-930,1461.0,-0.005910426
balanza,630.0,-252.08,,315.0142814999999,2026-05-28T13:08:41.755,2026-05-28T13:24:11.755,-930,,
multimetro,,,,315.02317739999853,2026-05-28T13:08:41.764,2026-05-28T13:24:11.764,-930,1462.0,-0.005910531
multimetro,,,,315.2381342000008,2026-05-28T13:08:41.972,2026-05-28T13:24:11.972,-930,1463.0,-0.005910468
multimetro,,,,315.4533096999985,2026-05-28T13:08:42.193,2026-05-28T13:24:12.193,-930,1464.0,-0.005910353
balanza,631.0,-252.16,,315.51457239999945,2026-05-28T13:08:42.252,2026-05-28T13:24:12.252,-930,,
multimetro,,,,315.66832910000085,2026-05-28T13:08:42.409,2026-05-28T13:24:12.409,-930,1465.0,-0.005910573
multimetro,,,,315.8834620999987,2026-05-28T13:08:42.624,2026-05-28T13:24:12.624,-930,1466.0,-0.005910479
balanza,632.0,-252.24,,316.0142586000002,2026-05-28T13:08:42.752,2026-05-28T13:24:12.752,-930,,
multimetro,,,,316.09893720000036,2026-05-28T13:08:42.836,2026-05-28T13:24:12.836,-930,1467.0,-0.005910479
multimetro,,,,316.3139779999983,2026-05-28T13:08:43.053,2026-05-28T13:24:13.053,-930,1468.0,-0.005910447
balanza,633.0,-252.16,,316.51458099999945,2026-05-28T13:08:43.255,2026-05-28T13:24:13.255,-930,,
multimetro,,,,316.52926429999934,2026-05-28T13:08:43.270,2026-05-28T13:24:13.270,-930,1469.0,-0.005910542
multimetro,,,,316.7442125000016,2026-05-28T13:08:43.484,2026-05-28T13:24:13.484,-930,1470.0,-0.0059105
multimetro,,,,316.9593397999997,2026-05-28T13:08:43.700,2026-05-28T13:24:13.700,-930,1471.0,-0.005910563
balanza,634.0,-252.3,,317.01471870000023,2026-05-28T13:08:43.755,2026-05-28T13:24:13.755,-930,,
multimetro,,,,317.1743846999998,2026-05-28T13:08:43.912,2026-05-28T13:24:13.912,-930,1472.0,-0.005910311
multimetro,,,,317.38940899999943,2026-05-28T13:08:44.128,2026-05-28T13:24:14.128,-930,1473.0,-0.005910332
balanza,635.0,-252.15,,317.5148642999993,2026-05-28T13:08:44.255,2026-05-28T13:24:14.255,-930,,
multimetro,,,,317.60450950000086,2026-05-28T13:08:44.345,2026-05-28T13:24:14.345,-930,1474.0,-0.005910364
multimetro,,,,317.8196054,2026-05-28T13:08:44.560,2026-05-28T13:24:14.560,-930,1475.0,-0.005910196
balanza,636.0,-252.15,,318.01440640000146,2026-05-28T13:08:44.752,2026-05-28T13:24:14.752,-930,,
multimetro,,,,318.0347809999985,2026-05-28T13:08:44.772,2026-05-28T13:24:14.772,-930,1476.0,-0.005910489
multimetro,,,,318.2499217000004,2026-05-28T13:08:44.984,2026-05-28T13:24:14.984,-930,1477.0,-0.005910636
multimetro,,,,318.46498559999964,2026-05-28T13:08:45.206,2026-05-28T13:24:15.206,-930,1478.0,-0.005910343
balanza,637.0,-252.24,,318.5144942000006,2026-05-28T13:08:45.249,2026-05-28T13:24:15.249,-930,,
multimetro,,,,318.67995080000037,2026-05-28T13:08:45.420,2026-05-28T13:24:15.420,-930,1479.0,-0.005910364
multimetro,,,,318.8954432999999,2026-05-28T13:08:45.626,2026-05-28T13:24:15.626,-930,1480.0,-0.005910343
balanza,638.0,-251.96,,319.01473460000125,2026-05-28T13:08:45.750,2026-05-28T13:24:15.750,-930,,
multimetro,,,,319.1105208000008,2026-05-28T13:08:45.846,2026-05-28T13:24:15.846,-930,1481.0,-0.005910521
multimetro,,,,319.32576939999853,2026-05-28T13:08:46.063,2026-05-28T13:24:16.063,-930,1482.0,-0.005910468
balanza,639.0,-252.17,,319.51454119999835,2026-05-28T13:08:46.255,2026-05-28T13:24:16.255,-930,,
multimetro,,,,319.5408239999997,2026-05-28T13:08:46.274,2026-05-28T13:24:16.274,-930,1483.0,-0.005910416
multimetro,,,,319.75595460000113,2026-05-28T13:08:46.494,2026-05-28T13:24:16.494,-930,1484.0,-0.005910269
multimetro,,,,319.97109289999935,2026-05-28T13:08:46.708,2026-05-28T13:24:16.708,-930,1485.0,-0.005910343
balanza,640.0,-251.94,,320.0144215,2026-05-28T13:08:46.755,2026-05-28T13:24:16.755,-930,,
multimetro,,,,320.1862957000012,2026-05-28T13:08:46.926,2026-05-28T13:24:16.926,-930,1486.0,-0.00591028
multimetro,,,,320.4012913000006,2026-05-28T13:08:47.133,2026-05-28T13:24:17.133,-930,1487.0,-0.005910123
balanza,641.0,-252.13,,320.51466549999896,2026-05-28T13:08:47.251,2026-05-28T13:24:17.251,-930,,
multimetro,,,,320.6164925000012,2026-05-28T13:08:47.351,2026-05-28T13:24:17.351,-930,1488.0,-0.005910269
multimetro,,,,320.83159629999864,2026-05-28T13:08:47.570,2026-05-28T13:24:17.570,-930,1489.0,-0.005910039
balanza,642.0,-252.09,,321.01451440000164,2026-05-28T13:08:47.748,2026-05-28T13:24:17.748,-930,,
multimetro,,,,321.0466873000005,2026-05-28T13:08:47.779,2026-05-28T13:24:17.779,-930,1490.0,-0.005909913
multimetro,,,,321.2617882000013,2026-05-28T13:08:47.994,2026-05-28T13:24:17.994,-930,1491.0,-0.005909767
multimetro,,,,321.47685170000113,2026-05-28T13:08:48.218,2026-05-28T13:24:18.218,-930,1492.0,-0.00590983
balanza,643.0,-252.15,,321.51454379999996,2026-05-28T13:08:48.255,2026-05-28T13:24:18.255,-930,,
multimetro,,,,321.69206589999885,2026-05-28T13:08:48.428,2026-05-28T13:24:18.428,-930,1493.0,-0.005909934
multimetro,,,,321.90713809999943,2026-05-28T13:08:48.646,2026-05-28T13:24:18.646,-930,1494.0,-0.005909976
balanza,644.0,-252.27,,322.01453780000156,2026-05-28T13:08:48.746,2026-05-28T13:24:18.746,-930,,
multimetro,,,,322.12243279999893,2026-05-28T13:08:48.860,2026-05-28T13:24:18.860,-930,1495.0,-0.005909882
multimetro,,,,322.3373649999994,2026-05-28T13:08:49.076,2026-05-28T13:24:19.076,-930,1496.0,-0.005909851
balanza,645.0,-252.05,,322.51445819999935,2026-05-28T13:08:49.249,2026-05-28T13:24:19.249,-930,,
multimetro,,,,322.55249099999855,2026-05-28T13:08:49.289,2026-05-28T13:24:19.289,-930,1497.0,-0.005909892
multimetro,,,,322.767726099999,2026-05-28T13:08:49.505,2026-05-28T13:24:19.505,-930,1498.0,-0.005910154
multimetro,,,,322.98294309999983,2026-05-28T13:08:49.723,2026-05-28T13:24:19.723,-930,1499.0,-0.00591005
balanza,646.0,-252.24,,323.01437989999977,2026-05-28T13:08:49.755,2026-05-28T13:24:19.755,-930,,
multimetro,,,,323.19806439999957,2026-05-28T13:08:49.929,2026-05-28T13:24:19.929,-930,1500.0,-0.005909924
multimetro,,,,323.4131830000006,2026-05-28T13:08:50.150,2026-05-28T13:24:20.150,-930,1501.0,-0.005909934
balanza,647.0,-252.1,,323.5143290999986,2026-05-28T13:08:50.255,2026-05-28T13:24:20.255,-930,,
multimetro,,,,323.6283427999988,2026-05-28T13:08:50.367,2026-05-28T13:24:20.367,-930,1502.0,-0.005909955
multimetro,,,,323.84341349999886,2026-05-28T13:08:50.577,2026-05-28T13:24:20.577,-930,1503.0,-0.00590984
balanza,648.0,-252.22,,324.0147469000003,2026-05-28T13:08:50.753,2026-05-28T13:24:20.753,-930,,
multimetro,,,,324.0585221000001,2026-05-28T13:08:50.793,2026-05-28T13:24:20.793,-930,1504.0,-0.00590984
multimetro,,,,324.27354360000027,2026-05-28T13:08:51.009,2026-05-28T13:24:21.009,-930,1505.0,-0.00590983
multimetro,,,,324.4886660999982,2026-05-28T13:08:51.222,2026-05-28T13:24:21.222,-930,1506.0,-0.005909599
balanza,649.0,-252.17,,324.51441369999884,2026-05-28T13:08:51.255,2026-05-28T13:24:21.255,-930,,
multimetro,,,,324.703749100001,2026-05-28T13:08:51.440,2026-05-28T13:24:21.440,-930,1507.0,-0.005909746
multimetro,,,,324.91897450000033,2026-05-28T13:08:51.660,2026-05-28T13:24:21.660,-930,1508.0,-0.005909631
balanza,650.0,-252.05,,325.0145655000015,2026-05-28T13:08:51.754,2026-05-28T13:24:21.754,-930,,
multimetro,,,,325.13391950000005,2026-05-28T13:08:51.875,2026-05-28T13:24:21.875,-930,1509.0,-0.005909662
multimetro,,,,325.34907290000046,2026-05-28T13:08:52.090,2026-05-28T13:24:22.090,-930,1510.0,-0.005909453
balanza,651.0,-252.15,,325.5146246000004,2026-05-28T13:08:52.253,2026-05-28T13:24:22.253,-930,,
multimetro,,,,325.5643909999999,2026-05-28T13:08:52.303,2026-05-28T13:24:22.303,-930,1511.0,-0.005909516
multimetro,,,,325.77947660000063,2026-05-28T13:08:52.520,2026-05-28T13:24:22.520,-930,1512.0,-0.005909369
multimetro,,,,325.99459260000003,2026-05-28T13:08:52.730,2026-05-28T13:24:22.730,-930,1513.0,-0.005909285
balanza,652.0,-252.13,,326.0148092999989,2026-05-28T13:08:52.755,2026-05-28T13:24:22.755,-930,,
multimetro,,,,326.2096710000005,2026-05-28T13:08:52.946,2026-05-28T13:24:22.946,-930,1514.0,-0.005909118
multimetro,,,,326.42486310000095,2026-05-28T13:08:53.160,2026-05-28T13:24:23.160,-930,1515.0,-0.005909233
balanza,653.0,-252.06,,326.5147641000003,2026-05-28T13:08:53.253,2026-05-28T13:24:23.253,-930,,
multimetro,,,,326.63992869999856,2026-05-28T13:08:53.378,2026-05-28T13:24:23.378,-930,1516.0,-0.005909359
multimetro,,,,326.85504299999957,2026-05-28T13:08:53.593,2026-05-28T13:24:23.593,-930,1517.0,-0.005909275
balanza,654.0,-252.13,,327.0144087000008,2026-05-28T13:08:53.755,2026-05-28T13:24:23.755,-930,,
multimetro,,,,327.0701192000015,2026-05-28T13:08:53.811,2026-05-28T13:24:23.811,-930,1518.0,-0.005909097
multimetro,,,,327.2852705000005,2026-05-28T13:08:54.022,2026-05-28T13:24:24.022,-930,1519.0,-0.00590916
multimetro,,,,327.50030680000054,2026-05-28T13:08:54.241,2026-05-28T13:24:24.241,-930,1520.0,-0.005909181
balanza,655.0,-252.01,,327.5148053999983,2026-05-28T13:08:54.255,2026-05-28T13:24:24.255,-930,,
multimetro,,,,327.7156290999992,2026-05-28T13:08:54.447,2026-05-28T13:24:24.447,-930,1521.0,-0.005909243
multimetro,,,,327.93078089999835,2026-05-28T13:08:54.666,2026-05-28T13:24:24.666,-930,1522.0,-0.005909044
balanza,656.0,-252.21,,328.0146453999987,2026-05-28T13:08:54.755,2026-05-28T13:24:24.755,-930,,
multimetro,,,,328.1459482999999,2026-05-28T13:08:54.886,2026-05-28T13:24:24.886,-930,1523.0,-0.005909076
multimetro,,,,328.3615701000017,2026-05-28T13:08:55.102,2026-05-28T13:24:25.102,-930,1524.0,-0.00590916
balanza,657.0,-252.1,,328.51439590000155,2026-05-28T13:08:55.253,2026-05-28T13:24:25.253,-930,,
multimetro,,,,328.576774000001,2026-05-28T13:08:55.313,2026-05-28T13:24:25.313,-930,1525.0,-0.005909055
multimetro,,,,328.7919221000011,2026-05-28T13:08:55.532,2026-05-28T13:24:25.532,-930,1526.0,-0.005909317
multimetro,,,,329.0069175999997,2026-05-28T13:08:55.747,2026-05-28T13:24:25.747,-930,1527.0,-0.005909044
balanza,658.0,-252.15,,329.01481200000126,2026-05-28T13:08:55.755,2026-05-28T13:24:25.755,-930,,
multimetro,,,,329.2220269999998,2026-05-28T13:08:55.963,2026-05-28T13:24:25.963,-930,1528.0,-0.005909065
multimetro,,,,329.4371352999988,2026-05-28T13:08:56.174,2026-05-28T13:24:26.174,-930,1529.0,-0.005909201
balanza,659.0,-252.27,,329.51472999999896,2026-05-28T13:08:56.253,2026-05-28T13:24:26.253,-930,,
multimetro,,,,329.65228370000114,2026-05-28T13:08:56.388,2026-05-28T13:24:26.388,-930,1530.0,-0.005909264
multimetro,,,,329.8674780000001,2026-05-28T13:08:56.601,2026-05-28T13:24:26.601,-930,1531.0,-0.005909118
balanza,660.0,-252.06,,330.0148145999992,2026-05-28T13:08:56.751,2026-05-28T13:24:26.751,-930,,
multimetro,,,,330.08255890000146,2026-05-28T13:08:56.817,2026-05-28T13:24:26.817,-930,1532.0,-0.005909149
multimetro,,,,330.2976802000012,2026-05-28T13:08:57.036,2026-05-28T13:24:27.036,-930,1533.0,-0.005909034
multimetro,,,,330.51292639999883,2026-05-28T13:08:57.247,2026-05-28T13:24:27.247,-930,1534.0,-0.005909118
balanza,661.0,-252.21,,330.5141868999999,2026-05-28T13:08:57.247,2026-05-28T13:24:27.247,-930,,
multimetro,,,,330.72796240000025,2026-05-28T13:08:57.467,2026-05-28T13:24:27.467,-930,1535.0,-0.005909003
multimetro,,,,330.9430364,2026-05-28T13:08:57.684,2026-05-28T13:24:27.684,-930,1536.0,-0.00590917
balanza,662.0,-252.19,,331.01463109999895,2026-05-28T13:08:57.748,2026-05-28T13:24:27.748,-930,,
multimetro,,,,331.15825570000015,2026-05-28T13:08:57.890,2026-05-28T13:24:27.890,-930,1537.0,-0.005908982
multimetro,,,,331.37330569999904,2026-05-28T13:08:58.110,2026-05-28T13:24:28.110,-930,1538.0,-0.005908814
balanza,663.0,-252.12,,331.51475740000024,2026-05-28T13:08:58.247,2026-05-28T13:24:28.247,-930,,
multimetro,,,,331.58845270000165,2026-05-28T13:08:58.327,2026-05-28T13:24:28.327,-930,1539.0,-0.005909034
multimetro,,,,331.8035122000001,2026-05-28T13:08:58.536,2026-05-28T13:24:28.536,-930,1540.0,-0.005909233
balanza,664.0,-252.21,,332.0144349000002,2026-05-28T13:08:58.755,2026-05-28T13:24:28.755,-930,,
multimetro,,,,332.01860939999824,2026-05-28T13:08:58.756,2026-05-28T13:24:28.756,-930,1541.0,-0.005909128
multimetro,,,,332.23363210000025,2026-05-28T13:08:58.974,2026-05-28T13:24:28.974,-930,1542.0,-0.005909139
multimetro,,,,332.4486341000011,2026-05-28T13:08:59.189,2026-05-28T13:24:29.189,-930,1543.0,-0.005909076
balanza,665.0,-252.11,,332.51432600000044,2026-05-28T13:08:59.255,2026-05-28T13:24:29.255,-930,,
multimetro,,,,332.66384599999947,2026-05-28T13:08:59.403,2026-05-28T13:24:29.403,-930,1544.0,-0.005908992
multimetro,,,,332.87889709999945,2026-05-28T13:08:59.619,2026-05-28T13:24:29.619,-930,1545.0,-0.005909118
balanza,666.0,-252.19,,333.01467160000175,2026-05-28T13:08:59.755,2026-05-28T13:24:29.755,-930,,
multimetro,,,,333.09409629999936,2026-05-28T13:08:59.826,2026-05-28T13:24:29.826,-930,1546.0,-0.005909181
multimetro,,,,333.30919079999876,2026-05-28T13:09:00.048,2026-05-28T13:24:30.048,-930,1547.0,-0.005909023
balanza,667.0,-252.26,,333.5145573000009,2026-05-28T13:09:00.255,2026-05-28T13:24:30.255,-930,,
multimetro,,,,333.5242655000002,2026-05-28T13:09:00.264,2026-05-28T13:24:30.264,-930,1548.0,-0.005908982
multimetro,,,,333.73912859999837,2026-05-28T13:09:00.474,2026-05-28T13:24:30.474,-930,1549.0,-0.005909034
multimetro,,,,333.95442230000117,2026-05-28T13:09:00.694,2026-05-28T13:24:30.694,-930,1550.0,-0.005909181
balanza,668.0,-252.16,,334.01437179999994,2026-05-28T13:09:00.755,2026-05-28T13:24:30.755,-930,,
multimetro,,,,334.1693550000018,2026-05-28T13:09:00.906,2026-05-28T13:24:30.906,-930,1551.0,-0.005908971
multimetro,,,,334.3844840999991,2026-05-28T13:09:01.124,2026-05-28T13:24:31.124,-930,1552.0,-0.005909023
balanza,669.0,-252.27,,334.5147386999997,2026-05-28T13:09:01.256,2026-05-28T13:24:31.256,-930,,
multimetro,,,,334.5995589999984,2026-05-28T13:09:01.340,2026-05-28T13:24:31.340,-930,1553.0,-0.005909264
multimetro,,,,334.8146634000004,2026-05-28T13:09:01.555,2026-05-28T13:24:31.555,-930,1554.0,-0.005909107
balanza,670.0,-252.18,,335.0146621999993,2026-05-28T13:09:01.756,2026-05-28T13:24:31.756,-930,,
multimetro,,,,335.0298468000001,2026-05-28T13:09:01.766,2026-05-28T13:24:31.766,-930,1555.0,-0.005909181
multimetro,,,,335.2448654,2026-05-28T13:09:01.984,2026-05-28T13:24:31.984,-930,1556.0,-0.005908971
multimetro,,,,335.4600094000016,2026-05-28T13:09:02.198,2026-05-28T13:24:32.198,-930,1557.0,-0.00590894
balanza,671.0,-252.2,,335.5143591999986,2026-05-28T13:09:02.255,2026-05-28T13:24:32.255,-930,,
multimetro,,,,335.6749044999997,2026-05-28T13:09:02.416,2026-05-28T13:24:32.416,-930,1558.0,-0.005908846
multimetro,,,,335.8901540000006,2026-05-28T13:09:02.622,2026-05-28T13:24:32.622,-930,1559.0,-0.00590873
balanza,672.0,-252.24,,336.01451440000164,2026-05-28T13:09:02.755,2026-05-28T13:24:32.755,-930,,
multimetro,,,,336.10523269999976,2026-05-28T13:09:02.839,2026-05-28T13:24:32.839,-930,1560.0,-0.005908804
multimetro,,,,336.3203165999985,2026-05-28T13:09:03.056,2026-05-28T13:24:33.056,-930,1561.0,-0.005908699
balanza,673.0,-252.19,,336.5146934000004,2026-05-28T13:09:03.255,2026-05-28T13:24:33.255,-930,,
multimetro,,,,336.5352313000003,2026-05-28T13:09:03.272,2026-05-28T13:24:33.272,-930,1562.0,-0.005908594
multimetro,,,,336.7505831000017,2026-05-28T13:09:03.489,2026-05-28T13:24:33.489,-930,1563.0,-0.005908657
multimetro,,,,336.96537499999977,2026-05-28T13:09:03.706,2026-05-28T13:24:33.706,-930,1564.0,-0.005908919
balanza,674.0,-252.17,,337.01452960000097,2026-05-28T13:09:03.755,2026-05-28T13:24:33.755,-930,,
multimetro,,,,337.1803096000003,2026-05-28T13:09:03.915,2026-05-28T13:24:33.915,-930,1565.0,-0.005908741
multimetro,,,,337.39519519999885,2026-05-28T13:09:04.136,2026-05-28T13:24:34.136,-930,1566.0,-0.005908846
balanza,675.0,-252.15,,337.5147548999994,2026-05-28T13:09:04.256,2026-05-28T13:24:34.256,-930,,
multimetro,,,,337.6102580000006,2026-05-28T13:09:04.348,2026-05-28T13:24:34.348,-930,1567.0,-0.005908856
multimetro,,,,337.8251917999987,2026-05-28T13:09:04.565,2026-05-28T13:24:34.565,-930,1568.0,-0.005908835
balanza,676.0,-252.13,,338.01456029999827,2026-05-28T13:09:04.755,2026-05-28T13:24:34.755,-930,,
multimetro,,,,338.0402566999983,2026-05-28T13:09:04.772,2026-05-28T13:24:34.772,-930,1569.0,-0.005908919
multimetro,,,,338.25519839999833,2026-05-28T13:09:04.989,2026-05-28T13:24:34.989,-930,1570.0,-0.005908919
multimetro,,,,338.47037790000104,2026-05-28T13:09:05.206,2026-05-28T13:24:35.206,-930,1571.0,-0.005908741
balanza,677.0,-252.15,,338.5145440999986,2026-05-28T13:09:05.255,2026-05-28T13:24:35.255,-930,,
multimetro,,,,338.6855680000008,2026-05-28T13:09:05.422,2026-05-28T13:24:35.422,-930,1572.0,-0.005908908
multimetro,,,,338.9007356000002,2026-05-28T13:09:05.639,2026-05-28T13:24:35.639,-930,1573.0,-0.005908929
balanza,678.0,-252.18,,339.0146902999986,2026-05-28T13:09:05.756,2026-05-28T13:24:35.756,-930,,
multimetro,,,,339.1157654999988,2026-05-28T13:09:05.856,2026-05-28T13:24:35.856,-930,1574.0,-0.005908835
multimetro,,,,339.3309217999995,2026-05-28T13:09:06.072,2026-05-28T13:24:36.072,-930,1575.0,-0.005908804
balanza,679.0,-252.16,,339.5144317000013,2026-05-28T13:09:06.255,2026-05-28T13:24:36.255,-930,,
multimetro,,,,339.54644389999885,2026-05-28T13:09:06.282,2026-05-28T13:24:36.282,-930,1576.0,-0.005908783
multimetro,,,,339.761473999999,2026-05-28T13:09:06.502,2026-05-28T13:24:36.502,-930,1577.0,-0.005908688
multimetro,,,,339.9765808999982,2026-05-28T13:09:06.715,2026-05-28T13:24:36.715,-930,1578.0,-0.005908584
balanza,680.0,-252.21,,340.0145139999986,2026-05-28T13:09:06.755,2026-05-28T13:24:36.755,-930,,
multimetro,,,,340.1917337999985,2026-05-28T13:09:06.932,2026-05-28T13:24:36.932,-930,1579.0,-0.005908751
multimetro,,,,340.4068722999982,2026-05-28T13:09:07.139,2026-05-28T13:24:37.139,-930,1580.0,-0.005908521
balanza,681.0,-252.13,,340.51460399999996,2026-05-28T13:09:07.255,2026-05-28T13:24:37.255,-930,,
multimetro,,,,340.6219237000005,2026-05-28T13:09:07.355,2026-05-28T13:24:37.355,-930,1581.0,-0.005908542
multimetro,,,,340.83687049999935,2026-05-28T13:09:07.572,2026-05-28T13:24:37.572,-930,1582.0,-0.005908448
balanza,682.0,-252.2,,341.0143022000011,2026-05-28T13:09:07.755,2026-05-28T13:24:37.755,-930,,
multimetro,,,,341.05200400000103,2026-05-28T13:09:07.792,2026-05-28T13:24:37.792,-930,1583.0,-0.005908353
multimetro,,,,341.26709499999924,2026-05-28T13:09:08.007,2026-05-28T13:24:38.007,-930,1584.0,-0.00590849
multimetro,,,,341.4821441999993,2026-05-28T13:09:08.223,2026-05-28T13:24:38.223,-930,1585.0,-0.005908291
balanza,683.0,-252.29,,341.5146797000016,2026-05-28T13:09:08.255,2026-05-28T13:24:38.255,-930,,
multimetro,,,,341.6974045999996,2026-05-28T13:09:08.432,2026-05-28T13:24:38.432,-930,1586.0,-0.005908312
multimetro,,,,341.9126772999989,2026-05-28T13:09:08.648,2026-05-28T13:24:38.648,-930,1587.0,-0.005908259
balanza,684.0,-252.18,,342.01454459999877,2026-05-28T13:09:08.755,2026-05-28T13:24:38.755,-930,,
multimetro,,,,342.1276097000009,2026-05-28T13:09:08.865,2026-05-28T13:24:38.865,-930,1588.0,-0.005908092
multimetro,,,,342.3430627000016,2026-05-28T13:09:09.081,2026-05-28T13:24:39.081,-930,1589.0,-0.005908092
balanza,685.0,-252.28,,342.51466530000107,2026-05-28T13:09:09.256,2026-05-28T13:24:39.256,-930,,
multimetro,,,,342.5580574000014,2026-05-28T13:09:09.299,2026-05-28T13:24:39.299,-930,1590.0,-0.005908312
multimetro,,,,342.773019799999,2026-05-28T13:09:09.514,2026-05-28T13:24:39.514,-930,1591.0,-0.005908123
multimetro,,,,342.98809600000095,2026-05-28T13:09:09.726,2026-05-28T13:24:39.726,-930,1592.0,-0.00590805
balanza,686.0,-252.23,,343.01431969999976,2026-05-28T13:09:09.755,2026-05-28T13:24:39.755,-930,,
multimetro,,,,343.203289699999,2026-05-28T13:09:09.943,2026-05-28T13:24:39.943,-930,1593.0,-0.005907882
multimetro,,,,343.4183876999996,2026-05-28T13:09:10.159,2026-05-28T13:24:40.159,-930,1594.0,-0.005907819
balanza,687.0,-252.3,,343.5144532999984,2026-05-28T13:09:10.255,2026-05-28T13:24:40.255,-930,,
multimetro,,,,343.6334840999989,2026-05-28T13:09:10.374,2026-05-28T13:24:40.374,-930,1595.0,-0.005907662
multimetro,,,,343.84856020000007,2026-05-28T13:09:10.589,2026-05-28T13:24:40.589,-930,1596.0,-0.005907767
balanza,688.0,-252.34,,344.01434320000044,2026-05-28T13:09:10.755,2026-05-28T13:24:40.755,-930,,
multimetro,,,,344.06362100000115,2026-05-28T13:09:10.798,2026-05-28T13:24:40.798,-930,1597.0,-0.005907945
multimetro,,,,344.2787692999991,2026-05-28T13:09:11.020,2026-05-28T13:24:41.020,-930,1598.0,-0.00590805
multimetro,,,,344.49397580000004,2026-05-28T13:09:11.232,2026-05-28T13:24:41.232,-930,1599.0,-0.005908092
balanza,689.0,-252.2,,344.5146402999999,2026-05-28T13:09:11.255,2026-05-28T13:24:41.255,-930,,
multimetro,,,,344.7089942999992,2026-05-28T13:09:11.449,2026-05-28T13:24:41.449,-930,1600.0,-0.005907997
multimetro,,,,344.9241194999995,2026-05-28T13:09:11.655,2026-05-28T13:24:41.655,-930,1601.0,-0.005908008
balanza,690.0,-252.36,,345.01444659999834,2026-05-28T13:09:11.755,2026-05-28T13:24:41.755,-930,,
multimetro,,,,345.1394470000014,2026-05-28T13:09:11.872,2026-05-28T13:24:41.872,-930,1602.0,-0.005908144
multimetro,,,,345.3543888999993,2026-05-28T13:09:12.093,2026-05-28T13:24:42.093,-930,1603.0,-0.005908102
balanza,691.0,-252.25,,345.5145999000015,2026-05-28T13:09:12.255,2026-05-28T13:24:42.255,-930,,
multimetro,,,,345.56958440000017,2026-05-28T13:09:12.310,2026-05-28T13:24:42.310,-930,1604.0,-0.00590806
multimetro,,,,345.7847675000012,2026-05-28T13:09:12.525,2026-05-28T13:24:42.525,-930,1605.0,-0.005908081
multimetro,,,,345.9998802000009,2026-05-28T13:09:12.739,2026-05-28T13:24:42.739,-930,1606.0,-0.005908081
balanza,692.0,-252.24,,346.0144771999985,2026-05-28T13:09:12.755,2026-05-28T13:24:42.755,-930,,
multimetro,,,,346.2149309999986,2026-05-28T13:09:12.955,2026-05-28T13:24:42.955,-930,1607.0,-0.005908018
multimetro,,,,346.4300508000015,2026-05-28T13:09:13.165,2026-05-28T13:24:43.165,-930,1608.0,-0.00590806
balanza,693.0,-252.34,,346.51443030000155,2026-05-28T13:09:13.255,2026-05-28T13:24:43.255,-930,,
multimetro,,,,346.64514490000147,2026-05-28T13:09:13.381,2026-05-28T13:24:43.381,-930,1609.0,-0.005908144
multimetro,,,,346.8601901000002,2026-05-28T13:09:13.598,2026-05-28T13:24:43.598,-930,1610.0,-0.005908238
balanza,694.0,-252.15,,347.0144986000014,2026-05-28T13:09:13.755,2026-05-28T13:24:43.755,-930,,
multimetro,,,,347.08675819999917,2026-05-28T13:09:13.827,2026-05-28T13:24:43.827,-930,1611.0,-0.005908217
multimetro,,,,347.3016889999999,2026-05-28T13:09:14.039,2026-05-28T13:24:44.039,-930,1612.0,-0.005908228
balanza,695.0,-252.35,,347.5144604999987,2026-05-28T13:09:14.255,2026-05-28T13:24:44.255,-930,,
multimetro,,,,347.51694710000083,2026-05-28T13:09:14.257,2026-05-28T13:24:44.257,-930,1613.0,-0.005908322
multimetro,,,,347.73179810000147,2026-05-28T13:09:14.473,2026-05-28T13:24:44.473,-930,1614.0,-0.005908427
multimetro,,,,347.94691740000053,2026-05-28T13:09:14.682,2026-05-28T13:24:44.682,-930,1615.0,-0.005908301
balanza,696.0,-252.3,,348.01434660000086,2026-05-28T13:09:14.755,2026-05-28T13:24:44.755,-930,,
multimetro,,,,348.1621593999989,2026-05-28T13:09:14.899,2026-05-28T13:24:44.899,-930,1616.0,-0.0059085
multimetro,,,,348.37740610000037,2026-05-28T13:09:15.115,2026-05-28T13:24:45.115,-930,1617.0,-0.005908395
balanza,697.0,-252.24,,348.5147529999995,2026-05-28T13:09:15.256,2026-05-28T13:24:45.256,-930,,
multimetro,,,,348.59228200000143,2026-05-28T13:09:15.332,2026-05-28T13:24:45.332,-930,1618.0,-0.00590849
multimetro,,,,348.80816160000177,2026-05-28T13:09:15.548,2026-05-28T13:24:45.548,-930,1619.0,-0.005908427
balanza,698.0,-252.3,,349.0147852000009,2026-05-28T13:09:15.755,2026-05-28T13:24:45.755,-930,,
multimetro,,,,349.0233752999993,2026-05-28T13:09:15.764,2026-05-28T13:24:45.764,-930,1620.0,-0.005908228
multimetro,,,,349.2382394999986,2026-05-28T13:09:15.974,2026-05-28T13:24:45.974,-930,1621.0,-0.005908228
multimetro,,,,349.4534244999995,2026-05-28T13:09:16.189,2026-05-28T13:24:46.189,-930,1622.0,-0.005908322
balanza,699.0,-252.21,,349.514551799999,2026-05-28T13:09:16.255,2026-05-28T13:24:46.255,-930,,
multimetro,,,,349.6684711000016,2026-05-28T13:09:16.406,2026-05-28T13:24:46.406,-930,1623.0,-0.005908416
multimetro,,,,349.8836259999989,2026-05-28T13:09:16.622,2026-05-28T13:24:46.622,-930,1624.0,-0.005908531
balanza,700.0,-252.25,,350.0145212999996,2026-05-28T13:09:16.755,2026-05-28T13:24:46.755,-930,,
multimetro,,,,350.0986426999989,2026-05-28T13:09:16.839,2026-05-28T13:24:46.839,-930,1625.0,-0.005908594
multimetro,,,,350.31378609999956,2026-05-28T13:09:17.049,2026-05-28T13:24:47.049,-930,1626.0,-0.005908458
balanza,701.0,-252.3,,350.51462289999836,2026-05-28T13:09:17.255,2026-05-28T13:24:47.255,-930,,
multimetro,,,,350.52886710000166,2026-05-28T13:09:17.266,2026-05-28T13:24:47.266,-930,1627.0,-0.005908469
multimetro,,,,350.74391860000105,2026-05-28T13:09:17.484,2026-05-28T13:24:47.484,-930,1628.0,-0.005908343
multimetro,,,,350.9591810999991,2026-05-28T13:09:17.698,2026-05-28T13:24:47.698,-930,1629.0,-0.005908437
balanza,702.0,-252.31,,351.01457759999903,2026-05-28T13:09:17.755,2026-05-28T13:24:47.755,-930,,
multimetro,,,,351.174328699999,2026-05-28T13:09:17.915,2026-05-28T13:24:47.915,-930,1630.0,-0.005908395
multimetro,,,,351.38949349999893,2026-05-28T13:09:18.122,2026-05-28T13:24:48.122,-930,1631.0,-0.005908395
balanza,703.0,-252.24,,351.51469870000074,2026-05-28T13:09:18.256,2026-05-28T13:24:48.256,-930,,
multimetro,,,,351.6047251000018,2026-05-28T13:09:18.339,2026-05-28T13:24:48.339,-930,1632.0,-0.005908448
multimetro,,,,351.8198020000018,2026-05-28T13:09:18.556,2026-05-28T13:24:48.556,-930,1633.0,-0.005908437
balanza,704.0,-252.32,,352.01468690000183,2026-05-28T13:09:18.755,2026-05-28T13:24:48.755,-930,,
multimetro,,,,352.03485290000026,2026-05-28T13:09:18.772,2026-05-28T13:24:48.772,-930,1634.0,-0.005908542
multimetro,,,,352.2500321000007,2026-05-28T13:09:18.989,2026-05-28T13:24:48.989,-930,1635.0,-0.00590827
multimetro,,,,352.4649634000016,2026-05-28T13:09:19.205,2026-05-28T13:24:49.205,-930,1636.0,-0.005908353
balanza,705.0,-252.26,,352.5146167999992,2026-05-28T13:09:19.255,2026-05-28T13:24:49.255,-930,,
multimetro,,,,352.6801798999986,2026-05-28T13:09:19.415,2026-05-28T13:24:49.415,-930,1637.0,-0.005908385
multimetro,,,,352.8952806999987,2026-05-28T13:09:19.636,2026-05-28T13:24:49.636,-930,1638.0,-0.005908312
balanza,706.0,-252.3,,353.0145804999993,2026-05-28T13:09:19.755,2026-05-28T13:24:49.755,-930,,
multimetro,,,,353.1104809999997,2026-05-28T13:09:19.848,2026-05-28T13:24:49.848,-930,1639.0,-0.005908437
multimetro,,,,353.3255911000015,2026-05-28T13:09:20.065,2026-05-28T13:24:50.065,-930,1640.0,-0.005908374
balanza,707.0,-252.5,,353.51455440000063,2026-05-28T13:09:20.255,2026-05-28T13:24:50.255,-930,,
multimetro,,,,353.5407969000007,2026-05-28T13:09:20.272,2026-05-28T13:24:50.272,-930,1641.0,-0.005908364
multimetro,,,,353.7560181000008,2026-05-28T13:09:20.489,2026-05-28T13:24:50.489,-930,1642.0,-0.005908259
multimetro,,,,353.9710956000017,2026-05-28T13:09:20.710,2026-05-28T13:24:50.710,-930,1643.0,-0.005908385
balanza,708.0,-252.47,,354.01458809999895,2026-05-28T13:09:20.755,2026-05-28T13:24:50.755,-930,,
multimetro,,,,354.18634210000164,2026-05-28T13:09:20.927,2026-05-28T13:24:50.927,-930,1644.0,-0.005908364
multimetro,,,,354.40147589999833,2026-05-28T13:09:21.142,2026-05-28T13:24:51.142,-930,1645.0,-0.005908615
balanza,709.0,-252.38,,354.5148200000003,2026-05-28T13:09:21.255,2026-05-28T13:24:51.255,-930,,
multimetro,,,,354.61658460000035,2026-05-28T13:09:21.357,2026-05-28T13:24:51.357,-930,1646.0,-0.005908521
multimetro,,,,354.83151519999956,2026-05-28T13:09:21.572,2026-05-28T13:24:51.572,-930,1647.0,-0.005908374
balanza,710.0,-252.55,,355.01461859999836,2026-05-28T13:09:21.755,2026-05-28T13:24:51.755,-930,,
multimetro,,,,355.0466367000008,2026-05-28T13:09:21.782,2026-05-28T13:24:51.782,-930,1648.0,-0.005908479
multimetro,,,,355.26172399999996,2026-05-28T13:09:22.000,2026-05-28T13:24:52.000,-930,1649.0,-0.005908615
multimetro,,,,355.47698559999844,2026-05-28T13:09:22.210,2026-05-28T13:24:52.210,-930,1650.0,-0.005908469
balanza,711.0,-252.48,,355.51457740000114,2026-05-28T13:09:22.255,2026-05-28T13:24:52.255,-930,,
multimetro,,,,355.69218660000115,2026-05-28T13:09:22.431,2026-05-28T13:24:52.431,-930,1651.0,-0.005908688
multimetro,,,,355.90726350000114,2026-05-28T13:09:22.643,2026-05-28T13:24:52.643,-930,1652.0,-0.005908751
balanza,712.0,-252.44,,356.01476009999897,2026-05-28T13:09:22.755,2026-05-28T13:24:52.755,-930,,
multimetro,,,,356.1223862000006,2026-05-28T13:09:22.862,2026-05-28T13:24:52.862,-930,1653.0,-0.005908458
multimetro,,,,356.33754079999926,2026-05-28T13:09:23.076,2026-05-28T13:24:53.076,-930,1654.0,-0.005908165
balanza,713.0,-252.45,,356.51455310000165,2026-05-28T13:09:23.255,2026-05-28T13:24:53.255,-930,,
multimetro,,,,356.55293769999844,2026-05-28T13:09:23.293,2026-05-28T13:24:53.293,-930,1655.0,-0.00590828
multimetro,,,,356.76795629999833,2026-05-28T13:09:23.505,2026-05-28T13:24:53.505,-930,1656.0,-0.005908207
multimetro,,,,356.98313749999943,2026-05-28T13:09:23.722,2026-05-28T13:24:53.722,-930,1657.0,-0.005908259
balanza,714.0,-252.42,,357.0142758000002,2026-05-28T13:09:23.755,2026-05-28T13:24:53.755,-930,,
multimetro,,,,357.19801590000134,2026-05-28T13:09:23.939,2026-05-28T13:24:53.939,-930,1658.0,-0.00590805
multimetro,,,,357.41308840000056,2026-05-28T13:09:24.153,2026-05-28T13:24:54.153,-930,1659.0,-0.005907977
balanza,715.0,-252.49,,357.5144728999985,2026-05-28T13:09:24.255,2026-05-28T13:24:54.255,-930,,
multimetro,,,,357.6280985000012,2026-05-28T13:09:24.366,2026-05-28T13:24:54.366,-930,1660.0,-0.005907977
multimetro,,,,357.84309080000094,2026-05-28T13:09:24.582,2026-05-28T13:24:54.582,-930,1661.0,-0.005908123
balanza,716.0,-252.52,,358.01443350000045,2026-05-28T13:09:24.755,2026-05-28T13:24:54.755,-930,,
multimetro,,,,358.05825170000026,2026-05-28T13:09:24.799,2026-05-28T13:24:54.799,-930,1662.0,-0.005908259
multimetro,,,,358.2732322000011,2026-05-28T13:09:25.005,2026-05-28T13:24:55.005,-930,1663.0,-0.00590828
multimetro,,,,358.48844010000175,2026-05-28T13:09:25.222,2026-05-28T13:24:55.222,-930,1664.0,-0.005908259
balanza,717.0,-252.58,,358.5146946999994,2026-05-28T13:09:25.255,2026-05-28T13:24:55.255,-930,,
multimetro,,,,358.7033228,2026-05-28T13:09:25.444,2026-05-28T13:24:55.444,-930,1665.0,-0.005908301
multimetro,,,,358.91843639999934,2026-05-28T13:09:25.655,2026-05-28T13:24:55.655,-930,1666.0,-0.005908123
balanza,718.0,-252.56,,359.0144892999997,2026-05-28T13:09:25.755,2026-05-28T13:24:55.755,-930,,
multimetro,,,,359.1335336000011,2026-05-28T13:09:25.872,2026-05-28T13:24:55.872,-930,1667.0,-0.00590828
multimetro,,,,359.3487838000001,2026-05-28T13:09:26.089,2026-05-28T13:24:56.089,-930,1668.0,-0.005908217
balanza,719.0,-252.48,,359.5145147000003,2026-05-28T13:09:26.255,2026-05-28T13:24:56.255,-930,,
multimetro,,,,359.56377639999846,2026-05-28T13:09:26.299,2026-05-28T13:24:56.299,-930,1669.0,-0.005908427
multimetro,,,,359.7788956000004,2026-05-28T13:09:26.515,2026-05-28T13:24:56.515,-930,1670.0,-0.005908479
multimetro,,,,359.99397749999844,2026-05-28T13:09:26.734,2026-05-28T13:24:56.734,-930,1671.0,-0.005908584
balanza,720.0,-252.55,,360.0144951000002,2026-05-28T13:09:26.755,2026-05-28T13:24:56.755,-930,,
multimetro,,,,360.20905459999994,2026-05-28T13:09:26.948,2026-05-28T13:24:56.948,-930,1672.0,-0.00590849
multimetro,,,,360.4241140999984,2026-05-28T13:09:27.155,2026-05-28T13:24:57.155,-930,1673.0,-0.005908542
balanza,721.0,-252.57,,360.5142374999996,2026-05-28T13:09:27.255,2026-05-28T13:24:57.255,-930,,
multimetro,,,,360.6390887999987,2026-05-28T13:09:27.372,2026-05-28T13:24:57.372,-930,1674.0,-0.005908647
multimetro,,,,360.85401830000046,2026-05-28T13:09:27.589,2026-05-28T13:24:57.589,-930,1675.0,-0.005908678
balanza,722.0,-252.46,,361.0145163999987,2026-05-28T13:09:27.755,2026-05-28T13:24:57.755,-930,,
multimetro,,,,361.06921990000046,2026-05-28T13:09:27.806,2026-05-28T13:24:57.806,-930,1676.0,-0.005908469
multimetro,,,,361.28437080000003,2026-05-28T13:09:28.025,2026-05-28T13:24:58.025,-930,1677.0,-0.005908416
multimetro,,,,361.4994422999989,2026-05-28T13:09:28.239,2026-05-28T13:24:58.239,-930,1678.0,-0.005908469
balanza,723.0,-252.6,,361.51423369999975,2026-05-28T13:09:28.255,2026-05-28T13:24:58.255,-930,,
multimetro,,,,361.7145089000005,2026-05-28T13:09:28.455,2026-05-28T13:24:58.455,-930,1679.0,-0.005908479
multimetro,,,,361.92961039999864,2026-05-28T13:09:28.665,2026-05-28T13:24:58.665,-930,1680.0,-0.005908605
balanza,724.0,-252.58,,362.01443519999884,2026-05-28T13:09:28.755,2026-05-28T13:24:58.755,-930,,
multimetro,,,,362.1448229999987,2026-05-28T13:09:28.885,2026-05-28T13:24:58.885,-930,1681.0,-0.005908573
multimetro,,,,362.35983770000166,2026-05-28T13:09:29.098,2026-05-28T13:24:59.098,-930,1682.0,-0.005908458
balanza,725.0,-252.78,,362.5144990000008,2026-05-28T13:09:29.255,2026-05-28T13:24:59.255,-930,,
multimetro,,,,362.5749328999991,2026-05-28T13:09:29.314,2026-05-28T13:24:59.314,-930,1683.0,-0.005908406
multimetro,,,,362.79005340000003,2026-05-28T13:09:29.526,2026-05-28T13:24:59.526,-930,1684.0,-0.005908238
multimetro,,,,363.0051925000007,2026-05-28T13:09:29.744,2026-05-28T13:24:59.744,-930,1685.0,-0.005908165
balanza,726.0,-252.75,,363.01417180000135,2026-05-28T13:09:29.755,2026-05-28T13:24:59.755,-930,,
multimetro,,,,363.2203382000007,2026-05-28T13:09:29.960,2026-05-28T13:24:59.960,-930,1686.0,-0.005908259
multimetro,,,,363.4357033000015,2026-05-28T13:09:30.176,2026-05-28T13:25:00.176,-930,1687.0,-0.00590827
balanza,727.0,-252.66,,363.51455480000004,2026-05-28T13:09:30.255,2026-05-28T13:25:00.255,-930,,
multimetro,,,,363.65100769999844,2026-05-28T13:09:30.389,2026-05-28T13:25:00.389,-930,1688.0,-0.005908301
multimetro,,,,363.86597659999825,2026-05-28T13:09:30.605,2026-05-28T13:25:00.605,-930,1689.0,-0.005908385
balanza,728.0,-252.79,,364.0144533999992,2026-05-28T13:09:30.755,2026-05-28T13:25:00.755,-930,,
multimetro,,,,364.0810878000011,2026-05-28T13:09:30.822,2026-05-28T13:25:00.822,-930,1690.0,-0.005908102
multimetro,,,,364.29604570000083,2026-05-28T13:09:31.036,2026-05-28T13:25:01.036,-930,1691.0,-0.005907956
multimetro,,,,364.51115500000014,2026-05-28T13:09:31.245,2026-05-28T13:25:01.245,-930,1692.0,-0.005907966
balanza,729.0,-252.65,,364.5142812999984,2026-05-28T13:09:31.255,2026-05-28T13:25:01.255,-930,,
multimetro,,,,364.7262315000007,2026-05-28T13:09:31.465,2026-05-28T13:25:01.465,-930,1693.0,-0.005907945
multimetro,,,,364.9414633999986,2026-05-28T13:09:31.682,2026-05-28T13:25:01.682,-930,1694.0,-0.005907882
balanza,730.0,-252.82,,365.0146290999983,2026-05-28T13:09:31.755,2026-05-28T13:25:01.755,-930,,
multimetro,,,,365.156440499999,2026-05-28T13:09:31.889,2026-05-28T13:25:01.889,-930,1695.0,-0.005908018
multimetro,,,,365.37156909999976,2026-05-28T13:09:32.106,2026-05-28T13:25:02.106,-930,1696.0,-0.005908113
balanza,731.0,-252.67,,365.51457909999954,2026-05-28T13:09:32.255,2026-05-28T13:25:02.255,-930,,
multimetro,,,,365.58667140000034,2026-05-28T13:09:32.322,2026-05-28T13:25:02.322,-930,1697.0,-0.005908207
multimetro,,,,365.80179940000016,2026-05-28T13:09:32.539,2026-05-28T13:25:02.539,-930,1698.0,-0.005908364
balanza,732.0,-252.69,,366.01471709999896,2026-05-28T13:09:32.756,2026-05-28T13:25:02.756,-930,,
multimetro,,,,366.01700960000016,2026-05-28T13:09:32.756,2026-05-28T13:25:02.756,-930,1699.0,-0.005908301
multimetro,,,,366.23199469999963,2026-05-28T13:09:32.973,2026-05-28T13:25:02.973,-930,1700.0,-0.005908144
multimetro,,,,366.44709579999835,2026-05-28T13:09:33.186,2026-05-28T13:25:03.186,-930,1701.0,-0.005908249
balanza,733.0,-252.75,,366.51464269999997,2026-05-28T13:09:33.255,2026-05-28T13:25:03.255,-930,,
multimetro,,,,366.6620624999996,2026-05-28T13:09:33.393,2026-05-28T13:25:03.393,-930,1702.0,-0.005908165
multimetro,,,,366.877175900001,2026-05-28T13:09:33.617,2026-05-28T13:25:03.617,-930,1703.0,-0.005908228
balanza,734.0,-252.68,,367.0144529999998,2026-05-28T13:09:33.755,2026-05-28T13:25:03.755,-930,,
multimetro,,,,367.0921199000004,2026-05-28T13:09:33.832,2026-05-28T13:25:03.832,-930,1704.0,-0.005908186
multimetro,,,,367.3072131000008,2026-05-28T13:09:34.047,2026-05-28T13:25:04.047,-930,1705.0,-0.005908154
balanza,735.0,-252.73,,367.514607000001,2026-05-28T13:09:34.255,2026-05-28T13:25:04.255,-930,,
multimetro,,,,367.5223451999991,2026-05-28T13:09:34.255,2026-05-28T13:25:04.255,-930,1706.0,-0.005908217
multimetro,,,,367.73763899999904,2026-05-28T13:09:34.474,2026-05-28T13:25:04.474,-930,1707.0,-0.005908238
multimetro,,,,367.9525619999986,2026-05-28T13:09:34.689,2026-05-28T13:25:04.689,-930,1708.0,-0.005908008
balanza,736.0,-252.71,,368.01453590000165,2026-05-28T13:09:34.755,2026-05-28T13:25:04.755,-930,,
multimetro,,,,368.1676871000018,2026-05-28T13:09:34.905,2026-05-28T13:25:04.905,-930,1709.0,-0.005908259
multimetro,,,,368.3828399000013,2026-05-28T13:09:35.122,2026-05-28T13:25:05.122,-930,1710.0,-0.005908196
balanza,737.0,-252.71,,368.5147212000011,2026-05-28T13:09:35.255,2026-05-28T13:25:05.255,-930,,
multimetro,,,,368.59791720000067,2026-05-28T13:09:35.339,2026-05-28T13:25:05.339,-930,1711.0,-0.005908123
multimetro,,,,368.8131265999982,2026-05-28T13:09:35.554,2026-05-28T13:25:05.554,-930,1712.0,-0.00590805
balanza,738.0,-252.76,,369.01448040000105,2026-05-28T13:09:35.755,2026-05-28T13:25:05.755,-930,,
multimetro,,,,369.0281990000003,2026-05-28T13:09:35.765,2026-05-28T13:25:05.765,-930,1713.0,-0.005908092
multimetro,,,,369.24328279999827,2026-05-28T13:09:35.974,2026-05-28T13:25:05.974,-930,1714.0,-0.00590828
multimetro,,,,369.4583668000014,2026-05-28T13:09:36.199,2026-05-28T13:25:06.199,-930,1715.0,-0.005908154
balanza,739.0,-252.71,,369.5146046000009,2026-05-28T13:09:36.255,2026-05-28T13:25:06.255,-930,,
multimetro,,,,369.6734264000006,2026-05-28T13:09:36.405,2026-05-28T13:25:06.405,-930,1716.0,-0.005908228
multimetro,,,,369.8883726999993,2026-05-28T13:09:36.624,2026-05-28T13:25:06.624,-930,1717.0,-0.005908165
balanza,740.0,-252.86,,370.01467689999845,2026-05-28T13:09:36.755,2026-05-28T13:25:06.755,-930,,
multimetro,,,,370.10358930000075,2026-05-28T13:09:36.843,2026-05-28T13:25:06.843,-930,1718.0,-0.005908353
multimetro,,,,370.3184857000015,2026-05-28T13:09:37.059,2026-05-28T13:25:07.059,-930,1719.0,-0.005908332
balanza,741.0,-252.81,,370.5146472000015,2026-05-28T13:09:37.255,2026-05-28T13:25:07.255,-930,,
multimetro,,,,370.5337483000003,2026-05-28T13:09:37.275,2026-05-28T13:25:07.275,-930,1720.0,-0.005908291
multimetro,,,,370.7486615000016,2026-05-28T13:09:37.489,2026-05-28T13:25:07.489,-930,1721.0,-0.005907903
multimetro,,,,370.9638640000012,2026-05-28T13:09:37.700,2026-05-28T13:25:07.700,-930,1722.0,-0.005907893
balanza,742.0,-252.68,,371.0145135999992,2026-05-28T13:09:37.755,2026-05-28T13:25:07.755,-930,,
multimetro,,,,371.17896610000025,2026-05-28T13:09:37.915,2026-05-28T13:25:07.915,-930,1723.0,-0.005908165
multimetro,,,,371.39412430000084,2026-05-28T13:09:38.126,2026-05-28T13:25:08.126,-930,1724.0,-0.005907851
balanza,743.0,-252.8,,371.5147943999982,2026-05-28T13:09:38.255,2026-05-28T13:25:08.255,-930,,
multimetro,,,,371.6093069000017,2026-05-28T13:09:38.343,2026-05-28T13:25:08.343,-930,1725.0,-0.005907809
multimetro,,,,371.82435519999854,2026-05-28T13:09:38.565,2026-05-28T13:25:08.565,-930,1726.0,-0.005908113
balanza,744.0,-252.7,,372.0144900999985,2026-05-28T13:09:38.755,2026-05-28T13:25:08.755,-930,,
multimetro,,,,372.0395693999999,2026-05-28T13:09:38.776,2026-05-28T13:25:08.776,-930,1727.0,-0.00590783
multimetro,,,,372.25453449999986,2026-05-28T13:09:38.995,2026-05-28T13:25:08.995,-930,1728.0,-0.00590783
multimetro,,,,372.4698457000013,2026-05-28T13:09:39.205,2026-05-28T13:25:09.205,-930,1729.0,-0.005907694
balanza,745.0,-252.8,,372.5145343000004,2026-05-28T13:09:39.255,2026-05-28T13:25:09.255,-930,,
multimetro,,,,372.6849223999998,2026-05-28T13:09:39.422,2026-05-28T13:25:09.422,-930,1730.0,-0.005907757
multimetro,,,,372.9001118999986,2026-05-28T13:09:39.639,2026-05-28T13:25:09.639,-930,1731.0,-0.005907914
balanza,746.0,-252.83,,373.01450620000105,2026-05-28T13:09:39.755,2026-05-28T13:25:09.755,-930,,
multimetro,,,,373.11502370000017,2026-05-28T13:09:39.855,2026-05-28T13:25:09.855,-930,1732.0,-0.005907914
multimetro,,,,373.3303655999989,2026-05-28T13:09:40.065,2026-05-28T13:25:10.065,-930,1733.0,-0.005907861
balanza,747.0,-252.7,,373.5145713999991,2026-05-28T13:09:40.255,2026-05-28T13:25:10.255,-930,,
multimetro,,,,373.5453129000016,2026-05-28T13:09:40.282,2026-05-28T13:25:10.282,-930,1734.0,-0.005908071
multimetro,,,,373.76034269999946,2026-05-28T13:09:40.501,2026-05-28T13:25:10.501,-930,1735.0,-0.005908217
multimetro,,,,373.9754752000008,2026-05-28T13:09:40.715,2026-05-28T13:25:10.715,-930,1736.0,-0.005908207
balanza,748.0,-252.93,,374.0144254000006,2026-05-28T13:09:40.755,2026-05-28T13:25:10.755,-930,,
multimetro,,,,374.1903861999999,2026-05-28T13:09:40.922,2026-05-28T13:25:10.922,-930,1737.0,-0.00590828
multimetro,,,,374.405561399999,2026-05-28T13:09:41.139,2026-05-28T13:25:11.139,-930,1738.0,-0.005908217
balanza,749.0,-252.78,,374.5146050000003,2026-05-28T13:09:41.255,2026-05-28T13:25:11.255,-930,,
multimetro,,,,374.6206424999982,2026-05-28T13:09:41.355,2026-05-28T13:25:11.355,-930,1739.0,-0.005908008
multimetro,,,,374.8358369999987,2026-05-28T13:09:41.572,2026-05-28T13:25:11.572,-930,1740.0,-0.005908029
balanza,750.0,-252.89,,375.01463030000014,2026-05-28T13:09:41.755,2026-05-28T13:25:11.755,-930,,
multimetro,,,,375.05079449999903,2026-05-28T13:09:41.789,2026-05-28T13:25:11.789,-930,1741.0,-0.005907767
multimetro,,,,375.2660042999996,2026-05-28T13:09:42.005,2026-05-28T13:25:12.005,-930,1742.0,-0.005907704
multimetro,,,,375.4809831999992,2026-05-28T13:09:42.221,2026-05-28T13:25:12.221,-930,1743.0,-0.005907715
balanza,751.0,-252.9,,375.5142803999988,2026-05-28T13:09:42.255,2026-05-28T13:25:12.255,-930,,
multimetro,,,,375.6961448000002,2026-05-28T13:09:42.432,2026-05-28T13:25:12.432,-930,1744.0,-0.005907725
multimetro,,,,375.91116070000135,2026-05-28T13:09:42.651,2026-05-28T13:25:12.651,-930,1745.0,-0.005907641
balanza,752.0,-252.81,,376.0144895000012,2026-05-28T13:09:42.755,2026-05-28T13:25:12.755,-930,,
multimetro,,,,376.12637879999966,2026-05-28T13:09:42.859,2026-05-28T13:25:12.859,-930,1746.0,-0.005907809
multimetro,,,,376.3414735000006,2026-05-28T13:09:43.076,2026-05-28T13:25:13.076,-930,1747.0,-0.005907914
balanza,753.0,-252.88,,376.5142629000002,2026-05-28T13:09:43.253,2026-05-28T13:25:13.253,-930,,
multimetro,,,,376.5565752000002,2026-05-28T13:09:43.293,2026-05-28T13:25:13.293,-930,1748.0,-0.005907924
multimetro,,,,376.7716810999991,2026-05-28T13:09:43.507,2026-05-28T13:25:13.507,-930,1749.0,-0.005907924
multimetro,,,,376.98662949999925,2026-05-28T13:09:43.722,2026-05-28T13:25:13.722,-930,1750.0,-0.005907987
balanza,754.0,-252.81,,377.0142556999999,2026-05-28T13:09:43.755,2026-05-28T13:25:13.755,-930,,
multimetro,,,,377.2018295000016,2026-05-28T13:09:43.940,2026-05-28T13:25:13.940,-930,1751.0,-0.005907715
multimetro,,,,377.41668890000074,2026-05-28T13:09:44.157,2026-05-28T13:25:14.157,-930,1752.0,-0.005907935
balanza,755.0,-252.81,,377.51463850000073,2026-05-28T13:09:44.247,2026-05-28T13:25:14.247,-930,,
multimetro,,,,377.63173879999886,2026-05-28T13:09:44.366,2026-05-28T13:25:14.366,-930,1753.0,-0.005907987
multimetro,,,,377.8468861000001,2026-05-28T13:09:44.583,2026-05-28T13:25:14.583,-930,1754.0,-0.005908008
balanza,756.0,-253.04,,378.01461070000005,2026-05-28T13:09:44.752,2026-05-28T13:25:14.752,-930,,
multimetro,,,,378.0619579999984,2026-05-28T13:09:44.797,2026-05-28T13:25:14.797,-930,1755.0,-0.005908029
multimetro,,,,378.27706780000153,2026-05-28T13:09:45.015,2026-05-28T13:25:15.015,-930,1756.0,-0.005907966
multimetro,,,,378.49217190000127,2026-05-28T13:09:45.231,2026-05-28T13:25:15.231,-930,1757.0,-0.00590805
balanza,757.0,-252.8,,378.5143022000011,2026-05-28T13:09:45.255,2026-05-28T13:25:15.255,-930,,
multimetro,,,,378.70724730000074,2026-05-28T13:09:45.447,2026-05-28T13:25:15.447,-930,1758.0,-0.00590827
multimetro,,,,378.9225025000014,2026-05-28T13:09:45.661,2026-05-28T13:25:15.661,-930,1759.0,-0.005908102
balanza,758.0,-253.18,,379.01453019999826,2026-05-28T13:09:45.752,2026-05-28T13:25:15.752,-930,,
multimetro,,,,379.13749050000115,2026-05-28T13:09:45.874,2026-05-28T13:25:15.874,-930,1760.0,-0.005907788
multimetro,,,,379.3525875000014,2026-05-28T13:09:46.093,2026-05-28T13:25:16.093,-930,1761.0,-0.005907987
balanza,759.0,-252.79,,379.514443,2026-05-28T13:09:46.250,2026-05-28T13:25:16.250,-930,,
multimetro,,,,379.5676640999991,2026-05-28T13:09:46.308,2026-05-28T13:25:16.308,-930,1762.0,-0.005908134
multimetro,,,,379.78262430000177,2026-05-28T13:09:46.524,2026-05-28T13:25:16.524,-930,1763.0,-0.005907987
multimetro,,,,379.99789969999983,2026-05-28T13:09:46.736,2026-05-28T13:25:16.736,-930,1764.0,-0.005908144
balanza,760.0,-253.09,,380.0145940000002,2026-05-28T13:09:46.755,2026-05-28T13:25:16.755,-930,,
multimetro,,,,380.2128426999989,2026-05-28T13:09:46.946,2026-05-28T13:25:16.946,-930,1765.0,-0.005908154
multimetro,,,,380.4280288000009,2026-05-28T13:09:47.167,2026-05-28T13:25:17.167,-930,1766.0,-0.00590805
balanza,761.0,-253.15,,380.5142444000012,2026-05-28T13:09:47.251,2026-05-28T13:25:17.251,-930,,
multimetro,,,,380.6429773999989,2026-05-28T13:09:47.383,2026-05-28T13:25:17.383,-930,1767.0,-0.005908238
multimetro,,,,380.8580452999995,2026-05-28T13:09:47.590,2026-05-28T13:25:17.590,-930,1768.0,-0.005907956
balanza,762.0,-253.27,,381.01471200000015,2026-05-28T13:09:47.755,2026-05-28T13:25:17.755,-930,,
multimetro,,,,381.073142199999,2026-05-28T13:09:47.810,2026-05-28T13:25:17.810,-930,1769.0,-0.005908092
multimetro,,,,381.2882661000003,2026-05-28T13:09:48.022,2026-05-28T13:25:18.022,-930,1770.0,-0.005907788
multimetro,,,,381.50328660000014,2026-05-28T13:09:48.244,2026-05-28T13:25:18.244,-930,1771.0,-0.005907757
balanza,763.0,-253.22,,381.51454229999945,2026-05-28T13:09:48.255,2026-05-28T13:25:18.255,-930,,
multimetro,,,,381.7186374999983,2026-05-28T13:09:48.451,2026-05-28T13:25:18.451,-930,1772.0,-0.005907704
multimetro,,,,381.9336008999999,2026-05-28T13:09:48.674,2026-05-28T13:25:18.674,-930,1773.0,-0.005907715
balanza,764.0,-253.31,,382.0143476000012,2026-05-28T13:09:48.751,2026-05-28T13:25:18.751,-930,,
multimetro,,,,382.1487054999998,2026-05-28T13:09:48.887,2026-05-28T13:25:18.887,-930,1774.0,-0.005907778
multimetro,,,,382.3637979000014,2026-05-28T13:09:49.099,2026-05-28T13:25:19.099,-930,1775.0,-0.005907903
balanza,765.0,-253.13,,382.51453449999826,2026-05-28T13:09:49.252,2026-05-28T13:25:19.252,-930,,
multimetro,,,,382.57871850000083,2026-05-28T13:09:49.317,2026-05-28T13:25:19.317,-930,1776.0,-0.005908144
multimetro,,,,382.79384819999905,2026-05-28T13:09:49.535,2026-05-28T13:25:19.535,-930,1777.0,-0.005908154
multimetro,,,,383.00900790000014,2026-05-28T13:09:49.742,2026-05-28T13:25:19.742,-930,1778.0,-0.005908008
balanza,766.0,-253.31,,383.0144083999985,2026-05-28T13:09:49.755,2026-05-28T13:25:19.755,-930,,
multimetro,,,,383.2240052999987,2026-05-28T13:09:49.963,2026-05-28T13:25:19.963,-930,1779.0,-0.005908018
multimetro,,,,383.439285299999,2026-05-28T13:09:50.176,2026-05-28T13:25:20.176,-930,1780.0,-0.005908081
balanza,767.0,-253.81,,383.51447859999826,2026-05-28T13:09:50.249,2026-05-28T13:25:20.249,-930,,
multimetro,,,,383.6543730000012,2026-05-28T13:09:50.393,2026-05-28T13:25:20.393,-930,1781.0,-0.005908395
multimetro,,,,383.869281700001,2026-05-28T13:09:50.605,2026-05-28T13:25:20.605,-930,1782.0,-0.005908427
balanza,768.0,-253.86,,384.0145771999996,2026-05-28T13:09:50.753,2026-05-28T13:25:20.753,-930,,
multimetro,,,,384.0844165999988,2026-05-28T13:09:50.825,2026-05-28T13:25:20.825,-930,1783.0,-0.005908406
multimetro,,,,384.2995176000004,2026-05-28T13:09:51.032,2026-05-28T13:25:21.032,-930,1784.0,-0.005908238
multimetro,,,,384.5147450000004,2026-05-28T13:09:51.255,2026-05-28T13:25:21.255,-930,1785.0,-0.005908343
balanza,769.0,-253.81,,384.51537800000006,2026-05-28T13:09:51.256,2026-05-28T13:25:21.256,-930,,
multimetro,,,,384.7296821000018,2026-05-28T13:09:51.465,2026-05-28T13:25:21.465,-930,1786.0,-0.005908123
multimetro,,,,384.94481520000045,2026-05-28T13:09:51.683,2026-05-28T13:25:21.683,-930,1787.0,-0.005908165
balanza,770.0,-253.95,,385.01433739999993,2026-05-28T13:09:51.755,2026-05-28T13:25:21.755,-930,,
multimetro,,,,385.1599725999986,2026-05-28T13:09:51.893,2026-05-28T13:25:21.893,-930,1788.0,-0.005908092
multimetro,,,,385.37489579999965,2026-05-28T13:09:52.110,2026-05-28T13:25:22.110,-930,1789.0,-0.005908071
balanza,771.0,-253.78,,385.51453949999996,2026-05-28T13:09:52.255,2026-05-28T13:25:22.255,-930,,
multimetro,,,,385.59001870000066,2026-05-28T13:09:52.331,2026-05-28T13:25:22.331,-930,1790.0,-0.005907977
multimetro,,,,385.80505849999827,2026-05-28T13:09:52.544,2026-05-28T13:25:22.544,-930,1791.0,-0.00590805
balanza,772.0,-253.95,,386.01441649999833,2026-05-28T13:09:52.747,2026-05-28T13:25:22.747,-930,,
multimetro,,,,386.02023479999843,2026-05-28T13:09:52.757,2026-05-28T13:25:22.757,-930,1792.0,-0.005908029
multimetro,,,,386.2351928999997,2026-05-28T13:09:52.974,2026-05-28T13:25:22.974,-930,1793.0,-0.005908123
multimetro,,,,386.45032699999865,2026-05-28T13:09:53.191,2026-05-28T13:25:23.191,-930,1794.0,-0.005907966
balanza,773.0,-253.84,,386.5143542000005,2026-05-28T13:09:53.255,2026-05-28T13:25:23.255,-930,,
multimetro,,,,386.6654305999982,2026-05-28T13:09:53.406,2026-05-28T13:25:23.406,-930,1795.0,-0.005908134
multimetro,,,,386.88054199999897,2026-05-28T13:09:53.620,2026-05-28T13:25:23.620,-930,1796.0,-0.005908092
balanza,774.0,-253.91,,387.0145745000009,2026-05-28T13:09:53.746,2026-05-28T13:25:23.746,-930,,
multimetro,,,,387.09566730000006,2026-05-28T13:09:53.826,2026-05-28T13:25:23.826,-930,1797.0,-0.00590806
multimetro,,,,387.3109345999983,2026-05-28T13:09:54.048,2026-05-28T13:25:24.048,-930,1798.0,-0.005908134
balanza,775.0,-253.93,,387.51460829999996,2026-05-28T13:09:54.246,2026-05-28T13:25:24.246,-930,,
multimetro,,,,387.5259670999985,2026-05-28T13:09:54.267,2026-05-28T13:25:24.267,-930,1799.0,-0.005908113
multimetro,,,,387.7411393000002,2026-05-28T13:09:54.474,2026-05-28T13:25:24.474,-930,1800.0,-0.005908071
multimetro,,,,387.95623780000096,2026-05-28T13:09:54.693,2026-05-28T13:25:24.693,-930,1801.0,-0.005908102
balanza,776.0,-253.86,,388.01451689999885,2026-05-28T13:09:54.752,2026-05-28T13:25:24.752,-930,,
multimetro,,,,388.1712985000013,2026-05-28T13:09:54.910,2026-05-28T13:25:24.910,-930,1802.0,-0.005908039
multimetro,,,,388.3865082000011,2026-05-28T13:09:55.119,2026-05-28T13:25:25.119,-930,1803.0,-0.005908249
balanza,777.0,-253.93,,388.51456379999945,2026-05-28T13:09:55.249,2026-05-28T13:25:25.249,-930,,
multimetro,,,,388.60160019999967,2026-05-28T13:09:55.336,2026-05-28T13:25:25.336,-930,1804.0,-0.005908134
multimetro,,,,388.81674639999983,2026-05-28T13:09:55.556,2026-05-28T13:25:25.556,-930,1805.0,-0.005908113
balanza,778.0,-253.92,,389.01436580000154,2026-05-28T13:09:55.748,2026-05-28T13:25:25.748,-930,,
multimetro,,,,389.03173980000065,2026-05-28T13:09:55.772,2026-05-28T13:25:25.772,-930,1806.0,-0.005908018
multimetro,,,,389.2466917999991,2026-05-28T13:09:55.984,2026-05-28T13:25:25.984,-930,1807.0,-0.00590806
multimetro,,,,389.4616309999983,2026-05-28T13:09:56.193,2026-05-28T13:25:26.193,-930,1808.0,-0.005908018
balanza,779.0,-254.0,,389.51453799999945,2026-05-28T13:09:56.255,2026-05-28T13:25:26.255,-930,,
multimetro,,,,389.67690930000026,2026-05-28T13:09:56.410,2026-05-28T13:25:26.410,-930,1809.0,-0.005908081
multimetro,,,,389.891857300001,2026-05-28T13:09:56.632,2026-05-28T13:25:26.632,-930,1810.0,-0.005908186
balanza,780.0,-253.9,,390.0146234999993,2026-05-28T13:09:56.751,2026-05-28T13:25:26.751,-930,,
multimetro,,,,390.1072725000013,2026-05-28T13:09:56.838,2026-05-28T13:25:26.838,-930,1811.0,-0.005908071
multimetro,,,,390.3224795999995,2026-05-28T13:09:57.063,2026-05-28T13:25:27.063,-930,1812.0,-0.005907799
balanza,781.0,-254.01,,390.51445049999893,2026-05-28T13:09:57.253,2026-05-28T13:25:27.253,-930,,
multimetro,,,,390.5374207999994,2026-05-28T13:09:57.273,2026-05-28T13:25:27.273,-930,1813.0,-0.005907861
multimetro,,,,390.75252349999937,2026-05-28T13:09:57.484,2026-05-28T13:25:27.484,-930,1814.0,-0.00590784
multimetro,,,,390.9674468999983,2026-05-28T13:09:57.700,2026-05-28T13:25:27.700,-930,1815.0,-0.005907725
balanza,782.0,-253.93,,391.01434009999866,2026-05-28T13:09:57.755,2026-05-28T13:25:27.755,-930,,
multimetro,,,,391.1932511999985,2026-05-28T13:09:57.934,2026-05-28T13:25:27.934,-930,1816.0,-0.005907757
multimetro,,,,391.40845790000094,2026-05-28T13:09:58.148,2026-05-28T13:25:28.148,-930,1817.0,-0.005907851
balanza,783.0,-254.02,,391.51422269999966,2026-05-28T13:09:58.246,2026-05-28T13:25:28.246,-930,,
multimetro,,,,391.62377149999884,2026-05-28T13:09:58.358,2026-05-28T13:25:28.358,-930,1818.0,-0.00590784
multimetro,,,,391.83890729999985,2026-05-28T13:09:58.579,2026-05-28T13:25:28.579,-930,1819.0,-0.005907851
balanza,784.0,-254.05,,392.01465680000183,2026-05-28T13:09:58.749,2026-05-28T13:25:28.749,-930,,
multimetro,,,,392.0540465999984,2026-05-28T13:09:58.789,2026-05-28T13:25:28.789,-930,1820.0,-0.005907778
multimetro,,,,392.2690490999994,2026-05-28T13:09:59.010,2026-05-28T13:25:29.010,-930,1821.0,-0.005907882
multimetro,,,,392.4841626000016,2026-05-28T13:09:59.224,2026-05-28T13:25:29.224,-930,1822.0,-0.005907882
balanza,785.0,-253.94,,392.51437240000087,2026-05-28T13:09:59.255,2026-05-28T13:25:29.255,-930,,
multimetro,,,,392.69929780000166,2026-05-28T13:09:59.438,2026-05-28T13:25:29.438,-930,1823.0,-0.005907966
multimetro,,,,392.9145280999983,2026-05-28T13:09:59.655,2026-05-28T13:25:29.655,-930,1824.0,-0.00590784
balanza,786.0,-254.16,,393.01449969999885,2026-05-28T13:09:59.753,2026-05-28T13:25:29.753,-930,,
multimetro,,,,393.12957520000055,2026-05-28T13:09:59.864,2026-05-28T13:25:29.864,-930,1825.0,-0.00590783
multimetro,,,,393.3447229000012,2026-05-28T13:10:00.083,2026-05-28T13:25:30.083,-930,1826.0,-0.00590783
balanza,787.0,-253.9,,393.5145826000007,2026-05-28T13:10:00.247,2026-05-28T13:25:30.247,-930,,
multimetro,,,,393.5597651999997,2026-05-28T13:10:00.296,2026-05-28T13:25:30.296,-930,1827.0,-0.005907903
multimetro,,,,393.77483610000127,2026-05-28T13:10:00.516,2026-05-28T13:25:30.516,-930,1828.0,-0.005907914
multimetro,,,,393.9899461999994,2026-05-28T13:10:00.723,2026-05-28T13:25:30.723,-930,1829.0,-0.00590784
balanza,788.0,-254.11,,394.01458750000165,2026-05-28T13:10:00.755,2026-05-28T13:25:30.755,-930,,
multimetro,,,,394.2049076000003,2026-05-28T13:10:00.940,2026-05-28T13:25:30.940,-930,1830.0,-0.005908071
multimetro,,,,394.42039600000135,2026-05-28T13:10:01.159,2026-05-28T13:25:31.159,-930,1831.0,-0.005908186
balanza,789.0,-253.9,,394.51451129999987,2026-05-28T13:10:01.250,2026-05-28T13:25:31.250,-930,,
multimetro,,,,394.6355377,2026-05-28T13:10:01.371,2026-05-28T13:25:31.371,-930,1832.0,-0.005908039
multimetro,,,,394.8507274000003,2026-05-28T13:10:01.591,2026-05-28T13:25:31.591,-930,1833.0,-0.005908113
balanza,790.0,-254.04,,395.01298189999943,2026-05-28T13:10:01.747,2026-05-28T13:25:31.747,-930,,
multimetro,,,,395.065845000001,2026-05-28T13:10:01.797,2026-05-28T13:25:31.797,-930,1834.0,-0.005908029
multimetro,,,,395.2809938999999,2026-05-28T13:10:02.013,2026-05-28T13:25:32.013,-930,1835.0,-0.005907977
multimetro,,,,395.49626050000006,2026-05-28T13:10:02.237,2026-05-28T13:25:32.237,-930,1836.0,-0.005907851
balanza,791.0,-254.13,,395.5144846000003,2026-05-28T13:10:02.255,2026-05-28T13:25:32.255,-930,,
multimetro,,,,395.71165380000093,2026-05-28T13:10:02.450,2026-05-28T13:25:32.450,-930,1837.0,-0.005908102
multimetro,,,,395.9268317999995,2026-05-28T13:10:02.660,2026-05-28T13:25:32.660,-930,1838.0,-0.005907945
balanza,792.0,-253.97,,396.01434489999883,2026-05-28T13:10:02.755,2026-05-28T13:25:32.755,-930,,
multimetro,,,,396.1420786000017,2026-05-28T13:10:02.883,2026-05-28T13:25:32.883,-930,1839.0,-0.005908134
multimetro,,,,396.35724839999966,2026-05-28T13:10:03.096,2026-05-28T13:25:33.096,-930,1840.0,-0.005908071
balanza,793.0,-254.19,,396.51434270000027,2026-05-28T13:10:03.253,2026-05-28T13:25:33.253,-930,,
multimetro,,,,396.5724760000012,2026-05-28T13:10:03.305,2026-05-28T13:25:33.305,-930,1841.0,-0.005908039
multimetro,,,,396.78755250000177,2026-05-28T13:10:03.523,2026-05-28T13:25:33.523,-930,1842.0,-0.005907956
multimetro,,,,397.0024569999987,2026-05-28T13:10:03.741,2026-05-28T13:25:33.741,-930,1843.0,-0.00590784
balanza,794.0,-254.03,,397.0143871,2026-05-28T13:10:03.755,2026-05-28T13:25:33.755,-930,,
multimetro,,,,397.2176302000007,2026-05-28T13:10:03.950,2026-05-28T13:25:33.950,-930,1844.0,-0.005907945
multimetro,,,,397.43277659999876,2026-05-28T13:10:04.167,2026-05-28T13:25:34.167,-930,1845.0,-0.005908071
balanza,795.0,-254.12,,397.5145540000012,2026-05-28T13:10:04.247,2026-05-28T13:25:34.247,-930,,
multimetro,,,,397.6479575000012,2026-05-28T13:10:04.386,2026-05-28T13:25:34.386,-930,1846.0,-0.005908008
multimetro,,,,397.8629132999995,2026-05-28T13:10:04.597,2026-05-28T13:25:34.597,-930,1847.0,-0.005907893
balanza,796.0,-254.12,,398.014267999999,2026-05-28T13:10:04.752,2026-05-28T13:25:34.752,-930,,
multimetro,,,,398.0780550999989,2026-05-28T13:10:04.815,2026-05-28T13:25:34.815,-930,1848.0,-0.005908018
multimetro,,,,398.2933226999994,2026-05-28T13:10:05.032,2026-05-28T13:25:35.032,-930,1849.0,-0.005907767
multimetro,,,,398.50845480000135,2026-05-28T13:10:05.249,2026-05-28T13:25:35.249,-930,1850.0,-0.005907851
balanza,797.0,-254.04,,398.5144540000001,2026-05-28T13:10:05.255,2026-05-28T13:25:35.255,-930,,
multimetro,,,,398.72352859999955,2026-05-28T13:10:05.460,2026-05-28T13:25:35.460,-930,1851.0,-0.005907903
multimetro,,,,398.9385961000007,2026-05-28T13:10:05.676,2026-05-28T13:25:35.676,-930,1852.0,-0.005907746
balanza,798.0,-254.29,,399.0145623999997,2026-05-28T13:10:05.749,2026-05-28T13:25:35.749,-930,,
multimetro,,,,399.15371249999953,2026-05-28T13:10:05.893,2026-05-28T13:25:35.893,-930,1853.0,-0.005907945
multimetro,,,,399.36901959999886,2026-05-28T13:10:06.103,2026-05-28T13:25:36.103,-930,1854.0,-0.005907861
balanza,799.0,-254.03,,399.5144177000002,2026-05-28T13:10:06.249,2026-05-28T13:25:36.249,-930,,
multimetro,,,,399.5842582000005,2026-05-28T13:10:06.319,2026-05-28T13:25:36.319,-930,1855.0,-0.005907809
multimetro,,,,399.79922219999935,2026-05-28T13:10:06.539,2026-05-28T13:25:36.539,-930,1856.0,-0.005907851
multimetro,,,,400.01448249999885,2026-05-28T13:10:06.746,2026-05-28T13:25:36.746,-930,1857.0,-0.005907778
