tiempo_s,tiempo_multimetro_s,voltaje_V,indice_multimetro,fecha_hora_corregida_hp,fecha_hora_pc_sin_corregir_hp,error_hp,tiempo_balanza_s,masa_g,indice_balanza,fecha_hora_corregida_balanza,fecha_hora_pc_sin_corregir_balanza,error_balanza,delta_t_balanza_multimetro_s
0.4155471999984002,0.4155471999984002,0.000407326,0,2026-05-28T13:03:27.156,2026-05-28T13:18:57.156,,1.0578906000009738,,0,2026-05-28T13:03:27.798,2026-05-28T13:18:57.798,Error desde Arduino: HX711 not found.,0.6423434000025736
0.6552645000010671,0.6552645000010671,2.4415e-05,1,2026-05-28T13:03:27.396,2026-05-28T13:18:57.396,,1.0578906000009738,,0,2026-05-28T13:03:27.798,2026-05-28T13:18:57.798,Error desde Arduino: HX711 not found.,0.40262609999990673
0.8699225999989721,0.8699225999989721,-0.000256624,2,2026-05-28T13:03:27.601,2026-05-28T13:18:57.601,,1.0578906000009738,,0,2026-05-28T13:03:27.798,2026-05-28T13:18:57.798,Error desde Arduino: HX711 not found.,0.18796800000200165
1.0849125999993703,1.0849125999993703,-0.000387978,3,2026-05-28T13:03:27.818,2026-05-28T13:18:57.818,,1.0578906000009738,,0,2026-05-28T13:03:27.798,2026-05-28T13:18:57.798,Error desde Arduino: HX711 not found.,-0.027021999998396495
1.300101500000892,1.300101500000892,-0.000530744,4,2026-05-28T13:03:28.041,2026-05-28T13:18:58.041,,1.0578906000009738,,0,2026-05-28T13:03:27.798,2026-05-28T13:18:57.798,Error desde Arduino: HX711 not found.,-0.24221089999991818
1.5152784999991127,1.5152784999991127,-0.000618574,5,2026-05-28T13:03:28.256,2026-05-28T13:18:58.256,,1.0578906000009738,,0,2026-05-28T13:03:27.798,2026-05-28T13:18:57.798,Error desde Arduino: HX711 not found.,-0.4573878999981389
1.7302512999995088,1.7302512999995088,-0.000751184,6,2026-05-28T13:03:28.461,2026-05-28T13:18:58.461,,2.0513195999992604,-35.67,1,2026-05-28T13:03:28.788,2026-05-28T13:18:58.788,,0.3210682999997516
1.945188199999393,1.945188199999393,-0.00094386,7,2026-05-28T13:03:28.681,2026-05-28T13:18:58.681,,2.0513195999992604,-35.67,1,2026-05-28T13:03:28.788,2026-05-28T13:18:58.788,,0.10613139999986743
2.160308400001668,2.160308400001668,-0.001093987,8,2026-05-28T13:03:28.901,2026-05-28T13:18:58.901,,2.0743222999990394,,2,2026-05-28T13:03:28.811,2026-05-28T13:18:58.811,Error desde Arduino: HX711 not found.,-0.08598610000262852
2.375248600001214,2.375248600001214,-0.001239412,9,2026-05-28T13:03:29.109,2026-05-28T13:18:59.109,,2.0743222999990394,,2,2026-05-28T13:03:28.811,2026-05-28T13:18:58.811,Error desde Arduino: HX711 not found.,-0.3009263000021747
2.5903502000001026,2.5903502000001026,-0.001318522,10,2026-05-28T13:03:29.326,2026-05-28T13:18:59.326,,2.0743222999990394,,2,2026-05-28T13:03:28.811,2026-05-28T13:18:58.811,Error desde Arduino: HX711 not found.,-0.5160279000010632
2.805439399999159,2.805439399999159,-0.001446483,11,2026-05-28T13:03:29.544,2026-05-28T13:18:59.544,,2.0743222999990394,,2,2026-05-28T13:03:28.811,2026-05-28T13:18:58.811,Error desde Arduino: HX711 not found.,-0.7311171000001195
3.0206753999991633,3.0206753999991633,-0.001998847,12,2026-05-28T13:03:29.759,2026-05-28T13:18:59.759,,2.0743222999990394,,2,2026-05-28T13:03:28.811,2026-05-28T13:18:58.811,Error desde Arduino: HX711 not found.,-0.946353100000124
3.2355523000005633,3.2355523000005633,-0.002189765,13,2026-05-28T13:03:29.976,2026-05-28T13:18:59.976,,4.080094199998712,,3,2026-05-28T13:03:30.821,2026-05-28T13:19:00.821,No llegó respuesta desde Arduino.,0.8445418999981484
3.4508382999993046,3.4508382999993046,-0.002187179,14,2026-05-28T13:03:30.192,2026-05-28T13:19:00.192,,4.080094199998712,,3,2026-05-28T13:03:30.821,2026-05-28T13:19:00.821,No llegó respuesta desde Arduino.,0.6292558999994071
3.665859000000637,3.665859000000637,-0.002140672,15,2026-05-28T13:03:30.398,2026-05-28T13:19:00.398,,4.080094199998712,,3,2026-05-28T13:03:30.821,2026-05-28T13:19:00.821,No llegó respuesta desde Arduino.,0.4142351999980747
3.8811671000003116,3.8811671000003116,-0.002335735,16,2026-05-28T13:03:30.614,2026-05-28T13:19:00.614,,4.080094199998712,,3,2026-05-28T13:03:30.821,2026-05-28T13:19:00.821,No llegó respuesta desde Arduino.,0.19892709999840008
4.096290000001318,4.096290000001318,-0.001936384,17,2026-05-28T13:03:30.831,2026-05-28T13:19:00.831,,4.080094199998712,,3,2026-05-28T13:03:30.821,2026-05-28T13:19:00.821,No llegó respuesta desde Arduino.,-0.01619580000260612
4.311407599998347,4.311407599998347,-0.001988461,18,2026-05-28T13:03:31.046,2026-05-28T13:19:01.046,,4.080094199998712,,3,2026-05-28T13:03:30.821,2026-05-28T13:19:00.821,No llegó respuesta desde Arduino.,-0.2313133999996353
4.52636480000001,4.52636480000001,-0.001762963,19,2026-05-28T13:03:31.259,2026-05-28T13:19:01.259,,4.080094199998712,,3,2026-05-28T13:03:30.821,2026-05-28T13:19:00.821,No llegó respuesta desde Arduino.,-0.4462706000012986
4.741566199998488,4.741566199998488,-0.001717378,20,2026-05-28T13:03:31.481,2026-05-28T13:19:01.481,,5.355958399999508,-3.17,4,2026-05-28T13:03:32.095,2026-05-28T13:19:02.095,,0.6143922000010207
4.956799799998407,4.956799799998407,-0.001689099,21,2026-05-28T13:03:31.688,2026-05-28T13:19:01.688,,5.355958399999508,-3.17,4,2026-05-28T13:03:32.095,2026-05-28T13:19:02.095,,0.39915860000110115
5.171853200001351,5.171853200001351,-0.001813951,22,2026-05-28T13:03:31.905,2026-05-28T13:19:01.905,,5.355958399999508,-3.17,4,2026-05-28T13:03:32.095,2026-05-28T13:19:02.095,,0.18410519999815733
5.387040300000081,5.387040300000081,-0.001631139,23,2026-05-28T13:03:32.125,2026-05-28T13:19:02.125,,5.37920049999957,,5,2026-05-28T13:03:32.115,2026-05-28T13:19:02.115,Error desde Arduino: HX711 not found.,-0.007839800000510877
5.601957499999116,5.601957499999116,-0.001419859,24,2026-05-28T13:03:32.343,2026-05-28T13:19:02.343,,5.37920049999957,,5,2026-05-28T13:03:32.115,2026-05-28T13:19:02.115,Error desde Arduino: HX711 not found.,-0.22275699999954668
5.817151700000977,5.817151700000977,-0.00144752,25,2026-05-28T13:03:32.557,2026-05-28T13:19:02.557,,5.37920049999957,,5,2026-05-28T13:03:32.115,2026-05-28T13:19:02.115,Error desde Arduino: HX711 not found.,-0.4379512000014074
6.032208000000537,6.032208000000537,-0.001704301,26,2026-05-28T13:03:32.773,2026-05-28T13:19:02.773,,6.265289200000552,-5.84,6,2026-05-28T13:03:33.006,2026-05-28T13:19:03.006,,0.2330812000000151
6.247514300001058,6.247514300001058,-0.001829614,27,2026-05-28T13:03:32.983,2026-05-28T13:19:02.983,,6.265289200000552,-5.84,6,2026-05-28T13:03:33.006,2026-05-28T13:19:03.006,,0.017774899999494664
6.462455500000942,6.462455500000942,-0.001900546,28,2026-05-28T13:03:33.200,2026-05-28T13:19:03.200,,6.28839969999899,,7,2026-05-28T13:03:33.024,2026-05-28T13:19:03.024,Error desde Arduino: HX711 not found.,-0.17405580000195187
6.67756240000017,6.67756240000017,-0.001978588,29,2026-05-28T13:03:33.416,2026-05-28T13:19:03.416,,6.28839969999899,,7,2026-05-28T13:03:33.024,2026-05-28T13:19:03.024,Error desde Arduino: HX711 not found.,-0.3891627000011795
6.892873400000099,6.892873400000099,-0.002327034,30,2026-05-28T13:03:33.627,2026-05-28T13:19:03.627,,7.2846061999989615,112.76,8,2026-05-28T13:03:34.023,2026-05-28T13:19:04.023,,0.3917327999988629
7.1078338000006624,7.1078338000006624,-0.00267194,31,2026-05-28T13:03:33.848,2026-05-28T13:19:03.848,,7.2846061999989615,112.76,8,2026-05-28T13:03:34.023,2026-05-28T13:19:04.023,,0.17677239999829908
7.32306299999982,7.32306299999982,-0.001848051,32,2026-05-28T13:03:34.061,2026-05-28T13:19:04.061,,7.307724099999177,,9,2026-05-28T13:03:34.048,2026-05-28T13:19:04.048,Error desde Arduino: HX711 not found.,-0.015338900000642752
7.53823199999897,7.53823199999897,-0.001871755,33,2026-05-28T13:03:34.277,2026-05-28T13:19:04.277,,7.307724099999177,,9,2026-05-28T13:03:34.048,2026-05-28T13:19:04.048,Error desde Arduino: HX711 not found.,-0.23050789999979315
7.753363499999978,7.753363499999978,-0.001618721,34,2026-05-28T13:03:34.494,2026-05-28T13:19:04.494,,7.307724099999177,,9,2026-05-28T13:03:34.048,2026-05-28T13:19:04.048,Error desde Arduino: HX711 not found.,-0.4456394000008004
7.968437499999709,7.968437499999709,-0.001630071,35,2026-05-28T13:03:34.709,2026-05-28T13:19:04.709,,8.304009200001019,-12.86,10,2026-05-28T13:03:35.044,2026-05-28T13:19:05.044,,0.3355717000013101
8.183461699998588,8.183461699998588,-0.001628228,36,2026-05-28T13:03:34.924,2026-05-28T13:19:04.924,,8.304009200001019,-12.86,10,2026-05-28T13:03:35.044,2026-05-28T13:19:05.044,,0.12054750000243075
8.398550099998829,8.398550099998829,-0.001365332,37,2026-05-28T13:03:35.139,2026-05-28T13:19:05.139,,8.32720479999989,,11,2026-05-28T13:03:35.066,2026-05-28T13:19:05.066,Error desde Arduino: HX711 not found.,-0.07134529999893857
8.61374060000162,8.61374060000162,-0.001090553,38,2026-05-28T13:03:35.354,2026-05-28T13:19:05.354,,8.32720479999989,,11,2026-05-28T13:03:35.066,2026-05-28T13:19:05.066,Error desde Arduino: HX711 not found.,-0.2865358000017295
8.828839800000424,8.828839800000424,-0.001034373,39,2026-05-28T13:03:35.561,2026-05-28T13:19:05.561,,9.32330329999968,-22.67,12,2026-05-28T13:03:36.056,2026-05-28T13:19:06.056,,0.4944634999992559
9.04394609999872,9.04394609999872,-0.000939986,40,2026-05-28T13:03:35.785,2026-05-28T13:19:05.785,,9.32330329999968,-22.67,12,2026-05-28T13:03:36.056,2026-05-28T13:19:06.056,,0.279357200000959
9.259145500000159,9.259145500000159,-0.001177756,41,2026-05-28T13:03:35.999,2026-05-28T13:19:05.999,,9.32330329999968,-22.67,12,2026-05-28T13:03:36.056,2026-05-28T13:19:06.056,,0.06415779999952065
9.474366200000077,9.474366200000077,-0.001792959,42,2026-05-28T13:03:36.208,2026-05-28T13:19:06.208,,9.34656299999915,,13,2026-05-28T13:03:36.087,2026-05-28T13:19:06.087,Error desde Arduino: HX711 not found.,-0.12780320000092615
9.689784999998665,9.689784999998665,-0.001833917,43,2026-05-28T13:03:36.423,2026-05-28T13:19:06.423,,9.34656299999915,,13,2026-05-28T13:03:36.087,2026-05-28T13:19:06.087,Error desde Arduino: HX711 not found.,-0.3432219999995141
9.904752800001006,9.904752800001006,-0.001719252,44,2026-05-28T13:03:36.646,2026-05-28T13:19:06.646,,10.342754900000728,-26.39,14,2026-05-28T13:03:37.083,2026-05-28T13:19:07.083,,0.4380020999997214
10.119832100001076,10.119832100001076,-0.00162627,45,2026-05-28T13:03:36.856,2026-05-28T13:19:06.856,,10.342754900000728,-26.39,14,2026-05-28T13:03:37.083,2026-05-28T13:19:07.083,,0.22292279999965103
10.334699899998668,10.334699899998668,-0.001614397,46,2026-05-28T13:03:37.073,2026-05-28T13:19:07.073,,10.342754900000728,-26.39,14,2026-05-28T13:03:37.083,2026-05-28T13:19:07.083,,0.008055000002059387
10.549855299999763,10.549855299999763,-0.002017305,47,2026-05-28T13:03:37.290,2026-05-28T13:19:07.290,,10.366037600000709,,15,2026-05-28T13:03:37.107,2026-05-28T13:19:07.107,Error desde Arduino: HX711 not found.,-0.18381769999905373
10.765099299998838,10.765099299998838,-0.001902578,48,2026-05-28T13:03:37.506,2026-05-28T13:19:07.506,,10.366037600000709,,15,2026-05-28T13:03:37.107,2026-05-28T13:19:07.107,Error desde Arduino: HX711 not found.,-0.39906169999812846
10.980165100001614,10.980165100001614,-0.001714991,49,2026-05-28T13:03:37.716,2026-05-28T13:19:07.716,,11.362192500000674,-28.0,16,2026-05-28T13:03:38.100,2026-05-28T13:19:08.100,,0.38202739999906044
11.195242400001007,11.195242400001007,-0.001758294,50,2026-05-28T13:03:37.936,2026-05-28T13:19:07.936,,11.362192500000674,-28.0,16,2026-05-28T13:03:38.100,2026-05-28T13:19:08.100,,0.16695009999966715
11.410333100000571,11.410333100000571,-0.002090449,51,2026-05-28T13:03:38.151,2026-05-28T13:19:08.151,,11.385388999999122,,17,2026-05-28T13:03:38.123,2026-05-28T13:19:08.123,Error desde Arduino: HX711 not found.,-0.024944100001448533
11.625299999999697,11.625299999999697,-0.002111954,52,2026-05-28T13:03:38.366,2026-05-28T13:19:08.366,,11.385388999999122,,17,2026-05-28T13:03:38.123,2026-05-28T13:19:08.123,Error desde Arduino: HX711 not found.,-0.23991100000057486
11.840487000001303,11.840487000001303,-0.001957523,53,2026-05-28T13:03:38.573,2026-05-28T13:19:08.573,,11.385388999999122,,17,2026-05-28T13:03:38.123,2026-05-28T13:19:08.123,Error desde Arduino: HX711 not found.,-0.4550980000021809
12.05556230000002,12.05556230000002,-0.001992031,54,2026-05-28T13:03:38.790,2026-05-28T13:19:08.790,,12.381550400001288,-34.2,18,2026-05-28T13:03:39.122,2026-05-28T13:19:09.122,,0.3259881000012683
12.27051339999889,12.27051339999889,-0.001975531,55,2026-05-28T13:03:39.010,2026-05-28T13:19:09.010,,12.381550400001288,-34.2,18,2026-05-28T13:03:39.122,2026-05-28T13:19:09.122,,0.11103700000239769
12.48594360000061,12.48594360000061,-0.002160146,56,2026-05-28T13:03:39.223,2026-05-28T13:19:09.223,,12.404719300000579,,19,2026-05-28T13:03:39.144,2026-05-28T13:19:09.144,Error desde Arduino: HX711 not found.,-0.08122430000003078
12.700855600000068,12.700855600000068,-0.002057291,57,2026-05-28T13:03:39.441,2026-05-28T13:19:09.441,,12.404719300000579,,19,2026-05-28T13:03:39.144,2026-05-28T13:19:09.144,Error desde Arduino: HX711 not found.,-0.296136299999489
12.915856600000552,12.915856600000552,-0.002140222,58,2026-05-28T13:03:39.656,2026-05-28T13:19:09.656,,13.400715700001456,-34.9,20,2026-05-28T13:03:40.141,2026-05-28T13:19:10.141,,0.4848591000009037
13.130879500000447,13.130879500000447,-0.0020898,59,2026-05-28T13:03:39.866,2026-05-28T13:19:09.866,,13.400715700001456,-34.9,20,2026-05-28T13:03:40.141,2026-05-28T13:19:10.141,,0.2698362000010093
13.345979500001704,13.345979500001704,-0.002096406,60,2026-05-28T13:03:40.081,2026-05-28T13:19:10.081,,13.400715700001456,-34.9,20,2026-05-28T13:03:40.141,2026-05-28T13:19:10.141,,0.05473619999975199
13.561031699999148,13.561031699999148,-0.002044602,61,2026-05-28T13:03:40.294,2026-05-28T13:19:10.294,,13.423967899998388,,21,2026-05-28T13:03:40.156,2026-05-28T13:19:10.156,Error desde Arduino: HX711 not found.,-0.13706380000076024
13.77600860000166,13.77600860000166,-0.001994513,62,2026-05-28T13:03:40.515,2026-05-28T13:19:10.515,,13.423967899998388,,21,2026-05-28T13:03:40.156,2026-05-28T13:19:10.156,Error desde Arduino: HX711 not found.,-0.3520407000032719
13.990952799998922,13.990952799998922,-0.002081937,63,2026-05-28T13:03:40.727,2026-05-28T13:19:10.727,,14.419778600000427,-37.68,22,2026-05-28T13:03:41.158,2026-05-28T13:19:11.158,,0.42882580000150483
14.206200900000113,14.206200900000113,-0.002048978,64,2026-05-28T13:03:40.944,2026-05-28T13:19:10.944,,14.419778600000427,-37.68,22,2026-05-28T13:03:41.158,2026-05-28T13:19:11.158,,0.2135777000003145
14.421268499998405,14.421268499998405,-0.002165632,65,2026-05-28T13:03:41.158,2026-05-28T13:19:11.158,,14.419778600000427,-37.68,22,2026-05-28T13:03:41.158,2026-05-28T13:19:11.158,,-0.0014898999979777727
14.636599299999943,14.636599299999943,-0.00211388,66,2026-05-28T13:03:41.373,2026-05-28T13:19:11.373,,14.442840499999875,,23,2026-05-28T13:03:41.184,2026-05-28T13:19:11.184,Error desde Arduino: HX711 not found.,-0.19375880000006873
14.85176760000104,14.85176760000104,-0.002189179,67,2026-05-28T13:03:41.593,2026-05-28T13:19:11.593,,14.442840499999875,,23,2026-05-28T13:03:41.184,2026-05-28T13:19:11.184,Error desde Arduino: HX711 not found.,-0.40892710000116494
15.0667011000005,15.0667011000005,-0.002156607,68,2026-05-28T13:03:41.807,2026-05-28T13:19:11.807,,15.438696699999127,-41.15,24,2026-05-28T13:03:42.173,2026-05-28T13:19:12.173,,0.37199559999862686
15.281937700001436,15.281937700001436,-0.002125575,69,2026-05-28T13:03:42.020,2026-05-28T13:19:12.020,,15.438696699999127,-41.15,24,2026-05-28T13:03:42.173,2026-05-28T13:19:12.173,,0.15675899999769172
15.496947700001328,15.496947700001328,-0.002093873,70,2026-05-28T13:03:42.237,2026-05-28T13:19:12.237,,15.461960500000714,,25,2026-05-28T13:03:42.200,2026-05-28T13:19:12.200,Error desde Arduino: HX711 not found.,-0.034987200000614394
15.712185299998964,15.712185299998964,-0.002080241,71,2026-05-28T13:03:42.444,2026-05-28T13:19:12.444,,15.461960500000714,,25,2026-05-28T13:03:42.200,2026-05-28T13:19:12.200,Error desde Arduino: HX711 not found.,-0.2502247999982501
15.927098700001807,15.927098700001807,-0.002111127,72,2026-05-28T13:03:42.666,2026-05-28T13:19:12.666,,15.461960500000714,,25,2026-05-28T13:03:42.200,2026-05-28T13:19:12.200,Error desde Arduino: HX711 not found.,-0.4651382000010926
16.142558600000484,16.142558600000484,-0.002109431,73,2026-05-28T13:03:42.883,2026-05-28T13:19:12.883,,16.457466299998487,-39.34,26,2026-05-28T13:03:43.190,2026-05-28T13:19:13.190,,0.3149076999980025
16.35750199999893,16.35750199999893,-0.002145457,74,2026-05-28T13:03:43.090,2026-05-28T13:19:13.090,,16.457466299998487,-39.34,26,2026-05-28T13:03:43.190,2026-05-28T13:19:13.190,,0.0999642999995558
16.572643499999685,16.572643499999685,-0.002080817,75,2026-05-28T13:03:43.306,2026-05-28T13:19:13.306,,16.480755299999146,,27,2026-05-28T13:03:43.216,2026-05-28T13:19:13.216,Error desde Arduino: HX711 not found.,-0.09188820000053965
16.787602699998388,16.787602699998388,-0.002154388,76,2026-05-28T13:03:43.523,2026-05-28T13:19:13.523,,16.480755299999146,,27,2026-05-28T13:03:43.216,2026-05-28T13:19:13.216,Error desde Arduino: HX711 not found.,-0.30684739999924204
17.002838899999915,17.002838899999915,-0.002049565,77,2026-05-28T13:03:43.740,2026-05-28T13:19:13.740,,17.476154600000882,-42.76,28,2026-05-28T13:03:44.216,2026-05-28T13:19:14.216,,0.4733157000009669
17.21784299999854,17.21784299999854,-0.002101788,78,2026-05-28T13:03:43.956,2026-05-28T13:19:13.956,,17.476154600000882,-42.76,28,2026-05-28T13:03:44.216,2026-05-28T13:19:14.216,,0.25831160000234377
17.43311679999897,17.43311679999897,-0.00207376,79,2026-05-28T13:03:44.173,2026-05-28T13:19:14.173,,17.476154600000882,-42.76,28,2026-05-28T13:03:44.216,2026-05-28T13:19:14.216,,0.04303780000191182
17.648237599998538,17.648237599998538,-0.001984483,80,2026-05-28T13:03:44.383,2026-05-28T13:19:14.383,,17.499394499998743,,29,2026-05-28T13:03:44.240,2026-05-28T13:19:14.240,Error desde Arduino: HX711 not found.,-0.1488430999997945
17.86322740000105,17.86322740000105,-0.002088669,81,2026-05-28T13:03:44.600,2026-05-28T13:19:14.600,,17.499394499998743,,29,2026-05-28T13:03:44.240,2026-05-28T13:19:14.240,Error desde Arduino: HX711 not found.,-0.3638329000023077
18.078435600000375,18.078435600000375,-0.0021473,82,2026-05-28T13:03:44.819,2026-05-28T13:19:14.819,,18.494636999999784,-40.43,30,2026-05-28T13:03:45.233,2026-05-28T13:19:15.233,,0.41620139999940875
18.29336179999882,18.29336179999882,-0.002193765,83,2026-05-28T13:03:45.033,2026-05-28T13:19:15.033,,18.494636999999784,-40.43,30,2026-05-28T13:03:45.233,2026-05-28T13:19:15.233,,0.2012752000009641
18.50851369999873,18.50851369999873,-0.002186363,84,2026-05-28T13:03:45.240,2026-05-28T13:19:15.240,,18.517942800001038,,31,2026-05-28T13:03:45.258,2026-05-28T13:19:15.258,Error desde Arduino: HX711 not found.,0.009429100002307678
18.72361549999914,18.72361549999914,-0.002154472,85,2026-05-28T13:03:45.456,2026-05-28T13:19:15.456,,18.517942800001038,,31,2026-05-28T13:03:45.258,2026-05-28T13:19:15.258,Error desde Arduino: HX711 not found.,-0.20567269999810378
18.93874710000091,18.93874710000091,-0.001999266,86,2026-05-28T13:03:45.673,2026-05-28T13:19:15.673,,18.517942800001038,,31,2026-05-28T13:03:45.258,2026-05-28T13:19:15.258,Error desde Arduino: HX711 not found.,-0.42080429999987246
19.15382479999971,19.15382479999971,-0.001932238,87,2026-05-28T13:03:45.890,2026-05-28T13:19:15.890,,19.513220799999544,-43.47,32,2026-05-28T13:03:46.254,2026-05-28T13:19:16.254,,0.3593959999998333
19.36903439999878,19.36903439999878,-0.002011369,88,2026-05-28T13:03:46.106,2026-05-28T13:19:16.106,,19.513220799999544,-43.47,32,2026-05-28T13:03:46.254,2026-05-28T13:19:16.254,,0.14418640000076266
19.584049900000537,19.584049900000537,-0.002062924,89,2026-05-28T13:03:46.323,2026-05-28T13:19:16.323,,19.536334100001113,,33,2026-05-28T13:03:46.273,2026-05-28T13:19:16.273,Error desde Arduino: HX711 not found.,-0.047715799999423325
19.799121000000014,19.799121000000014,-0.00210786,90,2026-05-28T13:03:46.540,2026-05-28T13:19:16.540,,19.536334100001113,,33,2026-05-28T13:03:46.273,2026-05-28T13:19:16.273,Error desde Arduino: HX711 not found.,-0.2627868999989005
20.014233999998396,20.014233999998396,-0.002145551,91,2026-05-28T13:03:46.751,2026-05-28T13:19:16.751,,19.536334100001113,,33,2026-05-28T13:03:46.273,2026-05-28T13:19:16.273,Error desde Arduino: HX711 not found.,-0.4778998999972828
20.229356700001517,20.229356700001517,-0.002111232,92,2026-05-28T13:03:46.966,2026-05-28T13:19:16.966,,20.53173550000065,-43.86,34,2026-05-28T13:03:47.273,2026-05-28T13:19:17.273,,0.30237879999913275
20.444372099998873,20.444372099998873,-0.002108698,93,2026-05-28T13:03:47.183,2026-05-28T13:19:17.183,,20.53173550000065,-43.86,34,2026-05-28T13:03:47.273,2026-05-28T13:19:17.273,,0.08736340000177734
20.659307900001295,20.659307900001295,-0.002131543,94,2026-05-28T13:03:47.400,2026-05-28T13:19:17.400,,20.554882199998247,,35,2026-05-28T13:03:47.294,2026-05-28T13:19:17.294,Error desde Arduino: HX711 not found.,-0.1044257000030484
20.874687300001824,20.874687300001824,-0.002210872,95,2026-05-28T13:03:47.606,2026-05-28T13:19:17.606,,20.554882199998247,,35,2026-05-28T13:03:47.294,2026-05-28T13:19:17.294,Error desde Arduino: HX711 not found.,-0.31980510000357754
21.08967069999926,21.08967069999926,-0.002156827,96,2026-05-28T13:03:47.823,2026-05-28T13:19:17.823,,21.549907399999938,-48.6,36,2026-05-28T13:03:48.290,2026-05-28T13:19:18.290,,0.46023670000067796
21.30493790000037,21.30493790000037,-0.002162722,97,2026-05-28T13:03:48.044,2026-05-28T13:19:18.044,,21.549907399999938,-48.6,36,2026-05-28T13:03:48.290,2026-05-28T13:19:18.290,,0.24496949999956996
21.519922899999074,21.519922899999074,-0.002150388,98,2026-05-28T13:03:48.260,2026-05-28T13:19:18.260,,21.549907399999938,-48.6,36,2026-05-28T13:03:48.290,2026-05-28T13:19:18.290,,0.0299845000008645
21.735015999998723,21.735015999998723,-0.002143782,99,2026-05-28T13:03:48.475,2026-05-28T13:19:18.475,,21.573195699998905,,37,2026-05-28T13:03:48.306,2026-05-28T13:19:18.306,Error desde Arduino: HX711 not found.,-0.1618202999998175
21.949942300001567,21.949942300001567,-0.002169443,100,2026-05-28T13:03:48.690,2026-05-28T13:19:18.690,,21.573195699998905,,37,2026-05-28T13:03:48.306,2026-05-28T13:19:18.306,Error desde Arduino: HX711 not found.,-0.3767466000026616
22.16504519999944,22.16504519999944,-0.002189137,101,2026-05-28T13:03:48.906,2026-05-28T13:19:18.906,,22.568234200000006,-48.85,38,2026-05-28T13:03:49.306,2026-05-28T13:19:19.306,,0.403189000000566
22.38021049999952,22.38021049999952,-0.002178165,102,2026-05-28T13:03:49.120,2026-05-28T13:19:19.120,,22.568234200000006,-48.85,38,2026-05-28T13:03:49.306,2026-05-28T13:19:19.306,,0.1880237000004854
22.595329200001288,22.595329200001288,-0.002177348,103,2026-05-28T13:03:49.333,2026-05-28T13:19:19.333,,22.59142939999947,,39,2026-05-28T13:03:49.327,2026-05-28T13:19:19.327,Error desde Arduino: HX711 not found.,-0.003899800001818221
22.8104405999984,22.8104405999984,-0.002152001,104,2026-05-28T13:03:49.548,2026-05-28T13:19:19.548,,22.59142939999947,,39,2026-05-28T13:03:49.327,2026-05-28T13:19:19.327,Error desde Arduino: HX711 not found.,-0.21901119999893126
23.025811700001213,23.025811700001213,-0.002138223,105,2026-05-28T13:03:49.761,2026-05-28T13:19:19.761,,22.59142939999947,,39,2026-05-28T13:03:49.327,2026-05-28T13:19:19.327,Error desde Arduino: HX711 not found.,-0.4343823000017437
23.241033800000878,23.241033800000878,-0.002147562,106,2026-05-28T13:03:49.981,2026-05-28T13:19:19.981,,23.58634119999988,-49.9,40,2026-05-28T13:03:50.327,2026-05-28T13:19:20.327,,0.34530739999900106
23.45610300000044,23.45610300000044,-0.002212924,107,2026-05-28T13:03:50.194,2026-05-28T13:19:20.194,,23.58634119999988,-49.9,40,2026-05-28T13:03:50.327,2026-05-28T13:19:20.327,,0.13023819999943953
23.671186899999157,23.671186899999157,-0.002188383,108,2026-05-28T13:03:50.406,2026-05-28T13:19:20.406,,23.609603799999604,,41,2026-05-28T13:03:50.349,2026-05-28T13:19:20.349,Error desde Arduino: HX711 not found.,-0.06158309999955236
23.886169299999892,23.886169299999892,-0.00218587,109,2026-05-28T13:03:50.627,2026-05-28T13:19:20.627,,23.609603799999604,,41,2026-05-28T13:03:50.349,2026-05-28T13:19:20.349,Error desde Arduino: HX711 not found.,-0.276565500000288
24.10122019999835,24.10122019999835,-0.00219432,110,2026-05-28T13:03:50.840,2026-05-28T13:19:20.840,,23.609603799999604,,41,2026-05-28T13:03:50.349,2026-05-28T13:19:20.349,Error desde Arduino: HX711 not found.,-0.4916163999987475
24.316411899999366,24.316411899999366,-0.002210087,111,2026-05-28T13:03:51.057,2026-05-28T13:19:21.057,,24.60450639999908,-51.47,42,2026-05-28T13:03:51.340,2026-05-28T13:19:21.340,,0.2880944999997155
24.53156350000063,24.53156350000063,-0.002178939,112,2026-05-28T13:03:51.268,2026-05-28T13:19:21.268,,24.60450639999908,-51.47,42,2026-05-28T13:03:51.340,2026-05-28T13:19:21.340,,0.07294289999845205
24.746686300000874,24.746686300000874,-0.002182541,113,2026-05-28T13:03:51.483,2026-05-28T13:19:21.483,,24.627754900000582,,43,2026-05-28T13:03:51.367,2026-05-28T13:19:21.367,Error desde Arduino: HX711 not found.,-0.11893140000029234
24.961753899999167,24.961753899999167,-0.002211637,114,2026-05-28T13:03:51.696,2026-05-28T13:19:21.696,,24.627754900000582,,43,2026-05-28T13:03:51.367,2026-05-28T13:19:21.367,Error desde Arduino: HX711 not found.,-0.3339989999985846
25.176979399999254,25.176979399999254,-0.002172344,115,2026-05-28T13:03:51.916,2026-05-28T13:19:21.916,,25.622545700000046,-54.53,44,2026-05-28T13:03:52.363,2026-05-28T13:19:22.363,,0.44556630000079167
25.39204249999966,25.39204249999966,-0.002167915,116,2026-05-28T13:03:52.133,2026-05-28T13:19:22.133,,25.622545700000046,-54.53,44,2026-05-28T13:03:52.363,2026-05-28T13:19:22.363,,0.23050320000038482
25.60723180000059,25.60723180000059,-0.002272152,117,2026-05-28T13:03:52.340,2026-05-28T13:19:22.340,,25.622545700000046,-54.53,44,2026-05-28T13:03:52.363,2026-05-28T13:19:22.363,,0.015313899999455316
25.822463900000002,25.822463900000002,-0.002328175,118,2026-05-28T13:03:52.556,2026-05-28T13:19:22.556,,25.64574740000171,,45,2026-05-28T13:03:52.383,2026-05-28T13:19:22.383,Error desde Arduino: HX711 not found.,-0.17671649999829242
26.03772670000035,26.03772670000035,-0.002300996,119,2026-05-28T13:03:52.773,2026-05-28T13:19:22.773,,25.64574740000171,,45,2026-05-28T13:03:52.383,2026-05-28T13:19:22.383,Error desde Arduino: HX711 not found.,-0.39197929999863845
26.252707100000407,26.252707100000407,-0.002287951,120,2026-05-28T13:03:52.989,2026-05-28T13:19:22.989,,26.640597500001604,-54.79,46,2026-05-28T13:03:53.377,2026-05-28T13:19:23.377,,0.3878904000011971
26.46783349999896,26.46783349999896,-0.002307173,121,2026-05-28T13:03:53.206,2026-05-28T13:19:23.206,,26.640597500001604,-54.79,46,2026-05-28T13:03:53.377,2026-05-28T13:19:23.377,,0.17276400000264402
26.68284819999826,26.68284819999826,-0.002315046,122,2026-05-28T13:03:53.424,2026-05-28T13:19:23.424,,26.663722099998267,,47,2026-05-28T13:03:53.399,2026-05-28T13:19:23.399,Error desde Arduino: HX711 not found.,-0.01912609999999404
26.89813050000157,26.89813050000157,-0.002314607,123,2026-05-28T13:03:53.637,2026-05-28T13:19:23.637,,26.663722099998267,,47,2026-05-28T13:03:53.399,2026-05-28T13:19:23.399,Error desde Arduino: HX711 not found.,-0.23440840000330354
27.112953600000765,27.112953600000765,-0.002301635,124,2026-05-28T13:03:53.854,2026-05-28T13:19:23.854,,26.663722099998267,,47,2026-05-28T13:03:53.399,2026-05-28T13:19:23.399,Error desde Arduino: HX711 not found.,-0.44923150000249734
27.328252800001792,27.328252800001792,-0.002330238,125,2026-05-28T13:03:54.061,2026-05-28T13:19:24.061,,27.65859780000028,-58.68,48,2026-05-28T13:03:54.390,2026-05-28T13:19:24.390,,0.33034499999848776
27.543455999999424,27.543455999999424,-0.002374912,126,2026-05-28T13:03:54.280,2026-05-28T13:19:24.280,,27.65859780000028,-58.68,48,2026-05-28T13:03:54.390,2026-05-28T13:19:24.390,,0.11514180000085616
27.758551399998396,27.758551399998396,-0.002349879,127,2026-05-28T13:03:54.498,2026-05-28T13:19:24.498,,27.695098699998198,,50,2026-05-28T13:03:54.435,2026-05-28T13:19:24.435,Error desde Arduino: HX711 not found.,-0.06345270000019809
27.97371750000093,27.97371750000093,-0.002339745,128,2026-05-28T13:03:54.706,2026-05-28T13:19:24.706,,27.695098699998198,,50,2026-05-28T13:03:54.435,2026-05-28T13:19:24.435,Error desde Arduino: HX711 not found.,-0.2786188000027323
28.188794000001508,28.188794000001508,-0.002335724,129,2026-05-28T13:03:54.923,2026-05-28T13:19:24.923,,27.695098699998198,,50,2026-05-28T13:03:54.435,2026-05-28T13:19:24.435,Error desde Arduino: HX711 not found.,-0.49369530000330997
28.404000700000324,28.404000700000324,-0.002344676,130,2026-05-28T13:03:55.140,2026-05-28T13:19:25.140,,28.689817599999515,-61.04,51,2026-05-28T13:03:55.428,2026-05-28T13:19:25.428,,0.28581689999919035
28.6191347999993,28.6191347999993,-0.002341315,131,2026-05-28T13:03:55.356,2026-05-28T13:19:25.356,,28.689817599999515,-61.04,51,2026-05-28T13:03:55.428,2026-05-28T13:19:25.428,,0.07068280000021332
28.83438179999939,28.83438179999939,-0.002348853,132,2026-05-28T13:03:55.573,2026-05-28T13:19:25.573,,28.71291239999846,,52,2026-05-28T13:03:55.449,2026-05-28T13:19:25.449,Error desde Arduino: HX711 not found.,-0.12146940000093309
29.049387200000638,29.049387200000638,-0.002357208,133,2026-05-28T13:03:55.790,2026-05-28T13:19:25.790,,28.71291239999846,,52,2026-05-28T13:03:55.449,2026-05-28T13:19:25.449,Error desde Arduino: HX711 not found.,-0.3364748000021791
29.26475009999922,29.26475009999922,-0.002368159,134,2026-05-28T13:03:56.004,2026-05-28T13:19:26.004,,29.707731499998772,-58.45,53,2026-05-28T13:03:56.440,2026-05-28T13:19:26.440,,0.4429813999995531
29.480065700001433,29.480065700001433,-0.002338687,135,2026-05-28T13:03:56.216,2026-05-28T13:19:26.216,,29.707731499998772,-58.45,53,2026-05-28T13:03:56.440,2026-05-28T13:19:26.440,,0.2276657999973395
29.6951201999982,29.6951201999982,-0.002308942,136,2026-05-28T13:03:56.435,2026-05-28T13:19:26.435,,29.707731499998772,-58.45,53,2026-05-28T13:03:56.440,2026-05-28T13:19:26.440,,0.012611300000571646
29.91021510000064,29.91021510000064,-0.002269765,137,2026-05-28T13:03:56.649,2026-05-28T13:19:26.649,,29.7439329000008,,55,2026-05-28T13:03:56.477,2026-05-28T13:19:26.477,Error desde Arduino: HX711 not found.,-0.1662821999998414
30.125416800001403,30.125416800001403,-0.002173788,138,2026-05-28T13:03:56.866,2026-05-28T13:19:26.866,,29.7439329000008,,55,2026-05-28T13:03:56.477,2026-05-28T13:19:26.477,Error desde Arduino: HX711 not found.,-0.38148390000060317
30.340509500001644,30.340509500001644,-0.002119471,139,2026-05-28T13:03:57.073,2026-05-28T13:19:27.073,,30.738700099998823,-61.55,56,2026-05-28T13:03:57.473,2026-05-28T13:19:27.473,,0.39819059999717865
30.555590899999515,30.555590899999515,-0.002260729,140,2026-05-28T13:03:57.293,2026-05-28T13:19:27.293,,30.738700099998823,-61.55,56,2026-05-28T13:03:57.473,2026-05-28T13:19:27.473,,0.18310919999930775
30.770727899998747,30.770727899998747,-0.002321894,141,2026-05-28T13:03:57.506,2026-05-28T13:19:27.506,,30.761951299999055,,57,2026-05-28T13:03:57.499,2026-05-28T13:19:27.499,Error desde Arduino: HX711 not found.,-0.008776599999691825
30.985827500000596,30.985827500000596,-0.002344613,142,2026-05-28T13:03:57.727,2026-05-28T13:19:27.727,,30.761951299999055,,57,2026-05-28T13:03:57.499,2026-05-28T13:19:27.499,Error desde Arduino: HX711 not found.,-0.2238762000015413
31.200974399998813,31.200974399998813,-0.002380849,143,2026-05-28T13:03:57.941,2026-05-28T13:19:27.941,,30.761951299999055,,57,2026-05-28T13:03:57.499,2026-05-28T13:19:27.499,Error desde Arduino: HX711 not found.,-0.4390230999997584
31.41621749999831,31.41621749999831,-0.002384199,144,2026-05-28T13:03:58.157,2026-05-28T13:19:28.157,,31.75666590000037,-63.65,58,2026-05-28T13:03:58.494,2026-05-28T13:19:28.494,,0.3404484000020602
31.631353699998726,31.631353699998726,-0.002411756,145,2026-05-28T13:03:58.366,2026-05-28T13:19:28.366,,31.75666590000037,-63.65,58,2026-05-28T13:03:58.494,2026-05-28T13:19:28.494,,0.12531220000164467
31.84671420000086,31.84671420000086,-0.002432507,146,2026-05-28T13:03:58.583,2026-05-28T13:19:28.583,,31.77989460000026,,59,2026-05-28T13:03:58.516,2026-05-28T13:19:28.516,Error desde Arduino: HX711 not found.,-0.06681960000059917
32.06164880000142,32.06164880000142,-0.002443919,147,2026-05-28T13:03:58.800,2026-05-28T13:19:28.800,,31.77989460000026,,59,2026-05-28T13:03:58.516,2026-05-28T13:19:28.516,Error desde Arduino: HX711 not found.,-0.2817542000011599
32.27685410000049,32.27685410000049,-0.002364244,148,2026-05-28T13:03:59.011,2026-05-28T13:19:29.011,,31.77989460000026,,59,2026-05-28T13:03:58.516,2026-05-28T13:19:28.516,Error desde Arduino: HX711 not found.,-0.49695950000023004
32.49167759999909,32.49167759999909,-0.002355104,149,2026-05-28T13:03:59.231,2026-05-28T13:19:29.231,,32.77465460000167,-63.11,60,2026-05-28T13:03:59.506,2026-05-28T13:19:29.506,,0.28297700000257464
32.706896899999265,32.706896899999265,-0.002392627,150,2026-05-28T13:03:59.444,2026-05-28T13:19:29.444,,32.77465460000167,-63.11,60,2026-05-28T13:03:59.506,2026-05-28T13:19:29.506,,0.067757700002403
32.92195469999933,32.92195469999933,-0.002382367,151,2026-05-28T13:03:59.663,2026-05-28T13:19:29.663,,32.79771840000103,,61,2026-05-28T13:03:59.539,2026-05-28T13:19:29.539,Error desde Arduino: HX711 not found.,-0.12423629999830155
33.13718009999866,33.13718009999866,-0.002393297,152,2026-05-28T13:03:59.873,2026-05-28T13:19:29.873,,32.79771840000103,,61,2026-05-28T13:03:59.539,2026-05-28T13:19:29.539,Error desde Arduino: HX711 not found.,-0.3394616999976279
33.352141300001676,33.352141300001676,-0.002353397,153,2026-05-28T13:04:00.093,2026-05-28T13:19:30.093,,33.79241209999964,-65.62,62,2026-05-28T13:04:00.533,2026-05-28T13:19:30.533,,0.44027079999796115
33.56751670000085,33.56751670000085,-0.002410028,154,2026-05-28T13:04:00.307,2026-05-28T13:19:30.307,,33.79241209999964,-65.62,62,2026-05-28T13:04:00.533,2026-05-28T13:19:30.533,,0.22489539999878616
33.78241450000132,33.78241450000132,-0.002417451,155,2026-05-28T13:04:00.523,2026-05-28T13:19:30.523,,33.79241209999964,-65.62,62,2026-05-28T13:04:00.533,2026-05-28T13:19:30.533,,0.0099975999983144
33.99753129999954,33.99753129999954,-0.002386628,156,2026-05-28T13:04:00.738,2026-05-28T13:19:30.738,,33.82880329999898,,64,2026-05-28T13:04:00.566,2026-05-28T13:19:30.566,Error desde Arduino: HX711 not found.,-0.16872800000055577
34.21282910000082,34.21282910000082,-0.002425942,157,2026-05-28T13:04:00.949,2026-05-28T13:19:30.949,,33.82880329999898,,64,2026-05-28T13:04:00.566,2026-05-28T13:19:30.566,Error desde Arduino: HX711 not found.,-0.3840258000018366
34.42783639999834,34.42783639999834,-0.00245442,158,2026-05-28T13:04:01.168,2026-05-28T13:19:31.168,,34.823286999999254,-65.51,65,2026-05-28T13:04:01.561,2026-05-28T13:19:31.561,,0.39545060000091325
34.643062300001475,34.643062300001475,-0.002482144,159,2026-05-28T13:04:01.383,2026-05-28T13:19:31.383,,34.823286999999254,-65.51,65,2026-05-28T13:04:01.561,2026-05-28T13:19:31.561,,0.18022469999777968
34.858221700000286,34.858221700000286,-0.002476019,160,2026-05-28T13:04:01.590,2026-05-28T13:19:31.590,,34.84641769999871,,66,2026-05-28T13:04:01.583,2026-05-28T13:19:31.583,Error desde Arduino: HX711 not found.,-0.011804000001575332
35.0733192000007,35.0733192000007,-0.002483777,161,2026-05-28T13:04:01.813,2026-05-28T13:19:31.813,,34.84641769999871,,66,2026-05-28T13:04:01.583,2026-05-28T13:19:31.583,Error desde Arduino: HX711 not found.,-0.22690150000198628
35.288393599999836,35.288393599999836,-0.002495022,162,2026-05-28T13:04:02.029,2026-05-28T13:19:32.029,,34.84641769999871,,66,2026-05-28T13:04:01.583,2026-05-28T13:19:31.583,Error desde Arduino: HX711 not found.,-0.4419759000011254
35.5035214999989,35.5035214999989,-0.002486552,163,2026-05-28T13:04:02.240,2026-05-28T13:19:32.240,,35.84102020000137,-67.58,67,2026-05-28T13:04:02.573,2026-05-28T13:19:32.573,,0.3374987000024703
35.71857159999854,35.71857159999854,-0.002511491,164,2026-05-28T13:04:02.456,2026-05-28T13:19:32.456,,35.84102020000137,-67.58,67,2026-05-28T13:04:02.573,2026-05-28T13:19:32.573,,0.12244860000282642
35.933800099999644,35.933800099999644,-0.002509501,165,2026-05-28T13:04:02.673,2026-05-28T13:19:32.673,,35.87721569999849,,69,2026-05-28T13:04:02.618,2026-05-28T13:19:32.618,Error desde Arduino: HX711 not found.,-0.05658440000115661
36.148767300001055,36.148767300001055,-0.002523227,166,2026-05-28T13:04:02.889,2026-05-28T13:19:32.889,,35.87721569999849,,69,2026-05-28T13:04:02.618,2026-05-28T13:19:32.618,Error desde Arduino: HX711 not found.,-0.2715516000025673
36.36394809999911,36.36394809999911,-0.00255494,167,2026-05-28T13:04:03.099,2026-05-28T13:19:33.099,,35.87721569999849,,69,2026-05-28T13:04:02.618,2026-05-28T13:19:32.618,Error desde Arduino: HX711 not found.,-0.48673240000061924
36.57916850000038,36.57916850000038,-0.002520672,168,2026-05-28T13:04:03.319,2026-05-28T13:19:33.319,,36.871876400000474,-69.29,70,2026-05-28T13:04:03.607,2026-05-28T13:19:33.607,,0.29270790000009583
36.794372100001056,36.794372100001056,-0.00254089,169,2026-05-28T13:04:03.535,2026-05-28T13:19:33.535,,36.871876400000474,-69.29,70,2026-05-28T13:04:03.607,2026-05-28T13:19:33.607,,0.07750429999941844
37.00964499999827,37.00964499999827,-0.002532116,170,2026-05-28T13:04:03.749,2026-05-28T13:19:33.749,,36.8950705999996,,71,2026-05-28T13:04:03.636,2026-05-28T13:19:33.636,Error desde Arduino: HX711 not found.,-0.11457439999867347
37.22471099999893,37.22471099999893,-0.002502434,171,2026-05-28T13:04:03.956,2026-05-28T13:19:33.956,,36.8950705999996,,71,2026-05-28T13:04:03.636,2026-05-28T13:19:33.636,Error desde Arduino: HX711 not found.,-0.3296403999993345
37.44013780000023,37.44013780000023,-0.002472962,172,2026-05-28T13:04:04.173,2026-05-28T13:19:34.173,,37.889575699999114,-69.92,72,2026-05-28T13:04:04.630,2026-05-28T13:19:34.630,,0.44943789999888395
37.65533710000091,37.65533710000091,-0.00240516,173,2026-05-28T13:04:04.390,2026-05-28T13:19:34.390,,37.889575699999114,-69.92,72,2026-05-28T13:04:04.630,2026-05-28T13:19:34.630,,0.23423859999820706
37.87044089999836,37.87044089999836,-0.002329484,174,2026-05-28T13:04:04.607,2026-05-28T13:19:34.607,,37.889575699999114,-69.92,72,2026-05-28T13:04:04.630,2026-05-28T13:19:34.630,,0.019134800000756513
38.085671699998784,38.085671699998784,-0.002352235,175,2026-05-28T13:04:04.826,2026-05-28T13:19:34.826,,37.92599390000032,,74,2026-05-28T13:04:04.666,2026-05-28T13:19:34.666,Error desde Arduino: HX711 not found.,-0.15967779999846243
38.300724900000205,38.300724900000205,-0.002467423,176,2026-05-28T13:04:05.041,2026-05-28T13:19:35.041,,37.92599390000032,,74,2026-05-28T13:04:04.666,2026-05-28T13:19:34.666,Error desde Arduino: HX711 not found.,-0.37473099999988335
38.51579530000163,38.51579530000163,-0.002534294,177,2026-05-28T13:04:05.256,2026-05-28T13:19:35.256,,38.920556100001704,-72.45,75,2026-05-28T13:04:05.656,2026-05-28T13:19:35.656,,0.4047608000000764
38.73088220000136,38.73088220000136,-0.002571419,178,2026-05-28T13:04:05.466,2026-05-28T13:19:35.466,,38.920556100001704,-72.45,75,2026-05-28T13:04:05.656,2026-05-28T13:19:35.656,,0.18967390000034356
38.94595760000084,38.94595760000084,-0.002562719,179,2026-05-28T13:04:05.683,2026-05-28T13:19:35.683,,38.94373970000015,,76,2026-05-28T13:04:05.683,2026-05-28T13:19:35.683,Error desde Arduino: HX711 not found.,-0.002217900000687223
39.16080349999902,39.16080349999902,-0.002583491,180,2026-05-28T13:04:05.894,2026-05-28T13:19:35.894,,38.94373970000015,,76,2026-05-28T13:04:05.683,2026-05-28T13:19:35.683,Error desde Arduino: HX711 not found.,-0.2170637999988685
39.37600830000156,39.37600830000156,-0.002579167,181,2026-05-28T13:04:06.116,2026-05-28T13:19:36.116,,38.94373970000015,,76,2026-05-28T13:04:05.683,2026-05-28T13:19:35.683,Error desde Arduino: HX711 not found.,-0.4322686000014073
39.591022199998406,39.591022199998406,-0.002577764,182,2026-05-28T13:04:06.332,2026-05-28T13:19:36.332,,39.93832320000001,-72.47,77,2026-05-28T13:04:06.673,2026-05-28T13:19:36.673,,0.34730100000160746
39.80627050000112,39.80627050000112,-0.002575859,183,2026-05-28T13:04:06.544,2026-05-28T13:19:36.544,,39.93832320000001,-72.47,77,2026-05-28T13:04:06.673,2026-05-28T13:19:36.673,,0.13205269999889424
40.021256100000755,40.021256100000755,-0.002585512,184,2026-05-28T13:04:06.760,2026-05-28T13:19:36.760,,39.974534900000435,,79,2026-05-28T13:04:06.707,2026-05-28T13:19:36.707,Error desde Arduino: HX711 not found.,-0.046721200000320096
40.23678089999885,40.23678089999885,-0.002581156,185,2026-05-28T13:04:06.977,2026-05-28T13:19:36.977,,39.974534900000435,,79,2026-05-28T13:04:06.707,2026-05-28T13:19:36.707,Error desde Arduino: HX711 not found.,-0.262245999998413
40.45194590000028,40.45194590000028,-0.002594296,186,2026-05-28T13:04:07.192,2026-05-28T13:19:37.192,,39.974534900000435,,79,2026-05-28T13:04:06.707,2026-05-28T13:19:36.707,Error desde Arduino: HX711 not found.,-0.47741099999984726
40.66709590000028,40.66709590000028,-0.002612576,187,2026-05-28T13:04:07.407,2026-05-28T13:19:37.407,,40.96918300000107,-74.79,80,2026-05-28T13:04:07.707,2026-05-28T13:19:37.707,,0.3020871000007901
40.882319699998334,40.882319699998334,-0.002604546,188,2026-05-28T13:04:07.623,2026-05-28T13:19:37.623,,40.96918300000107,-74.79,80,2026-05-28T13:04:07.707,2026-05-28T13:19:37.707,,0.08686330000273301
41.09742639999968,41.09742639999968,-0.002628605,189,2026-05-28T13:04:07.837,2026-05-28T13:19:37.837,,40.99239350000062,,81,2026-05-28T13:04:07.727,2026-05-28T13:19:37.727,Error desde Arduino: HX711 not found.,-0.10503289999905974
41.312635900001624,41.312635900001624,-0.002612524,190,2026-05-28T13:04:08.044,2026-05-28T13:19:38.044,,40.99239350000062,,81,2026-05-28T13:04:07.727,2026-05-28T13:19:37.727,Error desde Arduino: HX711 not found.,-0.3202424000010069
41.527715699998225,41.527715699998225,-0.002596013,191,2026-05-28T13:04:08.261,2026-05-28T13:19:38.261,,41.9868959000014,-77.18,82,2026-05-28T13:04:08.728,2026-05-28T13:19:38.728,,0.45918020000317483
41.74288979999983,41.74288979999983,-0.002586663,192,2026-05-28T13:04:08.483,2026-05-28T13:19:38.483,,41.9868959000014,-77.18,82,2026-05-28T13:04:08.728,2026-05-28T13:19:38.728,,0.2440061000015703
41.958027000000584,41.958027000000584,-0.002591082,193,2026-05-28T13:04:08.694,2026-05-28T13:19:38.694,,41.9868959000014,-77.18,82,2026-05-28T13:04:08.728,2026-05-28T13:19:38.728,,0.02886890000081621
42.173462599999766,42.173462599999766,-0.002588998,194,2026-05-28T13:04:08.914,2026-05-28T13:19:38.914,,42.01018340000155,,83,2026-05-28T13:04:08.750,2026-05-28T13:19:38.750,Error desde Arduino: HX711 not found.,-0.1632791999982146
42.3886437000001,42.3886437000001,-0.002552584,195,2026-05-28T13:04:09.129,2026-05-28T13:19:39.129,,42.01018340000155,,83,2026-05-28T13:04:08.750,2026-05-28T13:19:38.750,Error desde Arduino: HX711 not found.,-0.3784602999985509
42.60381480000069,42.60381480000069,-0.002580675,196,2026-05-28T13:04:09.339,2026-05-28T13:19:39.339,,43.004649999998946,-76.83,84,2026-05-28T13:04:09.744,2026-05-28T13:19:39.744,,0.4008351999982551
42.81911400000172,42.81911400000172,-0.002602473,197,2026-05-28T13:04:09.556,2026-05-28T13:19:39.556,,43.004649999998946,-76.83,84,2026-05-28T13:04:09.744,2026-05-28T13:19:39.744,,0.18553599999722792
43.03434500000003,43.03434500000003,-0.002557369,198,2026-05-28T13:04:09.775,2026-05-28T13:19:39.775,,43.027771299999586,,85,2026-05-28T13:04:09.768,2026-05-28T13:19:39.768,Error desde Arduino: HX711 not found.,-0.00657370000044466
43.24957640000139,43.24957640000139,-0.002554322,199,2026-05-28T13:04:09.990,2026-05-28T13:19:39.990,,43.027771299999586,,85,2026-05-28T13:04:09.768,2026-05-28T13:19:39.768,Error desde Arduino: HX711 not found.,-0.2218051000018022
43.46462519999841,43.46462519999841,-0.002593039,200,2026-05-28T13:04:10.200,2026-05-28T13:19:40.200,,43.027771299999586,,85,2026-05-28T13:04:09.768,2026-05-28T13:19:39.768,Error desde Arduino: HX711 not found.,-0.4368538999988232
43.680060499998945,43.680060499998945,-0.002588014,201,2026-05-28T13:04:10.416,2026-05-28T13:19:40.416,,44.02230780000173,-79.11,86,2026-05-28T13:04:10.758,2026-05-28T13:19:40.758,,0.34224730000278214
43.895176199999696,43.895176199999696,-0.002604096,202,2026-05-28T13:04:10.636,2026-05-28T13:19:40.636,,44.02230780000173,-79.11,86,2026-05-28T13:04:10.758,2026-05-28T13:19:40.758,,0.1271316000020306
44.110417799998686,44.110417799998686,-0.002619695,203,2026-05-28T13:04:10.842,2026-05-28T13:19:40.842,,44.05873630000133,,88,2026-05-28T13:04:10.800,2026-05-28T13:19:40.800,Error desde Arduino: HX711 not found.,-0.051681499997357605
44.32544390000112,44.32544390000112,-0.002602242,204,2026-05-28T13:04:11.066,2026-05-28T13:19:41.066,,44.05873630000133,,88,2026-05-28T13:04:10.800,2026-05-28T13:19:40.800,Error desde Arduino: HX711 not found.,-0.26670759999979055
44.540624500001286,44.540624500001286,-0.002603865,205,2026-05-28T13:04:11.273,2026-05-28T13:19:41.273,,44.05873630000133,,88,2026-05-28T13:04:10.800,2026-05-28T13:19:40.800,Error desde Arduino: HX711 not found.,-0.4818881999999576
44.75583270000061,44.75583270000061,-0.002612942,206,2026-05-28T13:04:11.490,2026-05-28T13:19:41.490,,45.053247399999236,-80.27,89,2026-05-28T13:04:11.790,2026-05-28T13:19:41.790,,0.297414699998626
44.97092100000009,44.97092100000009,-0.0025166,207,2026-05-28T13:04:11.709,2026-05-28T13:19:41.709,,45.053247399999236,-80.27,89,2026-05-28T13:04:11.790,2026-05-28T13:19:41.790,,0.08232639999914682
45.18617939999967,45.18617939999967,-0.002468093,208,2026-05-28T13:04:11.927,2026-05-28T13:19:41.927,,45.07651519999854,,90,2026-05-28T13:04:11.816,2026-05-28T13:19:41.816,Error desde Arduino: HX711 not found.,-0.1096642000011343
45.40113579999888,45.40113579999888,-0.002386377,209,2026-05-28T13:04:12.140,2026-05-28T13:19:42.140,,45.07651519999854,,90,2026-05-28T13:04:11.816,2026-05-28T13:19:41.816,Error desde Arduino: HX711 not found.,-0.324620600000344
45.61621430000014,45.61621430000014,-0.002321967,210,2026-05-28T13:04:12.356,2026-05-28T13:19:42.356,,46.070837200000824,-81.14,91,2026-05-28T13:04:12.811,2026-05-28T13:19:42.811,,0.45462290000068606
45.83152780000091,45.83152780000091,-0.002260834,211,2026-05-28T13:04:12.572,2026-05-28T13:19:42.572,,46.070837200000824,-81.14,91,2026-05-28T13:04:12.811,2026-05-28T13:19:42.811,,0.23930939999991097
46.04688840000017,46.04688840000017,-0.002422068,212,2026-05-28T13:04:12.782,2026-05-28T13:19:42.782,,46.070837200000824,-81.14,91,2026-05-28T13:04:12.811,2026-05-28T13:19:42.811,,0.023948800000653137
46.26191040000049,46.26191040000049,-0.002577879,213,2026-05-28T13:04:13.003,2026-05-28T13:19:43.003,,46.0840094999985,-83.42,92,2026-05-28T13:04:12.824,2026-05-28T13:19:42.824,,-0.17790090000198688
46.47709860000032,46.47709860000032,-0.002615298,214,2026-05-28T13:04:13.216,2026-05-28T13:19:43.216,,46.51339129999906,-84.78,93,2026-05-28T13:04:13.253,2026-05-28T13:19:43.253,,0.03629269999873941
46.692246700000396,46.692246700000396,-0.002612231,215,2026-05-28T13:04:13.431,2026-05-28T13:19:43.431,,46.51339129999906,-84.78,93,2026-05-28T13:04:13.253,2026-05-28T13:19:43.253,,-0.17885540000133915
46.907204600000114,46.907204600000114,-0.002711672,216,2026-05-28T13:04:13.644,2026-05-28T13:19:43.644,,47.013551500000176,-83.5,94,2026-05-28T13:04:13.749,2026-05-28T13:19:43.749,,0.1063469000000623
47.122328900000866,47.122328900000866,-0.002692963,217,2026-05-28T13:04:13.863,2026-05-28T13:19:43.863,,47.013551500000176,-83.5,94,2026-05-28T13:04:13.749,2026-05-28T13:19:43.749,,-0.10877740000069025
47.337479099998745,47.337479099998745,-0.002581648,218,2026-05-28T13:04:14.077,2026-05-28T13:19:44.077,,47.51352250000127,-83.65,95,2026-05-28T13:04:14.249,2026-05-28T13:19:44.249,,0.17604340000252705
47.552893299998686,47.552893299998686,-0.00247782,219,2026-05-28T13:04:14.291,2026-05-28T13:19:44.291,,47.51352250000127,-83.65,95,2026-05-28T13:04:14.249,2026-05-28T13:19:44.249,,-0.039370799997414
47.76787759999934,47.76787759999934,-0.002392135,220,2026-05-28T13:04:14.506,2026-05-28T13:19:44.506,,48.01320290000149,-84.07,96,2026-05-28T13:04:14.750,2026-05-28T13:19:44.750,,0.24532530000215047
47.98305120000077,47.98305120000077,-0.002310995,221,2026-05-28T13:04:14.724,2026-05-28T13:19:44.724,,48.01320290000149,-84.07,96,2026-05-28T13:04:14.750,2026-05-28T13:19:44.750,,0.03015170000071521
48.19816429999992,48.19816429999992,-0.002251631,222,2026-05-28T13:04:14.937,2026-05-28T13:19:44.937,,48.01320290000149,-84.07,96,2026-05-28T13:04:14.750,2026-05-28T13:19:44.750,,-0.18496139999842853
48.41317699999854,48.41317699999854,-0.002187441,223,2026-05-28T13:04:15.153,2026-05-28T13:19:45.153,,48.51329999999871,-85.01,97,2026-05-28T13:04:15.249,2026-05-28T13:19:45.249,,0.10012300000016694
48.6284983000005,48.6284983000005,-0.002128517,224,2026-05-28T13:04:15.360,2026-05-28T13:19:45.360,,48.51329999999871,-85.01,97,2026-05-28T13:04:15.249,2026-05-28T13:19:45.249,,-0.11519830000179354
48.84363709999889,48.84363709999889,-0.00208222,225,2026-05-28T13:04:15.581,2026-05-28T13:19:45.581,,49.0133539999988,-85.05,98,2026-05-28T13:04:15.749,2026-05-28T13:19:45.749,,0.16971689999991213
49.05881750000117,49.05881750000117,-0.002046288,226,2026-05-28T13:04:15.794,2026-05-28T13:19:45.794,,49.0133539999988,-85.05,98,2026-05-28T13:04:15.749,2026-05-28T13:19:45.749,,-0.04546350000236998
49.2738806999987,49.2738806999987,-0.002022582,227,2026-05-28T13:04:16.015,2026-05-28T13:19:46.015,,49.51351179999983,-87.31,99,2026-05-28T13:04:16.254,2026-05-28T13:19:46.254,,0.23963110000113375
49.488967199999024,49.488967199999024,-0.001993434,228,2026-05-28T13:04:16.229,2026-05-28T13:19:46.229,,49.51351179999983,-87.31,99,2026-05-28T13:04:16.254,2026-05-28T13:19:46.254,,0.024544600000808714
49.70404899999994,49.70404899999994,-0.001962758,229,2026-05-28T13:04:16.444,2026-05-28T13:19:46.444,,49.51351179999983,-87.31,99,2026-05-28T13:04:16.254,2026-05-28T13:19:46.254,,-0.190537200000108
49.91910590000043,49.91910590000043,-0.001945252,230,2026-05-28T13:04:16.660,2026-05-28T13:19:46.660,,50.013481999998476,-87.73,100,2026-05-28T13:04:16.749,2026-05-28T13:19:46.749,,0.09437609999804408
50.13440339999943,50.13440339999943,-0.001937798,231,2026-05-28T13:04:16.873,2026-05-28T13:19:46.873,,50.013481999998476,-87.73,100,2026-05-28T13:04:16.749,2026-05-28T13:19:46.749,,-0.12092140000095242
50.3495694000012,50.3495694000012,-0.001926229,232,2026-05-28T13:04:17.090,2026-05-28T13:19:47.090,,50.51330769999913,-88.72,101,2026-05-28T13:04:17.249,2026-05-28T13:19:47.249,,0.16373829999793088
50.56469989999823,50.56469989999823,-0.001905425,233,2026-05-28T13:04:17.304,2026-05-28T13:19:47.304,,50.51330769999913,-88.72,101,2026-05-28T13:04:17.249,2026-05-28T13:19:47.249,,-0.05139219999909983
50.77993939999942,50.77993939999942,-0.001890129,234,2026-05-28T13:04:17.520,2026-05-28T13:19:47.520,,51.013226200000645,-88.77,102,2026-05-28T13:04:17.753,2026-05-28T13:19:47.753,,0.23328680000122404
50.99488080000083,50.99488080000083,-0.001881345,235,2026-05-28T13:04:17.731,2026-05-28T13:19:47.731,,51.013226200000645,-88.77,102,2026-05-28T13:04:17.753,2026-05-28T13:19:47.753,,0.018345399999816436
51.20997139999963,51.20997139999963,-0.001887396,236,2026-05-28T13:04:17.950,2026-05-28T13:19:47.950,,51.013226200000645,-88.77,102,2026-05-28T13:04:17.753,2026-05-28T13:19:47.753,,-0.1967451999989862
51.42539079999915,51.42539079999915,-0.001904159,237,2026-05-28T13:04:18.166,2026-05-28T13:19:48.166,,51.51331009999922,-88.21,103,2026-05-28T13:04:18.249,2026-05-28T13:19:48.249,,0.08791930000006687
51.640460200000234,51.640460200000234,-0.002038299,238,2026-05-28T13:04:18.373,2026-05-28T13:19:48.373,,51.51331009999922,-88.21,103,2026-05-28T13:04:18.249,2026-05-28T13:19:48.249,,-0.12715010000101756
51.85549919999903,51.85549919999903,-0.002190833,239,2026-05-28T13:04:18.594,2026-05-28T13:19:48.594,,52.013371400000324,-91.12,104,2026-05-28T13:04:18.749,2026-05-28T13:19:48.749,,0.1578722000012931
52.070560700001806,52.070560700001806,-0.002252668,240,2026-05-28T13:04:18.811,2026-05-28T13:19:48.811,,52.013371400000324,-91.12,104,2026-05-28T13:04:18.749,2026-05-28T13:19:48.749,,-0.05718930000148248
52.28566090000095,52.28566090000095,-0.002195639,241,2026-05-28T13:04:19.026,2026-05-28T13:19:49.026,,52.51344220000101,-90.72,105,2026-05-28T13:04:19.253,2026-05-28T13:19:49.253,,0.22778130000006058
52.50067040000067,52.50067040000067,-0.002145216,242,2026-05-28T13:04:19.241,2026-05-28T13:19:49.241,,52.51344220000101,-90.72,105,2026-05-28T13:04:19.253,2026-05-28T13:19:49.253,,0.012771800000336953
52.715818199998466,52.715818199998466,-0.002104918,243,2026-05-28T13:04:19.456,2026-05-28T13:19:49.456,,52.51344220000101,-90.72,105,2026-05-28T13:04:19.253,2026-05-28T13:19:49.253,,-0.20237599999745726
52.93098169999939,52.93098169999939,-0.002066013,244,2026-05-28T13:04:19.670,2026-05-28T13:19:49.670,,53.01335050000125,-90.92,106,2026-05-28T13:04:19.749,2026-05-28T13:19:49.749,,0.0823688000018592
53.14608329999828,53.14608329999828,-0.002026173,245,2026-05-28T13:04:19.883,2026-05-28T13:19:49.883,,53.01335050000125,-90.92,106,2026-05-28T13:04:19.749,2026-05-28T13:19:49.749,,-0.13273279999702936
53.36117739999827,53.36117739999827,-0.001995214,246,2026-05-28T13:04:20.095,2026-05-28T13:19:50.095,,53.51346829999966,-91.62,107,2026-05-28T13:04:20.249,2026-05-28T13:19:50.249,,0.15229090000138967
53.57634899999903,53.57634899999903,-0.001980944,247,2026-05-28T13:04:20.317,2026-05-28T13:19:50.317,,53.51346829999966,-91.62,107,2026-05-28T13:04:20.249,2026-05-28T13:19:50.249,,-0.06288069999936852
53.79152840000097,53.79152840000097,-0.001969793,248,2026-05-28T13:04:20.532,2026-05-28T13:19:50.532,,54.01326229999904,-92.15,108,2026-05-28T13:04:20.749,2026-05-28T13:19:50.749,,0.22173389999807114
54.00671430000148,54.00671430000148,-0.001962611,249,2026-05-28T13:04:20.743,2026-05-28T13:19:50.743,,54.01326229999904,-92.15,108,2026-05-28T13:04:20.749,2026-05-28T13:19:50.749,,0.006547999997565057
54.22195229999852,54.22195229999852,-0.002098144,250,2026-05-28T13:04:20.956,2026-05-28T13:19:50.956,,54.01326229999904,-92.15,108,2026-05-28T13:04:20.749,2026-05-28T13:19:50.749,,-0.20868999999947846
54.437039399999776,54.437039399999776,-0.00239158,251,2026-05-28T13:04:21.173,2026-05-28T13:19:51.173,,54.513240200001746,-93.51,109,2026-05-28T13:04:21.253,2026-05-28T13:19:51.253,,0.07620080000197049
54.652460400000564,54.652460400000564,-0.002383372,252,2026-05-28T13:04:21.390,2026-05-28T13:19:51.390,,54.513240200001746,-93.51,109,2026-05-28T13:04:21.253,2026-05-28T13:19:51.253,,-0.1392201999988174
54.8674949999986,54.8674949999986,-0.002320595,253,2026-05-28T13:04:21.606,2026-05-28T13:19:51.606,,55.013498600001185,-93.74,110,2026-05-28T13:04:21.749,2026-05-28T13:19:51.749,,0.1460036000025866
55.082609400000365,55.082609400000365,-0.002261389,254,2026-05-28T13:04:21.823,2026-05-28T13:19:51.823,,55.013498600001185,-93.74,110,2026-05-28T13:04:21.749,2026-05-28T13:19:51.749,,-0.06911079999918002
55.297547599999234,55.297547599999234,-0.002214861,255,2026-05-28T13:04:22.038,2026-05-28T13:19:52.038,,55.5134865,-93.09,111,2026-05-28T13:04:22.249,2026-05-28T13:19:52.249,,0.215938900000765
55.51264420000007,55.51264420000007,-0.002182562,256,2026-05-28T13:04:22.249,2026-05-28T13:19:52.249,,55.5134865,-93.09,111,2026-05-28T13:04:22.249,2026-05-28T13:19:52.249,,0.0008422999999311287
55.727526200000284,55.727526200000284,-0.002146598,257,2026-05-28T13:04:22.468,2026-05-28T13:19:52.468,,55.5134865,-93.09,111,2026-05-28T13:04:22.249,2026-05-28T13:19:52.249,,-0.21403970000028494
55.9426397999996,55.9426397999996,-0.00217272,258,2026-05-28T13:04:22.683,2026-05-28T13:19:52.683,,56.013461099999404,-96.62,112,2026-05-28T13:04:22.749,2026-05-28T13:19:52.749,,0.0708212999998068
56.15778879999925,56.15778879999925,-0.002159434,259,2026-05-28T13:04:22.889,2026-05-28T13:19:52.889,,56.013461099999404,-96.62,112,2026-05-28T13:04:22.749,2026-05-28T13:19:52.749,,-0.14432769999984885
56.37273849999838,56.37273849999838,-0.002138579,260,2026-05-28T13:04:23.110,2026-05-28T13:19:53.110,,56.513423199998215,-97.55,113,2026-05-28T13:04:23.254,2026-05-28T13:19:53.254,,0.1406846999998379
56.587963999998465,56.587963999998465,-0.002112854,261,2026-05-28T13:04:23.329,2026-05-28T13:19:53.329,,56.513423199998215,-97.55,113,2026-05-28T13:04:23.254,2026-05-28T13:19:53.254,,-0.07454080000024987
56.80282779999834,56.80282779999834,-0.002093998,262,2026-05-28T13:04:23.540,2026-05-28T13:19:53.540,,57.01338620000024,-97.65,114,2026-05-28T13:04:23.749,2026-05-28T13:19:53.749,,0.21055840000190074
57.01809030000004,57.01809030000004,-0.002077718,263,2026-05-28T13:04:23.759,2026-05-28T13:19:53.759,,57.01338620000024,-97.65,114,2026-05-28T13:04:23.749,2026-05-28T13:19:53.749,,-0.0047040999997989275
57.23305479999908,57.23305479999908,-0.002069384,264,2026-05-28T13:04:23.973,2026-05-28T13:19:53.973,,57.01338620000024,-97.65,114,2026-05-28T13:04:23.749,2026-05-28T13:19:53.749,,-0.21966859999884036
57.44837639999969,57.44837639999969,-0.002087926,265,2026-05-28T13:04:24.189,2026-05-28T13:19:54.189,,57.51351290000093,-99.86,115,2026-05-28T13:04:24.249,2026-05-28T13:19:54.249,,0.06513650000124471
57.66326470000058,57.66326470000058,-0.002171077,266,2026-05-28T13:04:24.399,2026-05-28T13:19:54.399,,57.51351290000093,-99.86,115,2026-05-28T13:04:24.249,2026-05-28T13:19:54.249,,-0.14975179999964894
57.878416200001084,57.878416200001084,-0.002156932,267,2026-05-28T13:04:24.616,2026-05-28T13:19:54.616,,58.01328149999972,-98.23,116,2026-05-28T13:04:24.749,2026-05-28T13:19:54.749,,0.13486529999863706
58.09352880000006,58.09352880000006,-0.002140097,268,2026-05-28T13:04:24.827,2026-05-28T13:19:54.827,,58.01328149999972,-98.23,116,2026-05-28T13:04:24.749,2026-05-28T13:19:54.749,,-0.08024730000033742
58.30865350000022,58.30865350000022,-0.002125271,269,2026-05-28T13:04:25.044,2026-05-28T13:19:55.044,,58.513328699998965,-99.47,117,2026-05-28T13:04:25.249,2026-05-28T13:19:55.249,,0.2046751999987464
58.52380640000047,58.52380640000047,-0.002112216,270,2026-05-28T13:04:25.265,2026-05-28T13:19:55.265,,58.513328699998965,-99.47,117,2026-05-28T13:04:25.249,2026-05-28T13:19:55.249,,-0.010477700001501944
58.73899159999928,58.73899159999928,-0.002088177,271,2026-05-28T13:04:25.480,2026-05-28T13:19:55.480,,58.513328699998965,-99.47,117,2026-05-28T13:04:25.249,2026-05-28T13:19:55.249,,-0.22566290000031586
58.95422680000047,58.95422680000047,-0.0021014,272,2026-05-28T13:04:25.689,2026-05-28T13:19:55.689,,59.01347810000152,-99.53,118,2026-05-28T13:04:25.749,2026-05-28T13:19:55.749,,0.05925130000105128
59.16932789999919,59.16932789999919,-0.002292275,273,2026-05-28T13:04:25.906,2026-05-28T13:19:55.906,,59.01347810000152,-99.53,118,2026-05-28T13:04:25.749,2026-05-28T13:19:55.749,,-0.15584979999766801
59.38450390000071,59.38450390000071,-0.002529446,274,2026-05-28T13:04:26.125,2026-05-28T13:19:56.125,,59.51426210000136,-100.41,119,2026-05-28T13:04:26.249,2026-05-28T13:19:56.249,,0.1297582000006514
59.59948660000009,59.59948660000009,-0.002624177,275,2026-05-28T13:04:26.340,2026-05-28T13:19:56.340,,59.51426210000136,-100.41,119,2026-05-28T13:04:26.249,2026-05-28T13:19:56.249,,-0.08522449999873061
59.81496680000055,59.81496680000055,-0.002559023,276,2026-05-28T13:04:26.556,2026-05-28T13:19:56.556,,60.01437680000163,-101.24,120,2026-05-28T13:04:26.752,2026-05-28T13:19:56.752,,0.19941000000108033
60.03016170000046,60.03016170000046,-0.002492132,277,2026-05-28T13:04:26.768,2026-05-28T13:19:56.768,,60.01437680000163,-101.24,120,2026-05-28T13:04:26.752,2026-05-28T13:19:56.752,,-0.01578489999883459
60.24542440000005,60.24542440000005,-0.002442013,278,2026-05-28T13:04:26.983,2026-05-28T13:19:56.983,,60.01437680000163,-101.24,120,2026-05-28T13:04:26.752,2026-05-28T13:19:56.752,,-0.23104759999841917
60.46039020000171,60.46039020000171,-0.002553181,279,2026-05-28T13:04:27.200,2026-05-28T13:19:57.200,,60.51446750000105,-101.63,121,2026-05-28T13:04:27.250,2026-05-28T13:19:57.250,,0.05407729999933508
60.675725500001136,60.675725500001136,-0.002569891,280,2026-05-28T13:04:27.416,2026-05-28T13:19:57.416,,60.51446750000105,-101.63,121,2026-05-28T13:04:27.250,2026-05-28T13:19:57.250,,-0.16125800000008894
60.890853299999435,60.890853299999435,-0.002506193,281,2026-05-28T13:04:27.631,2026-05-28T13:19:57.631,,61.014458300000115,-104.07,122,2026-05-28T13:04:27.755,2026-05-28T13:19:57.755,,0.12360500000067987
61.105977499999426,61.105977499999426,-0.002568289,282,2026-05-28T13:04:27.839,2026-05-28T13:19:57.839,,61.014458300000115,-104.07,122,2026-05-28T13:04:27.755,2026-05-28T13:19:57.755,,-0.09151919999931124
61.32119410000087,61.32119410000087,-0.002600578,283,2026-05-28T13:04:28.056,2026-05-28T13:19:58.056,,61.5144747000013,-102.75,123,2026-05-28T13:04:28.254,2026-05-28T13:19:58.254,,0.1932806000004348
61.53624940000009,61.53624940000009,-0.002640384,284,2026-05-28T13:04:28.273,2026-05-28T13:19:58.273,,61.5144747000013,-102.75,123,2026-05-28T13:04:28.254,2026-05-28T13:19:58.254,,-0.021774699998786673
61.75141860000076,61.75141860000076,-0.002624512,285,2026-05-28T13:04:28.490,2026-05-28T13:19:58.490,,61.5144747000013,-102.75,123,2026-05-28T13:04:28.254,2026-05-28T13:19:58.254,,-0.23694389999945997
61.966395499999635,61.966395499999635,-0.002563295,286,2026-05-28T13:04:28.706,2026-05-28T13:19:58.706,,62.014463200001046,-101.58,124,2026-05-28T13:04:28.749,2026-05-28T13:19:58.749,,0.04806770000141114
62.181467400001566,62.181467400001566,-0.0025351,287,2026-05-28T13:04:28.916,2026-05-28T13:19:58.916,,62.014463200001046,-101.58,124,2026-05-28T13:04:28.749,2026-05-28T13:19:58.749,,-0.16700420000051963
62.397043799999665,62.397043799999665,-0.00268175,288,2026-05-28T13:04:29.137,2026-05-28T13:19:59.137,,62.514372800000274,-103.77,125,2026-05-28T13:04:29.249,2026-05-28T13:19:59.249,,0.11732900000060908
62.612173900000926,62.612173900000926,-0.00278984,289,2026-05-28T13:04:29.350,2026-05-28T13:19:59.350,,62.514372800000274,-103.77,125,2026-05-28T13:04:29.249,2026-05-28T13:19:59.249,,-0.09780110000065179
62.827183199999126,62.827183199999126,-0.002749269,290,2026-05-28T13:04:29.566,2026-05-28T13:19:59.566,,63.014563000000635,-105.72,126,2026-05-28T13:04:29.753,2026-05-28T13:19:59.753,,0.18737980000150856
63.04232160000174,63.04232160000174,-0.002686671,291,2026-05-28T13:04:29.783,2026-05-28T13:19:59.783,,63.014563000000635,-105.72,126,2026-05-28T13:04:29.753,2026-05-28T13:19:59.753,,-0.02775860000110697
63.25746889999937,63.25746889999937,-0.00263249,292,2026-05-28T13:04:29.989,2026-05-28T13:19:59.989,,63.014563000000635,-105.72,126,2026-05-28T13:04:29.753,2026-05-28T13:19:59.753,,-0.2429058999987319
63.47241639999993,63.47241639999993,-0.002579198,293,2026-05-28T13:04:30.206,2026-05-28T13:20:00.206,,63.51436090000061,-105.53,127,2026-05-28T13:04:30.254,2026-05-28T13:20:00.254,,0.04194450000068173
63.6879626000009,63.6879626000009,-0.002529498,294,2026-05-28T13:04:30.429,2026-05-28T13:20:00.429,,63.51436090000061,-105.53,127,2026-05-28T13:04:30.254,2026-05-28T13:20:00.254,,-0.1736017000002903
63.90306039999996,63.90306039999996,-0.002479694,295,2026-05-28T13:04:30.640,2026-05-28T13:20:00.640,,64.0145021999997,-105.81,128,2026-05-28T13:04:30.749,2026-05-28T13:20:00.749,,0.11144179999973858
64.11811769999986,64.11811769999986,-0.002442066,296,2026-05-28T13:04:30.859,2026-05-28T13:20:00.859,,64.0145021999997,-105.81,128,2026-05-28T13:04:30.749,2026-05-28T13:20:00.749,,-0.10361550000015995
64.33325319999858,64.33325319999858,-0.002408332,297,2026-05-28T13:04:31.073,2026-05-28T13:20:01.073,,64.51443899999867,-106.91,129,2026-05-28T13:04:31.249,2026-05-28T13:20:01.249,,0.18118580000009388
64.54827870000008,64.54827870000008,-0.00238779,298,2026-05-28T13:04:31.289,2026-05-28T13:20:01.289,,64.51443899999867,-106.91,129,2026-05-28T13:04:31.249,2026-05-28T13:20:01.249,,-0.033839700001408346
64.76348240000152,64.76348240000152,-0.002476061,299,2026-05-28T13:04:31.499,2026-05-28T13:20:01.499,,64.51443899999867,-106.91,129,2026-05-28T13:04:31.249,2026-05-28T13:20:01.249,,-0.2490434000028472
64.9786396999989,64.9786396999989,-0.002603761,300,2026-05-28T13:04:31.710,2026-05-28T13:20:01.710,,65.01436059999833,-107.27,130,2026-05-28T13:04:31.755,2026-05-28T13:20:01.755,,0.03572089999943273
65.1938098999999,65.1938098999999,-0.002579533,301,2026-05-28T13:04:31.931,2026-05-28T13:20:01.931,,65.01436059999833,-107.27,130,2026-05-28T13:04:31.755,2026-05-28T13:20:01.755,,-0.1794493000015791
65.40900429999965,65.40900429999965,-0.002533247,302,2026-05-28T13:04:32.144,2026-05-28T13:20:02.144,,65.51430429999891,-109.08,131,2026-05-28T13:04:32.249,2026-05-28T13:20:02.249,,0.10529999999926076
65.62414849999914,65.62414849999914,-0.0025175,303,2026-05-28T13:04:32.365,2026-05-28T13:20:02.365,,65.51430429999891,-109.08,131,2026-05-28T13:04:32.249,2026-05-28T13:20:02.249,,-0.1098442000002251
65.83948600000076,65.83948600000076,-0.002466293,304,2026-05-28T13:04:32.577,2026-05-28T13:20:02.577,,66.01443329999893,-108.71,132,2026-05-28T13:04:32.749,2026-05-28T13:20:02.749,,0.17494729999816627
66.05472680000094,66.05472680000094,-0.002442191,305,2026-05-28T13:04:32.794,2026-05-28T13:20:02.794,,66.01443329999893,-108.71,132,2026-05-28T13:04:32.749,2026-05-28T13:20:02.749,,-0.04029350000200793
66.2698186000016,66.2698186000016,-0.002403568,306,2026-05-28T13:04:33.010,2026-05-28T13:20:03.010,,66.51426070000161,-109.2,133,2026-05-28T13:04:33.255,2026-05-28T13:20:03.255,,0.24444210000001476
66.48515229999975,66.48515229999975,-0.002386995,307,2026-05-28T13:04:33.226,2026-05-28T13:20:03.226,,66.51426070000161,-109.2,133,2026-05-28T13:04:33.255,2026-05-28T13:20:03.255,,0.02910840000185999
66.70022109999991,66.70022109999991,-0.002365793,308,2026-05-28T13:04:33.441,2026-05-28T13:20:03.441,,66.51426070000161,-109.2,133,2026-05-28T13:04:33.255,2026-05-28T13:20:03.255,,-0.18596039999829372
66.91533319999871,66.91533319999871,-0.002346895,309,2026-05-28T13:04:33.656,2026-05-28T13:20:03.656,,67.01443270000163,-110.87,134,2026-05-28T13:04:33.749,2026-05-28T13:20:03.749,,0.09909950000292156
67.13049350000074,67.13049350000074,-0.00233206,310,2026-05-28T13:04:33.870,2026-05-28T13:20:03.870,,67.01443270000163,-110.87,134,2026-05-28T13:04:33.749,2026-05-28T13:20:03.749,,-0.11606079999910435
67.34536569999909,67.34536569999909,-0.002337127,311,2026-05-28T13:04:34.081,2026-05-28T13:20:04.081,,67.51479240000117,-111.23,135,2026-05-28T13:04:34.254,2026-05-28T13:20:04.254,,0.16942670000207727
67.56042700000035,67.56042700000035,-0.002374075,312,2026-05-28T13:04:34.292,2026-05-28T13:20:04.292,,67.51479240000117,-111.23,135,2026-05-28T13:04:34.254,2026-05-28T13:20:04.254,,-0.04563459999917541
67.77550100000008,67.77550100000008,-0.002370285,313,2026-05-28T13:04:34.516,2026-05-28T13:20:04.516,,68.01437409999926,-112.31,136,2026-05-28T13:04:34.750,2026-05-28T13:20:04.750,,0.23887309999918216
67.99065809999956,67.99065809999956,-0.00235702,314,2026-05-28T13:04:34.731,2026-05-28T13:20:04.731,,68.01437409999926,-112.31,136,2026-05-28T13:04:34.750,2026-05-28T13:20:04.750,,0.02371599999969476
68.2057418000004,68.2057418000004,-0.002352172,315,2026-05-28T13:04:34.946,2026-05-28T13:20:04.946,,68.01437409999926,-112.31,136,2026-05-28T13:04:34.750,2026-05-28T13:20:04.750,,-0.19136770000113756
68.42095709999921,68.42095709999921,-0.002338582,316,2026-05-28T13:04:35.161,2026-05-28T13:20:05.161,,68.51426060000085,-112.51,137,2026-05-28T13:04:35.245,2026-05-28T13:20:05.245,,0.0933035000016389
68.63604249999844,68.63604249999844,-0.002331411,317,2026-05-28T13:04:35.376,2026-05-28T13:20:05.376,,68.51426060000085,-112.51,137,2026-05-28T13:04:35.245,2026-05-28T13:20:05.245,,-0.12178189999758615
68.85126260000106,68.85126260000106,-0.002322585,318,2026-05-28T13:04:35.591,2026-05-28T13:20:05.591,,69.01443659999859,-112.74,138,2026-05-28T13:04:35.746,2026-05-28T13:20:05.746,,0.16317399999752524
69.06638509999902,69.06638509999902,-0.002315758,319,2026-05-28T13:04:35.806,2026-05-28T13:20:05.806,,69.01443659999859,-112.74,138,2026-05-28T13:04:35.746,2026-05-28T13:20:05.746,,-0.05194850000043516
69.28182039999956,69.28182039999956,-0.002312062,320,2026-05-28T13:04:36.017,2026-05-28T13:20:06.017,,69.51459389999945,-114.12,139,2026-05-28T13:04:36.255,2026-05-28T13:20:06.255,,0.23277349999989383
69.49694589999854,69.49694589999854,-0.002309937,321,2026-05-28T13:04:36.237,2026-05-28T13:20:06.237,,69.51459389999945,-114.12,139,2026-05-28T13:04:36.255,2026-05-28T13:20:06.255,,0.01764800000091782
69.71209559999988,69.71209559999988,-0.002307644,322,2026-05-28T13:04:36.443,2026-05-28T13:20:06.443,,69.51459389999945,-114.12,139,2026-05-28T13:04:36.255,2026-05-28T13:20:06.255,,-0.19750170000043
69.92720929999996,69.92720929999996,-0.00230243,323,2026-05-28T13:04:36.667,2026-05-28T13:20:06.667,,70.01434359999985,-113.53,140,2026-05-28T13:04:36.754,2026-05-28T13:20:06.754,,0.08713429999988875
70.1423595999986,70.1423595999986,-0.002301362,324,2026-05-28T13:04:36.880,2026-05-28T13:20:06.880,,70.01434359999985,-113.53,140,2026-05-28T13:04:36.754,2026-05-28T13:20:06.754,,-0.1280159999987518
70.35753950000071,70.35753950000071,-0.002306838,325,2026-05-28T13:04:37.093,2026-05-28T13:20:07.093,,70.51432570000179,-114.51,141,2026-05-28T13:04:37.250,2026-05-28T13:20:07.250,,0.15678620000107912
70.57263270000112,70.57263270000112,-0.002310534,326,2026-05-28T13:04:37.310,2026-05-28T13:20:07.310,,70.51432570000179,-114.51,141,2026-05-28T13:04:37.250,2026-05-28T13:20:07.250,,-0.05830699999933131
70.78775840000162,70.78775840000162,-0.002310126,327,2026-05-28T13:04:37.527,2026-05-28T13:20:07.527,,71.01442490000045,-115.95,142,2026-05-28T13:04:37.746,2026-05-28T13:20:07.746,,0.22666649999882793
71.00275959999999,71.00275959999999,-0.002311057,328,2026-05-28T13:04:37.742,2026-05-28T13:20:07.742,,71.01442490000045,-115.95,142,2026-05-28T13:04:37.746,2026-05-28T13:20:07.746,,0.011665300000458956
71.21820959999968,71.21820959999968,-0.002337043,329,2026-05-28T13:04:37.958,2026-05-28T13:20:07.958,,71.01442490000045,-115.95,142,2026-05-28T13:04:37.746,2026-05-28T13:20:07.746,,-0.20378469999923254
71.433422099999,71.433422099999,-0.002468481,330,2026-05-28T13:04:38.174,2026-05-28T13:20:08.174,,71.51443160000053,-116.16,143,2026-05-28T13:04:38.253,2026-05-28T13:20:08.253,,0.08100950000152807
71.64835070000117,71.64835070000117,-0.002511595,331,2026-05-28T13:04:38.389,2026-05-28T13:20:08.389,,71.51443160000053,-116.16,143,2026-05-28T13:04:38.253,2026-05-28T13:20:08.253,,-0.13391910000063945
71.8634974000015,71.8634974000015,-0.002493891,332,2026-05-28T13:04:38.604,2026-05-28T13:20:08.604,,72.01435449999917,-117.45,144,2026-05-28T13:04:38.751,2026-05-28T13:20:08.751,,0.1508570999976655
72.0787636999994,72.0787636999994,-0.002476898,333,2026-05-28T13:04:38.810,2026-05-28T13:20:08.810,,72.01435449999917,-117.45,144,2026-05-28T13:04:38.751,2026-05-28T13:20:08.751,,-0.06440920000022743
72.29388359999939,72.29388359999939,-0.00245956,334,2026-05-28T13:04:39.034,2026-05-28T13:20:09.034,,72.51451240000097,-117.7,145,2026-05-28T13:04:39.249,2026-05-28T13:20:09.249,,0.22062880000157747
72.50878160000138,72.50878160000138,-0.00244483,335,2026-05-28T13:04:39.249,2026-05-28T13:20:09.249,,72.51451240000097,-117.7,145,2026-05-28T13:04:39.249,2026-05-28T13:20:09.249,,0.005730799999582814
72.72388389999833,72.72388389999833,-0.00243347,336,2026-05-28T13:04:39.458,2026-05-28T13:20:09.458,,72.51451240000097,-117.7,145,2026-05-28T13:04:39.249,2026-05-28T13:20:09.249,,-0.20937149999735993
72.93896920000043,72.93896920000043,-0.002426277,337,2026-05-28T13:04:39.674,2026-05-28T13:20:09.674,,73.01440300000104,-117.6,146,2026-05-28T13:04:39.753,2026-05-28T13:20:09.753,,0.07543380000061006
73.15407810000033,73.15407810000033,-0.002420404,338,2026-05-28T13:04:39.890,2026-05-28T13:20:09.890,,73.01440300000104,-117.6,146,2026-05-28T13:04:39.753,2026-05-28T13:20:09.753,,-0.13967509999929462
73.36917489999905,73.36917489999905,-0.002417849,339,2026-05-28T13:04:40.110,2026-05-28T13:20:10.110,,73.51454659999945,-120.79,147,2026-05-28T13:04:40.251,2026-05-28T13:20:10.251,,0.14537170000039623
73.58428139999887,73.58428139999887,-0.002433805,340,2026-05-28T13:04:40.317,2026-05-28T13:20:10.317,,73.51454659999945,-120.79,147,2026-05-28T13:04:40.251,2026-05-28T13:20:10.251,,-0.06973479999942356
73.79958590000024,73.79958590000024,-0.002515867,341,2026-05-28T13:04:40.540,2026-05-28T13:20:10.540,,74.01534570000149,-120.0,148,2026-05-28T13:04:40.756,2026-05-28T13:20:10.756,,0.21575980000125128
74.0147853999988,74.0147853999988,-0.002535142,342,2026-05-28T13:04:40.754,2026-05-28T13:20:10.754,,74.01534570000149,-120.0,148,2026-05-28T13:04:40.756,2026-05-28T13:20:10.756,,0.0005603000026894733
74.23054910000064,74.23054910000064,-0.002524473,343,2026-05-28T13:04:40.970,2026-05-28T13:20:10.970,,74.01534570000149,-120.0,148,2026-05-28T13:04:40.756,2026-05-28T13:20:10.756,,-0.2152033999991545
74.44550829999935,74.44550829999935,-0.002514966,344,2026-05-28T13:04:41.186,2026-05-28T13:20:11.186,,74.51450549999936,-120.39,149,2026-05-28T13:04:41.253,2026-05-28T13:20:11.253,,0.06899720000001253
74.66069309999875,74.66069309999875,-0.002499722,345,2026-05-28T13:04:41.397,2026-05-28T13:20:11.397,,74.51450549999936,-120.39,149,2026-05-28T13:04:41.253,2026-05-28T13:20:11.253,,-0.14618759999939357
74.87569259999873,74.87569259999873,-0.002489316,346,2026-05-28T13:04:41.612,2026-05-28T13:20:11.612,,75.01439590000155,-121.13,150,2026-05-28T13:04:41.753,2026-05-28T13:20:11.753,,0.13870330000281683
75.09085119999872,75.09085119999872,-0.002480123,347,2026-05-28T13:04:41.829,2026-05-28T13:20:11.829,,75.01439590000155,-121.13,150,2026-05-28T13:04:41.753,2026-05-28T13:20:11.753,,-0.07645529999717837
75.30592850000176,75.30592850000176,-0.002478396,348,2026-05-28T13:04:42.043,2026-05-28T13:20:12.043,,75.51451140000063,-121.08,151,2026-05-28T13:04:42.254,2026-05-28T13:20:12.254,,0.20858289999887347
75.52107180000166,75.52107180000166,-0.002498414,349,2026-05-28T13:04:42.260,2026-05-28T13:20:12.260,,75.51451140000063,-121.08,151,2026-05-28T13:04:42.254,2026-05-28T13:20:12.254,,-0.006560400001035305
75.73616649999894,75.73616649999894,-0.002500037,350,2026-05-28T13:04:42.470,2026-05-28T13:20:12.470,,75.51451140000063,-121.08,151,2026-05-28T13:04:42.254,2026-05-28T13:20:12.254,,-0.22165509999831556
75.95138589999988,75.95138589999988,-0.002496927,351,2026-05-28T13:04:42.691,2026-05-28T13:20:12.691,,76.01419479999822,-122.07,152,2026-05-28T13:04:42.753,2026-05-28T13:20:12.753,,0.06280889999834471
76.16654769999877,76.16654769999877,-0.002494247,352,2026-05-28T13:04:42.906,2026-05-28T13:20:12.906,,76.01419479999822,-122.07,152,2026-05-28T13:04:42.753,2026-05-28T13:20:12.753,,-0.15235290000055102
76.38167619999876,76.38167619999876,-0.002492593,353,2026-05-28T13:04:43.116,2026-05-28T13:20:13.116,,76.51445869999952,-121.28,153,2026-05-28T13:04:43.247,2026-05-28T13:20:13.247,,0.13278250000075786
76.59687530000156,76.59687530000156,-0.002498686,354,2026-05-28T13:04:43.334,2026-05-28T13:20:13.334,,76.51445869999952,-121.28,153,2026-05-28T13:04:43.247,2026-05-28T13:20:13.247,,-0.0824166000020341
76.8117487999989,76.8117487999989,-0.002490237,355,2026-05-28T13:04:43.552,2026-05-28T13:20:13.552,,77.01440649999859,-122.87,154,2026-05-28T13:04:43.751,2026-05-28T13:20:13.751,,0.20265769999969052
77.02707799999916,77.02707799999916,-0.002485672,356,2026-05-28T13:04:43.758,2026-05-28T13:20:13.758,,77.01440649999859,-122.87,154,2026-05-28T13:04:43.751,2026-05-28T13:20:13.751,,-0.012671500000578817
77.24216410000008,77.24216410000008,-0.002494268,357,2026-05-28T13:04:43.977,2026-05-28T13:20:13.977,,77.01440649999859,-122.87,154,2026-05-28T13:04:43.751,2026-05-28T13:20:13.751,,-0.22775760000149603
77.45726659999855,77.45726659999855,-0.002500298,358,2026-05-28T13:04:44.195,2026-05-28T13:20:14.195,,77.51437920000171,-121.99,155,2026-05-28T13:04:44.250,2026-05-28T13:20:14.250,,0.057112600003165426
77.67238809999981,77.67238809999981,-0.002499639,359,2026-05-28T13:04:44.409,2026-05-28T13:20:14.409,,77.51437920000171,-121.99,155,2026-05-28T13:04:44.250,2026-05-28T13:20:14.250,,-0.15800889999809442
77.88757070000065,77.88757070000065,-0.002506277,360,2026-05-28T13:04:44.627,2026-05-28T13:20:14.627,,78.0144063000007,-124.97,156,2026-05-28T13:04:44.753,2026-05-28T13:20:14.753,,0.12683560000004945
78.10248890000003,78.10248890000003,-0.002507313,361,2026-05-28T13:04:44.842,2026-05-28T13:20:14.842,,78.0144063000007,-124.97,156,2026-05-28T13:04:44.753,2026-05-28T13:20:14.753,,-0.08808259999932488
78.31771210000079,78.31771210000079,-0.002501764,362,2026-05-28T13:04:45.056,2026-05-28T13:20:15.056,,78.51437699999951,-124.96,157,2026-05-28T13:04:45.249,2026-05-28T13:20:15.249,,0.19666489999872283
78.53282449999824,78.53282449999824,-0.002508706,363,2026-05-28T13:04:45.273,2026-05-28T13:20:15.273,,78.51437699999951,-124.96,157,2026-05-28T13:04:45.249,2026-05-28T13:20:15.249,,-0.018447499998728745
78.748004699999,78.748004699999,-0.002510674,364,2026-05-28T13:04:45.483,2026-05-28T13:20:15.483,,78.51437699999951,-124.96,157,2026-05-28T13:04:45.249,2026-05-28T13:20:15.249,,-0.23362769999948796
78.96318379999866,78.96318379999866,-0.00251638,365,2026-05-28T13:04:45.700,2026-05-28T13:20:15.700,,79.0145803000014,-125.96,158,2026-05-28T13:04:45.755,2026-05-28T13:20:15.755,,0.05139650000273832
79.17819800000143,79.17819800000143,-0.002518683,366,2026-05-28T13:04:45.919,2026-05-28T13:20:15.919,,79.0145803000014,-125.96,158,2026-05-28T13:04:45.755,2026-05-28T13:20:15.755,,-0.16361770000003162
79.39347640000051,79.39347640000051,-0.002525405,367,2026-05-28T13:04:46.134,2026-05-28T13:20:16.134,,79.51440619999994,-125.04,159,2026-05-28T13:04:46.253,2026-05-28T13:20:16.253,,0.12092979999943054
79.60849900000176,79.60849900000176,-0.002518746,368,2026-05-28T13:04:46.349,2026-05-28T13:20:16.349,,79.51440619999994,-125.04,159,2026-05-28T13:04:46.253,2026-05-28T13:20:16.253,,-0.09409280000181752
79.82380230000126,79.82380230000126,-0.002514736,369,2026-05-28T13:04:46.560,2026-05-28T13:20:16.560,,80.01489020000008,-128.12,160,2026-05-28T13:04:46.756,2026-05-28T13:20:16.756,,0.19108789999881992
80.03875229999903,80.03875229999903,-0.0025155,370,2026-05-28T13:04:46.776,2026-05-28T13:20:16.776,,80.01489020000008,-128.12,160,2026-05-28T13:04:46.756,2026-05-28T13:20:16.756,,-0.023862099998950725
80.25390530000004,80.25390530000004,-0.002516453,371,2026-05-28T13:04:46.989,2026-05-28T13:20:16.989,,80.01489020000008,-128.12,160,2026-05-28T13:04:46.756,2026-05-28T13:20:16.756,,-0.2390150999999605
80.46887929999866,80.46887929999866,-0.002522986,372,2026-05-28T13:04:47.206,2026-05-28T13:20:17.206,,80.51446049999868,-127.75,161,2026-05-28T13:04:47.249,2026-05-28T13:20:17.249,,0.04558120000001509
80.68401219999942,80.68401219999942,-0.002527488,373,2026-05-28T13:04:47.425,2026-05-28T13:20:17.425,,80.51446049999868,-127.75,161,2026-05-28T13:04:47.249,2026-05-28T13:20:17.249,,-0.1695517000007385
80.89909400000033,80.89909400000033,-0.002534199,374,2026-05-28T13:04:47.640,2026-05-28T13:20:17.640,,81.01429510000162,-128.03,162,2026-05-28T13:04:47.753,2026-05-28T13:20:17.753,,0.11520110000128625
81.11446649999925,81.11446649999925,-0.002547182,375,2026-05-28T13:04:47.853,2026-05-28T13:20:17.853,,81.01429510000162,-128.03,162,2026-05-28T13:04:47.753,2026-05-28T13:20:17.753,,-0.10017139999763458
81.32969840000078,81.32969840000078,-0.002542785,376,2026-05-28T13:04:48.070,2026-05-28T13:20:18.070,,81.51427329999933,-128.64,163,2026-05-28T13:04:48.249,2026-05-28T13:20:18.249,,0.1845748999985517
81.54468569999881,81.54468569999881,-0.002545392,377,2026-05-28T13:04:48.283,2026-05-28T13:20:18.283,,81.51427329999933,-128.64,163,2026-05-28T13:04:48.249,2026-05-28T13:20:18.249,,-0.030412399999477202
81.75976140000057,81.75976140000057,-0.002547831,378,2026-05-28T13:04:48.500,2026-05-28T13:20:18.500,,81.51427329999933,-128.64,163,2026-05-28T13:04:48.249,2026-05-28T13:20:18.249,,-0.24548810000123922
81.97490059999836,81.97490059999836,-0.002553349,379,2026-05-28T13:04:48.706,2026-05-28T13:20:18.706,,82.01442260000113,-131.23,164,2026-05-28T13:04:48.749,2026-05-28T13:20:18.749,,0.03952200000276207
82.19000589999996,82.19000589999996,-0.002559201,380,2026-05-28T13:04:48.931,2026-05-28T13:20:18.931,,82.01442260000113,-131.23,164,2026-05-28T13:04:48.749,2026-05-28T13:20:18.749,,-0.17558329999883426
82.40511680000054,82.40511680000054,-0.00256496,381,2026-05-28T13:04:49.139,2026-05-28T13:20:19.139,,82.51444419999825,-130.33,165,2026-05-28T13:04:49.249,2026-05-28T13:20:19.249,,0.10932739999771002
82.6203729000008,82.6203729000008,-0.002569943,382,2026-05-28T13:04:49.356,2026-05-28T13:20:19.356,,82.51444419999825,-130.33,165,2026-05-28T13:04:49.249,2026-05-28T13:20:19.249,,-0.10592870000255061
82.83531009999933,82.83531009999933,-0.002577356,383,2026-05-28T13:04:49.573,2026-05-28T13:20:19.573,,83.01436280000053,-128.72,166,2026-05-28T13:04:49.749,2026-05-28T13:20:19.749,,0.17905270000119344
83.05064489999859,83.05064489999859,-0.002586779,384,2026-05-28T13:04:49.789,2026-05-28T13:20:19.789,,83.01436280000053,-128.72,166,2026-05-28T13:04:49.749,2026-05-28T13:20:19.749,,-0.03628209999806131
83.26573110000027,83.26573110000027,-0.002609309,385,2026-05-28T13:04:50.006,2026-05-28T13:20:20.006,,83.51439039999968,-133.65,167,2026-05-28T13:04:50.255,2026-05-28T13:20:20.255,,0.24865929999941727
83.48087730000043,83.48087730000043,-0.002619497,386,2026-05-28T13:04:50.216,2026-05-28T13:20:20.216,,83.51439039999968,-133.65,167,2026-05-28T13:04:50.255,2026-05-28T13:20:20.255,,0.03351309999925434
83.69594320000033,83.69594320000033,-0.002621936,387,2026-05-28T13:04:50.433,2026-05-28T13:20:20.433,,83.51439039999968,-133.65,167,2026-05-28T13:04:50.255,2026-05-28T13:20:20.255,,-0.18155280000064522
83.9109486999987,83.9109486999987,-0.002618722,388,2026-05-28T13:04:50.651,2026-05-28T13:20:20.651,,84.01444579999952,-130.88,168,2026-05-28T13:04:50.750,2026-05-28T13:20:20.750,,0.10349710000082268
84.1260203999991,84.1260203999991,-0.002624459,389,2026-05-28T13:04:50.866,2026-05-28T13:20:20.866,,84.01444579999952,-130.88,168,2026-05-28T13:04:50.750,2026-05-28T13:20:20.750,,-0.11157459999958519
84.34118949999902,84.34118949999902,-0.002635515,390,2026-05-28T13:04:51.073,2026-05-28T13:20:21.073,,84.51439010000104,-133.51,169,2026-05-28T13:04:51.253,2026-05-28T13:20:21.253,,0.1732006000020192
84.55615960000068,84.55615960000068,-0.002623664,391,2026-05-28T13:04:51.289,2026-05-28T13:20:21.289,,84.51439010000104,-133.51,169,2026-05-28T13:04:51.253,2026-05-28T13:20:21.253,,-0.04176949999964563
84.77110320000065,84.77110320000065,-0.002621967,392,2026-05-28T13:04:51.506,2026-05-28T13:20:21.506,,85.01427780000085,-132.93,170,2026-05-28T13:04:51.755,2026-05-28T13:20:21.755,,0.2431746000002022
84.98636030000125,84.98636030000125,-0.00262492,393,2026-05-28T13:04:51.723,2026-05-28T13:20:21.723,,85.01427780000085,-132.93,170,2026-05-28T13:04:51.755,2026-05-28T13:20:21.755,,0.027917499999603024
85.20118319999892,85.20118319999892,-0.002631191,394,2026-05-28T13:04:51.942,2026-05-28T13:20:21.942,,85.01427780000085,-132.93,170,2026-05-28T13:04:51.755,2026-05-28T13:20:21.755,,-0.18690539999806788
85.41653660000156,85.41653660000156,-0.002638468,395,2026-05-28T13:04:52.156,2026-05-28T13:20:22.156,,85.51427849999891,-134.14,171,2026-05-28T13:04:52.254,2026-05-28T13:20:22.254,,0.09774189999734517
85.63151700000162,85.63151700000162,-0.002645807,396,2026-05-28T13:04:52.372,2026-05-28T13:20:22.372,,85.51427849999891,-134.14,171,2026-05-28T13:04:52.254,2026-05-28T13:20:22.254,,-0.11723850000271341
85.84678609999901,85.84678609999901,-0.002653094,397,2026-05-28T13:04:52.583,2026-05-28T13:20:22.583,,86.01428250000026,-135.04,172,2026-05-28T13:04:52.755,2026-05-28T13:20:22.755,,0.1674964000012551
86.0618644999995,86.0618644999995,-0.002656528,398,2026-05-28T13:04:52.802,2026-05-28T13:20:22.802,,86.01428250000026,-135.04,172,2026-05-28T13:04:52.755,2026-05-28T13:20:22.755,,-0.04758199999923818
86.27695590000076,86.27695590000076,-0.00268599,399,2026-05-28T13:04:53.017,2026-05-28T13:20:23.017,,86.51427519999925,-134.54,173,2026-05-28T13:04:53.254,2026-05-28T13:20:23.254,,0.23731929999848944
86.49215009999898,86.49215009999898,-0.002682629,400,2026-05-28T13:04:53.227,2026-05-28T13:20:23.227,,86.51427519999925,-134.54,173,2026-05-28T13:04:53.254,2026-05-28T13:20:23.254,,0.022125100000266684
86.7072565999988,86.7072565999988,-0.002695004,401,2026-05-28T13:04:53.443,2026-05-28T13:20:23.443,,86.51427519999925,-134.54,173,2026-05-28T13:04:53.254,2026-05-28T13:20:23.254,,-0.1929813999995531
86.92234749999989,86.92234749999989,-0.002733491,402,2026-05-28T13:04:53.663,2026-05-28T13:20:23.663,,87.01442550000138,-137.08,174,2026-05-28T13:04:53.754,2026-05-28T13:20:23.754,,0.09207800000149291
87.1373754999986,87.1373754999986,-0.002787421,403,2026-05-28T13:04:53.874,2026-05-28T13:20:23.874,,87.01442550000138,-137.08,174,2026-05-28T13:04:53.754,2026-05-28T13:20:23.754,,-0.12294999999721767
87.35246779999943,87.35246779999943,-0.002788541,404,2026-05-28T13:04:54.093,2026-05-28T13:20:24.093,,87.51441790000172,-137.28,175,2026-05-28T13:04:54.255,2026-05-28T13:20:24.255,,0.1619501000022865
87.56760199999917,87.56760199999917,-0.00278651,405,2026-05-28T13:04:54.306,2026-05-28T13:20:24.306,,87.51441790000172,-137.28,175,2026-05-28T13:04:54.255,2026-05-28T13:20:24.255,,-0.053184099997451995
87.78295739999885,87.78295739999885,-0.002781977,406,2026-05-28T13:04:54.523,2026-05-28T13:20:24.523,,88.01461420000123,-138.71,176,2026-05-28T13:04:54.753,2026-05-28T13:20:24.753,,0.23165680000238353
87.99779080000008,87.99779080000008,-0.002791106,407,2026-05-28T13:04:54.738,2026-05-28T13:20:24.738,,88.01461420000123,-138.71,176,2026-05-28T13:04:54.753,2026-05-28T13:20:24.753,,0.016823400001158006
88.21348450000005,88.21348450000005,-0.002779705,408,2026-05-28T13:04:54.952,2026-05-28T13:20:24.952,,88.01461420000123,-138.71,176,2026-05-28T13:04:54.753,2026-05-28T13:20:24.753,,-0.19887029999881634
88.42855200000122,88.42855200000122,-0.002771381,409,2026-05-28T13:04:55.169,2026-05-28T13:20:25.169,,88.51437530000112,-137.69,177,2026-05-28T13:04:55.249,2026-05-28T13:20:25.249,,0.08582329999990179
88.64387569999963,88.64387569999963,-0.002769905,410,2026-05-28T13:04:55.376,2026-05-28T13:20:25.376,,88.51437530000112,-137.69,177,2026-05-28T13:04:55.249,2026-05-28T13:20:25.249,,-0.1295003999985056
88.85908779999954,88.85908779999954,-0.002765571,411,2026-05-28T13:04:55.593,2026-05-28T13:20:25.593,,89.0145119000008,-140.01,178,2026-05-28T13:04:55.749,2026-05-28T13:20:25.749,,0.15542410000125528
89.07416219999868,89.07416219999868,-0.002767089,412,2026-05-28T13:04:55.810,2026-05-28T13:20:25.810,,89.0145119000008,-140.01,178,2026-05-28T13:04:55.749,2026-05-28T13:20:25.749,,-0.05965029999788385
89.28942989999996,89.28942989999996,-0.002773057,413,2026-05-28T13:04:56.026,2026-05-28T13:20:26.026,,89.51429740000094,-138.43,179,2026-05-28T13:04:56.255,2026-05-28T13:20:26.255,,0.22486750000098255
89.50440810000146,89.50440810000146,-0.002769958,414,2026-05-28T13:04:56.243,2026-05-28T13:20:26.243,,89.51429740000094,-138.43,179,2026-05-28T13:04:56.255,2026-05-28T13:20:26.255,,0.009889299999485957
89.71953080000094,89.71953080000094,-0.002777747,415,2026-05-28T13:04:56.460,2026-05-28T13:20:26.460,,89.51429740000094,-138.43,179,2026-05-28T13:04:56.255,2026-05-28T13:20:26.255,,-0.20523339999999735
89.93447110000125,89.93447110000125,-0.002781726,416,2026-05-28T13:04:56.675,2026-05-28T13:20:26.675,,90.01420549999966,-140.69,180,2026-05-28T13:04:56.749,2026-05-28T13:20:26.749,,0.07973439999841503
90.1495849999992,90.1495849999992,-0.002783819,417,2026-05-28T13:04:56.890,2026-05-28T13:20:26.890,,90.01420549999966,-140.69,180,2026-05-28T13:04:56.749,2026-05-28T13:20:26.749,,-0.13537949999954435
90.36473789999945,90.36473789999945,-0.002791421,418,2026-05-28T13:04:57.102,2026-05-28T13:20:27.102,,90.51482380000016,-138.56,181,2026-05-28T13:04:57.250,2026-05-28T13:20:27.250,,0.150085900000704
90.57991140000013,90.57991140000013,-0.002788374,419,2026-05-28T13:04:57.320,2026-05-28T13:20:27.320,,90.51482380000016,-138.56,181,2026-05-28T13:04:57.250,2026-05-28T13:20:27.250,,-0.06508759999996983
90.79719370000021,90.79719370000021,-0.002805555,420,2026-05-28T13:04:57.538,2026-05-28T13:20:27.538,,91.01474579999922,-141.74,182,2026-05-28T13:04:57.754,2026-05-28T13:20:27.754,,0.21755209999901126
91.01237860000037,91.01237860000037,-0.002797378,421,2026-05-28T13:04:57.744,2026-05-28T13:20:27.744,,91.01474579999922,-141.74,182,2026-05-28T13:04:57.754,2026-05-28T13:20:27.754,,0.0023671999988437165
91.22747359999994,91.22747359999994,-0.002805586,422,2026-05-28T13:04:57.960,2026-05-28T13:20:27.960,,91.01474579999922,-141.74,182,2026-05-28T13:04:57.754,2026-05-28T13:20:27.754,,-0.2127278000007209
91.44277579999834,91.44277579999834,-0.002809292,423,2026-05-28T13:04:58.183,2026-05-28T13:20:28.183,,91.51470609999888,-141.5,183,2026-05-28T13:04:58.253,2026-05-28T13:20:28.253,,0.07193030000053113
91.65784440000061,91.65784440000061,-0.002812946,424,2026-05-28T13:04:58.396,2026-05-28T13:20:28.396,,91.51470609999888,-141.5,183,2026-05-28T13:04:58.253,2026-05-28T13:20:28.253,,-0.14313830000173766
91.8729568000017,91.8729568000017,-0.002816747,425,2026-05-28T13:04:58.606,2026-05-28T13:20:28.606,,92.01425260000178,-141.24,184,2026-05-28T13:04:58.753,2026-05-28T13:20:28.753,,0.1412958000000799
92.088210599999,92.088210599999,-0.002813637,426,2026-05-28T13:04:58.823,2026-05-28T13:20:28.823,,92.01425260000178,-141.24,184,2026-05-28T13:04:58.753,2026-05-28T13:20:28.753,,-0.0739579999972193
92.30347080000138,92.30347080000138,-0.002816988,427,2026-05-28T13:04:59.043,2026-05-28T13:20:29.043,,92.51454269999886,-143.52,185,2026-05-28T13:04:59.253,2026-05-28T13:20:29.253,,0.21107189999747789
92.51845799999865,92.51845799999865,-0.002820474,428,2026-05-28T13:04:59.259,2026-05-28T13:20:29.259,,92.51454269999886,-143.52,185,2026-05-28T13:04:59.253,2026-05-28T13:20:29.253,,-0.003915299999789568
92.73365619999822,92.73365619999822,-0.002825395,429,2026-05-28T13:04:59.467,2026-05-28T13:20:29.467,,92.51454269999886,-143.52,185,2026-05-28T13:04:59.253,2026-05-28T13:20:29.253,,-0.21911349999936647
92.94853240000157,92.94853240000157,-0.002841382,430,2026-05-28T13:04:59.689,2026-05-28T13:20:29.689,,93.01435420000053,-143.44,186,2026-05-28T13:04:59.750,2026-05-28T13:20:29.750,,0.06582179999895743
93.16375939999853,93.16375939999853,-0.002847214,431,2026-05-28T13:04:59.895,2026-05-28T13:20:29.895,,93.01435420000053,-143.44,186,2026-05-28T13:04:59.750,2026-05-28T13:20:29.750,,-0.14940519999800017
93.3788573999991,93.3788573999991,-0.002850376,432,2026-05-28T13:05:00.112,2026-05-28T13:20:30.112,,93.51444370000172,-143.08,187,2026-05-28T13:05:00.253,2026-05-28T13:20:30.253,,0.13558630000261473
93.59383700000035,93.59383700000035,-0.0028478,433,2026-05-28T13:05:00.334,2026-05-28T13:20:30.334,,93.51444370000172,-143.08,187,2026-05-28T13:05:00.253,2026-05-28T13:20:30.253,,-0.07939329999862821
93.80909260000044,93.80909260000044,-0.002863369,434,2026-05-28T13:05:00.543,2026-05-28T13:20:30.543,,94.01420309999958,-143.85,188,2026-05-28T13:05:00.751,2026-05-28T13:20:30.751,,0.20511049999913666
94.0241731999995,94.0241731999995,-0.002861024,435,2026-05-28T13:05:00.762,2026-05-28T13:20:30.762,,94.01420309999958,-143.85,188,2026-05-28T13:05:00.751,2026-05-28T13:20:30.751,,-0.009970099999918602
94.23947609999959,94.23947609999959,-0.002867975,436,2026-05-28T13:05:00.980,2026-05-28T13:20:30.980,,94.01420309999958,-143.85,188,2026-05-28T13:05:00.751,2026-05-28T13:20:30.751,,-0.2252730000000156
94.45449210000152,94.45449210000152,-0.002871127,437,2026-05-28T13:05:01.186,2026-05-28T13:20:31.186,,94.51424029999907,-145.82,189,2026-05-28T13:05:01.249,2026-05-28T13:20:31.249,,0.059748199997557094
94.66961920000176,94.66961920000176,-0.002877032,438,2026-05-28T13:05:01.407,2026-05-28T13:20:31.407,,94.51424029999907,-145.82,189,2026-05-28T13:05:01.249,2026-05-28T13:20:31.249,,-0.15537890000268817
94.88488779999898,94.88488779999898,-0.002877869,439,2026-05-28T13:05:01.617,2026-05-28T13:20:31.617,,95.01479749999999,-145.27,190,2026-05-28T13:05:01.754,2026-05-28T13:20:31.754,,0.12990970000100788
95.09988140000132,95.09988140000132,-0.002880895,440,2026-05-28T13:05:01.840,2026-05-28T13:20:31.840,,95.01479749999999,-145.27,190,2026-05-28T13:05:01.754,2026-05-28T13:20:31.754,,-0.08508390000133659
95.31494060000114,95.31494060000114,-0.002887753,441,2026-05-28T13:05:02.053,2026-05-28T13:20:32.053,,95.51430959999925,-145.49,191,2026-05-28T13:05:02.250,2026-05-28T13:20:32.250,,0.1993689999981143
95.5300462999985,95.5300462999985,-0.002895731,442,2026-05-28T13:05:02.270,2026-05-28T13:20:32.270,,95.51430959999925,-145.49,191,2026-05-28T13:05:02.250,2026-05-28T13:20:32.250,,-0.01573669999925187
95.74522589999833,95.74522589999833,-0.0028975,443,2026-05-28T13:05:02.480,2026-05-28T13:20:32.480,,95.51430959999925,-145.49,191,2026-05-28T13:05:02.250,2026-05-28T13:20:32.250,,-0.23091629999908037
95.96030080000128,95.96030080000128,-0.002923088,444,2026-05-28T13:05:02.694,2026-05-28T13:20:32.694,,96.01434470000095,-146.73,192,2026-05-28T13:05:02.753,2026-05-28T13:20:32.753,,0.05404389999966952
96.1755250999995,96.1755250999995,-0.002915393,445,2026-05-28T13:05:02.916,2026-05-28T13:20:32.916,,96.01434470000095,-146.73,192,2026-05-28T13:05:02.753,2026-05-28T13:20:32.753,,-0.16118039999855682
96.39074249999976,96.39074249999976,-0.002916681,446,2026-05-28T13:05:03.123,2026-05-28T13:20:33.123,,96.51433760000145,-146.24,193,2026-05-28T13:05:03.250,2026-05-28T13:20:33.250,,0.12359510000169394
96.60594489999858,96.60594489999858,-0.002921832,447,2026-05-28T13:05:03.339,2026-05-28T13:20:33.339,,96.51433760000145,-146.24,193,2026-05-28T13:05:03.250,2026-05-28T13:20:33.250,,-0.09160729999712203
96.82088600000134,96.82088600000134,-0.00293471,448,2026-05-28T13:05:03.556,2026-05-28T13:20:33.556,,97.01445230000172,-148.16,194,2026-05-28T13:05:03.749,2026-05-28T13:20:33.749,,0.19356630000038422
97.03613570000016,97.03613570000016,-0.002935526,449,2026-05-28T13:05:03.773,2026-05-28T13:20:33.773,,97.01445230000172,-148.16,194,2026-05-28T13:05:03.749,2026-05-28T13:20:33.749,,-0.02168339999843738
97.25104709999869,97.25104709999869,-0.002938563,450,2026-05-28T13:05:03.991,2026-05-28T13:20:33.991,,97.01445230000172,-148.16,194,2026-05-28T13:05:03.749,2026-05-28T13:20:33.749,,-0.23659479999696487
97.46617609999885,97.46617609999885,-0.00294141,451,2026-05-28T13:05:04.207,2026-05-28T13:20:34.207,,97.51484699999855,-148.76,195,2026-05-28T13:05:04.256,2026-05-28T13:20:34.256,,0.04867089999970631
97.68143350000173,97.68143350000173,-0.002948812,452,2026-05-28T13:05:04.416,2026-05-28T13:20:34.416,,97.51484699999855,-148.76,195,2026-05-28T13:05:04.256,2026-05-28T13:20:34.256,,-0.1665865000031772
97.89657200000147,97.89657200000147,-0.002957911,453,2026-05-28T13:05:04.637,2026-05-28T13:20:34.637,,98.01449639999919,-149.18,196,2026-05-28T13:05:04.753,2026-05-28T13:20:34.753,,0.11792439999771887
98.1116585000018,98.1116585000018,-0.002957586,454,2026-05-28T13:05:04.843,2026-05-28T13:20:34.843,,98.01449639999919,-149.18,196,2026-05-28T13:05:04.753,2026-05-28T13:20:34.753,,-0.09716210000260617
98.32673609999983,98.32673609999983,-0.002977751,455,2026-05-28T13:05:05.060,2026-05-28T13:20:35.060,,98.5143504000007,-150.63,197,2026-05-28T13:05:05.249,2026-05-28T13:20:35.249,,0.18761430000085966
98.54193769999983,98.54193769999983,-0.002980724,456,2026-05-28T13:05:05.281,2026-05-28T13:20:35.281,,98.5143504000007,-150.63,197,2026-05-28T13:05:05.249,2026-05-28T13:20:35.249,,-0.02758729999914067
98.75700940000024,98.75700940000024,-0.00298129,457,2026-05-28T13:05:05.493,2026-05-28T13:20:35.493,,98.5143504000007,-150.63,197,2026-05-28T13:05:05.249,2026-05-28T13:20:35.249,,-0.24265899999954854
98.97221239999999,98.97221239999999,-0.003005904,458,2026-05-28T13:05:05.710,2026-05-28T13:20:35.710,,99.01423179999983,-151.83,198,2026-05-28T13:05:05.755,2026-05-28T13:20:35.755,,0.04201939999984461
99.18725469999845,99.18725469999845,-0.003003234,459,2026-05-28T13:05:05.927,2026-05-28T13:20:35.927,,99.01423179999983,-151.83,198,2026-05-28T13:05:05.755,2026-05-28T13:20:35.755,,-0.17302289999861387
99.40249019999828,99.40249019999828,-0.002999664,460,2026-05-28T13:05:06.143,2026-05-28T13:20:36.143,,99.51432120000027,-149.33,199,2026-05-28T13:05:06.253,2026-05-28T13:20:36.253,,0.11183100000198465
99.6174428000013,99.6174428000013,-0.00300805,461,2026-05-28T13:05:06.358,2026-05-28T13:20:36.358,,99.51432120000027,-149.33,199,2026-05-28T13:05:06.253,2026-05-28T13:20:36.253,,-0.10312160000103177
99.83275979999962,99.83275979999962,-0.003008417,462,2026-05-28T13:05:06.573,2026-05-28T13:20:36.573,,100.01432310000018,-152.36,200,2026-05-28T13:05:06.749,2026-05-28T13:20:36.749,,0.18156330000056187
100.04766580000069,100.04766580000069,-0.003011966,463,2026-05-28T13:05:06.787,2026-05-28T13:20:36.787,,100.01432310000018,-152.36,200,2026-05-28T13:05:06.749,2026-05-28T13:20:36.749,,-0.0333427000005031
100.26304910000181,100.26304910000181,-0.003018279,464,2026-05-28T13:05:07.003,2026-05-28T13:20:37.003,,100.01432310000018,-152.36,200,2026-05-28T13:05:06.749,2026-05-28T13:20:36.749,,-0.24872600000162493
100.47819309999977,100.47819309999977,-0.003020363,465,2026-05-28T13:05:07.210,2026-05-28T13:20:37.210,,100.5143167999995,-151.66,201,2026-05-28T13:05:07.255,2026-05-28T13:20:37.255,,0.036123699999734527
100.693274199999,100.693274199999,-0.003028414,466,2026-05-28T13:05:07.431,2026-05-28T13:20:37.431,,100.5143167999995,-151.66,201,2026-05-28T13:05:07.255,2026-05-28T13:20:37.255,,-0.17895739999949
100.90849180000077,100.90849180000077,-0.003035533,467,2026-05-28T13:05:07.643,2026-05-28T13:20:37.643,,101.01447570000164,-153.62,202,2026-05-28T13:05:07.749,2026-05-28T13:20:37.749,,0.1059839000008651
101.12354179999966,101.12354179999966,-0.003042088,468,2026-05-28T13:05:07.860,2026-05-28T13:20:37.860,,101.01447570000164,-153.62,202,2026-05-28T13:05:07.749,2026-05-28T13:20:37.749,,-0.10906609999801731
101.33870670000033,101.33870670000033,-0.003039931,469,2026-05-28T13:05:08.079,2026-05-28T13:20:38.079,,101.51429020000069,-154.08,203,2026-05-28T13:05:08.249,2026-05-28T13:20:38.249,,0.17558350000035716
101.55372340000031,101.55372340000031,-0.003046747,470,2026-05-28T13:05:08.293,2026-05-28T13:20:38.293,,101.51429020000069,-154.08,203,2026-05-28T13:05:08.249,2026-05-28T13:20:38.249,,-0.03943319999962114
101.76886770000056,101.76886770000056,-0.003052076,471,2026-05-28T13:05:08.506,2026-05-28T13:20:38.506,,102.01426450000145,-154.57,204,2026-05-28T13:05:08.755,2026-05-28T13:20:38.755,,0.24539680000088993
101.98393800000122,101.98393800000122,-0.003060211,472,2026-05-28T13:05:08.723,2026-05-28T13:20:38.723,,102.01426450000145,-154.57,204,2026-05-28T13:05:08.755,2026-05-28T13:20:38.755,,0.030326500000228407
102.19919780000055,102.19919780000055,-0.003061676,473,2026-05-28T13:05:08.939,2026-05-28T13:20:38.939,,102.01426450000145,-154.57,204,2026-05-28T13:05:08.755,2026-05-28T13:20:38.755,,-0.18493329999910202
102.44188700000086,102.44188700000086,-0.003067131,474,2026-05-28T13:05:09.183,2026-05-28T13:20:39.183,,102.51413500000126,-155.49,205,2026-05-28T13:05:09.253,2026-05-28T13:20:39.253,,0.07224800000039977
102.65653789999851,102.65653789999851,-0.00307178,475,2026-05-28T13:05:09.389,2026-05-28T13:20:39.389,,102.51413500000126,-155.49,205,2026-05-28T13:05:09.253,2026-05-28T13:20:39.253,,-0.14240289999725064
102.8716138000018,102.8716138000018,-0.003073978,476,2026-05-28T13:05:09.606,2026-05-28T13:20:39.606,,103.01431030000094,-155.12,206,2026-05-28T13:05:09.749,2026-05-28T13:20:39.749,,0.1426964999991469
103.08681960000104,103.08681960000104,-0.003090165,477,2026-05-28T13:05:09.823,2026-05-28T13:20:39.823,,103.01431030000094,-155.12,206,2026-05-28T13:05:09.749,2026-05-28T13:20:39.749,,-0.07250930000009248
103.30176900000151,103.30176900000151,-0.003098499,478,2026-05-28T13:05:10.040,2026-05-28T13:20:40.040,,103.5142846000017,-155.03,207,2026-05-28T13:05:10.249,2026-05-28T13:20:40.249,,0.212515600000188
103.51696200000151,103.51696200000151,-0.003111209,479,2026-05-28T13:05:10.256,2026-05-28T13:20:40.256,,103.5142846000017,-155.03,207,2026-05-28T13:05:10.249,2026-05-28T13:20:40.249,,-0.002677399999811314
103.73188339999979,103.73188339999979,-0.003108078,480,2026-05-28T13:05:10.473,2026-05-28T13:20:40.473,,103.5142846000017,-155.03,207,2026-05-28T13:05:10.249,2026-05-28T13:20:40.249,,-0.21759879999808618
103.94711580000148,103.94711580000148,-0.003108005,481,2026-05-28T13:05:10.683,2026-05-28T13:20:40.683,,104.01444260000062,-155.9,208,2026-05-28T13:05:10.753,2026-05-28T13:20:40.753,,0.06732679999913671
104.16216540000096,104.16216540000096,-0.003102372,482,2026-05-28T13:05:10.903,2026-05-28T13:20:40.903,,104.01444260000062,-155.9,208,2026-05-28T13:05:10.753,2026-05-28T13:20:40.753,,-0.14772280000033788
104.37742110000181,104.37742110000181,-0.003112162,483,2026-05-28T13:05:11.116,2026-05-28T13:20:41.116,,104.51433009999892,-156.45,209,2026-05-28T13:05:11.249,2026-05-28T13:20:41.249,,0.13690899999710382
104.59239689999959,104.59239689999959,-0.003109042,484,2026-05-28T13:05:11.333,2026-05-28T13:20:41.333,,104.51433009999892,-156.45,209,2026-05-28T13:05:11.249,2026-05-28T13:20:41.249,,-0.0780668000006699
104.80748880000101,104.80748880000101,-0.003109555,485,2026-05-28T13:05:11.548,2026-05-28T13:20:41.548,,105.01442759999918,-158.21,210,2026-05-28T13:05:11.749,2026-05-28T13:20:41.749,,0.20693879999817
105.0225251999982,105.0225251999982,-0.003115324,486,2026-05-28T13:05:11.756,2026-05-28T13:20:41.756,,105.01442759999918,-158.21,210,2026-05-28T13:05:11.749,2026-05-28T13:20:41.749,,-0.008097599999018712
105.23765750000166,105.23765750000166,-0.003120883,487,2026-05-28T13:05:11.973,2026-05-28T13:20:41.973,,105.01442759999918,-158.21,210,2026-05-28T13:05:11.749,2026-05-28T13:20:41.749,,-0.22322990000247955
105.45286850000048,105.45286850000048,-0.0031275,488,2026-05-28T13:05:12.189,2026-05-28T13:20:42.189,,105.51420430000144,-157.22,211,2026-05-28T13:05:12.252,2026-05-28T13:20:42.252,,0.06133580000096117
105.66778839999824,105.66778839999824,-0.003131143,489,2026-05-28T13:05:12.406,2026-05-28T13:20:42.406,,105.51420430000144,-157.22,211,2026-05-28T13:05:12.252,2026-05-28T13:20:42.252,,-0.1535840999968059
105.88290820000111,105.88290820000111,-0.003134912,490,2026-05-28T13:05:12.623,2026-05-28T13:20:42.623,,106.01430059999984,-159.33,212,2026-05-28T13:05:12.752,2026-05-28T13:20:42.752,,0.13139239999873098
106.0979757999994,106.0979757999994,-0.003137645,491,2026-05-28T13:05:12.833,2026-05-28T13:20:42.833,,106.01430059999984,-159.33,212,2026-05-28T13:05:12.752,2026-05-28T13:20:42.752,,-0.0836751999995613
106.31308379999973,106.31308379999973,-0.003140461,492,2026-05-28T13:05:13.053,2026-05-28T13:20:43.053,,106.51426219999848,-159.0,213,2026-05-28T13:05:13.254,2026-05-28T13:20:43.254,,0.20117839999875287
106.52801620000173,106.52801620000173,-0.003145246,493,2026-05-28T13:05:13.266,2026-05-28T13:20:43.266,,106.51426219999848,-159.0,213,2026-05-28T13:05:13.254,2026-05-28T13:20:43.254,,-0.013754000003245892
106.7430146000006,106.7430146000006,-0.003151779,494,2026-05-28T13:05:13.483,2026-05-28T13:20:43.483,,106.51426219999848,-159.0,213,2026-05-28T13:05:13.254,2026-05-28T13:20:43.254,,-0.22875240000212216
106.9581763999995,106.9581763999995,-0.003158208,495,2026-05-28T13:05:13.689,2026-05-28T13:20:43.689,,107.01429389999976,-160.11,214,2026-05-28T13:05:13.749,2026-05-28T13:20:43.749,,0.05611750000025495
107.17330180000135,107.17330180000135,-0.003163819,496,2026-05-28T13:05:13.910,2026-05-28T13:20:43.910,,107.01429389999976,-160.11,214,2026-05-28T13:05:13.749,2026-05-28T13:20:43.749,,-0.1590079000015976
107.38825029999862,107.38825029999862,-0.0031703,497,2026-05-28T13:05:14.129,2026-05-28T13:20:44.129,,107.51428700000179,-159.44,215,2026-05-28T13:05:14.253,2026-05-28T13:20:44.253,,0.12603670000316924
107.60329020000063,107.60329020000063,-0.003175912,498,2026-05-28T13:05:14.343,2026-05-28T13:20:44.343,,107.51428700000179,-159.44,215,2026-05-28T13:05:14.253,2026-05-28T13:20:44.253,,-0.08900319999884232
107.81829410000137,107.81829410000137,-0.003178435,499,2026-05-28T13:05:14.558,2026-05-28T13:20:44.558,,108.0146378999998,-161.27,216,2026-05-28T13:05:14.749,2026-05-28T13:20:44.749,,0.19634379999843077
108.03348190000179,108.03348190000179,-0.003181168,500,2026-05-28T13:05:14.774,2026-05-28T13:20:44.774,,108.0146378999998,-161.27,216,2026-05-28T13:05:14.749,2026-05-28T13:20:44.749,,-0.018844000001990935
108.24833619999845,108.24833619999845,-0.00318456,501,2026-05-28T13:05:14.989,2026-05-28T13:20:44.989,,108.0146378999998,-161.27,216,2026-05-28T13:05:14.749,2026-05-28T13:20:44.749,,-0.23369829999865033
108.46349399999963,108.46349399999963,-0.003187837,502,2026-05-28T13:05:15.199,2026-05-28T13:20:45.199,,108.51480559999982,-160.64,217,2026-05-28T13:05:15.256,2026-05-28T13:20:45.256,,0.05131160000019008
108.67858550000165,108.67858550000165,-0.003191491,503,2026-05-28T13:05:15.418,2026-05-28T13:20:45.418,,108.51480559999982,-160.64,217,2026-05-28T13:05:15.256,2026-05-28T13:20:45.256,,-0.16377990000182763
108.89346170000135,108.89346170000135,-0.003193931,504,2026-05-28T13:05:15.632,2026-05-28T13:20:45.632,,109.01439680000112,-161.85,218,2026-05-28T13:05:15.753,2026-05-28T13:20:45.753,,0.12093509999976959
109.10861540000042,109.10861540000042,-0.003200998,505,2026-05-28T13:05:15.843,2026-05-28T13:20:45.843,,109.01439680000112,-161.85,218,2026-05-28T13:05:15.753,2026-05-28T13:20:45.753,,-0.09421859999929438
109.32360590000098,109.32360590000098,-0.003204693,506,2026-05-28T13:05:16.064,2026-05-28T13:20:46.064,,109.51425630000085,-162.69,219,2026-05-28T13:05:16.249,2026-05-28T13:20:46.249,,0.19065039999986766
109.53865740000037,109.53865740000037,-0.003209258,507,2026-05-28T13:05:16.279,2026-05-28T13:20:46.279,,109.51425630000085,-162.69,219,2026-05-28T13:05:16.249,2026-05-28T13:20:46.249,,-0.024401099999522557
109.7538381000013,109.7538381000013,-0.003213823,508,2026-05-28T13:05:16.489,2026-05-28T13:20:46.489,,109.51425630000085,-162.69,219,2026-05-28T13:05:16.249,2026-05-28T13:20:46.249,,-0.23958180000045104
109.96914689999903,109.96914689999903,-0.003219131,509,2026-05-28T13:05:16.706,2026-05-28T13:20:46.706,,110.01478349999888,-162.99,220,2026-05-28T13:05:16.756,2026-05-28T13:20:46.756,,0.04563659999985248
110.18408940000154,110.18408940000154,-0.003225497,510,2026-05-28T13:05:16.923,2026-05-28T13:20:46.923,,110.01478349999888,-162.99,220,2026-05-28T13:05:16.756,2026-05-28T13:20:46.756,,-0.1693059000026551
110.39918309999848,110.39918309999848,-0.003229559,511,2026-05-28T13:05:17.139,2026-05-28T13:20:47.139,,110.51433560000078,-164.79,221,2026-05-28T13:05:17.249,2026-05-28T13:20:47.249,,0.11515250000229571
110.61433319999924,110.61433319999924,-0.003235098,512,2026-05-28T13:05:17.354,2026-05-28T13:20:47.354,,110.51433560000078,-164.79,221,2026-05-28T13:05:17.249,2026-05-28T13:20:47.249,,-0.09999759999845992
110.82938920000015,110.82938920000015,-0.003239034,513,2026-05-28T13:05:17.570,2026-05-28T13:20:47.570,,111.01433399999951,-164.14,222,2026-05-28T13:05:17.749,2026-05-28T13:20:47.749,,0.1849447999993572
111.04449119999845,111.04449119999845,-0.003245641,514,2026-05-28T13:05:17.777,2026-05-28T13:20:47.777,,111.01433399999951,-164.14,222,2026-05-28T13:05:17.749,2026-05-28T13:20:47.749,,-0.030157199998939177
111.25958679999894,111.25958679999894,-0.003248782,515,2026-05-28T13:05:17.999,2026-05-28T13:20:47.999,,111.01433399999951,-164.14,222,2026-05-28T13:05:17.749,2026-05-28T13:20:47.749,,-0.2452527999994345
111.47483329999886,111.47483329999886,-0.003253305,516,2026-05-28T13:05:18.206,2026-05-28T13:20:48.206,,111.51477750000049,-166.3,223,2026-05-28T13:05:18.256,2026-05-28T13:20:48.256,,0.039944200001627905
111.69002990000081,111.69002990000081,-0.003255765,517,2026-05-28T13:05:18.423,2026-05-28T13:20:48.423,,111.51477750000049,-166.3,223,2026-05-28T13:05:18.256,2026-05-28T13:20:48.256,,-0.17525240000031772
111.90523029999895,111.90523029999895,-0.003259398,518,2026-05-28T13:05:18.639,2026-05-28T13:20:48.639,,112.01435639999909,-165.57,224,2026-05-28T13:05:18.749,2026-05-28T13:20:48.749,,0.10912610000013956
112.12028310000096,112.12028310000096,-0.003263994,519,2026-05-28T13:05:18.856,2026-05-28T13:20:48.856,,112.01435639999909,-165.57,224,2026-05-28T13:05:18.749,2026-05-28T13:20:48.749,,-0.10592670000187354
112.3354732000007,112.3354732000007,-0.003269784,520,2026-05-28T13:05:19.074,2026-05-28T13:20:49.074,,112.51429310000094,-165.71,225,2026-05-28T13:05:19.253,2026-05-28T13:20:49.253,,0.17881990000023507
112.55052409999917,112.55052409999917,-0.003274118,521,2026-05-28T13:05:19.289,2026-05-28T13:20:49.289,,112.51429310000094,-165.71,225,2026-05-28T13:05:19.253,2026-05-28T13:20:49.253,,-0.036230999998224434
112.76578399999926,112.76578399999926,-0.003276108,522,2026-05-28T13:05:19.506,2026-05-28T13:20:49.506,,113.01444569999876,-167.86,226,2026-05-28T13:05:19.755,2026-05-28T13:20:49.755,,0.24866169999950216
112.9807335000005,112.9807335000005,-0.003281678,523,2026-05-28T13:05:19.717,2026-05-28T13:20:49.717,,113.01444569999876,-167.86,226,2026-05-28T13:05:19.755,2026-05-28T13:20:49.755,,0.033712199998262804
113.19583309999871,113.19583309999871,-0.003285991,524,2026-05-28T13:05:19.933,2026-05-28T13:20:49.933,,113.01444569999876,-167.86,226,2026-05-28T13:05:19.755,2026-05-28T13:20:49.755,,-0.18138739999994868
113.41088319999835,113.41088319999835,-0.003289195,525,2026-05-28T13:05:20.149,2026-05-28T13:20:50.149,,113.51427079999849,-165.96,227,2026-05-28T13:05:20.249,2026-05-28T13:20:50.249,,0.1033876000001328
113.62596409999969,113.62596409999969,-0.003296963,526,2026-05-28T13:05:20.366,2026-05-28T13:20:50.366,,113.51427079999849,-165.96,227,2026-05-28T13:05:20.249,2026-05-28T13:20:50.249,,-0.11169330000120681
113.8411288999996,113.8411288999996,-0.003300701,527,2026-05-28T13:05:20.574,2026-05-28T13:20:50.574,,114.01426269999865,-168.25,228,2026-05-28T13:05:20.754,2026-05-28T13:20:50.754,,0.1731337999990501
114.0560742000016,114.0560742000016,-0.003306543,528,2026-05-28T13:05:20.789,2026-05-28T13:20:50.789,,114.01426269999865,-168.25,228,2026-05-28T13:05:20.754,2026-05-28T13:20:50.754,,-0.0418115000029502
114.27131549999831,114.27131549999831,-0.003306114,529,2026-05-28T13:05:21.006,2026-05-28T13:20:51.006,,114.5143070999984,-167.89,229,2026-05-28T13:05:21.255,2026-05-28T13:20:51.255,,0.2429916000000958
114.48624629999904,114.48624629999904,-0.003313589,530,2026-05-28T13:05:21.223,2026-05-28T13:20:51.223,,114.5143070999984,-167.89,229,2026-05-28T13:05:21.255,2026-05-28T13:20:51.255,,0.02806079999936628
114.70146329999989,114.70146329999989,-0.003319976,531,2026-05-28T13:05:21.439,2026-05-28T13:20:51.439,,114.5143070999984,-167.89,229,2026-05-28T13:05:21.255,2026-05-28T13:20:51.255,,-0.18715620000148192
114.91636740000104,114.91636740000104,-0.003322991,532,2026-05-28T13:05:21.656,2026-05-28T13:20:51.656,,115.01485369999864,-170.1,230,2026-05-28T13:05:21.756,2026-05-28T13:20:51.756,,0.09848629999760306
115.13155069999993,115.13155069999993,-0.003327514,533,2026-05-28T13:05:21.872,2026-05-28T13:20:51.872,,115.01485369999864,-170.1,230,2026-05-28T13:05:21.756,2026-05-28T13:20:51.756,,-0.11669700000129524
115.34654949999822,115.34654949999822,-0.00333366,534,2026-05-28T13:05:22.082,2026-05-28T13:20:52.082,,115.5148560000016,-170.2,231,2026-05-28T13:05:22.256,2026-05-28T13:20:52.256,,0.1683065000033821
115.56186610000077,115.56186610000077,-0.003337994,535,2026-05-28T13:05:22.299,2026-05-28T13:20:52.299,,115.5148560000016,-170.2,231,2026-05-28T13:05:22.256,2026-05-28T13:20:52.256,,-0.04701009999917005
115.77680889999829,115.77680889999829,-0.003344371,536,2026-05-28T13:05:22.516,2026-05-28T13:20:52.516,,116.01430009999967,-171.2,232,2026-05-28T13:05:22.755,2026-05-28T13:20:52.755,,0.23749120000138646
115.9923955000013,115.9923955000013,-0.003344569,537,2026-05-28T13:05:22.733,2026-05-28T13:20:52.733,,116.01430009999967,-171.2,232,2026-05-28T13:05:22.755,2026-05-28T13:20:52.755,,0.021904599998379126
116.20737699999881,116.20737699999881,-0.003348475,538,2026-05-28T13:05:22.939,2026-05-28T13:20:52.939,,116.01430009999967,-171.2,232,2026-05-28T13:05:22.755,2026-05-28T13:20:52.755,,-0.19307689999914146
116.42231140000149,116.42231140000149,-0.003352903,539,2026-05-28T13:05:23.160,2026-05-28T13:20:53.160,,116.5142592000011,-171.6,233,2026-05-28T13:05:23.249,2026-05-28T13:20:53.249,,0.09194779999961611
116.63750849999997,116.63750849999997,-0.003359604,540,2026-05-28T13:05:23.377,2026-05-28T13:20:53.377,,116.5142592000011,-171.6,233,2026-05-28T13:05:23.249,2026-05-28T13:20:53.249,,-0.1232492999988608
116.8525598999986,116.8525598999986,-0.00336463,541,2026-05-28T13:05:23.593,2026-05-28T13:20:53.593,,117.01430600000094,-170.81,234,2026-05-28T13:05:23.749,2026-05-28T13:20:53.749,,0.1617461000023468
117.06761750000078,117.06761750000078,-0.003370262,542,2026-05-28T13:05:23.808,2026-05-28T13:20:53.808,,117.01430600000094,-170.81,234,2026-05-28T13:05:23.749,2026-05-28T13:20:53.749,,-0.05331149999983609
117.2827174999984,117.2827174999984,-0.003374126,543,2026-05-28T13:05:24.020,2026-05-28T13:20:54.020,,117.51484640000126,-171.22,235,2026-05-28T13:05:24.256,2026-05-28T13:20:54.256,,0.2321289000028628
117.49799949999942,117.49799949999942,-0.00337934,544,2026-05-28T13:05:24.237,2026-05-28T13:20:54.237,,117.51484640000126,-171.22,235,2026-05-28T13:05:24.256,2026-05-28T13:20:54.256,,0.01684690000183764
117.71305510000093,117.71305510000093,-0.003386396,545,2026-05-28T13:05:24.449,2026-05-28T13:20:54.449,,117.51484640000126,-171.22,235,2026-05-28T13:05:24.256,2026-05-28T13:20:54.256,,-0.19820869999966817
117.92822019999949,117.92822019999949,-0.003387904,546,2026-05-28T13:05:24.669,2026-05-28T13:20:54.669,,118.01479570000083,-172.06,236,2026-05-28T13:05:24.756,2026-05-28T13:20:54.756,,0.08657550000134506
118.14321869999912,118.14321869999912,-0.003391118,547,2026-05-28T13:05:24.880,2026-05-28T13:20:54.880,,118.01479570000083,-172.06,236,2026-05-28T13:05:24.756,2026-05-28T13:20:54.756,,-0.12842299999829265
118.35855409999931,118.35855409999931,-0.003393578,548,2026-05-28T13:05:25.099,2026-05-28T13:20:55.099,,118.51472970000032,-173.37,237,2026-05-28T13:05:25.256,2026-05-28T13:20:55.256,,0.1561756000010064
118.57347659999868,118.57347659999868,-0.003398122,549,2026-05-28T13:05:25.309,2026-05-28T13:20:55.309,,118.51472970000032,-173.37,237,2026-05-28T13:05:25.256,2026-05-28T13:20:55.256,,-0.05874689999836846
118.78882910000175,118.78882910000175,-0.003400939,550,2026-05-28T13:05:25.523,2026-05-28T13:20:55.523,,119.01434090000112,-173.46,238,2026-05-28T13:05:25.753,2026-05-28T13:20:55.753,,0.2255117999993672
119.00410570000167,119.00410570000167,-0.003406163,551,2026-05-28T13:05:25.743,2026-05-28T13:20:55.743,,119.01434090000112,-173.46,238,2026-05-28T13:05:25.753,2026-05-28T13:20:55.753,,0.010235199999442557
119.2190503999991,119.2190503999991,-0.003410257,552,2026-05-28T13:05:25.956,2026-05-28T13:20:55.956,,119.01434090000112,-173.46,238,2026-05-28T13:05:25.753,2026-05-28T13:20:55.753,,-0.20470949999798904
119.43415430000096,119.43415430000096,-0.003415565,553,2026-05-28T13:05:26.173,2026-05-28T13:20:56.173,,119.51475710000159,-175.01,239,2026-05-28T13:05:26.256,2026-05-28T13:20:56.256,,0.08060280000063358
119.64916960000119,119.64916960000119,-0.003418308,554,2026-05-28T13:05:26.389,2026-05-28T13:20:56.389,,119.51475710000159,-175.01,239,2026-05-28T13:05:26.256,2026-05-28T13:20:56.256,,-0.13441249999959837
119.86427090000143,119.86427090000143,-0.003422559,555,2026-05-28T13:05:26.599,2026-05-28T13:20:56.599,,120.014770400001,-174.58,240,2026-05-28T13:05:26.756,2026-05-28T13:20:56.756,,0.1504994999995688
120.07932100000107,120.07932100000107,-0.00342683,556,2026-05-28T13:05:26.820,2026-05-28T13:20:56.820,,120.014770400001,-174.58,240,2026-05-28T13:05:26.756,2026-05-28T13:20:56.756,,-0.06455060000007506
120.29449100000056,120.29449100000056,-0.003432034,557,2026-05-28T13:05:27.033,2026-05-28T13:20:57.033,,120.51467490000141,-174.7,241,2026-05-28T13:05:27.255,2026-05-28T13:20:57.255,,0.22018390000084764
120.50958000000173,120.50958000000173,-0.003437133,558,2026-05-28T13:05:27.249,2026-05-28T13:20:57.249,,120.51467490000141,-174.7,241,2026-05-28T13:05:27.255,2026-05-28T13:20:57.255,,0.005094899999676272
120.72473760000139,120.72473760000139,-0.003441184,559,2026-05-28T13:05:27.456,2026-05-28T13:20:57.456,,120.51467490000141,-174.7,241,2026-05-28T13:05:27.255,2026-05-28T13:20:57.255,,-0.2100626999999804
120.93982089999918,120.93982089999918,-0.003445163,560,2026-05-28T13:05:27.673,2026-05-28T13:20:57.673,,121.01435969999875,-175.31,242,2026-05-28T13:05:27.749,2026-05-28T13:20:57.749,,0.0745387999995728
121.15510240000003,121.15510240000003,-0.003449236,561,2026-05-28T13:05:27.889,2026-05-28T13:20:57.889,,121.01435969999875,-175.31,242,2026-05-28T13:05:27.749,2026-05-28T13:20:57.749,,-0.14074270000128308
121.37030819999927,121.37030819999927,-0.003451686,562,2026-05-28T13:05:28.106,2026-05-28T13:20:58.106,,121.51475299999947,-176.33,243,2026-05-28T13:05:28.256,2026-05-28T13:20:58.256,,0.1444448000002012
121.58556890000182,121.58556890000182,-0.003456659,563,2026-05-28T13:05:28.323,2026-05-28T13:20:58.323,,121.51475299999947,-176.33,243,2026-05-28T13:05:28.256,2026-05-28T13:20:58.256,,-0.07081590000234428
121.80080660000021,121.80080660000021,-0.003462072,564,2026-05-28T13:05:28.539,2026-05-28T13:20:58.539,,122.01481720000083,-177.2,244,2026-05-28T13:05:28.756,2026-05-28T13:20:58.756,,0.2140106000006199
122.01589579999927,122.01589579999927,-0.003463831,565,2026-05-28T13:05:28.756,2026-05-28T13:20:58.756,,122.01481720000083,-177.2,244,2026-05-28T13:05:28.756,2026-05-28T13:20:58.756,,-0.0010785999984364025
122.23094069999934,122.23094069999934,-0.003465883,566,2026-05-28T13:05:28.966,2026-05-28T13:20:58.966,,122.01481720000083,-177.2,244,2026-05-28T13:05:28.756,2026-05-28T13:20:58.756,,-0.21612349999850267
122.44584620000023,122.44584620000023,-0.003470238,567,2026-05-28T13:05:29.186,2026-05-28T13:20:59.186,,122.51434620000146,-177.2,245,2026-05-28T13:05:29.253,2026-05-28T13:20:59.253,,0.06850000000122236
122.6610460999982,122.6610460999982,-0.003475358,568,2026-05-28T13:05:29.399,2026-05-28T13:20:59.399,,122.51434620000146,-177.2,245,2026-05-28T13:05:29.253,2026-05-28T13:20:59.253,,-0.14669989999674726
122.87603700000182,122.87603700000182,-0.003478593,569,2026-05-28T13:05:29.616,2026-05-28T13:20:59.616,,123.01475049999863,-177.74,246,2026-05-28T13:05:29.756,2026-05-28T13:20:59.756,,0.13871349999681115
123.0913541000009,123.0913541000009,-0.003483587,570,2026-05-28T13:05:29.829,2026-05-28T13:20:59.829,,123.01475049999863,-177.74,246,2026-05-28T13:05:29.756,2026-05-28T13:20:59.756,,-0.07660360000227229
123.30630309999833,123.30630309999833,-0.003486613,571,2026-05-28T13:05:30.039,2026-05-28T13:21:00.039,,123.51421770000161,-178.41,247,2026-05-28T13:05:30.249,2026-05-28T13:21:00.249,,0.20791460000327788
123.52151080000112,123.52151080000112,-0.003490633,572,2026-05-28T13:05:30.258,2026-05-28T13:21:00.258,,123.51421770000161,-178.41,247,2026-05-28T13:05:30.249,2026-05-28T13:21:00.249,,-0.007293099999515107
123.73661599999832,123.73661599999832,-0.003496674,573,2026-05-28T13:05:30.477,2026-05-28T13:21:00.477,,123.51421770000161,-178.41,247,2026-05-28T13:05:30.249,2026-05-28T13:21:00.249,,-0.222398299996712
123.95183760000145,123.95183760000145,-0.003500799,574,2026-05-28T13:05:30.689,2026-05-28T13:21:00.689,,124.01452330000029,-178.84,248,2026-05-28T13:05:30.749,2026-05-28T13:21:00.749,,0.06268569999883766
124.16701820000162,124.16701820000162,-0.003504767,575,2026-05-28T13:05:30.908,2026-05-28T13:21:00.908,,124.01452330000029,-178.84,248,2026-05-28T13:05:30.749,2026-05-28T13:21:00.749,,-0.15249490000132937
124.38211099999899,124.38211099999899,-0.003509343,576,2026-05-28T13:05:31.122,2026-05-28T13:21:01.122,,124.51476529999854,-180.11,249,2026-05-28T13:05:31.256,2026-05-28T13:21:01.256,,0.13265429999955813
124.59728929999983,124.59728929999983,-0.003513824,577,2026-05-28T13:05:31.336,2026-05-28T13:21:01.336,,124.51476529999854,-180.11,249,2026-05-28T13:05:31.256,2026-05-28T13:21:01.256,,-0.08252400000128546
124.81223650000175,124.81223650000175,-0.003518012,578,2026-05-28T13:05:31.543,2026-05-28T13:21:01.543,,125.01431800000137,-180.57,250,2026-05-28T13:05:31.749,2026-05-28T13:21:01.749,,0.20208149999962188
125.02737630000047,125.02737630000047,-0.003523152,579,2026-05-28T13:05:31.760,2026-05-28T13:21:01.760,,125.01431800000137,-180.57,250,2026-05-28T13:05:31.749,2026-05-28T13:21:01.749,,-0.013058299999102019
125.24250759999995,125.24250759999995,-0.003526513,580,2026-05-28T13:05:31.983,2026-05-28T13:21:01.983,,125.01431800000137,-180.57,250,2026-05-28T13:05:31.749,2026-05-28T13:21:01.749,,-0.22818959999858635
125.45771149999928,125.45771149999928,-0.003530397,581,2026-05-28T13:05:32.189,2026-05-28T13:21:02.189,,125.51478240000142,-180.39,251,2026-05-28T13:05:32.256,2026-05-28T13:21:02.256,,0.05707090000214521
125.67263129999992,125.67263129999992,-0.00353514,582,2026-05-28T13:05:32.406,2026-05-28T13:21:02.406,,125.51478240000142,-180.39,251,2026-05-28T13:05:32.256,2026-05-28T13:21:02.256,,-0.15784889999849838
125.88777599999958,125.88777599999958,-0.003539841,583,2026-05-28T13:05:32.623,2026-05-28T13:21:02.623,,126.01474040000176,-180.69,252,2026-05-28T13:05:32.756,2026-05-28T13:21:02.756,,0.1269644000021799
126.10297210000135,126.10297210000135,-0.003543003,584,2026-05-28T13:05:32.842,2026-05-28T13:21:02.842,,126.01474040000176,-180.69,252,2026-05-28T13:05:32.756,2026-05-28T13:21:02.756,,-0.08823169999959646
126.3180543999988,126.3180543999988,-0.003547055,585,2026-05-28T13:05:33.056,2026-05-28T13:21:03.056,,126.51421449999907,-181.91,253,2026-05-28T13:05:33.253,2026-05-28T13:21:03.253,,0.19616010000027018
126.53327010000066,126.53327010000066,-0.003550866,586,2026-05-28T13:05:33.273,2026-05-28T13:21:03.273,,126.51421449999907,-181.91,253,2026-05-28T13:05:33.253,2026-05-28T13:21:03.253,,-0.01905560000159312
126.74845500000083,126.74845500000083,-0.003553808,587,2026-05-28T13:05:33.489,2026-05-28T13:21:03.489,,126.51421449999907,-181.91,253,2026-05-28T13:05:33.253,2026-05-28T13:21:03.253,,-0.23424050000176067
126.96373890000177,126.96373890000177,-0.003557503,588,2026-05-28T13:05:33.699,2026-05-28T13:21:03.699,,127.01454979999835,-182.82,254,2026-05-28T13:05:33.750,2026-05-28T13:21:03.750,,0.050810899996577064
127.178828600001,127.178828600001,-0.003562278,589,2026-05-28T13:05:33.916,2026-05-28T13:21:03.916,,127.01454979999835,-182.82,254,2026-05-28T13:05:33.750,2026-05-28T13:21:03.750,,-0.1642788000026485
127.39403640000091,127.39403640000091,-0.003566099,590,2026-05-28T13:05:34.135,2026-05-28T13:21:04.135,,127.5147853999988,-183.33,255,2026-05-28T13:05:34.256,2026-05-28T13:21:04.256,,0.12074899999788613
127.60915440000099,127.60915440000099,-0.003570025,591,2026-05-28T13:05:34.349,2026-05-28T13:21:04.349,,127.5147853999988,-183.33,255,2026-05-28T13:05:34.256,2026-05-28T13:21:04.256,,-0.09436900000218884
127.82451809999839,127.82451809999839,-0.003574454,592,2026-05-28T13:05:34.556,2026-05-28T13:21:04.556,,128.01476320000074,-183.77,256,2026-05-28T13:05:34.756,2026-05-28T13:21:04.756,,0.1902451000023575
128.03969940000025,128.03969940000025,-0.003576789,593,2026-05-28T13:05:34.773,2026-05-28T13:21:04.773,,128.01476320000074,-183.77,256,2026-05-28T13:05:34.756,2026-05-28T13:21:04.756,,-0.024936199999501696
128.2547932000016,128.2547932000016,-0.003580254,594,2026-05-28T13:05:34.990,2026-05-28T13:21:04.990,,128.01476320000074,-183.77,256,2026-05-28T13:05:34.756,2026-05-28T13:21:04.756,,-0.24003000000084285
128.46999199999846,128.46999199999846,-0.003584348,595,2026-05-28T13:05:35.206,2026-05-28T13:21:05.206,,128.51484260000143,-183.36,257,2026-05-28T13:05:35.256,2026-05-28T13:21:05.256,,0.044850600002973806
128.68507260000115,128.68507260000115,-0.003588138,596,2026-05-28T13:05:35.423,2026-05-28T13:21:05.423,,128.51484260000143,-183.36,257,2026-05-28T13:05:35.256,2026-05-28T13:21:05.256,,-0.17022999999971944
128.90026209999996,128.90026209999996,-0.003593122,597,2026-05-28T13:05:35.639,2026-05-28T13:21:05.639,,129.0146534000014,-185.44,258,2026-05-28T13:05:35.755,2026-05-28T13:21:05.755,,0.1143913000014436
129.11523179999858,129.11523179999858,-0.003597058,598,2026-05-28T13:05:35.856,2026-05-28T13:21:05.856,,129.0146534000014,-185.44,258,2026-05-28T13:05:35.755,2026-05-28T13:21:05.755,,-0.10057839999717544
129.33049240000037,129.33049240000037,-0.003601194,599,2026-05-28T13:05:36.066,2026-05-28T13:21:06.066,,129.51478860000134,-184.31,259,2026-05-28T13:05:36.256,2026-05-28T13:21:06.256,,0.18429620000097202
129.54540179999822,129.54540179999822,-0.003604879,600,2026-05-28T13:05:36.286,2026-05-28T13:21:06.286,,129.51478860000134,-184.31,259,2026-05-28T13:05:36.256,2026-05-28T13:21:06.256,,-0.030613199996878393
129.76049330000023,129.76049330000023,-0.003608784,601,2026-05-28T13:05:36.499,2026-05-28T13:21:06.499,,129.51478860000134,-184.31,259,2026-05-28T13:05:36.256,2026-05-28T13:21:06.256,,-0.2457046999988961
129.9757533999982,129.9757533999982,-0.003612606,602,2026-05-28T13:05:36.716,2026-05-28T13:21:06.716,,130.01426100000026,-185.87,260,2026-05-28T13:05:36.749,2026-05-28T13:21:06.749,,0.038507600002049
130.19104000000152,130.19104000000152,-0.003616061,603,2026-05-28T13:05:36.923,2026-05-28T13:21:06.923,,130.01426100000026,-185.87,260,2026-05-28T13:05:36.749,2026-05-28T13:21:06.749,,-0.176779000001261
130.40625369999907,130.40625369999907,-0.00361917,604,2026-05-28T13:05:37.142,2026-05-28T13:21:07.142,,130.51481889999923,-184.83,261,2026-05-28T13:05:37.256,2026-05-28T13:21:07.256,,0.10856520000015735
130.6215330999985,130.6215330999985,-0.003622793,605,2026-05-28T13:05:37.362,2026-05-28T13:21:07.362,,130.51481889999923,-184.83,261,2026-05-28T13:05:37.256,2026-05-28T13:21:07.256,,-0.10671419999926002
130.83674990000145,130.83674990000145,-0.00362518,606,2026-05-28T13:05:37.573,2026-05-28T13:21:07.573,,131.01473869999973,-186.72,262,2026-05-28T13:05:37.756,2026-05-28T13:21:07.756,,0.17798879999827477
131.05195340000137,131.05195340000137,-0.003628583,607,2026-05-28T13:05:37.792,2026-05-28T13:21:07.792,,131.01473869999973,-186.72,262,2026-05-28T13:05:37.756,2026-05-28T13:21:07.756,,-0.03721470000164118
131.26708599999984,131.26708599999984,-0.003632551,608,2026-05-28T13:05:38.006,2026-05-28T13:21:08.006,,131.51426379999975,-187.04,263,2026-05-28T13:05:38.255,2026-05-28T13:21:08.255,,0.24717779999991762
131.48215189999974,131.48215189999974,-0.003637126,609,2026-05-28T13:05:38.223,2026-05-28T13:21:08.223,,131.51426379999975,-187.04,263,2026-05-28T13:05:38.255,2026-05-28T13:21:08.255,,0.03211190000001807
131.69728000000032,131.69728000000032,-0.003642015,610,2026-05-28T13:05:38.433,2026-05-28T13:21:08.433,,131.51426379999975,-187.04,263,2026-05-28T13:05:38.255,2026-05-28T13:21:08.255,,-0.18301620000056573
131.91229079999903,131.91229079999903,-0.003645502,611,2026-05-28T13:05:38.653,2026-05-28T13:21:08.653,,132.01423200000136,-187.83,264,2026-05-28T13:05:38.751,2026-05-28T13:21:08.751,,0.10194120000232942
132.1274955000008,132.1274955000008,-0.003649805,612,2026-05-28T13:05:38.866,2026-05-28T13:21:08.866,,132.01423200000136,-187.83,264,2026-05-28T13:05:38.751,2026-05-28T13:21:08.751,,-0.11326349999944796
132.34265099999902,132.34265099999902,-0.003652674,613,2026-05-28T13:05:39.083,2026-05-28T13:21:09.083,,132.51480390000143,-187.7,265,2026-05-28T13:05:39.256,2026-05-28T13:21:09.256,,0.17215290000240202
132.5577813000018,132.5577813000018,-0.00365727,614,2026-05-28T13:05:39.293,2026-05-28T13:21:09.293,,132.51480390000143,-187.7,265,2026-05-28T13:05:39.256,2026-05-28T13:21:09.256,,-0.04297740000038175
132.77312090000123,132.77312090000123,-0.003660557,615,2026-05-28T13:05:39.506,2026-05-28T13:21:09.506,,133.01427239999975,-189.15,266,2026-05-28T13:05:39.755,2026-05-28T13:21:09.755,,0.24115149999852292
132.9882112999985,132.9882112999985,-0.00366397,616,2026-05-28T13:05:39.727,2026-05-28T13:21:09.727,,133.01427239999975,-189.15,266,2026-05-28T13:05:39.755,2026-05-28T13:21:09.755,,0.026061100001243176
133.203358499999,133.203358499999,-0.003667467,617,2026-05-28T13:05:39.943,2026-05-28T13:21:09.943,,133.01427239999975,-189.15,266,2026-05-28T13:05:39.755,2026-05-28T13:21:09.755,,-0.1890860999992583
133.41846539999824,133.41846539999824,-0.003671865,618,2026-05-28T13:05:40.159,2026-05-28T13:21:10.159,,133.5148353000004,-188.81,267,2026-05-28T13:05:40.256,2026-05-28T13:21:10.256,,0.09636990000217338
133.63356159999967,133.63356159999967,-0.003674493,619,2026-05-28T13:05:40.374,2026-05-28T13:21:10.374,,133.5148353000004,-188.81,267,2026-05-28T13:05:40.256,2026-05-28T13:21:10.256,,-0.11872629999925266
133.84853980000116,133.84853980000116,-0.003678471,620,2026-05-28T13:05:40.589,2026-05-28T13:21:10.589,,134.01478960000168,-189.9,268,2026-05-28T13:05:40.756,2026-05-28T13:21:10.756,,0.16624980000051437
134.06366060000073,134.06366060000073,-0.0036829,621,2026-05-28T13:05:40.799,2026-05-28T13:21:10.799,,134.01478960000168,-189.9,268,2026-05-28T13:05:40.756,2026-05-28T13:21:10.756,,-0.04887099999905331
134.27877219999937,134.27877219999937,-0.003686617,622,2026-05-28T13:05:41.014,2026-05-28T13:21:11.014,,134.5143011,-190.08,269,2026-05-28T13:05:41.255,2026-05-28T13:21:11.255,,0.23552890000064508
134.49389480000173,134.49389480000173,-0.003691119,623,2026-05-28T13:05:41.230,2026-05-28T13:21:11.230,,134.5143011,-190.08,269,2026-05-28T13:05:41.255,2026-05-28T13:21:11.255,,0.02040629999828525
134.7091118999997,134.7091118999997,-0.003695997,624,2026-05-28T13:05:41.443,2026-05-28T13:21:11.443,,134.5143011,-190.08,269,2026-05-28T13:05:41.255,2026-05-28T13:21:11.255,,-0.19481079999968642
134.92431049999868,134.92431049999868,-0.003697034,625,2026-05-28T13:05:41.664,2026-05-28T13:21:11.664,,135.0148522999989,-192.31,270,2026-05-28T13:05:41.756,2026-05-28T13:21:11.756,,0.09054180000021006
135.13943039999867,135.13943039999867,-0.003700636,626,2026-05-28T13:05:41.880,2026-05-28T13:21:11.880,,135.0148522999989,-192.31,270,2026-05-28T13:05:41.756,2026-05-28T13:21:11.756,,-0.12457809999978053
135.3545965000012,135.3545965000012,-0.003704572,627,2026-05-28T13:05:42.093,2026-05-28T13:21:12.093,,135.51482300000134,-190.71,271,2026-05-28T13:05:42.256,2026-05-28T13:21:12.256,,0.16022650000013527
135.56978570000138,135.56978570000138,-0.003708059,628,2026-05-28T13:05:42.310,2026-05-28T13:21:12.310,,135.51482300000134,-190.71,271,2026-05-28T13:05:42.256,2026-05-28T13:21:12.256,,-0.05496270000003278
135.7847307000011,135.7847307000011,-0.003711901,629,2026-05-28T13:05:42.525,2026-05-28T13:21:12.525,,136.01437200000146,-192.38,272,2026-05-28T13:05:42.753,2026-05-28T13:21:12.753,,0.22964130000036675
135.99990049999906,135.99990049999906,-0.003715021,630,2026-05-28T13:05:42.740,2026-05-28T13:21:12.740,,136.01437200000146,-192.38,272,2026-05-28T13:05:42.753,2026-05-28T13:21:12.753,,0.014471500002400717
136.21513739999864,136.21513739999864,-0.00371879,631,2026-05-28T13:05:42.956,2026-05-28T13:21:12.956,,136.01437200000146,-192.38,272,2026-05-28T13:05:42.753,2026-05-28T13:21:12.753,,-0.2007653999971808
136.43028290000075,136.43028290000075,-0.003723093,632,2026-05-28T13:05:43.166,2026-05-28T13:21:13.166,,136.51481499999863,-192.25,273,2026-05-28T13:05:43.256,2026-05-28T13:21:13.256,,0.08453209999788669
136.64525349999894,136.64525349999894,-0.003726705,633,2026-05-28T13:05:43.381,2026-05-28T13:21:13.381,,136.51481499999863,-192.25,273,2026-05-28T13:05:43.256,2026-05-28T13:21:13.256,,-0.13043850000030943
136.86045340000055,136.86045340000055,-0.003730234,634,2026-05-28T13:05:43.599,2026-05-28T13:21:13.599,,137.01472659999854,-192.67,274,2026-05-28T13:05:43.756,2026-05-28T13:21:13.756,,0.15427319999798783
137.07566520000182,137.07566520000182,-0.003733699,635,2026-05-28T13:05:43.814,2026-05-28T13:21:13.814,,137.01472659999854,-192.67,274,2026-05-28T13:05:43.756,2026-05-28T13:21:13.756,,-0.06093860000328277
137.29069119999986,137.29069119999986,-0.003736882,636,2026-05-28T13:05:44.031,2026-05-28T13:21:14.031,,137.5142526999989,-194.08,275,2026-05-28T13:05:44.255,2026-05-28T13:21:14.255,,0.22356149999905028
137.50597570000173,137.50597570000173,-0.003739677,637,2026-05-28T13:05:44.243,2026-05-28T13:21:14.243,,137.5142526999989,-194.08,275,2026-05-28T13:05:44.255,2026-05-28T13:21:14.255,,0.008276999997178791
137.720928499999,137.720928499999,-0.003742504,638,2026-05-28T13:05:44.460,2026-05-28T13:21:14.460,,137.5142526999989,-194.08,275,2026-05-28T13:05:44.255,2026-05-28T13:21:14.255,,-0.20667580000008456
137.9361456000006,137.9361456000006,-0.003746577,639,2026-05-28T13:05:44.677,2026-05-28T13:21:14.677,,138.01478810000117,-194.61,276,2026-05-28T13:05:44.756,2026-05-28T13:21:14.756,,0.07864250000056927
138.15116340000168,138.15116340000168,-0.003751383,640,2026-05-28T13:05:44.891,2026-05-28T13:21:14.891,,138.01478810000117,-194.61,276,2026-05-28T13:05:44.756,2026-05-28T13:21:14.756,,-0.13637530000050901
138.36644969999907,138.36644969999907,-0.003755487,641,2026-05-28T13:05:45.107,2026-05-28T13:21:15.107,,138.5148440999983,-194.42,277,2026-05-28T13:05:45.256,2026-05-28T13:21:15.256,,0.14839439999923343
138.58137759999954,138.58137759999954,-0.003758334,642,2026-05-28T13:05:45.322,2026-05-28T13:21:15.322,,138.5148440999983,-194.42,277,2026-05-28T13:05:45.256,2026-05-28T13:21:15.256,,-0.06653350000124192
138.7965054999986,138.7965054999986,-0.00376158,643,2026-05-28T13:05:45.533,2026-05-28T13:21:15.533,,139.01416170000084,-195.6,278,2026-05-28T13:05:45.753,2026-05-28T13:21:15.753,,0.21765620000223862
139.01162789999944,139.01162789999944,-0.003766103,644,2026-05-28T13:05:45.743,2026-05-28T13:21:15.743,,139.01416170000084,-195.6,278,2026-05-28T13:05:45.753,2026-05-28T13:21:15.753,,0.002533800001401687
139.22674429999824,139.22674429999824,-0.003769485,645,2026-05-28T13:05:45.966,2026-05-28T13:21:15.966,,139.01416170000084,-195.6,278,2026-05-28T13:05:45.753,2026-05-28T13:21:15.753,,-0.21258259999740403
139.44183189999967,139.44183189999967,-0.003772908,646,2026-05-28T13:05:46.177,2026-05-28T13:21:16.177,,139.51427840000179,-195.76,279,2026-05-28T13:05:46.249,2026-05-28T13:21:16.249,,0.0724465000021155
139.65680319999956,139.65680319999956,-0.003776363,647,2026-05-28T13:05:46.389,2026-05-28T13:21:16.389,,139.51427840000179,-195.76,279,2026-05-28T13:05:46.249,2026-05-28T13:21:16.249,,-0.1425247999977728
139.87199749999854,139.87199749999854,-0.003779766,648,2026-05-28T13:05:46.606,2026-05-28T13:21:16.606,,140.01472750000175,-195.06,280,2026-05-28T13:05:46.756,2026-05-28T13:21:16.756,,0.1427300000032119
140.08694810000088,140.08694810000088,-0.003783849,649,2026-05-28T13:05:46.823,2026-05-28T13:21:16.823,,140.01472750000175,-195.06,280,2026-05-28T13:05:46.756,2026-05-28T13:21:16.756,,-0.07222059999912744
140.3021245000018,140.3021245000018,-0.003788561,650,2026-05-28T13:05:47.039,2026-05-28T13:21:17.039,,140.51441440000053,-197.51,281,2026-05-28T13:05:47.253,2026-05-28T13:21:17.253,,0.21228989999872283
140.5170803000001,140.5170803000001,-0.003792487,651,2026-05-28T13:05:47.256,2026-05-28T13:21:17.256,,140.51441440000053,-197.51,281,2026-05-28T13:05:47.253,2026-05-28T13:21:17.253,,-0.0026658999995561317
140.73218080000152,140.73218080000152,-0.003796162,652,2026-05-28T13:05:47.473,2026-05-28T13:21:17.473,,140.51441440000053,-197.51,281,2026-05-28T13:05:47.253,2026-05-28T13:21:17.253,,-0.21776640000098269
140.94725280000057,140.94725280000057,-0.003799512,653,2026-05-28T13:05:47.687,2026-05-28T13:21:17.687,,141.01421090000076,-196.65,282,2026-05-28T13:05:47.751,2026-05-28T13:21:17.751,,0.06695810000019264
141.16252760000134,141.16252760000134,-0.003802454,654,2026-05-28T13:05:47.899,2026-05-28T13:21:17.899,,141.01421090000076,-196.65,282,2026-05-28T13:05:47.751,2026-05-28T13:21:17.751,,-0.14831670000057784
141.37751740000022,141.37751740000022,-0.003805365,655,2026-05-28T13:05:48.116,2026-05-28T13:21:18.116,,141.5147528000016,-197.65,283,2026-05-28T13:05:48.256,2026-05-28T13:21:18.256,,0.1372354000013729
141.59258709999995,141.59258709999995,-0.003810055,656,2026-05-28T13:05:48.333,2026-05-28T13:21:18.333,,141.5147528000016,-197.65,283,2026-05-28T13:05:48.256,2026-05-28T13:21:18.256,,-0.07783429999835789
141.8077736999985,141.8077736999985,-0.003813311,657,2026-05-28T13:05:48.539,2026-05-28T13:21:18.539,,142.01465250000183,-198.31,284,2026-05-28T13:05:48.756,2026-05-28T13:21:18.756,,0.2068788000033237
142.02298130000054,142.02298130000054,-0.003817017,658,2026-05-28T13:05:48.756,2026-05-28T13:21:18.756,,142.01465250000183,-198.31,284,2026-05-28T13:05:48.756,2026-05-28T13:21:18.756,,-0.008328799998707836
142.23804649999875,142.23804649999875,-0.003821854,659,2026-05-28T13:05:48.973,2026-05-28T13:21:18.973,,142.01465250000183,-198.31,284,2026-05-28T13:05:48.756,2026-05-28T13:21:18.756,,-0.22339399999691523
142.45311619999848,142.45311619999848,-0.003824849,660,2026-05-28T13:05:49.189,2026-05-28T13:21:19.189,,142.51439609999943,-198.86,285,2026-05-28T13:05:49.249,2026-05-28T13:21:19.249,,0.06127990000095451
142.66833340000085,142.66833340000085,-0.003828147,661,2026-05-28T13:05:49.406,2026-05-28T13:21:19.406,,142.51439609999943,-198.86,285,2026-05-28T13:05:49.249,2026-05-28T13:21:19.249,,-0.1539373000014166
142.8834132000011,142.8834132000011,-0.003830806,662,2026-05-28T13:05:49.623,2026-05-28T13:21:19.623,,143.01439430000028,-199.87,286,2026-05-28T13:05:49.749,2026-05-28T13:21:19.749,,0.1309810999991896
143.09857819999888,143.09857819999888,-0.003834439,663,2026-05-28T13:05:49.839,2026-05-28T13:21:19.839,,143.01439430000028,-199.87,286,2026-05-28T13:05:49.749,2026-05-28T13:21:19.749,,-0.08418389999860665
143.3136467000004,143.3136467000004,-0.00383758,664,2026-05-28T13:05:50.049,2026-05-28T13:21:20.049,,143.51467129999946,-200.11,287,2026-05-28T13:05:50.255,2026-05-28T13:21:20.255,,0.20102459999907296
143.52876660000038,143.52876660000038,-0.003839967,665,2026-05-28T13:05:50.266,2026-05-28T13:21:20.266,,143.51467129999946,-200.11,287,2026-05-28T13:05:50.255,2026-05-28T13:21:20.255,,-0.014095300000917632
143.74379739999858,143.74379739999858,-0.0038427,666,2026-05-28T13:05:50.483,2026-05-28T13:21:20.483,,143.51467129999946,-200.11,287,2026-05-28T13:05:50.255,2026-05-28T13:21:20.255,,-0.22912609999912092
143.95918689999962,143.95918689999962,-0.00384627,667,2026-05-28T13:05:50.699,2026-05-28T13:21:20.699,,144.01416790000076,-200.61,288,2026-05-28T13:05:50.755,2026-05-28T13:21:20.755,,0.05498100000113482
144.1743592999992,144.1743592999992,-0.00384962,668,2026-05-28T13:05:50.906,2026-05-28T13:21:20.906,,144.01416790000076,-200.61,288,2026-05-28T13:05:50.755,2026-05-28T13:21:20.755,,-0.160191399998439
144.38942870000028,144.38942870000028,-0.003853473,669,2026-05-28T13:05:51.126,2026-05-28T13:21:21.126,,144.51475969999956,-201.14,289,2026-05-28T13:05:51.256,2026-05-28T13:21:21.256,,0.125330999999278
144.60457010000027,144.60457010000027,-0.003857064,670,2026-05-28T13:05:51.339,2026-05-28T13:21:21.339,,144.51475969999956,-201.14,289,2026-05-28T13:05:51.256,2026-05-28T13:21:21.256,,-0.08981040000071516
144.81960830000025,144.81960830000025,-0.00385853,671,2026-05-28T13:05:51.556,2026-05-28T13:21:21.556,,145.01476829999956,-200.79,290,2026-05-28T13:05:51.756,2026-05-28T13:21:21.756,,0.195159999999305
145.0348043999984,145.0348043999984,-0.00386231,672,2026-05-28T13:05:51.773,2026-05-28T13:21:21.773,,145.01476829999956,-200.79,290,2026-05-28T13:05:51.756,2026-05-28T13:21:21.756,,-0.02003609999883338
145.24985160000142,145.24985160000142,-0.003865796,673,2026-05-28T13:05:51.990,2026-05-28T13:21:21.990,,145.01476829999956,-200.79,290,2026-05-28T13:05:51.756,2026-05-28T13:21:21.756,,-0.23508330000186106
145.46503569999913,145.46503569999913,-0.003869785,674,2026-05-28T13:05:52.206,2026-05-28T13:21:22.206,,145.5147336000009,-201.75,291,2026-05-28T13:05:52.256,2026-05-28T13:21:22.256,,0.04969790000177454
145.68004959999962,145.68004959999962,-0.003872832,675,2026-05-28T13:05:52.416,2026-05-28T13:21:22.416,,145.5147336000009,-201.75,291,2026-05-28T13:05:52.256,2026-05-28T13:21:22.256,,-0.16531599999871105
145.89521709999826,145.89521709999826,-0.00387659,676,2026-05-28T13:05:52.636,2026-05-28T13:21:22.636,,146.01419270000042,-202.37,292,2026-05-28T13:05:52.753,2026-05-28T13:21:22.753,,0.1189756000021589
146.11012299999857,146.11012299999857,-0.003880119,677,2026-05-28T13:05:52.849,2026-05-28T13:21:22.849,,146.01419270000042,-202.37,292,2026-05-28T13:05:52.753,2026-05-28T13:21:22.753,,-0.09593029999814462
146.3253478000006,146.3253478000006,-0.003884139,678,2026-05-28T13:05:53.060,2026-05-28T13:21:23.060,,146.51474690000032,-202.41,293,2026-05-28T13:05:53.256,2026-05-28T13:21:23.256,,0.1893990999997186
146.54036590000032,146.54036590000032,-0.003887332,679,2026-05-28T13:05:53.280,2026-05-28T13:21:23.280,,146.51474690000032,-202.41,293,2026-05-28T13:05:53.256,2026-05-28T13:21:23.256,,-0.025619000000006054
146.7556712000005,146.7556712000005,-0.003891154,680,2026-05-28T13:05:53.493,2026-05-28T13:21:23.493,,146.51474690000032,-202.41,293,2026-05-28T13:05:53.256,2026-05-28T13:21:23.256,,-0.24092430000018794
146.9708959999989,146.9708959999989,-0.003894044,681,2026-05-28T13:05:53.706,2026-05-28T13:21:23.706,,147.0148760000011,-203.59,294,2026-05-28T13:05:53.756,2026-05-28T13:21:23.756,,0.043980000002193265
147.1859755000005,147.1859755000005,-0.003897561,682,2026-05-28T13:05:53.923,2026-05-28T13:21:23.923,,147.0148760000011,-203.59,294,2026-05-28T13:05:53.756,2026-05-28T13:21:23.756,,-0.1710994999994
147.4011051000016,147.4011051000016,-0.00390066,683,2026-05-28T13:05:54.139,2026-05-28T13:21:24.139,,147.5148122999999,-203.86,295,2026-05-28T13:05:54.256,2026-05-28T13:21:24.256,,0.11370719999831636
147.61620200000107,147.61620200000107,-0.003904105,684,2026-05-28T13:05:54.356,2026-05-28T13:21:24.356,,147.5148122999999,-203.86,295,2026-05-28T13:05:54.256,2026-05-28T13:21:24.256,,-0.10138970000116387
147.8313320999987,147.8313320999987,-0.003907926,685,2026-05-28T13:05:54.572,2026-05-28T13:21:24.572,,148.01473329999862,-203.77,296,2026-05-28T13:05:54.756,2026-05-28T13:21:24.756,,0.18340119999993476
148.04645309999978,148.04645309999978,-0.003911256,686,2026-05-28T13:05:54.783,2026-05-28T13:21:24.783,,148.01473329999862,-203.77,296,2026-05-28T13:05:54.756,2026-05-28T13:21:24.756,,-0.03171980000115582
148.2615962000018,148.2615962000018,-0.003914847,687,2026-05-28T13:05:54.999,2026-05-28T13:21:24.999,,148.01473329999862,-203.77,296,2026-05-28T13:05:54.756,2026-05-28T13:21:24.756,,-0.24686290000317967
148.47667179999917,148.47667179999917,-0.003917768,688,2026-05-28T13:05:55.216,2026-05-28T13:21:25.216,,148.51478240000142,-205.52,297,2026-05-28T13:05:55.256,2026-05-28T13:21:25.256,,0.038110600002255524
148.69210269999894,148.69210269999894,-0.003920354,689,2026-05-28T13:05:55.432,2026-05-28T13:21:25.432,,148.51478240000142,-205.52,297,2026-05-28T13:05:55.256,2026-05-28T13:21:25.256,,-0.1773202999975183
148.90702089999832,148.90702089999832,-0.003924071,690,2026-05-28T13:05:55.647,2026-05-28T13:21:25.647,,149.01475339999888,-204.72,298,2026-05-28T13:05:55.756,2026-05-28T13:21:25.756,,0.10773250000056578
149.12211939999906,149.12211939999906,-0.003926981,691,2026-05-28T13:05:55.856,2026-05-28T13:21:25.856,,149.01475339999888,-204.72,298,2026-05-28T13:05:55.756,2026-05-28T13:21:25.756,,-0.1073660000001837
149.3373075999989,149.3373075999989,-0.003931996,692,2026-05-28T13:05:56.073,2026-05-28T13:21:26.073,,149.5142734000001,-206.68,299,2026-05-28T13:05:56.253,2026-05-28T13:21:26.253,,0.17696580000119866
149.55254350000178,149.55254350000178,-0.003935462,693,2026-05-28T13:05:56.289,2026-05-28T13:21:26.289,,149.5142734000001,-206.68,299,2026-05-28T13:05:56.253,2026-05-28T13:21:26.253,,-0.038270100001682295
149.76773780000076,149.76773780000076,-0.003938959,694,2026-05-28T13:05:56.506,2026-05-28T13:21:26.506,,150.0143511999995,-206.07,300,2026-05-28T13:05:56.755,2026-05-28T13:21:26.755,,0.24661339999875054
149.98264059999929,149.98264059999929,-0.003942225,695,2026-05-28T13:05:56.723,2026-05-28T13:21:26.723,,150.0143511999995,-206.07,300,2026-05-28T13:05:56.755,2026-05-28T13:21:26.755,,0.031710600000224076
150.19783539999844,150.19783539999844,-0.003946036,696,2026-05-28T13:05:56.932,2026-05-28T13:21:26.932,,150.0143511999995,-206.07,300,2026-05-28T13:05:56.755,2026-05-28T13:21:26.755,,-0.1834841999989294
150.41283320000002,150.41283320000002,-0.003949952,697,2026-05-28T13:05:57.149,2026-05-28T13:21:27.149,,150.51482290000058,-206.98,301,2026-05-28T13:05:57.255,2026-05-28T13:21:27.255,,0.10198970000055851
150.627923,150.627923,-0.003953166,698,2026-05-28T13:05:57.369,2026-05-28T13:21:27.369,,150.51482290000058,-206.98,301,2026-05-28T13:05:57.255,2026-05-28T13:21:27.255,,-0.1131000999994285
150.8430069999995,150.8430069999995,-0.0039566,699,2026-05-28T13:05:57.583,2026-05-28T13:21:27.583,,151.01483010000084,-207.62,302,2026-05-28T13:05:57.756,2026-05-28T13:21:27.756,,0.17182310000134748
151.05824159999975,151.05824159999975,-0.003960066,700,2026-05-28T13:05:57.789,2026-05-28T13:21:27.789,,151.01483010000084,-207.62,302,2026-05-28T13:05:57.756,2026-05-28T13:21:27.756,,-0.043411499998910585
151.27327689999947,151.27327689999947,-0.00396372,701,2026-05-28T13:05:58.006,2026-05-28T13:21:28.006,,151.51431660000162,-208.0,303,2026-05-28T13:05:58.255,2026-05-28T13:21:28.255,,0.24103970000214758
151.4884047000014,151.4884047000014,-0.003967164,702,2026-05-28T13:05:58.223,2026-05-28T13:21:28.223,,151.51431660000162,-208.0,303,2026-05-28T13:05:58.255,2026-05-28T13:21:28.255,,0.025911900000210153
151.70360770000116,151.70360770000116,-0.003970368,703,2026-05-28T13:05:58.439,2026-05-28T13:21:28.439,,151.51431660000162,-208.0,303,2026-05-28T13:05:58.255,2026-05-28T13:21:28.255,,-0.18929109999953653
151.91878079999879,151.91878079999879,-0.003974315,704,2026-05-28T13:05:58.656,2026-05-28T13:21:28.656,,152.01473400000032,-208.27,304,2026-05-28T13:05:58.755,2026-05-28T13:21:28.755,,0.09595320000153151
152.1339474999986,152.1339474999986,-0.003978252,705,2026-05-28T13:05:58.874,2026-05-28T13:21:28.874,,152.01473400000032,-208.27,304,2026-05-28T13:05:58.755,2026-05-28T13:21:28.755,,-0.11921349999829545
152.34919699999955,152.34919699999955,-0.00398156,706,2026-05-28T13:05:59.090,2026-05-28T13:21:29.090,,152.51473610000176,-208.36,305,2026-05-28T13:05:59.256,2026-05-28T13:21:29.256,,0.1655391000022064
152.56427610000173,152.56427610000173,-0.003985057,707,2026-05-28T13:05:59.299,2026-05-28T13:21:29.299,,152.51473610000176,-208.36,305,2026-05-28T13:05:59.256,2026-05-28T13:21:29.256,,-0.049539999999979045
152.77937329999986,152.77937329999986,-0.003988418,708,2026-05-28T13:05:59.516,2026-05-28T13:21:29.516,,153.01424229999975,-208.98,306,2026-05-28T13:05:59.755,2026-05-28T13:21:29.755,,0.23486899999988964
152.9944104999995,152.9944104999995,-0.003992208,709,2026-05-28T13:05:59.735,2026-05-28T13:21:29.735,,153.01424229999975,-208.98,306,2026-05-28T13:05:59.755,2026-05-28T13:21:29.755,,0.019831800000247313
153.20943890000126,153.20943890000126,-0.003995768,710,2026-05-28T13:05:59.941,2026-05-28T13:21:29.941,,153.01424229999975,-208.98,306,2026-05-28T13:05:59.755,2026-05-28T13:21:29.755,,-0.19519660000150907
153.42460030000075,153.42460030000075,-0.003999296,711,2026-05-28T13:06:00.164,2026-05-28T13:21:30.164,,153.51478100000168,-209.92,307,2026-05-28T13:06:00.256,2026-05-28T13:21:30.256,,0.09018070000092848
153.63967369999955,153.63967369999955,-0.004002845,712,2026-05-28T13:06:00.377,2026-05-28T13:21:30.377,,153.51478100000168,-209.92,307,2026-05-28T13:06:00.256,2026-05-28T13:21:30.256,,-0.12489269999787211
153.8548167000008,153.8548167000008,-0.00400629,713,2026-05-28T13:06:00.593,2026-05-28T13:21:30.593,,154.01476620000176,-211.63,308,2026-05-28T13:06:00.756,2026-05-28T13:21:30.756,,0.15994950000094832
154.06991859999835,154.06991859999835,-0.004009525,714,2026-05-28T13:06:00.810,2026-05-28T13:21:30.810,,154.01476620000176,-211.63,308,2026-05-28T13:06:00.756,2026-05-28T13:21:30.756,,-0.05515239999658661
154.28507320000062,154.28507320000062,-0.004011001,715,2026-05-28T13:06:01.023,2026-05-28T13:21:31.023,,154.51471890000175,-210.04,309,2026-05-28T13:06:01.255,2026-05-28T13:21:31.255,,0.22964570000112872
154.50026029999935,154.50026029999935,-0.004014687,716,2026-05-28T13:06:01.239,2026-05-28T13:21:31.239,,154.51471890000175,-210.04,309,2026-05-28T13:06:01.255,2026-05-28T13:21:31.255,,0.01445860000239918
154.7154483000013,154.7154483000013,-0.004017869,717,2026-05-28T13:06:01.456,2026-05-28T13:21:31.456,,154.51471890000175,-210.04,309,2026-05-28T13:06:01.255,2026-05-28T13:21:31.255,,-0.20072939999954542
154.93058839999867,154.93058839999867,-0.004020958,718,2026-05-28T13:06:01.670,2026-05-28T13:21:31.670,,155.0147958000016,-212.05,310,2026-05-28T13:06:01.755,2026-05-28T13:21:31.755,,0.08420740000292426
155.14578099999926,155.14578099999926,-0.004024413,719,2026-05-28T13:06:01.886,2026-05-28T13:21:31.886,,155.0147958000016,-212.05,310,2026-05-28T13:06:01.755,2026-05-28T13:21:31.755,,-0.13098519999766722
155.36084199999823,155.36084199999823,-0.004027585,720,2026-05-28T13:06:02.099,2026-05-28T13:21:32.099,,155.5147391999999,-211.45,311,2026-05-28T13:06:02.256,2026-05-28T13:21:32.256,,0.15389720000166562
155.57596560000093,155.57596560000093,-0.004029983,721,2026-05-28T13:06:02.316,2026-05-28T13:21:32.316,,155.5147391999999,-211.45,311,2026-05-28T13:06:02.256,2026-05-28T13:21:32.256,,-0.061226400001032744
155.79112000000168,155.79112000000168,-0.004032852,722,2026-05-28T13:06:02.523,2026-05-28T13:21:32.523,,156.01469369999904,-212.0,312,2026-05-28T13:06:02.755,2026-05-28T13:21:32.755,,0.22357369999735965
156.00601950000055,156.00601950000055,-0.004036307,723,2026-05-28T13:06:02.741,2026-05-28T13:21:32.741,,156.01469369999904,-212.0,312,2026-05-28T13:06:02.755,2026-05-28T13:21:32.755,,0.008674199998495169
156.22115620000113,156.22115620000113,-0.004039039,724,2026-05-28T13:06:02.956,2026-05-28T13:21:32.956,,156.01469369999904,-212.0,312,2026-05-28T13:06:02.755,2026-05-28T13:21:32.755,,-0.20646250000208966
156.4363583000013,156.4363583000013,-0.004042138,725,2026-05-28T13:06:03.173,2026-05-28T13:21:33.173,,156.51468210000166,-213.1,313,2026-05-28T13:06:03.256,2026-05-28T13:21:33.256,,0.0783238000003621
156.65156710000156,156.65156710000156,-0.00404575,726,2026-05-28T13:06:03.389,2026-05-28T13:21:33.389,,156.51468210000166,-213.1,313,2026-05-28T13:06:03.256,2026-05-28T13:21:33.256,,-0.1368849999998929
156.86676420000003,156.86676420000003,-0.004049132,727,2026-05-28T13:06:03.606,2026-05-28T13:21:33.606,,157.01480749999973,-213.14,314,2026-05-28T13:06:03.755,2026-05-28T13:21:33.755,,0.14804329999969923
157.08183089999875,157.08183089999875,-0.004052378,728,2026-05-28T13:06:03.823,2026-05-28T13:21:33.823,,157.01480749999973,-213.14,314,2026-05-28T13:06:03.755,2026-05-28T13:21:33.755,,-0.06702339999901596
157.29700220000086,157.29700220000086,-0.004055707,729,2026-05-28T13:06:04.034,2026-05-28T13:21:34.034,,157.51471440000023,-214.65,315,2026-05-28T13:06:04.255,2026-05-28T13:21:34.255,,0.21771219999936875
157.5120633000006,157.5120633000006,-0.004058607,730,2026-05-28T13:06:04.249,2026-05-28T13:21:34.249,,157.51471440000023,-214.65,315,2026-05-28T13:06:04.255,2026-05-28T13:21:34.255,,0.002651099999638973
157.72718030000033,157.72718030000033,-0.004061497,731,2026-05-28T13:06:04.466,2026-05-28T13:21:34.466,,157.51471440000023,-214.65,315,2026-05-28T13:06:04.255,2026-05-28T13:21:34.255,,-0.21246590000009746
157.94235249999838,157.94235249999838,-0.004064983,732,2026-05-28T13:06:04.683,2026-05-28T13:21:34.683,,158.0142244000017,-213.77,316,2026-05-28T13:06:04.749,2026-05-28T13:21:34.749,,0.07187190000331611
158.1575879999982,158.1575879999982,-0.00406803,733,2026-05-28T13:06:04.889,2026-05-28T13:21:34.889,,158.0142244000017,-213.77,316,2026-05-28T13:06:04.749,2026-05-28T13:21:34.749,,-0.14336359999651904
158.37267879999854,158.37267879999854,-0.004071789,734,2026-05-28T13:06:05.106,2026-05-28T13:21:35.106,,158.51481559999957,-215.82,317,2026-05-28T13:06:05.255,2026-05-28T13:21:35.255,,0.14213680000102613
158.58773320000182,158.58773320000182,-0.004075108,735,2026-05-28T13:06:05.323,2026-05-28T13:21:35.323,,158.51481559999957,-215.82,317,2026-05-28T13:06:05.255,2026-05-28T13:21:35.255,,-0.07291760000225622
158.80293359999996,158.80293359999996,-0.004078018,736,2026-05-28T13:06:05.539,2026-05-28T13:21:35.539,,159.01480230000016,-214.62,318,2026-05-28T13:06:05.756,2026-05-28T13:21:35.756,,0.21186870000019553
159.01799350000147,159.01799350000147,-0.004081327,737,2026-05-28T13:06:05.758,2026-05-28T13:21:35.758,,159.01480230000016,-214.62,318,2026-05-28T13:06:05.756,2026-05-28T13:21:35.756,,-0.00319120000131079
159.23301720000018,159.23301720000018,-0.004083892,738,2026-05-28T13:06:05.973,2026-05-28T13:21:35.973,,159.01480230000016,-214.62,318,2026-05-28T13:06:05.756,2026-05-28T13:21:35.756,,-0.21821490000002086
159.44810240000152,159.44810240000152,-0.004086666,739,2026-05-28T13:06:06.189,2026-05-28T13:21:36.189,,159.51480269999956,-216.73,319,2026-05-28T13:06:06.256,2026-05-28T13:21:36.256,,0.06670029999804683
159.66317229999913,159.66317229999913,-0.004090331,740,2026-05-28T13:06:06.398,2026-05-28T13:21:36.398,,159.51480269999956,-216.73,319,2026-05-28T13:06:06.256,2026-05-28T13:21:36.256,,-0.1483695999995689
159.8782468999998,159.8782468999998,-0.004093,741,2026-05-28T13:06:06.615,2026-05-28T13:21:36.615,,160.01479409999956,-215.57,320,2026-05-28T13:06:06.755,2026-05-28T13:21:36.755,,0.13654719999976805
160.0936526000005,160.0936526000005,-0.004096005,742,2026-05-28T13:06:06.834,2026-05-28T13:21:36.834,,160.01479409999956,-215.57,320,2026-05-28T13:06:06.755,2026-05-28T13:21:36.755,,-0.07885850000093342
160.30865220000123,160.30865220000123,-0.004099376,743,2026-05-28T13:06:07.049,2026-05-28T13:21:37.049,,160.51480860000083,-217.23,321,2026-05-28T13:06:07.256,2026-05-28T13:21:37.256,,0.20615639999959967
160.52376920000097,160.52376920000097,-0.004101607,744,2026-05-28T13:06:07.256,2026-05-28T13:21:37.256,,160.51480860000083,-217.23,321,2026-05-28T13:06:07.256,2026-05-28T13:21:37.256,,-0.008960600000136765
160.73901750000005,160.73901750000005,-0.004104685,745,2026-05-28T13:06:07.473,2026-05-28T13:21:37.473,,160.51480860000083,-217.23,321,2026-05-28T13:06:07.256,2026-05-28T13:21:37.256,,-0.224208899999212
160.95410229999834,160.95410229999834,-0.004107616,746,2026-05-28T13:06:07.693,2026-05-28T13:21:37.693,,161.01474099999905,-218.14,322,2026-05-28T13:06:07.756,2026-05-28T13:21:37.756,,0.06063870000070892
161.1694310999992,161.1694310999992,-0.004110401,747,2026-05-28T13:06:07.910,2026-05-28T13:21:37.910,,161.01474099999905,-218.14,322,2026-05-28T13:06:07.756,2026-05-28T13:21:37.756,,-0.1546901000001526
161.38436359999832,161.38436359999832,-0.004113301,748,2026-05-28T13:06:08.125,2026-05-28T13:21:38.125,,161.51470960000006,-217.0,323,2026-05-28T13:06:08.255,2026-05-28T13:21:38.255,,0.13034600000173668
161.59944389999873,161.59944389999873,-0.004116243,749,2026-05-28T13:06:08.340,2026-05-28T13:21:38.340,,161.51470960000006,-217.0,323,2026-05-28T13:06:08.255,2026-05-28T13:21:38.255,,-0.08473429999867221
161.81472629999917,161.81472629999917,-0.004119625,750,2026-05-28T13:06:08.555,2026-05-28T13:21:38.555,,162.01469999999972,-218.17,324,2026-05-28T13:06:08.756,2026-05-28T13:21:38.756,,0.19997370000055525
162.02997590000086,162.02997590000086,-0.004122536,751,2026-05-28T13:06:08.766,2026-05-28T13:21:38.766,,162.01469999999972,-218.17,324,2026-05-28T13:06:08.756,2026-05-28T13:21:38.756,,-0.015275900001142872
162.24494929999855,162.24494929999855,-0.004125729,752,2026-05-28T13:06:08.976,2026-05-28T13:21:38.976,,162.01469999999972,-218.17,324,2026-05-28T13:06:08.756,2026-05-28T13:21:38.756,,-0.2302492999988317
162.46022839999932,162.46022839999932,-0.004129071,753,2026-05-28T13:06:09.199,2026-05-28T13:21:39.199,,162.51476600000024,-218.98,325,2026-05-28T13:06:09.255,2026-05-28T13:21:39.255,,0.05453760000091279
162.6752720000004,162.6752720000004,-0.004131908,754,2026-05-28T13:06:09.412,2026-05-28T13:21:39.412,,162.51476600000024,-218.98,325,2026-05-28T13:06:09.255,2026-05-28T13:21:39.255,,-0.16050600000016857
162.89035149999836,162.89035149999836,-0.004135604,755,2026-05-28T13:06:09.630,2026-05-28T13:21:39.630,,163.01470170000175,-218.63,326,2026-05-28T13:06:09.755,2026-05-28T13:21:39.755,,0.12435020000339136
163.10536199999842,163.10536199999842,-0.004137907,756,2026-05-28T13:06:09.843,2026-05-28T13:21:39.843,,163.01470170000175,-218.63,326,2026-05-28T13:06:09.755,2026-05-28T13:21:39.755,,-0.0906602999966708
163.32052040000053,163.32052040000053,-0.004141655,757,2026-05-28T13:06:10.060,2026-05-28T13:21:40.060,,163.514779000001,-220.13,327,2026-05-28T13:06:10.255,2026-05-28T13:21:40.255,,0.19425860000046669
163.53572740000163,163.53572740000163,-0.004144325,758,2026-05-28T13:06:10.277,2026-05-28T13:21:40.277,,163.514779000001,-220.13,327,2026-05-28T13:06:10.255,2026-05-28T13:21:40.255,,-0.020948400000634138
163.75077569999848,163.75077569999848,-0.004146974,759,2026-05-28T13:06:10.491,2026-05-28T13:21:40.491,,163.514779000001,-220.13,327,2026-05-28T13:06:10.255,2026-05-28T13:21:40.255,,-0.23599669999748585
163.9660412000012,163.9660412000012,-0.004150953,760,2026-05-28T13:06:10.707,2026-05-28T13:21:40.707,,164.01479390000168,-218.95,328,2026-05-28T13:06:10.755,2026-05-28T13:21:40.755,,0.04875270000047749
164.18103279999923,164.18103279999923,-0.004153298,761,2026-05-28T13:06:10.918,2026-05-28T13:21:40.918,,164.01479390000168,-218.95,328,2026-05-28T13:06:10.755,2026-05-28T13:21:40.755,,-0.16623889999755193
164.3961457000005,164.3961457000005,-0.004156428,762,2026-05-28T13:06:11.136,2026-05-28T13:21:41.136,,164.5144048000002,-220.31,329,2026-05-28T13:06:11.253,2026-05-28T13:21:41.253,,0.11825909999970463
164.61149020000084,164.61149020000084,-0.004160208,763,2026-05-28T13:06:11.349,2026-05-28T13:21:41.349,,164.5144048000002,-220.31,329,2026-05-28T13:06:11.253,2026-05-28T13:21:41.253,,-0.09708540000065113
164.82661630000075,164.82661630000075,-0.004162323,764,2026-05-28T13:06:11.560,2026-05-28T13:21:41.560,,165.01468709999972,-221.03,330,2026-05-28T13:06:11.755,2026-05-28T13:21:41.755,,0.18807079999896814
165.04156149999835,165.04156149999835,-0.004166092,765,2026-05-28T13:06:11.780,2026-05-28T13:21:41.780,,165.01468709999972,-221.03,330,2026-05-28T13:06:11.755,2026-05-28T13:21:41.755,,-0.026874399998632725
165.25679540000056,165.25679540000056,-0.004169578,766,2026-05-28T13:06:11.989,2026-05-28T13:21:41.989,,165.01468709999972,-221.03,330,2026-05-28T13:06:11.755,2026-05-28T13:21:41.755,,-0.2421083000008366
165.47176129999934,165.47176129999934,-0.004172018,767,2026-05-28T13:06:12.209,2026-05-28T13:21:42.209,,165.51473500000066,-222.28,331,2026-05-28T13:06:12.256,2026-05-28T13:21:42.256,,0.042973700001311954
165.68695690000095,165.68695690000095,-0.004174991,768,2026-05-28T13:06:12.425,2026-05-28T13:21:42.425,,165.51473500000066,-222.28,331,2026-05-28T13:06:12.256,2026-05-28T13:21:42.256,,-0.17222190000029514
165.90216489999875,165.90216489999875,-0.004178038,769,2026-05-28T13:06:12.641,2026-05-28T13:21:42.641,,166.01478520000092,-221.61,332,2026-05-28T13:06:12.755,2026-05-28T13:21:42.755,,0.11262030000216328
166.11724220000178,166.11724220000178,-0.004180697,770,2026-05-28T13:06:12.856,2026-05-28T13:21:42.856,,166.01478520000092,-221.61,332,2026-05-28T13:06:12.755,2026-05-28T13:21:42.755,,-0.10245700000086799
166.3324352999989,166.3324352999989,-0.004184058,771,2026-05-28T13:06:13.073,2026-05-28T13:21:43.073,,166.51469240000006,-222.7,333,2026-05-28T13:06:13.256,2026-05-28T13:21:43.256,,0.18225710000115214
166.5474393000004,166.5474393000004,-0.00418701,772,2026-05-28T13:06:13.286,2026-05-28T13:21:43.286,,166.51469240000006,-222.7,333,2026-05-28T13:06:13.256,2026-05-28T13:21:43.256,,-0.03274690000034752
166.7627618000006,166.7627618000006,-0.004190361,773,2026-05-28T13:06:13.499,2026-05-28T13:21:43.499,,166.51469240000006,-222.7,333,2026-05-28T13:06:13.256,2026-05-28T13:21:43.256,,-0.24806940000053146
166.97764029999962,166.97764029999962,-0.004193816,774,2026-05-28T13:06:13.718,2026-05-28T13:21:43.718,,167.01470980000158,-223.48,334,2026-05-28T13:06:13.756,2026-05-28T13:21:43.756,,0.0370695000019623
167.19270229999893,167.19270229999893,-0.004196119,775,2026-05-28T13:06:13.932,2026-05-28T13:21:43.932,,167.01470980000158,-223.48,334,2026-05-28T13:06:13.756,2026-05-28T13:21:43.756,,-0.17799249999734457
167.4079457000007,167.4079457000007,-0.004199197,776,2026-05-28T13:06:14.139,2026-05-28T13:21:44.139,,167.5146476000009,-223.27,335,2026-05-28T13:06:14.255,2026-05-28T13:21:44.255,,0.1067019000001892
167.62321650000013,167.62321650000013,-0.004201354,777,2026-05-28T13:06:14.356,2026-05-28T13:21:44.356,,167.5146476000009,-223.27,335,2026-05-28T13:06:14.255,2026-05-28T13:21:44.255,,-0.10856889999922714
167.8381604999995,167.8381604999995,-0.004204799,778,2026-05-28T13:06:14.573,2026-05-28T13:21:44.573,,168.0147305999999,-223.72,336,2026-05-28T13:06:14.755,2026-05-28T13:21:44.755,,0.17657010000039008
168.05336549999993,168.05336549999993,-0.004207405,779,2026-05-28T13:06:14.789,2026-05-28T13:21:44.789,,168.0147305999999,-223.72,336,2026-05-28T13:06:14.755,2026-05-28T13:21:44.755,,-0.03863490000003367
168.26858730000095,168.26858730000095,-0.004210149,780,2026-05-28T13:06:15.007,2026-05-28T13:21:45.007,,168.51466960000107,-224.2,337,2026-05-28T13:06:15.255,2026-05-28T13:21:45.255,,0.24608230000012554
168.48366760000135,168.48366760000135,-0.004212672,781,2026-05-28T13:06:15.223,2026-05-28T13:21:45.223,,168.51466960000107,-224.2,337,2026-05-28T13:06:15.255,2026-05-28T13:21:45.255,,0.031001999999716645
168.6988283999999,168.6988283999999,-0.004215279,782,2026-05-28T13:06:15.439,2026-05-28T13:21:45.439,,168.51466960000107,-224.2,337,2026-05-28T13:06:15.255,2026-05-28T13:21:45.255,,-0.18415879999884055
168.91379629999938,168.91379629999938,-0.004218221,783,2026-05-28T13:06:15.649,2026-05-28T13:21:45.649,,169.01463910000166,-224.51,338,2026-05-28T13:06:15.755,2026-05-28T13:21:45.755,,0.10084280000228318
169.12882069999978,169.12882069999978,-0.004221173,784,2026-05-28T13:06:15.870,2026-05-28T13:21:45.870,,169.01463910000166,-224.51,338,2026-05-28T13:06:15.755,2026-05-28T13:21:45.755,,-0.11418159999811905
169.3439260999985,169.3439260999985,-0.004224377,785,2026-05-28T13:06:16.085,2026-05-28T13:21:46.085,,169.51468430000023,-225.2,339,2026-05-28T13:06:16.256,2026-05-28T13:21:46.256,,0.17075820000172826
169.5592770000003,169.5592770000003,-0.004227602,786,2026-05-28T13:06:16.299,2026-05-28T13:21:46.299,,169.51468430000023,-225.2,339,2026-05-28T13:06:16.256,2026-05-28T13:21:46.256,,-0.04459270000006654
169.77420379999967,169.77420379999967,-0.004229633,787,2026-05-28T13:06:16.506,2026-05-28T13:21:46.506,,170.01434879999942,-225.25,340,2026-05-28T13:06:16.749,2026-05-28T13:21:46.749,,0.2401449999997567
169.9893333,169.9893333,-0.004233318,788,2026-05-28T13:06:16.723,2026-05-28T13:21:46.723,,170.01434879999942,-225.25,340,2026-05-28T13:06:16.749,2026-05-28T13:21:46.749,,0.025015499999426538
170.20460349999848,170.20460349999848,-0.004236407,789,2026-05-28T13:06:16.944,2026-05-28T13:21:46.944,,170.01434879999942,-225.25,340,2026-05-28T13:06:16.749,2026-05-28T13:21:46.749,,-0.19025469999905908
170.41977939999924,170.41977939999924,-0.004239757,790,2026-05-28T13:06:17.156,2026-05-28T13:21:47.156,,170.51467860000048,-226.48,341,2026-05-28T13:06:17.255,2026-05-28T13:21:47.255,,0.09489920000123675
170.63492000000042,170.63492000000042,-0.004243516,791,2026-05-28T13:06:17.375,2026-05-28T13:21:47.375,,170.51467860000048,-226.48,341,2026-05-28T13:06:17.255,2026-05-28T13:21:47.255,,-0.12024139999994077
170.8500654999989,170.8500654999989,-0.00424628,792,2026-05-28T13:06:17.589,2026-05-28T13:21:47.589,,171.01471609999862,-226.44,342,2026-05-28T13:06:17.755,2026-05-28T13:21:47.755,,0.16465059999973164
171.0652388999988,171.0652388999988,-0.004249609,793,2026-05-28T13:06:17.806,2026-05-28T13:21:47.806,,171.01471609999862,-226.44,342,2026-05-28T13:06:17.755,2026-05-28T13:21:47.755,,-0.05052280000018072
171.28021760000047,171.28021760000047,-0.004252907,794,2026-05-28T13:06:18.018,2026-05-28T13:21:48.018,,171.51485680000042,-227.99,343,2026-05-28T13:06:18.256,2026-05-28T13:21:48.256,,0.23463919999994687
171.49541659999886,171.49541659999886,-0.004255776,795,2026-05-28T13:06:18.233,2026-05-28T13:21:48.233,,171.51485680000042,-227.99,343,2026-05-28T13:06:18.256,2026-05-28T13:21:48.256,,0.01944020000155433
171.71048480000172,171.71048480000172,-0.004259063,796,2026-05-28T13:06:18.451,2026-05-28T13:21:48.451,,171.51485680000042,-227.99,343,2026-05-28T13:06:18.256,2026-05-28T13:21:48.256,,-0.19562800000130665
171.9256854999985,171.9256854999985,-0.004261639,797,2026-05-28T13:06:18.666,2026-05-28T13:21:48.666,,172.0146234999993,-226.91,344,2026-05-28T13:06:18.755,2026-05-28T13:21:48.755,,0.08893800000078045
172.14070029999857,172.14070029999857,-0.00426457,798,2026-05-28T13:06:18.875,2026-05-28T13:21:48.875,,172.0146234999993,-226.91,344,2026-05-28T13:06:18.755,2026-05-28T13:21:48.755,,-0.12607679999928223
172.35600260000137,172.35600260000137,-0.004267826,799,2026-05-28T13:06:19.089,2026-05-28T13:21:49.089,,172.51472360000116,-226.69,345,2026-05-28T13:06:19.255,2026-05-28T13:21:49.255,,0.15872099999978673
172.5709526999999,172.5709526999999,-0.004270255,800,2026-05-28T13:06:19.306,2026-05-28T13:21:49.306,,172.51472360000116,-226.69,345,2026-05-28T13:06:19.255,2026-05-28T13:21:49.255,,-0.05622909999874537
172.78614519999974,172.78614519999974,-0.0042737,801,2026-05-28T13:06:19.523,2026-05-28T13:21:49.523,,173.01477019999948,-229.32,346,2026-05-28T13:06:19.756,2026-05-28T13:21:49.756,,0.22862499999973807
173.0015783000017,173.0015783000017,-0.004277092,802,2026-05-28T13:06:19.741,2026-05-28T13:21:49.741,,173.01477019999948,-229.32,346,2026-05-28T13:06:19.756,2026-05-28T13:21:49.756,,0.013191899997764267
173.216507000001,173.216507000001,-0.004279825,803,2026-05-28T13:06:19.956,2026-05-28T13:21:49.956,,173.01477019999948,-229.32,346,2026-05-28T13:06:19.756,2026-05-28T13:21:49.756,,-0.20173680000152672
173.4316800000015,173.4316800000015,-0.00428351,804,2026-05-28T13:06:20.172,2026-05-28T13:21:50.172,,173.51467870000124,-227.31,347,2026-05-28T13:06:20.255,2026-05-28T13:21:50.255,,0.08299869999973453
173.6466416000003,173.6466416000003,-0.004285793,805,2026-05-28T13:06:20.386,2026-05-28T13:21:50.386,,173.51467870000124,-227.31,347,2026-05-28T13:06:20.255,2026-05-28T13:21:50.255,,-0.13196289999905275
173.86185439999826,173.86185439999826,-0.00428886,806,2026-05-28T13:06:20.599,2026-05-28T13:21:50.599,,174.01465349999853,-230.92,348,2026-05-28T13:06:20.755,2026-05-28T13:21:50.755,,0.15279910000026575
174.0767108,174.0767108,-0.004292033,807,2026-05-28T13:06:20.816,2026-05-28T13:21:50.816,,174.01465349999853,-230.92,348,2026-05-28T13:06:20.755,2026-05-28T13:21:50.755,,-0.06205730000147014
174.29194859999916,174.29194859999916,-0.004294681,808,2026-05-28T13:06:21.031,2026-05-28T13:21:51.031,,174.51475819999905,-228.7,349,2026-05-28T13:06:21.255,2026-05-28T13:21:51.255,,0.22280959999989136
174.50698380000176,174.50698380000176,-0.004297948,809,2026-05-28T13:06:21.243,2026-05-28T13:21:51.243,,174.51475819999905,-228.7,349,2026-05-28T13:06:21.255,2026-05-28T13:21:51.255,,0.007774399997288128
174.722090700001,174.722090700001,-0.004300356,810,2026-05-28T13:06:21.463,2026-05-28T13:21:51.463,,174.51475819999905,-228.7,349,2026-05-28T13:06:21.255,2026-05-28T13:21:51.255,,-0.20733250000193948
174.93721020000157,174.93721020000157,-0.004302733,811,2026-05-28T13:06:21.676,2026-05-28T13:21:51.676,,175.01472859999922,-231.07,350,2026-05-28T13:06:21.755,2026-05-28T13:21:51.755,,0.07751839999764343
175.15248979999888,175.15248979999888,-0.004305298,812,2026-05-28T13:06:21.893,2026-05-28T13:21:51.893,,175.01472859999922,-231.07,350,2026-05-28T13:06:21.755,2026-05-28T13:21:51.755,,-0.13776119999965886
175.3677198000005,175.3677198000005,-0.004307988,813,2026-05-28T13:06:22.106,2026-05-28T13:21:52.106,,175.5146719000004,-229.99,351,2026-05-28T13:06:22.256,2026-05-28T13:21:52.256,,0.14695209999990766
175.58282970000073,175.58282970000073,-0.004310334,814,2026-05-28T13:06:22.322,2026-05-28T13:21:52.322,,175.5146719000004,-229.99,351,2026-05-28T13:06:22.256,2026-05-28T13:21:52.256,,-0.06815780000033556
175.79818130000058,175.79818130000058,-0.004312428,815,2026-05-28T13:06:22.539,2026-05-28T13:21:52.539,,176.01483369999914,-231.65,352,2026-05-28T13:06:22.755,2026-05-28T13:21:52.755,,0.21665239999856567
176.01325789999828,176.01325789999828,-0.004315275,816,2026-05-28T13:06:22.753,2026-05-28T13:21:52.753,,176.01483369999914,-231.65,352,2026-05-28T13:06:22.755,2026-05-28T13:21:52.755,,0.0015758000008645467
176.24174259999927,176.24174259999927,-0.004318458,817,2026-05-28T13:06:22.982,2026-05-28T13:21:52.982,,176.01483369999914,-231.65,352,2026-05-28T13:06:22.755,2026-05-28T13:21:52.755,,-0.22690890000012587
176.45712560000175,176.45712560000175,-0.004321693,818,2026-05-28T13:06:23.189,2026-05-28T13:21:53.189,,176.51469580000048,-232.85,353,2026-05-28T13:06:23.255,2026-05-28T13:21:53.255,,0.057570199998735916
176.67223179999928,176.67223179999928,-0.004324101,819,2026-05-28T13:06:23.406,2026-05-28T13:21:53.406,,176.51469580000048,-232.85,353,2026-05-28T13:06:23.255,2026-05-28T13:21:53.255,,-0.15753599999879953
176.88747280000098,176.88747280000098,-0.004327588,820,2026-05-28T13:06:23.623,2026-05-28T13:21:53.623,,177.01468390000082,-231.1,354,2026-05-28T13:06:23.755,2026-05-28T13:21:53.755,,0.12721109999984037
177.10241060000044,177.10241060000044,-0.004330038,821,2026-05-28T13:06:23.839,2026-05-28T13:21:53.839,,177.01468390000082,-231.1,354,2026-05-28T13:06:23.755,2026-05-28T13:21:53.755,,-0.0877266999996209
177.31763389999833,177.31763389999833,-0.00433299,822,2026-05-28T13:06:24.056,2026-05-28T13:21:54.056,,177.51464340000166,-233.77,355,2026-05-28T13:06:24.255,2026-05-28T13:21:54.255,,0.1970095000033325
177.53266870000152,177.53266870000152,-0.004336414,823,2026-05-28T13:06:24.273,2026-05-28T13:21:54.273,,177.51464340000166,-233.77,355,2026-05-28T13:06:24.255,2026-05-28T13:21:54.255,,-0.01802529999986291
177.74788959999933,177.74788959999933,-0.004339188,824,2026-05-28T13:06:24.483,2026-05-28T13:21:54.483,,177.51464340000166,-233.77,355,2026-05-28T13:06:24.255,2026-05-28T13:21:54.255,,-0.23324619999766583
177.9628702000009,177.9628702000009,-0.004342371,825,2026-05-28T13:06:24.699,2026-05-28T13:21:54.699,,178.01450960000147,-231.98,356,2026-05-28T13:06:24.755,2026-05-28T13:21:54.755,,0.05163940000056755
178.17791980000038,178.17791980000038,-0.004345407,826,2026-05-28T13:06:24.918,2026-05-28T13:21:54.918,,178.01450960000147,-231.98,356,2026-05-28T13:06:24.755,2026-05-28T13:21:54.755,,-0.16341019999890705
178.39297459999943,178.39297459999943,-0.00434948,827,2026-05-28T13:06:25.133,2026-05-28T13:21:55.133,,178.51463689999946,-233.07,357,2026-05-28T13:06:25.256,2026-05-28T13:21:55.256,,0.12166230000002543
178.60822159999952,178.60822159999952,-0.004353741,828,2026-05-28T13:06:25.339,2026-05-28T13:21:55.339,,178.51463689999946,-233.07,357,2026-05-28T13:06:25.256,2026-05-28T13:21:55.256,,-0.09358470000006491
178.8235816000015,178.8235816000015,-0.004357709,829,2026-05-28T13:06:25.556,2026-05-28T13:21:55.556,,179.01449109999885,-233.26,358,2026-05-28T13:06:25.755,2026-05-28T13:21:55.755,,0.1909094999973604
179.03865510000105,179.03865510000105,-0.004361489,830,2026-05-28T13:06:25.773,2026-05-28T13:21:55.773,,179.01449109999885,-233.26,358,2026-05-28T13:06:25.755,2026-05-28T13:21:55.755,,-0.024164000002201647
179.2538514000007,179.2538514000007,-0.004364682,831,2026-05-28T13:06:25.989,2026-05-28T13:21:55.989,,179.01449109999885,-233.26,358,2026-05-28T13:06:25.755,2026-05-28T13:21:55.755,,-0.23936030000186292
179.4688477999989,179.4688477999989,-0.004367582,832,2026-05-28T13:06:26.206,2026-05-28T13:21:56.206,,179.5147724999988,-233.97,359,2026-05-28T13:06:26.255,2026-05-28T13:21:56.255,,0.0459246999998868
179.68401299999823,179.68401299999823,-0.004371016,833,2026-05-28T13:06:26.425,2026-05-28T13:21:56.425,,179.5147724999988,-233.97,359,2026-05-28T13:06:26.255,2026-05-28T13:21:56.255,,-0.16924049999943236
179.89907269999821,179.89907269999821,-0.004373969,834,2026-05-28T13:06:26.640,2026-05-28T13:21:56.640,,180.01466340000115,-235.68,360,2026-05-28T13:06:26.755,2026-05-28T13:21:56.755,,0.11559070000294014
180.11419920000117,180.11419920000117,-0.004377235,835,2026-05-28T13:06:26.849,2026-05-28T13:21:56.849,,180.01466340000115,-235.68,360,2026-05-28T13:06:26.755,2026-05-28T13:21:56.755,,-0.09953580000001239
180.32927669999845,180.32927669999845,-0.004379644,836,2026-05-28T13:06:27.066,2026-05-28T13:21:57.066,,180.51470749999862,-234.53,361,2026-05-28T13:06:27.255,2026-05-28T13:21:57.255,,0.18543080000017653
180.54431580000164,180.54431580000164,-0.004382502,837,2026-05-28T13:06:27.283,2026-05-28T13:21:57.283,,180.51470749999862,-234.53,361,2026-05-28T13:06:27.255,2026-05-28T13:21:57.255,,-0.029608300003019394
180.7593425999985,180.7593425999985,-0.004386564,838,2026-05-28T13:06:27.494,2026-05-28T13:21:57.494,,180.51470749999862,-234.53,361,2026-05-28T13:06:27.255,2026-05-28T13:21:57.255,,-0.24463509999986854
180.97428959999888,180.97428959999888,-0.004390291,839,2026-05-28T13:06:27.714,2026-05-28T13:21:57.714,,181.01464420000048,-236.33,362,2026-05-28T13:06:27.755,2026-05-28T13:21:57.755,,0.04035460000159219
181.18924909999987,181.18924909999987,-0.0043945,840,2026-05-28T13:06:27.930,2026-05-28T13:21:57.930,,181.01464420000048,-236.33,362,2026-05-28T13:06:27.755,2026-05-28T13:21:57.755,,-0.17460489999939455
181.40447190000123,181.40447190000123,-0.004397756,841,2026-05-28T13:06:28.143,2026-05-28T13:21:58.143,,181.51474809999854,-234.24,363,2026-05-28T13:06:28.255,2026-05-28T13:21:58.255,,0.11027619999731542
181.61980050000057,181.61980050000057,-0.004400792,842,2026-05-28T13:06:28.360,2026-05-28T13:21:58.360,,181.51474809999854,-234.24,363,2026-05-28T13:06:28.255,2026-05-28T13:21:58.255,,-0.1050524000020232
181.83472899999833,181.83472899999833,-0.004405399,843,2026-05-28T13:06:28.575,2026-05-28T13:21:58.575,,182.0146993999988,-236.81,364,2026-05-28T13:06:28.755,2026-05-28T13:21:58.755,,0.17997040000045672
182.04980889999933,182.04980889999933,-0.004408802,844,2026-05-28T13:06:28.789,2026-05-28T13:21:58.789,,182.0146993999988,-236.81,364,2026-05-28T13:06:28.755,2026-05-28T13:21:58.755,,-0.03510950000054436
182.26498390000052,182.26498390000052,-0.004411691,845,2026-05-28T13:06:29.005,2026-05-28T13:21:59.005,,182.51473149999947,-235.89,365,2026-05-28T13:06:29.256,2026-05-28T13:21:59.256,,0.24974759999895468
182.48048270000072,182.48048270000072,-0.004415115,846,2026-05-28T13:06:29.220,2026-05-28T13:21:59.220,,182.51473149999947,-235.89,365,2026-05-28T13:06:29.256,2026-05-28T13:21:59.256,,0.034248799998749746
182.6955514000001,182.6955514000001,-0.004418151,847,2026-05-28T13:06:29.436,2026-05-28T13:21:59.436,,182.51473149999947,-235.89,365,2026-05-28T13:06:29.256,2026-05-28T13:21:59.256,,-0.18081990000064252
182.91063249999934,182.91063249999934,-0.004421868,848,2026-05-28T13:06:29.649,2026-05-28T13:21:59.649,,183.01423849999992,-236.09,366,2026-05-28T13:06:29.749,2026-05-28T13:21:59.749,,0.10360600000058184
183.12595520000104,183.12595520000104,-0.004426496,849,2026-05-28T13:06:29.866,2026-05-28T13:21:59.866,,183.01423849999992,-236.09,366,2026-05-28T13:06:29.749,2026-05-28T13:21:59.749,,-0.11171670000112499
183.34112559999994,183.34112559999994,-0.00442949,850,2026-05-28T13:06:30.073,2026-05-28T13:22:00.073,,183.51465129999997,-236.69,367,2026-05-28T13:06:30.255,2026-05-28T13:22:00.255,,0.17352570000002743
183.55623009999908,183.55623009999908,-0.004433678,851,2026-05-28T13:06:30.289,2026-05-28T13:22:00.289,,183.51465129999997,-236.69,367,2026-05-28T13:06:30.255,2026-05-28T13:22:00.255,,-0.04157879999911529
183.77128639999864,183.77128639999864,-0.004437395,852,2026-05-28T13:06:30.512,2026-05-28T13:22:00.512,,184.01463839999997,-237.32,368,2026-05-28T13:06:30.755,2026-05-28T13:22:00.755,,0.24335200000132318
183.98652120000042,183.98652120000042,-0.004440054,853,2026-05-28T13:06:30.723,2026-05-28T13:22:00.723,,184.01463839999997,-237.32,368,2026-05-28T13:06:30.755,2026-05-28T13:22:00.755,,0.02811719999954221
184.20155700000032,184.20155700000032,-0.004444525,854,2026-05-28T13:06:30.939,2026-05-28T13:22:00.939,,184.01463839999997,-237.32,368,2026-05-28T13:06:30.755,2026-05-28T13:22:00.755,,-0.18691860000035376
184.41692350000085,184.41692350000085,-0.004448378,855,2026-05-28T13:06:31.156,2026-05-28T13:22:01.156,,184.51469110000107,-238.42,369,2026-05-28T13:06:31.255,2026-05-28T13:22:01.255,,0.09776760000022477
184.6318132000015,184.6318132000015,-0.004451518,856,2026-05-28T13:06:31.372,2026-05-28T13:22:01.372,,184.51469110000107,-238.42,369,2026-05-28T13:06:31.255,2026-05-28T13:22:01.255,,-0.11712210000041523
184.84696189999886,184.84696189999886,-0.004453298,857,2026-05-28T13:06:31.583,2026-05-28T13:22:01.583,,185.0142605000001,-237.42,370,2026-05-28T13:06:31.751,2026-05-28T13:22:01.751,,0.16729860000123153
185.06208010000046,185.06208010000046,-0.004454586,858,2026-05-28T13:06:31.799,2026-05-28T13:22:01.799,,185.0142605000001,-237.42,370,2026-05-28T13:06:31.751,2026-05-28T13:22:01.751,,-0.047819600000366336
185.2771673999996,185.2771673999996,-0.00445712,859,2026-05-28T13:06:32.016,2026-05-28T13:22:02.016,,185.51473519999854,-240.95,371,2026-05-28T13:06:32.256,2026-05-28T13:22:02.256,,0.23756779999894206
185.49229209999976,185.49229209999976,-0.004458533,860,2026-05-28T13:06:32.233,2026-05-28T13:22:02.233,,185.51473519999854,-240.95,371,2026-05-28T13:06:32.256,2026-05-28T13:22:02.256,,0.02244309999878169
185.70735309999873,185.70735309999873,-0.004460512,861,2026-05-28T13:06:32.439,2026-05-28T13:22:02.439,,185.51473519999854,-240.95,371,2026-05-28T13:06:32.256,2026-05-28T13:22:02.256,,-0.19261790000018664
185.92254889999822,185.92254889999822,-0.004463004,862,2026-05-28T13:06:32.656,2026-05-28T13:22:02.656,,186.01467029999912,-238.34,372,2026-05-28T13:06:32.755,2026-05-28T13:22:02.755,,0.09212140000090585
186.13774879999983,186.13774879999983,-0.004465056,863,2026-05-28T13:06:32.875,2026-05-28T13:22:02.875,,186.01467029999912,-238.34,372,2026-05-28T13:06:32.755,2026-05-28T13:22:02.755,,-0.12307850000070175
186.352949600001,186.352949600001,-0.004467087,864,2026-05-28T13:06:33.089,2026-05-28T13:22:03.089,,186.51458080000157,-242.05,373,2026-05-28T13:06:33.255,2026-05-28T13:22:03.255,,0.16163120000055642
186.56800099999964,186.56800099999964,-0.004469348,865,2026-05-28T13:06:33.306,2026-05-28T13:22:03.306,,186.51458080000157,-242.05,373,2026-05-28T13:06:33.255,2026-05-28T13:22:03.255,,-0.05342019999807235
186.78322069999922,186.78322069999922,-0.00446916,866,2026-05-28T13:06:33.522,2026-05-28T13:22:03.522,,187.0147395999993,-238.92,374,2026-05-28T13:06:33.755,2026-05-28T13:22:03.755,,0.2315189000000828
186.99824829999852,186.99824829999852,-0.004471495,867,2026-05-28T13:06:33.739,2026-05-28T13:22:03.739,,187.0147395999993,-238.92,374,2026-05-28T13:06:33.755,2026-05-28T13:22:03.755,,0.01649130000078003
187.2136516999999,187.2136516999999,-0.004473547,868,2026-05-28T13:06:33.949,2026-05-28T13:22:03.949,,187.0147395999993,-238.92,374,2026-05-28T13:06:33.755,2026-05-28T13:22:03.755,,-0.198912100000598
187.42877399999998,187.42877399999998,-0.004476175,869,2026-05-28T13:06:34.170,2026-05-28T13:22:04.170,,187.51461070000005,-242.24,375,2026-05-28T13:06:34.255,2026-05-28T13:22:04.255,,0.0858367000000726
187.64415569999983,187.64415569999983,-0.004478918,870,2026-05-28T13:06:34.384,2026-05-28T13:22:04.384,,187.51461070000005,-242.24,375,2026-05-28T13:06:34.255,2026-05-28T13:22:04.255,,-0.12954499999977998
187.85929179999948,187.85929179999948,-0.004481692,871,2026-05-28T13:06:34.599,2026-05-28T13:22:04.599,,188.01479370000015,-241.19,376,2026-05-28T13:06:34.755,2026-05-28T13:22:04.755,,0.15550190000067232
188.07444649999888,188.07444649999888,-0.004484289,872,2026-05-28T13:06:34.806,2026-05-28T13:22:04.806,,188.01479370000015,-241.19,376,2026-05-28T13:06:34.755,2026-05-28T13:22:04.755,,-0.05965279999873019
188.28953879999972,188.28953879999972,-0.004486467,873,2026-05-28T13:06:35.028,2026-05-28T13:22:05.028,,188.51469519999955,-241.27,377,2026-05-28T13:06:35.256,2026-05-28T13:22:05.256,,0.2251563999998325
188.50459989999945,188.50459989999945,-0.004488351,874,2026-05-28T13:06:35.241,2026-05-28T13:22:05.241,,188.51469519999955,-241.27,377,2026-05-28T13:06:35.256,2026-05-28T13:22:05.256,,0.010095300000102725
188.71966990000146,188.71966990000146,-0.004491042,875,2026-05-28T13:06:35.458,2026-05-28T13:22:05.458,,188.51469519999955,-241.27,377,2026-05-28T13:06:35.256,2026-05-28T13:22:05.256,,-0.20497470000191242
188.93487219999952,188.93487219999952,-0.004492968,876,2026-05-28T13:06:35.673,2026-05-28T13:22:05.673,,189.01467849999972,-242.88,378,2026-05-28T13:06:35.755,2026-05-28T13:22:05.755,,0.07980630000020028
189.14993980000145,189.14993980000145,-0.004495272,877,2026-05-28T13:06:35.891,2026-05-28T13:22:05.891,,189.01467849999972,-242.88,378,2026-05-28T13:06:35.755,2026-05-28T13:22:05.755,,-0.13526130000172998
189.36500069999965,189.36500069999965,-0.004497596,878,2026-05-28T13:06:36.106,2026-05-28T13:22:06.106,,189.51473500000066,-242.86,379,2026-05-28T13:06:36.255,2026-05-28T13:22:06.255,,0.14973430000100052
189.58016439999847,189.58016439999847,-0.004499313,879,2026-05-28T13:06:36.316,2026-05-28T13:22:06.316,,189.51473500000066,-242.86,379,2026-05-28T13:06:36.255,2026-05-28T13:22:06.255,,-0.06542939999781083
189.79517660000056,189.79517660000056,-0.004501836,880,2026-05-28T13:06:36.536,2026-05-28T13:22:06.536,,190.01473120000082,-243.94,380,2026-05-28T13:06:36.755,2026-05-28T13:22:06.755,,0.21955460000026505
190.01048169999922,190.01048169999922,-0.004504087,881,2026-05-28T13:06:36.749,2026-05-28T13:22:06.749,,190.01473120000082,-243.94,380,2026-05-28T13:06:36.755,2026-05-28T13:22:06.755,,0.004249500001606066
190.22552050000013,190.22552050000013,-0.004506359,882,2026-05-28T13:06:36.966,2026-05-28T13:22:06.966,,190.01473120000082,-243.94,380,2026-05-28T13:06:36.755,2026-05-28T13:22:06.755,,-0.2107892999993055
190.44086379999862,190.44086379999862,-0.004509322,883,2026-05-28T13:06:37.173,2026-05-28T13:22:07.173,,190.51470509999854,-242.29,381,2026-05-28T13:06:37.255,2026-05-28T13:22:07.255,,0.07384129999991274
190.65609720000066,190.65609720000066,-0.004509877,884,2026-05-28T13:06:37.389,2026-05-28T13:22:07.389,,190.51470509999854,-242.29,381,2026-05-28T13:06:37.255,2026-05-28T13:22:07.255,,-0.14139210000212188
190.8712024000015,190.8712024000015,-0.004512463,885,2026-05-28T13:06:37.606,2026-05-28T13:22:07.606,,191.01438190000044,-243.72,382,2026-05-28T13:06:37.753,2026-05-28T13:22:07.753,,0.14317949999895063
191.08640820000073,191.08640820000073,-0.004513866,886,2026-05-28T13:06:37.822,2026-05-28T13:22:07.822,,191.01438190000044,-243.72,382,2026-05-28T13:06:37.753,2026-05-28T13:22:07.753,,-0.07202630000028876
191.30135510000036,191.30135510000036,-0.004515625,887,2026-05-28T13:06:38.042,2026-05-28T13:22:08.042,,191.51468680000107,-244.77,383,2026-05-28T13:06:38.255,2026-05-28T13:22:08.255,,0.21333170000070822
191.51647909999883,191.51647909999883,-0.004518043,888,2026-05-28T13:06:38.256,2026-05-28T13:22:08.256,,191.51468680000107,-244.77,383,2026-05-28T13:06:38.255,2026-05-28T13:22:08.255,,-0.001792299997759983
191.73148980000042,191.73148980000042,-0.004520745,889,2026-05-28T13:06:38.472,2026-05-28T13:22:08.472,,191.51468680000107,-244.77,383,2026-05-28T13:06:38.255,2026-05-28T13:22:08.255,,-0.21680299999934505
191.94667649999974,191.94667649999974,-0.004524074,890,2026-05-28T13:06:38.683,2026-05-28T13:22:08.683,,192.0146151000008,-243.87,384,2026-05-28T13:06:38.755,2026-05-28T13:22:08.755,,0.06793860000107088
192.16173219999837,192.16173219999837,-0.004526503,891,2026-05-28T13:06:38.903,2026-05-28T13:22:08.903,,192.0146151000008,-243.87,384,2026-05-28T13:06:38.755,2026-05-28T13:22:08.755,,-0.1471170999975584
192.37685019999844,192.37685019999844,-0.004528052,892,2026-05-28T13:06:39.116,2026-05-28T13:22:09.116,,192.5145545000014,-245.67,385,2026-05-28T13:06:39.255,2026-05-28T13:22:09.255,,0.13770430000295164
192.59193790000063,192.59193790000063,-0.004530827,893,2026-05-28T13:06:39.332,2026-05-28T13:22:09.332,,192.5145545000014,-245.67,385,2026-05-28T13:06:39.255,2026-05-28T13:22:09.255,,-0.07738339999923483
192.80709470000147,192.80709470000147,-0.004532931,894,2026-05-28T13:06:39.543,2026-05-28T13:22:09.543,,193.01472550000108,-244.75,386,2026-05-28T13:06:39.755,2026-05-28T13:22:09.755,,0.2076307999996061
193.02227340000172,193.02227340000172,-0.004534669,895,2026-05-28T13:06:39.763,2026-05-28T13:22:09.763,,193.01472550000108,-244.75,386,2026-05-28T13:06:39.755,2026-05-28T13:22:09.755,,-0.007547900000645313
193.2375362999992,193.2375362999992,-0.004537255,896,2026-05-28T13:06:39.976,2026-05-28T13:22:09.976,,193.01472550000108,-244.75,386,2026-05-28T13:06:39.755,2026-05-28T13:22:09.755,,-0.22281079999811482
193.45271180000054,193.45271180000054,-0.004539182,897,2026-05-28T13:06:40.193,2026-05-28T13:22:10.193,,193.51462629999878,-248.31,387,2026-05-28T13:06:40.255,2026-05-28T13:22:10.255,,0.06191449999823817
193.66769270000077,193.66769270000077,-0.004541066,898,2026-05-28T13:06:40.406,2026-05-28T13:22:10.406,,193.51462629999878,-248.31,387,2026-05-28T13:06:40.255,2026-05-28T13:22:10.255,,-0.15306640000198968
193.88293429999976,193.88293429999976,-0.004542386,899,2026-05-28T13:06:40.623,2026-05-28T13:22:10.623,,194.01459880000039,-245.22,388,2026-05-28T13:06:40.755,2026-05-28T13:22:10.755,,0.13166450000062468
194.09787710000091,194.09787710000091,-0.004544877,900,2026-05-28T13:06:40.839,2026-05-28T13:22:10.839,,194.01459880000039,-245.22,388,2026-05-28T13:06:40.755,2026-05-28T13:22:10.755,,-0.08327830000052927
194.31299539999964,194.31299539999964,-0.004547893,901,2026-05-28T13:06:41.053,2026-05-28T13:22:11.053,,194.5146781000003,-247.83,389,2026-05-28T13:06:41.255,2026-05-28T13:22:11.255,,0.20168270000067423
194.52812489999997,194.52812489999997,-0.004549714,902,2026-05-28T13:06:41.260,2026-05-28T13:22:11.260,,194.5146781000003,-247.83,389,2026-05-28T13:06:41.255,2026-05-28T13:22:11.255,,-0.013446799999655923
194.74324519999936,194.74324519999936,-0.004552332,903,2026-05-28T13:06:41.481,2026-05-28T13:22:11.481,,194.5146781000003,-247.83,389,2026-05-28T13:06:41.255,2026-05-28T13:22:11.255,,-0.22856709999905434
194.95844809999835,194.95844809999835,-0.004555389,904,2026-05-28T13:06:41.693,2026-05-28T13:22:11.693,,195.014710200001,-247.46,390,2026-05-28T13:06:41.755,2026-05-28T13:22:11.755,,0.05626210000264109
195.17364269999962,195.17364269999962,-0.004556101,905,2026-05-28T13:06:41.906,2026-05-28T13:22:11.906,,195.014710200001,-247.46,390,2026-05-28T13:06:41.755,2026-05-28T13:22:11.755,,-0.15893249999862746
195.3888450000013,195.3888450000013,-0.004558656,906,2026-05-28T13:06:42.122,2026-05-28T13:22:12.122,,195.51460249999946,-249.1,391,2026-05-28T13:06:42.255,2026-05-28T13:22:12.255,,0.12575749999814434
195.60385120000137,195.60385120000137,-0.004561262,907,2026-05-28T13:06:42.345,2026-05-28T13:22:12.345,,195.51460249999946,-249.1,391,2026-05-28T13:06:42.255,2026-05-28T13:22:12.255,,-0.08924870000191731
195.81903059999968,195.81903059999968,-0.004564184,908,2026-05-28T13:06:42.556,2026-05-28T13:22:12.556,,196.01461769999878,-249.02,392,2026-05-28T13:06:42.755,2026-05-28T13:22:12.755,,0.19558709999910207
196.03426229999968,196.03426229999968,-0.004566864,909,2026-05-28T13:06:42.773,2026-05-28T13:22:12.773,,196.01461769999878,-249.02,392,2026-05-28T13:06:42.755,2026-05-28T13:22:12.755,,-0.019644600000901846
196.24947220000104,196.24947220000104,-0.004569282,910,2026-05-28T13:06:42.989,2026-05-28T13:22:12.989,,196.01461769999878,-249.02,392,2026-05-28T13:06:42.755,2026-05-28T13:22:12.755,,-0.23485450000225683
196.4644616000005,196.4644616000005,-0.00457234,911,2026-05-28T13:06:43.205,2026-05-28T13:22:13.205,,196.51459429999886,-248.14,393,2026-05-28T13:06:43.255,2026-05-28T13:22:13.255,,0.050132699998357566
196.67992349999986,196.67992349999986,-0.004575104,912,2026-05-28T13:06:43.416,2026-05-28T13:22:13.416,,196.51459429999886,-248.14,393,2026-05-28T13:06:43.255,2026-05-28T13:22:13.255,,-0.16532920000099693
196.89505700000154,196.89505700000154,-0.004577752,913,2026-05-28T13:06:43.633,2026-05-28T13:22:13.633,,197.01473819999956,-250.56,394,2026-05-28T13:06:43.755,2026-05-28T13:22:13.755,,0.11968119999801274
197.1100187000011,197.1100187000011,-0.004582202,914,2026-05-28T13:06:43.849,2026-05-28T13:22:13.849,,197.01473819999956,-250.56,394,2026-05-28T13:06:43.755,2026-05-28T13:22:13.755,,-0.09528050000153598
197.32516390000092,197.32516390000092,-0.004585332,915,2026-05-28T13:06:44.066,2026-05-28T13:22:14.066,,197.5146535999993,-249.39,395,2026-05-28T13:06:44.255,2026-05-28T13:22:14.255,,0.18948969999837573
197.54015280000021,197.54015280000021,-0.0045884,916,2026-05-28T13:06:44.273,2026-05-28T13:22:14.273,,197.5146535999993,-249.39,395,2026-05-28T13:06:44.255,2026-05-28T13:22:14.255,,-0.02549920000092243
197.7553341999992,197.7553341999992,-0.004591625,917,2026-05-28T13:06:44.489,2026-05-28T13:22:14.489,,197.5146535999993,-249.39,395,2026-05-28T13:06:44.255,2026-05-28T13:22:14.255,,-0.2406805999999051
197.97027940000044,197.97027940000044,-0.004594378,918,2026-05-28T13:06:44.706,2026-05-28T13:22:14.706,,198.01469469999938,-250.99,396,2026-05-28T13:06:44.755,2026-05-28T13:22:14.755,,0.04441529999894556
198.18549690000145,198.18549690000145,-0.004597477,919,2026-05-28T13:06:44.923,2026-05-28T13:22:14.923,,198.01469469999938,-250.99,396,2026-05-28T13:06:44.755,2026-05-28T13:22:14.755,,-0.1708022000020719
198.40055470000152,198.40055470000152,-0.004600022,920,2026-05-28T13:06:45.139,2026-05-28T13:22:15.139,,198.51471160000074,-248.97,397,2026-05-28T13:06:45.255,2026-05-28T13:22:15.255,,0.11415689999921597
198.6156658,198.6156658,-0.00460377,921,2026-05-28T13:06:45.356,2026-05-28T13:22:15.356,,198.51471160000074,-248.97,397,2026-05-28T13:06:45.255,2026-05-28T13:22:15.255,,-0.1009541999992507
198.83091240000067,198.83091240000067,-0.004606848,922,2026-05-28T13:06:45.566,2026-05-28T13:22:15.566,,199.01461859999836,-250.18,398,2026-05-28T13:06:45.755,2026-05-28T13:22:15.755,,0.18370619999768678
199.04612540000016,199.04612540000016,-0.004609109,923,2026-05-28T13:06:45.782,2026-05-28T13:22:15.782,,199.01461859999836,-250.18,398,2026-05-28T13:06:45.755,2026-05-28T13:22:15.755,,-0.03150680000180728
199.26101049999852,199.26101049999852,-0.004611517,924,2026-05-28T13:06:45.999,2026-05-28T13:22:15.999,,199.01461859999836,-250.18,398,2026-05-28T13:06:45.755,2026-05-28T13:22:15.755,,-0.24639190000016242
199.4763094000009,199.4763094000009,-0.00461336,925,2026-05-28T13:06:46.216,2026-05-28T13:22:16.216,,199.5146937999998,-252.13,399,2026-05-28T13:06:46.255,2026-05-28T13:22:16.255,,0.03838439999890397
199.6915555000014,199.6915555000014,-0.004614857,926,2026-05-28T13:06:46.422,2026-05-28T13:22:16.422,,199.5146937999998,-252.13,399,2026-05-28T13:06:46.255,2026-05-28T13:22:16.255,,-0.17686170000160928
199.90664280000055,199.90664280000055,-0.004617098,927,2026-05-28T13:06:46.639,2026-05-28T13:22:16.639,,200.01458120000098,-251.22,400,2026-05-28T13:06:46.755,2026-05-28T13:22:16.755,,0.1079384000004211
200.12186479999946,200.12186479999946,-0.00461848,928,2026-05-28T13:06:46.856,2026-05-28T13:22:16.856,,200.01458120000098,-251.22,400,2026-05-28T13:06:46.755,2026-05-28T13:22:16.755,,-0.1072835999984818
200.33680159999858,200.33680159999858,-0.004619255,929,2026-05-28T13:06:47.073,2026-05-28T13:22:17.073,,200.5145537999997,-253.42,401,2026-05-28T13:06:47.255,2026-05-28T13:22:17.255,,0.17775220000112313
200.5520347999991,200.5520347999991,-0.004620312,930,2026-05-28T13:06:47.289,2026-05-28T13:22:17.289,,200.5145537999997,-253.42,401,2026-05-28T13:06:47.255,2026-05-28T13:22:17.255,,-0.03748099999938859
200.76698709999982,200.76698709999982,-0.004622217,931,2026-05-28T13:06:47.506,2026-05-28T13:22:17.506,,201.01477710000108,-251.75,402,2026-05-28T13:06:47.756,2026-05-28T13:22:17.756,,0.2477900000012596
200.98208019999947,200.98208019999947,-0.004624406,932,2026-05-28T13:06:47.722,2026-05-28T13:22:17.722,,201.01477710000108,-251.75,402,2026-05-28T13:06:47.756,2026-05-28T13:22:17.756,,0.03269690000161063
201.1971674999986,201.1971674999986,-0.004625107,933,2026-05-28T13:06:47.933,2026-05-28T13:22:17.933,,201.01477710000108,-251.75,402,2026-05-28T13:06:47.756,2026-05-28T13:22:17.756,,-0.18239039999753004
201.41229770000064,201.41229770000064,-0.004627463,934,2026-05-28T13:06:48.149,2026-05-28T13:22:18.149,,201.51460619999852,-253.86,403,2026-05-28T13:06:48.255,2026-05-28T13:22:18.255,,0.10230849999788916
201.62744979999843,201.62744979999843,-0.004630447,935,2026-05-28T13:06:48.368,2026-05-28T13:22:18.368,,201.51460619999852,-253.86,403,2026-05-28T13:06:48.255,2026-05-28T13:22:18.255,,-0.11284359999990556
201.84250360000078,201.84250360000078,-0.00463275,936,2026-05-28T13:06:48.583,2026-05-28T13:22:18.583,,202.01453739999852,-252.26,404,2026-05-28T13:06:48.755,2026-05-28T13:22:18.755,,0.1720337999977346
202.05768589999934,202.05768589999934,-0.004635954,937,2026-05-28T13:06:48.794,2026-05-28T13:22:18.794,,202.01453739999852,-252.26,404,2026-05-28T13:06:48.755,2026-05-28T13:22:18.755,,-0.04314850000082515
202.27294279999842,202.27294279999842,-0.004639388,938,2026-05-28T13:06:49.006,2026-05-28T13:22:19.006,,202.51437929999884,-254.46,405,2026-05-28T13:06:49.250,2026-05-28T13:22:19.250,,0.24143650000041816
202.48812929999985,202.48812929999985,-0.004642539,939,2026-05-28T13:06:49.226,2026-05-28T13:22:19.226,,202.51437929999884,-254.46,405,2026-05-28T13:06:49.250,2026-05-28T13:22:19.250,,0.026249999998981366
202.7031246000006,202.7031246000006,-0.004645952,940,2026-05-28T13:06:49.443,2026-05-28T13:22:19.443,,202.51437929999884,-254.46,405,2026-05-28T13:06:49.250,2026-05-28T13:22:19.250,,-0.18874530000175582
202.91820329999973,202.91820329999973,-0.004648193,941,2026-05-28T13:06:49.658,2026-05-28T13:22:19.658,,203.01463890000014,-255.26,406,2026-05-28T13:06:49.755,2026-05-28T13:22:19.755,,0.09643560000040452
203.13333620000049,203.13333620000049,-0.004650475,942,2026-05-28T13:06:49.874,2026-05-28T13:22:19.874,,203.01463890000014,-255.26,406,2026-05-28T13:06:49.755,2026-05-28T13:22:19.755,,-0.11869730000034906
203.34845789999963,203.34845789999963,-0.004652569,943,2026-05-28T13:06:50.089,2026-05-28T13:22:20.089,,203.5145698999986,-253.09,407,2026-05-28T13:06:50.255,2026-05-28T13:22:20.255,,0.16611199999897508
203.56351089999953,203.56351089999953,-0.004654422,944,2026-05-28T13:06:50.301,2026-05-28T13:22:20.301,,203.5145698999986,-253.09,407,2026-05-28T13:06:50.255,2026-05-28T13:22:20.255,,-0.04894100000092294
203.7786625000008,203.7786625000008,-0.004657668,945,2026-05-28T13:06:50.516,2026-05-28T13:22:20.516,,204.01464729999861,-256.67,408,2026-05-28T13:06:50.755,2026-05-28T13:22:20.755,,0.23598479999782285
203.993654599999,203.993654599999,-0.004659825,946,2026-05-28T13:06:50.733,2026-05-28T13:22:20.733,,204.01464729999861,-256.67,408,2026-05-28T13:06:50.755,2026-05-28T13:22:20.755,,0.020992699999624165
204.2088995999984,204.2088995999984,-0.004662537,947,2026-05-28T13:06:50.948,2026-05-28T13:22:20.948,,204.01464729999861,-256.67,408,2026-05-28T13:06:50.755,2026-05-28T13:22:20.755,,-0.1942522999997891
204.42422989999977,204.42422989999977,-0.00466528,948,2026-05-28T13:06:51.164,2026-05-28T13:22:21.164,,204.51453210000182,-254.7,409,2026-05-28T13:06:51.255,2026-05-28T13:22:21.255,,0.09030220000204281
204.63933149999866,204.63933149999866,-0.004667667,949,2026-05-28T13:06:51.376,2026-05-28T13:22:21.376,,204.51453210000182,-254.7,409,2026-05-28T13:06:51.255,2026-05-28T13:22:21.255,,-0.12479939999684575
204.8545301999984,204.8545301999984,-0.004669855,950,2026-05-28T13:06:51.593,2026-05-28T13:22:21.593,,205.0146203000004,-256.68,410,2026-05-28T13:06:51.755,2026-05-28T13:22:21.755,,0.16009010000198032
205.06960189999882,205.06960189999882,-0.004672389,951,2026-05-28T13:06:51.810,2026-05-28T13:22:21.810,,205.0146203000004,-256.68,410,2026-05-28T13:06:51.755,2026-05-28T13:22:21.755,,-0.054981599998427555
205.28466839999965,205.28466839999965,-0.004674891,952,2026-05-28T13:06:52.025,2026-05-28T13:22:22.025,,205.5146437000003,-255.79,411,2026-05-28T13:06:52.255,2026-05-28T13:22:22.255,,0.22997530000066035
205.4997618999987,205.4997618999987,-0.004677582,953,2026-05-28T13:06:52.240,2026-05-28T13:22:22.240,,205.5146437000003,-255.79,411,2026-05-28T13:06:52.255,2026-05-28T13:22:22.255,,0.014881800001603551
205.7147585999992,205.7147585999992,-0.004680209,954,2026-05-28T13:06:52.455,2026-05-28T13:22:22.455,,205.5146437000003,-255.79,411,2026-05-28T13:06:52.255,2026-05-28T13:22:22.255,,-0.20011489999888
205.9299069000008,205.9299069000008,-0.004682597,955,2026-05-28T13:06:52.666,2026-05-28T13:22:22.666,,206.01461429999836,-256.47,412,2026-05-28T13:06:52.755,2026-05-28T13:22:22.755,,0.08470739999756915
206.14497810000103,206.14497810000103,-0.004685151,956,2026-05-28T13:06:52.886,2026-05-28T13:22:22.886,,206.01461429999836,-256.47,412,2026-05-28T13:06:52.755,2026-05-28T13:22:22.755,,-0.13036380000266945
206.36005579999983,206.36005579999983,-0.004687633,957,2026-05-28T13:06:53.099,2026-05-28T13:22:23.099,,206.51458970000022,-258.22,413,2026-05-28T13:06:53.255,2026-05-28T13:22:23.255,,0.1545339000003878
206.57518899999923,206.57518899999923,-0.004689831,958,2026-05-28T13:06:53.316,2026-05-28T13:22:23.316,,206.51458970000022,-258.22,413,2026-05-28T13:06:53.255,2026-05-28T13:22:23.255,,-0.060599299999012146
206.79042960000152,206.79042960000152,-0.004691747,959,2026-05-28T13:06:53.526,2026-05-28T13:22:23.526,,207.01453160000165,-258.02,414,2026-05-28T13:06:53.755,2026-05-28T13:22:23.755,,0.22410200000012992
207.00563429999966,207.00563429999966,-0.004694166,960,2026-05-28T13:06:53.744,2026-05-28T13:22:23.744,,207.01453160000165,-258.02,414,2026-05-28T13:06:53.755,2026-05-28T13:22:23.755,,0.008897300001990516
207.22087530000135,207.22087530000135,-0.004697118,961,2026-05-28T13:06:53.960,2026-05-28T13:22:23.960,,207.01453160000165,-258.02,414,2026-05-28T13:06:53.755,2026-05-28T13:22:23.755,,-0.2063436999997066
207.4358632000003,207.4358632000003,-0.004699882,962,2026-05-28T13:06:54.176,2026-05-28T13:22:24.176,,207.5146128000015,-258.47,415,2026-05-28T13:06:54.255,2026-05-28T13:22:24.255,,0.07874960000117426
207.65105340000082,207.65105340000082,-0.004702751,963,2026-05-28T13:06:54.392,2026-05-28T13:22:24.392,,207.5146128000015,-258.47,415,2026-05-28T13:06:54.255,2026-05-28T13:22:24.255,,-0.13644059999933233
207.86629529999846,207.86629529999846,-0.004705337,964,2026-05-28T13:06:54.607,2026-05-28T13:22:24.607,,208.01463050000166,-256.99,416,2026-05-28T13:06:54.755,2026-05-28T13:22:24.755,,0.14833520000320277
208.08147779999854,208.08147779999854,-0.004707096,965,2026-05-28T13:06:54.822,2026-05-28T13:22:24.822,,208.01463050000166,-256.99,416,2026-05-28T13:06:54.755,2026-05-28T13:22:24.755,,-0.06684729999687988
208.2966512999992,208.2966512999992,-0.004709075,966,2026-05-28T13:06:55.037,2026-05-28T13:22:25.037,,208.51467820000107,-253.26,417,2026-05-28T13:06:55.255,2026-05-28T13:22:25.255,,0.21802690000185976
208.51190869999846,208.51190869999846,-0.004710666,967,2026-05-28T13:06:55.244,2026-05-28T13:22:25.244,,208.51467820000107,-253.26,417,2026-05-28T13:06:55.255,2026-05-28T13:22:25.255,,0.0027695000026142225
208.7269989999986,208.7269989999986,-0.004713043,968,2026-05-28T13:06:55.460,2026-05-28T13:22:25.460,,208.51467820000107,-253.26,417,2026-05-28T13:06:55.255,2026-05-28T13:22:25.255,,-0.21232079999754205
208.9419553000007,208.9419553000007,-0.004716037,969,2026-05-28T13:06:55.676,2026-05-28T13:22:25.676,,209.01463850000073,-238.04,418,2026-05-28T13:06:55.755,2026-05-28T13:22:25.755,,0.07268320000002859
209.15715819999969,209.15715819999969,-0.004718435,970,2026-05-28T13:06:55.889,2026-05-28T13:22:25.889,,209.01463850000073,-238.04,418,2026-05-28T13:06:55.755,2026-05-28T13:22:25.755,,-0.14251969999895664
209.3721114,209.3721114,-0.004720822,971,2026-05-28T13:06:56.108,2026-05-28T13:22:26.108,,209.51468119999845,-230.91,419,2026-05-28T13:06:56.255,2026-05-28T13:22:26.255,,0.14256979999845498
209.58733850000135,209.58733850000135,-0.004723272,972,2026-05-28T13:06:56.322,2026-05-28T13:22:26.322,,209.51468119999845,-230.91,419,2026-05-28T13:06:56.255,2026-05-28T13:22:26.255,,-0.07265730000290205
209.8022615000009,209.8022615000009,-0.004725146,973,2026-05-28T13:06:56.541,2026-05-28T13:22:26.541,,210.01455089999945,-215.5,420,2026-05-28T13:06:56.755,2026-05-28T13:22:26.755,,0.21228939999855356
210.01759999999922,210.01759999999922,-0.004727847,974,2026-05-28T13:06:56.756,2026-05-28T13:22:26.756,,210.01455089999945,-215.5,420,2026-05-28T13:06:56.755,2026-05-28T13:22:26.755,,-0.0030490999997709878
210.23251359999995,210.23251359999995,-0.004730171,975,2026-05-28T13:06:56.973,2026-05-28T13:22:26.973,,210.01455089999945,-215.5,420,2026-05-28T13:06:56.755,2026-05-28T13:22:26.755,,-0.21796270000049844
210.44775189999928,210.44775189999928,-0.004733469,976,2026-05-28T13:06:57.185,2026-05-28T13:22:27.185,,210.5146778999988,-210.92,421,2026-05-28T13:06:57.255,2026-05-28T13:22:27.255,,0.06692599999951199
210.6627910999996,210.6627910999996,-0.004737102,977,2026-05-28T13:06:57.399,2026-05-28T13:22:27.399,,210.5146778999988,-210.92,421,2026-05-28T13:06:57.255,2026-05-28T13:22:27.255,,-0.1481132000008074
210.87779149999915,210.87779149999915,-0.004739165,978,2026-05-28T13:06:57.616,2026-05-28T13:22:27.616,,211.01459450000038,-200.25,422,2026-05-28T13:06:57.755,2026-05-28T13:22:27.755,,0.1368030000012368
211.09274229999937,211.09274229999937,-0.004741583,979,2026-05-28T13:06:57.833,2026-05-28T13:22:27.833,,211.01459450000038,-200.25,422,2026-05-28T13:06:57.755,2026-05-28T13:22:27.755,,-0.07814779999898747
211.30780819999927,211.30780819999927,-0.004743813,980,2026-05-28T13:06:58.039,2026-05-28T13:22:28.039,,211.51458270000148,-194.44,423,2026-05-28T13:06:58.255,2026-05-28T13:22:28.255,,0.20677450000221143
211.52272380000068,211.52272380000068,-0.004747394,981,2026-05-28T13:06:58.256,2026-05-28T13:22:28.256,,211.51458270000148,-194.44,423,2026-05-28T13:06:58.255,2026-05-28T13:22:28.255,,-0.008141099999193102
211.73782230000143,211.73782230000143,-0.004750074,982,2026-05-28T13:06:58.473,2026-05-28T13:22:28.473,,211.51458270000148,-194.44,423,2026-05-28T13:06:58.255,2026-05-28T13:22:28.255,,-0.22323959999994258
211.95301879999897,211.95301879999897,-0.004753226,983,2026-05-28T13:06:58.689,2026-05-28T13:22:28.689,,212.0146808999998,-188.15,424,2026-05-28T13:06:58.755,2026-05-28T13:22:28.755,,0.06166210000083083
212.16811510000116,212.16811510000116,-0.004755759,984,2026-05-28T13:06:58.906,2026-05-28T13:22:28.906,,212.0146808999998,-188.15,424,2026-05-28T13:06:58.755,2026-05-28T13:22:28.755,,-0.15343420000135666
212.38327840000056,212.38327840000056,-0.004759863,985,2026-05-28T13:06:59.122,2026-05-28T13:22:29.122,,212.5146171000015,-178.62,425,2026-05-28T13:06:59.255,2026-05-28T13:22:29.255,,0.1313387000009243
212.59834939999928,212.59834939999928,-0.0047638,986,2026-05-28T13:06:59.339,2026-05-28T13:22:29.339,,212.5146171000015,-178.62,425,2026-05-28T13:06:59.255,2026-05-28T13:22:29.255,,-0.08373229999779142
212.8137037000015,212.8137037000015,-0.004768846,987,2026-05-28T13:06:59.549,2026-05-28T13:22:29.549,,213.01461819999895,-176.55,426,2026-05-28T13:06:59.755,2026-05-28T13:22:29.755,,0.20091449999745237
213.0286268000018,213.0286268000018,-0.004773746,988,2026-05-28T13:06:59.765,2026-05-28T13:22:29.765,,213.01461819999895,-176.55,426,2026-05-28T13:06:59.755,2026-05-28T13:22:29.755,,-0.0140086000028532
213.2437428000012,213.2437428000012,-0.004776552,989,2026-05-28T13:06:59.984,2026-05-28T13:22:29.984,,213.01461819999895,-176.55,426,2026-05-28T13:06:59.755,2026-05-28T13:22:29.755,,-0.2291246000022511
213.45872980000058,213.45872980000058,-0.00477896,990,2026-05-28T13:07:00.199,2026-05-28T13:22:30.199,,213.51469519999955,-171.97,427,2026-05-28T13:07:00.255,2026-05-28T13:22:30.255,,0.05596539999896777
213.67387360000066,213.67387360000066,-0.004780583,991,2026-05-28T13:07:00.406,2026-05-28T13:22:30.406,,213.51469519999955,-171.97,427,2026-05-28T13:07:00.255,2026-05-28T13:22:30.255,,-0.15917840000111028
213.88896079999904,213.88896079999904,-0.004781463,992,2026-05-28T13:07:00.622,2026-05-28T13:22:30.622,,214.01452849999987,-170.56,428,2026-05-28T13:07:00.748,2026-05-28T13:22:30.748,,0.12556770000082906
214.10409069999878,214.10409069999878,-0.004782803,993,2026-05-28T13:07:00.839,2026-05-28T13:22:30.839,,214.01452849999987,-170.56,428,2026-05-28T13:07:00.748,2026-05-28T13:22:30.748,,-0.08956219999890891
214.31926920000114,214.31926920000114,-0.004784132,994,2026-05-28T13:07:01.056,2026-05-28T13:22:31.056,,214.5145808999987,-167.5,429,2026-05-28T13:07:01.255,2026-05-28T13:22:31.255,,0.19531169999754638
214.53421510000044,214.53421510000044,-0.004785064,995,2026-05-28T13:07:01.272,2026-05-28T13:22:31.272,,214.5145808999987,-167.5,429,2026-05-28T13:07:01.255,2026-05-28T13:22:31.255,,-0.01963420000174665
214.74940680000145,214.74940680000145,-0.004785797,996,2026-05-28T13:07:01.489,2026-05-28T13:22:31.489,,214.5145808999987,-167.5,429,2026-05-28T13:07:01.255,2026-05-28T13:22:31.255,,-0.23482590000276105
214.96439829999872,214.96439829999872,-0.004787127,997,2026-05-28T13:07:01.699,2026-05-28T13:22:31.699,,215.01463309999963,-169.26,430,2026-05-28T13:07:01.755,2026-05-28T13:22:31.755,,0.05023480000090785
215.17982610000035,215.17982610000035,-0.004789629,998,2026-05-28T13:07:01.916,2026-05-28T13:22:31.916,,215.01463309999963,-169.26,430,2026-05-28T13:07:01.755,2026-05-28T13:22:31.755,,-0.1651930000007269
215.3949130000001,215.3949130000001,-0.004790864,999,2026-05-28T13:07:02.133,2026-05-28T13:22:32.133,,215.51447579999876,-168.41,431,2026-05-28T13:07:02.255,2026-05-28T13:22:32.255,,0.11956279999867547
215.60998879999897,215.60998879999897,-0.004793168,1000,2026-05-28T13:07:02.349,2026-05-28T13:22:32.349,,215.51447579999876,-168.41,431,2026-05-28T13:07:02.255,2026-05-28T13:22:32.255,,-0.09551300000021001
215.8255281999991,215.8255281999991,-0.004795984,1001,2026-05-28T13:07:02.566,2026-05-28T13:22:32.566,,216.01460999999836,-170.65,432,2026-05-28T13:07:02.755,2026-05-28T13:22:32.755,,0.18908179999925778
216.04063049999968,216.04063049999968,-0.0047979,1002,2026-05-28T13:07:02.772,2026-05-28T13:22:32.772,,216.01460999999836,-170.65,432,2026-05-28T13:07:02.755,2026-05-28T13:22:32.755,,-0.026020500001322944
216.25558470000033,216.25558470000033,-0.004799533,1003,2026-05-28T13:07:02.989,2026-05-28T13:22:32.989,,216.01460999999836,-170.65,432,2026-05-28T13:07:02.755,2026-05-28T13:22:32.755,,-0.24097470000197063
216.47065949999887,216.47065949999887,-0.004800538,1004,2026-05-28T13:07:03.210,2026-05-28T13:22:33.210,,216.51461969999946,-169.88,433,2026-05-28T13:07:03.255,2026-05-28T13:22:33.255,,0.04396020000058343
216.68594759999905,216.68594759999905,-0.004800099,1005,2026-05-28T13:07:03.426,2026-05-28T13:22:33.426,,216.51461969999946,-169.88,433,2026-05-28T13:07:03.255,2026-05-28T13:22:33.255,,-0.1713278999995964
216.90101700000014,216.90101700000014,-0.004800863,1006,2026-05-28T13:07:03.642,2026-05-28T13:22:33.642,,217.01463520000107,-171.09,434,2026-05-28T13:07:03.755,2026-05-28T13:22:33.755,,0.11361820000092848
217.11611289999928,217.11611289999928,-0.004801502,1007,2026-05-28T13:07:03.856,2026-05-28T13:22:33.856,,217.01463520000107,-171.09,434,2026-05-28T13:07:03.755,2026-05-28T13:22:33.755,,-0.10147769999821321
217.33118520000062,217.33118520000062,-0.004802025,1008,2026-05-28T13:07:04.072,2026-05-28T13:22:34.072,,217.51446690000012,-170.24,435,2026-05-28T13:07:04.249,2026-05-28T13:22:34.249,,0.1832816999994975
217.5463701000008,217.5463701000008,-0.004803407,1009,2026-05-28T13:07:04.283,2026-05-28T13:22:34.283,,217.51446690000012,-170.24,435,2026-05-28T13:07:04.249,2026-05-28T13:22:34.249,,-0.03190320000067004
217.76145420000103,217.76145420000103,-0.004805553,1010,2026-05-28T13:07:04.493,2026-05-28T13:22:34.493,,217.51446690000012,-170.24,435,2026-05-28T13:07:04.249,2026-05-28T13:22:34.249,,-0.24698730000091018
217.97655840000152,217.97655840000152,-0.004808433,1011,2026-05-28T13:07:04.710,2026-05-28T13:22:34.710,,218.01459690000047,-171.57,436,2026-05-28T13:07:04.755,2026-05-28T13:22:34.755,,0.03803849999894737
218.1916749000011,218.1916749000011,-0.004811019,1012,2026-05-28T13:07:04.932,2026-05-28T13:22:34.932,,218.01459690000047,-171.57,436,2026-05-28T13:07:04.755,2026-05-28T13:22:34.755,,-0.1770780000006198
218.40699799999857,218.40699799999857,-0.004814139,1013,2026-05-28T13:07:05.143,2026-05-28T13:22:35.143,,218.51450820000173,-170.33,437,2026-05-28T13:07:05.255,2026-05-28T13:22:35.255,,0.10751020000316203
218.62199500000133,218.62199500000133,-0.004816651,1014,2026-05-28T13:07:05.356,2026-05-28T13:22:35.356,,218.51450820000173,-170.33,437,2026-05-28T13:07:05.255,2026-05-28T13:22:35.255,,-0.10748679999960586
218.83717289999913,218.83717289999913,-0.004819185,1015,2026-05-28T13:07:05.572,2026-05-28T13:22:35.572,,219.01460520000182,-172.0,438,2026-05-28T13:07:05.755,2026-05-28T13:22:35.755,,0.1774323000026925
219.0522794999997,219.0522794999997,-0.004821112,1016,2026-05-28T13:07:05.789,2026-05-28T13:22:35.789,,219.01460520000182,-172.0,438,2026-05-28T13:07:05.755,2026-05-28T13:22:35.755,,-0.03767429999788874
219.26735479999843,219.26735479999843,-0.004822399,1017,2026-05-28T13:07:06.006,2026-05-28T13:22:36.006,,219.51457930000106,-169.69,439,2026-05-28T13:07:06.255,2026-05-28T13:22:36.255,,0.24722450000263052
219.48251249999885,219.48251249999885,-0.004823436,1018,2026-05-28T13:07:06.222,2026-05-28T13:22:36.222,,219.51457930000106,-169.69,439,2026-05-28T13:07:06.255,2026-05-28T13:22:36.255,,0.0320668000022124
219.6976821999997,219.6976821999997,-0.004824608,1019,2026-05-28T13:07:06.438,2026-05-28T13:22:36.438,,219.51457930000106,-169.69,439,2026-05-28T13:07:06.255,2026-05-28T13:22:36.255,,-0.18310289999863016
219.9127632000018,219.9127632000018,-0.004825969,1020,2026-05-28T13:07:06.653,2026-05-28T13:22:36.653,,220.01466240000082,-170.56,440,2026-05-28T13:07:06.755,2026-05-28T13:22:36.755,,0.10189919999902486
220.12790559999848,220.12790559999848,-0.004826462,1021,2026-05-28T13:07:06.860,2026-05-28T13:22:36.860,,220.01466240000082,-170.56,440,2026-05-28T13:07:06.755,2026-05-28T13:22:36.755,,-0.11324319999766885
220.3431117,220.3431117,-0.004826891,1022,2026-05-28T13:07:07.082,2026-05-28T13:22:37.082,,220.5146597999992,-170.73,441,2026-05-28T13:07:07.255,2026-05-28T13:22:37.255,,0.17154809999919962
220.55811220000032,220.55811220000032,-0.004828891,1023,2026-05-28T13:07:07.289,2026-05-28T13:22:37.289,,220.5146597999992,-170.73,441,2026-05-28T13:07:07.255,2026-05-28T13:22:37.255,,-0.043452400001115166
220.77335310000126,220.77335310000126,-0.004831309,1024,2026-05-28T13:07:07.506,2026-05-28T13:22:37.506,,221.01453670000046,-171.63,442,2026-05-28T13:07:07.755,2026-05-28T13:22:37.755,,0.24118359999920358
220.98829750000004,220.98829750000004,-0.004833162,1025,2026-05-28T13:07:07.723,2026-05-28T13:22:37.723,,221.01453670000046,-171.63,442,2026-05-28T13:07:07.755,2026-05-28T13:22:37.755,,0.02623920000041835
221.20358810000107,221.20358810000107,-0.004835497,1026,2026-05-28T13:07:07.941,2026-05-28T13:22:37.941,,221.01453670000046,-171.63,442,2026-05-28T13:07:07.755,2026-05-28T13:22:37.755,,-0.18905140000060783
221.41878459999862,221.41878459999862,-0.004838669,1027,2026-05-28T13:07:08.156,2026-05-28T13:22:38.156,,221.5147266999993,-171.93,443,2026-05-28T13:07:08.255,2026-05-28T13:22:38.255,,0.09594210000068415
221.63389910000114,221.63389910000114,-0.004841747,1028,2026-05-28T13:07:08.375,2026-05-28T13:22:38.375,,221.5147266999993,-171.93,443,2026-05-28T13:07:08.255,2026-05-28T13:22:38.255,,-0.11917240000184393
221.84908899999937,221.84908899999937,-0.004844333,1029,2026-05-28T13:07:08.589,2026-05-28T13:22:38.589,,222.0146042000015,-171.63,444,2026-05-28T13:07:08.755,2026-05-28T13:22:38.755,,0.16551520000211895
222.0640620999984,222.0640620999984,-0.004847621,1030,2026-05-28T13:07:08.799,2026-05-28T13:22:38.799,,222.0146042000015,-171.63,444,2026-05-28T13:07:08.755,2026-05-28T13:22:38.755,,-0.049457899996923516
222.27907960000084,222.27907960000084,-0.004850919,1031,2026-05-28T13:07:09.019,2026-05-28T13:22:39.019,,222.51461199999903,-171.38,445,2026-05-28T13:07:09.255,2026-05-28T13:22:39.255,,0.23553239999819198
222.49409279999963,222.49409279999963,-0.004853411,1032,2026-05-28T13:07:09.235,2026-05-28T13:22:39.235,,222.51461199999903,-171.38,445,2026-05-28T13:07:09.255,2026-05-28T13:22:39.255,,0.020519199999398552
222.70927110000048,222.70927110000048,-0.004855829,1033,2026-05-28T13:07:09.449,2026-05-28T13:22:39.449,,222.51461199999903,-171.38,445,2026-05-28T13:07:09.255,2026-05-28T13:22:39.255,,-0.19465910000144504
222.92440519999946,222.92440519999946,-0.004857976,1034,2026-05-28T13:07:09.656,2026-05-28T13:22:39.656,,223.0146593999998,-172.72,446,2026-05-28T13:07:09.755,2026-05-28T13:22:39.755,,0.09025420000034501
223.13963779999904,223.13963779999904,-0.004860049,1035,2026-05-28T13:07:09.875,2026-05-28T13:22:39.875,,223.0146593999998,-172.72,446,2026-05-28T13:07:09.755,2026-05-28T13:22:39.755,,-0.12497839999923599
223.3546865999997,223.3546865999997,-0.004862425,1036,2026-05-28T13:07:10.089,2026-05-28T13:22:40.089,,223.51454549999835,-171.65,447,2026-05-28T13:07:10.255,2026-05-28T13:22:40.255,,0.15985889999865321
223.5698115999985,223.5698115999985,-0.004865137,1037,2026-05-28T13:07:10.306,2026-05-28T13:22:40.306,,223.51454549999835,-171.65,447,2026-05-28T13:07:10.255,2026-05-28T13:22:40.255,,-0.05526610000015353
223.78500150000036,223.78500150000036,-0.004868037,1038,2026-05-28T13:07:10.523,2026-05-28T13:22:40.523,,224.0145975000014,-172.9,448,2026-05-28T13:07:10.755,2026-05-28T13:22:40.755,,0.2295960000010382
224.00020629999926,224.00020629999926,-0.004870979,1039,2026-05-28T13:07:10.739,2026-05-28T13:22:40.739,,224.0145975000014,-172.9,448,2026-05-28T13:07:10.755,2026-05-28T13:22:40.755,,0.014391200002137339
224.2153717000001,224.2153717000001,-0.00487345,1040,2026-05-28T13:07:10.955,2026-05-28T13:22:40.955,,224.0145975000014,-172.9,448,2026-05-28T13:07:10.755,2026-05-28T13:22:40.755,,-0.20077419999870472
224.4306042999997,224.4306042999997,-0.004876476,1041,2026-05-28T13:07:11.166,2026-05-28T13:22:41.166,,224.5146332000004,-173.56,449,2026-05-28T13:07:11.255,2026-05-28T13:22:41.255,,0.08402890000070329
224.64572860000044,224.64572860000044,-0.004879763,1042,2026-05-28T13:07:11.384,2026-05-28T13:22:41.384,,224.5146332000004,-173.56,449,2026-05-28T13:07:11.255,2026-05-28T13:22:41.255,,-0.13109540000004927
224.86062110000057,224.86062110000057,-0.004881658,1043,2026-05-28T13:07:11.599,2026-05-28T13:22:41.599,,225.01466100000107,-172.92,450,2026-05-28T13:07:11.755,2026-05-28T13:22:41.755,,0.15403990000049816
225.07567479999852,225.07567479999852,-0.004883229,1044,2026-05-28T13:07:11.815,2026-05-28T13:22:41.815,,225.01466100000107,-172.92,450,2026-05-28T13:07:11.755,2026-05-28T13:22:41.755,,-0.061013799997454043
225.29080500000055,225.29080500000055,-0.004884611,1045,2026-05-28T13:07:12.025,2026-05-28T13:22:42.025,,225.51464159999887,-173.31,451,2026-05-28T13:07:12.255,2026-05-28T13:22:42.255,,0.22383659999832162
225.50592310000138,225.50592310000138,-0.004885993,1046,2026-05-28T13:07:12.241,2026-05-28T13:22:42.241,,225.51464159999887,-173.31,451,2026-05-28T13:07:12.255,2026-05-28T13:22:42.255,,0.008718499997485196
225.72099180000077,225.72099180000077,-0.004887019,1047,2026-05-28T13:07:12.456,2026-05-28T13:22:42.456,,225.51464159999887,-173.31,451,2026-05-28T13:07:12.255,2026-05-28T13:22:42.255,,-0.20635020000190707
225.9360987,225.9360987,-0.00488838,1048,2026-05-28T13:07:12.673,2026-05-28T13:22:42.673,,226.01447760000156,-172.66,452,2026-05-28T13:07:12.755,2026-05-28T13:22:42.755,,0.07837890000155312
226.1513288999995,226.1513288999995,-0.004889877,1049,2026-05-28T13:07:12.889,2026-05-28T13:22:42.889,,226.01447760000156,-172.66,452,2026-05-28T13:07:12.755,2026-05-28T13:22:42.755,,-0.136851299997943
226.36650400000144,226.36650400000144,-0.004891406,1050,2026-05-28T13:07:13.106,2026-05-28T13:22:43.106,,226.51462679999895,-175.07,453,2026-05-28T13:07:13.255,2026-05-28T13:22:43.255,,0.148122799997509
226.58167289999983,226.58167289999983,-0.004893175,1051,2026-05-28T13:07:13.323,2026-05-28T13:22:43.323,,226.51462679999895,-175.07,453,2026-05-28T13:07:13.255,2026-05-28T13:22:43.255,,-0.06704610000087996
226.7970209999985,226.7970209999985,-0.004895185,1052,2026-05-28T13:07:13.533,2026-05-28T13:22:43.533,,227.01451090000046,-174.36,454,2026-05-28T13:07:13.755,2026-05-28T13:22:43.755,,0.217489900001965
227.01213220000136,227.01213220000136,-0.004896839,1053,2026-05-28T13:07:13.753,2026-05-28T13:22:43.753,,227.01451090000046,-174.36,454,2026-05-28T13:07:13.755,2026-05-28T13:22:43.755,,0.002378699999098899
227.2271643999993,227.2271643999993,-0.004898598,1054,2026-05-28T13:07:13.966,2026-05-28T13:22:43.966,,227.01451090000046,-174.36,454,2026-05-28T13:07:13.755,2026-05-28T13:22:43.755,,-0.21265349999885075
227.44228840000142,227.44228840000142,-0.00490086,1055,2026-05-28T13:07:14.183,2026-05-28T13:22:44.183,,227.5146519000009,-174.94,455,2026-05-28T13:07:14.255,2026-05-28T13:22:44.255,,0.07236349999948288
227.65729640000063,227.65729640000063,-0.004902922,1056,2026-05-28T13:07:14.389,2026-05-28T13:22:44.389,,227.5146519000009,-174.94,455,2026-05-28T13:07:14.255,2026-05-28T13:22:44.255,,-0.14264449999973294
227.87241820000054,227.87241820000054,-0.004905571,1057,2026-05-28T13:07:14.608,2026-05-28T13:22:44.608,,228.01462119999997,-175.09,456,2026-05-28T13:07:14.755,2026-05-28T13:22:44.755,,0.14220299999942654
228.0874685000017,228.0874685000017,-0.004907236,1058,2026-05-28T13:07:14.822,2026-05-28T13:22:44.822,,228.01462119999997,-175.09,456,2026-05-28T13:07:14.755,2026-05-28T13:22:44.755,,-0.07284730000174022
228.30258709999907,228.30258709999907,-0.004909393,1059,2026-05-28T13:07:15.039,2026-05-28T13:22:45.039,,228.51454430000013,-176.4,457,2026-05-28T13:07:15.255,2026-05-28T13:22:45.255,,0.21195720000105212
228.51778230000127,228.51778230000127,-0.004911204,1060,2026-05-28T13:07:15.256,2026-05-28T13:22:45.256,,228.51454430000013,-176.4,457,2026-05-28T13:07:15.255,2026-05-28T13:22:45.255,,-0.0032380000011471566
228.73277869999947,228.73277869999947,-0.004913444,1061,2026-05-28T13:07:15.472,2026-05-28T13:22:45.472,,228.51454430000013,-176.4,457,2026-05-28T13:07:15.255,2026-05-28T13:22:45.255,,-0.21823439999934635
228.94790300000022,228.94790300000022,-0.004915287,1062,2026-05-28T13:07:15.689,2026-05-28T13:22:45.689,,229.01461090000157,-176.41,458,2026-05-28T13:07:15.755,2026-05-28T13:22:45.755,,0.0667079000013473
229.1631121999999,229.1631121999999,-0.004917308,1063,2026-05-28T13:07:15.899,2026-05-28T13:22:45.899,,229.01461090000157,-176.41,458,2026-05-28T13:07:15.755,2026-05-28T13:22:45.755,,-0.14850129999831552
229.37821809999878,229.37821809999878,-0.00491936,1064,2026-05-28T13:07:16.115,2026-05-28T13:22:46.115,,229.5146468999992,-177.23,459,2026-05-28T13:07:16.255,2026-05-28T13:22:46.255,,0.13642880000043078
229.59346749999895,229.59346749999895,-0.004921715,1065,2026-05-28T13:07:16.334,2026-05-28T13:22:46.334,,229.5146468999992,-177.23,459,2026-05-28T13:07:16.255,2026-05-28T13:22:46.255,,-0.07882059999974445
229.80877060000057,229.80877060000057,-0.004923694,1066,2026-05-28T13:07:16.549,2026-05-28T13:22:46.549,,230.01455519999945,-176.5,460,2026-05-28T13:07:16.755,2026-05-28T13:22:46.755,,0.20578459999887855
230.02382370000123,230.02382370000123,-0.004925966,1067,2026-05-28T13:07:16.756,2026-05-28T13:22:46.756,,230.01455519999945,-176.5,460,2026-05-28T13:07:16.755,2026-05-28T13:22:46.755,,-0.009268500001780922
230.2389394999991,230.2389394999991,-0.004928081,1068,2026-05-28T13:07:16.973,2026-05-28T13:22:46.973,,230.01455519999945,-176.5,460,2026-05-28T13:07:16.755,2026-05-28T13:22:46.755,,-0.22438429999965592
230.45387380000102,230.45387380000102,-0.004930144,1069,2026-05-28T13:07:17.189,2026-05-28T13:22:47.189,,230.51450000000114,-177.65,461,2026-05-28T13:07:17.255,2026-05-28T13:22:47.255,,0.060626200000115205
230.66899850000118,230.66899850000118,-0.004932227,1070,2026-05-28T13:07:17.406,2026-05-28T13:22:47.406,,230.51450000000114,-177.65,461,2026-05-28T13:07:17.255,2026-05-28T13:22:47.255,,-0.15449850000004517
230.88420609999957,230.88420609999957,-0.004933536,1071,2026-05-28T13:07:17.623,2026-05-28T13:22:47.623,,231.01456730000064,-178.48,462,2026-05-28T13:07:17.755,2026-05-28T13:22:47.755,,0.13036120000106166
231.0993735000011,231.0993735000011,-0.00493653,1072,2026-05-28T13:07:17.840,2026-05-28T13:22:47.840,,231.01456730000064,-178.48,462,2026-05-28T13:07:17.755,2026-05-28T13:22:47.755,,-0.08480620000045747
231.31445990000066,231.31445990000066,-0.004938509,1073,2026-05-28T13:07:18.049,2026-05-28T13:22:48.049,,231.51449919999868,-177.9,463,2026-05-28T13:07:18.255,2026-05-28T13:22:48.255,,0.20003929999802494
231.5296899999994,231.5296899999994,-0.004941472,1074,2026-05-28T13:07:18.266,2026-05-28T13:22:48.266,,231.51449919999868,-177.9,463,2026-05-28T13:07:18.255,2026-05-28T13:22:48.255,,-0.015190800000709714
231.74469060000047,231.74469060000047,-0.004943828,1075,2026-05-28T13:07:18.485,2026-05-28T13:22:48.485,,231.51449919999868,-177.9,463,2026-05-28T13:07:18.255,2026-05-28T13:22:48.255,,-0.23019140000178595
231.9598702000003,231.9598702000003,-0.004946445,1076,2026-05-28T13:07:18.693,2026-05-28T13:22:48.693,,232.01448449999953,-179.54,464,2026-05-28T13:07:18.755,2026-05-28T13:22:48.755,,0.05461429999922984
232.1749923999996,232.1749923999996,-0.004948748,1077,2026-05-28T13:07:18.908,2026-05-28T13:22:48.908,,232.01448449999953,-179.54,464,2026-05-28T13:07:18.755,2026-05-28T13:22:48.755,,-0.1605079000000842
232.3902280000002,232.3902280000002,-0.004951397,1078,2026-05-28T13:07:19.129,2026-05-28T13:22:49.129,,232.51461370000106,-179.81,465,2026-05-28T13:07:19.255,2026-05-28T13:22:49.255,,0.12438570000085747
232.60536539999885,232.60536539999885,-0.004954046,1079,2026-05-28T13:07:19.339,2026-05-28T13:22:49.339,,232.51461370000106,-179.81,465,2026-05-28T13:07:19.255,2026-05-28T13:22:49.255,,-0.09075169999778154
232.82045089999883,232.82045089999883,-0.004956318,1080,2026-05-28T13:07:19.556,2026-05-28T13:22:49.556,,233.0144934000018,-178.91,466,2026-05-28T13:07:19.755,2026-05-28T13:22:49.755,,0.19404250000297907
233.03554290000102,233.03554290000102,-0.004958873,1081,2026-05-28T13:07:19.773,2026-05-28T13:22:49.773,,233.0144934000018,-178.91,466,2026-05-28T13:07:19.755,2026-05-28T13:22:49.755,,-0.02104949999920791
233.2507399999995,233.2507399999995,-0.004961605,1082,2026-05-28T13:07:19.989,2026-05-28T13:22:49.989,,233.0144934000018,-178.91,466,2026-05-28T13:07:19.755,2026-05-28T13:22:49.755,,-0.23624659999768483
233.46600509999917,233.46600509999917,-0.004964579,1083,2026-05-28T13:07:20.206,2026-05-28T13:22:50.206,,233.51459869999962,-180.46,467,2026-05-28T13:07:20.255,2026-05-28T13:22:50.255,,0.04859360000045854
233.68123120000018,233.68123120000018,-0.004969814,1084,2026-05-28T13:07:20.422,2026-05-28T13:22:50.422,,233.51459869999962,-180.46,467,2026-05-28T13:07:20.255,2026-05-28T13:22:50.255,,-0.16663250000055996
233.89614979999897,233.89614979999897,-0.004973656,1085,2026-05-28T13:07:20.636,2026-05-28T13:22:50.636,,234.0146237000008,-181.11,468,2026-05-28T13:07:20.755,2026-05-28T13:22:50.755,,0.11847390000184532
234.11115900000004,234.11115900000004,-0.004976661,1086,2026-05-28T13:07:20.849,2026-05-28T13:22:50.849,,234.0146237000008,-181.11,468,2026-05-28T13:07:20.755,2026-05-28T13:22:50.755,,-0.09653529999923194
234.32611840000027,234.32611840000027,-0.004978849,1087,2026-05-28T13:07:21.066,2026-05-28T13:22:51.066,,234.51459070000055,-179.9,469,2026-05-28T13:07:21.255,2026-05-28T13:22:51.255,,0.18847230000028503
234.54132110000137,234.54132110000137,-0.004980472,1088,2026-05-28T13:07:21.272,2026-05-28T13:22:51.272,,234.51459070000055,-179.9,469,2026-05-28T13:07:21.255,2026-05-28T13:22:51.255,,-0.02673040000081528
234.7564186999989,234.7564186999989,-0.004982587,1089,2026-05-28T13:07:21.489,2026-05-28T13:22:51.489,,234.51459070000055,-179.9,469,2026-05-28T13:07:21.255,2026-05-28T13:22:51.255,,-0.2418279999983497
234.97153610000169,234.97153610000169,-0.004984639,1090,2026-05-28T13:07:21.706,2026-05-28T13:22:51.706,,235.01451520000046,-181.59,470,2026-05-28T13:07:21.755,2026-05-28T13:22:51.755,,0.04297909999877447
235.18661150000116,235.18661150000116,-0.004987005,1091,2026-05-28T13:07:21.922,2026-05-28T13:22:51.922,,235.01451520000046,-181.59,470,2026-05-28T13:07:21.755,2026-05-28T13:22:51.755,,-0.1720963000007032
235.4017316999998,235.4017316999998,-0.004989413,1092,2026-05-28T13:07:22.140,2026-05-28T13:22:52.140,,235.51460679999946,-181.77,471,2026-05-28T13:07:22.255,2026-05-28T13:22:52.255,,0.1128750999996555
235.61708809999982,235.61708809999982,-0.004991434,1093,2026-05-28T13:07:22.356,2026-05-28T13:22:52.356,,235.51460679999946,-181.77,471,2026-05-28T13:07:22.255,2026-05-28T13:22:52.255,,-0.10248130000036326
235.832181400001,235.832181400001,-0.004993643,1094,2026-05-28T13:07:22.573,2026-05-28T13:22:52.573,,236.01445310000054,-181.97,472,2026-05-28T13:07:22.755,2026-05-28T13:22:52.755,,0.1822716999995464
236.04738599999837,236.04738599999837,-0.004995684,1095,2026-05-28T13:07:22.782,2026-05-28T13:22:52.782,,236.01445310000054,-181.97,472,2026-05-28T13:07:22.755,2026-05-28T13:22:52.755,,-0.032932899997831555
236.26261929999964,236.26261929999964,-0.004997862,1096,2026-05-28T13:07:22.999,2026-05-28T13:22:52.999,,236.01445310000054,-181.97,472,2026-05-28T13:07:22.755,2026-05-28T13:22:52.755,,-0.24816619999910472
236.47772049999912,236.47772049999912,-0.004999956,1097,2026-05-28T13:07:23.219,2026-05-28T13:22:53.219,,236.51474479999888,-182.5,473,2026-05-28T13:07:23.256,2026-05-28T13:22:53.256,,0.037024299999757204
236.6926663000013,236.6926663000013,-0.005002165,1098,2026-05-28T13:07:23.433,2026-05-28T13:22:53.433,,236.51474479999888,-182.5,473,2026-05-28T13:07:23.256,2026-05-28T13:22:53.256,,-0.17792150000241236
236.9077827000001,236.9077827000001,-0.005004395,1099,2026-05-28T13:07:23.649,2026-05-28T13:22:53.649,,237.01461070000005,-182.77,474,2026-05-28T13:07:23.755,2026-05-28T13:22:53.755,,0.10682799999995041
237.1228727000016,237.1228727000016,-0.005006887,1100,2026-05-28T13:07:23.856,2026-05-28T13:22:53.856,,237.01461070000005,-182.77,474,2026-05-28T13:07:23.755,2026-05-28T13:22:53.755,,-0.1082620000015595
237.33787600000142,237.33787600000142,-0.005009839,1101,2026-05-28T13:07:24.072,2026-05-28T13:22:54.072,,237.51451180000004,-183.93,475,2026-05-28T13:07:24.255,2026-05-28T13:22:54.255,,0.17663579999862122
237.55289229999835,237.55289229999835,-0.005012289,1102,2026-05-28T13:07:24.293,2026-05-28T13:22:54.293,,237.51451180000004,-183.93,475,2026-05-28T13:07:24.255,2026-05-28T13:22:54.255,,-0.03838049999831128
237.7678698000018,237.7678698000018,-0.005015022,1103,2026-05-28T13:07:24.508,2026-05-28T13:22:54.508,,238.01465290000124,-183.44,476,2026-05-28T13:07:24.755,2026-05-28T13:22:54.755,,0.24678309999944759
237.98283559999982,237.98283559999982,-0.005019336,1104,2026-05-28T13:07:24.723,2026-05-28T13:22:54.723,,238.01465290000124,-183.44,476,2026-05-28T13:07:24.755,2026-05-28T13:22:54.755,,0.031817300001421245
238.19793220000065,238.19793220000065,-0.005025167,1105,2026-05-28T13:07:24.939,2026-05-28T13:22:54.939,,238.01465290000124,-183.44,476,2026-05-28T13:07:24.755,2026-05-28T13:22:54.755,,-0.18327929999941261
238.41318450000108,238.41318450000108,-0.005032747,1106,2026-05-28T13:07:25.149,2026-05-28T13:22:55.149,,238.51461070000005,-184.69,477,2026-05-28T13:07:25.255,2026-05-28T13:22:55.255,,0.10142619999896851
238.62833110000065,238.62833110000065,-0.005041448,1107,2026-05-28T13:07:25.369,2026-05-28T13:22:55.369,,238.51461070000005,-184.69,477,2026-05-28T13:07:25.255,2026-05-28T13:22:55.255,,-0.11372040000060224
238.8436436999982,238.8436436999982,-0.005047593,1108,2026-05-28T13:07:25.576,2026-05-28T13:22:55.576,,239.01452040000004,-184.18,478,2026-05-28T13:07:25.755,2026-05-28T13:22:55.755,,0.17087670000182698
239.05874799999947,239.05874799999947,-0.005052828,1109,2026-05-28T13:07:25.793,2026-05-28T13:22:55.793,,239.01452040000004,-184.18,478,2026-05-28T13:07:25.755,2026-05-28T13:22:55.755,,-0.04422759999943082
239.27381980000064,239.27381980000064,-0.005060963,1110,2026-05-28T13:07:26.014,2026-05-28T13:22:56.014,,239.51449760000105,-185.16,479,2026-05-28T13:07:26.255,2026-05-28T13:22:56.255,,0.2406778000004124
239.4888405999991,239.4888405999991,-0.005072302,1111,2026-05-28T13:07:26.226,2026-05-28T13:22:56.226,,239.51449760000105,-185.16,479,2026-05-28T13:07:26.255,2026-05-28T13:22:56.255,,0.025657000001956476
239.7040952999996,239.7040952999996,-0.005073485,1112,2026-05-28T13:07:26.443,2026-05-28T13:22:56.443,,239.51449760000105,-185.16,479,2026-05-28T13:07:26.255,2026-05-28T13:22:56.255,,-0.1895976999985578
239.91901869999856,239.91901869999856,-0.005071506,1113,2026-05-28T13:07:26.660,2026-05-28T13:22:56.660,,240.0145580999997,-186.61,480,2026-05-28T13:07:26.755,2026-05-28T13:22:56.755,,0.0955394000011438
240.13423989999865,240.13423989999865,-0.005072187,1114,2026-05-28T13:07:26.875,2026-05-28T13:22:56.875,,240.0145580999997,-186.61,480,2026-05-28T13:07:26.755,2026-05-28T13:22:56.755,,-0.11968179999894346
240.34920469999997,240.34920469999997,-0.0050727,1115,2026-05-28T13:07:27.090,2026-05-28T13:22:57.090,,240.5145835000003,-185.63,481,2026-05-28T13:07:27.255,2026-05-28T13:22:57.255,,0.165378800000326
240.56437659999938,240.56437659999938,-0.005071297,1116,2026-05-28T13:07:27.299,2026-05-28T13:22:57.299,,240.5145835000003,-185.63,481,2026-05-28T13:07:27.255,2026-05-28T13:22:57.255,,-0.04979309999907855
240.7796597000015,240.7796597000015,-0.005070355,1117,2026-05-28T13:07:27.520,2026-05-28T13:22:57.520,,241.01470609999888,-187.12,482,2026-05-28T13:07:27.755,2026-05-28T13:22:57.755,,0.23504639999737265
240.99473330000183,240.99473330000183,-0.005070878,1118,2026-05-28T13:07:27.728,2026-05-28T13:22:57.728,,241.01470609999888,-187.12,482,2026-05-28T13:07:27.755,2026-05-28T13:22:57.755,,0.01997279999704915
241.20992259999912,241.20992259999912,-0.00507247,1119,2026-05-28T13:07:27.950,2026-05-28T13:22:57.950,,241.01470609999888,-187.12,482,2026-05-28T13:07:27.755,2026-05-28T13:22:57.755,,-0.19521650000024238
241.4250476999987,241.4250476999987,-0.005074019,1120,2026-05-28T13:07:28.166,2026-05-28T13:22:58.166,,241.51454599999852,-187.8,483,2026-05-28T13:07:28.255,2026-05-28T13:22:58.255,,0.08949829999983194
241.64016790000096,241.64016790000096,-0.005074459,1121,2026-05-28T13:07:28.374,2026-05-28T13:22:58.374,,241.51454599999852,-187.8,483,2026-05-28T13:07:28.255,2026-05-28T13:22:58.255,,-0.125621900002443
241.855331499999,241.855331499999,-0.005074438,1122,2026-05-28T13:07:28.589,2026-05-28T13:22:58.589,,242.01432170000044,-186.81,484,2026-05-28T13:07:28.750,2026-05-28T13:22:58.750,,0.15899020000142627
242.07043970000086,242.07043970000086,-0.005073747,1123,2026-05-28T13:07:28.806,2026-05-28T13:22:58.806,,242.01432170000044,-186.81,484,2026-05-28T13:07:28.750,2026-05-28T13:22:58.750,,-0.05611800000042422
242.2853886999983,242.2853886999983,-0.005074145,1124,2026-05-28T13:07:29.023,2026-05-28T13:22:59.023,,242.51451570000063,-187.41,485,2026-05-28T13:07:29.255,2026-05-28T13:22:59.255,,0.229127000002336
242.50042570000005,242.50042570000005,-0.005075338,1125,2026-05-28T13:07:29.241,2026-05-28T13:22:59.241,,242.51451570000063,-187.41,485,2026-05-28T13:07:29.255,2026-05-28T13:22:59.255,,0.014090000000578584
242.7154601000002,242.7154601000002,-0.005077254,1126,2026-05-28T13:07:29.456,2026-05-28T13:22:59.456,,242.51451570000063,-187.41,485,2026-05-28T13:07:29.255,2026-05-28T13:22:59.255,,-0.20094439999957103
242.93056849999994,242.93056849999994,-0.005079442,1127,2026-05-28T13:07:29.670,2026-05-28T13:22:59.670,,243.01447499999995,-188.75,486,2026-05-28T13:07:29.755,2026-05-28T13:22:59.755,,0.08390650000001187
243.14556960000118,243.14556960000118,-0.005081809,1128,2026-05-28T13:07:29.886,2026-05-28T13:22:59.886,,243.01447499999995,-188.75,486,2026-05-28T13:07:29.755,2026-05-28T13:22:59.755,,-0.13109460000123363
243.3606112999987,243.3606112999987,-0.005085389,1129,2026-05-28T13:07:30.099,2026-05-28T13:23:00.099,,243.51438620000044,-187.98,487,2026-05-28T13:07:30.255,2026-05-28T13:23:00.255,,0.15377490000173566
243.57576749999862,243.57576749999862,-0.005087871,1130,2026-05-28T13:07:30.316,2026-05-28T13:23:00.316,,243.51438620000044,-187.98,487,2026-05-28T13:07:30.255,2026-05-28T13:23:00.255,,-0.061381299998174654
243.79075889999876,243.79075889999876,-0.005089221,1131,2026-05-28T13:07:30.522,2026-05-28T13:23:00.522,,244.01452499999868,-189.34,488,2026-05-28T13:07:30.755,2026-05-28T13:23:00.755,,0.2237660999999207
244.00598460000037,244.00598460000037,-0.005091064,1132,2026-05-28T13:07:30.741,2026-05-28T13:23:00.741,,244.01452499999868,-189.34,488,2026-05-28T13:07:30.755,2026-05-28T13:23:00.755,,0.008540399998310022
244.22107980000146,244.22107980000146,-0.005095178,1133,2026-05-28T13:07:30.956,2026-05-28T13:23:00.956,,244.01452499999868,-189.34,488,2026-05-28T13:07:30.755,2026-05-28T13:23:00.755,,-0.20655480000277748
244.43629080000028,244.43629080000028,-0.005098654,1134,2026-05-28T13:07:31.172,2026-05-28T13:23:01.172,,244.51444550000087,-189.16,489,2026-05-28T13:07:31.255,2026-05-28T13:23:01.255,,0.07815470000059577
244.65140560000145,244.65140560000145,-0.005100811,1135,2026-05-28T13:07:31.389,2026-05-28T13:23:01.389,,244.51444550000087,-189.16,489,2026-05-28T13:07:31.255,2026-05-28T13:23:01.255,,-0.13696010000057868
244.8664448999989,244.8664448999989,-0.005102958,1136,2026-05-28T13:07:31.606,2026-05-28T13:23:01.606,,245.01454469999953,-189.93,490,2026-05-28T13:07:31.755,2026-05-28T13:23:01.755,,0.1480998000006366
245.08143049999853,245.08143049999853,-0.005104486,1137,2026-05-28T13:07:31.822,2026-05-28T13:23:01.822,,245.01454469999953,-189.93,490,2026-05-28T13:07:31.755,2026-05-28T13:23:01.755,,-0.06688579999899957
245.2966806000004,245.2966806000004,-0.005106863,1138,2026-05-28T13:07:32.036,2026-05-28T13:23:02.036,,245.51451420000012,-189.38,491,2026-05-28T13:07:32.255,2026-05-28T13:23:02.255,,0.21783359999972163
245.51159859999825,245.51159859999825,-0.005110695,1139,2026-05-28T13:07:32.249,2026-05-28T13:23:02.249,,245.51451420000012,-189.38,491,2026-05-28T13:07:32.255,2026-05-28T13:23:02.255,,0.002915600001870189
245.7267666000007,245.7267666000007,-0.005113794,1140,2026-05-28T13:07:32.468,2026-05-28T13:23:02.468,,245.51451420000012,-189.38,491,2026-05-28T13:07:32.255,2026-05-28T13:23:02.255,,-0.21225240000057966
245.9419397999991,245.9419397999991,-0.005120337,1141,2026-05-28T13:07:32.682,2026-05-28T13:23:02.682,,246.0146018000014,-189.29,492,2026-05-28T13:07:32.755,2026-05-28T13:23:02.755,,0.07266200000231038
246.15704449999976,246.15704449999976,-0.005128232,1142,2026-05-28T13:07:32.892,2026-05-28T13:23:02.892,,246.0146018000014,-189.29,492,2026-05-28T13:07:32.755,2026-05-28T13:23:02.755,,-0.14244269999835524
246.37225190000026,246.37225190000026,-0.005135037,1143,2026-05-28T13:07:33.106,2026-05-28T13:23:03.106,,246.51452430000063,-190.87,493,2026-05-28T13:07:33.255,2026-05-28T13:23:03.255,,0.14227240000036545
246.5873290999989,246.5873290999989,-0.005138324,1144,2026-05-28T13:07:33.322,2026-05-28T13:23:03.322,,246.51452430000063,-190.87,493,2026-05-28T13:07:33.255,2026-05-28T13:23:03.255,,-0.07280479999826639
246.8026710999984,246.8026710999984,-0.00514023,1145,2026-05-28T13:07:33.539,2026-05-28T13:23:03.539,,247.01459370000157,-190.53,494,2026-05-28T13:07:33.755,2026-05-28T13:23:03.755,,0.2119226000031631
247.01761890000125,247.01761890000125,-0.005144512,1146,2026-05-28T13:07:33.756,2026-05-28T13:23:03.756,,247.01459370000157,-190.53,494,2026-05-28T13:07:33.755,2026-05-28T13:23:03.755,,-0.0030251999996835366
247.23270100000082,247.23270100000082,-0.005149873,1147,2026-05-28T13:07:33.972,2026-05-28T13:23:03.972,,247.01459370000157,-190.53,494,2026-05-28T13:07:33.755,2026-05-28T13:23:03.755,,-0.2181072999992466
247.4479066999993,247.4479066999993,-0.0051487,1148,2026-05-28T13:07:34.189,2026-05-28T13:23:04.189,,247.51453169999877,-192.03,495,2026-05-28T13:07:34.255,2026-05-28T13:23:04.255,,0.06662499999947613
247.66306370000166,247.66306370000166,-0.005148773,1149,2026-05-28T13:07:34.399,2026-05-28T13:23:04.399,,247.51453169999877,-192.03,495,2026-05-28T13:07:34.255,2026-05-28T13:23:04.255,,-0.1485320000028878
247.87798079999993,247.87798079999993,-0.005149255,1150,2026-05-28T13:07:34.616,2026-05-28T13:23:04.616,,248.0144994000002,-192.35,496,2026-05-28T13:07:34.755,2026-05-28T13:23:04.755,,0.13651860000027227
248.0931074,248.0931074,-0.005152574,1151,2026-05-28T13:07:34.832,2026-05-28T13:23:04.832,,248.0144994000002,-192.35,496,2026-05-28T13:07:34.755,2026-05-28T13:23:04.755,,-0.07860799999980372
248.30832880000162,248.30832880000162,-0.005154668,1152,2026-05-28T13:07:35.049,2026-05-28T13:23:05.049,,248.51448090000122,-192.95,497,2026-05-28T13:07:35.255,2026-05-28T13:23:05.255,,0.20615209999959916
248.52333,248.52333,-0.005153998,1153,2026-05-28T13:07:35.256,2026-05-28T13:23:05.256,,248.51448090000122,-192.95,497,2026-05-28T13:07:35.255,2026-05-28T13:23:05.255,,-0.008849099998769816
248.73835260000124,248.73835260000124,-0.005153369,1154,2026-05-28T13:07:35.479,2026-05-28T13:23:05.479,,248.51448090000122,-192.95,497,2026-05-28T13:07:35.255,2026-05-28T13:23:05.255,,-0.22387170000001788
248.95336429999952,248.95336429999952,-0.005153558,1155,2026-05-28T13:07:35.693,2026-05-28T13:23:05.693,,249.0145795999997,-192.76,498,2026-05-28T13:07:35.755,2026-05-28T13:23:05.755,,0.06121530000018538
249.16853320000155,249.16853320000155,-0.005154416,1156,2026-05-28T13:07:35.909,2026-05-28T13:23:05.909,,249.0145795999997,-192.76,498,2026-05-28T13:07:35.755,2026-05-28T13:23:05.755,,-0.15395360000184155
249.3836287999984,249.3836287999984,-0.00515627,1157,2026-05-28T13:07:36.124,2026-05-28T13:23:06.124,,249.51460149999912,-194.12,499,2026-05-28T13:07:36.255,2026-05-28T13:23:06.255,,0.13097270000071148
249.59885569999824,249.59885569999824,-0.005157128,1158,2026-05-28T13:07:36.340,2026-05-28T13:23:06.340,,249.51460149999912,-194.12,499,2026-05-28T13:07:36.255,2026-05-28T13:23:06.255,,-0.08425419999912265
249.81380060000083,249.81380060000083,-0.00515874,1159,2026-05-28T13:07:36.549,2026-05-28T13:23:06.549,,250.0145178999992,-194.16,500,2026-05-28T13:07:36.755,2026-05-28T13:23:06.755,,0.20071729999835952
250.0289026999999,250.0289026999999,-0.00516297,1160,2026-05-28T13:07:36.765,2026-05-28T13:23:06.765,,250.0145178999992,-194.16,500,2026-05-28T13:07:36.755,2026-05-28T13:23:06.755,,-0.014384800000698306
250.24416030000066,250.24416030000066,-0.005184275,1161,2026-05-28T13:07:36.976,2026-05-28T13:23:06.976,,250.0145178999992,-194.16,500,2026-05-28T13:07:36.755,2026-05-28T13:23:06.755,,-0.22964240000146674
250.45926509999845,250.45926509999845,-0.005253417,1162,2026-05-28T13:07:37.193,2026-05-28T13:23:07.193,,250.51450150000164,-193.59,501,2026-05-28T13:07:37.255,2026-05-28T13:23:07.255,,0.05523640000319574
250.68250679999983,250.68250679999983,-0.005275729,1163,2026-05-28T13:07:37.423,2026-05-28T13:23:07.423,,250.51450150000164,-193.59,501,2026-05-28T13:07:37.255,2026-05-28T13:23:07.255,,-0.16800529999818536
250.89780600000086,250.89780600000086,-0.005284366,1164,2026-05-28T13:07:37.639,2026-05-28T13:23:07.639,,251.01487089999864,-195.8,502,2026-05-28T13:07:37.756,2026-05-28T13:23:07.756,,0.11706489999778569
251.11289279999983,251.11289279999983,-0.00528512,1165,2026-05-28T13:07:37.849,2026-05-28T13:23:07.849,,251.01487089999864,-195.8,502,2026-05-28T13:07:37.756,2026-05-28T13:23:07.756,,-0.09802190000118571
251.32776500000182,251.32776500000182,-0.005281361,1166,2026-05-28T13:07:38.069,2026-05-28T13:23:08.069,,251.51458289999937,-193.64,503,2026-05-28T13:07:38.255,2026-05-28T13:23:08.255,,0.18681789999754983
251.54290749999927,251.54290749999927,-0.005277875,1167,2026-05-28T13:07:38.282,2026-05-28T13:23:08.282,,251.51458289999937,-193.64,503,2026-05-28T13:07:38.255,2026-05-28T13:23:08.255,,-0.02832459999990533
251.75804929999867,251.75804929999867,-0.005272965,1168,2026-05-28T13:07:38.489,2026-05-28T13:23:08.489,,251.51458289999937,-193.64,503,2026-05-28T13:07:38.255,2026-05-28T13:23:08.255,,-0.2434663999993063
251.9729714999994,251.9729714999994,-0.005257741,1169,2026-05-28T13:07:38.706,2026-05-28T13:23:08.706,,252.0145377000008,-196.72,504,2026-05-28T13:07:38.755,2026-05-28T13:23:08.755,,0.0415662000013981
252.18820609999966,252.18820609999966,-0.005248476,1170,2026-05-28T13:07:38.922,2026-05-28T13:23:08.922,,252.0145377000008,-196.72,504,2026-05-28T13:07:38.755,2026-05-28T13:23:08.755,,-0.17366839999885997
252.40312389999963,252.40312389999963,-0.005240424,1171,2026-05-28T13:07:39.139,2026-05-28T13:23:09.139,,252.51444260000062,-195.79,505,2026-05-28T13:07:39.255,2026-05-28T13:23:09.255,,0.11131870000099298
252.61834960000124,252.61834960000124,-0.005230782,1172,2026-05-28T13:07:39.356,2026-05-28T13:23:09.356,,252.51444260000062,-195.79,505,2026-05-28T13:07:39.255,2026-05-28T13:23:09.255,,-0.1039070000006177
252.8334145000008,252.8334145000008,-0.00522449,1173,2026-05-28T13:07:39.574,2026-05-28T13:23:09.574,,253.0146636999998,-194.91,506,2026-05-28T13:07:39.755,2026-05-28T13:23:09.755,,0.18124919999900158
253.04851920000146,253.04851920000146,-0.005222008,1174,2026-05-28T13:07:39.789,2026-05-28T13:23:09.789,,253.0146636999998,-194.91,506,2026-05-28T13:07:39.755,2026-05-28T13:23:09.755,,-0.03385550000166404
253.26349610000034,253.26349610000034,-0.005242759,1175,2026-05-28T13:07:39.999,2026-05-28T13:23:09.999,,253.0146636999998,-194.91,506,2026-05-28T13:07:39.755,2026-05-28T13:23:09.755,,-0.24883240000053775
253.47866720000093,253.47866720000093,-0.005274671,1176,2026-05-28T13:07:40.219,2026-05-28T13:23:10.219,,253.51451559999987,-197.34,507,2026-05-28T13:07:40.255,2026-05-28T13:23:10.255,,0.035848399998940295
253.69355079999877,253.69355079999877,-0.005268588,1177,2026-05-28T13:07:40.432,2026-05-28T13:23:10.432,,253.51451559999987,-197.34,507,2026-05-28T13:07:40.255,2026-05-28T13:23:10.255,,-0.17903519999890705
253.9087725999998,253.9087725999998,-0.005255951,1178,2026-05-28T13:07:40.641,2026-05-28T13:23:10.641,,254.01440340000045,-196.53,508,2026-05-28T13:07:40.755,2026-05-28T13:23:10.755,,0.10563080000065384
254.1238345999991,254.1238345999991,-0.005247177,1179,2026-05-28T13:07:40.856,2026-05-28T13:23:10.856,,254.01440340000045,-196.53,508,2026-05-28T13:07:40.755,2026-05-28T13:23:10.755,,-0.10943119999865303
254.33898090000002,254.33898090000002,-0.005239618,1180,2026-05-28T13:07:41.072,2026-05-28T13:23:11.072,,254.51435649999985,-196.93,509,2026-05-28T13:07:41.255,2026-05-28T13:23:11.255,,0.17537559999982477
254.5541430000012,254.5541430000012,-0.005234007,1181,2026-05-28T13:07:41.289,2026-05-28T13:23:11.289,,254.51435649999985,-196.93,509,2026-05-28T13:07:41.255,2026-05-28T13:23:11.255,,-0.03978650000135531
254.7690935999999,254.7690935999999,-0.005229703,1182,2026-05-28T13:07:41.506,2026-05-28T13:23:11.506,,255.01467929999853,-198.05,510,2026-05-28T13:07:41.755,2026-05-28T13:23:11.755,,0.24558569999862812
254.98431509999864,254.98431509999864,-0.00522606,1183,2026-05-28T13:07:41.722,2026-05-28T13:23:11.722,,255.01467929999853,-198.05,510,2026-05-28T13:07:41.755,2026-05-28T13:23:11.755,,0.03036419999989448
255.19927019999886,255.19927019999886,-0.005225987,1184,2026-05-28T13:07:41.939,2026-05-28T13:23:11.939,,255.01467929999853,-198.05,510,2026-05-28T13:07:41.755,2026-05-28T13:23:11.755,,-0.1845909000003303
255.41446409999844,255.41446409999844,-0.005237189,1185,2026-05-28T13:07:42.155,2026-05-28T13:23:12.155,,255.51449069999944,-197.96,511,2026-05-28T13:07:42.255,2026-05-28T13:23:12.255,,0.1000266000010015
255.62956720000147,255.62956720000147,-0.005247083,1186,2026-05-28T13:07:42.366,2026-05-28T13:23:12.366,,255.51449069999944,-197.96,511,2026-05-28T13:07:42.255,2026-05-28T13:23:12.255,,-0.11507650000203284
255.84468679999918,255.84468679999918,-0.005246382,1187,2026-05-28T13:07:42.582,2026-05-28T13:23:12.582,,256.01454419999936,-199.13,512,2026-05-28T13:07:42.755,2026-05-28T13:23:12.755,,0.16985740000018268
256.05958440000177,256.05958440000177,-0.005242183,1188,2026-05-28T13:07:42.799,2026-05-28T13:23:12.799,,256.01454419999936,-199.13,512,2026-05-28T13:07:42.755,2026-05-28T13:23:12.755,,-0.04504020000240416
256.2747367999982,256.2747367999982,-0.005246916,1189,2026-05-28T13:07:43.006,2026-05-28T13:23:13.006,,256.5145604999998,-198.31,513,2026-05-28T13:07:43.255,2026-05-28T13:23:13.255,,0.2398237000015797
256.4898257999994,256.4898257999994,-0.005276283,1190,2026-05-28T13:07:43.222,2026-05-28T13:23:13.222,,256.5145604999998,-198.31,513,2026-05-28T13:07:43.255,2026-05-28T13:23:13.255,,0.02473470000040834
256.70495160000064,256.70495160000064,-0.005278273,1191,2026-05-28T13:07:43.442,2026-05-28T13:23:13.442,,256.5145604999998,-198.31,513,2026-05-28T13:07:43.255,2026-05-28T13:23:13.255,,-0.19039110000085202
256.9200297999996,256.9200297999996,-0.005274043,1192,2026-05-28T13:07:43.656,2026-05-28T13:23:13.656,,257.0144330000003,-199.37,514,2026-05-28T13:07:43.755,2026-05-28T13:23:13.755,,0.09440320000067004
257.1351637000007,257.1351637000007,-0.00526863,1193,2026-05-28T13:07:43.875,2026-05-28T13:23:13.875,,257.0144330000003,-199.37,514,2026-05-28T13:07:43.755,2026-05-28T13:23:13.755,,-0.12073070000042208
257.35027569999875,257.35027569999875,-0.005265426,1194,2026-05-28T13:07:44.091,2026-05-28T13:23:14.091,,257.5145709999997,-199.56,515,2026-05-28T13:07:44.255,2026-05-28T13:23:14.255,,0.16429530000095838
257.56541930000094,257.56541930000094,-0.005262547,1195,2026-05-28T13:07:44.306,2026-05-28T13:23:14.306,,257.5145709999997,-199.56,515,2026-05-28T13:07:44.255,2026-05-28T13:23:14.255,,-0.05084830000123475
257.78061439999874,257.78061439999874,-0.005262181,1196,2026-05-28T13:07:44.516,2026-05-28T13:23:14.516,,258.0145698999986,-201.66,516,2026-05-28T13:07:44.755,2026-05-28T13:23:14.755,,0.23395549999986542
257.9956921000012,257.9956921000012,-0.005278964,1197,2026-05-28T13:07:44.732,2026-05-28T13:23:14.732,,258.0145698999986,-201.66,516,2026-05-28T13:07:44.755,2026-05-28T13:23:14.755,,0.018877799997426337
258.21075550000023,258.21075550000023,-0.005325313,1198,2026-05-28T13:07:44.950,2026-05-28T13:23:14.950,,258.0145698999986,-201.66,516,2026-05-28T13:07:44.755,2026-05-28T13:23:14.755,,-0.19618560000162688
258.426064700001,258.426064700001,-0.005339259,1199,2026-05-28T13:07:45.161,2026-05-28T13:23:15.161,,258.51440920000096,-200.27,517,2026-05-28T13:07:45.255,2026-05-28T13:23:15.255,,0.08834449999994831
258.6412339999988,258.6412339999988,-0.005345426,1200,2026-05-28T13:07:45.376,2026-05-28T13:23:15.376,,258.51440920000096,-200.27,517,2026-05-28T13:07:45.255,2026-05-28T13:23:15.255,,-0.12682479999784846
258.8561775999988,258.8561775999988,-0.005349467,1201,2026-05-28T13:07:45.593,2026-05-28T13:23:15.593,,259.0144375000018,-202.0,518,2026-05-28T13:07:45.755,2026-05-28T13:23:15.755,,0.15825990000303136
259.07130269999834,259.07130269999834,-0.005351352,1202,2026-05-28T13:07:45.812,2026-05-28T13:23:15.812,,259.0144375000018,-202.0,518,2026-05-28T13:07:45.755,2026-05-28T13:23:15.755,,-0.05686519999653683
259.28639770000154,259.28639770000154,-0.005353749,1203,2026-05-28T13:07:46.026,2026-05-28T13:23:16.026,,259.51440730000104,-200.68,519,2026-05-28T13:07:46.255,2026-05-28T13:23:16.255,,0.22800959999949555
259.50148289999925,259.50148289999925,-0.005358324,1204,2026-05-28T13:07:46.242,2026-05-28T13:23:16.242,,259.51440730000104,-200.68,519,2026-05-28T13:07:46.255,2026-05-28T13:23:16.255,,0.012924400001793401
259.716561199999,259.716561199999,-0.005360733,1205,2026-05-28T13:07:46.457,2026-05-28T13:23:16.457,,259.51440730000104,-200.68,519,2026-05-28T13:07:46.255,2026-05-28T13:23:16.255,,-0.20215389999793842
259.9314747999997,259.9314747999997,-0.005356409,1206,2026-05-28T13:07:46.672,2026-05-28T13:23:16.672,,260.01454359999843,-202.28,520,2026-05-28T13:07:46.755,2026-05-28T13:23:16.755,,0.08306879999872763
260.14661360000173,260.14661360000173,-0.005352283,1207,2026-05-28T13:07:46.884,2026-05-28T13:23:16.884,,260.01454359999843,-202.28,520,2026-05-28T13:07:46.755,2026-05-28T13:23:16.755,,-0.13207000000329572
260.36163769999985,260.36163769999985,-0.005349854,1208,2026-05-28T13:07:47.102,2026-05-28T13:23:17.102,,260.5144595999991,-202.62,521,2026-05-28T13:07:47.255,2026-05-28T13:23:17.255,,0.15282189999925322
260.5767807000011,260.5767807000011,-0.005348629,1209,2026-05-28T13:07:47.309,2026-05-28T13:23:17.309,,260.5144595999991,-202.62,521,2026-05-28T13:07:47.255,2026-05-28T13:23:17.255,,-0.06232110000200919
260.79186180000033,260.79186180000033,-0.005345468,1210,2026-05-28T13:07:47.530,2026-05-28T13:23:17.530,,261.0145248000008,-203.08,522,2026-05-28T13:07:47.755,2026-05-28T13:23:17.755,,0.22266300000046613
261.0070673000009,261.0070673000009,-0.005341604,1211,2026-05-28T13:07:47.743,2026-05-28T13:23:17.743,,261.0145248000008,-203.08,522,2026-05-28T13:07:47.755,2026-05-28T13:23:17.755,,0.007457499999873107
261.22215399999914,261.22215399999914,-0.005339646,1212,2026-05-28T13:07:47.962,2026-05-28T13:23:17.962,,261.0145248000008,-203.08,522,2026-05-28T13:07:47.755,2026-05-28T13:23:17.755,,-0.20762919999833684
261.437449699999,261.437449699999,-0.005336725,1213,2026-05-28T13:07:48.178,2026-05-28T13:23:18.178,,261.51452789999894,-204.27,523,2026-05-28T13:07:48.255,2026-05-28T13:23:18.255,,0.0770781999999599
261.6525167,261.6525167,-0.00533214,1214,2026-05-28T13:07:48.389,2026-05-28T13:23:18.389,,261.51452789999894,-204.27,523,2026-05-28T13:07:48.255,2026-05-28T13:23:18.255,,-0.13798880000103964
261.86763110000174,261.86763110000174,-0.005330475,1215,2026-05-28T13:07:48.606,2026-05-28T13:23:18.606,,262.01444020000054,-203.33,524,2026-05-28T13:07:48.755,2026-05-28T13:23:18.755,,0.14680909999879077
262.08257759999833,262.08257759999833,-0.005328946,1216,2026-05-28T13:07:48.822,2026-05-28T13:23:18.822,,262.01444020000054,-203.33,524,2026-05-28T13:07:48.755,2026-05-28T13:23:18.755,,-0.068137399997795
262.2977275999983,262.2977275999983,-0.00532657,1217,2026-05-28T13:07:49.039,2026-05-28T13:23:19.039,,262.5144767999991,-204.53,525,2026-05-28T13:07:49.255,2026-05-28T13:23:19.255,,0.2167492000007769
262.5129425999985,262.5129425999985,-0.005324895,1218,2026-05-28T13:07:49.249,2026-05-28T13:23:19.249,,262.5144767999991,-204.53,525,2026-05-28T13:07:49.255,2026-05-28T13:23:19.255,,0.0015342000006057788
262.7280357999989,262.7280357999989,-0.005324172,1219,2026-05-28T13:07:49.466,2026-05-28T13:23:19.466,,262.5144767999991,-204.53,525,2026-05-28T13:07:49.255,2026-05-28T13:23:19.255,,-0.21355899999980466
262.9431631000007,262.9431631000007,-0.005357738,1220,2026-05-28T13:07:49.682,2026-05-28T13:23:19.682,,263.0144790999984,-202.93,526,2026-05-28T13:07:49.755,2026-05-28T13:23:19.755,,0.07131599999775062
263.15831569999864,263.15831569999864,-0.005391775,1221,2026-05-28T13:07:49.899,2026-05-28T13:23:19.899,,263.0144790999984,-202.93,526,2026-05-28T13:07:49.755,2026-05-28T13:23:19.755,,-0.14383660000021337
263.3734837000011,263.3734837000011,-0.005399136,1222,2026-05-28T13:07:50.106,2026-05-28T13:23:20.106,,263.5144035000012,-205.12,527,2026-05-28T13:07:50.255,2026-05-28T13:23:20.255,,0.14091980000011972
263.58845270000165,263.58845270000165,-0.005401669,1223,2026-05-28T13:07:50.322,2026-05-28T13:23:20.322,,263.5144035000012,-205.12,527,2026-05-28T13:07:50.255,2026-05-28T13:23:20.255,,-0.07404920000044513
263.8035904999997,263.8035904999997,-0.005403303,1224,2026-05-28T13:07:50.539,2026-05-28T13:23:20.539,,264.0145497000012,-205.28,528,2026-05-28T13:07:50.755,2026-05-28T13:23:20.755,,0.21095920000152546
264.01878990000114,264.01878990000114,-0.005402025,1225,2026-05-28T13:07:50.756,2026-05-28T13:23:20.756,,264.0145497000012,-205.28,528,2026-05-28T13:07:50.755,2026-05-28T13:23:20.755,,-0.004240199999912875
264.2338889999992,264.2338889999992,-0.005404381,1226,2026-05-28T13:07:50.972,2026-05-28T13:23:20.972,,264.0145497000012,-205.28,528,2026-05-28T13:07:50.755,2026-05-28T13:23:20.755,,-0.2193392999979551
264.4489001000002,264.4489001000002,-0.005403407,1227,2026-05-28T13:07:51.189,2026-05-28T13:23:21.189,,264.5144752999986,-207.5,529,2026-05-28T13:07:51.255,2026-05-28T13:23:21.255,,0.06557519999842043
264.66408610000144,264.66408610000144,-0.00539879,1228,2026-05-28T13:07:51.399,2026-05-28T13:23:21.399,,264.5144752999986,-207.5,529,2026-05-28T13:07:51.255,2026-05-28T13:23:21.255,,-0.1496108000028471
264.8792331000004,264.8792331000004,-0.005396749,1229,2026-05-28T13:07:51.615,2026-05-28T13:23:21.615,,265.0144103999992,-206.26,530,2026-05-28T13:07:51.755,2026-05-28T13:23:21.755,,0.13517729999875883
265.0943062000006,265.0943062000006,-0.005396644,1230,2026-05-28T13:07:51.832,2026-05-28T13:23:21.832,,265.0144103999992,-206.26,530,2026-05-28T13:07:51.755,2026-05-28T13:23:21.755,,-0.0798958000013954
265.30937220000123,265.30937220000123,-0.005395052,1231,2026-05-28T13:07:52.049,2026-05-28T13:23:22.049,,265.51438209999833,-206.82,531,2026-05-28T13:07:52.255,2026-05-28T13:23:22.255,,0.20500989999709418
265.52453230000174,265.52453230000174,-0.005410621,1232,2026-05-28T13:07:52.265,2026-05-28T13:23:22.265,,265.51438209999833,-206.82,531,2026-05-28T13:07:52.255,2026-05-28T13:23:22.255,,-0.010150200003408827
265.73964999999953,265.73964999999953,-0.005439915,1233,2026-05-28T13:07:52.472,2026-05-28T13:23:22.472,,265.51438209999833,-206.82,531,2026-05-28T13:07:52.255,2026-05-28T13:23:22.255,,-0.22526790000119945
265.9548453999996,265.9548453999996,-0.005446019,1234,2026-05-28T13:07:52.689,2026-05-28T13:23:22.689,,266.0144701999998,-206.93,532,2026-05-28T13:07:52.755,2026-05-28T13:23:22.755,,0.059624800000165123
266.1699676999997,266.1699676999997,-0.005447202,1235,2026-05-28T13:07:52.906,2026-05-28T13:23:22.906,,266.0144701999998,-206.93,532,2026-05-28T13:07:52.755,2026-05-28T13:23:22.755,,-0.15549749999991036
266.3850719000002,266.3850719000002,-0.005446061,1236,2026-05-28T13:07:53.122,2026-05-28T13:23:23.122,,266.51438639999833,-208.04,533,2026-05-28T13:07:53.255,2026-05-28T13:23:23.255,,0.12931449999814504
266.60022820000086,266.60022820000086,-0.005444648,1237,2026-05-28T13:07:53.339,2026-05-28T13:23:23.339,,266.51438639999833,-208.04,533,2026-05-28T13:07:53.255,2026-05-28T13:23:23.255,,-0.08584180000252672
266.81532420000076,266.81532420000076,-0.005442711,1238,2026-05-28T13:07:53.556,2026-05-28T13:23:23.556,,267.01442379999935,-208.2,534,2026-05-28T13:07:53.755,2026-05-28T13:23:23.755,,0.19909959999858984
267.0304467999995,267.0304467999995,-0.005438753,1239,2026-05-28T13:07:53.765,2026-05-28T13:23:23.765,,267.01442379999935,-208.2,534,2026-05-28T13:07:53.755,2026-05-28T13:23:23.755,,-0.016023000000132015
267.24552870000116,267.24552870000116,-0.005437204,1240,2026-05-28T13:07:53.982,2026-05-28T13:23:23.982,,267.01442379999935,-208.2,534,2026-05-28T13:07:53.755,2026-05-28T13:23:23.755,,-0.23110490000181017
267.4606692999987,267.4606692999987,-0.005436251,1241,2026-05-28T13:07:54.199,2026-05-28T13:23:24.199,,267.51436230000036,-209.51,535,2026-05-28T13:07:54.255,2026-05-28T13:23:24.255,,0.05369300000165822
267.6758895999992,267.6758895999992,-0.005434126,1242,2026-05-28T13:07:54.408,2026-05-28T13:23:24.408,,267.51436230000036,-209.51,535,2026-05-28T13:07:54.255,2026-05-28T13:23:24.255,,-0.16152729999885196
267.89096540000173,267.89096540000173,-0.005431487,1243,2026-05-28T13:07:54.622,2026-05-28T13:23:24.622,,268.01452699999936,-209.27,536,2026-05-28T13:07:54.755,2026-05-28T13:23:24.755,,0.12356159999762895
268.1061719999998,268.1061719999998,-0.005431424,1244,2026-05-28T13:07:54.839,2026-05-28T13:23:24.839,,268.01452699999936,-209.27,536,2026-05-28T13:07:54.755,2026-05-28T13:23:24.755,,-0.09164500000042608
268.3212381000012,268.3212381000012,-0.005431738,1245,2026-05-28T13:07:55.057,2026-05-28T13:23:25.057,,268.51449499999944,-209.48,537,2026-05-28T13:07:55.255,2026-05-28T13:23:25.255,,0.19325689999823226
268.5363847000008,268.5363847000008,-0.005432189,1246,2026-05-28T13:07:55.272,2026-05-28T13:23:25.272,,268.51449499999944,-209.48,537,2026-05-28T13:07:55.255,2026-05-28T13:23:25.255,,-0.021889700001338497
268.75145989999874,268.75145989999874,-0.005447548,1247,2026-05-28T13:07:55.489,2026-05-28T13:23:25.489,,268.51449499999944,-209.48,537,2026-05-28T13:07:55.255,2026-05-28T13:23:25.255,,-0.23696489999929327
268.9666255999982,268.9666255999982,-0.005479878,1248,2026-05-28T13:07:55.706,2026-05-28T13:23:25.706,,269.01446710000164,-211.62,538,2026-05-28T13:07:55.755,2026-05-28T13:23:25.755,,0.047841500003414694
269.18164120000074,269.18164120000074,-0.005488286,1249,2026-05-28T13:07:55.922,2026-05-28T13:23:25.922,,269.01446710000164,-211.62,538,2026-05-28T13:07:55.755,2026-05-28T13:23:25.755,,-0.1671740999991016
269.39678020000065,269.39678020000065,-0.005492735,1250,2026-05-28T13:07:56.132,2026-05-28T13:23:26.132,,269.5144364000007,-212.26,539,2026-05-28T13:07:56.255,2026-05-28T13:23:26.255,,0.11765620000005583
269.61195919999955,269.61195919999955,-0.005498211,1251,2026-05-28T13:07:56.352,2026-05-28T13:23:26.352,,269.5144364000007,-212.26,539,2026-05-28T13:07:56.255,2026-05-28T13:23:26.255,,-0.09752279999884195
269.82701019999877,269.82701019999877,-0.005503592,1252,2026-05-28T13:07:56.566,2026-05-28T13:23:26.566,,270.0145045999998,-214.42,540,2026-05-28T13:07:56.755,2026-05-28T13:23:26.755,,0.18749440000101458
270.04220369999894,270.04220369999894,-0.005508429,1253,2026-05-28T13:07:56.782,2026-05-28T13:23:26.782,,270.0145045999998,-214.42,540,2026-05-28T13:07:56.755,2026-05-28T13:23:26.755,,-0.027699099999153987
270.2571142000015,270.2571142000015,-0.005511822,1254,2026-05-28T13:07:56.993,2026-05-28T13:23:26.993,,270.0145045999998,-214.42,540,2026-05-28T13:07:56.755,2026-05-28T13:23:26.755,,-0.24260960000174236
270.47221999999965,270.47221999999965,-0.0055129,1255,2026-05-28T13:07:57.213,2026-05-28T13:23:27.213,,270.51449800000046,-214.9,541,2026-05-28T13:07:57.255,2026-05-28T13:23:27.255,,0.04227800000080606
270.68726470000183,270.68726470000183,-0.005514575,1256,2026-05-28T13:07:57.426,2026-05-28T13:23:27.426,,270.51449800000046,-214.9,541,2026-05-28T13:07:57.255,2026-05-28T13:23:27.255,,-0.17276670000137528
270.9024157999993,270.9024157999993,-0.005517224,1257,2026-05-28T13:07:57.643,2026-05-28T13:23:27.643,,271.0144622000007,-214.94,542,2026-05-28T13:07:57.755,2026-05-28T13:23:27.755,,0.11204640000141808
271.1173659999986,271.1173659999986,-0.005521747,1258,2026-05-28T13:07:57.858,2026-05-28T13:23:27.858,,271.0144622000007,-214.94,542,2026-05-28T13:07:57.755,2026-05-28T13:23:27.755,,-0.10290379999787547
271.3324826999997,271.3324826999997,-0.005544749,1259,2026-05-28T13:07:58.073,2026-05-28T13:23:28.073,,271.51439219999884,-217.84,543,2026-05-28T13:07:58.255,2026-05-28T13:23:28.255,,0.18190949999916484
271.5475798000007,271.5475798000007,-0.005553596,1260,2026-05-28T13:07:58.282,2026-05-28T13:23:28.282,,271.51439219999884,-217.84,543,2026-05-28T13:07:58.255,2026-05-28T13:23:28.255,,-0.03318760000183829
271.7626578999989,271.7626578999989,-0.0055597,1261,2026-05-28T13:07:58.502,2026-05-28T13:23:28.502,,271.51439219999884,-217.84,543,2026-05-28T13:07:58.255,2026-05-28T13:23:28.255,,-0.24826570000004722
271.97775289999845,271.97775289999845,-0.005566296,1262,2026-05-28T13:07:58.718,2026-05-28T13:23:28.718,,272.01447299999927,-220.12,544,2026-05-28T13:07:58.755,2026-05-28T13:23:28.755,,0.03672010000082082
272.19289130000107,272.19289130000107,-0.005575122,1263,2026-05-28T13:07:58.926,2026-05-28T13:23:28.926,,272.01447299999927,-220.12,544,2026-05-28T13:07:58.755,2026-05-28T13:23:28.755,,-0.1784183000017947
272.4081527999988,272.4081527999988,-0.005584482,1264,2026-05-28T13:07:59.147,2026-05-28T13:23:29.147,,272.5144818000008,-220.45,545,2026-05-28T13:07:59.255,2026-05-28T13:23:29.255,,0.10632900000200607
272.62316289999944,272.62316289999944,-0.005592742,1265,2026-05-28T13:07:59.363,2026-05-28T13:23:29.363,,272.5144818000008,-220.45,545,2026-05-28T13:07:59.255,2026-05-28T13:23:29.255,,-0.10868109999864828
272.8383586000018,272.8383586000018,-0.005601192,1266,2026-05-28T13:07:59.579,2026-05-28T13:23:29.579,,273.0143968000011,-222.44,546,2026-05-28T13:07:59.755,2026-05-28T13:23:29.755,,0.17603819999931147
273.05352100000164,273.05352100000164,-0.00561051,1267,2026-05-28T13:07:59.793,2026-05-28T13:23:29.793,,273.0143968000011,-222.44,546,2026-05-28T13:07:59.755,2026-05-28T13:23:29.755,,-0.039124200000514975
273.268738499999,273.268738499999,-0.00561788,1268,2026-05-28T13:08:00.006,2026-05-28T13:23:30.006,,273.5146244999996,-224.71,547,2026-05-28T13:08:00.255,2026-05-28T13:23:30.255,,0.24588600000060978
273.48376700000154,273.48376700000154,-0.005623607,1269,2026-05-28T13:08:00.224,2026-05-28T13:23:30.224,,273.5146244999996,-224.71,547,2026-05-28T13:08:00.255,2026-05-28T13:23:30.255,,0.030857499998091953
273.6988663000011,273.6988663000011,-0.005628193,1270,2026-05-28T13:08:00.439,2026-05-28T13:23:30.439,,273.5146244999996,-224.71,547,2026-05-28T13:08:00.255,2026-05-28T13:23:30.255,,-0.18424180000147317
273.9139670000004,273.9139670000004,-0.005631973,1271,2026-05-28T13:08:00.653,2026-05-28T13:23:30.653,,274.01441120000163,-224.42,548,2026-05-28T13:08:00.755,2026-05-28T13:23:30.755,,0.10044420000122045
274.12911879999956,274.12911879999956,-0.005637082,1272,2026-05-28T13:08:00.869,2026-05-28T13:23:30.869,,274.01441120000163,-224.42,548,2026-05-28T13:08:00.755,2026-05-28T13:23:30.755,,-0.1147075999979279
274.3441829000003,274.3441829000003,-0.005642348,1273,2026-05-28T13:08:01.076,2026-05-28T13:23:31.076,,274.5144701999998,-227.23,549,2026-05-28T13:08:01.255,2026-05-28T13:23:31.255,,0.17028729999947245
274.55929240000114,274.55929240000114,-0.005648996,1274,2026-05-28T13:08:01.291,2026-05-28T13:23:31.291,,274.5144701999998,-227.23,549,2026-05-28T13:08:01.255,2026-05-28T13:23:31.255,,-0.044822200001362944
274.77449329999945,274.77449329999945,-0.005667308,1275,2026-05-28T13:08:01.506,2026-05-28T13:23:31.506,,275.01442079999833,-229.17,550,2026-05-28T13:08:01.755,2026-05-28T13:23:31.755,,0.23992749999888474
274.9897082999996,274.9897082999996,-0.005676783,1276,2026-05-28T13:08:01.728,2026-05-28T13:23:31.728,,275.01442079999833,-229.17,550,2026-05-28T13:08:01.755,2026-05-28T13:23:31.755,,0.02471249999871361
275.2050926999982,275.2050926999982,-0.00568384,1277,2026-05-28T13:08:01.939,2026-05-28T13:23:31.939,,275.01442079999833,-229.17,550,2026-05-28T13:08:01.755,2026-05-28T13:23:31.755,,-0.19067189999987022
275.4200364999997,275.4200364999997,-0.005690446,1278,2026-05-28T13:08:02.156,2026-05-28T13:23:32.156,,275.5144169000014,-231.46,551,2026-05-28T13:08:02.255,2026-05-28T13:23:32.255,,0.09438040000168257
275.6352583000007,275.6352583000007,-0.00569833,1279,2026-05-28T13:08:02.374,2026-05-28T13:23:32.374,,275.5144169000014,-231.46,551,2026-05-28T13:08:02.255,2026-05-28T13:23:32.255,,-0.12084139999933541
275.8502327999995,275.8502327999995,-0.005706161,1280,2026-05-28T13:08:02.589,2026-05-28T13:23:32.589,,276.0144870000004,-236.75,552,2026-05-28T13:08:02.755,2026-05-28T13:23:32.755,,0.16425420000086888
276.06536609999966,276.06536609999966,-0.005716516,1281,2026-05-28T13:08:02.806,2026-05-28T13:23:32.806,,276.0144870000004,-236.75,552,2026-05-28T13:08:02.755,2026-05-28T13:23:32.755,,-0.05087909999929252
276.28035219999947,276.28035219999947,-0.005728504,1282,2026-05-28T13:08:03.019,2026-05-28T13:23:33.019,,276.5141729999996,-239.29,553,2026-05-28T13:08:03.254,2026-05-28T13:23:33.254,,0.2338208000001032
276.4954837000005,276.4954837000005,-0.005740387,1283,2026-05-28T13:08:03.235,2026-05-28T13:23:33.235,,276.5141729999996,-239.29,553,2026-05-28T13:08:03.254,2026-05-28T13:23:33.254,,0.018689299999095965
276.71055989999877,276.71055989999877,-0.005752521,1284,2026-05-28T13:08:03.443,2026-05-28T13:23:33.443,,276.5141729999996,-239.29,553,2026-05-28T13:08:03.254,2026-05-28T13:23:33.254,,-0.19638689999919734
276.9256987000008,276.9256987000008,-0.005765525,1285,2026-05-28T13:08:03.666,2026-05-28T13:23:33.666,,277.01444099999935,-251.5,554,2026-05-28T13:08:03.755,2026-05-28T13:23:33.755,,0.08874229999855743
277.1408771999995,277.1408771999995,-0.005780947,1286,2026-05-28T13:08:03.874,2026-05-28T13:23:33.874,,277.01444099999935,-251.5,554,2026-05-28T13:08:03.755,2026-05-28T13:23:33.755,,-0.12643620000017108
277.35608259999935,277.35608259999935,-0.005796578,1287,2026-05-28T13:08:04.089,2026-05-28T13:23:34.089,,277.5145335999987,-253.95,555,2026-05-28T13:08:04.255,2026-05-28T13:23:34.255,,0.15845099999933154
277.5713082000002,277.5713082000002,-0.005812063,1288,2026-05-28T13:08:04.306,2026-05-28T13:23:34.306,,277.5145335999987,-253.95,555,2026-05-28T13:08:04.255,2026-05-28T13:23:34.255,,-0.05677460000151768
277.7864004000003,277.7864004000003,-0.005851293,1289,2026-05-28T13:08:04.522,2026-05-28T13:23:34.522,,278.0144412000009,-255.77,556,2026-05-28T13:08:04.755,2026-05-28T13:23:34.755,,0.22804080000059912
278.00169839999944,278.00169839999944,-0.005882692,1290,2026-05-28T13:08:04.741,2026-05-28T13:23:34.741,,278.0144412000009,-255.77,556,2026-05-28T13:08:04.755,2026-05-28T13:23:34.755,,0.012742800001433352
278.21675640000103,278.21675640000103,-0.005889989,1291,2026-05-28T13:08:04.956,2026-05-28T13:23:34.956,,278.0144412000009,-255.77,556,2026-05-28T13:08:04.755,2026-05-28T13:23:34.755,,-0.20231520000015735
278.4320384999992,278.4320384999992,-0.005894052,1292,2026-05-28T13:08:05.172,2026-05-28T13:23:35.172,,278.51434439999866,-258.3,557,2026-05-28T13:08:05.255,2026-05-28T13:23:35.255,,0.08230589999948279
278.6471812000018,278.6471812000018,-0.005894669,1293,2026-05-28T13:08:05.384,2026-05-28T13:23:35.384,,278.51434439999866,-258.3,557,2026-05-28T13:08:05.255,2026-05-28T13:23:35.255,,-0.13283680000313325
278.86230950000026,278.86230950000026,-0.005894711,1294,2026-05-28T13:08:05.599,2026-05-28T13:23:35.599,,279.0144203999989,-256.4,558,2026-05-28T13:08:05.755,2026-05-28T13:23:35.755,,0.1521108999986609
279.0772861000005,279.0772861000005,-0.005895737,1295,2026-05-28T13:08:05.816,2026-05-28T13:23:35.816,,279.0144203999989,-256.4,558,2026-05-28T13:08:05.755,2026-05-28T13:23:35.755,,-0.06286570000156644
279.2922663999998,279.2922663999998,-0.005896879,1296,2026-05-28T13:08:06.032,2026-05-28T13:23:36.032,,279.5144301,-257.09,559,2026-05-28T13:08:06.255,2026-05-28T13:23:36.255,,0.22216370000023744
279.50738009999986,279.50738009999986,-0.005897203,1297,2026-05-28T13:08:06.241,2026-05-28T13:23:36.241,,279.5144301,-257.09,559,2026-05-28T13:08:06.255,2026-05-28T13:23:36.255,,0.0070500000001629815
279.7224791000008,279.7224791000008,-0.005898386,1298,2026-05-28T13:08:06.456,2026-05-28T13:23:36.456,,279.5144301,-257.09,559,2026-05-28T13:08:06.255,2026-05-28T13:23:36.255,,-0.20804900000075577
279.9376666999997,279.9376666999997,-0.005899014,1299,2026-05-28T13:08:06.672,2026-05-28T13:23:36.672,,280.0144169000014,-253.93,560,2026-05-28T13:08:06.755,2026-05-28T13:23:36.755,,0.07675020000169752
280.15279830000145,280.15279830000145,-0.005900103,1300,2026-05-28T13:08:06.894,2026-05-28T13:23:36.894,,280.0144169000014,-253.93,560,2026-05-28T13:08:06.755,2026-05-28T13:23:36.755,,-0.13838140000007115
280.36791749999975,280.36791749999975,-0.005900669,1301,2026-05-28T13:08:07.106,2026-05-28T13:23:37.106,,280.5144306000002,-253.28,561,2026-05-28T13:08:07.255,2026-05-28T13:23:37.255,,0.1465131000004476
280.5830112000003,280.5830112000003,-0.005901161,1302,2026-05-28T13:08:07.322,2026-05-28T13:23:37.322,,280.5144306000002,-253.28,561,2026-05-28T13:08:07.255,2026-05-28T13:23:37.255,,-0.06858060000013211
280.79824759999974,280.79824759999974,-0.005901799,1303,2026-05-28T13:08:07.539,2026-05-28T13:23:37.539,,281.01445149999927,-251.31,562,2026-05-28T13:08:07.755,2026-05-28T13:23:37.755,,0.2162038999995275
281.01321950000056,281.01321950000056,-0.005902093,1304,2026-05-28T13:08:07.749,2026-05-28T13:23:37.749,,281.01445149999927,-251.31,562,2026-05-28T13:08:07.755,2026-05-28T13:23:37.755,,0.0012319999987084884
281.2284612000003,281.2284612000003,-0.005902951,1305,2026-05-28T13:08:07.966,2026-05-28T13:23:37.966,,281.01445149999927,-251.31,562,2026-05-28T13:08:07.755,2026-05-28T13:23:37.755,,-0.2140097000010428
281.4433045000005,281.4433045000005,-0.005903181,1306,2026-05-28T13:08:08.182,2026-05-28T13:23:38.182,,281.5144575000013,-250.35,563,2026-05-28T13:08:08.255,2026-05-28T13:23:38.255,,0.07115300000077696
281.65830769999957,281.65830769999957,-0.005903307,1307,2026-05-28T13:08:08.399,2026-05-28T13:23:38.399,,281.5144575000013,-250.35,563,2026-05-28T13:08:08.255,2026-05-28T13:23:38.255,,-0.1438501999982691
281.8733336000005,281.8733336000005,-0.005904029,1308,2026-05-28T13:08:08.606,2026-05-28T13:23:38.606,,282.01441780000096,-250.98,564,2026-05-28T13:08:08.755,2026-05-28T13:23:38.755,,0.14108420000047772
282.0884092999986,282.0884092999986,-0.005904375,1309,2026-05-28T13:08:08.822,2026-05-28T13:23:38.822,,282.01441780000096,-250.98,564,2026-05-28T13:08:08.755,2026-05-28T13:23:38.755,,-0.07399149999764632
282.30361560000165,282.30361560000165,-0.00590493,1310,2026-05-28T13:08:09.039,2026-05-28T13:23:39.039,,282.51445850000164,-250.59,565,2026-05-28T13:08:09.255,2026-05-28T13:23:39.255,,0.21084289999998873
282.51869440000155,282.51869440000155,-0.005905202,1311,2026-05-28T13:08:09.258,2026-05-28T13:23:39.258,,282.51445850000164,-250.59,565,2026-05-28T13:08:09.255,2026-05-28T13:23:39.255,,-0.0042358999999123625
282.7337923999985,282.7337923999985,-0.005905705,1312,2026-05-28T13:08:09.474,2026-05-28T13:23:39.474,,282.51445850000164,-250.59,565,2026-05-28T13:08:09.255,2026-05-28T13:23:39.255,,-0.2193338999968546
282.94873780000125,282.94873780000125,-0.005905945,1313,2026-05-28T13:08:09.690,2026-05-28T13:23:39.690,,283.01449929999944,-249.67,566,2026-05-28T13:08:09.755,2026-05-28T13:23:39.755,,0.06576149999818881
283.1638553999983,283.1638553999983,-0.005906071,1314,2026-05-28T13:08:09.899,2026-05-28T13:23:39.899,,283.01449929999944,-249.67,566,2026-05-28T13:08:09.755,2026-05-28T13:23:39.755,,-0.14935609999884036
283.3789089999991,283.3789089999991,-0.005906542,1315,2026-05-28T13:08:10.115,2026-05-28T13:23:40.115,,283.5143685000003,-249.14,567,2026-05-28T13:08:10.255,2026-05-28T13:23:40.255,,0.13545950000116136
283.59405999999944,283.59405999999944,-0.005906877,1316,2026-05-28T13:08:10.326,2026-05-28T13:23:40.326,,283.5143685000003,-249.14,567,2026-05-28T13:08:10.255,2026-05-28T13:23:40.255,,-0.07969149999917136
283.8091416999996,283.8091416999996,-0.005907066,1317,2026-05-28T13:08:10.548,2026-05-28T13:23:40.548,,284.0144279999986,-249.75,568,2026-05-28T13:08:10.755,2026-05-28T13:23:40.755,,0.2052862999989884
284.02424560000145,284.02424560000145,-0.005907317,1318,2026-05-28T13:08:10.764,2026-05-28T13:23:40.764,,284.0144279999986,-249.75,568,2026-05-28T13:08:10.755,2026-05-28T13:23:40.755,,-0.009817600002861582
284.2392590999989,284.2392590999989,-0.005907547,1319,2026-05-28T13:08:10.980,2026-05-28T13:23:40.980,,284.0144279999986,-249.75,568,2026-05-28T13:08:10.755,2026-05-28T13:23:40.755,,-0.22483110000030138
284.45429109999895,284.45429109999895,-0.005907736,1320,2026-05-28T13:08:11.195,2026-05-28T13:23:41.195,,284.51433389999875,-249.27,569,2026-05-28T13:08:11.255,2026-05-28T13:23:41.255,,0.060042799999791896
284.66927660000147,284.66927660000147,-0.005908071,1321,2026-05-28T13:08:11.406,2026-05-28T13:23:41.406,,284.51433389999875,-249.27,569,2026-05-28T13:08:11.255,2026-05-28T13:23:41.255,,-0.1549427000027208
284.88448620000054,284.88448620000054,-0.005908186,1322,2026-05-28T13:08:11.622,2026-05-28T13:23:41.622,,285.01435800000036,-250.57,570,2026-05-28T13:08:11.755,2026-05-28T13:23:41.755,,0.1298717999998189
285.09967170000164,285.09967170000164,-0.005908343,1323,2026-05-28T13:08:11.839,2026-05-28T13:23:41.839,,285.01435800000036,-250.57,570,2026-05-28T13:08:11.755,2026-05-28T13:23:41.755,,-0.08531370000127936
285.3146643,285.3146643,-0.00590849,1324,2026-05-28T13:08:12.055,2026-05-28T13:23:42.055,,285.51439989999926,-250.98,571,2026-05-28T13:08:12.255,2026-05-28T13:23:42.255,,0.19973559999925783
285.529794099999,285.529794099999,-0.00590873,1325,2026-05-28T13:08:12.269,2026-05-28T13:23:42.269,,285.51439989999926,-250.98,571,2026-05-28T13:08:12.255,2026-05-28T13:23:42.255,,-0.015394199999718694
285.74490420000075,285.74490420000075,-0.005908699,1326,2026-05-28T13:08:12.482,2026-05-28T13:23:42.482,,285.51439989999926,-250.98,571,2026-05-28T13:08:12.255,2026-05-28T13:23:42.255,,-0.2305043000014848
285.96007290000125,285.96007290000125,-0.005909003,1327,2026-05-28T13:08:12.699,2026-05-28T13:23:42.699,,286.0144427000014,-249.99,572,2026-05-28T13:08:12.755,2026-05-28T13:23:42.755,,0.05436980000013136
286.1750592999997,286.1750592999997,-0.005909065,1328,2026-05-28T13:08:12.915,2026-05-28T13:23:42.915,,286.0144427000014,-249.99,572,2026-05-28T13:08:12.755,2026-05-28T13:23:42.755,,-0.16061659999832045
286.39042029999837,286.39042029999837,-0.005909139,1329,2026-05-28T13:08:13.122,2026-05-28T13:23:43.122,,286.5144242999995,-250.87,573,2026-05-28T13:08:13.255,2026-05-28T13:23:43.255,,0.12400400000115042
286.6053404999984,286.6053404999984,-0.005909306,1330,2026-05-28T13:08:13.339,2026-05-28T13:23:43.339,,286.5144242999995,-250.87,573,2026-05-28T13:08:13.255,2026-05-28T13:23:43.255,,-0.09091619999890099
286.8206218000014,286.8206218000014,-0.005909411,1331,2026-05-28T13:08:13.556,2026-05-28T13:23:43.556,,287.0145626000012,-249.74,574,2026-05-28T13:08:13.755,2026-05-28T13:23:43.755,,0.1939407999998366
287.03556899999967,287.03556899999967,-0.005909495,1332,2026-05-28T13:08:13.773,2026-05-28T13:23:43.773,,287.0145626000012,-249.74,574,2026-05-28T13:08:13.755,2026-05-28T13:23:43.755,,-0.02100639999844134
287.2506906000017,287.2506906000017,-0.00590961,1333,2026-05-28T13:08:13.989,2026-05-28T13:23:43.989,,287.0145626000012,-249.74,574,2026-05-28T13:08:13.755,2026-05-28T13:23:43.755,,-0.23612800000046263
287.4659262999994,287.4659262999994,-0.005909652,1334,2026-05-28T13:08:14.206,2026-05-28T13:23:44.206,,287.51448829999936,-251.23,575,2026-05-28T13:08:14.255,2026-05-28T13:23:44.255,,0.04856199999994715
287.6810112999992,287.6810112999992,-0.005909683,1335,2026-05-28T13:08:14.422,2026-05-28T13:23:44.422,,287.51448829999936,-251.23,575,2026-05-28T13:08:14.255,2026-05-28T13:23:44.255,,-0.16652299999987008
287.8961018000009,287.8961018000009,-0.005909934,1336,2026-05-28T13:08:14.632,2026-05-28T13:23:44.632,,288.0143714000005,-250.91,576,2026-05-28T13:08:14.755,2026-05-28T13:23:44.755,,0.11826959999962128
288.1110972999995,288.1110972999995,-0.005910029,1337,2026-05-28T13:08:14.852,2026-05-28T13:23:44.852,,288.0143714000005,-250.91,576,2026-05-28T13:08:14.755,2026-05-28T13:23:44.755,,-0.09672589999900083
288.3261788000018,288.3261788000018,-0.00591006,1338,2026-05-28T13:08:15.066,2026-05-28T13:23:45.066,,288.51467069999853,-250.96,577,2026-05-28T13:08:15.255,2026-05-28T13:23:45.255,,0.188491899996734
288.54142800000045,288.54142800000045,-0.005909987,1339,2026-05-28T13:08:15.282,2026-05-28T13:23:45.282,,288.51467069999853,-250.96,577,2026-05-28T13:08:15.255,2026-05-28T13:23:45.255,,-0.026757300001918338
288.7564085999984,288.7564085999984,-0.005910039,1340,2026-05-28T13:08:15.494,2026-05-28T13:23:45.494,,288.51467069999853,-250.96,577,2026-05-28T13:08:15.255,2026-05-28T13:23:45.255,,-0.24173789999986184
288.97135680000065,288.97135680000065,-0.005909882,1341,2026-05-28T13:08:15.706,2026-05-28T13:23:45.706,,289.01426509999874,-251.04,578,2026-05-28T13:08:15.755,2026-05-28T13:23:45.755,,0.042908299998089205
289.1867581000006,289.1867581000006,-0.005909955,1342,2026-05-28T13:08:15.922,2026-05-28T13:23:45.922,,289.01426509999874,-251.04,578,2026-05-28T13:08:15.755,2026-05-28T13:23:45.755,,-0.1724930000018503
289.40185349999956,289.40185349999956,-0.005910259,1343,2026-05-28T13:08:16.141,2026-05-28T13:23:46.141,,289.5144179000017,-250.92,579,2026-05-28T13:08:16.255,2026-05-28T13:23:46.255,,0.11256440000215662
289.6172731000006,289.6172731000006,-0.005910332,1344,2026-05-28T13:08:16.356,2026-05-28T13:23:46.356,,289.5144179000017,-250.92,579,2026-05-28T13:08:16.255,2026-05-28T13:23:46.255,,-0.10285519999888493
289.8323673999985,289.8323673999985,-0.00591051,1345,2026-05-28T13:08:16.572,2026-05-28T13:23:46.572,,290.0144244000003,-251.09,580,2026-05-28T13:08:16.755,2026-05-28T13:23:46.755,,0.18205700000180514
290.0474729000016,290.0474729000016,-0.005910699,1346,2026-05-28T13:08:16.782,2026-05-28T13:23:46.782,,290.0144244000003,-251.09,580,2026-05-28T13:08:16.755,2026-05-28T13:23:46.755,,-0.033048500001314096
290.2631724999992,290.2631724999992,-0.005910667,1347,2026-05-28T13:08:17.001,2026-05-28T13:23:47.001,,290.0144244000003,-251.09,580,2026-05-28T13:08:16.755,2026-05-28T13:23:46.755,,-0.24874809999892022
290.4782543000001,290.4782543000001,-0.005910709,1348,2026-05-28T13:08:17.218,2026-05-28T13:23:47.218,,290.51431740000044,-250.77,581,2026-05-28T13:08:17.255,2026-05-28T13:23:47.255,,0.03606310000031954
290.6932749000007,290.6932749000007,-0.005910939,1349,2026-05-28T13:08:17.432,2026-05-28T13:23:47.432,,290.51431740000044,-250.77,581,2026-05-28T13:08:17.255,2026-05-28T13:23:47.255,,-0.17895750000025146
290.9083400999989,290.9083400999989,-0.005910908,1350,2026-05-28T13:08:17.649,2026-05-28T13:23:47.649,,291.0144149000007,-251.38,582,2026-05-28T13:08:17.755,2026-05-28T13:23:47.755,,0.10607480000180658
291.1235559000015,291.1235559000015,-0.005910877,1351,2026-05-28T13:08:17.859,2026-05-28T13:23:47.859,,291.0144149000007,-251.38,582,2026-05-28T13:08:17.755,2026-05-28T13:23:47.755,,-0.10914100000081817
291.3385597000015,291.3385597000015,-0.005910741,1352,2026-05-28T13:08:18.079,2026-05-28T13:23:48.079,,291.5143524999985,-251.25,583,2026-05-28T13:08:18.255,2026-05-28T13:23:48.255,,0.17579279999699793
291.55374239999946,291.55374239999946,-0.005910919,1353,2026-05-28T13:08:18.289,2026-05-28T13:23:48.289,,291.5143524999985,-251.25,583,2026-05-28T13:08:18.255,2026-05-28T13:23:48.255,,-0.039389900000969646
291.7689231000004,291.7689231000004,-0.00591073,1354,2026-05-28T13:08:18.508,2026-05-28T13:23:48.508,,292.0144966000007,-251.39,584,2026-05-28T13:08:18.755,2026-05-28T13:23:48.755,,0.24557350000031875
291.98388839999825,291.98388839999825,-0.00591073,1355,2026-05-28T13:08:18.722,2026-05-28T13:23:48.722,,292.0144966000007,-251.39,584,2026-05-28T13:08:18.755,2026-05-28T13:23:48.755,,0.030608200002461672
292.19903089999934,292.19903089999934,-0.005910761,1356,2026-05-28T13:08:18.939,2026-05-28T13:23:48.939,,292.0144966000007,-251.39,584,2026-05-28T13:08:18.755,2026-05-28T13:23:48.755,,-0.18453429999863147
292.4140574000012,292.4140574000012,-0.00591096,1357,2026-05-28T13:08:19.152,2026-05-28T13:23:49.152,,292.5143642000003,-250.87,585,2026-05-28T13:08:19.255,2026-05-28T13:23:49.255,,0.10030679999908898
292.62932889999865,292.62932889999865,-0.005911107,1358,2026-05-28T13:08:19.366,2026-05-28T13:23:49.366,,292.5143642000003,-250.87,585,2026-05-28T13:08:19.255,2026-05-28T13:23:49.255,,-0.11496469999838155
292.84419139999954,292.84419139999954,-0.005911107,1359,2026-05-28T13:08:19.585,2026-05-28T13:23:49.585,,293.01444080000147,-251.6,586,2026-05-28T13:08:19.755,2026-05-28T13:23:49.755,,0.17024940000192146
293.0595794000001,293.0595794000001,-0.005911264,1360,2026-05-28T13:08:19.799,2026-05-28T13:23:49.799,,293.01444080000147,-251.6,586,2026-05-28T13:08:19.755,2026-05-28T13:23:49.755,,-0.0451385999986087
293.2745517000003,293.2745517000003,-0.005911264,1361,2026-05-28T13:08:20.015,2026-05-28T13:23:50.015,,293.5146081999992,-251.15,587,2026-05-28T13:08:20.255,2026-05-28T13:23:50.255,,0.2400564999989001
293.48989190000066,293.48989190000066,-0.005911117,1362,2026-05-28T13:08:20.222,2026-05-28T13:23:50.222,,293.5146081999992,-251.15,587,2026-05-28T13:08:20.255,2026-05-28T13:23:50.255,,0.024716299998544855
293.7049407000013,293.7049407000013,-0.005911348,1363,2026-05-28T13:08:20.439,2026-05-28T13:23:50.439,,293.5146081999992,-251.15,587,2026-05-28T13:08:20.255,2026-05-28T13:23:50.255,,-0.1903325000021141
293.9199434000002,293.9199434000002,-0.005911379,1364,2026-05-28T13:08:20.656,2026-05-28T13:23:50.656,,294.0143863000012,-251.49,588,2026-05-28T13:08:20.755,2026-05-28T13:23:50.755,,0.09444290000101319
294.13490399999864,294.13490399999864,-0.005911379,1365,2026-05-28T13:08:20.875,2026-05-28T13:23:50.875,,294.0143863000012,-251.49,588,2026-05-28T13:08:20.755,2026-05-28T13:23:50.755,,-0.12051769999743556
294.350116900001,294.350116900001,-0.005911568,1366,2026-05-28T13:08:21.089,2026-05-28T13:23:51.089,,294.5143504000007,-251.57,589,2026-05-28T13:08:21.255,2026-05-28T13:23:51.255,,0.16423349999968195
294.5651668999999,294.5651668999999,-0.005911505,1367,2026-05-28T13:08:21.306,2026-05-28T13:23:51.306,,294.5143504000007,-251.57,589,2026-05-28T13:08:21.255,2026-05-28T13:23:51.255,,-0.05081649999920046
294.7802948999997,294.7802948999997,-0.005911442,1368,2026-05-28T13:08:21.516,2026-05-28T13:23:51.516,,295.0147007000014,-251.38,590,2026-05-28T13:08:21.755,2026-05-28T13:23:51.755,,0.23440580000169575
294.9953677000012,294.9953677000012,-0.005911411,1369,2026-05-28T13:08:21.732,2026-05-28T13:23:51.732,,295.0147007000014,-251.38,590,2026-05-28T13:08:21.755,2026-05-28T13:23:51.755,,0.019333000000187894
295.2105245999992,295.2105245999992,-0.005911233,1370,2026-05-28T13:08:21.949,2026-05-28T13:23:51.949,,295.0147007000014,-251.38,590,2026-05-28T13:08:21.755,2026-05-28T13:23:51.755,,-0.1958238999977766
295.4256165000006,295.4256165000006,-0.005911369,1371,2026-05-28T13:08:22.166,2026-05-28T13:23:52.166,,295.5146735999988,-251.82,591,2026-05-28T13:08:22.255,2026-05-28T13:23:52.255,,0.0890570999981719
295.64073070000086,295.64073070000086,-0.005911515,1372,2026-05-28T13:08:22.376,2026-05-28T13:23:52.376,,295.5146735999988,-251.82,591,2026-05-28T13:08:22.255,2026-05-28T13:23:52.255,,-0.12605710000207182
295.8560144000003,295.8560144000003,-0.005911442,1373,2026-05-28T13:08:22.589,2026-05-28T13:23:52.589,,296.0144118999997,-251.54,592,2026-05-28T13:08:22.755,2026-05-28T13:23:52.755,,0.15839749999940977
296.070958100001,296.070958100001,-0.005911568,1374,2026-05-28T13:08:22.806,2026-05-28T13:23:52.806,,296.0144118999997,-251.54,592,2026-05-28T13:08:22.755,2026-05-28T13:23:52.755,,-0.05654620000132127
296.28608990000066,296.28608990000066,-0.005911536,1375,2026-05-28T13:08:23.025,2026-05-28T13:23:53.025,,296.51464900000065,-251.78,593,2026-05-28T13:08:23.255,2026-05-28T13:23:53.255,,0.22855909999998403
296.50124399999913,296.50124399999913,-0.005911358,1376,2026-05-28T13:08:23.241,2026-05-28T13:23:53.241,,296.51464900000065,-251.78,593,2026-05-28T13:08:23.255,2026-05-28T13:23:53.255,,0.013405000001512235
296.7163517000008,296.7163517000008,-0.005911201,1377,2026-05-28T13:08:23.456,2026-05-28T13:23:53.456,,296.51464900000065,-251.78,593,2026-05-28T13:08:23.255,2026-05-28T13:23:53.255,,-0.201702700000169
296.9314838999999,296.9314838999999,-0.005911379,1378,2026-05-28T13:08:23.672,2026-05-28T13:23:53.672,,297.01446990000113,-251.75,594,2026-05-28T13:08:23.755,2026-05-28T13:23:53.755,,0.08298600000125589
297.14658060000147,297.14658060000147,-0.005911505,1379,2026-05-28T13:08:23.884,2026-05-28T13:23:53.884,,297.01446990000113,-251.75,594,2026-05-28T13:08:23.755,2026-05-28T13:23:53.755,,-0.13211070000033942
297.3617732999992,297.3617732999992,-0.005911411,1380,2026-05-28T13:08:24.101,2026-05-28T13:23:54.101,,297.5143476999983,-251.6,595,2026-05-28T13:08:24.255,2026-05-28T13:23:54.255,,0.15257439999913913
297.57674190000034,297.57674190000034,-0.005911505,1381,2026-05-28T13:08:24.316,2026-05-28T13:23:54.316,,297.5143476999983,-251.6,595,2026-05-28T13:08:24.255,2026-05-28T13:23:54.255,,-0.0623942000020179
297.7918146999982,297.7918146999982,-0.005911442,1382,2026-05-28T13:08:24.532,2026-05-28T13:23:54.532,,298.01442250000036,-251.93,596,2026-05-28T13:08:24.755,2026-05-28T13:23:54.755,,0.22260780000215163
298.007114,298.007114,-0.005911484,1383,2026-05-28T13:08:24.741,2026-05-28T13:23:54.741,,298.01442250000036,-251.93,596,2026-05-28T13:08:24.755,2026-05-28T13:23:54.755,,0.007308500000362983
298.22225420000177,298.22225420000177,-0.005911452,1384,2026-05-28T13:08:24.956,2026-05-28T13:23:54.956,,298.01442250000036,-251.93,596,2026-05-28T13:08:24.755,2026-05-28T13:23:54.755,,-0.20783170000140672
298.4373205000011,298.4373205000011,-0.005911568,1385,2026-05-28T13:08:25.172,2026-05-28T13:23:55.172,,298.51429700000153,-251.77,597,2026-05-28T13:08:25.255,2026-05-28T13:23:55.255,,0.07697650000045542
298.6526226999995,298.6526226999995,-0.005911756,1386,2026-05-28T13:08:25.389,2026-05-28T13:23:55.389,,298.51429700000153,-251.77,597,2026-05-28T13:08:25.255,2026-05-28T13:23:55.255,,-0.13832569999794941
298.867463999999,298.867463999999,-0.005911641,1387,2026-05-28T13:08:25.608,2026-05-28T13:23:55.608,,299.01464470000064,-251.77,598,2026-05-28T13:08:25.755,2026-05-28T13:23:55.755,,0.14718070000162697
299.0825948999991,299.0825948999991,-0.005911599,1388,2026-05-28T13:08:25.823,2026-05-28T13:23:55.823,,299.01464470000064,-251.77,598,2026-05-28T13:08:25.755,2026-05-28T13:23:55.755,,-0.06795019999844953
299.2977223000016,299.2977223000016,-0.00591162,1389,2026-05-28T13:08:26.039,2026-05-28T13:23:56.039,,299.51456529999996,-251.85,599,2026-05-28T13:08:26.255,2026-05-28T13:23:56.255,,0.21684299999833456
299.51263630000176,299.51263630000176,-0.005911379,1390,2026-05-28T13:08:26.249,2026-05-28T13:23:56.249,,299.51456529999996,-251.85,599,2026-05-28T13:08:26.255,2026-05-28T13:23:56.255,,0.0019289999981992878
299.72771289999946,299.72771289999946,-0.00591163,1391,2026-05-28T13:08:26.459,2026-05-28T13:23:56.459,,299.51456529999996,-251.85,599,2026-05-28T13:08:26.255,2026-05-28T13:23:56.255,,-0.21314759999950184
299.94276190000164,299.94276190000164,-0.005911484,1392,2026-05-28T13:08:26.682,2026-05-28T13:23:56.682,,300.01437440000154,-251.87,600,2026-05-28T13:08:26.755,2026-05-28T13:23:56.755,,0.07161249999990105
300.15784150000036,300.15784150000036,-0.00591163,1393,2026-05-28T13:08:26.892,2026-05-28T13:23:56.892,,300.01437440000154,-251.87,600,2026-05-28T13:08:26.755,2026-05-28T13:23:56.755,,-0.14346709999881568
300.37289560000136,300.37289560000136,-0.005911536,1394,2026-05-28T13:08:27.109,2026-05-28T13:23:57.109,,300.51430880000044,-251.82,601,2026-05-28T13:08:27.255,2026-05-28T13:23:57.255,,0.14141319999907864
300.58811259999857,300.58811259999857,-0.00591162,1395,2026-05-28T13:08:27.326,2026-05-28T13:23:57.326,,300.51430880000044,-251.82,601,2026-05-28T13:08:27.255,2026-05-28T13:23:57.255,,-0.07380379999813158
300.8033179000013,300.8033179000013,-0.005911536,1396,2026-05-28T13:08:27.541,2026-05-28T13:23:57.541,,301.01436679999824,-251.9,602,2026-05-28T13:08:27.755,2026-05-28T13:23:57.755,,0.21104889999696752
301.0184502999982,301.0184502999982,-0.005911536,1397,2026-05-28T13:08:27.758,2026-05-28T13:23:57.758,,301.01436679999824,-251.9,602,2026-05-28T13:08:27.755,2026-05-28T13:23:57.755,,-0.004083499999978812
301.23342290000073,301.23342290000073,-0.005911515,1398,2026-05-28T13:08:27.974,2026-05-28T13:23:57.974,,301.01436679999824,-251.9,602,2026-05-28T13:08:27.755,2026-05-28T13:23:57.755,,-0.21905610000248998
301.4486935999994,301.4486935999994,-0.005911568,1399,2026-05-28T13:08:28.189,2026-05-28T13:23:58.189,,301.5146854000013,-251.77,603,2026-05-28T13:08:28.255,2026-05-28T13:23:58.255,,0.06599180000193883
301.66375379999954,301.66375379999954,-0.005911557,1400,2026-05-28T13:08:28.402,2026-05-28T13:23:58.402,,301.5146854000013,-251.77,603,2026-05-28T13:08:28.255,2026-05-28T13:23:58.255,,-0.14906839999821386
301.8789187000002,301.8789187000002,-0.005911725,1401,2026-05-28T13:08:28.615,2026-05-28T13:23:58.615,,302.0146276999985,-251.9,604,2026-05-28T13:08:28.755,2026-05-28T13:23:58.755,,0.13570899999831454
302.09393750000163,302.09393750000163,-0.005911589,1402,2026-05-28T13:08:28.834,2026-05-28T13:23:58.834,,302.0146276999985,-251.9,604,2026-05-28T13:08:28.755,2026-05-28T13:23:58.755,,-0.07930980000310228
302.3089696999996,302.3089696999996,-0.005911568,1403,2026-05-28T13:08:29.049,2026-05-28T13:23:59.049,,302.51469350000116,-252.03,605,2026-05-28T13:08:29.255,2026-05-28T13:23:59.255,,0.20572380000157864
302.5240976999994,302.5240976999994,-0.005911651,1404,2026-05-28T13:08:29.265,2026-05-28T13:23:59.265,,302.51469350000116,-252.03,605,2026-05-28T13:08:29.255,2026-05-28T13:23:59.255,,-0.009404199998243712
302.7389107000017,302.7389107000017,-0.005911547,1405,2026-05-28T13:08:29.473,2026-05-28T13:23:59.473,,302.51469350000116,-252.03,605,2026-05-28T13:08:29.255,2026-05-28T13:23:59.255,,-0.22421720000056666
302.9539680000016,302.9539680000016,-0.00591185,1406,2026-05-28T13:08:29.689,2026-05-28T13:23:59.689,,303.01421720000144,-251.75,606,2026-05-28T13:08:29.755,2026-05-28T13:23:59.755,,0.06024919999981648
303.1690434999982,303.1690434999982,-0.005911672,1407,2026-05-28T13:08:29.906,2026-05-28T13:23:59.906,,303.01421720000144,-251.75,606,2026-05-28T13:08:29.755,2026-05-28T13:23:59.755,,-0.15482629999678466
303.4066266000009,303.4066266000009,-0.005911693,1408,2026-05-28T13:08:30.147,2026-05-28T13:24:00.147,,303.5145540000012,-252.18,607,2026-05-28T13:08:30.255,2026-05-28T13:24:00.255,,0.10792740000033518
303.6213921999988,303.6213921999988,-0.0059114,1409,2026-05-28T13:08:30.361,2026-05-28T13:24:00.361,,303.5145540000012,-252.18,607,2026-05-28T13:08:30.255,2026-05-28T13:24:00.255,,-0.1068381999975827
303.83643460000167,303.83643460000167,-0.005911432,1410,2026-05-28T13:08:30.572,2026-05-28T13:24:00.572,,304.0144153000001,-251.83,608,2026-05-28T13:08:30.749,2026-05-28T13:24:00.749,,0.17798069999844301
304.0515593000018,304.0515593000018,-0.005911568,1411,2026-05-28T13:08:30.786,2026-05-28T13:24:00.786,,304.0144153000001,-251.83,608,2026-05-28T13:08:30.749,2026-05-28T13:24:00.749,,-0.03714400000171736
304.2668224000008,304.2668224000008,-0.005911484,1412,2026-05-28T13:08:30.998,2026-05-28T13:24:00.998,,304.5146926999987,-252.01,609,2026-05-28T13:08:31.255,2026-05-28T13:24:01.255,,0.247870299997885
304.48195359999954,304.48195359999954,-0.005911484,1413,2026-05-28T13:08:31.222,2026-05-28T13:24:01.222,,304.5146926999987,-252.01,609,2026-05-28T13:08:31.255,2026-05-28T13:24:01.255,,0.032739099999162136
304.69719299999997,304.69719299999997,-0.005911662,1414,2026-05-28T13:08:31.438,2026-05-28T13:24:01.438,,304.5146926999987,-252.01,609,2026-05-28T13:08:31.255,2026-05-28T13:24:01.255,,-0.18250030000126571
304.9123608000009,304.9123608000009,-0.005911589,1415,2026-05-28T13:08:31.653,2026-05-28T13:24:01.653,,305.014543199999,-252.07,610,2026-05-28T13:08:31.749,2026-05-28T13:24:01.749,,0.10218239999812795
305.1274330000015,305.1274330000015,-0.005911662,1416,2026-05-28T13:08:31.866,2026-05-28T13:24:01.866,,305.014543199999,-252.07,610,2026-05-28T13:08:31.749,2026-05-28T13:24:01.749,,-0.11288980000244919
305.3422943000005,305.3422943000005,-0.005911777,1417,2026-05-28T13:08:32.081,2026-05-28T13:24:02.081,,305.5147012999987,-251.93,611,2026-05-28T13:08:32.255,2026-05-28T13:24:02.255,,0.17240699999820208
305.5573446999988,305.5573446999988,-0.00591162,1418,2026-05-28T13:08:32.298,2026-05-28T13:24:02.298,,305.5147012999987,-251.93,611,2026-05-28T13:08:32.255,2026-05-28T13:24:02.255,,-0.04264340000008815
305.77252640000006,305.77252640000006,-0.005911578,1419,2026-05-28T13:08:32.513,2026-05-28T13:24:02.513,,306.0145757999999,-252.28,612,2026-05-28T13:08:32.755,2026-05-28T13:24:02.755,,0.24204939999981434
305.9874674999992,305.9874674999992,-0.005911589,1420,2026-05-28T13:08:32.723,2026-05-28T13:24:02.723,,306.0145757999999,-252.28,612,2026-05-28T13:08:32.755,2026-05-28T13:24:02.755,,0.027108300000691088
306.20240059999924,306.20240059999924,-0.005911589,1421,2026-05-28T13:08:32.939,2026-05-28T13:24:02.939,,306.0145757999999,-252.28,612,2026-05-28T13:08:32.755,2026-05-28T13:24:02.755,,-0.18782479999936186
306.4176630000002,306.4176630000002,-0.005911651,1422,2026-05-28T13:08:33.152,2026-05-28T13:24:03.152,,306.5147982999988,-251.93,613,2026-05-28T13:08:33.255,2026-05-28T13:24:03.255,,0.09713529999862658
306.63264100000015,306.63264100000015,-0.005911599,1423,2026-05-28T13:08:33.373,2026-05-28T13:24:03.373,,306.5147982999988,-251.93,613,2026-05-28T13:08:33.255,2026-05-28T13:24:03.255,,-0.11784270000134711
306.8477091999994,306.8477091999994,-0.005911421,1424,2026-05-28T13:08:33.587,2026-05-28T13:24:03.587,,307.01462009999887,-252.05,614,2026-05-28T13:08:33.755,2026-05-28T13:24:03.755,,0.16691089999949327
307.0627604000001,307.0627604000001,-0.005911316,1425,2026-05-28T13:08:33.804,2026-05-28T13:24:03.804,,307.01462009999887,-252.05,614,2026-05-28T13:08:33.755,2026-05-28T13:24:03.755,,-0.04814030000125058
307.277960899999,307.277960899999,-0.00591139,1426,2026-05-28T13:08:34.019,2026-05-28T13:24:04.019,,307.5145534000003,-252.08,615,2026-05-28T13:08:34.255,2026-05-28T13:24:04.255,,0.2365925000012794
307.4933515999983,307.4933515999983,-0.005911149,1427,2026-05-28T13:08:34.230,2026-05-28T13:24:04.230,,307.5145534000003,-252.08,615,2026-05-28T13:08:34.255,2026-05-28T13:24:04.255,,0.02120180000201799
307.708445100001,307.708445100001,-0.005911107,1428,2026-05-28T13:08:34.449,2026-05-28T13:24:04.449,,307.5145534000003,-252.08,615,2026-05-28T13:08:34.255,2026-05-28T13:24:04.255,,-0.1938917000006768
307.92362960000173,307.92362960000173,-0.005910898,1429,2026-05-28T13:08:34.663,2026-05-28T13:24:04.663,,308.0146687999986,-252.01,616,2026-05-28T13:08:34.755,2026-05-28T13:24:04.755,,0.09103919999688515
308.1385872999999,308.1385872999999,-0.005910678,1430,2026-05-28T13:08:34.874,2026-05-28T13:24:04.874,,308.0146687999986,-252.01,616,2026-05-28T13:08:34.755,2026-05-28T13:24:04.755,,-0.12391850000130944
308.3537897999995,308.3537897999995,-0.005910772,1431,2026-05-28T13:08:35.094,2026-05-28T13:24:05.094,,308.51482150000083,-251.96,617,2026-05-28T13:08:35.256,2026-05-28T13:24:05.256,,0.16103170000133105
308.568783499999,308.568783499999,-0.005910615,1432,2026-05-28T13:08:35.305,2026-05-28T13:24:05.305,,308.51482150000083,-251.96,617,2026-05-28T13:08:35.256,2026-05-28T13:24:05.256,,-0.05396199999813689
308.78402990000177,308.78402990000177,-0.00591072,1433,2026-05-28T13:08:35.525,2026-05-28T13:24:05.525,,309.01449219999995,-252.06,618,2026-05-28T13:08:35.754,2026-05-28T13:24:05.754,,0.23046229999818024
308.99911300000167,308.99911300000167,-0.005910741,1434,2026-05-28T13:08:35.732,2026-05-28T13:24:05.732,,309.01449219999995,-252.06,618,2026-05-28T13:08:35.754,2026-05-28T13:24:05.754,,0.015379199998278636
309.21421069999997,309.21421069999997,-0.005910573,1435,2026-05-28T13:08:35.955,2026-05-28T13:24:05.955,,309.01449219999995,-252.06,618,2026-05-28T13:08:35.754,2026-05-28T13:24:05.754,,-0.19971850000001723
309.4294031999998,309.4294031999998,-0.00591072,1436,2026-05-28T13:08:36.170,2026-05-28T13:24:06.170,,309.51449890000004,-252.06,619,2026-05-28T13:08:36.255,2026-05-28T13:24:06.255,,0.08509570000023814
309.64448360000097,309.64448360000097,-0.005910741,1437,2026-05-28T13:08:36.385,2026-05-28T13:24:06.385,,309.51449890000004,-252.06,619,2026-05-28T13:08:36.255,2026-05-28T13:24:06.255,,-0.1299847000009322
309.85963130000164,309.85963130000164,-0.005910688,1438,2026-05-28T13:08:36.600,2026-05-28T13:24:06.600,,310.0143747000002,-251.91,620,2026-05-28T13:08:36.755,2026-05-28T13:24:06.755,,0.15474339999855147
310.0747110000011,310.0747110000011,-0.005910678,1439,2026-05-28T13:08:36.815,2026-05-28T13:24:06.815,,310.0143747000002,-251.91,620,2026-05-28T13:08:36.755,2026-05-28T13:24:06.755,,-0.06033630000092671
310.2898807999991,310.2898807999991,-0.005910604,1440,2026-05-28T13:08:37.025,2026-05-28T13:24:07.025,,310.5146104000014,-252.25,621,2026-05-28T13:08:37.255,2026-05-28T13:24:07.255,,0.22472960000231978
310.5050904000018,310.5050904000018,-0.005910437,1441,2026-05-28T13:08:37.242,2026-05-28T13:24:07.242,,310.5146104000014,-252.25,621,2026-05-28T13:08:37.255,2026-05-28T13:24:07.255,,0.009519999999611173
310.7202475999984,310.7202475999984,-0.005910479,1442,2026-05-28T13:08:37.451,2026-05-28T13:24:07.451,,310.5146104000014,-252.25,621,2026-05-28T13:08:37.255,2026-05-28T13:24:07.255,,-0.2056371999969997
310.9350881999999,310.9350881999999,-0.00591029,1443,2026-05-28T13:08:37.676,2026-05-28T13:24:07.676,,311.0144422000012,-252.03,622,2026-05-28T13:08:37.746,2026-05-28T13:24:07.746,,0.07935400000133086
311.1502201000003,311.1502201000003,-0.005910615,1444,2026-05-28T13:08:37.890,2026-05-28T13:24:07.890,,311.0144422000012,-252.03,622,2026-05-28T13:08:37.746,2026-05-28T13:24:07.746,,-0.13577789999908418
311.36531670000113,311.36531670000113,-0.005910563,1445,2026-05-28T13:08:38.106,2026-05-28T13:24:08.106,,311.5145174999998,-252.14,623,2026-05-28T13:08:38.254,2026-05-28T13:24:08.254,,0.14920079999865266
311.58047459999943,311.58047459999943,-0.005910479,1446,2026-05-28T13:08:38.316,2026-05-28T13:24:08.316,,311.5145174999998,-252.14,623,2026-05-28T13:08:38.254,2026-05-28T13:24:08.254,,-0.06595709999965038
311.79568970000037,311.79568970000037,-0.005910594,1447,2026-05-28T13:08:38.536,2026-05-28T13:24:08.536,,312.0142474999993,-252.12,624,2026-05-28T13:08:38.755,2026-05-28T13:24:08.755,,0.21855779999896185
312.0106803999988,312.0106803999988,-0.005910563,1448,2026-05-28T13:08:38.751,2026-05-28T13:24:08.751,,312.0142474999993,-252.12,624,2026-05-28T13:08:38.755,2026-05-28T13:24:08.755,,0.0035671000005095266
312.2257743000009,312.2257743000009,-0.005910531,1449,2026-05-28T13:08:38.966,2026-05-28T13:24:08.966,,312.0142474999993,-252.12,624,2026-05-28T13:08:38.755,2026-05-28T13:24:08.755,,-0.21152680000159307
312.4409736999987,312.4409736999987,-0.005910542,1450,2026-05-28T13:08:39.172,2026-05-28T13:24:09.172,,312.5144240000009,-251.96,625,2026-05-28T13:08:39.255,2026-05-28T13:24:09.255,,0.07345030000215047
312.65605009999854,312.65605009999854,-0.005910667,1451,2026-05-28T13:08:39.396,2026-05-28T13:24:09.396,,312.5144240000009,-251.96,625,2026-05-28T13:08:39.255,2026-05-28T13:24:09.255,,-0.14162609999766573
312.87114510000174,312.87114510000174,-0.005910678,1452,2026-05-28T13:08:39.605,2026-05-28T13:24:09.605,,313.01461220000056,-252.2,626,2026-05-28T13:08:39.755,2026-05-28T13:24:09.755,,0.14346709999881568
313.08612070000163,313.08612070000163,-0.0059105,1453,2026-05-28T13:08:39.826,2026-05-28T13:24:09.826,,313.01461220000056,-252.2,626,2026-05-28T13:08:39.755,2026-05-28T13:24:09.755,,-0.07150850000107312
313.30120819999865,313.30120819999865,-0.005910531,1454,2026-05-28T13:08:40.041,2026-05-28T13:24:10.041,,313.51429110000026,-252.11,627,2026-05-28T13:08:40.255,2026-05-28T13:24:10.255,,0.21308290000160923
313.51626970000143,313.51626970000143,-0.005910573,1455,2026-05-28T13:08:40.257,2026-05-28T13:24:10.257,,313.51429110000026,-252.11,627,2026-05-28T13:08:40.255,2026-05-28T13:24:10.255,,-0.001978600001166342
313.7311434000003,313.7311434000003,-0.005910458,1456,2026-05-28T13:08:40.472,2026-05-28T13:24:10.472,,313.51429110000026,-252.11,627,2026-05-28T13:08:40.255,2026-05-28T13:24:10.255,,-0.21685230000002775
313.9476132000018,313.9476132000018,-0.005910625,1457,2026-05-28T13:08:40.688,2026-05-28T13:24:10.688,,314.01461109999946,-252.09,628,2026-05-28T13:08:40.755,2026-05-28T13:24:10.755,,0.06699789999765926
314.1626834000017,314.1626834000017,-0.00591073,1458,2026-05-28T13:08:40.903,2026-05-28T13:24:10.903,,314.01461109999946,-252.09,628,2026-05-28T13:08:40.755,2026-05-28T13:24:10.755,,-0.1480723000022408
314.377947500001,314.377947500001,-0.005910207,1459,2026-05-28T13:08:41.118,2026-05-28T13:24:11.118,,314.51449950000097,-252.24,629,2026-05-28T13:08:41.255,2026-05-28T13:24:11.255,,0.13655199999993783
314.5930453000001,314.5930453000001,-0.005910385,1460,2026-05-28T13:08:41.334,2026-05-28T13:24:11.334,,314.51449950000097,-252.24,629,2026-05-28T13:08:41.255,2026-05-28T13:24:11.255,,-0.07854579999911948
314.80808460000117,314.80808460000117,-0.005910426,1461,2026-05-28T13:08:41.542,2026-05-28T13:24:11.542,,315.0142814999999,-252.08,630,2026-05-28T13:08:41.755,2026-05-28T13:24:11.755,,0.20619689999875845
315.02317739999853,315.02317739999853,-0.005910531,1462,2026-05-28T13:08:41.764,2026-05-28T13:24:11.764,,315.0142814999999,-252.08,630,2026-05-28T13:08:41.755,2026-05-28T13:24:11.755,,-0.008895899998606183
315.2381342000008,315.2381342000008,-0.005910468,1463,2026-05-28T13:08:41.972,2026-05-28T13:24:11.972,,315.0142814999999,-252.08,630,2026-05-28T13:08:41.755,2026-05-28T13:24:11.755,,-0.22385270000086166
315.4533096999985,315.4533096999985,-0.005910353,1464,2026-05-28T13:08:42.193,2026-05-28T13:24:12.193,,315.51457239999945,-252.16,631,2026-05-28T13:08:42.252,2026-05-28T13:24:12.252,,0.061262700000952464
315.66832910000085,315.66832910000085,-0.005910573,1465,2026-05-28T13:08:42.409,2026-05-28T13:24:12.409,,315.51457239999945,-252.16,631,2026-05-28T13:08:42.252,2026-05-28T13:24:12.252,,-0.15375670000139507
315.8834620999987,315.8834620999987,-0.005910479,1466,2026-05-28T13:08:42.624,2026-05-28T13:24:12.624,,316.0142586000002,-252.24,632,2026-05-28T13:08:42.752,2026-05-28T13:24:12.752,,0.13079650000145193
316.09893720000036,316.09893720000036,-0.005910479,1467,2026-05-28T13:08:42.836,2026-05-28T13:24:12.836,,316.0142586000002,-252.24,632,2026-05-28T13:08:42.752,2026-05-28T13:24:12.752,,-0.08467860000018845
316.3139779999983,316.3139779999983,-0.005910447,1468,2026-05-28T13:08:43.053,2026-05-28T13:24:13.053,,316.51458099999945,-252.16,633,2026-05-28T13:08:43.255,2026-05-28T13:24:13.255,,0.20060300000113784
316.52926429999934,316.52926429999934,-0.005910542,1469,2026-05-28T13:08:43.270,2026-05-28T13:24:13.270,,316.51458099999945,-252.16,633,2026-05-28T13:08:43.255,2026-05-28T13:24:13.255,,-0.014683299999887822
316.7442125000016,316.7442125000016,-0.0059105,1470,2026-05-28T13:08:43.484,2026-05-28T13:24:13.484,,316.51458099999945,-252.16,633,2026-05-28T13:08:43.255,2026-05-28T13:24:13.255,,-0.22963150000214227
316.9593397999997,316.9593397999997,-0.005910563,1471,2026-05-28T13:08:43.700,2026-05-28T13:24:13.700,,317.01471870000023,-252.3,634,2026-05-28T13:08:43.755,2026-05-28T13:24:13.755,,0.05537890000050538
317.1743846999998,317.1743846999998,-0.005910311,1472,2026-05-28T13:08:43.912,2026-05-28T13:24:13.912,,317.01471870000023,-252.3,634,2026-05-28T13:08:43.755,2026-05-28T13:24:13.755,,-0.15966599999956088
317.38940899999943,317.38940899999943,-0.005910332,1473,2026-05-28T13:08:44.128,2026-05-28T13:24:14.128,,317.5148642999993,-252.15,635,2026-05-28T13:08:44.255,2026-05-28T13:24:14.255,,0.12545529999988503
317.60450950000086,317.60450950000086,-0.005910364,1474,2026-05-28T13:08:44.345,2026-05-28T13:24:14.345,,317.5148642999993,-252.15,635,2026-05-28T13:08:44.255,2026-05-28T13:24:14.255,,-0.08964520000154153
317.8196054,317.8196054,-0.005910196,1475,2026-05-28T13:08:44.560,2026-05-28T13:24:14.560,,318.01440640000146,-252.15,636,2026-05-28T13:08:44.752,2026-05-28T13:24:14.752,,0.19480100000146194
318.0347809999985,318.0347809999985,-0.005910489,1476,2026-05-28T13:08:44.772,2026-05-28T13:24:14.772,,318.01440640000146,-252.15,636,2026-05-28T13:08:44.752,2026-05-28T13:24:14.752,,-0.02037459999701241
318.2499217000004,318.2499217000004,-0.005910636,1477,2026-05-28T13:08:44.984,2026-05-28T13:24:14.984,,318.01440640000146,-252.15,636,2026-05-28T13:08:44.752,2026-05-28T13:24:14.752,,-0.23551529999895138
318.46498559999964,318.46498559999964,-0.005910343,1478,2026-05-28T13:08:45.206,2026-05-28T13:24:15.206,,318.5144942000006,-252.24,637,2026-05-28T13:08:45.249,2026-05-28T13:24:15.249,,0.049508600000990555
318.67995080000037,318.67995080000037,-0.005910364,1479,2026-05-28T13:08:45.420,2026-05-28T13:24:15.420,,318.5144942000006,-252.24,637,2026-05-28T13:08:45.249,2026-05-28T13:24:15.249,,-0.16545659999974305
318.8954432999999,318.8954432999999,-0.005910343,1480,2026-05-28T13:08:45.626,2026-05-28T13:24:15.626,,319.01473460000125,-251.96,638,2026-05-28T13:08:45.750,2026-05-28T13:24:15.750,,0.11929130000135046
319.1105208000008,319.1105208000008,-0.005910521,1481,2026-05-28T13:08:45.846,2026-05-28T13:24:15.846,,319.01473460000125,-251.96,638,2026-05-28T13:08:45.750,2026-05-28T13:24:15.750,,-0.09578619999956572
319.32576939999853,319.32576939999853,-0.005910468,1482,2026-05-28T13:08:46.063,2026-05-28T13:24:16.063,,319.51454119999835,-252.17,639,2026-05-28T13:08:46.255,2026-05-28T13:24:16.255,,0.18877179999981308
319.5408239999997,319.5408239999997,-0.005910416,1483,2026-05-28T13:08:46.274,2026-05-28T13:24:16.274,,319.51454119999835,-252.17,639,2026-05-28T13:08:46.255,2026-05-28T13:24:16.255,,-0.02628280000135419
319.75595460000113,319.75595460000113,-0.005910269,1484,2026-05-28T13:08:46.494,2026-05-28T13:24:16.494,,319.51454119999835,-252.17,639,2026-05-28T13:08:46.255,2026-05-28T13:24:16.255,,-0.24141340000278433
319.97109289999935,319.97109289999935,-0.005910343,1485,2026-05-28T13:08:46.708,2026-05-28T13:24:16.708,,320.0144215,-251.94,640,2026-05-28T13:08:46.755,2026-05-28T13:24:16.755,,0.0433286000006774
320.1862957000012,320.1862957000012,-0.00591028,1486,2026-05-28T13:08:46.926,2026-05-28T13:24:16.926,,320.0144215,-251.94,640,2026-05-28T13:08:46.755,2026-05-28T13:24:16.755,,-0.17187420000118436
320.4012913000006,320.4012913000006,-0.005910123,1487,2026-05-28T13:08:47.133,2026-05-28T13:24:17.133,,320.51466549999896,-252.13,641,2026-05-28T13:08:47.251,2026-05-28T13:24:17.251,,0.11337419999836129
320.6164925000012,320.6164925000012,-0.005910269,1488,2026-05-28T13:08:47.351,2026-05-28T13:24:17.351,,320.51466549999896,-252.13,641,2026-05-28T13:08:47.251,2026-05-28T13:24:17.251,,-0.10182700000223122
320.83159629999864,320.83159629999864,-0.005910039,1489,2026-05-28T13:08:47.570,2026-05-28T13:24:17.570,,321.01451440000164,-252.09,642,2026-05-28T13:08:47.748,2026-05-28T13:24:17.748,,0.18291810000300757
321.0466873000005,321.0466873000005,-0.005909913,1490,2026-05-28T13:08:47.779,2026-05-28T13:24:17.779,,321.01451440000164,-252.09,642,2026-05-28T13:08:47.748,2026-05-28T13:24:17.748,,-0.032172899998840876
321.2617882000013,321.2617882000013,-0.005909767,1491,2026-05-28T13:08:47.994,2026-05-28T13:24:17.994,,321.01451440000164,-252.09,642,2026-05-28T13:08:47.748,2026-05-28T13:24:17.748,,-0.24727379999967525
321.47685170000113,321.47685170000113,-0.00590983,1492,2026-05-28T13:08:48.218,2026-05-28T13:24:18.218,,321.51454379999996,-252.15,643,2026-05-28T13:08:48.255,2026-05-28T13:24:18.255,,0.037692099998821504
321.69206589999885,321.69206589999885,-0.005909934,1493,2026-05-28T13:08:48.428,2026-05-28T13:24:18.428,,321.51454379999996,-252.15,643,2026-05-28T13:08:48.255,2026-05-28T13:24:18.255,,-0.177522099998896
321.90713809999943,321.90713809999943,-0.005909976,1494,2026-05-28T13:08:48.646,2026-05-28T13:24:18.646,,322.01453780000156,-252.27,644,2026-05-28T13:08:48.746,2026-05-28T13:24:18.746,,0.10739970000213361
322.12243279999893,322.12243279999893,-0.005909882,1495,2026-05-28T13:08:48.860,2026-05-28T13:24:18.860,,322.01453780000156,-252.27,644,2026-05-28T13:08:48.746,2026-05-28T13:24:18.746,,-0.10789499999737018
322.3373649999994,322.3373649999994,-0.005909851,1496,2026-05-28T13:08:49.076,2026-05-28T13:24:19.076,,322.51445819999935,-252.05,645,2026-05-28T13:08:49.249,2026-05-28T13:24:19.249,,0.17709319999994477
322.55249099999855,322.55249099999855,-0.005909892,1497,2026-05-28T13:08:49.289,2026-05-28T13:24:19.289,,322.51445819999935,-252.05,645,2026-05-28T13:08:49.249,2026-05-28T13:24:19.249,,-0.038032799999200506
322.767726099999,322.767726099999,-0.005910154,1498,2026-05-28T13:08:49.505,2026-05-28T13:24:19.505,,323.01437989999977,-252.24,646,2026-05-28T13:08:49.755,2026-05-28T13:24:19.755,,0.24665380000078585
322.98294309999983,322.98294309999983,-0.00591005,1499,2026-05-28T13:08:49.723,2026-05-28T13:24:19.723,,323.01437989999977,-252.24,646,2026-05-28T13:08:49.755,2026-05-28T13:24:19.755,,0.03143679999993765
323.19806439999957,323.19806439999957,-0.005909924,1500,2026-05-28T13:08:49.929,2026-05-28T13:24:19.929,,323.01437989999977,-252.24,646,2026-05-28T13:08:49.755,2026-05-28T13:24:19.755,,-0.1836844999997993
323.4131830000006,323.4131830000006,-0.005909934,1501,2026-05-28T13:08:50.150,2026-05-28T13:24:20.150,,323.5143290999986,-252.1,647,2026-05-28T13:08:50.255,2026-05-28T13:24:20.255,,0.1011460999980045
323.6283427999988,323.6283427999988,-0.005909955,1502,2026-05-28T13:08:50.367,2026-05-28T13:24:20.367,,323.5143290999986,-252.1,647,2026-05-28T13:08:50.255,2026-05-28T13:24:20.255,,-0.11401370000021416
323.84341349999886,323.84341349999886,-0.00590984,1503,2026-05-28T13:08:50.577,2026-05-28T13:24:20.577,,324.0147469000003,-252.22,648,2026-05-28T13:08:50.753,2026-05-28T13:24:20.753,,0.17133340000145836
324.0585221000001,324.0585221000001,-0.00590984,1504,2026-05-28T13:08:50.793,2026-05-28T13:24:20.793,,324.0147469000003,-252.22,648,2026-05-28T13:08:50.753,2026-05-28T13:24:20.753,,-0.04377519999979995
324.27354360000027,324.27354360000027,-0.00590983,1505,2026-05-28T13:08:51.009,2026-05-28T13:24:21.009,,324.51441369999884,-252.17,649,2026-05-28T13:08:51.255,2026-05-28T13:24:21.255,,0.240870099998574
324.4886660999982,324.4886660999982,-0.005909599,1506,2026-05-28T13:08:51.222,2026-05-28T13:24:21.222,,324.51441369999884,-252.17,649,2026-05-28T13:08:51.255,2026-05-28T13:24:21.255,,0.025747600000613602
324.703749100001,324.703749100001,-0.005909746,1507,2026-05-28T13:08:51.440,2026-05-28T13:24:21.440,,324.51441369999884,-252.17,649,2026-05-28T13:08:51.255,2026-05-28T13:24:21.255,,-0.18933540000216453
324.91897450000033,324.91897450000033,-0.005909631,1508,2026-05-28T13:08:51.660,2026-05-28T13:24:21.660,,325.0145655000015,-252.05,650,2026-05-28T13:08:51.754,2026-05-28T13:24:21.754,,0.09559100000114995
325.13391950000005,325.13391950000005,-0.005909662,1509,2026-05-28T13:08:51.875,2026-05-28T13:24:21.875,,325.0145655000015,-252.05,650,2026-05-28T13:08:51.754,2026-05-28T13:24:21.754,,-0.119353999998566
325.34907290000046,325.34907290000046,-0.005909453,1510,2026-05-28T13:08:52.090,2026-05-28T13:24:22.090,,325.5146246000004,-252.15,651,2026-05-28T13:08:52.253,2026-05-28T13:24:22.253,,0.16555169999992358
325.5643909999999,325.5643909999999,-0.005909516,1511,2026-05-28T13:08:52.303,2026-05-28T13:24:22.303,,325.5146246000004,-252.15,651,2026-05-28T13:08:52.253,2026-05-28T13:24:22.253,,-0.04976639999949839
325.77947660000063,325.77947660000063,-0.005909369,1512,2026-05-28T13:08:52.520,2026-05-28T13:24:22.520,,326.0148092999989,-252.13,652,2026-05-28T13:08:52.755,2026-05-28T13:24:22.755,,0.2353326999982528
325.99459260000003,325.99459260000003,-0.005909285,1513,2026-05-28T13:08:52.730,2026-05-28T13:24:22.730,,326.0148092999989,-252.13,652,2026-05-28T13:08:52.755,2026-05-28T13:24:22.755,,0.020216699998854892
326.2096710000005,326.2096710000005,-0.005909118,1514,2026-05-28T13:08:52.946,2026-05-28T13:24:22.946,,326.0148092999989,-252.13,652,2026-05-28T13:08:52.755,2026-05-28T13:24:22.755,,-0.19486170000163838
326.42486310000095,326.42486310000095,-0.005909233,1515,2026-05-28T13:08:53.160,2026-05-28T13:24:23.160,,326.5147641000003,-252.06,653,2026-05-28T13:08:53.253,2026-05-28T13:24:23.253,,0.08990099999937229
326.63992869999856,326.63992869999856,-0.005909359,1516,2026-05-28T13:08:53.378,2026-05-28T13:24:23.378,,326.5147641000003,-252.06,653,2026-05-28T13:08:53.253,2026-05-28T13:24:23.253,,-0.12516459999824292
326.85504299999957,326.85504299999957,-0.005909275,1517,2026-05-28T13:08:53.593,2026-05-28T13:24:23.593,,327.0144087000008,-252.13,654,2026-05-28T13:08:53.755,2026-05-28T13:24:23.755,,0.1593657000012172
327.0701192000015,327.0701192000015,-0.005909097,1518,2026-05-28T13:08:53.811,2026-05-28T13:24:23.811,,327.0144087000008,-252.13,654,2026-05-28T13:08:53.755,2026-05-28T13:24:23.755,,-0.05571050000071409
327.2852705000005,327.2852705000005,-0.00590916,1519,2026-05-28T13:08:54.022,2026-05-28T13:24:24.022,,327.5148053999983,-252.01,655,2026-05-28T13:08:54.255,2026-05-28T13:24:24.255,,0.22953489999781596
327.50030680000054,327.50030680000054,-0.005909181,1520,2026-05-28T13:08:54.241,2026-05-28T13:24:24.241,,327.5148053999983,-252.01,655,2026-05-28T13:08:54.255,2026-05-28T13:24:24.255,,0.014498599997750716
327.7156290999992,327.7156290999992,-0.005909243,1521,2026-05-28T13:08:54.447,2026-05-28T13:24:24.447,,327.5148053999983,-252.01,655,2026-05-28T13:08:54.255,2026-05-28T13:24:24.255,,-0.20082370000091032
327.93078089999835,327.93078089999835,-0.005909044,1522,2026-05-28T13:08:54.666,2026-05-28T13:24:24.666,,328.0146453999987,-252.21,656,2026-05-28T13:08:54.755,2026-05-28T13:24:24.755,,0.08386450000034529
328.1459482999999,328.1459482999999,-0.005909076,1523,2026-05-28T13:08:54.886,2026-05-28T13:24:24.886,,328.0146453999987,-252.21,656,2026-05-28T13:08:54.755,2026-05-28T13:24:24.755,,-0.13130290000117384
328.3615701000017,328.3615701000017,-0.00590916,1524,2026-05-28T13:08:55.102,2026-05-28T13:24:25.102,,328.51439590000155,-252.1,657,2026-05-28T13:08:55.253,2026-05-28T13:24:25.253,,0.1528257999998459
328.576774000001,328.576774000001,-0.005909055,1525,2026-05-28T13:08:55.313,2026-05-28T13:24:25.313,,328.51439590000155,-252.1,657,2026-05-28T13:08:55.253,2026-05-28T13:24:25.253,,-0.062378099999477854
328.7919221000011,328.7919221000011,-0.005909317,1526,2026-05-28T13:08:55.532,2026-05-28T13:24:25.532,,329.01481200000126,-252.15,658,2026-05-28T13:08:55.755,2026-05-28T13:24:25.755,,0.22288990000015474
329.0069175999997,329.0069175999997,-0.005909044,1527,2026-05-28T13:08:55.747,2026-05-28T13:24:25.747,,329.01481200000126,-252.15,658,2026-05-28T13:08:55.755,2026-05-28T13:24:25.755,,0.007894400001532631
329.2220269999998,329.2220269999998,-0.005909065,1528,2026-05-28T13:08:55.963,2026-05-28T13:24:25.963,,329.01481200000126,-252.15,658,2026-05-28T13:08:55.755,2026-05-28T13:24:25.755,,-0.20721499999854132
329.4371352999988,329.4371352999988,-0.005909201,1529,2026-05-28T13:08:56.174,2026-05-28T13:24:26.174,,329.51472999999896,-252.27,659,2026-05-28T13:08:56.253,2026-05-28T13:24:26.253,,0.07759470000019064
329.65228370000114,329.65228370000114,-0.005909264,1530,2026-05-28T13:08:56.388,2026-05-28T13:24:26.388,,329.51472999999896,-252.27,659,2026-05-28T13:08:56.253,2026-05-28T13:24:26.253,,-0.13755370000217226
329.8674780000001,329.8674780000001,-0.005909118,1531,2026-05-28T13:08:56.601,2026-05-28T13:24:26.601,,330.0148145999992,-252.06,660,2026-05-28T13:08:56.751,2026-05-28T13:24:26.751,,0.14733659999910742
330.08255890000146,330.08255890000146,-0.005909149,1532,2026-05-28T13:08:56.817,2026-05-28T13:24:26.817,,330.0148145999992,-252.06,660,2026-05-28T13:08:56.751,2026-05-28T13:24:26.751,,-0.0677443000022322
330.2976802000012,330.2976802000012,-0.005909034,1533,2026-05-28T13:08:57.036,2026-05-28T13:24:27.036,,330.5141868999999,-252.21,661,2026-05-28T13:08:57.247,2026-05-28T13:24:27.247,,0.21650669999871752
330.51292639999883,330.51292639999883,-0.005909118,1534,2026-05-28T13:08:57.247,2026-05-28T13:24:27.247,,330.5141868999999,-252.21,661,2026-05-28T13:08:57.247,2026-05-28T13:24:27.247,,0.0012605000010807998
330.72796240000025,330.72796240000025,-0.005909003,1535,2026-05-28T13:08:57.467,2026-05-28T13:24:27.467,,330.5141868999999,-252.21,661,2026-05-28T13:08:57.247,2026-05-28T13:24:27.247,,-0.21377550000033807
330.9430364,330.9430364,-0.00590917,1536,2026-05-28T13:08:57.684,2026-05-28T13:24:27.684,,331.01463109999895,-252.19,662,2026-05-28T13:08:57.748,2026-05-28T13:24:27.748,,0.07159469999896828
331.15825570000015,331.15825570000015,-0.005908982,1537,2026-05-28T13:08:57.890,2026-05-28T13:24:27.890,,331.01463109999895,-252.19,662,2026-05-28T13:08:57.748,2026-05-28T13:24:27.748,,-0.14362460000120336
331.37330569999904,331.37330569999904,-0.005908814,1538,2026-05-28T13:08:58.110,2026-05-28T13:24:28.110,,331.51475740000024,-252.12,663,2026-05-28T13:08:58.247,2026-05-28T13:24:28.247,,0.14145170000119833
331.58845270000165,331.58845270000165,-0.005909034,1539,2026-05-28T13:08:58.327,2026-05-28T13:24:28.327,,331.51475740000024,-252.12,663,2026-05-28T13:08:58.247,2026-05-28T13:24:28.247,,-0.07369530000141822
331.8035122000001,331.8035122000001,-0.005909233,1540,2026-05-28T13:08:58.536,2026-05-28T13:24:28.536,,332.0144349000002,-252.21,664,2026-05-28T13:08:58.755,2026-05-28T13:24:28.755,,0.21092270000008284
332.01860939999824,332.01860939999824,-0.005909128,1541,2026-05-28T13:08:58.756,2026-05-28T13:24:28.756,,332.0144349000002,-252.21,664,2026-05-28T13:08:58.755,2026-05-28T13:24:28.755,,-0.004174499998043757
332.23363210000025,332.23363210000025,-0.005909139,1542,2026-05-28T13:08:58.974,2026-05-28T13:24:28.974,,332.0144349000002,-252.21,664,2026-05-28T13:08:58.755,2026-05-28T13:24:28.755,,-0.21919720000005327
332.4486341000011,332.4486341000011,-0.005909076,1543,2026-05-28T13:08:59.189,2026-05-28T13:24:29.189,,332.51432600000044,-252.11,665,2026-05-28T13:08:59.255,2026-05-28T13:24:29.255,,0.06569189999936498
332.66384599999947,332.66384599999947,-0.005908992,1544,2026-05-28T13:08:59.403,2026-05-28T13:24:29.403,,332.51432600000044,-252.11,665,2026-05-28T13:08:59.255,2026-05-28T13:24:29.255,,-0.1495199999990291
332.87889709999945,332.87889709999945,-0.005909118,1545,2026-05-28T13:08:59.619,2026-05-28T13:24:29.619,,333.01467160000175,-252.19,666,2026-05-28T13:08:59.755,2026-05-28T13:24:29.755,,0.13577450000229874
333.09409629999936,333.09409629999936,-0.005909181,1546,2026-05-28T13:08:59.826,2026-05-28T13:24:29.826,,333.01467160000175,-252.19,666,2026-05-28T13:08:59.755,2026-05-28T13:24:29.755,,-0.0794246999976167
333.30919079999876,333.30919079999876,-0.005909023,1547,2026-05-28T13:09:00.048,2026-05-28T13:24:30.048,,333.5145573000009,-252.26,667,2026-05-28T13:09:00.255,2026-05-28T13:24:30.255,,0.2053665000021283
333.5242655000002,333.5242655000002,-0.005908982,1548,2026-05-28T13:09:00.264,2026-05-28T13:24:30.264,,333.5145573000009,-252.26,667,2026-05-28T13:09:00.255,2026-05-28T13:24:30.255,,-0.009708199999295175
333.73912859999837,333.73912859999837,-0.005909034,1549,2026-05-28T13:09:00.474,2026-05-28T13:24:30.474,,333.5145573000009,-252.26,667,2026-05-28T13:09:00.255,2026-05-28T13:24:30.255,,-0.2245712999974785
333.95442230000117,333.95442230000117,-0.005909181,1550,2026-05-28T13:09:00.694,2026-05-28T13:24:30.694,,334.01437179999994,-252.16,668,2026-05-28T13:09:00.755,2026-05-28T13:24:30.755,,0.05994949999876553
334.1693550000018,334.1693550000018,-0.005908971,1551,2026-05-28T13:09:00.906,2026-05-28T13:24:30.906,,334.01437179999994,-252.16,668,2026-05-28T13:09:00.755,2026-05-28T13:24:30.755,,-0.1549832000018796
334.3844840999991,334.3844840999991,-0.005909023,1552,2026-05-28T13:09:01.124,2026-05-28T13:24:31.124,,334.5147386999997,-252.27,669,2026-05-28T13:09:01.256,2026-05-28T13:24:31.256,,0.13025460000062594
334.5995589999984,334.5995589999984,-0.005909264,1553,2026-05-28T13:09:01.340,2026-05-28T13:24:31.340,,334.5147386999997,-252.27,669,2026-05-28T13:09:01.256,2026-05-28T13:24:31.256,,-0.08482029999868246
334.8146634000004,334.8146634000004,-0.005909107,1554,2026-05-28T13:09:01.555,2026-05-28T13:24:31.555,,335.0146621999993,-252.18,670,2026-05-28T13:09:01.756,2026-05-28T13:24:31.756,,0.19999879999886616
335.0298468000001,335.0298468000001,-0.005909181,1555,2026-05-28T13:09:01.766,2026-05-28T13:24:31.766,,335.0146621999993,-252.18,670,2026-05-28T13:09:01.756,2026-05-28T13:24:31.756,,-0.01518460000079358
335.2448654,335.2448654,-0.005908971,1556,2026-05-28T13:09:01.984,2026-05-28T13:24:31.984,,335.0146621999993,-252.18,670,2026-05-28T13:09:01.756,2026-05-28T13:24:31.756,,-0.2302032000006875
335.4600094000016,335.4600094000016,-0.00590894,1557,2026-05-28T13:09:02.198,2026-05-28T13:24:32.198,,335.5143591999986,-252.2,671,2026-05-28T13:09:02.255,2026-05-28T13:24:32.255,,0.05434979999699863
335.6749044999997,335.6749044999997,-0.005908846,1558,2026-05-28T13:09:02.416,2026-05-28T13:24:32.416,,335.5143591999986,-252.2,671,2026-05-28T13:09:02.255,2026-05-28T13:24:32.255,,-0.1605453000011039
335.8901540000006,335.8901540000006,-0.00590873,1559,2026-05-28T13:09:02.622,2026-05-28T13:24:32.622,,336.01451440000164,-252.24,672,2026-05-28T13:09:02.755,2026-05-28T13:24:32.755,,0.12436040000102366
336.10523269999976,336.10523269999976,-0.005908804,1560,2026-05-28T13:09:02.839,2026-05-28T13:24:32.839,,336.01451440000164,-252.24,672,2026-05-28T13:09:02.755,2026-05-28T13:24:32.755,,-0.09071829999811598
336.3203165999985,336.3203165999985,-0.005908699,1561,2026-05-28T13:09:03.056,2026-05-28T13:24:33.056,,336.5146934000004,-252.19,673,2026-05-28T13:09:03.255,2026-05-28T13:24:33.255,,0.19437680000191904
336.5352313000003,336.5352313000003,-0.005908594,1562,2026-05-28T13:09:03.272,2026-05-28T13:24:33.272,,336.5146934000004,-252.19,673,2026-05-28T13:09:03.255,2026-05-28T13:24:33.255,,-0.020537899999908404
336.7505831000017,336.7505831000017,-0.005908657,1563,2026-05-28T13:09:03.489,2026-05-28T13:24:33.489,,336.5146934000004,-252.19,673,2026-05-28T13:09:03.255,2026-05-28T13:24:33.255,,-0.2358897000012803
336.96537499999977,336.96537499999977,-0.005908919,1564,2026-05-28T13:09:03.706,2026-05-28T13:24:33.706,,337.01452960000097,-252.17,674,2026-05-28T13:09:03.755,2026-05-28T13:24:33.755,,0.0491546000012022
337.1803096000003,337.1803096000003,-0.005908741,1565,2026-05-28T13:09:03.915,2026-05-28T13:24:33.915,,337.01452960000097,-252.17,674,2026-05-28T13:09:03.755,2026-05-28T13:24:33.755,,-0.16577999999935855
337.39519519999885,337.39519519999885,-0.005908846,1566,2026-05-28T13:09:04.136,2026-05-28T13:24:34.136,,337.5147548999994,-252.15,675,2026-05-28T13:09:04.256,2026-05-28T13:24:34.256,,0.1195597000005364
337.6102580000006,337.6102580000006,-0.005908856,1567,2026-05-28T13:09:04.348,2026-05-28T13:24:34.348,,337.5147548999994,-252.15,675,2026-05-28T13:09:04.256,2026-05-28T13:24:34.256,,-0.09550310000122408
337.8251917999987,337.8251917999987,-0.005908835,1568,2026-05-28T13:09:04.565,2026-05-28T13:24:34.565,,338.01456029999827,-252.13,676,2026-05-28T13:09:04.755,2026-05-28T13:24:34.755,,0.18936849999954575
338.0402566999983,338.0402566999983,-0.005908919,1569,2026-05-28T13:09:04.772,2026-05-28T13:24:34.772,,338.01456029999827,-252.13,676,2026-05-28T13:09:04.755,2026-05-28T13:24:34.755,,-0.025696400000015274
338.25519839999833,338.25519839999833,-0.005908919,1570,2026-05-28T13:09:04.989,2026-05-28T13:24:34.989,,338.01456029999827,-252.13,676,2026-05-28T13:09:04.755,2026-05-28T13:24:34.755,,-0.24063810000006924
338.47037790000104,338.47037790000104,-0.005908741,1571,2026-05-28T13:09:05.206,2026-05-28T13:24:35.206,,338.5145440999986,-252.15,677,2026-05-28T13:09:05.255,2026-05-28T13:24:35.255,,0.04416619999756222
338.6855680000008,338.6855680000008,-0.005908908,1572,2026-05-28T13:09:05.422,2026-05-28T13:24:35.422,,338.5145440999986,-252.15,677,2026-05-28T13:09:05.255,2026-05-28T13:24:35.255,,-0.17102390000218293
338.9007356000002,338.9007356000002,-0.005908929,1573,2026-05-28T13:09:05.639,2026-05-28T13:24:35.639,,339.0146902999986,-252.18,678,2026-05-28T13:09:05.756,2026-05-28T13:24:35.756,,0.11395469999843044
339.1157654999988,339.1157654999988,-0.005908835,1574,2026-05-28T13:09:05.856,2026-05-28T13:24:35.856,,339.0146902999986,-252.18,678,2026-05-28T13:09:05.756,2026-05-28T13:24:35.756,,-0.10107520000019576
339.3309217999995,339.3309217999995,-0.005908804,1575,2026-05-28T13:09:06.072,2026-05-28T13:24:36.072,,339.5144317000013,-252.16,679,2026-05-28T13:09:06.255,2026-05-28T13:24:36.255,,0.183509900001809
339.54644389999885,339.54644389999885,-0.005908783,1576,2026-05-28T13:09:06.282,2026-05-28T13:24:36.282,,339.5144317000013,-252.16,679,2026-05-28T13:09:06.255,2026-05-28T13:24:36.255,,-0.03201219999755267
339.761473999999,339.761473999999,-0.005908688,1577,2026-05-28T13:09:06.502,2026-05-28T13:24:36.502,,339.5144317000013,-252.16,679,2026-05-28T13:09:06.255,2026-05-28T13:24:36.255,,-0.24704229999770178
339.9765808999982,339.9765808999982,-0.005908584,1578,2026-05-28T13:09:06.715,2026-05-28T13:24:36.715,,340.0145139999986,-252.21,680,2026-05-28T13:09:06.755,2026-05-28T13:24:36.755,,0.03793310000037309
340.1917337999985,340.1917337999985,-0.005908751,1579,2026-05-28T13:09:06.932,2026-05-28T13:24:36.932,,340.0145139999986,-252.21,680,2026-05-28T13:09:06.755,2026-05-28T13:24:36.755,,-0.17721979999987525
340.4068722999982,340.4068722999982,-0.005908521,1580,2026-05-28T13:09:07.139,2026-05-28T13:24:37.139,,340.51460399999996,-252.13,681,2026-05-28T13:09:07.255,2026-05-28T13:24:37.255,,0.10773170000175014
340.6219237000005,340.6219237000005,-0.005908542,1581,2026-05-28T13:09:07.355,2026-05-28T13:24:37.355,,340.51460399999996,-252.13,681,2026-05-28T13:09:07.255,2026-05-28T13:24:37.255,,-0.1073197000005166
340.83687049999935,340.83687049999935,-0.005908448,1582,2026-05-28T13:09:07.572,2026-05-28T13:24:37.572,,341.0143022000011,-252.2,682,2026-05-28T13:09:07.755,2026-05-28T13:24:37.755,,0.17743170000176178
341.05200400000103,341.05200400000103,-0.005908353,1583,2026-05-28T13:09:07.792,2026-05-28T13:24:37.792,,341.0143022000011,-252.2,682,2026-05-28T13:09:07.755,2026-05-28T13:24:37.755,,-0.037701799999922514
341.26709499999924,341.26709499999924,-0.00590849,1584,2026-05-28T13:09:08.007,2026-05-28T13:24:38.007,,341.5146797000016,-252.29,683,2026-05-28T13:09:08.255,2026-05-28T13:24:38.255,,0.247584700002335
341.4821441999993,341.4821441999993,-0.005908291,1585,2026-05-28T13:09:08.223,2026-05-28T13:24:38.223,,341.5146797000016,-252.29,683,2026-05-28T13:09:08.255,2026-05-28T13:24:38.255,,0.032535500002268236
341.6974045999996,341.6974045999996,-0.005908312,1586,2026-05-28T13:09:08.432,2026-05-28T13:24:38.432,,341.5146797000016,-252.29,683,2026-05-28T13:09:08.255,2026-05-28T13:24:38.255,,-0.1827248999979929
341.9126772999989,341.9126772999989,-0.005908259,1587,2026-05-28T13:09:08.648,2026-05-28T13:24:38.648,,342.01454459999877,-252.18,684,2026-05-28T13:09:08.755,2026-05-28T13:24:38.755,,0.1018672999998671
342.1276097000009,342.1276097000009,-0.005908092,1588,2026-05-28T13:09:08.865,2026-05-28T13:24:38.865,,342.01454459999877,-252.18,684,2026-05-28T13:09:08.755,2026-05-28T13:24:38.755,,-0.11306510000213166
342.3430627000016,342.3430627000016,-0.005908092,1589,2026-05-28T13:09:09.081,2026-05-28T13:24:39.081,,342.51466530000107,-252.28,685,2026-05-28T13:09:09.256,2026-05-28T13:24:39.256,,0.17160259999945993
342.5580574000014,342.5580574000014,-0.005908312,1590,2026-05-28T13:09:09.299,2026-05-28T13:24:39.299,,342.51466530000107,-252.28,685,2026-05-28T13:09:09.256,2026-05-28T13:24:39.256,,-0.043392100000346545
342.773019799999,342.773019799999,-0.005908123,1591,2026-05-28T13:09:09.514,2026-05-28T13:24:39.514,,343.01431969999976,-252.23,686,2026-05-28T13:09:09.755,2026-05-28T13:24:39.755,,0.2412999000007403
342.98809600000095,342.98809600000095,-0.00590805,1592,2026-05-28T13:09:09.726,2026-05-28T13:24:39.726,,343.01431969999976,-252.23,686,2026-05-28T13:09:09.755,2026-05-28T13:24:39.755,,0.026223699998809025
343.203289699999,343.203289699999,-0.005907882,1593,2026-05-28T13:09:09.943,2026-05-28T13:24:39.943,,343.01431969999976,-252.23,686,2026-05-28T13:09:09.755,2026-05-28T13:24:39.755,,-0.18896999999924446
343.4183876999996,343.4183876999996,-0.005907819,1594,2026-05-28T13:09:10.159,2026-05-28T13:24:40.159,,343.5144532999984,-252.3,687,2026-05-28T13:09:10.255,2026-05-28T13:24:40.255,,0.09606559999883757
343.6334840999989,343.6334840999989,-0.005907662,1595,2026-05-28T13:09:10.374,2026-05-28T13:24:40.374,,343.5144532999984,-252.3,687,2026-05-28T13:09:10.255,2026-05-28T13:24:40.255,,-0.11903080000047339
343.84856020000007,343.84856020000007,-0.005907767,1596,2026-05-28T13:09:10.589,2026-05-28T13:24:40.589,,344.01434320000044,-252.34,688,2026-05-28T13:09:10.755,2026-05-28T13:24:40.755,,0.16578300000037416
344.06362100000115,344.06362100000115,-0.005907945,1597,2026-05-28T13:09:10.798,2026-05-28T13:24:40.798,,344.01434320000044,-252.34,688,2026-05-28T13:09:10.755,2026-05-28T13:24:40.755,,-0.04927780000070925
344.2787692999991,344.2787692999991,-0.00590805,1598,2026-05-28T13:09:11.020,2026-05-28T13:24:41.020,,344.5146402999999,-252.2,689,2026-05-28T13:09:11.255,2026-05-28T13:24:41.255,,0.23587100000077044
344.49397580000004,344.49397580000004,-0.005908092,1599,2026-05-28T13:09:11.232,2026-05-28T13:24:41.232,,344.5146402999999,-252.2,689,2026-05-28T13:09:11.255,2026-05-28T13:24:41.255,,0.02066449999983888
344.7089942999992,344.7089942999992,-0.005907997,1600,2026-05-28T13:09:11.449,2026-05-28T13:24:41.449,,344.5146402999999,-252.2,689,2026-05-28T13:09:11.255,2026-05-28T13:24:41.255,,-0.1943539999992936
344.9241194999995,344.9241194999995,-0.005908008,1601,2026-05-28T13:09:11.655,2026-05-28T13:24:41.655,,345.01444659999834,-252.36,690,2026-05-28T13:09:11.755,2026-05-28T13:24:41.755,,0.09032709999883082
345.1394470000014,345.1394470000014,-0.005908144,1602,2026-05-28T13:09:11.872,2026-05-28T13:24:41.872,,345.01444659999834,-252.36,690,2026-05-28T13:09:11.755,2026-05-28T13:24:41.755,,-0.1250004000030458
345.3543888999993,345.3543888999993,-0.005908102,1603,2026-05-28T13:09:12.093,2026-05-28T13:24:42.093,,345.5145999000015,-252.25,691,2026-05-28T13:09:12.255,2026-05-28T13:24:42.255,,0.16021100000216393
345.56958440000017,345.56958440000017,-0.00590806,1604,2026-05-28T13:09:12.310,2026-05-28T13:24:42.310,,345.5145999000015,-252.25,691,2026-05-28T13:09:12.255,2026-05-28T13:24:42.255,,-0.05498449999868171
345.7847675000012,345.7847675000012,-0.005908081,1605,2026-05-28T13:09:12.525,2026-05-28T13:24:42.525,,346.0144771999985,-252.24,692,2026-05-28T13:09:12.755,2026-05-28T13:24:42.755,,0.22970969999732915
345.9998802000009,345.9998802000009,-0.005908081,1606,2026-05-28T13:09:12.739,2026-05-28T13:24:42.739,,346.0144771999985,-252.24,692,2026-05-28T13:09:12.755,2026-05-28T13:24:42.755,,0.01459699999759323
346.2149309999986,346.2149309999986,-0.005908018,1607,2026-05-28T13:09:12.955,2026-05-28T13:24:42.955,,346.0144771999985,-252.24,692,2026-05-28T13:09:12.755,2026-05-28T13:24:42.755,,-0.20045380000010482
346.4300508000015,346.4300508000015,-0.00590806,1608,2026-05-28T13:09:13.165,2026-05-28T13:24:43.165,,346.51443030000155,-252.34,693,2026-05-28T13:09:13.255,2026-05-28T13:24:43.255,,0.08437950000006822
346.64514490000147,346.64514490000147,-0.005908144,1609,2026-05-28T13:09:13.381,2026-05-28T13:24:43.381,,346.51443030000155,-252.34,693,2026-05-28T13:09:13.255,2026-05-28T13:24:43.255,,-0.1307145999999193
346.8601901000002,346.8601901000002,-0.005908238,1610,2026-05-28T13:09:13.598,2026-05-28T13:24:43.598,,347.0144986000014,-252.15,694,2026-05-28T13:09:13.755,2026-05-28T13:24:43.755,,0.154308500001207
347.08675819999917,347.08675819999917,-0.005908217,1611,2026-05-28T13:09:13.827,2026-05-28T13:24:43.827,,347.0144986000014,-252.15,694,2026-05-28T13:09:13.755,2026-05-28T13:24:43.755,,-0.07225959999777842
347.3016889999999,347.3016889999999,-0.005908228,1612,2026-05-28T13:09:14.039,2026-05-28T13:24:44.039,,347.5144604999987,-252.35,695,2026-05-28T13:09:14.255,2026-05-28T13:24:44.255,,0.2127714999987802
347.51694710000083,347.51694710000083,-0.005908322,1613,2026-05-28T13:09:14.257,2026-05-28T13:24:44.257,,347.5144604999987,-252.35,695,2026-05-28T13:09:14.255,2026-05-28T13:24:44.255,,-0.002486600002157502
347.73179810000147,347.73179810000147,-0.005908427,1614,2026-05-28T13:09:14.473,2026-05-28T13:24:44.473,,347.5144604999987,-252.35,695,2026-05-28T13:09:14.255,2026-05-28T13:24:44.255,,-0.2173376000027929
347.94691740000053,347.94691740000053,-0.005908301,1615,2026-05-28T13:09:14.682,2026-05-28T13:24:44.682,,348.01434660000086,-252.3,696,2026-05-28T13:09:14.755,2026-05-28T13:24:44.755,,0.06742920000033337
348.1621593999989,348.1621593999989,-0.0059085,1616,2026-05-28T13:09:14.899,2026-05-28T13:24:44.899,,348.01434660000086,-252.3,696,2026-05-28T13:09:14.755,2026-05-28T13:24:44.755,,-0.1478127999980643
348.37740610000037,348.37740610000037,-0.005908395,1617,2026-05-28T13:09:15.115,2026-05-28T13:24:45.115,,348.5147529999995,-252.24,697,2026-05-28T13:09:15.256,2026-05-28T13:24:45.256,,0.13734689999910188
348.59228200000143,348.59228200000143,-0.00590849,1618,2026-05-28T13:09:15.332,2026-05-28T13:24:45.332,,348.5147529999995,-252.24,697,2026-05-28T13:09:15.256,2026-05-28T13:24:45.256,,-0.0775290000019595
348.80816160000177,348.80816160000177,-0.005908427,1619,2026-05-28T13:09:15.548,2026-05-28T13:24:45.548,,349.0147852000009,-252.3,698,2026-05-28T13:09:15.755,2026-05-28T13:24:45.755,,0.2066235999991477
349.0233752999993,349.0233752999993,-0.005908228,1620,2026-05-28T13:09:15.764,2026-05-28T13:24:45.764,,349.0147852000009,-252.3,698,2026-05-28T13:09:15.755,2026-05-28T13:24:45.755,,-0.008590099998400547
349.2382394999986,349.2382394999986,-0.005908228,1621,2026-05-28T13:09:15.974,2026-05-28T13:24:45.974,,349.0147852000009,-252.3,698,2026-05-28T13:09:15.755,2026-05-28T13:24:45.755,,-0.22345429999768385
349.4534244999995,349.4534244999995,-0.005908322,1622,2026-05-28T13:09:16.189,2026-05-28T13:24:46.189,,349.514551799999,-252.21,699,2026-05-28T13:09:16.255,2026-05-28T13:24:46.255,,0.061127299999498064
349.6684711000016,349.6684711000016,-0.005908416,1623,2026-05-28T13:09:16.406,2026-05-28T13:24:46.406,,349.514551799999,-252.21,699,2026-05-28T13:09:16.255,2026-05-28T13:24:46.255,,-0.1539193000025989
349.8836259999989,349.8836259999989,-0.005908531,1624,2026-05-28T13:09:16.622,2026-05-28T13:24:46.622,,350.0145212999996,-252.25,700,2026-05-28T13:09:16.755,2026-05-28T13:24:46.755,,0.13089530000070226
350.0986426999989,350.0986426999989,-0.005908594,1625,2026-05-28T13:09:16.839,2026-05-28T13:24:46.839,,350.0145212999996,-252.25,700,2026-05-28T13:09:16.755,2026-05-28T13:24:46.755,,-0.08412139999927604
350.31378609999956,350.31378609999956,-0.005908458,1626,2026-05-28T13:09:17.049,2026-05-28T13:24:47.049,,350.51462289999836,-252.3,701,2026-05-28T13:09:17.255,2026-05-28T13:24:47.255,,0.20083679999879678
350.52886710000166,350.52886710000166,-0.005908469,1627,2026-05-28T13:09:17.266,2026-05-28T13:24:47.266,,350.51462289999836,-252.3,701,2026-05-28T13:09:17.255,2026-05-28T13:24:47.255,,-0.014244200003304286
350.74391860000105,350.74391860000105,-0.005908343,1628,2026-05-28T13:09:17.484,2026-05-28T13:24:47.484,,350.51462289999836,-252.3,701,2026-05-28T13:09:17.255,2026-05-28T13:24:47.255,,-0.2292957000026945
350.9591810999991,350.9591810999991,-0.005908437,1629,2026-05-28T13:09:17.698,2026-05-28T13:24:47.698,,351.01457759999903,-252.31,702,2026-05-28T13:09:17.755,2026-05-28T13:24:47.755,,0.05539649999991525
351.174328699999,351.174328699999,-0.005908395,1630,2026-05-28T13:09:17.915,2026-05-28T13:24:47.915,,351.01457759999903,-252.31,702,2026-05-28T13:09:17.755,2026-05-28T13:24:47.755,,-0.15975109999999404
351.38949349999893,351.38949349999893,-0.005908395,1631,2026-05-28T13:09:18.122,2026-05-28T13:24:48.122,,351.51469870000074,-252.24,703,2026-05-28T13:09:18.256,2026-05-28T13:24:48.256,,0.12520520000180113
351.6047251000018,351.6047251000018,-0.005908448,1632,2026-05-28T13:09:18.339,2026-05-28T13:24:48.339,,351.51469870000074,-252.24,703,2026-05-28T13:09:18.256,2026-05-28T13:24:48.256,,-0.09002640000107931
351.8198020000018,351.8198020000018,-0.005908437,1633,2026-05-28T13:09:18.556,2026-05-28T13:24:48.556,,352.01468690000183,-252.32,704,2026-05-28T13:09:18.755,2026-05-28T13:24:48.755,,0.19488490000003367
352.03485290000026,352.03485290000026,-0.005908542,1634,2026-05-28T13:09:18.772,2026-05-28T13:24:48.772,,352.01468690000183,-252.32,704,2026-05-28T13:09:18.755,2026-05-28T13:24:48.755,,-0.020165999998425832
352.2500321000007,352.2500321000007,-0.00590827,1635,2026-05-28T13:09:18.989,2026-05-28T13:24:48.989,,352.01468690000183,-252.32,704,2026-05-28T13:09:18.755,2026-05-28T13:24:48.755,,-0.2353451999988465
352.4649634000016,352.4649634000016,-0.005908353,1636,2026-05-28T13:09:19.205,2026-05-28T13:24:49.205,,352.5146167999992,-252.26,705,2026-05-28T13:09:19.255,2026-05-28T13:24:49.255,,0.04965339999762364
352.6801798999986,352.6801798999986,-0.005908385,1637,2026-05-28T13:09:19.415,2026-05-28T13:24:49.415,,352.5146167999992,-252.26,705,2026-05-28T13:09:19.255,2026-05-28T13:24:49.255,,-0.16556309999941732
352.8952806999987,352.8952806999987,-0.005908312,1638,2026-05-28T13:09:19.636,2026-05-28T13:24:49.636,,353.0145804999993,-252.3,706,2026-05-28T13:09:19.755,2026-05-28T13:24:49.755,,0.11929980000059004
353.1104809999997,353.1104809999997,-0.005908437,1639,2026-05-28T13:09:19.848,2026-05-28T13:24:49.848,,353.0145804999993,-252.3,706,2026-05-28T13:09:19.755,2026-05-28T13:24:49.755,,-0.09590050000042538
353.3255911000015,353.3255911000015,-0.005908374,1640,2026-05-28T13:09:20.065,2026-05-28T13:24:50.065,,353.51455440000063,-252.5,707,2026-05-28T13:09:20.255,2026-05-28T13:24:50.255,,0.18896329999915906
353.5407969000007,353.5407969000007,-0.005908364,1641,2026-05-28T13:09:20.272,2026-05-28T13:24:50.272,,353.51455440000063,-252.5,707,2026-05-28T13:09:20.255,2026-05-28T13:24:50.255,,-0.026242500000080327
353.7560181000008,353.7560181000008,-0.005908259,1642,2026-05-28T13:09:20.489,2026-05-28T13:24:50.489,,353.51455440000063,-252.5,707,2026-05-28T13:09:20.255,2026-05-28T13:24:50.255,,-0.2414637000001676
353.9710956000017,353.9710956000017,-0.005908385,1643,2026-05-28T13:09:20.710,2026-05-28T13:24:50.710,,354.01458809999895,-252.47,708,2026-05-28T13:09:20.755,2026-05-28T13:24:50.755,,0.04349249999722815
354.18634210000164,354.18634210000164,-0.005908364,1644,2026-05-28T13:09:20.927,2026-05-28T13:24:50.927,,354.01458809999895,-252.47,708,2026-05-28T13:09:20.755,2026-05-28T13:24:50.755,,-0.17175400000269292
354.40147589999833,354.40147589999833,-0.005908615,1645,2026-05-28T13:09:21.142,2026-05-28T13:24:51.142,,354.5148200000003,-252.38,709,2026-05-28T13:09:21.255,2026-05-28T13:24:51.255,,0.11334410000199568
354.61658460000035,354.61658460000035,-0.005908521,1646,2026-05-28T13:09:21.357,2026-05-28T13:24:51.357,,354.5148200000003,-252.38,709,2026-05-28T13:09:21.255,2026-05-28T13:24:51.255,,-0.10176460000002407
354.83151519999956,354.83151519999956,-0.005908374,1647,2026-05-28T13:09:21.572,2026-05-28T13:24:51.572,,355.01461859999836,-252.55,710,2026-05-28T13:09:21.755,2026-05-28T13:24:51.755,,0.18310339999879943
355.0466367000008,355.0466367000008,-0.005908479,1648,2026-05-28T13:09:21.782,2026-05-28T13:24:51.782,,355.01461859999836,-252.55,710,2026-05-28T13:09:21.755,2026-05-28T13:24:51.755,,-0.032018100002460415
355.26172399999996,355.26172399999996,-0.005908615,1649,2026-05-28T13:09:22.000,2026-05-28T13:24:52.000,,355.01461859999836,-252.55,710,2026-05-28T13:09:21.755,2026-05-28T13:24:51.755,,-0.24710540000160108
355.47698559999844,355.47698559999844,-0.005908469,1650,2026-05-28T13:09:22.210,2026-05-28T13:24:52.210,,355.51457740000114,-252.48,711,2026-05-28T13:09:22.255,2026-05-28T13:24:52.255,,0.03759180000270135
355.69218660000115,355.69218660000115,-0.005908688,1651,2026-05-28T13:09:22.431,2026-05-28T13:24:52.431,,355.51457740000114,-252.48,711,2026-05-28T13:09:22.255,2026-05-28T13:24:52.255,,-0.17760920000000624
355.90726350000114,355.90726350000114,-0.005908751,1652,2026-05-28T13:09:22.643,2026-05-28T13:24:52.643,,356.01476009999897,-252.44,712,2026-05-28T13:09:22.755,2026-05-28T13:24:52.755,,0.10749659999783034
356.1223862000006,356.1223862000006,-0.005908458,1653,2026-05-28T13:09:22.862,2026-05-28T13:24:52.862,,356.01476009999897,-252.44,712,2026-05-28T13:09:22.755,2026-05-28T13:24:52.755,,-0.10762610000165296
356.33754079999926,356.33754079999926,-0.005908165,1654,2026-05-28T13:09:23.076,2026-05-28T13:24:53.076,,356.51455310000165,-252.45,713,2026-05-28T13:09:23.255,2026-05-28T13:24:53.255,,0.17701230000238866
356.55293769999844,356.55293769999844,-0.00590828,1655,2026-05-28T13:09:23.293,2026-05-28T13:24:53.293,,356.51455310000165,-252.45,713,2026-05-28T13:09:23.255,2026-05-28T13:24:53.255,,-0.03838459999678889
356.76795629999833,356.76795629999833,-0.005908207,1656,2026-05-28T13:09:23.505,2026-05-28T13:24:53.505,,357.0142758000002,-252.42,714,2026-05-28T13:09:23.755,2026-05-28T13:24:53.755,,0.24631950000184588
356.98313749999943,356.98313749999943,-0.005908259,1657,2026-05-28T13:09:23.722,2026-05-28T13:24:53.722,,357.0142758000002,-252.42,714,2026-05-28T13:09:23.755,2026-05-28T13:24:53.755,,0.03113830000074813
357.19801590000134,357.19801590000134,-0.00590805,1658,2026-05-28T13:09:23.939,2026-05-28T13:24:53.939,,357.0142758000002,-252.42,714,2026-05-28T13:09:23.755,2026-05-28T13:24:53.755,,-0.1837401000011596
357.41308840000056,357.41308840000056,-0.005907977,1659,2026-05-28T13:09:24.153,2026-05-28T13:24:54.153,,357.5144728999985,-252.49,715,2026-05-28T13:09:24.255,2026-05-28T13:24:54.255,,0.1013844999979483
357.6280985000012,357.6280985000012,-0.005907977,1660,2026-05-28T13:09:24.366,2026-05-28T13:24:54.366,,357.5144728999985,-252.49,715,2026-05-28T13:09:24.255,2026-05-28T13:24:54.255,,-0.11362560000270605
357.84309080000094,357.84309080000094,-0.005908123,1661,2026-05-28T13:09:24.582,2026-05-28T13:24:54.582,,358.01443350000045,-252.52,716,2026-05-28T13:09:24.755,2026-05-28T13:24:54.755,,0.17134269999951357
358.05825170000026,358.05825170000026,-0.005908259,1662,2026-05-28T13:09:24.799,2026-05-28T13:24:54.799,,358.01443350000045,-252.52,716,2026-05-28T13:09:24.755,2026-05-28T13:24:54.755,,-0.043818199999805074
358.2732322000011,358.2732322000011,-0.00590828,1663,2026-05-28T13:09:25.005,2026-05-28T13:24:55.005,,358.5146946999994,-252.58,717,2026-05-28T13:09:25.255,2026-05-28T13:24:55.255,,0.24146249999830616
358.48844010000175,358.48844010000175,-0.005908259,1664,2026-05-28T13:09:25.222,2026-05-28T13:24:55.222,,358.5146946999994,-252.58,717,2026-05-28T13:09:25.255,2026-05-28T13:24:55.255,,0.026254599997628247
358.7033228,358.7033228,-0.005908301,1665,2026-05-28T13:09:25.444,2026-05-28T13:24:55.444,,358.5146946999994,-252.58,717,2026-05-28T13:09:25.255,2026-05-28T13:24:55.255,,-0.188628100000642
358.91843639999934,358.91843639999934,-0.005908123,1666,2026-05-28T13:09:25.655,2026-05-28T13:24:55.655,,359.0144892999997,-252.56,718,2026-05-28T13:09:25.755,2026-05-28T13:24:55.755,,0.09605290000035893
359.1335336000011,359.1335336000011,-0.00590828,1667,2026-05-28T13:09:25.872,2026-05-28T13:24:55.872,,359.0144892999997,-252.56,718,2026-05-28T13:09:25.755,2026-05-28T13:24:55.755,,-0.11904430000140565
359.3487838000001,359.3487838000001,-0.005908217,1668,2026-05-28T13:09:26.089,2026-05-28T13:24:56.089,,359.5145147000003,-252.48,719,2026-05-28T13:09:26.255,2026-05-28T13:24:56.255,,0.16573090000019874
359.56377639999846,359.56377639999846,-0.005908427,1669,2026-05-28T13:09:26.299,2026-05-28T13:24:56.299,,359.5145147000003,-252.48,719,2026-05-28T13:09:26.255,2026-05-28T13:24:56.255,,-0.049261699998169206
359.7788956000004,359.7788956000004,-0.005908479,1670,2026-05-28T13:09:26.515,2026-05-28T13:24:56.515,,360.0144951000002,-252.55,720,2026-05-28T13:09:26.755,2026-05-28T13:24:56.755,,0.23559949999980745
359.99397749999844,359.99397749999844,-0.005908584,1671,2026-05-28T13:09:26.734,2026-05-28T13:24:56.734,,360.0144951000002,-252.55,720,2026-05-28T13:09:26.755,2026-05-28T13:24:56.755,,0.020517600001767278
360.20905459999994,360.20905459999994,-0.00590849,1672,2026-05-28T13:09:26.948,2026-05-28T13:24:56.948,,360.0144951000002,-252.55,720,2026-05-28T13:09:26.755,2026-05-28T13:24:56.755,,-0.1945594999997411
360.4241140999984,360.4241140999984,-0.005908542,1673,2026-05-28T13:09:27.155,2026-05-28T13:24:57.155,,360.5142374999996,-252.57,721,2026-05-28T13:09:27.255,2026-05-28T13:24:57.255,,0.09012340000117547
360.6390887999987,360.6390887999987,-0.005908647,1674,2026-05-28T13:09:27.372,2026-05-28T13:24:57.372,,360.5142374999996,-252.57,721,2026-05-28T13:09:27.255,2026-05-28T13:24:57.255,,-0.12485129999913624
360.85401830000046,360.85401830000046,-0.005908678,1675,2026-05-28T13:09:27.589,2026-05-28T13:24:57.589,,361.0145163999987,-252.46,722,2026-05-28T13:09:27.755,2026-05-28T13:24:57.755,,0.16049809999822173
361.06921990000046,361.06921990000046,-0.005908469,1676,2026-05-28T13:09:27.806,2026-05-28T13:24:57.806,,361.0145163999987,-252.46,722,2026-05-28T13:09:27.755,2026-05-28T13:24:57.755,,-0.05470350000177859
361.28437080000003,361.28437080000003,-0.005908416,1677,2026-05-28T13:09:28.025,2026-05-28T13:24:58.025,,361.51423369999975,-252.6,723,2026-05-28T13:09:28.255,2026-05-28T13:24:58.255,,0.22986289999971632
361.4994422999989,361.4994422999989,-0.005908469,1678,2026-05-28T13:09:28.239,2026-05-28T13:24:58.239,,361.51423369999975,-252.6,723,2026-05-28T13:09:28.255,2026-05-28T13:24:58.255,,0.014791400000831345
361.7145089000005,361.7145089000005,-0.005908479,1679,2026-05-28T13:09:28.455,2026-05-28T13:24:58.455,,361.51423369999975,-252.6,723,2026-05-28T13:09:28.255,2026-05-28T13:24:58.255,,-0.20027520000076038
361.92961039999864,361.92961039999864,-0.005908605,1680,2026-05-28T13:09:28.665,2026-05-28T13:24:58.665,,362.01443519999884,-252.58,724,2026-05-28T13:09:28.755,2026-05-28T13:24:58.755,,0.08482480000020587
362.1448229999987,362.1448229999987,-0.005908573,1681,2026-05-28T13:09:28.885,2026-05-28T13:24:58.885,,362.01443519999884,-252.58,724,2026-05-28T13:09:28.755,2026-05-28T13:24:58.755,,-0.13038779999988037
362.35983770000166,362.35983770000166,-0.005908458,1682,2026-05-28T13:09:29.098,2026-05-28T13:24:59.098,,362.5144990000008,-252.78,725,2026-05-28T13:09:29.255,2026-05-28T13:24:59.255,,0.15466129999913392
362.5749328999991,362.5749328999991,-0.005908406,1683,2026-05-28T13:09:29.314,2026-05-28T13:24:59.314,,362.5144990000008,-252.78,725,2026-05-28T13:09:29.255,2026-05-28T13:24:59.255,,-0.06043389999831561
362.79005340000003,362.79005340000003,-0.005908238,1684,2026-05-28T13:09:29.526,2026-05-28T13:24:59.526,,363.01417180000135,-252.75,726,2026-05-28T13:09:29.755,2026-05-28T13:24:59.755,,0.22411840000131633
363.0051925000007,363.0051925000007,-0.005908165,1685,2026-05-28T13:09:29.744,2026-05-28T13:24:59.744,,363.01417180000135,-252.75,726,2026-05-28T13:09:29.755,2026-05-28T13:24:59.755,,0.008979300000646617
363.2203382000007,363.2203382000007,-0.005908259,1686,2026-05-28T13:09:29.960,2026-05-28T13:24:59.960,,363.01417180000135,-252.75,726,2026-05-28T13:09:29.755,2026-05-28T13:24:59.755,,-0.20616639999934705
363.4357033000015,363.4357033000015,-0.00590827,1687,2026-05-28T13:09:30.176,2026-05-28T13:25:00.176,,363.51455480000004,-252.66,727,2026-05-28T13:09:30.255,2026-05-28T13:25:00.255,,0.07885149999856367
363.65100769999844,363.65100769999844,-0.005908301,1688,2026-05-28T13:09:30.389,2026-05-28T13:25:00.389,,363.51455480000004,-252.66,727,2026-05-28T13:09:30.255,2026-05-28T13:25:00.255,,-0.13645289999840315
363.86597659999825,363.86597659999825,-0.005908385,1689,2026-05-28T13:09:30.605,2026-05-28T13:25:00.605,,364.0144533999992,-252.79,728,2026-05-28T13:09:30.755,2026-05-28T13:25:00.755,,0.14847680000093533
364.0810878000011,364.0810878000011,-0.005908102,1690,2026-05-28T13:09:30.822,2026-05-28T13:25:00.822,,364.0144533999992,-252.79,728,2026-05-28T13:09:30.755,2026-05-28T13:25:00.755,,-0.06663440000193077
364.29604570000083,364.29604570000083,-0.005907956,1691,2026-05-28T13:09:31.036,2026-05-28T13:25:01.036,,364.5142812999984,-252.65,729,2026-05-28T13:09:31.255,2026-05-28T13:25:01.255,,0.2182355999975698
364.51115500000014,364.51115500000014,-0.005907966,1692,2026-05-28T13:09:31.245,2026-05-28T13:25:01.245,,364.5142812999984,-252.65,729,2026-05-28T13:09:31.255,2026-05-28T13:25:01.255,,0.003126299998257309
364.7262315000007,364.7262315000007,-0.005907945,1693,2026-05-28T13:09:31.465,2026-05-28T13:25:01.465,,364.5142812999984,-252.65,729,2026-05-28T13:09:31.255,2026-05-28T13:25:01.255,,-0.21195020000232034
364.9414633999986,364.9414633999986,-0.005907882,1694,2026-05-28T13:09:31.682,2026-05-28T13:25:01.682,,365.0146290999983,-252.82,730,2026-05-28T13:09:31.755,2026-05-28T13:25:01.755,,0.07316569999966305
365.156440499999,365.156440499999,-0.005908018,1695,2026-05-28T13:09:31.889,2026-05-28T13:25:01.889,,365.0146290999983,-252.82,730,2026-05-28T13:09:31.755,2026-05-28T13:25:01.755,,-0.14181140000073356
365.37156909999976,365.37156909999976,-0.005908113,1696,2026-05-28T13:09:32.106,2026-05-28T13:25:02.106,,365.51457909999954,-252.67,731,2026-05-28T13:09:32.255,2026-05-28T13:25:02.255,,0.14300999999977648
365.58667140000034,365.58667140000034,-0.005908207,1697,2026-05-28T13:09:32.322,2026-05-28T13:25:02.322,,365.51457909999954,-252.67,731,2026-05-28T13:09:32.255,2026-05-28T13:25:02.255,,-0.07209230000080424
365.80179940000016,365.80179940000016,-0.005908364,1698,2026-05-28T13:09:32.539,2026-05-28T13:25:02.539,,366.01471709999896,-252.69,732,2026-05-28T13:09:32.756,2026-05-28T13:25:02.756,,0.21291769999879762
366.01700960000016,366.01700960000016,-0.005908301,1699,2026-05-28T13:09:32.756,2026-05-28T13:25:02.756,,366.01471709999896,-252.69,732,2026-05-28T13:09:32.756,2026-05-28T13:25:02.756,,-0.0022925000012037344
366.23199469999963,366.23199469999963,-0.005908144,1700,2026-05-28T13:09:32.973,2026-05-28T13:25:02.973,,366.01471709999896,-252.69,732,2026-05-28T13:09:32.756,2026-05-28T13:25:02.756,,-0.21727760000067065
366.44709579999835,366.44709579999835,-0.005908249,1701,2026-05-28T13:09:33.186,2026-05-28T13:25:03.186,,366.51464269999997,-252.75,733,2026-05-28T13:09:33.255,2026-05-28T13:25:03.255,,0.06754690000161645
366.6620624999996,366.6620624999996,-0.005908165,1702,2026-05-28T13:09:33.393,2026-05-28T13:25:03.393,,366.51464269999997,-252.75,733,2026-05-28T13:09:33.255,2026-05-28T13:25:03.255,,-0.14741979999962496
366.877175900001,366.877175900001,-0.005908228,1703,2026-05-28T13:09:33.617,2026-05-28T13:25:03.617,,367.0144529999998,-252.68,734,2026-05-28T13:09:33.755,2026-05-28T13:25:03.755,,0.13727709999875515
367.0921199000004,367.0921199000004,-0.005908186,1704,2026-05-28T13:09:33.832,2026-05-28T13:25:03.832,,367.0144529999998,-252.68,734,2026-05-28T13:09:33.755,2026-05-28T13:25:03.755,,-0.07766690000062226
367.3072131000008,367.3072131000008,-0.005908154,1705,2026-05-28T13:09:34.047,2026-05-28T13:25:04.047,,367.514607000001,-252.73,735,2026-05-28T13:09:34.255,2026-05-28T13:25:04.255,,0.2073939000001701
367.5223451999991,367.5223451999991,-0.005908217,1706,2026-05-28T13:09:34.255,2026-05-28T13:25:04.255,,367.514607000001,-252.73,735,2026-05-28T13:09:34.255,2026-05-28T13:25:04.255,,-0.007738199998129858
367.73763899999904,367.73763899999904,-0.005908238,1707,2026-05-28T13:09:34.474,2026-05-28T13:25:04.474,,367.514607000001,-252.73,735,2026-05-28T13:09:34.255,2026-05-28T13:25:04.255,,-0.22303199999805656
367.9525619999986,367.9525619999986,-0.005908008,1708,2026-05-28T13:09:34.689,2026-05-28T13:25:04.689,,368.01453590000165,-252.71,736,2026-05-28T13:09:34.755,2026-05-28T13:25:04.755,,0.06197390000306768
368.1676871000018,368.1676871000018,-0.005908259,1709,2026-05-28T13:09:34.905,2026-05-28T13:25:04.905,,368.01453590000165,-252.71,736,2026-05-28T13:09:34.755,2026-05-28T13:25:04.755,,-0.1531512000001385
368.3828399000013,368.3828399000013,-0.005908196,1710,2026-05-28T13:09:35.122,2026-05-28T13:25:05.122,,368.5147212000011,-252.71,737,2026-05-28T13:09:35.255,2026-05-28T13:25:05.255,,0.13188129999980447
368.59791720000067,368.59791720000067,-0.005908123,1711,2026-05-28T13:09:35.339,2026-05-28T13:25:05.339,,368.5147212000011,-252.71,737,2026-05-28T13:09:35.255,2026-05-28T13:25:05.255,,-0.08319599999958882
368.8131265999982,368.8131265999982,-0.00590805,1712,2026-05-28T13:09:35.554,2026-05-28T13:25:05.554,,369.01448040000105,-252.76,738,2026-05-28T13:09:35.755,2026-05-28T13:25:05.755,,0.20135380000283476
369.0281990000003,369.0281990000003,-0.005908092,1713,2026-05-28T13:09:35.765,2026-05-28T13:25:05.765,,369.01448040000105,-252.76,738,2026-05-28T13:09:35.755,2026-05-28T13:25:05.755,,-0.01371859999926528
369.24328279999827,369.24328279999827,-0.00590828,1714,2026-05-28T13:09:35.974,2026-05-28T13:25:05.974,,369.01448040000105,-252.76,738,2026-05-28T13:09:35.755,2026-05-28T13:25:05.755,,-0.22880239999722107
369.4583668000014,369.4583668000014,-0.005908154,1715,2026-05-28T13:09:36.199,2026-05-28T13:25:06.199,,369.5146046000009,-252.71,739,2026-05-28T13:09:36.255,2026-05-28T13:25:06.255,,0.05623779999950784
369.6734264000006,369.6734264000006,-0.005908228,1716,2026-05-28T13:09:36.405,2026-05-28T13:25:06.405,,369.5146046000009,-252.71,739,2026-05-28T13:09:36.255,2026-05-28T13:25:06.255,,-0.15882179999971413
369.8883726999993,369.8883726999993,-0.005908165,1717,2026-05-28T13:09:36.624,2026-05-28T13:25:06.624,,370.01467689999845,-252.86,740,2026-05-28T13:09:36.755,2026-05-28T13:25:06.755,,0.1263041999991401
370.10358930000075,370.10358930000075,-0.005908353,1718,2026-05-28T13:09:36.843,2026-05-28T13:25:06.843,,370.01467689999845,-252.86,740,2026-05-28T13:09:36.755,2026-05-28T13:25:06.755,,-0.08891240000230027
370.3184857000015,370.3184857000015,-0.005908332,1719,2026-05-28T13:09:37.059,2026-05-28T13:25:07.059,,370.5146472000015,-252.81,741,2026-05-28T13:09:37.255,2026-05-28T13:25:07.255,,0.19616150000001653
370.5337483000003,370.5337483000003,-0.005908291,1720,2026-05-28T13:09:37.275,2026-05-28T13:25:07.275,,370.5146472000015,-252.81,741,2026-05-28T13:09:37.255,2026-05-28T13:25:07.255,,-0.019101099998806603
370.7486615000016,370.7486615000016,-0.005907903,1721,2026-05-28T13:09:37.489,2026-05-28T13:25:07.489,,370.5146472000015,-252.81,741,2026-05-28T13:09:37.255,2026-05-28T13:25:07.255,,-0.23401430000012624
370.9638640000012,370.9638640000012,-0.005907893,1722,2026-05-28T13:09:37.700,2026-05-28T13:25:07.700,,371.0145135999992,-252.68,742,2026-05-28T13:09:37.755,2026-05-28T13:25:07.755,,0.05064959999799612
371.17896610000025,371.17896610000025,-0.005908165,1723,2026-05-28T13:09:37.915,2026-05-28T13:25:07.915,,371.0145135999992,-252.68,742,2026-05-28T13:09:37.755,2026-05-28T13:25:07.755,,-0.1644525000010617
371.39412430000084,371.39412430000084,-0.005907851,1724,2026-05-28T13:09:38.126,2026-05-28T13:25:08.126,,371.5147943999982,-252.8,743,2026-05-28T13:09:38.255,2026-05-28T13:25:08.255,,0.1206700999973691
371.6093069000017,371.6093069000017,-0.005907809,1725,2026-05-28T13:09:38.343,2026-05-28T13:25:08.343,,371.5147943999982,-252.8,743,2026-05-28T13:09:38.255,2026-05-28T13:25:08.255,,-0.094512500003475
371.82435519999854,371.82435519999854,-0.005908113,1726,2026-05-28T13:09:38.565,2026-05-28T13:25:08.565,,372.0144900999985,-252.7,744,2026-05-28T13:09:38.755,2026-05-28T13:25:08.755,,0.19013489999997546
372.0395693999999,372.0395693999999,-0.00590783,1727,2026-05-28T13:09:38.776,2026-05-28T13:25:08.776,,372.0144900999985,-252.7,744,2026-05-28T13:09:38.755,2026-05-28T13:25:08.755,,-0.025079300001380034
372.25453449999986,372.25453449999986,-0.00590783,1728,2026-05-28T13:09:38.995,2026-05-28T13:25:08.995,,372.0144900999985,-252.7,744,2026-05-28T13:09:38.755,2026-05-28T13:25:08.755,,-0.2400444000013522
372.4698457000013,372.4698457000013,-0.005907694,1729,2026-05-28T13:09:39.205,2026-05-28T13:25:09.205,,372.5145343000004,-252.8,745,2026-05-28T13:09:39.255,2026-05-28T13:25:09.255,,0.04468859999906272
372.6849223999998,372.6849223999998,-0.005907757,1730,2026-05-28T13:09:39.422,2026-05-28T13:25:09.422,,372.5145343000004,-252.8,745,2026-05-28T13:09:39.255,2026-05-28T13:25:09.255,,-0.17038809999939986
372.9001118999986,372.9001118999986,-0.005907914,1731,2026-05-28T13:09:39.639,2026-05-28T13:25:09.639,,373.01450620000105,-252.83,746,2026-05-28T13:09:39.755,2026-05-28T13:25:09.755,,0.1143943000024592
373.11502370000017,373.11502370000017,-0.005907914,1732,2026-05-28T13:09:39.855,2026-05-28T13:25:09.855,,373.01450620000105,-252.83,746,2026-05-28T13:09:39.755,2026-05-28T13:25:09.755,,-0.10051749999911408
373.3303655999989,373.3303655999989,-0.005907861,1733,2026-05-28T13:09:40.065,2026-05-28T13:25:10.065,,373.5145713999991,-252.7,747,2026-05-28T13:09:40.255,2026-05-28T13:25:10.255,,0.18420580000019982
373.5453129000016,373.5453129000016,-0.005908071,1734,2026-05-28T13:09:40.282,2026-05-28T13:25:10.282,,373.5145713999991,-252.7,747,2026-05-28T13:09:40.255,2026-05-28T13:25:10.255,,-0.03074150000247755
373.76034269999946,373.76034269999946,-0.005908217,1735,2026-05-28T13:09:40.501,2026-05-28T13:25:10.501,,373.5145713999991,-252.7,747,2026-05-28T13:09:40.255,2026-05-28T13:25:10.255,,-0.2457713000003423
373.9754752000008,373.9754752000008,-0.005908207,1736,2026-05-28T13:09:40.715,2026-05-28T13:25:10.715,,374.0144254000006,-252.93,748,2026-05-28T13:09:40.755,2026-05-28T13:25:10.755,,0.038950199999817414
374.1903861999999,374.1903861999999,-0.00590828,1737,2026-05-28T13:09:40.922,2026-05-28T13:25:10.922,,374.0144254000006,-252.93,748,2026-05-28T13:09:40.755,2026-05-28T13:25:10.755,,-0.17596079999930225
374.405561399999,374.405561399999,-0.005908217,1738,2026-05-28T13:09:41.139,2026-05-28T13:25:11.139,,374.5146050000003,-252.78,749,2026-05-28T13:09:41.255,2026-05-28T13:25:11.255,,0.10904360000131419
374.6206424999982,374.6206424999982,-0.005908008,1739,2026-05-28T13:09:41.355,2026-05-28T13:25:11.355,,374.5146050000003,-252.78,749,2026-05-28T13:09:41.255,2026-05-28T13:25:11.255,,-0.10603749999791034
374.8358369999987,374.8358369999987,-0.005908029,1740,2026-05-28T13:09:41.572,2026-05-28T13:25:11.572,,375.01463030000014,-252.89,750,2026-05-28T13:09:41.755,2026-05-28T13:25:11.755,,0.17879330000141636
375.05079449999903,375.05079449999903,-0.005907767,1741,2026-05-28T13:09:41.789,2026-05-28T13:25:11.789,,375.01463030000014,-252.89,750,2026-05-28T13:09:41.755,2026-05-28T13:25:11.755,,-0.03616419999889331
375.2660042999996,375.2660042999996,-0.005907704,1742,2026-05-28T13:09:42.005,2026-05-28T13:25:12.005,,375.5142803999988,-252.9,751,2026-05-28T13:09:42.255,2026-05-28T13:25:12.255,,0.24827609999920242
375.4809831999992,375.4809831999992,-0.005907715,1743,2026-05-28T13:09:42.221,2026-05-28T13:25:12.221,,375.5142803999988,-252.9,751,2026-05-28T13:09:42.255,2026-05-28T13:25:12.255,,0.03329719999965164
375.6961448000002,375.6961448000002,-0.005907725,1744,2026-05-28T13:09:42.432,2026-05-28T13:25:12.432,,375.5142803999988,-252.9,751,2026-05-28T13:09:42.255,2026-05-28T13:25:12.255,,-0.18186440000135917
375.91116070000135,375.91116070000135,-0.005907641,1745,2026-05-28T13:09:42.651,2026-05-28T13:25:12.651,,376.0144895000012,-252.81,752,2026-05-28T13:09:42.755,2026-05-28T13:25:12.755,,0.10332879999987199
376.12637879999966,376.12637879999966,-0.005907809,1746,2026-05-28T13:09:42.859,2026-05-28T13:25:12.859,,376.0144895000012,-252.81,752,2026-05-28T13:09:42.755,2026-05-28T13:25:12.755,,-0.11188929999843822
376.3414735000006,376.3414735000006,-0.005907914,1747,2026-05-28T13:09:43.076,2026-05-28T13:25:13.076,,376.5142629000002,-252.88,753,2026-05-28T13:09:43.253,2026-05-28T13:25:13.253,,0.1727893999996013
376.5565752000002,376.5565752000002,-0.005907924,1748,2026-05-28T13:09:43.293,2026-05-28T13:25:13.293,,376.5142629000002,-252.88,753,2026-05-28T13:09:43.253,2026-05-28T13:25:13.253,,-0.04231230000004871
376.7716810999991,376.7716810999991,-0.005907924,1749,2026-05-28T13:09:43.507,2026-05-28T13:25:13.507,,377.0142556999999,-252.81,754,2026-05-28T13:09:43.755,2026-05-28T13:25:13.755,,0.24257460000080755
376.98662949999925,376.98662949999925,-0.005907987,1750,2026-05-28T13:09:43.722,2026-05-28T13:25:13.722,,377.0142556999999,-252.81,754,2026-05-28T13:09:43.755,2026-05-28T13:25:13.755,,0.027626200000668177
377.2018295000016,377.2018295000016,-0.005907715,1751,2026-05-28T13:09:43.940,2026-05-28T13:25:13.940,,377.0142556999999,-252.81,754,2026-05-28T13:09:43.755,2026-05-28T13:25:13.755,,-0.18757380000170087
377.41668890000074,377.41668890000074,-0.005907935,1752,2026-05-28T13:09:44.157,2026-05-28T13:25:14.157,,377.51463850000073,-252.81,755,2026-05-28T13:09:44.247,2026-05-28T13:25:14.247,,0.09794959999999264
377.63173879999886,377.63173879999886,-0.005907987,1753,2026-05-28T13:09:44.366,2026-05-28T13:25:14.366,,377.51463850000073,-252.81,755,2026-05-28T13:09:44.247,2026-05-28T13:25:14.247,,-0.11710029999812832
377.8468861000001,377.8468861000001,-0.005908008,1754,2026-05-28T13:09:44.583,2026-05-28T13:25:14.583,,378.01461070000005,-253.04,756,2026-05-28T13:09:44.752,2026-05-28T13:25:14.752,,0.16772459999992861
378.0619579999984,378.0619579999984,-0.005908029,1755,2026-05-28T13:09:44.797,2026-05-28T13:25:14.797,,378.01461070000005,-253.04,756,2026-05-28T13:09:44.752,2026-05-28T13:25:14.752,,-0.04734729999836418
378.27706780000153,378.27706780000153,-0.005907966,1756,2026-05-28T13:09:45.015,2026-05-28T13:25:15.015,,378.5143022000011,-252.8,757,2026-05-28T13:09:45.255,2026-05-28T13:25:15.255,,0.23723439999957918
378.49217190000127,378.49217190000127,-0.00590805,1757,2026-05-28T13:09:45.231,2026-05-28T13:25:15.231,,378.5143022000011,-252.8,757,2026-05-28T13:09:45.255,2026-05-28T13:25:15.255,,0.022130299999844283
378.70724730000074,378.70724730000074,-0.00590827,1758,2026-05-28T13:09:45.447,2026-05-28T13:25:15.447,,378.5143022000011,-252.8,757,2026-05-28T13:09:45.255,2026-05-28T13:25:15.255,,-0.19294509999963338
378.9225025000014,378.9225025000014,-0.005908102,1759,2026-05-28T13:09:45.661,2026-05-28T13:25:15.661,,379.01453019999826,-253.18,758,2026-05-28T13:09:45.752,2026-05-28T13:25:15.752,,0.09202769999683369
379.13749050000115,379.13749050000115,-0.005907788,1760,2026-05-28T13:09:45.874,2026-05-28T13:25:15.874,,379.01453019999826,-253.18,758,2026-05-28T13:09:45.752,2026-05-28T13:25:15.752,,-0.12296030000288738
379.3525875000014,379.3525875000014,-0.005907987,1761,2026-05-28T13:09:46.093,2026-05-28T13:25:16.093,,379.514443,-252.79,759,2026-05-28T13:09:46.250,2026-05-28T13:25:16.250,,0.16185549999863724
379.5676640999991,379.5676640999991,-0.005908134,1762,2026-05-28T13:09:46.308,2026-05-28T13:25:16.308,,379.514443,-252.79,759,2026-05-28T13:09:46.250,2026-05-28T13:25:16.250,,-0.05322109999906388
379.78262430000177,379.78262430000177,-0.005907987,1763,2026-05-28T13:09:46.524,2026-05-28T13:25:16.524,,380.0145940000002,-253.09,760,2026-05-28T13:09:46.755,2026-05-28T13:25:16.755,,0.2319696999984444
379.99789969999983,379.99789969999983,-0.005908144,1764,2026-05-28T13:09:46.736,2026-05-28T13:25:16.736,,380.0145940000002,-253.09,760,2026-05-28T13:09:46.755,2026-05-28T13:25:16.755,,0.01669430000038119
380.2128426999989,380.2128426999989,-0.005908154,1765,2026-05-28T13:09:46.946,2026-05-28T13:25:16.946,,380.0145940000002,-253.09,760,2026-05-28T13:09:46.755,2026-05-28T13:25:16.755,,-0.19824869999865768
380.4280288000009,380.4280288000009,-0.00590805,1766,2026-05-28T13:09:47.167,2026-05-28T13:25:17.167,,380.5142444000012,-253.15,761,2026-05-28T13:09:47.251,2026-05-28T13:25:17.251,,0.08621560000028694
380.6429773999989,380.6429773999989,-0.005908238,1767,2026-05-28T13:09:47.383,2026-05-28T13:25:17.383,,380.5142444000012,-253.15,761,2026-05-28T13:09:47.251,2026-05-28T13:25:17.251,,-0.12873299999773735
380.8580452999995,380.8580452999995,-0.005907956,1768,2026-05-28T13:09:47.590,2026-05-28T13:25:17.590,,381.01471200000015,-253.27,762,2026-05-28T13:09:47.755,2026-05-28T13:25:17.755,,0.15666670000064187
381.073142199999,381.073142199999,-0.005908092,1769,2026-05-28T13:09:47.810,2026-05-28T13:25:17.810,,381.01471200000015,-253.27,762,2026-05-28T13:09:47.755,2026-05-28T13:25:17.755,,-0.05843019999883836
381.2882661000003,381.2882661000003,-0.005907788,1770,2026-05-28T13:09:48.022,2026-05-28T13:25:18.022,,381.51454229999945,-253.22,763,2026-05-28T13:09:48.255,2026-05-28T13:25:18.255,,0.22627619999911985
381.50328660000014,381.50328660000014,-0.005907757,1771,2026-05-28T13:09:48.244,2026-05-28T13:25:18.244,,381.51454229999945,-253.22,763,2026-05-28T13:09:48.255,2026-05-28T13:25:18.255,,0.011255699999310309
381.7186374999983,381.7186374999983,-0.005907704,1772,2026-05-28T13:09:48.451,2026-05-28T13:25:18.451,,381.51454229999945,-253.22,763,2026-05-28T13:09:48.255,2026-05-28T13:25:18.255,,-0.2040951999988465
381.9336008999999,381.9336008999999,-0.005907715,1773,2026-05-28T13:09:48.674,2026-05-28T13:25:18.674,,382.0143476000012,-253.31,764,2026-05-28T13:09:48.751,2026-05-28T13:25:18.751,,0.08074670000132755
382.1487054999998,382.1487054999998,-0.005907778,1774,2026-05-28T13:09:48.887,2026-05-28T13:25:18.887,,382.0143476000012,-253.31,764,2026-05-28T13:09:48.751,2026-05-28T13:25:18.751,,-0.1343578999985766
382.3637979000014,382.3637979000014,-0.005907903,1775,2026-05-28T13:09:49.099,2026-05-28T13:25:19.099,,382.51453449999826,-253.13,765,2026-05-28T13:09:49.252,2026-05-28T13:25:19.252,,0.1507365999968897
382.57871850000083,382.57871850000083,-0.005908144,1776,2026-05-28T13:09:49.317,2026-05-28T13:25:19.317,,382.51453449999826,-253.13,765,2026-05-28T13:09:49.252,2026-05-28T13:25:19.252,,-0.06418400000256952
382.79384819999905,382.79384819999905,-0.005908154,1777,2026-05-28T13:09:49.535,2026-05-28T13:25:19.535,,383.0144083999985,-253.31,766,2026-05-28T13:09:49.755,2026-05-28T13:25:19.755,,0.2205601999994542
383.00900790000014,383.00900790000014,-0.005908008,1778,2026-05-28T13:09:49.742,2026-05-28T13:25:19.742,,383.0144083999985,-253.31,766,2026-05-28T13:09:49.755,2026-05-28T13:25:19.755,,0.00540049999835901
383.2240052999987,383.2240052999987,-0.005908018,1779,2026-05-28T13:09:49.963,2026-05-28T13:25:19.963,,383.0144083999985,-253.31,766,2026-05-28T13:09:49.755,2026-05-28T13:25:19.755,,-0.20959690000017872
383.439285299999,383.439285299999,-0.005908081,1780,2026-05-28T13:09:50.176,2026-05-28T13:25:20.176,,383.51447859999826,-253.81,767,2026-05-28T13:09:50.249,2026-05-28T13:25:20.249,,0.07519329999922775
383.6543730000012,383.6543730000012,-0.005908395,1781,2026-05-28T13:09:50.393,2026-05-28T13:25:20.393,,383.51447859999826,-253.81,767,2026-05-28T13:09:50.249,2026-05-28T13:25:20.249,,-0.13989440000295872
383.869281700001,383.869281700001,-0.005908427,1782,2026-05-28T13:09:50.605,2026-05-28T13:25:20.605,,384.0145771999996,-253.86,768,2026-05-28T13:09:50.753,2026-05-28T13:25:20.753,,0.14529549999861047
384.0844165999988,384.0844165999988,-0.005908406,1783,2026-05-28T13:09:50.825,2026-05-28T13:25:20.825,,384.0145771999996,-253.86,768,2026-05-28T13:09:50.753,2026-05-28T13:25:20.753,,-0.0698393999991822
384.2995176000004,384.2995176000004,-0.005908238,1784,2026-05-28T13:09:51.032,2026-05-28T13:25:21.032,,384.51537800000006,-253.81,769,2026-05-28T13:09:51.256,2026-05-28T13:25:21.256,,0.21586039999965578
384.5147450000004,384.5147450000004,-0.005908343,1785,2026-05-28T13:09:51.255,2026-05-28T13:25:21.255,,384.51537800000006,-253.81,769,2026-05-28T13:09:51.256,2026-05-28T13:25:21.256,,0.0006329999996523838
384.7296821000018,384.7296821000018,-0.005908123,1786,2026-05-28T13:09:51.465,2026-05-28T13:25:21.465,,384.51537800000006,-253.81,769,2026-05-28T13:09:51.256,2026-05-28T13:25:21.256,,-0.2143041000017547
384.94481520000045,384.94481520000045,-0.005908165,1787,2026-05-28T13:09:51.683,2026-05-28T13:25:21.683,,385.01433739999993,-253.95,770,2026-05-28T13:09:51.755,2026-05-28T13:25:21.755,,0.06952219999948284
385.1599725999986,385.1599725999986,-0.005908092,1788,2026-05-28T13:09:51.893,2026-05-28T13:25:21.893,,385.01433739999993,-253.95,770,2026-05-28T13:09:51.755,2026-05-28T13:25:21.755,,-0.14563519999865093
385.37489579999965,385.37489579999965,-0.005908071,1789,2026-05-28T13:09:52.110,2026-05-28T13:25:22.110,,385.51453949999996,-253.78,771,2026-05-28T13:09:52.255,2026-05-28T13:25:22.255,,0.13964370000030613
385.59001870000066,385.59001870000066,-0.005907977,1790,2026-05-28T13:09:52.331,2026-05-28T13:25:22.331,,385.51453949999996,-253.78,771,2026-05-28T13:09:52.255,2026-05-28T13:25:22.255,,-0.07547920000070008
385.80505849999827,385.80505849999827,-0.00590805,1791,2026-05-28T13:09:52.544,2026-05-28T13:25:22.544,,386.01441649999833,-253.95,772,2026-05-28T13:09:52.747,2026-05-28T13:25:22.747,,0.20935800000006566
386.02023479999843,386.02023479999843,-0.005908029,1792,2026-05-28T13:09:52.757,2026-05-28T13:25:22.757,,386.01441649999833,-253.95,772,2026-05-28T13:09:52.747,2026-05-28T13:25:22.747,,-0.005818300000100862
386.2351928999997,386.2351928999997,-0.005908123,1793,2026-05-28T13:09:52.974,2026-05-28T13:25:22.974,,386.01441649999833,-253.95,772,2026-05-28T13:09:52.747,2026-05-28T13:25:22.747,,-0.22077640000134124
386.45032699999865,386.45032699999865,-0.005907966,1794,2026-05-28T13:09:53.191,2026-05-28T13:25:23.191,,386.5143542000005,-253.84,773,2026-05-28T13:09:53.255,2026-05-28T13:25:23.255,,0.06402720000187401
386.6654305999982,386.6654305999982,-0.005908134,1795,2026-05-28T13:09:53.406,2026-05-28T13:25:23.406,,386.5143542000005,-253.84,773,2026-05-28T13:09:53.255,2026-05-28T13:25:23.255,,-0.15107639999769162
386.88054199999897,386.88054199999897,-0.005908092,1796,2026-05-28T13:09:53.620,2026-05-28T13:25:23.620,,387.0145745000009,-253.91,774,2026-05-28T13:09:53.746,2026-05-28T13:25:23.746,,0.13403250000192202
387.09566730000006,387.09566730000006,-0.00590806,1797,2026-05-28T13:09:53.826,2026-05-28T13:25:23.826,,387.0145745000009,-253.91,774,2026-05-28T13:09:53.746,2026-05-28T13:25:23.746,,-0.08109279999916907
387.3109345999983,387.3109345999983,-0.005908134,1798,2026-05-28T13:09:54.048,2026-05-28T13:25:24.048,,387.51460829999996,-253.93,775,2026-05-28T13:09:54.246,2026-05-28T13:25:24.246,,0.20367370000167284
387.5259670999985,387.5259670999985,-0.005908113,1799,2026-05-28T13:09:54.267,2026-05-28T13:25:24.267,,387.51460829999996,-253.93,775,2026-05-28T13:09:54.246,2026-05-28T13:25:24.246,,-0.011358799998561153
387.7411393000002,387.7411393000002,-0.005908071,1800,2026-05-28T13:09:54.474,2026-05-28T13:25:24.474,,387.51460829999996,-253.93,775,2026-05-28T13:09:54.246,2026-05-28T13:25:24.246,,-0.22653100000025006
387.95623780000096,387.95623780000096,-0.005908102,1801,2026-05-28T13:09:54.693,2026-05-28T13:25:24.693,,388.01451689999885,-253.86,776,2026-05-28T13:09:54.752,2026-05-28T13:25:24.752,,0.058279099997889716
388.1712985000013,388.1712985000013,-0.005908039,1802,2026-05-28T13:09:54.910,2026-05-28T13:25:24.910,,388.01451689999885,-253.86,776,2026-05-28T13:09:54.752,2026-05-28T13:25:24.752,,-0.15678160000243224
388.3865082000011,388.3865082000011,-0.005908249,1803,2026-05-28T13:09:55.119,2026-05-28T13:25:25.119,,388.51456379999945,-253.93,777,2026-05-28T13:09:55.249,2026-05-28T13:25:25.249,,0.1280555999983335
388.60160019999967,388.60160019999967,-0.005908134,1804,2026-05-28T13:09:55.336,2026-05-28T13:25:25.336,,388.51456379999945,-253.93,777,2026-05-28T13:09:55.249,2026-05-28T13:25:25.249,,-0.08703640000021551
388.81674639999983,388.81674639999983,-0.005908113,1805,2026-05-28T13:09:55.556,2026-05-28T13:25:25.556,,389.01436580000154,-253.92,778,2026-05-28T13:09:55.748,2026-05-28T13:25:25.748,,0.19761940000171307
389.03173980000065,389.03173980000065,-0.005908018,1806,2026-05-28T13:09:55.772,2026-05-28T13:25:25.772,,389.01436580000154,-253.92,778,2026-05-28T13:09:55.748,2026-05-28T13:25:25.748,,-0.01737399999910849
389.2466917999991,389.2466917999991,-0.00590806,1807,2026-05-28T13:09:55.984,2026-05-28T13:25:25.984,,389.01436580000154,-253.92,778,2026-05-28T13:09:55.748,2026-05-28T13:25:25.748,,-0.2323259999975562
389.4616309999983,389.4616309999983,-0.005908018,1808,2026-05-28T13:09:56.193,2026-05-28T13:25:26.193,,389.51453799999945,-254.0,779,2026-05-28T13:09:56.255,2026-05-28T13:25:26.255,,0.05290700000114157
389.67690930000026,389.67690930000026,-0.005908081,1809,2026-05-28T13:09:56.410,2026-05-28T13:25:26.410,,389.51453799999945,-254.0,779,2026-05-28T13:09:56.255,2026-05-28T13:25:26.255,,-0.1623713000008138
389.891857300001,389.891857300001,-0.005908186,1810,2026-05-28T13:09:56.632,2026-05-28T13:25:26.632,,390.0146234999993,-253.9,780,2026-05-28T13:09:56.751,2026-05-28T13:25:26.751,,0.12276619999829563
390.1072725000013,390.1072725000013,-0.005908071,1811,2026-05-28T13:09:56.838,2026-05-28T13:25:26.838,,390.0146234999993,-253.9,780,2026-05-28T13:09:56.751,2026-05-28T13:25:26.751,,-0.09264900000198395
390.3224795999995,390.3224795999995,-0.005907799,1812,2026-05-28T13:09:57.063,2026-05-28T13:25:27.063,,390.51445049999893,-254.01,781,2026-05-28T13:09:57.253,2026-05-28T13:25:27.253,,0.19197089999943273
390.5374207999994,390.5374207999994,-0.005907861,1813,2026-05-28T13:09:57.273,2026-05-28T13:25:27.273,,390.51445049999893,-254.01,781,2026-05-28T13:09:57.253,2026-05-28T13:25:27.253,,-0.02297030000045197
390.75252349999937,390.75252349999937,-0.00590784,1814,2026-05-28T13:09:57.484,2026-05-28T13:25:27.484,,390.51445049999893,-254.01,781,2026-05-28T13:09:57.253,2026-05-28T13:25:27.253,,-0.23807300000044052
390.9674468999983,390.9674468999983,-0.005907725,1815,2026-05-28T13:09:57.700,2026-05-28T13:25:27.700,,391.01434009999866,-253.93,782,2026-05-28T13:09:57.755,2026-05-28T13:25:27.755,,0.046893200000340585
391.1932511999985,391.1932511999985,-0.005907757,1816,2026-05-28T13:09:57.934,2026-05-28T13:25:27.934,,391.01434009999866,-253.93,782,2026-05-28T13:09:57.755,2026-05-28T13:25:27.755,,-0.1789110999998229
391.40845790000094,391.40845790000094,-0.005907851,1817,2026-05-28T13:09:58.148,2026-05-28T13:25:28.148,,391.51422269999966,-254.02,783,2026-05-28T13:09:58.246,2026-05-28T13:25:28.246,,0.1057647999987239
391.62377149999884,391.62377149999884,-0.00590784,1818,2026-05-28T13:09:58.358,2026-05-28T13:25:28.358,,391.51422269999966,-254.02,783,2026-05-28T13:09:58.246,2026-05-28T13:25:28.246,,-0.10954879999917466
391.83890729999985,391.83890729999985,-0.005907851,1819,2026-05-28T13:09:58.579,2026-05-28T13:25:28.579,,392.01465680000183,-254.05,784,2026-05-28T13:09:58.749,2026-05-28T13:25:28.749,,0.17574950000198442
392.0540465999984,392.0540465999984,-0.005907778,1820,2026-05-28T13:09:58.789,2026-05-28T13:25:28.789,,392.01465680000183,-254.05,784,2026-05-28T13:09:58.749,2026-05-28T13:25:28.749,,-0.03938979999657022
392.2690490999994,392.2690490999994,-0.005907882,1821,2026-05-28T13:09:59.010,2026-05-28T13:25:29.010,,392.51437240000087,-253.94,785,2026-05-28T13:09:59.255,2026-05-28T13:25:29.255,,0.2453233000014734
392.4841626000016,392.4841626000016,-0.005907882,1822,2026-05-28T13:09:59.224,2026-05-28T13:25:29.224,,392.51437240000087,-253.94,785,2026-05-28T13:09:59.255,2026-05-28T13:25:29.255,,0.03020979999928386
392.69929780000166,392.69929780000166,-0.005907966,1823,2026-05-28T13:09:59.438,2026-05-28T13:25:29.438,,392.51437240000087,-253.94,785,2026-05-28T13:09:59.255,2026-05-28T13:25:29.255,,-0.18492540000079316
392.9145280999983,392.9145280999983,-0.00590784,1824,2026-05-28T13:09:59.655,2026-05-28T13:25:29.655,,393.01449969999885,-254.16,786,2026-05-28T13:09:59.753,2026-05-28T13:25:29.753,,0.09997160000057193
393.12957520000055,393.12957520000055,-0.00590783,1825,2026-05-28T13:09:59.864,2026-05-28T13:25:29.864,,393.01449969999885,-254.16,786,2026-05-28T13:09:59.753,2026-05-28T13:25:29.753,,-0.11507550000169431
393.3447229000012,393.3447229000012,-0.00590783,1826,2026-05-28T13:10:00.083,2026-05-28T13:25:30.083,,393.5145826000007,-253.9,787,2026-05-28T13:10:00.247,2026-05-28T13:25:30.247,,0.16985969999950612
393.5597651999997,393.5597651999997,-0.005907903,1827,2026-05-28T13:10:00.296,2026-05-28T13:25:30.296,,393.5145826000007,-253.9,787,2026-05-28T13:10:00.247,2026-05-28T13:25:30.247,,-0.045182599998952355
393.77483610000127,393.77483610000127,-0.005907914,1828,2026-05-28T13:10:00.516,2026-05-28T13:25:30.516,,394.01458750000165,-254.11,788,2026-05-28T13:10:00.755,2026-05-28T13:25:30.755,,0.23975140000038664
393.9899461999994,393.9899461999994,-0.00590784,1829,2026-05-28T13:10:00.723,2026-05-28T13:25:30.723,,394.01458750000165,-254.11,788,2026-05-28T13:10:00.755,2026-05-28T13:25:30.755,,0.024641300002258504
394.2049076000003,394.2049076000003,-0.005908071,1830,2026-05-28T13:10:00.940,2026-05-28T13:25:30.940,,394.01458750000165,-254.11,788,2026-05-28T13:10:00.755,2026-05-28T13:25:30.755,,-0.19032009999864385
394.42039600000135,394.42039600000135,-0.005908186,1831,2026-05-28T13:10:01.159,2026-05-28T13:25:31.159,,394.51451129999987,-253.9,789,2026-05-28T13:10:01.250,2026-05-28T13:25:31.250,,0.09411529999852064
394.6355377,394.6355377,-0.005908039,1832,2026-05-28T13:10:01.371,2026-05-28T13:25:31.371,,394.51451129999987,-253.9,789,2026-05-28T13:10:01.250,2026-05-28T13:25:31.250,,-0.12102640000011888
394.8507274000003,394.8507274000003,-0.005908113,1833,2026-05-28T13:10:01.591,2026-05-28T13:25:31.591,,395.01298189999943,-254.04,790,2026-05-28T13:10:01.747,2026-05-28T13:25:31.747,,0.1622544999991078
395.065845000001,395.065845000001,-0.005908029,1834,2026-05-28T13:10:01.797,2026-05-28T13:25:31.797,,395.01298189999943,-254.04,790,2026-05-28T13:10:01.747,2026-05-28T13:25:31.747,,-0.05286310000155936
395.2809938999999,395.2809938999999,-0.005907977,1835,2026-05-28T13:10:02.013,2026-05-28T13:25:32.013,,395.5144846000003,-254.13,791,2026-05-28T13:10:02.255,2026-05-28T13:25:32.255,,0.23349070000040228
395.49626050000006,395.49626050000006,-0.005907851,1836,2026-05-28T13:10:02.237,2026-05-28T13:25:32.237,,395.5144846000003,-254.13,791,2026-05-28T13:10:02.255,2026-05-28T13:25:32.255,,0.018224100000225008
395.71165380000093,395.71165380000093,-0.005908102,1837,2026-05-28T13:10:02.450,2026-05-28T13:25:32.450,,395.5144846000003,-254.13,791,2026-05-28T13:10:02.255,2026-05-28T13:25:32.255,,-0.1971692000006442
395.9268317999995,395.9268317999995,-0.005907945,1838,2026-05-28T13:10:02.660,2026-05-28T13:25:32.660,,396.01434489999883,-253.97,792,2026-05-28T13:10:02.755,2026-05-28T13:25:32.755,,0.08751309999934165
396.1420786000017,396.1420786000017,-0.005908134,1839,2026-05-28T13:10:02.883,2026-05-28T13:25:32.883,,396.01434489999883,-253.97,792,2026-05-28T13:10:02.755,2026-05-28T13:25:32.755,,-0.12773370000286377
396.35724839999966,396.35724839999966,-0.005908071,1840,2026-05-28T13:10:03.096,2026-05-28T13:25:33.096,,396.51434270000027,-254.19,793,2026-05-28T13:10:03.253,2026-05-28T13:25:33.253,,0.1570943000006082
396.5724760000012,396.5724760000012,-0.005908039,1841,2026-05-28T13:10:03.305,2026-05-28T13:25:33.305,,396.51434270000027,-254.19,793,2026-05-28T13:10:03.253,2026-05-28T13:25:33.253,,-0.0581333000009181
396.78755250000177,396.78755250000177,-0.005907956,1842,2026-05-28T13:10:03.523,2026-05-28T13:25:33.523,,397.0143871,-254.03,794,2026-05-28T13:10:03.755,2026-05-28T13:25:33.755,,0.22683459999825573
397.0024569999987,397.0024569999987,-0.00590784,1843,2026-05-28T13:10:03.741,2026-05-28T13:25:33.741,,397.0143871,-254.03,794,2026-05-28T13:10:03.755,2026-05-28T13:25:33.755,,0.011930100001336541
397.2176302000007,397.2176302000007,-0.005907945,1844,2026-05-28T13:10:03.950,2026-05-28T13:25:33.950,,397.0143871,-254.03,794,2026-05-28T13:10:03.755,2026-05-28T13:25:33.755,,-0.2032431000006909
397.43277659999876,397.43277659999876,-0.005908071,1845,2026-05-28T13:10:04.167,2026-05-28T13:25:34.167,,397.5145540000012,-254.12,795,2026-05-28T13:10:04.247,2026-05-28T13:25:34.247,,0.08177740000246558
397.6479575000012,397.6479575000012,-0.005908008,1846,2026-05-28T13:10:04.386,2026-05-28T13:25:34.386,,397.5145540000012,-254.12,795,2026-05-28T13:10:04.247,2026-05-28T13:25:34.247,,-0.1334034999999858
397.8629132999995,397.8629132999995,-0.005907893,1847,2026-05-28T13:10:04.597,2026-05-28T13:25:34.597,,398.014267999999,-254.12,796,2026-05-28T13:10:04.752,2026-05-28T13:25:34.752,,0.15135469999950146
398.0780550999989,398.0780550999989,-0.005908018,1848,2026-05-28T13:10:04.815,2026-05-28T13:25:34.815,,398.014267999999,-254.12,796,2026-05-28T13:10:04.752,2026-05-28T13:25:34.752,,-0.06378709999989951
398.2933226999994,398.2933226999994,-0.005907767,1849,2026-05-28T13:10:05.032,2026-05-28T13:25:35.032,,398.5144540000001,-254.04,797,2026-05-28T13:10:05.255,2026-05-28T13:25:35.255,,0.2211313000007067
398.50845480000135,398.50845480000135,-0.005907851,1850,2026-05-28T13:10:05.249,2026-05-28T13:25:35.249,,398.5144540000001,-254.04,797,2026-05-28T13:10:05.255,2026-05-28T13:25:35.255,,0.005999199998768745
398.72352859999955,398.72352859999955,-0.005907903,1851,2026-05-28T13:10:05.460,2026-05-28T13:25:35.460,,398.5144540000001,-254.04,797,2026-05-28T13:10:05.255,2026-05-28T13:25:35.255,,-0.20907459999943967
398.9385961000007,398.9385961000007,-0.005907746,1852,2026-05-28T13:10:05.676,2026-05-28T13:25:35.676,,399.0145623999997,-254.29,798,2026-05-28T13:10:05.749,2026-05-28T13:25:35.749,,0.07596629999898141
399.15371249999953,399.15371249999953,-0.005907945,1853,2026-05-28T13:10:05.893,2026-05-28T13:25:35.893,,399.0145623999997,-254.29,798,2026-05-28T13:10:05.749,2026-05-28T13:25:35.749,,-0.1391500999998243
399.36901959999886,399.36901959999886,-0.005907861,1854,2026-05-28T13:10:06.103,2026-05-28T13:25:36.103,,399.5144177000002,-254.03,799,2026-05-28T13:10:06.249,2026-05-28T13:25:36.249,,0.14539810000133002
399.5842582000005,399.5842582000005,-0.005907809,1855,2026-05-28T13:10:06.319,2026-05-28T13:25:36.319,,399.5144177000002,-254.03,799,2026-05-28T13:10:06.249,2026-05-28T13:25:36.249,,-0.06984050000028219
399.79922219999935,399.79922219999935,-0.005907851,1856,2026-05-28T13:10:06.539,2026-05-28T13:25:36.539,,399.5144177000002,-254.03,799,2026-05-28T13:10:06.249,2026-05-28T13:25:36.249,,-0.28480449999915436
400.01448249999885,400.01448249999885,-0.005907778,1857,2026-05-28T13:10:06.746,2026-05-28T13:25:36.746,,399.5144177000002,-254.03,799,2026-05-28T13:10:06.249,2026-05-28T13:25:36.249,,-0.500064799998654
