sensor,indice_balanza,masa_g,error,tiempo_s,fecha_hora_corregida,fecha_hora_pc_sin_corregir,correccion_reloj_s,indice_multimetro,voltaje_V
multimetro,,,,0.41530779999993683,2026-05-28T11:54:02.615,2026-05-28T12:09:32.615,-930,0.0,0.001288493
multimetro,,,,0.6316695999994408,2026-05-28T11:54:02.831,2026-05-28T12:09:32.831,-930,1.0,0.001209111
multimetro,,,,0.8468560000001162,2026-05-28T11:54:03.047,2026-05-28T12:09:33.047,-930,2.0,0.00114647
multimetro,,,,1.061910500000522,2026-05-28T11:54:03.262,2026-05-28T12:09:33.262,-930,3.0,0.00111503
multimetro,,,,1.2769809999990684,2026-05-28T11:54:03.467,2026-05-28T12:09:33.467,-930,4.0,0.001091284
balanza,0.0,,Error desde Arduino: HX711 not found.,1.4199697000003653,2026-05-28T11:54:03.617,2026-05-28T12:09:33.617,-930,,
multimetro,,,,1.4921156000000337,2026-05-28T11:54:03.690,2026-05-28T12:09:33.690,-930,5.0,0.001036203
multimetro,,,,1.706993699999657,2026-05-28T11:54:03.900,2026-05-28T12:09:33.900,-930,6.0,0.000972986
multimetro,,,,1.9220227000005252,2026-05-28T11:54:04.118,2026-05-28T12:09:34.118,-930,7.0,0.0009178
multimetro,,,,2.1369364999991376,2026-05-28T11:54:04.334,2026-05-28T12:09:34.334,-930,8.0,0.000874874
multimetro,,,,2.352065200000652,2026-05-28T11:54:04.551,2026-05-28T12:09:34.551,-930,9.0,0.000832346
balanza,1.0,-7.1,,2.4122643999999127,2026-05-28T11:54:04.610,2026-05-28T12:09:34.610,-930,,
balanza,2.0,,Error desde Arduino: HX711 not found.,2.4354222000001755,2026-05-28T11:54:04.630,2026-05-28T12:09:34.630,-930,,
multimetro,,,,2.5671058999996603,2026-05-28T11:54:04.766,2026-05-28T12:09:34.766,-930,10.0,0.00078341
multimetro,,,,2.782102200000736,2026-05-28T11:54:04.981,2026-05-28T12:09:34.981,-930,11.0,0.0007591
multimetro,,,,2.996928599999592,2026-05-28T11:54:05.197,2026-05-28T12:09:35.197,-930,12.0,0.000731962
multimetro,,,,3.2119851000006747,2026-05-28T11:54:05.406,2026-05-28T12:09:35.406,-930,13.0,0.000678797
multimetro,,,,3.4268018000002485,2026-05-28T11:54:05.627,2026-05-28T12:09:35.627,-930,14.0,0.000665123
balanza,3.0,-18.57,,3.428743000000395,2026-05-28T11:54:05.629,2026-05-28T12:09:35.629,-930,,
balanza,4.0,,Error desde Arduino: HX711 not found.,3.451699200000803,2026-05-28T11:54:05.652,2026-05-28T12:09:35.652,-930,,
multimetro,,,,3.6418128999994224,2026-05-28T11:54:05.837,2026-05-28T12:09:35.837,-930,15.0,0.000652852
multimetro,,,,3.8568099999993137,2026-05-28T11:54:06.050,2026-05-28T12:09:36.050,-930,16.0,0.000641514
multimetro,,,,4.071852700000818,2026-05-28T11:54:06.272,2026-05-28T12:09:36.272,-930,17.0,0.000632489
multimetro,,,,4.286781999999221,2026-05-28T11:54:06.486,2026-05-28T12:09:36.486,-930,18.0,0.000622103
balanza,5.0,-25.51,,4.445399599999291,2026-05-28T11:54:06.641,2026-05-28T12:09:36.641,-930,,
balanza,6.0,-28.23,,4.458510700000261,2026-05-28T11:54:06.651,2026-05-28T12:09:36.651,-930,,
balanza,7.0,,Error desde Arduino: HX711 not found.,4.481635899999674,2026-05-28T11:54:06.681,2026-05-28T12:09:36.681,-930,,
multimetro,,,,4.501801700000215,2026-05-28T11:54:06.699,2026-05-28T12:09:36.699,-930,19.0,0.000636206
multimetro,,,,4.716691999999966,2026-05-28T11:54:06.916,2026-05-28T12:09:36.916,-930,20.0,0.000660328
multimetro,,,,4.931812400000126,2026-05-28T11:54:07.126,2026-05-28T12:09:37.126,-930,21.0,0.000666966
multimetro,,,,5.146637899999405,2026-05-28T11:54:07.342,2026-05-28T12:09:37.342,-930,22.0,0.000683749
multimetro,,,,5.361624600000141,2026-05-28T11:54:07.561,2026-05-28T12:09:37.561,-930,23.0,0.000672389
balanza,8.0,-25.02,,5.475324400000318,2026-05-28T11:54:07.671,2026-05-28T12:09:37.671,-930,,
balanza,9.0,,Error desde Arduino: HX711 not found.,5.498369099999763,2026-05-28T11:54:07.691,2026-05-28T12:09:37.691,-930,,
multimetro,,,,5.576440400000138,2026-05-28T11:54:07.768,2026-05-28T12:09:37.768,-930,24.0,0.000688157
multimetro,,,,5.7914051999996445,2026-05-28T11:54:07.988,2026-05-28T12:09:37.988,-930,25.0,0.000688575
multimetro,,,,6.006189600000653,2026-05-28T11:54:08.205,2026-05-28T12:09:38.205,-930,26.0,0.000685906
multimetro,,,,6.221170900000288,2026-05-28T11:54:08.419,2026-05-28T12:09:38.419,-930,27.0,0.000641985
multimetro,,,,6.436192699999083,2026-05-28T11:54:08.636,2026-05-28T12:09:38.636,-930,28.0,0.000621736
balanza,10.0,-24.43,,6.492369499999768,2026-05-28T11:54:08.684,2026-05-28T12:09:38.684,-930,,
balanza,11.0,,Error desde Arduino: HX711 not found.,6.515659099999539,2026-05-28T11:54:08.715,2026-05-28T12:09:38.715,-930,,
multimetro,,,,6.6514194999999745,2026-05-28T11:54:08.852,2026-05-28T12:09:38.852,-930,29.0,0.000604744
multimetro,,,,6.866492499999367,2026-05-28T11:54:09.059,2026-05-28T12:09:39.059,-930,30.0,0.00057301
multimetro,,,,7.0815007999990485,2026-05-28T11:54:09.281,2026-05-28T12:09:39.281,-930,31.0,0.000573638
multimetro,,,,7.296910299999581,2026-05-28T11:54:09.497,2026-05-28T12:09:39.497,-930,32.0,0.000578287
balanza,12.0,-29.71,,7.509701299999506,2026-05-28T11:54:09.705,2026-05-28T12:09:39.705,-930,,
multimetro,,,,7.512058700000125,2026-05-28T11:54:09.705,2026-05-28T12:09:39.705,-930,33.0,0.000577386
balanza,13.0,-29.88,,7.52384340000026,2026-05-28T11:54:09.719,2026-05-28T12:09:39.719,-930,,
balanza,14.0,,Error desde Arduino: HX711 not found.,7.545630999999048,2026-05-28T11:54:09.746,2026-05-28T12:09:39.746,-930,,
multimetro,,,,7.726883600000292,2026-05-28T11:54:09.925,2026-05-28T12:09:39.925,-930,34.0,0.000571188
multimetro,,,,7.942025799999101,2026-05-28T11:54:10.142,2026-05-28T12:09:40.142,-930,35.0,0.000526284
multimetro,,,,8.157164199999897,2026-05-28T11:54:10.350,2026-05-28T12:09:40.350,-930,36.0,0.000501805
multimetro,,,,8.371966099999554,2026-05-28T11:54:10.567,2026-05-28T12:09:40.567,-930,37.0,0.000502643
balanza,15.0,-30.66,,8.541644999999335,2026-05-28T11:54:10.739,2026-05-28T12:09:40.739,-930,,
balanza,16.0,,Error desde Arduino: HX711 not found.,8.564955199999531,2026-05-28T11:54:10.765,2026-05-28T12:09:40.765,-930,,
multimetro,,,,8.587019299999156,2026-05-28T11:54:10.785,2026-05-28T12:09:40.785,-930,38.0,0.000495974
multimetro,,,,8.802089900000283,2026-05-28T11:54:10.995,2026-05-28T12:09:40.995,-930,39.0,0.000452838
balanza,17.0,,could not convert string to float: '\x01-30.30',8.859953600000154,2026-05-28T11:54:11.055,2026-05-28T12:09:41.055,-930,,
balanza,18.0,-29.88,,9.01351810000051,2026-05-28T11:54:11.212,2026-05-28T12:09:41.212,-930,,
multimetro,,,,9.01717009999993,2026-05-28T11:54:11.217,2026-05-28T12:09:41.217,-930,40.0,0.000428088
multimetro,,,,9.232003799999802,2026-05-28T11:54:11.432,2026-05-28T12:09:41.432,-930,41.0,0.000416539
multimetro,,,,9.446945800000321,2026-05-28T11:54:11.642,2026-05-28T12:09:41.642,-930,42.0,0.000391956
balanza,19.0,-30.34,,9.51342029999978,2026-05-28T11:54:11.714,2026-05-28T12:09:41.714,-930,,
multimetro,,,,9.66201799999908,2026-05-28T11:54:11.862,2026-05-28T12:09:41.862,-930,43.0,0.000345596
multimetro,,,,9.877112699999998,2026-05-28T11:54:12.068,2026-05-28T12:09:42.068,-930,44.0,0.000330625
balanza,20.0,-31.47,,10.013467500000843,2026-05-28T11:54:12.208,2026-05-28T12:09:42.208,-930,,
multimetro,,,,10.091884400000708,2026-05-28T11:54:12.292,2026-05-28T12:09:42.292,-930,45.0,0.000300775
multimetro,,,,10.307015500000489,2026-05-28T11:54:12.505,2026-05-28T12:09:42.505,-930,46.0,0.00026521
balanza,21.0,-31.95,,10.51340270000037,2026-05-28T11:54:12.705,2026-05-28T12:09:42.705,-930,,
multimetro,,,,10.521990999999616,2026-05-28T11:54:12.719,2026-05-28T12:09:42.719,-930,47.0,0.000236198
multimetro,,,,10.737127399999736,2026-05-28T11:54:12.935,2026-05-28T12:09:42.935,-930,48.0,0.000213122
multimetro,,,,10.952316499999142,2026-05-28T11:54:13.152,2026-05-28T12:09:43.152,-930,49.0,0.000195785
balanza,22.0,-33.2,,11.013823299999785,2026-05-28T11:54:13.210,2026-05-28T12:09:43.210,-930,,
multimetro,,,,11.167406099999425,2026-05-28T11:54:13.362,2026-05-28T12:09:43.362,-930,50.0,0.000166354
multimetro,,,,11.382404699999825,2026-05-28T11:54:13.582,2026-05-28T12:09:43.582,-930,51.0,0.000144022
balanza,23.0,-33.18,,11.513385000000198,2026-05-28T11:54:13.709,2026-05-28T12:09:43.709,-930,,
multimetro,,,,11.597608800000671,2026-05-28T11:54:13.792,2026-05-28T12:09:43.792,-930,52.0,0.000109294
multimetro,,,,11.812708400000702,2026-05-28T11:54:14.008,2026-05-28T12:09:44.008,-930,53.0,9.6563e-05
balanza,24.0,-32.9,,12.013182500000767,2026-05-28T11:54:14.205,2026-05-28T12:09:44.205,-930,,
multimetro,,,,12.02753759999905,2026-05-28T11:54:14.219,2026-05-28T12:09:44.219,-930,54.0,8.9914e-05
multimetro,,,,12.242632699999376,2026-05-28T11:54:14.437,2026-05-28T12:09:44.437,-930,55.0,5.3888e-05
multimetro,,,,12.457596000000194,2026-05-28T11:54:14.656,2026-05-28T12:09:44.656,-930,56.0,5.3312e-05
balanza,25.0,-33.81,,12.51367670000036,2026-05-28T11:54:14.710,2026-05-28T12:09:44.710,-930,,
multimetro,,,,12.672727699999086,2026-05-28T11:54:14.871,2026-05-28T12:09:44.871,-930,57.0,3.7461e-05
multimetro,,,,12.887396399999488,2026-05-28T11:54:15.087,2026-05-28T12:09:45.087,-930,58.0,8.638e-06
balanza,26.0,-34.25,,13.013313600000401,2026-05-28T11:54:15.211,2026-05-28T12:09:45.211,-930,,
multimetro,,,,13.102522099999987,2026-05-28T11:54:15.302,2026-05-28T12:09:45.302,-930,59.0,-7.64e-07
multimetro,,,,13.317501899999115,2026-05-28T11:54:15.518,2026-05-28T12:09:45.518,-930,60.0,-1.3914e-05
balanza,27.0,-34.98,,13.513209599999755,2026-05-28T11:54:15.710,2026-05-28T12:09:45.710,-930,,
multimetro,,,,13.532514299999093,2026-05-28T11:54:15.732,2026-05-28T12:09:45.732,-930,61.0,-9.601e-06
multimetro,,,,13.747575199999119,2026-05-28T11:54:15.947,2026-05-28T12:09:45.947,-930,62.0,-2.898e-05
multimetro,,,,13.962601799999902,2026-05-28T11:54:16.154,2026-05-28T12:09:46.154,-930,63.0,-3.9461e-05
balanza,28.0,-36.31,,14.013334600000235,2026-05-28T11:54:16.211,2026-05-28T12:09:46.211,-930,,
multimetro,,,,14.177630700000009,2026-05-28T11:54:16.377,2026-05-28T12:09:46.377,-930,64.0,-3.6215e-05
multimetro,,,,14.392676600000414,2026-05-28T11:54:16.586,2026-05-28T12:09:46.586,-930,65.0,-3.5053e-05
balanza,29.0,-36.94,,14.513729500000409,2026-05-28T11:54:16.710,2026-05-28T12:09:46.710,-930,,
multimetro,,,,14.607699099999081,2026-05-28T11:54:16.804,2026-05-28T12:09:46.804,-930,66.0,-3.878e-05
multimetro,,,,14.822904000000563,2026-05-28T11:54:17.023,2026-05-28T12:09:47.023,-930,67.0,-6.0662e-05
balanza,30.0,-37.35,,15.013301099999808,2026-05-28T11:54:17.210,2026-05-28T12:09:47.210,-930,,
multimetro,,,,15.037903700000243,2026-05-28T11:54:17.234,2026-05-28T12:09:47.234,-930,68.0,-8.1622e-05
multimetro,,,,15.253113599999779,2026-05-28T11:54:17.451,2026-05-28T12:09:47.451,-930,69.0,-8.9663e-05
multimetro,,,,15.468257799999265,2026-05-28T11:54:17.667,2026-05-28T12:09:47.667,-930,70.0,-9.8709e-05
balanza,31.0,-37.73,,15.513320899999599,2026-05-28T11:54:17.711,2026-05-28T12:09:47.711,-930,,
multimetro,,,,15.683127799999056,2026-05-28T11:54:17.883,2026-05-28T12:09:47.883,-930,71.0,-0.000133029
multimetro,,,,15.898371900000711,2026-05-28T11:54:18.094,2026-05-28T12:09:48.094,-930,72.0,-0.000155842
balanza,32.0,-38.15,,16.013350600000194,2026-05-28T11:54:18.210,2026-05-28T12:09:48.210,-930,,
multimetro,,,,16.113261599999532,2026-05-28T11:54:18.310,2026-05-28T12:09:48.310,-930,73.0,-0.000172406
multimetro,,,,16.32832099999905,2026-05-28T11:54:18.528,2026-05-28T12:09:48.528,-930,74.0,-0.000193848
balanza,33.0,-38.23,,16.513280200000736,2026-05-28T11:54:18.704,2026-05-28T12:09:48.704,-930,,
multimetro,,,,16.54356430000007,2026-05-28T11:54:18.743,2026-05-28T12:09:48.743,-930,75.0,-0.000222168
multimetro,,,,16.75869319999947,2026-05-28T11:54:18.958,2026-05-28T12:09:48.958,-930,76.0,-0.000223477
multimetro,,,,16.97371369999928,2026-05-28T11:54:19.167,2026-05-28T12:09:49.167,-930,77.0,-0.00023111
balanza,34.0,-38.47,,17.013403999999355,2026-05-28T11:54:19.211,2026-05-28T12:09:49.211,-930,,
multimetro,,,,17.188701299999593,2026-05-28T11:54:19.388,2026-05-28T12:09:49.388,-930,78.0,-0.000246196
multimetro,,,,17.403837800000474,2026-05-28T11:54:19.600,2026-05-28T12:09:49.600,-930,79.0,-0.000247264
balanza,35.0,-38.27,,17.513202300000557,2026-05-28T11:54:19.710,2026-05-28T12:09:49.710,-930,,
multimetro,,,,17.618967399999747,2026-05-28T11:54:19.819,2026-05-28T12:09:49.819,-930,80.0,-0.0002846
multimetro,,,,17.833994799999346,2026-05-28T11:54:20.034,2026-05-28T12:09:50.034,-930,81.0,-0.000303539
balanza,36.0,-40.97,,18.013316900000063,2026-05-28T11:54:20.210,2026-05-28T12:09:50.210,-930,,
multimetro,,,,18.049212300000363,2026-05-28T11:54:20.244,2026-05-28T12:09:50.244,-930,82.0,-0.000324144
multimetro,,,,18.264186500000505,2026-05-28T11:54:20.464,2026-05-28T12:09:50.464,-930,83.0,-0.000337388
multimetro,,,,18.47916140000052,2026-05-28T11:54:20.677,2026-05-28T12:09:50.677,-930,84.0,-0.000367405
balanza,37.0,-40.09,,18.513242799999716,2026-05-28T11:54:20.713,2026-05-28T12:09:50.713,-930,,
multimetro,,,,18.694299599999795,2026-05-28T11:54:20.894,2026-05-28T12:09:50.894,-930,85.0,-0.000398814
multimetro,,,,18.9094010000008,2026-05-28T11:54:21.100,2026-05-28T12:09:51.100,-930,86.0,-0.000415189
balanza,38.0,-42.32,,19.013108499999362,2026-05-28T11:54:21.210,2026-05-28T12:09:51.210,-930,,
multimetro,,,,19.124498699999094,2026-05-28T11:54:21.325,2026-05-28T12:09:51.325,-930,87.0,-0.000413514
multimetro,,,,19.33965530000023,2026-05-28T11:54:21.537,2026-05-28T12:09:51.537,-930,88.0,-0.000403923
balanza,39.0,-41.26,,19.51328570000078,2026-05-28T11:54:21.710,2026-05-28T12:09:51.710,-930,,
multimetro,,,,19.554733099999794,2026-05-28T11:54:21.754,2026-05-28T12:09:51.754,-930,89.0,-0.000424957
multimetro,,,,19.769713499999853,2026-05-28T11:54:21.970,2026-05-28T12:09:51.970,-930,90.0,-0.000440515
multimetro,,,,19.984768399999666,2026-05-28T11:54:22.184,2026-05-28T12:09:52.184,-930,91.0,-0.00044663
balanza,40.0,-41.74,,20.013343000000532,2026-05-28T11:54:22.214,2026-05-28T12:09:52.214,-930,,
multimetro,,,,20.199781499999517,2026-05-28T11:54:22.400,2026-05-28T12:09:52.400,-930,92.0,-0.000461633
multimetro,,,,20.414860700000645,2026-05-28T11:54:22.610,2026-05-28T12:09:52.610,-930,93.0,-0.000479494
balanza,41.0,-43.5,,20.51378880000084,2026-05-28T11:54:22.710,2026-05-28T12:09:52.710,-930,,
multimetro,,,,20.629683600000135,2026-05-28T11:54:22.829,2026-05-28T12:09:52.829,-930,94.0,-0.000502004
multimetro,,,,20.84491479999997,2026-05-28T11:54:23.038,2026-05-28T12:09:53.038,-930,95.0,-0.000524263
balanza,42.0,-43.06,,21.01315969999996,2026-05-28T11:54:23.210,2026-05-28T12:09:53.210,-930,,
multimetro,,,,21.059950999999273,2026-05-28T11:54:23.259,2026-05-28T12:09:53.259,-930,96.0,-0.000542784
multimetro,,,,21.27503909999905,2026-05-28T11:54:23.475,2026-05-28T12:09:53.475,-930,97.0,-0.000560143
multimetro,,,,21.490160400000605,2026-05-28T11:54:23.690,2026-05-28T12:09:53.690,-930,98.0,-0.000571837
balanza,43.0,-44.48,,21.513128000000506,2026-05-28T11:54:23.713,2026-05-28T12:09:53.713,-930,,
multimetro,,,,21.704996599999504,2026-05-28T11:54:23.900,2026-05-28T12:09:53.900,-930,99.0,-0.00059575
multimetro,,,,21.92015050000009,2026-05-28T11:54:24.119,2026-05-28T12:09:54.119,-930,100.0,-0.000608461
balanza,44.0,-44.59,,22.013182799999413,2026-05-28T11:54:24.210,2026-05-28T12:09:54.210,-930,,
multimetro,,,,22.135338300000512,2026-05-28T11:54:24.334,2026-05-28T12:09:54.334,-930,101.0,-0.00063185
multimetro,,,,22.35038589999931,2026-05-28T11:54:24.550,2026-05-28T12:09:54.550,-930,102.0,-0.000641985
balanza,45.0,-44.81,,22.51330330000019,2026-05-28T11:54:24.710,2026-05-28T12:09:54.710,-930,,
multimetro,,,,22.56544650000069,2026-05-28T11:54:24.764,2026-05-28T12:09:54.764,-930,103.0,-0.000653177
multimetro,,,,22.780606799999077,2026-05-28T11:54:24.971,2026-05-28T12:09:54.971,-930,104.0,-0.00067219
multimetro,,,,22.99558909999905,2026-05-28T11:54:25.193,2026-05-28T12:09:55.193,-930,105.0,-0.000688827
balanza,46.0,-44.98,,23.013696300000447,2026-05-28T11:54:25.214,2026-05-28T12:09:55.214,-930,,
multimetro,,,,23.210496600000624,2026-05-28T11:54:25.408,2026-05-28T12:09:55.408,-930,106.0,-0.000704123
multimetro,,,,23.425325500000326,2026-05-28T11:54:25.625,2026-05-28T12:09:55.625,-930,107.0,-0.000715148
balanza,47.0,-45.5,,23.513184499999625,2026-05-28T11:54:25.710,2026-05-28T12:09:55.710,-930,,
multimetro,,,,23.640389099999084,2026-05-28T11:54:25.834,2026-05-28T12:09:55.834,-930,108.0,-0.000729994
multimetro,,,,23.85553330000039,2026-05-28T11:54:26.050,2026-05-28T12:09:56.050,-930,109.0,-0.000747415
balanza,48.0,-45.14,,24.013691300000573,2026-05-28T11:54:26.210,2026-05-28T12:09:56.210,-930,,
multimetro,,,,24.070665400000507,2026-05-28T11:54:26.267,2026-05-28T12:09:56.267,-930,110.0,-0.000755299
multimetro,,,,24.285926000000472,2026-05-28T11:54:26.484,2026-05-28T12:09:56.484,-930,111.0,-0.000771443
multimetro,,,,24.50093829999969,2026-05-28T11:54:26.701,2026-05-28T12:09:56.701,-930,112.0,-0.000784007
balanza,49.0,-46.92,,24.513824800000293,2026-05-28T11:54:26.714,2026-05-28T12:09:56.714,-930,,
multimetro,,,,24.715961399999287,2026-05-28T11:54:26.910,2026-05-28T12:09:56.910,-930,113.0,-0.000798005
multimetro,,,,24.931001700000706,2026-05-28T11:54:27.130,2026-05-28T12:09:57.130,-930,114.0,-0.000818296
balanza,50.0,-46.54,,25.013327099999515,2026-05-28T11:54:27.205,2026-05-28T12:09:57.205,-930,,
multimetro,,,,25.146101700000145,2026-05-28T11:54:27.345,2026-05-28T12:09:57.345,-930,115.0,-0.000829959
multimetro,,,,25.360923599999296,2026-05-28T11:54:27.560,2026-05-28T12:09:57.560,-930,116.0,-0.000851076
balanza,51.0,-46.63,,25.5136607000004,2026-05-28T11:54:27.710,2026-05-28T12:09:57.710,-930,,
multimetro,,,,25.57610829999976,2026-05-28T11:54:27.767,2026-05-28T12:09:57.767,-930,117.0,-0.000854511
multimetro,,,,25.791118499999357,2026-05-28T11:54:27.984,2026-05-28T12:09:57.984,-930,118.0,-0.000876843
multimetro,,,,26.00624389999939,2026-05-28T11:54:28.201,2026-05-28T12:09:58.201,-930,119.0,-0.000896233
balanza,52.0,-48.37,,26.013721900000746,2026-05-28T11:54:28.214,2026-05-28T12:09:58.214,-930,,
multimetro,,,,26.221339600000647,2026-05-28T11:54:28.421,2026-05-28T12:09:58.421,-930,120.0,-0.0009062
multimetro,,,,26.436241600000358,2026-05-28T11:54:28.634,2026-05-28T12:09:58.634,-930,121.0,-0.000922868
balanza,53.0,-47.35,,26.513660500000697,2026-05-28T11:54:28.710,2026-05-28T12:09:58.710,-930,,
multimetro,,,,26.651352299999417,2026-05-28T11:54:28.846,2026-05-28T12:09:58.846,-930,122.0,-0.00092447
multimetro,,,,26.866490099999282,2026-05-28T11:54:29.067,2026-05-28T12:09:59.067,-930,123.0,-0.000942603
balanza,54.0,-50.1,,27.01325999999972,2026-05-28T11:54:29.210,2026-05-28T12:09:59.210,-930,,
multimetro,,,,27.081496299999344,2026-05-28T11:54:29.277,2026-05-28T12:09:59.277,-930,124.0,-0.000966212
multimetro,,,,27.296491299999616,2026-05-28T11:54:29.496,2026-05-28T12:09:59.496,-930,125.0,-0.000974033
multimetro,,,,27.511512900000525,2026-05-28T11:54:29.710,2026-05-28T12:09:59.710,-930,126.0,-0.000986044
balanza,55.0,-47.21,,27.513750800000707,2026-05-28T11:54:29.710,2026-05-28T12:09:59.710,-930,,
multimetro,,,,27.726408399999855,2026-05-28T11:54:29.926,2026-05-28T12:09:59.926,-930,127.0,-0.000994786
multimetro,,,,27.941344499999104,2026-05-28T11:54:30.134,2026-05-28T12:10:00.134,-930,128.0,-0.001008942
balanza,56.0,-48.24,,28.013329199999134,2026-05-28T11:54:30.210,2026-05-28T12:10:00.210,-930,,
multimetro,,,,28.156515700000455,2026-05-28T11:54:30.350,2026-05-28T12:10:00.350,-930,129.0,-0.001024374
multimetro,,,,28.371538299999884,2026-05-28T11:54:30.571,2026-05-28T12:10:00.571,-930,130.0,-0.001040257
balanza,57.0,-50.95,,28.51322430000073,2026-05-28T11:54:30.710,2026-05-28T12:10:00.710,-930,,
multimetro,,,,28.58662689999983,2026-05-28T11:54:30.786,2026-05-28T12:10:00.786,-930,131.0,-0.001052527
multimetro,,,,28.801706899999772,2026-05-28T11:54:31.002,2026-05-28T12:10:01.002,-930,132.0,-0.001056474
balanza,58.0,-50.18,,29.013228899999376,2026-05-28T11:54:31.212,2026-05-28T12:10:01.212,-930,,
multimetro,,,,29.016607899999144,2026-05-28T11:54:31.216,2026-05-28T12:10:01.216,-930,133.0,-0.001074807
multimetro,,,,29.231712400000106,2026-05-28T11:54:31.432,2026-05-28T12:10:01.432,-930,134.0,-0.00109003
multimetro,,,,29.447185900000477,2026-05-28T11:54:31.638,2026-05-28T12:10:01.638,-930,135.0,-0.001106677
balanza,59.0,-49.37,,29.513326500000403,2026-05-28T11:54:31.713,2026-05-28T12:10:01.713,-930,,
multimetro,,,,29.662093999999342,2026-05-28T11:54:31.862,2026-05-28T12:10:01.862,-930,136.0,-0.001121345
multimetro,,,,29.877263300000777,2026-05-28T11:54:32.077,2026-05-28T12:10:02.077,-930,137.0,-0.001125941
balanza,60.0,-50.74,,30.013073000000077,2026-05-28T11:54:32.210,2026-05-28T12:10:02.210,-930,,
multimetro,,,,30.09241269999984,2026-05-28T11:54:32.284,2026-05-28T12:10:02.284,-930,138.0,-0.001142431
multimetro,,,,30.307338399999935,2026-05-28T11:54:32.500,2026-05-28T12:10:02.500,-930,139.0,-0.001155832
balanza,61.0,-51.27,,30.51327499999934,2026-05-28T11:54:32.704,2026-05-28T12:10:02.704,-930,,
multimetro,,,,30.522592400000576,2026-05-28T11:54:32.723,2026-05-28T12:10:02.723,-930,140.0,-0.001166354
multimetro,,,,30.73753949999991,2026-05-28T11:54:32.934,2026-05-28T12:10:02.934,-930,141.0,-0.001179651
multimetro,,,,30.95269980000012,2026-05-28T11:54:33.150,2026-05-28T12:10:03.150,-930,142.0,-0.001193251
balanza,62.0,-51.87,,31.01332150000053,2026-05-28T11:54:33.210,2026-05-28T12:10:03.210,-930,,
multimetro,,,,31.167787500000486,2026-05-28T11:54:33.367,2026-05-28T12:10:03.367,-930,143.0,-0.001210652
multimetro,,,,31.383013999999093,2026-05-28T11:54:33.583,2026-05-28T12:10:03.583,-930,144.0,-0.00121775
balanza,63.0,-51.27,,31.513273200000185,2026-05-28T11:54:33.710,2026-05-28T12:10:03.710,-930,,
multimetro,,,,31.598082299999078,2026-05-28T11:54:33.794,2026-05-28T12:10:03.794,-930,145.0,-0.001228231
multimetro,,,,31.81308539999918,2026-05-28T11:54:34.012,2026-05-28T12:10:04.012,-930,146.0,-0.001242302
balanza,64.0,-51.94,,32.013295099999596,2026-05-28T11:54:34.204,2026-05-28T12:10:04.204,-930,,
multimetro,,,,32.02822510000078,2026-05-28T11:54:34.228,2026-05-28T12:10:04.228,-930,147.0,-0.001251871
multimetro,,,,32.2435643000008,2026-05-28T11:54:34.443,2026-05-28T12:10:04.443,-930,148.0,-0.001269136
multimetro,,,,32.45901729999969,2026-05-28T11:54:34.650,2026-05-28T12:10:04.650,-930,149.0,-0.001280894
balanza,65.0,-53.11,,32.5133122999996,2026-05-28T11:54:34.710,2026-05-28T12:10:04.710,-930,,
multimetro,,,,32.67425279999952,2026-05-28T11:54:34.871,2026-05-28T12:10:04.871,-930,150.0,-0.00129819
multimetro,,,,32.889458300000115,2026-05-28T11:54:35.084,2026-05-28T12:10:05.084,-930,151.0,-0.00130533
balanza,66.0,-52.3,,33.01381079999919,2026-05-28T11:54:35.210,2026-05-28T12:10:05.210,-930,,
multimetro,,,,33.104648099999395,2026-05-28T11:54:35.300,2026-05-28T12:10:05.300,-930,152.0,-0.001316857
multimetro,,,,33.319866199999524,2026-05-28T11:54:35.519,2026-05-28T12:10:05.519,-930,153.0,-0.001330656
balanza,67.0,-52.84,,33.51362960000006,2026-05-28T11:54:35.710,2026-05-28T12:10:05.710,-930,,
multimetro,,,,33.53501900000083,2026-05-28T11:54:35.734,2026-05-28T12:10:05.734,-930,154.0,-0.001344194
multimetro,,,,33.750088900000264,2026-05-28T11:54:35.950,2026-05-28T12:10:05.950,-930,155.0,-0.001358454
multimetro,,,,33.965469900000244,2026-05-28T11:54:36.160,2026-05-28T12:10:06.160,-930,156.0,-0.001368766
balanza,68.0,-53.41,,34.01331009999922,2026-05-28T11:54:36.213,2026-05-28T12:10:06.213,-930,,
multimetro,,,,34.1805473000004,2026-05-28T11:54:36.377,2026-05-28T12:10:06.377,-930,157.0,-0.001382702
multimetro,,,,34.39564729999984,2026-05-28T11:54:36.594,2026-05-28T12:10:06.594,-930,158.0,-0.001395265
balanza,69.0,-53.85,,34.51368580000053,2026-05-28T11:54:36.710,2026-05-28T12:10:06.710,-930,,
multimetro,,,,34.610722199999145,2026-05-28T11:54:36.810,2026-05-28T12:10:06.810,-930,159.0,-0.001416414
multimetro,,,,34.82589510000071,2026-05-28T11:54:37.017,2026-05-28T12:10:07.017,-930,160.0,-0.001432915
balanza,70.0,-54.12,,35.01336649999939,2026-05-28T11:54:37.204,2026-05-28T12:10:07.204,-930,,
multimetro,,,,35.040985899999214,2026-05-28T11:54:37.234,2026-05-28T12:10:07.234,-930,161.0,-0.001429187
multimetro,,,,35.255893300000025,2026-05-28T11:54:37.454,2026-05-28T12:10:07.454,-930,162.0,-0.001442348
multimetro,,,,35.47123819999979,2026-05-28T11:54:37.667,2026-05-28T12:10:07.667,-930,163.0,-0.001457529
balanza,71.0,-55.24,,35.51363680000031,2026-05-28T11:54:37.710,2026-05-28T12:10:07.710,-930,,
multimetro,,,,35.68619050000052,2026-05-28T11:54:37.884,2026-05-28T12:10:07.884,-930,164.0,-0.001470731
multimetro,,,,35.901344800000516,2026-05-28T11:54:38.100,2026-05-28T12:10:08.100,-930,165.0,-0.001483923
balanza,72.0,-53.01,,36.01364020000074,2026-05-28T11:54:38.210,2026-05-28T12:10:08.210,-930,,
multimetro,,,,36.116428900000756,2026-05-28T11:54:38.316,2026-05-28T12:10:08.316,-930,166.0,-0.001494173
multimetro,,,,36.33159589999923,2026-05-28T11:54:38.527,2026-05-28T12:10:08.527,-930,167.0,-0.001508873
balanza,73.0,-56.48,,36.51318440000068,2026-05-28T11:54:38.711,2026-05-28T12:10:08.711,-930,,
multimetro,,,,36.54656690000047,2026-05-28T11:54:38.743,2026-05-28T12:10:08.743,-930,168.0,-0.001520546
multimetro,,,,36.761759700000766,2026-05-28T11:54:38.960,2026-05-28T12:10:08.960,-930,169.0,-0.001534942
multimetro,,,,36.97660460000043,2026-05-28T11:54:39.177,2026-05-28T12:10:09.177,-930,170.0,-0.00154381
balanza,74.0,-53.71,,37.013241099999505,2026-05-28T11:54:39.211,2026-05-28T12:10:09.211,-930,,
multimetro,,,,37.191839099999925,2026-05-28T11:54:39.386,2026-05-28T12:10:09.386,-930,171.0,-0.001552008
multimetro,,,,37.40683969999918,2026-05-28T11:54:39.607,2026-05-28T12:10:09.607,-930,172.0,-0.001566467
balanza,75.0,-55.27,,37.51381319999928,2026-05-28T11:54:39.710,2026-05-28T12:10:09.710,-930,,
multimetro,,,,37.622028699999646,2026-05-28T11:54:39.821,2026-05-28T12:10:09.821,-930,173.0,-0.00157322
multimetro,,,,37.837173100000655,2026-05-28T11:54:40.037,2026-05-28T12:10:10.037,-930,174.0,-0.001586768
balanza,76.0,-56.41,,38.01368990000083,2026-05-28T11:54:40.210,2026-05-28T12:10:10.210,-930,,
multimetro,,,,38.05248109999957,2026-05-28T11:54:40.250,2026-05-28T12:10:10.250,-930,175.0,-0.001595311
multimetro,,,,38.267859400000816,2026-05-28T11:54:40.467,2026-05-28T12:10:10.467,-930,176.0,-0.001604901
multimetro,,,,38.48286670000016,2026-05-28T11:54:40.681,2026-05-28T12:10:10.681,-930,177.0,-0.00161556
balanza,77.0,-56.44,,38.51321459999963,2026-05-28T11:54:40.713,2026-05-28T12:10:10.713,-930,,
multimetro,,,,38.698212799999965,2026-05-28T11:54:40.898,2026-05-28T12:10:10.898,-930,178.0,-0.001628416
multimetro,,,,38.91347250000035,2026-05-28T11:54:41.110,2026-05-28T12:10:11.110,-930,179.0,-0.001644226
balanza,78.0,-55.02,,39.01371140000083,2026-05-28T11:54:41.210,2026-05-28T12:10:11.210,-930,,
multimetro,,,,39.12865480000073,2026-05-28T11:54:41.329,2026-05-28T12:10:11.329,-930,180.0,-0.001654046
multimetro,,,,39.34395519999998,2026-05-28T11:54:41.544,2026-05-28T12:10:11.544,-930,181.0,-0.001669887
balanza,79.0,-58.18,,39.51374699999906,2026-05-28T11:54:41.710,2026-05-28T12:10:11.710,-930,,
multimetro,,,,39.55893450000076,2026-05-28T11:54:41.756,2026-05-28T12:10:11.756,-930,182.0,-0.001683477
multimetro,,,,39.77417299999979,2026-05-28T11:54:41.967,2026-05-28T12:10:11.967,-930,183.0,-0.001696051
multimetro,,,,39.989249199999904,2026-05-28T11:54:42.184,2026-05-28T12:10:12.184,-930,184.0,-0.001708468
balanza,80.0,-56.22,,40.01328959999955,2026-05-28T11:54:42.213,2026-05-28T12:10:12.213,-930,,
multimetro,,,,40.20446819999961,2026-05-28T11:54:42.400,2026-05-28T12:10:12.400,-930,185.0,-0.001719221
multimetro,,,,40.41940539999996,2026-05-28T11:54:42.617,2026-05-28T12:10:12.617,-930,186.0,-0.001732256
balanza,81.0,-57.01,,40.51377239999965,2026-05-28T11:54:42.710,2026-05-28T12:10:12.710,-930,,
multimetro,,,,40.634620599999835,2026-05-28T11:54:42.834,2026-05-28T12:10:12.834,-930,187.0,-0.001742474
multimetro,,,,40.8495712999993,2026-05-28T11:54:43.043,2026-05-28T12:10:13.043,-930,188.0,-0.001758744
balanza,82.0,-60.07,,41.013344200000574,2026-05-28T11:54:43.205,2026-05-28T12:10:13.205,-930,,
multimetro,,,,41.06502689999979,2026-05-28T11:54:43.263,2026-05-28T12:10:13.263,-930,189.0,-0.001773852
multimetro,,,,41.28018680000059,2026-05-28T11:54:43.477,2026-05-28T12:10:13.477,-930,190.0,-0.001784521
multimetro,,,,41.49529040000016,2026-05-28T11:54:43.694,2026-05-28T12:10:13.694,-930,191.0,-0.001797482
balanza,83.0,-58.0,,41.51368860000002,2026-05-28T11:54:43.714,2026-05-28T12:10:13.714,-930,,
multimetro,,,,41.71063049999975,2026-05-28T11:54:43.910,2026-05-28T12:10:13.910,-930,192.0,-0.001809638
multimetro,,,,41.925821099999666,2026-05-28T11:54:44.117,2026-05-28T12:10:14.117,-930,193.0,-0.001823206
balanza,84.0,-59.77,,42.01322380000056,2026-05-28T11:54:44.210,2026-05-28T12:10:14.210,-930,,
multimetro,,,,42.14103480000085,2026-05-28T11:54:44.334,2026-05-28T12:10:14.334,-930,194.0,-0.001835697
multimetro,,,,42.35611120000067,2026-05-28T11:54:44.551,2026-05-28T12:10:14.551,-930,195.0,-0.001847528
balanza,85.0,-59.26,,42.513725499999055,2026-05-28T11:54:44.710,2026-05-28T12:10:14.710,-930,,
multimetro,,,,42.5712653999999,2026-05-28T11:54:44.771,2026-05-28T12:10:14.771,-930,196.0,-0.001861306
multimetro,,,,42.78620950000004,2026-05-28T11:54:44.986,2026-05-28T12:10:14.986,-930,197.0,-0.001871619
multimetro,,,,43.00132200000007,2026-05-28T11:54:45.201,2026-05-28T12:10:15.201,-930,198.0,-0.001887585
balanza,86.0,-59.65,,43.01322959999925,2026-05-28T11:54:45.209,2026-05-28T12:10:15.209,-930,,
multimetro,,,,43.216475600000194,2026-05-28T11:54:45.414,2026-05-28T12:10:15.414,-930,199.0,-0.001899426
multimetro,,,,43.43173840000054,2026-05-28T11:54:45.631,2026-05-28T12:10:15.631,-930,200.0,-0.001912524
balanza,87.0,-59.05,,43.51327979999951,2026-05-28T11:54:45.710,2026-05-28T12:10:15.710,-930,,
multimetro,,,,43.64668250000068,2026-05-28T11:54:45.838,2026-05-28T12:10:15.838,-930,201.0,-0.001925077
multimetro,,,,43.8619206000003,2026-05-28T11:54:46.062,2026-05-28T12:10:16.062,-930,202.0,-0.001932102
balanza,88.0,-61.48,,44.013215000000855,2026-05-28T11:54:46.210,2026-05-28T12:10:16.210,-930,,
multimetro,,,,44.077095599999666,2026-05-28T11:54:46.276,2026-05-28T12:10:16.276,-930,203.0,-0.001948582
multimetro,,,,44.29225860000042,2026-05-28T11:54:46.484,2026-05-28T12:10:16.484,-930,204.0,-0.001960674
multimetro,,,,44.50738570000067,2026-05-28T11:54:46.700,2026-05-28T12:10:16.700,-930,205.0,-0.00197396
balanza,89.0,-59.5,,44.5132236999998,2026-05-28T11:54:46.710,2026-05-28T12:10:16.710,-930,,
multimetro,,,,44.722484500000064,2026-05-28T11:54:46.917,2026-05-28T12:10:16.917,-930,206.0,-0.001984284
multimetro,,,,44.937680200000614,2026-05-28T11:54:47.134,2026-05-28T12:10:17.134,-930,207.0,-0.001995308
balanza,90.0,-62.69,,45.01334490000045,2026-05-28T11:54:47.211,2026-05-28T12:10:17.211,-930,,
multimetro,,,,45.15276070000073,2026-05-28T11:54:47.353,2026-05-28T12:10:17.353,-930,208.0,-0.002009914
multimetro,,,,45.36793899999975,2026-05-28T11:54:47.567,2026-05-28T12:10:17.567,-930,209.0,-0.002017965
balanza,91.0,-60.31,,45.51326119999976,2026-05-28T11:54:47.711,2026-05-28T12:10:17.711,-930,,
multimetro,,,,45.58286849999968,2026-05-28T11:54:47.781,2026-05-28T12:10:17.781,-930,210.0,-0.002032258
multimetro,,,,45.7982080999991,2026-05-28T11:54:47.993,2026-05-28T12:10:17.993,-930,211.0,-0.002042278
multimetro,,,,46.01317399999971,2026-05-28T11:54:48.210,2026-05-28T12:10:18.210,-930,212.0,-0.002055794
balanza,92.0,-61.26,,46.01384080000025,2026-05-28T11:54:48.210,2026-05-28T12:10:18.210,-930,,
multimetro,,,,46.228415499999755,2026-05-28T11:54:48.427,2026-05-28T12:10:18.427,-930,213.0,-0.002067238
multimetro,,,,46.443737199999305,2026-05-28T11:54:48.644,2026-05-28T12:10:18.644,-930,214.0,-0.002081194
balanza,93.0,-62.07,,46.513741000000664,2026-05-28T11:54:48.710,2026-05-28T12:10:18.710,-930,,
multimetro,,,,46.658925399999134,2026-05-28T11:54:48.850,2026-05-28T12:10:18.850,-930,215.0,-0.00209337
multimetro,,,,46.874111499999344,2026-05-28T11:54:49.067,2026-05-28T12:10:19.067,-930,216.0,-0.002103735
balanza,94.0,-61.98,,47.01317879999988,2026-05-28T11:54:49.210,2026-05-28T12:10:19.210,-930,,
multimetro,,,,47.08930809999947,2026-05-28T11:54:49.284,2026-05-28T12:10:19.284,-930,217.0,-0.002117241
multimetro,,,,47.304471899999044,2026-05-28T11:54:49.500,2026-05-28T12:10:19.500,-930,218.0,-0.002128789
balanza,95.0,-61.74,,47.51370730000053,2026-05-28T11:54:49.710,2026-05-28T12:10:19.710,-930,,
multimetro,,,,47.519571099999666,2026-05-28T11:54:49.719,2026-05-28T12:10:19.719,-930,219.0,-0.002141824
multimetro,,,,47.73463040000024,2026-05-28T11:54:49.934,2026-05-28T12:10:19.934,-930,220.0,-0.002154304
multimetro,,,,47.94971070000065,2026-05-28T11:54:50.150,2026-05-28T12:10:20.150,-930,221.0,-0.002167182
balanza,96.0,-64.35,,48.013307900000655,2026-05-28T11:54:50.204,2026-05-28T12:10:20.204,-930,,
multimetro,,,,48.16488070000014,2026-05-28T11:54:50.361,2026-05-28T12:10:20.361,-930,222.0,-0.002179767
multimetro,,,,48.37996419999945,2026-05-28T11:54:50.577,2026-05-28T12:10:20.577,-930,223.0,-0.002190477
balanza,97.0,-62.58,,48.51316179999958,2026-05-28T11:54:50.710,2026-05-28T12:10:20.710,-930,,
multimetro,,,,48.594860100000005,2026-05-28T11:54:50.793,2026-05-28T12:10:20.793,-930,224.0,-0.002202266
multimetro,,,,48.810008799999196,2026-05-28T11:54:51.000,2026-05-28T12:10:21.000,-930,225.0,-0.002213741
balanza,98.0,-62.31,,49.013196199999584,2026-05-28T11:54:51.210,2026-05-28T12:10:21.210,-930,,
multimetro,,,,49.02508409999973,2026-05-28T11:54:51.219,2026-05-28T12:10:21.219,-930,226.0,-0.002226545
multimetro,,,,49.240268300000025,2026-05-28T11:54:51.434,2026-05-28T12:10:21.434,-930,227.0,-0.002238188
multimetro,,,,49.455339100000856,2026-05-28T11:54:51.655,2026-05-28T12:10:21.655,-930,228.0,-0.002247516
balanza,99.0,-65.4,,49.51327130000027,2026-05-28T11:54:51.710,2026-05-28T12:10:21.710,-930,,
multimetro,,,,49.670552400000815,2026-05-28T11:54:51.870,2026-05-28T12:10:21.870,-930,229.0,-0.002258845
multimetro,,,,49.8855065000007,2026-05-28T11:54:52.085,2026-05-28T12:10:22.085,-930,230.0,-0.00226922
balanza,100.0,-63.61,,50.01331299999947,2026-05-28T11:54:52.205,2026-05-28T12:10:22.205,-930,,
multimetro,,,,50.10073290000037,2026-05-28T11:54:52.301,2026-05-28T12:10:22.301,-930,231.0,-0.002280789
multimetro,,,,50.31572219999907,2026-05-28T11:54:52.511,2026-05-28T12:10:22.511,-930,232.0,-0.002293625
balanza,101.0,-64.51,,50.51379690000067,2026-05-28T11:54:52.710,2026-05-28T12:10:22.710,-930,,
multimetro,,,,50.530850799999826,2026-05-28T11:54:52.731,2026-05-28T12:10:22.731,-930,233.0,-0.002304598
multimetro,,,,50.74597499999982,2026-05-28T11:54:52.938,2026-05-28T12:10:22.938,-930,234.0,-0.002314753
multimetro,,,,50.96118419999948,2026-05-28T11:54:53.158,2026-05-28T12:10:23.158,-930,235.0,-0.002323694
balanza,102.0,-63.42,,51.01327630000014,2026-05-28T11:54:53.210,2026-05-28T12:10:23.210,-930,,
multimetro,,,,51.17638909999914,2026-05-28T11:54:53.371,2026-05-28T12:10:23.371,-930,236.0,-0.002335651
multimetro,,,,51.3913706000003,2026-05-28T11:54:53.592,2026-05-28T12:10:23.592,-930,237.0,-0.002346393
balanza,103.0,-64.46,,51.51389089999975,2026-05-28T11:54:53.711,2026-05-28T12:10:23.711,-930,,
multimetro,,,,51.606610900000305,2026-05-28T11:54:53.807,2026-05-28T12:10:23.807,-930,238.0,-0.002356915
multimetro,,,,51.82174429999941,2026-05-28T11:54:54.021,2026-05-28T12:10:24.021,-930,239.0,-0.002368086
balanza,104.0,-65.84,,52.01389620000009,2026-05-28T11:54:54.213,2026-05-28T12:10:24.213,-930,,
multimetro,,,,52.037023599999884,2026-05-28T11:54:54.234,2026-05-28T12:10:24.234,-930,240.0,-0.002378012
multimetro,,,,52.252110999999786,2026-05-28T11:54:54.450,2026-05-28T12:10:24.450,-930,241.0,-0.00238912
multimetro,,,,52.467515500000445,2026-05-28T11:54:54.667,2026-05-28T12:10:24.667,-930,242.0,-0.002399611
balanza,105.0,-64.95,,52.513235200000054,2026-05-28T11:54:54.710,2026-05-28T12:10:24.710,-930,,
multimetro,,,,52.682889499999874,2026-05-28T11:54:54.881,2026-05-28T12:10:24.881,-930,243.0,-0.00241007
multimetro,,,,52.89789550000023,2026-05-28T11:54:55.098,2026-05-28T12:10:25.098,-930,244.0,-0.002421105
balanza,106.0,-65.64,,53.01373489999969,2026-05-28T11:54:55.210,2026-05-28T12:10:25.210,-930,,
multimetro,,,,53.11309479999909,2026-05-28T11:54:55.304,2026-05-28T12:10:25.304,-930,245.0,-0.002431711
multimetro,,,,53.32815180000034,2026-05-28T11:54:55.521,2026-05-28T12:10:25.521,-930,246.0,-0.002442851
balanza,107.0,-66.29,,53.51335250000011,2026-05-28T11:54:55.710,2026-05-28T12:10:25.710,-930,,
multimetro,,,,53.54335340000034,2026-05-28T11:54:55.738,2026-05-28T12:10:25.738,-930,247.0,-0.002453635
multimetro,,,,53.7583424000004,2026-05-28T11:54:55.959,2026-05-28T12:10:25.959,-930,248.0,-0.002464806
multimetro,,,,53.9736326000002,2026-05-28T11:54:56.171,2026-05-28T12:10:26.171,-930,249.0,-0.002475967
balanza,108.0,-65.65,,54.01363929999934,2026-05-28T11:54:56.213,2026-05-28T12:10:26.213,-930,,
multimetro,,,,54.18859329999941,2026-05-28T11:54:56.384,2026-05-28T12:10:26.384,-930,250.0,-0.002485798
multimetro,,,,54.4038230999995,2026-05-28T11:54:56.600,2026-05-28T12:10:26.600,-930,251.0,-0.002496372
balanza,109.0,-65.64,,54.513156799999706,2026-05-28T11:54:56.705,2026-05-28T12:10:26.705,-930,,
multimetro,,,,54.61883900000066,2026-05-28T11:54:56.817,2026-05-28T12:10:26.817,-930,252.0,-0.002506894
multimetro,,,,54.83402229999956,2026-05-28T11:54:57.034,2026-05-28T12:10:27.034,-930,253.0,-0.002517689
balanza,110.0,-68.13,,55.01320250000026,2026-05-28T11:54:57.210,2026-05-28T12:10:27.210,-930,,
multimetro,,,,55.049501400000736,2026-05-28T11:54:57.247,2026-05-28T12:10:27.247,-930,254.0,-0.002528368
multimetro,,,,55.26438430000053,2026-05-28T11:54:57.464,2026-05-28T12:10:27.464,-930,255.0,-0.002538513
multimetro,,,,55.479745799999364,2026-05-28T11:54:57.671,2026-05-28T12:10:27.671,-930,256.0,-0.002548888
balanza,111.0,-66.49,,55.513377900000705,2026-05-28T11:54:57.713,2026-05-28T12:10:27.713,-930,,
multimetro,,,,55.694690000000264,2026-05-28T11:54:57.892,2026-05-28T12:10:27.892,-930,257.0,-0.002559337
multimetro,,,,55.90990790000069,2026-05-28T11:54:58.109,2026-05-28T12:10:28.109,-930,258.0,-0.002568792
balanza,112.0,-68.84,,56.01317890000064,2026-05-28T11:54:58.205,2026-05-28T12:10:28.205,-930,,
multimetro,,,,56.124840000000404,2026-05-28T11:54:58.325,2026-05-28T12:10:28.325,-930,259.0,-0.002579565
multimetro,,,,56.340111600000455,2026-05-28T11:54:58.534,2026-05-28T12:10:28.534,-930,260.0,-0.002590485
balanza,113.0,-66.93,,56.51370759999918,2026-05-28T11:54:58.710,2026-05-28T12:10:28.710,-930,,
multimetro,,,,56.55505500000072,2026-05-28T11:54:58.750,2026-05-28T12:10:28.750,-930,261.0,-0.002600609
multimetro,,,,56.7702905999995,2026-05-28T11:54:58.967,2026-05-28T12:10:28.967,-930,262.0,-0.00260999
multimetro,,,,56.9852850999996,2026-05-28T11:54:59.184,2026-05-28T12:10:29.184,-930,263.0,-0.002620627
balanza,114.0,-67.32,,57.01328300000023,2026-05-28T11:54:59.214,2026-05-28T12:10:29.214,-930,,
multimetro,,,,57.200469900000826,2026-05-28T11:54:59.400,2026-05-28T12:10:29.400,-930,264.0,-0.002630825
multimetro,,,,57.4154338999997,2026-05-28T11:54:59.614,2026-05-28T12:10:29.614,-930,265.0,-0.002640729
balanza,115.0,-69.42,,57.5137835000005,2026-05-28T11:54:59.714,2026-05-28T12:10:29.714,-930,,
multimetro,,,,57.630553599999985,2026-05-28T11:54:59.822,2026-05-28T12:10:29.822,-930,266.0,-0.002651346
multimetro,,,,57.84577569999965,2026-05-28T11:55:00.039,2026-05-28T12:10:30.039,-930,267.0,-0.002661773
balanza,116.0,-67.6,,58.013363899999604,2026-05-28T11:55:00.211,2026-05-28T12:10:30.211,-930,,
multimetro,,,,58.06084229999942,2026-05-28T11:55:00.260,2026-05-28T12:10:30.260,-930,268.0,-0.002671699
multimetro,,,,58.276250799999616,2026-05-28T11:55:00.477,2026-05-28T12:10:30.477,-930,269.0,-0.002681865
multimetro,,,,58.49117809999916,2026-05-28T11:55:00.684,2026-05-28T12:10:30.684,-930,270.0,-0.002692764
balanza,117.0,-69.88,,58.51322009999967,2026-05-28T11:55:00.705,2026-05-28T12:10:30.705,-930,,
multimetro,,,,58.70640309999908,2026-05-28T11:55:00.900,2026-05-28T12:10:30.900,-930,271.0,-0.002702438
multimetro,,,,58.9213323999993,2026-05-28T11:55:01.117,2026-05-28T12:10:31.117,-930,272.0,-0.002711777
balanza,118.0,-68.37,,59.013762900000074,2026-05-28T11:55:01.210,2026-05-28T12:10:31.210,-930,,
multimetro,,,,59.13648420000027,2026-05-28T11:55:01.334,2026-05-28T12:10:31.334,-930,273.0,-0.002722268
multimetro,,,,59.35155019999911,2026-05-28T11:55:01.550,2026-05-28T12:10:31.550,-930,274.0,-0.002730801
balanza,119.0,-68.68,,59.51321060000009,2026-05-28T11:55:01.711,2026-05-28T12:10:31.711,-930,,
multimetro,,,,59.56660480000028,2026-05-28T11:55:01.766,2026-05-28T12:10:31.766,-930,275.0,-0.00274037
multimetro,,,,59.78228139999919,2026-05-28T11:55:01.982,2026-05-28T12:10:31.982,-930,276.0,-0.002750107
multimetro,,,,59.997540799999115,2026-05-28T11:55:02.198,2026-05-28T12:10:32.198,-930,277.0,-0.002759697
balanza,120.0,-70.61,,60.013156200000594,2026-05-28T11:55:02.212,2026-05-28T12:10:32.212,-930,,
multimetro,,,,60.21285060000082,2026-05-28T11:55:02.405,2026-05-28T12:10:32.405,-930,278.0,-0.002769727
multimetro,,,,60.42793750000055,2026-05-28T11:55:02.621,2026-05-28T12:10:32.621,-930,279.0,-0.002779359
balanza,121.0,-69.17,,60.5131908000003,2026-05-28T11:55:02.713,2026-05-28T12:10:32.713,-930,,
multimetro,,,,60.643174900000304,2026-05-28T11:55:02.834,2026-05-28T12:10:32.834,-930,280.0,-0.002789232
multimetro,,,,60.85812140000053,2026-05-28T11:55:03.052,2026-05-28T12:10:33.052,-930,281.0,-0.002799137
balanza,122.0,-69.77,,61.01368530000036,2026-05-28T11:55:03.210,2026-05-28T12:10:33.210,-930,,
multimetro,,,,61.073398099999395,2026-05-28T11:55:03.267,2026-05-28T12:10:33.267,-930,282.0,-0.00280835
multimetro,,,,61.28835710000021,2026-05-28T11:55:03.484,2026-05-28T12:10:33.484,-930,283.0,-0.002818485
multimetro,,,,61.50346130000071,2026-05-28T11:55:03.701,2026-05-28T12:10:33.701,-930,284.0,-0.002827416
balanza,123.0,-71.03,,61.513603199999125,2026-05-28T11:55:03.714,2026-05-28T12:10:33.714,-930,,
multimetro,,,,61.718719299999066,2026-05-28T11:55:03.917,2026-05-28T12:10:33.917,-930,285.0,-0.002837069
multimetro,,,,61.93372769999951,2026-05-28T11:55:04.134,2026-05-28T12:10:34.134,-930,286.0,-0.00284691
balanza,124.0,-70.75,,62.01314959999945,2026-05-28T11:55:04.210,2026-05-28T12:10:34.210,-930,,
multimetro,,,,62.14886379999916,2026-05-28T11:55:04.344,2026-05-28T12:10:34.344,-930,287.0,-0.002855935
multimetro,,,,62.36400959999992,2026-05-28T11:55:04.560,2026-05-28T12:10:34.560,-930,288.0,-0.00286651
balanza,125.0,-70.6,,62.51313230000051,2026-05-28T11:55:04.710,2026-05-28T12:10:34.710,-930,,
multimetro,,,,62.57915630000025,2026-05-28T11:55:04.777,2026-05-28T12:10:34.777,-930,289.0,-0.002874875
multimetro,,,,62.7942695999991,2026-05-28T11:55:04.993,2026-05-28T12:10:34.993,-930,290.0,-0.002885083
multimetro,,,,63.00937779999913,2026-05-28T11:55:05.201,2026-05-28T12:10:35.201,-930,291.0,-0.00289549
balanza,126.0,-71.5,,63.0135238999992,2026-05-28T11:55:05.213,2026-05-28T12:10:35.213,-930,,
multimetro,,,,63.22446750000017,2026-05-28T11:55:05.417,2026-05-28T12:10:35.417,-930,292.0,-0.002905729
multimetro,,,,63.439611399999194,2026-05-28T11:55:05.634,2026-05-28T12:10:35.634,-930,293.0,-0.002915969
balanza,127.0,-71.52,,63.513846300000296,2026-05-28T11:55:05.710,2026-05-28T12:10:35.710,-930,,
multimetro,,,,63.65466279999964,2026-05-28T11:55:05.850,2026-05-28T12:10:35.850,-930,294.0,-0.002925402
multimetro,,,,63.86995190000016,2026-05-28T11:55:06.067,2026-05-28T12:10:36.067,-930,295.0,-0.002934992
balanza,128.0,-72.67,,64.0138420000003,2026-05-28T11:55:06.210,2026-05-28T12:10:36.210,-930,,
multimetro,,,,64.08494719999908,2026-05-28T11:55:06.284,2026-05-28T12:10:36.284,-930,296.0,-0.002944091
multimetro,,,,64.30017919999955,2026-05-28T11:55:06.500,2026-05-28T12:10:36.500,-930,297.0,-0.002953482
balanza,129.0,-71.42,,64.51366360000065,2026-05-28T11:55:06.710,2026-05-28T12:10:36.710,-930,,
multimetro,,,,64.51557549999961,2026-05-28T11:55:06.710,2026-05-28T12:10:36.710,-930,298.0,-0.002962968
multimetro,,,,64.73043379999945,2026-05-28T11:55:06.930,2026-05-28T12:10:36.930,-930,299.0,-0.002971961
multimetro,,,,64.94555199999922,2026-05-28T11:55:07.144,2026-05-28T12:10:37.144,-930,300.0,-0.002981897
balanza,130.0,-71.64,,65.01367179999943,2026-05-28T11:55:07.210,2026-05-28T12:10:37.210,-930,,
multimetro,,,,65.16066060000048,2026-05-28T11:55:07.360,2026-05-28T12:10:37.360,-930,301.0,-0.002991173
multimetro,,,,65.37578290000056,2026-05-28T11:55:07.572,2026-05-28T12:10:37.572,-930,302.0,-0.00300069
balanza,131.0,-72.81,,65.51390840000022,2026-05-28T11:55:07.714,2026-05-28T12:10:37.714,-930,,
multimetro,,,,65.59087030000046,2026-05-28T11:55:07.784,2026-05-28T12:10:37.784,-930,303.0,-0.003010427
multimetro,,,,65.80594419999943,2026-05-28T11:55:08.003,2026-05-28T12:10:38.003,-930,304.0,-0.003020645
balanza,132.0,-72.49,,66.01364020000074,2026-05-28T11:55:08.210,2026-05-28T12:10:38.210,-930,,
multimetro,,,,66.02096170000004,2026-05-28T11:55:08.221,2026-05-28T12:10:38.221,-930,305.0,-0.003030571
multimetro,,,,66.23606689999906,2026-05-28T11:55:08.436,2026-05-28T12:10:38.436,-930,306.0,-0.003039826
multimetro,,,,66.45118189999994,2026-05-28T11:55:08.651,2026-05-28T12:10:38.651,-930,307.0,-0.003049626
balanza,133.0,-73.09,,66.51384080000025,2026-05-28T11:55:08.710,2026-05-28T12:10:38.710,-930,,
multimetro,,,,66.66644180000003,2026-05-28T11:55:08.866,2026-05-28T12:10:38.866,-930,308.0,-0.003059478
multimetro,,,,66.88156849999905,2026-05-28T11:55:09.081,2026-05-28T12:10:39.081,-930,309.0,-0.003068901
balanza,134.0,-72.75,,67.0136736000004,2026-05-28T11:55:09.210,2026-05-28T12:10:39.210,-930,,
multimetro,,,,67.09677369999918,2026-05-28T11:55:09.288,2026-05-28T12:10:39.288,-930,310.0,-0.003077632
multimetro,,,,67.31219819999933,2026-05-28T11:55:09.510,2026-05-28T12:10:39.510,-930,311.0,-0.003086668
balanza,135.0,-72.96,,67.51383019999957,2026-05-28T11:55:09.710,2026-05-28T12:10:39.710,-930,,
multimetro,,,,67.52714960000048,2026-05-28T11:55:09.726,2026-05-28T12:10:39.726,-930,312.0,-0.003095797
multimetro,,,,67.74222310000005,2026-05-28T11:55:09.938,2026-05-28T12:10:39.938,-930,313.0,-0.003104875
multimetro,,,,67.9573044000008,2026-05-28T11:55:10.150,2026-05-28T12:10:40.150,-930,314.0,-0.003113198
balanza,136.0,-75.78,,68.01370230000066,2026-05-28T11:55:10.210,2026-05-28T12:10:40.210,-930,,
multimetro,,,,68.17242299999998,2026-05-28T11:55:10.367,2026-05-28T12:10:40.367,-930,315.0,-0.003122495
multimetro,,,,68.3875210999995,2026-05-28T11:55:10.586,2026-05-28T12:10:40.586,-930,316.0,-0.003130882
balanza,137.0,-73.69,,68.51365579999947,2026-05-28T11:55:10.710,2026-05-28T12:10:40.710,-930,,
multimetro,,,,68.60263440000017,2026-05-28T11:55:10.800,2026-05-28T12:10:40.800,-930,317.0,-0.003140105
multimetro,,,,68.81768039999952,2026-05-28T11:55:11.017,2026-05-28T12:10:41.017,-930,318.0,-0.003149204
balanza,138.0,-73.24,,69.01312750000034,2026-05-28T11:55:11.204,2026-05-28T12:10:41.204,-930,,
multimetro,,,,69.03281439999955,2026-05-28T11:55:11.229,2026-05-28T12:10:41.229,-930,319.0,-0.003157789
multimetro,,,,69.24801579999985,2026-05-28T11:55:11.444,2026-05-28T12:10:41.444,-930,320.0,-0.003166887
multimetro,,,,69.46326760000011,2026-05-28T11:55:11.660,2026-05-28T12:10:41.660,-930,321.0,-0.003175273
balanza,139.0,-74.16,,69.5131438999997,2026-05-28T11:55:11.710,2026-05-28T12:10:41.710,-930,,
multimetro,,,,69.67839679999997,2026-05-28T11:55:11.877,2026-05-28T12:10:41.877,-930,322.0,-0.003184152
multimetro,,,,69.89335890000075,2026-05-28T11:55:12.093,2026-05-28T12:10:42.093,-930,323.0,-0.003192695
balanza,140.0,-73.59,,70.01365059999989,2026-05-28T11:55:12.210,2026-05-28T12:10:42.210,-930,,
multimetro,,,,70.1086679,2026-05-28T11:55:12.300,2026-05-28T12:10:42.300,-930,324.0,-0.003201469
multimetro,,,,70.32376680000016,2026-05-28T11:55:12.517,2026-05-28T12:10:42.517,-930,325.0,-0.003209991
balanza,141.0,-76.11,,70.51316779999979,2026-05-28T11:55:12.710,2026-05-28T12:10:42.710,-930,,
multimetro,,,,70.53900919999978,2026-05-28T11:55:12.734,2026-05-28T12:10:42.734,-930,326.0,-0.003218398
multimetro,,,,70.7539300999997,2026-05-28T11:55:12.950,2026-05-28T12:10:42.950,-930,327.0,-0.003226795
multimetro,,,,70.96907660000034,2026-05-28T11:55:13.167,2026-05-28T12:10:43.167,-930,328.0,-0.003235485
balanza,142.0,-74.85,,71.01334270000007,2026-05-28T11:55:13.210,2026-05-28T12:10:43.210,-930,,
multimetro,,,,71.18412530000023,2026-05-28T11:55:13.384,2026-05-28T12:10:43.384,-930,329.0,-0.003244112
multimetro,,,,71.39949510000042,2026-05-28T11:55:13.594,2026-05-28T12:10:43.594,-930,330.0,-0.003252718
balanza,143.0,-74.79,,71.51361209999959,2026-05-28T11:55:13.710,2026-05-28T12:10:43.710,-930,,
multimetro,,,,71.61468740000055,2026-05-28T11:55:13.810,2026-05-28T12:10:43.810,-930,331.0,-0.003260989
multimetro,,,,71.82955609999954,2026-05-28T11:55:14.029,2026-05-28T12:10:44.029,-930,332.0,-0.003269732
balanza,144.0,-76.49,,72.01368609999918,2026-05-28T11:55:14.210,2026-05-28T12:10:44.210,-930,,
multimetro,,,,72.04479449999963,2026-05-28T11:55:14.243,2026-05-28T12:10:44.243,-930,333.0,-0.003278181
multimetro,,,,72.26007799999934,2026-05-28T11:55:14.458,2026-05-28T12:10:44.458,-930,334.0,-0.003286703
multimetro,,,,72.4752040000003,2026-05-28T11:55:14.672,2026-05-28T12:10:44.672,-930,335.0,-0.003294817
balanza,145.0,-75.69,,72.51351729999988,2026-05-28T11:55:14.714,2026-05-28T12:10:44.714,-930,,
multimetro,,,,72.69004200000018,2026-05-28T11:55:14.890,2026-05-28T12:10:44.890,-930,336.0,-0.003303141
multimetro,,,,72.90528400000039,2026-05-28T11:55:15.104,2026-05-28T12:10:45.104,-930,337.0,-0.003311705
balanza,146.0,-77.22,,73.01385180000034,2026-05-28T11:55:15.214,2026-05-28T12:10:45.214,-930,,
multimetro,,,,73.12029319999965,2026-05-28T11:55:15.321,2026-05-28T12:10:45.321,-930,338.0,-0.003320123
multimetro,,,,73.33549669999957,2026-05-28T11:55:15.534,2026-05-28T12:10:45.534,-930,339.0,-0.003328781
balanza,147.0,-76.03,,73.51364939999985,2026-05-28T11:55:15.710,2026-05-28T12:10:45.710,-930,,
multimetro,,,,73.5504505000008,2026-05-28T11:55:15.750,2026-05-28T12:10:45.750,-930,340.0,-0.003337052
multimetro,,,,73.7656293,2026-05-28T11:55:15.962,2026-05-28T12:10:45.962,-930,341.0,-0.003345522
multimetro,,,,73.98074439999982,2026-05-28T11:55:16.180,2026-05-28T12:10:46.180,-930,342.0,-0.003353762
balanza,148.0,-76.69,,74.01363710000078,2026-05-28T11:55:16.213,2026-05-28T12:10:46.213,-930,,
multimetro,,,,74.19562880000012,2026-05-28T11:55:16.393,2026-05-28T12:10:46.393,-930,343.0,-0.003362023
multimetro,,,,74.41079809999974,2026-05-28T11:55:16.610,2026-05-28T12:10:46.610,-930,344.0,-0.003369645
balanza,149.0,-77.61,,74.51330079999934,2026-05-28T11:55:16.710,2026-05-28T12:10:46.710,-930,,
multimetro,,,,74.62571100000059,2026-05-28T11:55:16.817,2026-05-28T12:10:46.817,-930,345.0,-0.003377926
multimetro,,,,74.84083640000063,2026-05-28T11:55:17.034,2026-05-28T12:10:47.034,-930,346.0,-0.003385841
balanza,150.0,-76.81,,75.01364020000074,2026-05-28T11:55:17.210,2026-05-28T12:10:47.210,-930,,
multimetro,,,,75.05603809999957,2026-05-28T11:55:17.250,2026-05-28T12:10:47.250,-930,347.0,-0.003394217
multimetro,,,,75.27129609999974,2026-05-28T11:55:17.467,2026-05-28T12:10:47.467,-930,348.0,-0.003402446
multimetro,,,,75.4862764999998,2026-05-28T11:55:17.684,2026-05-28T12:10:47.684,-930,349.0,-0.003410466
balanza,151.0,-78.6,,75.51325329999963,2026-05-28T11:55:17.713,2026-05-28T12:10:47.713,-930,,
multimetro,,,,75.70161050000024,2026-05-28T11:55:17.900,2026-05-28T12:10:47.900,-930,350.0,-0.003418465
multimetro,,,,75.91663410000001,2026-05-28T11:55:18.116,2026-05-28T12:10:48.116,-930,351.0,-0.003426097
balanza,152.0,-77.35,,76.0132252000003,2026-05-28T11:55:18.210,2026-05-28T12:10:48.210,-930,,
multimetro,,,,76.13179289999971,2026-05-28T11:55:18.327,2026-05-28T12:10:48.327,-930,352.0,-0.003434369
multimetro,,,,76.34671909999997,2026-05-28T11:55:18.544,2026-05-28T12:10:48.544,-930,353.0,-0.003442514
balanza,153.0,-77.37,,76.51387919999979,2026-05-28T11:55:18.714,2026-05-28T12:10:48.714,-930,,
multimetro,,,,76.56182880000051,2026-05-28T11:55:18.760,2026-05-28T12:10:48.760,-930,354.0,-0.00345045
multimetro,,,,76.77698860000055,2026-05-28T11:55:18.977,2026-05-28T12:10:48.977,-930,355.0,-0.003458617
multimetro,,,,76.99211009999999,2026-05-28T11:55:19.184,2026-05-28T12:10:49.184,-930,356.0,-0.003466856
balanza,154.0,-78.55,,77.01362610000069,2026-05-28T11:55:19.214,2026-05-28T12:10:49.214,-930,,
multimetro,,,,77.2071902000007,2026-05-28T11:55:19.400,2026-05-28T12:10:49.400,-930,357.0,-0.003474782
multimetro,,,,77.42226889999984,2026-05-28T11:55:19.617,2026-05-28T12:10:49.617,-930,358.0,-0.003482739
balanza,155.0,-78.13,,77.51376100000016,2026-05-28T11:55:19.710,2026-05-28T12:10:49.710,-930,,
multimetro,,,,77.63747759999933,2026-05-28T11:55:19.833,2026-05-28T12:10:49.833,-930,359.0,-0.003490487
multimetro,,,,77.85277339999993,2026-05-28T11:55:20.050,2026-05-28T12:10:50.050,-930,360.0,-0.003498841
balanza,156.0,-79.17,,78.01313470000059,2026-05-28T11:55:20.210,2026-05-28T12:10:50.210,-930,,
multimetro,,,,78.06795880000027,2026-05-28T11:55:20.267,2026-05-28T12:10:50.267,-930,361.0,-0.003506788
multimetro,,,,78.28286780000053,2026-05-28T11:55:20.483,2026-05-28T12:10:50.483,-930,362.0,-0.003514735
multimetro,,,,78.49803699999939,2026-05-28T11:55:20.697,2026-05-28T12:10:50.697,-930,363.0,-0.003522681
balanza,157.0,-78.69,,78.51367290000053,2026-05-28T11:55:20.710,2026-05-28T12:10:50.710,-930,,
multimetro,,,,78.71299739999995,2026-05-28T11:55:20.910,2026-05-28T12:10:50.910,-930,364.0,-0.003530376
multimetro,,,,78.92815560000054,2026-05-28T11:55:21.121,2026-05-28T12:10:51.121,-930,365.0,-0.00353825
balanza,158.0,-79.11,,79.01371540000036,2026-05-28T11:55:21.210,2026-05-28T12:10:51.210,-930,,
multimetro,,,,79.14335140000003,2026-05-28T11:55:21.342,2026-05-28T12:10:51.342,-930,366.0,-0.003545997
multimetro,,,,79.35855660000016,2026-05-28T11:55:21.559,2026-05-28T12:10:51.559,-930,367.0,-0.00355385
balanza,159.0,-78.92,,79.51365249999981,2026-05-28T11:55:21.710,2026-05-28T12:10:51.710,-930,,
multimetro,,,,79.57369060000019,2026-05-28T11:55:21.773,2026-05-28T12:10:51.773,-930,368.0,-0.003562121
multimetro,,,,79.78870439999992,2026-05-28T11:55:21.988,2026-05-28T12:10:51.988,-930,369.0,-0.003570224
multimetro,,,,80.0039128999997,2026-05-28T11:55:22.200,2026-05-28T12:10:52.200,-930,370.0,-0.003578317
balanza,160.0,-79.24,,80.01322120000077,2026-05-28T11:55:22.213,2026-05-28T12:10:52.213,-930,,
multimetro,,,,80.21901319999961,2026-05-28T11:55:22.417,2026-05-28T12:10:52.417,-930,371.0,-0.003585929
multimetro,,,,80.43412419999913,2026-05-28T11:55:22.634,2026-05-28T12:10:52.634,-930,372.0,-0.003593614
balanza,161.0,-79.42,,80.51367030000074,2026-05-28T11:55:22.710,2026-05-28T12:10:52.710,-930,,
multimetro,,,,80.64946790000067,2026-05-28T11:55:22.847,2026-05-28T12:10:52.847,-930,373.0,-0.003601571
multimetro,,,,80.86471849999907,2026-05-28T11:55:23.064,2026-05-28T12:10:53.064,-930,374.0,-0.00360935
balanza,162.0,-79.36,,81.0133335999999,2026-05-28T11:55:23.211,2026-05-28T12:10:53.211,-930,,
multimetro,,,,81.07981400000062,2026-05-28T11:55:23.271,2026-05-28T12:10:53.271,-930,375.0,-0.003617589
multimetro,,,,81.29481130000022,2026-05-28T11:55:23.488,2026-05-28T12:10:53.488,-930,376.0,-0.003625976
multimetro,,,,81.51001650000035,2026-05-28T11:55:23.709,2026-05-28T12:10:53.709,-930,377.0,-0.003633975
balanza,163.0,-80.77,,81.51365000000078,2026-05-28T11:55:23.709,2026-05-28T12:10:53.709,-930,,
multimetro,,,,81.72496160000082,2026-05-28T11:55:23.917,2026-05-28T12:10:53.917,-930,378.0,-0.003642183
multimetro,,,,81.94016799999918,2026-05-28T11:55:24.134,2026-05-28T12:10:54.134,-930,379.0,-0.003650213
balanza,164.0,-79.77,,82.01377499999944,2026-05-28T11:55:24.210,2026-05-28T12:10:54.210,-930,,
multimetro,,,,82.15524689999984,2026-05-28T11:55:24.350,2026-05-28T12:10:54.350,-930,380.0,-0.003658401
multimetro,,,,82.37046259999988,2026-05-28T11:55:24.567,2026-05-28T12:10:54.567,-930,381.0,-0.003666546
balanza,165.0,-80.13,,82.51361279999946,2026-05-28T11:55:24.710,2026-05-28T12:10:54.710,-930,,
multimetro,,,,82.58538380000027,2026-05-28T11:55:24.784,2026-05-28T12:10:54.784,-930,382.0,-0.003674618
multimetro,,,,82.80048259999967,2026-05-28T11:55:25.000,2026-05-28T12:10:55.000,-930,383.0,-0.003682942
balanza,166.0,-80.22,,83.01312940000025,2026-05-28T11:55:25.204,2026-05-28T12:10:55.204,-930,,
multimetro,,,,83.01553170000079,2026-05-28T11:55:25.215,2026-05-28T12:10:55.215,-930,384.0,-0.003691202
multimetro,,,,83.23081119999915,2026-05-28T11:55:25.431,2026-05-28T12:10:55.431,-930,385.0,-0.003699233
multimetro,,,,83.44595400000071,2026-05-28T11:55:25.638,2026-05-28T12:10:55.638,-930,386.0,-0.00370786
balanza,167.0,-80.39,,83.51366670000061,2026-05-28T11:55:25.710,2026-05-28T12:10:55.710,-930,,
multimetro,,,,83.6610939000002,2026-05-28T11:55:25.860,2026-05-28T12:10:55.860,-930,387.0,-0.00371545
multimetro,,,,83.87638899999911,2026-05-28T11:55:26.067,2026-05-28T12:10:56.067,-930,388.0,-0.00372346
balanza,168.0,-81.55,,84.01375209999969,2026-05-28T11:55:26.210,2026-05-28T12:10:56.210,-930,,
multimetro,,,,84.0913614000001,2026-05-28T11:55:26.284,2026-05-28T12:10:56.284,-930,389.0,-0.003730925
multimetro,,,,84.30645299999924,2026-05-28T11:55:26.501,2026-05-28T12:10:56.501,-930,390.0,-0.003738568
balanza,169.0,-81.12,,84.51376870000058,2026-05-28T11:55:26.710,2026-05-28T12:10:56.710,-930,,
multimetro,,,,84.52145670000027,2026-05-28T11:55:26.719,2026-05-28T12:10:56.719,-930,391.0,-0.003746284
multimetro,,,,84.73661290000018,2026-05-28T11:55:26.934,2026-05-28T12:10:56.934,-930,392.0,-0.00375355
multimetro,,,,84.95176189999984,2026-05-28T11:55:27.150,2026-05-28T12:10:57.150,-930,393.0,-0.003761098
balanza,170.0,-81.67,,85.01376849999906,2026-05-28T11:55:27.210,2026-05-28T12:10:57.210,-930,,
multimetro,,,,85.16689849999966,2026-05-28T11:55:27.367,2026-05-28T12:10:57.367,-930,394.0,-0.003768815
multimetro,,,,85.38203040000008,2026-05-28T11:55:27.577,2026-05-28T12:10:57.577,-930,395.0,-0.003776447
balanza,171.0,-81.68,,85.51368999999977,2026-05-28T11:55:27.710,2026-05-28T12:10:57.710,-930,,
multimetro,,,,85.59716879999905,2026-05-28T11:55:27.793,2026-05-28T12:10:57.793,-930,396.0,-0.003784184
multimetro,,,,85.81219989999954,2026-05-28T11:55:28.012,2026-05-28T12:10:58.012,-930,397.0,-0.003791869
balanza,172.0,-82.3,,86.01323039999988,2026-05-28T11:55:28.211,2026-05-28T12:10:58.211,-930,,
multimetro,,,,86.02727550000054,2026-05-28T11:55:28.227,2026-05-28T12:10:58.227,-930,398.0,-0.003799449
multimetro,,,,86.24251240000012,2026-05-28T11:55:28.442,2026-05-28T12:10:58.442,-930,399.0,-0.003806768
multimetro,,,,86.45757790000062,2026-05-28T11:55:28.658,2026-05-28T12:10:58.658,-930,400.0,-0.003814337
balanza,173.0,-81.86,,86.51330629999939,2026-05-28T11:55:28.711,2026-05-28T12:10:58.711,-930,,
multimetro,,,,86.67292950000046,2026-05-28T11:55:28.871,2026-05-28T12:10:58.871,-930,401.0,-0.003822053
multimetro,,,,86.88787339999908,2026-05-28T11:55:29.088,2026-05-28T12:10:59.088,-930,402.0,-0.003830021
balanza,174.0,-82.31,,87.01319150000018,2026-05-28T11:55:29.212,2026-05-28T12:10:59.212,-930,,
multimetro,,,,87.1030907000004,2026-05-28T11:55:29.303,2026-05-28T12:10:59.303,-930,403.0,-0.003837339
multimetro,,,,87.31817609999962,2026-05-28T11:55:29.518,2026-05-28T12:10:59.518,-930,404.0,-0.003845181
balanza,175.0,-83.19,,87.51375689999986,2026-05-28T11:55:29.710,2026-05-28T12:10:59.710,-930,,
multimetro,,,,87.53331939999953,2026-05-28T11:55:29.733,2026-05-28T12:10:59.733,-930,405.0,-0.003852677
multimetro,,,,87.74843619999956,2026-05-28T11:55:29.947,2026-05-28T12:10:59.947,-930,406.0,-0.003860467
multimetro,,,,87.9636260999996,2026-05-28T11:55:30.154,2026-05-28T12:11:00.154,-930,407.0,-0.003868236
balanza,176.0,-82.26,,88.01317779999954,2026-05-28T11:55:30.210,2026-05-28T12:11:00.210,-930,,
multimetro,,,,88.1785734999994,2026-05-28T11:55:30.375,2026-05-28T12:11:00.375,-930,408.0,-0.003875313
multimetro,,,,88.39369780000015,2026-05-28T11:55:30.592,2026-05-28T12:11:00.592,-930,409.0,-0.003882893
balanza,177.0,-83.85,,88.5136736000004,2026-05-28T11:55:30.710,2026-05-28T12:11:00.710,-930,,
multimetro,,,,88.60888200000045,2026-05-28T11:55:30.806,2026-05-28T12:11:00.806,-930,410.0,-0.00389062
multimetro,,,,88.82409150000058,2026-05-28T11:55:31.017,2026-05-28T12:11:01.017,-930,411.0,-0.003897928
balanza,178.0,-82.77,,89.01375469999948,2026-05-28T11:55:31.210,2026-05-28T12:11:01.210,-930,,
multimetro,,,,89.03948320000018,2026-05-28T11:55:31.233,2026-05-28T12:11:01.233,-930,412.0,-0.003905131
multimetro,,,,89.2574313999994,2026-05-28T11:55:31.454,2026-05-28T12:11:01.454,-930,413.0,-0.003912104
multimetro,,,,89.47280449999926,2026-05-28T11:55:31.667,2026-05-28T12:11:01.667,-930,414.0,-0.003919935
balanza,179.0,-83.44,,89.51321470000039,2026-05-28T11:55:31.710,2026-05-28T12:11:01.710,-930,,
multimetro,,,,89.68793379999988,2026-05-28T11:55:31.883,2026-05-28T12:11:01.883,-930,415.0,-0.00392718
multimetro,,,,89.90298350000012,2026-05-28T11:55:32.100,2026-05-28T12:11:02.100,-930,416.0,-0.003934823
balanza,180.0,-83.79,,90.01352550000047,2026-05-28T11:55:32.210,2026-05-28T12:11:02.210,-930,,
multimetro,,,,90.11836980000044,2026-05-28T11:55:32.317,2026-05-28T12:11:02.317,-930,417.0,-0.00394188
multimetro,,,,90.3333677999999,2026-05-28T11:55:32.534,2026-05-28T12:11:02.534,-930,418.0,-0.003949052
balanza,181.0,-83.29,,90.51326770000014,2026-05-28T11:55:32.711,2026-05-28T12:11:02.711,-930,,
multimetro,,,,90.54857040000024,2026-05-28T11:55:32.744,2026-05-28T12:11:02.744,-930,419.0,-0.003956318
multimetro,,,,90.76368790000015,2026-05-28T11:55:32.960,2026-05-28T12:11:02.960,-930,420.0,-0.003963552
multimetro,,,,90.97865850000017,2026-05-28T11:55:33.177,2026-05-28T12:11:03.177,-930,421.0,-0.003970483
balanza,182.0,-83.9,,91.01381269999911,2026-05-28T11:55:33.214,2026-05-28T12:11:03.214,-930,,
multimetro,,,,91.19376220000049,2026-05-28T11:55:33.393,2026-05-28T12:11:03.393,-930,422.0,-0.003977791
multimetro,,,,91.40890129999934,2026-05-28T11:55:33.600,2026-05-28T12:11:03.600,-930,423.0,-0.003984795
balanza,183.0,-84.05,,91.51373740000054,2026-05-28T11:55:33.710,2026-05-28T12:11:03.710,-930,,
multimetro,,,,91.62407929999972,2026-05-28T11:55:33.817,2026-05-28T12:11:03.817,-930,424.0,-0.003991883
multimetro,,,,91.83915510000043,2026-05-28T11:55:34.034,2026-05-28T12:11:04.034,-930,425.0,-0.003998804
balanza,184.0,-84.76,,92.01351050000085,2026-05-28T11:55:34.211,2026-05-28T12:11:04.211,-930,,
multimetro,,,,92.05430239999987,2026-05-28T11:55:34.250,2026-05-28T12:11:04.250,-930,426.0,-0.004005902
multimetro,,,,92.26947090000067,2026-05-28T11:55:34.467,2026-05-28T12:11:04.467,-930,427.0,-0.004012792
multimetro,,,,92.48453759999938,2026-05-28T11:55:34.684,2026-05-28T12:11:04.684,-930,428.0,-0.004019848
balanza,185.0,-84.42,,92.51315419999992,2026-05-28T11:55:34.713,2026-05-28T12:11:04.713,-930,,
multimetro,,,,92.69959329999983,2026-05-28T11:55:34.900,2026-05-28T12:11:04.900,-930,429.0,-0.004026748
multimetro,,,,92.91488939999908,2026-05-28T11:55:35.112,2026-05-28T12:11:05.112,-930,430.0,-0.004034108
balanza,186.0,-84.86,,93.01363250000031,2026-05-28T11:55:35.212,2026-05-28T12:11:05.212,-930,,
multimetro,,,,93.13008909999917,2026-05-28T11:55:35.326,2026-05-28T12:11:05.326,-930,431.0,-0.004040662
multimetro,,,,93.34515099999953,2026-05-28T11:55:35.542,2026-05-28T12:11:05.542,-930,432.0,-0.004047635
balanza,187.0,-84.98,,93.51370759999918,2026-05-28T11:55:35.713,2026-05-28T12:11:05.713,-930,,
multimetro,,,,93.56035180000072,2026-05-28T11:55:35.754,2026-05-28T12:11:05.754,-930,433.0,-0.004054419
multimetro,,,,93.7753931999996,2026-05-28T11:55:35.976,2026-05-28T12:11:05.976,-930,434.0,-0.004061183
multimetro,,,,93.99058469999909,2026-05-28T11:55:36.190,2026-05-28T12:11:06.190,-930,435.0,-0.004068124
balanza,188.0,-85.75,,94.01374450000003,2026-05-28T11:55:36.213,2026-05-28T12:11:06.213,-930,,
multimetro,,,,94.20565419999912,2026-05-28T11:55:36.404,2026-05-28T12:11:06.404,-930,436.0,-0.004075505
multimetro,,,,94.42087910000009,2026-05-28T11:55:36.621,2026-05-28T12:11:06.621,-930,437.0,-0.004082018
balanza,189.0,-85.46,,94.51362840000002,2026-05-28T11:55:36.710,2026-05-28T12:11:06.710,-930,,
multimetro,,,,94.63586310000028,2026-05-28T11:55:36.836,2026-05-28T12:11:06.836,-930,438.0,-0.004088593
multimetro,,,,94.85099079999964,2026-05-28T11:55:37.051,2026-05-28T12:11:07.051,-930,439.0,-0.004095398
balanza,190.0,-85.65,,95.01362320000044,2026-05-28T11:55:37.210,2026-05-28T12:11:07.210,-930,,
multimetro,,,,95.06620099999964,2026-05-28T11:55:37.266,2026-05-28T12:11:07.266,-930,440.0,-0.004102339
multimetro,,,,95.28123769999911,2026-05-28T11:55:37.477,2026-05-28T12:11:07.477,-930,441.0,-0.004109511
multimetro,,,,95.49634110000079,2026-05-28T11:55:37.692,2026-05-28T12:11:07.692,-930,442.0,-0.004116432
balanza,191.0,-86.46,,95.51325259999976,2026-05-28T11:55:37.713,2026-05-28T12:11:07.713,-930,,
multimetro,,,,95.71156449999944,2026-05-28T11:55:37.910,2026-05-28T12:11:07.910,-930,443.0,-0.004123394
multimetro,,,,95.9268847000003,2026-05-28T11:55:38.121,2026-05-28T12:11:08.121,-930,444.0,-0.004130484
balanza,192.0,-86.06,,96.01361109999925,2026-05-28T11:55:38.212,2026-05-28T12:11:08.212,-930,,
multimetro,,,,96.14183100000082,2026-05-28T11:55:38.334,2026-05-28T12:11:08.334,-930,445.0,-0.004136996
multimetro,,,,96.35709209999914,2026-05-28T11:55:38.550,2026-05-28T12:11:08.550,-930,446.0,-0.004144063
balanza,193.0,-86.74,,96.51370660000066,2026-05-28T11:55:38.713,2026-05-28T12:11:08.713,-930,,
multimetro,,,,96.57206070000029,2026-05-28T11:55:38.767,2026-05-28T12:11:08.767,-930,447.0,-0.004150806
multimetro,,,,96.78730469999937,2026-05-28T11:55:38.984,2026-05-28T12:11:08.984,-930,448.0,-0.004157517
multimetro,,,,97.00226640000074,2026-05-28T11:55:39.201,2026-05-28T12:11:09.201,-930,449.0,-0.004164092
balanza,194.0,-86.41,,97.01354429999992,2026-05-28T11:55:39.214,2026-05-28T12:11:09.214,-930,,
multimetro,,,,97.21755549999943,2026-05-28T11:55:39.417,2026-05-28T12:11:09.417,-930,450.0,-0.004171547
multimetro,,,,97.43261050000001,2026-05-28T11:55:39.627,2026-05-28T12:11:09.627,-930,451.0,-0.004178195
balanza,195.0,-86.81,,97.51375740000003,2026-05-28T11:55:39.714,2026-05-28T12:11:09.714,-930,,
multimetro,,,,97.6477503999995,2026-05-28T11:55:39.844,2026-05-28T12:11:09.844,-930,452.0,-0.004184424
multimetro,,,,97.86295040000005,2026-05-28T11:55:40.062,2026-05-28T12:11:10.062,-930,453.0,-0.004191376
balanza,196.0,-87.25,,98.01370820000011,2026-05-28T11:55:40.210,2026-05-28T12:11:10.210,-930,,
multimetro,,,,98.07784229999925,2026-05-28T11:55:40.277,2026-05-28T12:11:10.277,-930,454.0,-0.00419814
multimetro,,,,98.29318020000028,2026-05-28T11:55:40.493,2026-05-28T12:11:10.493,-930,455.0,-0.004204317
multimetro,,,,98.50811559999966,2026-05-28T11:55:40.701,2026-05-28T12:11:10.701,-930,456.0,-0.004211028
balanza,197.0,-86.8,,98.5134526999991,2026-05-28T11:55:40.714,2026-05-28T12:11:10.714,-930,,
multimetro,,,,98.72332959999949,2026-05-28T11:55:40.922,2026-05-28T12:11:10.922,-930,457.0,-0.004217802
multimetro,,,,98.93839710000066,2026-05-28T11:55:41.133,2026-05-28T12:11:11.133,-930,458.0,-0.004224555
balanza,198.0,-87.23,,99.01378099999965,2026-05-28T11:55:41.214,2026-05-28T12:11:11.214,-930,,
multimetro,,,,99.1535313000004,2026-05-28T11:55:41.350,2026-05-28T12:11:11.350,-930,459.0,-0.004231318
multimetro,,,,99.36865430000034,2026-05-28T11:55:41.567,2026-05-28T12:11:11.567,-930,460.0,-0.004237893
balanza,199.0,-87.5,,99.51358099999925,2026-05-28T11:55:41.710,2026-05-28T12:11:11.710,-930,,
multimetro,,,,99.58380989999932,2026-05-28T11:55:41.784,2026-05-28T12:11:11.784,-930,461.0,-0.004244657
multimetro,,,,99.79895489999944,2026-05-28T11:55:41.993,2026-05-28T12:11:11.993,-930,462.0,-0.004251316
balanza,200.0,-88.08,,100.0134620000008,2026-05-28T11:55:42.214,2026-05-28T12:11:12.214,-930,,
multimetro,,,,100.01392449999912,2026-05-28T11:55:42.214,2026-05-28T12:11:12.214,-930,463.0,-0.004258069
multimetro,,,,100.22891779999918,2026-05-28T11:55:42.429,2026-05-28T12:11:12.429,-930,464.0,-0.004264529
multimetro,,,,100.4438338,2026-05-28T11:55:42.643,2026-05-28T12:11:12.643,-930,465.0,-0.004270936
balanza,201.0,-87.99,,100.51370580000003,2026-05-28T11:55:42.710,2026-05-28T12:11:12.710,-930,,
multimetro,,,,100.65915180000047,2026-05-28T11:55:42.850,2026-05-28T12:11:12.850,-930,466.0,-0.004277375
multimetro,,,,100.87409769999977,2026-05-28T11:55:43.067,2026-05-28T12:11:13.067,-930,467.0,-0.004284285
balanza,202.0,-88.32,,101.01382379999995,2026-05-28T11:55:43.214,2026-05-28T12:11:13.214,-930,,
multimetro,,,,101.08934989999943,2026-05-28T11:55:43.284,2026-05-28T12:11:13.284,-930,468.0,-0.004290703
multimetro,,,,101.30429419999928,2026-05-28T11:55:43.504,2026-05-28T12:11:13.504,-930,469.0,-0.004297257
balanza,203.0,-88.14,,101.51331389999905,2026-05-28T11:55:43.710,2026-05-28T12:11:13.710,-930,,
multimetro,,,,101.51935050000066,2026-05-28T11:55:43.719,2026-05-28T12:11:13.719,-930,470.0,-0.004303455
multimetro,,,,101.73436310000034,2026-05-28T11:55:43.935,2026-05-28T12:11:13.935,-930,471.0,-0.00431026
multimetro,,,,101.9495810999997,2026-05-28T11:55:44.144,2026-05-28T12:11:14.144,-930,472.0,-0.004316867
balanza,204.0,-88.84,,102.0138179000005,2026-05-28T11:55:44.210,2026-05-28T12:11:14.210,-930,,
multimetro,,,,102.16462630000024,2026-05-28T11:55:44.364,2026-05-28T12:11:14.364,-930,473.0,-0.004323641
multimetro,,,,102.37973219999913,2026-05-28T11:55:44.571,2026-05-28T12:11:14.571,-930,474.0,-0.004330331
balanza,205.0,-88.4,,102.51369730000079,2026-05-28T11:55:44.710,2026-05-28T12:11:14.710,-930,,
multimetro,,,,102.59480839999924,2026-05-28T11:55:44.792,2026-05-28T12:11:14.792,-930,475.0,-0.004336571
multimetro,,,,102.80993689999923,2026-05-28T11:55:45.004,2026-05-28T12:11:15.004,-930,476.0,-0.004343219
balanza,206.0,-88.73,,103.01356789999954,2026-05-28T11:55:45.210,2026-05-28T12:11:15.210,-930,,
multimetro,,,,103.02514259999953,2026-05-28T11:55:45.219,2026-05-28T12:11:15.219,-930,477.0,-0.00434925
multimetro,,,,103.24008700000013,2026-05-28T11:55:45.434,2026-05-28T12:11:15.434,-930,478.0,-0.004356045
multimetro,,,,103.45543329999964,2026-05-28T11:55:45.650,2026-05-28T12:11:15.650,-930,479.0,-0.004362808
balanza,207.0,-89.33,,103.51326920000065,2026-05-28T11:55:45.710,2026-05-28T12:11:15.710,-930,,
multimetro,,,,103.67051399999946,2026-05-28T11:55:45.867,2026-05-28T12:11:15.867,-930,480.0,-0.004369394
multimetro,,,,103.88574890000018,2026-05-28T11:55:46.084,2026-05-28T12:11:16.084,-930,481.0,-0.004375958
balanza,208.0,-89.35,,104.01358760000039,2026-05-28T11:55:46.210,2026-05-28T12:11:16.210,-930,,
multimetro,,,,104.10084900000038,2026-05-28T11:55:46.300,2026-05-28T12:11:16.300,-930,482.0,-0.004382387
multimetro,,,,104.31607740000072,2026-05-28T11:55:46.516,2026-05-28T12:11:16.516,-930,483.0,-0.004389004
balanza,209.0,-89.76,,104.51380109999991,2026-05-28T11:55:46.714,2026-05-28T12:11:16.714,-930,,
multimetro,,,,104.53105680000044,2026-05-28T11:55:46.730,2026-05-28T12:11:16.730,-930,484.0,-0.004395861
multimetro,,,,104.74614069999916,2026-05-28T11:55:46.946,2026-05-28T12:11:16.946,-930,485.0,-0.004402174
multimetro,,,,104.96128099999987,2026-05-28T11:55:47.160,2026-05-28T12:11:17.160,-930,486.0,-0.004408749
balanza,210.0,-89.79,,105.01326970000082,2026-05-28T11:55:47.210,2026-05-28T12:11:17.210,-930,,
multimetro,,,,105.1764007999991,2026-05-28T11:55:47.367,2026-05-28T12:11:17.367,-930,487.0,-0.004414927
multimetro,,,,105.3914762000004,2026-05-28T11:55:47.584,2026-05-28T12:11:17.584,-930,488.0,-0.004421564
balanza,211.0,-90.29,,105.51355780000085,2026-05-28T11:55:47.710,2026-05-28T12:11:17.710,-930,,
multimetro,,,,105.60640059999969,2026-05-28T11:55:47.800,2026-05-28T12:11:17.800,-930,489.0,-0.004428297
multimetro,,,,105.82161930000075,2026-05-28T11:55:48.018,2026-05-28T12:11:18.018,-930,490.0,-0.004434379
balanza,212.0,-90.14,,106.01355209999929,2026-05-28T11:55:48.210,2026-05-28T12:11:18.210,-930,,
multimetro,,,,106.03655710000021,2026-05-28T11:55:48.234,2026-05-28T12:11:18.234,-930,491.0,-0.004440808
multimetro,,,,106.25192109999989,2026-05-28T11:55:48.450,2026-05-28T12:11:18.450,-930,492.0,-0.004446786
multimetro,,,,106.46687179999935,2026-05-28T11:55:48.667,2026-05-28T12:11:18.667,-930,493.0,-0.004453225
balanza,213.0,-90.43,,106.51383390000046,2026-05-28T11:55:48.711,2026-05-28T12:11:18.711,-930,,
multimetro,,,,106.68205300000045,2026-05-28T11:55:48.877,2026-05-28T12:11:18.877,-930,494.0,-0.004459434
multimetro,,,,106.89696960000038,2026-05-28T11:55:49.097,2026-05-28T12:11:19.097,-930,495.0,-0.00446582
balanza,214.0,-90.56,,107.01352380000026,2026-05-28T11:55:49.210,2026-05-28T12:11:19.210,-930,,
multimetro,,,,107.11212610000075,2026-05-28T11:55:49.310,2026-05-28T12:11:19.310,-930,496.0,-0.004472301
multimetro,,,,107.32715850000022,2026-05-28T11:55:49.527,2026-05-28T12:11:19.527,-930,497.0,-0.004478886
balanza,215.0,-90.97,,107.51357029999963,2026-05-28T11:55:49.710,2026-05-28T12:11:19.710,-930,,
multimetro,,,,107.54232650000085,2026-05-28T11:55:49.733,2026-05-28T12:11:19.733,-930,498.0,-0.004485158
multimetro,,,,107.7573881999997,2026-05-28T11:55:49.950,2026-05-28T12:11:19.950,-930,499.0,-0.004491984
multimetro,,,,107.97252180000032,2026-05-28T11:55:50.167,2026-05-28T12:11:20.167,-930,500.0,-0.004498297
balanza,216.0,-90.83,,108.01368609999918,2026-05-28T11:55:50.210,2026-05-28T12:11:20.210,-930,,
multimetro,,,,108.18767169999956,2026-05-28T11:55:50.384,2026-05-28T12:11:20.384,-930,501.0,-0.004504736
multimetro,,,,108.40291230000003,2026-05-28T11:55:50.600,2026-05-28T12:11:20.600,-930,502.0,-0.004511133
balanza,217.0,-91.26,,108.51360240000031,2026-05-28T11:55:50.710,2026-05-28T12:11:20.710,-930,,
multimetro,,,,108.61811250000028,2026-05-28T11:55:50.817,2026-05-28T12:11:20.817,-930,503.0,-0.004517363
multimetro,,,,108.83310689999962,2026-05-28T11:55:51.033,2026-05-28T12:11:21.033,-930,504.0,-0.004523739
balanza,218.0,-91.79,,109.01367240000036,2026-05-28T11:55:51.210,2026-05-28T12:11:21.210,-930,,
multimetro,,,,109.0484978000004,2026-05-28T11:55:51.243,2026-05-28T12:11:21.243,-930,505.0,-0.00453
multimetro,,,,109.26338670000041,2026-05-28T11:55:51.462,2026-05-28T12:11:21.462,-930,506.0,-0.004537088
multimetro,,,,109.4787727999992,2026-05-28T11:55:51.676,2026-05-28T12:11:21.676,-930,507.0,-0.004542679
balanza,219.0,-91.51,,109.51362250000057,2026-05-28T11:55:51.713,2026-05-28T12:11:21.713,-930,,
multimetro,,,,109.69378080000024,2026-05-28T11:55:51.894,2026-05-28T12:11:21.894,-930,508.0,-0.004549317
multimetro,,,,109.90893379999943,2026-05-28T11:55:52.100,2026-05-28T12:11:22.100,-930,509.0,-0.004555577
balanza,220.0,-91.77,,110.01354290000017,2026-05-28T11:55:52.210,2026-05-28T12:11:22.210,-930,,
multimetro,,,,110.1238828000005,2026-05-28T11:55:52.321,2026-05-28T12:11:22.321,-930,510.0,-0.004562341
multimetro,,,,110.3390889000002,2026-05-28T11:55:52.533,2026-05-28T12:11:22.533,-930,511.0,-0.004568665
balanza,221.0,-91.65,,110.51353430000017,2026-05-28T11:55:52.710,2026-05-28T12:11:22.710,-930,,
multimetro,,,,110.55431270000008,2026-05-28T11:55:52.750,2026-05-28T12:11:22.750,-930,512.0,-0.004574591
multimetro,,,,110.76930379999976,2026-05-28T11:55:52.969,2026-05-28T12:11:22.969,-930,513.0,-0.004581574
multimetro,,,,110.98439420000068,2026-05-28T11:55:53.184,2026-05-28T12:11:23.184,-930,514.0,-0.004588117
balanza,222.0,-92.33,,111.0136564000004,2026-05-28T11:55:53.214,2026-05-28T12:11:23.214,-930,,
multimetro,,,,111.19950269999936,2026-05-28T11:55:53.400,2026-05-28T12:11:23.400,-930,515.0,-0.004594033
multimetro,,,,111.41465939999944,2026-05-28T11:55:53.614,2026-05-28T12:11:23.614,-930,516.0,-0.004600367
balanza,223.0,-92.15,,111.51377449999927,2026-05-28T11:55:53.710,2026-05-28T12:11:23.710,-930,,
multimetro,,,,111.62974419999955,2026-05-28T11:55:53.827,2026-05-28T12:11:23.827,-930,517.0,-0.004606701
multimetro,,,,111.8450026999999,2026-05-28T11:55:54.038,2026-05-28T12:11:24.038,-930,518.0,-0.004612941
balanza,224.0,-92.59,,112.01373969999986,2026-05-28T11:55:54.210,2026-05-28T12:11:24.210,-930,,
multimetro,,,,112.05994989999999,2026-05-28T11:55:54.254,2026-05-28T12:11:24.254,-930,519.0,-0.004619066
multimetro,,,,112.27522599999975,2026-05-28T11:55:54.472,2026-05-28T12:11:24.472,-930,520.0,-0.004625924
multimetro,,,,112.49007530000017,2026-05-28T11:55:54.690,2026-05-28T12:11:24.690,-930,521.0,-0.004632164
balanza,225.0,-92.5,,112.51356560000022,2026-05-28T11:55:54.713,2026-05-28T12:11:24.713,-930,,
multimetro,,,,112.7052891000003,2026-05-28T11:55:54.905,2026-05-28T12:11:24.905,-930,522.0,-0.004638854
multimetro,,,,112.92045139999937,2026-05-28T11:55:55.120,2026-05-28T12:11:25.120,-930,523.0,-0.004644843
balanza,226.0,-92.89,,113.01366609999968,2026-05-28T11:55:55.210,2026-05-28T12:11:25.210,-930,,
multimetro,,,,113.13568329999907,2026-05-28T11:55:55.333,2026-05-28T12:11:25.333,-930,524.0,-0.004651093
multimetro,,,,113.35097909999968,2026-05-28T11:55:55.550,2026-05-28T12:11:25.550,-930,525.0,-0.004657364
balanza,227.0,-92.74,,113.51367609999943,2026-05-28T11:55:55.712,2026-05-28T12:11:25.712,-930,,
multimetro,,,,113.56601810000029,2026-05-28T11:55:55.760,2026-05-28T12:11:25.760,-930,526.0,-0.004664201
multimetro,,,,113.78145980000045,2026-05-28T11:55:55.977,2026-05-28T12:11:25.977,-930,527.0,-0.004670127
multimetro,,,,113.99652109999988,2026-05-28T11:55:56.197,2026-05-28T12:11:26.197,-930,528.0,-0.004676357
balanza,228.0,-93.19,,114.01320200000009,2026-05-28T11:55:56.213,2026-05-28T12:11:26.213,-930,,
multimetro,,,,114.21147229999951,2026-05-28T11:55:56.410,2026-05-28T12:11:26.410,-930,529.0,-0.0046829
multimetro,,,,114.42661899999985,2026-05-28T11:55:56.627,2026-05-28T12:11:26.627,-930,530.0,-0.004689088
balanza,229.0,-93.23,,114.51356850000047,2026-05-28T11:55:56.704,2026-05-28T12:11:26.704,-930,,
multimetro,,,,114.64202099999966,2026-05-28T11:55:56.833,2026-05-28T12:11:26.833,-930,531.0,-0.004695108
multimetro,,,,114.85709420000057,2026-05-28T11:55:57.050,2026-05-28T12:11:27.050,-930,532.0,-0.004701159
balanza,230.0,-93.84,,115.01362300000073,2026-05-28T11:55:57.210,2026-05-28T12:11:27.210,-930,,
multimetro,,,,115.07218769999963,2026-05-28T11:55:57.267,2026-05-28T12:11:27.267,-930,533.0,-0.004707598
multimetro,,,,115.28738730000077,2026-05-28T11:55:57.483,2026-05-28T12:11:27.483,-930,534.0,-0.004714289
multimetro,,,,115.50258939999912,2026-05-28T11:55:57.701,2026-05-28T12:11:27.701,-930,535.0,-0.004720392
balanza,231.0,-93.78,,115.51359989999946,2026-05-28T11:55:57.713,2026-05-28T12:11:27.713,-930,,
multimetro,,,,115.71772000000055,2026-05-28T11:55:57.917,2026-05-28T12:11:27.917,-930,536.0,-0.00472636
multimetro,,,,115.93290519999937,2026-05-28T11:55:58.133,2026-05-28T12:11:28.133,-930,537.0,-0.004733218
balanza,232.0,-93.85,,116.01380719999906,2026-05-28T11:55:58.204,2026-05-28T12:11:28.204,-930,,
multimetro,,,,116.14799409999978,2026-05-28T11:55:58.344,2026-05-28T12:11:28.344,-930,538.0,-0.004739761
multimetro,,,,116.36300300000039,2026-05-28T11:55:58.562,2026-05-28T12:11:28.562,-930,539.0,-0.004745981
balanza,233.0,-94.64,,116.51365140000053,2026-05-28T11:55:58.710,2026-05-28T12:11:28.710,-930,,
multimetro,,,,116.57815549999941,2026-05-28T11:55:58.777,2026-05-28T12:11:28.777,-930,540.0,-0.004752461
multimetro,,,,116.79334109999945,2026-05-28T11:55:58.993,2026-05-28T12:11:28.993,-930,541.0,-0.004758743
multimetro,,,,117.00839799999994,2026-05-28T11:55:59.204,2026-05-28T12:11:29.204,-930,542.0,-0.004765507
balanza,234.0,-94.12,,117.01361449999968,2026-05-28T11:55:59.214,2026-05-28T12:11:29.214,-930,,
multimetro,,,,117.22361049999927,2026-05-28T11:55:59.417,2026-05-28T12:11:29.417,-930,543.0,-0.00477161
multimetro,,,,117.43893039999966,2026-05-28T11:55:59.633,2026-05-28T12:11:29.633,-930,544.0,-0.004778206
balanza,235.0,-94.82,,117.51353709999967,2026-05-28T11:55:59.710,2026-05-28T12:11:29.710,-930,,
multimetro,,,,117.65411219999987,2026-05-28T11:55:59.850,2026-05-28T12:11:29.850,-930,545.0,-0.004785001
multimetro,,,,117.86923000000024,2026-05-28T11:56:00.067,2026-05-28T12:11:30.067,-930,546.0,-0.004791199
balanza,236.0,-94.46,,118.01351980000072,2026-05-28T11:56:00.210,2026-05-28T12:11:30.210,-930,,
multimetro,,,,118.08426370000052,2026-05-28T11:56:00.283,2026-05-28T12:11:30.283,-930,547.0,-0.004797921
multimetro,,,,118.29936599999928,2026-05-28T11:56:00.493,2026-05-28T12:11:30.493,-930,548.0,-0.00480437
balanza,237.0,-94.85,,118.5133977000005,2026-05-28T11:56:00.710,2026-05-28T12:11:30.710,-930,,
multimetro,,,,118.51484460000029,2026-05-28T11:56:00.710,2026-05-28T12:11:30.710,-930,549.0,-0.004811186
multimetro,,,,118.72993599999973,2026-05-28T11:56:00.930,2026-05-28T12:11:30.930,-930,550.0,-0.004817301
multimetro,,,,118.94508669999959,2026-05-28T11:56:01.143,2026-05-28T12:11:31.143,-930,551.0,-0.004824169
balanza,238.0,-94.76,,119.0137307999994,2026-05-28T11:56:01.213,2026-05-28T12:11:31.213,-930,,
multimetro,,,,119.16033190000053,2026-05-28T11:56:01.360,2026-05-28T12:11:31.360,-930,552.0,-0.004830597
multimetro,,,,119.37562120000075,2026-05-28T11:56:01.567,2026-05-28T12:11:31.567,-930,553.0,-0.004837392
balanza,239.0,-95.04,,119.51390179999908,2026-05-28T11:56:01.710,2026-05-28T12:11:31.710,-930,,
multimetro,,,,119.59079559999918,2026-05-28T11:56:01.784,2026-05-28T12:11:31.784,-930,554.0,-0.004844449
multimetro,,,,119.80574030000025,2026-05-28T11:56:02.000,2026-05-28T12:11:32.000,-930,555.0,-0.004851317
balanza,240.0,-95.3,,120.01360679999925,2026-05-28T11:56:02.210,2026-05-28T12:11:32.210,-930,,
multimetro,,,,120.02095109999937,2026-05-28T11:56:02.219,2026-05-28T12:11:32.219,-930,556.0,-0.004858133
multimetro,,,,120.23600570000053,2026-05-28T11:56:02.436,2026-05-28T12:11:32.436,-930,557.0,-0.004864456
multimetro,,,,120.45142119999946,2026-05-28T11:56:02.650,2026-05-28T12:11:32.650,-930,558.0,-0.004870948
balanza,241.0,-95.59,,120.51363259999926,2026-05-28T11:56:02.710,2026-05-28T12:11:32.710,-930,,
multimetro,,,,120.66674520000015,2026-05-28T11:56:02.867,2026-05-28T12:11:32.867,-930,559.0,-0.004878067
multimetro,,,,120.88194990000011,2026-05-28T11:56:03.076,2026-05-28T12:11:33.076,-930,560.0,-0.004884967
balanza,242.0,-95.85,,121.0133765999999,2026-05-28T11:56:03.210,2026-05-28T12:11:33.210,-930,,
multimetro,,,,121.09714890000032,2026-05-28T11:56:03.293,2026-05-28T12:11:33.293,-930,561.0,-0.004891793
multimetro,,,,121.31234489999952,2026-05-28T11:56:03.512,2026-05-28T12:11:33.512,-930,562.0,-0.004898944
balanza,243.0,-95.96,,121.51362150000023,2026-05-28T11:56:03.710,2026-05-28T12:11:33.710,-930,,
multimetro,,,,121.52744560000065,2026-05-28T11:56:03.724,2026-05-28T12:11:33.724,-930,563.0,-0.004905236
multimetro,,,,121.74249749999944,2026-05-28T11:56:03.934,2026-05-28T12:11:33.934,-930,564.0,-0.004912125
multimetro,,,,121.95770789999915,2026-05-28T11:56:04.154,2026-05-28T12:11:34.154,-930,565.0,-0.004918931
balanza,244.0,-96.42,,122.01365380000061,2026-05-28T11:56:04.210,2026-05-28T12:11:34.210,-930,,
multimetro,,,,122.17265140000018,2026-05-28T11:56:04.371,2026-05-28T12:11:34.371,-930,566.0,-0.004926071
multimetro,,,,122.38794280000002,2026-05-28T11:56:04.583,2026-05-28T12:11:34.583,-930,567.0,-0.004932929
balanza,245.0,-96.37,,122.51360729999942,2026-05-28T11:56:04.712,2026-05-28T12:11:34.712,-930,,
multimetro,,,,122.6028879000005,2026-05-28T11:56:04.800,2026-05-28T12:11:34.800,-930,568.0,-0.004939525
multimetro,,,,122.8180295000002,2026-05-28T11:56:05.017,2026-05-28T12:11:35.017,-930,569.0,-0.004946487
balanza,246.0,-96.76,,123.01351219999924,2026-05-28T11:56:05.211,2026-05-28T12:11:35.211,-930,,
multimetro,,,,123.03302609999992,2026-05-28T11:56:05.233,2026-05-28T12:11:35.233,-930,570.0,-0.004953564
multimetro,,,,123.2481960999994,2026-05-28T11:56:05.444,2026-05-28T12:11:35.444,-930,571.0,-0.004960506
multimetro,,,,123.4633814000008,2026-05-28T11:56:05.663,2026-05-28T12:11:35.663,-930,572.0,-0.004968107
balanza,247.0,-96.84,,123.51328719999947,2026-05-28T11:56:05.710,2026-05-28T12:11:35.710,-930,,
multimetro,,,,123.67852700000003,2026-05-28T11:56:05.877,2026-05-28T12:11:35.877,-930,573.0,-0.004975122
multimetro,,,,123.89364319999913,2026-05-28T11:56:06.093,2026-05-28T12:11:36.093,-930,574.0,-0.004981938
balanza,248.0,-97.46,,124.01352860000043,2026-05-28T11:56:06.210,2026-05-28T12:11:36.210,-930,,
multimetro,,,,124.1089561000008,2026-05-28T11:56:06.303,2026-05-28T12:11:36.303,-930,575.0,-0.004988418
multimetro,,,,124.32420749999983,2026-05-28T11:56:06.517,2026-05-28T12:11:36.517,-930,576.0,-0.004995527
balanza,249.0,-97.26,,124.51366629999939,2026-05-28T11:56:06.710,2026-05-28T12:11:36.710,-930,,
multimetro,,,,124.53915280000001,2026-05-28T11:56:06.739,2026-05-28T12:11:36.739,-930,577.0,-0.005002479
multimetro,,,,124.75442629999998,2026-05-28T11:56:06.950,2026-05-28T12:11:36.950,-930,578.0,-0.005009201
multimetro,,,,124.96929880000062,2026-05-28T11:56:07.167,2026-05-28T12:11:37.167,-930,579.0,-0.005015713
balanza,250.0,-97.84,,125.0137565999994,2026-05-28T11:56:07.210,2026-05-28T12:11:37.210,-930,,
multimetro,,,,125.18444199999976,2026-05-28T11:56:07.384,2026-05-28T12:11:37.384,-930,580.0,-0.005022707
multimetro,,,,125.39945629999966,2026-05-28T11:56:07.600,2026-05-28T12:11:37.600,-930,581.0,-0.005029753
balanza,251.0,-97.83,,125.51344579999932,2026-05-28T11:56:07.710,2026-05-28T12:11:37.710,-930,,
multimetro,,,,125.61460649999935,2026-05-28T11:56:07.810,2026-05-28T12:11:37.810,-930,582.0,-0.005036558
multimetro,,,,125.8297304000007,2026-05-28T11:56:08.030,2026-05-28T12:11:38.030,-930,583.0,-0.005043709
balanza,252.0,-98.09,,126.01360919999934,2026-05-28T11:56:08.210,2026-05-28T12:11:38.210,-930,,
multimetro,,,,126.04483380000056,2026-05-28T11:56:08.243,2026-05-28T12:11:38.243,-930,584.0,-0.00504975
multimetro,,,,126.26014170000053,2026-05-28T11:56:08.460,2026-05-28T12:11:38.460,-930,585.0,-0.00505622
multimetro,,,,126.47523010000077,2026-05-28T11:56:08.667,2026-05-28T12:11:38.667,-930,586.0,-0.005063005
balanza,253.0,-98.25,,126.51349540000047,2026-05-28T11:56:08.714,2026-05-28T12:11:38.714,-930,,
multimetro,,,,126.69029109999974,2026-05-28T11:56:08.887,2026-05-28T12:11:38.887,-930,587.0,-0.00506913
multimetro,,,,126.90554789999987,2026-05-28T11:56:09.100,2026-05-28T12:11:39.100,-930,588.0,-0.005076438
balanza,254.0,-98.13,,127.01361019999968,2026-05-28T11:56:09.210,2026-05-28T12:11:39.210,-930,,
multimetro,,,,127.12079269999958,2026-05-28T11:56:09.317,2026-05-28T12:11:39.317,-930,589.0,-0.005084175
multimetro,,,,127.33567840000069,2026-05-28T11:56:09.533,2026-05-28T12:11:39.533,-930,590.0,-0.005091357
balanza,255.0,-98.34,,127.51383349999924,2026-05-28T11:56:09.710,2026-05-28T12:11:39.710,-930,,
multimetro,,,,127.5508289999998,2026-05-28T11:56:09.750,2026-05-28T12:11:39.750,-930,591.0,-0.005099262
multimetro,,,,127.76593709999906,2026-05-28T11:56:09.960,2026-05-28T12:11:39.960,-930,592.0,-0.005106905
multimetro,,,,127.98112539999966,2026-05-28T11:56:10.177,2026-05-28T12:11:40.177,-930,593.0,-0.005114401
balanza,256.0,-98.16,,128.01370010000028,2026-05-28T11:56:10.213,2026-05-28T12:11:40.213,-930,,
multimetro,,,,128.1962781000002,2026-05-28T11:56:10.396,2026-05-28T12:11:40.396,-930,594.0,-0.005119594
multimetro,,,,128.41141769999922,2026-05-28T11:56:10.610,2026-05-28T12:11:40.610,-930,595.0,-0.00512708
balanza,257.0,-98.88,,128.5136521000004,2026-05-28T11:56:10.710,2026-05-28T12:11:40.710,-930,,
multimetro,,,,128.6277824000008,2026-05-28T11:56:10.825,2026-05-28T12:11:40.825,-930,596.0,-0.005133571
multimetro,,,,128.84277669999938,2026-05-28T11:56:11.042,2026-05-28T12:11:41.042,-930,597.0,-0.005140293
balanza,258.0,-98.81,,129.0134921000008,2026-05-28T11:56:11.210,2026-05-28T12:11:41.210,-930,,
multimetro,,,,129.05807219999951,2026-05-28T11:56:11.257,2026-05-28T12:11:41.257,-930,598.0,-0.005147108
multimetro,,,,129.27301529999932,2026-05-28T11:56:11.471,2026-05-28T12:11:41.471,-930,599.0,-0.005153715
multimetro,,,,129.4882146,2026-05-28T11:56:11.684,2026-05-28T12:11:41.684,-930,600.0,-0.005158887
balanza,259.0,-99.28,,129.51378339999974,2026-05-28T11:56:11.714,2026-05-28T12:11:41.714,-930,,
multimetro,,,,129.70333589999973,2026-05-28T11:56:11.900,2026-05-28T12:11:41.900,-930,601.0,-0.005165085
multimetro,,,,129.91834539999945,2026-05-28T11:56:12.118,2026-05-28T12:11:42.118,-930,602.0,-0.005170749
balanza,260.0,-99.65,,130.01362100000006,2026-05-28T11:56:12.210,2026-05-28T12:11:42.210,-930,,
multimetro,,,,130.13365150000027,2026-05-28T11:56:12.334,2026-05-28T12:11:42.334,-930,603.0,-0.005175691
multimetro,,,,130.3485596999999,2026-05-28T11:56:12.548,2026-05-28T12:11:42.548,-930,604.0,-0.005181731
balanza,261.0,-100.24,,130.51465929999904,2026-05-28T11:56:12.710,2026-05-28T12:11:42.710,-930,,
multimetro,,,,130.56366770000022,2026-05-28T11:56:12.764,2026-05-28T12:11:42.764,-930,605.0,-0.005182453
multimetro,,,,130.77879249999933,2026-05-28T11:56:12.979,2026-05-28T12:11:42.979,-930,606.0,-0.005182139
multimetro,,,,130.9939599999998,2026-05-28T11:56:13.186,2026-05-28T12:11:43.186,-930,607.0,-0.005184652
balanza,262.0,-99.74,,131.01359520000005,2026-05-28T11:56:13.214,2026-05-28T12:11:43.214,-930,,
multimetro,,,,131.20903840000028,2026-05-28T11:56:13.400,2026-05-28T12:11:43.400,-930,608.0,-0.005182736
multimetro,,,,131.42417299999943,2026-05-28T11:56:13.617,2026-05-28T12:11:43.617,-930,609.0,-0.005169671
balanza,263.0,-99.73,,131.51373559999956,2026-05-28T11:56:13.710,2026-05-28T12:11:43.710,-930,,
multimetro,,,,131.63923369999975,2026-05-28T11:56:13.838,2026-05-28T12:11:43.838,-930,610.0,-0.0051741
multimetro,,,,131.85453020000023,2026-05-28T11:56:14.050,2026-05-28T12:11:44.050,-930,611.0,-0.00518818
balanza,264.0,-100.02,,132.0145721000008,2026-05-28T11:56:14.210,2026-05-28T12:11:44.210,-930,,
multimetro,,,,132.06967470000018,2026-05-28T11:56:14.270,2026-05-28T12:11:44.270,-930,612.0,-0.005204388
multimetro,,,,132.28499869999905,2026-05-28T11:56:14.483,2026-05-28T12:11:44.483,-930,613.0,-0.005222458
multimetro,,,,132.50007209999967,2026-05-28T11:56:14.700,2026-05-28T12:11:44.700,-930,614.0,-0.005242665
balanza,265.0,-99.91,,132.51344529999915,2026-05-28T11:56:14.714,2026-05-28T12:11:44.714,-930,,
multimetro,,,,132.71501010000065,2026-05-28T11:56:14.910,2026-05-28T12:11:44.910,-930,615.0,-0.005265751
multimetro,,,,132.9301077,2026-05-28T11:56:15.127,2026-05-28T12:11:45.127,-930,616.0,-0.005289381
balanza,266.0,-101.04,,133.0146361999996,2026-05-28T11:56:15.214,2026-05-28T12:11:45.214,-930,,
multimetro,,,,133.14510259999952,2026-05-28T11:56:15.343,2026-05-28T12:11:45.343,-930,617.0,-0.005315723
multimetro,,,,133.36026169999968,2026-05-28T11:56:15.560,2026-05-28T12:11:45.560,-930,618.0,-0.00534485
balanza,267.0,-100.37,,133.5145661000006,2026-05-28T11:56:15.710,2026-05-28T12:11:45.710,-930,,
multimetro,,,,133.5754023999998,2026-05-28T11:56:15.767,2026-05-28T12:11:45.767,-930,619.0,-0.005377379
multimetro,,,,133.79052369999954,2026-05-28T11:56:15.983,2026-05-28T12:11:45.983,-930,620.0,-0.005412348
multimetro,,,,134.0055658000001,2026-05-28T11:56:16.201,2026-05-28T12:11:46.201,-930,621.0,-0.005448804
balanza,268.0,-101.24,,134.01490639999975,2026-05-28T11:56:16.215,2026-05-28T12:11:46.215,-930,,
multimetro,,,,134.22070990000066,2026-05-28T11:56:16.417,2026-05-28T12:11:46.417,-930,622.0,-0.00548571
multimetro,,,,134.43584419999934,2026-05-28T11:56:16.633,2026-05-28T12:11:46.633,-930,623.0,-0.005522218
balanza,269.0,-104.64,,134.51458739999907,2026-05-28T11:56:16.710,2026-05-28T12:11:46.710,-930,,
multimetro,,,,134.65096070000072,2026-05-28T11:56:16.850,2026-05-28T12:11:46.850,-930,624.0,-0.005558035
multimetro,,,,134.8661123999991,2026-05-28T11:56:17.066,2026-05-28T12:11:47.066,-930,625.0,-0.005591905
balanza,270.0,-106.28,,135.01471169999968,2026-05-28T11:56:17.210,2026-05-28T12:11:47.210,-930,,
multimetro,,,,135.08137419999912,2026-05-28T11:56:17.277,2026-05-28T12:11:47.277,-930,626.0,-0.005623984
multimetro,,,,135.29642740000054,2026-05-28T11:56:17.493,2026-05-28T12:11:47.493,-930,627.0,-0.005653404
multimetro,,,,135.51151700000082,2026-05-28T11:56:17.710,2026-05-28T12:11:47.710,-930,628.0,-0.005679788
balanza,271.0,-109.01,,135.5145350999992,2026-05-28T11:56:17.710,2026-05-28T12:11:47.710,-930,,
multimetro,,,,135.72648110000046,2026-05-28T11:56:17.927,2026-05-28T12:11:47.927,-930,629.0,-0.005703502
multimetro,,,,135.9415659999995,2026-05-28T11:56:18.133,2026-05-28T12:11:48.133,-930,630.0,-0.005724452
balanza,272.0,-110.02,,136.0147194000001,2026-05-28T11:56:18.214,2026-05-28T12:11:48.214,-930,,
multimetro,,,,136.1567032999992,2026-05-28T11:56:18.355,2026-05-28T12:11:48.355,-930,631.0,-0.005742952
multimetro,,,,136.37162779999926,2026-05-28T11:56:18.567,2026-05-28T12:11:48.567,-930,632.0,-0.005758908
balanza,273.0,-110.38,,136.5149032999998,2026-05-28T11:56:18.710,2026-05-28T12:11:48.710,-930,,
multimetro,,,,136.5868898000008,2026-05-28T11:56:18.784,2026-05-28T12:11:48.784,-930,633.0,-0.005772938
multimetro,,,,136.80180370000016,2026-05-28T11:56:19.000,2026-05-28T12:11:49.000,-930,634.0,-0.005785334
balanza,274.0,-111.91,,137.0145651999992,2026-05-28T11:56:19.210,2026-05-28T12:11:49.210,-930,,
multimetro,,,,137.01685410000027,2026-05-28T11:56:19.216,2026-05-28T12:11:49.216,-930,635.0,-0.005796139
multimetro,,,,137.23199340000065,2026-05-28T11:56:19.426,2026-05-28T12:11:49.426,-930,636.0,-0.005805624
multimetro,,,,137.44708050000008,2026-05-28T11:56:19.647,2026-05-28T12:11:49.647,-930,637.0,-0.005814063
balanza,275.0,-111.2,,137.51463870000043,2026-05-28T11:56:19.710,2026-05-28T12:11:49.710,-930,,
multimetro,,,,137.66232859999946,2026-05-28T11:56:19.856,2026-05-28T12:11:49.856,-930,638.0,-0.005821454
multimetro,,,,137.87755939999988,2026-05-28T11:56:20.071,2026-05-28T12:11:50.071,-930,639.0,-0.005827967
balanza,276.0,-112.5,,138.01474919999964,2026-05-28T11:56:20.210,2026-05-28T12:11:50.210,-930,,
multimetro,,,,138.09268639999937,2026-05-28T11:56:20.292,2026-05-28T12:11:50.292,-930,640.0,-0.005833882
multimetro,,,,138.30782829999953,2026-05-28T11:56:20.504,2026-05-28T12:11:50.504,-930,641.0,-0.005838981
balanza,277.0,-111.88,,138.51460550000047,2026-05-28T11:56:20.710,2026-05-28T12:11:50.710,-930,,
multimetro,,,,138.52309629999945,2026-05-28T11:56:20.721,2026-05-28T12:11:50.721,-930,642.0,-0.005843525
multimetro,,,,138.73807730000044,2026-05-28T11:56:20.938,2026-05-28T12:11:50.938,-930,643.0,-0.005847859
multimetro,,,,138.95327429999998,2026-05-28T11:56:21.150,2026-05-28T12:11:51.150,-930,644.0,-0.005851817
balanza,278.0,-112.04,,139.0145993999995,2026-05-28T11:56:21.210,2026-05-28T12:11:51.210,-930,,
multimetro,,,,139.16825339999923,2026-05-28T11:56:21.367,2026-05-28T12:11:51.367,-930,645.0,-0.005854968
multimetro,,,,139.38343370000075,2026-05-28T11:56:21.583,2026-05-28T12:11:51.583,-930,646.0,-0.00585791
balanza,279.0,-112.25,,139.51457259999916,2026-05-28T11:56:21.710,2026-05-28T12:11:51.710,-930,,
multimetro,,,,139.5986054999994,2026-05-28T11:56:21.793,2026-05-28T12:11:51.793,-930,647.0,-0.005860726
multimetro,,,,139.81359909999992,2026-05-28T11:56:22.010,2026-05-28T12:11:52.010,-930,648.0,-0.005862998
balanza,280.0,-112.63,,140.01447449999978,2026-05-28T11:56:22.214,2026-05-28T12:11:52.214,-930,,
multimetro,,,,140.02875139999924,2026-05-28T11:56:22.229,2026-05-28T12:11:52.229,-930,649.0,-0.005864736
multimetro,,,,140.2441371999994,2026-05-28T11:56:22.443,2026-05-28T12:11:52.443,-930,650.0,-0.005866474
multimetro,,,,140.45926709999912,2026-05-28T11:56:22.660,2026-05-28T12:11:52.660,-930,651.0,-0.005867919
balanza,281.0,-112.24,,140.51465599999938,2026-05-28T11:56:22.710,2026-05-28T12:11:52.710,-930,,
multimetro,,,,140.67451280000023,2026-05-28T11:56:22.867,2026-05-28T12:11:52.867,-930,652.0,-0.005869249
multimetro,,,,140.88976469999943,2026-05-28T11:56:23.083,2026-05-28T12:11:53.083,-930,653.0,-0.005870254
balanza,282.0,-112.41,,141.01443350000045,2026-05-28T11:56:23.211,2026-05-28T12:11:53.211,-930,,
multimetro,,,,141.10481529999925,2026-05-28T11:56:23.300,2026-05-28T12:11:53.300,-930,654.0,-0.0058715
multimetro,,,,141.3199435000006,2026-05-28T11:56:23.517,2026-05-28T12:11:53.517,-930,655.0,-0.005872306
balanza,283.0,-112.68,,141.5145883999994,2026-05-28T11:56:23.714,2026-05-28T12:11:53.714,-930,,
multimetro,,,,141.5351668000003,2026-05-28T11:56:23.733,2026-05-28T12:11:53.733,-930,656.0,-0.005873028
multimetro,,,,141.7504814999993,2026-05-28T11:56:23.950,2026-05-28T12:11:53.950,-930,657.0,-0.005873876
multimetro,,,,141.96563939999942,2026-05-28T11:56:24.162,2026-05-28T12:11:54.162,-930,658.0,-0.005874295
balanza,284.0,-112.33,,142.0148179000007,2026-05-28T11:56:24.210,2026-05-28T12:11:54.210,-930,,
multimetro,,,,142.18058790000032,2026-05-28T11:56:24.376,2026-05-28T12:11:54.376,-930,659.0,-0.005874808
multimetro,,,,142.3956249999992,2026-05-28T11:56:24.595,2026-05-28T12:11:54.595,-930,660.0,-0.005875227
balanza,285.0,-112.57,,142.5145637000005,2026-05-28T11:56:24.710,2026-05-28T12:11:54.710,-930,,
multimetro,,,,142.61075979999987,2026-05-28T11:56:24.810,2026-05-28T12:11:54.810,-930,661.0,-0.005875457
multimetro,,,,142.82588600000054,2026-05-28T11:56:25.019,2026-05-28T12:11:55.019,-930,662.0,-0.005876033
balanza,286.0,-112.51,,143.0146738000003,2026-05-28T11:56:25.210,2026-05-28T12:11:55.210,-930,,
multimetro,,,,143.04108470000028,2026-05-28T11:56:25.233,2026-05-28T12:11:55.233,-930,663.0,-0.005876222
multimetro,,,,143.2562254000004,2026-05-28T11:56:25.456,2026-05-28T12:11:55.456,-930,664.0,-0.005876546
multimetro,,,,143.47141369999918,2026-05-28T11:56:25.667,2026-05-28T12:11:55.667,-930,665.0,-0.005876787
balanza,287.0,-112.72,,143.51466789999904,2026-05-28T11:56:25.710,2026-05-28T12:11:55.710,-930,,
multimetro,,,,143.68651040000077,2026-05-28T11:56:25.883,2026-05-28T12:11:55.883,-930,666.0,-0.00587707
multimetro,,,,143.9017258999993,2026-05-28T11:56:26.100,2026-05-28T12:11:56.100,-930,667.0,-0.005877185
balanza,288.0,-112.47,,144.0147027999992,2026-05-28T11:56:26.210,2026-05-28T12:11:56.210,-930,,
multimetro,,,,144.1168689999995,2026-05-28T11:56:26.317,2026-05-28T12:11:56.317,-930,668.0,-0.005877311
multimetro,,,,144.33199389999936,2026-05-28T11:56:26.526,2026-05-28T12:11:56.526,-930,669.0,-0.0058773
balanza,289.0,-112.76,,144.5146203000004,2026-05-28T11:56:26.710,2026-05-28T12:11:56.710,-930,,
multimetro,,,,144.5484768999995,2026-05-28T11:56:26.747,2026-05-28T12:11:56.747,-930,670.0,-0.005877499
multimetro,,,,144.76363200000014,2026-05-28T11:56:26.964,2026-05-28T12:11:56.964,-930,671.0,-0.005877646
multimetro,,,,144.9787921999996,2026-05-28T11:56:27.171,2026-05-28T12:11:57.171,-930,672.0,-0.005878033
balanza,290.0,-112.62,,145.01460469999984,2026-05-28T11:56:27.210,2026-05-28T12:11:57.210,-930,,
multimetro,,,,145.1937211000004,2026-05-28T11:56:27.392,2026-05-28T12:11:57.392,-930,673.0,-0.005878002
multimetro,,,,145.40894769999977,2026-05-28T11:56:27.604,2026-05-28T12:11:57.604,-930,674.0,-0.005878075
balanza,291.0,-112.81,,145.51458459999958,2026-05-28T11:56:27.714,2026-05-28T12:11:57.714,-930,,
multimetro,,,,145.62378259999969,2026-05-28T11:56:27.824,2026-05-28T12:11:57.824,-930,675.0,-0.005878085
multimetro,,,,145.8389291000003,2026-05-28T11:56:28.036,2026-05-28T12:11:58.036,-930,676.0,-0.005878284
balanza,292.0,-112.7,,146.01452590000008,2026-05-28T11:56:28.210,2026-05-28T12:11:58.210,-930,,
multimetro,,,,146.05400759999975,2026-05-28T11:56:28.250,2026-05-28T12:11:58.250,-930,677.0,-0.005878263
multimetro,,,,146.2693586000005,2026-05-28T11:56:28.467,2026-05-28T12:11:58.467,-930,678.0,-0.005878316
multimetro,,,,146.48429659999965,2026-05-28T11:56:28.683,2026-05-28T12:11:58.683,-930,679.0,-0.005878483
balanza,293.0,-112.94,,146.51470560000053,2026-05-28T11:56:28.714,2026-05-28T12:11:58.714,-930,,
multimetro,,,,146.6995083999991,2026-05-28T11:56:28.899,2026-05-28T12:11:58.899,-930,680.0,-0.005878651
multimetro,,,,146.9147443999991,2026-05-28T11:56:29.114,2026-05-28T12:11:59.114,-930,681.0,-0.005878703
balanza,294.0,-112.71,,147.01473020000049,2026-05-28T11:56:29.214,2026-05-28T12:11:59.214,-930,,
multimetro,,,,147.1300854000001,2026-05-28T11:56:29.321,2026-05-28T12:11:59.321,-930,682.0,-0.005878933
multimetro,,,,147.34526390000065,2026-05-28T11:56:29.538,2026-05-28T12:11:59.538,-930,683.0,-0.005878892
balanza,295.0,-112.87,,147.51477250000062,2026-05-28T11:56:29.710,2026-05-28T12:11:59.710,-930,,
multimetro,,,,147.5603059999994,2026-05-28T11:56:29.760,2026-05-28T12:11:59.760,-930,684.0,-0.005879143
multimetro,,,,147.7754206999998,2026-05-28T11:56:29.967,2026-05-28T12:11:59.967,-930,685.0,-0.005879279
multimetro,,,,147.9903462000002,2026-05-28T11:56:30.183,2026-05-28T12:12:00.183,-930,686.0,-0.005879415
balanza,296.0,-112.76,,148.01473850000002,2026-05-28T11:56:30.215,2026-05-28T12:12:00.215,-930,,
multimetro,,,,148.20556469999974,2026-05-28T11:56:30.400,2026-05-28T12:12:00.400,-930,687.0,-0.005879541
multimetro,,,,148.4204699999991,2026-05-28T11:56:30.617,2026-05-28T12:12:00.617,-930,688.0,-0.005879342
balanza,297.0,-112.87,,148.51457649999975,2026-05-28T11:56:30.714,2026-05-28T12:12:00.714,-930,,
multimetro,,,,148.63563629999953,2026-05-28T11:56:30.833,2026-05-28T12:12:00.833,-930,689.0,-0.005879562
multimetro,,,,148.85065880000002,2026-05-28T11:56:31.050,2026-05-28T12:12:01.050,-930,690.0,-0.005879708
balanza,298.0,-112.8,,149.01463420000073,2026-05-28T11:56:31.212,2026-05-28T12:12:01.212,-930,,
multimetro,,,,149.06595469999957,2026-05-28T11:56:31.260,2026-05-28T12:12:01.260,-930,691.0,-0.005879876
multimetro,,,,149.28121450000071,2026-05-28T11:56:31.476,2026-05-28T12:12:01.476,-930,692.0,-0.005880096
multimetro,,,,149.49617319999925,2026-05-28T11:56:31.693,2026-05-28T12:12:01.693,-930,693.0,-0.005879938
balanza,299.0,-112.9,,149.5143764000004,2026-05-28T11:56:31.714,2026-05-28T12:12:01.714,-930,,
multimetro,,,,149.71128110000063,2026-05-28T11:56:31.910,2026-05-28T12:12:01.910,-930,694.0,-0.005880054
multimetro,,,,149.9266322000003,2026-05-28T11:56:32.126,2026-05-28T12:12:02.126,-930,695.0,-0.005879897
balanza,300.0,-112.78,,150.01453159999983,2026-05-28T11:56:32.210,2026-05-28T12:12:02.210,-930,,
multimetro,,,,150.14175729999988,2026-05-28T11:56:32.333,2026-05-28T12:12:02.333,-930,696.0,-0.005879928
multimetro,,,,150.35670589999972,2026-05-28T11:56:32.550,2026-05-28T12:12:02.550,-930,697.0,-0.005879865
balanza,301.0,-112.95,,150.51444570000058,2026-05-28T11:56:32.710,2026-05-28T12:12:02.710,-930,,
multimetro,,,,150.57191889999922,2026-05-28T11:56:32.768,2026-05-28T12:12:02.768,-930,698.0,-0.00587997
multimetro,,,,150.78683339999952,2026-05-28T11:56:32.983,2026-05-28T12:12:02.983,-930,699.0,-0.005879991
multimetro,,,,151.00206099999923,2026-05-28T11:56:33.201,2026-05-28T12:12:03.201,-930,700.0,-0.005880179
balanza,302.0,-112.82,,151.01452280000012,2026-05-28T11:56:33.214,2026-05-28T12:12:03.214,-930,,
multimetro,,,,151.2169384000008,2026-05-28T11:56:33.417,2026-05-28T12:12:03.417,-930,701.0,-0.005879918
multimetro,,,,151.43220719999954,2026-05-28T11:56:33.627,2026-05-28T12:12:03.627,-930,702.0,-0.005880075
balanza,303.0,-112.88,,151.51460770000085,2026-05-28T11:56:33.710,2026-05-28T12:12:03.710,-930,,
multimetro,,,,151.64728280000054,2026-05-28T11:56:33.843,2026-05-28T12:12:03.843,-930,703.0,-0.005880483
multimetro,,,,151.86254550000012,2026-05-28T11:56:34.057,2026-05-28T12:12:04.057,-930,704.0,-0.005880504
balanza,304.0,-112.9,,152.0145379000005,2026-05-28T11:56:34.210,2026-05-28T12:12:04.210,-930,,
multimetro,,,,152.07748130000073,2026-05-28T11:56:34.275,2026-05-28T12:12:04.275,-930,705.0,-0.005880556
multimetro,,,,152.29259099999945,2026-05-28T11:56:34.483,2026-05-28T12:12:04.483,-930,706.0,-0.005880525
multimetro,,,,152.50781579999966,2026-05-28T11:56:34.701,2026-05-28T12:12:04.701,-930,707.0,-0.005880546
balanza,305.0,-112.91,,152.51456320000034,2026-05-28T11:56:34.714,2026-05-28T12:12:04.714,-930,,
multimetro,,,,152.72287829999914,2026-05-28T11:56:34.919,2026-05-28T12:12:04.919,-930,708.0,-0.005880692
multimetro,,,,152.93807150000066,2026-05-28T11:56:35.133,2026-05-28T12:12:05.133,-930,709.0,-0.00588064
balanza,306.0,-112.86,,153.01480640000045,2026-05-28T11:56:35.215,2026-05-28T12:12:05.215,-930,,
multimetro,,,,153.1531501999998,2026-05-28T11:56:35.350,2026-05-28T12:12:05.350,-930,710.0,-0.005880965
multimetro,,,,153.3683777999995,2026-05-28T11:56:35.567,2026-05-28T12:12:05.567,-930,711.0,-0.005881048
balanza,307.0,-112.96,,153.51470859999972,2026-05-28T11:56:35.710,2026-05-28T12:12:05.710,-930,,
multimetro,,,,153.58337279999978,2026-05-28T11:56:35.783,2026-05-28T12:12:05.783,-930,712.0,-0.005881268
multimetro,,,,153.79851889999918,2026-05-28T11:56:35.993,2026-05-28T12:12:05.993,-930,713.0,-0.005881373
multimetro,,,,154.0136069,2026-05-28T11:56:36.210,2026-05-28T12:12:06.210,-930,714.0,-0.005881268
balanza,308.0,-112.92,,154.01462770000035,2026-05-28T11:56:36.210,2026-05-28T12:12:06.210,-930,,
multimetro,,,,154.22863420000067,2026-05-28T11:56:36.427,2026-05-28T12:12:06.427,-930,715.0,-0.0058813
multimetro,,,,154.44378750000033,2026-05-28T11:56:36.644,2026-05-28T12:12:06.644,-930,716.0,-0.005881268
balanza,309.0,-112.91,,154.51461070000005,2026-05-28T11:56:36.714,2026-05-28T12:12:06.714,-930,,
multimetro,,,,154.65906379999979,2026-05-28T11:56:36.850,2026-05-28T12:12:06.850,-930,717.0,-0.00588131
multimetro,,,,154.87426629999936,2026-05-28T11:56:37.074,2026-05-28T12:12:07.074,-930,718.0,-0.005881341
balanza,310.0,-112.92,,155.01440759999969,2026-05-28T11:56:37.210,2026-05-28T12:12:07.210,-930,,
multimetro,,,,155.0893185999994,2026-05-28T11:56:37.283,2026-05-28T12:12:07.283,-930,719.0,-0.005881488
multimetro,,,,155.30440719999933,2026-05-28T11:56:37.500,2026-05-28T12:12:07.500,-930,720.0,-0.005881404
balanza,311.0,-112.95,,155.51451369999995,2026-05-28T11:56:37.710,2026-05-28T12:12:07.710,-930,,
multimetro,,,,155.51940260000083,2026-05-28T11:56:37.719,2026-05-28T12:12:07.719,-930,721.0,-0.005881572
multimetro,,,,155.73446820000026,2026-05-28T11:56:37.934,2026-05-28T12:12:07.934,-930,722.0,-0.005881582
multimetro,,,,155.9493738000001,2026-05-28T11:56:38.150,2026-05-28T12:12:08.150,-930,723.0,-0.005881446
balanza,312.0,-113.0,,156.0145068999991,2026-05-28T11:56:38.210,2026-05-28T12:12:08.210,-930,,
multimetro,,,,156.16452620000018,2026-05-28T11:56:38.360,2026-05-28T12:12:08.360,-930,724.0,-0.00588153
multimetro,,,,156.37960190000013,2026-05-28T11:56:38.580,2026-05-28T12:12:08.580,-930,725.0,-0.005881561
balanza,313.0,-112.97,,156.51455050000004,2026-05-28T11:56:38.714,2026-05-28T12:12:08.714,-930,,
multimetro,,,,156.59472529999948,2026-05-28T11:56:38.793,2026-05-28T12:12:08.793,-930,726.0,-0.005881572
multimetro,,,,156.80987599999935,2026-05-28T11:56:39.010,2026-05-28T12:12:09.010,-930,727.0,-0.005881656
balanza,314.0,-112.99,,157.01447469999948,2026-05-28T11:56:39.210,2026-05-28T12:12:09.210,-930,,
multimetro,,,,157.02503070000057,2026-05-28T11:56:39.219,2026-05-28T12:12:09.219,-930,728.0,-0.005881561
multimetro,,,,157.23992709999948,2026-05-28T11:56:39.440,2026-05-28T12:12:09.440,-930,729.0,-0.005881676
multimetro,,,,157.4552963999995,2026-05-28T11:56:39.654,2026-05-28T12:12:09.654,-930,730.0,-0.005881572
balanza,315.0,-112.98,,157.51472920000015,2026-05-28T11:56:39.710,2026-05-28T12:12:09.710,-930,,
multimetro,,,,157.6704135,2026-05-28T11:56:39.870,2026-05-28T12:12:09.870,-930,731.0,-0.005881834
multimetro,,,,157.88547579999977,2026-05-28T11:56:40.086,2026-05-28T12:12:10.086,-930,732.0,-0.005881614
balanza,316.0,-112.98,,158.01461480000034,2026-05-28T11:56:40.214,2026-05-28T12:12:10.214,-930,,
multimetro,,,,158.10069470000053,2026-05-28T11:56:40.301,2026-05-28T12:12:10.301,-930,733.0,-0.005881635
multimetro,,,,158.31569320000017,2026-05-28T11:56:40.510,2026-05-28T12:12:10.510,-930,734.0,-0.005881561
balanza,317.0,-112.91,,158.51464309999938,2026-05-28T11:56:40.710,2026-05-28T12:12:10.710,-930,,
multimetro,,,,158.53096929999992,2026-05-28T11:56:40.731,2026-05-28T12:12:10.731,-930,735.0,-0.005881582
multimetro,,,,158.74596080000083,2026-05-28T11:56:40.942,2026-05-28T12:12:10.942,-930,736.0,-0.005881373
multimetro,,,,158.9610787999991,2026-05-28T11:56:41.154,2026-05-28T12:12:11.154,-930,737.0,-0.005881478
balanza,318.0,-112.99,,159.01469689999976,2026-05-28T11:56:41.210,2026-05-28T12:12:11.210,-930,,
multimetro,,,,159.17613800000072,2026-05-28T11:56:41.376,2026-05-28T12:12:11.376,-930,738.0,-0.005881174
multimetro,,,,159.3914789999999,2026-05-28T11:56:41.590,2026-05-28T12:12:11.590,-930,739.0,-0.005881216
balanza,319.0,-112.96,,159.51452450000033,2026-05-28T11:56:41.710,2026-05-28T12:12:11.710,-930,,
multimetro,,,,159.60650109999915,2026-05-28T11:56:41.804,2026-05-28T12:12:11.804,-930,740.0,-0.005881174
multimetro,,,,159.82167780000054,2026-05-28T11:56:42.017,2026-05-28T12:12:12.017,-930,741.0,-0.005881341
balanza,320.0,-112.95,,160.01466959999925,2026-05-28T11:56:42.214,2026-05-28T12:12:12.214,-930,,
multimetro,,,,160.03684989999965,2026-05-28T11:56:42.233,2026-05-28T12:12:12.233,-930,742.0,-0.00588153
multimetro,,,,160.25208899999961,2026-05-28T11:56:42.450,2026-05-28T12:12:12.450,-930,743.0,-0.005881739
multimetro,,,,160.46730150000076,2026-05-28T11:56:42.667,2026-05-28T12:12:12.667,-930,744.0,-0.005881676
balanza,321.0,-112.95,,160.51478599999973,2026-05-28T11:56:42.710,2026-05-28T12:12:12.710,-930,,
multimetro,,,,160.68236550000074,2026-05-28T11:56:42.879,2026-05-28T12:12:12.879,-930,745.0,-0.005881823
multimetro,,,,160.89749569999913,2026-05-28T11:56:43.098,2026-05-28T12:12:13.098,-930,746.0,-0.005881582
balanza,322.0,-113.02,,161.01445819999935,2026-05-28T11:56:43.210,2026-05-28T12:12:13.210,-930,,
multimetro,,,,161.11242879999918,2026-05-28T11:56:43.310,2026-05-28T12:12:13.310,-930,747.0,-0.005881488
multimetro,,,,161.32742159999907,2026-05-28T11:56:43.527,2026-05-28T12:12:13.527,-930,748.0,-0.005881436
balanza,323.0,-113.04,,161.51448290000008,2026-05-28T11:56:43.710,2026-05-28T12:12:13.710,-930,,
multimetro,,,,161.5425563000008,2026-05-28T11:56:43.733,2026-05-28T12:12:13.733,-930,749.0,-0.00588154
multimetro,,,,161.75766289999956,2026-05-28T11:56:43.950,2026-05-28T12:12:13.950,-930,750.0,-0.00588153
multimetro,,,,161.97274130000005,2026-05-28T11:56:44.167,2026-05-28T12:12:14.167,-930,751.0,-0.005881666
balanza,324.0,-113.1,,162.01438640000015,2026-05-28T11:56:44.210,2026-05-28T12:12:14.210,-930,,
multimetro,,,,162.1878658000005,2026-05-28T11:56:44.383,2026-05-28T12:12:14.383,-930,752.0,-0.005881896
multimetro,,,,162.40306509999937,2026-05-28T11:56:44.600,2026-05-28T12:12:14.600,-930,753.0,-0.005881823
balanza,325.0,-112.99,,162.51445980000062,2026-05-28T11:56:44.710,2026-05-28T12:12:14.710,-930,,
multimetro,,,,162.61832250000043,2026-05-28T11:56:44.817,2026-05-28T12:12:14.817,-930,754.0,-0.005881949
multimetro,,,,162.83343360000072,2026-05-28T11:56:45.033,2026-05-28T12:12:15.033,-930,755.0,-0.005881865
balanza,326.0,-113.02,,163.0144547,2026-05-28T11:56:45.210,2026-05-28T12:12:15.210,-930,,
multimetro,,,,163.0486877000003,2026-05-28T11:56:45.245,2026-05-28T12:12:15.245,-930,756.0,-0.005881802
multimetro,,,,163.26378450000084,2026-05-28T11:56:45.460,2026-05-28T12:12:15.460,-930,757.0,-0.005881697
multimetro,,,,163.47865699999966,2026-05-28T11:56:45.676,2026-05-28T12:12:15.676,-930,758.0,-0.005881802
balanza,327.0,-113.02,,163.5145235,2026-05-28T11:56:45.714,2026-05-28T12:12:15.714,-930,,
multimetro,,,,163.69385949999923,2026-05-28T11:56:45.893,2026-05-28T12:12:15.893,-930,759.0,-0.005881896
multimetro,,,,163.90902859999915,2026-05-28T11:56:46.100,2026-05-28T12:12:16.100,-930,760.0,-0.005881813
balanza,328.0,-113.0,,164.01455929999975,2026-05-28T11:56:46.212,2026-05-28T12:12:16.212,-930,,
multimetro,,,,164.12425500000063,2026-05-28T11:56:46.317,2026-05-28T12:12:16.317,-930,761.0,-0.005881875
multimetro,,,,164.33920129999933,2026-05-28T11:56:46.533,2026-05-28T12:12:16.533,-930,762.0,-0.005882053
balanza,329.0,-113.01,,164.51447870000084,2026-05-28T11:56:46.715,2026-05-28T12:12:16.715,-930,,
multimetro,,,,164.55427079999936,2026-05-28T11:56:46.754,2026-05-28T12:12:16.754,-930,763.0,-0.005882116
multimetro,,,,164.7694558000003,2026-05-28T11:56:46.969,2026-05-28T12:12:16.969,-930,764.0,-0.005882158
multimetro,,,,164.98453289999998,2026-05-28T11:56:47.184,2026-05-28T12:12:17.184,-930,765.0,-0.005882148
balanza,330.0,-113.06,,165.01451749999978,2026-05-28T11:56:47.215,2026-05-28T12:12:17.215,-930,,
multimetro,,,,165.19960779999928,2026-05-28T11:56:47.399,2026-05-28T12:12:17.399,-930,766.0,-0.005882053
multimetro,,,,165.41474650000055,2026-05-28T11:56:47.610,2026-05-28T12:12:17.610,-930,767.0,-0.005882169
balanza,331.0,-113.07,,165.51448229999914,2026-05-28T11:56:47.710,2026-05-28T12:12:17.710,-930,,
multimetro,,,,165.62996059999932,2026-05-28T11:56:47.821,2026-05-28T12:12:17.821,-930,768.0,-0.005882158
multimetro,,,,165.85798690000047,2026-05-28T11:56:48.058,2026-05-28T12:12:18.058,-930,769.0,-0.005882409
balanza,332.0,-113.06,,166.01444459999948,2026-05-28T11:56:48.210,2026-05-28T12:12:18.210,-930,,
multimetro,,,,166.0733354999993,2026-05-28T11:56:48.267,2026-05-28T12:12:18.267,-930,770.0,-0.005882378
multimetro,,,,166.2885566999994,2026-05-28T11:56:48.484,2026-05-28T12:12:18.484,-930,771.0,-0.005882472
multimetro,,,,166.50377200000003,2026-05-28T11:56:48.702,2026-05-28T12:12:18.702,-930,772.0,-0.005882409
balanza,333.0,-113.03,,166.5146781000003,2026-05-28T11:56:48.714,2026-05-28T12:12:18.714,-930,,
multimetro,,,,166.7190026999997,2026-05-28T11:56:48.917,2026-05-28T12:12:18.917,-930,773.0,-0.005882305
multimetro,,,,166.9340441000004,2026-05-28T11:56:49.133,2026-05-28T12:12:19.133,-930,774.0,-0.005882378
balanza,334.0,-113.04,,167.01462440000068,2026-05-28T11:56:49.214,2026-05-28T12:12:19.214,-930,,
multimetro,,,,167.14935700000024,2026-05-28T11:56:49.350,2026-05-28T12:12:19.350,-930,775.0,-0.005882399
multimetro,,,,167.36430780000046,2026-05-28T11:56:49.560,2026-05-28T12:12:19.560,-930,776.0,-0.005882399
balanza,335.0,-112.98,,167.5146022000008,2026-05-28T11:56:49.710,2026-05-28T12:12:19.710,-930,,
multimetro,,,,167.5793422000006,2026-05-28T11:56:49.779,2026-05-28T12:12:19.779,-930,777.0,-0.005882556
multimetro,,,,167.7943722,2026-05-28T11:56:49.993,2026-05-28T12:12:19.993,-930,778.0,-0.005882326
multimetro,,,,168.0094642999993,2026-05-28T11:56:50.210,2026-05-28T12:12:20.210,-930,779.0,-0.005882326
balanza,336.0,-113.1,,168.01441479999994,2026-05-28T11:56:50.210,2026-05-28T12:12:20.210,-930,,
multimetro,,,,168.22439139999915,2026-05-28T11:56:50.417,2026-05-28T12:12:20.417,-930,780.0,-0.005882388
multimetro,,,,168.43950199999927,2026-05-28T11:56:50.634,2026-05-28T12:12:20.634,-930,781.0,-0.005882441
balanza,337.0,-112.97,,168.5144603000008,2026-05-28T11:56:50.710,2026-05-28T12:12:20.710,-930,,
multimetro,,,,168.65444039999966,2026-05-28T11:56:50.850,2026-05-28T12:12:20.850,-930,782.0,-0.005882451
multimetro,,,,168.8696617000005,2026-05-28T11:56:51.067,2026-05-28T12:12:21.067,-930,783.0,-0.005882545
balanza,338.0,-112.99,,169.01449139999932,2026-05-28T11:56:51.210,2026-05-28T12:12:21.210,-930,,
multimetro,,,,169.0849134,2026-05-28T11:56:51.283,2026-05-28T12:12:21.283,-930,784.0,-0.005882472
multimetro,,,,169.2998721999993,2026-05-28T11:56:51.494,2026-05-28T12:12:21.494,-930,785.0,-0.005882441
balanza,339.0,-113.0,,169.51445459999923,2026-05-28T11:56:51.710,2026-05-28T12:12:21.710,-930,,
multimetro,,,,169.5152548999995,2026-05-28T11:56:51.710,2026-05-28T12:12:21.710,-930,786.0,-0.005882378
multimetro,,,,169.73008579999987,2026-05-28T11:56:51.927,2026-05-28T12:12:21.927,-930,787.0,-0.005882294
multimetro,,,,169.94537449999916,2026-05-28T11:56:52.144,2026-05-28T12:12:22.144,-930,788.0,-0.005882378
balanza,340.0,-113.05,,170.01452489999974,2026-05-28T11:56:52.215,2026-05-28T12:12:22.215,-930,,
multimetro,,,,170.16035150000062,2026-05-28T11:56:52.360,2026-05-28T12:12:22.360,-930,789.0,-0.005882399
multimetro,,,,170.3754962999992,2026-05-28T11:56:52.567,2026-05-28T12:12:22.567,-930,790.0,-0.005882483
balanza,341.0,-113.0,,170.51448709999931,2026-05-28T11:56:52.710,2026-05-28T12:12:22.710,-930,,
multimetro,,,,170.59057270000085,2026-05-28T11:56:52.789,2026-05-28T12:12:22.789,-930,791.0,-0.005882378
multimetro,,,,170.80567659999906,2026-05-28T11:56:53.000,2026-05-28T12:12:23.000,-930,792.0,-0.005882221
balanza,342.0,-113.01,,171.01451930000076,2026-05-28T11:56:53.210,2026-05-28T12:12:23.210,-930,,
multimetro,,,,171.02077889999964,2026-05-28T11:56:53.219,2026-05-28T12:12:23.219,-930,793.0,-0.005882148
multimetro,,,,171.23577189999924,2026-05-28T11:56:53.436,2026-05-28T12:12:23.436,-930,794.0,-0.005882221
multimetro,,,,171.4510121000003,2026-05-28T11:56:53.650,2026-05-28T12:12:23.650,-930,795.0,-0.005882074
balanza,343.0,-113.0,,171.5145162000008,2026-05-28T11:56:53.714,2026-05-28T12:12:23.714,-930,,
multimetro,,,,171.66609400000016,2026-05-28T11:56:53.866,2026-05-28T12:12:23.866,-930,796.0,-0.005881959
multimetro,,,,171.88136210000084,2026-05-28T11:56:54.077,2026-05-28T12:12:24.077,-930,797.0,-0.005882179
balanza,344.0,-113.0,,172.0146246000004,2026-05-28T11:56:54.210,2026-05-28T12:12:24.210,-930,,
multimetro,,,,172.0964103999995,2026-05-28T11:56:54.293,2026-05-28T12:12:24.293,-930,798.0,-0.005882347
multimetro,,,,172.31159230000048,2026-05-28T11:56:54.510,2026-05-28T12:12:24.510,-930,799.0,-0.005882158
balanza,345.0,-113.0,,172.51455469999928,2026-05-28T11:56:54.710,2026-05-28T12:12:24.710,-930,,
multimetro,,,,172.52672229999916,2026-05-28T11:56:54.719,2026-05-28T12:12:24.719,-930,800.0,-0.005882252
multimetro,,,,172.74199699999917,2026-05-28T11:56:54.934,2026-05-28T12:12:24.934,-930,801.0,-0.005882148
multimetro,,,,172.95696859999953,2026-05-28T11:56:55.154,2026-05-28T12:12:25.154,-930,802.0,-0.005882158
balanza,346.0,-112.94,,173.01444880000054,2026-05-28T11:56:55.210,2026-05-28T12:12:25.210,-930,,
multimetro,,,,173.17207529999905,2026-05-28T11:56:55.367,2026-05-28T12:12:25.367,-930,803.0,-0.005882263
multimetro,,,,173.38719049999963,2026-05-28T11:56:55.586,2026-05-28T12:12:25.586,-930,804.0,-0.005882399
balanza,347.0,-112.92,,173.51454700000068,2026-05-28T11:56:55.715,2026-05-28T12:12:25.715,-930,,
multimetro,,,,173.60236439999971,2026-05-28T11:56:55.803,2026-05-28T12:12:25.803,-930,805.0,-0.005882493
multimetro,,,,173.8174309999995,2026-05-28T11:56:56.017,2026-05-28T12:12:26.017,-930,806.0,-0.005882514
balanza,348.0,-113.06,,174.01450450000084,2026-05-28T11:56:56.210,2026-05-28T12:12:26.210,-930,,
multimetro,,,,174.03276340000048,2026-05-28T11:56:56.233,2026-05-28T12:12:26.233,-930,807.0,-0.005882556
multimetro,,,,174.24797890000082,2026-05-28T11:56:56.448,2026-05-28T12:12:26.448,-930,808.0,-0.005882462
multimetro,,,,174.46299080000063,2026-05-28T11:56:56.661,2026-05-28T12:12:26.661,-930,809.0,-0.005882629
balanza,349.0,-113.0,,174.51458339999954,2026-05-28T11:56:56.710,2026-05-28T12:12:26.710,-930,,
multimetro,,,,174.67824160000055,2026-05-28T11:56:56.871,2026-05-28T12:12:26.871,-930,810.0,-0.005882619
multimetro,,,,174.89318749999984,2026-05-28T11:56:57.092,2026-05-28T12:12:27.092,-930,811.0,-0.005882556
balanza,350.0,-112.98,,175.0145066999994,2026-05-28T11:56:57.214,2026-05-28T12:12:27.214,-930,,
multimetro,,,,175.1086864000008,2026-05-28T11:56:57.304,2026-05-28T12:12:27.304,-930,812.0,-0.005882525
multimetro,,,,175.32367130000057,2026-05-28T11:56:57.523,2026-05-28T12:12:27.523,-930,813.0,-0.005882556
balanza,351.0,-112.95,,175.5144995999999,2026-05-28T11:56:57.713,2026-05-28T12:12:27.713,-930,,
multimetro,,,,175.53885749999972,2026-05-28T11:56:57.733,2026-05-28T12:12:27.733,-930,814.0,-0.005882566
multimetro,,,,175.75392649999958,2026-05-28T11:56:57.954,2026-05-28T12:12:27.954,-930,815.0,-0.005882535
multimetro,,,,175.9689373000001,2026-05-28T11:56:58.168,2026-05-28T12:12:28.168,-930,816.0,-0.005882535
balanza,352.0,-112.96,,176.01461349999954,2026-05-28T11:56:58.215,2026-05-28T12:12:28.215,-930,,
multimetro,,,,176.18409299999985,2026-05-28T11:56:58.383,2026-05-28T12:12:28.383,-930,817.0,-0.005882723
multimetro,,,,176.39920490000077,2026-05-28T11:56:58.596,2026-05-28T12:12:28.596,-930,818.0,-0.005882608
balanza,353.0,-112.92,,176.51458230000026,2026-05-28T11:56:58.710,2026-05-28T12:12:28.710,-930,,
multimetro,,,,176.61433980000038,2026-05-28T11:56:58.810,2026-05-28T12:12:28.810,-930,819.0,-0.005882723
multimetro,,,,176.82929879999938,2026-05-28T11:56:59.027,2026-05-28T12:12:29.027,-930,820.0,-0.005882713
balanza,354.0,-112.91,,177.01457520000076,2026-05-28T11:56:59.210,2026-05-28T12:12:29.210,-930,,
multimetro,,,,177.04433029999927,2026-05-28T11:56:59.243,2026-05-28T12:12:29.243,-930,821.0,-0.00588264
multimetro,,,,177.25952420000067,2026-05-28T11:56:59.460,2026-05-28T12:12:29.460,-930,822.0,-0.00588265
multimetro,,,,177.47468239999944,2026-05-28T11:56:59.674,2026-05-28T12:12:29.674,-930,823.0,-0.005882839
balanza,355.0,-112.95,,177.51469159999942,2026-05-28T11:56:59.710,2026-05-28T12:12:29.710,-930,,
multimetro,,,,177.68975359999968,2026-05-28T11:56:59.883,2026-05-28T12:12:29.883,-930,824.0,-0.005882472
multimetro,,,,177.9049732000003,2026-05-28T11:57:00.104,2026-05-28T12:12:30.104,-930,825.0,-0.005882441
balanza,356.0,-112.93,,178.01442300000053,2026-05-28T11:57:00.210,2026-05-28T12:12:30.210,-930,,
multimetro,,,,178.1199775999994,2026-05-28T11:57:00.317,2026-05-28T12:12:30.317,-930,826.0,-0.005882357
multimetro,,,,178.33527999999933,2026-05-28T11:57:00.533,2026-05-28T12:12:30.533,-930,827.0,-0.005882504
balanza,357.0,-112.95,,178.5144851999994,2026-05-28T11:57:00.714,2026-05-28T12:12:30.714,-930,,
multimetro,,,,178.55050149999988,2026-05-28T11:57:00.750,2026-05-28T12:12:30.750,-930,828.0,-0.005882493
multimetro,,,,178.76551280000058,2026-05-28T11:57:00.960,2026-05-28T12:12:30.960,-930,829.0,-0.005882504
multimetro,,,,178.98086909999984,2026-05-28T11:57:01.181,2026-05-28T12:12:31.181,-930,830.0,-0.005882483
balanza,358.0,-112.97,,179.01456580000013,2026-05-28T11:57:01.210,2026-05-28T12:12:31.210,-930,,
multimetro,,,,179.19583160000002,2026-05-28T11:57:01.393,2026-05-28T12:12:31.393,-930,831.0,-0.005882504
multimetro,,,,179.41089319999992,2026-05-28T11:57:01.610,2026-05-28T12:12:31.610,-930,832.0,-0.005882504
balanza,359.0,-112.95,,179.51465319999988,2026-05-28T11:57:01.710,2026-05-28T12:12:31.710,-930,,
multimetro,,,,179.62597219999952,2026-05-28T11:57:01.817,2026-05-28T12:12:31.817,-930,833.0,-0.005882619
multimetro,,,,179.8411175000001,2026-05-28T11:57:02.033,2026-05-28T12:12:32.033,-930,834.0,-0.005882797
multimetro,,,,180.05617320000056,2026-05-28T11:57:02.250,2026-05-28T12:12:32.250,-930,835.0,-0.005882922
