tiempo_s,tiempo_multimetro_s,voltaje_V,indice_multimetro,fecha_hora_corregida_hp,fecha_hora_pc_sin_corregir_hp,error_hp,tiempo_balanza_s,masa_g,indice_balanza,fecha_hora_corregida_balanza,fecha_hora_pc_sin_corregir_balanza,error_balanza,delta_t_balanza_multimetro_s
0.41575399999965157,0.41575399999965157,0.001140576,0,2026-05-28T10:38:45.228,2026-05-28T10:54:15.228,,,,,,,,
0.6321996000006038,0.6321996000006038,0.001138262,1,2026-05-28T10:38:45.438,2026-05-28T10:54:15.438,,1.4341013000012026,,0.0,2026-05-28T10:38:46.245,2026-05-28T10:54:16.245,Error desde Arduino: HX711 not found.,0.8019017000005988
0.8474638999996387,0.8474638999996387,0.001136681,2,2026-05-28T10:38:45.655,2026-05-28T10:54:15.655,,1.4341013000012026,,0.0,2026-05-28T10:38:46.245,2026-05-28T10:54:16.245,Error desde Arduino: HX711 not found.,0.586637400001564
1.0625185999997484,1.0625185999997484,0.001133373,3,2026-05-28T10:38:45.872,2026-05-28T10:54:15.872,,1.4341013000012026,,0.0,2026-05-28T10:38:46.245,2026-05-28T10:54:16.245,Error desde Arduino: HX711 not found.,0.3715827000014542
1.277454500001113,1.277454500001113,0.00113399,4,2026-05-28T10:38:46.088,2026-05-28T10:54:16.088,,1.4341013000012026,,0.0,2026-05-28T10:38:46.245,2026-05-28T10:54:16.245,Error desde Arduino: HX711 not found.,0.15664680000008957
1.4924604999996518,1.4924604999996518,0.001137571,5,2026-05-28T10:38:46.295,2026-05-28T10:54:16.295,,1.4341013000012026,,0.0,2026-05-28T10:38:46.245,2026-05-28T10:54:16.245,Error desde Arduino: HX711 not found.,-0.058359199998449185
1.7077758000014,1.7077758000014,0.00113465,6,2026-05-28T10:38:46.512,2026-05-28T10:54:16.512,,1.4341013000012026,,0.0,2026-05-28T10:38:46.245,2026-05-28T10:54:16.245,Error desde Arduino: HX711 not found.,-0.27367450000019744
1.9226885000007314,1.9226885000007314,0.001036035,7,2026-05-28T10:38:46.729,2026-05-28T10:54:16.729,,1.4341013000012026,,0.0,2026-05-28T10:38:46.245,2026-05-28T10:54:16.245,Error desde Arduino: HX711 not found.,-0.4885871999995288
2.1376889000002848,2.1376889000002848,0.000892181,8,2026-05-28T10:38:46.945,2026-05-28T10:54:16.945,,2.426412500000879,15.63,1.0,2026-05-28T10:38:47.239,2026-05-28T10:54:17.239,,0.28872360000059416
2.35264830000051,2.35264830000051,0.000795566,9,2026-05-28T10:38:47.162,2026-05-28T10:54:17.162,,2.426412500000879,15.63,1.0,2026-05-28T10:38:47.239,2026-05-28T10:54:17.239,,0.07376420000036887
2.5678255000002537,2.5678255000002537,0.000551243,10,2026-05-28T10:38:47.379,2026-05-28T10:54:17.379,,2.4496154000007664,,2.0,2026-05-28T10:38:47.262,2026-05-28T10:54:17.262,Error desde Arduino: HX711 not found.,-0.11821009999948728
2.782812700001159,2.782812700001159,0.000584003,11,2026-05-28T10:38:47.595,2026-05-28T10:54:17.595,,2.4496154000007664,,2.0,2026-05-28T10:38:47.262,2026-05-28T10:54:17.262,Error desde Arduino: HX711 not found.,-0.3331973000003927
2.9980119000010745,2.9980119000010745,0.000520263,12,2026-05-28T10:38:47.805,2026-05-28T10:54:17.805,,3.4421149999998306,16.91,3.0,2026-05-28T10:38:48.247,2026-05-28T10:54:18.247,,0.4441030999987561
3.212953500000367,3.212953500000367,0.000409546,13,2026-05-28T10:38:48.022,2026-05-28T10:54:18.022,,3.4421149999998306,16.91,3.0,2026-05-28T10:38:48.247,2026-05-28T10:54:18.247,,0.22916149999946356
3.42784759999995,3.42784759999995,0.000192193,14,2026-05-28T10:38:48.238,2026-05-28T10:54:18.238,,3.4421149999998306,16.91,3.0,2026-05-28T10:38:48.247,2026-05-28T10:54:18.247,,0.014267399999880581
3.642922799999724,3.642922799999724,1.248e-05,15,2026-05-28T10:38:48.455,2026-05-28T10:54:18.455,,3.4651929999999993,,4.0,2026-05-28T10:38:48.272,2026-05-28T10:54:18.272,Error desde Arduino: HX711 not found.,-0.1777297999997245
3.8577904000012495,3.8577904000012495,-2.6939e-05,16,2026-05-28T10:38:48.662,2026-05-28T10:54:18.662,,3.4651929999999993,,4.0,2026-05-28T10:38:48.272,2026-05-28T10:54:18.272,Error desde Arduino: HX711 not found.,-0.3925974000012502
4.072898899999927,4.072898899999927,-6.9613e-05,17,2026-05-28T10:38:48.879,2026-05-28T10:54:18.879,,4.457685900000797,22.51,5.0,2026-05-28T10:38:49.262,2026-05-28T10:54:19.262,,0.38478700000086974
4.28778710000006,4.28778710000006,-0.000288725,18,2026-05-28T10:38:49.095,2026-05-28T10:54:19.095,,4.457685900000797,22.51,5.0,2026-05-28T10:38:49.262,2026-05-28T10:54:19.262,,0.16989880000073754
4.503052100000787,4.503052100000787,-0.000398552,19,2026-05-28T10:38:49.312,2026-05-28T10:54:19.312,,4.4936271000005945,,7.0,2026-05-28T10:38:49.305,2026-05-28T10:54:19.305,Error desde Arduino: HX711 not found.,-0.009425000000192085
4.718072499999835,4.718072499999835,-0.000499387,20,2026-05-28T10:38:49.529,2026-05-28T10:54:19.529,,4.4936271000005945,,7.0,2026-05-28T10:38:49.305,2026-05-28T10:54:19.305,Error desde Arduino: HX711 not found.,-0.22444539999924018
4.933166400000118,4.933166400000118,-0.000601121,21,2026-05-28T10:38:49.745,2026-05-28T10:54:19.745,,4.4936271000005945,,7.0,2026-05-28T10:38:49.305,2026-05-28T10:54:19.305,Error desde Arduino: HX711 not found.,-0.4395392999995238
5.148159100001067,5.148159100001067,-0.00088792,22,2026-05-28T10:38:49.956,2026-05-28T10:54:19.956,,5.485384300000078,17.57,8.0,2026-05-28T10:38:50.295,2026-05-28T10:54:20.295,,0.33722519999901124
5.363303800000722,5.363303800000722,-0.001448221,23,2026-05-28T10:38:50.172,2026-05-28T10:54:20.172,,5.485384300000078,17.57,8.0,2026-05-28T10:38:50.295,2026-05-28T10:54:20.295,,0.1220804999993561
5.578272700000525,5.578272700000525,-0.001844292,24,2026-05-28T10:38:50.389,2026-05-28T10:54:20.389,,5.508559400001104,,9.0,2026-05-28T10:38:50.312,2026-05-28T10:54:20.312,Error desde Arduino: HX711 not found.,-0.069713299999421
5.793435999999929,5.793435999999929,-0.002170375,25,2026-05-28T10:38:50.605,2026-05-28T10:54:20.605,,5.508559400001104,,9.0,2026-05-28T10:38:50.312,2026-05-28T10:54:20.312,Error desde Arduino: HX711 not found.,-0.28487659999882453
6.008376300000236,6.008376300000236,-0.002293835,26,2026-05-28T10:38:50.815,2026-05-28T10:54:20.815,,6.500819800001409,15.04,10.0,2026-05-28T10:38:51.314,2026-05-28T10:54:21.314,,0.49244350000117265
6.223435699999754,6.223435699999754,-0.00222419,27,2026-05-28T10:38:51.036,2026-05-28T10:54:21.036,,6.500819800001409,15.04,10.0,2026-05-28T10:38:51.314,2026-05-28T10:54:21.314,,0.2773841000016546
6.438549800001056,6.438549800001056,-0.002301519,28,2026-05-28T10:38:51.248,2026-05-28T10:54:21.248,,6.500819800001409,15.04,10.0,2026-05-28T10:38:51.314,2026-05-28T10:54:21.314,,0.06227000000035332
6.653616800000236,6.653616800000236,-0.002294306,29,2026-05-28T10:38:51.466,2026-05-28T10:54:21.466,,6.524044699999649,,11.0,2026-05-28T10:38:51.331,2026-05-28T10:54:21.331,Error desde Arduino: HX711 not found.,-0.12957210000058694
6.868791700000656,6.868791700000656,-0.002437773,30,2026-05-28T10:38:51.681,2026-05-28T10:54:21.681,,6.524044699999649,,11.0,2026-05-28T10:38:51.331,2026-05-28T10:54:21.331,Error desde Arduino: HX711 not found.,-0.3447470000010071
7.083777300000293,7.083777300000293,-0.002357292,31,2026-05-28T10:38:51.896,2026-05-28T10:54:21.896,,7.516396799999711,12.25,12.0,2026-05-28T10:38:52.329,2026-05-28T10:54:22.329,,0.4326194999994186
7.298994099999618,7.298994099999618,-0.002362223,32,2026-05-28T10:38:52.112,2026-05-28T10:54:22.112,,7.516396799999711,12.25,12.0,2026-05-28T10:38:52.329,2026-05-28T10:54:22.329,,0.21740270000009332
7.514041399999769,7.514041399999769,-0.002476919,33,2026-05-28T10:38:52.317,2026-05-28T10:54:22.317,,7.516396799999711,12.25,12.0,2026-05-28T10:38:52.329,2026-05-28T10:54:22.329,,0.002355399999942165
7.72934929999974,7.72934929999974,-0.00236883,34,2026-05-28T10:38:52.539,2026-05-28T10:54:22.539,,7.5397570000004634,,13.0,2026-05-28T10:38:52.347,2026-05-28T10:54:22.347,Error desde Arduino: HX711 not found.,-0.1895922999992763
7.944436699999642,7.944436699999642,-0.002412645,35,2026-05-28T10:38:52.757,2026-05-28T10:54:22.757,,7.5397570000004634,,13.0,2026-05-28T10:38:52.347,2026-05-28T10:54:22.347,Error desde Arduino: HX711 not found.,-0.4046796999991784
8.1594737000014,8.1594737000014,-0.002526221,36,2026-05-28T10:38:52.972,2026-05-28T10:54:22.972,,8.531897000000754,12.62,14.0,2026-05-28T10:38:53.344,2026-05-28T10:54:23.344,,0.37242329999935464
8.374361500000305,8.374361500000305,-0.002539539,37,2026-05-28T10:38:53.186,2026-05-28T10:54:23.186,,8.531897000000754,12.62,14.0,2026-05-28T10:38:53.344,2026-05-28T10:54:23.344,,0.15753550000044925
8.589399600001343,8.589399600001343,-0.002540199,38,2026-05-28T10:38:53.402,2026-05-28T10:54:23.402,,8.566115499999796,,16.0,2026-05-28T10:38:53.378,2026-05-28T10:54:23.378,Error desde Arduino: HX711 not found.,-0.023284100001546904
8.804515100000572,8.804515100000572,-0.002525447,39,2026-05-28T10:38:53.612,2026-05-28T10:54:23.612,,8.566115499999796,,16.0,2026-05-28T10:38:53.378,2026-05-28T10:54:23.378,Error desde Arduino: HX711 not found.,-0.23839960000077554
9.019648499999676,9.019648499999676,-0.002584444,40,2026-05-28T10:38:53.831,2026-05-28T10:54:23.831,,8.566115499999796,,16.0,2026-05-28T10:38:53.378,2026-05-28T10:54:23.378,Error desde Arduino: HX711 not found.,-0.4535329999998794
9.234888700000738,9.234888700000738,-0.002657606,41,2026-05-28T10:38:54.045,2026-05-28T10:54:24.045,,9.558496300000115,11.89,17.0,2026-05-28T10:38:54.371,2026-05-28T10:54:24.371,,0.32360759999937727
9.450202100000752,9.450202100000752,-0.002636887,42,2026-05-28T10:38:54.262,2026-05-28T10:54:24.262,,9.558496300000115,11.89,17.0,2026-05-28T10:38:54.371,2026-05-28T10:54:24.371,,0.10829419999936363
9.66562789999989,9.66562789999989,-0.002713536,43,2026-05-28T10:38:54.478,2026-05-28T10:54:24.478,,9.581724499999837,,18.0,2026-05-28T10:38:54.394,2026-05-28T10:54:24.394,Error desde Arduino: HX711 not found.,-0.08390340000005381
9.880742100000134,9.880742100000134,-0.0026053,44,2026-05-28T10:38:54.685,2026-05-28T10:54:24.685,,9.581724499999837,,18.0,2026-05-28T10:38:54.394,2026-05-28T10:54:24.394,Error desde Arduino: HX711 not found.,-0.29901760000029753
10.09603000000061,10.09603000000061,-0.002606284,45,2026-05-28T10:38:54.902,2026-05-28T10:54:24.902,,10.573905500001274,11.03,19.0,2026-05-28T10:38:55.386,2026-05-28T10:54:25.386,,0.47787550000066403
10.310913400000572,10.310913400000572,-0.002751039,46,2026-05-28T10:38:55.121,2026-05-28T10:54:25.121,,10.573905500001274,11.03,19.0,2026-05-28T10:38:55.386,2026-05-28T10:54:25.386,,0.2629921000007016
10.526108000000022,10.526108000000022,-0.002653398,47,2026-05-28T10:38:55.334,2026-05-28T10:54:25.334,,10.573905500001274,11.03,19.0,2026-05-28T10:38:55.386,2026-05-28T10:54:25.386,,0.04779750000125205
10.741196900000432,10.741196900000432,-0.002889826,48,2026-05-28T10:38:55.553,2026-05-28T10:54:25.553,,10.597087100000863,,20.0,2026-05-28T10:38:55.409,2026-05-28T10:54:25.409,Error desde Arduino: HX711 not found.,-0.14410979999956908
10.956316600000719,10.956316600000719,-0.002730539,49,2026-05-28T10:38:55.769,2026-05-28T10:54:25.769,,10.597087100000863,,20.0,2026-05-28T10:38:55.409,2026-05-28T10:54:25.409,Error desde Arduino: HX711 not found.,-0.35922949999985576
11.171307100001286,11.171307100001286,-0.002764325,50,2026-05-28T10:38:55.984,2026-05-28T10:54:25.984,,11.588392300000123,6.17,21.0,2026-05-28T10:38:56.391,2026-05-28T10:54:26.391,,0.4170851999988372
11.386420099999668,11.386420099999668,-0.002721137,51,2026-05-28T10:38:56.199,2026-05-28T10:54:26.199,,11.588392300000123,6.17,21.0,2026-05-28T10:38:56.391,2026-05-28T10:54:26.391,,0.2019722000004549
11.601581799999622,11.601581799999622,-0.002820286,52,2026-05-28T10:38:56.413,2026-05-28T10:54:26.413,,11.611541399999624,,22.0,2026-05-28T10:38:56.419,2026-05-28T10:54:26.419,Error desde Arduino: HX711 not found.,0.009959600000001956
11.816657000001214,11.816657000001214,-0.002733219,53,2026-05-28T10:38:56.628,2026-05-28T10:54:26.628,,11.611541399999624,,22.0,2026-05-28T10:38:56.419,2026-05-28T10:54:26.419,Error desde Arduino: HX711 not found.,-0.2051156000015908
12.031774400000359,12.031774400000359,-0.002753782,54,2026-05-28T10:38:56.844,2026-05-28T10:54:26.844,,11.611541399999624,,22.0,2026-05-28T10:38:56.419,2026-05-28T10:54:26.419,Error desde Arduino: HX711 not found.,-0.42023300000073505
12.24674480000067,12.24674480000067,-0.00271162,55,2026-05-28T10:38:57.052,2026-05-28T10:54:27.052,,12.602909100000034,9.0,23.0,2026-05-28T10:38:57.412,2026-05-28T10:54:27.412,,0.3561642999993637
12.46182890000091,12.46182890000091,-0.002708866,56,2026-05-28T10:38:57.274,2026-05-28T10:54:27.274,,12.602909100000034,9.0,23.0,2026-05-28T10:38:57.412,2026-05-28T10:54:27.412,,0.14108019999912358
12.676897400000598,12.676897400000598,-0.002679436,57,2026-05-28T10:38:57.489,2026-05-28T10:54:27.489,,12.626076900000044,,24.0,2026-05-28T10:38:57.435,2026-05-28T10:54:27.435,Error desde Arduino: HX711 not found.,-0.0508205000005546
12.89220540000133,12.89220540000133,-0.002680954,58,2026-05-28T10:38:57.702,2026-05-28T10:54:27.702,,12.626076900000044,,24.0,2026-05-28T10:38:57.435,2026-05-28T10:54:27.435,Error desde Arduino: HX711 not found.,-0.26612850000128674
13.107147100001384,13.107147100001384,-0.002744987,59,2026-05-28T10:38:57.916,2026-05-28T10:54:27.916,,12.626076900000044,,24.0,2026-05-28T10:38:57.435,2026-05-28T10:54:27.435,Error desde Arduino: HX711 not found.,-0.4810702000013407
13.322267200001079,13.322267200001079,-0.002737156,60,2026-05-28T10:38:58.133,2026-05-28T10:54:28.133,,13.617299900000944,8.6,25.0,2026-05-28T10:38:58.426,2026-05-28T10:54:28.426,,0.29503269999986514
13.53726640000059,13.53726640000059,-0.002765927,61,2026-05-28T10:38:58.343,2026-05-28T10:54:28.343,,13.617299900000944,8.6,25.0,2026-05-28T10:38:58.426,2026-05-28T10:54:28.426,,0.08003350000035425
13.752341500001421,13.752341500001421,-0.002781621,62,2026-05-28T10:38:58.563,2026-05-28T10:54:28.563,,13.640682900000684,,26.0,2026-05-28T10:38:58.446,2026-05-28T10:54:28.446,Error desde Arduino: HX711 not found.,-0.11165860000073735
13.967432700001154,13.967432700001154,-0.002813438,63,2026-05-28T10:38:58.778,2026-05-28T10:54:28.778,,13.640682900000684,,26.0,2026-05-28T10:38:58.446,2026-05-28T10:54:28.446,Error desde Arduino: HX711 not found.,-0.3267498000004707
14.182561100000385,14.182561100000385,-0.002837477,64,2026-05-28T10:38:58.995,2026-05-28T10:54:28.995,,14.631839300000138,8.41,27.0,2026-05-28T10:38:59.438,2026-05-28T10:54:29.438,,0.44927819999975327
14.397787600000811,14.397787600000811,-0.002833781,65,2026-05-28T10:38:59.207,2026-05-28T10:54:29.207,,14.631839300000138,8.41,27.0,2026-05-28T10:38:59.438,2026-05-28T10:54:29.438,,0.23405169999932696
14.612707399999636,14.612707399999636,-0.002909991,66,2026-05-28T10:38:59.416,2026-05-28T10:54:29.416,,14.631839300000138,8.41,27.0,2026-05-28T10:38:59.438,2026-05-28T10:54:29.438,,0.019131900000502355
14.827775499999916,14.827775499999916,-0.002863348,67,2026-05-28T10:38:59.639,2026-05-28T10:54:29.639,,14.65509639999982,,28.0,2026-05-28T10:38:59.462,2026-05-28T10:54:29.462,Error desde Arduino: HX711 not found.,-0.1726791000000958
15.042827900000702,15.042827900000702,-0.002837341,68,2026-05-28T10:38:59.849,2026-05-28T10:54:29.849,,14.65509639999982,,28.0,2026-05-28T10:38:59.462,2026-05-28T10:54:29.462,Error desde Arduino: HX711 not found.,-0.3877315000008821
15.258066399999734,15.258066399999734,-0.002829782,69,2026-05-28T10:39:00.062,2026-05-28T10:54:30.062,,15.646253799999613,6.68,29.0,2026-05-28T10:39:00.459,2026-05-28T10:54:30.459,,0.38818739999987883
15.472988200001055,15.472988200001055,-0.002831227,70,2026-05-28T10:39:00.278,2026-05-28T10:54:30.278,,15.646253799999613,6.68,29.0,2026-05-28T10:39:00.459,2026-05-28T10:54:30.459,,0.17326559999855817
15.688346300001285,15.688346300001285,-0.002833153,71,2026-05-28T10:39:00.500,2026-05-28T10:54:30.500,,15.66932850000012,,30.0,2026-05-28T10:39:00.476,2026-05-28T10:54:30.476,Error desde Arduino: HX711 not found.,-0.019017800001165597
15.903274199999942,15.903274199999942,-0.002821333,72,2026-05-28T10:39:00.713,2026-05-28T10:54:30.713,,15.66932850000012,,30.0,2026-05-28T10:39:00.476,2026-05-28T10:54:30.476,Error desde Arduino: HX711 not found.,-0.23394569999982195
16.11855530000139,16.11855530000139,-0.002899395,73,2026-05-28T10:39:00.922,2026-05-28T10:54:30.922,,15.66932850000012,,30.0,2026-05-28T10:39:00.476,2026-05-28T10:54:30.476,Error desde Arduino: HX711 not found.,-0.44922680000127
16.333579899999677,16.333579899999677,-0.002881241,74,2026-05-28T10:39:01.142,2026-05-28T10:54:31.142,,16.66076880000037,8.42,31.0,2026-05-28T10:39:01.466,2026-05-28T10:54:31.466,,0.32718890000069223
16.548870500000703,16.548870500000703,-0.002992032,75,2026-05-28T10:39:01.359,2026-05-28T10:54:31.359,,16.66076880000037,8.42,31.0,2026-05-28T10:39:01.466,2026-05-28T10:54:31.466,,0.11189829999966605
16.76406020000104,16.76406020000104,-0.003018059,76,2026-05-28T10:39:01.577,2026-05-28T10:54:31.577,,16.684159500000533,,32.0,2026-05-28T10:39:01.496,2026-05-28T10:54:31.496,Error desde Arduino: HX711 not found.,-0.07990070000050764
16.979033600000548,16.979033600000548,-0.002961282,77,2026-05-28T10:39:01.783,2026-05-28T10:54:31.783,,16.684159500000533,,32.0,2026-05-28T10:39:01.496,2026-05-28T10:54:31.496,Error desde Arduino: HX711 not found.,-0.29487410000001546
17.194091900000785,17.194091900000785,-0.003016321,78,2026-05-28T10:39:02.007,2026-05-28T10:54:32.007,,17.675290099999984,6.81,33.0,2026-05-28T10:39:02.479,2026-05-28T10:54:32.479,,0.48119819999919855
17.40909660000034,17.40909660000034,-0.002975835,79,2026-05-28T10:39:02.220,2026-05-28T10:54:32.220,,17.675290099999984,6.81,33.0,2026-05-28T10:39:02.479,2026-05-28T10:54:32.479,,0.2661934999996447
17.624257999999827,17.624257999999827,-0.002971322,80,2026-05-28T10:39:02.432,2026-05-28T10:54:32.432,,17.675290099999984,6.81,33.0,2026-05-28T10:39:02.479,2026-05-28T10:54:32.479,,0.05103210000015679
17.83934380000028,17.83934380000028,-0.002937756,81,2026-05-28T10:39:02.650,2026-05-28T10:54:32.650,,17.698482400001012,,34.0,2026-05-28T10:39:02.509,2026-05-28T10:54:32.509,Error desde Arduino: HX711 not found.,-0.14086139999926672
18.054565600001297,18.054565600001297,-0.002902484,82,2026-05-28T10:39:02.866,2026-05-28T10:54:32.866,,17.698482400001012,,34.0,2026-05-28T10:39:02.509,2026-05-28T10:54:32.509,Error desde Arduino: HX711 not found.,-0.3560832000002847
18.269559700000173,18.269559700000173,-0.002958099,83,2026-05-28T10:39:03.082,2026-05-28T10:54:33.082,,18.690697,-0.57,35.0,2026-05-28T10:39:03.499,2026-05-28T10:54:33.499,,0.4211372999998275
18.484840400000394,18.484840400000394,-0.002920722,84,2026-05-28T10:39:03.295,2026-05-28T10:54:33.295,,18.690697,-0.57,35.0,2026-05-28T10:39:03.499,2026-05-28T10:54:33.499,,0.20585659999960626
18.699867400000585,18.699867400000585,-0.002951241,85,2026-05-28T10:39:03.509,2026-05-28T10:54:33.509,,18.701817799999844,4.47,36.0,2026-05-28T10:39:03.513,2026-05-28T10:54:33.513,,0.001950399999259389
18.91513230000055,18.91513230000055,-0.002965962,86,2026-05-28T10:39:03.722,2026-05-28T10:54:33.722,,18.725059800000963,,37.0,2026-05-28T10:39:03.537,2026-05-28T10:54:33.537,Error desde Arduino: HX711 not found.,-0.1900724999995873
19.130121100000906,19.130121100000906,-0.00302119,87,2026-05-28T10:39:03.936,2026-05-28T10:54:33.936,,18.725059800000963,,37.0,2026-05-28T10:39:03.537,2026-05-28T10:54:33.537,Error desde Arduino: HX711 not found.,-0.405061299999943
19.345265900001323,19.345265900001323,-0.003049877,88,2026-05-28T10:39:04.158,2026-05-28T10:54:34.158,,19.71641400000044,1.94,38.0,2026-05-28T10:39:04.529,2026-05-28T10:54:34.529,,0.37114809999911813
19.56046950000018,19.56046950000018,-0.003004805,89,2026-05-28T10:39:04.373,2026-05-28T10:54:34.373,,19.71641400000044,1.94,38.0,2026-05-28T10:39:04.529,2026-05-28T10:54:34.529,,0.15594450000025972
19.775597500000003,19.775597500000003,-0.003057101,90,2026-05-28T10:39:04.588,2026-05-28T10:54:34.588,,19.73958500000117,,39.0,2026-05-28T10:39:04.551,2026-05-28T10:54:34.551,Error desde Arduino: HX711 not found.,-0.036012499998832936
19.990725300000122,19.990725300000122,-0.003002124,91,2026-05-28T10:39:04.803,2026-05-28T10:54:34.803,,19.73958500000117,,39.0,2026-05-28T10:39:04.551,2026-05-28T10:54:34.551,Error desde Arduino: HX711 not found.,-0.2511402999989514
20.205863000001045,20.205863000001045,-0.003042046,92,2026-05-28T10:39:05.019,2026-05-28T10:54:35.019,,19.73958500000117,,39.0,2026-05-28T10:39:04.551,2026-05-28T10:54:34.551,Error desde Arduino: HX711 not found.,-0.46627799999987474
20.42097509999985,20.42097509999985,-0.00299891,93,2026-05-28T10:39:05.234,2026-05-28T10:54:35.234,,20.730973800000356,5.11,40.0,2026-05-28T10:39:05.535,2026-05-28T10:54:35.535,,0.3099987000005058
20.635902300000453,20.635902300000453,-0.002991267,94,2026-05-28T10:39:05.448,2026-05-28T10:54:35.448,,20.730973800000356,5.11,40.0,2026-05-28T10:39:05.535,2026-05-28T10:54:35.535,,0.09507149999990361
20.85078980000071,20.85078980000071,-0.002976746,95,2026-05-28T10:39:05.663,2026-05-28T10:54:35.663,,20.75425030000042,,41.0,2026-05-28T10:39:05.565,2026-05-28T10:54:35.565,Error desde Arduino: HX711 not found.,-0.09653950000028999
21.065761300000304,21.065761300000304,-0.002984954,96,2026-05-28T10:39:05.878,2026-05-28T10:54:35.878,,20.75425030000042,,41.0,2026-05-28T10:39:05.565,2026-05-28T10:54:35.565,Error desde Arduino: HX711 not found.,-0.3115109999998822
21.281193599999824,21.281193599999824,-0.003016143,97,2026-05-28T10:39:06.091,2026-05-28T10:54:36.091,,21.74551810000048,3.44,42.0,2026-05-28T10:39:06.558,2026-05-28T10:54:36.558,,0.4643245000006573
21.49629520000053,21.49629520000053,-0.003028582,98,2026-05-28T10:39:06.309,2026-05-28T10:54:36.309,,21.74551810000048,3.44,42.0,2026-05-28T10:39:06.558,2026-05-28T10:54:36.558,,0.24922289999994973
21.71165480000127,21.71165480000127,-0.003032497,99,2026-05-28T10:39:06.519,2026-05-28T10:54:36.519,,21.74551810000048,3.44,42.0,2026-05-28T10:39:06.558,2026-05-28T10:54:36.558,,0.03386329999921145
21.926800500001264,21.926800500001264,-0.003030791,100,2026-05-28T10:39:06.732,2026-05-28T10:54:36.732,,21.768560399999842,,43.0,2026-05-28T10:39:06.579,2026-05-28T10:54:36.579,Error desde Arduino: HX711 not found.,-0.15824010000142152
22.141852200000358,22.141852200000358,-0.003129447,101,2026-05-28T10:39:06.950,2026-05-28T10:54:36.950,,21.768560399999842,,43.0,2026-05-28T10:39:06.579,2026-05-28T10:54:36.579,Error desde Arduino: HX711 not found.,-0.37329180000051565
22.357065300000613,22.357065300000613,-0.003133373,102,2026-05-28T10:39:07.164,2026-05-28T10:54:37.164,,22.76101329999983,-2.27,44.0,2026-05-28T10:39:07.565,2026-05-28T10:54:37.565,,0.40394799999921815
22.57207980000021,22.57207980000021,-0.003076847,103,2026-05-28T10:39:07.384,2026-05-28T10:54:37.384,,22.76101329999983,-2.27,44.0,2026-05-28T10:39:07.565,2026-05-28T10:54:37.565,,0.18893349999962084
22.787143400000787,22.787143400000787,-0.003090709,104,2026-05-28T10:39:07.599,2026-05-28T10:54:37.599,,22.784112900000764,,45.0,2026-05-28T10:39:07.595,2026-05-28T10:54:37.595,Error desde Arduino: HX711 not found.,-0.0030305000000225846
23.002312800001164,23.002312800001164,-0.003086982,105,2026-05-28T10:39:07.815,2026-05-28T10:54:37.815,,22.784112900000764,,45.0,2026-05-28T10:39:07.595,2026-05-28T10:54:37.595,Error desde Arduino: HX711 not found.,-0.2181999000003998
23.217521500000657,23.217521500000657,-0.003104906,106,2026-05-28T10:39:08.029,2026-05-28T10:54:38.029,,22.784112900000764,,45.0,2026-05-28T10:39:07.595,2026-05-28T10:54:37.595,Error desde Arduino: HX711 not found.,-0.43340859999989334
23.432538300001397,23.432538300001397,-0.003087034,107,2026-05-28T10:39:08.245,2026-05-28T10:54:38.245,,23.776408400000946,-0.71,46.0,2026-05-28T10:39:08.581,2026-05-28T10:54:38.581,,0.343870099999549
23.648503399999754,23.648503399999754,-0.003064954,108,2026-05-28T10:39:08.461,2026-05-28T10:54:38.461,,23.776408400000946,-0.71,46.0,2026-05-28T10:39:08.581,2026-05-28T10:54:38.581,,0.1279050000011921
23.8638547999999,23.8638547999999,-0.003091337,109,2026-05-28T10:39:08.676,2026-05-28T10:54:38.676,,23.79971680000017,,47.0,2026-05-28T10:39:08.612,2026-05-28T10:54:38.612,Error desde Arduino: HX711 not found.,-0.0641379999997298
24.079193999999916,24.079193999999916,-0.003099179,110,2026-05-28T10:39:08.891,2026-05-28T10:54:38.891,,23.79971680000017,,47.0,2026-05-28T10:39:08.612,2026-05-28T10:54:38.612,Error desde Arduino: HX711 not found.,-0.2794771999997465
24.294450100000176,24.294450100000176,-0.003100519,111,2026-05-28T10:39:09.107,2026-05-28T10:54:39.107,,23.79971680000017,,47.0,2026-05-28T10:39:08.612,2026-05-28T10:54:38.612,Error desde Arduino: HX711 not found.,-0.49473330000000715
24.509596200001397,24.509596200001397,-0.003103964,112,2026-05-28T10:39:09.313,2026-05-28T10:54:39.313,,24.790848100001313,0.35,48.0,2026-05-28T10:39:09.603,2026-05-28T10:54:39.603,,0.2812518999999156
24.724667399999817,24.724667399999817,-0.003114559,113,2026-05-28T10:39:09.537,2026-05-28T10:54:39.537,,24.790848100001313,0.35,48.0,2026-05-28T10:39:09.603,2026-05-28T10:54:39.603,,0.066180700001496
24.93976620000103,24.93976620000103,-0.003221141,114,2026-05-28T10:39:09.745,2026-05-28T10:54:39.745,,24.814077500001076,,49.0,2026-05-28T10:39:09.627,2026-05-28T10:54:39.627,Error desde Arduino: HX711 not found.,-0.12568869999995513
25.15529830000014,25.15529830000014,-0.003193323,115,2026-05-28T10:39:09.968,2026-05-28T10:54:39.968,,24.814077500001076,,49.0,2026-05-28T10:39:09.627,2026-05-28T10:54:39.627,Error desde Arduino: HX711 not found.,-0.3412207999990642
25.370501700001114,25.370501700001114,-0.003259911,116,2026-05-28T10:39:10.179,2026-05-28T10:54:40.179,,25.80519699999968,1.48,50.0,2026-05-28T10:39:10.617,2026-05-28T10:54:40.617,,0.43469529999856604
25.58549049999965,25.58549049999965,-0.003260937,117,2026-05-28T10:39:10.395,2026-05-28T10:54:40.395,,25.80519699999968,1.48,50.0,2026-05-28T10:39:10.617,2026-05-28T10:54:40.617,,0.21970650000002934
25.800603600000613,25.800603600000613,-0.003219822,118,2026-05-28T10:39:10.607,2026-05-28T10:54:40.607,,25.80519699999968,1.48,50.0,2026-05-28T10:39:10.617,2026-05-28T10:54:40.617,,0.004593399999066605
26.01580240000112,26.01580240000112,-0.003210473,119,2026-05-28T10:39:10.824,2026-05-28T10:54:40.824,,26.01242640000055,-3.17,52.0,2026-05-28T10:39:10.824,2026-05-28T10:54:40.824,,-0.0033760000005713664
26.230997300001036,26.230997300001036,-0.003214964,120,2026-05-28T10:39:11.042,2026-05-28T10:54:41.042,,26.01242640000055,-3.17,52.0,2026-05-28T10:39:10.824,2026-05-28T10:54:40.824,,-0.2185709000004863
26.446078599999964,26.446078599999964,-0.003221634,121,2026-05-28T10:39:11.254,2026-05-28T10:54:41.254,,26.5124493000003,-1.21,53.0,2026-05-28T10:39:11.324,2026-05-28T10:54:41.324,,0.06637070000033418
26.66119460000118,26.66119460000118,-0.003203385,122,2026-05-28T10:39:11.466,2026-05-28T10:54:41.466,,26.5124493000003,-1.21,53.0,2026-05-28T10:39:11.324,2026-05-28T10:54:41.324,,-0.1487453000008827
26.87629080000079,26.87629080000079,-0.003200348,123,2026-05-28T10:39:11.682,2026-05-28T10:54:41.682,,27.01158800000121,0.48,54.0,2026-05-28T10:39:11.823,2026-05-28T10:54:41.823,,0.1352972000004229
27.091445600000952,27.091445600000952,-0.003201416,124,2026-05-28T10:39:11.904,2026-05-28T10:54:41.904,,27.01158800000121,0.48,54.0,2026-05-28T10:39:11.823,2026-05-28T10:54:41.823,,-0.07985759999974107
27.30654080000022,27.30654080000022,-0.003214954,125,2026-05-28T10:39:12.119,2026-05-28T10:54:42.119,,27.51222609999968,-4.29,55.0,2026-05-28T10:39:12.319,2026-05-28T10:54:42.319,,0.20568529999945895
27.521658400000888,27.521658400000888,-0.003229235,126,2026-05-28T10:39:12.334,2026-05-28T10:54:42.334,,27.51222609999968,-4.29,55.0,2026-05-28T10:39:12.319,2026-05-28T10:54:42.319,,-0.009432300001208205
27.73672020000049,27.73672020000049,-0.003225926,127,2026-05-28T10:39:12.549,2026-05-28T10:54:42.549,,27.51222609999968,-4.29,55.0,2026-05-28T10:39:12.319,2026-05-28T10:54:42.319,,-0.22449410000081116
27.951853800001118,27.951853800001118,-0.003252865,128,2026-05-28T10:39:12.764,2026-05-28T10:54:42.764,,28.01137050000034,0.84,56.0,2026-05-28T10:39:12.824,2026-05-28T10:54:42.824,,0.0595166999992216
28.1668738999997,28.1668738999997,-0.003241254,129,2026-05-28T10:39:12.980,2026-05-28T10:54:42.980,,28.01137050000034,0.84,56.0,2026-05-28T10:39:12.824,2026-05-28T10:54:42.824,,-0.15550339999936114
28.38187939999989,28.38187939999989,-0.003246709,130,2026-05-28T10:39:13.192,2026-05-28T10:54:43.192,,28.512577400000737,-4.47,57.0,2026-05-28T10:39:13.321,2026-05-28T10:54:43.321,,0.13069800000084797
28.59714840000015,28.59714840000015,-0.003320133,131,2026-05-28T10:39:13.409,2026-05-28T10:54:43.409,,28.512577400000737,-4.47,57.0,2026-05-28T10:39:13.321,2026-05-28T10:54:43.321,,-0.0845709999994142
28.812315000001036,28.812315000001036,-0.003290252,132,2026-05-28T10:39:13.615,2026-05-28T10:54:43.615,,29.01249480000115,-5.13,58.0,2026-05-28T10:39:13.816,2026-05-28T10:54:43.816,,0.20017980000011448
29.02761610000016,29.02761610000016,-0.003392605,133,2026-05-28T10:39:13.832,2026-05-28T10:54:43.832,,29.01249480000115,-5.13,58.0,2026-05-28T10:39:13.816,2026-05-28T10:54:43.816,,-0.015121299999009352
29.24269860000095,29.24269860000095,-0.003342413,134,2026-05-28T10:39:14.049,2026-05-28T10:54:44.049,,29.01249480000115,-5.13,58.0,2026-05-28T10:39:13.816,2026-05-28T10:54:43.816,,-0.23020379999979923
29.457825800000137,29.457825800000137,-0.003348004,135,2026-05-28T10:39:14.268,2026-05-28T10:54:44.268,,29.51163650000126,0.4,59.0,2026-05-28T10:39:14.322,2026-05-28T10:54:44.322,,0.053810700001122314
29.672924899999998,29.672924899999998,-0.003345355,136,2026-05-28T10:39:14.479,2026-05-28T10:54:44.479,,29.51163650000126,0.4,59.0,2026-05-28T10:39:14.322,2026-05-28T10:54:44.322,,-0.1612883999987389
29.888057600001048,29.888057600001048,-0.003317557,137,2026-05-28T10:39:14.695,2026-05-28T10:54:44.695,,30.012478900000133,-7.35,60.0,2026-05-28T10:39:14.815,2026-05-28T10:54:44.815,,0.12442129999908502
30.1034563000012,30.1034563000012,-0.003292859,138,2026-05-28T10:39:14.912,2026-05-28T10:54:44.912,,30.012478900000133,-7.35,60.0,2026-05-28T10:39:14.815,2026-05-28T10:54:44.815,,-0.09097740000106569
30.31848710000122,30.31848710000122,-0.00330291,139,2026-05-28T10:39:15.122,2026-05-28T10:54:45.122,,30.512462400000004,-1.33,61.0,2026-05-28T10:39:15.319,2026-05-28T10:54:45.319,,0.19397529999878316
30.533623600000283,30.533623600000283,-0.003304638,140,2026-05-28T10:39:15.339,2026-05-28T10:54:45.339,,30.512462400000004,-1.33,61.0,2026-05-28T10:39:15.319,2026-05-28T10:54:45.319,,-0.021161200000278768
30.74888970000029,30.74888970000029,-0.003317055,141,2026-05-28T10:39:15.561,2026-05-28T10:54:45.561,,30.512462400000004,-1.33,61.0,2026-05-28T10:39:15.319,2026-05-28T10:54:45.319,,-0.23642730000028678
30.96425690000069,30.96425690000069,-0.003301968,142,2026-05-28T10:39:15.769,2026-05-28T10:54:45.769,,31.012456200000088,-2.28,62.0,2026-05-28T10:39:15.822,2026-05-28T10:54:45.822,,0.04819929999939632
31.179373700000724,31.179373700000724,-0.003307664,143,2026-05-28T10:39:15.989,2026-05-28T10:54:45.989,,31.012456200000088,-2.28,62.0,2026-05-28T10:39:15.822,2026-05-28T10:54:45.822,,-0.1669175000006362
31.394514300000083,31.394514300000083,-0.003330184,144,2026-05-28T10:39:16.205,2026-05-28T10:54:46.205,,31.512693700000455,-2.82,63.0,2026-05-28T10:39:16.322,2026-05-28T10:54:46.322,,0.11817940000037197
31.60959550000007,31.60959550000007,-0.003322887,145,2026-05-28T10:39:16.419,2026-05-28T10:54:46.419,,31.512693700000455,-2.82,63.0,2026-05-28T10:39:16.322,2026-05-28T10:54:46.322,,-0.09690179999961401
31.824735100000908,31.824735100000908,-0.003357343,146,2026-05-28T10:39:16.632,2026-05-28T10:54:46.632,,32.01237510000101,-1.46,64.0,2026-05-28T10:39:16.820,2026-05-28T10:54:46.820,,0.18764000000010128
32.03997110000091,32.03997110000091,-0.003405284,147,2026-05-28T10:39:16.849,2026-05-28T10:54:46.849,,32.01237510000101,-1.46,64.0,2026-05-28T10:39:16.820,2026-05-28T10:54:46.820,,-0.027595999999903142
32.25496790000034,32.25496790000034,-0.003471337,148,2026-05-28T10:39:17.067,2026-05-28T10:54:47.067,,32.01237510000101,-1.46,64.0,2026-05-28T10:39:16.820,2026-05-28T10:54:46.820,,-0.24259279999932915
32.47014010000021,32.47014010000021,-0.003447278,149,2026-05-28T10:39:17.276,2026-05-28T10:54:47.276,,32.51264690000062,-7.63,65.0,2026-05-28T10:39:17.325,2026-05-28T10:54:47.325,,0.042506800000410294
32.68529459999991,32.68529459999991,-0.003451288,150,2026-05-28T10:39:17.497,2026-05-28T10:54:47.497,,32.51264690000062,-7.63,65.0,2026-05-28T10:39:17.325,2026-05-28T10:54:47.325,,-0.1726476999992883
32.90054510000118,32.90054510000118,-0.003465935,151,2026-05-28T10:39:17.712,2026-05-28T10:54:47.712,,33.012527700000646,-4.85,66.0,2026-05-28T10:39:17.822,2026-05-28T10:54:47.822,,0.11198259999946458
33.1156845000005,33.1156845000005,-0.003424893,152,2026-05-28T10:39:17.919,2026-05-28T10:54:47.919,,33.012527700000646,-4.85,66.0,2026-05-28T10:39:17.822,2026-05-28T10:54:47.822,,-0.1031567999998515
33.33088350000071,33.33088350000071,-0.003381067,153,2026-05-28T10:39:18.143,2026-05-28T10:54:48.143,,33.512650500000746,-4.33,67.0,2026-05-28T10:39:18.316,2026-05-28T10:54:48.316,,0.1817670000000362
33.54601670000011,33.54601670000011,-0.003397881,154,2026-05-28T10:39:18.358,2026-05-28T10:54:48.358,,33.512650500000746,-4.33,67.0,2026-05-28T10:39:18.316,2026-05-28T10:54:48.316,,-0.033366199999363744
33.76118839999981,33.76118839999981,-0.003420193,155,2026-05-28T10:39:18.572,2026-05-28T10:54:48.572,,33.512650500000746,-4.33,67.0,2026-05-28T10:39:18.316,2026-05-28T10:54:48.316,,-0.2485378999990644
33.976137100000415,33.976137100000415,-0.003397128,156,2026-05-28T10:39:18.782,2026-05-28T10:54:48.782,,34.01240830000097,-6.72,68.0,2026-05-28T10:39:18.825,2026-05-28T10:54:48.825,,0.03627120000055584
34.191361200000756,34.191361200000756,-0.003392866,157,2026-05-28T10:39:19.003,2026-05-28T10:54:49.003,,34.01240830000097,-6.72,68.0,2026-05-28T10:39:18.825,2026-05-28T10:54:48.825,,-0.1789528999997856
34.40667670000039,34.40667670000039,-0.003387171,158,2026-05-28T10:39:19.219,2026-05-28T10:54:49.219,,34.51231960000041,-6.82,69.0,2026-05-28T10:39:19.319,2026-05-28T10:54:49.319,,0.10564290000002075
34.62167760000011,34.62167760000011,-0.003384417,159,2026-05-28T10:39:19.426,2026-05-28T10:54:49.426,,34.51231960000041,-6.82,69.0,2026-05-28T10:39:19.319,2026-05-28T10:54:49.319,,-0.10935799999970186
34.836882900001,34.836882900001,-0.003389537,160,2026-05-28T10:39:19.645,2026-05-28T10:54:49.645,,35.012268100001165,-3.42,70.0,2026-05-28T10:39:19.822,2026-05-28T10:54:49.822,,0.17538520000016433
35.05174249999982,35.05174249999982,-0.003397798,161,2026-05-28T10:39:19.862,2026-05-28T10:54:49.862,,35.012268100001165,-3.42,70.0,2026-05-28T10:39:19.822,2026-05-28T10:54:49.822,,-0.0394743999986531
35.266907100000026,35.266907100000026,-0.003398541,162,2026-05-28T10:39:20.079,2026-05-28T10:54:50.079,,35.51262250000036,-7.98,71.0,2026-05-28T10:39:20.315,2026-05-28T10:54:50.315,,0.24571540000033565
35.48206039999968,35.48206039999968,-0.003409262,163,2026-05-28T10:39:20.292,2026-05-28T10:54:50.292,,35.51262250000036,-7.98,71.0,2026-05-28T10:39:20.315,2026-05-28T10:54:50.315,,0.030562100000679493
35.69765290000032,35.69765290000032,-0.003435803,164,2026-05-28T10:39:20.509,2026-05-28T10:54:50.509,,35.51262250000036,-7.98,71.0,2026-05-28T10:39:20.315,2026-05-28T10:54:50.315,,-0.18503039999995963
35.913018100000045,35.913018100000045,-0.003440525,165,2026-05-28T10:39:20.725,2026-05-28T10:54:50.725,,36.01226889999998,-3.56,72.0,2026-05-28T10:39:20.815,2026-05-28T10:54:50.815,,0.09925079999993613
36.128131499999654,36.128131499999654,-0.003442116,166,2026-05-28T10:39:20.932,2026-05-28T10:54:50.932,,36.01226889999998,-3.56,72.0,2026-05-28T10:39:20.815,2026-05-28T10:54:50.815,,-0.11586259999967297
36.3432599000007,36.3432599000007,-0.003428558,167,2026-05-28T10:39:21.149,2026-05-28T10:54:51.149,,36.512205600000016,-7.95,73.0,2026-05-28T10:39:21.319,2026-05-28T10:54:51.319,,0.16894569999931264
36.55831920000128,36.55831920000128,-0.003502181,168,2026-05-28T10:39:21.371,2026-05-28T10:54:51.371,,36.512205600000016,-7.95,73.0,2026-05-28T10:39:21.319,2026-05-28T10:54:51.319,,-0.04611360000126297
36.77355569999963,36.77355569999963,-0.003524094,169,2026-05-28T10:39:21.585,2026-05-28T10:54:51.585,,37.0124463000011,-7.93,74.0,2026-05-28T10:39:21.825,2026-05-28T10:54:51.825,,0.23889060000146856
36.988493599999856,36.988493599999856,-0.003503228,170,2026-05-28T10:39:21.796,2026-05-28T10:54:51.796,,37.0124463000011,-7.93,74.0,2026-05-28T10:39:21.825,2026-05-28T10:54:51.825,,0.02395270000124583
37.203725600000325,37.203725600000325,-0.003515541,171,2026-05-28T10:39:22.012,2026-05-28T10:54:52.012,,37.0124463000011,-7.93,74.0,2026-05-28T10:39:21.825,2026-05-28T10:54:51.825,,-0.19127929999922344
37.418797899999845,37.418797899999845,-0.00349525,172,2026-05-28T10:39:22.229,2026-05-28T10:54:52.229,,37.5127580999997,-6.93,75.0,2026-05-28T10:39:22.318,2026-05-28T10:54:52.318,,0.09396019999985583
37.634081800000786,37.634081800000786,-0.003516682,173,2026-05-28T10:39:22.438,2026-05-28T10:54:52.438,,37.5127580999997,-6.93,75.0,2026-05-28T10:39:22.318,2026-05-28T10:54:52.318,,-0.12132370000108494
37.84907630000089,37.84907630000089,-0.00351663,174,2026-05-28T10:39:22.661,2026-05-28T10:54:52.661,,38.01366600000074,-10.91,76.0,2026-05-28T10:39:22.825,2026-05-28T10:54:52.825,,0.1645896999998513
38.064279800000804,38.064279800000804,-0.003508474,175,2026-05-28T10:39:22.876,2026-05-28T10:54:52.876,,38.01366600000074,-10.91,76.0,2026-05-28T10:39:22.825,2026-05-28T10:54:52.825,,-0.05061380000006466
38.279201600000306,38.279201600000306,-0.003533413,176,2026-05-28T10:39:23.082,2026-05-28T10:54:53.082,,38.512357300000076,-7.06,77.0,2026-05-28T10:39:23.325,2026-05-28T10:54:53.325,,0.23315569999977015
38.49444279999989,38.49444279999989,-0.003522158,177,2026-05-28T10:39:23.306,2026-05-28T10:54:53.306,,38.512357300000076,-7.06,77.0,2026-05-28T10:39:23.325,2026-05-28T10:54:53.325,,0.017914500000188127
38.70969470000091,38.70969470000091,-0.003543694,178,2026-05-28T10:39:23.522,2026-05-28T10:54:53.522,,38.512357300000076,-7.06,77.0,2026-05-28T10:39:23.325,2026-05-28T10:54:53.325,,-0.19733740000083344
38.9246148000002,38.9246148000002,-0.00357014,179,2026-05-28T10:39:23.729,2026-05-28T10:54:53.729,,39.01355540000077,-12.04,78.0,2026-05-28T10:39:23.822,2026-05-28T10:54:53.822,,0.08894060000056925
39.13972020000074,39.13972020000074,-0.003658076,180,2026-05-28T10:39:23.952,2026-05-28T10:54:53.952,,39.01355540000077,-12.04,78.0,2026-05-28T10:39:23.822,2026-05-28T10:54:53.822,,-0.12616479999996955
39.354817999999796,39.354817999999796,-0.003652653,181,2026-05-28T10:39:24.162,2026-05-28T10:54:54.162,,39.512462000000596,-7.33,79.0,2026-05-28T10:39:24.322,2026-05-28T10:54:54.322,,0.1576440000008006
39.569962900000974,39.569962900000974,-0.003689025,182,2026-05-28T10:39:24.379,2026-05-28T10:54:54.379,,39.512462000000596,-7.33,79.0,2026-05-28T10:39:24.322,2026-05-28T10:54:54.322,,-0.05750090000037744
39.78515100000004,39.78515100000004,-0.0037112,183,2026-05-28T10:39:24.595,2026-05-28T10:54:54.595,,40.01228660000015,-9.0,80.0,2026-05-28T10:39:24.824,2026-05-28T10:54:54.824,,0.22713560000011057
40.00043619999997,40.00043619999997,-0.003654925,184,2026-05-28T10:39:24.813,2026-05-28T10:54:54.813,,40.01228660000015,-9.0,80.0,2026-05-28T10:39:24.824,2026-05-28T10:54:54.824,,0.01185040000018489
40.21550920000118,40.21550920000118,-0.003669593,185,2026-05-28T10:39:25.022,2026-05-28T10:54:55.022,,40.01228660000015,-9.0,80.0,2026-05-28T10:39:24.824,2026-05-28T10:54:54.824,,-0.20322260000102688
40.430667800001174,40.430667800001174,-0.003639482,186,2026-05-28T10:39:25.239,2026-05-28T10:54:55.239,,40.51343000000088,-10.44,81.0,2026-05-28T10:39:25.322,2026-05-28T10:54:55.322,,0.08276219999970635
40.64561400000093,40.64561400000093,-0.003625714,187,2026-05-28T10:39:25.458,2026-05-28T10:54:55.458,,40.51343000000088,-10.44,81.0,2026-05-28T10:39:25.322,2026-05-28T10:54:55.322,,-0.13218400000005204
40.860588700001244,40.860588700001244,-0.003642015,188,2026-05-28T10:39:25.672,2026-05-28T10:54:55.672,,41.01220210000065,-8.94,82.0,2026-05-28T10:39:25.822,2026-05-28T10:54:55.822,,0.15161339999940537
41.07580000000053,41.07580000000053,-0.003659029,189,2026-05-28T10:39:25.879,2026-05-28T10:54:55.879,,41.01220210000065,-8.94,82.0,2026-05-28T10:39:25.822,2026-05-28T10:54:55.822,,-0.06359789999987697
41.29099230000065,41.29099230000065,-0.003649124,190,2026-05-28T10:39:26.095,2026-05-28T10:54:56.095,,41.51230690000011,-9.09,83.0,2026-05-28T10:39:26.325,2026-05-28T10:54:56.325,,0.22131459999945946
41.506218600001375,41.506218600001375,-0.003649847,191,2026-05-28T10:39:26.315,2026-05-28T10:54:56.315,,41.51230690000011,-9.09,83.0,2026-05-28T10:39:26.325,2026-05-28T10:54:56.325,,0.006088299998737057
41.72130280000056,41.72130280000056,-0.003638529,192,2026-05-28T10:39:26.532,2026-05-28T10:54:56.532,,41.51230690000011,-9.09,83.0,2026-05-28T10:39:26.325,2026-05-28T10:54:56.325,,-0.20899590000044554
41.93647100000089,41.93647100000089,-0.003653783,193,2026-05-28T10:39:26.749,2026-05-28T10:54:56.749,,42.01354119999996,-11.5,84.0,2026-05-28T10:39:26.822,2026-05-28T10:54:56.822,,0.07707019999907061
42.1514317000001,42.1514317000001,-0.003661248,194,2026-05-28T10:39:26.964,2026-05-28T10:54:56.964,,42.01354119999996,-11.5,84.0,2026-05-28T10:39:26.822,2026-05-28T10:54:56.822,,-0.13789050000013958
42.366538300000684,42.366538300000684,-0.003663709,195,2026-05-28T10:39:27.179,2026-05-28T10:54:57.179,,42.51231170000028,-7.89,85.0,2026-05-28T10:39:27.322,2026-05-28T10:54:57.322,,0.14577339999959804
42.581598400000075,42.581598400000075,-0.003675718,196,2026-05-28T10:39:27.392,2026-05-28T10:54:57.392,,42.51231170000028,-7.89,85.0,2026-05-28T10:39:27.322,2026-05-28T10:54:57.322,,-0.0692866999997932
42.79675920000045,42.79675920000045,-0.003670357,197,2026-05-28T10:39:27.605,2026-05-28T10:54:57.605,,43.01327719999972,-13.42,86.0,2026-05-28T10:39:27.825,2026-05-28T10:54:57.825,,0.2165179999992688
43.011850900000354,43.011850900000354,-0.003677121,198,2026-05-28T10:39:27.817,2026-05-28T10:54:57.817,,43.01327719999972,-13.42,86.0,2026-05-28T10:39:27.825,2026-05-28T10:54:57.825,,0.0014262999993661651
43.22700559999976,43.22700559999976,-0.003690951,199,2026-05-28T10:39:28.032,2026-05-28T10:54:58.032,,43.01327719999972,-13.42,86.0,2026-05-28T10:39:27.825,2026-05-28T10:54:57.825,,-0.21372840000003634
43.44218050000018,43.44218050000018,-0.003705515,200,2026-05-28T10:39:28.252,2026-05-28T10:54:58.252,,43.5123147000013,-7.86,87.0,2026-05-28T10:39:28.322,2026-05-28T10:54:58.322,,0.07013420000112092
43.657406500000434,43.657406500000434,-0.003690176,201,2026-05-28T10:39:28.465,2026-05-28T10:54:58.465,,43.5123147000013,-7.86,87.0,2026-05-28T10:39:28.322,2026-05-28T10:54:58.322,,-0.14509179999913613
43.87264030000006,43.87264030000006,-0.003690574,202,2026-05-28T10:39:28.679,2026-05-28T10:54:58.679,,44.01328610000019,-10.18,88.0,2026-05-28T10:39:28.821,2026-05-28T10:54:58.821,,0.14064580000012938
44.087879200000316,44.087879200000316,-0.003726088,203,2026-05-28T10:39:28.895,2026-05-28T10:54:58.895,,44.01328610000019,-10.18,88.0,2026-05-28T10:39:28.821,2026-05-28T10:54:58.821,,-0.0745931000001292
44.30302930000107,44.30302930000107,-0.003712069,204,2026-05-28T10:39:29.112,2026-05-28T10:54:59.112,,44.513490100000126,-15.91,89.0,2026-05-28T10:39:29.324,2026-05-28T10:54:59.324,,0.21046079999905487
44.518310100000235,44.518310100000235,-0.003706237,205,2026-05-28T10:39:29.329,2026-05-28T10:54:59.329,,44.513490100000126,-15.91,89.0,2026-05-28T10:39:29.324,2026-05-28T10:54:59.324,,-0.004820000000108848
44.73340029999963,44.73340029999963,-0.003720549,206,2026-05-28T10:39:29.545,2026-05-28T10:54:59.545,,44.513490100000126,-15.91,89.0,2026-05-28T10:39:29.324,2026-05-28T10:54:59.324,,-0.21991019999950367
44.94857530000081,44.94857530000081,-0.003713262,207,2026-05-28T10:39:29.758,2026-05-28T10:54:59.758,,45.01355640000111,-10.11,90.0,2026-05-28T10:39:29.826,2026-05-28T10:54:59.826,,0.06498110000029556
45.163727900000595,45.163727900000595,-0.003748315,208,2026-05-28T10:39:29.975,2026-05-28T10:54:59.975,,45.01355640000111,-10.11,90.0,2026-05-28T10:39:29.826,2026-05-28T10:54:59.826,,-0.15017149999948742
45.37882940000054,45.37882940000054,-0.003735458,209,2026-05-28T10:39:30.191,2026-05-28T10:55:00.191,,45.51325110000107,-14.02,91.0,2026-05-28T10:39:30.322,2026-05-28T10:55:00.322,,0.1344217000005301
45.59391830000095,45.59391830000095,-0.003776552,210,2026-05-28T10:39:30.405,2026-05-28T10:55:00.405,,45.51325110000107,-14.02,91.0,2026-05-28T10:39:30.322,2026-05-28T10:55:00.322,,-0.08066719999987981
45.809088600000905,45.809088600000905,-0.003794371,211,2026-05-28T10:39:30.612,2026-05-28T10:55:00.612,,46.013313200000994,-12.09,92.0,2026-05-28T10:39:30.825,2026-05-28T10:55:00.825,,0.20422460000008869
46.02402559999973,46.02402559999973,-0.003845453,212,2026-05-28T10:39:30.831,2026-05-28T10:55:00.831,,46.013313200000994,-12.09,92.0,2026-05-28T10:39:30.825,2026-05-28T10:55:00.825,,-0.010712399998737965
46.23910270000124,46.23910270000124,-0.003828607,213,2026-05-28T10:39:31.052,2026-05-28T10:55:01.052,,46.013313200000994,-12.09,92.0,2026-05-28T10:39:30.825,2026-05-28T10:55:00.825,,-0.22578950000024633
46.45404700000108,46.45404700000108,-0.003838658,214,2026-05-28T10:39:31.262,2026-05-28T10:55:01.262,,46.51351260000047,-12.75,93.0,2026-05-28T10:39:31.322,2026-05-28T10:55:01.322,,0.05946559999938472
46.66925919999994,46.66925919999994,-0.003806443,215,2026-05-28T10:39:31.479,2026-05-28T10:55:01.479,,46.51351260000047,-12.75,93.0,2026-05-28T10:39:31.322,2026-05-28T10:55:01.322,,-0.1557465999994747
46.8846250000006,46.8846250000006,-0.003798999,216,2026-05-28T10:39:31.695,2026-05-28T10:55:01.695,,47.013306300001204,-13.33,94.0,2026-05-28T10:39:31.822,2026-05-28T10:55:01.822,,0.12868130000060773
47.09992560000137,47.09992560000137,-0.003792571,217,2026-05-28T10:39:31.912,2026-05-28T10:55:01.912,,47.013306300001204,-13.33,94.0,2026-05-28T10:39:31.822,2026-05-28T10:55:01.822,,-0.08661930000016582
47.31532359999983,47.31532359999983,-0.003812002,218,2026-05-28T10:39:32.122,2026-05-28T10:55:02.122,,47.51331800000116,-12.43,95.0,2026-05-28T10:39:32.322,2026-05-28T10:55:02.322,,0.19799440000133472
47.53044349999982,47.53044349999982,-0.003815039,219,2026-05-28T10:39:32.338,2026-05-28T10:55:02.338,,47.51331800000116,-12.43,95.0,2026-05-28T10:39:32.322,2026-05-28T10:55:02.322,,-0.01712549999865587
47.745428100000936,47.745428100000936,-0.003804548,220,2026-05-28T10:39:32.557,2026-05-28T10:55:02.557,,47.51331800000116,-12.43,95.0,2026-05-28T10:39:32.322,2026-05-28T10:55:02.322,,-0.2321100999997725
47.96059630000127,47.96059630000127,-0.003813719,221,2026-05-28T10:39:32.772,2026-05-28T10:55:02.772,,48.013453700001264,-10.47,96.0,2026-05-28T10:39:32.822,2026-05-28T10:55:02.822,,0.052857399999993504
48.175800300001356,48.175800300001356,-0.003812086,222,2026-05-28T10:39:32.979,2026-05-28T10:55:02.979,,48.013453700001264,-10.47,96.0,2026-05-28T10:39:32.822,2026-05-28T10:55:02.822,,-0.1623466000000917
48.3911347000012,48.3911347000012,-0.003816002,223,2026-05-28T10:39:33.195,2026-05-28T10:55:03.195,,48.5132835000004,-13.12,97.0,2026-05-28T10:39:33.322,2026-05-28T10:55:03.322,,0.12214879999919503
48.60638800000015,48.60638800000015,-0.003818044,224,2026-05-28T10:39:33.412,2026-05-28T10:55:03.412,,48.5132835000004,-13.12,97.0,2026-05-28T10:39:33.322,2026-05-28T10:55:03.322,,-0.0931044999997539
48.82144970000081,48.82144970000081,-0.0038387,225,2026-05-28T10:39:33.629,2026-05-28T10:55:03.629,,49.01339680000092,-11.38,98.0,2026-05-28T10:39:33.822,2026-05-28T10:55:03.822,,0.19194710000010673
49.03657360000034,49.03657360000034,-0.003842019,226,2026-05-28T10:39:33.845,2026-05-28T10:55:03.845,,49.01339680000092,-11.38,98.0,2026-05-28T10:39:33.822,2026-05-28T10:55:03.822,,-0.023176799999419018
49.25168230000054,49.25168230000054,-0.003860436,227,2026-05-28T10:39:34.062,2026-05-28T10:55:04.062,,49.01339680000092,-11.38,98.0,2026-05-28T10:39:33.822,2026-05-28T10:55:03.822,,-0.2382854999996198
49.46680970000125,49.46680970000125,-0.003863294,228,2026-05-28T10:39:34.279,2026-05-28T10:55:04.279,,49.51335459999973,-16.61,99.0,2026-05-28T10:39:34.326,2026-05-28T10:55:04.326,,0.046544899998480105
49.682053300000916,49.682053300000916,-0.003859389,229,2026-05-28T10:39:34.488,2026-05-28T10:55:04.488,,49.51335459999973,-16.61,99.0,2026-05-28T10:39:34.326,2026-05-28T10:55:04.326,,-0.1686987000011868
49.89718809999977,49.89718809999977,-0.003871848,230,2026-05-28T10:39:34.709,2026-05-28T10:55:04.709,,50.01334280000083,-12.26,100.0,2026-05-28T10:39:34.822,2026-05-28T10:55:04.822,,0.11615470000106143
50.11251160000029,50.11251160000029,-0.003864718,231,2026-05-28T10:39:34.922,2026-05-28T10:55:04.922,,50.01334280000083,-12.26,100.0,2026-05-28T10:39:34.822,2026-05-28T10:55:04.822,,-0.09916879999946104
50.32746880000013,50.32746880000013,-0.003861943,232,2026-05-28T10:39:35.140,2026-05-28T10:55:05.140,,50.51349790000131,-16.81,101.0,2026-05-28T10:39:35.322,2026-05-28T10:55:05.322,,0.18602910000117845
50.54281810000066,50.54281810000066,-0.003879826,233,2026-05-28T10:39:35.355,2026-05-28T10:55:05.355,,50.51349790000131,-16.81,101.0,2026-05-28T10:39:35.322,2026-05-28T10:55:05.322,,-0.029320199999347096
50.75803210000049,50.75803210000049,-0.003872622,234,2026-05-28T10:39:35.565,2026-05-28T10:55:05.565,,50.51349790000131,-16.81,101.0,2026-05-28T10:39:35.322,2026-05-28T10:55:05.322,,-0.2445341999991797
50.973275000000285,50.973275000000285,-0.003884673,235,2026-05-28T10:39:35.782,2026-05-28T10:55:05.782,,51.013321200000064,-13.56,102.0,2026-05-28T10:39:35.822,2026-05-28T10:55:05.822,,0.040046199999778764
51.18835290000061,51.18835290000061,-0.003897656,236,2026-05-28T10:39:35.999,2026-05-28T10:55:05.999,,51.013321200000064,-13.56,102.0,2026-05-28T10:39:35.822,2026-05-28T10:55:05.822,,-0.17503170000054524
51.403436200000215,51.403436200000215,-0.003896117,237,2026-05-28T10:39:36.215,2026-05-28T10:55:06.215,,51.51336960000117,-12.32,103.0,2026-05-28T10:39:36.322,2026-05-28T10:55:06.322,,0.10993340000095486
51.6185502999997,51.6185502999997,-0.003926866,238,2026-05-28T10:39:36.431,2026-05-28T10:55:06.431,,51.51336960000117,-12.32,103.0,2026-05-28T10:39:36.322,2026-05-28T10:55:06.322,,-0.10518069999852742
51.83351109999967,51.83351109999967,-0.003921569,239,2026-05-28T10:39:36.645,2026-05-28T10:55:06.645,,52.013269000000946,-17.8,104.0,2026-05-28T10:39:36.821,2026-05-28T10:55:06.821,,0.17975790000127745
52.04872950000026,52.04872950000026,-0.003947397,240,2026-05-28T10:39:36.858,2026-05-28T10:55:06.858,,52.013269000000946,-17.8,104.0,2026-05-28T10:39:36.821,2026-05-28T10:55:06.821,,-0.03546049999931711
52.26382639999974,52.26382639999974,-0.00396461,241,2026-05-28T10:39:37.072,2026-05-28T10:55:07.072,,52.51348540000072,-14.74,105.0,2026-05-28T10:39:37.322,2026-05-28T10:55:07.322,,0.24965900000097463
52.478833600000144,52.478833600000144,-0.003945628,242,2026-05-28T10:39:37.292,2026-05-28T10:55:07.292,,52.51348540000072,-14.74,105.0,2026-05-28T10:39:37.322,2026-05-28T10:55:07.322,,0.03465180000057444
52.693868700000166,52.693868700000166,-0.003988774,243,2026-05-28T10:39:37.499,2026-05-28T10:55:07.499,,52.51348540000072,-14.74,105.0,2026-05-28T10:39:37.322,2026-05-28T10:55:07.322,,-0.18038329999944835
52.93533960000059,52.93533960000059,-0.003976367,244,2026-05-28T10:39:37.745,2026-05-28T10:55:07.745,,53.01332910000019,-15.04,106.0,2026-05-28T10:39:37.822,2026-05-28T10:55:07.822,,0.07798949999960314
53.14989090000017,53.14989090000017,-0.003975048,245,2026-05-28T10:39:37.962,2026-05-28T10:55:07.962,,53.01332910000019,-15.04,106.0,2026-05-28T10:39:37.822,2026-05-28T10:55:07.822,,-0.1365617999999813
53.36489749999964,53.36489749999964,-0.003971635,246,2026-05-28T10:39:38.172,2026-05-28T10:55:08.172,,53.5132665000001,-16.38,107.0,2026-05-28T10:39:38.321,2026-05-28T10:55:08.321,,0.14836900000045716
53.57993780000106,53.57993780000106,-0.003974409,247,2026-05-28T10:39:38.392,2026-05-28T10:55:08.392,,53.5132665000001,-16.38,107.0,2026-05-28T10:39:38.321,2026-05-28T10:55:08.321,,-0.06667130000096222
53.79485829999976,53.79485829999976,-0.003968641,248,2026-05-28T10:39:38.605,2026-05-28T10:55:08.605,,54.01334240000142,-13.59,108.0,2026-05-28T10:39:38.822,2026-05-28T10:55:08.822,,0.2184841000016604
54.01001619999988,54.01001619999988,-0.003975142,249,2026-05-28T10:39:38.822,2026-05-28T10:55:08.822,,54.01334240000142,-13.59,108.0,2026-05-28T10:39:38.822,2026-05-28T10:55:08.822,,0.003326200001538382
54.225231300000814,54.225231300000814,-0.003981864,250,2026-05-28T10:39:39.029,2026-05-28T10:55:09.029,,54.01334240000142,-13.59,108.0,2026-05-28T10:39:38.822,2026-05-28T10:55:08.822,,-0.2118888999993942
54.44028530000105,54.44028530000105,-0.003992648,251,2026-05-28T10:39:39.245,2026-05-28T10:55:09.245,,54.513400300000285,-18.58,109.0,2026-05-28T10:39:39.325,2026-05-28T10:55:09.325,,0.07311499999923399
54.655515899999955,54.655515899999955,-0.003993433,252,2026-05-28T10:39:39.462,2026-05-28T10:55:09.462,,54.513400300000285,-18.58,109.0,2026-05-28T10:39:39.325,2026-05-28T10:55:09.325,,-0.14211559999966994
54.87062450000121,54.87062450000121,-0.00399694,253,2026-05-28T10:39:39.680,2026-05-28T10:55:09.680,,55.01347999999962,-15.55,110.0,2026-05-28T10:39:39.822,2026-05-28T10:55:09.822,,0.1428554999984044
55.085618299999624,55.085618299999624,-0.003996898,254,2026-05-28T10:39:39.895,2026-05-28T10:55:09.895,,55.01347999999962,-15.55,110.0,2026-05-28T10:39:39.822,2026-05-28T10:55:09.822,,-0.07213830000000598
55.30110880000029,55.30110880000029,-0.004001997,255,2026-05-28T10:39:40.112,2026-05-28T10:55:10.112,,55.51328319999993,-17.15,111.0,2026-05-28T10:39:40.322,2026-05-28T10:55:10.322,,0.21217439999963972
55.5163633000011,55.5163633000011,-0.00402635,256,2026-05-28T10:39:40.329,2026-05-28T10:55:10.329,,55.51328319999993,-17.15,111.0,2026-05-28T10:39:40.322,2026-05-28T10:55:10.322,,-0.003080100001170649
55.731531800000084,55.731531800000084,-0.004019524,257,2026-05-28T10:39:40.539,2026-05-28T10:55:10.539,,55.51328319999993,-17.15,111.0,2026-05-28T10:39:40.322,2026-05-28T10:55:10.322,,-0.21824860000015178
55.94661470000028,55.94661470000028,-0.004018958,258,2026-05-28T10:39:40.759,2026-05-28T10:55:10.759,,56.01353139999992,-15.64,112.0,2026-05-28T10:39:40.825,2026-05-28T10:55:10.825,,0.06691669999963779
56.16163410000081,56.16163410000081,-0.004024329,259,2026-05-28T10:39:40.972,2026-05-28T10:55:10.972,,56.01353139999992,-15.64,112.0,2026-05-28T10:39:40.825,2026-05-28T10:55:10.825,,-0.14810270000089076
56.37683819999984,56.37683819999984,-0.00403036,260,2026-05-28T10:39:41.188,2026-05-28T10:55:11.188,,56.513370900000155,-16.43,113.0,2026-05-28T10:39:41.322,2026-05-28T10:55:11.322,,0.13653270000031625
56.591961699999956,56.591961699999956,-0.004043698,261,2026-05-28T10:39:41.395,2026-05-28T10:55:11.395,,56.513370900000155,-16.43,113.0,2026-05-28T10:39:41.322,2026-05-28T10:55:11.322,,-0.07859079999980167
56.80707500000062,56.80707500000062,-0.004035909,262,2026-05-28T10:39:41.612,2026-05-28T10:55:11.612,,57.01336869999977,-19.95,114.0,2026-05-28T10:39:41.822,2026-05-28T10:55:11.822,,0.2062936999991507
57.02213080000001,57.02213080000001,-0.0040415,263,2026-05-28T10:39:41.829,2026-05-28T10:55:11.829,,57.01336869999977,-19.95,114.0,2026-05-28T10:39:41.822,2026-05-28T10:55:11.822,,-0.008762100000240025
57.237208500000634,57.237208500000634,-0.004039699,264,2026-05-28T10:39:42.050,2026-05-28T10:55:12.050,,57.01336869999977,-19.95,114.0,2026-05-28T10:39:41.822,2026-05-28T10:55:11.822,,-0.22383980000086012
57.452507900001365,57.452507900001365,-0.004046441,265,2026-05-28T10:39:42.262,2026-05-28T10:55:12.262,,57.51346060000105,-15.97,115.0,2026-05-28T10:39:42.325,2026-05-28T10:55:12.325,,0.060952699999688775
57.66774290000103,57.66774290000103,-0.004051425,266,2026-05-28T10:39:42.480,2026-05-28T10:55:12.480,,57.51346060000105,-15.97,115.0,2026-05-28T10:39:42.325,2026-05-28T10:55:12.325,,-0.1542822999999771
57.882809599999746,57.882809599999746,-0.00405332,267,2026-05-28T10:39:42.695,2026-05-28T10:55:12.695,,58.01332890000049,-21.14,116.0,2026-05-28T10:39:42.822,2026-05-28T10:55:12.822,,0.13051930000074208
58.098101900000984,58.098101900000984,-0.004079599,268,2026-05-28T10:39:42.905,2026-05-28T10:55:12.905,,58.01332890000049,-21.14,116.0,2026-05-28T10:39:42.822,2026-05-28T10:55:12.822,,-0.08477300000049581
58.313200399999914,58.313200399999914,-0.004093283,269,2026-05-28T10:39:43.122,2026-05-28T10:55:13.122,,58.51322330000039,-16.96,117.0,2026-05-28T10:39:43.322,2026-05-28T10:55:13.322,,0.2000229000004765
58.52806299999975,58.52806299999975,-0.004091639,270,2026-05-28T10:39:43.339,2026-05-28T10:55:13.339,,58.51322330000039,-16.96,117.0,2026-05-28T10:39:43.322,2026-05-28T10:55:13.322,,-0.014839699999356526
58.743212600000334,58.743212600000334,-0.004144482,271,2026-05-28T10:39:43.555,2026-05-28T10:55:13.555,,58.51322330000039,-16.96,117.0,2026-05-28T10:39:43.322,2026-05-28T10:55:13.322,,-0.2299892999999429
58.958325700001296,58.958325700001296,-0.004132086,272,2026-05-28T10:39:43.762,2026-05-28T10:55:13.762,,59.0134693,-17.84,118.0,2026-05-28T10:39:43.822,2026-05-28T10:55:13.822,,0.055143599998700665
59.17349220000142,59.17349220000142,-0.004128147,273,2026-05-28T10:39:43.981,2026-05-28T10:55:13.981,,59.0134693,-17.84,118.0,2026-05-28T10:39:43.822,2026-05-28T10:55:13.822,,-0.16002290000142239
59.38866159999998,59.38866159999998,-0.004134431,274,2026-05-28T10:39:44.195,2026-05-28T10:55:14.195,,59.51333499999964,-19.3,119.0,2026-05-28T10:39:44.322,2026-05-28T10:55:14.322,,0.12467339999966498
59.603924000000916,59.603924000000916,-0.004138441,275,2026-05-28T10:39:44.412,2026-05-28T10:55:14.412,,59.51333499999964,-19.3,119.0,2026-05-28T10:39:44.322,2026-05-28T10:55:14.322,,-0.09058900000127323
59.81886940000004,59.81886940000004,-0.004139321,276,2026-05-28T10:39:44.629,2026-05-28T10:55:14.629,,60.013269400000354,-19.28,120.0,2026-05-28T10:39:44.822,2026-05-28T10:55:14.822,,0.19440000000031432
60.034016300000076,60.034016300000076,-0.004134703,277,2026-05-28T10:39:44.845,2026-05-28T10:55:14.845,,60.013269400000354,-19.28,120.0,2026-05-28T10:39:44.822,2026-05-28T10:55:14.822,,-0.02074689999972179
60.24932609999996,60.24932609999996,-0.004140902,278,2026-05-28T10:39:45.062,2026-05-28T10:55:15.062,,60.013269400000354,-19.28,120.0,2026-05-28T10:39:44.822,2026-05-28T10:55:14.822,,-0.2360566999996081
60.464419400001134,60.464419400001134,-0.004140713,279,2026-05-28T10:39:45.272,2026-05-28T10:55:15.272,,60.51341409999986,-18.51,121.0,2026-05-28T10:39:45.322,2026-05-28T10:55:15.322,,0.04899469999872963
60.67950790000032,60.67950790000032,-0.004141781,280,2026-05-28T10:39:45.488,2026-05-28T10:55:15.488,,60.51341409999986,-18.51,121.0,2026-05-28T10:39:45.322,2026-05-28T10:55:15.322,,-0.16609380000045348
60.89467070000137,60.89467070000137,-0.004147079,281,2026-05-28T10:39:45.707,2026-05-28T10:55:15.707,,61.01336710000032,-20.63,122.0,2026-05-28T10:39:45.822,2026-05-28T10:55:15.822,,0.11869639999895298
61.109780099999625,61.109780099999625,-0.004150094,282,2026-05-28T10:39:45.922,2026-05-28T10:55:15.922,,61.01336710000032,-20.63,122.0,2026-05-28T10:39:45.822,2026-05-28T10:55:15.822,,-0.09641299999930197
61.32481320000079,61.32481320000079,-0.004155559,283,2026-05-28T10:39:46.129,2026-05-28T10:55:16.129,,61.51336850000007,-19.05,123.0,2026-05-28T10:39:46.322,2026-05-28T10:55:16.322,,0.18855529999927967
61.53993690000061,61.53993690000061,-0.004158302,284,2026-05-28T10:39:46.349,2026-05-28T10:55:16.349,,61.51336850000007,-19.05,123.0,2026-05-28T10:39:46.322,2026-05-28T10:55:16.322,,-0.02656840000054217
61.75499590000072,61.75499590000072,-0.004165464,285,2026-05-28T10:39:46.568,2026-05-28T10:55:16.568,,61.51336850000007,-19.05,123.0,2026-05-28T10:39:46.322,2026-05-28T10:55:16.322,,-0.24162740000065241
61.97012790000008,61.97012790000008,-0.004183095,286,2026-05-28T10:39:46.782,2026-05-28T10:55:16.782,,62.013515700000426,-21.83,124.0,2026-05-28T10:39:46.826,2026-05-28T10:55:16.826,,0.04338780000034603
62.185167400000864,62.185167400000864,-0.004176928,287,2026-05-28T10:39:46.998,2026-05-28T10:55:16.998,,62.013515700000426,-21.83,124.0,2026-05-28T10:39:46.826,2026-05-28T10:55:16.826,,-0.17165170000043872
62.40031090000048,62.40031090000048,-0.004184079,288,2026-05-28T10:39:47.212,2026-05-28T10:55:17.212,,62.513398099999904,-16.92,125.0,2026-05-28T10:39:47.325,2026-05-28T10:55:17.325,,0.11308719999942696
62.615529400000014,62.615529400000014,-0.004186581,289,2026-05-28T10:39:47.428,2026-05-28T10:55:17.428,,62.513398099999904,-16.92,125.0,2026-05-28T10:39:47.325,2026-05-28T10:55:17.325,,-0.10213130000011006
62.83065290000013,62.83065290000013,-0.004186267,290,2026-05-28T10:39:47.638,2026-05-28T10:55:17.638,,63.0132293000006,-20.65,126.0,2026-05-28T10:39:47.822,2026-05-28T10:55:17.822,,0.18257640000047104
63.04585820000102,63.04585820000102,-0.004197574,291,2026-05-28T10:39:47.855,2026-05-28T10:55:17.855,,63.0132293000006,-20.65,126.0,2026-05-28T10:39:47.822,2026-05-28T10:55:17.822,,-0.03262890000041807
63.26095600000008,63.26095600000008,-0.004197375,292,2026-05-28T10:39:48.065,2026-05-28T10:55:18.065,,63.0132293000006,-20.65,126.0,2026-05-28T10:39:47.822,2026-05-28T10:55:17.822,,-0.24772669999947539
63.476180300000124,63.476180300000124,-0.004203647,293,2026-05-28T10:39:48.286,2026-05-28T10:55:18.286,,63.51336520000041,-18.01,127.0,2026-05-28T10:39:48.326,2026-05-28T10:55:18.326,,0.03718490000028396
63.69144570000026,63.69144570000026,-0.004207081,294,2026-05-28T10:39:48.502,2026-05-28T10:55:18.502,,63.51336520000041,-18.01,127.0,2026-05-28T10:39:48.326,2026-05-28T10:55:18.326,,-0.17808049999985087
63.90654750000067,63.90654750000067,-0.00421017,295,2026-05-28T10:39:48.715,2026-05-28T10:55:18.715,,64.01346700000067,-20.3,128.0,2026-05-28T10:39:48.825,2026-05-28T10:55:18.825,,0.10691950000000361
64.12156090000099,64.12156090000099,-0.004218776,296,2026-05-28T10:39:48.932,2026-05-28T10:55:18.932,,64.01346700000067,-20.3,128.0,2026-05-28T10:39:48.825,2026-05-28T10:55:18.825,,-0.10809390000031271
64.3367143000014,64.3367143000014,-0.004231884,297,2026-05-28T10:39:49.149,2026-05-28T10:55:19.149,,64.51328140000078,-21.07,129.0,2026-05-28T10:39:49.322,2026-05-28T10:55:19.322,,0.17656709999937448
64.55163360000006,64.55163360000006,-0.004234208,298,2026-05-28T10:39:49.363,2026-05-28T10:55:19.363,,64.51328140000078,-21.07,129.0,2026-05-28T10:39:49.322,2026-05-28T10:55:19.322,,-0.038352199999280856
64.76673670000127,64.76673670000127,-0.004241935,299,2026-05-28T10:39:49.578,2026-05-28T10:55:19.578,,65.01348930000131,-18.98,130.0,2026-05-28T10:39:49.826,2026-05-28T10:55:19.826,,0.24675260000003618
64.98199620000014,64.98199620000014,-0.004241328,300,2026-05-28T10:39:49.793,2026-05-28T10:55:19.793,,65.01348930000131,-18.98,130.0,2026-05-28T10:39:49.826,2026-05-28T10:55:19.826,,0.031493100001171115
65.1971164000006,65.1971164000006,-0.00425008,301,2026-05-28T10:39:50.008,2026-05-28T10:55:20.008,,65.01348930000131,-18.98,130.0,2026-05-28T10:39:49.826,2026-05-28T10:55:19.826,,-0.18362709999928484
65.4122466000008,65.4122466000008,-0.004249934,302,2026-05-28T10:39:50.225,2026-05-28T10:55:20.225,,65.51360540000132,-22.17,131.0,2026-05-28T10:39:50.322,2026-05-28T10:55:20.322,,0.10135880000052566
65.6271996000014,65.6271996000014,-0.00425588,303,2026-05-28T10:39:50.439,2026-05-28T10:55:20.439,,65.51360540000132,-22.17,131.0,2026-05-28T10:39:50.322,2026-05-28T10:55:20.322,,-0.11359420000007958
65.84269880000102,65.84269880000102,-0.004264895,304,2026-05-28T10:39:50.655,2026-05-28T10:55:20.655,,66.0132551000006,-19.46,132.0,2026-05-28T10:39:50.821,2026-05-28T10:55:20.821,,0.1705562999995891
66.05763660000048,66.05763660000048,-0.004263932,305,2026-05-28T10:39:50.862,2026-05-28T10:55:20.862,,66.0132551000006,-19.46,132.0,2026-05-28T10:39:50.821,2026-05-28T10:55:20.821,,-0.044381499999872176
66.27273980000064,66.27273980000064,-0.004270821,306,2026-05-28T10:39:51.079,2026-05-28T10:55:21.079,,66.5132878000004,-22.01,133.0,2026-05-28T10:39:51.326,2026-05-28T10:55:21.326,,0.2405479999997624
66.48801000000094,66.48801000000094,-0.004274286,307,2026-05-28T10:39:51.295,2026-05-28T10:55:21.295,,66.5132878000004,-22.01,133.0,2026-05-28T10:39:51.326,2026-05-28T10:55:21.326,,0.025277799999457784
66.70306700000037,66.70306700000037,-0.004279155,308,2026-05-28T10:39:51.512,2026-05-28T10:55:21.512,,66.5132878000004,-22.01,133.0,2026-05-28T10:39:51.326,2026-05-28T10:55:21.326,,-0.1897791999999754
66.91802960000132,66.91802960000132,-0.00427994,309,2026-05-28T10:39:51.728,2026-05-28T10:55:21.728,,67.01333069999964,-21.41,134.0,2026-05-28T10:39:51.826,2026-05-28T10:55:21.826,,0.09530109999832348
67.13315470000089,67.13315470000089,-0.004284138,310,2026-05-28T10:39:51.945,2026-05-28T10:55:21.945,,67.01333069999964,-21.41,134.0,2026-05-28T10:39:51.826,2026-05-28T10:55:21.826,,-0.11982400000124471
67.3484352000014,67.3484352000014,-0.004294022,311,2026-05-28T10:39:52.155,2026-05-28T10:55:22.155,,67.51334280000083,-20.96,135.0,2026-05-28T10:39:52.322,2026-05-28T10:55:22.322,,0.16490759999942384
67.5635043000002,67.5635043000002,-0.004298597,312,2026-05-28T10:39:52.372,2026-05-28T10:55:22.372,,67.51334280000083,-20.96,135.0,2026-05-28T10:39:52.322,2026-05-28T10:55:22.322,,-0.05016149999937625
67.77852180000082,67.77852180000082,-0.004301968,313,2026-05-28T10:39:52.589,2026-05-28T10:55:22.589,,68.01331540000137,-22.97,136.0,2026-05-28T10:39:52.825,2026-05-28T10:55:22.825,,0.2347936000005575
67.99356520000038,67.99356520000038,-0.004305172,314,2026-05-28T10:39:52.805,2026-05-28T10:55:22.805,,68.01331540000137,-22.97,136.0,2026-05-28T10:39:52.825,2026-05-28T10:55:22.825,,0.01975020000099903
68.20875909999995,68.20875909999995,-0.004306847,315,2026-05-28T10:39:53.012,2026-05-28T10:55:23.012,,68.01331540000137,-22.97,136.0,2026-05-28T10:39:52.825,2026-05-28T10:55:22.825,,-0.19544369999857736
68.42396689999987,68.42396689999987,-0.004312815,316,2026-05-28T10:39:53.233,2026-05-28T10:55:23.233,,68.5131906000006,-22.28,137.0,2026-05-28T10:39:53.326,2026-05-28T10:55:23.326,,0.08922370000072988
68.63925960000051,68.63925960000051,-0.004317108,317,2026-05-28T10:39:53.445,2026-05-28T10:55:23.445,,68.5131906000006,-22.28,137.0,2026-05-28T10:39:53.326,2026-05-28T10:55:23.326,,-0.12606899999991583
68.85420220000015,68.85420220000015,-0.004319652,318,2026-05-28T10:39:53.662,2026-05-28T10:55:23.662,,69.01332520000142,-24.42,138.0,2026-05-28T10:39:53.822,2026-05-28T10:55:23.822,,0.15912300000127289
69.06935750000048,69.06935750000048,-0.004326886,319,2026-05-28T10:39:53.879,2026-05-28T10:55:23.879,,69.01332520000142,-24.42,138.0,2026-05-28T10:39:53.822,2026-05-28T10:55:23.822,,-0.05603229999906034
69.28449250000085,69.28449250000085,-0.004331032,320,2026-05-28T10:39:54.095,2026-05-28T10:55:24.095,,69.51315810000051,-20.9,139.0,2026-05-28T10:39:54.325,2026-05-28T10:55:24.325,,0.2286655999996583
69.49961310000072,69.49961310000072,-0.004335137,321,2026-05-28T10:39:54.312,2026-05-28T10:55:24.312,,69.51315810000051,-20.9,139.0,2026-05-28T10:39:54.325,2026-05-28T10:55:24.325,,0.013544999999794527
69.71491349999997,69.71491349999997,-0.004342696,322,2026-05-28T10:39:54.522,2026-05-28T10:55:24.522,,69.51315810000051,-20.9,139.0,2026-05-28T10:39:54.325,2026-05-28T10:55:24.325,,-0.20175539999945613
69.92998330000046,69.92998330000046,-0.004347104,323,2026-05-28T10:39:54.740,2026-05-28T10:55:24.740,,70.01327300000048,-24.1,140.0,2026-05-28T10:39:54.825,2026-05-28T10:55:24.825,,0.083289700000023
70.14499869999963,70.14499869999963,-0.00435572,324,2026-05-28T10:39:54.955,2026-05-28T10:55:24.955,,70.01327300000048,-24.1,140.0,2026-05-28T10:39:54.825,2026-05-28T10:55:24.825,,-0.1317256999991514
70.3600690000003,70.3600690000003,-0.004360913,325,2026-05-28T10:39:55.172,2026-05-28T10:55:25.172,,70.51323020000018,-25.59,141.0,2026-05-28T10:39:55.322,2026-05-28T10:55:25.322,,0.15316119999988587
70.57522280000012,70.57522280000012,-0.004366138,326,2026-05-28T10:39:55.379,2026-05-28T10:55:25.379,,70.51323020000018,-25.59,141.0,2026-05-28T10:39:55.322,2026-05-28T10:55:25.322,,-0.06199259999993956
70.79039829999965,70.79039829999965,-0.004373404,327,2026-05-28T10:39:55.595,2026-05-28T10:55:25.595,,71.01324360000035,-24.02,142.0,2026-05-28T10:39:55.825,2026-05-28T10:55:25.825,,0.22284530000069935
71.00552750000134,71.00552750000134,-0.004378795,328,2026-05-28T10:39:55.813,2026-05-28T10:55:25.813,,71.01324360000035,-24.02,142.0,2026-05-28T10:39:55.825,2026-05-28T10:55:25.825,,0.007716099999015569
71.22061770000073,71.22061770000073,-0.004389045,329,2026-05-28T10:39:56.029,2026-05-28T10:55:26.029,,71.01324360000035,-24.02,142.0,2026-05-28T10:39:55.825,2026-05-28T10:55:25.825,,-0.20737410000037926
71.4359002000001,71.4359002000001,-0.004397296,330,2026-05-28T10:39:56.246,2026-05-28T10:55:26.246,,71.51343690000067,-24.17,143.0,2026-05-28T10:39:56.325,2026-05-28T10:55:26.325,,0.07753670000056445
71.65087180000046,71.65087180000046,-0.004403462,331,2026-05-28T10:39:56.462,2026-05-28T10:55:26.462,,71.51343690000067,-24.17,143.0,2026-05-28T10:39:56.325,2026-05-28T10:55:26.325,,-0.1374348999997892
71.86592530000053,71.86592530000053,-0.004408823,332,2026-05-28T10:39:56.679,2026-05-28T10:55:26.679,,72.01313769999979,-22.79,144.0,2026-05-28T10:39:56.822,2026-05-28T10:55:26.822,,0.14721239999926183
72.08107399999972,72.08107399999972,-0.004419554,333,2026-05-28T10:39:56.888,2026-05-28T10:55:26.888,,72.01313769999979,-22.79,144.0,2026-05-28T10:39:56.822,2026-05-28T10:55:26.822,,-0.06793629999992845
72.29610230000071,72.29610230000071,-0.004424873,334,2026-05-28T10:39:57.109,2026-05-28T10:55:27.109,,72.51320500000111,-26.09,145.0,2026-05-28T10:39:57.322,2026-05-28T10:55:27.322,,0.217102700000396
72.51116170000023,72.51116170000023,-0.004433709,335,2026-05-28T10:39:57.322,2026-05-28T10:55:27.322,,72.51320500000111,-26.09,145.0,2026-05-28T10:39:57.322,2026-05-28T10:55:27.322,,0.0020433000008779345
72.72612110000046,72.72612110000046,-0.004439311,336,2026-05-28T10:39:57.538,2026-05-28T10:55:27.538,,72.51320500000111,-26.09,145.0,2026-05-28T10:39:57.322,2026-05-28T10:55:27.322,,-0.21291609999934735
72.94126890000007,72.94126890000007,-0.004440169,337,2026-05-28T10:39:57.753,2026-05-28T10:55:27.753,,73.01343100000122,-22.68,146.0,2026-05-28T10:39:57.825,2026-05-28T10:55:27.825,,0.07216210000115098
73.15631899999971,73.15631899999971,-0.004446954,338,2026-05-28T10:39:57.962,2026-05-28T10:55:27.962,,73.01343100000122,-22.68,146.0,2026-05-28T10:39:57.825,2026-05-28T10:55:27.825,,-0.1428879999984929
73.37152930000047,73.37152930000047,-0.004449644,339,2026-05-28T10:39:58.179,2026-05-28T10:55:28.179,,73.51344320000135,-26.36,147.0,2026-05-28T10:39:58.322,2026-05-28T10:55:28.322,,0.14191390000087267
73.58648429999994,73.58648429999994,-0.004451749,340,2026-05-28T10:39:58.395,2026-05-28T10:55:28.395,,73.51344320000135,-26.36,147.0,2026-05-28T10:39:58.322,2026-05-28T10:55:28.322,,-0.07304109999859065
73.80166190000091,73.80166190000091,-0.004457884,341,2026-05-28T10:39:58.612,2026-05-28T10:55:28.612,,74.01343760000054,-23.79,148.0,2026-05-28T10:39:58.821,2026-05-28T10:55:28.821,,0.21177569999963453
74.01675700000123,74.01675700000123,-0.004467317,342,2026-05-28T10:39:58.828,2026-05-28T10:55:28.828,,74.01343760000054,-23.79,148.0,2026-05-28T10:39:58.821,2026-05-28T10:55:28.821,,-0.0033194000006915303
74.23205330000019,74.23205330000019,-0.004471736,343,2026-05-28T10:39:59.042,2026-05-28T10:55:29.042,,74.01343760000054,-23.79,148.0,2026-05-28T10:39:58.821,2026-05-28T10:55:28.821,,-0.21861569999964559
74.44707110000127,74.44707110000127,-0.004478792,344,2026-05-28T10:39:59.260,2026-05-28T10:55:29.260,,74.51329760000044,-23.63,149.0,2026-05-28T10:39:59.325,2026-05-28T10:55:29.325,,0.06622649999917485
74.66213550000066,74.66213550000066,-0.004485357,345,2026-05-28T10:39:59.471,2026-05-28T10:55:29.471,,74.51329760000044,-23.63,149.0,2026-05-28T10:39:59.325,2026-05-28T10:55:29.325,,-0.1488379000002169
74.8771783000011,74.8771783000011,-0.004487974,346,2026-05-28T10:39:59.689,2026-05-28T10:55:29.689,,75.01330100000087,-24.24,150.0,2026-05-28T10:39:59.822,2026-05-28T10:55:29.822,,0.1361226999997598
75.09248240000124,75.09248240000124,-0.004491502,347,2026-05-28T10:39:59.905,2026-05-28T10:55:29.905,,75.01330100000087,-24.24,150.0,2026-05-28T10:39:59.822,2026-05-28T10:55:29.822,,-0.07918140000037965
75.30783730000076,75.30783730000076,-0.004498266,348,2026-05-28T10:40:00.112,2026-05-28T10:55:30.112,,75.51323650000086,-24.99,151.0,2026-05-28T10:40:00.322,2026-05-28T10:55:30.322,,0.2053992000001017
75.52275250000093,75.52275250000093,-0.00450193,349,2026-05-28T10:40:00.329,2026-05-28T10:55:30.329,,75.51323650000086,-24.99,151.0,2026-05-28T10:40:00.322,2026-05-28T10:55:30.322,,-0.00951600000007602
75.73785830000088,75.73785830000088,-0.00450816,350,2026-05-28T10:40:00.545,2026-05-28T10:55:30.545,,75.51323650000086,-24.99,151.0,2026-05-28T10:40:00.322,2026-05-28T10:55:30.322,,-0.22462180000002263
75.95293980000133,75.95293980000133,-0.004511583,351,2026-05-28T10:40:00.762,2026-05-28T10:55:30.762,,76.0134489000011,-25.49,152.0,2026-05-28T10:40:00.826,2026-05-28T10:55:30.826,,0.06050909999976284
76.1680765000001,76.1680765000001,-0.004516002,352,2026-05-28T10:40:00.979,2026-05-28T10:55:30.979,,76.0134489000011,-25.49,152.0,2026-05-28T10:40:00.826,2026-05-28T10:55:30.826,,-0.154627599999003
76.38316529999975,76.38316529999975,-0.004521603,353,2026-05-28T10:40:01.195,2026-05-28T10:55:31.195,,76.51323500000035,-24.03,153.0,2026-05-28T10:40:01.322,2026-05-28T10:55:31.322,,0.13006970000060392
76.59860260000096,76.59860260000096,-0.004525498,354,2026-05-28T10:40:01.405,2026-05-28T10:55:31.405,,76.51323500000035,-24.03,153.0,2026-05-28T10:40:01.322,2026-05-28T10:55:31.322,,-0.08536760000060895
76.81386019999991,76.81386019999991,-0.004530387,355,2026-05-28T10:40:01.622,2026-05-28T10:55:31.622,,77.01340850000088,-25.83,154.0,2026-05-28T10:40:01.822,2026-05-28T10:55:31.822,,0.1995483000009699
77.02891170000112,77.02891170000112,-0.004536857,356,2026-05-28T10:40:01.842,2026-05-28T10:55:31.842,,77.01340850000088,-25.83,154.0,2026-05-28T10:40:01.822,2026-05-28T10:55:31.822,,-0.015503200000239303
77.24403280000115,77.24403280000115,-0.004540103,357,2026-05-28T10:40:02.055,2026-05-28T10:55:32.055,,77.01340850000088,-25.83,154.0,2026-05-28T10:40:01.822,2026-05-28T10:55:31.822,,-0.23062430000027234
77.4589990000004,77.4589990000004,-0.004548406,358,2026-05-28T10:40:02.262,2026-05-28T10:55:32.262,,77.51351919999979,-27.67,155.0,2026-05-28T10:40:02.322,2026-05-28T10:55:32.322,,0.05452019999938784
77.67414699999972,77.67414699999972,-0.004552269,359,2026-05-28T10:40:02.478,2026-05-28T10:55:32.478,,77.51351919999979,-27.67,155.0,2026-05-28T10:40:02.322,2026-05-28T10:55:32.322,,-0.16062779999992927
77.88919499999975,77.88919499999975,-0.004555598,360,2026-05-28T10:40:02.695,2026-05-28T10:55:32.695,,78.01328860000103,-23.98,156.0,2026-05-28T10:40:02.822,2026-05-28T10:55:32.822,,0.124093600001288
78.10446290000073,78.10446290000073,-0.004561598,361,2026-05-28T10:40:02.912,2026-05-28T10:55:32.912,,78.01328860000103,-23.98,156.0,2026-05-28T10:40:02.822,2026-05-28T10:55:32.822,,-0.09117429999969318
78.31941850000112,78.31941850000112,-0.004565367,362,2026-05-28T10:40:03.128,2026-05-28T10:55:33.128,,78.51319730000068,-27.91,157.0,2026-05-28T10:40:03.322,2026-05-28T10:55:33.322,,0.1937787999995635
78.53466099999969,78.53466099999969,-0.004570465,363,2026-05-28T10:40:03.345,2026-05-28T10:55:33.345,,78.51319730000068,-27.91,157.0,2026-05-28T10:40:03.322,2026-05-28T10:55:33.322,,-0.02146369999900344
78.74976600000082,78.74976600000082,-0.004578422,364,2026-05-28T10:40:03.562,2026-05-28T10:55:33.562,,78.51319730000068,-27.91,157.0,2026-05-28T10:40:03.322,2026-05-28T10:55:33.322,,-0.2365687000001344
78.96509549999973,78.96509549999973,-0.00458216,365,2026-05-28T10:40:03.771,2026-05-28T10:55:33.771,,79.01344020000033,-25.43,158.0,2026-05-28T10:40:03.822,2026-05-28T10:55:33.822,,0.048344700000598095
79.18029620000016,79.18029620000016,-0.004589175,366,2026-05-28T10:40:03.989,2026-05-28T10:55:33.989,,79.01344020000033,-25.43,158.0,2026-05-28T10:40:03.822,2026-05-28T10:55:33.822,,-0.16685599999982514
79.39537940000082,79.39537940000082,-0.00459486,367,2026-05-28T10:40:04.205,2026-05-28T10:55:34.205,,79.51341430000139,-28.64,159.0,2026-05-28T10:40:04.325,2026-05-28T10:55:34.325,,0.11803490000056627
79.61046180000085,79.61046180000085,-0.004598221,368,2026-05-28T10:40:04.415,2026-05-28T10:55:34.415,,79.51341430000139,-28.64,159.0,2026-05-28T10:40:04.325,2026-05-28T10:55:34.325,,-0.09704749999946216
79.82555930000126,79.82555930000126,-0.004601267,369,2026-05-28T10:40:04.632,2026-05-28T10:55:34.632,,80.01328570000078,-25.99,160.0,2026-05-28T10:40:04.822,2026-05-28T10:55:34.822,,0.18772639999951934
80.04073770000105,80.04073770000105,-0.004607151,370,2026-05-28T10:40:04.849,2026-05-28T10:55:34.849,,80.01328570000078,-25.99,160.0,2026-05-28T10:40:04.822,2026-05-28T10:55:34.822,,-0.027452000000266708
80.25609460000123,80.25609460000123,-0.004612522,371,2026-05-28T10:40:05.065,2026-05-28T10:55:35.065,,80.01328570000078,-25.99,160.0,2026-05-28T10:40:04.822,2026-05-28T10:55:34.822,,-0.24280890000045474
80.47123450000072,80.47123450000072,-0.004619192,372,2026-05-28T10:40:05.282,2026-05-28T10:55:35.282,,80.51332490000095,-29.58,161.0,2026-05-28T10:40:05.326,2026-05-28T10:55:35.326,,0.042090400000233785
80.68627040000138,80.68627040000138,-0.004621715,373,2026-05-28T10:40:05.498,2026-05-28T10:55:35.498,,80.51332490000095,-29.58,161.0,2026-05-28T10:40:05.326,2026-05-28T10:55:35.326,,-0.17294550000042364
80.90149089999977,80.90149089999977,-0.004627756,374,2026-05-28T10:40:05.713,2026-05-28T10:55:35.713,,81.01320500000111,-26.29,162.0,2026-05-28T10:40:05.825,2026-05-28T10:55:35.825,,0.11171410000133619
81.11654070000077,81.11654070000077,-0.004632834,375,2026-05-28T10:40:05.929,2026-05-28T10:55:35.929,,81.01320500000111,-26.29,162.0,2026-05-28T10:40:05.825,2026-05-28T10:55:35.825,,-0.1033356999996613
81.33166130000063,81.33166130000063,-0.004638079,376,2026-05-28T10:40:06.142,2026-05-28T10:55:36.142,,81.51331110000137,-26.27,163.0,2026-05-28T10:40:06.322,2026-05-28T10:55:36.322,,0.18164980000074138
81.54670460000125,81.54670460000125,-0.004642487,377,2026-05-28T10:40:06.359,2026-05-28T10:55:36.359,,81.51331110000137,-26.27,163.0,2026-05-28T10:40:06.322,2026-05-28T10:55:36.322,,-0.03339349999987462
81.76183690000107,81.76183690000107,-0.004646204,378,2026-05-28T10:40:06.565,2026-05-28T10:55:36.565,,81.51331110000137,-26.27,163.0,2026-05-28T10:40:06.322,2026-05-28T10:55:36.322,,-0.24852579999969748
81.97706149999976,81.97706149999976,-0.004651261,379,2026-05-28T10:40:06.782,2026-05-28T10:55:36.782,,82.01342430000113,-26.7,164.0,2026-05-28T10:40:06.825,2026-05-28T10:55:36.825,,0.03636280000137049
82.19212630000038,82.19212630000038,-0.004655291,380,2026-05-28T10:40:07.003,2026-05-28T10:55:37.003,,82.01342430000113,-26.7,164.0,2026-05-28T10:40:06.825,2026-05-28T10:55:36.825,,-0.17870199999924807
82.40732110000135,82.40732110000135,-0.004657951,381,2026-05-28T10:40:07.215,2026-05-28T10:55:37.215,,82.51320870000018,-28.72,165.0,2026-05-28T10:40:07.321,2026-05-28T10:55:37.321,,0.10588759999882313
82.62253770000098,82.62253770000098,-0.004661406,382,2026-05-28T10:40:07.435,2026-05-28T10:55:37.435,,82.51320870000018,-28.72,165.0,2026-05-28T10:40:07.321,2026-05-28T10:55:37.321,,-0.10932900000079826
82.83778379999967,82.83778379999967,-0.004666065,383,2026-05-28T10:40:07.648,2026-05-28T10:55:37.648,,83.01326770000014,-29.01,166.0,2026-05-28T10:40:07.822,2026-05-28T10:55:37.822,,0.1754839000004722
83.05280680000033,83.05280680000033,-0.004672043,384,2026-05-28T10:40:07.865,2026-05-28T10:55:37.865,,83.01326770000014,-29.01,166.0,2026-05-28T10:40:07.822,2026-05-28T10:55:37.822,,-0.03953910000018368
83.26792000000023,83.26792000000023,-0.004677016,385,2026-05-28T10:40:08.081,2026-05-28T10:55:38.081,,83.51355830000102,-29.0,167.0,2026-05-28T10:40:08.323,2026-05-28T10:55:38.323,,0.2456383000007918
83.48294139999962,83.48294139999962,-0.004681403,386,2026-05-28T10:40:08.295,2026-05-28T10:55:38.295,,83.51355830000102,-29.0,167.0,2026-05-28T10:40:08.323,2026-05-28T10:55:38.323,,0.030616900001405156
83.69807730000139,83.69807730000139,-0.004686701,387,2026-05-28T10:40:08.505,2026-05-28T10:55:38.505,,83.51355830000102,-29.0,167.0,2026-05-28T10:40:08.323,2026-05-28T10:55:38.323,,-0.18451900000036403
83.91310110000086,83.91310110000086,-0.004690941,388,2026-05-28T10:40:08.726,2026-05-28T10:55:38.726,,84.01329720000103,-29.6,168.0,2026-05-28T10:40:08.822,2026-05-28T10:55:38.822,,0.10019610000017565
84.12835559999985,84.12835559999985,-0.004696103,389,2026-05-28T10:40:08.932,2026-05-28T10:55:38.932,,84.01329720000103,-29.6,168.0,2026-05-28T10:40:08.822,2026-05-28T10:55:38.822,,-0.11505839999881573
84.34343960000115,84.34343960000115,-0.004698867,390,2026-05-28T10:40:09.148,2026-05-28T10:55:39.148,,84.51326979999976,-28.97,169.0,2026-05-28T10:40:09.322,2026-05-28T10:55:39.322,,0.16983019999861426
84.558487100001,84.558487100001,-0.004703348,391,2026-05-28T10:40:09.362,2026-05-28T10:55:39.362,,84.51326979999976,-28.97,169.0,2026-05-28T10:40:09.322,2026-05-28T10:55:39.322,,-0.0452173000012408
84.77369460000045,84.77369460000045,-0.004710446,392,2026-05-28T10:40:09.579,2026-05-28T10:55:39.579,,85.01345460000084,-26.54,170.0,2026-05-28T10:40:09.826,2026-05-28T10:55:39.826,,0.23976000000038766
84.98877340000035,84.98877340000035,-0.004714351,393,2026-05-28T10:40:09.799,2026-05-28T10:55:39.799,,85.01345460000084,-26.54,170.0,2026-05-28T10:40:09.826,2026-05-28T10:55:39.826,,0.02468120000048657
85.20393930000137,85.20393930000137,-0.004720193,394,2026-05-28T10:40:10.013,2026-05-28T10:55:40.013,,85.01345460000084,-26.54,170.0,2026-05-28T10:40:09.826,2026-05-28T10:55:39.826,,-0.19048470000052475
85.41914390000056,85.41914390000056,-0.004726004,395,2026-05-28T10:40:10.228,2026-05-28T10:55:40.228,,85.51325540000107,-30.63,171.0,2026-05-28T10:40:10.325,2026-05-28T10:55:40.325,,0.09411150000050839
85.63437710000107,85.63437710000107,-0.00472814,396,2026-05-28T10:40:10.445,2026-05-28T10:55:40.445,,85.51325540000107,-30.63,171.0,2026-05-28T10:40:10.325,2026-05-28T10:55:40.325,,-0.12112170000000333
85.84950430000026,85.84950430000026,-0.004731658,397,2026-05-28T10:40:10.662,2026-05-28T10:55:40.662,,86.01314730000013,-28.05,172.0,2026-05-28T10:40:10.821,2026-05-28T10:55:40.821,,0.16364299999986542
86.06453990000045,86.06453990000045,-0.004735647,398,2026-05-28T10:40:10.872,2026-05-28T10:55:40.872,,86.01314730000013,-28.05,172.0,2026-05-28T10:40:10.821,2026-05-28T10:55:40.821,,-0.05139260000032664
86.27963079999972,86.27963079999972,-0.004738359,399,2026-05-28T10:40:11.092,2026-05-28T10:55:41.092,,86.51332230000116,-31.76,173.0,2026-05-28T10:40:11.325,2026-05-28T10:55:41.325,,0.23369150000144145
86.49476959999993,86.49476959999993,-0.004744169,400,2026-05-28T10:40:11.305,2026-05-28T10:55:41.305,,86.51332230000116,-31.76,173.0,2026-05-28T10:40:11.325,2026-05-28T10:55:41.325,,0.0185527000012371
86.70987380000042,86.70987380000042,-0.004749509,401,2026-05-28T10:40:11.522,2026-05-28T10:55:41.522,,86.51332230000116,-31.76,173.0,2026-05-28T10:40:11.325,2026-05-28T10:55:41.325,,-0.19655149999925925
86.92496480000045,86.92496480000045,-0.00475556,402,2026-05-28T10:40:11.728,2026-05-28T10:55:41.728,,87.01343480000105,-27.39,174.0,2026-05-28T10:40:11.825,2026-05-28T10:55:41.825,,0.08847000000059779
87.14003920000141,87.14003920000141,-0.004762114,403,2026-05-28T10:40:11.945,2026-05-28T10:55:41.945,,87.01343480000105,-27.39,174.0,2026-05-28T10:40:11.825,2026-05-28T10:55:41.825,,-0.12660440000036033
87.35513739999988,87.35513739999988,-0.004766763,404,2026-05-28T10:40:12.162,2026-05-28T10:55:42.162,,87.51338790000045,-29.09,175.0,2026-05-28T10:40:12.322,2026-05-28T10:55:42.322,,0.15825050000057672
87.57010660000014,87.57010660000014,-0.004772448,405,2026-05-28T10:40:12.378,2026-05-28T10:55:42.378,,87.51338790000045,-29.09,175.0,2026-05-28T10:40:12.322,2026-05-28T10:55:42.322,,-0.056718699999692035
87.78496700000142,87.78496700000142,-0.004777118,406,2026-05-28T10:40:12.595,2026-05-28T10:55:42.595,,88.0132792000004,-28.2,176.0,2026-05-28T10:40:12.825,2026-05-28T10:55:42.825,,0.22831219999898167
88.00005179999971,88.00005179999971,-0.004780834,407,2026-05-28T10:40:12.812,2026-05-28T10:55:42.812,,88.0132792000004,-28.2,176.0,2026-05-28T10:40:12.825,2026-05-28T10:55:42.825,,0.01322740000068734
88.21545080000033,88.21545080000033,-0.004785378,408,2026-05-28T10:40:13.028,2026-05-28T10:55:43.028,,88.0132792000004,-28.2,176.0,2026-05-28T10:40:12.825,2026-05-28T10:55:42.825,,-0.20217159999992873
88.43071390000114,88.43071390000114,-0.004790163,409,2026-05-28T10:40:13.239,2026-05-28T10:55:43.239,,88.51338000000032,-30.28,177.0,2026-05-28T10:40:13.326,2026-05-28T10:55:43.326,,0.08266609999918728
88.64606770000137,88.64606770000137,-0.004792969,410,2026-05-28T10:40:13.455,2026-05-28T10:55:43.455,,88.51338000000032,-30.28,177.0,2026-05-28T10:40:13.326,2026-05-28T10:55:43.326,,-0.13268770000104269
88.8610976,88.8610976,-0.004797513,411,2026-05-28T10:40:13.674,2026-05-28T10:55:43.674,,89.01322860000073,-30.71,178.0,2026-05-28T10:40:13.826,2026-05-28T10:55:43.826,,0.1521310000007361
89.07631730000139,89.07631730000139,-0.004800434,412,2026-05-28T10:40:13.888,2026-05-28T10:55:43.888,,89.01322860000073,-30.71,178.0,2026-05-28T10:40:13.826,2026-05-28T10:55:43.826,,-0.06308870000066236
89.29157560000021,89.29157560000021,-0.004803093,413,2026-05-28T10:40:14.095,2026-05-28T10:55:44.095,,89.51337080000121,-31.7,179.0,2026-05-28T10:40:14.326,2026-05-28T10:55:44.326,,0.22179520000099728
89.506615100001,89.506615100001,-0.004805239,414,2026-05-28T10:40:14.313,2026-05-28T10:55:44.313,,89.51337080000121,-31.7,179.0,2026-05-28T10:40:14.326,2026-05-28T10:55:44.326,,0.006755700000212528
89.72157100000004,89.72157100000004,-0.004808412,415,2026-05-28T10:40:14.528,2026-05-28T10:55:44.528,,89.51337080000121,-31.7,179.0,2026-05-28T10:40:14.326,2026-05-28T10:55:44.326,,-0.20820019999882788
89.9366745999996,89.9366745999996,-0.00481195,416,2026-05-28T10:40:14.745,2026-05-28T10:55:44.745,,90.01336710000032,-30.82,180.0,2026-05-28T10:40:14.825,2026-05-28T10:55:44.825,,0.0766925000007177
90.15176059999976,90.15176059999976,-0.004815322,417,2026-05-28T10:40:14.962,2026-05-28T10:55:44.962,,90.01336710000032,-30.82,180.0,2026-05-28T10:40:14.825,2026-05-28T10:55:44.825,,-0.13839349999943806
90.36684729999979,90.36684729999979,-0.00481907,418,2026-05-28T10:40:15.178,2026-05-28T10:55:45.178,,90.5132166000003,-31.29,181.0,2026-05-28T10:40:15.322,2026-05-28T10:55:45.322,,0.14636930000051507
90.58196409999982,90.58196409999982,-0.004822891,419,2026-05-28T10:40:15.389,2026-05-28T10:55:45.389,,90.5132166000003,-31.29,181.0,2026-05-28T10:40:15.322,2026-05-28T10:55:45.322,,-0.06874749999951746
90.7971892000005,90.7971892000005,-0.004827058,420,2026-05-28T10:40:15.607,2026-05-28T10:55:45.607,,91.01315400000021,-31.6,182.0,2026-05-28T10:40:15.821,2026-05-28T10:55:45.821,,0.21596479999971052
91.01227250000011,91.01227250000011,-0.004830807,421,2026-05-28T10:40:15.821,2026-05-28T10:55:45.821,,91.01315400000021,-31.6,182.0,2026-05-28T10:40:15.821,2026-05-28T10:55:45.821,,0.0008815000001050066
91.22729450000043,91.22729450000043,-0.004833571,422,2026-05-28T10:40:16.038,2026-05-28T10:55:46.038,,91.01315400000021,-31.6,182.0,2026-05-28T10:40:15.821,2026-05-28T10:55:45.821,,-0.21414050000021234
91.4428810999998,91.4428810999998,-0.004838606,423,2026-05-28T10:40:16.255,2026-05-28T10:55:46.255,,91.51353580000068,-31.26,183.0,2026-05-28T10:40:16.325,2026-05-28T10:55:46.325,,0.0706547000008868
91.65777379999963,91.65777379999963,-0.004845339,424,2026-05-28T10:40:16.462,2026-05-28T10:55:46.462,,91.51353580000068,-31.26,183.0,2026-05-28T10:40:16.325,2026-05-28T10:55:46.325,,-0.14423799999894982
91.87299170000006,91.87299170000006,-0.00484938,425,2026-05-28T10:40:16.678,2026-05-28T10:55:46.678,,92.0132418000012,-31.67,184.0,2026-05-28T10:40:16.822,2026-05-28T10:55:46.822,,0.1402501000011398
92.08819659999972,92.08819659999972,-0.004856154,426,2026-05-28T10:40:16.895,2026-05-28T10:55:46.895,,92.0132418000012,-31.67,184.0,2026-05-28T10:40:16.822,2026-05-28T10:55:46.822,,-0.0749547999985225
92.30326980000063,92.30326980000063,-0.004862069,427,2026-05-28T10:40:17.112,2026-05-28T10:55:47.112,,92.51314869999987,-32.67,185.0,2026-05-28T10:40:17.322,2026-05-28T10:55:47.322,,0.20987889999923937
92.51820410000073,92.51820410000073,-0.004868215,428,2026-05-28T10:40:17.328,2026-05-28T10:55:47.328,,92.51314869999987,-32.67,185.0,2026-05-28T10:40:17.322,2026-05-28T10:55:47.322,,-0.005055400000856025
92.73334860000068,92.73334860000068,-0.004871366,429,2026-05-28T10:40:17.546,2026-05-28T10:55:47.546,,92.51314869999987,-32.67,185.0,2026-05-28T10:40:17.322,2026-05-28T10:55:47.322,,-0.22019990000080725
92.94840360000126,92.94840360000126,-0.004873596,430,2026-05-28T10:40:17.755,2026-05-28T10:55:47.755,,93.01342110000041,-29.28,186.0,2026-05-28T10:40:17.825,2026-05-28T10:55:47.825,,0.06501749999915774
93.16353210000125,93.16353210000125,-0.00487835,431,2026-05-28T10:40:17.972,2026-05-28T10:55:47.972,,93.01342110000041,-29.28,186.0,2026-05-28T10:40:17.825,2026-05-28T10:55:47.825,,-0.15011100000083388
93.37862660000064,93.37862660000064,-0.004883438,432,2026-05-28T10:40:18.191,2026-05-28T10:55:48.191,,93.5133378999999,-32.75,187.0,2026-05-28T10:40:18.321,2026-05-28T10:55:48.321,,0.13471129999925324
93.5936440000005,93.5936440000005,-0.004886935,433,2026-05-28T10:40:18.405,2026-05-28T10:55:48.405,,93.5133378999999,-32.75,187.0,2026-05-28T10:40:18.321,2026-05-28T10:55:48.321,,-0.08030610000059824
93.80884359999982,93.80884359999982,-0.004892788,434,2026-05-28T10:40:18.612,2026-05-28T10:55:48.612,,94.01324010000098,-29.8,188.0,2026-05-28T10:40:18.821,2026-05-28T10:55:48.821,,0.20439650000116671
94.02376530000038,94.02376530000038,-0.004895981,435,2026-05-28T10:40:18.828,2026-05-28T10:55:48.828,,94.01324010000098,-29.8,188.0,2026-05-28T10:40:18.821,2026-05-28T10:55:48.821,,-0.010525199999392498
94.23891990000084,94.23891990000084,-0.004899352,436,2026-05-28T10:40:19.051,2026-05-28T10:55:49.051,,94.01324010000098,-29.8,188.0,2026-05-28T10:40:18.821,2026-05-28T10:55:48.821,,-0.22567979999985255
94.4539093000003,94.4539093000003,-0.004901938,437,2026-05-28T10:40:19.262,2026-05-28T10:55:49.262,,94.51345480000055,-34.23,189.0,2026-05-28T10:40:19.322,2026-05-28T10:55:49.322,,0.05954550000024028
94.66907689999971,94.66907689999971,-0.00490511,438,2026-05-28T10:40:19.479,2026-05-28T10:55:49.479,,94.51345480000055,-34.23,189.0,2026-05-28T10:40:19.322,2026-05-28T10:55:49.322,,-0.15562209999916377
94.88435449999997,94.88435449999997,-0.004909738,439,2026-05-28T10:40:19.695,2026-05-28T10:55:49.695,,95.01319820000026,-29.92,190.0,2026-05-28T10:40:19.822,2026-05-28T10:55:49.822,,0.12884370000028866
95.09974020000118,95.09974020000118,-0.004915716,440,2026-05-28T10:40:19.912,2026-05-28T10:55:49.912,,95.01319820000026,-29.92,190.0,2026-05-28T10:40:19.822,2026-05-28T10:55:49.822,,-0.08654200000091805
95.31482890000007,95.31482890000007,-0.00491847,441,2026-05-28T10:40:20.122,2026-05-28T10:55:50.122,,95.51324940000086,-34.92,191.0,2026-05-28T10:40:20.322,2026-05-28T10:55:50.322,,0.19842050000079325
95.52996250000069,95.52996250000069,-0.004920082,442,2026-05-28T10:40:20.339,2026-05-28T10:55:50.339,,95.51324940000086,-34.92,191.0,2026-05-28T10:40:20.322,2026-05-28T10:55:50.322,,-0.016713099999833503
95.74499420000029,95.74499420000029,-0.004925652,443,2026-05-28T10:40:20.556,2026-05-28T10:55:50.556,,95.51324940000086,-34.92,191.0,2026-05-28T10:40:20.322,2026-05-28T10:55:50.322,,-0.23174479999943287
95.95992680000018,95.95992680000018,-0.004930028,444,2026-05-28T10:40:20.772,2026-05-28T10:55:50.772,,96.01346870000089,-30.29,192.0,2026-05-28T10:40:20.822,2026-05-28T10:55:50.822,,0.053541900000709575
96.17512370000077,96.17512370000077,-0.004933578,445,2026-05-28T10:40:20.979,2026-05-28T10:55:50.979,,96.01346870000089,-30.29,192.0,2026-05-28T10:40:20.822,2026-05-28T10:55:50.822,,-0.16165499999988242
96.39019999999982,96.39019999999982,-0.004937158,446,2026-05-28T10:40:21.195,2026-05-28T10:55:51.195,,96.51310379999995,-33.83,193.0,2026-05-28T10:40:21.322,2026-05-28T10:55:51.322,,0.12290380000013101
96.6053963000013,96.6053963000013,-0.004940467,447,2026-05-28T10:40:21.412,2026-05-28T10:55:51.412,,96.51310379999995,-33.83,193.0,2026-05-28T10:40:21.322,2026-05-28T10:55:51.322,,-0.09229250000134925
96.82035390000055,96.82035390000055,-0.004942906,448,2026-05-28T10:40:21.629,2026-05-28T10:55:51.629,,97.01319599999988,-32.15,194.0,2026-05-28T10:40:21.821,2026-05-28T10:55:51.821,,0.192842099999325
97.03566789999968,97.03566789999968,-0.004945733,449,2026-05-28T10:40:21.848,2026-05-28T10:55:51.848,,97.01319599999988,-32.15,194.0,2026-05-28T10:40:21.821,2026-05-28T10:55:51.821,,-0.02247189999980037
97.25061310000092,97.25061310000092,-0.004950267,450,2026-05-28T10:40:22.063,2026-05-28T10:55:52.063,,97.01319599999988,-32.15,194.0,2026-05-28T10:40:21.821,2026-05-28T10:55:51.821,,-0.23741710000103922
97.46593440000106,97.46593440000106,-0.00495548,451,2026-05-28T10:40:22.278,2026-05-28T10:55:52.278,,97.51339449999978,-35.67,195.0,2026-05-28T10:40:22.326,2026-05-28T10:55:52.326,,0.04746009999871603
97.68101820000084,97.68101820000084,-0.004958726,452,2026-05-28T10:40:22.489,2026-05-28T10:55:52.489,,97.51339449999978,-35.67,195.0,2026-05-28T10:40:22.326,2026-05-28T10:55:52.326,,-0.16762370000105875
97.89630709999983,97.89630709999983,-0.004963239,453,2026-05-28T10:40:22.705,2026-05-28T10:55:52.705,,98.0132494999998,-32.06,196.0,2026-05-28T10:40:22.822,2026-05-28T10:55:52.822,,0.1169423999999708
98.11138930000016,98.11138930000016,-0.004969834,454,2026-05-28T10:40:22.922,2026-05-28T10:55:52.922,,98.0132494999998,-32.06,196.0,2026-05-28T10:40:22.822,2026-05-28T10:55:52.822,,-0.09813980000035372
98.32634700000017,98.32634700000017,-0.004973918,455,2026-05-28T10:40:23.132,2026-05-28T10:55:53.132,,98.51311680000072,-32.69,197.0,2026-05-28T10:40:23.322,2026-05-28T10:55:53.322,,0.18676980000054755
98.54153640000004,98.54153640000004,-0.00498021,456,2026-05-28T10:40:23.348,2026-05-28T10:55:53.348,,98.51311680000072,-32.69,197.0,2026-05-28T10:40:23.322,2026-05-28T10:55:53.322,,-0.02841959999932442
98.7564839000006,98.7564839000006,-0.00498021,457,2026-05-28T10:40:23.565,2026-05-28T10:55:53.565,,98.51311680000072,-32.69,197.0,2026-05-28T10:40:23.322,2026-05-28T10:55:53.322,,-0.2433670999998867
98.97172970000065,98.97172970000065,-0.004981456,458,2026-05-28T10:40:23.784,2026-05-28T10:55:53.784,,99.0134349,-32.14,198.0,2026-05-28T10:40:23.822,2026-05-28T10:55:53.822,,0.04170519999934186
99.18677110000135,99.18677110000135,-0.004985141,459,2026-05-28T10:40:23.995,2026-05-28T10:55:53.995,,99.0134349,-32.14,198.0,2026-05-28T10:40:23.822,2026-05-28T10:55:53.822,,-0.17333620000135852
99.40193230000114,99.40193230000114,-0.004990879,460,2026-05-28T10:40:24.213,2026-05-28T10:55:54.213,,99.51338920000126,-34.6,199.0,2026-05-28T10:40:24.325,2026-05-28T10:55:54.325,,0.1114569000001211
99.61692930000027,99.61692930000027,-0.004995182,461,2026-05-28T10:40:24.428,2026-05-28T10:55:54.428,,99.51338920000126,-34.6,199.0,2026-05-28T10:40:24.325,2026-05-28T10:55:54.325,,-0.10354009999900882
99.83230089999961,99.83230089999961,-0.004999139,462,2026-05-28T10:40:24.645,2026-05-28T10:55:54.645,,100.01314110000021,-34.23,200.0,2026-05-28T10:40:24.822,2026-05-28T10:55:54.822,,0.18084020000060264
100.04732530000001,100.04732530000001,-0.005002521,463,2026-05-28T10:40:24.858,2026-05-28T10:55:54.858,,100.01314110000021,-34.23,200.0,2026-05-28T10:40:24.822,2026-05-28T10:55:54.822,,-0.0341841999997996
100.26250410000102,100.26250410000102,-0.005003725,464,2026-05-28T10:40:25.065,2026-05-28T10:55:55.065,,100.01314110000021,-34.23,200.0,2026-05-28T10:40:24.822,2026-05-28T10:55:54.822,,-0.24936300000081246
100.4776552000003,100.4776552000003,-0.005006636,465,2026-05-28T10:40:25.282,2026-05-28T10:55:55.282,,100.51347569999962,-34.37,201.0,2026-05-28T10:40:25.326,2026-05-28T10:55:55.326,,0.03582049999931769
100.69271149999986,100.69271149999986,-0.005010478,466,2026-05-28T10:40:25.505,2026-05-28T10:55:55.505,,100.51347569999962,-34.37,201.0,2026-05-28T10:40:25.326,2026-05-28T10:55:55.326,,-0.1792358000002423
100.90776320000077,100.90776320000077,-0.005016917,467,2026-05-28T10:40:25.714,2026-05-28T10:55:55.714,,101.01332580000053,-35.06,202.0,2026-05-28T10:40:25.825,2026-05-28T10:55:55.825,,0.10556259999975737
101.12284440000076,101.12284440000076,-0.005021,468,2026-05-28T10:40:25.928,2026-05-28T10:55:55.928,,101.01332580000053,-35.06,202.0,2026-05-28T10:40:25.825,2026-05-28T10:55:55.825,,-0.10951860000022862
101.33805949999987,101.33805949999987,-0.005023639,469,2026-05-28T10:40:26.145,2026-05-28T10:55:56.145,,101.5131749000011,-35.04,203.0,2026-05-28T10:40:26.321,2026-05-28T10:55:56.321,,0.17511540000123205
101.55313070000011,101.55313070000011,-0.005028559,470,2026-05-28T10:40:26.362,2026-05-28T10:55:56.362,,101.5131749000011,-35.04,203.0,2026-05-28T10:40:26.321,2026-05-28T10:55:56.321,,-0.03995579999900656
101.76828420000129,101.76828420000129,-0.005030706,471,2026-05-28T10:40:26.578,2026-05-28T10:55:56.578,,102.01326850000078,-34.23,204.0,2026-05-28T10:40:26.826,2026-05-28T10:55:56.826,,0.24498429999948712
101.98342810000031,101.98342810000031,-0.005032287,472,2026-05-28T10:40:26.795,2026-05-28T10:55:56.795,,102.01326850000078,-34.23,204.0,2026-05-28T10:40:26.826,2026-05-28T10:55:56.826,,0.029840400000466616
102.19865949999985,102.19865949999985,-0.005036548,473,2026-05-28T10:40:27.011,2026-05-28T10:55:57.011,,102.01326850000078,-34.23,204.0,2026-05-28T10:40:26.826,2026-05-28T10:55:56.826,,-0.18539099999907194
102.41358310000032,102.41358310000032,-0.005041249,474,2026-05-28T10:40:27.221,2026-05-28T10:55:57.221,,102.51310399999966,-36.18,205.0,2026-05-28T10:40:27.322,2026-05-28T10:55:57.322,,0.09952089999933378
102.62883460000012,102.62883460000012,-0.005043343,475,2026-05-28T10:40:27.438,2026-05-28T10:55:57.438,,102.51310399999966,-36.18,205.0,2026-05-28T10:40:27.322,2026-05-28T10:55:57.322,,-0.11573060000046098
102.84375940000064,102.84375940000064,-0.005046976,476,2026-05-28T10:40:27.655,2026-05-28T10:55:57.655,,103.01330899999994,-35.11,206.0,2026-05-28T10:40:27.822,2026-05-28T10:55:57.822,,0.16954959999929997
103.05892870000025,103.05892870000025,-0.005051279,477,2026-05-28T10:40:27.862,2026-05-28T10:55:57.862,,103.01330899999994,-35.11,206.0,2026-05-28T10:40:27.822,2026-05-28T10:55:57.822,,-0.04561970000031579
103.27418130000115,103.27418130000115,-0.005055833,478,2026-05-28T10:40:28.078,2026-05-28T10:55:58.078,,103.51334640000096,-36.35,207.0,2026-05-28T10:40:28.326,2026-05-28T10:55:58.326,,0.23916509999980917
103.48924299999999,103.48924299999999,-0.005063581,479,2026-05-28T10:40:28.295,2026-05-28T10:55:58.295,,103.51334640000096,-36.35,207.0,2026-05-28T10:40:28.326,2026-05-28T10:55:58.326,,0.024103400000967667
103.70444090000092,103.70444090000092,-0.005067067,480,2026-05-28T10:40:28.512,2026-05-28T10:55:58.512,,103.51334640000096,-36.35,207.0,2026-05-28T10:40:28.326,2026-05-28T10:55:58.326,,-0.19109449999996286
103.91951859999972,103.91951859999972,-0.005071716,481,2026-05-28T10:40:28.728,2026-05-28T10:55:58.728,,104.0131919000014,-33.8,208.0,2026-05-28T10:40:28.822,2026-05-28T10:55:58.822,,0.09367330000168295
104.13472290000027,104.13472290000027,-0.005075118,482,2026-05-28T10:40:28.945,2026-05-28T10:55:58.945,,104.0131919000014,-33.8,208.0,2026-05-28T10:40:28.822,2026-05-28T10:55:58.822,,-0.12153099999886763
104.34976670000106,104.34976670000106,-0.005078343,483,2026-05-28T10:40:29.162,2026-05-28T10:55:59.162,,104.51332800000091,-34.76,209.0,2026-05-28T10:40:29.325,2026-05-28T10:55:59.325,,0.1635612999998557
104.56501480000043,104.56501480000043,-0.005081484,484,2026-05-28T10:40:29.372,2026-05-28T10:55:59.372,,104.51332800000091,-34.76,209.0,2026-05-28T10:40:29.325,2026-05-28T10:55:59.325,,-0.05168679999951564
104.77992670000094,104.77992670000094,-0.005084311,485,2026-05-28T10:40:29.589,2026-05-28T10:55:59.589,,105.0131749000011,-35.16,210.0,2026-05-28T10:40:29.825,2026-05-28T10:55:59.825,,0.2332482000001619
104.99507079999967,104.99507079999967,-0.005089787,486,2026-05-28T10:40:29.805,2026-05-28T10:55:59.805,,105.0131749000011,-35.16,210.0,2026-05-28T10:40:29.825,2026-05-28T10:55:59.825,,0.018104100001437473
105.21006520000083,105.21006520000083,-0.005092917,487,2026-05-28T10:40:30.022,2026-05-28T10:56:00.022,,105.0131749000011,-35.16,210.0,2026-05-28T10:40:29.825,2026-05-28T10:55:59.825,,-0.19689029999972263
105.42517360000056,105.42517360000056,-0.005096581,488,2026-05-28T10:40:30.228,2026-05-28T10:56:00.228,,105.51329170000099,-39.18,211.0,2026-05-28T10:40:30.322,2026-05-28T10:56:00.322,,0.08811810000042897
105.64027350000106,105.64027350000106,-0.005101178,489,2026-05-28T10:40:30.445,2026-05-28T10:56:00.445,,105.51329170000099,-39.18,211.0,2026-05-28T10:40:30.322,2026-05-28T10:56:00.322,,-0.12698180000006687
105.85519790000035,105.85519790000035,-0.00510547,490,2026-05-28T10:40:30.662,2026-05-28T10:56:00.662,,106.01330620000044,-34.53,212.0,2026-05-28T10:40:30.825,2026-05-28T10:56:00.825,,0.15810830000009446
106.0706151000013,106.0706151000013,-0.00511059,491,2026-05-28T10:40:30.879,2026-05-28T10:56:00.879,,106.01330620000044,-34.53,212.0,2026-05-28T10:40:30.825,2026-05-28T10:56:00.825,,-0.057308900000862195
106.28556290000051,106.28556290000051,-0.005114474,492,2026-05-28T10:40:31.095,2026-05-28T10:56:01.095,,106.51333570000133,-36.78,213.0,2026-05-28T10:40:31.325,2026-05-28T10:56:01.325,,0.227772800000821
106.50079879999976,106.50079879999976,-0.005115762,493,2026-05-28T10:40:31.313,2026-05-28T10:56:01.313,,106.51333570000133,-36.78,213.0,2026-05-28T10:40:31.325,2026-05-28T10:56:01.325,,0.012536900001578033
106.71567909999976,106.71567909999976,-0.005116924,494,2026-05-28T10:40:31.528,2026-05-28T10:56:01.528,,106.51333570000133,-36.78,213.0,2026-05-28T10:40:31.325,2026-05-28T10:56:01.325,,-0.20234339999842632
106.93091699999968,106.93091699999968,-0.005120861,495,2026-05-28T10:40:31.739,2026-05-28T10:56:01.739,,107.01316709999992,-35.25,214.0,2026-05-28T10:40:31.826,2026-05-28T10:56:01.826,,0.08225010000023758
107.14588830000139,107.14588830000139,-0.005125237,496,2026-05-28T10:40:31.958,2026-05-28T10:56:01.958,,107.01316709999992,-35.25,214.0,2026-05-28T10:40:31.826,2026-05-28T10:56:01.826,,-0.1327212000014697
107.361027500001,107.361027500001,-0.005132063,497,2026-05-28T10:40:32.165,2026-05-28T10:56:02.165,,107.51315350000004,-38.64,215.0,2026-05-28T10:40:32.322,2026-05-28T10:56:02.322,,0.15212599999904342
107.57613680000031,107.57613680000031,-0.005136084,498,2026-05-28T10:40:32.386,2026-05-28T10:56:02.386,,107.51315350000004,-38.64,215.0,2026-05-28T10:40:32.322,2026-05-28T10:56:02.322,,-0.06298330000026908
107.791404900001,107.791404900001,-0.005141193,499,2026-05-28T10:40:32.595,2026-05-28T10:56:02.595,,108.01328230000036,-35.99,216.0,2026-05-28T10:40:32.825,2026-05-28T10:56:02.825,,0.2218773999993573
108.00633949999974,108.00633949999974,-0.005144083,500,2026-05-28T10:40:32.813,2026-05-28T10:56:02.813,,108.01328230000036,-35.99,216.0,2026-05-28T10:40:32.825,2026-05-28T10:56:02.825,,0.006942800000615534
108.22170949999963,108.22170949999963,-0.005146732,501,2026-05-28T10:40:33.033,2026-05-28T10:56:03.033,,108.01328230000036,-35.99,216.0,2026-05-28T10:40:32.825,2026-05-28T10:56:02.825,,-0.20842719999927795
108.43690580000111,108.43690580000111,-0.005152029,502,2026-05-28T10:40:33.245,2026-05-28T10:56:03.245,,108.51328620000095,-37.29,217.0,2026-05-28T10:40:33.322,2026-05-28T10:56:03.322,,0.07638039999983448
108.6517956000007,108.6517956000007,-0.005156332,503,2026-05-28T10:40:33.462,2026-05-28T10:56:03.462,,108.51328620000095,-37.29,217.0,2026-05-28T10:40:33.322,2026-05-28T10:56:03.322,,-0.13850939999974798
108.86714209999991,108.86714209999991,-0.005157976,504,2026-05-28T10:40:33.678,2026-05-28T10:56:03.678,,109.01319719999992,-36.72,218.0,2026-05-28T10:40:33.821,2026-05-28T10:56:03.821,,0.14605510000001232
109.08219079999981,109.08219079999981,-0.005160887,505,2026-05-28T10:40:33.895,2026-05-28T10:56:03.895,,109.01319719999992,-36.72,218.0,2026-05-28T10:40:33.821,2026-05-28T10:56:03.821,,-0.06899359999988519
109.2974191000012,109.2974191000012,-0.005164446,506,2026-05-28T10:40:34.109,2026-05-28T10:56:04.109,,109.51315430000068,-38.56,219.0,2026-05-28T10:40:34.318,2026-05-28T10:56:04.318,,0.21573519999947166
109.51235070000075,109.51235070000075,-0.005167252,507,2026-05-28T10:40:34.318,2026-05-28T10:56:04.318,,109.51315430000068,-38.56,219.0,2026-05-28T10:40:34.318,2026-05-28T10:56:04.318,,0.0008035999999265186
109.72745120000036,109.72745120000036,-0.005172362,508,2026-05-28T10:40:34.538,2026-05-28T10:56:04.538,,109.51315430000068,-38.56,219.0,2026-05-28T10:40:34.318,2026-05-28T10:56:04.318,,-0.21429689999968105
109.94251749999967,109.94251749999967,-0.005175565,509,2026-05-28T10:40:34.748,2026-05-28T10:56:04.748,,110.01330240000061,-37.51,220.0,2026-05-28T10:40:34.822,2026-05-28T10:56:04.822,,0.07078490000094462
110.15778180000052,110.15778180000052,-0.005178915,510,2026-05-28T10:40:34.965,2026-05-28T10:56:04.965,,110.01330240000061,-37.51,220.0,2026-05-28T10:40:34.822,2026-05-28T10:56:04.822,,-0.14447939999990922
110.37272850000045,110.37272850000045,-0.005182558,511,2026-05-28T10:40:35.182,2026-05-28T10:56:05.182,,110.51371180000024,-37.1,221.0,2026-05-28T10:40:35.322,2026-05-28T10:56:05.322,,0.14098329999978887
110.58797620000041,110.58797620000041,-0.005184307,512,2026-05-28T10:40:35.399,2026-05-28T10:56:05.399,,110.51371180000024,-37.1,221.0,2026-05-28T10:40:35.322,2026-05-28T10:56:05.322,,-0.07426440000017465
110.80307290000019,110.80307290000019,-0.005189039,513,2026-05-28T10:40:35.615,2026-05-28T10:56:05.615,,111.01327010000023,-37.95,222.0,2026-05-28T10:40:35.823,2026-05-28T10:56:05.823,,0.21019720000003872
111.0182947000012,111.0182947000012,-0.005192965,514,2026-05-28T10:40:35.830,2026-05-28T10:56:05.830,,111.01327010000023,-37.95,222.0,2026-05-28T10:40:35.823,2026-05-28T10:56:05.823,,-0.005024600000979262
111.23339990000022,111.23339990000022,-0.005196797,515,2026-05-28T10:40:36.045,2026-05-28T10:56:06.045,,111.01327010000023,-37.95,222.0,2026-05-28T10:40:35.823,2026-05-28T10:56:05.823,,-0.22012979999999516
111.44856660000005,111.44856660000005,-0.005201425,516,2026-05-28T10:40:36.258,2026-05-28T10:56:06.258,,111.51329749999968,-38.31,223.0,2026-05-28T10:40:36.326,2026-05-28T10:56:06.326,,0.06473089999963122
111.66377319999992,111.66377319999992,-0.00520466,517,2026-05-28T10:40:36.475,2026-05-28T10:56:06.475,,111.51329749999968,-38.31,223.0,2026-05-28T10:40:36.326,2026-05-28T10:56:06.326,,-0.1504757000002428
111.87872570000036,111.87872570000036,-0.00520934,518,2026-05-28T10:40:36.682,2026-05-28T10:56:06.682,,112.01320750000014,-38.35,224.0,2026-05-28T10:40:36.822,2026-05-28T10:56:06.822,,0.13448179999977583
112.09384280000086,112.09384280000086,-0.005213067,519,2026-05-28T10:40:36.898,2026-05-28T10:56:06.898,,112.01320750000014,-38.35,224.0,2026-05-28T10:40:36.822,2026-05-28T10:56:06.822,,-0.08063530000072205
112.3089185000008,112.3089185000008,-0.005215203,520,2026-05-28T10:40:37.115,2026-05-28T10:56:07.115,,112.51366560000133,-37.0,225.0,2026-05-28T10:40:37.321,2026-05-28T10:56:07.321,,0.20474710000053165
112.5240389999999,112.5240389999999,-0.005219851,521,2026-05-28T10:40:37.332,2026-05-28T10:56:07.332,,112.51366560000133,-37.0,225.0,2026-05-28T10:40:37.321,2026-05-28T10:56:07.321,,-0.010373399998570676
112.73912060000112,112.73912060000112,-0.005226594,522,2026-05-28T10:40:37.546,2026-05-28T10:56:07.546,,112.51366560000133,-37.0,225.0,2026-05-28T10:40:37.321,2026-05-28T10:56:07.321,,-0.22545499999978347
112.95418960000097,112.95418960000097,-0.005229023,523,2026-05-28T10:40:37.766,2026-05-28T10:56:07.766,,113.01309109999966,-38.88,226.0,2026-05-28T10:40:37.822,2026-05-28T10:56:07.822,,0.05890149999868299
113.1693307000005,113.1693307000005,-0.005232792,524,2026-05-28T10:40:37.978,2026-05-28T10:56:07.978,,113.01309109999966,-38.88,226.0,2026-05-28T10:40:37.822,2026-05-28T10:56:07.822,,-0.1562396000008448
113.38430380000136,113.38430380000136,-0.005235619,525,2026-05-28T10:40:38.195,2026-05-28T10:56:08.195,,113.51325850000103,-39.34,227.0,2026-05-28T10:40:38.321,2026-05-28T10:56:08.321,,0.12895469999966735
113.59953490000044,113.59953490000044,-0.005238215,526,2026-05-28T10:40:38.412,2026-05-28T10:56:08.412,,113.51325850000103,-39.34,227.0,2026-05-28T10:40:38.321,2026-05-28T10:56:08.321,,-0.08627639999940584
113.81481510000049,113.81481510000049,-0.005242162,527,2026-05-28T10:40:38.622,2026-05-28T10:56:08.622,,114.01312280000093,-39.75,228.0,2026-05-28T10:40:38.825,2026-05-28T10:56:08.825,,0.1983077000004414
114.02988840000035,114.02988840000035,-0.005246026,528,2026-05-28T10:40:38.841,2026-05-28T10:56:08.841,,114.01312280000093,-39.75,228.0,2026-05-28T10:40:38.825,2026-05-28T10:56:08.825,,-0.016765599999416736
114.24489320000066,114.24489320000066,-0.005248989,529,2026-05-28T10:40:39.057,2026-05-28T10:56:09.057,,114.01312280000093,-39.75,228.0,2026-05-28T10:40:38.825,2026-05-28T10:56:08.825,,-0.23177039999973204
114.46010610000121,114.46010610000121,-0.005251816,530,2026-05-28T10:40:39.272,2026-05-28T10:56:09.272,,114.51333580000028,-37.11,229.0,2026-05-28T10:40:39.321,2026-05-28T10:56:09.321,,0.053229699999064906
114.67523200000142,114.67523200000142,-0.005254182,531,2026-05-28T10:40:39.478,2026-05-28T10:56:09.478,,114.51333580000028,-37.11,229.0,2026-05-28T10:40:39.321,2026-05-28T10:56:09.321,,-0.1618962000011379
114.89034990000073,114.89034990000073,-0.005255972,532,2026-05-28T10:40:39.695,2026-05-28T10:56:09.695,,115.01369840000007,-38.79,230.0,2026-05-28T10:40:39.822,2026-05-28T10:56:09.822,,0.12334849999933795
115.10542710000118,115.10542710000118,-0.005259888,533,2026-05-28T10:40:39.912,2026-05-28T10:56:09.912,,115.01369840000007,-38.79,230.0,2026-05-28T10:40:39.822,2026-05-28T10:56:09.822,,-0.09172870000111288
115.32052680000015,115.32052680000015,-0.00526351,534,2026-05-28T10:40:40.130,2026-05-28T10:56:10.130,,115.51332759999968,-39.85,231.0,2026-05-28T10:40:40.325,2026-05-28T10:56:10.325,,0.1928007999995316
115.53573460000007,115.53573460000007,-0.005267887,535,2026-05-28T10:40:40.345,2026-05-28T10:56:10.345,,115.51332759999968,-39.85,231.0,2026-05-28T10:40:40.325,2026-05-28T10:56:10.325,,-0.02240700000038487
115.75060730000041,115.75060730000041,-0.005275111,536,2026-05-28T10:40:40.562,2026-05-28T10:56:10.562,,115.51332759999968,-39.85,231.0,2026-05-28T10:40:40.325,2026-05-28T10:56:10.325,,-0.23727970000072673
115.96573960000023,115.96573960000023,-0.00527889,537,2026-05-28T10:40:40.778,2026-05-28T10:56:10.778,,116.01333410000007,-40.1,232.0,2026-05-28T10:40:40.822,2026-05-28T10:56:10.822,,0.047594499999831896
116.18080809999992,116.18080809999992,-0.005283351,538,2026-05-28T10:40:40.988,2026-05-28T10:56:10.988,,116.01333410000007,-40.1,232.0,2026-05-28T10:40:40.822,2026-05-28T10:56:10.822,,-0.16747399999985646
116.39585430000079,116.39585430000079,-0.005287423,539,2026-05-28T10:40:41.208,2026-05-28T10:56:11.208,,116.51358740000069,-38.74,233.0,2026-05-28T10:40:41.321,2026-05-28T10:56:11.321,,0.11773309999989579
116.6110692000002,116.6110692000002,-0.005289601,540,2026-05-28T10:40:41.423,2026-05-28T10:56:11.423,,116.51358740000069,-38.74,233.0,2026-05-28T10:40:41.321,2026-05-28T10:56:11.321,,-0.0974817999995139
116.82613459999993,116.82613459999993,-0.00529115,541,2026-05-28T10:40:41.638,2026-05-28T10:56:11.638,,117.01370550000138,-39.55,234.0,2026-05-28T10:40:41.821,2026-05-28T10:56:11.821,,0.18757090000144672
117.04116190000059,117.04116190000059,-0.005293873,542,2026-05-28T10:40:41.852,2026-05-28T10:56:11.852,,117.01370550000138,-39.55,234.0,2026-05-28T10:40:41.821,2026-05-28T10:56:11.821,,-0.02745639999920968
117.25633620000008,117.25633620000008,-0.005297181,543,2026-05-28T10:40:42.062,2026-05-28T10:56:12.062,,117.01370550000138,-39.55,234.0,2026-05-28T10:40:41.821,2026-05-28T10:56:11.821,,-0.24263069999869913
117.47138880000057,117.47138880000057,-0.005299799,544,2026-05-28T10:40:42.278,2026-05-28T10:56:12.278,,117.51342210000075,-40.33,235.0,2026-05-28T10:40:42.322,2026-05-28T10:56:12.322,,0.04203330000018468
117.68654170000082,117.68654170000082,-0.005302479,545,2026-05-28T10:40:42.495,2026-05-28T10:56:12.495,,117.51342210000075,-40.33,235.0,2026-05-28T10:40:42.322,2026-05-28T10:56:12.322,,-0.17311960000006366
117.90158660000088,117.90158660000088,-0.005306918,546,2026-05-28T10:40:42.712,2026-05-28T10:56:12.712,,118.01332150000053,-40.28,236.0,2026-05-28T10:40:42.822,2026-05-28T10:56:12.822,,0.11173489999964659
118.11667169999964,118.11667169999964,-0.005309724,547,2026-05-28T10:40:42.928,2026-05-28T10:56:12.928,,118.01332150000053,-40.28,236.0,2026-05-28T10:40:42.822,2026-05-28T10:56:12.822,,-0.1033501999991131
118.33182289999968,118.33182289999968,-0.005313011,548,2026-05-28T10:40:43.138,2026-05-28T10:56:13.138,,118.51338570000007,-39.26,237.0,2026-05-28T10:40:43.325,2026-05-28T10:56:13.325,,0.1815628000003926
118.54682180000054,118.54682180000054,-0.0053181,549,2026-05-28T10:40:43.359,2026-05-28T10:56:13.359,,118.51338570000007,-39.26,237.0,2026-05-28T10:40:43.325,2026-05-28T10:56:13.325,,-0.033436100000471924
118.76191760000074,118.76191760000074,-0.005321785,550,2026-05-28T10:40:43.572,2026-05-28T10:56:13.572,,118.51338570000007,-39.26,237.0,2026-05-28T10:40:43.325,2026-05-28T10:56:13.325,,-0.24853190000067116
118.9767963000013,118.9767963000013,-0.00532546,551,2026-05-28T10:40:43.788,2026-05-28T10:56:13.788,,119.01331159999972,-40.21,238.0,2026-05-28T10:40:43.826,2026-05-28T10:56:13.826,,0.03651529999842751
119.19196160000138,119.19196160000138,-0.005329889,552,2026-05-28T10:40:43.995,2026-05-28T10:56:13.995,,119.01331159999972,-40.21,238.0,2026-05-28T10:40:43.826,2026-05-28T10:56:13.826,,-0.1786500000016531
119.4072199000002,119.4072199000002,-0.005334998,553,2026-05-28T10:40:44.212,2026-05-28T10:56:14.212,,119.51310980000017,-38.31,239.0,2026-05-28T10:40:44.322,2026-05-28T10:56:14.322,,0.10588989999996556
119.6223157000004,119.6223157000004,-0.00533616,554,2026-05-28T10:40:44.428,2026-05-28T10:56:14.428,,119.51310980000017,-38.31,239.0,2026-05-28T10:40:44.322,2026-05-28T10:56:14.322,,-0.10920590000023367
119.83724220000113,119.83724220000113,-0.005339636,555,2026-05-28T10:40:44.645,2026-05-28T10:56:14.645,,120.0132551000006,-40.85,240.0,2026-05-28T10:40:44.825,2026-05-28T10:56:14.825,,0.17601289999947767
120.05240530000083,120.05240530000083,-0.00534263,556,2026-05-28T10:40:44.862,2026-05-28T10:56:14.862,,120.0132551000006,-40.85,240.0,2026-05-28T10:40:44.825,2026-05-28T10:56:14.825,,-0.03915020000022196
120.26750549999997,120.26750549999997,-0.00534685,557,2026-05-28T10:40:45.078,2026-05-28T10:56:15.078,,120.5131865000003,-39.67,241.0,2026-05-28T10:40:45.326,2026-05-28T10:56:15.326,,0.24568100000033155
120.48277109999981,120.48277109999981,-0.00535088,558,2026-05-28T10:40:45.295,2026-05-28T10:56:15.295,,120.5131865000003,-39.67,241.0,2026-05-28T10:40:45.326,2026-05-28T10:56:15.326,,0.03041540000049281
120.69781710000098,120.69781710000098,-0.00535265,559,2026-05-28T10:40:45.505,2026-05-28T10:56:15.505,,120.5131865000003,-39.67,241.0,2026-05-28T10:40:45.326,2026-05-28T10:56:15.326,,-0.18463060000067344
120.91290620000109,120.91290620000109,-0.005352587,560,2026-05-28T10:40:45.725,2026-05-28T10:56:15.725,,121.0137074000013,-40.14,242.0,2026-05-28T10:40:45.822,2026-05-28T10:56:15.822,,0.10080120000020543
121.12807310000062,121.12807310000062,-0.005355718,561,2026-05-28T10:40:45.938,2026-05-28T10:56:15.938,,121.0137074000013,-40.14,242.0,2026-05-28T10:40:45.822,2026-05-28T10:56:15.822,,-0.11436569999932544
121.34315480000078,121.34315480000078,-0.00535822,562,2026-05-28T10:40:46.155,2026-05-28T10:56:16.155,,121.51374209999994,-39.1,243.0,2026-05-28T10:40:46.325,2026-05-28T10:56:16.325,,0.17058729999916977
121.55825999999979,121.55825999999979,-0.005359822,563,2026-05-28T10:40:46.365,2026-05-28T10:56:16.365,,121.51374209999994,-39.1,243.0,2026-05-28T10:40:46.325,2026-05-28T10:56:16.325,,-0.04451789999984612
121.77334700000029,121.77334700000029,-0.005364355,564,2026-05-28T10:40:46.578,2026-05-28T10:56:16.578,,122.01330320000125,-40.84,244.0,2026-05-28T10:40:46.825,2026-05-28T10:56:16.825,,0.23995620000096096
121.9885559000013,121.9885559000013,-0.00536826,565,2026-05-28T10:40:46.795,2026-05-28T10:56:16.795,,122.01330320000125,-40.84,244.0,2026-05-28T10:40:46.825,2026-05-28T10:56:16.825,,0.024747299999944516
122.20380240000122,122.20380240000122,-0.005372113,566,2026-05-28T10:40:47.012,2026-05-28T10:56:17.012,,122.01330320000125,-40.84,244.0,2026-05-28T10:40:46.825,2026-05-28T10:56:16.825,,-0.19049919999997655
122.41902690000097,122.41902690000097,-0.005378112,567,2026-05-28T10:40:47.228,2026-05-28T10:56:17.228,,122.51315120000072,-41.46,245.0,2026-05-28T10:40:47.322,2026-05-28T10:56:17.322,,0.09412429999974847
122.63400250000086,122.63400250000086,-0.005379547,568,2026-05-28T10:40:47.445,2026-05-28T10:56:17.445,,122.51315120000072,-41.46,245.0,2026-05-28T10:40:47.322,2026-05-28T10:56:17.322,,-0.12085130000014033
122.84930760000134,122.84930760000134,-0.005382269,569,2026-05-28T10:40:47.662,2026-05-28T10:56:17.662,,123.01388729999962,-41.36,246.0,2026-05-28T10:40:47.822,2026-05-28T10:56:17.822,,0.16457969999828492
123.06432180000047,123.06432180000047,-0.005385891,570,2026-05-28T10:40:47.872,2026-05-28T10:56:17.872,,123.01388729999962,-41.36,246.0,2026-05-28T10:40:47.822,2026-05-28T10:56:17.822,,-0.05043450000084704
123.2793915000002,123.2793915000002,-0.005390132,571,2026-05-28T10:40:48.092,2026-05-28T10:56:18.092,,123.51319590000094,-39.98,247.0,2026-05-28T10:40:48.326,2026-05-28T10:56:18.326,,0.23380440000073577
123.49453350000113,123.49453350000113,-0.005393262,572,2026-05-28T10:40:48.305,2026-05-28T10:56:18.305,,123.51319590000094,-39.98,247.0,2026-05-28T10:40:48.326,2026-05-28T10:56:18.326,,0.018662399999811896
123.70968420000099,123.70968420000099,-0.005395806,573,2026-05-28T10:40:48.521,2026-05-28T10:56:18.521,,123.51319590000094,-39.98,247.0,2026-05-28T10:40:48.326,2026-05-28T10:56:18.326,,-0.19648830000005546
123.92487450000044,123.92487450000044,-0.005400308,574,2026-05-28T10:40:48.728,2026-05-28T10:56:18.728,,124.01373400000011,-41.38,248.0,2026-05-28T10:40:48.821,2026-05-28T10:56:18.821,,0.08885949999967124
124.13982360000045,124.13982360000045,-0.005406998,575,2026-05-28T10:40:48.945,2026-05-28T10:56:18.945,,124.01373400000011,-41.38,248.0,2026-05-28T10:40:48.821,2026-05-28T10:56:18.821,,-0.1260896000003413
124.35504800000126,124.35504800000126,-0.005413699,576,2026-05-28T10:40:49.162,2026-05-28T10:56:19.162,,124.51378490000025,-41.63,249.0,2026-05-28T10:40:49.321,2026-05-28T10:56:19.321,,0.15873689999898488
124.57010050000099,124.57010050000099,-0.005417709,577,2026-05-28T10:40:49.378,2026-05-28T10:56:19.378,,124.51378490000025,-41.63,249.0,2026-05-28T10:40:49.321,2026-05-28T10:56:19.321,,-0.05631560000074387
124.78522490000069,124.78522490000069,-0.005419761,578,2026-05-28T10:40:49.595,2026-05-28T10:56:19.595,,125.0138732000014,-42.43,250.0,2026-05-28T10:40:49.825,2026-05-28T10:56:19.825,,0.2286483000007138
125.00048600000082,125.00048600000082,-0.005424106,579,2026-05-28T10:40:49.812,2026-05-28T10:56:19.812,,125.0138732000014,-42.43,250.0,2026-05-28T10:40:49.825,2026-05-28T10:56:19.825,,0.013387200000579469
125.21587890000046,125.21587890000046,-0.005428713,580,2026-05-28T10:40:50.028,2026-05-28T10:56:20.028,,125.0138732000014,-42.43,250.0,2026-05-28T10:40:49.825,2026-05-28T10:56:19.825,,-0.20200569999906293
125.43131259999973,125.43131259999973,-0.005432231,581,2026-05-28T10:40:50.243,2026-05-28T10:56:20.243,,125.51323729999967,-40.47,251.0,2026-05-28T10:40:50.325,2026-05-28T10:56:20.325,,0.081924699999945
125.64639180000086,125.64639180000086,-0.005434283,582,2026-05-28T10:40:50.455,2026-05-28T10:56:20.455,,125.51323729999967,-40.47,251.0,2026-05-28T10:40:50.325,2026-05-28T10:56:20.325,,-0.1331545000011829
125.86142380000092,125.86142380000092,-0.005438251,583,2026-05-28T10:40:50.674,2026-05-28T10:56:20.674,,126.01365310000074,-42.57,252.0,2026-05-28T10:40:50.821,2026-05-28T10:56:20.821,,0.15222929999981716
126.07641780000085,126.07641780000085,-0.005445538,584,2026-05-28T10:40:50.888,2026-05-28T10:56:20.888,,126.01365310000074,-42.57,252.0,2026-05-28T10:40:50.821,2026-05-28T10:56:20.821,,-0.06276470000011614
126.29161660000136,126.29161660000136,-0.005448647,585,2026-05-28T10:40:51.095,2026-05-28T10:56:21.095,,126.51365500000065,-42.45,253.0,2026-05-28T10:40:51.325,2026-05-28T10:56:21.325,,0.22203839999929187
126.50667760000033,126.50667760000033,-0.005451359,586,2026-05-28T10:40:51.313,2026-05-28T10:56:21.313,,126.51365500000065,-42.45,253.0,2026-05-28T10:40:51.325,2026-05-28T10:56:21.325,,0.0069774000003235415
126.72181280000041,126.72181280000041,-0.005453191,587,2026-05-28T10:40:51.528,2026-05-28T10:56:21.528,,126.51365500000065,-42.45,253.0,2026-05-28T10:40:51.325,2026-05-28T10:56:21.325,,-0.20815779999975348
126.9368953000012,126.9368953000012,-0.005456342,588,2026-05-28T10:40:51.745,2026-05-28T10:56:21.745,,127.01337150000109,-43.48,254.0,2026-05-28T10:40:51.825,2026-05-28T10:56:21.825,,0.0764761999998882
127.15201900000102,127.15201900000102,-0.00545851,589,2026-05-28T10:40:51.962,2026-05-28T10:56:21.962,,127.01337150000109,-43.48,254.0,2026-05-28T10:40:51.825,2026-05-28T10:56:21.825,,-0.13864749999993364
127.36713100000088,127.36713100000088,-0.005465064,590,2026-05-28T10:40:52.178,2026-05-28T10:56:22.178,,127.51321559999997,-40.89,255.0,2026-05-28T10:40:52.322,2026-05-28T10:56:22.322,,0.14608459999908519
127.58232250000037,127.58232250000037,-0.005468519,591,2026-05-28T10:40:52.388,2026-05-28T10:56:22.388,,127.51321559999997,-40.89,255.0,2026-05-28T10:40:52.322,2026-05-28T10:56:22.322,,-0.06910690000040631
127.79775810000137,127.79775810000137,-0.005469953,592,2026-05-28T10:40:52.605,2026-05-28T10:56:22.605,,128.01367560000108,-43.21,256.0,2026-05-28T10:40:52.825,2026-05-28T10:56:22.825,,0.2159174999997049
128.01274209999974,128.01274209999974,-0.005472152,593,2026-05-28T10:40:52.825,2026-05-28T10:56:22.825,,128.01367560000108,-43.21,256.0,2026-05-28T10:40:52.825,2026-05-28T10:56:22.825,,0.0009335000013379613
128.22799710000072,128.22799710000072,-0.005477303,594,2026-05-28T10:40:53.038,2026-05-28T10:56:23.038,,128.01367560000108,-43.21,256.0,2026-05-28T10:40:52.825,2026-05-28T10:56:22.825,,-0.21432149999964167
128.4429669000001,128.4429669000001,-0.005482768,595,2026-05-28T10:40:53.255,2026-05-28T10:56:23.255,,128.5137657000014,-42.49,257.0,2026-05-28T10:40:53.321,2026-05-28T10:56:23.321,,0.07079880000128469
128.6581100000003,128.6581100000003,-0.005486631,596,2026-05-28T10:40:53.462,2026-05-28T10:56:23.462,,128.5137657000014,-42.49,257.0,2026-05-28T10:40:53.321,2026-05-28T10:56:23.321,,-0.14434429999892018
128.87318229999983,128.87318229999983,-0.005490903,597,2026-05-28T10:40:53.679,2026-05-28T10:56:23.679,,129.01330229999985,-43.91,258.0,2026-05-28T10:40:53.825,2026-05-28T10:56:23.825,,0.14012000000002445
129.0882926000013,129.0882926000013,-0.005495562,598,2026-05-28T10:40:53.895,2026-05-28T10:56:23.895,,129.01330229999985,-43.91,258.0,2026-05-28T10:40:53.825,2026-05-28T10:56:23.825,,-0.07499030000144558
129.30337230000077,129.30337230000077,-0.00549708,599,2026-05-28T10:40:54.112,2026-05-28T10:56:24.112,,129.51372710000032,-41.81,259.0,2026-05-28T10:40:54.321,2026-05-28T10:56:24.321,,0.21035479999954987
129.51850110000123,129.51850110000123,-0.005499959,600,2026-05-28T10:40:54.328,2026-05-28T10:56:24.328,,129.51372710000032,-41.81,259.0,2026-05-28T10:40:54.321,2026-05-28T10:56:24.321,,-0.004774000000907108
129.73350010000104,129.73350010000104,-0.005509414,601,2026-05-28T10:40:54.546,2026-05-28T10:56:24.546,,129.51372710000032,-41.81,259.0,2026-05-28T10:40:54.321,2026-05-28T10:56:24.321,,-0.2197730000007141
129.94866999999977,129.94866999999977,-0.005512377,602,2026-05-28T10:40:54.761,2026-05-28T10:56:24.761,,130.0132523000011,-43.8,260.0,2026-05-28T10:40:54.821,2026-05-28T10:56:24.821,,0.0645823000013479
130.1638509000004,130.1638509000004,-0.005516512,603,2026-05-28T10:40:54.972,2026-05-28T10:56:24.972,,130.0132523000011,-43.8,260.0,2026-05-28T10:40:54.821,2026-05-28T10:56:24.821,,-0.1505985999992845
130.37902580000082,130.37902580000082,-0.005524794,604,2026-05-28T10:40:55.188,2026-05-28T10:56:25.188,,130.51390290000018,-44.09,261.0,2026-05-28T10:40:55.321,2026-05-28T10:56:25.321,,0.1348770999993576
130.59426800000074,130.59426800000074,-0.005538247,605,2026-05-28T10:40:55.398,2026-05-28T10:56:25.398,,130.51390290000018,-44.09,261.0,2026-05-28T10:40:55.321,2026-05-28T10:56:25.321,,-0.08036510000056296
130.8093843000006,130.8093843000006,-0.005542865,606,2026-05-28T10:40:55.615,2026-05-28T10:56:25.615,,131.0137663000005,-44.52,262.0,2026-05-28T10:40:55.821,2026-05-28T10:56:25.821,,0.20438199999989592
131.02472339999986,131.02472339999986,-0.005543053,607,2026-05-28T10:40:55.832,2026-05-28T10:56:25.832,,131.0137663000005,-44.52,262.0,2026-05-28T10:40:55.821,2026-05-28T10:56:25.821,,-0.010957099999359343
131.23967559999983,131.23967559999983,-0.005540928,608,2026-05-28T10:40:56.052,2026-05-28T10:56:26.052,,131.0137663000005,-44.52,262.0,2026-05-28T10:40:55.821,2026-05-28T10:56:25.821,,-0.22590929999932996
131.45485250000092,131.45485250000092,-0.005545555,609,2026-05-28T10:40:56.265,2026-05-28T10:56:26.265,,131.51322059999984,-42.82,263.0,2026-05-28T10:40:56.322,2026-05-28T10:56:26.322,,0.05836809999891557
131.66987119999976,131.66987119999976,-0.005548947,610,2026-05-28T10:40:56.478,2026-05-28T10:56:26.478,,131.51322059999984,-42.82,263.0,2026-05-28T10:40:56.322,2026-05-28T10:56:26.322,,-0.15665059999992081
131.88512590000028,131.88512590000028,-0.005552193,611,2026-05-28T10:40:56.695,2026-05-28T10:56:26.695,,132.0138465,-43.68,264.0,2026-05-28T10:40:56.822,2026-05-28T10:56:26.822,,0.12872059999972407
132.10007080000105,132.10007080000105,-0.005557417,612,2026-05-28T10:40:56.912,2026-05-28T10:56:26.912,,132.0138465,-43.68,264.0,2026-05-28T10:40:56.822,2026-05-28T10:56:26.822,,-0.08622430000104941
132.31522170000062,132.31522170000062,-0.005565343,613,2026-05-28T10:40:57.127,2026-05-28T10:56:27.127,,132.51378029999978,-42.97,265.0,2026-05-28T10:40:57.322,2026-05-28T10:56:27.322,,0.19855859999915992
132.53043890000117,132.53043890000117,-0.005577111,614,2026-05-28T10:40:57.341,2026-05-28T10:56:27.341,,132.51378029999978,-42.97,265.0,2026-05-28T10:40:57.322,2026-05-28T10:56:27.322,,-0.016658600001392188
132.7455719999998,132.7455719999998,-0.005580451,615,2026-05-28T10:40:57.558,2026-05-28T10:56:27.558,,132.51378029999978,-42.97,265.0,2026-05-28T10:40:57.322,2026-05-28T10:56:27.322,,-0.2317917000000307
132.96072249999997,132.96072249999997,-0.005582011,616,2026-05-28T10:40:57.765,2026-05-28T10:56:27.765,,133.01380940000126,-44.46,266.0,2026-05-28T10:40:57.825,2026-05-28T10:56:27.825,,0.053086900001289905
133.17578839999987,133.17578839999987,-0.005592261,617,2026-05-28T10:40:57.982,2026-05-28T10:56:27.982,,133.01380940000126,-44.46,266.0,2026-05-28T10:40:57.825,2026-05-28T10:56:27.825,,-0.16197899999860965
133.39103720000094,133.39103720000094,-0.005600542,618,2026-05-28T10:40:58.202,2026-05-28T10:56:28.202,,133.51375949999965,-45.29,267.0,2026-05-28T10:40:58.326,2026-05-28T10:56:28.326,,0.12272229999871342
133.60601140000108,133.60601140000108,-0.005603694,619,2026-05-28T10:40:58.415,2026-05-28T10:56:28.415,,133.51375949999965,-45.29,267.0,2026-05-28T10:40:58.326,2026-05-28T10:56:28.326,,-0.09225190000142902
133.8212620000013,133.8212620000013,-0.005615776,620,2026-05-28T10:40:58.634,2026-05-28T10:56:28.634,,134.01371649999965,-44.23,268.0,2026-05-28T10:40:58.822,2026-05-28T10:56:28.822,,0.19245449999834818
134.03629170000022,134.03629170000022,-0.005641668,621,2026-05-28T10:40:58.848,2026-05-28T10:56:28.848,,134.01371649999965,-44.23,268.0,2026-05-28T10:40:58.822,2026-05-28T10:56:28.822,,-0.022575200000574114
134.2513912000013,134.2513912000013,-0.005644903,622,2026-05-28T10:40:59.063,2026-05-28T10:56:29.063,,134.01371649999965,-44.23,268.0,2026-05-28T10:40:58.822,2026-05-28T10:56:28.822,,-0.23767470000166213
134.46654839999974,134.46654839999974,-0.005649771,623,2026-05-28T10:40:59.279,2026-05-28T10:56:29.279,,134.51322640000035,-44.47,269.0,2026-05-28T10:40:59.326,2026-05-28T10:56:29.326,,0.046678000000611064
134.68160780000107,134.68160780000107,-0.005657529,624,2026-05-28T10:40:59.488,2026-05-28T10:56:29.488,,134.51322640000035,-44.47,269.0,2026-05-28T10:40:59.326,2026-05-28T10:56:29.326,,-0.168381400000726
134.89681329999985,134.89681329999985,-0.005679369,625,2026-05-28T10:40:59.708,2026-05-28T10:56:29.708,,135.01320010000018,-44.06,270.0,2026-05-28T10:40:59.825,2026-05-28T10:56:29.825,,0.11638680000032764
135.11200559999997,135.11200559999997,-0.00570324,626,2026-05-28T10:40:59.922,2026-05-28T10:56:29.922,,135.01320010000018,-44.06,270.0,2026-05-28T10:40:59.825,2026-05-28T10:56:29.825,,-0.09880549999979849
135.3271832999999,135.3271832999999,-0.005716547,627,2026-05-28T10:41:00.136,2026-05-28T10:56:30.136,,135.5137176999997,-46.8,271.0,2026-05-28T10:41:00.322,2026-05-28T10:56:30.322,,0.18653439999980037
135.54212370000096,135.54212370000096,-0.005730462,628,2026-05-28T10:41:00.346,2026-05-28T10:56:30.346,,135.5137176999997,-46.8,271.0,2026-05-28T10:41:00.322,2026-05-28T10:56:30.322,,-0.028406000001268694
135.75718469999993,135.75718469999993,-0.005739916,629,2026-05-28T10:41:00.562,2026-05-28T10:56:30.562,,135.5137176999997,-46.8,271.0,2026-05-28T10:41:00.322,2026-05-28T10:56:30.322,,-0.24346700000023702
135.97231680000004,135.97231680000004,-0.005740994,630,2026-05-28T10:41:00.778,2026-05-28T10:56:30.778,,136.01317740000013,-46.29,272.0,2026-05-28T10:41:00.822,2026-05-28T10:56:30.822,,0.04086060000008729
136.18742209999982,136.18742209999982,-0.005745821,631,2026-05-28T10:41:00.995,2026-05-28T10:56:30.995,,136.01317740000013,-46.29,272.0,2026-05-28T10:41:00.822,2026-05-28T10:56:30.822,,-0.17424469999969006
136.402472400001,136.402472400001,-0.005759735,632,2026-05-28T10:41:01.212,2026-05-28T10:56:31.212,,136.51331949999985,-45.92,273.0,2026-05-28T10:41:01.321,2026-05-28T10:56:31.321,,0.110847099998864
136.61765660000128,136.61765660000128,-0.005765986,633,2026-05-28T10:41:01.428,2026-05-28T10:56:31.428,,136.51331949999985,-45.92,273.0,2026-05-28T10:41:01.321,2026-05-28T10:56:31.321,,-0.10433710000143037
136.8328906000006,136.8328906000006,-0.005776885,634,2026-05-28T10:41:01.645,2026-05-28T10:56:31.645,,137.01371070000096,-46.9,274.0,2026-05-28T10:41:01.822,2026-05-28T10:56:31.822,,0.18082010000034643
137.04809340000065,137.04809340000065,-0.005790935,635,2026-05-28T10:41:01.855,2026-05-28T10:56:31.855,,137.01371070000096,-46.9,274.0,2026-05-28T10:41:01.822,2026-05-28T10:56:31.822,,-0.03438269999969634
137.26352000000043,137.26352000000043,-0.005802504,636,2026-05-28T10:41:02.072,2026-05-28T10:56:32.072,,137.01371070000096,-46.9,274.0,2026-05-28T10:41:01.822,2026-05-28T10:56:31.822,,-0.24980929999946966
137.4783849000014,137.4783849000014,-0.00581624,637,2026-05-28T10:41:02.290,2026-05-28T10:56:32.290,,137.5138762000006,-47.62,275.0,2026-05-28T10:41:02.322,2026-05-28T10:56:32.322,,0.03549129999919387
137.6934696999997,137.6934696999997,-0.005827286,638,2026-05-28T10:41:02.505,2026-05-28T10:56:32.505,,137.5138762000006,-47.62,275.0,2026-05-28T10:41:02.322,2026-05-28T10:56:32.322,,-0.17959349999910046
137.90872130000025,137.90872130000025,-0.005836929,639,2026-05-28T10:41:02.721,2026-05-28T10:56:32.721,,138.01328120000107,-46.98,276.0,2026-05-28T10:41:02.821,2026-05-28T10:56:32.821,,0.10455990000082238
138.12414910000007,138.12414910000007,-0.005843326,640,2026-05-28T10:41:02.928,2026-05-28T10:56:32.928,,138.01328120000107,-46.98,276.0,2026-05-28T10:41:02.821,2026-05-28T10:56:32.821,,-0.11086789999899338
138.33923719999984,138.33923719999984,-0.005847419,641,2026-05-28T10:41:03.149,2026-05-28T10:56:33.149,,138.51364410000133,-45.09,277.0,2026-05-28T10:41:03.322,2026-05-28T10:56:33.322,,0.17440690000148606
138.55423990000054,138.55423990000054,-0.005852309,642,2026-05-28T10:41:03.362,2026-05-28T10:56:33.362,,138.51364410000133,-45.09,277.0,2026-05-28T10:41:03.322,2026-05-28T10:56:33.322,,-0.0405957999992097
138.7694162000007,138.7694162000007,-0.005855732,643,2026-05-28T10:41:03.578,2026-05-28T10:56:33.578,,139.01349500000106,-52.26,278.0,2026-05-28T10:41:03.826,2026-05-28T10:56:33.826,,0.2440788000003522
138.98455540000032,138.98455540000032,-0.005859177,644,2026-05-28T10:41:03.795,2026-05-28T10:56:33.795,,139.01349500000106,-52.26,278.0,2026-05-28T10:41:03.826,2026-05-28T10:56:33.826,,0.02893960000074003
139.1996876000012,139.1996876000012,-0.005860999,645,2026-05-28T10:41:04.012,2026-05-28T10:56:34.012,,139.01349500000106,-52.26,278.0,2026-05-28T10:41:03.826,2026-05-28T10:56:33.826,,-0.18619260000014037
139.41481870000098,139.41481870000098,-0.005863197,646,2026-05-28T10:41:04.222,2026-05-28T10:56:34.222,,139.5133378999999,-52.23,279.0,2026-05-28T10:41:04.321,2026-05-28T10:56:34.321,,0.09851919999891834
139.62988760000007,139.62988760000007,-0.005865197,647,2026-05-28T10:41:04.438,2026-05-28T10:56:34.438,,139.5133378999999,-52.23,279.0,2026-05-28T10:41:04.321,2026-05-28T10:56:34.321,,-0.11654970000017784
139.84485000000132,139.84485000000132,-0.00586638,648,2026-05-28T10:41:04.657,2026-05-28T10:56:34.657,,140.01357930000086,-54.3,280.0,2026-05-28T10:41:04.825,2026-05-28T10:56:34.825,,0.16872929999954067
140.06023090000053,140.06023090000053,-0.005868129,649,2026-05-28T10:41:04.871,2026-05-28T10:56:34.871,,140.01357930000086,-54.3,280.0,2026-05-28T10:41:04.825,2026-05-28T10:56:34.825,,-0.04665159999967727
140.2754334000001,140.2754334000001,-0.00586883,650,2026-05-28T10:41:05.078,2026-05-28T10:56:35.078,,140.51329980000082,-53.48,281.0,2026-05-28T10:41:05.326,2026-05-28T10:56:35.326,,0.23786640000071202
140.49056519999976,140.49056519999976,-0.005869102,651,2026-05-28T10:41:05.295,2026-05-28T10:56:35.295,,140.51329980000082,-53.48,281.0,2026-05-28T10:41:05.326,2026-05-28T10:56:35.326,,0.022734600001058425
140.70563870000115,140.70563870000115,-0.005869971,652,2026-05-28T10:41:05.512,2026-05-28T10:56:35.512,,140.51329980000082,-53.48,281.0,2026-05-28T10:41:05.326,2026-05-28T10:56:35.326,,-0.1923389000003226
140.92075850000037,140.92075850000037,-0.005870285,653,2026-05-28T10:41:05.728,2026-05-28T10:56:35.728,,141.01383950000127,-52.89,282.0,2026-05-28T10:41:05.821,2026-05-28T10:56:35.821,,0.09308100000089325
141.13583410000138,141.13583410000138,-0.005870757,654,2026-05-28T10:41:05.945,2026-05-28T10:56:35.945,,141.01383950000127,-52.89,282.0,2026-05-28T10:41:05.821,2026-05-28T10:56:35.821,,-0.12199460000010731
141.35098070000095,141.35098070000095,-0.005871133,655,2026-05-28T10:41:06.163,2026-05-28T10:56:36.163,,141.51370440000028,-52.42,283.0,2026-05-28T10:41:06.321,2026-05-28T10:56:36.321,,0.1627236999993329
141.56616810000014,141.56616810000014,-0.005871311,656,2026-05-28T10:41:06.378,2026-05-28T10:56:36.378,,141.51370440000028,-52.42,283.0,2026-05-28T10:41:06.321,2026-05-28T10:56:36.321,,-0.052463699999862
141.78120390000004,141.78120390000004,-0.005871699,657,2026-05-28T10:41:06.588,2026-05-28T10:56:36.588,,142.01374380000016,-54.39,284.0,2026-05-28T10:41:06.825,2026-05-28T10:56:36.825,,0.23253990000011981
141.99627690000125,141.99627690000125,-0.005872317,658,2026-05-28T10:41:06.805,2026-05-28T10:56:36.805,,142.01374380000016,-54.39,284.0,2026-05-28T10:41:06.825,2026-05-28T10:56:36.825,,0.017466899998908048
142.21139829999993,142.21139829999993,-0.005872097,659,2026-05-28T10:41:07.022,2026-05-28T10:56:37.022,,142.01374380000016,-54.39,284.0,2026-05-28T10:41:06.825,2026-05-28T10:56:36.825,,-0.19765449999977136
142.42651900000055,142.42651900000055,-0.005872086,660,2026-05-28T10:41:07.238,2026-05-28T10:56:37.238,,142.5137749000005,-53.48,285.0,2026-05-28T10:41:07.321,2026-05-28T10:56:37.321,,0.08725589999994554
142.64166620000105,142.64166620000105,-0.005872411,661,2026-05-28T10:41:07.452,2026-05-28T10:56:37.452,,142.5137749000005,-53.48,285.0,2026-05-28T10:41:07.321,2026-05-28T10:56:37.321,,-0.12789130000055593
142.8570950000012,142.8570950000012,-0.005872254,662,2026-05-28T10:41:07.669,2026-05-28T10:56:37.669,,143.01373160000003,-53.82,286.0,2026-05-28T10:41:07.825,2026-05-28T10:56:37.825,,0.1566365999988193
143.07206130000122,143.07206130000122,-0.005872568,663,2026-05-28T10:41:07.878,2026-05-28T10:56:37.878,,143.01373160000003,-53.82,286.0,2026-05-28T10:41:07.825,2026-05-28T10:56:37.825,,-0.058329700001195306
143.28717830000096,143.28717830000096,-0.005872777,664,2026-05-28T10:41:08.095,2026-05-28T10:56:38.095,,143.51374390000092,-52.28,287.0,2026-05-28T10:41:08.325,2026-05-28T10:56:38.325,,0.22656559999995807
143.50223180000103,143.50223180000103,-0.005872913,665,2026-05-28T10:41:08.313,2026-05-28T10:56:38.313,,143.51374390000092,-52.28,287.0,2026-05-28T10:41:08.325,2026-05-28T10:56:38.325,,0.01151209999989078
143.71732909999992,143.71732909999992,-0.005873196,666,2026-05-28T10:41:08.530,2026-05-28T10:56:38.530,,143.51374390000092,-52.28,287.0,2026-05-28T10:41:08.325,2026-05-28T10:56:38.325,,-0.20358519999899727
143.9324499000013,143.9324499000013,-0.005873248,667,2026-05-28T10:41:08.745,2026-05-28T10:56:38.745,,144.01380489999974,-53.1,288.0,2026-05-28T10:41:08.822,2026-05-28T10:56:38.822,,0.08135499999843887
144.1473517000013,144.1473517000013,-0.005873562,668,2026-05-28T10:41:08.954,2026-05-28T10:56:38.954,,144.01380489999974,-53.1,288.0,2026-05-28T10:41:08.822,2026-05-28T10:56:38.822,,-0.13354680000156804
144.36238080000112,144.36238080000112,-0.005873311,669,2026-05-28T10:41:09.175,2026-05-28T10:56:39.175,,144.51368360000015,-53.3,289.0,2026-05-28T10:41:09.322,2026-05-28T10:56:39.322,,0.15130279999902996
144.5774964000011,144.5774964000011,-0.005873594,670,2026-05-28T10:41:09.382,2026-05-28T10:56:39.382,,144.51368360000015,-53.3,289.0,2026-05-28T10:41:09.322,2026-05-28T10:56:39.322,,-0.06381280000096012
144.7925722,144.7925722,-0.005873552,671,2026-05-28T10:41:09.598,2026-05-28T10:56:39.598,,145.0132121000006,-53.46,290.0,2026-05-28T10:41:09.825,2026-05-28T10:56:39.825,,0.22063990000060585
145.0077970000002,145.0077970000002,-0.00587373,672,2026-05-28T10:41:09.815,2026-05-28T10:56:39.815,,145.0132121000006,-53.46,290.0,2026-05-28T10:41:09.825,2026-05-28T10:56:39.825,,0.005415100000391249
145.22299680000106,145.22299680000106,-0.005873772,673,2026-05-28T10:41:10.032,2026-05-28T10:56:40.032,,145.0132121000006,-53.46,290.0,2026-05-28T10:41:09.825,2026-05-28T10:56:39.825,,-0.2097847000004549
145.43795169999976,145.43795169999976,-0.005873395,674,2026-05-28T10:41:10.245,2026-05-28T10:56:40.245,,145.51377409999986,-52.41,291.0,2026-05-28T10:41:10.322,2026-05-28T10:56:40.322,,0.07582240000010643
145.65323379999973,145.65323379999973,-0.005873248,675,2026-05-28T10:41:10.463,2026-05-28T10:56:40.463,,145.51377409999986,-52.41,291.0,2026-05-28T10:41:10.322,2026-05-28T10:56:40.322,,-0.1394596999998612
145.86808180000116,145.86808180000116,-0.005873123,676,2026-05-28T10:41:10.678,2026-05-28T10:56:40.678,,146.01382360000025,-52.94,292.0,2026-05-28T10:41:10.821,2026-05-28T10:56:40.821,,0.14574179999908665
146.08327579999968,146.08327579999968,-0.005872892,677,2026-05-28T10:41:10.895,2026-05-28T10:56:40.895,,146.01382360000025,-52.94,292.0,2026-05-28T10:41:10.821,2026-05-28T10:56:40.821,,-0.0694521999994322
146.2984164999998,146.2984164999998,-0.005872997,678,2026-05-28T10:41:11.110,2026-05-28T10:56:41.110,,146.5132747000007,-53.75,293.0,2026-05-28T10:41:11.325,2026-05-28T10:56:41.325,,0.21485820000089006
146.51354569999967,146.51354569999967,-0.00587285,679,2026-05-28T10:41:11.325,2026-05-28T10:56:41.325,,146.5132747000007,-53.75,293.0,2026-05-28T10:41:11.325,2026-05-28T10:56:41.325,,-0.00027099999897473026
146.72866559999966,146.72866559999966,-0.005872913,680,2026-05-28T10:41:11.541,2026-05-28T10:56:41.541,,146.5132747000007,-53.75,293.0,2026-05-28T10:41:11.325,2026-05-28T10:56:41.325,,-0.21539089999896532
146.94376130000092,146.94376130000092,-0.005872882,681,2026-05-28T10:41:11.749,2026-05-28T10:56:41.749,,147.01367130000108,-53.35,294.0,2026-05-28T10:41:11.822,2026-05-28T10:56:41.822,,0.06991000000016356
147.158956700001,147.158956700001,-0.005872913,682,2026-05-28T10:41:11.965,2026-05-28T10:56:41.965,,147.01367130000108,-53.35,294.0,2026-05-28T10:41:11.822,2026-05-28T10:56:41.822,,-0.14528539999992063
147.37403860000086,147.37403860000086,-0.005872966,683,2026-05-28T10:41:12.178,2026-05-28T10:56:42.178,,147.51369390000036,-54.04,295.0,2026-05-28T10:41:12.321,2026-05-28T10:56:42.321,,0.13965529999950377
147.5892512999999,147.5892512999999,-0.005873175,684,2026-05-28T10:41:12.395,2026-05-28T10:56:42.395,,147.51369390000036,-54.04,295.0,2026-05-28T10:41:12.321,2026-05-28T10:56:42.321,,-0.07555739999952493
147.80445669999972,147.80445669999972,-0.005873018,685,2026-05-28T10:41:12.612,2026-05-28T10:56:42.612,,148.01362100000006,-52.95,296.0,2026-05-28T10:41:12.825,2026-05-28T10:56:42.825,,0.2091643000003387
148.01970249999977,148.01970249999977,-0.005873259,686,2026-05-28T10:41:12.828,2026-05-28T10:56:42.828,,148.01362100000006,-52.95,296.0,2026-05-28T10:41:12.825,2026-05-28T10:56:42.825,,-0.0060814999997091945
148.23465720000058,148.23465720000058,-0.005873343,687,2026-05-28T10:41:13.045,2026-05-28T10:56:43.045,,148.01362100000006,-52.95,296.0,2026-05-28T10:41:12.825,2026-05-28T10:56:42.825,,-0.22103620000052615
148.44993030000114,148.44993030000114,-0.005873552,688,2026-05-28T10:41:13.262,2026-05-28T10:56:43.262,,148.5136610999998,-53.94,297.0,2026-05-28T10:41:13.321,2026-05-28T10:56:43.321,,0.06373079999866604
148.66489100000035,148.66489100000035,-0.005873489,689,2026-05-28T10:41:13.475,2026-05-28T10:56:43.475,,148.5136610999998,-53.94,297.0,2026-05-28T10:41:13.321,2026-05-28T10:56:43.321,,-0.15122990000054415
148.88007260000086,148.88007260000086,-0.005873604,690,2026-05-28T10:41:13.692,2026-05-28T10:56:43.692,,149.01380299999983,-53.2,298.0,2026-05-28T10:41:13.821,2026-05-28T10:56:43.821,,0.1337303999989672
149.09526750000077,149.09526750000077,-0.005873971,691,2026-05-28T10:41:13.899,2026-05-28T10:56:43.899,,149.01380299999983,-53.2,298.0,2026-05-28T10:41:13.821,2026-05-28T10:56:43.821,,-0.08146450000094774
149.31034770000042,149.31034770000042,-0.00587396,692,2026-05-28T10:41:14.115,2026-05-28T10:56:44.115,,149.5136192000009,-53.56,299.0,2026-05-28T10:41:14.321,2026-05-28T10:56:44.321,,0.20327150000048277
149.52556200000072,149.52556200000072,-0.005874065,693,2026-05-28T10:41:14.332,2026-05-28T10:56:44.332,,149.5136192000009,-53.56,299.0,2026-05-28T10:41:14.321,2026-05-28T10:56:44.321,,-0.011942799999815179
149.74063220000062,149.74063220000062,-0.005874075,694,2026-05-28T10:41:14.546,2026-05-28T10:56:44.546,,149.5136192000009,-53.56,299.0,2026-05-28T10:41:14.321,2026-05-28T10:56:44.321,,-0.22701299999971525
149.9558560000005,149.9558560000005,-0.005874452,695,2026-05-28T10:41:14.762,2026-05-28T10:56:44.762,,150.01362960000006,-53.23,300.0,2026-05-28T10:41:14.822,2026-05-28T10:56:44.822,,0.057773599999563885
150.17074090000096,150.17074090000096,-0.005874494,696,2026-05-28T10:41:14.981,2026-05-28T10:56:44.981,,150.01362960000006,-53.23,300.0,2026-05-28T10:41:14.822,2026-05-28T10:56:44.822,,-0.15711130000090634
150.385896400001,150.385896400001,-0.005874442,697,2026-05-28T10:41:15.195,2026-05-28T10:56:45.195,,150.51370860000134,-53.43,301.0,2026-05-28T10:41:15.322,2026-05-28T10:56:45.322,,0.127812200000335
150.60110189999978,150.60110189999978,-0.005874766,698,2026-05-28T10:41:15.412,2026-05-28T10:56:45.412,,150.51370860000134,-53.43,301.0,2026-05-28T10:41:15.322,2026-05-28T10:56:45.322,,-0.08739329999843903
150.81645630000094,150.81645630000094,-0.005874641,699,2026-05-28T10:41:15.628,2026-05-28T10:56:45.628,,151.0135390000014,-53.26,302.0,2026-05-28T10:41:15.825,2026-05-28T10:56:45.825,,0.19708270000046468
151.03142219999972,151.03142219999972,-0.005874588,700,2026-05-28T10:41:15.838,2026-05-28T10:56:45.838,,151.0135390000014,-53.26,302.0,2026-05-28T10:41:15.825,2026-05-28T10:56:45.825,,-0.017883199998323107
151.24650680000013,151.24650680000013,-0.00587484,701,2026-05-28T10:41:16.059,2026-05-28T10:56:46.059,,151.0135390000014,-53.26,302.0,2026-05-28T10:41:15.825,2026-05-28T10:56:45.825,,-0.23296779999873252
151.46172040000056,151.46172040000056,-0.005874641,702,2026-05-28T10:41:16.272,2026-05-28T10:56:46.272,,151.51325700000052,-52.87,303.0,2026-05-28T10:41:16.322,2026-05-28T10:56:46.322,,0.05153659999996307
151.67676700000084,151.67676700000084,-0.005874944,703,2026-05-28T10:41:16.488,2026-05-28T10:56:46.488,,151.51325700000052,-52.87,303.0,2026-05-28T10:41:16.322,2026-05-28T10:56:46.322,,-0.1635100000003149
151.8919767999996,151.8919767999996,-0.005874955,704,2026-05-28T10:41:16.695,2026-05-28T10:56:46.695,,152.0139076000014,-53.91,304.0,2026-05-28T10:41:16.822,2026-05-28T10:56:46.822,,0.1219308000017918
152.10706279999977,152.10706279999977,-0.00587529,705,2026-05-28T10:41:16.912,2026-05-28T10:56:46.912,,152.0139076000014,-53.91,304.0,2026-05-28T10:41:16.822,2026-05-28T10:56:46.822,,-0.09315519999836397
152.32232959999965,152.32232959999965,-0.005875091,706,2026-05-28T10:41:17.128,2026-05-28T10:56:47.128,,152.5136803000005,-53.24,305.0,2026-05-28T10:41:17.325,2026-05-28T10:56:47.325,,0.19135070000083942
152.5372599000002,152.5372599000002,-0.005875468,707,2026-05-28T10:41:17.345,2026-05-28T10:56:47.345,,152.5136803000005,-53.24,305.0,2026-05-28T10:41:17.325,2026-05-28T10:56:47.325,,-0.023579599999720813
152.75238770000033,152.75238770000033,-0.005875447,708,2026-05-28T10:41:17.562,2026-05-28T10:56:47.562,,152.5136803000005,-53.24,305.0,2026-05-28T10:41:17.325,2026-05-28T10:56:47.325,,-0.23870739999983925
152.96750460000112,152.96750460000112,-0.005875353,709,2026-05-28T10:41:17.778,2026-05-28T10:56:47.778,,153.0139295000008,-53.84,306.0,2026-05-28T10:41:17.822,2026-05-28T10:56:47.822,,0.04642489999969257
153.18277680000028,153.18277680000028,-0.005875269,710,2026-05-28T10:41:17.995,2026-05-28T10:56:47.995,,153.0139295000008,-53.84,306.0,2026-05-28T10:41:17.822,2026-05-28T10:56:47.822,,-0.16884729999947012
153.39794880000045,153.39794880000045,-0.005875552,711,2026-05-28T10:41:18.209,2026-05-28T10:56:48.209,,153.51377150000008,-53.16,307.0,2026-05-28T10:41:18.322,2026-05-28T10:56:48.322,,0.11582269999962591
153.6128862000005,153.6128862000005,-0.005875625,712,2026-05-28T10:41:18.422,2026-05-28T10:56:48.422,,153.51377150000008,-53.16,307.0,2026-05-28T10:41:18.322,2026-05-28T10:56:48.322,,-0.09911470000042755
153.82790320000095,153.82790320000095,-0.005875562,713,2026-05-28T10:41:18.640,2026-05-28T10:56:48.640,,154.01370110000062,-54.09,308.0,2026-05-28T10:41:18.821,2026-05-28T10:56:48.821,,0.18579789999967034
154.04307960000006,154.04307960000006,-0.005875656,714,2026-05-28T10:41:18.855,2026-05-28T10:56:48.855,,154.01370110000062,-54.09,308.0,2026-05-28T10:41:18.821,2026-05-28T10:56:48.821,,-0.029378499999438645
154.25835619999998,154.25835619999998,-0.005875677,715,2026-05-28T10:41:19.062,2026-05-28T10:56:49.062,,154.01370110000062,-54.09,308.0,2026-05-28T10:41:18.821,2026-05-28T10:56:48.821,,-0.2446550999993633
154.4734079000009,154.4734079000009,-0.00587551,716,2026-05-28T10:41:19.278,2026-05-28T10:56:49.278,,154.51364130000002,-53.0,309.0,2026-05-28T10:41:19.322,2026-05-28T10:56:49.322,,0.04023339999912423
154.6886116000005,154.6886116000005,-0.005875719,717,2026-05-28T10:41:19.495,2026-05-28T10:56:49.495,,154.51364130000002,-53.0,309.0,2026-05-28T10:41:19.322,2026-05-28T10:56:49.322,,-0.17497030000049563
154.9035598999999,154.9035598999999,-0.005875677,718,2026-05-28T10:41:19.712,2026-05-28T10:56:49.712,,155.0136390000007,-53.58,310.0,2026-05-28T10:41:19.825,2026-05-28T10:56:49.825,,0.11007910000080301
155.11870460000137,155.11870460000137,-0.005875698,719,2026-05-28T10:41:19.928,2026-05-28T10:56:49.928,,155.0136390000007,-53.58,310.0,2026-05-28T10:41:19.825,2026-05-28T10:56:49.825,,-0.10506560000067111
155.33382669999992,155.33382669999992,-0.005875604,720,2026-05-28T10:41:20.145,2026-05-28T10:56:50.145,,155.51360879999993,-53.42,311.0,2026-05-28T10:41:20.326,2026-05-28T10:56:50.326,,0.17978210000001127
155.54900559999987,155.54900559999987,-0.005875677,721,2026-05-28T10:41:20.362,2026-05-28T10:56:50.362,,155.51360879999993,-53.42,311.0,2026-05-28T10:41:20.326,2026-05-28T10:56:50.326,,-0.03539679999994405
155.76397910000014,155.76397910000014,-0.005875887,722,2026-05-28T10:41:20.574,2026-05-28T10:56:50.574,,156.01371889999973,-53.56,312.0,2026-05-28T10:41:20.826,2026-05-28T10:56:50.826,,0.24973979999958829
155.97913340000014,155.97913340000014,-0.005875656,723,2026-05-28T10:41:20.788,2026-05-28T10:56:50.788,,156.01371889999973,-53.56,312.0,2026-05-28T10:41:20.826,2026-05-28T10:56:50.826,,0.034585499999593594
156.1943855999998,156.1943855999998,-0.005875625,724,2026-05-28T10:41:21.007,2026-05-28T10:56:51.007,,156.01371889999973,-53.56,312.0,2026-05-28T10:41:20.826,2026-05-28T10:56:50.826,,-0.18066670000007434
156.4095212000011,156.4095212000011,-0.005875803,725,2026-05-28T10:41:21.222,2026-05-28T10:56:51.222,,156.51366390000112,-53.37,313.0,2026-05-28T10:41:21.321,2026-05-28T10:56:51.321,,0.10414270000001125
156.62463360000038,156.62463360000038,-0.00587573,726,2026-05-28T10:41:21.432,2026-05-28T10:56:51.432,,156.51366390000112,-53.37,313.0,2026-05-28T10:41:21.321,2026-05-28T10:56:51.321,,-0.11096969999925932
156.83975110000029,156.83975110000029,-0.005875813,727,2026-05-28T10:41:21.645,2026-05-28T10:56:51.645,,157.01365850000002,-53.32,314.0,2026-05-28T10:41:21.822,2026-05-28T10:56:51.822,,0.17390739999973448
157.0549460000002,157.0549460000002,-0.005876065,728,2026-05-28T10:41:21.862,2026-05-28T10:56:51.862,,157.01365850000002,-53.32,314.0,2026-05-28T10:41:21.822,2026-05-28T10:56:51.822,,-0.041287500000180444
157.27002560000074,157.27002560000074,-0.005876159,729,2026-05-28T10:41:22.078,2026-05-28T10:56:52.078,,157.5137519,-53.7,315.0,2026-05-28T10:41:22.326,2026-05-28T10:56:52.326,,0.24372629999925266
157.48516780000136,157.48516780000136,-0.005876368,730,2026-05-28T10:41:22.295,2026-05-28T10:56:52.295,,157.5137519,-53.7,315.0,2026-05-28T10:41:22.326,2026-05-28T10:56:52.326,,0.02858409999862488
157.7002267000007,157.7002267000007,-0.005876127,731,2026-05-28T10:41:22.512,2026-05-28T10:56:52.512,,157.5137519,-53.7,315.0,2026-05-28T10:41:22.326,2026-05-28T10:56:52.326,,-0.18647480000072392
157.91527889999998,157.91527889999998,-0.005876201,732,2026-05-28T10:41:22.728,2026-05-28T10:56:52.728,,158.01365240000086,-53.46,316.0,2026-05-28T10:41:22.821,2026-05-28T10:56:52.821,,0.09837350000088918
158.13042040000073,158.13042040000073,-0.005876368,733,2026-05-28T10:41:22.938,2026-05-28T10:56:52.938,,158.01365240000086,-53.46,316.0,2026-05-28T10:41:22.821,2026-05-28T10:56:52.821,,-0.11676799999986542
158.34551439999996,158.34551439999996,-0.005876243,734,2026-05-28T10:41:23.158,2026-05-28T10:56:53.158,,158.51357070000086,-53.79,317.0,2026-05-28T10:41:23.325,2026-05-28T10:56:53.325,,0.16805630000089877
158.56062310000016,158.56062310000016,-0.005876127,735,2026-05-28T10:41:23.372,2026-05-28T10:56:53.372,,158.51357070000086,-53.79,317.0,2026-05-28T10:41:23.325,2026-05-28T10:56:53.325,,-0.047052399999302
158.77552950000063,158.77552950000063,-0.005876117,736,2026-05-28T10:41:23.588,2026-05-28T10:56:53.588,,159.01372609999999,-53.52,318.0,2026-05-28T10:41:23.826,2026-05-28T10:56:53.826,,0.23819659999935539
158.9909426000013,158.9909426000013,-0.005876117,737,2026-05-28T10:41:23.795,2026-05-28T10:56:53.795,,159.01372609999999,-53.52,318.0,2026-05-28T10:41:23.826,2026-05-28T10:56:53.826,,0.022783499998695333
159.2061818000002,159.2061818000002,-0.005876264,738,2026-05-28T10:41:24.012,2026-05-28T10:56:54.012,,159.01372609999999,-53.52,318.0,2026-05-28T10:41:23.826,2026-05-28T10:56:53.826,,-0.19245570000020962
159.4214647000008,159.4214647000008,-0.00587641,739,2026-05-28T10:41:24.228,2026-05-28T10:56:54.228,,159.51359159999993,-53.73,319.0,2026-05-28T10:41:24.321,2026-05-28T10:56:54.321,,0.09212689999912982
159.63646230000086,159.63646230000086,-0.005876316,740,2026-05-28T10:41:24.445,2026-05-28T10:56:54.445,,159.51359159999993,-53.73,319.0,2026-05-28T10:41:24.321,2026-05-28T10:56:54.321,,-0.12287070000093081
159.8516655000003,159.8516655000003,-0.005876452,741,2026-05-28T10:41:24.662,2026-05-28T10:56:54.662,,160.0132480000011,-53.4,320.0,2026-05-28T10:41:24.825,2026-05-28T10:56:54.825,,0.16158250000080443
160.0665783000004,160.0665783000004,-0.005876347,742,2026-05-28T10:41:24.879,2026-05-28T10:56:54.879,,160.0132480000011,-53.4,320.0,2026-05-28T10:41:24.825,2026-05-28T10:56:54.825,,-0.0533302999992884
160.2817825000002,160.2817825000002,-0.00587641,743,2026-05-28T10:41:25.088,2026-05-28T10:56:55.088,,160.51366919999964,-53.72,321.0,2026-05-28T10:41:25.325,2026-05-28T10:56:55.325,,0.23188669999944977
160.4967940000006,160.4967940000006,-0.005876148,744,2026-05-28T10:41:25.305,2026-05-28T10:56:55.305,,160.51366919999964,-53.72,321.0,2026-05-28T10:41:25.325,2026-05-28T10:56:55.325,,0.016875199999049073
160.71184770000036,160.71184770000036,-0.005876316,745,2026-05-28T10:41:25.524,2026-05-28T10:56:55.524,,160.51366919999964,-53.72,321.0,2026-05-28T10:41:25.325,2026-05-28T10:56:55.325,,-0.19817850000072212
160.92687699999988,160.92687699999988,-0.0058764,746,2026-05-28T10:41:25.738,2026-05-28T10:56:55.738,,161.01384409999991,-53.68,322.0,2026-05-28T10:41:25.821,2026-05-28T10:56:55.821,,0.08696710000003804
161.14198810000016,161.14198810000016,-0.005876379,747,2026-05-28T10:41:25.955,2026-05-28T10:56:55.955,,161.01384409999991,-53.68,322.0,2026-05-28T10:41:25.821,2026-05-28T10:56:55.821,,-0.12814400000024762
161.35727729999962,161.35727729999962,-0.00587641,748,2026-05-28T10:41:26.162,2026-05-28T10:56:56.162,,161.5136422000014,-53.38,323.0,2026-05-28T10:41:26.321,2026-05-28T10:56:56.321,,0.15636490000179037
161.5722209000014,161.5722209000014,-0.005876452,749,2026-05-28T10:41:26.378,2026-05-28T10:56:56.378,,161.5136422000014,-53.38,323.0,2026-05-28T10:41:26.321,2026-05-28T10:56:56.321,,-0.05857869999999821
161.787558,161.787558,-0.005876504,750,2026-05-28T10:41:26.595,2026-05-28T10:56:56.595,,162.01318730000094,-53.61,324.0,2026-05-28T10:41:26.825,2026-05-28T10:56:56.825,,0.2256293000009464
162.0027227999999,162.0027227999999,-0.005876682,751,2026-05-28T10:41:26.815,2026-05-28T10:56:56.815,,162.01318730000094,-53.61,324.0,2026-05-28T10:41:26.825,2026-05-28T10:56:56.825,,0.010464500001035049
162.21799310000097,162.21799310000097,-0.005876504,752,2026-05-28T10:41:27.030,2026-05-28T10:56:57.030,,162.01318730000094,-53.61,324.0,2026-05-28T10:41:26.825,2026-05-28T10:56:56.825,,-0.204805800000031
162.433023900001,162.433023900001,-0.005876368,753,2026-05-28T10:41:27.245,2026-05-28T10:56:57.245,,162.51366450000023,-53.29,325.0,2026-05-28T10:41:27.322,2026-05-28T10:56:57.322,,0.08064059999924211
162.64824500000032,162.64824500000032,-0.005876463,754,2026-05-28T10:41:27.459,2026-05-28T10:56:57.459,,162.51366450000023,-53.29,325.0,2026-05-28T10:41:27.322,2026-05-28T10:56:57.322,,-0.1345805000000837
162.86332610000136,162.86332610000136,-0.005876515,755,2026-05-28T10:41:27.672,2026-05-28T10:56:57.672,,163.0137262999997,-53.71,326.0,2026-05-28T10:41:27.821,2026-05-28T10:56:57.821,,0.1504001999983302
163.07865360000142,163.07865360000142,-0.005876567,756,2026-05-28T10:41:27.891,2026-05-28T10:56:57.891,,163.0137262999997,-53.71,326.0,2026-05-28T10:41:27.821,2026-05-28T10:56:57.821,,-0.06492730000172742
163.29392390000066,163.29392390000066,-0.005876473,757,2026-05-28T10:41:28.098,2026-05-28T10:56:58.098,,163.51383560000068,-53.41,327.0,2026-05-28T10:41:28.325,2026-05-28T10:56:58.325,,0.21991170000001148
163.50884340000084,163.50884340000084,-0.005876609,758,2026-05-28T10:41:28.315,2026-05-28T10:56:58.315,,163.51383560000068,-53.41,327.0,2026-05-28T10:41:28.325,2026-05-28T10:56:58.325,,0.004992199999833247
163.72405059999983,163.72405059999983,-0.005876641,759,2026-05-28T10:41:28.536,2026-05-28T10:56:58.536,,163.51383560000068,-53.41,327.0,2026-05-28T10:41:28.325,2026-05-28T10:56:58.325,,-0.2102149999991525
163.93900290000056,163.93900290000056,-0.005876651,760,2026-05-28T10:41:28.748,2026-05-28T10:56:58.748,,164.0136910000001,-53.77,328.0,2026-05-28T10:41:28.821,2026-05-28T10:56:58.821,,0.07468809999954829
164.154219,164.154219,-0.005876525,761,2026-05-28T10:41:28.965,2026-05-28T10:56:58.965,,164.0136910000001,-53.77,328.0,2026-05-28T10:41:28.821,2026-05-28T10:56:58.821,,-0.14052799999990384
164.36926350000067,164.36926350000067,-0.005876515,762,2026-05-28T10:41:29.178,2026-05-28T10:56:59.178,,164.51363300000048,-53.54,329.0,2026-05-28T10:41:29.321,2026-05-28T10:56:59.321,,0.14436949999981152
164.58472860000074,164.58472860000074,-0.005876431,763,2026-05-28T10:41:29.395,2026-05-28T10:56:59.395,,164.51363300000048,-53.54,329.0,2026-05-28T10:41:29.321,2026-05-28T10:56:59.321,,-0.0710956000002625
164.79973670000072,164.79973670000072,-0.005876358,764,2026-05-28T10:41:29.612,2026-05-28T10:56:59.612,,165.01361030000044,-53.61,330.0,2026-05-28T10:41:29.825,2026-05-28T10:56:59.825,,0.21387359999971522
165.01495290000094,165.01495290000094,-0.005876274,765,2026-05-28T10:41:29.825,2026-05-28T10:56:59.825,,165.01361030000044,-53.61,330.0,2026-05-28T10:41:29.825,2026-05-28T10:56:59.825,,-0.0013426000004983507
165.23012190000009,165.23012190000009,-0.005876483,766,2026-05-28T10:41:30.043,2026-05-28T10:57:00.043,,165.01361030000044,-53.61,330.0,2026-05-28T10:41:29.825,2026-05-28T10:56:59.825,,-0.21651159999964875
165.4450794000004,165.4450794000004,-0.005876211,767,2026-05-28T10:41:30.255,2026-05-28T10:57:00.255,,165.5132893000009,-53.57,331.0,2026-05-28T10:41:30.322,2026-05-28T10:57:00.322,,0.06820990000051097
165.6601120000014,165.6601120000014,-0.005876222,768,2026-05-28T10:41:30.473,2026-05-28T10:57:00.473,,165.5132893000009,-53.57,331.0,2026-05-28T10:41:30.322,2026-05-28T10:57:00.322,,-0.14682270000048447
165.87523130000045,165.87523130000045,-0.005876285,769,2026-05-28T10:41:30.678,2026-05-28T10:57:00.678,,166.01358820000132,-53.61,332.0,2026-05-28T10:41:30.821,2026-05-28T10:57:00.821,,0.13835690000087197
166.0904698000013,166.0904698000013,-0.005876295,770,2026-05-28T10:41:30.898,2026-05-28T10:57:00.898,,166.01358820000132,-53.61,332.0,2026-05-28T10:41:30.821,2026-05-28T10:57:00.821,,-0.07688159999997879
166.30541340000127,166.30541340000127,-0.00587618,771,2026-05-28T10:41:31.112,2026-05-28T10:57:01.112,,166.51358660000005,-53.75,333.0,2026-05-28T10:41:31.321,2026-05-28T10:57:01.321,,0.20817319999878237
166.52062850000038,166.52062850000038,-0.005876358,772,2026-05-28T10:41:31.328,2026-05-28T10:57:01.328,,166.51358660000005,-53.75,333.0,2026-05-28T10:41:31.321,2026-05-28T10:57:01.321,,-0.007041900000331225
166.73558539999976,166.73558539999976,-0.005876389,773,2026-05-28T10:41:31.548,2026-05-28T10:57:01.548,,166.51358660000005,-53.75,333.0,2026-05-28T10:41:31.321,2026-05-28T10:57:01.321,,-0.22199879999971017
166.95083410000007,166.95083410000007,-0.005876347,774,2026-05-28T10:41:31.762,2026-05-28T10:57:01.762,,167.0136515000013,-53.46,334.0,2026-05-28T10:41:31.821,2026-05-28T10:57:01.821,,0.06281740000122227
167.16584690000127,167.16584690000127,-0.005876515,775,2026-05-28T10:41:31.978,2026-05-28T10:57:01.978,,167.0136515000013,-53.46,334.0,2026-05-28T10:41:31.821,2026-05-28T10:57:01.821,,-0.15219539999998233
167.38120359999994,167.38120359999994,-0.005876546,776,2026-05-28T10:41:32.188,2026-05-28T10:57:02.188,,167.5136846000005,-53.69,335.0,2026-05-28T10:41:32.322,2026-05-28T10:57:02.322,,0.13248100000055274
167.5962851000004,167.5962851000004,-0.005876641,777,2026-05-28T10:41:32.405,2026-05-28T10:57:02.405,,167.5136846000005,-53.69,335.0,2026-05-28T10:41:32.322,2026-05-28T10:57:02.322,,-0.0826004999998986
167.81153410000115,167.81153410000115,-0.005876494,778,2026-05-28T10:41:32.622,2026-05-28T10:57:02.622,,168.01356289999967,-53.44,336.0,2026-05-28T10:41:32.821,2026-05-28T10:57:02.821,,0.20202879999851575
168.02664689999983,168.02664689999983,-0.005876431,779,2026-05-28T10:41:32.838,2026-05-28T10:57:02.838,,168.01356289999967,-53.44,336.0,2026-05-28T10:41:32.821,2026-05-28T10:57:02.821,,-0.013084000000162632
168.24168009999994,168.24168009999994,-0.005876463,780,2026-05-28T10:41:33.045,2026-05-28T10:57:03.045,,168.01356289999967,-53.44,336.0,2026-05-28T10:41:32.821,2026-05-28T10:57:02.821,,-0.2281172000002698
168.4570302000011,168.4570302000011,-0.005876693,781,2026-05-28T10:41:33.268,2026-05-28T10:57:03.268,,168.51322450000043,-53.59,337.0,2026-05-28T10:41:33.322,2026-05-28T10:57:03.322,,0.05619429999933345
168.67222070000025,168.67222070000025,-0.005876431,782,2026-05-28T10:41:33.478,2026-05-28T10:57:03.478,,168.51322450000043,-53.59,337.0,2026-05-28T10:41:33.322,2026-05-28T10:57:03.322,,-0.1589961999998195
168.8873519000008,168.8873519000008,-0.005876578,783,2026-05-28T10:41:33.695,2026-05-28T10:57:03.695,,169.013673200001,-53.51,338.0,2026-05-28T10:41:33.821,2026-05-28T10:57:03.821,,0.1263213000001997
169.1024312999998,169.1024312999998,-0.005876578,784,2026-05-28T10:41:33.912,2026-05-28T10:57:03.912,,169.013673200001,-53.51,338.0,2026-05-28T10:41:33.821,2026-05-28T10:57:03.821,,-0.08875809999881312
169.31756420000056,169.31756420000056,-0.005876641,785,2026-05-28T10:41:34.128,2026-05-28T10:57:04.128,,169.51366390000112,-53.68,339.0,2026-05-28T10:41:34.321,2026-05-28T10:57:04.321,,0.1960997000005591
169.53257590000067,169.53257590000067,-0.005876714,786,2026-05-28T10:41:34.345,2026-05-28T10:57:04.345,,169.51366390000112,-53.68,339.0,2026-05-28T10:41:34.321,2026-05-28T10:57:04.321,,-0.018911999999545515
169.74772630000007,169.74772630000007,-0.005876661,787,2026-05-28T10:41:34.555,2026-05-28T10:57:04.555,,169.51366390000112,-53.68,339.0,2026-05-28T10:41:34.321,2026-05-28T10:57:04.321,,-0.2340623999989475
169.96278730000085,169.96278730000085,-0.005876798,788,2026-05-28T10:41:34.775,2026-05-28T10:57:04.775,,170.0132383,-53.72,340.0,2026-05-28T10:41:34.825,2026-05-28T10:57:04.825,,0.05045099999915692
170.1777097000013,170.1777097000013,-0.005876714,789,2026-05-28T10:41:34.988,2026-05-28T10:57:04.988,,170.0132383,-53.72,340.0,2026-05-28T10:41:34.825,2026-05-28T10:57:04.825,,-0.16447140000127547
170.3928164000008,170.3928164000008,-0.005876672,790,2026-05-28T10:41:35.205,2026-05-28T10:57:05.205,,170.5137818000003,-53.59,341.0,2026-05-28T10:41:35.322,2026-05-28T10:57:05.322,,0.12096539999947709
170.60807770000065,170.60807770000065,-0.005876756,791,2026-05-28T10:41:35.412,2026-05-28T10:57:05.412,,170.5137818000003,-53.59,341.0,2026-05-28T10:41:35.322,2026-05-28T10:57:05.322,,-0.09429590000036114
170.82328980000057,170.82328980000057,-0.00587686,792,2026-05-28T10:41:35.628,2026-05-28T10:57:05.628,,171.01349000000118,-53.7,342.0,2026-05-28T10:41:35.821,2026-05-28T10:57:05.821,,0.19020020000061777
171.03823730000113,171.03823730000113,-0.00587685,793,2026-05-28T10:41:35.845,2026-05-28T10:57:05.845,,171.01349000000118,-53.7,342.0,2026-05-28T10:41:35.821,2026-05-28T10:57:05.821,,-0.024747299999944516
171.25381420000122,171.25381420000122,-0.005876986,794,2026-05-28T10:41:36.062,2026-05-28T10:57:06.062,,171.01349000000118,-53.7,342.0,2026-05-28T10:41:35.821,2026-05-28T10:57:05.821,,-0.24032420000003185
171.4688944999998,171.4688944999998,-0.005877101,795,2026-05-28T10:41:36.282,2026-05-28T10:57:06.282,,171.5138439000002,-53.56,343.0,2026-05-28T10:41:36.322,2026-05-28T10:57:06.322,,0.04494940000040515
171.6840804000003,171.6840804000003,-0.005876934,796,2026-05-28T10:41:36.497,2026-05-28T10:57:06.497,,171.5138439000002,-53.56,343.0,2026-05-28T10:41:36.322,2026-05-28T10:57:06.322,,-0.17023650000010093
171.8991102,171.8991102,-0.005877017,797,2026-05-28T10:41:36.712,2026-05-28T10:57:06.712,,172.01366880000023,-53.71,344.0,2026-05-28T10:41:36.822,2026-05-28T10:57:06.822,,0.11455860000023677
172.11416340000142,172.11416340000142,-0.005877122,798,2026-05-28T10:41:36.922,2026-05-28T10:57:06.922,,172.01366880000023,-53.71,344.0,2026-05-28T10:41:36.822,2026-05-28T10:57:06.822,,-0.10049460000118415
172.32924120000098,172.32924120000098,-0.00587686,799,2026-05-28T10:41:37.138,2026-05-28T10:57:07.138,,172.51365559999977,-53.5,345.0,2026-05-28T10:41:37.321,2026-05-28T10:57:07.321,,0.1844143999987864
172.54417160000048,172.54417160000048,-0.005876745,800,2026-05-28T10:41:37.355,2026-05-28T10:57:07.355,,172.51365559999977,-53.5,345.0,2026-05-28T10:41:37.321,2026-05-28T10:57:07.321,,-0.030516000000716303
172.7595680000013,172.7595680000013,-0.005877049,801,2026-05-28T10:41:37.565,2026-05-28T10:57:07.565,,172.51365559999977,-53.5,345.0,2026-05-28T10:41:37.321,2026-05-28T10:57:07.321,,-0.24591240000154357
172.97454430000107,172.97454430000107,-0.005876829,802,2026-05-28T10:41:37.782,2026-05-28T10:57:07.782,,173.0138304000011,-53.66,346.0,2026-05-28T10:41:37.822,2026-05-28T10:57:07.822,,0.039286100000026636
173.1897151000012,173.1897151000012,-0.005876787,803,2026-05-28T10:41:37.998,2026-05-28T10:57:07.998,,173.0138304000011,-53.66,346.0,2026-05-28T10:41:37.822,2026-05-28T10:57:07.822,,-0.17588470000009693
173.4048395000009,173.4048395000009,-0.005876745,804,2026-05-28T10:41:38.215,2026-05-28T10:57:08.215,,173.51347739999983,-53.48,347.0,2026-05-28T10:41:38.322,2026-05-28T10:57:08.322,,0.10863789999893925
173.61990940000032,173.61990940000032,-0.005876672,805,2026-05-28T10:41:38.432,2026-05-28T10:57:08.432,,173.51347739999983,-53.48,347.0,2026-05-28T10:41:38.322,2026-05-28T10:57:08.322,,-0.10643200000049546
173.83482350000122,173.83482350000122,-0.005876588,806,2026-05-28T10:41:38.647,2026-05-28T10:57:08.647,,174.01368710000133,-53.56,348.0,2026-05-28T10:41:38.821,2026-05-28T10:57:08.821,,0.17886360000011337
174.05011879999984,174.05011879999984,-0.005876326,807,2026-05-28T10:41:38.862,2026-05-28T10:57:08.862,,174.01368710000133,-53.56,348.0,2026-05-28T10:41:38.821,2026-05-28T10:57:08.821,,-0.036431699998502154
174.2650818000002,174.2650818000002,-0.005876264,808,2026-05-28T10:41:39.076,2026-05-28T10:57:09.076,,174.5133009000001,-53.58,349.0,2026-05-28T10:41:39.322,2026-05-28T10:57:09.322,,0.24821909999991476
174.4803326000001,174.4803326000001,-0.005876578,809,2026-05-28T10:41:39.288,2026-05-28T10:57:09.288,,174.5133009000001,-53.58,349.0,2026-05-28T10:41:39.322,2026-05-28T10:57:09.322,,0.03296829999999318
174.6952809000013,174.6952809000013,-0.0058764,810,2026-05-28T10:41:39.505,2026-05-28T10:57:09.505,,174.5133009000001,-53.58,349.0,2026-05-28T10:41:39.322,2026-05-28T10:57:09.322,,-0.18198000000120373
174.91037909999977,174.91037909999977,-0.005876431,811,2026-05-28T10:41:39.717,2026-05-28T10:57:09.717,,175.01357670000107,-53.58,350.0,2026-05-28T10:41:39.821,2026-05-28T10:57:09.821,,0.10319760000129463
175.1256000000012,175.1256000000012,-0.005876295,812,2026-05-28T10:41:39.935,2026-05-28T10:57:09.935,,175.01357670000107,-53.58,350.0,2026-05-28T10:41:39.821,2026-05-28T10:57:09.821,,-0.11202330000014626
175.3407739000013,175.3407739000013,-0.005876347,813,2026-05-28T10:41:40.148,2026-05-28T10:57:10.148,,175.5136865000004,-53.66,351.0,2026-05-28T10:41:40.321,2026-05-28T10:57:10.321,,0.17291259999910835
175.5560084000008,175.5560084000008,-0.00587618,814,2026-05-28T10:41:40.365,2026-05-28T10:57:10.365,,175.5136865000004,-53.66,351.0,2026-05-28T10:41:40.321,2026-05-28T10:57:10.321,,-0.04232190000038827
175.77110569999968,175.77110569999968,-0.005876442,815,2026-05-28T10:41:40.582,2026-05-28T10:57:10.582,,176.0134866999997,-53.52,352.0,2026-05-28T10:41:40.822,2026-05-28T10:57:10.822,,0.24238100000002305
175.98618800000077,175.98618800000077,-0.005876546,816,2026-05-28T10:41:40.798,2026-05-28T10:57:10.798,,176.0134866999997,-53.52,352.0,2026-05-28T10:41:40.822,2026-05-28T10:57:10.822,,0.02729869999893708
176.20126110000092,176.20126110000092,-0.005876724,817,2026-05-28T10:41:41.013,2026-05-28T10:57:11.013,,176.0134866999997,-53.52,352.0,2026-05-28T10:41:40.822,2026-05-28T10:57:10.822,,-0.18777440000121715
176.41640540000117,176.41640540000117,-0.005876651,818,2026-05-28T10:41:41.229,2026-05-28T10:57:11.229,,176.51352659999975,-53.65,353.0,2026-05-28T10:41:41.324,2026-05-28T10:57:11.324,,0.0971211999985826
176.63145590000022,176.63145590000022,-0.005876567,819,2026-05-28T10:41:41.438,2026-05-28T10:57:11.438,,176.51352659999975,-53.65,353.0,2026-05-28T10:41:41.324,2026-05-28T10:57:11.324,,-0.11792930000046908
176.84671570000137,176.84671570000137,-0.00587662,820,2026-05-28T10:41:41.658,2026-05-28T10:57:11.658,,177.01353430000017,-53.49,354.0,2026-05-28T10:41:41.821,2026-05-28T10:57:11.821,,0.16681859999880544
177.06184460000077,177.06184460000077,-0.005876463,821,2026-05-28T10:41:41.874,2026-05-28T10:57:11.874,,177.01353430000017,-53.49,354.0,2026-05-28T10:41:41.821,2026-05-28T10:57:11.821,,-0.048310300000594
177.27694940000038,177.27694940000038,-0.005876483,822,2026-05-28T10:41:42.082,2026-05-28T10:57:12.082,,177.51355160000094,-53.66,355.0,2026-05-28T10:41:42.323,2026-05-28T10:57:12.323,,0.23660220000056142
177.49213860000054,177.49213860000054,-0.005876703,823,2026-05-28T10:41:42.298,2026-05-28T10:57:12.298,,177.51355160000094,-53.66,355.0,2026-05-28T10:41:42.323,2026-05-28T10:57:12.323,,0.021413000000393367
177.7071876000009,177.7071876000009,-0.005876536,824,2026-05-28T10:41:42.515,2026-05-28T10:57:12.515,,177.51355160000094,-53.66,355.0,2026-05-28T10:41:42.323,2026-05-28T10:57:12.323,,-0.1936359999999695
177.92242160000023,177.92242160000023,-0.005876463,825,2026-05-28T10:41:42.732,2026-05-28T10:57:12.732,,178.01357850000022,-53.59,356.0,2026-05-28T10:41:42.821,2026-05-28T10:57:12.821,,0.09115689999998722
178.13750160000018,178.13750160000018,-0.005876536,826,2026-05-28T10:41:42.948,2026-05-28T10:57:12.948,,178.01357850000022,-53.59,356.0,2026-05-28T10:41:42.821,2026-05-28T10:57:12.821,,-0.12392309999995632
178.3526664000001,178.3526664000001,-0.005876023,827,2026-05-28T10:41:43.165,2026-05-28T10:57:13.165,,178.51370769999994,-53.61,357.0,2026-05-28T10:41:43.321,2026-05-28T10:57:13.321,,0.16104129999985162
178.56760490000124,178.56760490000124,-0.005876211,828,2026-05-28T10:41:43.380,2026-05-28T10:57:13.380,,178.51370769999994,-53.61,357.0,2026-05-28T10:41:43.321,2026-05-28T10:57:13.321,,-0.053897200001301826
178.7828098000009,178.7828098000009,-0.005876243,829,2026-05-28T10:41:43.595,2026-05-28T10:57:13.595,,179.01376410000012,-53.56,358.0,2026-05-28T10:41:43.825,2026-05-28T10:57:13.825,,0.2309542999992118
178.99816400000054,178.99816400000054,-0.00587618,830,2026-05-28T10:41:43.805,2026-05-28T10:57:13.805,,179.01376410000012,-53.56,358.0,2026-05-28T10:41:43.825,2026-05-28T10:57:13.825,,0.015600099999574013
179.2133931999997,179.2133931999997,-0.005876138,831,2026-05-28T10:41:44.022,2026-05-28T10:57:14.022,,179.01376410000012,-53.56,358.0,2026-05-28T10:41:43.825,2026-05-28T10:57:13.825,,-0.19962909999958356
179.42846960000134,179.42846960000134,-0.005876023,832,2026-05-28T10:41:44.238,2026-05-28T10:57:14.238,,179.5136046000007,-53.56,359.0,2026-05-28T10:41:44.322,2026-05-28T10:57:14.322,,0.08513499999935448
179.6436123000003,179.6436123000003,-0.005876065,833,2026-05-28T10:41:44.448,2026-05-28T10:57:14.448,,179.5136046000007,-53.56,359.0,2026-05-28T10:41:44.322,2026-05-28T10:57:14.322,,-0.13000769999962358
179.85883170000125,179.85883170000125,-0.005876075,834,2026-05-28T10:41:44.670,2026-05-28T10:57:14.670,,179.5136046000007,-53.56,359.0,2026-05-28T10:41:44.322,2026-05-28T10:57:14.322,,-0.3452271000005567
180.10401790000105,180.10401790000105,-0.005876023,835,2026-05-28T10:41:44.916,2026-05-28T10:57:14.916,,179.5136046000007,-53.56,359.0,2026-05-28T10:41:44.322,2026-05-28T10:57:14.322,,-0.590413300000364
