sensor,indice_balanza,masa_g,error,tiempo_s,fecha_hora_corregida,fecha_hora_pc_sin_corregir,correccion_reloj_s,indice_multimetro,voltaje_V
multimetro,,,,0.41575399999965157,2026-05-28T10:38:45.228,2026-05-28T10:54:15.228,-930,0.0,0.001140576
multimetro,,,,0.6321996000006038,2026-05-28T10:38:45.438,2026-05-28T10:54:15.438,-930,1.0,0.001138262
multimetro,,,,0.8474638999996387,2026-05-28T10:38:45.655,2026-05-28T10:54:15.655,-930,2.0,0.001136681
multimetro,,,,1.0625185999997484,2026-05-28T10:38:45.872,2026-05-28T10:54:15.872,-930,3.0,0.001133373
multimetro,,,,1.277454500001113,2026-05-28T10:38:46.088,2026-05-28T10:54:16.088,-930,4.0,0.00113399
balanza,0.0,,Error desde Arduino: HX711 not found.,1.4341013000012026,2026-05-28T10:38:46.245,2026-05-28T10:54:16.245,-930,,
multimetro,,,,1.4924604999996518,2026-05-28T10:38:46.295,2026-05-28T10:54:16.295,-930,5.0,0.001137571
multimetro,,,,1.7077758000014,2026-05-28T10:38:46.512,2026-05-28T10:54:16.512,-930,6.0,0.00113465
multimetro,,,,1.9226885000007314,2026-05-28T10:38:46.729,2026-05-28T10:54:16.729,-930,7.0,0.001036035
multimetro,,,,2.1376889000002848,2026-05-28T10:38:46.945,2026-05-28T10:54:16.945,-930,8.0,0.000892181
multimetro,,,,2.35264830000051,2026-05-28T10:38:47.162,2026-05-28T10:54:17.162,-930,9.0,0.000795566
balanza,1.0,15.63,,2.426412500000879,2026-05-28T10:38:47.239,2026-05-28T10:54:17.239,-930,,
balanza,2.0,,Error desde Arduino: HX711 not found.,2.4496154000007664,2026-05-28T10:38:47.262,2026-05-28T10:54:17.262,-930,,
multimetro,,,,2.5678255000002537,2026-05-28T10:38:47.379,2026-05-28T10:54:17.379,-930,10.0,0.000551243
multimetro,,,,2.782812700001159,2026-05-28T10:38:47.595,2026-05-28T10:54:17.595,-930,11.0,0.000584003
multimetro,,,,2.9980119000010745,2026-05-28T10:38:47.805,2026-05-28T10:54:17.805,-930,12.0,0.000520263
multimetro,,,,3.212953500000367,2026-05-28T10:38:48.022,2026-05-28T10:54:18.022,-930,13.0,0.000409546
multimetro,,,,3.42784759999995,2026-05-28T10:38:48.238,2026-05-28T10:54:18.238,-930,14.0,0.000192193
balanza,3.0,16.91,,3.4421149999998306,2026-05-28T10:38:48.247,2026-05-28T10:54:18.247,-930,,
balanza,4.0,,Error desde Arduino: HX711 not found.,3.4651929999999993,2026-05-28T10:38:48.272,2026-05-28T10:54:18.272,-930,,
multimetro,,,,3.642922799999724,2026-05-28T10:38:48.455,2026-05-28T10:54:18.455,-930,15.0,1.248e-05
multimetro,,,,3.8577904000012495,2026-05-28T10:38:48.662,2026-05-28T10:54:18.662,-930,16.0,-2.6939e-05
multimetro,,,,4.072898899999927,2026-05-28T10:38:48.879,2026-05-28T10:54:18.879,-930,17.0,-6.9613e-05
multimetro,,,,4.28778710000006,2026-05-28T10:38:49.095,2026-05-28T10:54:19.095,-930,18.0,-0.000288725
balanza,5.0,22.51,,4.457685900000797,2026-05-28T10:38:49.262,2026-05-28T10:54:19.262,-930,,
balanza,6.0,19.07,,4.4698771000003035,2026-05-28T10:38:49.279,2026-05-28T10:54:19.279,-930,,
balanza,7.0,,Error desde Arduino: HX711 not found.,4.4936271000005945,2026-05-28T10:38:49.305,2026-05-28T10:54:19.305,-930,,
multimetro,,,,4.503052100000787,2026-05-28T10:38:49.312,2026-05-28T10:54:19.312,-930,19.0,-0.000398552
multimetro,,,,4.718072499999835,2026-05-28T10:38:49.529,2026-05-28T10:54:19.529,-930,20.0,-0.000499387
multimetro,,,,4.933166400000118,2026-05-28T10:38:49.745,2026-05-28T10:54:19.745,-930,21.0,-0.000601121
multimetro,,,,5.148159100001067,2026-05-28T10:38:49.956,2026-05-28T10:54:19.956,-930,22.0,-0.00088792
multimetro,,,,5.363303800000722,2026-05-28T10:38:50.172,2026-05-28T10:54:20.172,-930,23.0,-0.001448221
balanza,8.0,17.57,,5.485384300000078,2026-05-28T10:38:50.295,2026-05-28T10:54:20.295,-930,,
balanza,9.0,,Error desde Arduino: HX711 not found.,5.508559400001104,2026-05-28T10:38:50.312,2026-05-28T10:54:20.312,-930,,
multimetro,,,,5.578272700000525,2026-05-28T10:38:50.389,2026-05-28T10:54:20.389,-930,24.0,-0.001844292
multimetro,,,,5.793435999999929,2026-05-28T10:38:50.605,2026-05-28T10:54:20.605,-930,25.0,-0.002170375
multimetro,,,,6.008376300000236,2026-05-28T10:38:50.815,2026-05-28T10:54:20.815,-930,26.0,-0.002293835
multimetro,,,,6.223435699999754,2026-05-28T10:38:51.036,2026-05-28T10:54:21.036,-930,27.0,-0.00222419
multimetro,,,,6.438549800001056,2026-05-28T10:38:51.248,2026-05-28T10:54:21.248,-930,28.0,-0.002301519
balanza,10.0,15.04,,6.500819800001409,2026-05-28T10:38:51.314,2026-05-28T10:54:21.314,-930,,
balanza,11.0,,Error desde Arduino: HX711 not found.,6.524044699999649,2026-05-28T10:38:51.331,2026-05-28T10:54:21.331,-930,,
multimetro,,,,6.653616800000236,2026-05-28T10:38:51.466,2026-05-28T10:54:21.466,-930,29.0,-0.002294306
multimetro,,,,6.868791700000656,2026-05-28T10:38:51.681,2026-05-28T10:54:21.681,-930,30.0,-0.002437773
multimetro,,,,7.083777300000293,2026-05-28T10:38:51.896,2026-05-28T10:54:21.896,-930,31.0,-0.002357292
multimetro,,,,7.298994099999618,2026-05-28T10:38:52.112,2026-05-28T10:54:22.112,-930,32.0,-0.002362223
multimetro,,,,7.514041399999769,2026-05-28T10:38:52.317,2026-05-28T10:54:22.317,-930,33.0,-0.002476919
balanza,12.0,12.25,,7.516396799999711,2026-05-28T10:38:52.329,2026-05-28T10:54:22.329,-930,,
balanza,13.0,,Error desde Arduino: HX711 not found.,7.5397570000004634,2026-05-28T10:38:52.347,2026-05-28T10:54:22.347,-930,,
multimetro,,,,7.72934929999974,2026-05-28T10:38:52.539,2026-05-28T10:54:22.539,-930,34.0,-0.00236883
multimetro,,,,7.944436699999642,2026-05-28T10:38:52.757,2026-05-28T10:54:22.757,-930,35.0,-0.002412645
multimetro,,,,8.1594737000014,2026-05-28T10:38:52.972,2026-05-28T10:54:22.972,-930,36.0,-0.002526221
multimetro,,,,8.374361500000305,2026-05-28T10:38:53.186,2026-05-28T10:54:23.186,-930,37.0,-0.002539539
balanza,14.0,12.62,,8.531897000000754,2026-05-28T10:38:53.344,2026-05-28T10:54:23.344,-930,,
balanza,15.0,7.05,,8.542903300000035,2026-05-28T10:38:53.355,2026-05-28T10:54:23.355,-930,,
balanza,16.0,,Error desde Arduino: HX711 not found.,8.566115499999796,2026-05-28T10:38:53.378,2026-05-28T10:54:23.378,-930,,
multimetro,,,,8.589399600001343,2026-05-28T10:38:53.402,2026-05-28T10:54:23.402,-930,38.0,-0.002540199
multimetro,,,,8.804515100000572,2026-05-28T10:38:53.612,2026-05-28T10:54:23.612,-930,39.0,-0.002525447
multimetro,,,,9.019648499999676,2026-05-28T10:38:53.831,2026-05-28T10:54:23.831,-930,40.0,-0.002584444
multimetro,,,,9.234888700000738,2026-05-28T10:38:54.045,2026-05-28T10:54:24.045,-930,41.0,-0.002657606
multimetro,,,,9.450202100000752,2026-05-28T10:38:54.262,2026-05-28T10:54:24.262,-930,42.0,-0.002636887
balanza,17.0,11.89,,9.558496300000115,2026-05-28T10:38:54.371,2026-05-28T10:54:24.371,-930,,
balanza,18.0,,Error desde Arduino: HX711 not found.,9.581724499999837,2026-05-28T10:38:54.394,2026-05-28T10:54:24.394,-930,,
multimetro,,,,9.66562789999989,2026-05-28T10:38:54.478,2026-05-28T10:54:24.478,-930,43.0,-0.002713536
multimetro,,,,9.880742100000134,2026-05-28T10:38:54.685,2026-05-28T10:54:24.685,-930,44.0,-0.0026053
multimetro,,,,10.09603000000061,2026-05-28T10:38:54.902,2026-05-28T10:54:24.902,-930,45.0,-0.002606284
multimetro,,,,10.310913400000572,2026-05-28T10:38:55.121,2026-05-28T10:54:25.121,-930,46.0,-0.002751039
multimetro,,,,10.526108000000022,2026-05-28T10:38:55.334,2026-05-28T10:54:25.334,-930,47.0,-0.002653398
balanza,19.0,11.03,,10.573905500001274,2026-05-28T10:38:55.386,2026-05-28T10:54:25.386,-930,,
balanza,20.0,,Error desde Arduino: HX711 not found.,10.597087100000863,2026-05-28T10:38:55.409,2026-05-28T10:54:25.409,-930,,
multimetro,,,,10.741196900000432,2026-05-28T10:38:55.553,2026-05-28T10:54:25.553,-930,48.0,-0.002889826
multimetro,,,,10.956316600000719,2026-05-28T10:38:55.769,2026-05-28T10:54:25.769,-930,49.0,-0.002730539
multimetro,,,,11.171307100001286,2026-05-28T10:38:55.984,2026-05-28T10:54:25.984,-930,50.0,-0.002764325
multimetro,,,,11.386420099999668,2026-05-28T10:38:56.199,2026-05-28T10:54:26.199,-930,51.0,-0.002721137
balanza,21.0,6.17,,11.588392300000123,2026-05-28T10:38:56.391,2026-05-28T10:54:26.391,-930,,
multimetro,,,,11.601581799999622,2026-05-28T10:38:56.413,2026-05-28T10:54:26.413,-930,52.0,-0.002820286
balanza,22.0,,Error desde Arduino: HX711 not found.,11.611541399999624,2026-05-28T10:38:56.419,2026-05-28T10:54:26.419,-930,,
multimetro,,,,11.816657000001214,2026-05-28T10:38:56.628,2026-05-28T10:54:26.628,-930,53.0,-0.002733219
multimetro,,,,12.031774400000359,2026-05-28T10:38:56.844,2026-05-28T10:54:26.844,-930,54.0,-0.002753782
multimetro,,,,12.24674480000067,2026-05-28T10:38:57.052,2026-05-28T10:54:27.052,-930,55.0,-0.00271162
multimetro,,,,12.46182890000091,2026-05-28T10:38:57.274,2026-05-28T10:54:27.274,-930,56.0,-0.002708866
balanza,23.0,9.0,,12.602909100000034,2026-05-28T10:38:57.412,2026-05-28T10:54:27.412,-930,,
balanza,24.0,,Error desde Arduino: HX711 not found.,12.626076900000044,2026-05-28T10:38:57.435,2026-05-28T10:54:27.435,-930,,
multimetro,,,,12.676897400000598,2026-05-28T10:38:57.489,2026-05-28T10:54:27.489,-930,57.0,-0.002679436
multimetro,,,,12.89220540000133,2026-05-28T10:38:57.702,2026-05-28T10:54:27.702,-930,58.0,-0.002680954
multimetro,,,,13.107147100001384,2026-05-28T10:38:57.916,2026-05-28T10:54:27.916,-930,59.0,-0.002744987
multimetro,,,,13.322267200001079,2026-05-28T10:38:58.133,2026-05-28T10:54:28.133,-930,60.0,-0.002737156
multimetro,,,,13.53726640000059,2026-05-28T10:38:58.343,2026-05-28T10:54:28.343,-930,61.0,-0.002765927
balanza,25.0,8.6,,13.617299900000944,2026-05-28T10:38:58.426,2026-05-28T10:54:28.426,-930,,
balanza,26.0,,Error desde Arduino: HX711 not found.,13.640682900000684,2026-05-28T10:38:58.446,2026-05-28T10:54:28.446,-930,,
multimetro,,,,13.752341500001421,2026-05-28T10:38:58.563,2026-05-28T10:54:28.563,-930,62.0,-0.002781621
multimetro,,,,13.967432700001154,2026-05-28T10:38:58.778,2026-05-28T10:54:28.778,-930,63.0,-0.002813438
multimetro,,,,14.182561100000385,2026-05-28T10:38:58.995,2026-05-28T10:54:28.995,-930,64.0,-0.002837477
multimetro,,,,14.397787600000811,2026-05-28T10:38:59.207,2026-05-28T10:54:29.207,-930,65.0,-0.002833781
multimetro,,,,14.612707399999636,2026-05-28T10:38:59.416,2026-05-28T10:54:29.416,-930,66.0,-0.002909991
balanza,27.0,8.41,,14.631839300000138,2026-05-28T10:38:59.438,2026-05-28T10:54:29.438,-930,,
balanza,28.0,,Error desde Arduino: HX711 not found.,14.65509639999982,2026-05-28T10:38:59.462,2026-05-28T10:54:29.462,-930,,
multimetro,,,,14.827775499999916,2026-05-28T10:38:59.639,2026-05-28T10:54:29.639,-930,67.0,-0.002863348
multimetro,,,,15.042827900000702,2026-05-28T10:38:59.849,2026-05-28T10:54:29.849,-930,68.0,-0.002837341
multimetro,,,,15.258066399999734,2026-05-28T10:39:00.062,2026-05-28T10:54:30.062,-930,69.0,-0.002829782
multimetro,,,,15.472988200001055,2026-05-28T10:39:00.278,2026-05-28T10:54:30.278,-930,70.0,-0.002831227
balanza,29.0,6.68,,15.646253799999613,2026-05-28T10:39:00.459,2026-05-28T10:54:30.459,-930,,
balanza,30.0,,Error desde Arduino: HX711 not found.,15.66932850000012,2026-05-28T10:39:00.476,2026-05-28T10:54:30.476,-930,,
multimetro,,,,15.688346300001285,2026-05-28T10:39:00.500,2026-05-28T10:54:30.500,-930,71.0,-0.002833153
multimetro,,,,15.903274199999942,2026-05-28T10:39:00.713,2026-05-28T10:54:30.713,-930,72.0,-0.002821333
multimetro,,,,16.11855530000139,2026-05-28T10:39:00.922,2026-05-28T10:54:30.922,-930,73.0,-0.002899395
multimetro,,,,16.333579899999677,2026-05-28T10:39:01.142,2026-05-28T10:54:31.142,-930,74.0,-0.002881241
multimetro,,,,16.548870500000703,2026-05-28T10:39:01.359,2026-05-28T10:54:31.359,-930,75.0,-0.002992032
balanza,31.0,8.42,,16.66076880000037,2026-05-28T10:39:01.466,2026-05-28T10:54:31.466,-930,,
balanza,32.0,,Error desde Arduino: HX711 not found.,16.684159500000533,2026-05-28T10:39:01.496,2026-05-28T10:54:31.496,-930,,
multimetro,,,,16.76406020000104,2026-05-28T10:39:01.577,2026-05-28T10:54:31.577,-930,76.0,-0.003018059
multimetro,,,,16.979033600000548,2026-05-28T10:39:01.783,2026-05-28T10:54:31.783,-930,77.0,-0.002961282
multimetro,,,,17.194091900000785,2026-05-28T10:39:02.007,2026-05-28T10:54:32.007,-930,78.0,-0.003016321
multimetro,,,,17.40909660000034,2026-05-28T10:39:02.220,2026-05-28T10:54:32.220,-930,79.0,-0.002975835
multimetro,,,,17.624257999999827,2026-05-28T10:39:02.432,2026-05-28T10:54:32.432,-930,80.0,-0.002971322
balanza,33.0,6.81,,17.675290099999984,2026-05-28T10:39:02.479,2026-05-28T10:54:32.479,-930,,
balanza,34.0,,Error desde Arduino: HX711 not found.,17.698482400001012,2026-05-28T10:39:02.509,2026-05-28T10:54:32.509,-930,,
multimetro,,,,17.83934380000028,2026-05-28T10:39:02.650,2026-05-28T10:54:32.650,-930,81.0,-0.002937756
multimetro,,,,18.054565600001297,2026-05-28T10:39:02.866,2026-05-28T10:54:32.866,-930,82.0,-0.002902484
multimetro,,,,18.269559700000173,2026-05-28T10:39:03.082,2026-05-28T10:54:33.082,-930,83.0,-0.002958099
multimetro,,,,18.484840400000394,2026-05-28T10:39:03.295,2026-05-28T10:54:33.295,-930,84.0,-0.002920722
balanza,35.0,-0.57,,18.690697,2026-05-28T10:39:03.499,2026-05-28T10:54:33.499,-930,,
multimetro,,,,18.699867400000585,2026-05-28T10:39:03.509,2026-05-28T10:54:33.509,-930,85.0,-0.002951241
balanza,36.0,4.47,,18.701817799999844,2026-05-28T10:39:03.513,2026-05-28T10:54:33.513,-930,,
balanza,37.0,,Error desde Arduino: HX711 not found.,18.725059800000963,2026-05-28T10:39:03.537,2026-05-28T10:54:33.537,-930,,
multimetro,,,,18.91513230000055,2026-05-28T10:39:03.722,2026-05-28T10:54:33.722,-930,86.0,-0.002965962
multimetro,,,,19.130121100000906,2026-05-28T10:39:03.936,2026-05-28T10:54:33.936,-930,87.0,-0.00302119
multimetro,,,,19.345265900001323,2026-05-28T10:39:04.158,2026-05-28T10:54:34.158,-930,88.0,-0.003049877
multimetro,,,,19.56046950000018,2026-05-28T10:39:04.373,2026-05-28T10:54:34.373,-930,89.0,-0.003004805
balanza,38.0,1.94,,19.71641400000044,2026-05-28T10:39:04.529,2026-05-28T10:54:34.529,-930,,
balanza,39.0,,Error desde Arduino: HX711 not found.,19.73958500000117,2026-05-28T10:39:04.551,2026-05-28T10:54:34.551,-930,,
multimetro,,,,19.775597500000003,2026-05-28T10:39:04.588,2026-05-28T10:54:34.588,-930,90.0,-0.003057101
multimetro,,,,19.990725300000122,2026-05-28T10:39:04.803,2026-05-28T10:54:34.803,-930,91.0,-0.003002124
multimetro,,,,20.205863000001045,2026-05-28T10:39:05.019,2026-05-28T10:54:35.019,-930,92.0,-0.003042046
multimetro,,,,20.42097509999985,2026-05-28T10:39:05.234,2026-05-28T10:54:35.234,-930,93.0,-0.00299891
multimetro,,,,20.635902300000453,2026-05-28T10:39:05.448,2026-05-28T10:54:35.448,-930,94.0,-0.002991267
balanza,40.0,5.11,,20.730973800000356,2026-05-28T10:39:05.535,2026-05-28T10:54:35.535,-930,,
balanza,41.0,,Error desde Arduino: HX711 not found.,20.75425030000042,2026-05-28T10:39:05.565,2026-05-28T10:54:35.565,-930,,
multimetro,,,,20.85078980000071,2026-05-28T10:39:05.663,2026-05-28T10:54:35.663,-930,95.0,-0.002976746
multimetro,,,,21.065761300000304,2026-05-28T10:39:05.878,2026-05-28T10:54:35.878,-930,96.0,-0.002984954
multimetro,,,,21.281193599999824,2026-05-28T10:39:06.091,2026-05-28T10:54:36.091,-930,97.0,-0.003016143
multimetro,,,,21.49629520000053,2026-05-28T10:39:06.309,2026-05-28T10:54:36.309,-930,98.0,-0.003028582
multimetro,,,,21.71165480000127,2026-05-28T10:39:06.519,2026-05-28T10:54:36.519,-930,99.0,-0.003032497
balanza,42.0,3.44,,21.74551810000048,2026-05-28T10:39:06.558,2026-05-28T10:54:36.558,-930,,
balanza,43.0,,Error desde Arduino: HX711 not found.,21.768560399999842,2026-05-28T10:39:06.579,2026-05-28T10:54:36.579,-930,,
multimetro,,,,21.926800500001264,2026-05-28T10:39:06.732,2026-05-28T10:54:36.732,-930,100.0,-0.003030791
multimetro,,,,22.141852200000358,2026-05-28T10:39:06.950,2026-05-28T10:54:36.950,-930,101.0,-0.003129447
multimetro,,,,22.357065300000613,2026-05-28T10:39:07.164,2026-05-28T10:54:37.164,-930,102.0,-0.003133373
multimetro,,,,22.57207980000021,2026-05-28T10:39:07.384,2026-05-28T10:54:37.384,-930,103.0,-0.003076847
balanza,44.0,-2.27,,22.76101329999983,2026-05-28T10:39:07.565,2026-05-28T10:54:37.565,-930,,
balanza,45.0,,Error desde Arduino: HX711 not found.,22.784112900000764,2026-05-28T10:39:07.595,2026-05-28T10:54:37.595,-930,,
multimetro,,,,22.787143400000787,2026-05-28T10:39:07.599,2026-05-28T10:54:37.599,-930,104.0,-0.003090709
multimetro,,,,23.002312800001164,2026-05-28T10:39:07.815,2026-05-28T10:54:37.815,-930,105.0,-0.003086982
multimetro,,,,23.217521500000657,2026-05-28T10:39:08.029,2026-05-28T10:54:38.029,-930,106.0,-0.003104906
multimetro,,,,23.432538300001397,2026-05-28T10:39:08.245,2026-05-28T10:54:38.245,-930,107.0,-0.003087034
multimetro,,,,23.648503399999754,2026-05-28T10:39:08.461,2026-05-28T10:54:38.461,-930,108.0,-0.003064954
balanza,46.0,-0.71,,23.776408400000946,2026-05-28T10:39:08.581,2026-05-28T10:54:38.581,-930,,
balanza,47.0,,Error desde Arduino: HX711 not found.,23.79971680000017,2026-05-28T10:39:08.612,2026-05-28T10:54:38.612,-930,,
multimetro,,,,23.8638547999999,2026-05-28T10:39:08.676,2026-05-28T10:54:38.676,-930,109.0,-0.003091337
multimetro,,,,24.079193999999916,2026-05-28T10:39:08.891,2026-05-28T10:54:38.891,-930,110.0,-0.003099179
multimetro,,,,24.294450100000176,2026-05-28T10:39:09.107,2026-05-28T10:54:39.107,-930,111.0,-0.003100519
multimetro,,,,24.509596200001397,2026-05-28T10:39:09.313,2026-05-28T10:54:39.313,-930,112.0,-0.003103964
multimetro,,,,24.724667399999817,2026-05-28T10:39:09.537,2026-05-28T10:54:39.537,-930,113.0,-0.003114559
balanza,48.0,0.35,,24.790848100001313,2026-05-28T10:39:09.603,2026-05-28T10:54:39.603,-930,,
balanza,49.0,,Error desde Arduino: HX711 not found.,24.814077500001076,2026-05-28T10:39:09.627,2026-05-28T10:54:39.627,-930,,
multimetro,,,,24.93976620000103,2026-05-28T10:39:09.745,2026-05-28T10:54:39.745,-930,114.0,-0.003221141
multimetro,,,,25.15529830000014,2026-05-28T10:39:09.968,2026-05-28T10:54:39.968,-930,115.0,-0.003193323
multimetro,,,,25.370501700001114,2026-05-28T10:39:10.179,2026-05-28T10:54:40.179,-930,116.0,-0.003259911
multimetro,,,,25.58549049999965,2026-05-28T10:39:10.395,2026-05-28T10:54:40.395,-930,117.0,-0.003260937
multimetro,,,,25.800603600000613,2026-05-28T10:39:10.607,2026-05-28T10:54:40.607,-930,118.0,-0.003219822
balanza,50.0,1.48,,25.80519699999968,2026-05-28T10:39:10.617,2026-05-28T10:54:40.617,-930,,
balanza,51.0,-1.51,,25.817442000001392,2026-05-28T10:39:10.627,2026-05-28T10:54:40.627,-930,,
balanza,52.0,-3.17,,26.01242640000055,2026-05-28T10:39:10.824,2026-05-28T10:54:40.824,-930,,
multimetro,,,,26.01580240000112,2026-05-28T10:39:10.824,2026-05-28T10:54:40.824,-930,119.0,-0.003210473
multimetro,,,,26.230997300001036,2026-05-28T10:39:11.042,2026-05-28T10:54:41.042,-930,120.0,-0.003214964
multimetro,,,,26.446078599999964,2026-05-28T10:39:11.254,2026-05-28T10:54:41.254,-930,121.0,-0.003221634
balanza,53.0,-1.21,,26.5124493000003,2026-05-28T10:39:11.324,2026-05-28T10:54:41.324,-930,,
multimetro,,,,26.66119460000118,2026-05-28T10:39:11.466,2026-05-28T10:54:41.466,-930,122.0,-0.003203385
multimetro,,,,26.87629080000079,2026-05-28T10:39:11.682,2026-05-28T10:54:41.682,-930,123.0,-0.003200348
balanza,54.0,0.48,,27.01158800000121,2026-05-28T10:39:11.823,2026-05-28T10:54:41.823,-930,,
multimetro,,,,27.091445600000952,2026-05-28T10:39:11.904,2026-05-28T10:54:41.904,-930,124.0,-0.003201416
multimetro,,,,27.30654080000022,2026-05-28T10:39:12.119,2026-05-28T10:54:42.119,-930,125.0,-0.003214954
balanza,55.0,-4.29,,27.51222609999968,2026-05-28T10:39:12.319,2026-05-28T10:54:42.319,-930,,
multimetro,,,,27.521658400000888,2026-05-28T10:39:12.334,2026-05-28T10:54:42.334,-930,126.0,-0.003229235
multimetro,,,,27.73672020000049,2026-05-28T10:39:12.549,2026-05-28T10:54:42.549,-930,127.0,-0.003225926
multimetro,,,,27.951853800001118,2026-05-28T10:39:12.764,2026-05-28T10:54:42.764,-930,128.0,-0.003252865
balanza,56.0,0.84,,28.01137050000034,2026-05-28T10:39:12.824,2026-05-28T10:54:42.824,-930,,
multimetro,,,,28.1668738999997,2026-05-28T10:39:12.980,2026-05-28T10:54:42.980,-930,129.0,-0.003241254
multimetro,,,,28.38187939999989,2026-05-28T10:39:13.192,2026-05-28T10:54:43.192,-930,130.0,-0.003246709
balanza,57.0,-4.47,,28.512577400000737,2026-05-28T10:39:13.321,2026-05-28T10:54:43.321,-930,,
multimetro,,,,28.59714840000015,2026-05-28T10:39:13.409,2026-05-28T10:54:43.409,-930,131.0,-0.003320133
multimetro,,,,28.812315000001036,2026-05-28T10:39:13.615,2026-05-28T10:54:43.615,-930,132.0,-0.003290252
balanza,58.0,-5.13,,29.01249480000115,2026-05-28T10:39:13.816,2026-05-28T10:54:43.816,-930,,
multimetro,,,,29.02761610000016,2026-05-28T10:39:13.832,2026-05-28T10:54:43.832,-930,133.0,-0.003392605
multimetro,,,,29.24269860000095,2026-05-28T10:39:14.049,2026-05-28T10:54:44.049,-930,134.0,-0.003342413
multimetro,,,,29.457825800000137,2026-05-28T10:39:14.268,2026-05-28T10:54:44.268,-930,135.0,-0.003348004
balanza,59.0,0.4,,29.51163650000126,2026-05-28T10:39:14.322,2026-05-28T10:54:44.322,-930,,
multimetro,,,,29.672924899999998,2026-05-28T10:39:14.479,2026-05-28T10:54:44.479,-930,136.0,-0.003345355
multimetro,,,,29.888057600001048,2026-05-28T10:39:14.695,2026-05-28T10:54:44.695,-930,137.0,-0.003317557
balanza,60.0,-7.35,,30.012478900000133,2026-05-28T10:39:14.815,2026-05-28T10:54:44.815,-930,,
multimetro,,,,30.1034563000012,2026-05-28T10:39:14.912,2026-05-28T10:54:44.912,-930,138.0,-0.003292859
multimetro,,,,30.31848710000122,2026-05-28T10:39:15.122,2026-05-28T10:54:45.122,-930,139.0,-0.00330291
balanza,61.0,-1.33,,30.512462400000004,2026-05-28T10:39:15.319,2026-05-28T10:54:45.319,-930,,
multimetro,,,,30.533623600000283,2026-05-28T10:39:15.339,2026-05-28T10:54:45.339,-930,140.0,-0.003304638
multimetro,,,,30.74888970000029,2026-05-28T10:39:15.561,2026-05-28T10:54:45.561,-930,141.0,-0.003317055
multimetro,,,,30.96425690000069,2026-05-28T10:39:15.769,2026-05-28T10:54:45.769,-930,142.0,-0.003301968
balanza,62.0,-2.28,,31.012456200000088,2026-05-28T10:39:15.822,2026-05-28T10:54:45.822,-930,,
multimetro,,,,31.179373700000724,2026-05-28T10:39:15.989,2026-05-28T10:54:45.989,-930,143.0,-0.003307664
multimetro,,,,31.394514300000083,2026-05-28T10:39:16.205,2026-05-28T10:54:46.205,-930,144.0,-0.003330184
balanza,63.0,-2.82,,31.512693700000455,2026-05-28T10:39:16.322,2026-05-28T10:54:46.322,-930,,
multimetro,,,,31.60959550000007,2026-05-28T10:39:16.419,2026-05-28T10:54:46.419,-930,145.0,-0.003322887
multimetro,,,,31.824735100000908,2026-05-28T10:39:16.632,2026-05-28T10:54:46.632,-930,146.0,-0.003357343
balanza,64.0,-1.46,,32.01237510000101,2026-05-28T10:39:16.820,2026-05-28T10:54:46.820,-930,,
multimetro,,,,32.03997110000091,2026-05-28T10:39:16.849,2026-05-28T10:54:46.849,-930,147.0,-0.003405284
multimetro,,,,32.25496790000034,2026-05-28T10:39:17.067,2026-05-28T10:54:47.067,-930,148.0,-0.003471337
multimetro,,,,32.47014010000021,2026-05-28T10:39:17.276,2026-05-28T10:54:47.276,-930,149.0,-0.003447278
balanza,65.0,-7.63,,32.51264690000062,2026-05-28T10:39:17.325,2026-05-28T10:54:47.325,-930,,
multimetro,,,,32.68529459999991,2026-05-28T10:39:17.497,2026-05-28T10:54:47.497,-930,150.0,-0.003451288
multimetro,,,,32.90054510000118,2026-05-28T10:39:17.712,2026-05-28T10:54:47.712,-930,151.0,-0.003465935
balanza,66.0,-4.85,,33.012527700000646,2026-05-28T10:39:17.822,2026-05-28T10:54:47.822,-930,,
multimetro,,,,33.1156845000005,2026-05-28T10:39:17.919,2026-05-28T10:54:47.919,-930,152.0,-0.003424893
multimetro,,,,33.33088350000071,2026-05-28T10:39:18.143,2026-05-28T10:54:48.143,-930,153.0,-0.003381067
balanza,67.0,-4.33,,33.512650500000746,2026-05-28T10:39:18.316,2026-05-28T10:54:48.316,-930,,
multimetro,,,,33.54601670000011,2026-05-28T10:39:18.358,2026-05-28T10:54:48.358,-930,154.0,-0.003397881
multimetro,,,,33.76118839999981,2026-05-28T10:39:18.572,2026-05-28T10:54:48.572,-930,155.0,-0.003420193
multimetro,,,,33.976137100000415,2026-05-28T10:39:18.782,2026-05-28T10:54:48.782,-930,156.0,-0.003397128
balanza,68.0,-6.72,,34.01240830000097,2026-05-28T10:39:18.825,2026-05-28T10:54:48.825,-930,,
multimetro,,,,34.191361200000756,2026-05-28T10:39:19.003,2026-05-28T10:54:49.003,-930,157.0,-0.003392866
multimetro,,,,34.40667670000039,2026-05-28T10:39:19.219,2026-05-28T10:54:49.219,-930,158.0,-0.003387171
balanza,69.0,-6.82,,34.51231960000041,2026-05-28T10:39:19.319,2026-05-28T10:54:49.319,-930,,
multimetro,,,,34.62167760000011,2026-05-28T10:39:19.426,2026-05-28T10:54:49.426,-930,159.0,-0.003384417
multimetro,,,,34.836882900001,2026-05-28T10:39:19.645,2026-05-28T10:54:49.645,-930,160.0,-0.003389537
balanza,70.0,-3.42,,35.012268100001165,2026-05-28T10:39:19.822,2026-05-28T10:54:49.822,-930,,
multimetro,,,,35.05174249999982,2026-05-28T10:39:19.862,2026-05-28T10:54:49.862,-930,161.0,-0.003397798
multimetro,,,,35.266907100000026,2026-05-28T10:39:20.079,2026-05-28T10:54:50.079,-930,162.0,-0.003398541
multimetro,,,,35.48206039999968,2026-05-28T10:39:20.292,2026-05-28T10:54:50.292,-930,163.0,-0.003409262
balanza,71.0,-7.98,,35.51262250000036,2026-05-28T10:39:20.315,2026-05-28T10:54:50.315,-930,,
multimetro,,,,35.69765290000032,2026-05-28T10:39:20.509,2026-05-28T10:54:50.509,-930,164.0,-0.003435803
multimetro,,,,35.913018100000045,2026-05-28T10:39:20.725,2026-05-28T10:54:50.725,-930,165.0,-0.003440525
balanza,72.0,-3.56,,36.01226889999998,2026-05-28T10:39:20.815,2026-05-28T10:54:50.815,-930,,
multimetro,,,,36.128131499999654,2026-05-28T10:39:20.932,2026-05-28T10:54:50.932,-930,166.0,-0.003442116
multimetro,,,,36.3432599000007,2026-05-28T10:39:21.149,2026-05-28T10:54:51.149,-930,167.0,-0.003428558
balanza,73.0,-7.95,,36.512205600000016,2026-05-28T10:39:21.319,2026-05-28T10:54:51.319,-930,,
multimetro,,,,36.55831920000128,2026-05-28T10:39:21.371,2026-05-28T10:54:51.371,-930,168.0,-0.003502181
multimetro,,,,36.77355569999963,2026-05-28T10:39:21.585,2026-05-28T10:54:51.585,-930,169.0,-0.003524094
multimetro,,,,36.988493599999856,2026-05-28T10:39:21.796,2026-05-28T10:54:51.796,-930,170.0,-0.003503228
balanza,74.0,-7.93,,37.0124463000011,2026-05-28T10:39:21.825,2026-05-28T10:54:51.825,-930,,
multimetro,,,,37.203725600000325,2026-05-28T10:39:22.012,2026-05-28T10:54:52.012,-930,171.0,-0.003515541
multimetro,,,,37.418797899999845,2026-05-28T10:39:22.229,2026-05-28T10:54:52.229,-930,172.0,-0.00349525
balanza,75.0,-6.93,,37.5127580999997,2026-05-28T10:39:22.318,2026-05-28T10:54:52.318,-930,,
multimetro,,,,37.634081800000786,2026-05-28T10:39:22.438,2026-05-28T10:54:52.438,-930,173.0,-0.003516682
multimetro,,,,37.84907630000089,2026-05-28T10:39:22.661,2026-05-28T10:54:52.661,-930,174.0,-0.00351663
balanza,76.0,-10.91,,38.01366600000074,2026-05-28T10:39:22.825,2026-05-28T10:54:52.825,-930,,
multimetro,,,,38.064279800000804,2026-05-28T10:39:22.876,2026-05-28T10:54:52.876,-930,175.0,-0.003508474
multimetro,,,,38.279201600000306,2026-05-28T10:39:23.082,2026-05-28T10:54:53.082,-930,176.0,-0.003533413
multimetro,,,,38.49444279999989,2026-05-28T10:39:23.306,2026-05-28T10:54:53.306,-930,177.0,-0.003522158
balanza,77.0,-7.06,,38.512357300000076,2026-05-28T10:39:23.325,2026-05-28T10:54:53.325,-930,,
multimetro,,,,38.70969470000091,2026-05-28T10:39:23.522,2026-05-28T10:54:53.522,-930,178.0,-0.003543694
multimetro,,,,38.9246148000002,2026-05-28T10:39:23.729,2026-05-28T10:54:53.729,-930,179.0,-0.00357014
balanza,78.0,-12.04,,39.01355540000077,2026-05-28T10:39:23.822,2026-05-28T10:54:53.822,-930,,
multimetro,,,,39.13972020000074,2026-05-28T10:39:23.952,2026-05-28T10:54:53.952,-930,180.0,-0.003658076
multimetro,,,,39.354817999999796,2026-05-28T10:39:24.162,2026-05-28T10:54:54.162,-930,181.0,-0.003652653
balanza,79.0,-7.33,,39.512462000000596,2026-05-28T10:39:24.322,2026-05-28T10:54:54.322,-930,,
multimetro,,,,39.569962900000974,2026-05-28T10:39:24.379,2026-05-28T10:54:54.379,-930,182.0,-0.003689025
multimetro,,,,39.78515100000004,2026-05-28T10:39:24.595,2026-05-28T10:54:54.595,-930,183.0,-0.0037112
multimetro,,,,40.00043619999997,2026-05-28T10:39:24.813,2026-05-28T10:54:54.813,-930,184.0,-0.003654925
balanza,80.0,-9.0,,40.01228660000015,2026-05-28T10:39:24.824,2026-05-28T10:54:54.824,-930,,
multimetro,,,,40.21550920000118,2026-05-28T10:39:25.022,2026-05-28T10:54:55.022,-930,185.0,-0.003669593
multimetro,,,,40.430667800001174,2026-05-28T10:39:25.239,2026-05-28T10:54:55.239,-930,186.0,-0.003639482
balanza,81.0,-10.44,,40.51343000000088,2026-05-28T10:39:25.322,2026-05-28T10:54:55.322,-930,,
multimetro,,,,40.64561400000093,2026-05-28T10:39:25.458,2026-05-28T10:54:55.458,-930,187.0,-0.003625714
multimetro,,,,40.860588700001244,2026-05-28T10:39:25.672,2026-05-28T10:54:55.672,-930,188.0,-0.003642015
balanza,82.0,-8.94,,41.01220210000065,2026-05-28T10:39:25.822,2026-05-28T10:54:55.822,-930,,
multimetro,,,,41.07580000000053,2026-05-28T10:39:25.879,2026-05-28T10:54:55.879,-930,189.0,-0.003659029
multimetro,,,,41.29099230000065,2026-05-28T10:39:26.095,2026-05-28T10:54:56.095,-930,190.0,-0.003649124
multimetro,,,,41.506218600001375,2026-05-28T10:39:26.315,2026-05-28T10:54:56.315,-930,191.0,-0.003649847
balanza,83.0,-9.09,,41.51230690000011,2026-05-28T10:39:26.325,2026-05-28T10:54:56.325,-930,,
multimetro,,,,41.72130280000056,2026-05-28T10:39:26.532,2026-05-28T10:54:56.532,-930,192.0,-0.003638529
multimetro,,,,41.93647100000089,2026-05-28T10:39:26.749,2026-05-28T10:54:56.749,-930,193.0,-0.003653783
balanza,84.0,-11.5,,42.01354119999996,2026-05-28T10:39:26.822,2026-05-28T10:54:56.822,-930,,
multimetro,,,,42.1514317000001,2026-05-28T10:39:26.964,2026-05-28T10:54:56.964,-930,194.0,-0.003661248
multimetro,,,,42.366538300000684,2026-05-28T10:39:27.179,2026-05-28T10:54:57.179,-930,195.0,-0.003663709
balanza,85.0,-7.89,,42.51231170000028,2026-05-28T10:39:27.322,2026-05-28T10:54:57.322,-930,,
multimetro,,,,42.581598400000075,2026-05-28T10:39:27.392,2026-05-28T10:54:57.392,-930,196.0,-0.003675718
multimetro,,,,42.79675920000045,2026-05-28T10:39:27.605,2026-05-28T10:54:57.605,-930,197.0,-0.003670357
multimetro,,,,43.011850900000354,2026-05-28T10:39:27.817,2026-05-28T10:54:57.817,-930,198.0,-0.003677121
balanza,86.0,-13.42,,43.01327719999972,2026-05-28T10:39:27.825,2026-05-28T10:54:57.825,-930,,
multimetro,,,,43.22700559999976,2026-05-28T10:39:28.032,2026-05-28T10:54:58.032,-930,199.0,-0.003690951
multimetro,,,,43.44218050000018,2026-05-28T10:39:28.252,2026-05-28T10:54:58.252,-930,200.0,-0.003705515
balanza,87.0,-7.86,,43.5123147000013,2026-05-28T10:39:28.322,2026-05-28T10:54:58.322,-930,,
multimetro,,,,43.657406500000434,2026-05-28T10:39:28.465,2026-05-28T10:54:58.465,-930,201.0,-0.003690176
multimetro,,,,43.87264030000006,2026-05-28T10:39:28.679,2026-05-28T10:54:58.679,-930,202.0,-0.003690574
balanza,88.0,-10.18,,44.01328610000019,2026-05-28T10:39:28.821,2026-05-28T10:54:58.821,-930,,
multimetro,,,,44.087879200000316,2026-05-28T10:39:28.895,2026-05-28T10:54:58.895,-930,203.0,-0.003726088
multimetro,,,,44.30302930000107,2026-05-28T10:39:29.112,2026-05-28T10:54:59.112,-930,204.0,-0.003712069
balanza,89.0,-15.91,,44.513490100000126,2026-05-28T10:39:29.324,2026-05-28T10:54:59.324,-930,,
multimetro,,,,44.518310100000235,2026-05-28T10:39:29.329,2026-05-28T10:54:59.329,-930,205.0,-0.003706237
multimetro,,,,44.73340029999963,2026-05-28T10:39:29.545,2026-05-28T10:54:59.545,-930,206.0,-0.003720549
multimetro,,,,44.94857530000081,2026-05-28T10:39:29.758,2026-05-28T10:54:59.758,-930,207.0,-0.003713262
balanza,90.0,-10.11,,45.01355640000111,2026-05-28T10:39:29.826,2026-05-28T10:54:59.826,-930,,
multimetro,,,,45.163727900000595,2026-05-28T10:39:29.975,2026-05-28T10:54:59.975,-930,208.0,-0.003748315
multimetro,,,,45.37882940000054,2026-05-28T10:39:30.191,2026-05-28T10:55:00.191,-930,209.0,-0.003735458
balanza,91.0,-14.02,,45.51325110000107,2026-05-28T10:39:30.322,2026-05-28T10:55:00.322,-930,,
multimetro,,,,45.59391830000095,2026-05-28T10:39:30.405,2026-05-28T10:55:00.405,-930,210.0,-0.003776552
multimetro,,,,45.809088600000905,2026-05-28T10:39:30.612,2026-05-28T10:55:00.612,-930,211.0,-0.003794371
balanza,92.0,-12.09,,46.013313200000994,2026-05-28T10:39:30.825,2026-05-28T10:55:00.825,-930,,
multimetro,,,,46.02402559999973,2026-05-28T10:39:30.831,2026-05-28T10:55:00.831,-930,212.0,-0.003845453
multimetro,,,,46.23910270000124,2026-05-28T10:39:31.052,2026-05-28T10:55:01.052,-930,213.0,-0.003828607
multimetro,,,,46.45404700000108,2026-05-28T10:39:31.262,2026-05-28T10:55:01.262,-930,214.0,-0.003838658
balanza,93.0,-12.75,,46.51351260000047,2026-05-28T10:39:31.322,2026-05-28T10:55:01.322,-930,,
multimetro,,,,46.66925919999994,2026-05-28T10:39:31.479,2026-05-28T10:55:01.479,-930,215.0,-0.003806443
multimetro,,,,46.8846250000006,2026-05-28T10:39:31.695,2026-05-28T10:55:01.695,-930,216.0,-0.003798999
balanza,94.0,-13.33,,47.013306300001204,2026-05-28T10:39:31.822,2026-05-28T10:55:01.822,-930,,
multimetro,,,,47.09992560000137,2026-05-28T10:39:31.912,2026-05-28T10:55:01.912,-930,217.0,-0.003792571
multimetro,,,,47.31532359999983,2026-05-28T10:39:32.122,2026-05-28T10:55:02.122,-930,218.0,-0.003812002
balanza,95.0,-12.43,,47.51331800000116,2026-05-28T10:39:32.322,2026-05-28T10:55:02.322,-930,,
multimetro,,,,47.53044349999982,2026-05-28T10:39:32.338,2026-05-28T10:55:02.338,-930,219.0,-0.003815039
multimetro,,,,47.745428100000936,2026-05-28T10:39:32.557,2026-05-28T10:55:02.557,-930,220.0,-0.003804548
multimetro,,,,47.96059630000127,2026-05-28T10:39:32.772,2026-05-28T10:55:02.772,-930,221.0,-0.003813719
balanza,96.0,-10.47,,48.013453700001264,2026-05-28T10:39:32.822,2026-05-28T10:55:02.822,-930,,
multimetro,,,,48.175800300001356,2026-05-28T10:39:32.979,2026-05-28T10:55:02.979,-930,222.0,-0.003812086
multimetro,,,,48.3911347000012,2026-05-28T10:39:33.195,2026-05-28T10:55:03.195,-930,223.0,-0.003816002
balanza,97.0,-13.12,,48.5132835000004,2026-05-28T10:39:33.322,2026-05-28T10:55:03.322,-930,,
multimetro,,,,48.60638800000015,2026-05-28T10:39:33.412,2026-05-28T10:55:03.412,-930,224.0,-0.003818044
multimetro,,,,48.82144970000081,2026-05-28T10:39:33.629,2026-05-28T10:55:03.629,-930,225.0,-0.0038387
balanza,98.0,-11.38,,49.01339680000092,2026-05-28T10:39:33.822,2026-05-28T10:55:03.822,-930,,
multimetro,,,,49.03657360000034,2026-05-28T10:39:33.845,2026-05-28T10:55:03.845,-930,226.0,-0.003842019
multimetro,,,,49.25168230000054,2026-05-28T10:39:34.062,2026-05-28T10:55:04.062,-930,227.0,-0.003860436
multimetro,,,,49.46680970000125,2026-05-28T10:39:34.279,2026-05-28T10:55:04.279,-930,228.0,-0.003863294
balanza,99.0,-16.61,,49.51335459999973,2026-05-28T10:39:34.326,2026-05-28T10:55:04.326,-930,,
multimetro,,,,49.682053300000916,2026-05-28T10:39:34.488,2026-05-28T10:55:04.488,-930,229.0,-0.003859389
multimetro,,,,49.89718809999977,2026-05-28T10:39:34.709,2026-05-28T10:55:04.709,-930,230.0,-0.003871848
balanza,100.0,-12.26,,50.01334280000083,2026-05-28T10:39:34.822,2026-05-28T10:55:04.822,-930,,
multimetro,,,,50.11251160000029,2026-05-28T10:39:34.922,2026-05-28T10:55:04.922,-930,231.0,-0.003864718
multimetro,,,,50.32746880000013,2026-05-28T10:39:35.140,2026-05-28T10:55:05.140,-930,232.0,-0.003861943
balanza,101.0,-16.81,,50.51349790000131,2026-05-28T10:39:35.322,2026-05-28T10:55:05.322,-930,,
multimetro,,,,50.54281810000066,2026-05-28T10:39:35.355,2026-05-28T10:55:05.355,-930,233.0,-0.003879826
multimetro,,,,50.75803210000049,2026-05-28T10:39:35.565,2026-05-28T10:55:05.565,-930,234.0,-0.003872622
multimetro,,,,50.973275000000285,2026-05-28T10:39:35.782,2026-05-28T10:55:05.782,-930,235.0,-0.003884673
balanza,102.0,-13.56,,51.013321200000064,2026-05-28T10:39:35.822,2026-05-28T10:55:05.822,-930,,
multimetro,,,,51.18835290000061,2026-05-28T10:39:35.999,2026-05-28T10:55:05.999,-930,236.0,-0.003897656
multimetro,,,,51.403436200000215,2026-05-28T10:39:36.215,2026-05-28T10:55:06.215,-930,237.0,-0.003896117
balanza,103.0,-12.32,,51.51336960000117,2026-05-28T10:39:36.322,2026-05-28T10:55:06.322,-930,,
multimetro,,,,51.6185502999997,2026-05-28T10:39:36.431,2026-05-28T10:55:06.431,-930,238.0,-0.003926866
multimetro,,,,51.83351109999967,2026-05-28T10:39:36.645,2026-05-28T10:55:06.645,-930,239.0,-0.003921569
balanza,104.0,-17.8,,52.013269000000946,2026-05-28T10:39:36.821,2026-05-28T10:55:06.821,-930,,
multimetro,,,,52.04872950000026,2026-05-28T10:39:36.858,2026-05-28T10:55:06.858,-930,240.0,-0.003947397
multimetro,,,,52.26382639999974,2026-05-28T10:39:37.072,2026-05-28T10:55:07.072,-930,241.0,-0.00396461
multimetro,,,,52.478833600000144,2026-05-28T10:39:37.292,2026-05-28T10:55:07.292,-930,242.0,-0.003945628
balanza,105.0,-14.74,,52.51348540000072,2026-05-28T10:39:37.322,2026-05-28T10:55:07.322,-930,,
multimetro,,,,52.693868700000166,2026-05-28T10:39:37.499,2026-05-28T10:55:07.499,-930,243.0,-0.003988774
multimetro,,,,52.93533960000059,2026-05-28T10:39:37.745,2026-05-28T10:55:07.745,-930,244.0,-0.003976367
balanza,106.0,-15.04,,53.01332910000019,2026-05-28T10:39:37.822,2026-05-28T10:55:07.822,-930,,
multimetro,,,,53.14989090000017,2026-05-28T10:39:37.962,2026-05-28T10:55:07.962,-930,245.0,-0.003975048
multimetro,,,,53.36489749999964,2026-05-28T10:39:38.172,2026-05-28T10:55:08.172,-930,246.0,-0.003971635
balanza,107.0,-16.38,,53.5132665000001,2026-05-28T10:39:38.321,2026-05-28T10:55:08.321,-930,,
multimetro,,,,53.57993780000106,2026-05-28T10:39:38.392,2026-05-28T10:55:08.392,-930,247.0,-0.003974409
multimetro,,,,53.79485829999976,2026-05-28T10:39:38.605,2026-05-28T10:55:08.605,-930,248.0,-0.003968641
multimetro,,,,54.01001619999988,2026-05-28T10:39:38.822,2026-05-28T10:55:08.822,-930,249.0,-0.003975142
balanza,108.0,-13.59,,54.01334240000142,2026-05-28T10:39:38.822,2026-05-28T10:55:08.822,-930,,
multimetro,,,,54.225231300000814,2026-05-28T10:39:39.029,2026-05-28T10:55:09.029,-930,250.0,-0.003981864
multimetro,,,,54.44028530000105,2026-05-28T10:39:39.245,2026-05-28T10:55:09.245,-930,251.0,-0.003992648
balanza,109.0,-18.58,,54.513400300000285,2026-05-28T10:39:39.325,2026-05-28T10:55:09.325,-930,,
multimetro,,,,54.655515899999955,2026-05-28T10:39:39.462,2026-05-28T10:55:09.462,-930,252.0,-0.003993433
multimetro,,,,54.87062450000121,2026-05-28T10:39:39.680,2026-05-28T10:55:09.680,-930,253.0,-0.00399694
balanza,110.0,-15.55,,55.01347999999962,2026-05-28T10:39:39.822,2026-05-28T10:55:09.822,-930,,
multimetro,,,,55.085618299999624,2026-05-28T10:39:39.895,2026-05-28T10:55:09.895,-930,254.0,-0.003996898
multimetro,,,,55.30110880000029,2026-05-28T10:39:40.112,2026-05-28T10:55:10.112,-930,255.0,-0.004001997
balanza,111.0,-17.15,,55.51328319999993,2026-05-28T10:39:40.322,2026-05-28T10:55:10.322,-930,,
multimetro,,,,55.5163633000011,2026-05-28T10:39:40.329,2026-05-28T10:55:10.329,-930,256.0,-0.00402635
multimetro,,,,55.731531800000084,2026-05-28T10:39:40.539,2026-05-28T10:55:10.539,-930,257.0,-0.004019524
multimetro,,,,55.94661470000028,2026-05-28T10:39:40.759,2026-05-28T10:55:10.759,-930,258.0,-0.004018958
balanza,112.0,-15.64,,56.01353139999992,2026-05-28T10:39:40.825,2026-05-28T10:55:10.825,-930,,
multimetro,,,,56.16163410000081,2026-05-28T10:39:40.972,2026-05-28T10:55:10.972,-930,259.0,-0.004024329
multimetro,,,,56.37683819999984,2026-05-28T10:39:41.188,2026-05-28T10:55:11.188,-930,260.0,-0.00403036
balanza,113.0,-16.43,,56.513370900000155,2026-05-28T10:39:41.322,2026-05-28T10:55:11.322,-930,,
multimetro,,,,56.591961699999956,2026-05-28T10:39:41.395,2026-05-28T10:55:11.395,-930,261.0,-0.004043698
multimetro,,,,56.80707500000062,2026-05-28T10:39:41.612,2026-05-28T10:55:11.612,-930,262.0,-0.004035909
balanza,114.0,-19.95,,57.01336869999977,2026-05-28T10:39:41.822,2026-05-28T10:55:11.822,-930,,
multimetro,,,,57.02213080000001,2026-05-28T10:39:41.829,2026-05-28T10:55:11.829,-930,263.0,-0.0040415
multimetro,,,,57.237208500000634,2026-05-28T10:39:42.050,2026-05-28T10:55:12.050,-930,264.0,-0.004039699
multimetro,,,,57.452507900001365,2026-05-28T10:39:42.262,2026-05-28T10:55:12.262,-930,265.0,-0.004046441
balanza,115.0,-15.97,,57.51346060000105,2026-05-28T10:39:42.325,2026-05-28T10:55:12.325,-930,,
multimetro,,,,57.66774290000103,2026-05-28T10:39:42.480,2026-05-28T10:55:12.480,-930,266.0,-0.004051425
multimetro,,,,57.882809599999746,2026-05-28T10:39:42.695,2026-05-28T10:55:12.695,-930,267.0,-0.00405332
balanza,116.0,-21.14,,58.01332890000049,2026-05-28T10:39:42.822,2026-05-28T10:55:12.822,-930,,
multimetro,,,,58.098101900000984,2026-05-28T10:39:42.905,2026-05-28T10:55:12.905,-930,268.0,-0.004079599
multimetro,,,,58.313200399999914,2026-05-28T10:39:43.122,2026-05-28T10:55:13.122,-930,269.0,-0.004093283
balanza,117.0,-16.96,,58.51322330000039,2026-05-28T10:39:43.322,2026-05-28T10:55:13.322,-930,,
multimetro,,,,58.52806299999975,2026-05-28T10:39:43.339,2026-05-28T10:55:13.339,-930,270.0,-0.004091639
multimetro,,,,58.743212600000334,2026-05-28T10:39:43.555,2026-05-28T10:55:13.555,-930,271.0,-0.004144482
multimetro,,,,58.958325700001296,2026-05-28T10:39:43.762,2026-05-28T10:55:13.762,-930,272.0,-0.004132086
balanza,118.0,-17.84,,59.0134693,2026-05-28T10:39:43.822,2026-05-28T10:55:13.822,-930,,
multimetro,,,,59.17349220000142,2026-05-28T10:39:43.981,2026-05-28T10:55:13.981,-930,273.0,-0.004128147
multimetro,,,,59.38866159999998,2026-05-28T10:39:44.195,2026-05-28T10:55:14.195,-930,274.0,-0.004134431
balanza,119.0,-19.3,,59.51333499999964,2026-05-28T10:39:44.322,2026-05-28T10:55:14.322,-930,,
multimetro,,,,59.603924000000916,2026-05-28T10:39:44.412,2026-05-28T10:55:14.412,-930,275.0,-0.004138441
multimetro,,,,59.81886940000004,2026-05-28T10:39:44.629,2026-05-28T10:55:14.629,-930,276.0,-0.004139321
balanza,120.0,-19.28,,60.013269400000354,2026-05-28T10:39:44.822,2026-05-28T10:55:14.822,-930,,
multimetro,,,,60.034016300000076,2026-05-28T10:39:44.845,2026-05-28T10:55:14.845,-930,277.0,-0.004134703
multimetro,,,,60.24932609999996,2026-05-28T10:39:45.062,2026-05-28T10:55:15.062,-930,278.0,-0.004140902
multimetro,,,,60.464419400001134,2026-05-28T10:39:45.272,2026-05-28T10:55:15.272,-930,279.0,-0.004140713
balanza,121.0,-18.51,,60.51341409999986,2026-05-28T10:39:45.322,2026-05-28T10:55:15.322,-930,,
multimetro,,,,60.67950790000032,2026-05-28T10:39:45.488,2026-05-28T10:55:15.488,-930,280.0,-0.004141781
multimetro,,,,60.89467070000137,2026-05-28T10:39:45.707,2026-05-28T10:55:15.707,-930,281.0,-0.004147079
balanza,122.0,-20.63,,61.01336710000032,2026-05-28T10:39:45.822,2026-05-28T10:55:15.822,-930,,
multimetro,,,,61.109780099999625,2026-05-28T10:39:45.922,2026-05-28T10:55:15.922,-930,282.0,-0.004150094
multimetro,,,,61.32481320000079,2026-05-28T10:39:46.129,2026-05-28T10:55:16.129,-930,283.0,-0.004155559
balanza,123.0,-19.05,,61.51336850000007,2026-05-28T10:39:46.322,2026-05-28T10:55:16.322,-930,,
multimetro,,,,61.53993690000061,2026-05-28T10:39:46.349,2026-05-28T10:55:16.349,-930,284.0,-0.004158302
multimetro,,,,61.75499590000072,2026-05-28T10:39:46.568,2026-05-28T10:55:16.568,-930,285.0,-0.004165464
multimetro,,,,61.97012790000008,2026-05-28T10:39:46.782,2026-05-28T10:55:16.782,-930,286.0,-0.004183095
balanza,124.0,-21.83,,62.013515700000426,2026-05-28T10:39:46.826,2026-05-28T10:55:16.826,-930,,
multimetro,,,,62.185167400000864,2026-05-28T10:39:46.998,2026-05-28T10:55:16.998,-930,287.0,-0.004176928
multimetro,,,,62.40031090000048,2026-05-28T10:39:47.212,2026-05-28T10:55:17.212,-930,288.0,-0.004184079
balanza,125.0,-16.92,,62.513398099999904,2026-05-28T10:39:47.325,2026-05-28T10:55:17.325,-930,,
multimetro,,,,62.615529400000014,2026-05-28T10:39:47.428,2026-05-28T10:55:17.428,-930,289.0,-0.004186581
multimetro,,,,62.83065290000013,2026-05-28T10:39:47.638,2026-05-28T10:55:17.638,-930,290.0,-0.004186267
balanza,126.0,-20.65,,63.0132293000006,2026-05-28T10:39:47.822,2026-05-28T10:55:17.822,-930,,
multimetro,,,,63.04585820000102,2026-05-28T10:39:47.855,2026-05-28T10:55:17.855,-930,291.0,-0.004197574
multimetro,,,,63.26095600000008,2026-05-28T10:39:48.065,2026-05-28T10:55:18.065,-930,292.0,-0.004197375
multimetro,,,,63.476180300000124,2026-05-28T10:39:48.286,2026-05-28T10:55:18.286,-930,293.0,-0.004203647
balanza,127.0,-18.01,,63.51336520000041,2026-05-28T10:39:48.326,2026-05-28T10:55:18.326,-930,,
multimetro,,,,63.69144570000026,2026-05-28T10:39:48.502,2026-05-28T10:55:18.502,-930,294.0,-0.004207081
multimetro,,,,63.90654750000067,2026-05-28T10:39:48.715,2026-05-28T10:55:18.715,-930,295.0,-0.00421017
balanza,128.0,-20.3,,64.01346700000067,2026-05-28T10:39:48.825,2026-05-28T10:55:18.825,-930,,
multimetro,,,,64.12156090000099,2026-05-28T10:39:48.932,2026-05-28T10:55:18.932,-930,296.0,-0.004218776
multimetro,,,,64.3367143000014,2026-05-28T10:39:49.149,2026-05-28T10:55:19.149,-930,297.0,-0.004231884
balanza,129.0,-21.07,,64.51328140000078,2026-05-28T10:39:49.322,2026-05-28T10:55:19.322,-930,,
multimetro,,,,64.55163360000006,2026-05-28T10:39:49.363,2026-05-28T10:55:19.363,-930,298.0,-0.004234208
multimetro,,,,64.76673670000127,2026-05-28T10:39:49.578,2026-05-28T10:55:19.578,-930,299.0,-0.004241935
multimetro,,,,64.98199620000014,2026-05-28T10:39:49.793,2026-05-28T10:55:19.793,-930,300.0,-0.004241328
balanza,130.0,-18.98,,65.01348930000131,2026-05-28T10:39:49.826,2026-05-28T10:55:19.826,-930,,
multimetro,,,,65.1971164000006,2026-05-28T10:39:50.008,2026-05-28T10:55:20.008,-930,301.0,-0.00425008
multimetro,,,,65.4122466000008,2026-05-28T10:39:50.225,2026-05-28T10:55:20.225,-930,302.0,-0.004249934
balanza,131.0,-22.17,,65.51360540000132,2026-05-28T10:39:50.322,2026-05-28T10:55:20.322,-930,,
multimetro,,,,65.6271996000014,2026-05-28T10:39:50.439,2026-05-28T10:55:20.439,-930,303.0,-0.00425588
multimetro,,,,65.84269880000102,2026-05-28T10:39:50.655,2026-05-28T10:55:20.655,-930,304.0,-0.004264895
balanza,132.0,-19.46,,66.0132551000006,2026-05-28T10:39:50.821,2026-05-28T10:55:20.821,-930,,
multimetro,,,,66.05763660000048,2026-05-28T10:39:50.862,2026-05-28T10:55:20.862,-930,305.0,-0.004263932
multimetro,,,,66.27273980000064,2026-05-28T10:39:51.079,2026-05-28T10:55:21.079,-930,306.0,-0.004270821
multimetro,,,,66.48801000000094,2026-05-28T10:39:51.295,2026-05-28T10:55:21.295,-930,307.0,-0.004274286
balanza,133.0,-22.01,,66.5132878000004,2026-05-28T10:39:51.326,2026-05-28T10:55:21.326,-930,,
multimetro,,,,66.70306700000037,2026-05-28T10:39:51.512,2026-05-28T10:55:21.512,-930,308.0,-0.004279155
multimetro,,,,66.91802960000132,2026-05-28T10:39:51.728,2026-05-28T10:55:21.728,-930,309.0,-0.00427994
balanza,134.0,-21.41,,67.01333069999964,2026-05-28T10:39:51.826,2026-05-28T10:55:21.826,-930,,
multimetro,,,,67.13315470000089,2026-05-28T10:39:51.945,2026-05-28T10:55:21.945,-930,310.0,-0.004284138
multimetro,,,,67.3484352000014,2026-05-28T10:39:52.155,2026-05-28T10:55:22.155,-930,311.0,-0.004294022
balanza,135.0,-20.96,,67.51334280000083,2026-05-28T10:39:52.322,2026-05-28T10:55:22.322,-930,,
multimetro,,,,67.5635043000002,2026-05-28T10:39:52.372,2026-05-28T10:55:22.372,-930,312.0,-0.004298597
multimetro,,,,67.77852180000082,2026-05-28T10:39:52.589,2026-05-28T10:55:22.589,-930,313.0,-0.004301968
multimetro,,,,67.99356520000038,2026-05-28T10:39:52.805,2026-05-28T10:55:22.805,-930,314.0,-0.004305172
balanza,136.0,-22.97,,68.01331540000137,2026-05-28T10:39:52.825,2026-05-28T10:55:22.825,-930,,
multimetro,,,,68.20875909999995,2026-05-28T10:39:53.012,2026-05-28T10:55:23.012,-930,315.0,-0.004306847
multimetro,,,,68.42396689999987,2026-05-28T10:39:53.233,2026-05-28T10:55:23.233,-930,316.0,-0.004312815
balanza,137.0,-22.28,,68.5131906000006,2026-05-28T10:39:53.326,2026-05-28T10:55:23.326,-930,,
multimetro,,,,68.63925960000051,2026-05-28T10:39:53.445,2026-05-28T10:55:23.445,-930,317.0,-0.004317108
multimetro,,,,68.85420220000015,2026-05-28T10:39:53.662,2026-05-28T10:55:23.662,-930,318.0,-0.004319652
balanza,138.0,-24.42,,69.01332520000142,2026-05-28T10:39:53.822,2026-05-28T10:55:23.822,-930,,
multimetro,,,,69.06935750000048,2026-05-28T10:39:53.879,2026-05-28T10:55:23.879,-930,319.0,-0.004326886
multimetro,,,,69.28449250000085,2026-05-28T10:39:54.095,2026-05-28T10:55:24.095,-930,320.0,-0.004331032
multimetro,,,,69.49961310000072,2026-05-28T10:39:54.312,2026-05-28T10:55:24.312,-930,321.0,-0.004335137
balanza,139.0,-20.9,,69.51315810000051,2026-05-28T10:39:54.325,2026-05-28T10:55:24.325,-930,,
multimetro,,,,69.71491349999997,2026-05-28T10:39:54.522,2026-05-28T10:55:24.522,-930,322.0,-0.004342696
multimetro,,,,69.92998330000046,2026-05-28T10:39:54.740,2026-05-28T10:55:24.740,-930,323.0,-0.004347104
balanza,140.0,-24.1,,70.01327300000048,2026-05-28T10:39:54.825,2026-05-28T10:55:24.825,-930,,
multimetro,,,,70.14499869999963,2026-05-28T10:39:54.955,2026-05-28T10:55:24.955,-930,324.0,-0.00435572
multimetro,,,,70.3600690000003,2026-05-28T10:39:55.172,2026-05-28T10:55:25.172,-930,325.0,-0.004360913
balanza,141.0,-25.59,,70.51323020000018,2026-05-28T10:39:55.322,2026-05-28T10:55:25.322,-930,,
multimetro,,,,70.57522280000012,2026-05-28T10:39:55.379,2026-05-28T10:55:25.379,-930,326.0,-0.004366138
multimetro,,,,70.79039829999965,2026-05-28T10:39:55.595,2026-05-28T10:55:25.595,-930,327.0,-0.004373404
multimetro,,,,71.00552750000134,2026-05-28T10:39:55.813,2026-05-28T10:55:25.813,-930,328.0,-0.004378795
balanza,142.0,-24.02,,71.01324360000035,2026-05-28T10:39:55.825,2026-05-28T10:55:25.825,-930,,
multimetro,,,,71.22061770000073,2026-05-28T10:39:56.029,2026-05-28T10:55:26.029,-930,329.0,-0.004389045
multimetro,,,,71.4359002000001,2026-05-28T10:39:56.246,2026-05-28T10:55:26.246,-930,330.0,-0.004397296
balanza,143.0,-24.17,,71.51343690000067,2026-05-28T10:39:56.325,2026-05-28T10:55:26.325,-930,,
multimetro,,,,71.65087180000046,2026-05-28T10:39:56.462,2026-05-28T10:55:26.462,-930,331.0,-0.004403462
multimetro,,,,71.86592530000053,2026-05-28T10:39:56.679,2026-05-28T10:55:26.679,-930,332.0,-0.004408823
balanza,144.0,-22.79,,72.01313769999979,2026-05-28T10:39:56.822,2026-05-28T10:55:26.822,-930,,
multimetro,,,,72.08107399999972,2026-05-28T10:39:56.888,2026-05-28T10:55:26.888,-930,333.0,-0.004419554
multimetro,,,,72.29610230000071,2026-05-28T10:39:57.109,2026-05-28T10:55:27.109,-930,334.0,-0.004424873
multimetro,,,,72.51116170000023,2026-05-28T10:39:57.322,2026-05-28T10:55:27.322,-930,335.0,-0.004433709
balanza,145.0,-26.09,,72.51320500000111,2026-05-28T10:39:57.322,2026-05-28T10:55:27.322,-930,,
multimetro,,,,72.72612110000046,2026-05-28T10:39:57.538,2026-05-28T10:55:27.538,-930,336.0,-0.004439311
multimetro,,,,72.94126890000007,2026-05-28T10:39:57.753,2026-05-28T10:55:27.753,-930,337.0,-0.004440169
balanza,146.0,-22.68,,73.01343100000122,2026-05-28T10:39:57.825,2026-05-28T10:55:27.825,-930,,
multimetro,,,,73.15631899999971,2026-05-28T10:39:57.962,2026-05-28T10:55:27.962,-930,338.0,-0.004446954
multimetro,,,,73.37152930000047,2026-05-28T10:39:58.179,2026-05-28T10:55:28.179,-930,339.0,-0.004449644
balanza,147.0,-26.36,,73.51344320000135,2026-05-28T10:39:58.322,2026-05-28T10:55:28.322,-930,,
multimetro,,,,73.58648429999994,2026-05-28T10:39:58.395,2026-05-28T10:55:28.395,-930,340.0,-0.004451749
multimetro,,,,73.80166190000091,2026-05-28T10:39:58.612,2026-05-28T10:55:28.612,-930,341.0,-0.004457884
balanza,148.0,-23.79,,74.01343760000054,2026-05-28T10:39:58.821,2026-05-28T10:55:28.821,-930,,
multimetro,,,,74.01675700000123,2026-05-28T10:39:58.828,2026-05-28T10:55:28.828,-930,342.0,-0.004467317
multimetro,,,,74.23205330000019,2026-05-28T10:39:59.042,2026-05-28T10:55:29.042,-930,343.0,-0.004471736
multimetro,,,,74.44707110000127,2026-05-28T10:39:59.260,2026-05-28T10:55:29.260,-930,344.0,-0.004478792
balanza,149.0,-23.63,,74.51329760000044,2026-05-28T10:39:59.325,2026-05-28T10:55:29.325,-930,,
multimetro,,,,74.66213550000066,2026-05-28T10:39:59.471,2026-05-28T10:55:29.471,-930,345.0,-0.004485357
multimetro,,,,74.8771783000011,2026-05-28T10:39:59.689,2026-05-28T10:55:29.689,-930,346.0,-0.004487974
balanza,150.0,-24.24,,75.01330100000087,2026-05-28T10:39:59.822,2026-05-28T10:55:29.822,-930,,
multimetro,,,,75.09248240000124,2026-05-28T10:39:59.905,2026-05-28T10:55:29.905,-930,347.0,-0.004491502
multimetro,,,,75.30783730000076,2026-05-28T10:40:00.112,2026-05-28T10:55:30.112,-930,348.0,-0.004498266
balanza,151.0,-24.99,,75.51323650000086,2026-05-28T10:40:00.322,2026-05-28T10:55:30.322,-930,,
multimetro,,,,75.52275250000093,2026-05-28T10:40:00.329,2026-05-28T10:55:30.329,-930,349.0,-0.00450193
multimetro,,,,75.73785830000088,2026-05-28T10:40:00.545,2026-05-28T10:55:30.545,-930,350.0,-0.00450816
multimetro,,,,75.95293980000133,2026-05-28T10:40:00.762,2026-05-28T10:55:30.762,-930,351.0,-0.004511583
balanza,152.0,-25.49,,76.0134489000011,2026-05-28T10:40:00.826,2026-05-28T10:55:30.826,-930,,
multimetro,,,,76.1680765000001,2026-05-28T10:40:00.979,2026-05-28T10:55:30.979,-930,352.0,-0.004516002
multimetro,,,,76.38316529999975,2026-05-28T10:40:01.195,2026-05-28T10:55:31.195,-930,353.0,-0.004521603
balanza,153.0,-24.03,,76.51323500000035,2026-05-28T10:40:01.322,2026-05-28T10:55:31.322,-930,,
multimetro,,,,76.59860260000096,2026-05-28T10:40:01.405,2026-05-28T10:55:31.405,-930,354.0,-0.004525498
multimetro,,,,76.81386019999991,2026-05-28T10:40:01.622,2026-05-28T10:55:31.622,-930,355.0,-0.004530387
balanza,154.0,-25.83,,77.01340850000088,2026-05-28T10:40:01.822,2026-05-28T10:55:31.822,-930,,
multimetro,,,,77.02891170000112,2026-05-28T10:40:01.842,2026-05-28T10:55:31.842,-930,356.0,-0.004536857
multimetro,,,,77.24403280000115,2026-05-28T10:40:02.055,2026-05-28T10:55:32.055,-930,357.0,-0.004540103
multimetro,,,,77.4589990000004,2026-05-28T10:40:02.262,2026-05-28T10:55:32.262,-930,358.0,-0.004548406
balanza,155.0,-27.67,,77.51351919999979,2026-05-28T10:40:02.322,2026-05-28T10:55:32.322,-930,,
multimetro,,,,77.67414699999972,2026-05-28T10:40:02.478,2026-05-28T10:55:32.478,-930,359.0,-0.004552269
multimetro,,,,77.88919499999975,2026-05-28T10:40:02.695,2026-05-28T10:55:32.695,-930,360.0,-0.004555598
balanza,156.0,-23.98,,78.01328860000103,2026-05-28T10:40:02.822,2026-05-28T10:55:32.822,-930,,
multimetro,,,,78.10446290000073,2026-05-28T10:40:02.912,2026-05-28T10:55:32.912,-930,361.0,-0.004561598
multimetro,,,,78.31941850000112,2026-05-28T10:40:03.128,2026-05-28T10:55:33.128,-930,362.0,-0.004565367
balanza,157.0,-27.91,,78.51319730000068,2026-05-28T10:40:03.322,2026-05-28T10:55:33.322,-930,,
multimetro,,,,78.53466099999969,2026-05-28T10:40:03.345,2026-05-28T10:55:33.345,-930,363.0,-0.004570465
multimetro,,,,78.74976600000082,2026-05-28T10:40:03.562,2026-05-28T10:55:33.562,-930,364.0,-0.004578422
multimetro,,,,78.96509549999973,2026-05-28T10:40:03.771,2026-05-28T10:55:33.771,-930,365.0,-0.00458216
balanza,158.0,-25.43,,79.01344020000033,2026-05-28T10:40:03.822,2026-05-28T10:55:33.822,-930,,
multimetro,,,,79.18029620000016,2026-05-28T10:40:03.989,2026-05-28T10:55:33.989,-930,366.0,-0.004589175
multimetro,,,,79.39537940000082,2026-05-28T10:40:04.205,2026-05-28T10:55:34.205,-930,367.0,-0.00459486
balanza,159.0,-28.64,,79.51341430000139,2026-05-28T10:40:04.325,2026-05-28T10:55:34.325,-930,,
multimetro,,,,79.61046180000085,2026-05-28T10:40:04.415,2026-05-28T10:55:34.415,-930,368.0,-0.004598221
multimetro,,,,79.82555930000126,2026-05-28T10:40:04.632,2026-05-28T10:55:34.632,-930,369.0,-0.004601267
balanza,160.0,-25.99,,80.01328570000078,2026-05-28T10:40:04.822,2026-05-28T10:55:34.822,-930,,
multimetro,,,,80.04073770000105,2026-05-28T10:40:04.849,2026-05-28T10:55:34.849,-930,370.0,-0.004607151
multimetro,,,,80.25609460000123,2026-05-28T10:40:05.065,2026-05-28T10:55:35.065,-930,371.0,-0.004612522
multimetro,,,,80.47123450000072,2026-05-28T10:40:05.282,2026-05-28T10:55:35.282,-930,372.0,-0.004619192
balanza,161.0,-29.58,,80.51332490000095,2026-05-28T10:40:05.326,2026-05-28T10:55:35.326,-930,,
multimetro,,,,80.68627040000138,2026-05-28T10:40:05.498,2026-05-28T10:55:35.498,-930,373.0,-0.004621715
multimetro,,,,80.90149089999977,2026-05-28T10:40:05.713,2026-05-28T10:55:35.713,-930,374.0,-0.004627756
balanza,162.0,-26.29,,81.01320500000111,2026-05-28T10:40:05.825,2026-05-28T10:55:35.825,-930,,
multimetro,,,,81.11654070000077,2026-05-28T10:40:05.929,2026-05-28T10:55:35.929,-930,375.0,-0.004632834
multimetro,,,,81.33166130000063,2026-05-28T10:40:06.142,2026-05-28T10:55:36.142,-930,376.0,-0.004638079
balanza,163.0,-26.27,,81.51331110000137,2026-05-28T10:40:06.322,2026-05-28T10:55:36.322,-930,,
multimetro,,,,81.54670460000125,2026-05-28T10:40:06.359,2026-05-28T10:55:36.359,-930,377.0,-0.004642487
multimetro,,,,81.76183690000107,2026-05-28T10:40:06.565,2026-05-28T10:55:36.565,-930,378.0,-0.004646204
multimetro,,,,81.97706149999976,2026-05-28T10:40:06.782,2026-05-28T10:55:36.782,-930,379.0,-0.004651261
balanza,164.0,-26.7,,82.01342430000113,2026-05-28T10:40:06.825,2026-05-28T10:55:36.825,-930,,
multimetro,,,,82.19212630000038,2026-05-28T10:40:07.003,2026-05-28T10:55:37.003,-930,380.0,-0.004655291
multimetro,,,,82.40732110000135,2026-05-28T10:40:07.215,2026-05-28T10:55:37.215,-930,381.0,-0.004657951
balanza,165.0,-28.72,,82.51320870000018,2026-05-28T10:40:07.321,2026-05-28T10:55:37.321,-930,,
multimetro,,,,82.62253770000098,2026-05-28T10:40:07.435,2026-05-28T10:55:37.435,-930,382.0,-0.004661406
multimetro,,,,82.83778379999967,2026-05-28T10:40:07.648,2026-05-28T10:55:37.648,-930,383.0,-0.004666065
balanza,166.0,-29.01,,83.01326770000014,2026-05-28T10:40:07.822,2026-05-28T10:55:37.822,-930,,
multimetro,,,,83.05280680000033,2026-05-28T10:40:07.865,2026-05-28T10:55:37.865,-930,384.0,-0.004672043
multimetro,,,,83.26792000000023,2026-05-28T10:40:08.081,2026-05-28T10:55:38.081,-930,385.0,-0.004677016
multimetro,,,,83.48294139999962,2026-05-28T10:40:08.295,2026-05-28T10:55:38.295,-930,386.0,-0.004681403
balanza,167.0,-29.0,,83.51355830000102,2026-05-28T10:40:08.323,2026-05-28T10:55:38.323,-930,,
multimetro,,,,83.69807730000139,2026-05-28T10:40:08.505,2026-05-28T10:55:38.505,-930,387.0,-0.004686701
multimetro,,,,83.91310110000086,2026-05-28T10:40:08.726,2026-05-28T10:55:38.726,-930,388.0,-0.004690941
balanza,168.0,-29.6,,84.01329720000103,2026-05-28T10:40:08.822,2026-05-28T10:55:38.822,-930,,
multimetro,,,,84.12835559999985,2026-05-28T10:40:08.932,2026-05-28T10:55:38.932,-930,389.0,-0.004696103
multimetro,,,,84.34343960000115,2026-05-28T10:40:09.148,2026-05-28T10:55:39.148,-930,390.0,-0.004698867
balanza,169.0,-28.97,,84.51326979999976,2026-05-28T10:40:09.322,2026-05-28T10:55:39.322,-930,,
multimetro,,,,84.558487100001,2026-05-28T10:40:09.362,2026-05-28T10:55:39.362,-930,391.0,-0.004703348
multimetro,,,,84.77369460000045,2026-05-28T10:40:09.579,2026-05-28T10:55:39.579,-930,392.0,-0.004710446
multimetro,,,,84.98877340000035,2026-05-28T10:40:09.799,2026-05-28T10:55:39.799,-930,393.0,-0.004714351
balanza,170.0,-26.54,,85.01345460000084,2026-05-28T10:40:09.826,2026-05-28T10:55:39.826,-930,,
multimetro,,,,85.20393930000137,2026-05-28T10:40:10.013,2026-05-28T10:55:40.013,-930,394.0,-0.004720193
multimetro,,,,85.41914390000056,2026-05-28T10:40:10.228,2026-05-28T10:55:40.228,-930,395.0,-0.004726004
balanza,171.0,-30.63,,85.51325540000107,2026-05-28T10:40:10.325,2026-05-28T10:55:40.325,-930,,
multimetro,,,,85.63437710000107,2026-05-28T10:40:10.445,2026-05-28T10:55:40.445,-930,396.0,-0.00472814
multimetro,,,,85.84950430000026,2026-05-28T10:40:10.662,2026-05-28T10:55:40.662,-930,397.0,-0.004731658
balanza,172.0,-28.05,,86.01314730000013,2026-05-28T10:40:10.821,2026-05-28T10:55:40.821,-930,,
multimetro,,,,86.06453990000045,2026-05-28T10:40:10.872,2026-05-28T10:55:40.872,-930,398.0,-0.004735647
multimetro,,,,86.27963079999972,2026-05-28T10:40:11.092,2026-05-28T10:55:41.092,-930,399.0,-0.004738359
multimetro,,,,86.49476959999993,2026-05-28T10:40:11.305,2026-05-28T10:55:41.305,-930,400.0,-0.004744169
balanza,173.0,-31.76,,86.51332230000116,2026-05-28T10:40:11.325,2026-05-28T10:55:41.325,-930,,
multimetro,,,,86.70987380000042,2026-05-28T10:40:11.522,2026-05-28T10:55:41.522,-930,401.0,-0.004749509
multimetro,,,,86.92496480000045,2026-05-28T10:40:11.728,2026-05-28T10:55:41.728,-930,402.0,-0.00475556
balanza,174.0,-27.39,,87.01343480000105,2026-05-28T10:40:11.825,2026-05-28T10:55:41.825,-930,,
multimetro,,,,87.14003920000141,2026-05-28T10:40:11.945,2026-05-28T10:55:41.945,-930,403.0,-0.004762114
multimetro,,,,87.35513739999988,2026-05-28T10:40:12.162,2026-05-28T10:55:42.162,-930,404.0,-0.004766763
balanza,175.0,-29.09,,87.51338790000045,2026-05-28T10:40:12.322,2026-05-28T10:55:42.322,-930,,
multimetro,,,,87.57010660000014,2026-05-28T10:40:12.378,2026-05-28T10:55:42.378,-930,405.0,-0.004772448
multimetro,,,,87.78496700000142,2026-05-28T10:40:12.595,2026-05-28T10:55:42.595,-930,406.0,-0.004777118
multimetro,,,,88.00005179999971,2026-05-28T10:40:12.812,2026-05-28T10:55:42.812,-930,407.0,-0.004780834
balanza,176.0,-28.2,,88.0132792000004,2026-05-28T10:40:12.825,2026-05-28T10:55:42.825,-930,,
multimetro,,,,88.21545080000033,2026-05-28T10:40:13.028,2026-05-28T10:55:43.028,-930,408.0,-0.004785378
multimetro,,,,88.43071390000114,2026-05-28T10:40:13.239,2026-05-28T10:55:43.239,-930,409.0,-0.004790163
balanza,177.0,-30.28,,88.51338000000032,2026-05-28T10:40:13.326,2026-05-28T10:55:43.326,-930,,
multimetro,,,,88.64606770000137,2026-05-28T10:40:13.455,2026-05-28T10:55:43.455,-930,410.0,-0.004792969
multimetro,,,,88.8610976,2026-05-28T10:40:13.674,2026-05-28T10:55:43.674,-930,411.0,-0.004797513
balanza,178.0,-30.71,,89.01322860000073,2026-05-28T10:40:13.826,2026-05-28T10:55:43.826,-930,,
multimetro,,,,89.07631730000139,2026-05-28T10:40:13.888,2026-05-28T10:55:43.888,-930,412.0,-0.004800434
multimetro,,,,89.29157560000021,2026-05-28T10:40:14.095,2026-05-28T10:55:44.095,-930,413.0,-0.004803093
multimetro,,,,89.506615100001,2026-05-28T10:40:14.313,2026-05-28T10:55:44.313,-930,414.0,-0.004805239
balanza,179.0,-31.7,,89.51337080000121,2026-05-28T10:40:14.326,2026-05-28T10:55:44.326,-930,,
multimetro,,,,89.72157100000004,2026-05-28T10:40:14.528,2026-05-28T10:55:44.528,-930,415.0,-0.004808412
multimetro,,,,89.9366745999996,2026-05-28T10:40:14.745,2026-05-28T10:55:44.745,-930,416.0,-0.00481195
balanza,180.0,-30.82,,90.01336710000032,2026-05-28T10:40:14.825,2026-05-28T10:55:44.825,-930,,
multimetro,,,,90.15176059999976,2026-05-28T10:40:14.962,2026-05-28T10:55:44.962,-930,417.0,-0.004815322
multimetro,,,,90.36684729999979,2026-05-28T10:40:15.178,2026-05-28T10:55:45.178,-930,418.0,-0.00481907
balanza,181.0,-31.29,,90.5132166000003,2026-05-28T10:40:15.322,2026-05-28T10:55:45.322,-930,,
multimetro,,,,90.58196409999982,2026-05-28T10:40:15.389,2026-05-28T10:55:45.389,-930,419.0,-0.004822891
multimetro,,,,90.7971892000005,2026-05-28T10:40:15.607,2026-05-28T10:55:45.607,-930,420.0,-0.004827058
multimetro,,,,91.01227250000011,2026-05-28T10:40:15.821,2026-05-28T10:55:45.821,-930,421.0,-0.004830807
balanza,182.0,-31.6,,91.01315400000021,2026-05-28T10:40:15.821,2026-05-28T10:55:45.821,-930,,
multimetro,,,,91.22729450000043,2026-05-28T10:40:16.038,2026-05-28T10:55:46.038,-930,422.0,-0.004833571
multimetro,,,,91.4428810999998,2026-05-28T10:40:16.255,2026-05-28T10:55:46.255,-930,423.0,-0.004838606
balanza,183.0,-31.26,,91.51353580000068,2026-05-28T10:40:16.325,2026-05-28T10:55:46.325,-930,,
multimetro,,,,91.65777379999963,2026-05-28T10:40:16.462,2026-05-28T10:55:46.462,-930,424.0,-0.004845339
multimetro,,,,91.87299170000006,2026-05-28T10:40:16.678,2026-05-28T10:55:46.678,-930,425.0,-0.00484938
balanza,184.0,-31.67,,92.0132418000012,2026-05-28T10:40:16.822,2026-05-28T10:55:46.822,-930,,
multimetro,,,,92.08819659999972,2026-05-28T10:40:16.895,2026-05-28T10:55:46.895,-930,426.0,-0.004856154
multimetro,,,,92.30326980000063,2026-05-28T10:40:17.112,2026-05-28T10:55:47.112,-930,427.0,-0.004862069
balanza,185.0,-32.67,,92.51314869999987,2026-05-28T10:40:17.322,2026-05-28T10:55:47.322,-930,,
multimetro,,,,92.51820410000073,2026-05-28T10:40:17.328,2026-05-28T10:55:47.328,-930,428.0,-0.004868215
multimetro,,,,92.73334860000068,2026-05-28T10:40:17.546,2026-05-28T10:55:47.546,-930,429.0,-0.004871366
multimetro,,,,92.94840360000126,2026-05-28T10:40:17.755,2026-05-28T10:55:47.755,-930,430.0,-0.004873596
balanza,186.0,-29.28,,93.01342110000041,2026-05-28T10:40:17.825,2026-05-28T10:55:47.825,-930,,
multimetro,,,,93.16353210000125,2026-05-28T10:40:17.972,2026-05-28T10:55:47.972,-930,431.0,-0.00487835
multimetro,,,,93.37862660000064,2026-05-28T10:40:18.191,2026-05-28T10:55:48.191,-930,432.0,-0.004883438
balanza,187.0,-32.75,,93.5133378999999,2026-05-28T10:40:18.321,2026-05-28T10:55:48.321,-930,,
multimetro,,,,93.5936440000005,2026-05-28T10:40:18.405,2026-05-28T10:55:48.405,-930,433.0,-0.004886935
multimetro,,,,93.80884359999982,2026-05-28T10:40:18.612,2026-05-28T10:55:48.612,-930,434.0,-0.004892788
balanza,188.0,-29.8,,94.01324010000098,2026-05-28T10:40:18.821,2026-05-28T10:55:48.821,-930,,
multimetro,,,,94.02376530000038,2026-05-28T10:40:18.828,2026-05-28T10:55:48.828,-930,435.0,-0.004895981
multimetro,,,,94.23891990000084,2026-05-28T10:40:19.051,2026-05-28T10:55:49.051,-930,436.0,-0.004899352
multimetro,,,,94.4539093000003,2026-05-28T10:40:19.262,2026-05-28T10:55:49.262,-930,437.0,-0.004901938
balanza,189.0,-34.23,,94.51345480000055,2026-05-28T10:40:19.322,2026-05-28T10:55:49.322,-930,,
multimetro,,,,94.66907689999971,2026-05-28T10:40:19.479,2026-05-28T10:55:49.479,-930,438.0,-0.00490511
multimetro,,,,94.88435449999997,2026-05-28T10:40:19.695,2026-05-28T10:55:49.695,-930,439.0,-0.004909738
balanza,190.0,-29.92,,95.01319820000026,2026-05-28T10:40:19.822,2026-05-28T10:55:49.822,-930,,
multimetro,,,,95.09974020000118,2026-05-28T10:40:19.912,2026-05-28T10:55:49.912,-930,440.0,-0.004915716
multimetro,,,,95.31482890000007,2026-05-28T10:40:20.122,2026-05-28T10:55:50.122,-930,441.0,-0.00491847
balanza,191.0,-34.92,,95.51324940000086,2026-05-28T10:40:20.322,2026-05-28T10:55:50.322,-930,,
multimetro,,,,95.52996250000069,2026-05-28T10:40:20.339,2026-05-28T10:55:50.339,-930,442.0,-0.004920082
multimetro,,,,95.74499420000029,2026-05-28T10:40:20.556,2026-05-28T10:55:50.556,-930,443.0,-0.004925652
multimetro,,,,95.95992680000018,2026-05-28T10:40:20.772,2026-05-28T10:55:50.772,-930,444.0,-0.004930028
balanza,192.0,-30.29,,96.01346870000089,2026-05-28T10:40:20.822,2026-05-28T10:55:50.822,-930,,
multimetro,,,,96.17512370000077,2026-05-28T10:40:20.979,2026-05-28T10:55:50.979,-930,445.0,-0.004933578
multimetro,,,,96.39019999999982,2026-05-28T10:40:21.195,2026-05-28T10:55:51.195,-930,446.0,-0.004937158
balanza,193.0,-33.83,,96.51310379999995,2026-05-28T10:40:21.322,2026-05-28T10:55:51.322,-930,,
multimetro,,,,96.6053963000013,2026-05-28T10:40:21.412,2026-05-28T10:55:51.412,-930,447.0,-0.004940467
multimetro,,,,96.82035390000055,2026-05-28T10:40:21.629,2026-05-28T10:55:51.629,-930,448.0,-0.004942906
balanza,194.0,-32.15,,97.01319599999988,2026-05-28T10:40:21.821,2026-05-28T10:55:51.821,-930,,
multimetro,,,,97.03566789999968,2026-05-28T10:40:21.848,2026-05-28T10:55:51.848,-930,449.0,-0.004945733
multimetro,,,,97.25061310000092,2026-05-28T10:40:22.063,2026-05-28T10:55:52.063,-930,450.0,-0.004950267
multimetro,,,,97.46593440000106,2026-05-28T10:40:22.278,2026-05-28T10:55:52.278,-930,451.0,-0.00495548
balanza,195.0,-35.67,,97.51339449999978,2026-05-28T10:40:22.326,2026-05-28T10:55:52.326,-930,,
multimetro,,,,97.68101820000084,2026-05-28T10:40:22.489,2026-05-28T10:55:52.489,-930,452.0,-0.004958726
multimetro,,,,97.89630709999983,2026-05-28T10:40:22.705,2026-05-28T10:55:52.705,-930,453.0,-0.004963239
balanza,196.0,-32.06,,98.0132494999998,2026-05-28T10:40:22.822,2026-05-28T10:55:52.822,-930,,
multimetro,,,,98.11138930000016,2026-05-28T10:40:22.922,2026-05-28T10:55:52.922,-930,454.0,-0.004969834
multimetro,,,,98.32634700000017,2026-05-28T10:40:23.132,2026-05-28T10:55:53.132,-930,455.0,-0.004973918
balanza,197.0,-32.69,,98.51311680000072,2026-05-28T10:40:23.322,2026-05-28T10:55:53.322,-930,,
multimetro,,,,98.54153640000004,2026-05-28T10:40:23.348,2026-05-28T10:55:53.348,-930,456.0,-0.00498021
multimetro,,,,98.7564839000006,2026-05-28T10:40:23.565,2026-05-28T10:55:53.565,-930,457.0,-0.00498021
multimetro,,,,98.97172970000065,2026-05-28T10:40:23.784,2026-05-28T10:55:53.784,-930,458.0,-0.004981456
balanza,198.0,-32.14,,99.0134349,2026-05-28T10:40:23.822,2026-05-28T10:55:53.822,-930,,
multimetro,,,,99.18677110000135,2026-05-28T10:40:23.995,2026-05-28T10:55:53.995,-930,459.0,-0.004985141
multimetro,,,,99.40193230000114,2026-05-28T10:40:24.213,2026-05-28T10:55:54.213,-930,460.0,-0.004990879
balanza,199.0,-34.6,,99.51338920000126,2026-05-28T10:40:24.325,2026-05-28T10:55:54.325,-930,,
multimetro,,,,99.61692930000027,2026-05-28T10:40:24.428,2026-05-28T10:55:54.428,-930,461.0,-0.004995182
multimetro,,,,99.83230089999961,2026-05-28T10:40:24.645,2026-05-28T10:55:54.645,-930,462.0,-0.004999139
balanza,200.0,-34.23,,100.01314110000021,2026-05-28T10:40:24.822,2026-05-28T10:55:54.822,-930,,
multimetro,,,,100.04732530000001,2026-05-28T10:40:24.858,2026-05-28T10:55:54.858,-930,463.0,-0.005002521
multimetro,,,,100.26250410000102,2026-05-28T10:40:25.065,2026-05-28T10:55:55.065,-930,464.0,-0.005003725
multimetro,,,,100.4776552000003,2026-05-28T10:40:25.282,2026-05-28T10:55:55.282,-930,465.0,-0.005006636
balanza,201.0,-34.37,,100.51347569999962,2026-05-28T10:40:25.326,2026-05-28T10:55:55.326,-930,,
multimetro,,,,100.69271149999986,2026-05-28T10:40:25.505,2026-05-28T10:55:55.505,-930,466.0,-0.005010478
multimetro,,,,100.90776320000077,2026-05-28T10:40:25.714,2026-05-28T10:55:55.714,-930,467.0,-0.005016917
balanza,202.0,-35.06,,101.01332580000053,2026-05-28T10:40:25.825,2026-05-28T10:55:55.825,-930,,
multimetro,,,,101.12284440000076,2026-05-28T10:40:25.928,2026-05-28T10:55:55.928,-930,468.0,-0.005021
multimetro,,,,101.33805949999987,2026-05-28T10:40:26.145,2026-05-28T10:55:56.145,-930,469.0,-0.005023639
balanza,203.0,-35.04,,101.5131749000011,2026-05-28T10:40:26.321,2026-05-28T10:55:56.321,-930,,
multimetro,,,,101.55313070000011,2026-05-28T10:40:26.362,2026-05-28T10:55:56.362,-930,470.0,-0.005028559
multimetro,,,,101.76828420000129,2026-05-28T10:40:26.578,2026-05-28T10:55:56.578,-930,471.0,-0.005030706
multimetro,,,,101.98342810000031,2026-05-28T10:40:26.795,2026-05-28T10:55:56.795,-930,472.0,-0.005032287
balanza,204.0,-34.23,,102.01326850000078,2026-05-28T10:40:26.826,2026-05-28T10:55:56.826,-930,,
multimetro,,,,102.19865949999985,2026-05-28T10:40:27.011,2026-05-28T10:55:57.011,-930,473.0,-0.005036548
multimetro,,,,102.41358310000032,2026-05-28T10:40:27.221,2026-05-28T10:55:57.221,-930,474.0,-0.005041249
balanza,205.0,-36.18,,102.51310399999966,2026-05-28T10:40:27.322,2026-05-28T10:55:57.322,-930,,
multimetro,,,,102.62883460000012,2026-05-28T10:40:27.438,2026-05-28T10:55:57.438,-930,475.0,-0.005043343
multimetro,,,,102.84375940000064,2026-05-28T10:40:27.655,2026-05-28T10:55:57.655,-930,476.0,-0.005046976
balanza,206.0,-35.11,,103.01330899999994,2026-05-28T10:40:27.822,2026-05-28T10:55:57.822,-930,,
multimetro,,,,103.05892870000025,2026-05-28T10:40:27.862,2026-05-28T10:55:57.862,-930,477.0,-0.005051279
multimetro,,,,103.27418130000115,2026-05-28T10:40:28.078,2026-05-28T10:55:58.078,-930,478.0,-0.005055833
multimetro,,,,103.48924299999999,2026-05-28T10:40:28.295,2026-05-28T10:55:58.295,-930,479.0,-0.005063581
balanza,207.0,-36.35,,103.51334640000096,2026-05-28T10:40:28.326,2026-05-28T10:55:58.326,-930,,
multimetro,,,,103.70444090000092,2026-05-28T10:40:28.512,2026-05-28T10:55:58.512,-930,480.0,-0.005067067
multimetro,,,,103.91951859999972,2026-05-28T10:40:28.728,2026-05-28T10:55:58.728,-930,481.0,-0.005071716
balanza,208.0,-33.8,,104.0131919000014,2026-05-28T10:40:28.822,2026-05-28T10:55:58.822,-930,,
multimetro,,,,104.13472290000027,2026-05-28T10:40:28.945,2026-05-28T10:55:58.945,-930,482.0,-0.005075118
multimetro,,,,104.34976670000106,2026-05-28T10:40:29.162,2026-05-28T10:55:59.162,-930,483.0,-0.005078343
balanza,209.0,-34.76,,104.51332800000091,2026-05-28T10:40:29.325,2026-05-28T10:55:59.325,-930,,
multimetro,,,,104.56501480000043,2026-05-28T10:40:29.372,2026-05-28T10:55:59.372,-930,484.0,-0.005081484
multimetro,,,,104.77992670000094,2026-05-28T10:40:29.589,2026-05-28T10:55:59.589,-930,485.0,-0.005084311
multimetro,,,,104.99507079999967,2026-05-28T10:40:29.805,2026-05-28T10:55:59.805,-930,486.0,-0.005089787
balanza,210.0,-35.16,,105.0131749000011,2026-05-28T10:40:29.825,2026-05-28T10:55:59.825,-930,,
multimetro,,,,105.21006520000083,2026-05-28T10:40:30.022,2026-05-28T10:56:00.022,-930,487.0,-0.005092917
multimetro,,,,105.42517360000056,2026-05-28T10:40:30.228,2026-05-28T10:56:00.228,-930,488.0,-0.005096581
balanza,211.0,-39.18,,105.51329170000099,2026-05-28T10:40:30.322,2026-05-28T10:56:00.322,-930,,
multimetro,,,,105.64027350000106,2026-05-28T10:40:30.445,2026-05-28T10:56:00.445,-930,489.0,-0.005101178
multimetro,,,,105.85519790000035,2026-05-28T10:40:30.662,2026-05-28T10:56:00.662,-930,490.0,-0.00510547
balanza,212.0,-34.53,,106.01330620000044,2026-05-28T10:40:30.825,2026-05-28T10:56:00.825,-930,,
multimetro,,,,106.0706151000013,2026-05-28T10:40:30.879,2026-05-28T10:56:00.879,-930,491.0,-0.00511059
multimetro,,,,106.28556290000051,2026-05-28T10:40:31.095,2026-05-28T10:56:01.095,-930,492.0,-0.005114474
multimetro,,,,106.50079879999976,2026-05-28T10:40:31.313,2026-05-28T10:56:01.313,-930,493.0,-0.005115762
balanza,213.0,-36.78,,106.51333570000133,2026-05-28T10:40:31.325,2026-05-28T10:56:01.325,-930,,
multimetro,,,,106.71567909999976,2026-05-28T10:40:31.528,2026-05-28T10:56:01.528,-930,494.0,-0.005116924
multimetro,,,,106.93091699999968,2026-05-28T10:40:31.739,2026-05-28T10:56:01.739,-930,495.0,-0.005120861
balanza,214.0,-35.25,,107.01316709999992,2026-05-28T10:40:31.826,2026-05-28T10:56:01.826,-930,,
multimetro,,,,107.14588830000139,2026-05-28T10:40:31.958,2026-05-28T10:56:01.958,-930,496.0,-0.005125237
multimetro,,,,107.361027500001,2026-05-28T10:40:32.165,2026-05-28T10:56:02.165,-930,497.0,-0.005132063
balanza,215.0,-38.64,,107.51315350000004,2026-05-28T10:40:32.322,2026-05-28T10:56:02.322,-930,,
multimetro,,,,107.57613680000031,2026-05-28T10:40:32.386,2026-05-28T10:56:02.386,-930,498.0,-0.005136084
multimetro,,,,107.791404900001,2026-05-28T10:40:32.595,2026-05-28T10:56:02.595,-930,499.0,-0.005141193
multimetro,,,,108.00633949999974,2026-05-28T10:40:32.813,2026-05-28T10:56:02.813,-930,500.0,-0.005144083
balanza,216.0,-35.99,,108.01328230000036,2026-05-28T10:40:32.825,2026-05-28T10:56:02.825,-930,,
multimetro,,,,108.22170949999963,2026-05-28T10:40:33.033,2026-05-28T10:56:03.033,-930,501.0,-0.005146732
multimetro,,,,108.43690580000111,2026-05-28T10:40:33.245,2026-05-28T10:56:03.245,-930,502.0,-0.005152029
balanza,217.0,-37.29,,108.51328620000095,2026-05-28T10:40:33.322,2026-05-28T10:56:03.322,-930,,
multimetro,,,,108.6517956000007,2026-05-28T10:40:33.462,2026-05-28T10:56:03.462,-930,503.0,-0.005156332
multimetro,,,,108.86714209999991,2026-05-28T10:40:33.678,2026-05-28T10:56:03.678,-930,504.0,-0.005157976
balanza,218.0,-36.72,,109.01319719999992,2026-05-28T10:40:33.821,2026-05-28T10:56:03.821,-930,,
multimetro,,,,109.08219079999981,2026-05-28T10:40:33.895,2026-05-28T10:56:03.895,-930,505.0,-0.005160887
multimetro,,,,109.2974191000012,2026-05-28T10:40:34.109,2026-05-28T10:56:04.109,-930,506.0,-0.005164446
multimetro,,,,109.51235070000075,2026-05-28T10:40:34.318,2026-05-28T10:56:04.318,-930,507.0,-0.005167252
balanza,219.0,-38.56,,109.51315430000068,2026-05-28T10:40:34.318,2026-05-28T10:56:04.318,-930,,
multimetro,,,,109.72745120000036,2026-05-28T10:40:34.538,2026-05-28T10:56:04.538,-930,508.0,-0.005172362
multimetro,,,,109.94251749999967,2026-05-28T10:40:34.748,2026-05-28T10:56:04.748,-930,509.0,-0.005175565
balanza,220.0,-37.51,,110.01330240000061,2026-05-28T10:40:34.822,2026-05-28T10:56:04.822,-930,,
multimetro,,,,110.15778180000052,2026-05-28T10:40:34.965,2026-05-28T10:56:04.965,-930,510.0,-0.005178915
multimetro,,,,110.37272850000045,2026-05-28T10:40:35.182,2026-05-28T10:56:05.182,-930,511.0,-0.005182558
balanza,221.0,-37.1,,110.51371180000024,2026-05-28T10:40:35.322,2026-05-28T10:56:05.322,-930,,
multimetro,,,,110.58797620000041,2026-05-28T10:40:35.399,2026-05-28T10:56:05.399,-930,512.0,-0.005184307
multimetro,,,,110.80307290000019,2026-05-28T10:40:35.615,2026-05-28T10:56:05.615,-930,513.0,-0.005189039
balanza,222.0,-37.95,,111.01327010000023,2026-05-28T10:40:35.823,2026-05-28T10:56:05.823,-930,,
multimetro,,,,111.0182947000012,2026-05-28T10:40:35.830,2026-05-28T10:56:05.830,-930,514.0,-0.005192965
multimetro,,,,111.23339990000022,2026-05-28T10:40:36.045,2026-05-28T10:56:06.045,-930,515.0,-0.005196797
multimetro,,,,111.44856660000005,2026-05-28T10:40:36.258,2026-05-28T10:56:06.258,-930,516.0,-0.005201425
balanza,223.0,-38.31,,111.51329749999968,2026-05-28T10:40:36.326,2026-05-28T10:56:06.326,-930,,
multimetro,,,,111.66377319999992,2026-05-28T10:40:36.475,2026-05-28T10:56:06.475,-930,517.0,-0.00520466
multimetro,,,,111.87872570000036,2026-05-28T10:40:36.682,2026-05-28T10:56:06.682,-930,518.0,-0.00520934
balanza,224.0,-38.35,,112.01320750000014,2026-05-28T10:40:36.822,2026-05-28T10:56:06.822,-930,,
multimetro,,,,112.09384280000086,2026-05-28T10:40:36.898,2026-05-28T10:56:06.898,-930,519.0,-0.005213067
multimetro,,,,112.3089185000008,2026-05-28T10:40:37.115,2026-05-28T10:56:07.115,-930,520.0,-0.005215203
balanza,225.0,-37.0,,112.51366560000133,2026-05-28T10:40:37.321,2026-05-28T10:56:07.321,-930,,
multimetro,,,,112.5240389999999,2026-05-28T10:40:37.332,2026-05-28T10:56:07.332,-930,521.0,-0.005219851
multimetro,,,,112.73912060000112,2026-05-28T10:40:37.546,2026-05-28T10:56:07.546,-930,522.0,-0.005226594
multimetro,,,,112.95418960000097,2026-05-28T10:40:37.766,2026-05-28T10:56:07.766,-930,523.0,-0.005229023
balanza,226.0,-38.88,,113.01309109999966,2026-05-28T10:40:37.822,2026-05-28T10:56:07.822,-930,,
multimetro,,,,113.1693307000005,2026-05-28T10:40:37.978,2026-05-28T10:56:07.978,-930,524.0,-0.005232792
multimetro,,,,113.38430380000136,2026-05-28T10:40:38.195,2026-05-28T10:56:08.195,-930,525.0,-0.005235619
balanza,227.0,-39.34,,113.51325850000103,2026-05-28T10:40:38.321,2026-05-28T10:56:08.321,-930,,
multimetro,,,,113.59953490000044,2026-05-28T10:40:38.412,2026-05-28T10:56:08.412,-930,526.0,-0.005238215
multimetro,,,,113.81481510000049,2026-05-28T10:40:38.622,2026-05-28T10:56:08.622,-930,527.0,-0.005242162
balanza,228.0,-39.75,,114.01312280000093,2026-05-28T10:40:38.825,2026-05-28T10:56:08.825,-930,,
multimetro,,,,114.02988840000035,2026-05-28T10:40:38.841,2026-05-28T10:56:08.841,-930,528.0,-0.005246026
multimetro,,,,114.24489320000066,2026-05-28T10:40:39.057,2026-05-28T10:56:09.057,-930,529.0,-0.005248989
multimetro,,,,114.46010610000121,2026-05-28T10:40:39.272,2026-05-28T10:56:09.272,-930,530.0,-0.005251816
balanza,229.0,-37.11,,114.51333580000028,2026-05-28T10:40:39.321,2026-05-28T10:56:09.321,-930,,
multimetro,,,,114.67523200000142,2026-05-28T10:40:39.478,2026-05-28T10:56:09.478,-930,531.0,-0.005254182
multimetro,,,,114.89034990000073,2026-05-28T10:40:39.695,2026-05-28T10:56:09.695,-930,532.0,-0.005255972
balanza,230.0,-38.79,,115.01369840000007,2026-05-28T10:40:39.822,2026-05-28T10:56:09.822,-930,,
multimetro,,,,115.10542710000118,2026-05-28T10:40:39.912,2026-05-28T10:56:09.912,-930,533.0,-0.005259888
multimetro,,,,115.32052680000015,2026-05-28T10:40:40.130,2026-05-28T10:56:10.130,-930,534.0,-0.00526351
balanza,231.0,-39.85,,115.51332759999968,2026-05-28T10:40:40.325,2026-05-28T10:56:10.325,-930,,
multimetro,,,,115.53573460000007,2026-05-28T10:40:40.345,2026-05-28T10:56:10.345,-930,535.0,-0.005267887
multimetro,,,,115.75060730000041,2026-05-28T10:40:40.562,2026-05-28T10:56:10.562,-930,536.0,-0.005275111
multimetro,,,,115.96573960000023,2026-05-28T10:40:40.778,2026-05-28T10:56:10.778,-930,537.0,-0.00527889
balanza,232.0,-40.1,,116.01333410000007,2026-05-28T10:40:40.822,2026-05-28T10:56:10.822,-930,,
multimetro,,,,116.18080809999992,2026-05-28T10:40:40.988,2026-05-28T10:56:10.988,-930,538.0,-0.005283351
multimetro,,,,116.39585430000079,2026-05-28T10:40:41.208,2026-05-28T10:56:11.208,-930,539.0,-0.005287423
balanza,233.0,-38.74,,116.51358740000069,2026-05-28T10:40:41.321,2026-05-28T10:56:11.321,-930,,
multimetro,,,,116.6110692000002,2026-05-28T10:40:41.423,2026-05-28T10:56:11.423,-930,540.0,-0.005289601
multimetro,,,,116.82613459999993,2026-05-28T10:40:41.638,2026-05-28T10:56:11.638,-930,541.0,-0.00529115
balanza,234.0,-39.55,,117.01370550000138,2026-05-28T10:40:41.821,2026-05-28T10:56:11.821,-930,,
multimetro,,,,117.04116190000059,2026-05-28T10:40:41.852,2026-05-28T10:56:11.852,-930,542.0,-0.005293873
multimetro,,,,117.25633620000008,2026-05-28T10:40:42.062,2026-05-28T10:56:12.062,-930,543.0,-0.005297181
multimetro,,,,117.47138880000057,2026-05-28T10:40:42.278,2026-05-28T10:56:12.278,-930,544.0,-0.005299799
balanza,235.0,-40.33,,117.51342210000075,2026-05-28T10:40:42.322,2026-05-28T10:56:12.322,-930,,
multimetro,,,,117.68654170000082,2026-05-28T10:40:42.495,2026-05-28T10:56:12.495,-930,545.0,-0.005302479
multimetro,,,,117.90158660000088,2026-05-28T10:40:42.712,2026-05-28T10:56:12.712,-930,546.0,-0.005306918
balanza,236.0,-40.28,,118.01332150000053,2026-05-28T10:40:42.822,2026-05-28T10:56:12.822,-930,,
multimetro,,,,118.11667169999964,2026-05-28T10:40:42.928,2026-05-28T10:56:12.928,-930,547.0,-0.005309724
multimetro,,,,118.33182289999968,2026-05-28T10:40:43.138,2026-05-28T10:56:13.138,-930,548.0,-0.005313011
balanza,237.0,-39.26,,118.51338570000007,2026-05-28T10:40:43.325,2026-05-28T10:56:13.325,-930,,
multimetro,,,,118.54682180000054,2026-05-28T10:40:43.359,2026-05-28T10:56:13.359,-930,549.0,-0.0053181
multimetro,,,,118.76191760000074,2026-05-28T10:40:43.572,2026-05-28T10:56:13.572,-930,550.0,-0.005321785
multimetro,,,,118.9767963000013,2026-05-28T10:40:43.788,2026-05-28T10:56:13.788,-930,551.0,-0.00532546
balanza,238.0,-40.21,,119.01331159999972,2026-05-28T10:40:43.826,2026-05-28T10:56:13.826,-930,,
multimetro,,,,119.19196160000138,2026-05-28T10:40:43.995,2026-05-28T10:56:13.995,-930,552.0,-0.005329889
multimetro,,,,119.4072199000002,2026-05-28T10:40:44.212,2026-05-28T10:56:14.212,-930,553.0,-0.005334998
balanza,239.0,-38.31,,119.51310980000017,2026-05-28T10:40:44.322,2026-05-28T10:56:14.322,-930,,
multimetro,,,,119.6223157000004,2026-05-28T10:40:44.428,2026-05-28T10:56:14.428,-930,554.0,-0.00533616
multimetro,,,,119.83724220000113,2026-05-28T10:40:44.645,2026-05-28T10:56:14.645,-930,555.0,-0.005339636
balanza,240.0,-40.85,,120.0132551000006,2026-05-28T10:40:44.825,2026-05-28T10:56:14.825,-930,,
multimetro,,,,120.05240530000083,2026-05-28T10:40:44.862,2026-05-28T10:56:14.862,-930,556.0,-0.00534263
multimetro,,,,120.26750549999997,2026-05-28T10:40:45.078,2026-05-28T10:56:15.078,-930,557.0,-0.00534685
multimetro,,,,120.48277109999981,2026-05-28T10:40:45.295,2026-05-28T10:56:15.295,-930,558.0,-0.00535088
balanza,241.0,-39.67,,120.5131865000003,2026-05-28T10:40:45.326,2026-05-28T10:56:15.326,-930,,
multimetro,,,,120.69781710000098,2026-05-28T10:40:45.505,2026-05-28T10:56:15.505,-930,559.0,-0.00535265
multimetro,,,,120.91290620000109,2026-05-28T10:40:45.725,2026-05-28T10:56:15.725,-930,560.0,-0.005352587
balanza,242.0,-40.14,,121.0137074000013,2026-05-28T10:40:45.822,2026-05-28T10:56:15.822,-930,,
multimetro,,,,121.12807310000062,2026-05-28T10:40:45.938,2026-05-28T10:56:15.938,-930,561.0,-0.005355718
multimetro,,,,121.34315480000078,2026-05-28T10:40:46.155,2026-05-28T10:56:16.155,-930,562.0,-0.00535822
balanza,243.0,-39.1,,121.51374209999994,2026-05-28T10:40:46.325,2026-05-28T10:56:16.325,-930,,
multimetro,,,,121.55825999999979,2026-05-28T10:40:46.365,2026-05-28T10:56:16.365,-930,563.0,-0.005359822
multimetro,,,,121.77334700000029,2026-05-28T10:40:46.578,2026-05-28T10:56:16.578,-930,564.0,-0.005364355
multimetro,,,,121.9885559000013,2026-05-28T10:40:46.795,2026-05-28T10:56:16.795,-930,565.0,-0.00536826
balanza,244.0,-40.84,,122.01330320000125,2026-05-28T10:40:46.825,2026-05-28T10:56:16.825,-930,,
multimetro,,,,122.20380240000122,2026-05-28T10:40:47.012,2026-05-28T10:56:17.012,-930,566.0,-0.005372113
multimetro,,,,122.41902690000097,2026-05-28T10:40:47.228,2026-05-28T10:56:17.228,-930,567.0,-0.005378112
balanza,245.0,-41.46,,122.51315120000072,2026-05-28T10:40:47.322,2026-05-28T10:56:17.322,-930,,
multimetro,,,,122.63400250000086,2026-05-28T10:40:47.445,2026-05-28T10:56:17.445,-930,568.0,-0.005379547
multimetro,,,,122.84930760000134,2026-05-28T10:40:47.662,2026-05-28T10:56:17.662,-930,569.0,-0.005382269
balanza,246.0,-41.36,,123.01388729999962,2026-05-28T10:40:47.822,2026-05-28T10:56:17.822,-930,,
multimetro,,,,123.06432180000047,2026-05-28T10:40:47.872,2026-05-28T10:56:17.872,-930,570.0,-0.005385891
multimetro,,,,123.2793915000002,2026-05-28T10:40:48.092,2026-05-28T10:56:18.092,-930,571.0,-0.005390132
multimetro,,,,123.49453350000113,2026-05-28T10:40:48.305,2026-05-28T10:56:18.305,-930,572.0,-0.005393262
balanza,247.0,-39.98,,123.51319590000094,2026-05-28T10:40:48.326,2026-05-28T10:56:18.326,-930,,
multimetro,,,,123.70968420000099,2026-05-28T10:40:48.521,2026-05-28T10:56:18.521,-930,573.0,-0.005395806
multimetro,,,,123.92487450000044,2026-05-28T10:40:48.728,2026-05-28T10:56:18.728,-930,574.0,-0.005400308
balanza,248.0,-41.38,,124.01373400000011,2026-05-28T10:40:48.821,2026-05-28T10:56:18.821,-930,,
multimetro,,,,124.13982360000045,2026-05-28T10:40:48.945,2026-05-28T10:56:18.945,-930,575.0,-0.005406998
multimetro,,,,124.35504800000126,2026-05-28T10:40:49.162,2026-05-28T10:56:19.162,-930,576.0,-0.005413699
balanza,249.0,-41.63,,124.51378490000025,2026-05-28T10:40:49.321,2026-05-28T10:56:19.321,-930,,
multimetro,,,,124.57010050000099,2026-05-28T10:40:49.378,2026-05-28T10:56:19.378,-930,577.0,-0.005417709
multimetro,,,,124.78522490000069,2026-05-28T10:40:49.595,2026-05-28T10:56:19.595,-930,578.0,-0.005419761
multimetro,,,,125.00048600000082,2026-05-28T10:40:49.812,2026-05-28T10:56:19.812,-930,579.0,-0.005424106
balanza,250.0,-42.43,,125.0138732000014,2026-05-28T10:40:49.825,2026-05-28T10:56:19.825,-930,,
multimetro,,,,125.21587890000046,2026-05-28T10:40:50.028,2026-05-28T10:56:20.028,-930,580.0,-0.005428713
multimetro,,,,125.43131259999973,2026-05-28T10:40:50.243,2026-05-28T10:56:20.243,-930,581.0,-0.005432231
balanza,251.0,-40.47,,125.51323729999967,2026-05-28T10:40:50.325,2026-05-28T10:56:20.325,-930,,
multimetro,,,,125.64639180000086,2026-05-28T10:40:50.455,2026-05-28T10:56:20.455,-930,582.0,-0.005434283
multimetro,,,,125.86142380000092,2026-05-28T10:40:50.674,2026-05-28T10:56:20.674,-930,583.0,-0.005438251
balanza,252.0,-42.57,,126.01365310000074,2026-05-28T10:40:50.821,2026-05-28T10:56:20.821,-930,,
multimetro,,,,126.07641780000085,2026-05-28T10:40:50.888,2026-05-28T10:56:20.888,-930,584.0,-0.005445538
multimetro,,,,126.29161660000136,2026-05-28T10:40:51.095,2026-05-28T10:56:21.095,-930,585.0,-0.005448647
multimetro,,,,126.50667760000033,2026-05-28T10:40:51.313,2026-05-28T10:56:21.313,-930,586.0,-0.005451359
balanza,253.0,-42.45,,126.51365500000065,2026-05-28T10:40:51.325,2026-05-28T10:56:21.325,-930,,
multimetro,,,,126.72181280000041,2026-05-28T10:40:51.528,2026-05-28T10:56:21.528,-930,587.0,-0.005453191
multimetro,,,,126.9368953000012,2026-05-28T10:40:51.745,2026-05-28T10:56:21.745,-930,588.0,-0.005456342
balanza,254.0,-43.48,,127.01337150000109,2026-05-28T10:40:51.825,2026-05-28T10:56:21.825,-930,,
multimetro,,,,127.15201900000102,2026-05-28T10:40:51.962,2026-05-28T10:56:21.962,-930,589.0,-0.00545851
multimetro,,,,127.36713100000088,2026-05-28T10:40:52.178,2026-05-28T10:56:22.178,-930,590.0,-0.005465064
balanza,255.0,-40.89,,127.51321559999997,2026-05-28T10:40:52.322,2026-05-28T10:56:22.322,-930,,
multimetro,,,,127.58232250000037,2026-05-28T10:40:52.388,2026-05-28T10:56:22.388,-930,591.0,-0.005468519
multimetro,,,,127.79775810000137,2026-05-28T10:40:52.605,2026-05-28T10:56:22.605,-930,592.0,-0.005469953
multimetro,,,,128.01274209999974,2026-05-28T10:40:52.825,2026-05-28T10:56:22.825,-930,593.0,-0.005472152
balanza,256.0,-43.21,,128.01367560000108,2026-05-28T10:40:52.825,2026-05-28T10:56:22.825,-930,,
multimetro,,,,128.22799710000072,2026-05-28T10:40:53.038,2026-05-28T10:56:23.038,-930,594.0,-0.005477303
multimetro,,,,128.4429669000001,2026-05-28T10:40:53.255,2026-05-28T10:56:23.255,-930,595.0,-0.005482768
balanza,257.0,-42.49,,128.5137657000014,2026-05-28T10:40:53.321,2026-05-28T10:56:23.321,-930,,
multimetro,,,,128.6581100000003,2026-05-28T10:40:53.462,2026-05-28T10:56:23.462,-930,596.0,-0.005486631
multimetro,,,,128.87318229999983,2026-05-28T10:40:53.679,2026-05-28T10:56:23.679,-930,597.0,-0.005490903
balanza,258.0,-43.91,,129.01330229999985,2026-05-28T10:40:53.825,2026-05-28T10:56:23.825,-930,,
multimetro,,,,129.0882926000013,2026-05-28T10:40:53.895,2026-05-28T10:56:23.895,-930,598.0,-0.005495562
multimetro,,,,129.30337230000077,2026-05-28T10:40:54.112,2026-05-28T10:56:24.112,-930,599.0,-0.00549708
balanza,259.0,-41.81,,129.51372710000032,2026-05-28T10:40:54.321,2026-05-28T10:56:24.321,-930,,
multimetro,,,,129.51850110000123,2026-05-28T10:40:54.328,2026-05-28T10:56:24.328,-930,600.0,-0.005499959
multimetro,,,,129.73350010000104,2026-05-28T10:40:54.546,2026-05-28T10:56:24.546,-930,601.0,-0.005509414
multimetro,,,,129.94866999999977,2026-05-28T10:40:54.761,2026-05-28T10:56:24.761,-930,602.0,-0.005512377
balanza,260.0,-43.8,,130.0132523000011,2026-05-28T10:40:54.821,2026-05-28T10:56:24.821,-930,,
multimetro,,,,130.1638509000004,2026-05-28T10:40:54.972,2026-05-28T10:56:24.972,-930,603.0,-0.005516512
multimetro,,,,130.37902580000082,2026-05-28T10:40:55.188,2026-05-28T10:56:25.188,-930,604.0,-0.005524794
balanza,261.0,-44.09,,130.51390290000018,2026-05-28T10:40:55.321,2026-05-28T10:56:25.321,-930,,
multimetro,,,,130.59426800000074,2026-05-28T10:40:55.398,2026-05-28T10:56:25.398,-930,605.0,-0.005538247
multimetro,,,,130.8093843000006,2026-05-28T10:40:55.615,2026-05-28T10:56:25.615,-930,606.0,-0.005542865
balanza,262.0,-44.52,,131.0137663000005,2026-05-28T10:40:55.821,2026-05-28T10:56:25.821,-930,,
multimetro,,,,131.02472339999986,2026-05-28T10:40:55.832,2026-05-28T10:56:25.832,-930,607.0,-0.005543053
multimetro,,,,131.23967559999983,2026-05-28T10:40:56.052,2026-05-28T10:56:26.052,-930,608.0,-0.005540928
multimetro,,,,131.45485250000092,2026-05-28T10:40:56.265,2026-05-28T10:56:26.265,-930,609.0,-0.005545555
balanza,263.0,-42.82,,131.51322059999984,2026-05-28T10:40:56.322,2026-05-28T10:56:26.322,-930,,
multimetro,,,,131.66987119999976,2026-05-28T10:40:56.478,2026-05-28T10:56:26.478,-930,610.0,-0.005548947
multimetro,,,,131.88512590000028,2026-05-28T10:40:56.695,2026-05-28T10:56:26.695,-930,611.0,-0.005552193
balanza,264.0,-43.68,,132.0138465,2026-05-28T10:40:56.822,2026-05-28T10:56:26.822,-930,,
multimetro,,,,132.10007080000105,2026-05-28T10:40:56.912,2026-05-28T10:56:26.912,-930,612.0,-0.005557417
multimetro,,,,132.31522170000062,2026-05-28T10:40:57.127,2026-05-28T10:56:27.127,-930,613.0,-0.005565343
balanza,265.0,-42.97,,132.51378029999978,2026-05-28T10:40:57.322,2026-05-28T10:56:27.322,-930,,
multimetro,,,,132.53043890000117,2026-05-28T10:40:57.341,2026-05-28T10:56:27.341,-930,614.0,-0.005577111
multimetro,,,,132.7455719999998,2026-05-28T10:40:57.558,2026-05-28T10:56:27.558,-930,615.0,-0.005580451
multimetro,,,,132.96072249999997,2026-05-28T10:40:57.765,2026-05-28T10:56:27.765,-930,616.0,-0.005582011
balanza,266.0,-44.46,,133.01380940000126,2026-05-28T10:40:57.825,2026-05-28T10:56:27.825,-930,,
multimetro,,,,133.17578839999987,2026-05-28T10:40:57.982,2026-05-28T10:56:27.982,-930,617.0,-0.005592261
multimetro,,,,133.39103720000094,2026-05-28T10:40:58.202,2026-05-28T10:56:28.202,-930,618.0,-0.005600542
balanza,267.0,-45.29,,133.51375949999965,2026-05-28T10:40:58.326,2026-05-28T10:56:28.326,-930,,
multimetro,,,,133.60601140000108,2026-05-28T10:40:58.415,2026-05-28T10:56:28.415,-930,619.0,-0.005603694
multimetro,,,,133.8212620000013,2026-05-28T10:40:58.634,2026-05-28T10:56:28.634,-930,620.0,-0.005615776
balanza,268.0,-44.23,,134.01371649999965,2026-05-28T10:40:58.822,2026-05-28T10:56:28.822,-930,,
multimetro,,,,134.03629170000022,2026-05-28T10:40:58.848,2026-05-28T10:56:28.848,-930,621.0,-0.005641668
multimetro,,,,134.2513912000013,2026-05-28T10:40:59.063,2026-05-28T10:56:29.063,-930,622.0,-0.005644903
multimetro,,,,134.46654839999974,2026-05-28T10:40:59.279,2026-05-28T10:56:29.279,-930,623.0,-0.005649771
balanza,269.0,-44.47,,134.51322640000035,2026-05-28T10:40:59.326,2026-05-28T10:56:29.326,-930,,
multimetro,,,,134.68160780000107,2026-05-28T10:40:59.488,2026-05-28T10:56:29.488,-930,624.0,-0.005657529
multimetro,,,,134.89681329999985,2026-05-28T10:40:59.708,2026-05-28T10:56:29.708,-930,625.0,-0.005679369
balanza,270.0,-44.06,,135.01320010000018,2026-05-28T10:40:59.825,2026-05-28T10:56:29.825,-930,,
multimetro,,,,135.11200559999997,2026-05-28T10:40:59.922,2026-05-28T10:56:29.922,-930,626.0,-0.00570324
multimetro,,,,135.3271832999999,2026-05-28T10:41:00.136,2026-05-28T10:56:30.136,-930,627.0,-0.005716547
balanza,271.0,-46.8,,135.5137176999997,2026-05-28T10:41:00.322,2026-05-28T10:56:30.322,-930,,
multimetro,,,,135.54212370000096,2026-05-28T10:41:00.346,2026-05-28T10:56:30.346,-930,628.0,-0.005730462
multimetro,,,,135.75718469999993,2026-05-28T10:41:00.562,2026-05-28T10:56:30.562,-930,629.0,-0.005739916
multimetro,,,,135.97231680000004,2026-05-28T10:41:00.778,2026-05-28T10:56:30.778,-930,630.0,-0.005740994
balanza,272.0,-46.29,,136.01317740000013,2026-05-28T10:41:00.822,2026-05-28T10:56:30.822,-930,,
multimetro,,,,136.18742209999982,2026-05-28T10:41:00.995,2026-05-28T10:56:30.995,-930,631.0,-0.005745821
multimetro,,,,136.402472400001,2026-05-28T10:41:01.212,2026-05-28T10:56:31.212,-930,632.0,-0.005759735
balanza,273.0,-45.92,,136.51331949999985,2026-05-28T10:41:01.321,2026-05-28T10:56:31.321,-930,,
multimetro,,,,136.61765660000128,2026-05-28T10:41:01.428,2026-05-28T10:56:31.428,-930,633.0,-0.005765986
multimetro,,,,136.8328906000006,2026-05-28T10:41:01.645,2026-05-28T10:56:31.645,-930,634.0,-0.005776885
balanza,274.0,-46.9,,137.01371070000096,2026-05-28T10:41:01.822,2026-05-28T10:56:31.822,-930,,
multimetro,,,,137.04809340000065,2026-05-28T10:41:01.855,2026-05-28T10:56:31.855,-930,635.0,-0.005790935
multimetro,,,,137.26352000000043,2026-05-28T10:41:02.072,2026-05-28T10:56:32.072,-930,636.0,-0.005802504
multimetro,,,,137.4783849000014,2026-05-28T10:41:02.290,2026-05-28T10:56:32.290,-930,637.0,-0.00581624
balanza,275.0,-47.62,,137.5138762000006,2026-05-28T10:41:02.322,2026-05-28T10:56:32.322,-930,,
multimetro,,,,137.6934696999997,2026-05-28T10:41:02.505,2026-05-28T10:56:32.505,-930,638.0,-0.005827286
multimetro,,,,137.90872130000025,2026-05-28T10:41:02.721,2026-05-28T10:56:32.721,-930,639.0,-0.005836929
balanza,276.0,-46.98,,138.01328120000107,2026-05-28T10:41:02.821,2026-05-28T10:56:32.821,-930,,
multimetro,,,,138.12414910000007,2026-05-28T10:41:02.928,2026-05-28T10:56:32.928,-930,640.0,-0.005843326
multimetro,,,,138.33923719999984,2026-05-28T10:41:03.149,2026-05-28T10:56:33.149,-930,641.0,-0.005847419
balanza,277.0,-45.09,,138.51364410000133,2026-05-28T10:41:03.322,2026-05-28T10:56:33.322,-930,,
multimetro,,,,138.55423990000054,2026-05-28T10:41:03.362,2026-05-28T10:56:33.362,-930,642.0,-0.005852309
multimetro,,,,138.7694162000007,2026-05-28T10:41:03.578,2026-05-28T10:56:33.578,-930,643.0,-0.005855732
multimetro,,,,138.98455540000032,2026-05-28T10:41:03.795,2026-05-28T10:56:33.795,-930,644.0,-0.005859177
balanza,278.0,-52.26,,139.01349500000106,2026-05-28T10:41:03.826,2026-05-28T10:56:33.826,-930,,
multimetro,,,,139.1996876000012,2026-05-28T10:41:04.012,2026-05-28T10:56:34.012,-930,645.0,-0.005860999
multimetro,,,,139.41481870000098,2026-05-28T10:41:04.222,2026-05-28T10:56:34.222,-930,646.0,-0.005863197
balanza,279.0,-52.23,,139.5133378999999,2026-05-28T10:41:04.321,2026-05-28T10:56:34.321,-930,,
multimetro,,,,139.62988760000007,2026-05-28T10:41:04.438,2026-05-28T10:56:34.438,-930,647.0,-0.005865197
multimetro,,,,139.84485000000132,2026-05-28T10:41:04.657,2026-05-28T10:56:34.657,-930,648.0,-0.00586638
balanza,280.0,-54.3,,140.01357930000086,2026-05-28T10:41:04.825,2026-05-28T10:56:34.825,-930,,
multimetro,,,,140.06023090000053,2026-05-28T10:41:04.871,2026-05-28T10:56:34.871,-930,649.0,-0.005868129
multimetro,,,,140.2754334000001,2026-05-28T10:41:05.078,2026-05-28T10:56:35.078,-930,650.0,-0.00586883
multimetro,,,,140.49056519999976,2026-05-28T10:41:05.295,2026-05-28T10:56:35.295,-930,651.0,-0.005869102
balanza,281.0,-53.48,,140.51329980000082,2026-05-28T10:41:05.326,2026-05-28T10:56:35.326,-930,,
multimetro,,,,140.70563870000115,2026-05-28T10:41:05.512,2026-05-28T10:56:35.512,-930,652.0,-0.005869971
multimetro,,,,140.92075850000037,2026-05-28T10:41:05.728,2026-05-28T10:56:35.728,-930,653.0,-0.005870285
balanza,282.0,-52.89,,141.01383950000127,2026-05-28T10:41:05.821,2026-05-28T10:56:35.821,-930,,
multimetro,,,,141.13583410000138,2026-05-28T10:41:05.945,2026-05-28T10:56:35.945,-930,654.0,-0.005870757
multimetro,,,,141.35098070000095,2026-05-28T10:41:06.163,2026-05-28T10:56:36.163,-930,655.0,-0.005871133
balanza,283.0,-52.42,,141.51370440000028,2026-05-28T10:41:06.321,2026-05-28T10:56:36.321,-930,,
multimetro,,,,141.56616810000014,2026-05-28T10:41:06.378,2026-05-28T10:56:36.378,-930,656.0,-0.005871311
multimetro,,,,141.78120390000004,2026-05-28T10:41:06.588,2026-05-28T10:56:36.588,-930,657.0,-0.005871699
multimetro,,,,141.99627690000125,2026-05-28T10:41:06.805,2026-05-28T10:56:36.805,-930,658.0,-0.005872317
balanza,284.0,-54.39,,142.01374380000016,2026-05-28T10:41:06.825,2026-05-28T10:56:36.825,-930,,
multimetro,,,,142.21139829999993,2026-05-28T10:41:07.022,2026-05-28T10:56:37.022,-930,659.0,-0.005872097
multimetro,,,,142.42651900000055,2026-05-28T10:41:07.238,2026-05-28T10:56:37.238,-930,660.0,-0.005872086
balanza,285.0,-53.48,,142.5137749000005,2026-05-28T10:41:07.321,2026-05-28T10:56:37.321,-930,,
multimetro,,,,142.64166620000105,2026-05-28T10:41:07.452,2026-05-28T10:56:37.452,-930,661.0,-0.005872411
multimetro,,,,142.8570950000012,2026-05-28T10:41:07.669,2026-05-28T10:56:37.669,-930,662.0,-0.005872254
balanza,286.0,-53.82,,143.01373160000003,2026-05-28T10:41:07.825,2026-05-28T10:56:37.825,-930,,
multimetro,,,,143.07206130000122,2026-05-28T10:41:07.878,2026-05-28T10:56:37.878,-930,663.0,-0.005872568
multimetro,,,,143.28717830000096,2026-05-28T10:41:08.095,2026-05-28T10:56:38.095,-930,664.0,-0.005872777
multimetro,,,,143.50223180000103,2026-05-28T10:41:08.313,2026-05-28T10:56:38.313,-930,665.0,-0.005872913
balanza,287.0,-52.28,,143.51374390000092,2026-05-28T10:41:08.325,2026-05-28T10:56:38.325,-930,,
multimetro,,,,143.71732909999992,2026-05-28T10:41:08.530,2026-05-28T10:56:38.530,-930,666.0,-0.005873196
multimetro,,,,143.9324499000013,2026-05-28T10:41:08.745,2026-05-28T10:56:38.745,-930,667.0,-0.005873248
balanza,288.0,-53.1,,144.01380489999974,2026-05-28T10:41:08.822,2026-05-28T10:56:38.822,-930,,
multimetro,,,,144.1473517000013,2026-05-28T10:41:08.954,2026-05-28T10:56:38.954,-930,668.0,-0.005873562
multimetro,,,,144.36238080000112,2026-05-28T10:41:09.175,2026-05-28T10:56:39.175,-930,669.0,-0.005873311
balanza,289.0,-53.3,,144.51368360000015,2026-05-28T10:41:09.322,2026-05-28T10:56:39.322,-930,,
multimetro,,,,144.5774964000011,2026-05-28T10:41:09.382,2026-05-28T10:56:39.382,-930,670.0,-0.005873594
multimetro,,,,144.7925722,2026-05-28T10:41:09.598,2026-05-28T10:56:39.598,-930,671.0,-0.005873552
multimetro,,,,145.0077970000002,2026-05-28T10:41:09.815,2026-05-28T10:56:39.815,-930,672.0,-0.00587373
balanza,290.0,-53.46,,145.0132121000006,2026-05-28T10:41:09.825,2026-05-28T10:56:39.825,-930,,
multimetro,,,,145.22299680000106,2026-05-28T10:41:10.032,2026-05-28T10:56:40.032,-930,673.0,-0.005873772
multimetro,,,,145.43795169999976,2026-05-28T10:41:10.245,2026-05-28T10:56:40.245,-930,674.0,-0.005873395
balanza,291.0,-52.41,,145.51377409999986,2026-05-28T10:41:10.322,2026-05-28T10:56:40.322,-930,,
multimetro,,,,145.65323379999973,2026-05-28T10:41:10.463,2026-05-28T10:56:40.463,-930,675.0,-0.005873248
multimetro,,,,145.86808180000116,2026-05-28T10:41:10.678,2026-05-28T10:56:40.678,-930,676.0,-0.005873123
balanza,292.0,-52.94,,146.01382360000025,2026-05-28T10:41:10.821,2026-05-28T10:56:40.821,-930,,
multimetro,,,,146.08327579999968,2026-05-28T10:41:10.895,2026-05-28T10:56:40.895,-930,677.0,-0.005872892
multimetro,,,,146.2984164999998,2026-05-28T10:41:11.110,2026-05-28T10:56:41.110,-930,678.0,-0.005872997
balanza,293.0,-53.75,,146.5132747000007,2026-05-28T10:41:11.325,2026-05-28T10:56:41.325,-930,,
multimetro,,,,146.51354569999967,2026-05-28T10:41:11.325,2026-05-28T10:56:41.325,-930,679.0,-0.00587285
multimetro,,,,146.72866559999966,2026-05-28T10:41:11.541,2026-05-28T10:56:41.541,-930,680.0,-0.005872913
multimetro,,,,146.94376130000092,2026-05-28T10:41:11.749,2026-05-28T10:56:41.749,-930,681.0,-0.005872882
balanza,294.0,-53.35,,147.01367130000108,2026-05-28T10:41:11.822,2026-05-28T10:56:41.822,-930,,
multimetro,,,,147.158956700001,2026-05-28T10:41:11.965,2026-05-28T10:56:41.965,-930,682.0,-0.005872913
multimetro,,,,147.37403860000086,2026-05-28T10:41:12.178,2026-05-28T10:56:42.178,-930,683.0,-0.005872966
balanza,295.0,-54.04,,147.51369390000036,2026-05-28T10:41:12.321,2026-05-28T10:56:42.321,-930,,
multimetro,,,,147.5892512999999,2026-05-28T10:41:12.395,2026-05-28T10:56:42.395,-930,684.0,-0.005873175
multimetro,,,,147.80445669999972,2026-05-28T10:41:12.612,2026-05-28T10:56:42.612,-930,685.0,-0.005873018
balanza,296.0,-52.95,,148.01362100000006,2026-05-28T10:41:12.825,2026-05-28T10:56:42.825,-930,,
multimetro,,,,148.01970249999977,2026-05-28T10:41:12.828,2026-05-28T10:56:42.828,-930,686.0,-0.005873259
multimetro,,,,148.23465720000058,2026-05-28T10:41:13.045,2026-05-28T10:56:43.045,-930,687.0,-0.005873343
multimetro,,,,148.44993030000114,2026-05-28T10:41:13.262,2026-05-28T10:56:43.262,-930,688.0,-0.005873552
balanza,297.0,-53.94,,148.5136610999998,2026-05-28T10:41:13.321,2026-05-28T10:56:43.321,-930,,
multimetro,,,,148.66489100000035,2026-05-28T10:41:13.475,2026-05-28T10:56:43.475,-930,689.0,-0.005873489
multimetro,,,,148.88007260000086,2026-05-28T10:41:13.692,2026-05-28T10:56:43.692,-930,690.0,-0.005873604
balanza,298.0,-53.2,,149.01380299999983,2026-05-28T10:41:13.821,2026-05-28T10:56:43.821,-930,,
multimetro,,,,149.09526750000077,2026-05-28T10:41:13.899,2026-05-28T10:56:43.899,-930,691.0,-0.005873971
multimetro,,,,149.31034770000042,2026-05-28T10:41:14.115,2026-05-28T10:56:44.115,-930,692.0,-0.00587396
balanza,299.0,-53.56,,149.5136192000009,2026-05-28T10:41:14.321,2026-05-28T10:56:44.321,-930,,
multimetro,,,,149.52556200000072,2026-05-28T10:41:14.332,2026-05-28T10:56:44.332,-930,693.0,-0.005874065
multimetro,,,,149.74063220000062,2026-05-28T10:41:14.546,2026-05-28T10:56:44.546,-930,694.0,-0.005874075
multimetro,,,,149.9558560000005,2026-05-28T10:41:14.762,2026-05-28T10:56:44.762,-930,695.0,-0.005874452
balanza,300.0,-53.23,,150.01362960000006,2026-05-28T10:41:14.822,2026-05-28T10:56:44.822,-930,,
multimetro,,,,150.17074090000096,2026-05-28T10:41:14.981,2026-05-28T10:56:44.981,-930,696.0,-0.005874494
multimetro,,,,150.385896400001,2026-05-28T10:41:15.195,2026-05-28T10:56:45.195,-930,697.0,-0.005874442
balanza,301.0,-53.43,,150.51370860000134,2026-05-28T10:41:15.322,2026-05-28T10:56:45.322,-930,,
multimetro,,,,150.60110189999978,2026-05-28T10:41:15.412,2026-05-28T10:56:45.412,-930,698.0,-0.005874766
multimetro,,,,150.81645630000094,2026-05-28T10:41:15.628,2026-05-28T10:56:45.628,-930,699.0,-0.005874641
balanza,302.0,-53.26,,151.0135390000014,2026-05-28T10:41:15.825,2026-05-28T10:56:45.825,-930,,
multimetro,,,,151.03142219999972,2026-05-28T10:41:15.838,2026-05-28T10:56:45.838,-930,700.0,-0.005874588
multimetro,,,,151.24650680000013,2026-05-28T10:41:16.059,2026-05-28T10:56:46.059,-930,701.0,-0.00587484
multimetro,,,,151.46172040000056,2026-05-28T10:41:16.272,2026-05-28T10:56:46.272,-930,702.0,-0.005874641
balanza,303.0,-52.87,,151.51325700000052,2026-05-28T10:41:16.322,2026-05-28T10:56:46.322,-930,,
multimetro,,,,151.67676700000084,2026-05-28T10:41:16.488,2026-05-28T10:56:46.488,-930,703.0,-0.005874944
multimetro,,,,151.8919767999996,2026-05-28T10:41:16.695,2026-05-28T10:56:46.695,-930,704.0,-0.005874955
balanza,304.0,-53.91,,152.0139076000014,2026-05-28T10:41:16.822,2026-05-28T10:56:46.822,-930,,
multimetro,,,,152.10706279999977,2026-05-28T10:41:16.912,2026-05-28T10:56:46.912,-930,705.0,-0.00587529
multimetro,,,,152.32232959999965,2026-05-28T10:41:17.128,2026-05-28T10:56:47.128,-930,706.0,-0.005875091
balanza,305.0,-53.24,,152.5136803000005,2026-05-28T10:41:17.325,2026-05-28T10:56:47.325,-930,,
multimetro,,,,152.5372599000002,2026-05-28T10:41:17.345,2026-05-28T10:56:47.345,-930,707.0,-0.005875468
multimetro,,,,152.75238770000033,2026-05-28T10:41:17.562,2026-05-28T10:56:47.562,-930,708.0,-0.005875447
multimetro,,,,152.96750460000112,2026-05-28T10:41:17.778,2026-05-28T10:56:47.778,-930,709.0,-0.005875353
balanza,306.0,-53.84,,153.0139295000008,2026-05-28T10:41:17.822,2026-05-28T10:56:47.822,-930,,
multimetro,,,,153.18277680000028,2026-05-28T10:41:17.995,2026-05-28T10:56:47.995,-930,710.0,-0.005875269
multimetro,,,,153.39794880000045,2026-05-28T10:41:18.209,2026-05-28T10:56:48.209,-930,711.0,-0.005875552
balanza,307.0,-53.16,,153.51377150000008,2026-05-28T10:41:18.322,2026-05-28T10:56:48.322,-930,,
multimetro,,,,153.6128862000005,2026-05-28T10:41:18.422,2026-05-28T10:56:48.422,-930,712.0,-0.005875625
multimetro,,,,153.82790320000095,2026-05-28T10:41:18.640,2026-05-28T10:56:48.640,-930,713.0,-0.005875562
balanza,308.0,-54.09,,154.01370110000062,2026-05-28T10:41:18.821,2026-05-28T10:56:48.821,-930,,
multimetro,,,,154.04307960000006,2026-05-28T10:41:18.855,2026-05-28T10:56:48.855,-930,714.0,-0.005875656
multimetro,,,,154.25835619999998,2026-05-28T10:41:19.062,2026-05-28T10:56:49.062,-930,715.0,-0.005875677
multimetro,,,,154.4734079000009,2026-05-28T10:41:19.278,2026-05-28T10:56:49.278,-930,716.0,-0.00587551
balanza,309.0,-53.0,,154.51364130000002,2026-05-28T10:41:19.322,2026-05-28T10:56:49.322,-930,,
multimetro,,,,154.6886116000005,2026-05-28T10:41:19.495,2026-05-28T10:56:49.495,-930,717.0,-0.005875719
multimetro,,,,154.9035598999999,2026-05-28T10:41:19.712,2026-05-28T10:56:49.712,-930,718.0,-0.005875677
balanza,310.0,-53.58,,155.0136390000007,2026-05-28T10:41:19.825,2026-05-28T10:56:49.825,-930,,
multimetro,,,,155.11870460000137,2026-05-28T10:41:19.928,2026-05-28T10:56:49.928,-930,719.0,-0.005875698
multimetro,,,,155.33382669999992,2026-05-28T10:41:20.145,2026-05-28T10:56:50.145,-930,720.0,-0.005875604
balanza,311.0,-53.42,,155.51360879999993,2026-05-28T10:41:20.326,2026-05-28T10:56:50.326,-930,,
multimetro,,,,155.54900559999987,2026-05-28T10:41:20.362,2026-05-28T10:56:50.362,-930,721.0,-0.005875677
multimetro,,,,155.76397910000014,2026-05-28T10:41:20.574,2026-05-28T10:56:50.574,-930,722.0,-0.005875887
multimetro,,,,155.97913340000014,2026-05-28T10:41:20.788,2026-05-28T10:56:50.788,-930,723.0,-0.005875656
balanza,312.0,-53.56,,156.01371889999973,2026-05-28T10:41:20.826,2026-05-28T10:56:50.826,-930,,
multimetro,,,,156.1943855999998,2026-05-28T10:41:21.007,2026-05-28T10:56:51.007,-930,724.0,-0.005875625
multimetro,,,,156.4095212000011,2026-05-28T10:41:21.222,2026-05-28T10:56:51.222,-930,725.0,-0.005875803
balanza,313.0,-53.37,,156.51366390000112,2026-05-28T10:41:21.321,2026-05-28T10:56:51.321,-930,,
multimetro,,,,156.62463360000038,2026-05-28T10:41:21.432,2026-05-28T10:56:51.432,-930,726.0,-0.00587573
multimetro,,,,156.83975110000029,2026-05-28T10:41:21.645,2026-05-28T10:56:51.645,-930,727.0,-0.005875813
balanza,314.0,-53.32,,157.01365850000002,2026-05-28T10:41:21.822,2026-05-28T10:56:51.822,-930,,
multimetro,,,,157.0549460000002,2026-05-28T10:41:21.862,2026-05-28T10:56:51.862,-930,728.0,-0.005876065
multimetro,,,,157.27002560000074,2026-05-28T10:41:22.078,2026-05-28T10:56:52.078,-930,729.0,-0.005876159
multimetro,,,,157.48516780000136,2026-05-28T10:41:22.295,2026-05-28T10:56:52.295,-930,730.0,-0.005876368
balanza,315.0,-53.7,,157.5137519,2026-05-28T10:41:22.326,2026-05-28T10:56:52.326,-930,,
multimetro,,,,157.7002267000007,2026-05-28T10:41:22.512,2026-05-28T10:56:52.512,-930,731.0,-0.005876127
multimetro,,,,157.91527889999998,2026-05-28T10:41:22.728,2026-05-28T10:56:52.728,-930,732.0,-0.005876201
balanza,316.0,-53.46,,158.01365240000086,2026-05-28T10:41:22.821,2026-05-28T10:56:52.821,-930,,
multimetro,,,,158.13042040000073,2026-05-28T10:41:22.938,2026-05-28T10:56:52.938,-930,733.0,-0.005876368
multimetro,,,,158.34551439999996,2026-05-28T10:41:23.158,2026-05-28T10:56:53.158,-930,734.0,-0.005876243
balanza,317.0,-53.79,,158.51357070000086,2026-05-28T10:41:23.325,2026-05-28T10:56:53.325,-930,,
multimetro,,,,158.56062310000016,2026-05-28T10:41:23.372,2026-05-28T10:56:53.372,-930,735.0,-0.005876127
multimetro,,,,158.77552950000063,2026-05-28T10:41:23.588,2026-05-28T10:56:53.588,-930,736.0,-0.005876117
multimetro,,,,158.9909426000013,2026-05-28T10:41:23.795,2026-05-28T10:56:53.795,-930,737.0,-0.005876117
balanza,318.0,-53.52,,159.01372609999999,2026-05-28T10:41:23.826,2026-05-28T10:56:53.826,-930,,
multimetro,,,,159.2061818000002,2026-05-28T10:41:24.012,2026-05-28T10:56:54.012,-930,738.0,-0.005876264
multimetro,,,,159.4214647000008,2026-05-28T10:41:24.228,2026-05-28T10:56:54.228,-930,739.0,-0.00587641
balanza,319.0,-53.73,,159.51359159999993,2026-05-28T10:41:24.321,2026-05-28T10:56:54.321,-930,,
multimetro,,,,159.63646230000086,2026-05-28T10:41:24.445,2026-05-28T10:56:54.445,-930,740.0,-0.005876316
multimetro,,,,159.8516655000003,2026-05-28T10:41:24.662,2026-05-28T10:56:54.662,-930,741.0,-0.005876452
balanza,320.0,-53.4,,160.0132480000011,2026-05-28T10:41:24.825,2026-05-28T10:56:54.825,-930,,
multimetro,,,,160.0665783000004,2026-05-28T10:41:24.879,2026-05-28T10:56:54.879,-930,742.0,-0.005876347
multimetro,,,,160.2817825000002,2026-05-28T10:41:25.088,2026-05-28T10:56:55.088,-930,743.0,-0.00587641
multimetro,,,,160.4967940000006,2026-05-28T10:41:25.305,2026-05-28T10:56:55.305,-930,744.0,-0.005876148
balanza,321.0,-53.72,,160.51366919999964,2026-05-28T10:41:25.325,2026-05-28T10:56:55.325,-930,,
multimetro,,,,160.71184770000036,2026-05-28T10:41:25.524,2026-05-28T10:56:55.524,-930,745.0,-0.005876316
multimetro,,,,160.92687699999988,2026-05-28T10:41:25.738,2026-05-28T10:56:55.738,-930,746.0,-0.0058764
balanza,322.0,-53.68,,161.01384409999991,2026-05-28T10:41:25.821,2026-05-28T10:56:55.821,-930,,
multimetro,,,,161.14198810000016,2026-05-28T10:41:25.955,2026-05-28T10:56:55.955,-930,747.0,-0.005876379
multimetro,,,,161.35727729999962,2026-05-28T10:41:26.162,2026-05-28T10:56:56.162,-930,748.0,-0.00587641
balanza,323.0,-53.38,,161.5136422000014,2026-05-28T10:41:26.321,2026-05-28T10:56:56.321,-930,,
multimetro,,,,161.5722209000014,2026-05-28T10:41:26.378,2026-05-28T10:56:56.378,-930,749.0,-0.005876452
multimetro,,,,161.787558,2026-05-28T10:41:26.595,2026-05-28T10:56:56.595,-930,750.0,-0.005876504
multimetro,,,,162.0027227999999,2026-05-28T10:41:26.815,2026-05-28T10:56:56.815,-930,751.0,-0.005876682
balanza,324.0,-53.61,,162.01318730000094,2026-05-28T10:41:26.825,2026-05-28T10:56:56.825,-930,,
multimetro,,,,162.21799310000097,2026-05-28T10:41:27.030,2026-05-28T10:56:57.030,-930,752.0,-0.005876504
multimetro,,,,162.433023900001,2026-05-28T10:41:27.245,2026-05-28T10:56:57.245,-930,753.0,-0.005876368
balanza,325.0,-53.29,,162.51366450000023,2026-05-28T10:41:27.322,2026-05-28T10:56:57.322,-930,,
multimetro,,,,162.64824500000032,2026-05-28T10:41:27.459,2026-05-28T10:56:57.459,-930,754.0,-0.005876463
multimetro,,,,162.86332610000136,2026-05-28T10:41:27.672,2026-05-28T10:56:57.672,-930,755.0,-0.005876515
balanza,326.0,-53.71,,163.0137262999997,2026-05-28T10:41:27.821,2026-05-28T10:56:57.821,-930,,
multimetro,,,,163.07865360000142,2026-05-28T10:41:27.891,2026-05-28T10:56:57.891,-930,756.0,-0.005876567
multimetro,,,,163.29392390000066,2026-05-28T10:41:28.098,2026-05-28T10:56:58.098,-930,757.0,-0.005876473
multimetro,,,,163.50884340000084,2026-05-28T10:41:28.315,2026-05-28T10:56:58.315,-930,758.0,-0.005876609
balanza,327.0,-53.41,,163.51383560000068,2026-05-28T10:41:28.325,2026-05-28T10:56:58.325,-930,,
multimetro,,,,163.72405059999983,2026-05-28T10:41:28.536,2026-05-28T10:56:58.536,-930,759.0,-0.005876641
multimetro,,,,163.93900290000056,2026-05-28T10:41:28.748,2026-05-28T10:56:58.748,-930,760.0,-0.005876651
balanza,328.0,-53.77,,164.0136910000001,2026-05-28T10:41:28.821,2026-05-28T10:56:58.821,-930,,
multimetro,,,,164.154219,2026-05-28T10:41:28.965,2026-05-28T10:56:58.965,-930,761.0,-0.005876525
multimetro,,,,164.36926350000067,2026-05-28T10:41:29.178,2026-05-28T10:56:59.178,-930,762.0,-0.005876515
balanza,329.0,-53.54,,164.51363300000048,2026-05-28T10:41:29.321,2026-05-28T10:56:59.321,-930,,
multimetro,,,,164.58472860000074,2026-05-28T10:41:29.395,2026-05-28T10:56:59.395,-930,763.0,-0.005876431
multimetro,,,,164.79973670000072,2026-05-28T10:41:29.612,2026-05-28T10:56:59.612,-930,764.0,-0.005876358
balanza,330.0,-53.61,,165.01361030000044,2026-05-28T10:41:29.825,2026-05-28T10:56:59.825,-930,,
multimetro,,,,165.01495290000094,2026-05-28T10:41:29.825,2026-05-28T10:56:59.825,-930,765.0,-0.005876274
multimetro,,,,165.23012190000009,2026-05-28T10:41:30.043,2026-05-28T10:57:00.043,-930,766.0,-0.005876483
multimetro,,,,165.4450794000004,2026-05-28T10:41:30.255,2026-05-28T10:57:00.255,-930,767.0,-0.005876211
balanza,331.0,-53.57,,165.5132893000009,2026-05-28T10:41:30.322,2026-05-28T10:57:00.322,-930,,
multimetro,,,,165.6601120000014,2026-05-28T10:41:30.473,2026-05-28T10:57:00.473,-930,768.0,-0.005876222
multimetro,,,,165.87523130000045,2026-05-28T10:41:30.678,2026-05-28T10:57:00.678,-930,769.0,-0.005876285
balanza,332.0,-53.61,,166.01358820000132,2026-05-28T10:41:30.821,2026-05-28T10:57:00.821,-930,,
multimetro,,,,166.0904698000013,2026-05-28T10:41:30.898,2026-05-28T10:57:00.898,-930,770.0,-0.005876295
multimetro,,,,166.30541340000127,2026-05-28T10:41:31.112,2026-05-28T10:57:01.112,-930,771.0,-0.00587618
balanza,333.0,-53.75,,166.51358660000005,2026-05-28T10:41:31.321,2026-05-28T10:57:01.321,-930,,
multimetro,,,,166.52062850000038,2026-05-28T10:41:31.328,2026-05-28T10:57:01.328,-930,772.0,-0.005876358
multimetro,,,,166.73558539999976,2026-05-28T10:41:31.548,2026-05-28T10:57:01.548,-930,773.0,-0.005876389
multimetro,,,,166.95083410000007,2026-05-28T10:41:31.762,2026-05-28T10:57:01.762,-930,774.0,-0.005876347
balanza,334.0,-53.46,,167.0136515000013,2026-05-28T10:41:31.821,2026-05-28T10:57:01.821,-930,,
multimetro,,,,167.16584690000127,2026-05-28T10:41:31.978,2026-05-28T10:57:01.978,-930,775.0,-0.005876515
multimetro,,,,167.38120359999994,2026-05-28T10:41:32.188,2026-05-28T10:57:02.188,-930,776.0,-0.005876546
balanza,335.0,-53.69,,167.5136846000005,2026-05-28T10:41:32.322,2026-05-28T10:57:02.322,-930,,
multimetro,,,,167.5962851000004,2026-05-28T10:41:32.405,2026-05-28T10:57:02.405,-930,777.0,-0.005876641
multimetro,,,,167.81153410000115,2026-05-28T10:41:32.622,2026-05-28T10:57:02.622,-930,778.0,-0.005876494
balanza,336.0,-53.44,,168.01356289999967,2026-05-28T10:41:32.821,2026-05-28T10:57:02.821,-930,,
multimetro,,,,168.02664689999983,2026-05-28T10:41:32.838,2026-05-28T10:57:02.838,-930,779.0,-0.005876431
multimetro,,,,168.24168009999994,2026-05-28T10:41:33.045,2026-05-28T10:57:03.045,-930,780.0,-0.005876463
multimetro,,,,168.4570302000011,2026-05-28T10:41:33.268,2026-05-28T10:57:03.268,-930,781.0,-0.005876693
balanza,337.0,-53.59,,168.51322450000043,2026-05-28T10:41:33.322,2026-05-28T10:57:03.322,-930,,
multimetro,,,,168.67222070000025,2026-05-28T10:41:33.478,2026-05-28T10:57:03.478,-930,782.0,-0.005876431
multimetro,,,,168.8873519000008,2026-05-28T10:41:33.695,2026-05-28T10:57:03.695,-930,783.0,-0.005876578
balanza,338.0,-53.51,,169.013673200001,2026-05-28T10:41:33.821,2026-05-28T10:57:03.821,-930,,
multimetro,,,,169.1024312999998,2026-05-28T10:41:33.912,2026-05-28T10:57:03.912,-930,784.0,-0.005876578
multimetro,,,,169.31756420000056,2026-05-28T10:41:34.128,2026-05-28T10:57:04.128,-930,785.0,-0.005876641
balanza,339.0,-53.68,,169.51366390000112,2026-05-28T10:41:34.321,2026-05-28T10:57:04.321,-930,,
multimetro,,,,169.53257590000067,2026-05-28T10:41:34.345,2026-05-28T10:57:04.345,-930,786.0,-0.005876714
multimetro,,,,169.74772630000007,2026-05-28T10:41:34.555,2026-05-28T10:57:04.555,-930,787.0,-0.005876661
multimetro,,,,169.96278730000085,2026-05-28T10:41:34.775,2026-05-28T10:57:04.775,-930,788.0,-0.005876798
balanza,340.0,-53.72,,170.0132383,2026-05-28T10:41:34.825,2026-05-28T10:57:04.825,-930,,
multimetro,,,,170.1777097000013,2026-05-28T10:41:34.988,2026-05-28T10:57:04.988,-930,789.0,-0.005876714
multimetro,,,,170.3928164000008,2026-05-28T10:41:35.205,2026-05-28T10:57:05.205,-930,790.0,-0.005876672
balanza,341.0,-53.59,,170.5137818000003,2026-05-28T10:41:35.322,2026-05-28T10:57:05.322,-930,,
multimetro,,,,170.60807770000065,2026-05-28T10:41:35.412,2026-05-28T10:57:05.412,-930,791.0,-0.005876756
multimetro,,,,170.82328980000057,2026-05-28T10:41:35.628,2026-05-28T10:57:05.628,-930,792.0,-0.00587686
balanza,342.0,-53.7,,171.01349000000118,2026-05-28T10:41:35.821,2026-05-28T10:57:05.821,-930,,
multimetro,,,,171.03823730000113,2026-05-28T10:41:35.845,2026-05-28T10:57:05.845,-930,793.0,-0.00587685
multimetro,,,,171.25381420000122,2026-05-28T10:41:36.062,2026-05-28T10:57:06.062,-930,794.0,-0.005876986
multimetro,,,,171.4688944999998,2026-05-28T10:41:36.282,2026-05-28T10:57:06.282,-930,795.0,-0.005877101
balanza,343.0,-53.56,,171.5138439000002,2026-05-28T10:41:36.322,2026-05-28T10:57:06.322,-930,,
multimetro,,,,171.6840804000003,2026-05-28T10:41:36.497,2026-05-28T10:57:06.497,-930,796.0,-0.005876934
multimetro,,,,171.8991102,2026-05-28T10:41:36.712,2026-05-28T10:57:06.712,-930,797.0,-0.005877017
balanza,344.0,-53.71,,172.01366880000023,2026-05-28T10:41:36.822,2026-05-28T10:57:06.822,-930,,
multimetro,,,,172.11416340000142,2026-05-28T10:41:36.922,2026-05-28T10:57:06.922,-930,798.0,-0.005877122
multimetro,,,,172.32924120000098,2026-05-28T10:41:37.138,2026-05-28T10:57:07.138,-930,799.0,-0.00587686
balanza,345.0,-53.5,,172.51365559999977,2026-05-28T10:41:37.321,2026-05-28T10:57:07.321,-930,,
multimetro,,,,172.54417160000048,2026-05-28T10:41:37.355,2026-05-28T10:57:07.355,-930,800.0,-0.005876745
multimetro,,,,172.7595680000013,2026-05-28T10:41:37.565,2026-05-28T10:57:07.565,-930,801.0,-0.005877049
multimetro,,,,172.97454430000107,2026-05-28T10:41:37.782,2026-05-28T10:57:07.782,-930,802.0,-0.005876829
balanza,346.0,-53.66,,173.0138304000011,2026-05-28T10:41:37.822,2026-05-28T10:57:07.822,-930,,
multimetro,,,,173.1897151000012,2026-05-28T10:41:37.998,2026-05-28T10:57:07.998,-930,803.0,-0.005876787
multimetro,,,,173.4048395000009,2026-05-28T10:41:38.215,2026-05-28T10:57:08.215,-930,804.0,-0.005876745
balanza,347.0,-53.48,,173.51347739999983,2026-05-28T10:41:38.322,2026-05-28T10:57:08.322,-930,,
multimetro,,,,173.61990940000032,2026-05-28T10:41:38.432,2026-05-28T10:57:08.432,-930,805.0,-0.005876672
multimetro,,,,173.83482350000122,2026-05-28T10:41:38.647,2026-05-28T10:57:08.647,-930,806.0,-0.005876588
balanza,348.0,-53.56,,174.01368710000133,2026-05-28T10:41:38.821,2026-05-28T10:57:08.821,-930,,
multimetro,,,,174.05011879999984,2026-05-28T10:41:38.862,2026-05-28T10:57:08.862,-930,807.0,-0.005876326
multimetro,,,,174.2650818000002,2026-05-28T10:41:39.076,2026-05-28T10:57:09.076,-930,808.0,-0.005876264
multimetro,,,,174.4803326000001,2026-05-28T10:41:39.288,2026-05-28T10:57:09.288,-930,809.0,-0.005876578
balanza,349.0,-53.58,,174.5133009000001,2026-05-28T10:41:39.322,2026-05-28T10:57:09.322,-930,,
multimetro,,,,174.6952809000013,2026-05-28T10:41:39.505,2026-05-28T10:57:09.505,-930,810.0,-0.0058764
multimetro,,,,174.91037909999977,2026-05-28T10:41:39.717,2026-05-28T10:57:09.717,-930,811.0,-0.005876431
balanza,350.0,-53.58,,175.01357670000107,2026-05-28T10:41:39.821,2026-05-28T10:57:09.821,-930,,
multimetro,,,,175.1256000000012,2026-05-28T10:41:39.935,2026-05-28T10:57:09.935,-930,812.0,-0.005876295
multimetro,,,,175.3407739000013,2026-05-28T10:41:40.148,2026-05-28T10:57:10.148,-930,813.0,-0.005876347
balanza,351.0,-53.66,,175.5136865000004,2026-05-28T10:41:40.321,2026-05-28T10:57:10.321,-930,,
multimetro,,,,175.5560084000008,2026-05-28T10:41:40.365,2026-05-28T10:57:10.365,-930,814.0,-0.00587618
multimetro,,,,175.77110569999968,2026-05-28T10:41:40.582,2026-05-28T10:57:10.582,-930,815.0,-0.005876442
multimetro,,,,175.98618800000077,2026-05-28T10:41:40.798,2026-05-28T10:57:10.798,-930,816.0,-0.005876546
balanza,352.0,-53.52,,176.0134866999997,2026-05-28T10:41:40.822,2026-05-28T10:57:10.822,-930,,
multimetro,,,,176.20126110000092,2026-05-28T10:41:41.013,2026-05-28T10:57:11.013,-930,817.0,-0.005876724
multimetro,,,,176.41640540000117,2026-05-28T10:41:41.229,2026-05-28T10:57:11.229,-930,818.0,-0.005876651
balanza,353.0,-53.65,,176.51352659999975,2026-05-28T10:41:41.324,2026-05-28T10:57:11.324,-930,,
multimetro,,,,176.63145590000022,2026-05-28T10:41:41.438,2026-05-28T10:57:11.438,-930,819.0,-0.005876567
multimetro,,,,176.84671570000137,2026-05-28T10:41:41.658,2026-05-28T10:57:11.658,-930,820.0,-0.00587662
balanza,354.0,-53.49,,177.01353430000017,2026-05-28T10:41:41.821,2026-05-28T10:57:11.821,-930,,
multimetro,,,,177.06184460000077,2026-05-28T10:41:41.874,2026-05-28T10:57:11.874,-930,821.0,-0.005876463
multimetro,,,,177.27694940000038,2026-05-28T10:41:42.082,2026-05-28T10:57:12.082,-930,822.0,-0.005876483
multimetro,,,,177.49213860000054,2026-05-28T10:41:42.298,2026-05-28T10:57:12.298,-930,823.0,-0.005876703
balanza,355.0,-53.66,,177.51355160000094,2026-05-28T10:41:42.323,2026-05-28T10:57:12.323,-930,,
multimetro,,,,177.7071876000009,2026-05-28T10:41:42.515,2026-05-28T10:57:12.515,-930,824.0,-0.005876536
multimetro,,,,177.92242160000023,2026-05-28T10:41:42.732,2026-05-28T10:57:12.732,-930,825.0,-0.005876463
balanza,356.0,-53.59,,178.01357850000022,2026-05-28T10:41:42.821,2026-05-28T10:57:12.821,-930,,
multimetro,,,,178.13750160000018,2026-05-28T10:41:42.948,2026-05-28T10:57:12.948,-930,826.0,-0.005876536
multimetro,,,,178.3526664000001,2026-05-28T10:41:43.165,2026-05-28T10:57:13.165,-930,827.0,-0.005876023
balanza,357.0,-53.61,,178.51370769999994,2026-05-28T10:41:43.321,2026-05-28T10:57:13.321,-930,,
multimetro,,,,178.56760490000124,2026-05-28T10:41:43.380,2026-05-28T10:57:13.380,-930,828.0,-0.005876211
multimetro,,,,178.7828098000009,2026-05-28T10:41:43.595,2026-05-28T10:57:13.595,-930,829.0,-0.005876243
multimetro,,,,178.99816400000054,2026-05-28T10:41:43.805,2026-05-28T10:57:13.805,-930,830.0,-0.00587618
balanza,358.0,-53.56,,179.01376410000012,2026-05-28T10:41:43.825,2026-05-28T10:57:13.825,-930,,
multimetro,,,,179.2133931999997,2026-05-28T10:41:44.022,2026-05-28T10:57:14.022,-930,831.0,-0.005876138
multimetro,,,,179.42846960000134,2026-05-28T10:41:44.238,2026-05-28T10:57:14.238,-930,832.0,-0.005876023
balanza,359.0,-53.56,,179.5136046000007,2026-05-28T10:41:44.322,2026-05-28T10:57:14.322,-930,,
multimetro,,,,179.6436123000003,2026-05-28T10:41:44.448,2026-05-28T10:57:14.448,-930,833.0,-0.005876065
multimetro,,,,179.85883170000125,2026-05-28T10:41:44.670,2026-05-28T10:57:14.670,-930,834.0,-0.005876075
multimetro,,,,180.10401790000105,2026-05-28T10:41:44.916,2026-05-28T10:57:14.916,-930,835.0,-0.005876023
