sensor,indice_balanza,masa_g,error,tiempo_s,fecha_hora_corregida,fecha_hora_pc_sin_corregir,correccion_reloj_s,indice_multimetro,voltaje_V
multimetro,,,,0.41536269999960496,2026-05-28T12:35:23.961,2026-05-28T12:50:53.961,-930,0.0,0.001139801
multimetro,,,,0.631329599998935,2026-05-28T12:35:24.177,2026-05-28T12:50:54.177,-930,1.0,0.001139414
multimetro,,,,0.8463727999987896,2026-05-28T12:35:24.394,2026-05-28T12:50:54.394,-930,2.0,0.001138335
multimetro,,,,1.0613741999986814,2026-05-28T12:35:24.611,2026-05-28T12:50:54.611,-930,3.0,0.001136388
multimetro,,,,1.276267999999618,2026-05-28T12:35:24.827,2026-05-28T12:50:54.827,-930,4.0,0.001135582
balanza,0.0,,Error desde Arduino: HX711 not found.,1.4289499999995314,2026-05-28T12:35:24.977,2026-05-28T12:50:54.977,-930,,
multimetro,,,,1.491354899999351,2026-05-28T12:35:25.037,2026-05-28T12:50:55.037,-930,5.0,0.00113399
multimetro,,,,1.7065428999994765,2026-05-28T12:35:25.256,2026-05-28T12:50:55.256,-930,6.0,0.00113153
multimetro,,,,1.9217619999999442,2026-05-28T12:35:25.470,2026-05-28T12:50:55.470,-930,7.0,0.001128578
multimetro,,,,2.136710299999322,2026-05-28T12:35:25.687,2026-05-28T12:50:55.687,-930,8.0,0.001124358
multimetro,,,,2.35177449999901,2026-05-28T12:35:25.894,2026-05-28T12:50:55.894,-930,9.0,0.001119375
balanza,1.0,17.85,,2.4212657999996736,2026-05-28T12:35:25.971,2026-05-28T12:50:55.971,-930,,
balanza,2.0,,Error desde Arduino: HX711 not found.,2.4444728999988,2026-05-28T12:35:25.994,2026-05-28T12:50:55.994,-930,,
multimetro,,,,2.5667495999987295,2026-05-28T12:35:26.118,2026-05-28T12:50:56.118,-930,10.0,0.001112297
multimetro,,,,2.7817519000000175,2026-05-28T12:35:26.328,2026-05-28T12:50:56.328,-930,11.0,0.001103597
multimetro,,,,2.996616099999301,2026-05-28T12:35:26.546,2026-05-28T12:50:56.546,-930,12.0,0.001091996
multimetro,,,,3.212070699999458,2026-05-28T12:35:26.761,2026-05-28T12:50:56.761,-930,13.0,0.001077967
multimetro,,,,3.427084699998886,2026-05-28T12:35:26.977,2026-05-28T12:50:56.977,-930,14.0,0.001061686
balanza,3.0,25.07,,3.4367935999998735,2026-05-28T12:35:26.987,2026-05-28T12:50:56.987,-930,,
balanza,4.0,,Error desde Arduino: HX711 not found.,3.459734499998376,2026-05-28T12:35:27.010,2026-05-28T12:50:57.010,-930,,
multimetro,,,,3.642393899999661,2026-05-28T12:35:27.193,2026-05-28T12:50:57.193,-930,15.0,0.001043228
multimetro,,,,3.8583073999998305,2026-05-28T12:35:27.409,2026-05-28T12:50:57.409,-930,16.0,0.001023283
multimetro,,,,4.073322899999766,2026-05-28T12:35:27.618,2026-05-28T12:50:57.618,-930,17.0,0.001004448
multimetro,,,,4.2883194999994885,2026-05-28T12:35:27.839,2026-05-28T12:50:57.839,-930,18.0,0.000984367
balanza,5.0,25.21,,4.4522402999991755,2026-05-28T12:35:28.003,2026-05-28T12:50:58.003,-930,,
balanza,6.0,24.01,,4.464328999998543,2026-05-28T12:35:28.015,2026-05-28T12:50:58.015,-930,,
balanza,7.0,,Error desde Arduino: HX711 not found.,4.487620799998695,2026-05-28T12:35:28.037,2026-05-28T12:50:58.037,-930,,
multimetro,,,,4.503317599999718,2026-05-28T12:35:28.044,2026-05-28T12:50:58.044,-930,19.0,0.00096304
multimetro,,,,4.718322499998976,2026-05-28T12:35:28.268,2026-05-28T12:50:58.268,-930,20.0,0.000940823
multimetro,,,,4.933183799999824,2026-05-28T12:35:28.484,2026-05-28T12:50:58.484,-930,21.0,0.000917895
multimetro,,,,5.148190399999294,2026-05-28T12:35:28.694,2026-05-28T12:50:58.694,-930,22.0,0.000894861
multimetro,,,,5.362994899998739,2026-05-28T12:35:28.912,2026-05-28T12:50:58.912,-930,23.0,0.000873105
balanza,8.0,22.21,,5.4799781999990955,2026-05-28T12:35:29.022,2026-05-28T12:50:59.022,-930,,
balanza,9.0,,Error desde Arduino: HX711 not found.,5.503037599999516,2026-05-28T12:35:29.053,2026-05-28T12:50:59.053,-930,,
multimetro,,,,5.5779161999998905,2026-05-28T12:35:29.122,2026-05-28T12:50:59.122,-930,24.0,0.000847789
multimetro,,,,5.792854199999056,2026-05-28T12:35:29.339,2026-05-28T12:50:59.339,-930,25.0,0.00082284
multimetro,,,,6.007918899998913,2026-05-28T12:35:29.549,2026-05-28T12:50:59.549,-930,26.0,0.000799785
multimetro,,,,6.222777499999211,2026-05-28T12:35:29.773,2026-05-28T12:50:59.773,-930,27.0,0.000775118
multimetro,,,,6.437742799998887,2026-05-28T12:35:29.985,2026-05-28T12:50:59.985,-930,28.0,0.000749635
balanza,10.0,20.68,,6.495496199999252,2026-05-28T12:35:30.044,2026-05-28T12:51:00.044,-930,,
balanza,11.0,,Error desde Arduino: HX711 not found.,6.518633799998497,2026-05-28T12:35:30.064,2026-05-28T12:51:00.064,-930,,
multimetro,,,,6.652477999999974,2026-05-28T12:35:30.202,2026-05-28T12:51:00.202,-930,29.0,0.000723628
multimetro,,,,6.867409399999815,2026-05-28T12:35:30.410,2026-05-28T12:51:00.410,-930,30.0,0.000697579
multimetro,,,,7.0823844999995345,2026-05-28T12:35:30.633,2026-05-28T12:51:00.633,-930,31.0,0.000672295
multimetro,,,,7.297510599999441,2026-05-28T12:35:30.848,2026-05-28T12:51:00.848,-930,32.0,0.000647199
balanza,12.0,19.38,,7.511195600000065,2026-05-28T12:35:31.061,2026-05-28T12:51:01.061,-930,,
multimetro,,,,7.5131253999988985,2026-05-28T12:35:31.064,2026-05-28T12:51:01.064,-930,33.0,0.000622532
balanza,13.0,,Error desde Arduino: HX711 not found.,7.535932299999331,2026-05-28T12:35:31.080,2026-05-28T12:51:01.080,-930,,
multimetro,,,,7.728035000000091,2026-05-28T12:35:31.278,2026-05-28T12:51:01.278,-930,34.0,0.000599415
multimetro,,,,7.9434660999995685,2026-05-28T12:35:31.494,2026-05-28T12:51:01.494,-930,35.0,0.000570455
multimetro,,,,8.158416099999158,2026-05-28T12:35:31.708,2026-05-28T12:51:01.708,-930,36.0,0.000544574
multimetro,,,,8.373384099999384,2026-05-28T12:35:31.920,2026-05-28T12:51:01.920,-930,37.0,0.00051483
balanza,14.0,19.42,,8.52821959999892,2026-05-28T12:35:32.074,2026-05-28T12:51:02.074,-930,,
balanza,15.0,,Error desde Arduino: HX711 not found.,8.551316499999302,2026-05-28T12:35:32.098,2026-05-28T12:51:02.098,-930,,
multimetro,,,,8.588294799999858,2026-05-28T12:35:32.139,2026-05-28T12:51:02.139,-930,38.0,0.000487367
multimetro,,,,8.80330580000009,2026-05-28T12:35:32.352,2026-05-28T12:51:02.352,-930,39.0,0.000465873
multimetro,,,,9.018142399998396,2026-05-28T12:35:32.562,2026-05-28T12:51:02.562,-930,40.0,0.00043974
multimetro,,,,9.233166199999687,2026-05-28T12:35:32.783,2026-05-28T12:51:02.783,-930,41.0,0.000413273
multimetro,,,,9.448188200000004,2026-05-28T12:35:32.994,2026-05-28T12:51:02.994,-930,42.0,0.000386701
balanza,16.0,16.94,,9.543857099999514,2026-05-28T12:35:33.087,2026-05-28T12:51:03.087,-930,,
balanza,17.0,,Error desde Arduino: HX711 not found.,9.567127299998901,2026-05-28T12:35:33.117,2026-05-28T12:51:03.117,-930,,
multimetro,,,,9.663281399998596,2026-05-28T12:35:33.213,2026-05-28T12:51:03.213,-930,43.0,0.000364526
multimetro,,,,9.878368199999386,2026-05-28T12:35:33.426,2026-05-28T12:51:03.426,-930,44.0,0.000337933
multimetro,,,,10.093529199999466,2026-05-28T12:35:33.644,2026-05-28T12:51:03.644,-930,45.0,0.000312229
multimetro,,,,10.308529399999316,2026-05-28T12:35:33.851,2026-05-28T12:51:03.851,-930,46.0,0.000285919
multimetro,,,,10.523699299999862,2026-05-28T12:35:34.072,2026-05-28T12:51:04.072,-930,47.0,0.000262194
balanza,18.0,15.67,,10.559440499999255,2026-05-28T12:35:34.109,2026-05-28T12:51:04.109,-930,,
balanza,19.0,,Error desde Arduino: HX711 not found.,10.582718999999997,2026-05-28T12:35:34.131,2026-05-28T12:51:04.131,-930,,
multimetro,,,,10.738800699999047,2026-05-28T12:35:34.280,2026-05-28T12:51:04.280,-930,48.0,0.000231507
multimetro,,,,10.953642699998454,2026-05-28T12:35:34.502,2026-05-28T12:51:04.502,-930,49.0,0.000210212
multimetro,,,,11.168574999999691,2026-05-28T12:35:34.715,2026-05-28T12:51:04.715,-930,50.0,0.000183116
multimetro,,,,11.383393699999942,2026-05-28T12:35:34.932,2026-05-28T12:51:04.932,-930,51.0,0.000164825
balanza,20.0,15.57,,11.575082699999257,2026-05-28T12:35:35.123,2026-05-28T12:51:05.123,-930,,
multimetro,,,,11.598280299998805,2026-05-28T12:35:35.143,2026-05-28T12:51:05.143,-930,52.0,0.000141583
balanza,21.0,,Error desde Arduino: HX711 not found.,11.598725699999704,2026-05-28T12:35:35.143,2026-05-28T12:51:05.143,-930,,
multimetro,,,,11.813068699999349,2026-05-28T12:35:35.360,2026-05-28T12:51:05.360,-930,53.0,0.000126988
multimetro,,,,12.028243799999473,2026-05-28T12:35:35.579,2026-05-28T12:51:05.579,-930,54.0,9.6123e-05
multimetro,,,,12.243078699999387,2026-05-28T12:35:35.789,2026-05-28T12:51:05.789,-930,55.0,7.3215e-05
multimetro,,,,12.45817739999984,2026-05-28T12:35:36.005,2026-05-28T12:51:06.005,-930,56.0,4.926e-05
balanza,22.0,14.02,,12.590610399998695,2026-05-28T12:35:36.133,2026-05-28T12:51:06.133,-930,,
balanza,23.0,,Error desde Arduino: HX711 not found.,12.613886099999945,2026-05-28T12:35:36.163,2026-05-28T12:51:06.163,-930,,
multimetro,,,,12.672965299998395,2026-05-28T12:35:36.222,2026-05-28T12:51:06.222,-930,57.0,2.8321e-05
multimetro,,,,12.888214599999628,2026-05-28T12:35:36.436,2026-05-28T12:51:06.436,-930,58.0,9.894e-06
multimetro,,,,13.103266399999484,2026-05-28T12:35:36.647,2026-05-28T12:51:06.647,-930,59.0,-1.1485e-05
multimetro,,,,13.318392899998798,2026-05-28T12:35:36.864,2026-05-28T12:51:06.864,-930,60.0,-3.2519e-05
multimetro,,,,13.533599699998376,2026-05-28T12:35:37.075,2026-05-28T12:51:07.075,-930,61.0,-5.1229e-05
balanza,24.0,12.08,,13.606250999999247,2026-05-28T12:35:37.147,2026-05-28T12:51:07.147,-930,,
balanza,25.0,,Error desde Arduino: HX711 not found.,13.629581999999573,2026-05-28T12:35:37.177,2026-05-28T12:51:07.177,-930,,
multimetro,,,,13.748614000000089,2026-05-28T12:35:37.299,2026-05-28T12:51:07.299,-930,62.0,-7.11e-05
multimetro,,,,13.963606499999514,2026-05-28T12:35:37.508,2026-05-28T12:51:07.508,-930,63.0,-9.8845e-05
multimetro,,,,14.178521699999692,2026-05-28T12:35:37.729,2026-05-28T12:51:07.729,-930,64.0,-0.000122109
multimetro,,,,14.393431999998938,2026-05-28T12:35:37.944,2026-05-28T12:51:07.944,-930,65.0,-0.000146388
multimetro,,,,14.608404299999165,2026-05-28T12:35:38.159,2026-05-28T12:51:08.159,-930,66.0,-0.00017251
balanza,26.0,11.39,,14.621819099998902,2026-05-28T12:35:38.168,2026-05-28T12:51:08.168,-930,,
balanza,27.0,,Error desde Arduino: HX711 not found.,14.644815699999526,2026-05-28T12:35:38.195,2026-05-28T12:51:08.195,-930,,
multimetro,,,,14.82342299999982,2026-05-28T12:35:38.365,2026-05-28T12:51:08.365,-930,67.0,-0.000187147
multimetro,,,,15.038482399999339,2026-05-28T12:35:38.582,2026-05-28T12:51:08.582,-930,68.0,-0.000210683
multimetro,,,,15.253509699999995,2026-05-28T12:35:38.804,2026-05-28T12:51:08.804,-930,69.0,-0.000233015
multimetro,,,,15.468421199999284,2026-05-28T12:35:39.018,2026-05-28T12:51:09.018,-930,70.0,-0.000255808
balanza,28.0,11.34,,15.63728379999884,2026-05-28T12:35:39.182,2026-05-28T12:51:09.182,-930,,
balanza,29.0,,Error desde Arduino: HX711 not found.,15.660461399998894,2026-05-28T12:35:39.210,2026-05-28T12:51:09.210,-930,,
multimetro,,,,15.68356119999953,2026-05-28T12:35:39.234,2026-05-28T12:51:09.234,-930,71.0,-0.000277009
multimetro,,,,15.898624800000107,2026-05-28T12:35:39.445,2026-05-28T12:51:09.445,-930,72.0,-0.000290379
multimetro,,,,16.11362519999966,2026-05-28T12:35:39.656,2026-05-28T12:51:09.656,-930,73.0,-0.000313308
multimetro,,,,16.328661799998372,2026-05-28T12:35:39.875,2026-05-28T12:51:09.875,-930,74.0,-0.000333996
multimetro,,,,16.543887999998333,2026-05-28T12:35:40.095,2026-05-28T12:51:10.095,-930,75.0,-0.000354077
balanza,30.0,9.46,,16.65171989999908,2026-05-28T12:35:40.195,2026-05-28T12:51:10.195,-930,,
balanza,31.0,,Error desde Arduino: HX711 not found.,16.674868199999764,2026-05-28T12:35:40.225,2026-05-28T12:51:10.225,-930,,
multimetro,,,,16.75868420000006,2026-05-28T12:35:40.309,2026-05-28T12:51:10.309,-930,76.0,-0.000373425
multimetro,,,,16.973723699999027,2026-05-28T12:35:40.520,2026-05-28T12:51:10.520,-930,77.0,-0.000387507
multimetro,,,,17.18872519999968,2026-05-28T12:35:40.739,2026-05-28T12:51:10.739,-930,78.0,-0.000413336
multimetro,,,,17.403805899999497,2026-05-28T12:35:40.949,2026-05-28T12:51:10.949,-930,79.0,-0.000436987
multimetro,,,,17.61870159999853,2026-05-28T12:35:41.165,2026-05-28T12:51:11.165,-930,80.0,-0.000455068
balanza,32.0,9.27,,17.666193799999746,2026-05-28T12:35:41.212,2026-05-28T12:51:11.212,-930,,
balanza,33.0,,Error desde Arduino: HX711 not found.,17.689254599999913,2026-05-28T12:35:41.237,2026-05-28T12:51:11.237,-930,,
multimetro,,,,17.833753299999444,2026-05-28T12:35:41.382,2026-05-28T12:51:11.382,-930,81.0,-0.000470281
multimetro,,,,18.049219999998968,2026-05-28T12:35:41.592,2026-05-28T12:51:11.592,-930,82.0,-0.000487849
multimetro,,,,18.264269199999035,2026-05-28T12:35:41.813,2026-05-28T12:51:11.813,-930,83.0,-0.000505093
multimetro,,,,18.47932369999944,2026-05-28T12:35:42.029,2026-05-28T12:51:12.029,-930,84.0,-0.000530273
balanza,34.0,7.76,,18.68076359999941,2026-05-28T12:35:42.229,2026-05-28T12:51:12.229,-930,,
multimetro,,,,18.694468399999096,2026-05-28T12:35:42.239,2026-05-28T12:51:12.239,-930,85.0,-0.000544805
balanza,35.0,,Error desde Arduino: HX711 not found.,18.703882699999667,2026-05-28T12:35:42.249,2026-05-28T12:51:12.249,-930,,
multimetro,,,,18.909523999998783,2026-05-28T12:35:42.454,2026-05-28T12:51:12.454,-930,86.0,-0.000572748
multimetro,,,,19.124555499998678,2026-05-28T12:35:42.674,2026-05-28T12:51:12.674,-930,87.0,-0.000591751
multimetro,,,,19.339749299999312,2026-05-28T12:35:42.889,2026-05-28T12:51:12.889,-930,88.0,-0.000614659
multimetro,,,,19.554738099999668,2026-05-28T12:35:43.099,2026-05-28T12:51:13.099,-930,89.0,-0.00063429
balanza,36.0,6.73,,19.695141299998795,2026-05-28T12:35:43.245,2026-05-28T12:51:13.245,-930,,
balanza,37.0,,Error desde Arduino: HX711 not found.,19.718281999999817,2026-05-28T12:35:43.269,2026-05-28T12:51:13.269,-930,,
multimetro,,,,19.76981899999919,2026-05-28T12:35:43.319,2026-05-28T12:51:13.319,-930,90.0,-0.000653282
multimetro,,,,19.984666399999696,2026-05-28T12:35:43.532,2026-05-28T12:51:13.532,-930,91.0,-0.000672672
multimetro,,,,20.1996726999987,2026-05-28T12:35:43.746,2026-05-28T12:51:13.746,-930,92.0,-0.000692543
multimetro,,,,20.414807199998904,2026-05-28T12:35:43.956,2026-05-28T12:51:13.956,-930,93.0,-0.000708321
multimetro,,,,20.629631799998606,2026-05-28T12:35:44.180,2026-05-28T12:51:14.180,-930,94.0,-0.000728235
balanza,38.0,3.98,,20.70950619999894,2026-05-28T12:35:44.257,2026-05-28T12:51:14.257,-930,,
balanza,39.0,,Error desde Arduino: HX711 not found.,20.73273319999862,2026-05-28T12:35:44.282,2026-05-28T12:51:14.282,-930,,
multimetro,,,,20.84475769999881,2026-05-28T12:35:44.392,2026-05-28T12:51:14.392,-930,95.0,-0.000750598
multimetro,,,,21.05980879999879,2026-05-28T12:35:44.610,2026-05-28T12:51:14.610,-930,96.0,-0.000768543
multimetro,,,,21.274865199999113,2026-05-28T12:35:44.818,2026-05-28T12:51:14.818,-930,97.0,-0.0007872
multimetro,,,,21.489853399998537,2026-05-28T12:35:45.036,2026-05-28T12:51:15.036,-930,98.0,-0.000806946
multimetro,,,,21.704795699999522,2026-05-28T12:35:45.255,2026-05-28T12:51:15.255,-930,99.0,-0.000829928
balanza,40.0,4.95,,21.72390219999943,2026-05-28T12:35:45.272,2026-05-28T12:51:15.272,-930,,
balanza,41.0,,Error desde Arduino: HX711 not found.,21.747213799999372,2026-05-28T12:35:45.294,2026-05-28T12:51:15.294,-930,,
multimetro,,,,21.91971789999843,2026-05-28T12:35:45.470,2026-05-28T12:51:15.470,-930,100.0,-0.000851213
multimetro,,,,22.134653600000092,2026-05-28T12:35:45.682,2026-05-28T12:51:15.682,-930,101.0,-0.000871
multimetro,,,,22.34970279999834,2026-05-28T12:35:45.899,2026-05-28T12:51:15.899,-930,102.0,-0.000890097
multimetro,,,,22.564736799999082,2026-05-28T12:35:46.112,2026-05-28T12:51:16.112,-930,103.0,-0.000908053
balanza,42.0,4.2,,22.738255999998728,2026-05-28T12:35:46.289,2026-05-28T12:51:16.289,-930,,
balanza,43.0,,Error desde Arduino: HX711 not found.,22.761499999998705,2026-05-28T12:35:46.309,2026-05-28T12:51:16.309,-930,,
multimetro,,,,22.77973209999982,2026-05-28T12:35:46.329,2026-05-28T12:51:16.329,-930,104.0,-0.000926626
multimetro,,,,22.994812199998705,2026-05-28T12:35:46.542,2026-05-28T12:51:16.542,-930,105.0,-0.000946414
multimetro,,,,23.209824199999275,2026-05-28T12:35:46.751,2026-05-28T12:51:16.751,-930,106.0,-0.000965836
multimetro,,,,23.42504310000004,2026-05-28T12:35:46.971,2026-05-28T12:51:16.971,-930,107.0,-0.000987332
multimetro,,,,23.640317699999287,2026-05-28T12:35:47.189,2026-05-28T12:51:17.189,-930,108.0,-0.001003152
balanza,44.0,1.97,,23.752634399999806,2026-05-28T12:35:47.299,2026-05-28T12:51:17.299,-930,,
balanza,45.0,,Error desde Arduino: HX711 not found.,23.775714899999002,2026-05-28T12:35:47.325,2026-05-28T12:51:17.325,-930,,
multimetro,,,,23.85534649999863,2026-05-28T12:35:47.404,2026-05-28T12:51:17.404,-930,109.0,-0.001016427
multimetro,,,,24.07037759999912,2026-05-28T12:35:47.615,2026-05-28T12:51:17.615,-930,110.0,-0.001036812
multimetro,,,,24.285557599998356,2026-05-28T12:35:47.832,2026-05-28T12:51:17.832,-930,111.0,-0.001054579
multimetro,,,,24.50065109999923,2026-05-28T12:35:48.046,2026-05-28T12:51:18.046,-930,112.0,-0.001075372
multimetro,,,,24.715795699999944,2026-05-28T12:35:48.260,2026-05-28T12:51:18.260,-930,113.0,-0.001094668
balanza,46.0,0.88,,24.767104999998992,2026-05-28T12:35:48.310,2026-05-28T12:51:18.310,-930,,
balanza,47.0,,Error desde Arduino: HX711 not found.,24.790177199998652,2026-05-28T12:35:48.341,2026-05-28T12:51:18.341,-930,,
multimetro,,,,24.93087639999976,2026-05-28T12:35:48.477,2026-05-28T12:51:18.477,-930,114.0,-0.001110844
multimetro,,,,25.14612169999964,2026-05-28T12:35:48.696,2026-05-28T12:51:18.696,-930,115.0,-0.001128747
multimetro,,,,25.36134189999939,2026-05-28T12:35:48.905,2026-05-28T12:51:18.905,-930,116.0,-0.001149362
multimetro,,,,25.576448299998447,2026-05-28T12:35:49.127,2026-05-28T12:51:19.127,-930,117.0,-0.001169307
balanza,48.0,0.33,,25.781646599998567,2026-05-28T12:35:49.327,2026-05-28T12:51:19.327,-930,,
multimetro,,,,25.791666499999337,2026-05-28T12:35:49.337,2026-05-28T12:51:19.337,-930,118.0,-0.001186414
balanza,49.0,,Error desde Arduino: HX711 not found.,25.80470729999979,2026-05-28T12:35:49.354,2026-05-28T12:51:19.354,-930,,
multimetro,,,,26.006536999999298,2026-05-28T12:35:49.552,2026-05-28T12:51:19.552,-930,119.0,-0.001203208
multimetro,,,,26.221643799999583,2026-05-28T12:35:49.769,2026-05-28T12:51:19.769,-930,120.0,-0.001223655
multimetro,,,,26.436872799999037,2026-05-28T12:35:49.987,2026-05-28T12:51:19.987,-930,121.0,-0.001240763
multimetro,,,,26.65211879999879,2026-05-28T12:35:50.200,2026-05-28T12:51:20.200,-930,122.0,-0.001261483
balanza,50.0,-1.75,,26.797032099999342,2026-05-28T12:35:50.345,2026-05-28T12:51:20.345,-930,,
balanza,51.0,,Error desde Arduino: HX711 not found.,26.820309899998392,2026-05-28T12:35:50.365,2026-05-28T12:51:20.365,-930,,
multimetro,,,,26.86723549999988,2026-05-28T12:35:50.411,2026-05-28T12:51:20.411,-930,123.0,-0.001279187
multimetro,,,,27.082386000000042,2026-05-28T12:35:50.632,2026-05-28T12:51:20.632,-930,124.0,-0.001298148
multimetro,,,,27.297409400000106,2026-05-28T12:35:50.842,2026-05-28T12:51:20.842,-930,125.0,-0.001315957
multimetro,,,,27.5124866999995,2026-05-28T12:35:51.063,2026-05-28T12:51:21.063,-930,126.0,-0.001329976
multimetro,,,,27.727595499998642,2026-05-28T12:35:51.278,2026-05-28T12:51:21.278,-930,127.0,-0.00134878
balanza,52.0,-2.08,,27.81234029999905,2026-05-28T12:35:51.362,2026-05-28T12:51:21.362,-930,,
balanza,53.0,,Error desde Arduino: HX711 not found.,27.835618899998735,2026-05-28T12:35:51.385,2026-05-28T12:51:21.385,-930,,
multimetro,,,,27.94281619999856,2026-05-28T12:35:51.489,2026-05-28T12:51:21.489,-930,128.0,-0.001366662
multimetro,,,,28.15800759999911,2026-05-28T12:35:51.705,2026-05-28T12:51:21.705,-930,129.0,-0.001384638
multimetro,,,,28.372917799999414,2026-05-28T12:35:51.922,2026-05-28T12:51:21.922,-930,130.0,-0.001400144
multimetro,,,,28.58793709999918,2026-05-28T12:35:52.138,2026-05-28T12:51:22.138,-930,131.0,-0.001417346
multimetro,,,,28.803064699999595,2026-05-28T12:35:52.349,2026-05-28T12:51:22.349,-930,132.0,-0.001434129
balanza,54.0,-1.29,,28.827766399999746,2026-05-28T12:35:52.378,2026-05-28T12:51:22.378,-930,,
balanza,55.0,,Error desde Arduino: HX711 not found.,28.85090399999899,2026-05-28T12:35:52.394,2026-05-28T12:51:22.394,-930,,
multimetro,,,,29.018194799999037,2026-05-28T12:35:52.566,2026-05-28T12:51:22.566,-930,133.0,-0.00145154
multimetro,,,,29.23350649999884,2026-05-28T12:35:52.779,2026-05-28T12:51:22.779,-930,134.0,-0.001470417
multimetro,,,,29.448575299998993,2026-05-28T12:35:52.994,2026-05-28T12:51:22.994,-930,135.0,-0.001487577
multimetro,,,,29.663764799999626,2026-05-28T12:35:53.214,2026-05-28T12:51:23.214,-930,136.0,-0.001505501
balanza,56.0,-3.45,,29.843166499998915,2026-05-28T12:35:53.385,2026-05-28T12:51:23.385,-930,,
balanza,57.0,,Error desde Arduino: HX711 not found.,29.866417199998978,2026-05-28T12:35:53.416,2026-05-28T12:51:23.416,-930,,
multimetro,,,,29.87888489999932,2026-05-28T12:35:53.426,2026-05-28T12:51:23.426,-930,137.0,-0.001523007
multimetro,,,,30.094025200000033,2026-05-28T12:35:53.636,2026-05-28T12:51:23.636,-930,138.0,-0.001540879
multimetro,,,,30.309123699998963,2026-05-28T12:35:53.859,2026-05-28T12:51:23.859,-930,139.0,-0.001558049
multimetro,,,,30.5245175,2026-05-28T12:35:54.074,2026-05-28T12:51:24.074,-930,140.0,-0.001574612
multimetro,,,,30.739480799999,2026-05-28T12:35:54.282,2026-05-28T12:51:24.282,-930,141.0,-0.001592348
balanza,58.0,-5.15,,30.8585267999988,2026-05-28T12:35:54.402,2026-05-28T12:51:24.402,-930,,
balanza,59.0,,Error desde Arduino: HX711 not found.,30.88179080000009,2026-05-28T12:35:54.423,2026-05-28T12:51:24.423,-930,,
multimetro,,,,30.954705499998454,2026-05-28T12:35:54.502,2026-05-28T12:51:24.502,-930,142.0,-0.001609519
multimetro,,,,31.169652299999143,2026-05-28T12:35:54.715,2026-05-28T12:51:24.715,-930,143.0,-0.001625705
multimetro,,,,31.384796299998925,2026-05-28T12:35:54.929,2026-05-28T12:51:24.929,-930,144.0,-0.001639357
multimetro,,,,31.599883099999715,2026-05-28T12:35:55.144,2026-05-28T12:51:25.144,-930,145.0,-0.001657125
multimetro,,,,31.81510679999883,2026-05-28T12:35:55.366,2026-05-28T12:51:25.366,-930,146.0,-0.001673918
balanza,60.0,-5.79,,31.874007899999924,2026-05-28T12:35:55.421,2026-05-28T12:51:25.421,-930,,
balanza,61.0,,Error desde Arduino: HX711 not found.,31.897266599999057,2026-05-28T12:35:55.442,2026-05-28T12:51:25.442,-930,,
multimetro,,,,32.030242499999076,2026-05-28T12:35:55.577,2026-05-28T12:51:25.577,-930,147.0,-0.001690439
multimetro,,,,32.245285899998635,2026-05-28T12:35:55.796,2026-05-28T12:51:25.796,-930,148.0,-0.00170672
multimetro,,,,32.46068749999904,2026-05-28T12:35:56.011,2026-05-28T12:51:26.011,-930,149.0,-0.001723126
multimetro,,,,32.675595599999724,2026-05-28T12:35:56.219,2026-05-28T12:51:26.219,-930,150.0,-0.001739364
balanza,62.0,-4.91,,32.889341399999466,2026-05-28T12:35:56.438,2026-05-28T12:51:26.438,-930,,
multimetro,,,,32.8906036999997,2026-05-28T12:35:56.441,2026-05-28T12:51:26.441,-930,151.0,-0.001755258
balanza,63.0,,Error desde Arduino: HX711 not found.,32.91270369999984,2026-05-28T12:35:56.461,2026-05-28T12:51:26.461,-930,,
multimetro,,,,33.10581169999932,2026-05-28T12:35:56.656,2026-05-28T12:51:26.656,-930,152.0,-0.001772177
multimetro,,,,33.32102109999869,2026-05-28T12:35:56.865,2026-05-28T12:51:26.865,-930,153.0,-0.001788373
multimetro,,,,33.53593449999971,2026-05-28T12:35:57.082,2026-05-28T12:51:27.082,-930,154.0,-0.001804319
multimetro,,,,33.75105049999911,2026-05-28T12:35:57.302,2026-05-28T12:51:27.302,-930,155.0,-0.001820599
balanza,64.0,-6.25,,33.90492769999946,2026-05-28T12:35:57.451,2026-05-28T12:51:27.451,-930,,
balanza,65.0,,Error desde Arduino: HX711 not found.,33.92796999999882,2026-05-28T12:35:57.472,2026-05-28T12:51:27.472,-930,,
multimetro,,,,33.9661630999999,2026-05-28T12:35:57.515,2026-05-28T12:51:27.515,-930,156.0,-0.001836294
multimetro,,,,34.18128709999837,2026-05-28T12:35:57.727,2026-05-28T12:51:27.727,-930,157.0,-0.001853213
multimetro,,,,34.39640599999984,2026-05-28T12:35:57.946,2026-05-28T12:51:27.946,-930,158.0,-0.001868321
multimetro,,,,34.611555399998906,2026-05-28T12:35:58.161,2026-05-28T12:51:28.161,-930,159.0,-0.001883345
multimetro,,,,34.826722199999494,2026-05-28T12:35:58.372,2026-05-28T12:51:28.372,-930,160.0,-0.001899803
balanza,66.0,-10.56,,34.92139789999965,2026-05-28T12:35:58.472,2026-05-28T12:51:28.472,-930,,
balanza,67.0,,Error desde Arduino: HX711 not found.,34.94468169999891,2026-05-28T12:35:58.492,2026-05-28T12:51:28.492,-930,,
multimetro,,,,35.04188949999843,2026-05-28T12:35:58.589,2026-05-28T12:51:28.589,-930,161.0,-0.001916063
multimetro,,,,35.25725979999879,2026-05-28T12:35:58.799,2026-05-28T12:51:28.799,-930,162.0,-0.00193093
multimetro,,,,35.472204699999565,2026-05-28T12:35:59.023,2026-05-28T12:51:29.023,-930,163.0,-0.00194476
multimetro,,,,35.68739729999834,2026-05-28T12:35:59.229,2026-05-28T12:51:29.229,-930,164.0,-0.001959889
multimetro,,,,35.90251480000006,2026-05-28T12:35:59.444,2026-05-28T12:51:29.444,-930,165.0,-0.00197574
balanza,68.0,-7.16,,35.936796799998774,2026-05-28T12:35:59.482,2026-05-28T12:51:29.482,-930,,
balanza,69.0,,Error desde Arduino: HX711 not found.,35.960072599998966,2026-05-28T12:35:59.508,2026-05-28T12:51:29.508,-930,,
multimetro,,,,36.11778349999986,2026-05-28T12:35:59.664,2026-05-28T12:51:29.664,-930,166.0,-0.001992199
multimetro,,,,36.332727999999406,2026-05-28T12:35:59.878,2026-05-28T12:51:29.878,-930,167.0,-0.002008971
multimetro,,,,36.54797049999979,2026-05-28T12:36:00.099,2026-05-28T12:51:30.099,-930,168.0,-0.002023325
multimetro,,,,36.762866799999756,2026-05-28T12:36:00.313,2026-05-28T12:51:30.313,-930,169.0,-0.002039754
balanza,70.0,-10.15,,36.95323179999832,2026-05-28T12:36:00.502,2026-05-28T12:51:30.502,-930,,
balanza,71.0,,Error desde Arduino: HX711 not found.,36.976431299999604,2026-05-28T12:36:00.527,2026-05-28T12:51:30.527,-930,,
multimetro,,,,36.97798039999907,2026-05-28T12:36:00.528,2026-05-28T12:51:30.528,-930,170.0,-0.002057228
multimetro,,,,37.193078099999184,2026-05-28T12:36:00.744,2026-05-28T12:51:30.744,-930,171.0,-0.002074116
multimetro,,,,37.40813529999832,2026-05-28T12:36:00.958,2026-05-28T12:51:30.958,-930,172.0,-0.00208891
multimetro,,,,37.623375099999976,2026-05-28T12:36:01.165,2026-05-28T12:51:31.165,-930,173.0,-0.002104049
multimetro,,,,37.83857279999938,2026-05-28T12:36:01.385,2026-05-28T12:51:31.385,-930,174.0,-0.00212056
balanza,72.0,-13.0,,37.96957829999883,2026-05-28T12:36:01.512,2026-05-28T12:51:31.512,-930,,
balanza,73.0,,Error desde Arduino: HX711 not found.,37.99281559999872,2026-05-28T12:36:01.542,2026-05-28T12:51:31.542,-930,,
multimetro,,,,38.05394889999843,2026-05-28T12:36:01.604,2026-05-28T12:51:31.604,-930,175.0,-0.002137092
multimetro,,,,38.269004399999176,2026-05-28T12:36:01.812,2026-05-28T12:51:31.812,-930,176.0,-0.002151058
multimetro,,,,38.48408349999954,2026-05-28T12:36:02.035,2026-05-28T12:51:32.035,-930,177.0,-0.002168355
multimetro,,,,38.699176799998895,2026-05-28T12:36:02.250,2026-05-28T12:51:32.250,-930,178.0,-0.002184112
multimetro,,,,38.91438779999953,2026-05-28T12:36:02.464,2026-05-28T12:51:32.464,-930,179.0,-0.002199638
balanza,74.0,-10.62,,38.9859706999996,2026-05-28T12:36:02.535,2026-05-28T12:51:32.535,-930,,
balanza,75.0,,Error desde Arduino: HX711 not found.,39.00925669999924,2026-05-28T12:36:02.556,2026-05-28T12:51:32.556,-930,,
multimetro,,,,39.129277599999114,2026-05-28T12:36:02.676,2026-05-28T12:51:32.676,-930,180.0,-0.002213354
multimetro,,,,39.34444529999928,2026-05-28T12:36:02.895,2026-05-28T12:51:32.895,-930,181.0,-0.002229875
multimetro,,,,39.559527499999604,2026-05-28T12:36:03.102,2026-05-28T12:51:33.102,-930,182.0,-0.002244229
multimetro,,,,39.774785799998426,2026-05-28T12:36:03.324,2026-05-28T12:51:33.324,-930,183.0,-0.002260541
multimetro,,,,39.9898405999993,2026-05-28T12:36:03.532,2026-05-28T12:51:33.532,-930,184.0,-0.002276832
balanza,76.0,-11.16,,40.002387499998804,2026-05-28T12:36:03.549,2026-05-28T12:51:33.549,-930,,
balanza,77.0,,Error desde Arduino: HX711 not found.,40.02545559999999,2026-05-28T12:36:03.576,2026-05-28T12:51:33.576,-930,,
multimetro,,,,40.204972099998486,2026-05-28T12:36:03.749,2026-05-28T12:51:33.749,-930,185.0,-0.002292296
multimetro,,,,40.420125099999495,2026-05-28T12:36:03.970,2026-05-28T12:51:33.970,-930,186.0,-0.002308094
multimetro,,,,40.63526060000004,2026-05-28T12:36:04.185,2026-05-28T12:51:34.185,-930,187.0,-0.002323234
multimetro,,,,40.85053589999916,2026-05-28T12:36:04.395,2026-05-28T12:51:34.395,-930,188.0,-0.002337682
balanza,78.0,-14.3,,41.01891129999967,2026-05-28T12:36:04.565,2026-05-28T12:51:34.565,-930,,
balanza,79.0,,Error desde Arduino: HX711 not found.,41.042223899999954,2026-05-28T12:36:04.585,2026-05-28T12:51:34.585,-930,,
multimetro,,,,41.06549439999981,2026-05-28T12:36:04.615,2026-05-28T12:51:34.615,-930,189.0,-0.00235391
multimetro,,,,41.28082919999906,2026-05-28T12:36:04.831,2026-05-28T12:51:34.831,-930,190.0,-0.002371531
multimetro,,,,41.49598909999986,2026-05-28T12:36:05.042,2026-05-28T12:51:35.042,-930,191.0,-0.002388586
multimetro,,,,41.71098290000009,2026-05-28T12:36:05.259,2026-05-28T12:51:35.259,-930,192.0,-0.002405233
multimetro,,,,41.926233399999546,2026-05-28T12:36:05.469,2026-05-28T12:51:35.469,-930,193.0,-0.002421482
balanza,80.0,-13.66,,42.03530169999976,2026-05-28T12:36:05.586,2026-05-28T12:51:35.586,-930,,
balanza,81.0,-14.25,,42.04843979999896,2026-05-28T12:36:05.596,2026-05-28T12:51:35.596,-930,,
balanza,82.0,,Error desde Arduino: HX711 not found.,42.07151309999972,2026-05-28T12:36:05.615,2026-05-28T12:51:35.615,-930,,
multimetro,,,,42.14120959999855,2026-05-28T12:36:05.692,2026-05-28T12:51:35.692,-930,194.0,-0.002436223
multimetro,,,,42.35641679999935,2026-05-28T12:36:05.905,2026-05-28T12:51:35.905,-930,195.0,-0.002451645
multimetro,,,,42.57134059999953,2026-05-28T12:36:06.113,2026-05-28T12:51:36.113,-930,196.0,-0.002466963
multimetro,,,,42.78646299999855,2026-05-28T12:36:06.332,2026-05-28T12:51:36.332,-930,197.0,-0.002480783
multimetro,,,,43.001531599999,2026-05-28T12:36:06.548,2026-05-28T12:51:36.548,-930,198.0,-0.002497199
balanza,83.0,-14.38,,43.06497909999962,2026-05-28T12:36:06.606,2026-05-28T12:51:36.606,-930,,
balanza,84.0,,Error desde Arduino: HX711 not found.,43.08822169999985,2026-05-28T12:36:06.636,2026-05-28T12:51:36.636,-930,,
multimetro,,,,43.21665889999895,2026-05-28T12:36:06.765,2026-05-28T12:51:36.765,-930,199.0,-0.002513982
multimetro,,,,43.43175559999872,2026-05-28T12:36:06.975,2026-05-28T12:51:36.975,-930,200.0,-0.002530671
multimetro,,,,43.6470690999995,2026-05-28T12:36:07.196,2026-05-28T12:51:37.196,-930,201.0,-0.002547496
multimetro,,,,43.86205749999863,2026-05-28T12:36:07.408,2026-05-28T12:51:37.408,-930,202.0,-0.002564897
multimetro,,,,44.077189499999804,2026-05-28T12:36:07.618,2026-05-28T12:51:37.618,-930,203.0,-0.002580811
balanza,85.0,-14.15,,44.08144589999938,2026-05-28T12:36:07.632,2026-05-28T12:51:37.632,-930,,
balanza,86.0,,Error desde Arduino: HX711 not found.,44.10450700000001,2026-05-28T12:36:07.655,2026-05-28T12:51:37.655,-930,,
multimetro,,,,44.292559899999105,2026-05-28T12:36:07.839,2026-05-28T12:51:37.839,-930,204.0,-0.002596767
multimetro,,,,44.50756839999849,2026-05-28T12:36:08.058,2026-05-28T12:51:38.058,-930,205.0,-0.002613969
multimetro,,,,44.72265869999865,2026-05-28T12:36:08.273,2026-05-28T12:51:38.273,-930,206.0,-0.002630772
multimetro,,,,44.93772969999918,2026-05-28T12:36:08.482,2026-05-28T12:51:38.482,-930,207.0,-0.002647545
balanza,87.0,-18.39,,45.09800240000004,2026-05-28T12:36:08.642,2026-05-28T12:51:38.642,-930,,
balanza,88.0,,Error desde Arduino: HX711 not found.,45.12116949999836,2026-05-28T12:36:08.672,2026-05-28T12:51:38.672,-930,,
multimetro,,,,45.15292529999897,2026-05-28T12:36:08.704,2026-05-28T12:51:38.704,-930,208.0,-0.002664108
multimetro,,,,45.36801379999997,2026-05-28T12:36:08.910,2026-05-28T12:51:38.910,-930,209.0,-0.002680347
multimetro,,,,45.5831408999984,2026-05-28T12:36:09.129,2026-05-28T12:51:39.129,-930,210.0,-0.002697015
multimetro,,,,45.7982710999986,2026-05-28T12:36:09.349,2026-05-28T12:51:39.349,-930,211.0,-0.002712855
multimetro,,,,46.01341329999923,2026-05-28T12:36:09.564,2026-05-28T12:51:39.564,-930,212.0,-0.002729335
balanza,89.0,-17.71,,46.11435840000013,2026-05-28T12:36:09.665,2026-05-28T12:51:39.665,-930,,
balanza,90.0,,Error desde Arduino: HX711 not found.,46.137584199999765,2026-05-28T12:36:09.685,2026-05-28T12:51:39.685,-930,,
multimetro,,,,46.22837789999903,2026-05-28T12:36:09.778,2026-05-28T12:51:39.778,-930,213.0,-0.002745668
multimetro,,,,46.44367809999858,2026-05-28T12:36:09.993,2026-05-28T12:51:39.993,-930,214.0,-0.002761498
multimetro,,,,46.65877609999916,2026-05-28T12:36:10.202,2026-05-28T12:51:40.202,-930,215.0,-0.002778323
multimetro,,,,46.87374959999943,2026-05-28T12:36:10.424,2026-05-28T12:51:40.424,-930,216.0,-0.002794446
multimetro,,,,47.089076999998724,2026-05-28T12:36:10.638,2026-05-28T12:51:40.638,-930,217.0,-0.002811774
balanza,91.0,-16.95,,47.13078999999925,2026-05-28T12:36:10.677,2026-05-28T12:51:40.677,-930,,
balanza,92.0,,Error desde Arduino: HX711 not found.,47.15392069999871,2026-05-28T12:36:10.699,2026-05-28T12:51:40.699,-930,,
multimetro,,,,47.3041575999996,2026-05-28T12:36:10.849,2026-05-28T12:51:40.849,-930,218.0,-0.002827552
multimetro,,,,47.519285299998955,2026-05-28T12:36:11.070,2026-05-28T12:51:41.070,-930,219.0,-0.002844387
multimetro,,,,47.734415299999455,2026-05-28T12:36:11.280,2026-05-28T12:51:41.280,-930,220.0,-0.002861107
multimetro,,,,47.94958199999928,2026-05-28T12:36:11.492,2026-05-28T12:51:41.492,-930,221.0,-0.002877398
balanza,93.0,-16.47,,48.14715979999892,2026-05-28T12:36:11.689,2026-05-28T12:51:41.689,-930,,
multimetro,,,,48.164651799999774,2026-05-28T12:36:11.709,2026-05-28T12:51:41.709,-930,222.0,-0.002894003
balanza,94.0,,Error desde Arduino: HX711 not found.,48.17013279999992,2026-05-28T12:36:11.721,2026-05-28T12:51:41.721,-930,,
multimetro,,,,48.37976170000002,2026-05-28T12:36:11.926,2026-05-28T12:51:41.926,-930,223.0,-0.002910451
multimetro,,,,48.59486019999895,2026-05-28T12:36:12.146,2026-05-28T12:51:42.146,-930,224.0,-0.002926962
multimetro,,,,48.81010519999836,2026-05-28T12:36:12.361,2026-05-28T12:51:42.361,-930,225.0,-0.00294319
multimetro,,,,49.0252649999984,2026-05-28T12:36:12.575,2026-05-28T12:51:42.575,-930,226.0,-0.002960172
balanza,95.0,-21.12,,49.16353699999854,2026-05-28T12:36:12.705,2026-05-28T12:51:42.705,-930,,
balanza,96.0,,Error desde Arduino: HX711 not found.,49.186773899999025,2026-05-28T12:36:12.735,2026-05-28T12:51:42.735,-930,,
multimetro,,,,49.24049699999887,2026-05-28T12:36:12.782,2026-05-28T12:51:42.782,-930,227.0,-0.002976631
multimetro,,,,49.455608099999154,2026-05-28T12:36:13.002,2026-05-28T12:51:43.002,-930,228.0,-0.002993665
multimetro,,,,49.67053779999878,2026-05-28T12:36:13.221,2026-05-28T12:51:43.221,-930,229.0,-0.003010605
multimetro,,,,49.88595079999868,2026-05-28T12:36:13.428,2026-05-28T12:51:43.428,-930,230.0,-0.003027514
multimetro,,,,50.100905299999795,2026-05-28T12:36:13.645,2026-05-28T12:51:43.645,-930,231.0,-0.003043658
balanza,97.0,-18.74,,50.17991219999931,2026-05-28T12:36:13.731,2026-05-28T12:51:43.731,-930,,
balanza,98.0,,Error desde Arduino: HX711 not found.,50.203076599998894,2026-05-28T12:36:13.752,2026-05-28T12:51:43.752,-930,,
multimetro,,,,50.316176299998915,2026-05-28T12:36:13.866,2026-05-28T12:51:43.866,-930,232.0,-0.00306019
multimetro,,,,50.53115449999859,2026-05-28T12:36:14.082,2026-05-28T12:51:44.082,-930,233.0,-0.003076879
multimetro,,,,50.74634689999948,2026-05-28T12:36:14.295,2026-05-28T12:51:44.295,-930,234.0,-0.003093557
multimetro,,,,50.96139079999921,2026-05-28T12:36:14.506,2026-05-28T12:51:44.506,-930,235.0,-0.003110528
multimetro,,,,51.17653009999958,2026-05-28T12:36:14.726,2026-05-28T12:51:44.726,-930,236.0,-0.003127908
balanza,99.0,-21.24,,51.19625229999838,2026-05-28T12:36:14.747,2026-05-28T12:51:44.747,-930,,
balanza,100.0,,Error desde Arduino: HX711 not found.,51.219498499998735,2026-05-28T12:36:14.770,2026-05-28T12:51:44.770,-930,,
multimetro,,,,51.39174079999975,2026-05-28T12:36:14.942,2026-05-28T12:51:44.942,-930,237.0,-0.003144744
multimetro,,,,51.60671860000002,2026-05-28T12:36:15.152,2026-05-28T12:51:45.152,-930,238.0,-0.003161265
multimetro,,,,51.82182499999908,2026-05-28T12:36:15.370,2026-05-28T12:51:45.370,-930,239.0,-0.003178728
multimetro,,,,52.03706389999934,2026-05-28T12:36:15.579,2026-05-28T12:51:45.579,-930,240.0,-0.003195689
balanza,101.0,-22.84,,52.21265449999919,2026-05-28T12:36:15.755,2026-05-28T12:51:45.755,-930,,
balanza,102.0,,Error desde Arduino: HX711 not found.,52.23580689999835,2026-05-28T12:36:15.780,2026-05-28T12:51:45.780,-930,,
multimetro,,,,52.25223469999946,2026-05-28T12:36:15.802,2026-05-28T12:51:45.802,-930,241.0,-0.003212556
multimetro,,,,52.4671529999996,2026-05-28T12:36:16.018,2026-05-28T12:51:46.018,-930,242.0,-0.003230041
multimetro,,,,52.68216149999898,2026-05-28T12:36:16.232,2026-05-28T12:51:46.232,-930,243.0,-0.003247389
multimetro,,,,52.89727099999982,2026-05-28T12:36:16.448,2026-05-28T12:51:46.448,-930,244.0,-0.003264518
multimetro,,,,53.11254949999966,2026-05-28T12:36:16.663,2026-05-28T12:51:46.663,-930,245.0,-0.00328173
balanza,103.0,-21.77,,53.22895689999859,2026-05-28T12:36:16.779,2026-05-28T12:51:46.779,-930,,
balanza,104.0,,Error desde Arduino: HX711 not found.,53.25211639999907,2026-05-28T12:36:16.800,2026-05-28T12:51:46.800,-930,,
multimetro,,,,53.32761869999922,2026-05-28T12:36:16.875,2026-05-28T12:51:46.875,-930,246.0,-0.003298586
multimetro,,,,53.542811899998924,2026-05-28T12:36:17.085,2026-05-28T12:51:47.085,-930,247.0,-0.003316448
multimetro,,,,53.75808119999965,2026-05-28T12:36:17.302,2026-05-28T12:51:47.302,-930,248.0,-0.00333366
multimetro,,,,53.97313729999951,2026-05-28T12:36:17.520,2026-05-28T12:51:47.520,-930,249.0,-0.003350883
multimetro,,,,54.18823639999937,2026-05-28T12:36:17.729,2026-05-28T12:51:47.729,-930,250.0,-0.003368231
balanza,105.0,-25.08,,54.24526999999944,2026-05-28T12:36:17.795,2026-05-28T12:51:47.795,-930,,
balanza,106.0,,Error desde Arduino: HX711 not found.,54.26845890000004,2026-05-28T12:36:17.811,2026-05-28T12:51:47.811,-930,,
multimetro,,,,54.40330699999868,2026-05-28T12:36:17.951,2026-05-28T12:51:47.951,-930,251.0,-0.003386051
multimetro,,,,54.61836199999925,2026-05-28T12:36:18.165,2026-05-28T12:51:48.165,-930,252.0,-0.003404226
multimetro,,,,54.833655599999474,2026-05-28T12:36:18.375,2026-05-28T12:51:48.375,-930,253.0,-0.003421564
multimetro,,,,55.04879289999917,2026-05-28T12:36:18.595,2026-05-28T12:51:48.595,-930,254.0,-0.003439206
balanza,107.0,-23.7,,55.26178209999853,2026-05-28T12:36:18.809,2026-05-28T12:51:48.809,-930,,
multimetro,,,,55.26382349999949,2026-05-28T12:36:18.809,2026-05-28T12:51:48.809,-930,255.0,-0.00345714
balanza,108.0,,Error desde Arduino: HX711 not found.,55.28506969999944,2026-05-28T12:36:18.836,2026-05-28T12:51:48.836,-930,,
multimetro,,,,55.47886159999871,2026-05-28T12:36:19.029,2026-05-28T12:51:49.029,-930,256.0,-0.003474572
multimetro,,,,55.69397789999857,2026-05-28T12:36:19.245,2026-05-28T12:51:49.245,-930,257.0,-0.003492277
multimetro,,,,55.90917839999929,2026-05-28T12:36:19.459,2026-05-28T12:51:49.459,-930,258.0,-0.003510075
multimetro,,,,56.12436029999844,2026-05-28T12:36:19.675,2026-05-28T12:51:49.675,-930,259.0,-0.003528073
balanza,109.0,-28.16,,56.27832009999838,2026-05-28T12:36:19.821,2026-05-28T12:51:49.821,-930,,
balanza,110.0,,Error desde Arduino: HX711 not found.,56.30161259999841,2026-05-28T12:36:19.846,2026-05-28T12:51:49.846,-930,,
multimetro,,,,56.33941400000003,2026-05-28T12:36:19.887,2026-05-28T12:51:49.887,-930,260.0,-0.003545997
multimetro,,,,56.55450419999943,2026-05-28T12:36:20.102,2026-05-28T12:51:50.102,-930,261.0,-0.003564204
multimetro,,,,56.76969879999888,2026-05-28T12:36:20.320,2026-05-28T12:51:50.320,-930,262.0,-0.003582914
multimetro,,,,56.9848981999985,2026-05-28T12:36:20.529,2026-05-28T12:51:50.529,-930,263.0,-0.003601121
multimetro,,,,57.199968299999455,2026-05-28T12:36:20.745,2026-05-28T12:51:50.745,-930,264.0,-0.003619202
balanza,111.0,-29.05,,57.294816899999205,2026-05-28T12:36:20.837,2026-05-28T12:51:50.837,-930,,
balanza,112.0,,Error desde Arduino: HX711 not found.,57.318111199998384,2026-05-28T12:36:20.860,2026-05-28T12:51:50.860,-930,,
multimetro,,,,57.41511869999886,2026-05-28T12:36:20.962,2026-05-28T12:51:50.962,-930,265.0,-0.003637011
multimetro,,,,57.630328299999746,2026-05-28T12:36:21.176,2026-05-28T12:51:51.176,-930,266.0,-0.003655595
multimetro,,,,57.84563029999845,2026-05-28T12:36:21.392,2026-05-28T12:51:51.392,-930,267.0,-0.003674074
multimetro,,,,58.06066009999995,2026-05-28T12:36:21.611,2026-05-28T12:51:51.611,-930,268.0,-0.003692898
multimetro,,,,58.27584309999838,2026-05-28T12:36:21.823,2026-05-28T12:51:51.823,-930,269.0,-0.003711346
balanza,113.0,-26.79,,58.311184899999716,2026-05-28T12:36:21.861,2026-05-28T12:51:51.861,-930,,
balanza,114.0,,Error desde Arduino: HX711 not found.,58.33448089999911,2026-05-28T12:36:21.877,2026-05-28T12:51:51.877,-930,,
multimetro,,,,58.49097559999973,2026-05-28T12:36:22.039,2026-05-28T12:51:52.039,-930,270.0,-0.003729176
multimetro,,,,58.70774149999852,2026-05-28T12:36:22.256,2026-05-28T12:51:52.256,-930,271.0,-0.003748147
multimetro,,,,58.92282619999969,2026-05-28T12:36:22.471,2026-05-28T12:51:52.471,-930,272.0,-0.003766909
multimetro,,,,59.13774629999898,2026-05-28T12:36:22.683,2026-05-28T12:51:52.683,-930,273.0,-0.003785462
balanza,115.0,-32.44,,59.32763829999931,2026-05-28T12:36:22.878,2026-05-28T12:51:52.878,-930,,
balanza,116.0,,Error desde Arduino: HX711 not found.,59.350937899998826,2026-05-28T12:36:22.898,2026-05-28T12:51:52.898,-930,,
multimetro,,,,59.35283999999956,2026-05-28T12:36:22.898,2026-05-28T12:51:52.898,-930,274.0,-0.003804202
multimetro,,,,59.56790839999849,2026-05-28T12:36:23.119,2026-05-28T12:51:53.119,-930,275.0,-0.003823048
multimetro,,,,59.78291149999859,2026-05-28T12:36:23.333,2026-05-28T12:51:53.333,-930,276.0,-0.00384203
multimetro,,,,59.99813979999999,2026-05-28T12:36:23.548,2026-05-28T12:51:53.548,-930,277.0,-0.003860844
multimetro,,,,60.21323019999909,2026-05-28T12:36:23.763,2026-05-28T12:51:53.763,-930,278.0,-0.003879815
balanza,117.0,-31.12,,60.344004999999015,2026-05-28T12:36:23.885,2026-05-28T12:51:53.885,-930,,
balanza,118.0,,Error desde Arduino: HX711 not found.,60.367303600000014,2026-05-28T12:36:23.915,2026-05-28T12:51:53.915,-930,,
multimetro,,,,60.4285433999994,2026-05-28T12:36:23.979,2026-05-28T12:51:53.979,-930,279.0,-0.003898661
multimetro,,,,60.64370059999965,2026-05-28T12:36:24.192,2026-05-28T12:51:54.192,-930,280.0,-0.003918061
multimetro,,,,60.85891959999935,2026-05-28T12:36:24.408,2026-05-28T12:51:54.408,-930,281.0,-0.003936519
multimetro,,,,61.07393729999967,2026-05-28T12:36:24.622,2026-05-28T12:51:54.622,-930,282.0,-0.003955658
multimetro,,,,61.289099099998566,2026-05-28T12:36:24.835,2026-05-28T12:51:54.835,-930,283.0,-0.003974891
balanza,119.0,-32.01,,61.36047399999916,2026-05-28T12:36:24.911,2026-05-28T12:51:54.911,-930,,
balanza,120.0,-30.06,,61.37360219999937,2026-05-28T12:36:24.915,2026-05-28T12:51:54.915,-930,,
balanza,121.0,,Error desde Arduino: HX711 not found.,61.39675989999887,2026-05-28T12:36:24.945,2026-05-28T12:51:54.945,-930,,
multimetro,,,,61.50407139999879,2026-05-28T12:36:25.046,2026-05-28T12:51:55.046,-930,284.0,-0.003994281
multimetro,,,,61.71920079999836,2026-05-28T12:36:25.262,2026-05-28T12:51:55.262,-930,285.0,-0.004013807
multimetro,,,,61.93425099999877,2026-05-28T12:36:25.482,2026-05-28T12:51:55.482,-930,286.0,-0.004033501
multimetro,,,,62.14920559999882,2026-05-28T12:36:25.699,2026-05-28T12:51:55.699,-930,287.0,-0.004053163
multimetro,,,,62.364433499998995,2026-05-28T12:36:25.914,2026-05-28T12:51:55.914,-930,288.0,-0.004073129
balanza,122.0,-34.32,,62.38992009999856,2026-05-28T12:36:25.940,2026-05-28T12:51:55.940,-930,,
balanza,123.0,,Error desde Arduino: HX711 not found.,62.41316459999871,2026-05-28T12:36:25.964,2026-05-28T12:51:55.964,-930,,
multimetro,,,,62.57928249999895,2026-05-28T12:36:26.125,2026-05-28T12:51:56.125,-930,289.0,-0.004092791
multimetro,,,,62.79448859999866,2026-05-28T12:36:26.342,2026-05-28T12:51:56.342,-930,290.0,-0.004113186
multimetro,,,,63.0096238999995,2026-05-28T12:36:26.552,2026-05-28T12:51:56.552,-930,291.0,-0.004132913
multimetro,,,,63.22501109999939,2026-05-28T12:36:26.766,2026-05-28T12:51:56.766,-930,292.0,-0.004153046
balanza,124.0,-34.89,,63.4063288999987,2026-05-28T12:36:26.948,2026-05-28T12:51:56.948,-930,,
balanza,125.0,,Error desde Arduino: HX711 not found.,63.42953139999918,2026-05-28T12:36:26.979,2026-05-28T12:51:56.979,-930,,
multimetro,,,,63.440140799999426,2026-05-28T12:36:26.989,2026-05-28T12:51:56.989,-930,293.0,-0.004173054
multimetro,,,,63.6554445999991,2026-05-28T12:36:27.206,2026-05-28T12:51:57.206,-930,294.0,-0.004193198
multimetro,,,,63.87043239999912,2026-05-28T12:36:27.415,2026-05-28T12:51:57.415,-930,295.0,-0.004213447
multimetro,,,,64.08558149999953,2026-05-28T12:36:27.632,2026-05-28T12:51:57.632,-930,296.0,-0.004234072
multimetro,,,,64.30096669999875,2026-05-28T12:36:27.852,2026-05-28T12:51:57.852,-930,297.0,-0.004254771
balanza,126.0,-35.67,,64.42267659999925,2026-05-28T12:36:27.972,2026-05-28T12:51:57.972,-930,,
balanza,127.0,,Error desde Arduino: HX711 not found.,64.44599239999843,2026-05-28T12:36:27.992,2026-05-28T12:51:57.992,-930,,
multimetro,,,,64.51604049999878,2026-05-28T12:36:28.062,2026-05-28T12:51:58.062,-930,298.0,-0.004275229
multimetro,,,,64.73118929999873,2026-05-28T12:36:28.281,2026-05-28T12:51:58.281,-930,299.0,-0.004296189
multimetro,,,,64.94635279999966,2026-05-28T12:36:28.488,2026-05-28T12:51:58.488,-930,300.0,-0.004317076
multimetro,,,,65.16160049999962,2026-05-28T12:36:28.704,2026-05-28T12:51:58.704,-930,301.0,-0.004338351
multimetro,,,,65.37657089999993,2026-05-28T12:36:28.922,2026-05-28T12:51:58.922,-930,302.0,-0.004359856
balanza,128.0,-38.18,,65.43903839999984,2026-05-28T12:36:28.988,2026-05-28T12:51:58.988,-930,,
balanza,129.0,,Error desde Arduino: HX711 not found.,65.46204229999967,2026-05-28T12:36:29.013,2026-05-28T12:51:59.013,-930,,
multimetro,,,,65.59176559999833,2026-05-28T12:36:29.136,2026-05-28T12:51:59.136,-930,303.0,-0.004381444
multimetro,,,,65.80671849999999,2026-05-28T12:36:29.357,2026-05-28T12:51:59.357,-930,304.0,-0.004403556
multimetro,,,,66.02194819999931,2026-05-28T12:36:29.568,2026-05-28T12:51:59.568,-930,305.0,-0.004425218
multimetro,,,,66.2369018999998,2026-05-28T12:36:29.779,2026-05-28T12:51:59.779,-930,306.0,-0.004447425
multimetro,,,,66.45218419999946,2026-05-28T12:36:29.997,2026-05-28T12:51:59.997,-930,307.0,-0.004469652
balanza,130.0,-35.36,,66.45537619999959,2026-05-28T12:36:29.997,2026-05-28T12:51:59.997,-930,,
balanza,131.0,,Error desde Arduino: HX711 not found.,66.4784796999993,2026-05-28T12:36:30.027,2026-05-28T12:52:00.027,-930,,
multimetro,,,,66.66726339999877,2026-05-28T12:36:30.215,2026-05-28T12:52:00.215,-930,308.0,-0.004492057
multimetro,,,,66.88233709999986,2026-05-28T12:36:30.432,2026-05-28T12:52:00.432,-930,309.0,-0.004514536
multimetro,,,,67.09757739999986,2026-05-28T12:36:30.642,2026-05-28T12:52:00.642,-930,310.0,-0.004537004
multimetro,,,,67.31266589999905,2026-05-28T12:36:30.863,2026-05-28T12:52:00.863,-930,311.0,-0.004560111
balanza,132.0,-38.15,,67.47180959999969,2026-05-28T12:36:31.016,2026-05-28T12:52:01.016,-930,,
balanza,133.0,,Error desde Arduino: HX711 not found.,67.49501149999924,2026-05-28T12:36:31.046,2026-05-28T12:52:01.046,-930,,
multimetro,,,,67.52792259999842,2026-05-28T12:36:31.069,2026-05-28T12:52:01.069,-930,312.0,-0.00458283
multimetro,,,,67.74293209999996,2026-05-28T12:36:31.291,2026-05-28T12:52:01.291,-930,313.0,-0.004605843
multimetro,,,,67.95816029999878,2026-05-28T12:36:31.509,2026-05-28T12:52:01.509,-930,314.0,-0.004629012
multimetro,,,,68.1731108999993,2026-05-28T12:36:31.716,2026-05-28T12:52:01.716,-930,315.0,-0.004651585
multimetro,,,,68.38825989999896,2026-05-28T12:36:31.933,2026-05-28T12:52:01.933,-930,316.0,-0.004674619
balanza,134.0,-38.17,,68.48819879999974,2026-05-28T12:36:32.034,2026-05-28T12:52:02.034,-930,,
balanza,135.0,,Error desde Arduino: HX711 not found.,68.51138279999941,2026-05-28T12:36:32.056,2026-05-28T12:52:02.056,-930,,
multimetro,,,,68.60322649999944,2026-05-28T12:36:32.153,2026-05-28T12:52:02.153,-930,317.0,-0.004697369
multimetro,,,,68.81842309999956,2026-05-28T12:36:32.368,2026-05-28T12:52:02.368,-930,318.0,-0.004720675
multimetro,,,,69.03350009999849,2026-05-28T12:36:32.582,2026-05-28T12:52:02.582,-930,319.0,-0.004744002
multimetro,,,,69.24862739999844,2026-05-28T12:36:32.799,2026-05-28T12:52:02.799,-930,320.0,-0.004767339
multimetro,,,,69.46380799999861,2026-05-28T12:36:33.014,2026-05-28T12:52:03.014,-930,321.0,-0.004790603
balanza,136.0,-40.11,,69.50448179999876,2026-05-28T12:36:33.054,2026-05-28T12:52:03.054,-930,,
balanza,137.0,,Error desde Arduino: HX711 not found.,69.52783180000006,2026-05-28T12:36:33.077,2026-05-28T12:52:03.077,-930,,
multimetro,,,,69.67900579999878,2026-05-28T12:36:33.230,2026-05-28T12:52:03.230,-930,322.0,-0.004814495
multimetro,,,,69.89430739999989,2026-05-28T12:36:33.445,2026-05-28T12:52:03.445,-930,323.0,-0.004838648
multimetro,,,,70.10921549999875,2026-05-28T12:36:33.658,2026-05-28T12:52:03.658,-930,324.0,-0.00486253
multimetro,,,,70.32448759999897,2026-05-28T12:36:33.875,2026-05-28T12:52:03.875,-930,325.0,-0.004886945
balanza,138.0,-46.26,,70.52080070000011,2026-05-28T12:36:34.065,2026-05-28T12:52:04.065,-930,,
multimetro,,,,70.5393970999994,2026-05-28T12:36:34.085,2026-05-28T12:52:04.085,-930,326.0,-0.004911193
balanza,139.0,,Error desde Arduino: HX711 not found.,70.54376079999929,2026-05-28T12:36:34.094,2026-05-28T12:52:04.094,-930,,
multimetro,,,,70.75456320000012,2026-05-28T12:36:34.302,2026-05-28T12:52:04.302,-930,327.0,-0.004936331
multimetro,,,,70.9695918999987,2026-05-28T12:36:34.520,2026-05-28T12:52:04.520,-930,328.0,-0.004961082
multimetro,,,,71.18475330000001,2026-05-28T12:36:34.728,2026-05-28T12:52:04.728,-930,329.0,-0.004986722
multimetro,,,,71.39981879999868,2026-05-28T12:36:34.945,2026-05-28T12:52:04.945,-930,330.0,-0.005013336
balanza,140.0,-42.09,,71.53724709999915,2026-05-28T12:36:35.088,2026-05-28T12:52:05.088,-930,,
balanza,141.0,,Error desde Arduino: HX711 not found.,71.56030639999881,2026-05-28T12:36:35.110,2026-05-28T12:52:05.110,-930,,
multimetro,,,,71.61479309999959,2026-05-28T12:36:35.165,2026-05-28T12:52:05.165,-930,331.0,-0.005040966
multimetro,,,,71.82984059999944,2026-05-28T12:36:35.377,2026-05-28T12:52:05.377,-930,332.0,-0.005071129
multimetro,,,,72.04510649999975,2026-05-28T12:36:35.586,2026-05-28T12:52:05.586,-930,333.0,-0.005104758
multimetro,,,,72.26034209999852,2026-05-28T12:36:35.810,2026-05-28T12:52:05.810,-930,334.0,-0.005144418
multimetro,,,,72.47519109999848,2026-05-28T12:36:36.022,2026-05-28T12:52:06.022,-930,335.0,-0.005190882
balanza,142.0,-48.09,,72.55361379999886,2026-05-28T12:36:36.103,2026-05-28T12:52:06.103,-930,,
balanza,143.0,,Error desde Arduino: HX711 not found.,72.57670659999894,2026-05-28T12:36:36.127,2026-05-28T12:52:06.127,-930,,
multimetro,,,,72.690493099999,2026-05-28T12:36:36.232,2026-05-28T12:52:06.232,-930,336.0,-0.005244811
multimetro,,,,72.90543419999995,2026-05-28T12:36:36.449,2026-05-28T12:52:06.449,-930,337.0,-0.005303117
multimetro,,,,73.12052779999976,2026-05-28T12:36:36.665,2026-05-28T12:52:06.665,-930,338.0,-0.005364659
multimetro,,,,73.33560589999979,2026-05-28T12:36:36.885,2026-05-28T12:52:06.885,-930,339.0,-0.005425886
multimetro,,,,73.55076769999869,2026-05-28T12:36:37.098,2026-05-28T12:52:07.098,-930,340.0,-0.005484255
balanza,144.0,-50.14,,73.56988490000003,2026-05-28T12:36:37.116,2026-05-28T12:52:07.116,-930,,
balanza,145.0,,Error desde Arduino: HX711 not found.,73.59306130000004,2026-05-28T12:36:37.144,2026-05-28T12:52:07.144,-930,,
multimetro,,,,73.76580959999956,2026-05-28T12:36:37.314,2026-05-28T12:52:07.314,-930,341.0,-0.005539734
multimetro,,,,73.98092189999988,2026-05-28T12:36:37.532,2026-05-28T12:52:07.532,-930,342.0,-0.005590502
multimetro,,,,74.19629239999995,2026-05-28T12:36:37.738,2026-05-28T12:52:07.738,-930,343.0,-0.005638077
multimetro,,,,74.41131489999862,2026-05-28T12:36:37.962,2026-05-28T12:52:07.962,-930,344.0,-0.00568005
balanza,146.0,-52.98,,74.58617520000007,2026-05-28T12:36:38.135,2026-05-28T12:52:08.135,-930,,
balanza,147.0,,Error desde Arduino: HX711 not found.,74.60949230000006,2026-05-28T12:36:38.155,2026-05-28T12:52:08.155,-930,,
multimetro,,,,74.62639649999983,2026-05-28T12:36:38.177,2026-05-28T12:52:08.177,-930,345.0,-0.005716097
multimetro,,,,74.84163519999856,2026-05-28T12:36:38.385,2026-05-28T12:52:08.385,-930,346.0,-0.005746512
multimetro,,,,75.05670419999842,2026-05-28T12:36:38.605,2026-05-28T12:52:08.605,-930,347.0,-0.005775932
multimetro,,,,75.2717767999984,2026-05-28T12:36:38.815,2026-05-28T12:52:08.815,-930,348.0,-0.005802902
multimetro,,,,75.48707289999948,2026-05-28T12:36:39.032,2026-05-28T12:52:09.032,-930,349.0,-0.00582358
balanza,148.0,-55.25,,75.60257779999847,2026-05-28T12:36:39.151,2026-05-28T12:52:09.151,-930,,
balanza,149.0,,Error desde Arduino: HX711 not found.,75.62576459999946,2026-05-28T12:36:39.171,2026-05-28T12:52:09.171,-930,,
multimetro,,,,75.70201769999949,2026-05-28T12:36:39.243,2026-05-28T12:52:09.243,-930,350.0,-0.005838499
multimetro,,,,75.9170979999999,2026-05-28T12:36:39.462,2026-05-28T12:52:09.462,-930,351.0,-0.005849231
multimetro,,,,76.13212500000009,2026-05-28T12:36:39.683,2026-05-28T12:52:09.683,-930,352.0,-0.005857031
multimetro,,,,76.34729969999898,2026-05-28T12:36:39.895,2026-05-28T12:52:09.895,-930,353.0,-0.005862998
multimetro,,,,76.56240669999897,2026-05-28T12:36:40.105,2026-05-28T12:52:10.105,-930,354.0,-0.005867731
balanza,150.0,-55.69,,76.61888799999906,2026-05-28T12:36:40.161,2026-05-28T12:52:10.161,-930,,
balanza,151.0,,Error desde Arduino: HX711 not found.,76.64215589999912,2026-05-28T12:36:40.192,2026-05-28T12:52:10.192,-930,,
multimetro,,,,76.77729369999906,2026-05-28T12:36:40.322,2026-05-28T12:52:10.322,-930,355.0,-0.005871521
multimetro,,,,76.99252259999957,2026-05-28T12:36:40.542,2026-05-28T12:52:10.542,-930,356.0,-0.005874431
multimetro,,,,77.20749559999967,2026-05-28T12:36:40.758,2026-05-28T12:52:10.758,-930,357.0,-0.005876546
multimetro,,,,77.4226108999992,2026-05-28T12:36:40.971,2026-05-28T12:52:10.971,-930,358.0,-0.005878745
balanza,152.0,-58.67,,77.63506079999934,2026-05-28T12:36:41.186,2026-05-28T12:52:11.186,-930,,
multimetro,,,,77.63782649999848,2026-05-28T12:36:41.186,2026-05-28T12:52:11.186,-930,359.0,-0.005880326
balanza,153.0,,Error desde Arduino: HX711 not found.,77.65816479999921,2026-05-28T12:36:41.205,2026-05-28T12:52:11.205,-930,,
multimetro,,,,77.85293149999961,2026-05-28T12:36:41.404,2026-05-28T12:52:11.404,-930,360.0,-0.005881498
multimetro,,,,78.0678771999992,2026-05-28T12:36:41.616,2026-05-28T12:52:11.616,-930,361.0,-0.005882703
multimetro,,,,78.2831886999993,2026-05-28T12:36:41.830,2026-05-28T12:52:11.830,-930,362.0,-0.005883666
multimetro,,,,78.49812629999906,2026-05-28T12:36:42.048,2026-05-28T12:52:12.048,-930,363.0,-0.005884776
balanza,154.0,-59.0,,78.65153759999885,2026-05-28T12:36:42.200,2026-05-28T12:52:12.200,-930,,
balanza,155.0,,Error desde Arduino: HX711 not found.,78.67468369999915,2026-05-28T12:36:42.221,2026-05-28T12:52:12.221,-930,,
multimetro,,,,78.71321149999858,2026-05-28T12:36:42.263,2026-05-28T12:52:12.263,-930,364.0,-0.005885561
multimetro,,,,78.92831539999861,2026-05-28T12:36:42.475,2026-05-28T12:52:12.475,-930,365.0,-0.005886074
multimetro,,,,79.14338619999944,2026-05-28T12:36:42.693,2026-05-28T12:52:12.693,-930,366.0,-0.005886712
multimetro,,,,79.35838429999967,2026-05-28T12:36:42.908,2026-05-28T12:52:12.908,-930,367.0,-0.005887519
multimetro,,,,79.5732629999984,2026-05-28T12:36:43.119,2026-05-28T12:52:13.119,-930,368.0,-0.005887948
balanza,156.0,-58.86,,79.66784519999965,2026-05-28T12:36:43.209,2026-05-28T12:52:13.209,-930,,
balanza,157.0,,Error desde Arduino: HX711 not found.,79.69110819999878,2026-05-28T12:36:43.239,2026-05-28T12:52:13.239,-930,,
multimetro,,,,79.7883511,2026-05-28T12:36:43.334,2026-05-28T12:52:13.334,-930,369.0,-0.005888325
multimetro,,,,80.00340489999871,2026-05-28T12:36:43.549,2026-05-28T12:52:13.549,-930,370.0,-0.005888775
multimetro,,,,80.21841689999928,2026-05-28T12:36:43.769,2026-05-28T12:52:13.769,-930,371.0,-0.005889236
multimetro,,,,80.4337087999993,2026-05-28T12:36:43.977,2026-05-28T12:52:13.977,-930,372.0,-0.005889749
multimetro,,,,80.6487849999994,2026-05-28T12:36:44.193,2026-05-28T12:52:14.193,-930,373.0,-0.005890105
balanza,158.0,-58.9,,80.68439279999984,2026-05-28T12:36:44.235,2026-05-28T12:52:14.235,-930,,
balanza,159.0,,Error desde Arduino: HX711 not found.,80.70744659999946,2026-05-28T12:36:44.254,2026-05-28T12:52:14.254,-930,,
multimetro,,,,80.86384859999998,2026-05-28T12:36:44.411,2026-05-28T12:52:14.411,-930,374.0,-0.005890387
multimetro,,,,81.07929759999934,2026-05-28T12:36:44.630,2026-05-28T12:52:14.630,-930,375.0,-0.005890649
multimetro,,,,81.29423359999964,2026-05-28T12:36:44.844,2026-05-28T12:52:14.844,-930,376.0,-0.005891047
multimetro,,,,81.50943059999918,2026-05-28T12:36:45.060,2026-05-28T12:52:15.060,-930,377.0,-0.005891434
balanza,160.0,-59.04,,81.70083089999935,2026-05-28T12:36:45.246,2026-05-28T12:52:15.246,-930,,
balanza,161.0,,Error desde Arduino: HX711 not found.,81.72408699999869,2026-05-28T12:36:45.265,2026-05-28T12:52:15.265,-930,,
multimetro,,,,81.72427359999892,2026-05-28T12:36:45.265,2026-05-28T12:52:15.265,-930,378.0,-0.005891738
multimetro,,,,81.93940249999832,2026-05-28T12:36:45.481,2026-05-28T12:52:15.481,-930,379.0,-0.005891937
multimetro,,,,82.15447649999987,2026-05-28T12:36:45.702,2026-05-28T12:52:15.702,-930,380.0,-0.005891811
multimetro,,,,82.36943399999836,2026-05-28T12:36:45.918,2026-05-28T12:52:15.918,-930,381.0,-0.005891916
multimetro,,,,82.5846203000001,2026-05-28T12:36:46.128,2026-05-28T12:52:16.128,-930,382.0,-0.005892115
balanza,162.0,-59.04,,82.7173487,2026-05-28T12:36:46.265,2026-05-28T12:52:16.265,-930,,
balanza,163.0,,Error desde Arduino: HX711 not found.,82.74047160000009,2026-05-28T12:36:46.289,2026-05-28T12:52:16.289,-930,,
multimetro,,,,82.79962449999948,2026-05-28T12:36:46.350,2026-05-28T12:52:16.350,-930,383.0,-0.005892492
multimetro,,,,83.01477969999905,2026-05-28T12:36:46.562,2026-05-28T12:52:16.562,-930,384.0,-0.005892806
multimetro,,,,83.23002309999902,2026-05-28T12:36:46.779,2026-05-28T12:52:16.779,-930,385.0,-0.005893099
multimetro,,,,83.44529289999991,2026-05-28T12:36:46.988,2026-05-28T12:52:16.988,-930,386.0,-0.005893141
multimetro,,,,83.66027589999976,2026-05-28T12:36:47.210,2026-05-28T12:52:17.210,-930,387.0,-0.005893225
balanza,164.0,-58.77,,83.73369429999912,2026-05-28T12:36:47.279,2026-05-28T12:52:17.279,-930,,
balanza,165.0,,Error desde Arduino: HX711 not found.,83.75673879999886,2026-05-28T12:36:47.299,2026-05-28T12:52:17.299,-930,,
multimetro,,,,83.87581729999874,2026-05-28T12:36:47.423,2026-05-28T12:52:17.423,-930,388.0,-0.005893361
multimetro,,,,84.09077529999922,2026-05-28T12:36:47.641,2026-05-28T12:52:17.641,-930,389.0,-0.005893424
multimetro,,,,84.30591259999892,2026-05-28T12:36:47.852,2026-05-28T12:52:17.852,-930,390.0,-0.005893633
multimetro,,,,84.5209980999989,2026-05-28T12:36:48.067,2026-05-28T12:52:18.067,-930,391.0,-0.005893978
multimetro,,,,84.7359622999993,2026-05-28T12:36:48.281,2026-05-28T12:52:18.281,-930,392.0,-0.005894156
balanza,166.0,-58.82,,84.75002009999844,2026-05-28T12:36:48.297,2026-05-28T12:52:18.297,-930,,
balanza,167.0,,Error desde Arduino: HX711 not found.,84.77331539999977,2026-05-28T12:36:48.324,2026-05-28T12:52:18.324,-930,,
multimetro,,,,84.9511470999987,2026-05-28T12:36:48.498,2026-05-28T12:52:18.498,-930,393.0,-0.005894334
multimetro,,,,85.16600629999994,2026-05-28T12:36:48.710,2026-05-28T12:52:18.710,-930,394.0,-0.005894439
multimetro,,,,85.38117069999862,2026-05-28T12:36:48.925,2026-05-28T12:52:18.925,-930,395.0,-0.005894544
multimetro,,,,85.59632129999954,2026-05-28T12:36:49.145,2026-05-28T12:52:19.145,-930,396.0,-0.005894628
balanza,168.0,-58.86,,85.76639799999975,2026-05-28T12:36:49.316,2026-05-28T12:52:19.316,-930,,
balanza,169.0,,Error desde Arduino: HX711 not found.,85.78968409999834,2026-05-28T12:36:49.335,2026-05-28T12:52:19.335,-930,,
multimetro,,,,85.81142189999991,2026-05-28T12:36:49.358,2026-05-28T12:52:19.358,-930,397.0,-0.005894722
multimetro,,,,86.02659379999932,2026-05-28T12:36:49.572,2026-05-28T12:52:19.572,-930,398.0,-0.005894879
multimetro,,,,86.24172569999973,2026-05-28T12:36:49.792,2026-05-28T12:52:19.792,-930,399.0,-0.005894952
multimetro,,,,86.45665829999962,2026-05-28T12:36:50.001,2026-05-28T12:52:20.001,-930,400.0,-0.005894921
multimetro,,,,86.67192319999958,2026-05-28T12:36:50.222,2026-05-28T12:52:20.222,-930,401.0,-0.005895088
balanza,170.0,-58.7,,86.78281389999938,2026-05-28T12:36:50.324,2026-05-28T12:52:20.324,-930,,
balanza,171.0,,Error desde Arduino: HX711 not found.,86.80579149999903,2026-05-28T12:36:50.348,2026-05-28T12:52:20.348,-930,,
multimetro,,,,86.88692869999977,2026-05-28T12:36:50.429,2026-05-28T12:52:20.429,-930,402.0,-0.005895025
multimetro,,,,87.10206499999913,2026-05-28T12:36:50.647,2026-05-28T12:52:20.647,-930,403.0,-0.005895141
multimetro,,,,87.3172685999998,2026-05-28T12:36:50.866,2026-05-28T12:52:20.866,-930,404.0,-0.005895099
multimetro,,,,87.5323671999995,2026-05-28T12:36:51.081,2026-05-28T12:52:21.081,-930,405.0,-0.005895078
multimetro,,,,87.7475605999989,2026-05-28T12:36:51.291,2026-05-28T12:52:21.291,-930,406.0,-0.005895203
balanza,172.0,-58.69,,87.79918129999896,2026-05-28T12:36:51.344,2026-05-28T12:52:21.344,-930,,
balanza,173.0,,Error desde Arduino: HX711 not found.,87.82230199999867,2026-05-28T12:36:51.370,2026-05-28T12:52:21.370,-930,,
multimetro,,,,87.96263519999957,2026-05-28T12:36:51.513,2026-05-28T12:52:21.513,-930,407.0,-0.005895245
multimetro,,,,88.17790429999877,2026-05-28T12:36:51.725,2026-05-28T12:52:21.725,-930,408.0,-0.005895141
multimetro,,,,88.39283699999942,2026-05-28T12:36:51.934,2026-05-28T12:52:21.934,-930,409.0,-0.005895298
multimetro,,,,88.60812459999943,2026-05-28T12:36:52.155,2026-05-28T12:52:22.155,-930,410.0,-0.005895329
balanza,174.0,-58.8,,88.81546720000006,2026-05-28T12:36:52.362,2026-05-28T12:52:22.362,-930,,
multimetro,,,,88.82319579999967,2026-05-28T12:36:52.372,2026-05-28T12:52:22.372,-930,411.0,-0.00589536
balanza,175.0,,Error desde Arduino: HX711 not found.,88.83843519999937,2026-05-28T12:36:52.388,2026-05-28T12:52:22.388,-930,,
multimetro,,,,89.03829589999987,2026-05-28T12:36:52.588,2026-05-28T12:52:22.588,-930,412.0,-0.00589534
multimetro,,,,89.25325799999882,2026-05-28T12:36:52.799,2026-05-28T12:52:22.799,-930,413.0,-0.005895622
multimetro,,,,89.46857629999977,2026-05-28T12:36:53.010,2026-05-28T12:52:23.010,-930,414.0,-0.005895538
multimetro,,,,89.6837531000001,2026-05-28T12:36:53.227,2026-05-28T12:52:23.227,-930,415.0,-0.005895706
balanza,176.0,-58.67,,89.83183389999976,2026-05-28T12:36:53.376,2026-05-28T12:52:23.376,-930,,
balanza,177.0,,Error desde Arduino: HX711 not found.,89.8550940999994,2026-05-28T12:36:53.404,2026-05-28T12:52:23.404,-930,,
multimetro,,,,89.8988051999986,2026-05-28T12:36:53.444,2026-05-28T12:52:23.444,-930,416.0,-0.005895716
multimetro,,,,90.11402399999861,2026-05-28T12:36:53.660,2026-05-28T12:52:23.660,-930,417.0,-0.005895863
multimetro,,,,90.32914249999885,2026-05-28T12:36:53.876,2026-05-28T12:52:23.876,-930,418.0,-0.005895811
multimetro,,,,90.5443052999999,2026-05-28T12:36:54.094,2026-05-28T12:52:24.094,-930,419.0,-0.005895894
multimetro,,,,90.75933149999946,2026-05-28T12:36:54.308,2026-05-28T12:52:24.308,-930,420.0,-0.005895936
balanza,178.0,-58.71,,90.84817949999888,2026-05-28T12:36:54.397,2026-05-28T12:52:24.397,-930,,
balanza,179.0,,Error desde Arduino: HX711 not found.,90.87144469999839,2026-05-28T12:36:54.415,2026-05-28T12:52:24.415,-930,,
multimetro,,,,90.97455399999853,2026-05-28T12:36:54.525,2026-05-28T12:52:24.525,-930,421.0,-0.005895968
multimetro,,,,91.1894414999988,2026-05-28T12:36:54.735,2026-05-28T12:52:24.735,-930,422.0,-0.005895905
multimetro,,,,91.40461719999985,2026-05-28T12:36:54.953,2026-05-28T12:52:24.953,-930,423.0,-0.005895884
multimetro,,,,91.61983239999972,2026-05-28T12:36:55.161,2026-05-28T12:52:25.161,-930,424.0,-0.005895999
multimetro,,,,91.83501579999938,2026-05-28T12:36:55.384,2026-05-28T12:52:25.384,-930,425.0,-0.005895936
balanza,180.0,-58.79,,91.86463389999881,2026-05-28T12:36:55.415,2026-05-28T12:52:25.415,-930,,
balanza,181.0,,Error desde Arduino: HX711 not found.,91.88791909999964,2026-05-28T12:36:55.437,2026-05-28T12:52:25.437,-930,,
multimetro,,,,92.05015429999912,2026-05-28T12:36:55.601,2026-05-28T12:52:25.601,-930,426.0,-0.005895936
multimetro,,,,92.26533969999946,2026-05-28T12:36:55.812,2026-05-28T12:52:25.812,-930,427.0,-0.00589602
multimetro,,,,92.48055690000001,2026-05-28T12:36:56.030,2026-05-28T12:52:26.030,-930,428.0,-0.005896167
multimetro,,,,92.69549989999905,2026-05-28T12:36:56.241,2026-05-28T12:52:26.241,-930,429.0,-0.005896229
balanza,182.0,-58.77,,92.88098869999885,2026-05-28T12:36:56.431,2026-05-28T12:52:26.431,-930,,
balanza,183.0,,Error desde Arduino: HX711 not found.,92.90404929999931,2026-05-28T12:36:56.449,2026-05-28T12:52:26.449,-930,,
multimetro,,,,92.91070179999952,2026-05-28T12:36:56.459,2026-05-28T12:52:26.459,-930,430.0,-0.00589625
multimetro,,,,93.12582069999917,2026-05-28T12:36:56.669,2026-05-28T12:52:26.669,-930,431.0,-0.005896334
multimetro,,,,93.34097219999967,2026-05-28T12:36:56.890,2026-05-28T12:52:26.890,-930,432.0,-0.00589625
multimetro,,,,93.55591589999858,2026-05-28T12:36:57.098,2026-05-28T12:52:27.098,-930,433.0,-0.005896564
multimetro,,,,93.77103589999933,2026-05-28T12:36:57.316,2026-05-28T12:52:27.316,-930,434.0,-0.005896366
balanza,184.0,-58.77,,93.89728599999944,2026-05-28T12:36:57.441,2026-05-28T12:52:27.441,-930,,
balanza,185.0,,Error desde Arduino: HX711 not found.,93.92057449999993,2026-05-28T12:36:57.468,2026-05-28T12:52:27.468,-930,,
multimetro,,,,93.98611269999856,2026-05-28T12:36:57.535,2026-05-28T12:52:27.535,-930,435.0,-0.005896386
multimetro,,,,94.20130919999974,2026-05-28T12:36:57.752,2026-05-28T12:52:27.752,-930,436.0,-0.005896083
multimetro,,,,94.41673659999833,2026-05-28T12:36:57.963,2026-05-28T12:52:27.963,-930,437.0,-0.005896198
multimetro,,,,94.63170409999839,2026-05-28T12:36:58.178,2026-05-28T12:52:28.178,-930,438.0,-0.005896292
multimetro,,,,94.84691649999877,2026-05-28T12:36:58.396,2026-05-28T12:52:28.396,-930,439.0,-0.005896261
balanza,186.0,-58.76,,94.91358919999948,2026-05-28T12:36:58.464,2026-05-28T12:52:28.464,-930,,
balanza,187.0,,Error desde Arduino: HX711 not found.,94.93693639999947,2026-05-28T12:36:58.485,2026-05-28T12:52:28.485,-930,,
multimetro,,,,95.06194389999837,2026-05-28T12:36:58.605,2026-05-28T12:52:28.605,-930,440.0,-0.005896156
multimetro,,,,95.27701729999899,2026-05-28T12:36:58.818,2026-05-28T12:52:28.818,-930,441.0,-0.005896114
multimetro,,,,95.49203719999969,2026-05-28T12:36:59.042,2026-05-28T12:52:29.042,-930,442.0,-0.005896188
multimetro,,,,95.70712529999946,2026-05-28T12:36:59.257,2026-05-28T12:52:29.257,-930,443.0,-0.005896439
multimetro,,,,95.92226059999848,2026-05-28T12:36:59.472,2026-05-28T12:52:29.472,-930,444.0,-0.005896366
balanza,188.0,-58.83,,95.9299777999986,2026-05-28T12:36:59.472,2026-05-28T12:52:29.472,-930,,
balanza,189.0,,Error desde Arduino: HX711 not found.,95.95328659999905,2026-05-28T12:36:59.504,2026-05-28T12:52:29.504,-930,,
multimetro,,,,96.13737439999932,2026-05-28T12:36:59.678,2026-05-28T12:52:29.678,-930,445.0,-0.005896428
multimetro,,,,96.35245880000002,2026-05-28T12:36:59.902,2026-05-28T12:52:29.902,-930,446.0,-0.005896407
multimetro,,,,96.56757909999942,2026-05-28T12:37:00.108,2026-05-28T12:52:30.108,-930,447.0,-0.005896554
multimetro,,,,96.78288479999901,2026-05-28T12:37:00.327,2026-05-28T12:52:30.327,-930,448.0,-0.005896585
balanza,190.0,-58.7,,96.94634819999919,2026-05-28T12:37:00.495,2026-05-28T12:52:30.495,-930,,
balanza,191.0,,Error desde Arduino: HX711 not found.,96.96941960000004,2026-05-28T12:37:00.515,2026-05-28T12:52:30.515,-930,,
multimetro,,,,96.99793829999908,2026-05-28T12:37:00.545,2026-05-28T12:52:30.545,-930,449.0,-0.005896732
multimetro,,,,97.21320769999875,2026-05-28T12:37:00.762,2026-05-28T12:52:30.762,-930,450.0,-0.005896554
multimetro,,,,97.42827439999928,2026-05-28T12:37:00.971,2026-05-28T12:52:30.971,-930,451.0,-0.00589669
multimetro,,,,97.64342529999885,2026-05-28T12:37:01.193,2026-05-28T12:52:31.193,-930,452.0,-0.005896742
multimetro,,,,97.85857659999965,2026-05-28T12:37:01.409,2026-05-28T12:52:31.409,-930,453.0,-0.005896648
balanza,192.0,-58.71,,97.96277349999946,2026-05-28T12:37:01.512,2026-05-28T12:52:31.512,-930,,
balanza,193.0,,Error desde Arduino: HX711 not found.,97.98594249999951,2026-05-28T12:37:01.532,2026-05-28T12:52:31.532,-930,,
multimetro,,,,98.07363899999837,2026-05-28T12:37:01.619,2026-05-28T12:52:31.619,-930,454.0,-0.005896606
multimetro,,,,98.28872149999916,2026-05-28T12:37:01.836,2026-05-28T12:52:31.836,-930,455.0,-0.005896732
multimetro,,,,98.50382969999919,2026-05-28T12:37:02.045,2026-05-28T12:52:32.045,-930,456.0,-0.0058969
multimetro,,,,98.71891169999981,2026-05-28T12:37:02.266,2026-05-28T12:52:32.266,-930,457.0,-0.005896962
multimetro,,,,98.9340401999998,2026-05-28T12:37:02.479,2026-05-28T12:52:32.479,-930,458.0,-0.00589691
balanza,194.0,-58.76,,98.97930809999889,2026-05-28T12:37:02.527,2026-05-28T12:52:32.527,-930,,
balanza,195.0,,Error desde Arduino: HX711 not found.,99.0025313999995,2026-05-28T12:37:02.547,2026-05-28T12:52:32.547,-930,,
multimetro,,,,99.1491962,2026-05-28T12:37:02.698,2026-05-28T12:52:32.698,-930,459.0,-0.005897057
multimetro,,,,99.36425719999897,2026-05-28T12:37:02.915,2026-05-28T12:52:32.915,-930,460.0,-0.005896962
multimetro,,,,99.57939689999876,2026-05-28T12:37:03.127,2026-05-28T12:52:33.127,-930,461.0,-0.005897161
multimetro,,,,99.79469829999834,2026-05-28T12:37:03.344,2026-05-28T12:52:33.344,-930,462.0,-0.005897057
balanza,196.0,-58.75,,99.99572359999911,2026-05-28T12:37:03.544,2026-05-28T12:52:33.544,-930,,
multimetro,,,,100.00999599999886,2026-05-28T12:37:03.560,2026-05-28T12:52:33.560,-930,463.0,-0.005896973
balanza,197.0,,Error desde Arduino: HX711 not found.,100.01891849999993,2026-05-28T12:37:03.560,2026-05-28T12:52:33.560,-930,,
multimetro,,,,100.2249813999988,2026-05-28T12:37:03.768,2026-05-28T12:52:33.768,-930,464.0,-0.005897098
multimetro,,,,100.44018829999914,2026-05-28T12:37:03.982,2026-05-28T12:52:33.982,-930,465.0,-0.005897109
multimetro,,,,100.65509909999855,2026-05-28T12:37:04.205,2026-05-28T12:52:34.205,-930,466.0,-0.005897057
multimetro,,,,100.87022579999939,2026-05-28T12:37:04.412,2026-05-28T12:52:34.412,-930,467.0,-0.005897036
balanza,198.0,-58.71,,101.01208640000004,2026-05-28T12:37:04.562,2026-05-28T12:52:34.562,-930,,
balanza,199.0,,Error desde Arduino: HX711 not found.,101.03525249999984,2026-05-28T12:37:04.581,2026-05-28T12:52:34.581,-930,,
multimetro,,,,101.08528639999895,2026-05-28T12:37:04.632,2026-05-28T12:52:34.632,-930,468.0,-0.005896732
multimetro,,,,101.30042039999898,2026-05-28T12:37:04.845,2026-05-28T12:52:34.845,-930,469.0,-0.005896889
multimetro,,,,101.5155008999991,2026-05-28T12:37:05.062,2026-05-28T12:52:35.062,-930,470.0,-0.005896994
multimetro,,,,101.73044489999847,2026-05-28T12:37:05.277,2026-05-28T12:52:35.277,-930,471.0,-0.005896931
multimetro,,,,101.94545939999989,2026-05-28T12:37:05.495,2026-05-28T12:52:35.495,-930,472.0,-0.00589691
balanza,200.0,-58.78,,102.02858899999956,2026-05-28T12:37:05.570,2026-05-28T12:52:35.570,-930,,
balanza,201.0,,Error desde Arduino: HX711 not found.,102.05188079999971,2026-05-28T12:37:05.598,2026-05-28T12:52:35.598,-930,,
multimetro,,,,102.16065829999934,2026-05-28T12:37:05.708,2026-05-28T12:52:35.708,-930,473.0,-0.005896805
multimetro,,,,102.37579759999971,2026-05-28T12:37:05.925,2026-05-28T12:52:35.925,-930,474.0,-0.005896711
multimetro,,,,102.59081539999897,2026-05-28T12:37:06.135,2026-05-28T12:52:36.135,-930,475.0,-0.005896962
multimetro,,,,102.80607239999881,2026-05-28T12:37:06.352,2026-05-28T12:52:36.352,-930,476.0,-0.005896941
multimetro,,,,103.02096299999903,2026-05-28T12:37:06.571,2026-05-28T12:52:36.571,-930,477.0,-0.0058969
balanza,202.0,-58.67,,103.04491699999926,2026-05-28T12:37:06.594,2026-05-28T12:52:36.594,-930,,
balanza,203.0,,Error desde Arduino: HX711 not found.,103.06793529999959,2026-05-28T12:37:06.610,2026-05-28T12:52:36.610,-930,,
multimetro,,,,103.23630419999972,2026-05-28T12:37:06.779,2026-05-28T12:52:36.779,-930,478.0,-0.005896994
multimetro,,,,103.45125829999961,2026-05-28T12:37:06.993,2026-05-28T12:52:36.993,-930,479.0,-0.005896742
multimetro,,,,103.66640369999914,2026-05-28T12:37:07.212,2026-05-28T12:52:37.212,-930,480.0,-0.005896879
multimetro,,,,103.88144609999836,2026-05-28T12:37:07.427,2026-05-28T12:52:37.427,-930,481.0,-0.00589692
balanza,204.0,-58.71,,104.06119209999997,2026-05-28T12:37:07.608,2026-05-28T12:52:37.608,-930,,
balanza,205.0,,Error desde Arduino: HX711 not found.,104.08436269999947,2026-05-28T12:37:07.628,2026-05-28T12:52:37.628,-930,,
multimetro,,,,104.09648269999889,2026-05-28T12:37:07.647,2026-05-28T12:52:37.647,-930,482.0,-0.005897004
multimetro,,,,104.31161079999947,2026-05-28T12:37:07.862,2026-05-28T12:52:37.862,-930,483.0,-0.005896952
multimetro,,,,104.52655849999974,2026-05-28T12:37:08.077,2026-05-28T12:52:38.077,-930,484.0,-0.005896858
multimetro,,,,104.74160869999832,2026-05-28T12:37:08.289,2026-05-28T12:52:38.289,-930,485.0,-0.005896962
multimetro,,,,104.95670139999856,2026-05-28T12:37:08.502,2026-05-28T12:52:38.502,-930,486.0,-0.005896795
balanza,206.0,-58.66,,105.07764839999982,2026-05-28T12:37:08.628,2026-05-28T12:52:38.628,-930,,
balanza,207.0,,Error desde Arduino: HX711 not found.,105.1010198999993,2026-05-28T12:37:08.652,2026-05-28T12:52:38.652,-930,,
multimetro,,,,105.17171729999973,2026-05-28T12:37:08.722,2026-05-28T12:52:38.722,-930,487.0,-0.005896941
multimetro,,,,105.38684749999993,2026-05-28T12:37:08.928,2026-05-28T12:52:38.928,-930,488.0,-0.005896983
multimetro,,,,105.60205849999875,2026-05-28T12:37:09.152,2026-05-28T12:52:39.152,-930,489.0,-0.00589692
multimetro,,,,105.81700709999859,2026-05-28T12:37:09.360,2026-05-28T12:52:39.360,-930,490.0,-0.005896868
multimetro,,,,106.03211740000006,2026-05-28T12:37:09.581,2026-05-28T12:52:39.581,-930,491.0,-0.005896648
balanza,208.0,-58.7,,106.09420539999883,2026-05-28T12:37:09.644,2026-05-28T12:52:39.644,-930,,
balanza,209.0,,Error desde Arduino: HX711 not found.,106.1174377999996,2026-05-28T12:37:09.662,2026-05-28T12:52:39.662,-930,,
multimetro,,,,106.24725679999938,2026-05-28T12:37:09.792,2026-05-28T12:52:39.792,-930,492.0,-0.00589668
multimetro,,,,106.46244939999997,2026-05-28T12:37:10.008,2026-05-28T12:52:40.008,-930,493.0,-0.00589669
multimetro,,,,106.67750949999936,2026-05-28T12:37:10.228,2026-05-28T12:52:40.228,-930,494.0,-0.0058969
multimetro,,,,106.89268869999978,2026-05-28T12:37:10.435,2026-05-28T12:52:40.435,-930,495.0,-0.005896732
multimetro,,,,107.10792539999966,2026-05-28T12:37:10.655,2026-05-28T12:52:40.655,-930,496.0,-0.005896742
balanza,210.0,-58.68,,107.11065400000007,2026-05-28T12:37:10.661,2026-05-28T12:52:40.661,-930,,
balanza,211.0,,Error desde Arduino: HX711 not found.,107.13392979999844,2026-05-28T12:37:10.684,2026-05-28T12:52:40.684,-930,,
multimetro,,,,107.32294219999858,2026-05-28T12:37:10.872,2026-05-28T12:52:40.872,-930,497.0,-0.005896627
multimetro,,,,107.53796279999915,2026-05-28T12:37:11.089,2026-05-28T12:52:41.089,-930,498.0,-0.005896711
multimetro,,,,107.75305779999871,2026-05-28T12:37:11.298,2026-05-28T12:52:41.298,-930,499.0,-0.005896659
multimetro,,,,107.96818869999879,2026-05-28T12:37:11.515,2026-05-28T12:52:41.515,-930,500.0,-0.005896753
balanza,212.0,-58.72,,108.12702829999944,2026-05-28T12:37:11.675,2026-05-28T12:52:41.675,-930,,
balanza,213.0,,Error desde Arduino: HX711 not found.,108.15017579999949,2026-05-28T12:37:11.695,2026-05-28T12:52:41.695,-930,,
multimetro,,,,108.18313689999923,2026-05-28T12:37:11.725,2026-05-28T12:52:41.725,-930,501.0,-0.005896753
multimetro,,,,108.39836119999927,2026-05-28T12:37:11.941,2026-05-28T12:52:41.941,-930,502.0,-0.005896816
multimetro,,,,108.61333169999853,2026-05-28T12:37:12.164,2026-05-28T12:52:42.164,-930,503.0,-0.005896816
multimetro,,,,108.82872119999956,2026-05-28T12:37:12.373,2026-05-28T12:52:42.373,-930,504.0,-0.005896722
multimetro,,,,109.04359529999965,2026-05-28T12:37:12.585,2026-05-28T12:52:42.585,-930,505.0,-0.005896952
balanza,214.0,-58.75,,109.14337489999889,2026-05-28T12:37:12.685,2026-05-28T12:52:42.685,-930,,
balanza,215.0,,Error desde Arduino: HX711 not found.,109.16645590000007,2026-05-28T12:37:12.715,2026-05-28T12:52:42.715,-930,,
multimetro,,,,109.25874339999973,2026-05-28T12:37:12.803,2026-05-28T12:52:42.803,-930,506.0,-0.005896722
multimetro,,,,109.47376489999988,2026-05-28T12:37:13.023,2026-05-28T12:52:43.023,-930,507.0,-0.005896858
multimetro,,,,109.68887529999847,2026-05-28T12:37:13.239,2026-05-28T12:52:43.239,-930,508.0,-0.005896795
multimetro,,,,109.90396699999837,2026-05-28T12:37:13.448,2026-05-28T12:52:43.448,-930,509.0,-0.005896805
multimetro,,,,110.11901419999958,2026-05-28T12:37:13.669,2026-05-28T12:52:43.669,-930,510.0,-0.005896763
balanza,216.0,-58.67,,110.1598739000001,2026-05-28T12:37:13.710,2026-05-28T12:52:43.710,-930,,
balanza,217.0,,Error desde Arduino: HX711 not found.,110.18313719999969,2026-05-28T12:37:13.731,2026-05-28T12:52:43.731,-930,,
multimetro,,,,110.33409619999838,2026-05-28T12:37:13.875,2026-05-28T12:52:43.875,-930,511.0,-0.005896805
multimetro,,,,110.54914739999913,2026-05-28T12:37:14.092,2026-05-28T12:52:44.092,-930,512.0,-0.005896701
multimetro,,,,110.76424989999941,2026-05-28T12:37:14.310,2026-05-28T12:52:44.310,-930,513.0,-0.005896753
multimetro,,,,110.9791108999998,2026-05-28T12:37:14.528,2026-05-28T12:52:44.528,-930,514.0,-0.005896669
balanza,218.0,-58.63,,111.17635079999854,2026-05-28T12:37:14.718,2026-05-28T12:52:44.718,-930,,
multimetro,,,,111.19433639999988,2026-05-28T12:37:14.738,2026-05-28T12:52:44.738,-930,515.0,-0.005896753
balanza,219.0,,Error desde Arduino: HX711 not found.,111.19955469999877,2026-05-28T12:37:14.748,2026-05-28T12:52:44.748,-930,,
multimetro,,,,111.40933089999999,2026-05-28T12:37:14.955,2026-05-28T12:52:44.955,-930,516.0,-0.005896638
multimetro,,,,111.62455379999847,2026-05-28T12:37:15.175,2026-05-28T12:52:45.175,-930,517.0,-0.005896659
multimetro,,,,111.83956689999832,2026-05-28T12:37:15.385,2026-05-28T12:52:45.385,-930,518.0,-0.005896732
multimetro,,,,112.05466410000008,2026-05-28T12:37:15.602,2026-05-28T12:52:45.602,-930,519.0,-0.00589647
balanza,220.0,-58.62,,112.19274179999957,2026-05-28T12:37:15.742,2026-05-28T12:52:45.742,-930,,
balanza,221.0,,Error desde Arduino: HX711 not found.,112.21592139999848,2026-05-28T12:37:15.763,2026-05-28T12:52:45.763,-930,,
multimetro,,,,112.26973120000002,2026-05-28T12:37:15.819,2026-05-28T12:52:45.819,-930,520.0,-0.005896648
multimetro,,,,112.48487690000002,2026-05-28T12:37:16.030,2026-05-28T12:52:46.030,-930,521.0,-0.005897046
multimetro,,,,112.70006929999909,2026-05-28T12:37:16.247,2026-05-28T12:52:46.247,-930,522.0,-0.005896816
multimetro,,,,112.91526589999921,2026-05-28T12:37:16.465,2026-05-28T12:52:46.465,-930,523.0,-0.005897004
multimetro,,,,113.13042489999862,2026-05-28T12:37:16.681,2026-05-28T12:52:46.681,-930,524.0,-0.005897109
balanza,222.0,-58.64,,113.20919270000013,2026-05-28T12:37:16.754,2026-05-28T12:52:46.754,-930,,
balanza,223.0,,Error desde Arduino: HX711 not found.,113.23224649999975,2026-05-28T12:37:16.781,2026-05-28T12:52:46.781,-930,,
multimetro,,,,113.34545639999851,2026-05-28T12:37:16.895,2026-05-28T12:52:46.895,-930,525.0,-0.005897172
multimetro,,,,113.56052459999955,2026-05-28T12:37:17.108,2026-05-28T12:52:47.108,-930,526.0,-0.005897088
multimetro,,,,113.77565359999971,2026-05-28T12:37:17.326,2026-05-28T12:52:47.326,-930,527.0,-0.005897297
multimetro,,,,113.99106739999843,2026-05-28T12:37:17.542,2026-05-28T12:52:47.542,-930,528.0,-0.005897224
multimetro,,,,114.20610979999947,2026-05-28T12:37:17.751,2026-05-28T12:52:47.751,-930,529.0,-0.005897475
balanza,224.0,-58.67,,114.22592959999929,2026-05-28T12:37:17.777,2026-05-28T12:52:47.777,-930,,
balanza,225.0,,Error desde Arduino: HX711 not found.,114.24912389999918,2026-05-28T12:37:17.794,2026-05-28T12:52:47.794,-930,,
multimetro,,,,114.42138589999922,2026-05-28T12:37:17.972,2026-05-28T12:52:47.972,-930,530.0,-0.005897308
multimetro,,,,114.63661519999914,2026-05-28T12:37:18.185,2026-05-28T12:52:48.185,-930,531.0,-0.005897413
multimetro,,,,114.85148889999982,2026-05-28T12:37:18.402,2026-05-28T12:52:48.402,-930,532.0,-0.005897308
multimetro,,,,115.06660949999969,2026-05-28T12:37:18.610,2026-05-28T12:52:48.610,-930,533.0,-0.005897287
balanza,226.0,-58.67,,115.2423259999996,2026-05-28T12:37:18.789,2026-05-28T12:52:48.789,-930,,
balanza,227.0,,Error desde Arduino: HX711 not found.,115.26557409999987,2026-05-28T12:37:18.808,2026-05-28T12:52:48.808,-930,,
multimetro,,,,115.28170369999862,2026-05-28T12:37:18.828,2026-05-28T12:52:48.828,-930,534.0,-0.005897235
multimetro,,,,115.49687379999887,2026-05-28T12:37:19.044,2026-05-28T12:52:49.044,-930,535.0,-0.005897245
multimetro,,,,115.7119877999994,2026-05-28T12:37:19.261,2026-05-28T12:52:49.261,-930,536.0,-0.005897266
multimetro,,,,115.92722729999878,2026-05-28T12:37:19.477,2026-05-28T12:52:49.477,-930,537.0,-0.005897266
multimetro,,,,116.14229199999863,2026-05-28T12:37:19.692,2026-05-28T12:52:49.692,-930,538.0,-0.005897161
balanza,228.0,-58.64,,116.25875389999965,2026-05-28T12:37:19.809,2026-05-28T12:52:49.809,-930,,
balanza,229.0,,Error desde Arduino: HX711 not found.,116.28203109999959,2026-05-28T12:37:19.830,2026-05-28T12:52:49.830,-930,,
multimetro,,,,116.35762709999835,2026-05-28T12:37:19.899,2026-05-28T12:52:49.899,-930,539.0,-0.005897088
multimetro,,,,116.57271330000003,2026-05-28T12:37:20.119,2026-05-28T12:52:50.119,-930,540.0,-0.005897119
multimetro,,,,116.78800169999886,2026-05-28T12:37:20.339,2026-05-28T12:52:50.339,-930,541.0,-0.005897057
multimetro,,,,117.00322339999911,2026-05-28T12:37:20.545,2026-05-28T12:52:50.545,-930,542.0,-0.005897266
multimetro,,,,117.21844749999946,2026-05-28T12:37:20.760,2026-05-28T12:52:50.760,-930,543.0,-0.005897172
balanza,230.0,-58.65,,117.27522179999869,2026-05-28T12:37:20.820,2026-05-28T12:52:50.820,-930,,
balanza,231.0,,Error desde Arduino: HX711 not found.,117.29851759999838,2026-05-28T12:37:20.840,2026-05-28T12:52:50.840,-930,,
multimetro,,,,117.43361430000004,2026-05-28T12:37:20.984,2026-05-28T12:52:50.984,-930,544.0,-0.005897339
multimetro,,,,117.64858249999997,2026-05-28T12:37:21.199,2026-05-28T12:52:51.199,-930,545.0,-0.005897381
multimetro,,,,117.86377379999976,2026-05-28T12:37:21.414,2026-05-28T12:52:51.414,-930,546.0,-0.005897433
multimetro,,,,118.07886209999924,2026-05-28T12:37:21.625,2026-05-28T12:52:51.625,-930,547.0,-0.005897339
balanza,232.0,-58.69,,118.29162919999908,2026-05-28T12:37:21.842,2026-05-28T12:52:51.842,-930,,
multimetro,,,,118.29387019999922,2026-05-28T12:37:21.844,2026-05-28T12:52:51.844,-930,548.0,-0.005897308
balanza,233.0,,Error desde Arduino: HX711 not found.,118.31472849999955,2026-05-28T12:37:21.865,2026-05-28T12:52:51.865,-930,,
multimetro,,,,118.50923299999886,2026-05-28T12:37:22.059,2026-05-28T12:52:52.059,-930,549.0,-0.005897025
multimetro,,,,118.7244327999997,2026-05-28T12:37:22.274,2026-05-28T12:52:52.274,-930,550.0,-0.005897151
multimetro,,,,118.93955899999855,2026-05-28T12:37:22.482,2026-05-28T12:52:52.482,-930,551.0,-0.005897036
multimetro,,,,119.15458359999866,2026-05-28T12:37:22.705,2026-05-28T12:52:52.705,-930,552.0,-0.005897077
balanza,234.0,-58.65,,119.30800869999985,2026-05-28T12:37:22.852,2026-05-28T12:52:52.852,-930,,
balanza,235.0,,Error desde Arduino: HX711 not found.,119.3313894999992,2026-05-28T12:37:22.882,2026-05-28T12:52:52.882,-930,,
multimetro,,,,119.36973969999963,2026-05-28T12:37:22.912,2026-05-28T12:52:52.912,-930,553.0,-0.005897109
multimetro,,,,119.5848317,2026-05-28T12:37:23.130,2026-05-28T12:52:53.130,-930,554.0,-0.005897109
multimetro,,,,119.80005439999877,2026-05-28T12:37:23.345,2026-05-28T12:52:53.345,-930,555.0,-0.005897151
multimetro,,,,120.01514399999905,2026-05-28T12:37:23.560,2026-05-28T12:52:53.560,-930,556.0,-0.005896994
multimetro,,,,120.23036859999957,2026-05-28T12:37:23.779,2026-05-28T12:52:53.779,-930,557.0,-0.005897235
balanza,236.0,-58.62,,120.3244440999988,2026-05-28T12:37:23.872,2026-05-28T12:52:53.872,-930,,
balanza,237.0,,Error desde Arduino: HX711 not found.,120.34767849999844,2026-05-28T12:37:23.892,2026-05-28T12:52:53.892,-930,,
multimetro,,,,120.44534029999886,2026-05-28T12:37:23.989,2026-05-28T12:52:53.989,-930,558.0,-0.005897088
multimetro,,,,120.66091479999886,2026-05-28T12:37:24.212,2026-05-28T12:52:54.212,-930,559.0,-0.005897119
multimetro,,,,120.87590309999905,2026-05-28T12:37:24.419,2026-05-28T12:52:54.419,-930,560.0,-0.005897025
multimetro,,,,121.09101519999967,2026-05-28T12:37:24.639,2026-05-28T12:52:54.639,-930,561.0,-0.005897098
multimetro,,,,121.30611229999886,2026-05-28T12:37:24.849,2026-05-28T12:52:54.849,-930,562.0,-0.00589713
balanza,238.0,-58.6,,121.34081269999842,2026-05-28T12:37:24.891,2026-05-28T12:52:54.891,-930,,
balanza,239.0,,Error desde Arduino: HX711 not found.,121.36383299999943,2026-05-28T12:37:24.914,2026-05-28T12:52:54.914,-930,,
multimetro,,,,121.52105709999887,2026-05-28T12:37:25.066,2026-05-28T12:52:55.066,-930,563.0,-0.005897067
multimetro,,,,121.73625869999887,2026-05-28T12:37:25.281,2026-05-28T12:52:55.281,-930,564.0,-0.005897172
multimetro,,,,121.95122569999876,2026-05-28T12:37:25.498,2026-05-28T12:52:55.498,-930,565.0,-0.005897193
multimetro,,,,122.16644599999927,2026-05-28T12:37:25.717,2026-05-28T12:52:55.717,-930,566.0,-0.005896983
balanza,240.0,-58.62,,122.35717419999855,2026-05-28T12:37:25.905,2026-05-28T12:52:55.905,-930,,
balanza,241.0,,Error desde Arduino: HX711 not found.,122.38030169999911,2026-05-28T12:37:25.927,2026-05-28T12:52:55.927,-930,,
multimetro,,,,122.3814487999989,2026-05-28T12:37:25.927,2026-05-28T12:52:55.927,-930,567.0,-0.00589691
multimetro,,,,122.59656059999907,2026-05-28T12:37:26.143,2026-05-28T12:52:56.143,-930,568.0,-0.005896763
multimetro,,,,122.81172679999872,2026-05-28T12:37:26.361,2026-05-28T12:52:56.361,-930,569.0,-0.005896847
multimetro,,,,123.02703859999929,2026-05-28T12:37:26.577,2026-05-28T12:52:56.577,-930,570.0,-0.005896837
multimetro,,,,123.24223099999836,2026-05-28T12:37:26.789,2026-05-28T12:52:56.789,-930,571.0,-0.00589668
balanza,242.0,-58.63,,123.37345039999855,2026-05-28T12:37:26.923,2026-05-28T12:52:56.923,-930,,
balanza,243.0,,Error desde Arduino: HX711 not found.,123.3965135999988,2026-05-28T12:37:26.947,2026-05-28T12:52:56.947,-930,,
multimetro,,,,123.45757179999964,2026-05-28T12:37:27.008,2026-05-28T12:52:57.008,-930,572.0,-0.005896763
multimetro,,,,123.67278989999977,2026-05-28T12:37:27.222,2026-05-28T12:52:57.222,-930,573.0,-0.005896889
multimetro,,,,123.88790009999866,2026-05-28T12:37:27.435,2026-05-28T12:52:57.435,-930,574.0,-0.005896941
multimetro,,,,124.1028613999988,2026-05-28T12:37:27.651,2026-05-28T12:52:57.651,-930,575.0,-0.005897004
multimetro,,,,124.31807639999897,2026-05-28T12:37:27.865,2026-05-28T12:52:57.865,-930,576.0,-0.005897036
balanza,244.0,-58.6,,124.38990149999881,2026-05-28T12:37:27.938,2026-05-28T12:52:57.938,-930,,
balanza,245.0,,Error desde Arduino: HX711 not found.,124.41320399999859,2026-05-28T12:37:27.958,2026-05-28T12:52:57.958,-930,,
multimetro,,,,124.53327379999973,2026-05-28T12:37:28.081,2026-05-28T12:52:58.081,-930,577.0,-0.005896952
multimetro,,,,124.7483271000001,2026-05-28T12:37:28.292,2026-05-28T12:52:58.292,-930,578.0,-0.005897224
multimetro,,,,124.96347009999954,2026-05-28T12:37:28.510,2026-05-28T12:52:58.510,-930,579.0,-0.005897025
multimetro,,,,125.17847729999994,2026-05-28T12:37:28.728,2026-05-28T12:52:58.728,-930,580.0,-0.005897098
multimetro,,,,125.39370699999927,2026-05-28T12:37:28.935,2026-05-28T12:52:58.935,-930,581.0,-0.005896931
balanza,246.0,-58.58,,125.406332999999,2026-05-28T12:37:28.957,2026-05-28T12:52:58.957,-930,,
balanza,247.0,,Error desde Arduino: HX711 not found.,125.42946689999917,2026-05-28T12:37:28.977,2026-05-28T12:52:58.977,-930,,
multimetro,,,,125.60889299999872,2026-05-28T12:37:29.155,2026-05-28T12:52:59.155,-930,582.0,-0.005897057
multimetro,,,,125.8240326999985,2026-05-28T12:37:29.372,2026-05-28T12:52:59.372,-930,583.0,-0.00589713
multimetro,,,,126.03910909999831,2026-05-28T12:37:29.582,2026-05-28T12:52:59.582,-930,584.0,-0.005897036
multimetro,,,,126.25435579999976,2026-05-28T12:37:29.803,2026-05-28T12:52:59.803,-930,585.0,-0.005897151
balanza,248.0,-58.54,,126.42283679999855,2026-05-28T12:37:29.968,2026-05-28T12:52:59.968,-930,,
balanza,249.0,,Error desde Arduino: HX711 not found.,126.44589069999893,2026-05-28T12:37:29.988,2026-05-28T12:52:59.988,-930,,
multimetro,,,,126.46933959999842,2026-05-28T12:37:30.020,2026-05-28T12:53:00.020,-930,586.0,-0.005897015
multimetro,,,,126.68433699999878,2026-05-28T12:37:30.229,2026-05-28T12:53:00.229,-930,587.0,-0.005897203
multimetro,,,,126.8994617999997,2026-05-28T12:37:30.447,2026-05-28T12:53:00.447,-930,588.0,-0.005897098
multimetro,,,,127.11461599999893,2026-05-28T12:37:30.665,2026-05-28T12:53:00.665,-930,589.0,-0.005897287
multimetro,,,,127.32973449999918,2026-05-28T12:37:30.880,2026-05-28T12:53:00.880,-930,590.0,-0.005897507
balanza,250.0,-58.59,,127.43931039999916,2026-05-28T12:37:30.990,2026-05-28T12:53:00.990,-930,,
balanza,251.0,,Error desde Arduino: HX711 not found.,127.46253709999837,2026-05-28T12:37:31.011,2026-05-28T12:53:01.011,-930,,
multimetro,,,,127.54484739999862,2026-05-28T12:37:31.092,2026-05-28T12:53:01.092,-930,591.0,-0.005897402
multimetro,,,,127.75991049999902,2026-05-28T12:37:31.311,2026-05-28T12:53:01.311,-930,592.0,-0.005897098
multimetro,,,,127.98887749999994,2026-05-28T12:37:31.538,2026-05-28T12:53:01.538,-930,593.0,-0.005897119
multimetro,,,,128.20417449999877,2026-05-28T12:37:31.745,2026-05-28T12:53:01.745,-930,594.0,-0.005897025
multimetro,,,,128.41942059999928,2026-05-28T12:37:31.969,2026-05-28T12:53:01.969,-930,595.0,-0.005897046
balanza,252.0,-58.6,,128.45568999999887,2026-05-28T12:37:32.006,2026-05-28T12:53:02.006,-930,,
balanza,253.0,,Error desde Arduino: HX711 not found.,128.4787067999987,2026-05-28T12:37:32.029,2026-05-28T12:53:02.029,-930,,
multimetro,,,,128.634344099999,2026-05-28T12:37:32.182,2026-05-28T12:53:02.182,-930,596.0,-0.00589713
multimetro,,,,128.849424,2026-05-28T12:37:32.392,2026-05-28T12:53:02.392,-930,597.0,-0.005897077
multimetro,,,,129.06453770000007,2026-05-28T12:37:32.608,2026-05-28T12:53:02.608,-930,598.0,-0.005897067
multimetro,,,,129.27976979999949,2026-05-28T12:37:32.830,2026-05-28T12:53:02.830,-930,599.0,-0.005897077
balanza,254.0,-58.59,,129.4720576999989,2026-05-28T12:37:33.016,2026-05-28T12:53:03.016,-930,,
multimetro,,,,129.4949265999985,2026-05-28T12:37:33.043,2026-05-28T12:53:03.043,-930,600.0,-0.005897151
balanza,255.0,,Error desde Arduino: HX711 not found.,129.49548699999832,2026-05-28T12:37:33.043,2026-05-28T12:53:03.043,-930,,
multimetro,,,,129.70999649999976,2026-05-28T12:37:33.252,2026-05-28T12:53:03.252,-930,601.0,-0.005897193
multimetro,,,,129.9253321999986,2026-05-28T12:37:33.472,2026-05-28T12:53:03.472,-930,602.0,-0.005897182
multimetro,,,,130.14025169999877,2026-05-28T12:37:33.690,2026-05-28T12:53:03.690,-930,603.0,-0.005897549
multimetro,,,,130.3553381999991,2026-05-28T12:37:33.898,2026-05-28T12:53:03.898,-930,604.0,-0.005897287
balanza,256.0,-58.55,,130.48843319999833,2026-05-28T12:37:34.038,2026-05-28T12:53:04.038,-930,,
balanza,257.0,,Error desde Arduino: HX711 not found.,130.5115208999996,2026-05-28T12:37:34.056,2026-05-28T12:53:04.056,-930,,
multimetro,,,,130.5704143999992,2026-05-28T12:37:34.115,2026-05-28T12:53:04.115,-930,605.0,-0.005897433
multimetro,,,,130.78553349999856,2026-05-28T12:37:34.331,2026-05-28T12:53:04.331,-930,606.0,-0.005897276
multimetro,,,,131.00063539999974,2026-05-28T12:37:34.551,2026-05-28T12:53:04.551,-930,607.0,-0.005897172
multimetro,,,,131.21573129999888,2026-05-28T12:37:34.761,2026-05-28T12:53:04.761,-930,608.0,-0.005897151
multimetro,,,,131.43080689999988,2026-05-28T12:37:34.975,2026-05-28T12:53:04.975,-930,609.0,-0.00589735
balanza,258.0,-58.55,,131.50487199999952,2026-05-28T12:37:35.054,2026-05-28T12:53:05.054,-930,,
balanza,259.0,,Error desde Arduino: HX711 not found.,131.52800369999932,2026-05-28T12:37:35.075,2026-05-28T12:53:05.075,-930,,
multimetro,,,,131.64585979999902,2026-05-28T12:37:35.193,2026-05-28T12:53:05.193,-930,610.0,-0.005897423
multimetro,,,,131.86111679999885,2026-05-28T12:37:35.410,2026-05-28T12:53:05.410,-930,611.0,-0.005897465
multimetro,,,,132.07624889999897,2026-05-28T12:37:35.622,2026-05-28T12:53:05.622,-930,612.0,-0.005897444
multimetro,,,,132.29143189999922,2026-05-28T12:37:35.839,2026-05-28T12:53:05.839,-930,613.0,-0.005897454
multimetro,,,,132.50647749999916,2026-05-28T12:37:36.048,2026-05-28T12:53:06.048,-930,614.0,-0.005897559
balanza,260.0,-58.59,,132.5211779000001,2026-05-28T12:37:36.072,2026-05-28T12:53:06.072,-930,,
balanza,261.0,,Error desde Arduino: HX711 not found.,132.54425039999842,2026-05-28T12:37:36.094,2026-05-28T12:53:06.094,-930,,
multimetro,,,,132.7216671999995,2026-05-28T12:37:36.272,2026-05-28T12:53:06.272,-930,615.0,-0.005897496
multimetro,,,,132.9367285999997,2026-05-28T12:37:36.485,2026-05-28T12:53:06.485,-930,616.0,-0.005897528
multimetro,,,,133.1519372999992,2026-05-28T12:37:36.696,2026-05-28T12:53:06.696,-930,617.0,-0.005897674
multimetro,,,,133.36701429999994,2026-05-28T12:37:36.913,2026-05-28T12:53:06.913,-930,618.0,-0.005897475
balanza,262.0,-58.57,,133.53761229999873,2026-05-28T12:37:37.088,2026-05-28T12:53:07.088,-930,,
balanza,263.0,,Error desde Arduino: HX711 not found.,133.56093559999863,2026-05-28T12:37:37.108,2026-05-28T12:53:07.108,-930,,
multimetro,,,,133.58214299999963,2026-05-28T12:37:37.128,2026-05-28T12:53:07.128,-930,619.0,-0.005897214
multimetro,,,,133.7972135,2026-05-28T12:37:37.348,2026-05-28T12:53:07.348,-930,620.0,-0.00589736
multimetro,,,,134.01242060000004,2026-05-28T12:37:37.563,2026-05-28T12:53:07.563,-930,621.0,-0.005897287
multimetro,,,,134.22760389999894,2026-05-28T12:37:37.778,2026-05-28T12:53:07.778,-930,622.0,-0.005897308
multimetro,,,,134.44255679999878,2026-05-28T12:37:37.991,2026-05-28T12:53:07.991,-930,623.0,-0.005897381
balanza,264.0,-58.6,,134.55405739999878,2026-05-28T12:37:38.102,2026-05-28T12:53:08.102,-930,,
balanza,265.0,,Error desde Arduino: HX711 not found.,134.57738619999873,2026-05-28T12:37:38.122,2026-05-28T12:53:08.122,-930,,
multimetro,,,,134.6579372999986,2026-05-28T12:37:38.202,2026-05-28T12:53:08.202,-930,624.0,-0.005897214
multimetro,,,,134.87317749999966,2026-05-28T12:37:38.422,2026-05-28T12:53:08.422,-930,625.0,-0.005897287
multimetro,,,,135.0884043999995,2026-05-28T12:37:38.635,2026-05-28T12:53:08.635,-930,626.0,-0.005897214
multimetro,,,,135.30334969999967,2026-05-28T12:37:38.845,2026-05-28T12:53:08.845,-930,627.0,-0.005896994
multimetro,,,,135.51840970000012,2026-05-28T12:37:39.069,2026-05-28T12:53:09.069,-930,628.0,-0.005897015
balanza,266.0,-58.55,,135.57045349999862,2026-05-28T12:37:39.114,2026-05-28T12:53:09.114,-930,,
balanza,267.0,-58.59,,135.58363199999985,2026-05-28T12:37:39.131,2026-05-28T12:53:09.131,-930,,
balanza,268.0,,Error desde Arduino: HX711 not found.,135.60687229999894,2026-05-28T12:37:39.152,2026-05-28T12:53:09.152,-930,,
multimetro,,,,135.73351279999952,2026-05-28T12:37:39.279,2026-05-28T12:53:09.279,-930,629.0,-0.005897046
multimetro,,,,135.94867079999858,2026-05-28T12:37:39.490,2026-05-28T12:53:09.490,-930,630.0,-0.005896889
multimetro,,,,136.16371759999856,2026-05-28T12:37:39.709,2026-05-28T12:53:09.709,-930,631.0,-0.005897161
multimetro,,,,136.37887129999945,2026-05-28T12:37:39.929,2026-05-28T12:53:09.929,-930,632.0,-0.005897077
multimetro,,,,136.59413539999878,2026-05-28T12:37:40.135,2026-05-28T12:53:10.135,-930,633.0,-0.005897193
balanza,269.0,-58.51,,136.59993450000002,2026-05-28T12:37:40.151,2026-05-28T12:53:10.151,-930,,
balanza,270.0,,Error desde Arduino: HX711 not found.,136.62306029999854,2026-05-28T12:37:40.173,2026-05-28T12:53:10.173,-930,,
multimetro,,,,136.8091446999988,2026-05-28T12:37:40.359,2026-05-28T12:53:10.359,-930,634.0,-0.005897193
multimetro,,,,137.0242918999993,2026-05-28T12:37:40.572,2026-05-28T12:53:10.572,-930,635.0,-0.005897423
multimetro,,,,137.23938879999878,2026-05-28T12:37:40.783,2026-05-28T12:53:10.783,-930,636.0,-0.005897214
multimetro,,,,137.45442469999944,2026-05-28T12:37:41.005,2026-05-28T12:53:11.005,-930,637.0,-0.005897046
balanza,271.0,-58.53,,137.61637569999948,2026-05-28T12:37:41.160,2026-05-28T12:53:11.160,-930,,
balanza,272.0,,Error desde Arduino: HX711 not found.,137.63967739999862,2026-05-28T12:37:41.190,2026-05-28T12:53:11.190,-930,,
multimetro,,,,137.6696222999999,2026-05-28T12:37:41.219,2026-05-28T12:53:11.219,-930,638.0,-0.005897088
multimetro,,,,137.88484299999982,2026-05-28T12:37:41.427,2026-05-28T12:53:11.427,-930,639.0,-0.005897098
multimetro,,,,138.09991769999942,2026-05-28T12:37:41.645,2026-05-28T12:53:11.645,-930,640.0,-0.005896879
multimetro,,,,138.31508979999853,2026-05-28T12:37:41.862,2026-05-28T12:53:11.862,-930,641.0,-0.005896847
multimetro,,,,138.53018799999882,2026-05-28T12:37:42.077,2026-05-28T12:53:12.077,-930,642.0,-0.005896795
balanza,273.0,-58.56,,138.63288329999887,2026-05-28T12:37:42.179,2026-05-28T12:53:12.179,-930,,
balanza,274.0,,Error desde Arduino: HX711 not found.,138.6561946999991,2026-05-28T12:37:42.207,2026-05-28T12:53:12.207,-930,,
multimetro,,,,138.74532240000008,2026-05-28T12:37:42.290,2026-05-28T12:53:12.290,-930,643.0,-0.005896973
multimetro,,,,138.96039679999922,2026-05-28T12:37:42.510,2026-05-28T12:53:12.510,-930,644.0,-0.005896847
multimetro,,,,139.17555159999938,2026-05-28T12:37:42.725,2026-05-28T12:53:12.725,-930,645.0,-0.005896722
multimetro,,,,139.39067949999844,2026-05-28T12:37:42.935,2026-05-28T12:53:12.935,-930,646.0,-0.005896732
multimetro,,,,139.6057424999999,2026-05-28T12:37:43.155,2026-05-28T12:53:13.155,-930,647.0,-0.005896732
balanza,275.0,-58.57,,139.6493346999996,2026-05-28T12:37:43.194,2026-05-28T12:53:13.194,-930,,
balanza,276.0,,Error desde Arduino: HX711 not found.,139.6723949999996,2026-05-28T12:37:43.214,2026-05-28T12:53:13.214,-930,,
multimetro,,,,139.8209969999989,2026-05-28T12:37:43.362,2026-05-28T12:53:13.362,-930,648.0,-0.005896816
multimetro,,,,140.0360733999987,2026-05-28T12:37:43.581,2026-05-28T12:53:13.581,-930,649.0,-0.005896826
multimetro,,,,140.2510999999995,2026-05-28T12:37:43.798,2026-05-28T12:53:13.798,-930,650.0,-0.005896837
multimetro,,,,140.46637669999836,2026-05-28T12:37:44.012,2026-05-28T12:53:14.012,-930,651.0,-0.00589692
balanza,277.0,-58.52,,140.66572559999986,2026-05-28T12:37:44.215,2026-05-28T12:53:14.215,-930,,
multimetro,,,,140.68146530000013,2026-05-28T12:37:44.225,2026-05-28T12:53:14.225,-930,652.0,-0.005897025
balanza,278.0,,Error desde Arduino: HX711 not found.,140.6889984999998,2026-05-28T12:37:44.235,2026-05-28T12:53:14.235,-930,,
multimetro,,,,140.89656250000007,2026-05-28T12:37:44.445,2026-05-28T12:53:14.445,-930,653.0,-0.005897057
multimetro,,,,141.11176290000003,2026-05-28T12:37:44.655,2026-05-28T12:53:14.655,-930,654.0,-0.005897151
multimetro,,,,141.3268393999988,2026-05-28T12:37:44.868,2026-05-28T12:53:14.868,-930,655.0,-0.005897077
multimetro,,,,141.54188929999873,2026-05-28T12:37:45.092,2026-05-28T12:53:15.092,-930,656.0,-0.005897025
balanza,279.0,-58.53,,141.68218009999873,2026-05-28T12:37:45.230,2026-05-28T12:53:15.230,-930,,
balanza,280.0,,Error desde Arduino: HX711 not found.,141.7054567999985,2026-05-28T12:37:45.248,2026-05-28T12:53:15.248,-930,,
multimetro,,,,141.75697989999935,2026-05-28T12:37:45.301,2026-05-28T12:53:15.301,-930,657.0,-0.005897245
multimetro,,,,141.97207419999904,2026-05-28T12:37:45.515,2026-05-28T12:53:15.515,-930,658.0,-0.005897266
multimetro,,,,142.18714609999915,2026-05-28T12:37:45.736,2026-05-28T12:53:15.736,-930,659.0,-0.005897392
multimetro,,,,142.40222399999948,2026-05-28T12:37:45.952,2026-05-28T12:53:15.952,-930,660.0,-0.005897339
multimetro,,,,142.61731119999968,2026-05-28T12:37:46.162,2026-05-28T12:53:16.162,-930,661.0,-0.005897433
balanza,281.0,-58.55,,142.69876789999944,2026-05-28T12:37:46.249,2026-05-28T12:53:16.249,-930,,
balanza,282.0,,Error desde Arduino: HX711 not found.,142.7218940999992,2026-05-28T12:37:46.270,2026-05-28T12:53:16.270,-930,,
multimetro,,,,142.8322739999985,2026-05-28T12:37:46.381,2026-05-28T12:53:16.381,-930,662.0,-0.005897402
multimetro,,,,143.04758769999899,2026-05-28T12:37:46.598,2026-05-28T12:53:16.598,-930,663.0,-0.005897601
multimetro,,,,143.26273949999995,2026-05-28T12:37:46.810,2026-05-28T12:53:16.810,-930,664.0,-0.005897371
multimetro,,,,143.47768919999908,2026-05-28T12:37:47.028,2026-05-28T12:53:17.028,-930,665.0,-0.005897528
multimetro,,,,143.69295359999887,2026-05-28T12:37:47.235,2026-05-28T12:53:17.235,-930,666.0,-0.005897674
balanza,283.0,-58.52,,143.71516249999877,2026-05-28T12:37:47.266,2026-05-28T12:53:17.266,-930,,
balanza,284.0,,Error desde Arduino: HX711 not found.,143.7384183999984,2026-05-28T12:37:47.289,2026-05-28T12:53:17.289,-930,,
multimetro,,,,143.90792189999956,2026-05-28T12:37:47.451,2026-05-28T12:53:17.451,-930,667.0,-0.005897559
multimetro,,,,144.12316099999953,2026-05-28T12:37:47.665,2026-05-28T12:53:17.665,-930,668.0,-0.005897695
multimetro,,,,144.33821649999845,2026-05-28T12:37:47.888,2026-05-28T12:53:17.888,-930,669.0,-0.005897674
multimetro,,,,144.5534510999987,2026-05-28T12:37:48.098,2026-05-28T12:53:18.098,-930,670.0,-0.005897685
balanza,285.0,-58.5,,144.7316751999988,2026-05-28T12:37:48.279,2026-05-28T12:53:18.279,-930,,
balanza,286.0,,Error desde Arduino: HX711 not found.,144.75471729999845,2026-05-28T12:37:48.299,2026-05-28T12:53:18.299,-930,,
multimetro,,,,144.76836869999897,2026-05-28T12:37:48.316,2026-05-28T12:53:18.316,-930,671.0,-0.005897831
multimetro,,,,144.98344980000002,2026-05-28T12:37:48.534,2026-05-28T12:53:18.534,-930,672.0,-0.005897831
multimetro,,,,145.19853669999975,2026-05-28T12:37:48.745,2026-05-28T12:53:18.745,-930,673.0,-0.005897884
multimetro,,,,145.41356789999918,2026-05-28T12:37:48.964,2026-05-28T12:53:18.964,-930,674.0,-0.005897905
multimetro,,,,145.62866229999963,2026-05-28T12:37:49.179,2026-05-28T12:53:19.179,-930,675.0,-0.005897779
balanza,287.0,-58.54,,145.74811039999986,2026-05-28T12:37:49.292,2026-05-28T12:53:19.292,-930,,
balanza,288.0,,Error desde Arduino: HX711 not found.,145.77117519999956,2026-05-28T12:37:49.322,2026-05-28T12:53:19.322,-930,,
multimetro,,,,145.84383999999955,2026-05-28T12:37:49.395,2026-05-28T12:53:19.395,-930,676.0,-0.005897768
multimetro,,,,146.0592115999989,2026-05-28T12:37:49.610,2026-05-28T12:53:19.610,-930,677.0,-0.005897768
multimetro,,,,146.27439179999965,2026-05-28T12:37:49.820,2026-05-28T12:53:19.820,-930,678.0,-0.005897852
multimetro,,,,146.48960129999978,2026-05-28T12:37:50.035,2026-05-28T12:53:20.035,-930,679.0,-0.005897748
multimetro,,,,146.70455020000009,2026-05-28T12:37:50.253,2026-05-28T12:53:20.253,-930,680.0,-0.005897926
balanza,289.0,-58.52,,146.76448299999902,2026-05-28T12:37:50.314,2026-05-28T12:53:20.314,-930,,
balanza,290.0,,Error desde Arduino: HX711 not found.,146.78752649999842,2026-05-28T12:37:50.331,2026-05-28T12:53:20.331,-930,,
multimetro,,,,146.91964499999995,2026-05-28T12:37:50.462,2026-05-28T12:53:20.462,-930,681.0,-0.005897821
multimetro,,,,147.13475440000002,2026-05-28T12:37:50.678,2026-05-28T12:53:20.678,-930,682.0,-0.005897873
multimetro,,,,147.34989999999925,2026-05-28T12:37:50.900,2026-05-28T12:53:20.900,-930,683.0,-0.005897873
multimetro,,,,147.56501319999916,2026-05-28T12:37:51.110,2026-05-28T12:53:21.110,-930,684.0,-0.00589781
multimetro,,,,147.78014999999868,2026-05-28T12:37:51.329,2026-05-28T12:53:21.329,-930,685.0,-0.005897842
balanza,291.0,-58.49,,147.78086509999957,2026-05-28T12:37:51.331,2026-05-28T12:53:21.331,-930,,
balanza,292.0,,Error desde Arduino: HX711 not found.,147.80407509999895,2026-05-28T12:37:51.354,2026-05-28T12:53:21.354,-930,,
multimetro,,,,147.99521969999842,2026-05-28T12:37:51.545,2026-05-28T12:53:21.545,-930,686.0,-0.005897789
multimetro,,,,148.2102595999986,2026-05-28T12:37:51.759,2026-05-28T12:53:21.759,-930,687.0,-0.005897915
multimetro,,,,148.4252497999987,2026-05-28T12:37:51.969,2026-05-28T12:53:21.969,-930,688.0,-0.005897716
multimetro,,,,148.6402655999991,2026-05-28T12:37:52.187,2026-05-28T12:53:22.187,-930,689.0,-0.005897779
balanza,293.0,-58.51,,148.7974463999999,2026-05-28T12:37:52.347,2026-05-28T12:53:22.347,-930,,
balanza,294.0,,Error desde Arduino: HX711 not found.,148.82056209999973,2026-05-28T12:37:52.367,2026-05-28T12:53:22.367,-930,,
multimetro,,,,148.8553512999988,2026-05-28T12:37:52.403,2026-05-28T12:53:22.403,-930,690.0,-0.005897695
multimetro,,,,149.07039069999882,2026-05-28T12:37:52.621,2026-05-28T12:53:22.621,-930,691.0,-0.005897727
multimetro,,,,149.28568879999875,2026-05-28T12:37:52.834,2026-05-28T12:53:22.834,-930,692.0,-0.005897601
multimetro,,,,149.50065969999923,2026-05-28T12:37:53.048,2026-05-28T12:53:23.048,-930,693.0,-0.005897653
multimetro,,,,149.71587360000012,2026-05-28T12:37:53.258,2026-05-28T12:53:23.258,-930,694.0,-0.005897632
balanza,295.0,-58.5,,149.813779099999,2026-05-28T12:37:53.358,2026-05-28T12:53:23.358,-930,,
balanza,296.0,,Error desde Arduino: HX711 not found.,149.83692689999953,2026-05-28T12:37:53.378,2026-05-28T12:53:23.378,-930,,
multimetro,,,,149.93092409999917,2026-05-28T12:37:53.479,2026-05-28T12:53:23.479,-930,695.0,-0.005897611
multimetro,,,,150.14620689999902,2026-05-28T12:37:53.695,2026-05-28T12:53:23.695,-930,696.0,-0.005897664
multimetro,,,,150.3611998999986,2026-05-28T12:37:53.911,2026-05-28T12:53:23.911,-930,697.0,-0.00589757
multimetro,,,,150.57634179999877,2026-05-28T12:37:54.127,2026-05-28T12:53:24.127,-930,698.0,-0.00589735
multimetro,,,,150.79130129999976,2026-05-28T12:37:54.342,2026-05-28T12:53:24.342,-930,699.0,-0.005897235
balanza,297.0,-58.51,,150.8301517,2026-05-28T12:37:54.377,2026-05-28T12:53:24.377,-930,,
balanza,298.0,,Error desde Arduino: HX711 not found.,150.85318279999956,2026-05-28T12:37:54.398,2026-05-28T12:53:24.398,-930,,
multimetro,,,,151.00640779999958,2026-05-28T12:37:54.555,2026-05-28T12:53:24.555,-930,700.0,-0.005897297
multimetro,,,,151.22149329999957,2026-05-28T12:37:54.763,2026-05-28T12:53:24.763,-930,701.0,-0.00589736
multimetro,,,,151.43662549999863,2026-05-28T12:37:54.978,2026-05-28T12:53:24.978,-930,702.0,-0.005897329
multimetro,,,,151.65186059999905,2026-05-28T12:37:55.195,2026-05-28T12:53:25.195,-930,703.0,-0.005897507
balanza,299.0,-58.5,,151.8465873999994,2026-05-28T12:37:55.395,2026-05-28T12:53:25.395,-930,,
multimetro,,,,151.86695129999862,2026-05-28T12:37:55.415,2026-05-28T12:53:25.415,-930,704.0,-0.00589758
balanza,300.0,,Error desde Arduino: HX711 not found.,151.86956250000003,2026-05-28T12:37:55.415,2026-05-28T12:53:25.415,-930,,
multimetro,,,,152.08218959999977,2026-05-28T12:37:55.631,2026-05-28T12:53:25.631,-930,705.0,-0.005897768
multimetro,,,,152.29719759999898,2026-05-28T12:37:55.848,2026-05-28T12:53:25.848,-930,706.0,-0.00589781
multimetro,,,,152.51251179999963,2026-05-28T12:37:56.063,2026-05-28T12:53:26.063,-930,707.0,-0.005897664
multimetro,,,,152.72756750000008,2026-05-28T12:37:56.278,2026-05-28T12:53:26.278,-930,708.0,-0.005897842
balanza,301.0,-58.55,,152.86305659999925,2026-05-28T12:37:56.408,2026-05-28T12:53:26.408,-930,,
balanza,302.0,,Error desde Arduino: HX711 not found.,152.88632659999894,2026-05-28T12:37:56.428,2026-05-28T12:53:26.428,-930,,
multimetro,,,,152.9428184999997,2026-05-28T12:37:56.488,2026-05-28T12:53:26.488,-930,709.0,-0.005897664
multimetro,,,,153.15777189999972,2026-05-28T12:37:56.708,2026-05-28T12:53:26.708,-930,710.0,-0.005897549
multimetro,,,,153.3728831999997,2026-05-28T12:37:56.915,2026-05-28T12:53:26.915,-930,711.0,-0.005897549
multimetro,,,,153.58785349999926,2026-05-28T12:37:57.130,2026-05-28T12:53:27.130,-930,712.0,-0.005897643
multimetro,,,,153.80301469999904,2026-05-28T12:37:57.349,2026-05-28T12:53:27.349,-930,713.0,-0.005897695
balanza,303.0,-58.52,,153.87948389999838,2026-05-28T12:37:57.430,2026-05-28T12:53:27.430,-930,,
balanza,304.0,,Error desde Arduino: HX711 not found.,153.90262709999843,2026-05-28T12:37:57.450,2026-05-28T12:53:27.450,-930,,
multimetro,,,,154.01824039999883,2026-05-28T12:37:57.562,2026-05-28T12:53:27.562,-930,714.0,-0.005897758
multimetro,,,,154.23344219999854,2026-05-28T12:37:57.781,2026-05-28T12:53:27.781,-930,715.0,-0.005897706
multimetro,,,,154.4487821999992,2026-05-28T12:37:57.998,2026-05-28T12:53:27.998,-930,716.0,-0.0058978
multimetro,,,,154.66373029999886,2026-05-28T12:37:58.208,2026-05-28T12:53:28.208,-930,717.0,-0.005897706
multimetro,,,,154.8790969999991,2026-05-28T12:37:58.430,2026-05-28T12:53:28.430,-930,718.0,-0.005897748
balanza,305.0,-58.51,,154.8958419999999,2026-05-28T12:37:58.446,2026-05-28T12:53:28.446,-930,,
balanza,306.0,,Error desde Arduino: HX711 not found.,154.91904189999877,2026-05-28T12:37:58.470,2026-05-28T12:53:28.470,-930,,
multimetro,,,,155.09436819999974,2026-05-28T12:37:58.645,2026-05-28T12:53:28.645,-930,719.0,-0.005897727
multimetro,,,,155.30963319999864,2026-05-28T12:37:58.860,2026-05-28T12:53:28.860,-930,720.0,-0.005897831
multimetro,,,,155.52489949999836,2026-05-28T12:37:59.075,2026-05-28T12:53:29.075,-930,721.0,-0.005897884
multimetro,,,,155.73988139999892,2026-05-28T12:37:59.289,2026-05-28T12:53:29.289,-930,722.0,-0.005897748
balanza,307.0,-58.48,,155.91215139999986,2026-05-28T12:37:59.463,2026-05-28T12:53:29.463,-930,,
balanza,308.0,,Error desde Arduino: HX711 not found.,155.9352136999987,2026-05-28T12:37:59.485,2026-05-28T12:53:29.485,-930,,
multimetro,,,,155.95508939999854,2026-05-28T12:37:59.506,2026-05-28T12:53:29.506,-930,723.0,-0.005897549
multimetro,,,,156.1700779999992,2026-05-28T12:37:59.715,2026-05-28T12:53:29.715,-930,724.0,-0.005897706
multimetro,,,,156.38512199999968,2026-05-28T12:37:59.935,2026-05-28T12:53:29.935,-930,725.0,-0.005897632
multimetro,,,,156.60020459999942,2026-05-28T12:38:00.143,2026-05-28T12:53:30.143,-930,726.0,-0.005897549
multimetro,,,,156.81528849999995,2026-05-28T12:38:00.364,2026-05-28T12:53:30.364,-930,727.0,-0.005897706
balanza,309.0,-58.52,,156.92857289999847,2026-05-28T12:38:00.470,2026-05-28T12:53:30.470,-930,,
balanza,310.0,,Error desde Arduino: HX711 not found.,156.9515825999988,2026-05-28T12:38:00.498,2026-05-28T12:53:30.498,-930,,
multimetro,,,,157.03028429999904,2026-05-28T12:38:00.581,2026-05-28T12:53:30.581,-930,728.0,-0.005897727
multimetro,,,,157.24564909999935,2026-05-28T12:38:00.796,2026-05-28T12:53:30.796,-930,729.0,-0.005897737
multimetro,,,,157.46071049999955,2026-05-28T12:38:01.011,2026-05-28T12:53:31.011,-930,730.0,-0.005897831
multimetro,,,,157.67607489999864,2026-05-28T12:38:01.225,2026-05-28T12:53:31.225,-930,731.0,-0.005897957
multimetro,,,,157.89129389999835,2026-05-28T12:38:01.435,2026-05-28T12:53:31.435,-930,732.0,-0.005897915
balanza,311.0,-58.51,,157.9449472999986,2026-05-28T12:38:01.494,2026-05-28T12:53:31.494,-930,,
balanza,312.0,,Error desde Arduino: HX711 not found.,157.96822119999888,2026-05-28T12:38:01.514,2026-05-28T12:53:31.514,-930,,
multimetro,,,,158.10637289999977,2026-05-28T12:38:01.652,2026-05-28T12:53:31.652,-930,733.0,-0.005897936
multimetro,,,,158.32194399999935,2026-05-28T12:38:01.868,2026-05-28T12:53:31.868,-930,734.0,-0.005897978
multimetro,,,,158.53701419999925,2026-05-28T12:38:02.078,2026-05-28T12:53:32.078,-930,735.0,-0.005897863
multimetro,,,,158.75222039999971,2026-05-28T12:38:02.293,2026-05-28T12:53:32.293,-930,736.0,-0.005897967
balanza,313.0,-58.54,,158.96148089999951,2026-05-28T12:38:02.503,2026-05-28T12:53:32.503,-930,,
multimetro,,,,158.96722549999868,2026-05-28T12:38:02.513,2026-05-28T12:53:32.513,-930,737.0,-0.005897946
balanza,314.0,,Error desde Arduino: HX711 not found.,158.9847815999983,2026-05-28T12:38:02.531,2026-05-28T12:53:32.531,-930,,
multimetro,,,,159.18214099999932,2026-05-28T12:38:02.725,2026-05-28T12:53:32.725,-930,738.0,-0.00589781
multimetro,,,,159.3970903999998,2026-05-28T12:38:02.942,2026-05-28T12:53:32.942,-930,739.0,-0.005897884
multimetro,,,,159.6123867999995,2026-05-28T12:38:03.160,2026-05-28T12:53:33.160,-930,740.0,-0.005897967
multimetro,,,,159.82739140000012,2026-05-28T12:38:03.368,2026-05-28T12:53:33.368,-930,741.0,-0.005897999
balanza,315.0,-58.59,,159.9779067999989,2026-05-28T12:38:03.528,2026-05-28T12:53:33.528,-930,,
balanza,316.0,,Error desde Arduino: HX711 not found.,160.00130629999876,2026-05-28T12:38:03.549,2026-05-28T12:53:33.549,-930,,
multimetro,,,,160.04254189999847,2026-05-28T12:38:03.589,2026-05-28T12:53:33.589,-930,742.0,-0.005897821
multimetro,,,,160.25754979999874,2026-05-28T12:38:03.799,2026-05-28T12:53:33.799,-930,743.0,-0.005897905
multimetro,,,,160.47280049999972,2026-05-28T12:38:04.015,2026-05-28T12:53:34.015,-930,744.0,-0.00589781
multimetro,,,,160.68790999999874,2026-05-28T12:38:04.231,2026-05-28T12:53:34.231,-930,745.0,-0.00589802
multimetro,,,,160.90296299999864,2026-05-28T12:38:04.453,2026-05-28T12:53:34.453,-930,746.0,-0.005897842
balanza,317.0,-58.57,,160.9944050999984,2026-05-28T12:38:04.545,2026-05-28T12:53:34.545,-930,,
balanza,318.0,,Error desde Arduino: HX711 not found.,161.01760719999947,2026-05-28T12:38:04.568,2026-05-28T12:53:34.568,-930,,
multimetro,,,,161.1185379999988,2026-05-28T12:38:04.668,2026-05-28T12:53:34.668,-930,747.0,-0.005898041
multimetro,,,,161.3335976999988,2026-05-28T12:38:04.875,2026-05-28T12:53:34.875,-930,748.0,-0.005897936
multimetro,,,,161.54872739999882,2026-05-28T12:38:05.095,2026-05-28T12:53:35.095,-930,749.0,-0.005898166
multimetro,,,,161.76380189999873,2026-05-28T12:38:05.312,2026-05-28T12:53:35.312,-930,750.0,-0.005897999
multimetro,,,,161.9788850999994,2026-05-28T12:38:05.521,2026-05-28T12:53:35.521,-930,751.0,-0.005898072
balanza,319.0,-58.52,,162.0108741999993,2026-05-28T12:38:05.561,2026-05-28T12:53:35.561,-930,,
balanza,320.0,,Error desde Arduino: HX711 not found.,162.03394059999846,2026-05-28T12:38:05.577,2026-05-28T12:53:35.577,-930,,
multimetro,,,,162.19418339999902,2026-05-28T12:38:05.745,2026-05-28T12:53:35.745,-930,752.0,-0.005898166
multimetro,,,,162.40960049999921,2026-05-28T12:38:05.960,2026-05-28T12:53:35.960,-930,753.0,-0.005898072
multimetro,,,,162.62487389999842,2026-05-28T12:38:06.169,2026-05-28T12:53:36.169,-930,754.0,-0.005897978
multimetro,,,,162.8398860999987,2026-05-28T12:38:06.389,2026-05-28T12:53:36.389,-930,755.0,-0.005898093
balanza,321.0,-58.5,,163.02737239999988,2026-05-28T12:38:06.575,2026-05-28T12:53:36.575,-930,,
balanza,322.0,,Error desde Arduino: HX711 not found.,163.05064989999846,2026-05-28T12:38:06.595,2026-05-28T12:53:36.595,-930,,
multimetro,,,,163.05503580000004,2026-05-28T12:38:06.605,2026-05-28T12:53:36.605,-930,756.0,-0.005898041
multimetro,,,,163.270271899999,2026-05-28T12:38:06.816,2026-05-28T12:53:36.816,-930,757.0,-0.005897894
multimetro,,,,163.48526270000002,2026-05-28T12:38:07.031,2026-05-28T12:53:37.031,-930,758.0,-0.005897988
multimetro,,,,163.70020459999978,2026-05-28T12:38:07.248,2026-05-28T12:53:37.248,-930,759.0,-0.005898187
multimetro,,,,163.91576729999906,2026-05-28T12:38:07.458,2026-05-28T12:53:37.458,-930,760.0,-0.005898083
balanza,323.0,-58.49,,164.04396329999872,2026-05-28T12:38:07.588,2026-05-28T12:53:37.588,-930,,
balanza,324.0,,Error desde Arduino: HX711 not found.,164.06728539999858,2026-05-28T12:38:07.618,2026-05-28T12:53:37.618,-930,,
multimetro,,,,164.13080229999832,2026-05-28T12:38:07.681,2026-05-28T12:53:37.681,-930,761.0,-0.005898114
multimetro,,,,164.34587339999962,2026-05-28T12:38:07.895,2026-05-28T12:53:37.895,-930,762.0,-0.005898009
multimetro,,,,164.5609730999986,2026-05-28T12:38:08.105,2026-05-28T12:53:38.105,-930,763.0,-0.005897946
multimetro,,,,164.77591429999848,2026-05-28T12:38:08.322,2026-05-28T12:53:38.322,-930,764.0,-0.005897915
multimetro,,,,164.9912745999991,2026-05-28T12:38:08.540,2026-05-28T12:53:38.540,-930,765.0,-0.005897988
balanza,325.0,-58.48,,165.06041689999984,2026-05-28T12:38:08.610,2026-05-28T12:53:38.610,-930,,
balanza,326.0,,Error desde Arduino: HX711 not found.,165.08369700000003,2026-05-28T12:38:08.630,2026-05-28T12:53:38.630,-930,,
multimetro,,,,165.2063726999986,2026-05-28T12:38:08.754,2026-05-28T12:53:38.754,-930,766.0,-0.005898051
multimetro,,,,165.4215604000001,2026-05-28T12:38:08.969,2026-05-28T12:53:38.969,-930,767.0,-0.005897988
multimetro,,,,165.63654199999837,2026-05-28T12:38:09.187,2026-05-28T12:53:39.187,-930,768.0,-0.005897999
multimetro,,,,165.8516228999997,2026-05-28T12:38:09.395,2026-05-28T12:53:39.395,-930,769.0,-0.005897967
multimetro,,,,166.06673629999932,2026-05-28T12:38:09.612,2026-05-28T12:53:39.612,-930,770.0,-0.005898124
balanza,327.0,-58.53,,166.07694309999897,2026-05-28T12:38:09.627,2026-05-28T12:53:39.627,-930,,
balanza,328.0,,Error desde Arduino: HX711 not found.,166.10012689999894,2026-05-28T12:38:09.647,2026-05-28T12:53:39.647,-930,,
multimetro,,,,166.2818690999993,2026-05-28T12:38:09.831,2026-05-28T12:53:39.831,-930,771.0,-0.005897852
multimetro,,,,166.49674449999839,2026-05-28T12:38:10.046,2026-05-28T12:53:40.046,-930,772.0,-0.00589781
multimetro,,,,166.71202639999865,2026-05-28T12:38:10.263,2026-05-28T12:53:40.263,-930,773.0,-0.005897842
multimetro,,,,166.92710999999872,2026-05-28T12:38:10.475,2026-05-28T12:53:40.475,-930,774.0,-0.005897946
balanza,329.0,-58.49,,167.09354489999896,2026-05-28T12:38:10.639,2026-05-28T12:53:40.639,-930,,
balanza,330.0,,Error desde Arduino: HX711 not found.,167.11657139999988,2026-05-28T12:38:10.664,2026-05-28T12:53:40.664,-930,,
multimetro,,,,167.1422118999999,2026-05-28T12:38:10.685,2026-05-28T12:53:40.685,-930,775.0,-0.005897988
multimetro,,,,167.35741299999972,2026-05-28T12:38:10.902,2026-05-28T12:53:40.902,-930,776.0,-0.005898083
multimetro,,,,167.57247459999962,2026-05-28T12:38:11.122,2026-05-28T12:53:41.122,-930,777.0,-0.005897894
multimetro,,,,167.78751779999948,2026-05-28T12:38:11.332,2026-05-28T12:53:41.332,-930,778.0,-0.0058978
multimetro,,,,168.00256029999946,2026-05-28T12:38:11.552,2026-05-28T12:53:41.552,-930,779.0,-0.005897852
balanza,331.0,-58.51,,168.10988599999837,2026-05-28T12:38:11.652,2026-05-28T12:53:41.652,-930,,
balanza,332.0,,Error desde Arduino: HX711 not found.,168.13308569999936,2026-05-28T12:38:11.679,2026-05-28T12:53:41.679,-930,,
multimetro,,,,168.21775869999874,2026-05-28T12:38:11.760,2026-05-28T12:53:41.760,-930,780.0,-0.005897873
multimetro,,,,168.43283279999923,2026-05-28T12:38:11.980,2026-05-28T12:53:41.980,-930,781.0,-0.005897873
multimetro,,,,168.64795969999977,2026-05-28T12:38:12.195,2026-05-28T12:53:42.195,-930,782.0,-0.005897779
multimetro,,,,168.8631848999994,2026-05-28T12:38:12.405,2026-05-28T12:53:42.405,-930,783.0,-0.005897999
multimetro,,,,169.0784807,2026-05-28T12:38:12.629,2026-05-28T12:53:42.629,-930,784.0,-0.005897873
balanza,333.0,-58.48,,169.12627659999998,2026-05-28T12:38:12.670,2026-05-28T12:53:42.670,-930,,
balanza,334.0,,Error desde Arduino: HX711 not found.,169.1493053999984,2026-05-28T12:38:12.700,2026-05-28T12:53:42.700,-930,,
multimetro,,,,169.29351439999846,2026-05-28T12:38:12.843,2026-05-28T12:53:42.843,-930,785.0,-0.005897789
multimetro,,,,169.5085651999998,2026-05-28T12:38:13.059,2026-05-28T12:53:43.059,-930,786.0,-0.005897611
multimetro,,,,169.72379269999874,2026-05-28T12:38:13.265,2026-05-28T12:53:43.265,-930,787.0,-0.005897507
multimetro,,,,169.93888949999928,2026-05-28T12:38:13.485,2026-05-28T12:53:43.485,-930,788.0,-0.005897413
balanza,335.0,-58.52,,170.1427679999997,2026-05-28T12:38:13.691,2026-05-28T12:53:43.691,-930,,
multimetro,,,,170.15406129999974,2026-05-28T12:38:13.705,2026-05-28T12:53:43.705,-930,789.0,-0.005897433
balanza,336.0,,Error desde Arduino: HX711 not found.,170.16598489999888,2026-05-28T12:38:13.716,2026-05-28T12:53:43.716,-930,,
multimetro,,,,170.36891339999966,2026-05-28T12:38:13.910,2026-05-28T12:53:43.910,-930,790.0,-0.005897465
multimetro,,,,170.58410049999839,2026-05-28T12:38:14.127,2026-05-28T12:53:44.127,-930,791.0,-0.005897339
multimetro,,,,170.799105099999,2026-05-28T12:38:14.350,2026-05-28T12:53:44.350,-930,792.0,-0.005897413
multimetro,,,,171.01414829999885,2026-05-28T12:38:14.561,2026-05-28T12:53:44.561,-930,793.0,-0.005897559
balanza,337.0,-58.49,,171.15942919999907,2026-05-28T12:38:14.710,2026-05-28T12:53:44.710,-930,,
balanza,338.0,,Error desde Arduino: HX711 not found.,171.18267620000006,2026-05-28T12:38:14.730,2026-05-28T12:53:44.730,-930,,
multimetro,,,,171.22901069999898,2026-05-28T12:38:14.779,2026-05-28T12:53:44.779,-930,794.0,-0.005897444
multimetro,,,,171.44418289999885,2026-05-28T12:38:14.986,2026-05-28T12:53:44.986,-930,795.0,-0.005897329
multimetro,,,,171.65931719999935,2026-05-28T12:38:15.202,2026-05-28T12:53:45.202,-930,796.0,-0.005897266
multimetro,,,,171.87437259999933,2026-05-28T12:38:15.416,2026-05-28T12:53:45.416,-930,797.0,-0.005897255
multimetro,,,,172.08930319999854,2026-05-28T12:38:15.640,2026-05-28T12:53:45.640,-930,798.0,-0.00589735
balanza,339.0,-58.52,,172.17567109999982,2026-05-28T12:38:15.717,2026-05-28T12:53:45.717,-930,,
balanza,340.0,,Error desde Arduino: HX711 not found.,172.1988838999987,2026-05-28T12:38:15.748,2026-05-28T12:53:45.748,-930,,
multimetro,,,,172.3045502999994,2026-05-28T12:38:15.846,2026-05-28T12:53:45.846,-930,799.0,-0.005897413
multimetro,,,,172.5196307999995,2026-05-28T12:38:16.065,2026-05-28T12:53:46.065,-930,800.0,-0.005897214
multimetro,,,,172.7345537000001,2026-05-28T12:38:16.282,2026-05-28T12:53:46.282,-930,801.0,-0.005897119
multimetro,,,,172.94975989999875,2026-05-28T12:38:16.491,2026-05-28T12:53:46.491,-930,802.0,-0.005897088
multimetro,,,,173.16468219999842,2026-05-28T12:38:16.712,2026-05-28T12:53:46.712,-930,803.0,-0.005897046
balanza,341.0,-58.51,,173.1923384999991,2026-05-28T12:38:16.743,2026-05-28T12:53:46.743,-930,,
balanza,342.0,-58.51,,173.20550699999876,2026-05-28T12:38:16.753,2026-05-28T12:53:46.753,-930,,
balanza,343.0,,Error desde Arduino: HX711 not found.,173.22862069999974,2026-05-28T12:38:16.779,2026-05-28T12:53:46.779,-930,,
multimetro,,,,173.3798898999994,2026-05-28T12:38:16.928,2026-05-28T12:53:46.928,-930,804.0,-0.005897046
multimetro,,,,173.5948374999989,2026-05-28T12:38:17.140,2026-05-28T12:53:47.140,-930,805.0,-0.005896931
multimetro,,,,173.81000109999877,2026-05-28T12:38:17.360,2026-05-28T12:53:47.360,-930,806.0,-0.005897193
multimetro,,,,174.0249537999989,2026-05-28T12:38:17.574,2026-05-28T12:53:47.574,-930,807.0,-0.005897193
balanza,344.0,-58.5,,174.2218310999997,2026-05-28T12:38:17.768,2026-05-28T12:53:47.768,-930,,
multimetro,,,,174.23995749999995,2026-05-28T12:38:17.789,2026-05-28T12:53:47.789,-930,808.0,-0.005897172
balanza,345.0,,Error desde Arduino: HX711 not found.,174.24487899999986,2026-05-28T12:38:17.789,2026-05-28T12:53:47.789,-930,,
multimetro,,,,174.45504209999854,2026-05-28T12:38:17.998,2026-05-28T12:53:47.998,-930,809.0,-0.005897255
multimetro,,,,174.67010739999932,2026-05-28T12:38:18.220,2026-05-28T12:53:48.220,-930,810.0,-0.005897193
multimetro,,,,174.88509579999845,2026-05-28T12:38:18.428,2026-05-28T12:53:48.428,-930,811.0,-0.005897224
multimetro,,,,175.10063229999832,2026-05-28T12:38:18.650,2026-05-28T12:53:48.650,-930,812.0,-0.005897235
balanza,346.0,-58.5,,175.23827189999975,2026-05-28T12:38:18.788,2026-05-28T12:53:48.788,-930,,
balanza,347.0,,Error desde Arduino: HX711 not found.,175.2616264999997,2026-05-28T12:38:18.803,2026-05-28T12:53:48.803,-930,,
multimetro,,,,175.31585579999955,2026-05-28T12:38:18.865,2026-05-28T12:53:48.865,-930,813.0,-0.005897339
multimetro,,,,175.5310544999993,2026-05-28T12:38:19.081,2026-05-28T12:53:49.081,-930,814.0,-0.005897266
multimetro,,,,175.74639949999982,2026-05-28T12:38:19.294,2026-05-28T12:53:49.294,-930,815.0,-0.005896941
multimetro,,,,175.96127989999877,2026-05-28T12:38:19.512,2026-05-28T12:53:49.512,-930,816.0,-0.00589691
multimetro,,,,176.17653189999874,2026-05-28T12:38:19.718,2026-05-28T12:53:49.718,-930,817.0,-0.005896889
balanza,348.0,-58.55,,176.254762999999,2026-05-28T12:38:19.798,2026-05-28T12:53:49.798,-930,,
balanza,349.0,,Error desde Arduino: HX711 not found.,176.27803329999915,2026-05-28T12:38:19.828,2026-05-28T12:53:49.828,-930,,
multimetro,,,,176.39153420000002,2026-05-28T12:38:19.938,2026-05-28T12:53:49.938,-930,818.0,-0.005896742
multimetro,,,,176.60679449999952,2026-05-28T12:38:20.155,2026-05-28T12:53:50.155,-930,819.0,-0.005896596
multimetro,,,,176.82174750000013,2026-05-28T12:38:20.370,2026-05-28T12:53:50.370,-930,820.0,-0.005896669
multimetro,,,,177.0368753999992,2026-05-28T12:38:20.582,2026-05-28T12:53:50.582,-930,821.0,-0.005896585
multimetro,,,,177.25210069999957,2026-05-28T12:38:20.799,2026-05-28T12:53:50.799,-930,822.0,-0.005896648
balanza,350.0,-58.54,,177.27116529999876,2026-05-28T12:38:20.814,2026-05-28T12:53:50.814,-930,,
balanza,351.0,,Error desde Arduino: HX711 not found.,177.2942265999991,2026-05-28T12:38:20.844,2026-05-28T12:53:50.844,-930,,
multimetro,,,,177.4671703999993,2026-05-28T12:38:21.010,2026-05-28T12:53:51.010,-930,823.0,-0.005896585
multimetro,,,,177.68237399999998,2026-05-28T12:38:21.232,2026-05-28T12:53:51.232,-930,824.0,-0.005896763
multimetro,,,,177.89751199999955,2026-05-28T12:38:21.448,2026-05-28T12:53:51.448,-930,825.0,-0.00589668
multimetro,,,,178.11264389999997,2026-05-28T12:38:21.663,2026-05-28T12:53:51.663,-930,826.0,-0.005896669
balanza,352.0,-58.53,,178.28764709999996,2026-05-28T12:38:21.829,2026-05-28T12:53:51.829,-930,,
balanza,353.0,,Error desde Arduino: HX711 not found.,178.31077939999886,2026-05-28T12:38:21.861,2026-05-28T12:53:51.861,-930,,
multimetro,,,,178.3275778999996,2026-05-28T12:38:21.878,2026-05-28T12:53:51.878,-930,827.0,-0.005896659
multimetro,,,,178.54262219999873,2026-05-28T12:38:22.093,2026-05-28T12:53:52.093,-930,828.0,-0.005896722
multimetro,,,,178.7583442999985,2026-05-28T12:38:22.309,2026-05-28T12:53:52.309,-930,829.0,-0.005896774
multimetro,,,,178.97366409999995,2026-05-28T12:38:22.523,2026-05-28T12:53:52.523,-930,830.0,-0.005896585
multimetro,,,,179.18863209999836,2026-05-28T12:38:22.731,2026-05-28T12:53:52.731,-930,831.0,-0.005896596
balanza,354.0,-58.45,,179.30410399999892,2026-05-28T12:38:22.852,2026-05-28T12:53:52.852,-930,,
balanza,355.0,,Error desde Arduino: HX711 not found.,179.3271961999999,2026-05-28T12:38:22.872,2026-05-28T12:53:52.872,-930,,
multimetro,,,,179.40373689999979,2026-05-28T12:38:22.953,2026-05-28T12:53:52.953,-930,832.0,-0.005896502
multimetro,,,,179.6189431999992,2026-05-28T12:38:23.169,2026-05-28T12:53:53.169,-930,833.0,-0.005896554
multimetro,,,,179.83400979999897,2026-05-28T12:38:23.376,2026-05-28T12:53:53.376,-930,834.0,-0.005896533
multimetro,,,,180.04927839999982,2026-05-28T12:38:23.599,2026-05-28T12:53:53.599,-930,835.0,-0.005896418
balanza,356.0,-58.57,,180.32048219999888,2026-05-28T12:38:23.870,2026-05-28T12:53:53.870,-930,,
